ncr_id,job_id,op_seq,work_center,qty,defect_code,disposition,opened,closed
NCR-5000,J-2022-02966,30,robotic_weld,17,burr,scrap,2023-01-03 05:35:00,2023-01-04 05:23:00
NCR-5001,J-2022-03009,50,robotic_weld,4,dimension,scrap,2023-01-04 08:17:00,2023-01-05 21:58:00
NCR-5002,J-2022-03079,30,weld,65,dimension,rework,2023-01-03 13:03:00,2023-01-07 01:10:00
NCR-5003,J-2022-03236,30,press_brake,22,flatness,rework,2023-01-04 10:10:00,2023-01-07 13:00:00
NCR-5004,J-2022-03156,30,press_brake,1,wrong_material,rework,2023-01-04 06:54:00,2023-01-07 16:24:00
NCR-5005,J-2022-03098,40,weld,3,dimension,scrap,2023-01-05 16:33:00,2023-01-06 14:43:00
NCR-5006,J-2022-03308,20,press_brake,79,dimension,rework,2023-01-05 17:19:00,2023-01-11 10:12:00
NCR-5007,J-2022-02926,10,punch,10,hardware,use_as_is,2023-01-06 17:33:00,2023-01-10 04:07:00
NCR-5008,J-2022-03305,40,weld,16,dimension,scrap,2023-01-06 06:29:00,2023-01-08 03:53:00
NCR-5009,J-2022-03120,30,press_brake,1,burr,scrap,2023-01-09 00:20:00,2023-01-12 03:47:00
NCR-5010,J-2022-03101,30,powder_coat,2,flatness,use_as_is,2023-01-11 04:56:00,2023-01-12 17:11:00
NCR-5011,J-2023-00043,20,press_brake,6,finish,scrap,2023-01-12 15:32:00,2023-01-13 10:26:00
NCR-5012,J-2023-00095,20,grind_deburr,1,flatness,rework,2023-01-13 13:40:00,2023-01-19 07:15:00
NCR-5013,J-2023-00080,40,weld,8,flatness,rework,2023-01-16 07:35:00,2023-01-20 14:10:00
NCR-5014,J-2023-00052,20,grind_deburr,1,dimension,rework,2023-01-17 10:50:00,2023-01-19 02:35:00
NCR-5015,J-2023-00067,20,grind_deburr,5,weld_defect,rework,2023-01-16 06:08:00,2023-01-18 20:22:00
NCR-5016,J-2023-00004,30,hardware,7,dimension,rework,2023-01-17 09:06:00,2023-01-19 22:28:00
NCR-5017,J-2023-00084,40,weld,11,flatness,scrap,2023-01-16 10:08:00,2023-01-19 03:34:00
NCR-5018,J-2022-03337,50,weld,6,dimension,rework,2023-01-17 01:02:00,2023-01-19 22:47:00
NCR-5019,J-2023-00123,30,press_brake,9,weld_defect,rework,2023-01-17 10:35:00,2023-01-21 04:00:00
NCR-5020,J-2023-00089,60,grind_deburr,6,wrong_material,rework,2023-01-18 02:13:00,2023-01-20 08:22:00
NCR-5021,J-2023-00181,40,robotic_weld,2,wrong_material,rework,2023-01-18 11:50:00,2023-01-25 17:55:00
NCR-5022,J-2023-00167,50,robotic_weld,1,weld_defect,use_as_is,2023-01-20 09:09:00,2023-01-21 11:35:00
NCR-5023,J-2023-00206,20,grind_deburr,4,wrong_material,rework,2023-01-20 04:27:00,2023-01-24 07:27:00
NCR-5024,J-2023-00179,40,weld,9,weld_defect,rework,2023-01-20 16:30:00,2023-01-25 03:15:00
NCR-5025,J-2023-00218,10,laser,3,flatness,rework,2023-01-23 06:20:00,2023-01-26 01:15:00
NCR-5026,J-2023-00190,20,press_brake,9,finish,use_as_is,2023-01-20 09:59:00,2023-01-21 18:30:00
NCR-5027,J-2023-00138,40,weld,1,weld_defect,scrap,2023-01-20 06:49:00,2023-01-22 18:34:00
NCR-5028,J-2023-00103,40,weld,16,flatness,rework,2023-01-23 07:01:00,2023-01-27 19:08:00
NCR-5029,J-2023-00232,20,grind_deburr,9,flatness,use_as_is,2023-01-23 20:47:00,2023-01-24 22:02:00
NCR-5030,J-2023-00284,30,press_brake,2,burr,rework,2023-01-27 09:19:00,2023-02-01 16:43:00
NCR-5031,J-2023-00297,20,press_brake,6,flatness,scrap,2023-01-26 18:19:00,2023-01-27 14:26:00
NCR-5032,J-2023-00064,20,grind_deburr,3,dimension,rework,2023-01-30 01:36:00,2023-02-03 11:08:00
NCR-5033,J-2023-00329,10,laser,1,weld_defect,scrap,2023-01-30 01:45:00,2023-01-31 04:03:00
NCR-5034,J-2023-00276,50,weld,3,dimension,rework,2023-01-30 15:25:00,2023-02-03 06:37:00
NCR-5035,J-2023-00404,20,grind_deburr,1,flatness,scrap,2023-01-27 22:57:00,2023-02-02 00:34:00
NCR-5036,J-2023-00442,10,laser,1,hardware,scrap,2023-01-30 08:17:00,2023-01-31 23:22:00
NCR-5037,J-2023-00521,20,grind_deburr,1,flatness,rework,2023-02-03 08:48:00,2023-02-10 00:51:00
NCR-5038,J-2023-00359,30,robotic_weld,3,weld_defect,rework,2023-02-02 06:24:00,2023-02-08 16:44:00
NCR-5039,J-2023-00259,20,grind_deburr,2,dimension,rework,2023-02-03 00:27:00,2023-02-08 23:09:00
NCR-5040,J-2023-00378,40,weld,6,weld_defect,rework,2023-02-02 08:38:00,2023-02-07 18:38:00
NCR-5041,J-2023-00455,40,weld,11,dimension,rework,2023-02-06 23:44:00,2023-02-10 13:17:00
NCR-5042,J-2023-00498,40,hardware,1,wrong_material,rework,2023-02-07 17:12:00,2023-02-12 07:42:00
NCR-5043,J-2023-00580,20,grind_deburr,5,weld_defect,scrap,2023-02-08 13:26:00,2023-02-10 10:57:00
NCR-5044,J-2023-00618,10,laser,3,hardware,scrap,2023-02-08 09:25:00,2023-02-09 09:19:00
NCR-5045,J-2023-00245,40,robotic_weld,7,flatness,rework,2023-02-09 21:06:00,2023-02-15 03:44:00
NCR-5046,J-2023-00642,10,laser,1,finish,rework,2023-02-08 09:22:00,2023-02-12 06:37:00
NCR-5047,J-2023-00603,30,weld,1,dimension,rework,2023-02-09 20:20:00,2023-02-14 16:19:00
NCR-5048,J-2023-00649,30,hardware,2,weld_defect,rework,2023-02-08 10:20:00,2023-02-14 15:05:00
NCR-5049,J-2023-00564,50,weld,22,weld_defect,rework,2023-02-08 13:17:00,2023-02-12 10:35:00
NCR-5050,J-2023-00567,30,press_brake,3,burr,scrap,2023-02-14 18:25:00,2023-02-17 14:28:00
NCR-5051,J-2023-00635,40,weld,1,weld_defect,rework,2023-02-14 00:47:00,2023-02-17 17:47:00
NCR-5052,J-2023-00683,10,punch,4,weld_defect,scrap,2023-02-14 09:05:00,2023-02-15 06:33:00
NCR-5053,J-2023-00712,30,weld,1,flatness,scrap,2023-02-15 20:05:00,2023-02-17 19:46:00
NCR-5054,J-2023-00516,40,powder_coat,5,finish,scrap,2023-02-17 15:31:00,2023-02-22 10:31:00
NCR-5055,J-2023-00702,50,grind_deburr,6,flatness,scrap,2023-02-20 19:46:00,2023-02-23 07:11:00
NCR-5056,J-2023-00826,20,press_brake,1,hardware,rework,2023-02-22 14:19:00,2023-02-24 21:15:00
NCR-5057,J-2023-00784,10,laser,19,burr,scrap,2023-02-22 12:22:00,2023-02-25 11:06:00
NCR-5058,J-2023-00862,40,weld,17,weld_defect,scrap,2023-02-23 08:59:00,2023-02-26 01:19:00
NCR-5059,J-2023-00836,60,grind_deburr,20,flatness,rework,2023-02-27 10:50:00,2023-03-04 04:25:00
NCR-5060,J-2023-00934,20,grind_deburr,22,finish,scrap,2023-03-01 03:02:00,2023-03-03 13:18:00
NCR-5061,J-2023-00913,10,punch,38,finish,rework,2023-03-01 07:17:00,2023-03-03 19:10:00
NCR-5062,J-2023-00938,20,press_brake,2,hardware,scrap,2023-03-02 12:46:00,2023-03-05 09:07:00
NCR-5063,J-2023-00831,20,grind_deburr,1,hardware,rework,2023-03-02 02:54:00,2023-03-04 13:21:00
NCR-5064,J-2023-00729,20,grind_deburr,1,flatness,rework,2023-03-02 10:09:00,2023-03-06 22:47:00
NCR-5065,J-2023-00986,30,weld,1,weld_defect,scrap,2023-03-02 22:49:00,2023-03-04 05:54:00
NCR-5066,J-2023-00961,30,weld,2,weld_defect,rework,2023-03-02 22:06:00,2023-03-09 01:59:00
NCR-5067,J-2023-01011,50,powder_coat,35,flatness,rework,2023-03-08 21:51:00,2023-03-11 21:53:00
NCR-5068,J-2023-01028,20,grind_deburr,1,hardware,scrap,2023-03-09 04:45:00,2023-03-11 11:59:00
NCR-5069,J-2023-00897,20,grind_deburr,1,burr,use_as_is,2023-03-10 23:21:00,2023-03-15 02:02:00
NCR-5070,J-2023-01123,10,laser,4,burr,scrap,2023-03-10 10:51:00,2023-03-12 01:45:00
NCR-5071,J-2023-01014,40,weld,26,dimension,rework,2023-03-13 21:11:00,2023-03-17 02:57:00
NCR-5072,J-2023-00942,20,press_brake,2,wrong_material,rework,2023-03-10 11:27:00,2023-03-17 07:26:00
NCR-5073,J-2023-01065,10,laser,1,hardware,use_as_is,2023-03-13 17:11:00,2023-03-16 06:37:00
NCR-5074,J-2023-01091,40,weld,1,dimension,scrap,2023-03-14 07:31:00,2023-03-17 01:09:00
NCR-5075,J-2023-01099,40,weld,2,dimension,scrap,2023-03-14 09:04:00,2023-03-15 09:05:00
NCR-5076,J-2023-01103,40,hardware,10,flatness,rework,2023-03-16 07:23:00,2023-03-20 01:54:00
NCR-5077,J-2023-01210,40,weld,1,weld_defect,scrap,2023-03-17 21:02:00,2023-03-22 06:14:00
NCR-5078,J-2023-01197,20,grind_deburr,5,dimension,rework,2023-03-21 03:53:00,2023-03-23 06:41:00
NCR-5079,J-2023-01275,10,laser,19,flatness,rework,2023-03-22 23:36:00,2023-03-28 12:53:00
NCR-5080,J-2023-01247,30,press_brake,11,wrong_material,scrap,2023-03-22 23:02:00,2023-03-24 05:22:00
NCR-5081,J-2023-01311,30,press_brake,21,burr,scrap,2023-03-24 22:04:00,2023-03-29 01:10:00
NCR-5082,J-2023-01321,40,weld,1,weld_defect,scrap,2023-03-27 01:26:00,2023-03-27 22:03:00
NCR-5083,J-2023-01230,40,powder_coat,1,wrong_material,use_as_is,2023-03-27 07:50:00,2023-03-28 18:29:00
NCR-5084,J-2023-01374,20,grind_deburr,5,hardware,rework,2023-03-29 18:43:00,2023-04-01 14:45:00
NCR-5085,J-2023-01204,60,grind_deburr,13,dimension,rework,2023-03-28 09:04:00,2023-03-31 08:06:00
NCR-5086,J-2023-01446,30,press_brake,36,hardware,scrap,2023-03-31 06:43:00,2023-04-01 15:11:00
NCR-5087,J-2023-01526,40,weld,1,dimension,rework,2023-04-10 00:33:00,2023-04-13 19:49:00
NCR-5088,J-2023-01561,20,grind_deburr,1,weld_defect,rework,2023-04-10 18:48:00,2023-04-14 01:31:00
NCR-5089,J-2023-01535,40,weld,1,weld_defect,use_as_is,2023-04-11 00:55:00,2023-04-13 04:11:00
NCR-5090,J-2023-01448,40,weld,23,flatness,rework,2023-04-10 09:28:00,2023-04-15 08:22:00
NCR-5091,J-2023-01573,50,grind_deburr,2,flatness,rework,2023-04-12 02:00:00,2023-04-15 02:26:00
NCR-5092,J-2023-01623,40,robotic_weld,3,flatness,scrap,2023-04-12 12:06:00,2023-04-14 05:06:00
NCR-5093,J-2023-01653,40,weld,9,flatness,rework,2023-04-17 04:37:00,2023-04-20 14:38:00
NCR-5094,J-2023-01665,30,press_brake,5,hardware,rework,2023-04-19 07:23:00,2023-04-26 02:07:00
NCR-5095,J-2023-01788,10,laser,1,burr,scrap,2023-04-20 07:04:00,2023-04-21 08:23:00
NCR-5096,J-2023-01758,40,weld,11,flatness,rework,2023-04-24 01:59:00,2023-04-29 00:08:00
NCR-5097,J-2023-01728,40,weld,8,flatness,rework,2023-04-24 00:27:00,2023-04-26 20:00:00
NCR-5098,J-2023-01876,10,laser,16,flatness,rework,2023-04-21 13:17:00,2023-04-27 01:23:00
NCR-5099,J-2023-01828,50,weld,30,dimension,scrap,2023-04-24 09:34:00,2023-04-27 11:28:00
NCR-5100,J-2023-01805,40,weld,9,weld_defect,scrap,2023-04-24 12:31:00,2023-04-26 12:53:00
NCR-5101,J-2023-01726,50,weld,1,wrong_material,rework,2023-04-26 06:15:00,2023-05-01 03:06:00
NCR-5102,J-2023-01847,30,weld,1,weld_defect,scrap,2023-04-25 08:39:00,2023-04-27 16:37:00
NCR-5103,J-2023-01756,40,hardware,3,dimension,rework,2023-04-26 17:05:00,2023-04-28 22:54:00
NCR-5104,J-2023-01940,10,laser,3,weld_defect,rework,2023-04-25 12:39:00,2023-04-29 11:27:00
NCR-5105,J-2023-01810,50,weld,3,wrong_material,rework,2023-04-26 14:02:00,2023-04-30 02:05:00
NCR-5106,J-2023-01924,50,weld,1,weld_defect,rework,2023-04-26 08:36:00,2023-04-30 15:11:00
NCR-5107,J-2023-01870,40,robotic_weld,2,weld_defect,rework,2023-04-26 08:50:00,2023-05-03 05:04:00
NCR-5108,J-2023-01948,30,weld,18,dimension,use_as_is,2023-04-27 09:28:00,2023-04-29 06:14:00
NCR-5109,J-2023-01980,30,press_brake,2,finish,rework,2023-04-27 07:10:00,2023-05-03 20:09:00
NCR-5110,J-2023-01892,30,hardware,7,finish,rework,2023-04-28 03:35:00,2023-05-04 06:37:00
NCR-5111,J-2023-01930,40,weld,1,weld_defect,use_as_is,2023-05-03 07:12:00,2023-05-05 07:43:00
NCR-5112,J-2023-01779,40,weld,47,dimension,scrap,2023-05-01 09:47:00,2023-05-02 03:04:00
NCR-5113,J-2023-01773,40,hardware,23,burr,rework,2023-05-02 08:28:00,2023-05-04 11:39:00
NCR-5114,J-2023-02014,20,press_brake,6,weld_defect,use_as_is,2023-05-01 19:27:00,2023-05-04 06:45:00
NCR-5115,J-2023-02023,40,weld,8,dimension,rework,2023-05-03 14:44:00,2023-05-05 23:54:00
NCR-5116,J-2023-01951,10,laser,1,flatness,scrap,2023-05-03 04:00:00,2023-05-05 12:31:00
NCR-5117,J-2023-02072,20,press_brake,7,weld_defect,scrap,2023-05-04 19:04:00,2023-05-05 16:54:00
NCR-5118,J-2023-02007,40,powder_coat,1,burr,use_as_is,2023-05-05 05:22:00,2023-05-07 13:07:00
NCR-5119,J-2023-02137,10,laser,8,burr,rework,2023-05-09 21:50:00,2023-05-11 18:30:00
NCR-5120,J-2023-02110,20,press_brake,13,hardware,scrap,2023-05-09 09:54:00,2023-05-11 05:28:00
NCR-5121,J-2023-02155,20,grind_deburr,3,finish,rework,2023-05-11 03:14:00,2023-05-13 12:56:00
NCR-5122,J-2023-02152,40,weld,3,dimension,rework,2023-05-10 08:17:00,2023-05-13 08:25:00
NCR-5123,J-2023-02164,20,grind_deburr,9,finish,rework,2023-05-10 16:29:00,2023-05-13 21:43:00
NCR-5124,J-2023-02143,50,weld,8,flatness,use_as_is,2023-05-10 06:18:00,2023-05-11 11:57:00
NCR-5125,J-2023-02108,20,grind_deburr,6,hardware,rework,2023-05-12 04:28:00,2023-05-16 20:33:00
NCR-5126,J-2023-02242,30,press_brake,1,weld_defect,scrap,2023-05-12 19:14:00,2023-05-15 21:42:00
NCR-5127,J-2023-02206,40,weld,2,dimension,scrap,2023-05-16 00:09:00,2023-05-17 06:31:00
NCR-5128,J-2023-02253,20,press_brake,9,flatness,rework,2023-05-16 16:12:00,2023-05-18 19:56:00
NCR-5129,J-2023-02195,40,powder_coat,3,wrong_material,scrap,2023-05-19 02:54:00,2023-05-20 08:09:00
NCR-5130,J-2023-02369,10,laser,2,flatness,scrap,2023-05-23 17:29:00,2023-05-25 21:37:00
NCR-5131,J-2023-02373,40,weld,2,weld_defect,rework,2023-05-24 21:43:00,2023-05-31 19:41:00
NCR-5132,J-2023-02430,30,hardware,22,finish,rework,2023-05-25 02:48:00,2023-05-31 18:59:00
NCR-5133,J-2023-02293,40,powder_coat,29,burr,rework,2023-05-26 05:52:00,2023-06-01 02:46:00
NCR-5134,J-2023-02397,40,weld,2,dimension,rework,2023-05-25 02:30:00,2023-06-01 08:32:00
NCR-5135,J-2023-02445,40,hardware,14,hardware,rework,2023-05-26 16:47:00,2023-06-01 12:19:00
NCR-5136,J-2023-02467,30,press_brake,1,finish,use_as_is,2023-05-30 08:44:00,2023-05-31 03:07:00
NCR-5137,J-2023-02457,40,robotic_weld,6,weld_defect,rework,2023-05-30 05:49:00,2023-05-31 18:49:00
NCR-5138,J-2023-02434,40,weld,16,finish,rework,2023-05-31 09:20:00,2023-06-04 05:30:00
NCR-5139,J-2023-02388,10,laser,1,flatness,rework,2023-05-30 06:19:00,2023-06-02 13:57:00
NCR-5140,J-2023-02534,10,laser,6,hardware,rework,2023-05-31 19:00:00,2023-06-03 06:32:00
NCR-5141,J-2023-02513,20,grind_deburr,7,weld_defect,rework,2023-05-31 19:06:00,2023-06-03 01:38:00
NCR-5142,J-2023-02522,30,press_brake,46,weld_defect,rework,2023-06-02 02:48:00,2023-06-06 22:00:00
NCR-5143,J-2023-02564,20,grind_deburr,3,dimension,scrap,2023-06-02 02:47:00,2023-06-03 04:31:00
NCR-5144,J-2023-02551,40,weld,2,flatness,rework,2023-06-05 18:13:00,2023-06-08 16:09:00
NCR-5145,J-2023-02524,40,weld,2,weld_defect,use_as_is,2023-06-02 11:32:00,2023-06-06 01:45:00
NCR-5146,J-2023-02604,20,press_brake,3,wrong_material,rework,2023-06-07 08:17:00,2023-06-13 07:41:00
NCR-5147,J-2023-02650,10,laser,19,dimension,rework,2023-06-08 07:31:00,2023-06-10 08:14:00
NCR-5148,J-2023-02606,50,grind_deburr,2,weld_defect,scrap,2023-06-09 06:58:00,2023-06-09 18:11:00
NCR-5149,J-2023-02648,30,robotic_weld,7,finish,rework,2023-06-08 11:53:00,2023-06-12 05:37:00
NCR-5150,J-2023-02557,20,press_brake,3,finish,use_as_is,2023-06-09 15:59:00,2023-06-10 18:25:00
NCR-5151,J-2023-02653,30,press_brake,34,wrong_material,rework,2023-06-12 09:43:00,2023-06-15 10:11:00
NCR-5152,J-2023-02681,50,weld,1,weld_defect,rework,2023-06-13 02:25:00,2023-06-16 09:47:00
NCR-5153,J-2023-02692,60,powder_coat,4,finish,rework,2023-06-14 01:26:00,2023-06-17 11:21:00
NCR-5154,J-2023-02774,20,press_brake,39,hardware,rework,2023-06-13 13:34:00,2023-06-15 01:29:00
NCR-5155,J-2023-02721,40,hardware,1,weld_defect,rework,2023-06-14 06:18:00,2023-06-19 11:42:00
NCR-5156,J-2023-02804,20,grind_deburr,2,dimension,scrap,2023-06-19 04:16:00,2023-06-21 06:27:00
NCR-5157,J-2023-02803,20,grind_deburr,14,finish,rework,2023-06-16 09:33:00,2023-06-22 05:52:00
NCR-5158,J-2023-02832,10,laser,26,weld_defect,scrap,2023-06-20 17:55:00,2023-06-23 08:30:00
NCR-5159,J-2023-02826,30,hardware,2,burr,scrap,2023-06-21 13:27:00,2023-06-24 00:26:00
NCR-5160,J-2023-02842,40,hardware,7,wrong_material,rework,2023-06-22 08:26:00,2023-06-28 11:57:00
NCR-5161,J-2023-02911,20,press_brake,2,hardware,rework,2023-06-26 09:58:00,2023-06-29 10:47:00
NCR-5162,J-2023-02687,30,press_brake,3,wrong_material,scrap,2023-06-27 21:23:00,2023-06-30 03:16:00
NCR-5163,J-2023-02701,60,grind_deburr,4,hardware,scrap,2023-06-27 22:53:00,2023-06-30 08:28:00
NCR-5164,J-2023-02818,40,weld,5,dimension,scrap,2023-06-27 00:06:00,2023-06-29 18:15:00
NCR-5165,J-2023-02953,20,grind_deburr,1,dimension,rework,2023-06-27 20:29:00,2023-06-30 12:29:00
NCR-5166,J-2023-02951,20,grind_deburr,1,weld_defect,scrap,2023-06-27 09:25:00,2023-06-29 05:48:00
NCR-5167,J-2023-02916,20,grind_deburr,5,weld_defect,scrap,2023-06-27 09:50:00,2023-06-28 02:24:00
NCR-5168,J-2023-02932,30,press_brake,1,burr,rework,2023-06-28 18:57:00,2023-06-30 12:19:00
NCR-5169,J-2023-02895,30,weld,43,dimension,rework,2023-06-27 12:19:00,2023-07-01 17:40:00
NCR-5170,J-2023-02890,40,weld,5,flatness,rework,2023-06-28 10:47:00,2023-07-01 00:21:00
NCR-5171,J-2023-02991,30,press_brake,2,finish,rework,2023-06-29 06:06:00,2023-07-06 04:54:00
NCR-5172,J-2023-03005,30,press_brake,2,dimension,rework,2023-06-30 03:14:00,2023-07-07 21:03:00
NCR-5173,J-2023-03013,30,press_brake,5,flatness,scrap,2023-06-30 12:40:00,2023-07-03 13:16:00
NCR-5174,J-2023-03000,40,weld,2,dimension,rework,2023-07-05 02:42:00,2023-07-09 01:29:00
NCR-5175,J-2023-02968,50,weld,10,weld_defect,scrap,2023-07-05 07:39:00,2023-07-07 02:35:00
NCR-5176,J-2023-03047,40,weld,6,weld_defect,rework,2023-07-05 16:52:00,2023-07-10 01:13:00
NCR-5177,J-2023-03016,20,grind_deburr,3,dimension,scrap,2023-07-05 22:21:00,2023-07-07 00:27:00
NCR-5178,J-2023-03115,40,powder_coat,2,hardware,rework,2023-07-06 13:21:00,2023-07-12 07:29:00
NCR-5179,J-2023-03150,50,weld,1,flatness,rework,2023-07-10 19:44:00,2023-07-13 05:16:00
NCR-5180,J-2023-03014,30,press_brake,14,dimension,rework,2023-07-11 10:59:00,2023-07-14 09:50:00
NCR-5181,J-2023-03189,30,press_brake,28,finish,rework,2023-07-12 18:04:00,2023-07-14 12:50:00
NCR-5182,J-2023-03088,40,powder_coat,35,flatness,rework,2023-07-17 00:25:00,2023-07-19 04:12:00
NCR-5183,J-2023-03222,50,powder_coat,6,flatness,scrap,2023-07-14 12:51:00,2023-07-18 13:32:00
NCR-5184,J-2023-03274,30,press_brake,5,burr,scrap,2023-07-17 10:33:00,2023-07-18 04:56:00
NCR-5185,J-2023-03234,50,powder_coat,3,wrong_material,scrap,2023-07-17 12:48:00,2023-07-18 10:42:00
NCR-5186,J-2023-03265,40,hardware,5,hardware,rework,2023-07-20 03:30:00,2023-07-25 07:11:00
NCR-5187,J-2023-03170,20,grind_deburr,16,wrong_material,scrap,2023-07-20 13:16:00,2023-07-23 13:40:00
NCR-5188,J-2023-03324,30,weld,15,burr,scrap,2023-07-21 08:09:00,2023-07-22 20:14:00
NCR-5189,J-2023-03319,20,grind_deburr,4,finish,scrap,2023-07-19 10:58:00,2023-07-20 13:58:00
NCR-5190,J-2023-03342,20,grind_deburr,19,flatness,scrap,2023-07-21 03:19:00,2023-07-22 06:56:00
NCR-5191,J-2023-03333,50,weld,21,dimension,scrap,2023-07-25 23:43:00,2023-07-28 13:33:00
NCR-5192,J-2023-03394,40,weld,6,weld_defect,scrap,2023-07-25 11:00:00,2023-07-27 08:05:00
NCR-5193,J-2023-03398,40,weld,4,hardware,rework,2023-07-27 08:17:00,2023-08-01 15:47:00
NCR-5194,J-2023-03477,20,press_brake,5,burr,scrap,2023-07-27 21:59:00,2023-07-29 14:59:00
NCR-5195,J-2023-03422,60,powder_coat,3,weld_defect,rework,2023-07-31 04:18:00,2023-08-04 00:45:00
NCR-5196,J-2023-03346,30,press_brake,1,hardware,use_as_is,2023-08-01 04:46:00,2023-08-04 02:23:00
NCR-5197,J-2023-03439,50,weld,2,weld_defect,rework,2023-08-01 03:28:00,2023-08-03 07:00:00
NCR-5198,J-2023-03538,10,laser,1,dimension,rework,2023-07-31 10:16:00,2023-08-04 15:55:00
NCR-5199,J-2023-03580,20,press_brake,18,finish,use_as_is,2023-08-03 16:33:00,2023-08-06 09:14:00
NCR-5200,J-2023-03534,40,weld,1,dimension,rework,2023-08-04 21:31:00,2023-08-10 10:38:00
NCR-5201,J-2023-03601,60,grind_deburr,3,dimension,scrap,2023-08-07 08:53:00,2023-08-08 17:32:00
NCR-5202,J-2023-03361,30,press_brake,1,flatness,use_as_is,2023-08-07 05:56:00,2023-08-10 02:03:00
NCR-5203,J-2023-03683,30,weld,6,dimension,rework,2023-08-10 00:30:00,2023-08-13 06:13:00
NCR-5204,J-2023-03530,50,weld,1,dimension,scrap,2023-08-11 07:08:00,2023-08-11 20:41:00
NCR-5205,J-2023-03688,40,weld,1,dimension,rework,2023-08-09 10:37:00,2023-08-14 16:29:00
NCR-5206,J-2023-03696,10,laser,2,dimension,rework,2023-08-15 07:09:00,2023-08-18 15:38:00
NCR-5207,J-2023-03716,20,grind_deburr,11,flatness,rework,2023-08-15 10:18:00,2023-08-18 07:12:00
NCR-5208,J-2023-03715,30,press_brake,7,flatness,rework,2023-08-16 08:58:00,2023-08-19 21:57:00
NCR-5209,J-2023-03772,40,weld,1,weld_defect,scrap,2023-08-17 09:25:00,2023-08-18 18:48:00
NCR-5210,J-2023-03781,40,powder_coat,20,burr,rework,2023-08-23 07:42:00,2023-08-27 21:27:00
NCR-5211,J-2023-03839,40,weld,16,dimension,rework,2023-08-25 07:57:00,2023-08-30 23:12:00
NCR-5212,J-2023-03916,20,press_brake,89,hardware,rework,2023-08-30 01:10:00,2023-09-02 07:54:00
NCR-5213,J-2023-03729,50,robotic_weld,21,burr,scrap,2023-08-29 07:30:00,2023-09-01 07:34:00
NCR-5214,J-2023-03905,50,weld,8,dimension,use_as_is,2023-08-31 11:43:00,2023-08-31 21:37:00
NCR-5215,J-2023-03999,20,grind_deburr,26,weld_defect,use_as_is,2023-09-06 08:24:00,2023-09-07 08:23:00
NCR-5216,J-2023-03985,30,weld,1,burr,use_as_is,2023-09-06 08:00:00,2023-09-08 08:15:00
NCR-5217,J-2023-04003,40,press_brake,3,weld_defect,scrap,2023-09-06 14:58:00,2023-09-08 20:18:00
NCR-5218,J-2023-04001,40,press_brake,6,wrong_material,rework,2023-09-06 04:02:00,2023-09-08 17:24:00
NCR-5219,J-2023-03972,40,weld,31,flatness,scrap,2023-09-06 21:54:00,2023-09-09 09:51:00
NCR-5220,J-2023-04042,40,weld,1,flatness,scrap,2023-09-07 10:27:00,2023-09-08 07:03:00
NCR-5221,J-2023-04087,30,press_brake,1,dimension,rework,2023-09-08 00:49:00,2023-09-12 02:17:00
NCR-5222,J-2023-04025,40,weld,3,weld_defect,rework,2023-09-07 23:30:00,2023-09-12 14:09:00
NCR-5223,J-2023-04093,30,press_brake,1,weld_defect,rework,2023-09-11 16:40:00,2023-09-15 11:06:00
NCR-5224,J-2023-04010,20,press_brake,1,dimension,use_as_is,2023-09-13 07:44:00,2023-09-15 02:30:00
NCR-5225,J-2023-04099,30,press_brake,2,dimension,rework,2023-09-11 11:26:00,2023-09-15 07:30:00
NCR-5226,J-2023-03918,30,weld,15,flatness,rework,2023-09-12 01:41:00,2023-09-15 19:45:00
NCR-5227,J-2023-04188,10,laser,3,weld_defect,rework,2023-09-12 23:18:00,2023-09-17 23:14:00
NCR-5228,J-2023-04116,40,weld,13,dimension,scrap,2023-09-14 05:08:00,2023-09-15 14:32:00
NCR-5229,J-2023-04163,30,weld,8,weld_defect,rework,2023-09-14 18:11:00,2023-09-18 21:35:00
NCR-5230,J-2023-04141,40,weld,2,weld_defect,rework,2023-09-15 11:59:00,2023-09-19 14:04:00
NCR-5231,J-2023-04240,10,laser,50,flatness,rework,2023-09-15 05:18:00,2023-09-21 00:19:00
NCR-5232,J-2023-04217,30,press_brake,76,weld_defect,rework,2023-09-18 13:30:00,2023-09-23 04:46:00
NCR-5233,J-2023-04232,20,grind_deburr,12,weld_defect,rework,2023-09-18 21:37:00,2023-09-20 09:45:00
NCR-5234,J-2023-04165,50,robotic_weld,1,weld_defect,rework,2023-09-15 11:39:00,2023-09-19 13:40:00
NCR-5235,J-2023-04069,80,assembly,2,weld_defect,scrap,2023-09-19 06:53:00,2023-09-22 06:02:00
NCR-5236,J-2023-04241,40,weld,1,dimension,rework,2023-09-20 02:16:00,2023-09-24 21:39:00
NCR-5237,J-2023-04259,40,powder_coat,6,burr,scrap,2023-09-19 06:57:00,2023-09-21 00:58:00
NCR-5238,J-2023-04256,40,weld,11,dimension,rework,2023-09-20 13:41:00,2023-09-23 19:43:00
NCR-5239,J-2023-04285,40,weld,1,flatness,scrap,2023-09-21 11:49:00,2023-09-23 02:42:00
NCR-5240,J-2023-04272,20,grind_deburr,3,dimension,rework,2023-09-21 10:41:00,2023-09-26 23:42:00
NCR-5241,J-2023-04411,30,press_brake,7,dimension,rework,2023-09-25 02:17:00,2023-09-28 17:54:00
NCR-5242,J-2023-04229,40,hardware,12,finish,use_as_is,2023-09-26 17:59:00,2023-09-29 08:38:00
NCR-5243,J-2023-04337,20,press_brake,10,wrong_material,rework,2023-09-26 13:47:00,2023-10-01 05:51:00
NCR-5244,J-2023-04391,20,press_brake,2,wrong_material,scrap,2023-09-27 04:35:00,2023-09-28 07:14:00
NCR-5245,J-2023-04148,20,press_brake,1,dimension,rework,2023-09-29 05:57:00,2023-10-03 10:59:00
NCR-5246,J-2023-04392,30,robotic_weld,4,dimension,rework,2023-09-29 09:27:00,2023-10-03 06:11:00
NCR-5247,J-2023-04497,40,weld,2,weld_defect,rework,2023-09-29 20:35:00,2023-10-06 04:58:00
NCR-5248,J-2023-04477,40,hardware,24,wrong_material,rework,2023-09-29 06:48:00,2023-10-04 19:14:00
NCR-5249,J-2023-04533,40,weld,1,flatness,rework,2023-10-03 08:14:00,2023-10-06 18:40:00
NCR-5250,J-2023-04384,40,robotic_weld,1,dimension,rework,2023-10-04 21:30:00,2023-10-11 13:07:00
NCR-5251,J-2023-04524,50,weld,22,weld_defect,rework,2023-10-05 11:56:00,2023-10-10 00:03:00
NCR-5252,J-2023-04697,40,weld,1,weld_defect,use_as_is,2023-10-06 06:33:00,2023-10-07 21:02:00
NCR-5253,J-2023-04678,30,press_brake,1,wrong_material,scrap,2023-10-06 17:05:00,2023-10-09 22:54:00
NCR-5254,J-2023-04660,40,weld,2,finish,rework,2023-10-10 01:35:00,2023-10-13 07:53:00
NCR-5255,J-2023-04554,40,weld,8,dimension,rework,2023-10-09 16:16:00,2023-10-13 15:16:00
NCR-5256,J-2023-04655,40,robotic_weld,5,finish,scrap,2023-10-09 11:22:00,2023-10-12 05:28:00
NCR-5257,J-2023-04498,40,weld,16,weld_defect,rework,2023-10-10 13:12:00,2023-10-15 01:56:00
NCR-5258,J-2023-04754,40,powder_coat,11,weld_defect,rework,2023-10-10 13:31:00,2023-10-14 16:05:00
NCR-5259,J-2023-04550,40,weld,2,weld_defect,rework,2023-10-13 02:05:00,2023-10-17 12:47:00
NCR-5260,J-2023-04798,50,weld,2,dimension,scrap,2023-10-12 12:07:00,2023-10-14 07:05:00
NCR-5261,J-2023-04687,30,press_brake,1,weld_defect,use_as_is,2023-10-11 13:55:00,2023-10-14 09:33:00
NCR-5262,J-2023-04818,10,laser,5,dimension,rework,2023-10-12 16:07:00,2023-10-19 08:14:00
NCR-5263,J-2023-04788,40,hardware,17,hardware,use_as_is,2023-10-16 04:15:00,2023-10-18 09:53:00
NCR-5264,J-2023-04869,20,grind_deburr,2,weld_defect,rework,2023-10-17 12:24:00,2023-10-20 03:52:00
NCR-5265,J-2023-04880,40,robotic_weld,2,wrong_material,rework,2023-10-20 11:04:00,2023-10-26 06:27:00
NCR-5266,J-2023-04946,40,weld,6,weld_defect,use_as_is,2023-10-23 07:26:00,2023-10-26 03:47:00
NCR-5267,J-2023-05008,30,press_brake,2,wrong_material,rework,2023-10-23 11:02:00,2023-10-27 17:34:00
NCR-5268,J-2023-05040,40,hardware,3,finish,scrap,2023-10-27 00:10:00,2023-10-28 05:43:00
NCR-5269,J-2023-05072,20,grind_deburr,15,weld_defect,rework,2023-10-27 11:42:00,2023-11-02 02:34:00
NCR-5270,J-2023-04969,40,robotic_weld,2,flatness,rework,2023-10-27 07:25:00,2023-11-02 01:29:00
NCR-5271,J-2023-05018,30,hardware,13,weld_defect,scrap,2023-10-27 23:56:00,2023-10-30 14:24:00
NCR-5272,J-2023-04967,30,press_brake,1,dimension,scrap,2023-11-01 05:47:00,2023-11-03 21:54:00
NCR-5273,J-2023-05143,10,laser,7,flatness,scrap,2023-11-01 06:16:00,2023-11-02 03:26:00
NCR-5274,J-2023-04990,50,weld,12,flatness,scrap,2023-11-01 14:28:00,2023-11-04 08:27:00
NCR-5275,J-2023-05048,50,grind_deburr,1,flatness,rework,2023-11-02 08:44:00,2023-11-07 22:37:00
NCR-5276,J-2023-05150,40,weld,1,dimension,rework,2023-11-02 11:41:00,2023-11-08 04:41:00
NCR-5277,J-2023-05112,10,laser,1,dimension,rework,2023-11-03 12:52:00,2023-11-07 05:07:00
NCR-5278,J-2023-04964,50,assembly,59,burr,use_as_is,2023-11-03 10:15:00,2023-11-07 00:41:00
NCR-5279,J-2023-05251,10,laser,11,wrong_material,rework,2023-11-02 12:50:00,2023-11-09 11:15:00
NCR-5280,J-2023-05246,30,press_brake,3,dimension,rework,2023-11-06 15:09:00,2023-11-10 16:52:00
NCR-5281,J-2023-05053,40,weld,8,burr,rework,2023-11-07 02:35:00,2023-11-10 16:59:00
NCR-5282,J-2023-05188,40,weld,15,weld_defect,rework,2023-11-08 08:08:00,2023-11-11 18:49:00
NCR-5283,J-2023-05380,20,press_brake,12,hardware,use_as_is,2023-11-10 00:26:00,2023-11-12 07:49:00
NCR-5284,J-2023-05116,40,robotic_weld,3,weld_defect,rework,2023-11-09 07:41:00,2023-11-15 21:27:00
NCR-5285,J-2023-05346,20,grind_deburr,5,flatness,scrap,2023-11-13 00:27:00,2023-11-15 09:30:00
NCR-5286,J-2023-05394,40,robotic_weld,6,flatness,scrap,2023-11-09 09:49:00,2023-11-12 02:22:00
NCR-5287,J-2023-05036,40,weld,111,weld_defect,rework,2023-11-09 13:01:00,2023-11-10 23:23:00
NCR-5288,J-2023-05485,40,hardware,17,dimension,scrap,2023-11-15 07:49:00,2023-11-18 01:42:00
NCR-5289,J-2023-05516,20,press_brake,31,flatness,rework,2023-11-15 21:40:00,2023-11-22 12:43:00
NCR-5290,J-2023-05292,40,weld,9,flatness,use_as_is,2023-11-16 21:00:00,2023-11-19 02:48:00
NCR-5291,J-2023-05553,10,laser,8,finish,rework,2023-11-17 02:43:00,2023-11-22 14:16:00
NCR-5292,J-2023-05329,40,robotic_weld,9,flatness,scrap,2023-11-21 22:13:00,2023-11-24 08:10:00
NCR-5293,J-2023-05327,40,weld,1,flatness,rework,2023-11-21 08:23:00,2023-11-28 17:46:00
NCR-5294,J-2023-05366,40,hardware,1,weld_defect,rework,2023-11-27 06:30:00,2023-11-30 01:47:00
NCR-5295,J-2023-05604,30,robotic_weld,2,flatness,scrap,2023-11-28 12:07:00,2023-12-01 14:31:00
NCR-5296,J-2023-05641,50,weld,6,flatness,use_as_is,2023-11-27 20:17:00,2023-11-29 17:40:00
NCR-5297,J-2023-05664,30,weld,1,weld_defect,rework,2023-11-28 20:25:00,2023-12-02 10:12:00
NCR-5298,J-2023-05363,50,weld,2,dimension,rework,2023-11-28 22:54:00,2023-12-02 13:43:00
NCR-5299,J-2023-05677,20,grind_deburr,1,flatness,scrap,2023-11-28 10:00:00,2023-11-29 16:31:00
NCR-5300,J-2023-05754,10,laser,12,dimension,scrap,2023-11-29 02:41:00,2023-11-30 09:07:00
NCR-5301,J-2023-05436,30,press_brake,24,flatness,rework,2023-11-30 14:53:00,2023-12-02 14:43:00
NCR-5302,J-2023-05431,40,weld,10,weld_defect,rework,2023-12-01 06:57:00,2023-12-06 19:22:00
NCR-5303,J-2023-05474,40,weld,1,dimension,rework,2023-11-30 11:03:00,2023-12-06 23:00:00
NCR-5304,J-2023-05527,40,weld,1,dimension,use_as_is,2023-12-01 04:19:00,2023-12-03 10:28:00
NCR-5305,J-2023-05648,40,powder_coat,5,flatness,rework,2023-11-30 09:53:00,2023-12-07 15:01:00
NCR-5306,J-2023-05753,30,robotic_weld,4,weld_defect,rework,2023-12-05 00:17:00,2023-12-07 20:33:00
NCR-5307,J-2023-05330,50,grind_deburr,5,weld_defect,rework,2023-12-01 08:23:00,2023-12-05 21:44:00
NCR-5308,J-2023-05687,30,weld,8,dimension,rework,2023-12-01 23:15:00,2023-12-07 00:36:00
NCR-5309,J-2023-05730,40,weld,6,weld_defect,rework,2023-12-05 16:28:00,2023-12-09 08:28:00
NCR-5310,J-2023-05487,30,weld,1,hardware,rework,2023-12-05 21:15:00,2023-12-09 21:51:00
NCR-5311,J-2023-05718,50,weld,13,dimension,rework,2023-12-04 11:29:00,2023-12-07 22:53:00
NCR-5312,J-2023-05826,30,weld,16,weld_defect,rework,2023-12-06 15:21:00,2023-12-12 01:14:00
NCR-5313,J-2023-05842,40,weld,1,dimension,scrap,2023-12-07 06:52:00,2023-12-09 22:02:00
NCR-5314,J-2023-05872,10,laser,28,weld_defect,rework,2023-12-08 05:02:00,2023-12-13 02:17:00
NCR-5315,J-2023-05955,10,laser,1,hardware,scrap,2023-12-08 12:47:00,2023-12-11 15:36:00
NCR-5316,J-2023-05953,40,weld,1,flatness,rework,2023-12-12 08:08:00,2023-12-16 03:12:00
NCR-5317,J-2023-05942,50,robotic_weld,7,burr,scrap,2023-12-13 07:54:00,2023-12-14 13:21:00
NCR-5318,J-2023-05927,40,powder_coat,11,hardware,rework,2023-12-12 16:03:00,2023-12-15 23:17:00
NCR-5319,J-2023-06023,30,hardware,3,flatness,use_as_is,2023-12-12 23:12:00,2023-12-14 08:01:00
NCR-5320,J-2023-05983,30,press_brake,2,burr,scrap,2023-12-13 21:17:00,2023-12-14 20:26:00
NCR-5321,J-2023-06095,40,powder_coat,7,weld_defect,use_as_is,2023-12-15 16:26:00,2023-12-20 14:27:00
NCR-5322,J-2023-06133,20,press_brake,7,finish,rework,2023-12-15 21:50:00,2023-12-20 17:53:00
NCR-5323,J-2023-06196,20,press_brake,1,finish,use_as_is,2023-12-19 08:47:00,2023-12-20 06:28:00
NCR-5324,J-2023-06217,10,laser,4,flatness,scrap,2023-12-20 06:56:00,2023-12-22 23:25:00
NCR-5325,J-2023-06156,20,grind_deburr,6,wrong_material,rework,2023-12-18 07:48:00,2023-12-23 09:49:00
NCR-5326,J-2023-06188,40,powder_coat,1,weld_defect,rework,2023-12-20 02:49:00,2023-12-23 18:01:00
NCR-5327,J-2023-06107,40,hardware,1,wrong_material,use_as_is,2023-12-20 05:55:00,2023-12-21 04:45:00
NCR-5328,J-2023-05971,40,weld,5,weld_defect,rework,2023-12-21 07:52:00,2024-01-04 06:08:00
NCR-5329,J-2023-06128,30,weld,11,dimension,rework,2023-12-22 11:19:00,2024-01-05 03:05:00
NCR-5330,J-2023-06166,20,grind_deburr,2,weld_defect,scrap,2023-12-22 21:52:00,2024-01-05 02:52:00
NCR-5331,J-2023-06063,50,grind_deburr,80,weld_defect,scrap,2023-12-22 10:55:00,2024-01-04 04:55:00
NCR-5332,J-2023-06351,20,grind_deburr,1,dimension,scrap,2024-01-02 23:28:00,2024-01-05 12:41:00
NCR-5333,J-2023-06285,20,press_brake,1,hardware,rework,2024-01-03 04:38:00,2024-01-05 18:42:00
NCR-5334,J-2023-06378,40,weld,3,weld_defect,scrap,2024-01-03 07:59:00,2024-01-04 16:15:00
NCR-5335,J-2023-06325,10,laser,5,hardware,rework,2024-01-05 04:28:00,2024-01-09 23:23:00
NCR-5336,J-2023-06327,20,grind_deburr,11,wrong_material,scrap,2024-01-04 06:48:00,2024-01-06 13:52:00
NCR-5337,J-2023-06296,10,laser,2,dimension,rework,2024-01-05 13:26:00,2024-01-10 10:01:00
NCR-5338,J-2023-06429,40,weld,8,weld_defect,scrap,2024-01-08 12:27:00,2024-01-10 03:18:00
NCR-5339,J-2023-06365,20,press_brake,5,wrong_material,scrap,2024-01-10 10:38:00,2024-01-12 15:28:00
NCR-5340,J-2023-06388,50,weld,2,flatness,scrap,2024-01-11 19:09:00,2024-01-12 09:21:00
NCR-5341,J-2024-00069,20,grind_deburr,5,finish,rework,2024-01-10 11:56:00,2024-01-12 14:40:00
NCR-5342,J-2024-00002,40,weld,2,weld_defect,scrap,2024-01-11 10:21:00,2024-01-14 00:35:00
NCR-5343,J-2024-00060,40,weld,25,dimension,rework,2024-01-12 01:22:00,2024-01-17 09:46:00
NCR-5344,J-2023-06305,40,weld,1,dimension,use_as_is,2024-01-12 22:51:00,2024-01-16 09:22:00
NCR-5345,J-2023-06404,40,weld,4,dimension,scrap,2024-01-12 12:17:00,2024-01-17 11:03:00
NCR-5346,J-2024-00145,20,grind_deburr,1,weld_defect,rework,2024-01-16 00:17:00,2024-01-19 22:06:00
NCR-5347,J-2024-00107,20,grind_deburr,3,dimension,rework,2024-01-15 22:05:00,2024-01-20 14:27:00
NCR-5348,J-2023-06427,50,weld,2,dimension,rework,2024-01-17 18:47:00,2024-01-24 11:43:00
NCR-5349,J-2024-00100,10,laser,1,burr,rework,2024-01-18 02:57:00,2024-01-21 15:30:00
NCR-5350,J-2024-00044,40,weld,22,flatness,scrap,2024-01-16 12:07:00,2024-01-19 00:06:00
NCR-5351,J-2024-00039,40,weld,1,dimension,rework,2024-01-17 06:50:00,2024-01-20 15:35:00
NCR-5352,J-2024-00097,20,grind_deburr,1,weld_defect,rework,2024-01-17 08:56:00,2024-01-21 02:30:00
NCR-5353,J-2024-00009,50,weld,3,wrong_material,rework,2024-01-18 00:08:00,2024-01-20 22:44:00
NCR-5354,J-2024-00109,50,powder_coat,1,finish,rework,2024-01-22 02:41:00,2024-01-24 13:43:00
NCR-5355,J-2024-00264,30,weld,1,flatness,scrap,2024-01-22 05:25:00,2024-01-22 21:13:00
NCR-5356,J-2024-00122,30,press_brake,6,hardware,scrap,2024-01-24 04:40:00,2024-01-25 20:04:00
NCR-5357,J-2024-00064,40,weld,18,weld_defect,rework,2024-01-23 08:26:00,2024-01-28 03:26:00
NCR-5358,J-2023-06212,40,weld,23,dimension,use_as_is,2024-01-25 07:25:00,2024-01-27 01:17:00
NCR-5359,J-2024-00150,50,weld,47,burr,scrap,2024-01-25 03:04:00,2024-01-25 22:15:00
NCR-5360,J-2024-00144,50,weld,2,burr,scrap,2024-01-25 21:30:00,2024-01-28 15:06:00
NCR-5361,J-2024-00261,40,weld,10,weld_defect,scrap,2024-01-25 20:55:00,2024-01-27 01:23:00
NCR-5362,J-2024-00095,50,weld,4,weld_defect,rework,2024-01-26 17:04:00,2024-02-01 04:04:00
NCR-5363,J-2024-00266,30,press_brake,1,wrong_material,rework,2024-01-25 22:15:00,2024-01-31 20:37:00
NCR-5364,J-2024-00380,40,weld,1,dimension,scrap,2024-01-26 07:20:00,2024-01-31 10:57:00
NCR-5365,J-2024-00411,10,laser,6,dimension,rework,2024-01-30 04:48:00,2024-02-02 00:53:00
NCR-5366,J-2024-00369,30,assembly,3,dimension,rework,2024-01-29 07:27:00,2024-01-31 16:57:00
NCR-5367,J-2024-00226,30,powder_coat,35,burr,rework,2024-01-30 19:35:00,2024-02-01 23:35:00
NCR-5368,J-2024-00214,30,powder_coat,2,wrong_material,rework,2024-01-29 22:49:00,2024-02-01 07:41:00
NCR-5369,J-2024-00376,40,weld,1,weld_defect,rework,2024-01-30 07:15:00,2024-02-02 06:54:00
NCR-5370,J-2024-00443,40,weld,16,weld_defect,scrap,2024-02-02 03:17:00,2024-02-04 20:50:00
NCR-5371,J-2024-00475,50,powder_coat,1,dimension,scrap,2024-02-05 12:14:00,2024-02-06 10:11:00
NCR-5372,J-2024-00420,30,hardware,1,weld_defect,rework,2024-02-05 00:34:00,2024-02-07 07:01:00
NCR-5373,J-2024-00375,50,weld,6,flatness,scrap,2024-02-06 15:56:00,2024-02-08 09:54:00
NCR-5374,J-2024-00354,50,press_brake,7,burr,rework,2024-02-06 22:46:00,2024-02-11 10:52:00
NCR-5375,J-2024-00516,50,weld,3,weld_defect,scrap,2024-02-07 22:56:00,2024-02-08 11:53:00
NCR-5376,J-2024-00496,40,weld,7,weld_defect,scrap,2024-02-07 09:54:00,2024-02-08 13:48:00
NCR-5377,J-2024-00573,20,grind_deburr,19,burr,scrap,2024-02-08 18:33:00,2024-02-10 19:01:00
NCR-5378,J-2024-00569,40,weld,4,weld_defect,rework,2024-02-09 01:14:00,2024-02-15 06:03:00
NCR-5379,J-2024-00567,40,powder_coat,1,finish,rework,2024-02-09 23:32:00,2024-02-14 17:24:00
NCR-5380,J-2024-00581,20,grind_deburr,33,finish,rework,2024-02-09 07:34:00,2024-02-14 15:03:00
NCR-5381,J-2024-00598,50,weld,2,finish,rework,2024-02-13 04:31:00,2024-02-16 09:54:00
NCR-5382,J-2024-00575,50,weld,10,weld_defect,rework,2024-02-12 18:49:00,2024-02-16 20:25:00
NCR-5383,J-2024-00422,40,weld,1,weld_defect,rework,2024-02-13 08:27:00,2024-02-16 11:58:00
NCR-5384,J-2024-00611,40,weld,4,weld_defect,rework,2024-02-12 13:00:00,2024-02-15 12:40:00
NCR-5385,J-2024-00580,40,weld,48,weld_defect,rework,2024-02-14 00:37:00,2024-02-17 18:46:00
NCR-5386,J-2024-00671,10,laser,1,wrong_material,scrap,2024-02-13 23:17:00,2024-02-16 06:16:00
NCR-5387,J-2024-00626,40,weld,10,weld_defect,rework,2024-02-16 04:07:00,2024-02-20 23:31:00
NCR-5388,J-2024-00695,10,laser,1,weld_defect,rework,2024-02-19 00:37:00,2024-02-20 15:55:00
NCR-5389,J-2024-00666,30,robotic_weld,9,dimension,use_as_is,2024-02-19 20:28:00,2024-02-22 19:56:00
NCR-5390,J-2024-00729,50,weld,1,weld_defect,rework,2024-02-19 08:39:00,2024-02-22 19:01:00
NCR-5391,J-2024-00657,10,laser,145,flatness,rework,2024-02-17 21:19:00,2024-02-21 20:23:00
NCR-5392,J-2024-00673,50,weld,1,dimension,use_as_is,2024-02-20 17:14:00,2024-02-23 11:07:00
NCR-5393,J-2024-00630,40,weld,1,weld_defect,scrap,2024-02-20 22:58:00,2024-02-23 18:37:00
NCR-5394,J-2024-00771,40,weld,2,dimension,rework,2024-02-20 12:09:00,2024-02-23 03:03:00
NCR-5395,J-2024-00796,40,weld,3,dimension,rework,2024-02-21 07:09:00,2024-02-23 17:35:00
NCR-5396,J-2024-00770,50,robotic_weld,1,burr,use_as_is,2024-02-21 13:51:00,2024-02-23 13:15:00
NCR-5397,J-2024-00859,40,weld,5,weld_defect,use_as_is,2024-02-27 21:39:00,2024-02-29 09:48:00
NCR-5398,J-2024-00767,40,powder_coat,3,burr,rework,2024-02-26 09:27:00,2024-03-02 02:20:00
NCR-5399,J-2024-00890,20,grind_deburr,1,burr,rework,2024-02-27 06:24:00,2024-02-28 21:21:00
NCR-5400,J-2024-00926,30,press_brake,1,burr,rework,2024-02-27 13:34:00,2024-02-29 15:34:00
NCR-5401,J-2024-00893,30,weld,2,weld_defect,rework,2024-03-01 10:25:00,2024-03-07 00:06:00
NCR-5402,J-2024-00897,50,robotic_weld,1,weld_defect,rework,2024-03-01 06:34:00,2024-03-06 03:16:00
NCR-5403,J-2024-00967,20,press_brake,5,hardware,scrap,2024-03-01 00:38:00,2024-03-03 00:33:00
NCR-5404,J-2024-00762,40,weld,5,finish,rework,2024-02-29 23:11:00,2024-03-05 19:19:00
NCR-5405,J-2024-00929,20,grind_deburr,61,hardware,use_as_is,2024-03-01 07:12:00,2024-03-02 05:27:00
NCR-5406,J-2024-00921,40,weld,3,dimension,rework,2024-03-04 23:04:00,2024-03-08 17:39:00
NCR-5407,J-2024-00903,30,robotic_weld,2,wrong_material,rework,2024-03-04 05:06:00,2024-03-08 13:42:00
NCR-5408,J-2024-00984,10,laser,5,dimension,use_as_is,2024-03-01 09:53:00,2024-03-03 16:25:00
NCR-5409,J-2024-01038,30,press_brake,3,dimension,rework,2024-03-05 22:17:00,2024-03-10 07:48:00
NCR-5410,J-2024-01056,30,press_brake,1,dimension,rework,2024-03-06 04:38:00,2024-03-08 18:13:00
NCR-5411,J-2024-01016,10,laser,60,finish,rework,2024-03-06 17:42:00,2024-03-10 07:23:00
NCR-5412,J-2024-01115,40,weld,9,flatness,rework,2024-03-08 20:53:00,2024-03-13 16:26:00
NCR-5413,J-2024-01125,10,punch,3,weld_defect,use_as_is,2024-03-07 23:53:00,2024-03-10 16:18:00
NCR-5414,J-2024-01032,50,weld,22,dimension,scrap,2024-03-11 01:11:00,2024-03-12 14:07:00
NCR-5415,J-2024-01099,30,press_brake,14,dimension,rework,2024-03-11 09:16:00,2024-03-14 16:36:00
NCR-5416,J-2024-01130,40,weld,1,flatness,scrap,2024-03-12 01:50:00,2024-03-13 03:53:00
NCR-5417,J-2024-01122,30,weld,4,dimension,rework,2024-03-11 06:41:00,2024-03-14 22:47:00
NCR-5418,J-2024-01073,30,weld,12,weld_defect,rework,2024-03-12 00:16:00,2024-03-16 05:09:00
NCR-5419,J-2024-01103,40,weld,6,flatness,rework,2024-03-11 05:37:00,2024-03-15 17:14:00
NCR-5420,J-2024-01101,40,weld,1,dimension,use_as_is,2024-03-11 07:35:00,2024-03-12 19:37:00
NCR-5421,J-2024-01149,30,press_brake,19,wrong_material,scrap,2024-03-14 06:55:00,2024-03-17 09:20:00
NCR-5422,J-2024-01199,20,grind_deburr,7,dimension,rework,2024-03-15 08:13:00,2024-03-20 19:22:00
NCR-5423,J-2024-01272,20,grind_deburr,6,finish,use_as_is,2024-03-15 05:58:00,2024-03-17 18:06:00
NCR-5424,J-2024-01210,40,weld,1,weld_defect,rework,2024-03-15 17:59:00,2024-03-21 03:39:00
NCR-5425,J-2024-01277,40,weld,2,dimension,rework,2024-03-15 17:22:00,2024-03-20 20:51:00
NCR-5426,J-2024-01268,10,laser,7,hardware,use_as_is,2024-03-14 08:47:00,2024-03-15 20:50:00
NCR-5427,J-2024-01220,40,weld,1,flatness,rework,2024-03-18 03:44:00,2024-03-21 14:04:00
NCR-5428,J-2024-01278,20,grind_deburr,3,finish,rework,2024-03-15 11:10:00,2024-03-20 18:13:00
NCR-5429,J-2024-01302,40,weld,6,dimension,scrap,2024-03-18 08:38:00,2024-03-21 04:14:00
NCR-5430,J-2024-01263,50,weld,3,flatness,rework,2024-03-19 21:36:00,2024-03-25 04:48:00
NCR-5431,J-2024-01295,50,weld,4,hardware,rework,2024-03-21 01:04:00,2024-03-23 07:38:00
NCR-5432,J-2024-01359,20,press_brake,13,weld_defect,use_as_is,2024-03-19 13:05:00,2024-03-22 03:01:00
NCR-5433,J-2024-01338,10,laser,1,flatness,rework,2024-03-21 09:22:00,2024-03-23 22:42:00
NCR-5434,J-2024-01358,20,press_brake,10,finish,scrap,2024-03-21 15:35:00,2024-03-23 06:55:00
NCR-5435,J-2024-01340,40,weld,5,flatness,rework,2024-03-22 05:19:00,2024-03-28 06:46:00
NCR-5436,J-2024-01307,50,weld,13,dimension,use_as_is,2024-03-20 09:20:00,2024-03-22 11:36:00
NCR-5437,J-2024-01347,40,weld,1,dimension,use_as_is,2024-03-25 02:39:00,2024-03-26 22:33:00
NCR-5438,J-2024-01365,40,hardware,1,wrong_material,use_as_is,2024-03-22 21:57:00,2024-03-27 11:09:00
NCR-5439,J-2024-01258,40,grind_deburr,1,dimension,use_as_is,2024-03-25 12:24:00,2024-03-26 18:37:00
NCR-5440,J-2024-01425,30,press_brake,6,wrong_material,rework,2024-03-25 18:00:00,2024-03-30 16:33:00
NCR-5441,J-2024-01356,10,laser,4,weld_defect,scrap,2024-03-26 09:03:00,2024-03-26 23:19:00
NCR-5442,J-2024-01431,40,weld,11,weld_defect,scrap,2024-03-27 10:22:00,2024-03-29 12:48:00
NCR-5443,J-2024-01458,30,press_brake,1,weld_defect,rework,2024-03-27 20:43:00,2024-04-02 13:56:00
NCR-5444,J-2024-01451,40,weld,1,flatness,scrap,2024-03-28 11:43:00,2024-03-29 11:15:00
NCR-5445,J-2024-01488,50,assembly,4,dimension,use_as_is,2024-04-01 06:05:00,2024-04-02 21:53:00
NCR-5446,J-2024-01582,20,press_brake,4,wrong_material,rework,2024-04-01 08:32:00,2024-04-05 21:51:00
NCR-5447,J-2024-01551,40,powder_coat,10,wrong_material,scrap,2024-04-02 05:28:00,2024-04-03 06:15:00
NCR-5448,J-2024-01421,30,weld,1,dimension,rework,2024-04-04 15:34:00,2024-04-10 23:56:00
NCR-5449,J-2024-01527,40,powder_coat,8,dimension,use_as_is,2024-04-04 19:43:00,2024-04-07 08:56:00
NCR-5450,J-2024-01625,60,grind_deburr,2,dimension,scrap,2024-04-04 17:39:00,2024-04-06 04:21:00
NCR-5451,J-2024-01493,10,laser,6,dimension,rework,2024-04-04 21:21:00,2024-04-10 05:34:00
NCR-5452,J-2024-01607,30,robotic_weld,18,burr,rework,2024-04-04 11:07:00,2024-04-11 05:46:00
NCR-5453,J-2024-01659,10,laser,18,dimension,rework,2024-04-09 12:36:00,2024-04-12 21:29:00
NCR-5454,J-2024-01717,30,press_brake,1,dimension,use_as_is,2024-04-10 05:28:00,2024-04-12 02:28:00
NCR-5455,J-2024-01689,20,grind_deburr,6,flatness,scrap,2024-04-10 06:35:00,2024-04-11 23:08:00
NCR-5456,J-2024-01759,40,hardware,2,wrong_material,rework,2024-04-11 02:34:00,2024-04-17 03:43:00
NCR-5457,J-2024-01716,40,press_brake,12,flatness,scrap,2024-04-10 09:00:00,2024-04-13 11:54:00
NCR-5458,J-2024-01721,40,hardware,3,burr,rework,2024-04-11 17:32:00,2024-04-17 06:00:00
NCR-5459,J-2024-01790,40,weld,7,weld_defect,scrap,2024-04-12 23:37:00,2024-04-16 10:21:00
NCR-5460,J-2024-01598,50,weld,22,dimension,rework,2024-04-12 07:58:00,2024-04-17 17:47:00
NCR-5461,J-2024-01736,40,powder_coat,6,burr,rework,2024-04-16 05:37:00,2024-04-20 15:48:00
NCR-5462,J-2024-01617,10,laser,50,dimension,scrap,2024-04-15 21:05:00,2024-04-17 15:03:00
NCR-5463,J-2024-01804,40,weld,1,dimension,rework,2024-04-17 13:46:00,2024-04-20 17:38:00
NCR-5464,J-2024-01782,40,weld,7,flatness,rework,2024-04-19 03:51:00,2024-04-24 10:04:00
NCR-5465,J-2024-01839,30,hardware,4,finish,rework,2024-04-17 10:33:00,2024-04-23 07:39:00
NCR-5466,J-2024-01733,40,robotic_weld,12,burr,rework,2024-04-18 04:35:00,2024-04-20 21:01:00
NCR-5467,J-2024-01865,40,weld,1,dimension,rework,2024-04-22 01:23:00,2024-04-24 23:36:00
NCR-5468,J-2024-01851,20,grind_deburr,1,burr,rework,2024-04-19 15:27:00,2024-04-25 09:19:00
NCR-5469,J-2024-01807,40,weld,6,weld_defect,rework,2024-04-19 20:14:00,2024-04-24 08:00:00
NCR-5470,J-2024-01897,30,press_brake,4,flatness,scrap,2024-04-19 10:48:00,2024-04-20 08:27:00
NCR-5471,J-2024-01882,50,weld,24,dimension,scrap,2024-04-22 09:03:00,2024-04-24 09:33:00
NCR-5472,J-2024-01697,10,laser,1,burr,rework,2024-04-23 22:20:00,2024-04-26 04:22:00
NCR-5473,J-2024-01905,30,weld,14,flatness,rework,2024-04-23 05:37:00,2024-04-27 19:15:00
NCR-5474,J-2024-01876,40,weld,1,hardware,rework,2024-04-23 06:36:00,2024-04-26 20:52:00
NCR-5475,J-2024-01927,40,powder_coat,8,burr,use_as_is,2024-04-24 02:58:00,2024-04-25 23:27:00
NCR-5476,J-2024-01982,40,weld,1,flatness,use_as_is,2024-04-26 23:14:00,2024-05-01 07:29:00
NCR-5477,J-2024-02046,30,weld,10,burr,rework,2024-04-29 20:23:00,2024-05-04 08:37:00
NCR-5478,J-2024-02061,20,grind_deburr,1,finish,use_as_is,2024-04-30 07:21:00,2024-05-02 07:17:00
NCR-5479,J-2024-02052,20,grind_deburr,18,flatness,rework,2024-05-01 17:55:00,2024-05-04 23:36:00
NCR-5480,J-2024-01975,30,press_brake,1,dimension,rework,2024-05-01 19:14:00,2024-05-04 03:02:00
NCR-5481,J-2024-02147,40,weld,6,dimension,rework,2024-05-06 05:22:00,2024-05-08 18:03:00
NCR-5482,J-2024-02070,40,weld,3,flatness,scrap,2024-05-06 22:02:00,2024-05-08 00:05:00
NCR-5483,J-2024-02134,20,grind_deburr,1,dimension,rework,2024-05-07 10:35:00,2024-05-10 23:16:00
NCR-5484,J-2024-02186,10,laser,26,dimension,rework,2024-05-07 12:43:00,2024-05-10 06:03:00
NCR-5485,J-2024-02015,50,weld,1,finish,rework,2024-05-07 17:53:00,2024-05-11 22:12:00
NCR-5486,J-2024-02236,50,robotic_weld,1,burr,scrap,2024-05-09 14:59:00,2024-05-12 02:11:00
NCR-5487,J-2024-02209,20,grind_deburr,9,dimension,rework,2024-05-13 05:15:00,2024-05-15 07:37:00
NCR-5488,J-2024-02227,40,weld,10,weld_defect,rework,2024-05-09 23:48:00,2024-05-15 22:05:00
NCR-5489,J-2024-02271,40,powder_coat,10,finish,scrap,2024-05-13 00:29:00,2024-05-14 07:36:00
NCR-5490,J-2024-02268,50,weld,1,flatness,rework,2024-05-10 20:33:00,2024-05-16 05:49:00
NCR-5491,J-2024-02224,40,powder_coat,2,finish,rework,2024-05-14 21:07:00,2024-05-19 11:15:00
NCR-5492,J-2024-02246,40,weld,1,weld_defect,rework,2024-05-15 23:17:00,2024-05-19 08:28:00
NCR-5493,J-2024-02144,40,weld,10,dimension,rework,2024-05-14 07:34:00,2024-05-18 23:16:00
NCR-5494,J-2024-02302,20,press_brake,13,hardware,use_as_is,2024-05-15 11:55:00,2024-05-16 12:06:00
NCR-5495,J-2024-02353,40,weld,11,dimension,scrap,2024-05-20 08:39:00,2024-05-21 14:07:00
NCR-5496,J-2024-02304,30,hardware,10,dimension,scrap,2024-05-17 23:28:00,2024-05-20 23:05:00
NCR-5497,J-2024-02396,10,laser,1,flatness,rework,2024-05-22 08:37:00,2024-05-24 06:46:00
NCR-5498,J-2024-02472,20,grind_deburr,11,wrong_material,rework,2024-05-22 20:54:00,2024-05-26 07:00:00
NCR-5499,J-2024-02465,20,press_brake,43,burr,scrap,2024-05-21 13:22:00,2024-05-22 22:45:00
NCR-5500,J-2024-02374,20,grind_deburr,4,dimension,use_as_is,2024-05-23 18:07:00,2024-05-24 18:19:00
NCR-5501,J-2024-02486,40,weld,1,dimension,rework,2024-05-28 01:33:00,2024-05-31 18:19:00
NCR-5502,J-2024-02530,20,grind_deburr,1,weld_defect,rework,2024-05-24 23:23:00,2024-05-29 07:25:00
NCR-5503,J-2024-02550,40,weld,9,dimension,use_as_is,2024-05-28 20:25:00,2024-05-31 04:22:00
NCR-5504,J-2024-02410,40,powder_coat,1,burr,rework,2024-05-30 01:34:00,2024-06-05 01:17:00
NCR-5505,J-2024-02623,10,laser,26,burr,scrap,2024-05-29 16:45:00,2024-05-30 22:09:00
NCR-5506,J-2024-02631,30,weld,1,weld_defect,rework,2024-05-30 07:36:00,2024-06-04 11:43:00
NCR-5507,J-2024-02697,40,hardware,61,burr,rework,2024-06-04 08:12:00,2024-06-07 11:54:00
NCR-5508,J-2024-02729,20,grind_deburr,4,dimension,rework,2024-06-06 23:22:00,2024-06-11 16:58:00
NCR-5509,J-2024-02655,20,press_brake,27,finish,scrap,2024-06-06 06:52:00,2024-06-07 18:03:00
NCR-5510,J-2024-02662,50,weld,5,dimension,scrap,2024-06-07 21:06:00,2024-06-12 08:18:00
NCR-5511,J-2024-02773,40,powder_coat,5,finish,rework,2024-06-06 13:14:00,2024-06-13 14:36:00
NCR-5512,J-2024-02854,20,grind_deburr,4,burr,rework,2024-06-12 02:18:00,2024-06-15 17:43:00
NCR-5513,J-2024-02821,10,laser,7,flatness,rework,2024-06-10 08:34:00,2024-06-13 09:34:00
NCR-5514,J-2024-02844,30,press_brake,1,hardware,scrap,2024-06-14 06:49:00,2024-06-16 09:13:00
NCR-5515,J-2024-02827,40,weld,6,weld_defect,rework,2024-06-14 09:07:00,2024-06-20 04:14:00
NCR-5516,J-2024-02987,20,grind_deburr,13,dimension,scrap,2024-06-14 06:29:00,2024-06-15 13:06:00
NCR-5517,J-2024-03021,20,grind_deburr,14,dimension,rework,2024-06-17 20:45:00,2024-06-20 09:50:00
NCR-5518,J-2024-03036,10,laser,5,wrong_material,rework,2024-06-19 00:45:00,2024-06-21 18:34:00
NCR-5519,J-2024-02957,40,weld,3,weld_defect,scrap,2024-06-19 06:47:00,2024-06-20 04:43:00
NCR-5520,J-2024-03078,10,laser,40,weld_defect,rework,2024-06-19 18:57:00,2024-06-22 02:14:00
NCR-5521,J-2024-03081,20,grind_deburr,2,wrong_material,rework,2024-06-19 21:42:00,2024-06-23 05:01:00
NCR-5522,J-2024-03070,30,weld,1,weld_defect,scrap,2024-06-20 00:21:00,2024-06-22 07:05:00
NCR-5523,J-2024-03019,50,weld,7,dimension,rework,2024-06-19 23:41:00,2024-06-21 19:10:00
NCR-5524,J-2024-03102,10,punch,3,weld_defect,use_as_is,2024-06-20 22:33:00,2024-06-22 06:13:00
NCR-5525,J-2024-03023,40,weld,57,burr,rework,2024-06-20 18:32:00,2024-06-25 18:18:00
NCR-5526,J-2024-03119,10,laser,13,flatness,scrap,2024-06-21 12:32:00,2024-06-24 23:44:00
NCR-5527,J-2024-02976,30,weld,10,flatness,use_as_is,2024-06-21 02:41:00,2024-06-23 11:26:00
NCR-5528,J-2024-02967,60,powder_coat,4,weld_defect,rework,2024-06-24 06:03:00,2024-06-27 00:22:00
NCR-5529,J-2024-02937,30,powder_coat,2,hardware,use_as_is,2024-06-25 05:19:00,2024-06-26 19:44:00
NCR-5530,J-2024-03085,40,hardware,3,wrong_material,rework,2024-06-26 15:52:00,2024-07-01 14:45:00
NCR-5531,J-2024-03232,10,laser,1,flatness,use_as_is,2024-06-27 12:25:00,2024-06-28 13:02:00
NCR-5532,J-2024-03140,40,weld,6,dimension,use_as_is,2024-06-28 03:09:00,2024-06-29 06:45:00
NCR-5533,J-2024-03264,40,powder_coat,1,hardware,use_as_is,2024-06-28 11:36:00,2024-06-29 10:05:00
NCR-5534,J-2024-03024,40,weld,1,flatness,rework,2024-07-01 05:04:00,2024-07-04 08:42:00
NCR-5535,J-2024-03183,50,weld,4,dimension,rework,2024-07-01 08:03:00,2024-07-04 21:44:00
NCR-5536,J-2024-03286,30,weld,7,dimension,rework,2024-07-02 01:07:00,2024-07-06 04:02:00
NCR-5537,J-2024-03256,10,laser,15,wrong_material,scrap,2024-07-02 12:53:00,2024-07-04 22:03:00
NCR-5538,J-2024-03346,40,weld,2,hardware,use_as_is,2024-07-05 03:12:00,2024-07-07 11:34:00
NCR-5539,J-2024-03330,10,laser,1,dimension,rework,2024-07-08 21:17:00,2024-07-12 02:19:00
NCR-5540,J-2024-03424,40,hardware,4,wrong_material,rework,2024-07-12 01:40:00,2024-07-17 01:56:00
NCR-5541,J-2024-03485,40,weld,17,finish,rework,2024-07-10 10:58:00,2024-07-14 14:12:00
NCR-5542,J-2024-03437,40,hardware,1,burr,use_as_is,2024-07-12 19:37:00,2024-07-17 12:41:00
NCR-5543,J-2024-03446,40,hardware,1,dimension,rework,2024-07-12 17:48:00,2024-07-18 07:05:00
NCR-5544,J-2024-03514,40,powder_coat,17,dimension,rework,2024-07-17 06:34:00,2024-07-21 21:58:00
NCR-5545,J-2024-03543,40,weld,1,dimension,rework,2024-07-16 07:52:00,2024-07-19 18:35:00
NCR-5546,J-2024-03586,20,grind_deburr,32,weld_defect,rework,2024-07-19 01:02:00,2024-07-25 01:46:00
NCR-5547,J-2024-03413,30,weld,4,weld_defect,scrap,2024-07-23 14:42:00,2024-07-26 09:27:00
NCR-5548,J-2024-03522,40,assembly,1,dimension,rework,2024-07-24 05:20:00,2024-07-27 11:57:00
NCR-5549,J-2024-03636,10,laser,7,weld_defect,scrap,2024-07-24 13:02:00,2024-07-26 18:13:00
NCR-5550,J-2024-03681,20,grind_deburr,3,flatness,use_as_is,2024-07-24 01:49:00,2024-07-26 09:09:00
NCR-5551,J-2024-03660,10,laser,8,hardware,scrap,2024-07-23 11:02:00,2024-07-24 01:31:00
NCR-5552,J-2024-03672,40,powder_coat,1,flatness,rework,2024-07-26 00:00:00,2024-07-30 16:31:00
NCR-5553,J-2024-03658,50,weld,1,dimension,rework,2024-07-26 19:46:00,2024-08-01 04:56:00
NCR-5554,J-2024-03742,20,press_brake,6,dimension,scrap,2024-07-30 06:38:00,2024-08-01 06:56:00
NCR-5555,J-2024-03740,10,laser,1,dimension,scrap,2024-07-29 15:41:00,2024-07-31 00:34:00
NCR-5556,J-2024-03653,40,robotic_weld,5,flatness,scrap,2024-07-30 09:59:00,2024-07-31 05:06:00
NCR-5557,J-2024-03646,40,weld,4,dimension,scrap,2024-07-31 22:49:00,2024-08-03 02:29:00
NCR-5558,J-2024-03715,40,weld,6,flatness,scrap,2024-07-31 09:12:00,2024-08-01 15:29:00
NCR-5559,J-2024-03797,20,press_brake,6,weld_defect,scrap,2024-08-01 21:52:00,2024-08-04 00:50:00
NCR-5560,J-2024-03812,40,weld,1,dimension,scrap,2024-08-05 03:28:00,2024-08-07 07:06:00
NCR-5561,J-2024-03810,20,press_brake,1,burr,rework,2024-08-02 13:33:00,2024-08-06 05:51:00
NCR-5562,J-2024-03754,40,grind_deburr,1,weld_defect,rework,2024-08-06 09:06:00,2024-08-11 02:02:00
NCR-5563,J-2024-03862,40,weld,7,flatness,rework,2024-08-07 03:36:00,2024-08-08 21:11:00
NCR-5564,J-2024-03883,30,weld,1,dimension,rework,2024-08-08 00:14:00,2024-08-13 16:49:00
NCR-5565,J-2024-03927,40,hardware,17,hardware,use_as_is,2024-08-09 10:15:00,2024-08-10 15:02:00
NCR-5566,J-2024-03906,40,hardware,2,dimension,rework,2024-08-08 10:49:00,2024-08-12 01:05:00
NCR-5567,J-2024-03955,40,powder_coat,14,flatness,rework,2024-08-09 05:45:00,2024-08-15 02:51:00
NCR-5568,J-2024-03985,30,weld,1,dimension,rework,2024-08-12 14:48:00,2024-08-15 16:42:00
NCR-5569,J-2024-03738,40,weld,117,dimension,rework,2024-08-13 02:38:00,2024-08-16 11:31:00
NCR-5570,J-2024-03990,10,laser,1,flatness,scrap,2024-08-15 19:43:00,2024-08-18 03:53:00
NCR-5571,J-2024-04033,30,weld,7,dimension,use_as_is,2024-08-14 22:28:00,2024-08-15 19:30:00
NCR-5572,J-2024-04013,10,laser,2,finish,rework,2024-08-16 03:17:00,2024-08-20 13:33:00
NCR-5573,J-2024-03999,30,press_brake,11,hardware,rework,2024-08-16 05:50:00,2024-08-21 11:23:00
NCR-5574,J-2024-04020,40,powder_coat,26,hardware,scrap,2024-08-19 01:02:00,2024-08-20 23:08:00
NCR-5575,J-2024-04002,40,weld,1,weld_defect,rework,2024-08-20 02:45:00,2024-08-24 19:35:00
NCR-5576,J-2024-04043,10,punch,42,hardware,use_as_is,2024-08-20 04:28:00,2024-08-22 09:25:00
NCR-5577,J-2024-04101,30,weld,1,weld_defect,rework,2024-08-20 21:43:00,2024-08-24 02:10:00
NCR-5578,J-2024-04088,50,weld,1,dimension,rework,2024-08-20 08:47:00,2024-08-23 20:17:00
NCR-5579,J-2024-04144,20,grind_deburr,1,dimension,rework,2024-08-21 23:06:00,2024-08-27 18:54:00
NCR-5580,J-2024-04145,10,punch,1,finish,rework,2024-08-21 12:51:00,2024-08-24 23:04:00
NCR-5581,J-2024-04137,10,laser,1,weld_defect,rework,2024-08-22 14:28:00,2024-08-28 14:01:00
NCR-5582,J-2024-04190,10,punch,2,dimension,rework,2024-08-22 21:41:00,2024-08-28 20:35:00
NCR-5583,J-2024-04131,40,weld,4,weld_defect,scrap,2024-08-27 04:11:00,2024-08-28 12:31:00
NCR-5584,J-2024-04062,30,press_brake,129,flatness,rework,2024-08-27 06:18:00,2024-08-30 20:03:00
NCR-5585,J-2024-04271,30,hardware,6,dimension,scrap,2024-09-03 00:45:00,2024-09-04 13:40:00
NCR-5586,J-2024-04333,10,laser,23,hardware,scrap,2024-08-30 18:13:00,2024-09-04 00:20:00
NCR-5587,J-2024-04284,40,grind_deburr,23,flatness,use_as_is,2024-08-30 07:25:00,2024-09-01 00:50:00
NCR-5588,J-2024-04199,40,hardware,2,weld_defect,rework,2024-09-04 20:18:00,2024-09-07 11:09:00
NCR-5589,J-2024-04287,30,hardware,2,dimension,use_as_is,2024-09-05 04:45:00,2024-09-07 09:12:00
NCR-5590,J-2024-04177,50,weld,78,flatness,rework,2024-09-06 05:42:00,2024-09-11 23:15:00
NCR-5591,J-2024-04452,10,laser,1,weld_defect,scrap,2024-09-05 23:48:00,2024-09-08 19:51:00
NCR-5592,J-2024-04424,20,press_brake,3,wrong_material,rework,2024-09-09 04:39:00,2024-09-13 15:59:00
NCR-5593,J-2024-04456,20,grind_deburr,1,flatness,rework,2024-09-09 04:37:00,2024-09-13 14:19:00
NCR-5594,J-2024-04473,10,laser,6,weld_defect,use_as_is,2024-09-10 13:20:00,2024-09-12 13:47:00
NCR-5595,J-2024-04417,50,weld,8,dimension,scrap,2024-09-13 21:11:00,2024-09-18 06:14:00
NCR-5596,J-2024-04529,20,press_brake,23,finish,rework,2024-09-17 08:57:00,2024-09-20 10:31:00
NCR-5597,J-2024-04543,50,weld,3,weld_defect,rework,2024-09-18 15:11:00,2024-09-22 08:04:00
NCR-5598,J-2024-04468,30,press_brake,6,burr,rework,2024-09-18 07:11:00,2024-09-21 09:41:00
NCR-5599,J-2024-04374,40,weld,1,dimension,rework,2024-09-20 09:39:00,2024-09-24 14:56:00
NCR-5600,J-2024-04458,60,grind_deburr,16,weld_defect,scrap,2024-09-20 19:54:00,2024-09-25 08:27:00
NCR-5601,J-2024-04396,30,weld,1,dimension,rework,2024-09-20 21:44:00,2024-09-27 16:04:00
NCR-5602,J-2024-04752,10,laser,30,burr,rework,2024-09-24 02:37:00,2024-09-27 23:46:00
NCR-5603,J-2024-04707,20,grind_deburr,1,wrong_material,scrap,2024-09-25 14:01:00,2024-09-26 23:20:00
NCR-5604,J-2024-04854,20,grind_deburr,4,wrong_material,scrap,2024-09-25 08:15:00,2024-09-27 02:56:00
NCR-5605,J-2024-04739,20,press_brake,4,dimension,rework,2024-09-24 15:22:00,2024-09-28 05:10:00
NCR-5606,J-2024-04742,50,weld,21,wrong_material,rework,2024-09-27 00:02:00,2024-10-02 00:29:00
NCR-5607,J-2024-04807,30,hardware,8,wrong_material,rework,2024-09-27 06:54:00,2024-10-02 05:09:00
NCR-5608,J-2024-04694,40,weld,11,weld_defect,scrap,2024-09-30 02:26:00,2024-09-30 18:18:00
NCR-5609,J-2024-04802,40,press_brake,16,dimension,scrap,2024-09-26 21:08:00,2024-09-29 10:09:00
NCR-5610,J-2024-04839,10,laser,1,finish,use_as_is,2024-09-30 15:02:00,2024-10-03 12:36:00
NCR-5611,J-2024-04658,50,weld,8,flatness,rework,2024-10-01 12:27:00,2024-10-04 21:51:00
NCR-5612,J-2024-04709,30,press_brake,55,hardware,scrap,2024-10-02 03:04:00,2024-10-02 18:24:00
NCR-5613,J-2024-04937,20,grind_deburr,1,flatness,use_as_is,2024-10-03 04:44:00,2024-10-05 22:05:00
NCR-5614,J-2024-04919,40,weld,5,wrong_material,scrap,2024-10-03 00:01:00,2024-10-03 21:10:00
NCR-5615,J-2024-05034,10,laser,7,dimension,scrap,2024-10-04 03:39:00,2024-10-04 20:32:00
NCR-5616,J-2024-04786,40,powder_coat,26,weld_defect,scrap,2024-10-04 19:34:00,2024-10-07 11:19:00
NCR-5617,J-2024-05019,30,robotic_weld,3,burr,rework,2024-10-04 11:23:00,2024-10-09 15:09:00
NCR-5618,J-2024-04823,40,powder_coat,2,hardware,rework,2024-10-03 13:10:00,2024-10-09 21:57:00
NCR-5619,J-2024-04522,40,weld,13,dimension,rework,2024-10-08 00:53:00,2024-10-11 11:34:00
NCR-5620,J-2024-05004,50,weld,1,dimension,use_as_is,2024-10-08 11:02:00,2024-10-09 13:01:00
NCR-5621,J-2024-05158,50,weld,1,dimension,rework,2024-10-11 06:31:00,2024-10-17 12:46:00
NCR-5622,J-2024-05127,10,laser,1,weld_defect,scrap,2024-10-10 18:23:00,2024-10-12 20:46:00
NCR-5623,J-2024-05043,50,robotic_weld,60,weld_defect,rework,2024-10-10 07:09:00,2024-10-12 04:32:00
NCR-5624,J-2024-05208,10,laser,2,dimension,rework,2024-10-11 18:08:00,2024-10-16 19:26:00
NCR-5625,J-2024-05078,10,laser,2,dimension,scrap,2024-10-11 23:39:00,2024-10-16 05:00:00
NCR-5626,J-2024-05222,40,weld,3,weld_defect,use_as_is,2024-10-15 08:24:00,2024-10-17 17:51:00
NCR-5627,J-2024-05197,20,grind_deburr,1,hardware,rework,2024-10-14 09:52:00,2024-10-17 00:22:00
NCR-5628,J-2024-05102,50,powder_coat,2,finish,rework,2024-10-16 01:29:00,2024-10-17 23:45:00
NCR-5629,J-2024-05328,10,laser,11,wrong_material,scrap,2024-10-17 06:42:00,2024-10-18 08:49:00
NCR-5630,J-2024-05153,50,weld,11,dimension,rework,2024-10-17 23:59:00,2024-10-22 12:21:00
NCR-5631,J-2024-05145,30,weld,6,burr,rework,2024-10-18 21:57:00,2024-10-25 16:24:00
NCR-5632,J-2024-05024,30,weld,4,weld_defect,scrap,2024-10-21 19:28:00,2024-10-24 21:52:00
NCR-5633,J-2024-05394,10,laser,40,finish,rework,2024-10-22 04:19:00,2024-10-24 14:07:00
NCR-5634,J-2024-05039,50,weld,20,weld_defect,scrap,2024-10-22 08:37:00,2024-10-25 04:49:00
NCR-5635,J-2024-05274,50,powder_coat,1,wrong_material,scrap,2024-10-22 17:14:00,2024-10-25 05:59:00
NCR-5636,J-2024-05187,20,grind_deburr,9,dimension,rework,2024-10-22 19:09:00,2024-10-26 02:58:00
NCR-5637,J-2024-05030,50,weld,1,dimension,scrap,2024-10-23 04:06:00,2024-10-25 21:04:00
NCR-5638,J-2024-05137,40,weld,45,flatness,rework,2024-10-23 04:41:00,2024-10-28 03:48:00
NCR-5639,J-2024-05357,50,weld,3,weld_defect,use_as_is,2024-10-22 12:21:00,2024-10-24 06:06:00
NCR-5640,J-2024-05276,40,weld,6,flatness,rework,2024-10-28 20:58:00,2024-11-02 02:23:00
NCR-5641,J-2024-05464,40,weld,6,weld_defect,scrap,2024-10-25 07:33:00,2024-10-27 16:46:00
NCR-5642,J-2024-05502,20,press_brake,21,wrong_material,scrap,2024-10-29 20:05:00,2024-10-31 12:55:00
NCR-5643,J-2024-05510,20,grind_deburr,14,wrong_material,scrap,2024-10-29 22:27:00,2024-10-30 21:24:00
NCR-5644,J-2024-05467,50,weld,1,dimension,scrap,2024-10-29 21:35:00,2024-10-31 16:38:00
NCR-5645,J-2024-05247,40,assembly,21,hardware,use_as_is,2024-10-30 01:27:00,2024-10-31 11:06:00
NCR-5646,J-2024-05494,40,weld,2,dimension,rework,2024-10-30 22:38:00,2024-11-02 23:44:00
NCR-5647,J-2024-05533,50,weld,10,weld_defect,use_as_is,2024-10-31 11:02:00,2024-11-02 22:01:00
NCR-5648,J-2024-05406,10,laser,1,dimension,rework,2024-10-31 02:23:00,2024-11-02 06:17:00
NCR-5649,J-2024-05514,50,press_brake,3,dimension,rework,2024-11-01 06:10:00,2024-11-07 02:56:00
NCR-5650,J-2024-05582,40,weld,1,dimension,rework,2024-11-04 14:08:00,2024-11-07 10:41:00
NCR-5651,J-2024-05620,20,grind_deburr,44,dimension,scrap,2024-11-05 05:06:00,2024-11-05 22:39:00
NCR-5652,J-2024-05647,30,press_brake,1,weld_defect,rework,2024-11-04 06:45:00,2024-11-08 20:22:00
NCR-5653,J-2024-05607,40,weld,2,weld_defect,scrap,2024-11-04 08:24:00,2024-11-06 10:56:00
NCR-5654,J-2024-05690,10,laser,2,weld_defect,rework,2024-11-06 02:48:00,2024-11-10 10:06:00
NCR-5655,J-2024-05600,30,press_brake,23,dimension,scrap,2024-11-06 16:28:00,2024-11-08 14:03:00
NCR-5656,J-2024-05610,30,weld,45,dimension,rework,2024-11-07 02:24:00,2024-11-11 06:26:00
NCR-5657,J-2024-05637,30,press_brake,2,hardware,rework,2024-11-08 19:02:00,2024-11-14 23:16:00
NCR-5658,J-2024-05727,40,weld,12,flatness,scrap,2024-11-11 05:36:00,2024-11-12 07:40:00
NCR-5659,J-2024-05787,40,weld,9,weld_defect,rework,2024-11-13 07:26:00,2024-11-18 08:06:00
NCR-5660,J-2024-05700,50,weld,7,dimension,scrap,2024-11-12 21:40:00,2024-11-14 05:12:00
NCR-5661,J-2024-05773,40,weld,8,dimension,scrap,2024-11-12 07:50:00,2024-11-13 08:18:00
NCR-5662,J-2024-05732,40,weld,27,weld_defect,scrap,2024-11-12 08:19:00,2024-11-14 08:26:00
NCR-5663,J-2024-05638,20,grind_deburr,4,hardware,use_as_is,2024-11-13 08:55:00,2024-11-14 14:59:00
NCR-5664,J-2024-05964,30,press_brake,1,dimension,scrap,2024-11-15 03:39:00,2024-11-16 19:08:00
NCR-5665,J-2024-05831,30,hardware,10,weld_defect,scrap,2024-11-15 21:11:00,2024-11-19 22:05:00
NCR-5666,J-2024-05918,50,weld,23,flatness,rework,2024-11-20 06:20:00,2024-11-23 01:48:00
NCR-5667,J-2024-06080,30,press_brake,8,dimension,rework,2024-11-19 19:45:00,2024-11-22 04:18:00
NCR-5668,J-2024-06102,30,weld,25,weld_defect,rework,2024-11-22 07:51:00,2024-11-27 11:28:00
NCR-5669,J-2024-05903,30,hardware,16,wrong_material,rework,2024-11-26 12:45:00,2024-12-03 04:00:00
NCR-5670,J-2024-06011,10,laser,4,weld_defect,use_as_is,2024-11-25 14:49:00,2024-11-27 13:32:00
NCR-5671,J-2024-05982,30,press_brake,14,hardware,rework,2024-11-26 07:56:00,2024-11-29 05:15:00
NCR-5672,J-2024-05947,50,weld,8,weld_defect,scrap,2024-11-27 13:28:00,2024-11-30 11:39:00
NCR-5673,J-2024-05472,40,powder_coat,2,wrong_material,rework,2024-11-27 19:44:00,2024-12-05 11:39:00
NCR-5674,J-2024-06070,50,powder_coat,1,weld_defect,scrap,2024-11-26 11:18:00,2024-11-27 07:03:00
NCR-5675,J-2024-06136,30,press_brake,4,wrong_material,scrap,2024-11-27 07:45:00,2024-11-29 15:17:00
NCR-5676,J-2024-05829,30,weld,4,flatness,scrap,2024-12-02 04:08:00,2024-12-02 20:24:00
NCR-5677,J-2024-06296,20,grind_deburr,85,burr,rework,2024-12-02 23:34:00,2024-12-06 14:18:00
NCR-5678,J-2024-06058,30,press_brake,89,burr,rework,2024-12-04 05:41:00,2024-12-10 22:13:00
NCR-5679,J-2024-05615,40,weld,3,flatness,rework,2024-12-04 02:37:00,2024-12-07 07:38:00
NCR-5680,J-2024-06286,20,press_brake,1,burr,scrap,2024-12-04 10:19:00,2024-12-05 06:25:00
NCR-5681,J-2024-06004,40,weld,5,dimension,rework,2024-12-05 17:01:00,2024-12-12 01:57:00
NCR-5682,J-2024-06141,10,laser,1,weld_defect,rework,2024-12-06 09:08:00,2024-12-12 21:42:00
NCR-5683,J-2024-06392,40,hardware,30,dimension,rework,2024-12-04 11:08:00,2024-12-10 02:40:00
NCR-5684,J-2024-06198,30,press_brake,1,weld_defect,use_as_is,2024-12-06 03:47:00,2024-12-08 10:32:00
NCR-5685,J-2024-06486,10,laser,2,weld_defect,use_as_is,2024-12-05 06:18:00,2024-12-07 20:35:00
NCR-5686,J-2024-06531,10,punch,3,burr,rework,2024-12-06 23:42:00,2024-12-13 00:35:00
NCR-5687,J-2024-06254,50,weld,15,dimension,use_as_is,2024-12-06 22:53:00,2024-12-10 09:07:00
NCR-5688,J-2024-06303,20,grind_deburr,11,flatness,scrap,2024-12-10 02:59:00,2024-12-10 19:10:00
NCR-5689,J-2024-06307,40,weld,1,flatness,rework,2024-12-11 09:27:00,2024-12-14 12:04:00
NCR-5690,J-2024-06189,40,weld,3,flatness,scrap,2024-12-12 09:29:00,2024-12-13 13:18:00
NCR-5691,J-2024-06305,70,powder_coat,16,flatness,rework,2024-12-11 20:14:00,2024-12-16 18:22:00
NCR-5692,J-2024-06081,40,hardware,1,flatness,rework,2024-12-12 11:57:00,2024-12-17 02:35:00
NCR-5693,J-2024-06250,50,powder_coat,3,burr,scrap,2024-12-13 06:15:00,2024-12-14 23:44:00
NCR-5694,J-2024-06314,30,hardware,5,burr,use_as_is,2024-12-16 05:53:00,2024-12-17 07:10:00
NCR-5695,J-2024-06706,20,grind_deburr,8,hardware,rework,2024-12-16 02:35:00,2024-12-20 02:42:00
NCR-5696,J-2024-06351,30,press_brake,9,flatness,scrap,2024-12-16 10:37:00,2024-12-18 10:41:00
NCR-5697,J-2024-06409,40,weld,1,weld_defect,rework,2024-12-17 12:26:00,2024-12-22 22:17:00
NCR-5698,J-2024-06610,40,powder_coat,5,finish,scrap,2024-12-18 15:42:00,2024-12-19 22:38:00
NCR-5699,J-2024-06484,40,weld,2,flatness,scrap,2024-12-18 17:29:00,2024-12-20 19:08:00
NCR-5700,J-2024-06111,40,weld,2,weld_defect,rework,2024-12-18 18:01:00,2024-12-21 09:21:00
NCR-5701,J-2024-06639,50,weld,4,dimension,scrap,2024-12-18 07:47:00,2024-12-20 03:40:00
NCR-5702,J-2024-06797,10,laser,1,burr,rework,2024-12-18 23:54:00,2024-12-25 00:02:00
NCR-5703,J-2024-06702,10,laser,10,burr,rework,2024-12-19 06:39:00,2024-12-21 12:27:00
NCR-5704,J-2024-06338,50,weld,33,dimension,scrap,2024-12-19 19:21:00,2024-12-22 06:55:00
NCR-5705,J-2024-06420,20,press_brake,1,wrong_material,use_as_is,2024-12-23 21:51:00,2025-01-03 23:43:00
NCR-5706,J-2024-06550,20,grind_deburr,1,hardware,use_as_is,2025-01-02 06:25:00,2025-01-05 07:04:00
NCR-5707,J-2024-06088,30,press_brake,3,dimension,rework,2024-12-23 20:54:00,2025-01-03 17:12:00
NCR-5708,J-2024-06363,30,hardware,1,hardware,rework,2025-01-02 04:28:00,2025-01-05 10:19:00
NCR-5709,J-2024-06208,40,weld,4,weld_defect,rework,2025-01-03 14:02:00,2025-01-07 13:39:00
NCR-5710,J-2024-06558,30,press_brake,3,dimension,rework,2025-01-03 10:29:00,2025-01-09 06:36:00
NCR-5711,J-2024-06317,50,weld,6,weld_defect,rework,2025-01-02 13:09:00,2025-01-07 21:24:00
NCR-5712,J-2024-06690,10,laser,7,flatness,scrap,2025-01-04 17:54:00,2025-01-07 10:07:00
NCR-5713,J-2024-06771,30,weld,48,wrong_material,rework,2025-01-07 23:22:00,2025-01-12 05:28:00
NCR-5714,J-2024-06758,60,powder_coat,1,weld_defect,scrap,2025-01-07 09:29:00,2025-01-08 12:47:00
NCR-5715,J-2024-06657,20,grind_deburr,18,flatness,use_as_is,2025-01-09 11:42:00,2025-01-11 07:56:00
NCR-5716,J-2025-00007,10,laser,1,weld_defect,rework,2025-01-09 06:17:00,2025-01-15 00:46:00
NCR-5717,J-2024-06589,10,laser,4,dimension,rework,2025-01-10 07:13:00,2025-01-15 11:35:00
NCR-5718,J-2024-06442,50,weld,10,weld_defect,scrap,2025-01-14 09:43:00,2025-01-15 18:43:00
NCR-5719,J-2024-06831,30,press_brake,1,wrong_material,rework,2025-01-10 11:59:00,2025-01-15 15:12:00
NCR-5720,J-2024-06835,60,assembly,3,burr,scrap,2025-01-11 09:09:00,2025-01-14 06:19:00
NCR-5721,J-2024-07076,20,press_brake,1,finish,rework,2025-01-13 20:16:00,2025-01-17 16:45:00
NCR-5722,J-2024-06950,50,weld,24,weld_defect,use_as_is,2025-01-14 15:15:00,2025-01-17 06:51:00
NCR-5723,J-2024-06868,40,weld,4,flatness,rework,2025-01-15 11:21:00,2025-01-18 20:25:00
NCR-5724,J-2024-07096,40,weld,2,dimension,scrap,2025-01-14 10:31:00,2025-01-15 07:46:00
NCR-5725,J-2025-00198,10,laser,6,flatness,scrap,2025-01-16 12:06:00,2025-01-18 16:17:00
NCR-5726,J-2024-06493,20,grind_deburr,2,wrong_material,rework,2025-01-15 11:06:00,2025-01-22 00:18:00
NCR-5727,J-2024-06629,10,laser,10,burr,rework,2025-01-17 01:54:00,2025-01-23 18:08:00
NCR-5728,J-2024-06640,40,robotic_weld,6,weld_defect,rework,2025-01-20 05:08:00,2025-01-24 16:14:00
NCR-5729,J-2024-06977,20,press_brake,155,dimension,rework,2025-01-17 12:52:00,2025-01-22 20:06:00
NCR-5730,J-2025-00147,10,laser,35,finish,rework,2025-01-17 23:29:00,2025-01-23 11:00:00
NCR-5731,J-2024-06962,40,weld,1,weld_defect,scrap,2025-01-17 06:09:00,2025-01-18 10:10:00
NCR-5732,J-2025-00114,10,laser,1,flatness,use_as_is,2025-01-20 05:01:00,2025-01-22 17:13:00
NCR-5733,J-2025-00222,50,weld,1,dimension,use_as_is,2025-01-20 17:50:00,2025-01-23 00:19:00
NCR-5734,J-2025-00102,20,grind_deburr,38,dimension,scrap,2025-01-20 06:30:00,2025-01-21 04:22:00
NCR-5735,J-2024-07006,20,press_brake,4,weld_defect,rework,2025-01-21 17:02:00,2025-01-23 23:47:00
NCR-5736,J-2024-06918,40,weld,6,flatness,rework,2025-01-21 18:22:00,2025-01-24 07:09:00
NCR-5737,J-2025-00096,20,grind_deburr,6,finish,use_as_is,2025-01-20 09:19:00,2025-01-21 14:27:00
NCR-5738,J-2024-06695,40,powder_coat,5,flatness,rework,2025-01-21 14:21:00,2025-01-26 18:09:00
NCR-5739,J-2024-06993,40,robotic_weld,6,wrong_material,rework,2025-01-22 12:08:00,2025-01-25 11:13:00
NCR-5740,J-2024-06955,10,laser,1,dimension,rework,2025-01-23 02:57:00,2025-01-29 10:27:00
NCR-5741,J-2025-00126,20,grind_deburr,1,wrong_material,rework,2025-01-22 04:14:00,2025-01-26 04:55:00
NCR-5742,J-2024-07078,40,weld,21,weld_defect,use_as_is,2025-01-21 22:54:00,2025-01-23 19:34:00
NCR-5743,J-2025-00100,30,press_brake,33,hardware,rework,2025-01-24 09:03:00,2025-01-27 19:10:00
NCR-5744,J-2024-06903,40,powder_coat,24,burr,rework,2025-01-27 04:13:00,2025-01-29 07:23:00
NCR-5745,J-2025-00262,20,grind_deburr,5,dimension,scrap,2025-01-23 09:56:00,2025-01-24 16:37:00
NCR-5746,J-2025-00062,30,press_brake,7,dimension,rework,2025-01-24 18:26:00,2025-01-29 16:51:00
NCR-5747,J-2024-06879,40,weld,18,weld_defect,rework,2025-01-27 09:50:00,2025-01-30 17:04:00
NCR-5748,J-2025-00310,10,laser,5,flatness,rework,2025-01-29 04:18:00,2025-02-01 05:06:00
NCR-5749,J-2025-00477,10,laser,1,hardware,rework,2025-01-30 22:09:00,2025-02-04 20:26:00
NCR-5750,J-2025-00302,50,robotic_weld,1,hardware,rework,2025-01-31 16:33:00,2025-02-06 06:59:00
NCR-5751,J-2025-00261,40,weld,5,hardware,rework,2025-02-04 03:05:00,2025-02-06 04:53:00
NCR-5752,J-2025-00529,10,laser,13,wrong_material,scrap,2025-01-31 07:42:00,2025-02-03 06:28:00
NCR-5753,J-2024-06492,40,weld,1,dimension,use_as_is,2025-02-05 17:13:00,2025-02-06 15:23:00
NCR-5754,J-2024-06738,40,weld,7,weld_defect,rework,2025-02-05 19:46:00,2025-02-11 15:23:00
NCR-5755,J-2025-00583,10,laser,2,hardware,rework,2025-02-06 06:59:00,2025-02-07 17:27:00
NCR-5756,J-2025-00527,10,punch,3,flatness,scrap,2025-02-05 08:44:00,2025-02-08 06:35:00
NCR-5757,J-2025-00363,40,weld,3,flatness,scrap,2025-02-06 00:40:00,2025-02-07 17:02:00
NCR-5758,J-2025-00560,20,grind_deburr,37,dimension,scrap,2025-02-07 02:01:00,2025-02-09 13:20:00
NCR-5759,J-2025-00578,20,grind_deburr,1,flatness,rework,2025-02-10 03:56:00,2025-02-14 21:54:00
NCR-5760,J-2025-00228,20,press_brake,1,weld_defect,scrap,2025-02-10 10:07:00,2025-02-12 03:03:00
NCR-5761,J-2025-00728,20,grind_deburr,3,burr,scrap,2025-02-13 06:17:00,2025-02-15 20:12:00
NCR-5762,J-2025-00436,40,weld,7,dimension,rework,2025-02-12 13:01:00,2025-02-15 08:18:00
NCR-5763,J-2025-00725,40,press_brake,4,hardware,scrap,2025-02-14 04:17:00,2025-02-16 10:46:00
NCR-5764,J-2025-00816,20,grind_deburr,6,weld_defect,rework,2025-02-14 20:51:00,2025-02-20 11:25:00
NCR-5765,J-2025-00526,10,laser,1,finish,rework,2025-02-14 08:01:00,2025-02-19 11:44:00
NCR-5766,J-2025-00874,10,laser,3,hardware,rework,2025-02-17 04:51:00,2025-02-20 23:44:00
NCR-5767,J-2025-00290,50,grind_deburr,178,flatness,rework,2025-02-17 05:30:00,2025-02-20 01:39:00
NCR-5768,J-2025-00184,40,robotic_weld,16,finish,use_as_is,2025-02-17 10:55:00,2025-02-18 11:57:00
NCR-5769,J-2025-00579,60,grind_deburr,17,finish,use_as_is,2025-02-18 01:19:00,2025-02-19 02:40:00
NCR-5770,J-2025-00531,50,weld,16,dimension,rework,2025-02-17 08:00:00,2025-02-22 09:09:00
NCR-5771,J-2025-00534,30,hardware,3,weld_defect,rework,2025-02-19 11:25:00,2025-02-25 19:46:00
NCR-5772,J-2025-00401,50,weld,7,wrong_material,rework,2025-02-19 13:23:00,2025-02-22 05:23:00
NCR-5773,J-2025-00965,10,punch,2,weld_defect,use_as_is,2025-02-20 11:05:00,2025-02-23 03:38:00
NCR-5774,J-2025-00956,10,laser,49,dimension,rework,2025-02-21 15:16:00,2025-02-23 18:08:00
NCR-5775,J-2025-00793,30,press_brake,1,burr,use_as_is,2025-02-21 20:54:00,2025-02-24 11:43:00
NCR-5776,J-2025-00702,40,powder_coat,43,weld_defect,rework,2025-02-25 06:58:00,2025-02-27 07:44:00
NCR-5777,J-2025-00449,40,robotic_weld,4,burr,rework,2025-02-25 08:27:00,2025-03-01 01:53:00
NCR-5778,J-2025-00712,40,grind_deburr,7,dimension,scrap,2025-02-25 12:58:00,2025-02-27 16:10:00
NCR-5779,J-2025-00932,30,press_brake,4,finish,scrap,2025-02-26 13:06:00,2025-02-27 13:51:00
NCR-5780,J-2025-00387,40,weld,1,dimension,rework,2025-02-26 10:21:00,2025-03-01 03:51:00
NCR-5781,J-2025-00670,40,weld,138,dimension,rework,2025-02-27 02:09:00,2025-03-05 05:31:00
NCR-5782,J-2025-01016,10,laser,4,burr,rework,2025-02-27 11:04:00,2025-03-04 03:58:00
NCR-5783,J-2025-01145,20,grind_deburr,8,wrong_material,rework,2025-02-27 03:24:00,2025-03-03 17:16:00
NCR-5784,J-2025-01091,50,weld,4,finish,rework,2025-02-28 14:37:00,2025-03-05 11:12:00
NCR-5785,J-2025-00549,40,weld,3,finish,rework,2025-02-27 06:39:00,2025-03-04 15:32:00
NCR-5786,J-2025-00484,40,weld,5,dimension,rework,2025-02-28 01:35:00,2025-03-05 04:47:00
NCR-5787,J-2025-00950,20,press_brake,20,hardware,rework,2025-02-27 10:53:00,2025-03-02 19:36:00
NCR-5788,J-2025-01162,20,press_brake,23,finish,rework,2025-02-27 19:11:00,2025-03-06 05:39:00
NCR-5789,J-2025-00953,10,laser,7,flatness,rework,2025-02-28 11:07:00,2025-03-07 16:35:00
NCR-5790,J-2025-00173,50,weld,7,weld_defect,rework,2025-03-03 07:54:00,2025-03-06 06:32:00
NCR-5791,J-2025-00795,30,weld,13,flatness,scrap,2025-03-01 10:58:00,2025-03-03 11:01:00
NCR-5792,J-2025-01041,20,grind_deburr,85,flatness,scrap,2025-03-05 05:00:00,2025-03-06 15:19:00
NCR-5793,J-2025-00786,40,powder_coat,4,finish,rework,2025-03-04 06:04:00,2025-03-07 13:25:00
NCR-5794,J-2025-00824,50,powder_coat,4,burr,rework,2025-03-07 05:04:00,2025-03-11 19:19:00
NCR-5795,J-2025-01148,40,weld,3,flatness,scrap,2025-03-05 11:28:00,2025-03-06 14:14:00
NCR-5796,J-2025-01208,40,weld,19,dimension,rework,2025-03-06 08:26:00,2025-03-12 17:23:00
NCR-5797,J-2025-00855,40,powder_coat,2,hardware,scrap,2025-03-06 10:23:00,2025-03-08 22:23:00
NCR-5798,J-2025-01012,40,robotic_weld,22,hardware,rework,2025-03-06 10:45:00,2025-03-10 22:57:00
NCR-5799,J-2025-01185,40,weld,34,weld_defect,scrap,2025-03-10 03:14:00,2025-03-11 23:08:00
NCR-5800,J-2025-01190,10,laser,5,weld_defect,scrap,2025-03-10 09:05:00,2025-03-11 09:28:00
NCR-5801,J-2025-00610,40,weld,2,dimension,rework,2025-03-10 00:51:00,2025-03-12 02:14:00
NCR-5802,J-2025-01014,40,powder_coat,1,wrong_material,rework,2025-03-10 08:01:00,2025-03-13 08:36:00
NCR-5803,J-2025-01085,40,powder_coat,27,dimension,scrap,2025-03-11 19:53:00,2025-03-13 14:22:00
NCR-5804,J-2025-00586,30,weld,1,weld_defect,scrap,2025-03-12 09:45:00,2025-03-13 09:24:00
NCR-5805,J-2025-01114,50,grind_deburr,2,hardware,use_as_is,2025-03-13 00:51:00,2025-03-15 02:49:00
NCR-5806,J-2025-01416,10,laser,5,dimension,rework,2025-03-12 12:07:00,2025-03-17 23:00:00
NCR-5807,J-2025-01035,30,press_brake,11,weld_defect,use_as_is,2025-03-12 22:49:00,2025-03-15 20:10:00
NCR-5808,J-2025-01276,30,weld,12,flatness,scrap,2025-03-13 14:56:00,2025-03-15 17:46:00
NCR-5809,J-2025-00853,50,powder_coat,10,burr,rework,2025-03-12 08:26:00,2025-03-13 15:48:00
NCR-5810,J-2025-01051,50,weld,2,weld_defect,scrap,2025-03-13 13:55:00,2025-03-14 18:21:00
NCR-5811,J-2025-01116,40,weld,4,weld_defect,rework,2025-03-14 18:11:00,2025-03-18 21:38:00
NCR-5812,J-2025-01132,50,weld,2,dimension,rework,2025-03-14 15:26:00,2025-03-19 23:21:00
NCR-5813,J-2025-01261,20,press_brake,8,burr,rework,2025-03-14 23:59:00,2025-03-20 23:11:00
NCR-5814,J-2025-01008,40,powder_coat,1,burr,scrap,2025-03-18 17:07:00,2025-03-20 10:27:00
NCR-5815,J-2025-01140,40,powder_coat,2,hardware,rework,2025-03-18 16:18:00,2025-03-20 21:25:00
NCR-5816,J-2025-01427,50,weld,5,wrong_material,rework,2025-03-18 12:26:00,2025-03-23 05:15:00
NCR-5817,J-2025-01219,40,press_brake,1,finish,scrap,2025-03-17 16:54:00,2025-03-19 08:18:00
NCR-5818,J-2025-01205,40,weld,3,hardware,rework,2025-03-19 12:05:00,2025-03-25 18:50:00
NCR-5819,J-2025-01387,40,weld,1,weld_defect,scrap,2025-03-24 22:51:00,2025-03-26 04:31:00
NCR-5820,J-2025-01631,10,laser,4,finish,rework,2025-03-21 20:45:00,2025-03-25 23:08:00
NCR-5821,J-2025-01474,40,weld,3,weld_defect,rework,2025-03-25 15:51:00,2025-03-28 22:31:00
NCR-5822,J-2025-01248,40,hardware,1,finish,rework,2025-03-25 03:45:00,2025-03-28 02:11:00
NCR-5823,J-2025-01033,50,weld,8,dimension,rework,2025-03-25 10:40:00,2025-03-28 23:42:00
NCR-5824,J-2025-01662,20,grind_deburr,7,wrong_material,rework,2025-03-27 04:47:00,2025-04-02 02:40:00
NCR-5825,J-2025-01603,50,robotic_weld,12,wrong_material,scrap,2025-03-27 11:24:00,2025-03-28 23:37:00
NCR-5826,J-2025-01213,40,weld,1,weld_defect,rework,2025-03-26 09:19:00,2025-03-30 02:25:00
NCR-5827,J-2025-01578,50,powder_coat,4,dimension,rework,2025-03-26 10:59:00,2025-03-29 05:35:00
NCR-5828,J-2025-01332,40,weld,17,flatness,rework,2025-03-27 10:22:00,2025-03-30 18:10:00
NCR-5829,J-2025-01398,30,press_brake,11,weld_defect,rework,2025-03-27 12:47:00,2025-04-02 09:36:00
NCR-5830,J-2025-00779,40,weld,3,weld_defect,use_as_is,2025-04-01 07:57:00,2025-04-04 04:07:00
NCR-5831,J-2025-01755,20,grind_deburr,7,wrong_material,scrap,2025-04-01 16:48:00,2025-04-03 17:28:00
NCR-5832,J-2025-01592,50,grind_deburr,2,dimension,use_as_is,2025-03-31 07:47:00,2025-04-02 04:30:00
NCR-5833,J-2025-01551,50,weld,9,flatness,rework,2025-04-02 23:46:00,2025-04-05 09:21:00
NCR-5834,J-2025-01721,40,weld,5,weld_defect,rework,2025-04-03 03:26:00,2025-04-09 01:22:00
NCR-5835,J-2025-01734,40,weld,1,weld_defect,rework,2025-04-03 11:58:00,2025-04-05 18:39:00
NCR-5836,J-2025-01523,40,weld,21,weld_defect,rework,2025-04-04 01:45:00,2025-04-10 07:54:00
NCR-5837,J-2025-01869,10,laser,16,wrong_material,use_as_is,2025-04-04 06:17:00,2025-04-05 01:44:00
NCR-5838,J-2025-01456,30,powder_coat,28,hardware,rework,2025-04-07 02:03:00,2025-04-10 07:57:00
NCR-5839,J-2025-01583,30,press_brake,1,finish,use_as_is,2025-04-07 05:41:00,2025-04-09 23:28:00
NCR-5840,J-2025-01701,30,press_brake,5,weld_defect,rework,2025-04-04 06:09:00,2025-04-09 17:42:00
NCR-5841,J-2025-01740,40,press_brake,85,hardware,scrap,2025-04-08 13:40:00,2025-04-11 04:00:00
NCR-5842,J-2025-01826,40,weld,3,weld_defect,scrap,2025-04-09 06:32:00,2025-04-11 02:01:00
NCR-5843,J-2025-01839,20,press_brake,8,flatness,rework,2025-04-09 16:39:00,2025-04-14 01:11:00
NCR-5844,J-2025-01676,40,weld,4,weld_defect,rework,2025-04-09 10:11:00,2025-04-13 12:50:00
NCR-5845,J-2025-01830,10,laser,84,finish,rework,2025-04-09 15:31:00,2025-04-13 11:42:00
NCR-5846,J-2025-01880,30,press_brake,1,flatness,rework,2025-04-09 22:47:00,2025-04-16 01:18:00
NCR-5847,J-2025-02015,10,punch,13,hardware,use_as_is,2025-04-11 17:56:00,2025-04-16 18:20:00
NCR-5848,J-2025-01589,40,weld,1,flatness,scrap,2025-04-10 09:34:00,2025-04-11 10:01:00
NCR-5849,J-2025-01985,30,weld,7,flatness,rework,2025-04-14 01:34:00,2025-04-17 13:14:00
NCR-5850,J-2025-01890,40,weld,6,dimension,rework,2025-04-14 15:37:00,2025-04-17 04:51:00
NCR-5851,J-2025-01937,30,weld,15,wrong_material,rework,2025-04-11 11:58:00,2025-04-16 18:42:00
NCR-5852,J-2025-01838,40,press_brake,26,dimension,scrap,2025-04-15 07:45:00,2025-04-17 11:02:00
NCR-5853,J-2025-02014,10,laser,7,flatness,scrap,2025-04-14 21:57:00,2025-04-15 22:24:00
NCR-5854,J-2025-02034,30,press_brake,13,flatness,rework,2025-04-14 20:33:00,2025-04-19 06:16:00
NCR-5855,J-2025-01952,40,weld,11,flatness,rework,2025-04-16 19:56:00,2025-04-20 12:33:00
NCR-5856,J-2025-01843,20,press_brake,5,weld_defect,use_as_is,2025-04-16 08:17:00,2025-04-18 00:40:00
NCR-5857,J-2025-02155,10,laser,2,dimension,rework,2025-04-18 00:21:00,2025-04-23 01:09:00
NCR-5858,J-2025-02151,20,grind_deburr,19,weld_defect,rework,2025-04-18 17:31:00,2025-04-22 15:36:00
NCR-5859,J-2025-02027,20,press_brake,1,dimension,rework,2025-04-18 18:35:00,2025-04-23 11:07:00
NCR-5860,J-2025-01803,10,laser,7,flatness,rework,2025-04-21 02:02:00,2025-04-23 18:29:00
NCR-5861,J-2025-02178,10,punch,3,finish,rework,2025-04-21 21:45:00,2025-04-25 14:49:00
NCR-5862,J-2025-02028,40,powder_coat,10,hardware,rework,2025-04-21 10:30:00,2025-04-24 23:44:00
NCR-5863,J-2025-02199,30,weld,1,dimension,rework,2025-04-23 21:11:00,2025-04-29 14:27:00
NCR-5864,J-2025-01979,40,weld,47,hardware,rework,2025-04-25 16:08:00,2025-04-29 16:28:00
NCR-5865,J-2025-02053,30,weld,1,dimension,rework,2025-04-25 08:07:00,2025-04-30 06:23:00
NCR-5866,J-2025-02135,40,weld,24,dimension,rework,2025-04-25 14:17:00,2025-05-01 15:28:00
NCR-5867,J-2025-01961,30,powder_coat,13,dimension,rework,2025-04-25 06:16:00,2025-04-30 11:13:00
NCR-5868,J-2025-02087,50,weld,3,weld_defect,scrap,2025-04-28 03:37:00,2025-04-30 02:55:00
NCR-5869,J-2025-02099,20,grind_deburr,4,hardware,scrap,2025-04-25 23:12:00,2025-04-30 02:18:00
NCR-5870,J-2025-02225,50,weld,7,hardware,rework,2025-04-29 19:07:00,2025-05-01 23:05:00
NCR-5871,J-2025-02054,30,press_brake,4,hardware,rework,2025-04-30 01:39:00,2025-05-03 08:02:00
NCR-5872,J-2025-02362,10,punch,10,finish,rework,2025-04-30 07:03:00,2025-05-07 01:20:00
NCR-5873,J-2025-02200,20,grind_deburr,1,finish,rework,2025-04-30 08:12:00,2025-05-07 03:01:00
NCR-5874,J-2025-02398,10,laser,50,wrong_material,rework,2025-05-01 05:40:00,2025-05-02 15:41:00
NCR-5875,J-2025-02111,40,robotic_weld,47,flatness,rework,2025-05-01 04:17:00,2025-05-03 01:26:00
NCR-5876,J-2025-02379,40,weld,1,dimension,rework,2025-05-01 11:54:00,2025-05-05 12:06:00
NCR-5877,J-2025-02354,20,press_brake,1,hardware,scrap,2025-05-02 01:06:00,2025-05-03 20:41:00
NCR-5878,J-2025-02172,40,powder_coat,5,weld_defect,rework,2025-05-02 00:11:00,2025-05-08 05:07:00
NCR-5879,J-2025-01940,40,weld,1,dimension,scrap,2025-05-02 05:18:00,2025-05-04 17:28:00
NCR-5880,J-2025-02317,40,weld,13,weld_defect,rework,2025-05-01 13:01:00,2025-05-07 18:32:00
NCR-5881,J-2025-02469,20,grind_deburr,2,flatness,rework,2025-05-05 03:48:00,2025-05-08 03:24:00
NCR-5882,J-2025-02147,50,weld,4,dimension,rework,2025-05-05 07:46:00,2025-05-09 01:47:00
NCR-5883,J-2025-02436,10,laser,1,weld_defect,rework,2025-05-05 23:04:00,2025-05-08 04:47:00
NCR-5884,J-2025-02502,10,laser,2,dimension,rework,2025-05-08 05:40:00,2025-05-14 09:40:00
NCR-5885,J-2025-02511,40,weld,2,weld_defect,rework,2025-05-07 13:13:00,2025-05-09 11:35:00
NCR-5886,J-2025-02411,40,weld,3,flatness,rework,2025-05-08 03:25:00,2025-05-10 10:31:00
NCR-5887,J-2025-02559,20,grind_deburr,14,burr,rework,2025-05-08 12:57:00,2025-05-14 16:14:00
NCR-5888,J-2025-02598,20,grind_deburr,13,flatness,rework,2025-05-09 03:13:00,2025-05-13 06:12:00
NCR-5889,J-2025-02509,40,weld,1,wrong_material,rework,2025-05-09 09:58:00,2025-05-15 12:56:00
NCR-5890,J-2025-02592,40,robotic_weld,1,weld_defect,use_as_is,2025-05-12 17:45:00,2025-05-13 14:32:00
NCR-5891,J-2025-02251,50,grind_deburr,1,flatness,scrap,2025-05-09 22:04:00,2025-05-13 16:01:00
NCR-5892,J-2025-02073,40,weld,3,flatness,rework,2025-05-12 18:55:00,2025-05-14 15:16:00
NCR-5893,J-2025-02294,30,press_brake,14,dimension,use_as_is,2025-05-09 10:22:00,2025-05-10 14:20:00
NCR-5894,J-2025-02315,40,weld,1,flatness,rework,2025-05-12 23:57:00,2025-05-16 11:38:00
NCR-5895,J-2025-02602,40,weld,19,dimension,scrap,2025-05-13 19:09:00,2025-05-15 08:48:00
NCR-5896,J-2025-02652,40,robotic_weld,1,flatness,rework,2025-05-15 15:27:00,2025-05-18 21:42:00
NCR-5897,J-2025-02766,10,laser,1,burr,use_as_is,2025-05-16 10:32:00,2025-05-18 17:08:00
NCR-5898,J-2025-02588,50,powder_coat,4,flatness,scrap,2025-05-15 07:13:00,2025-05-17 07:46:00
NCR-5899,J-2025-02669,40,hardware,5,dimension,rework,2025-05-19 05:43:00,2025-05-21 20:42:00
NCR-5900,J-2025-02496,60,press_brake,3,hardware,rework,2025-05-19 00:12:00,2025-05-21 01:24:00
NCR-5901,J-2025-02514,10,laser,18,dimension,scrap,2025-05-20 10:06:00,2025-05-23 02:22:00
NCR-5902,J-2025-02742,30,press_brake,1,wrong_material,rework,2025-05-20 13:44:00,2025-05-23 03:04:00
NCR-5903,J-2025-02558,30,press_brake,1,burr,rework,2025-05-20 17:36:00,2025-05-25 09:28:00
NCR-5904,J-2025-02757,50,powder_coat,1,wrong_material,rework,2025-05-21 12:28:00,2025-05-25 09:36:00
NCR-5905,J-2025-02763,30,press_brake,1,dimension,rework,2025-05-21 02:31:00,2025-05-26 09:25:00
NCR-5906,J-2025-02739,70,powder_coat,1,finish,rework,2025-05-21 15:00:00,2025-05-23 16:16:00
NCR-5907,J-2025-02886,20,grind_deburr,21,finish,scrap,2025-05-27 04:32:00,2025-05-28 13:09:00
NCR-5908,J-2025-02888,20,grind_deburr,50,flatness,rework,2025-05-22 08:42:00,2025-05-28 13:41:00
NCR-5909,J-2025-02644,40,weld,2,hardware,use_as_is,2025-05-27 01:52:00,2025-05-28 01:36:00
NCR-5910,J-2025-02583,40,weld,44,weld_defect,rework,2025-05-28 11:25:00,2025-05-30 02:46:00
NCR-5911,J-2025-02881,50,weld,1,hardware,use_as_is,2025-05-23 12:31:00,2025-05-28 03:27:00
NCR-5912,J-2025-02905,30,weld,3,flatness,scrap,2025-05-28 04:22:00,2025-05-28 16:08:00
NCR-5913,J-2025-02877,20,grind_deburr,1,flatness,rework,2025-05-28 05:37:00,2025-05-30 16:55:00
NCR-5914,J-2025-02834,30,hardware,6,burr,scrap,2025-05-28 22:43:00,2025-05-30 20:41:00
NCR-5915,J-2025-03028,10,laser,1,weld_defect,scrap,2025-06-02 10:22:00,2025-06-05 03:53:00
NCR-5916,J-2025-02968,40,weld,42,flatness,rework,2025-06-03 14:11:00,2025-06-06 12:34:00
NCR-5917,J-2025-02953,40,weld,18,flatness,rework,2025-06-03 08:44:00,2025-06-06 13:51:00
NCR-5918,J-2025-03050,50,weld,1,flatness,rework,2025-06-06 00:43:00,2025-06-09 21:47:00
NCR-5919,J-2025-02730,50,weld,4,dimension,scrap,2025-06-05 19:38:00,2025-06-07 03:34:00
NCR-5920,J-2025-03157,10,laser,6,weld_defect,scrap,2025-06-06 13:36:00,2025-06-11 11:18:00
NCR-5921,J-2025-03105,30,press_brake,3,flatness,rework,2025-06-06 03:02:00,2025-06-11 10:30:00
NCR-5922,J-2025-03171,10,punch,4,wrong_material,scrap,2025-06-06 04:12:00,2025-06-07 05:10:00
NCR-5923,J-2025-03121,40,hardware,5,burr,rework,2025-06-10 10:35:00,2025-06-14 19:09:00
NCR-5924,J-2025-03038,30,hardware,1,finish,scrap,2025-06-11 09:08:00,2025-06-14 07:14:00
NCR-5925,J-2025-03214,30,press_brake,1,wrong_material,rework,2025-06-11 01:34:00,2025-06-15 05:37:00
NCR-5926,J-2025-03204,40,weld,2,weld_defect,use_as_is,2025-06-10 12:06:00,2025-06-12 11:17:00
NCR-5927,J-2025-03175,30,weld,2,dimension,rework,2025-06-10 12:09:00,2025-06-11 22:59:00
NCR-5928,J-2025-02876,40,weld,1,dimension,rework,2025-06-12 21:58:00,2025-06-19 03:48:00
NCR-5929,J-2025-03142,60,grind_deburr,1,flatness,rework,2025-06-12 13:37:00,2025-06-15 09:58:00
NCR-5930,J-2025-03235,40,weld,1,weld_defect,scrap,2025-06-11 10:16:00,2025-06-13 15:10:00
NCR-5931,J-2025-03304,10,punch,1,hardware,rework,2025-06-13 16:33:00,2025-06-17 18:31:00
NCR-5932,J-2025-03119,50,assembly,1,finish,rework,2025-06-13 22:10:00,2025-06-19 22:03:00
NCR-5933,J-2025-03248,30,weld,1,weld_defect,rework,2025-06-13 18:41:00,2025-06-18 22:13:00
NCR-5934,J-2025-03267,30,press_brake,7,dimension,rework,2025-06-13 08:18:00,2025-06-19 00:05:00
NCR-5935,J-2025-02865,50,grind_deburr,12,finish,rework,2025-06-12 09:48:00,2025-06-14 21:51:00
NCR-5936,J-2025-03124,40,hardware,3,dimension,rework,2025-06-16 08:02:00,2025-06-20 01:47:00
NCR-5937,J-2025-03244,40,weld,9,dimension,use_as_is,2025-06-13 23:51:00,2025-06-17 03:48:00
NCR-5938,J-2025-03315,40,powder_coat,23,burr,scrap,2025-06-18 07:45:00,2025-06-19 07:25:00
NCR-5939,J-2025-03206,30,hardware,4,finish,rework,2025-06-17 05:11:00,2025-06-20 09:31:00
NCR-5940,J-2025-03351,50,weld,2,dimension,scrap,2025-06-19 04:28:00,2025-06-20 06:37:00
NCR-5941,J-2025-03308,30,robotic_weld,11,finish,rework,2025-06-19 09:22:00,2025-06-24 11:02:00
NCR-5942,J-2025-03059,40,powder_coat,1,weld_defect,rework,2025-06-19 21:27:00,2025-06-24 18:29:00
NCR-5943,J-2025-03115,40,powder_coat,1,finish,scrap,2025-06-18 15:07:00,2025-06-20 00:31:00
NCR-5944,J-2025-03390,50,powder_coat,1,hardware,rework,2025-06-20 07:11:00,2025-06-26 18:47:00
NCR-5945,J-2025-03425,10,laser,14,weld_defect,rework,2025-06-20 06:36:00,2025-06-25 09:42:00
NCR-5946,J-2025-03301,50,weld,8,dimension,rework,2025-06-24 08:10:00,2025-06-27 13:28:00
NCR-5947,J-2025-03354,40,powder_coat,1,finish,rework,2025-06-24 15:41:00,2025-06-28 04:16:00
NCR-5948,J-2025-03532,10,laser,2,dimension,rework,2025-06-24 06:58:00,2025-06-28 03:58:00
NCR-5949,J-2025-03477,40,hardware,1,wrong_material,rework,2025-06-24 06:30:00,2025-06-27 22:27:00
NCR-5950,J-2025-03571,20,grind_deburr,1,burr,rework,2025-06-30 02:18:00,2025-07-04 17:47:00
NCR-5951,J-2025-03603,10,laser,2,burr,rework,2025-06-27 21:00:00,2025-07-02 23:19:00
NCR-5952,J-2025-03582,40,weld,16,flatness,rework,2025-07-01 06:11:00,2025-07-04 19:24:00
NCR-5953,J-2025-03641,10,laser,8,flatness,use_as_is,2025-07-01 01:01:00,2025-07-03 20:43:00
NCR-5954,J-2025-03589,20,grind_deburr,2,finish,scrap,2025-07-02 00:44:00,2025-07-02 21:03:00
NCR-5955,J-2025-03691,40,weld,31,dimension,rework,2025-07-01 23:39:00,2025-07-09 13:14:00
NCR-5956,J-2025-03616,50,assembly,16,burr,scrap,2025-07-03 12:43:00,2025-07-07 22:21:00
NCR-5957,J-2025-03769,40,weld,7,weld_defect,rework,2025-07-08 03:55:00,2025-07-11 18:11:00
NCR-5958,J-2025-03746,40,weld,1,flatness,rework,2025-07-09 06:57:00,2025-07-13 03:52:00
NCR-5959,J-2025-03637,30,press_brake,1,flatness,scrap,2025-07-08 17:39:00,2025-07-10 02:38:00
NCR-5960,J-2025-03689,50,weld,8,dimension,rework,2025-07-08 22:58:00,2025-07-11 19:05:00
NCR-5961,J-2025-03572,50,robotic_weld,21,weld_defect,rework,2025-07-09 11:11:00,2025-07-15 07:33:00
NCR-5962,J-2025-03755,10,laser,1,hardware,rework,2025-07-14 03:05:00,2025-07-17 20:20:00
NCR-5963,J-2025-03534,30,weld,3,dimension,rework,2025-07-10 21:37:00,2025-07-17 15:36:00
NCR-5964,J-2025-03870,50,weld,9,weld_defect,rework,2025-07-11 12:29:00,2025-07-17 03:48:00
NCR-5965,J-2025-03875,40,weld,3,dimension,rework,2025-07-11 07:33:00,2025-07-16 16:25:00
NCR-5966,J-2025-03680,40,weld,1,weld_defect,use_as_is,2025-07-15 00:41:00,2025-07-16 02:16:00
NCR-5967,J-2025-03980,10,laser,7,hardware,rework,2025-07-17 08:49:00,2025-07-23 17:32:00
NCR-5968,J-2025-04025,30,weld,5,dimension,scrap,2025-07-21 07:15:00,2025-07-23 23:26:00
NCR-5969,J-2025-03822,30,press_brake,1,flatness,scrap,2025-07-22 00:58:00,2025-07-23 16:56:00
NCR-5970,J-2025-03965,30,press_brake,1,wrong_material,rework,2025-07-22 10:28:00,2025-07-27 00:32:00
NCR-5971,J-2025-04091,10,laser,17,hardware,rework,2025-07-22 21:51:00,2025-07-26 13:00:00
NCR-5972,J-2025-03821,20,grind_deburr,1,finish,scrap,2025-07-24 16:32:00,2025-07-26 02:26:00
NCR-5973,J-2025-03967,40,weld,11,flatness,rework,2025-07-28 00:03:00,2025-07-31 16:45:00
NCR-5974,J-2025-03955,40,weld,33,weld_defect,rework,2025-07-28 06:16:00,2025-08-01 00:37:00
NCR-5975,J-2025-04128,20,grind_deburr,45,flatness,scrap,2025-07-28 01:14:00,2025-07-30 00:01:00
NCR-5976,J-2025-04094,40,weld,12,weld_defect,rework,2025-07-29 05:00:00,2025-08-02 15:20:00
NCR-5977,J-2025-04118,10,laser,4,burr,rework,2025-07-30 07:18:00,2025-08-01 06:16:00
NCR-5978,J-2025-03981,50,robotic_weld,3,finish,scrap,2025-08-01 19:52:00,2025-08-05 04:03:00
NCR-5979,J-2025-04201,40,weld,16,dimension,scrap,2025-08-04 01:46:00,2025-08-05 01:22:00
NCR-5980,J-2025-04143,40,hardware,2,finish,rework,2025-08-05 12:18:00,2025-08-08 10:56:00
NCR-5981,J-2025-04264,30,press_brake,2,wrong_material,scrap,2025-08-06 13:29:00,2025-08-08 02:18:00
NCR-5982,J-2025-04317,10,laser,75,burr,scrap,2025-08-06 10:02:00,2025-08-08 22:49:00
NCR-5983,J-2025-04332,40,weld,10,weld_defect,rework,2025-08-08 09:01:00,2025-08-13 14:20:00
NCR-5984,J-2025-04355,40,weld,1,flatness,scrap,2025-08-11 08:49:00,2025-08-13 23:54:00
NCR-5985,J-2025-04276,10,laser,1,weld_defect,rework,2025-08-13 09:32:00,2025-08-16 21:15:00
NCR-5986,J-2025-04418,40,weld,1,wrong_material,scrap,2025-08-14 12:19:00,2025-08-17 09:56:00
NCR-5987,J-2025-04369,40,powder_coat,2,dimension,rework,2025-08-14 21:39:00,2025-08-20 19:28:00
NCR-5988,J-2025-04293,10,laser,1,hardware,rework,2025-08-14 07:10:00,2025-08-19 05:40:00
NCR-5989,J-2025-04436,10,laser,7,burr,rework,2025-08-15 14:10:00,2025-08-21 22:39:00
NCR-5990,J-2025-04389,30,press_brake,6,weld_defect,scrap,2025-08-14 23:59:00,2025-08-17 11:34:00
NCR-5991,J-2025-04497,30,weld,1,weld_defect,use_as_is,2025-08-18 19:09:00,2025-08-20 10:31:00
NCR-5992,J-2025-04382,40,hardware,2,finish,rework,2025-08-15 07:17:00,2025-08-21 06:30:00
NCR-5993,J-2025-04541,20,grind_deburr,5,dimension,scrap,2025-08-19 00:25:00,2025-08-20 06:52:00
NCR-5994,J-2025-04318,20,press_brake,4,flatness,rework,2025-08-18 19:21:00,2025-08-22 07:06:00
NCR-5995,J-2025-04492,50,powder_coat,9,flatness,rework,2025-08-20 16:01:00,2025-08-25 11:01:00
NCR-5996,J-2025-04609,20,press_brake,1,weld_defect,rework,2025-08-20 01:43:00,2025-08-22 06:50:00
NCR-5997,J-2025-04593,40,weld,2,wrong_material,rework,2025-08-22 02:10:00,2025-08-27 14:09:00
NCR-5998,J-2025-04595,40,weld,5,weld_defect,rework,2025-08-25 11:02:00,2025-08-29 00:45:00
NCR-5999,J-2025-04599,50,robotic_weld,1,flatness,scrap,2025-08-26 02:48:00,2025-08-26 17:39:00
NCR-6000,J-2025-04568,50,assembly,1,dimension,rework,2025-08-26 07:44:00,2025-08-27 19:04:00
NCR-6001,J-2025-04602,50,robotic_weld,6,dimension,rework,2025-08-26 19:16:00,2025-08-30 04:15:00
NCR-6002,J-2025-04383,40,hardware,10,weld_defect,rework,2025-08-27 05:12:00,2025-08-30 00:42:00
NCR-6003,J-2025-04694,30,weld,9,weld_defect,rework,2025-08-28 09:33:00,2025-08-31 14:00:00
NCR-6004,J-2025-04215,40,robotic_weld,10,wrong_material,scrap,2025-08-28 09:03:00,2025-08-31 01:51:00
NCR-6005,J-2025-04696,40,weld,33,dimension,rework,2025-08-27 09:19:00,2025-08-29 11:02:00
NCR-6006,J-2025-04773,40,hardware,13,burr,rework,2025-08-29 10:19:00,2025-09-05 13:04:00
NCR-6007,J-2025-04820,20,press_brake,1,weld_defect,scrap,2025-09-02 02:55:00,2025-09-02 21:49:00
NCR-6008,J-2025-04879,10,laser,3,burr,use_as_is,2025-09-03 08:45:00,2025-09-05 07:58:00
NCR-6009,J-2025-04688,40,weld,15,flatness,scrap,2025-09-03 03:48:00,2025-09-05 05:24:00
NCR-6010,J-2025-04744,40,weld,12,weld_defect,rework,2025-09-03 13:53:00,2025-09-06 11:50:00
NCR-6011,J-2025-04779,20,press_brake,22,dimension,rework,2025-09-03 02:24:00,2025-09-06 15:23:00
NCR-6012,J-2025-04648,30,weld,31,weld_defect,scrap,2025-09-04 02:33:00,2025-09-06 03:30:00
NCR-6013,J-2025-04818,30,weld,13,weld_defect,scrap,2025-09-04 07:12:00,2025-09-05 01:26:00
NCR-6014,J-2025-04758,10,laser,1,wrong_material,rework,2025-09-04 07:20:00,2025-09-07 19:36:00
NCR-6015,J-2025-04931,20,grind_deburr,12,flatness,scrap,2025-09-04 22:10:00,2025-09-06 21:58:00
NCR-6016,J-2025-04947,10,punch,2,weld_defect,scrap,2025-09-08 02:58:00,2025-09-09 18:35:00
NCR-6017,J-2025-04914,10,laser,4,dimension,rework,2025-09-05 16:34:00,2025-09-10 12:46:00
NCR-6018,J-2025-04942,30,weld,9,weld_defect,scrap,2025-09-10 05:40:00,2025-09-12 08:08:00
NCR-6019,J-2025-05094,20,grind_deburr,17,weld_defect,scrap,2025-09-12 07:24:00,2025-09-13 14:09:00
NCR-6020,J-2025-04940,50,weld,1,flatness,scrap,2025-09-11 17:31:00,2025-09-13 16:18:00
NCR-6021,J-2025-05039,30,press_brake,12,dimension,rework,2025-09-11 22:17:00,2025-09-16 05:04:00
NCR-6022,J-2025-05107,30,press_brake,1,dimension,scrap,2025-09-12 11:44:00,2025-09-15 03:13:00
NCR-6023,J-2025-05050,30,weld,11,flatness,rework,2025-09-12 13:25:00,2025-09-17 15:02:00
NCR-6024,J-2025-05147,20,grind_deburr,7,finish,scrap,2025-09-16 09:52:00,2025-09-18 05:26:00
NCR-6025,J-2025-04794,40,weld,12,flatness,rework,2025-09-15 08:22:00,2025-09-18 16:24:00
NCR-6026,J-2025-05131,20,grind_deburr,21,burr,rework,2025-09-16 14:17:00,2025-09-20 03:00:00
NCR-6027,J-2025-05029,40,hardware,78,hardware,rework,2025-09-17 09:36:00,2025-09-23 11:57:00
NCR-6028,J-2025-05093,10,laser,7,hardware,rework,2025-09-18 12:21:00,2025-09-22 22:28:00
NCR-6029,J-2025-05058,20,grind_deburr,2,hardware,rework,2025-09-19 09:25:00,2025-09-24 03:44:00
NCR-6030,J-2025-05196,10,laser,7,hardware,use_as_is,2025-09-19 16:27:00,2025-09-23 09:40:00
NCR-6031,J-2025-05013,40,weld,11,weld_defect,scrap,2025-09-22 14:47:00,2025-09-25 00:49:00
NCR-6032,J-2025-05117,30,weld,32,dimension,rework,2025-09-23 02:02:00,2025-09-25 23:16:00
NCR-6033,J-2025-05005,50,robotic_weld,4,wrong_material,scrap,2025-09-23 18:19:00,2025-09-26 13:10:00
NCR-6034,J-2025-05324,40,powder_coat,2,flatness,scrap,2025-09-24 20:09:00,2025-09-26 07:54:00
NCR-6035,J-2025-05228,40,press_brake,5,flatness,rework,2025-09-26 10:29:00,2025-10-01 15:54:00
NCR-6036,J-2025-05444,20,press_brake,12,burr,rework,2025-09-29 12:16:00,2025-10-04 01:20:00
NCR-6037,J-2025-05461,10,laser,1,finish,rework,2025-09-29 11:05:00,2025-10-02 22:25:00
NCR-6038,J-2025-05305,40,weld,20,burr,scrap,2025-09-30 20:23:00,2025-10-01 15:14:00
NCR-6039,J-2025-05191,40,weld,12,weld_defect,rework,2025-10-02 05:10:00,2025-10-06 19:26:00
NCR-6040,J-2025-05580,10,laser,14,finish,rework,2025-09-30 20:47:00,2025-10-03 04:04:00
NCR-6041,J-2025-05569,50,weld,1,weld_defect,rework,2025-10-02 23:38:00,2025-10-08 22:25:00
NCR-6042,J-2025-05354,40,weld,2,flatness,rework,2025-10-02 01:28:00,2025-10-07 20:12:00
NCR-6043,J-2025-05360,40,weld,7,flatness,scrap,2025-10-06 07:35:00,2025-10-08 21:59:00
NCR-6044,J-2025-05546,50,weld,12,dimension,rework,2025-10-03 08:47:00,2025-10-09 01:08:00
NCR-6045,J-2025-05527,30,press_brake,44,wrong_material,scrap,2025-10-03 12:28:00,2025-10-05 04:26:00
NCR-6046,J-2025-05457,30,press_brake,1,hardware,scrap,2025-10-07 21:21:00,2025-10-08 21:00:00
NCR-6047,J-2025-05533,50,weld,6,weld_defect,rework,2025-10-07 06:12:00,2025-10-10 14:27:00
NCR-6048,J-2025-05613,30,weld,1,dimension,rework,2025-10-08 09:53:00,2025-10-12 05:31:00
NCR-6049,J-2025-05392,60,assembly,6,weld_defect,scrap,2025-10-08 10:34:00,2025-10-09 17:02:00
NCR-6050,J-2025-05661,40,hardware,2,flatness,scrap,2025-10-08 06:37:00,2025-10-10 05:01:00
NCR-6051,J-2025-05685,20,press_brake,20,flatness,use_as_is,2025-10-09 21:03:00,2025-10-10 15:11:00
NCR-6052,J-2025-05716,30,press_brake,21,burr,rework,2025-10-10 21:17:00,2025-10-18 04:56:00
NCR-6053,J-2025-05511,40,robotic_weld,4,weld_defect,scrap,2025-10-14 05:57:00,2025-10-15 07:45:00
NCR-6054,J-2025-05381,30,robotic_weld,3,flatness,rework,2025-10-13 02:05:00,2025-10-16 09:55:00
NCR-6055,J-2025-05563,50,weld,1,weld_defect,use_as_is,2025-10-13 06:47:00,2025-10-16 00:29:00
NCR-6056,J-2025-05749,40,weld,4,weld_defect,rework,2025-10-14 07:39:00,2025-10-16 23:52:00
NCR-6057,J-2025-05675,30,press_brake,8,finish,use_as_is,2025-10-15 15:11:00,2025-10-16 09:21:00
NCR-6058,J-2025-05796,30,weld,5,flatness,scrap,2025-10-15 11:47:00,2025-10-16 16:21:00
NCR-6059,J-2025-05509,30,robotic_weld,5,flatness,rework,2025-10-20 01:58:00,2025-10-22 17:08:00
NCR-6060,J-2025-05807,50,weld,3,weld_defect,rework,2025-10-17 02:53:00,2025-10-24 10:13:00
NCR-6061,J-2025-05896,30,weld,17,flatness,rework,2025-10-16 09:44:00,2025-10-22 08:27:00
NCR-6062,J-2025-05774,40,weld,1,weld_defect,scrap,2025-10-20 12:19:00,2025-10-23 01:52:00
NCR-6063,J-2025-05928,20,grind_deburr,5,flatness,scrap,2025-10-17 19:56:00,2025-10-22 03:46:00
NCR-6064,J-2025-05892,30,press_brake,2,wrong_material,rework,2025-10-20 16:16:00,2025-10-24 05:49:00
NCR-6065,J-2025-05920,40,weld,4,flatness,scrap,2025-10-17 10:51:00,2025-10-21 00:06:00
NCR-6066,J-2025-05959,10,laser,1,dimension,rework,2025-10-20 06:01:00,2025-10-21 21:45:00
NCR-6067,J-2025-05477,40,robotic_weld,32,hardware,rework,2025-10-21 08:07:00,2025-10-23 16:57:00
NCR-6068,J-2025-05763,30,press_brake,9,burr,scrap,2025-10-22 04:37:00,2025-10-23 12:45:00
NCR-6069,J-2025-05783,20,grind_deburr,1,hardware,rework,2025-10-21 07:38:00,2025-10-24 11:35:00
NCR-6070,J-2025-05967,10,laser,3,weld_defect,rework,2025-10-24 08:19:00,2025-10-30 17:23:00
NCR-6071,J-2025-06089,20,press_brake,10,hardware,scrap,2025-10-27 04:22:00,2025-10-29 21:24:00
NCR-6072,J-2025-06135,20,grind_deburr,4,flatness,use_as_is,2025-10-28 08:28:00,2025-10-31 09:28:00
NCR-6073,J-2025-06103,40,weld,1,wrong_material,rework,2025-10-28 06:44:00,2025-11-01 08:35:00
NCR-6074,J-2025-06199,10,laser,19,finish,rework,2025-10-28 11:04:00,2025-10-31 19:28:00
NCR-6075,J-2025-06108,20,grind_deburr,5,flatness,scrap,2025-10-29 06:49:00,2025-10-30 09:14:00
NCR-6076,J-2025-05879,30,weld,6,flatness,rework,2025-10-30 19:20:00,2025-11-06 09:39:00
NCR-6077,J-2025-06183,30,press_brake,5,hardware,scrap,2025-10-29 13:38:00,2025-11-01 05:25:00
NCR-6078,J-2025-06243,10,laser,12,burr,scrap,2025-10-30 10:47:00,2025-11-01 11:49:00
NCR-6079,J-2025-06172,20,press_brake,20,finish,rework,2025-11-03 15:29:00,2025-11-06 21:11:00
NCR-6080,J-2025-06265,10,laser,4,finish,rework,2025-11-03 02:23:00,2025-11-06 18:35:00
NCR-6081,J-2025-06285,20,press_brake,1,finish,rework,2025-10-31 10:37:00,2025-11-06 11:30:00
NCR-6082,J-2025-06279,30,weld,1,dimension,scrap,2025-11-04 17:51:00,2025-11-05 16:55:00
NCR-6083,J-2025-06326,20,grind_deburr,1,hardware,rework,2025-11-06 03:20:00,2025-11-08 03:18:00
NCR-6084,J-2025-06301,40,weld,1,weld_defect,rework,2025-11-07 01:06:00,2025-11-11 14:59:00
NCR-6085,J-2025-06233,50,weld,24,flatness,use_as_is,2025-11-06 09:23:00,2025-11-09 01:41:00
NCR-6086,J-2025-06395,20,grind_deburr,7,dimension,rework,2025-11-06 20:35:00,2025-11-11 14:07:00
NCR-6087,J-2025-06393,30,hardware,6,hardware,rework,2025-11-10 01:45:00,2025-11-14 23:23:00
NCR-6088,J-2025-06340,10,laser,8,weld_defect,scrap,2025-11-10 05:27:00,2025-11-13 07:11:00
NCR-6089,J-2025-06405,30,press_brake,11,weld_defect,rework,2025-11-10 10:30:00,2025-11-13 06:02:00
NCR-6090,J-2025-06463,20,grind_deburr,1,burr,rework,2025-11-10 09:08:00,2025-11-13 09:45:00
NCR-6091,J-2025-06566,20,grind_deburr,4,dimension,rework,2025-11-17 00:36:00,2025-11-20 10:41:00
NCR-6092,J-2025-06498,40,weld,1,flatness,scrap,2025-11-14 19:21:00,2025-11-18 02:03:00
NCR-6093,J-2025-06366,40,powder_coat,1,finish,use_as_is,2025-11-14 18:36:00,2025-11-18 10:50:00
NCR-6094,J-2025-06521,40,weld,1,dimension,rework,2025-11-13 09:57:00,2025-11-19 07:13:00
NCR-6095,J-2025-06496,20,grind_deburr,1,finish,use_as_is,2025-11-14 16:05:00,2025-11-16 06:29:00
NCR-6096,J-2025-06251,40,weld,14,dimension,rework,2025-11-14 23:02:00,2025-11-19 10:13:00
NCR-6097,J-2025-06501,40,weld,2,flatness,rework,2025-11-14 22:08:00,2025-11-20 01:46:00
NCR-6098,J-2025-06543,20,grind_deburr,1,wrong_material,scrap,2025-11-18 20:07:00,2025-11-20 02:38:00
NCR-6099,J-2025-06666,10,laser,2,weld_defect,rework,2025-11-18 07:07:00,2025-11-22 00:50:00
NCR-6100,J-2025-06490,40,weld,42,dimension,rework,2025-11-19 19:48:00,2025-11-23 06:21:00
NCR-6101,J-2025-06632,40,weld,7,flatness,rework,2025-11-20 06:17:00,2025-11-25 22:22:00
NCR-6102,J-2025-06551,40,weld,4,flatness,scrap,2025-11-20 22:25:00,2025-11-23 09:40:00
NCR-6103,J-2025-06571,40,weld,1,dimension,rework,2025-11-20 02:57:00,2025-11-24 11:35:00
NCR-6104,J-2025-06751,10,laser,11,flatness,scrap,2025-11-19 12:44:00,2025-11-20 18:06:00
NCR-6105,J-2025-06742,40,weld,3,flatness,rework,2025-11-21 21:48:00,2025-11-27 22:25:00
NCR-6106,J-2025-06749,50,weld,3,weld_defect,use_as_is,2025-11-21 15:57:00,2025-11-22 09:13:00
NCR-6107,J-2025-06643,40,weld,3,weld_defect,rework,2025-11-21 09:00:00,2025-11-27 16:44:00
NCR-6108,J-2025-06756,20,grind_deburr,10,weld_defect,scrap,2025-11-21 22:47:00,2025-11-24 22:04:00
NCR-6109,J-2025-06630,50,weld,107,dimension,scrap,2025-11-25 07:51:00,2025-11-27 03:54:00
NCR-6110,J-2025-06682,40,powder_coat,3,dimension,scrap,2025-11-25 01:38:00,2025-11-26 02:17:00
NCR-6111,J-2025-06704,40,hardware,17,weld_defect,scrap,2025-11-24 10:33:00,2025-11-26 20:39:00
NCR-6112,J-2025-06668,20,grind_deburr,1,hardware,scrap,2025-11-25 23:17:00,2025-11-27 12:28:00
NCR-6113,J-2025-06596,40,hardware,4,flatness,rework,2025-11-26 11:01:00,2025-12-04 01:22:00
NCR-6114,J-2025-06818,30,weld,9,dimension,use_as_is,2025-11-26 11:47:00,2025-12-01 21:44:00
NCR-6115,J-2025-06662,40,weld,1,weld_defect,rework,2025-11-26 06:15:00,2025-12-03 20:38:00
NCR-6116,J-2025-06870,20,press_brake,3,hardware,use_as_is,2025-12-01 17:03:00,2025-12-04 15:02:00
NCR-6117,J-2025-06899,10,laser,10,flatness,use_as_is,2025-12-01 15:55:00,2025-12-04 14:55:00
NCR-6118,J-2025-06785,40,weld,2,weld_defect,rework,2025-11-26 08:28:00,2025-12-05 09:52:00
NCR-6119,J-2025-06799,30,robotic_weld,100,dimension,scrap,2025-12-01 07:09:00,2025-12-03 12:45:00
NCR-6120,J-2025-06810,50,weld,15,flatness,rework,2025-12-03 23:08:00,2025-12-07 18:13:00
NCR-6121,J-2025-07045,10,laser,42,dimension,rework,2025-12-04 06:06:00,2025-12-05 19:39:00
NCR-6122,J-2025-06936,40,weld,14,weld_defect,scrap,2025-12-05 09:30:00,2025-12-06 08:56:00
NCR-6123,J-2025-06784,30,press_brake,3,flatness,rework,2025-12-04 22:55:00,2025-12-07 14:16:00
NCR-6124,J-2025-06868,30,weld,5,hardware,rework,2025-12-04 07:17:00,2025-12-06 09:22:00
NCR-6125,J-2025-06991,10,laser,39,weld_defect,scrap,2025-12-08 07:15:00,2025-12-10 03:22:00
NCR-6126,J-2025-06984,50,weld,6,wrong_material,scrap,2025-12-05 23:52:00,2025-12-09 22:28:00
NCR-6127,J-2025-06999,50,grind_deburr,1,dimension,rework,2025-12-09 07:25:00,2025-12-12 22:34:00
NCR-6128,J-2025-07126,20,press_brake,11,finish,use_as_is,2025-12-08 17:11:00,2025-12-10 01:37:00
NCR-6129,J-2025-06988,50,weld,43,weld_defect,rework,2025-12-11 04:32:00,2025-12-17 07:32:00
NCR-6130,J-2025-07182,10,laser,29,finish,rework,2025-12-09 10:46:00,2025-12-12 16:22:00
NCR-6131,J-2025-07123,10,laser,5,wrong_material,rework,2025-12-12 02:54:00,2025-12-16 02:59:00
NCR-6132,J-2025-07072,30,press_brake,1,flatness,scrap,2025-12-10 09:57:00,2025-12-13 05:36:00
NCR-6133,J-2025-07008,40,powder_coat,15,wrong_material,use_as_is,2025-12-12 08:29:00,2025-12-14 07:22:00
NCR-6134,J-2025-06989,40,robotic_weld,1,weld_defect,scrap,2025-12-15 04:03:00,2025-12-16 12:47:00
NCR-6135,J-2025-07261,10,laser,5,weld_defect,scrap,2025-12-15 04:04:00,2025-12-17 10:31:00
NCR-6136,J-2025-07053,30,press_brake,3,flatness,scrap,2025-12-17 08:50:00,2025-12-19 01:40:00
NCR-6137,J-2025-07093,50,weld,5,flatness,scrap,2025-12-19 04:54:00,2025-12-21 00:34:00
NCR-6138,J-2025-06854,40,weld,1,weld_defect,rework,2025-12-18 07:05:00,2025-12-23 12:37:00
NCR-6139,J-2025-07280,10,punch,1,flatness,scrap,2025-12-19 03:38:00,2025-12-19 16:10:00
NCR-6140,J-2025-07307,40,weld,2,flatness,rework,2025-12-23 05:14:00,
NCR-6141,J-2025-07207,20,press_brake,1,dimension,scrap,2025-12-20 20:25:00,2025-12-22 14:04:00
NCR-6142,J-2025-07429,40,robotic_weld,29,finish,rework,2025-12-23 08:47:00,
NCR-6143,J-2025-07595,20,press_brake,3,hardware,rework,2025-12-23 13:23:00,
NCR-6144,J-2025-07340,30,press_brake,36,dimension,scrap,2025-12-23 21:17:00,
