scenario,replication,period,jobs_shipped,lead_time_median,lead_time_p90,wip_mean,on_time_delivery,brake_utilization,robotic_weld_utilization,laser_utilization,brake_hours,cell_hours,brake_setup_hours,b3_setup_hours,weld_second_shift_hours,laser_queue_nov_2024,on_time_released_nov_2024,lead_time_released_nov_2024,saturday_shifts,extended_hours,on_time_delivery_load_aware,promises_longer_than_fixed_quote,load_aware_quote_mean,on_time_delivery_quote_table,promises_longer_quote_table,quote_table_mean
S0 Current practice,1,year,5230,11.208333333333314,23.208333333333343,239.61509433962263,0.8114722753346081,0.9278965524941314,0.8479976667315007,0.741822560830441,16606.038791941053,0.0,6413.109188094879,1476.909104393144,0.0,73.19047619047619,0.6934097421203438,14.208333333333343,18.0,140.0,0.8508604206500956,0.8548777802246201,18.141158335168466,0.8879541108986616,0.8178815238934155,17.141158335168466
S0 Current practice,1,Q2 to Q4,3804,9.208333333333314,17.208333333333314,199.85185185185185,0.9056256572029443,0.9135577294992717,0.8493519151504877,0.7495746493942459,11998.271344227327,0.0,4693.947222663302,1092.5540624778962,0.0,73.19047619047619,0.6934097421203438,14.208333333333343,5.0,20.0,0.92534174553102,0.8386706948640483,17.364954682779455,0.9216614090431126,0.7543806646525679,14.356495468277945
S0 Current practice,2,year,5225,10.208333333333314,22.208333333333343,233.10943396226415,0.827177033492823,0.938917337897244,0.8325144359493107,0.7326491097942424,16724.402486805462,0.0,6436.388955510925,1518.2188753034825,0.0,73.9047619047619,0.7134670487106017,13.208333333333343,16.0,88.0,0.8560765550239234,0.8539325842696629,17.683851068517296,0.8920574162679425,0.8065653227583168,16.764044943820224
S0 Current practice,2,Q2 to Q4,3759,9.208333333333314,17.208333333333314,198.63492063492063,0.9039638201649375,0.9286631139030993,0.8434148927812994,0.7449325197271404,12166.941697675726,0.0,4676.716822280763,1131.5131347691126,0.0,73.9047619047619,0.7134670487106017,13.208333333333343,4.0,4.0,0.9239159350891194,0.8237817958933497,16.715905608335888,0.9167331737164139,0.7385841250383083,13.68679129635305
S0 Current practice,3,year,5250,10.208333333333314,21.208333333333314,218.95849056603774,0.8622857142857143,0.9306651801865113,0.8402378479813062,0.7477096764301566,16502.958263311964,0.0,6286.342892045466,1511.8983261566043,0.0,61.80952380952381,0.7765042979942693,14.208333333333343,13.0,56.0,0.8775238095238095,0.8818500657606313,16.94213064445419,0.9076190476190477,0.7972380534853135,16.277729066199036
S0 Current practice,3,Q2 to Q4,3755,8.208333333333314,16.208333333333314,187.7724867724868,0.9129161118508655,0.9176530951480227,0.8610383644810894,0.7580539516563942,12019.022590574246,0.0,4618.108748128115,1147.0717797897332,0.0,61.80952380952381,0.7765042979942693,14.208333333333343,4.0,0.0,0.9286284953395473,0.836916461916462,15.691953316953317,0.9238348868175765,0.7245085995085995,13.250307125307126
S0 Current practice,4,year,5251,10.208333333333314,23.208333333333314,231.80377358490566,0.8120358027042468,0.9290980978617197,0.8581134049285825,0.741770232763969,16627.542168509073,0.0,6291.627238191687,1381.616020662568,0.0,65.9047619047619,0.6876790830945558,13.208333333333343,19.0,124.0,0.8487907065320891,0.8475021910604733,17.625109553023663,0.8891639687678538,0.8095968448729185,16.79820333041192
S0 Current practice,4,Q2 to Q4,3773,8.208333333333314,16.208333333333314,190.06349206349208,0.9138616485555261,0.9154032869096276,0.8624913217956772,0.750669741157726,12029.833321808674,0.0,4570.576271476002,1049.7729890747007,0.0,65.9047619047619,0.6876790830945558,13.208333333333343,6.0,12.0,0.9281738669493772,0.8229007633587786,16.578015267175573,0.9236681685661278,0.7355725190839695,13.657709923664122
S0 Current practice,5,year,5255,10.208333333333314,24.208333333333314,236.52830188679246,0.7950523311132255,0.926662428347918,0.8775215252385835,0.7403047946752074,16558.005823439547,0.0,6391.54321216475,1482.7838369832648,0.0,70.85714285714286,0.6848137535816619,14.208333333333343,17.0,128.0,0.8378686964795433,0.8475503062117236,17.95472440944882,0.8780209324452902,0.8033683289588801,16.69575678040245
S0 Current practice,5,Q2 to Q4,3786,9.208333333333314,17.208333333333314,195.4920634920635,0.9035921817221342,0.911962978563969,0.873207774738896,0.7365891255473965,11977.3265765018,0.0,4634.128860390118,1080.1083318052408,0.0,70.85714285714286,0.6848137535816619,14.208333333333343,6.0,4.0,0.9197041732699419,0.821580547112462,16.938297872340424,0.9117802430005283,0.7285714285714285,13.578419452887537
S0 Current practice,6,year,5175,10.208333333333314,21.208333333333314,224.46415094339622,0.8523671497584541,0.9251304874419194,0.8397398795336652,0.7419131758230211,16493.627219992428,0.0,6418.418631103933,1530.7958642579338,0.0,55.38095238095238,0.8653295128939829,12.208333333333343,18.0,72.0,0.8732367149758454,0.8719376391982183,17.119821826280624,0.9002898550724637,0.7971046770601337,16.25033407572383
S0 Current practice,6,Q2 to Q4,3707,8.208333333333314,17.208333333333314,194.77777777777777,0.9001888319395738,0.91006469926053,0.8339094605034919,0.758283179660656,11959.675916312215,0.0,4653.007054331704,1171.7806607520045,0.0,55.38095238095238,0.8653295128939829,12.208333333333343,6.0,12.0,0.920151065551659,0.8209838107098381,15.992839352428394,0.912328028055031,0.726027397260274,13.302926525529266
S0 Current practice,7,year,5222,10.208333333333371,24.208333333333314,239.13584905660377,0.7954806587514363,0.9325622352415003,0.8603354614555944,0.7391005898755629,16715.649614770588,0.0,6400.4173564036555,1464.746993247123,0.0,67.28571428571429,0.6905444126074498,14.208333333333343,20.0,136.0,0.845461509000383,0.871529308065227,18.192595857205816,0.8829950210647262,0.8122520934332305,16.948435434111943
S0 Current practice,7,Q2 to Q4,3783,9.208333333333314,18.208333333333314,198.82010582010582,0.8987575997885277,0.9199855819325725,0.8628649055999693,0.7502754212304436,12119.491395960882,0.0,4633.718926153651,1101.38038411048,0.0,67.28571428571429,0.6905444126074498,14.208333333333343,8.0,12.0,0.9238699444885012,0.8544072948328267,17.363525835866263,0.9101242400211472,0.7422492401215806,13.877203647416414
S0 Current practice,8,year,5232,10.208333333333314,23.208333333333314,233.28301886792454,0.8193807339449541,0.9361767451261807,0.8528540601520894,0.7445007241848961,16731.756465484654,0.0,6488.927637313171,1500.1924556322372,0.0,73.9047619047619,0.6905444126074498,13.208333333333343,18.0,116.0,0.8562691131498471,0.8568286782493952,17.64526061139213,0.893348623853211,0.8130635583901473,16.901253573784913
S0 Current practice,8,Q2 to Q4,3766,9.208333333333314,17.208333333333314,196.57671957671957,0.8996282527881041,0.9248848831729044,0.8493370900776883,0.7457836876297941,12143.33773261087,0.0,4716.862553079349,1142.9097182475718,0.0,73.9047619047619,0.6905444126074498,13.208333333333343,6.0,0.0,0.9221986192246415,0.8406240440501682,16.74671153257877,0.9144981412639405,0.7436524931171612,13.844294891404099
S0 Current practice,9,year,5214,10.208333333333314,23.208333333333314,234.11698113207547,0.8256616800920599,0.9394251290225736,0.8375583668696905,0.7394869198626067,16748.478284437017,0.0,6465.396172461046,1599.7989618508138,0.0,51.57142857142857,0.7707736389684814,13.208333333333343,15.0,120.0,0.8592251630226314,0.8454063604240283,17.59452296819788,0.9018028385116993,0.8109540636042403,16.95958480565371
S0 Current practice,9,Q2 to Q4,3794,9.208333333333314,17.208333333333314,197.52910052910053,0.9053769109119663,0.929307640895175,0.845423339322084,0.7490231523577857,12171.668780467291,0.0,4709.798714893772,1202.7622551744253,0.0,51.57142857142857,0.7707736389684814,13.208333333333343,3.0,16.0,0.9251449657353716,0.8272727272727273,16.867878787878787,0.9193463363205061,0.7412121212121212,13.903030303030302
S0 Current practice,10,year,5193,10.208333333333314,22.208333333333314,228.8566037735849,0.8401694588869633,0.9340794597414896,0.8382168267316122,0.7393167155247378,16671.854965231993,0.0,6377.109762610975,1456.7340603333619,0.0,50.714285714285715,0.8022922636103151,12.208333333333343,17.0,108.0,0.8594261505873291,0.8474839281755708,17.25825759255154,0.8965915655690352,0.7969408113500333,16.386388827311016
S0 Current practice,10,Q2 to Q4,3721,9.208333333333314,17.208333333333314,197.93121693121694,0.9000268744961032,0.9223783766991565,0.8494921348375111,0.7483219510980558,12106.738875256568,0.0,4647.278602960249,1111.409850917199,0.0,50.714285714285715,0.8022922636103151,12.208333333333343,5.0,12.0,0.9188390217683419,0.8363298202107874,16.282393056416616,0.9107766729373824,0.7256664600123992,13.323310601363918
S0 Current practice,11,year,5216,11.208333333333314,23.208333333333343,238.4566037735849,0.8115414110429447,0.9299503629674948,0.8615497173229257,0.7411425149401756,16642.794674156903,0.0,6421.202733853337,1468.7846674468747,0.0,60.19047619047619,0.7106017191977078,13.208333333333343,20.0,108.0,0.8537193251533742,0.8901389808074123,18.035517317449813,0.8888036809815951,0.8131480255901169,16.952128833002426
S0 Current practice,11,Q2 to Q4,3779,9.208333333333314,17.208333333333314,199.39153439153438,0.907118285260651,0.9165269055054013,0.8598964007155424,0.7479132261089946,12077.594399091135,0.0,4657.22988225521,1105.8309210347084,0.0,60.19047619047619,0.7106017191977078,13.208333333333343,8.0,16.0,0.9264355649642763,0.8482170070100579,17.095092959463578,0.9203492987562847,0.7430661383724474,13.929289850655287
S0 Current practice,12,year,5219,10.208333333333314,22.208333333333343,230.88301886792453,0.8344510442613527,0.9285851943141589,0.8306753972303353,0.7449861599285098,16599.791320477438,0.0,6400.233408541219,1495.35119489405,0.0,67.71428571428571,0.7077363896848138,13.208333333333343,19.0,104.0,0.862617359647442,0.8607315998237108,17.454164830321726,0.9011304847671968,0.8113706478624945,16.807404142794184
S0 Current practice,12,Q2 to Q4,3774,9.208333333333314,17.208333333333314,194.7989417989418,0.915474297827239,0.9147158337744805,0.832612878284715,0.7492496143982933,12050.070017283713,0.0,4630.944154338325,1097.7793193743116,0.0,67.71428571428571,0.7077363896848138,13.208333333333343,8.0,12.0,0.9279279279279279,0.8229198415117343,16.392868028040233,0.9260731319554849,0.7470283450167632,13.85035050289546
S0 Current practice,13,year,5246,11.208333333333314,23.208333333333314,236.30188679245282,0.8091879527258864,0.9322118027933304,0.8603983756032922,0.7442236919279009,16627.333673069716,0.0,6369.697398095633,1523.030877439169,0.0,84.52380952380952,0.6905444126074498,14.208333333333343,17.0,96.0,0.8511246664125047,0.8486842105263158,17.991666666666667,0.8856271444910407,0.805921052631579,16.708333333333332
S0 Current practice,13,Q2 to Q4,3792,9.208333333333314,17.208333333333314,196.55026455026456,0.9066455696202531,0.9195258591003208,0.86233242425438,0.7429510940140871,12058.263655036006,0.0,4657.668751483324,1103.4525852586232,0.0,84.52380952380952,0.6905444126074498,14.208333333333343,5.0,0.0,0.9253691983122363,0.8261529126213593,17.106492718446603,0.9203586497890295,0.7396844660194175,13.794296116504855
S0 Current practice,14,year,5209,10.208333333333314,22.208333333333314,228.69056603773586,0.8345171818007295,0.9293569553933165,0.852991740969263,0.7451662813367356,16639.609650709273,0.0,6361.749804241545,1439.2008939763411,0.0,50.666666666666664,0.7593123209169055,13.208333333333343,19.0,132.0,0.8615857170282204,0.8458646616541353,17.406015037593985,0.9034363601459013,0.8038478549314463,16.737726669615213
S0 Current practice,14,Q2 to Q4,3756,8.208333333333314,16.208333333333314,191.71428571428572,0.9121405750798722,0.9155719377607798,0.8630770082214339,0.7572070442788947,12035.711945963525,0.0,4642.835073403465,1095.6813042979168,0.0,50.666666666666664,0.7593123209169055,13.208333333333343,7.0,0.0,0.9265175718849841,0.8211107701749003,16.518563976679964,0.9214589989350372,0.7284443080699601,13.531144522859773
S0 Current practice,15,year,5256,11.208333333333314,26.208333333333314,251.3056603773585,0.7473363774733638,0.9344370261625373,0.8750083271561303,0.7476239650462223,16756.729675857954,0.0,6449.082203002472,1467.8575608683173,0.0,71.04761904761905,0.5558739255014327,14.208333333333343,21.0,128.0,0.8240106544901066,0.8820826952526799,19.213738788011376,0.8692922374429224,0.8197330999781229,17.47998249835922
S0 Current practice,15,Q2 to Q4,3834,9.208333333333314,18.208333333333314,204.010582010582,0.8938445487741262,0.922489156196054,0.8771411866902831,0.7627958621548698,12145.092485176237,0.0,4732.939072603432,1063.446905446615,0.0,71.04761904761905,0.5558739255014327,14.208333333333343,8.0,4.0,0.9207094418362024,0.8384776745579862,18.222355409050046,0.9141888367240479,0.7560683248426731,14.505543901708121
S0 Current practice,16,year,5234,11.208333333333314,23.208333333333343,238.80754716981133,0.803782957585021,0.9374896197872103,0.8377665272255378,0.7361203565736311,16770.220564255524,0.0,6508.57535648333,1602.3977540544643,0.0,63.19047619047619,0.7020057306590258,14.208333333333343,18.0,132.0,0.8551776843714176,0.8913569386408621,18.21706619749285,0.8872755063049294,0.8121838574884539,16.932263030569608
S0 Current practice,16,Q2 to Q4,3791,9.208333333333314,17.208333333333314,199.76190476190476,0.9042469005539435,0.9266603667431415,0.8588818539256116,0.747573795194981,12174.062345445813,0.0,4710.851851344848,1198.6063544140093,0.0,63.19047619047619,0.7020057306590258,14.208333333333343,6.0,8.0,0.930888947507254,0.8651685393258427,17.365927725478286,0.9171722500659457,0.7412693592468873,13.853932584269662
S0 Current practice,17,year,5221,11.208333333333314,24.208333333333314,243.07924528301888,0.790461597395135,0.931048942037761,0.8435541484678335,0.7479666703434721,16684.800495858224,0.0,6381.65959195332,1520.5861969883888,0.0,67.23809523809524,0.7077363896848138,13.208333333333343,20.0,132.0,0.8417927600076613,0.8797705713655416,18.45135671740569,0.8820149396667305,0.8188837414515773,17.111184645929846
S0 Current practice,17,Q2 to Q4,3785,9.208333333333314,18.208333333333314,202.6984126984127,0.9030383091149273,0.9179676294890953,0.8493079671703632,0.7503159620125412,12100.251505952485,0.0,4648.460220801252,1135.2064294130307,0.0,67.23809523809524,0.7077363896848138,13.208333333333343,8.0,20.0,0.9247027741083224,0.837138508371385,17.554642313546424,0.9162483487450462,0.7512937595129376,14.08675799086758
S0 Current practice,18,year,5228,10.208333333333314,23.208333333333314,232.56981132075472,0.8255547054322877,0.9258326981932296,0.8356547241091834,0.7384769444713798,16483.926552801473,0.0,6339.557963762752,1481.5891221055142,0.0,65.0,0.7106017191977078,14.208333333333343,16.0,80.0,0.8550114766641163,0.8581170259568852,17.59788825340959,0.8934583014537107,0.8026836779586449,16.65530136383634
S0 Current practice,18,Q2 to Q4,3767,9.208333333333314,17.208333333333314,195.0899470899471,0.9108043535970268,0.9109335982788943,0.8262937415010705,0.7505774835043227,11941.944735543726,0.0,4613.8124131049635,1100.7339821229175,0.0,65.0,0.7106017191977078,14.208333333333343,4.0,12.0,0.9230156623307672,0.8251833740831296,16.580378973105134,0.9203610299973454,0.7283007334963325,13.539119804400977
S0 Current practice,19,year,5227,10.208333333333314,21.208333333333343,223.51698113207547,0.8559403099292137,0.9356229711769489,0.8549390731701125,0.7458431148372895,16647.009339801116,0.0,6459.465219901991,1445.7409182828944,0.0,73.38095238095238,0.828080229226361,12.208333333333343,15.0,84.0,0.8710541419552325,0.8355712084525644,16.985252036099492,0.895733690453415,0.7996918335901386,15.887079022672243
S0 Current practice,19,Q2 to Q4,3789,8.208333333333314,16.208333333333314,190.93650793650792,0.9155449986803906,0.9242195768585543,0.8465907892244446,0.7511864910305963,12105.027522543382,0.0,4710.7613146771655,1047.4941410117717,0.0,73.38095238095238,0.828080229226361,12.208333333333343,4.0,0.0,0.9300607020321985,0.8159732766474339,16.040085028849074,0.9247822644497229,0.7336774977224415,13.423322198603097
S0 Current practice,20,year,5253,10.208333333333314,21.208333333333343,223.9245283018868,0.8555111364934324,0.9346329014698148,0.8466153539449808,0.7445955393799527,16618.17799572394,0.0,6343.39501543596,1449.7946249656725,0.0,61.42857142857143,0.7335243553008596,14.208333333333343,15.0,72.0,0.8728345707214925,0.8604600219058051,17.15684556407448,0.9050066628593185,0.804381161007667,16.24381161007667
S0 Current practice,20,Q2 to Q4,3758,8.208333333333314,17.208333333333314,192.3015873015873,0.9105907397551889,0.9229590001633545,0.8549901083734257,0.7523171706854075,12103.28437924217,0.0,4598.986900760441,1054.1277375447048,0.0,61.42857142857143,0.7335243553008596,14.208333333333343,5.0,0.0,0.9225651942522618,0.8047210300429185,15.747394236664624,0.9185737094199042,0.7274678111587983,13.31146535867566
S0 Current practice,21,year,5247,10.208333333333314,23.208333333333314,232.2754716981132,0.815704211930627,0.9382694401097277,0.8375589343544815,0.7484813215468333,16735.38031722115,0.0,6431.889303214313,1569.8158255165235,0.0,68.71428571428571,0.6504297994269341,14.208333333333343,17.0,96.0,0.848675433581094,0.8545095457537853,17.745446565723064,0.8866018677339432,0.804476629361422,16.72108843537415
S0 Current practice,21,Q2 to Q4,3781,9.208333333333314,17.208333333333314,193.17989417989418,0.907167416027506,0.9277651617170547,0.8489050182653171,0.7550115651639883,12166.310299187387,0.0,4666.416928283948,1160.6350192395118,0.0,68.71428571428571,0.6504297994269341,14.208333333333343,5.0,0.0,0.9217138323194922,0.8221139201949437,16.739567468778557,0.914837344617826,0.7304294852269266,13.588181541273226
S0 Current practice,22,year,5244,10.208333333333329,24.208333333333314,241.51698113207547,0.7827993897787948,0.9295108982769645,0.8665502427109345,0.7387462892401917,16605.185474875612,0.0,6351.242163703867,1505.4854962620418,0.0,60.142857142857146,0.6762177650429799,14.208333333333343,19.0,92.0,0.8352402745995423,0.8833589125191844,18.371409778557332,0.8819603356216629,0.8123218592413944,17.046481034860776
S0 Current practice,22,Q2 to Q4,3790,9.208333333333314,17.208333333333314,197.5978835978836,0.9031662269129288,0.9158970096237666,0.8699023614909567,0.7375087841101354,12039.985199809875,0.0,4605.652292821841,1138.9271735968105,0.0,60.142857142857146,0.6762177650429799,14.208333333333343,7.0,0.0,0.9205804749340369,0.8408262454434994,17.40583232077764,0.9142480211081794,0.7417982989064399,13.842952612393681
S0 Current practice,23,year,5210,10.208333333333314,24.208333333333314,238.1811320754717,0.7934740882917466,0.9367544193214051,0.8586594075684687,0.736520373707236,16704.610732254332,0.0,6412.113365767122,1530.786259000697,0.0,55.666666666666664,0.7277936962750716,14.208333333333343,15.0,124.0,0.8412667946257197,0.8595406360424028,18.021422261484098,0.8865642994241842,0.8118374558303887,17.041519434628974
S0 Current practice,23,Q2 to Q4,3797,9.208333333333314,17.208333333333314,196.5079365079365,0.9015011851461681,0.9256373650806294,0.8513663016193127,0.7457104681059136,12116.19199938058,0.0,4661.216681548738,1140.8181761506585,0.0,55.666666666666664,0.7277936962750716,14.208333333333343,3.0,8.0,0.9244140110613642,0.8512571947894577,17.347773401999394,0.914669475902028,0.7431081490457437,13.960315056043623
S0 Current practice,24,year,5215,10.208333333333314,22.208333333333314,225.37358490566038,0.8377756471716203,0.9277380996027559,0.8398696835338504,0.7408148637580774,16525.273049967447,0.0,6323.6619706549745,1435.7963475452323,0.0,72.42857142857143,0.7679083094555874,13.208333333333343,17.0,72.0,0.8548418024928092,0.8280353200883003,16.94503311258278,0.8897411313518696,0.8004415011037528,16.418984547461367
S0 Current practice,24,Q2 to Q4,3751,8.208333333333314,16.208333333333314,191.6031746031746,0.9037589976006398,0.9136448612702657,0.8417768664767019,0.7502839881582773,12010.379433485705,0.0,4646.905746502788,1108.0758797045924,0.0,72.42857142857143,0.7679083094555874,13.208333333333343,6.0,16.0,0.9173553719008265,0.8097725875845113,15.924093423478796,0.9122900559850706,0.7341733251382914,13.59280885064536
S0 Current practice,25,year,5206,10.208333333333314,23.208333333333314,234.12075471698114,0.8163657318478679,0.9308217607708695,0.8622191599212548,0.7353851814615125,16643.496438679478,0.0,6360.546460580026,1519.530553834809,0.0,56.57142857142857,0.7650429799426934,13.208333333333343,19.0,108.0,0.8507491356127546,0.8694690265486725,17.73783185840708,0.8882059162504802,0.8112831858407079,16.716592920353982
S0 Current practice,25,Q2 to Q4,3739,9.208333333333314,17.208333333333314,199.14814814814815,0.8967638405990906,0.9176792887726744,0.8641988082947272,0.7326218211256121,12074.426420645723,0.0,4632.573662800013,1111.627705605088,0.0,56.57142857142857,0.7650429799426934,13.208333333333343,7.0,12.0,0.9162877774806097,0.8220234423195558,16.68291178285009,0.9087991441561915,0.7436767427513881,13.646206045650834
S0 Current practice,26,year,5232,10.208333333333314,23.208333333333314,232.9056603773585,0.8042813455657493,0.9376504174048552,0.8612755654400682,0.7481878074538804,16731.84036335311,0.0,6454.642256440409,1514.3540138938606,0.0,57.666666666666664,0.7593123209169055,12.208333333333343,17.0,104.0,0.8377293577981652,0.838063806380638,17.372497249724972,0.882454128440367,0.8052805280528053,16.761496149614963
S0 Current practice,26,Q2 to Q4,3758,9.208333333333314,17.208333333333314,195.35449735449737,0.8962213943587014,0.9272185960960367,0.8604284370241662,0.750831918272784,12151.725125709692,0.0,4689.288375768229,1168.958206904408,0.0,57.666666666666664,0.7593123209169055,12.208333333333343,4.0,8.0,0.9148483235763704,0.8179031269160024,16.465358675659104,0.9084619478445982,0.7326793378295524,13.61465358675659
S0 Current practice,27,year,5260,11.208333333333314,23.208333333333343,238.10943396226415,0.8129277566539924,0.9336727615237239,0.8449967505716199,0.7329319165165853,16597.371600375707,0.0,6339.974656389264,1478.704640934808,0.0,76.52380952380952,0.7507163323782235,13.208333333333343,13.0,100.0,0.8522813688212928,0.8828415300546448,18.112786885245903,0.8802281368821293,0.801967213114754,16.620109289617485
S0 Current practice,27,Q2 to Q4,3793,9.208333333333314,17.208333333333314,200.35449735449737,0.9069338254679673,0.921555505567728,0.8398448886888823,0.7336434094281921,12055.389783117947,0.0,4620.867082922182,1091.2179065101382,0.0,76.52380952380952,0.7507163323782235,13.208333333333343,3.0,0.0,0.928288953335091,0.8483469821049439,17.155292690324536,0.9151067756393356,0.7397634212920837,13.730664240218381
S0 Current practice,28,year,5209,10.208333333333314,22.208333333333314,224.7509433962264,0.8412363217508159,0.9287936750592953,0.8517181721996422,0.7382896185940441,16492.06297161204,0.0,6341.93940495366,1491.3732402160474,0.0,55.523809523809526,0.8051575931232091,11.208333333333343,14.0,64.0,0.8623536187368017,0.8420703384207033,16.96637911966379,0.8928777116529084,0.7947356779473568,16.28644105286441
S0 Current practice,28,Q2 to Q4,3757,8.208333333333314,16.208333333333314,191.7195767195767,0.9039126963002395,0.9151124265408309,0.8535591297791633,0.7464776690813739,12000.387812938297,0.0,4567.447801319082,1075.5812806971671,0.0,55.523809523809526,0.8051575931232091,11.208333333333343,5.0,0.0,0.92467394197498,0.8196872125114996,16.15547378104876,0.9164226776683524,0.7261576203618522,13.370131861392212
S0 Current practice,29,year,5240,10.208333333333314,22.208333333333343,228.43396226415095,0.8383587786259542,0.9362445558822587,0.8372168663904351,0.7324362814241729,16654.32386600783,0.0,6383.045301811111,1515.3230651069116,0.0,54.57142857142857,0.7191977077363897,13.208333333333343,14.0,96.0,0.8641221374045801,0.8715132879420162,17.649461893257193,0.9020992366412214,0.8032066769163189,16.735998242916757
S0 Current practice,29,Q2 to Q4,3766,8.208333333333314,16.208333333333314,192.2275132275132,0.9139670738183749,0.9250216834257435,0.833057759246631,0.7463243052201841,12100.732819846102,0.0,4675.979892695915,1161.057755650037,0.0,54.57142857142857,0.7191977077363897,13.208333333333343,3.0,0.0,0.9269782262347318,0.8208818126148194,16.396509491733006,0.9227296866702072,0.7265768524188609,13.426821800367422
S0 Current practice,30,year,5195,10.208333333333314,22.208333333333314,227.71320754716982,0.8527430221366699,0.9375727381223169,0.848794439565534,0.7367165177052069,16662.948983429666,0.0,6494.336642223553,1603.943664249744,0.0,52.0,0.8166189111747851,13.208333333333343,13.0,96.0,0.8743022136669875,0.8607229984475493,17.26746506986028,0.9081809432146295,0.8048347748946552,16.394987802173432
S0 Current practice,30,Q2 to Q4,3757,9.208333333333314,17.208333333333314,196.68783068783068,0.9116316209741815,0.9269741568617093,0.8452411583316879,0.7434550643691007,12133.690024518477,0.0,4792.669778109511,1206.862560736208,0.0,52.0,0.8166189111747851,13.208333333333343,3.0,8.0,0.9297311684854938,0.8197977321483297,16.30585350904076,0.9222784136278946,0.7312289304321177,13.427214220042906
Package 2 Setup reduction + weld second shift + planned Saturdays,1,year,5235,9.208333333333314,20.208333333333314,205.61132075471698,0.8687679083094556,0.8955122315171249,0.4049830926935743,0.7385715492892193,15969.162167713694,0.0,5864.697193570266,1346.5576978701754,1992.0,61.04761904761905,0.8080229226361032,13.208333333333343,20.0,44.0,0.8800382043935052,0.6098901098901099,15.62901098901099,0.9002865329512894,0.7637362637362637,14.907252747252747
Package 2 Setup reduction + weld second shift + planned Saturdays,1,Q2 to Q4,3731,8.208333333333314,15.208333333333314,177.95767195767195,0.9198606271777003,0.8749466809093672,0.4165025265585747,0.7472438674897084,11557.666511251022,0.0,4324.3235330348725,995.4550289359644,1488.0,61.04761904761905,0.8080229226361032,13.208333333333343,11.0,0.0,0.9303135888501742,0.4947498455836936,14.256948733786288,0.9313856874832485,0.7127856701667696,13.118591723285979
Package 2 Setup reduction + weld second shift + planned Saturdays,2,year,5236,9.208333333333314,19.208333333333343,204.78490566037735,0.8888464476699771,0.9038569780084051,0.4180247187659483,0.7648611738742531,16049.276172874375,0.0,5812.333466519609,1349.1680917700555,1992.0,68.57142857142857,0.839541547277937,12.208333333333343,17.0,16.0,0.8905653170359052,0.7234182776801406,15.492750439367311,0.897440794499618,0.7618629173989455,14.375219683655535
Package 2 Setup reduction + weld second shift + planned Saturdays,2,Q2 to Q4,3739,8.208333333333314,15.408333333333587,182.04232804232805,0.9192297405723455,0.8946937277005227,0.4264504621478718,0.7694748095324101,11775.571143378951,0.0,4289.978892167632,988.2060942491399,1488.0,68.57142857142857,0.839541547277937,12.208333333333343,8.0,0.0,0.9309975929392886,0.6586493987049029,14.25840271353685,0.9301952393688152,0.7209374036386063,13.239284613012643
Package 2 Setup reduction + weld second shift + planned Saturdays,3,year,5222,9.208333333333314,20.208333333333343,213.59245283018868,0.8705476828801225,0.9011954218400112,0.4107841642571502,0.7411063084874842,16081.321625329289,0.0,5790.307534484486,1308.153486703554,1992.0,80.66666666666667,0.8538681948424068,12.208333333333343,20.0,56.0,0.8795480658751437,0.800132362673726,16.28060886829914,0.8956338567598621,0.785572468563865,15.226560776527686
Package 2 Setup reduction + weld second shift + planned Saturdays,3,Q2 to Q4,3734,8.208333333333314,15.208333333333314,182.5873015873016,0.9252811997857525,0.8800393752639629,0.42125248612126676,0.748820678719492,11624.938796841012,0.0,4187.467405588309,946.4658133794767,1488.0,80.66666666666667,0.8538681948424068,12.208333333333343,11.0,0.0,0.933851098018211,0.7609771181199753,14.97773654916512,0.9314408141403321,0.7189239332096475,13.153679653679653
Package 2 Setup reduction + weld second shift + planned Saturdays,4,year,5221,9.208333333333314,19.208333333333343,205.0641509433962,0.8927408542424823,0.9001105569715588,0.4208910007725878,0.7428600581752407,16022.357962001766,0.0,5761.4765041139235,1303.5497641588772,1992.0,68.0952380952381,0.836676217765043,11.208333333333343,18.0,44.0,0.8919747174870715,0.8018514436852546,15.700683270883843,0.9059567132733193,0.7760634780692087,14.840643597090589
Package 2 Setup reduction + weld second shift + planned Saturdays,4,Q2 to Q4,3737,8.208333333333314,15.208333333333314,180.76190476190476,0.9223976451699224,0.8837133343849316,0.43361005535694025,0.7507094213080417,11645.191378079737,0.0,4227.719826760059,953.2672480623844,1488.0,68.0952380952381,0.836676217765043,11.208333333333343,9.0,0.0,0.9293550976719294,0.762816553428042,14.538295243977764,0.9309606636339309,0.7143298332303891,13.112415071031501
Package 2 Setup reduction + weld second shift + planned Saturdays,5,year,5239,9.208333333333314,20.208333333333314,209.79622641509434,0.8673410956289368,0.9025204607002284,0.41206499776472943,0.7414784325560518,16061.6452108209,0.0,5882.424273497726,1336.698184216114,1992.0,53.95238095238095,0.7936962750716332,12.208333333333343,17.0,56.0,0.8766940255774003,0.8228070175438597,16.12390350877193,0.9076159572437488,0.7793859649122807,15.34780701754386
Package 2 Setup reduction + weld second shift + planned Saturdays,5,Q2 to Q4,3732,8.208333333333314,15.208333333333314,181.8148148148148,0.917470525187567,0.8869664004767681,0.4219402560047697,0.745034530837682,11673.867410968358,0.0,4305.707623648452,1005.5344666871363,1488.0,53.95238095238095,0.7936962750716332,12.208333333333343,8.0,0.0,0.9295284030010718,0.7954264524103832,14.897404202719407,0.9279206859592711,0.7172435105067985,13.186032138442522
Package 2 Setup reduction + weld second shift + planned Saturdays,6,year,5228,9.208333333333314,19.208333333333314,202.52830188679246,0.8905891354246366,0.9035260461676787,0.40589866282094417,0.7553243143807665,16119.296191584726,0.0,5834.432785934743,1364.9411056080874,1992.0,68.33333333333333,0.8796561604584527,12.208333333333343,22.0,20.0,0.891354246365723,0.7779000660356593,15.397314549856922,0.9045524100994644,0.7708562623816861,14.728593440457848
Package 2 Setup reduction + weld second shift + planned Saturdays,6,Q2 to Q4,3730,8.208333333333314,15.208333333333314,178.35449735449737,0.9152815013404826,0.8866862580917325,0.4156386528600069,0.7558945365737844,11726.928218809424,0.0,4320.509683675311,1039.0681294935805,1488.0,68.33333333333333,0.8796561604584527,12.208333333333343,12.0,0.0,0.9262734584450402,0.7325905292479109,14.222841225626741,0.9260053619302949,0.7143299288146084,13.103683070256887
Package 2 Setup reduction + weld second shift + planned Saturdays,7,year,5209,9.208333333333314,20.208333333333314,205.91698113207548,0.8836628911499328,0.9049581830317791,0.4244803171120286,0.7388570950713612,16115.8874719759,0.0,5840.287287103003,1373.3048287276197,1992.0,69.76190476190476,0.8424068767908309,12.208333333333343,18.0,52.0,0.887310424265694,0.8190665781906658,15.595443485954435,0.9107314263774237,0.7759345277593452,15.14443707144437
Package 2 Setup reduction + weld second shift + planned Saturdays,7,Q2 to Q4,3707,8.208333333333314,15.208333333333314,181.88888888888889,0.9177232263285676,0.8895870147973445,0.4230183448812282,0.7466829568020064,11694.125408819487,0.0,4268.118224617829,1018.4837029905813,1488.0,69.76190476190476,0.8424068767908309,12.208333333333343,7.0,0.0,0.9268950633935797,0.7854692859370128,14.316183348924229,0.9271648233072566,0.7168693483005925,13.157779856563767
Package 2 Setup reduction + weld second shift + planned Saturdays,8,year,5262,9.208333333333314,21.208333333333314,213.24150943396228,0.8603192702394526,0.8994464542652894,0.4115185028305182,0.7404825820033254,16053.710075857063,0.0,5838.35124429635,1373.036446925999,1992.0,51.904761904761905,0.7220630372492837,13.208333333333343,20.0,60.0,0.8732421132649183,0.7735313387202446,16.35138676566936,0.9106803496769289,0.7818300939069666,15.517143481109413
Package 2 Setup reduction + weld second shift + planned Saturdays,8,Q2 to Q4,3756,8.208333333333314,15.708333333333314,183.37037037037038,0.9187965921192758,0.8786281199119965,0.4235001191056252,0.7506603183626999,11578.180625348337,0.0,4278.618216563739,1007.6887979358085,1488.0,51.904761904761905,0.7220630372492837,13.208333333333343,9.0,0.0,0.9315761448349308,0.7262964099416999,14.90764038048481,0.9305111821086262,0.7131021785823872,13.119361767413316
Package 2 Setup reduction + weld second shift + planned Saturdays,9,year,5212,9.208333333333314,19.208333333333314,204.7433962264151,0.886415963161934,0.8965130353517877,0.4171212326544299,0.7387644033544345,16001.35314394069,0.0,5852.407867700725,1410.802931641315,1992.0,55.095238095238095,0.8510028653295129,13.208333333333343,20.0,60.0,0.8883346124328473,0.7485651214128035,15.63532008830022,0.9173062164236377,0.7805739514348786,15.291169977924945
Package 2 Setup reduction + weld second shift + planned Saturdays,9,Q2 to Q4,3744,8.208333333333314,15.208333333333314,179.0952380952381,0.9204059829059829,0.8784895658184473,0.43273822460259603,0.7567487348910128,11590.410652596747,0.0,4309.898666365855,1015.0098810736167,1488.0,55.095238095238095,0.8510028653295129,13.208333333333343,10.0,0.0,0.9265491452991453,0.6901755466584539,14.336618417000308,0.9278846153846154,0.7163535571296581,13.129350169387127
Package 2 Setup reduction + weld second shift + planned Saturdays,10,year,5241,9.208333333333314,19.208333333333314,200.73962264150944,0.893340965464606,0.8984811773461369,0.40588117498669973,0.7475688783602081,15993.35429860475,0.0,5722.411599606443,1342.8824161293476,1992.0,57.857142857142854,0.8108882521489972,12.208333333333343,19.0,28.0,0.8946765884373211,0.8020627605881062,15.35483870967742,0.9137569166189659,0.7638797454465657,14.68071099407505
Package 2 Setup reduction + weld second shift + planned Saturdays,10,Q2 to Q4,3741,8.208333333333314,15.208333333333314,182.11640211640213,0.9176690724405239,0.8891019721986118,0.41627089322058586,0.7562470555620915,11730.426143667206,0.0,4200.856577995038,1001.8633072956613,1488.0,57.857142857142854,0.8108882521489972,12.208333333333343,10.0,0.0,0.9272921678695536,0.768,14.056307692307692,0.9272921678695536,0.7181538461538461,13.111692307692307
Package 2 Setup reduction + weld second shift + planned Saturdays,11,year,5246,9.208333333333314,20.208333333333314,203.24528301886792,0.8821959588257721,0.8950524719061127,0.410130622760147,0.7364036460220938,15964.543744988583,0.0,5838.787879268019,1322.263391448063,1992.0,57.0,0.8051575931232091,12.208333333333343,21.0,32.0,0.8877239801753717,0.7875602277704774,15.782084975908893,0.913839115516584,0.7772667542706965,15.153964082347787
Package 2 Setup reduction + weld second shift + planned Saturdays,11,Q2 to Q4,3722,8.208333333333314,15.208333333333314,179.21693121693121,0.9180548092423428,0.8805642802474581,0.42313402120813043,0.7464378548857148,11631.872564214156,0.0,4273.362483470544,971.8164946222096,1488.0,57.0,0.8051575931232091,12.208333333333343,11.0,0.0,0.9263836646963998,0.7208798017348204,14.233890954151176,0.9261149919398173,0.7174721189591078,13.158612143742255
Package 2 Setup reduction + weld second shift + planned Saturdays,12,year,5210,9.208333333333314,19.208333333333343,205.0943396226415,0.8833013435700576,0.9107099418308099,0.41258588021802534,0.7374696682063878,16211.031605563207,0.0,5743.2788795603665,1304.1438976384309,1992.0,56.76190476190476,0.839541547277937,12.208333333333343,18.0,44.0,0.8871401151631478,0.8168951791242813,15.590888987173816,0.9101727447216891,0.7733303847854931,15.01172047766475
Package 2 Setup reduction + weld second shift + planned Saturdays,12,Q2 to Q4,3714,8.208333333333314,15.208333333333314,183.87301587301587,0.9092622509423802,0.9006046227049499,0.4251009214349169,0.7497252424332088,11853.367782039388,0.0,4223.88488115484,1005.4005751806039,1488.0,56.76190476190476,0.839541547277937,12.208333333333343,8.0,0.0,0.9211093161012386,0.7851136717533479,14.315478044222983,0.9197630586968228,0.7172220492058549,13.1301775147929
Package 2 Setup reduction + weld second shift + planned Saturdays,13,year,5217,9.208333333333314,19.208333333333314,203.59622641509435,0.8941920644048303,0.8964994631090876,0.41577741693061226,0.7385447213722174,15943.734935032691,0.0,5788.31991796445,1355.4312116944723,1992.0,70.80952380952381,0.8653295128939829,12.208333333333343,18.0,28.0,0.8974506421314932,0.8178610804851157,15.474531422271223,0.9055012459267778,0.7667034178610805,14.5045203969129
Package 2 Setup reduction + weld second shift + planned Saturdays,13,Q2 to Q4,3737,8.208333333333314,15.208333333333314,181.65608465608466,0.9234680224779235,0.8843852823051838,0.4375747644976654,0.737567409244943,11654.046016595388,0.0,4265.158659378913,1022.5686205408846,1488.0,70.80952380952381,0.8653295128939829,12.208333333333343,9.0,0.0,0.9331014182499331,0.782716049382716,14.290123456790123,0.9304254749799304,0.7145061728395061,13.101851851851851
Package 2 Setup reduction + weld second shift + planned Saturdays,14,year,5261,9.208333333333314,20.208333333333343,211.33584905660376,0.8694164607489071,0.9077637343223912,0.4136515592088164,0.7389151907116552,16165.849945098013,0.0,5804.770249910041,1323.2538426460173,1992.0,56.80952380952381,0.7879656160458453,13.208333333333343,17.0,68.0,0.8804409808021288,0.8290393013100437,16.24956331877729,0.9114236837103212,0.790174672489083,15.652401746724891
Package 2 Setup reduction + weld second shift + planned Saturdays,14,Q2 to Q4,3757,8.208333333333314,15.208333333333314,183.1904761904762,0.9140271493212669,0.8924313892185037,0.4184807334925592,0.7455663470751873,11745.795224625293,0.0,4210.395738754526,965.5133927049876,1488.0,56.80952380952381,0.7879656160458453,13.208333333333343,8.0,0.0,0.9305296779345222,0.7974217311233885,15.011356660527932,0.92467394197498,0.7124002455494168,13.145794966236956
Package 2 Setup reduction + weld second shift + planned Saturdays,15,year,5236,9.208333333333314,20.208333333333314,208.7811320754717,0.8747135217723453,0.9092402877422938,0.41712875872222743,0.7427854283186153,16210.3298539943,0.0,5938.431392524404,1405.0213323826224,1992.0,50.714285714285715,0.8624641833810889,11.208333333333343,19.0,56.0,0.8808250572956455,0.823748902546093,15.869183494293239,0.9142475171886937,0.7831431079894644,15.569578577699737
Package 2 Setup reduction + weld second shift + planned Saturdays,15,Q2 to Q4,3751,8.208333333333314,15.208333333333314,181.35449735449737,0.9194881364969342,0.8914253337693396,0.42167959417170203,0.7486611636701783,11732.553958760756,0.0,4298.822595003435,1026.7594865286105,1488.0,50.714285714285715,0.8624641833810889,11.208333333333343,8.0,0.0,0.928019194881365,0.7923195084485407,14.666359447004607,0.928019194881365,0.7139784946236559,13.116743471582181
Package 2 Setup reduction + weld second shift + planned Saturdays,16,year,5231,9.208333333333314,19.208333333333314,202.49433962264152,0.8893137067482317,0.9031092726511695,0.40884116289355726,0.7513309162538782,16050.449340908064,0.0,5858.188606987798,1294.2307415562127,1992.0,63.04761904761905,0.8510028653295129,12.208333333333343,17.0,32.0,0.8887402026381189,0.8137233340664174,15.553551792390587,0.9025043012808258,0.7569826259071916,14.48031669232461
Package 2 Setup reduction + weld second shift + planned Saturdays,16,Q2 to Q4,3746,8.208333333333314,15.208333333333314,178.984126984127,0.9233849439402029,0.8886314567023451,0.42938487051510743,0.7561174785761368,11695.782159485037,0.0,4292.184453811921,970.5209707450852,1488.0,63.04761904761905,0.8510028653295129,12.208333333333343,8.0,0.0,0.9284570208222104,0.7827023699599877,14.292397660818713,0.9303256807261079,0.7103724222837796,13.138811942136043
Package 2 Setup reduction + weld second shift + planned Saturdays,17,year,5264,9.208333333333371,21.208333333333314,213.68301886792452,0.8639817629179332,0.9116934940327345,0.411262126501337,0.7460926229677417,16290.534418557645,0.0,5939.671808168677,1356.6064206168862,1992.0,82.19047619047619,0.7793696275071633,13.208333333333343,21.0,64.0,0.8774696048632219,0.8292576419213974,16.42707423580786,0.9017857142857143,0.7897379912663756,15.55174672489083
Package 2 Setup reduction + weld second shift + planned Saturdays,17,Q2 to Q4,3782,8.208333333333314,15.208333333333314,181.015873015873,0.9180327868852459,0.8948990496423663,0.4223721579071011,0.7471227914338743,11806.910271393212,0.0,4365.133522299328,1024.9593657720854,1488.0,82.19047619047619,0.7793696275071633,13.208333333333343,10.0,0.0,0.9307244843997885,0.8010965580261955,15.235455376180322,0.9272871496562666,0.720986902223576,13.192202254035942
Package 2 Setup reduction + weld second shift + planned Saturdays,18,year,5247,9.208333333333314,20.208333333333314,208.93962264150943,0.8732609109967601,0.9096005697245273,0.40773116756107297,0.7374153962141761,16187.645899064566,0.0,5808.176261254038,1305.8787338265554,1992.0,70.23809523809524,0.8051575931232091,12.208333333333343,18.0,40.0,0.88126548503907,0.8378319069563309,16.022602589422867,0.9031827711072994,0.7785824007022164,15.210664911125741
Package 2 Setup reduction + weld second shift + planned Saturdays,18,Q2 to Q4,3740,8.208333333333314,15.208333333333314,182.64021164021165,0.9147058823529411,0.8969244423425186,0.4163131543083126,0.7437721697651595,11804.93084285389,0.0,4238.899448195858,988.5298178215442,1488.0,70.23809523809524,0.8051575931232091,12.208333333333343,8.0,0.0,0.9245989304812834,0.7936458975940778,14.669956816779765,0.9245989304812834,0.7122146822948797,13.129549660703269
Package 2 Setup reduction + weld second shift + planned Saturdays,19,year,5231,9.208333333333314,20.208333333333314,207.67924528301887,0.871343911298031,0.9039268843593825,0.40880497120358295,0.7418001843771802,16083.058828172021,0.0,5872.96775270843,1369.5087530408828,1992.0,74.57142857142857,0.8137535816618912,12.208333333333343,17.0,52.0,0.8763142802523418,0.815922586320651,15.877281724213768,0.9038424775377557,0.7717176160105564,15.001099626127116
Package 2 Setup reduction + weld second shift + planned Saturdays,19,Q2 to Q4,3732,8.208333333333314,15.208333333333314,180.93650793650792,0.9142550911039657,0.8891435977759937,0.41673478154109517,0.7477654116086946,11702.522738368601,0.0,4306.537612437568,1031.760153216631,1488.0,74.57142857142857,0.8137535816618912,12.208333333333343,8.0,0.0,0.9239013933547695,0.7839925834363412,14.581582200247219,0.9255091103965702,0.7141532756489494,13.104449938195303
Package 2 Setup reduction + weld second shift + planned Saturdays,20,year,5222,9.208333333333314,19.208333333333343,209.2943396226415,0.881846036001532,0.9056244439916873,0.4239756283377414,0.745867021213135,16211.069984710262,0.0,5891.030198799841,1348.263973490027,1992.0,68.04761904761905,0.8510028653295129,13.208333333333343,24.0,48.0,0.8887399463806971,0.8227903901256337,15.937844390566454,0.9147836078130984,0.7844390566453604,15.41723605906987
Package 2 Setup reduction + weld second shift + planned Saturdays,20,Q2 to Q4,3730,8.208333333333314,15.208333333333314,185.25396825396825,0.9168900804289544,0.8899656886984153,0.43720674800034115,0.7507340169030942,11798.779448965162,0.0,4294.351086311761,1000.3005202211384,1488.0,68.04761904761905,0.8510028653295129,13.208333333333343,14.0,0.0,0.9284182305630027,0.7953560371517028,14.784829721362229,0.9273458445040215,0.7229102167182663,13.219814241486068
Package 2 Setup reduction + weld second shift + planned Saturdays,21,year,5220,9.208333333333314,19.208333333333343,206.0,0.8898467432950191,0.8976621529605416,0.410467709695336,0.7510294441856831,15960.822066571378,0.0,5742.860299886391,1259.09756169852,1992.0,56.285714285714285,0.839541547277937,11.208333333333343,18.0,24.0,0.8909961685823755,0.791005291005291,15.617724867724867,0.8998084291187739,0.769620811287478,14.482142857142858
Package 2 Setup reduction + weld second shift + planned Saturdays,21,Q2 to Q4,3723,8.208333333333314,15.208333333333314,181.9100529100529,0.9178082191780822,0.8782423659154828,0.4165878092122937,0.7499232467168566,11573.097326342344,0.0,4138.742491038775,913.073940181107,1488.0,56.285714285714285,0.839541547277937,11.208333333333343,9.0,0.0,0.9255976363147999,0.7528646639826572,14.439764633013317,0.9245232339511147,0.7178693093837101,13.205636419944256
Package 2 Setup reduction + weld second shift + planned Saturdays,22,year,5253,9.208333333333314,20.208333333333314,207.61509433962263,0.8709308966304968,0.9021263977120404,0.4101280738900143,0.7453075152096984,16069.06631748587,0.0,5765.5525087492,1324.4419576764294,1992.0,66.47619047619048,0.8137535816618912,13.208333333333343,19.0,40.0,0.8806396344945745,0.8373111451718853,16.070943726735276,0.9032933561774225,0.7779724107729363,15.411867746879789
Package 2 Setup reduction + weld second shift + planned Saturdays,22,Q2 to Q4,3756,8.208333333333314,15.208333333333314,180.6137566137566,0.913471778487753,0.8828114959744516,0.4228901534788275,0.7494245623200736,11633.307342303076,0.0,4190.440707031983,983.4411489281897,1488.0,66.47619047619048,0.8137535816618912,13.208333333333343,9.0,0.0,0.9254526091586794,0.7720858895705521,14.723312883435582,0.9219914802981896,0.7134969325153374,13.124233128834355
Package 2 Setup reduction + weld second shift + planned Saturdays,23,year,5253,9.208333333333314,19.208333333333343,203.16981132075472,0.8827336759946697,0.898823488108232,0.4041156287055296,0.7443168495957774,15995.852284552275,0.0,5841.044078482207,1384.3754266782826,1992.0,60.904761904761905,0.8137535816618912,13.208333333333343,18.0,40.0,0.8855891871311632,0.8073133347930808,15.628640245237573,0.9150961355415953,0.7714035471863367,15.069192029778849
Package 2 Setup reduction + weld second shift + planned Saturdays,23,Q2 to Q4,3745,8.208333333333314,15.208333333333314,180.1851851851852,0.9201602136181576,0.8824174378118166,0.4123386787114568,0.7504525557984157,11628.11461459441,0.0,4300.3516428855155,1029.0051118885008,1488.0,60.904761904761905,0.8137535816618912,13.208333333333343,9.0,0.0,0.9292389853137517,0.7727832512315271,14.255849753694582,0.927369826435247,0.7130541871921182,13.112992610837438
Package 2 Setup reduction + weld second shift + planned Saturdays,24,year,5236,9.208333333333314,19.208333333333314,202.50943396226415,0.8892284186401833,0.902174097990059,0.4118722222871749,0.7281110977898296,16059.089886332176,0.0,5826.316590534335,1379.9002945551424,1992.0,57.76190476190476,0.830945558739255,13.208333333333343,19.0,28.0,0.8926661573720397,0.8030336337656628,15.64036051879534,0.9144385026737968,0.7669817542316992,14.973840404484502
Package 2 Setup reduction + weld second shift + planned Saturdays,24,Q2 to Q4,3745,8.208333333333314,15.208333333333314,182.68253968253967,0.916154873164219,0.8922662046214067,0.42669571445404203,0.7373876763681111,11757.897395812237,0.0,4287.516576376961,1037.8362740384418,1488.0,57.76190476190476,0.830945558739255,13.208333333333343,9.0,0.0,0.9260347129506008,0.7675492610837439,14.358682266009852,0.9238985313751669,0.7155172413793104,13.168411330049262
Package 2 Setup reduction + weld second shift + planned Saturdays,25,year,5255,9.208333333333314,20.208333333333314,209.03773584905662,0.8728829686013321,0.9016460140109578,0.4154986677406556,0.7360375470675538,16049.689762667784,0.0,5787.630567246004,1347.6680363718579,1992.0,65.76190476190476,0.830945558739255,13.208333333333343,18.0,44.0,0.8797335870599429,0.820983606557377,16.031475409836066,0.9058039961941009,0.779672131147541,15.20327868852459
Package 2 Setup reduction + weld second shift + planned Saturdays,25,Q2 to Q4,3746,8.208333333333314,16.208333333333314,184.63492063492063,0.9137746930058729,0.8859715075229515,0.4266039248210573,0.7439920438913844,11674.94860515087,0.0,4207.886997171998,999.2760016781176,1488.0,65.76190476190476,0.830945558739255,13.208333333333343,9.0,0.0,0.9268553123331553,0.7902829028290282,14.777060270602705,0.9220501868659904,0.7152521525215252,13.142373923739237
Package 2 Setup reduction + weld second shift + planned Saturdays,26,year,5220,10.208333333333314,20.208333333333343,213.34716981132075,0.8739463601532567,0.9030069262360131,0.419825155007601,0.7474485738744774,16099.198783937009,0.0,5747.335340568048,1349.997347038203,1992.0,73.66666666666667,0.8194842406876791,12.208333333333343,19.0,56.0,0.8812260536398467,0.826278659611993,16.16468253968254,0.907088122605364,0.796957671957672,15.70083774250441
Package 2 Setup reduction + weld second shift + planned Saturdays,26,Q2 to Q4,3719,8.208333333333314,16.208333333333314,186.02645502645504,0.917182038182307,0.8826749888726326,0.42939338779469194,0.7553780729979596,11631.508510868383,0.0,4175.122422789081,1006.0963717969448,1488.0,73.66666666666667,0.8194842406876791,12.208333333333343,9.0,0.0,0.9255176122613605,0.7978888543930457,14.906550760633344,0.9249798332885184,0.7277243092207389,13.358584290592983
Package 2 Setup reduction + weld second shift + planned Saturdays,27,year,5236,9.208333333333314,19.208333333333314,199.37735849056602,0.8955309396485867,0.8982885325443669,0.41005697288407733,0.7448692223710646,15971.959367002944,0.0,5876.53688513057,1327.3469691108294,1992.0,53.714285714285715,0.8481375358166189,12.208333333333343,17.0,40.0,0.8941940412528648,0.6607260726072607,15.033663366336633,0.9222689075630253,0.7722772277227723,15.073267326732672
Package 2 Setup reduction + weld second shift + planned Saturdays,27,Q2 to Q4,3735,8.208333333333314,15.208333333333314,178.9047619047619,0.9183400267737617,0.8847117424877095,0.42469126410579233,0.7561478252817468,11644.192579534829,0.0,4310.268096587085,987.663752821099,1488.0,53.714285714285715,0.8481375358166189,12.208333333333343,8.0,0.0,0.9242302543507362,0.5687789799072643,13.759814528593509,0.9282463186077644,0.7162287480680062,13.087171561051004
Package 2 Setup reduction + weld second shift + planned Saturdays,28,year,5264,9.208333333333314,20.208333333333314,205.49811320754716,0.8712006079027356,0.8966077634905242,0.4093901681030331,0.7421501701778911,15981.525306485946,0.0,5718.44859898505,1326.2394868728884,1992.0,56.857142857142854,0.7679083094555874,13.208333333333343,19.0,52.0,0.8770896656534954,0.6701616426387068,15.746832678025338,0.9099544072948328,0.7739187418086501,15.266273481869812
Package 2 Setup reduction + weld second shift + planned Saturdays,28,Q2 to Q4,3748,8.208333333333314,15.208333333333314,179.0899470899471,0.9148879402347919,0.8774963803908163,0.4181314421639511,0.7536542957899831,11577.306994444936,0.0,4148.552898511896,998.4504364251843,1488.0,56.857142857142854,0.7679083094555874,13.208333333333343,10.0,0.0,0.923692636072572,0.577634011090573,14.334257547751077,0.9239594450373533,0.7128773875539125,13.119531731361675
Package 2 Setup reduction + weld second shift + planned Saturdays,29,year,5230,9.208333333333314,19.208333333333318,205.59622641509435,0.8858508604206501,0.9003269611174609,0.4099024117852242,0.7443523331710988,16047.817896640772,0.0,5753.00341532022,1314.8760103775369,1992.0,62.57142857142857,0.8567335243553008,12.208333333333343,20.0,36.0,0.8896749521988527,0.8261920457042409,15.77125906394199,0.8963671128107075,0.7626895187870798,14.582729070533949
Package 2 Setup reduction + weld second shift + planned Saturdays,29,Q2 to Q4,3740,8.208333333333314,16.208333333333314,185.42857142857142,0.9131016042780749,0.8872795532264246,0.4188094277425011,0.74931352555107,11692.185464611433,0.0,4183.944623027461,977.7991420521721,1488.0,62.57142857142857,0.8567335243553008,12.208333333333343,9.0,0.0,0.9203208556149732,0.7797655768044417,14.489512646514497,0.9200534759358289,0.7131400370141888,13.112893275755706
Package 2 Setup reduction + weld second shift + planned Saturdays,30,year,5242,9.208333333333314,20.208333333333314,209.3132075471698,0.8754292254864555,0.9042202407982969,0.411734069503772,0.7500949133856994,16135.29780557582,0.0,5854.786679693971,1391.9008277851037,1992.0,64.0,0.7965616045845272,13.208333333333343,20.0,56.0,0.8826783670354826,0.825762563089752,16.00109721307878,0.9107210988172453,0.7851656791748958,15.441079657669519
Package 2 Setup reduction + weld second shift + planned Saturdays,30,Q2 to Q4,3742,8.208333333333314,15.208333333333314,181.3068783068783,0.9198289684660609,0.8869150211597824,0.418909057816298,0.7517779597177856,11715.763099678232,0.0,4264.484906954402,1078.495406579156,1488.0,64.0,0.7965616045845272,13.208333333333343,11.0,0.0,0.9321218599679316,0.7977839335180056,14.77746999076639,0.9294494922501336,0.7149892274546014,13.113881194213604
T Tool changer on B3,1,year,5237,10.208333333333314,20.208333333333343,213.96226415094338,0.8776016803513462,0.9049551854472315,0.8641505839315019,0.7313452541784156,16032.578212630178,0.0,5791.525671976074,1097.790240270955,0.0,72.38095238095238,0.833810888252149,12.208333333333343,13.0,40.0,0.8812297116669849,0.8331870061457419,16.339113257243195,0.9068168798930686,0.7895083406496927,15.548068481123792
T Tool changer on B3,1,Q2 to Q4,3753,8.208333333333314,16.208333333333314,186.34391534391534,0.9126032507327472,0.8844688094484082,0.8534706220336412,0.7385400649456889,11626.843699191355,0.0,4245.798938257668,811.0053081056367,0.0,72.38095238095238,0.833810888252149,12.208333333333343,7.0,0.0,0.922728483879563,0.801840490797546,15.253374233128834,0.920863309352518,0.7236196319018405,13.201840490797546
T Tool changer on B3,2,year,5247,10.208333333333314,21.208333333333314,214.33207547169812,0.8776443682104059,0.9062640784891232,0.8386128614498283,0.7366594634043873,16023.141622121708,0.0,5843.369947987121,1094.908394009321,0.0,60.095238095238095,0.828080229226361,13.208333333333343,10.0,52.0,0.8837430912902611,0.8246767477536708,16.237782160859084,0.9089003239946636,0.7955292570677186,15.816787201402587
T Tool changer on B3,2,Q2 to Q4,3773,8.208333333333314,16.208333333333314,187.86772486772486,0.9072356215213359,0.8848599822334392,0.8557592308266396,0.7418029964780111,11589.512607967961,0.0,4213.071157343436,794.3399994297673,0.0,60.095238095238095,0.828080229226361,13.208333333333343,4.0,0.0,0.9212827988338192,0.8008539188777066,15.257700518450747,0.9162470182878346,0.7200365965233303,13.192741689539494
T Tool changer on B3,3,year,5250,9.208333333333314,20.208333333333314,206.9320754716981,0.8727619047619047,0.9055939140532763,0.8370157108366899,0.7499528838670562,15993.18094621028,0.0,5855.348524436361,1097.739588372427,0.0,52.76190476190476,0.833810888252149,12.208333333333343,9.0,48.0,0.8809523809523809,0.7847435335379219,15.731477422183254,0.9036190476190477,0.7713722051731696,15.05370451556335
T Tool changer on B3,3,Q2 to Q4,3741,8.208333333333314,15.208333333333314,182.64021164021165,0.9075113605987704,0.8949860523785161,0.8382417873258075,0.7584304882261581,11693.499933088337,0.0,4312.061933279417,835.5891945243545,0.0,52.76190476190476,0.833810888252149,12.208333333333343,2.0,0.0,0.9216786955359529,0.7338062924120913,14.519740900678594,0.9182036888532478,0.7128315854410857,13.118753855644664
T Tool changer on B3,4,year,5250,10.208333333333314,21.208333333333343,216.29056603773586,0.8487619047619047,0.9107759161342105,0.8527856349612006,0.7579527378374228,16186.704251100844,0.0,5935.243628636879,1072.0628492552805,0.0,68.28571428571429,0.7421203438395415,13.208333333333343,15.0,64.0,0.8668571428571429,0.8228596452813663,16.62820232099847,0.900952380952381,0.7889205167506022,15.915042697613313
T Tool changer on B3,4,Q2 to Q4,3732,8.208333333333314,15.208333333333314,183.04761904761904,0.9134512325830654,0.894559668070043,0.8538094331857079,0.7654550512036277,11745.180799236843,0.0,4334.134054891239,800.8177823785682,0.0,68.28571428571429,0.7421203438395415,13.208333333333343,6.0,0.0,0.9263129689174705,0.796044499381953,15.36495673671199,0.9228295819935691,0.7129171817058096,13.15451174289246
T Tool changer on B3,5,year,5255,10.208333333333314,21.208333333333314,218.4,0.8576593720266413,0.90783608427222,0.8347004006160644,0.7360019251097029,16090.880153277341,0.0,5769.711799305303,1047.7366636786571,0.0,73.85714285714286,0.7363896848137536,13.208333333333343,12.0,64.0,0.8732635585156994,0.824945295404814,16.64288840262582,0.8972407231208372,0.7763676148796499,15.349015317286652
T Tool changer on B3,5,Q2 to Q4,3749,8.208333333333314,16.208333333333314,189.7724867724868,0.913843691651107,0.8890513834363526,0.825993122950744,0.750124553485019,11630.184942514885,0.0,4159.02874888713,775.636570043886,0.0,73.85714285714286,0.7363896848137536,13.208333333333343,3.0,0.0,0.9319818618298212,0.7981538461538461,15.475692307692308,0.9221125633502267,0.7141538461538461,13.126153846153846
T Tool changer on B3,6,year,5205,10.208333333333314,21.208333333333314,220.81132075471697,0.8560999039385206,0.9100150829708682,0.8380749736147367,0.7427815923380564,16140.421851440604,0.0,5772.905895982374,1060.166541061034,0.0,58.666666666666664,0.828080229226361,13.208333333333343,12.0,76.0,0.8731988472622478,0.8400442477876107,16.681858407079645,0.8937560038424591,0.8006637168141593,15.961946902654867
T Tool changer on B3,6,Q2 to Q4,3749,8.208333333333314,16.208333333333314,190.7089947089947,0.9042411309682582,0.8897491397863805,0.83868744118434,0.7519861441424174,11664.225664638883,0.0,4189.049835856111,784.7357501090107,0.0,58.666666666666664,0.828080229226361,13.208333333333343,4.0,12.0,0.9199786609762604,0.8159433671899046,15.616497383810403,0.9141104294478528,0.7276084949215144,13.289012003693443
T Tool changer on B3,7,year,5245,10.208333333333314,21.208333333333314,218.03396226415094,0.8560533841754051,0.9015117948741517,0.8575853180436607,0.7381778841663266,15985.997801819567,0.0,5741.824852064518,1056.5234705062162,0.0,65.52380952380952,0.7478510028653295,13.208333333333343,13.0,56.0,0.8684461391801716,0.8273365511189118,16.531812198332602,0.9033365109628217,0.7946467749012724,15.898859148749452
T Tool changer on B3,7,Q2 to Q4,3720,8.208333333333314,16.208333333333314,188.39153439153438,0.9077956989247312,0.8837949139821866,0.8583232360573484,0.7483577806249376,11575.56280554263,0.0,4175.2380685463895,782.7092250563574,0.0,65.52380952380952,0.7478510028653295,13.208333333333343,4.0,0.0,0.9190860215053763,0.7995656220912194,15.282655910642259,0.9169354838709678,0.7188954390319579,13.177164132795532
T Tool changer on B3,8,year,5241,9.208333333333314,21.208333333333314,217.03018867924527,0.8542262926922343,0.9010296462748866,0.8422957377567954,0.7424631931502698,16063.946979968729,0.0,5895.716502483779,1075.5178776361724,0.0,74.14285714285714,0.664756446991404,14.208333333333343,18.0,72.0,0.866437702728487,0.8398771660451854,16.693134459311253,0.9047891623735929,0.7960078964685238,16.074139065584557
T Tool changer on B3,8,Q2 to Q4,3735,8.208333333333314,16.208333333333314,183.2275132275132,0.9188755020080321,0.8807641539415908,0.8477778916392094,0.7482239956138427,11592.236129712519,0.0,4286.839469138698,814.0744915222394,0.0,74.14285714285714,0.664756446991404,14.208333333333343,8.0,0.0,0.9266398929049532,0.8024691358024691,15.292901234567902,0.9293172690763052,0.7212962962962963,13.180555555555555
T Tool changer on B3,9,year,5242,10.208333333333314,21.208333333333314,213.5811320754717,0.8605494086226632,0.9070778876671144,0.8593607230900404,0.742108801578363,16102.839728951269,0.0,5901.193145457995,1090.0985459401982,0.0,71.80952380952381,0.7908309455587392,12.208333333333343,15.0,44.0,0.8697062190003816,0.8222904782799474,16.317463799912243,0.8952689813048454,0.78894251864853,15.412022817025012
T Tool changer on B3,9,Q2 to Q4,3738,8.208333333333314,16.208333333333314,187.13227513227514,0.9012841091492777,0.8917396864160531,0.8634789861743838,0.7542228376812015,11722.423497094662,0.0,4277.756659565142,825.0063690525278,0.0,71.80952380952381,0.7908309455587392,12.208333333333343,7.0,0.0,0.9162653825575174,0.7954966070326959,15.134176434299816,0.9101123595505618,0.7186921653300432,13.194941394201111
T Tool changer on B3,10,year,5257,10.208333333333314,21.208333333333343,218.6188679245283,0.8502948449686133,0.9080361142634075,0.8593572055371098,0.7374998139005499,16083.529138149652,0.0,5866.130390080739,1058.6840706729731,0.0,55.095238095238095,0.7478510028653295,13.208333333333343,11.0,68.0,0.868556210766597,0.8417943107221006,16.833260393873086,0.9056496100437512,0.7978118161925601,16.081619256017504
T Tool changer on B3,10,Q2 to Q4,3755,8.208333333333314,16.208333333333314,185.2962962962963,0.9134487350199734,0.8876778241713015,0.8458603603605239,0.7422996633616213,11626.419480605242,0.0,4242.594731379705,794.4657564495362,0.0,55.095238095238095,0.7478510028653295,13.208333333333343,4.0,0.0,0.9275632490013316,0.8011660018410556,15.427738570113531,0.9217043941411451,0.7177048174286591,13.16231972997852
T Tool changer on B3,11,year,5235,10.208333333333314,21.208333333333343,218.97735849056605,0.8527220630372493,0.9090386986848079,0.866424048387846,0.7463566159455552,16119.468121848442,0.0,5780.544590737158,1057.9131071635236,0.0,49.80952380952381,0.7879656160458453,12.208333333333343,12.0,72.0,0.8668576886341929,0.8280184737189356,16.71497690785133,0.9016236867239733,0.7970090169342423,16.14822960193534
T Tool changer on B3,11,Q2 to Q4,3758,8.208333333333314,16.208333333333314,183.93650793650792,0.9151144225651943,0.8894035226231818,0.8516687512043366,0.7524719169367227,11634.791474763337,0.0,4171.952781260884,775.9751879247436,0.0,49.80952380952381,0.7879656160458453,12.208333333333343,3.0,0.0,0.9265566790846195,0.8062634326066933,15.556340190359226,0.9244278871740287,0.7196806877494627,13.230273257599018
T Tool changer on B3,12,year,5257,10.208333333333314,22.208333333333343,225.08301886792452,0.8297508084458817,0.9016157911522699,0.8641465686308734,0.7410664221468665,15998.66129838204,0.0,5806.225900228678,1029.6557512648924,0.0,78.47619047619048,0.6905444126074498,14.208333333333343,12.0,84.0,0.8544797412973179,0.8405860485458124,17.328886945112618,0.8906220277724938,0.8064727749835994,16.516728624535315
T Tool changer on B3,12,Q2 to Q4,3741,8.208333333333314,16.208333333333314,188.21693121693121,0.9045709703287891,0.880780133814811,0.8490282054459534,0.7525616484345876,11507.89155703301,0.0,4205.305706748807,755.2434075851945,0.0,78.47619047619048,0.6905444126074498,14.208333333333343,2.0,0.0,0.9198075380914194,0.8040665434380776,16.030807147258162,0.9133921411387329,0.7288971041281578,13.333949476278496
T Tool changer on B3,13,year,5246,10.208333333333314,21.208333333333314,218.9245283018868,0.8621807091117042,0.9071038539404767,0.8452150878611918,0.7381487865755,16081.530200993475,0.0,5866.9722934446645,1067.8929362411936,0.0,82.52380952380952,0.7621776504297995,13.208333333333343,12.0,68.0,0.8705680518490279,0.8332237563006794,16.673241288625903,0.9018299656881433,0.7874205566513259,15.64847687924611
T Tool changer on B3,13,Q2 to Q4,3745,8.208333333333314,16.208333333333314,187.65079365079364,0.9158878504672897,0.8862807385002072,0.8468361271296649,0.7444500225301386,11608.121057889039,0.0,4239.88852713105,787.7070730893595,0.0,82.52380952380952,0.7621776504297995,13.208333333333343,4.0,0.0,0.9249666221628838,0.8011083743842364,15.453817733990148,0.9244325767690253,0.7182881773399015,13.154556650246306
T Tool changer on B3,14,year,5225,10.208333333333314,21.208333333333314,218.4,0.8549282296650718,0.9103465696133273,0.8552299847170863,0.7405756803315141,16160.866787289282,0.0,5868.554160786819,1063.4648460246144,0.0,57.714285714285715,0.7851002865329513,13.208333333333343,13.0,76.0,0.8675598086124402,0.8305794227803481,16.56928838951311,0.8993301435406699,0.7937871777924653,15.809429389733422
T Tool changer on B3,14,Q2 to Q4,3735,8.208333333333314,16.208333333333314,187.88888888888889,0.9076305220883534,0.890427723139353,0.8485054900321372,0.7517478917972417,11676.683309236125,0.0,4275.803968206529,764.5336435568953,0.0,57.714285714285715,0.7851002865329513,13.208333333333343,5.0,0.0,0.9215528781793842,0.8074188562596599,15.405255023183926,0.9178045515394913,0.7202472952086554,13.18207109737249
T Tool changer on B3,15,year,5236,10.208333333333314,21.208333333333314,214.93962264150943,0.8563789152024446,0.9013769729825961,0.8589385037745249,0.7429706976916652,15900.680400101286,0.0,5687.948599726712,1052.5941185841393,0.0,63.23809523809524,0.839541547277937,12.208333333333343,8.0,44.0,0.871466768525592,0.8258575197889182,16.496481970096745,0.8941940412528648,0.7816622691292876,15.191292875989445
T Tool changer on B3,15,Q2 to Q4,3739,8.208333333333314,16.208333333333314,186.94179894179894,0.900240706071142,0.8818924598470108,0.8577019469430127,0.747604058019156,11508.314447604233,0.0,4142.374861382523,781.7843654997538,0.0,63.23809523809524,0.839541547277937,12.208333333333343,1.0,0.0,0.9192297405723455,0.7920394939833385,15.327059549521753,0.9122760096282428,0.7142857142857143,13.142857142857142
T Tool changer on B3,16,year,5265,10.208333333333314,21.208333333333314,218.3698113207547,0.8522317188983856,0.9069121797949354,0.8727744241775568,0.7394840287850836,16154.3127417853,0.0,5855.570411933489,1084.6537697618319,0.0,58.61904761904762,0.7621776504297995,13.208333333333343,18.0,56.0,0.8651471984805318,0.8392311052861512,16.686762778505898,0.9010446343779677,0.7961992136304062,16.18348623853211
T Tool changer on B3,16,Q2 to Q4,3769,8.208333333333314,16.208333333333314,186.75132275132276,0.9044839479968161,0.8868270021965465,0.8672104840137757,0.7493181735228595,11672.032711210002,0.0,4266.047470723587,808.2738804921296,0.0,58.61904761904762,0.7621776504297995,13.208333333333343,8.0,0.0,0.9180153886972672,0.7991439926627942,15.462855395903393,0.9135049084637835,0.7178232956282482,13.140324059920514
T Tool changer on B3,17,year,5215,10.208333333333314,20.208333333333314,209.87169811320754,0.8807286673058485,0.9049840308585148,0.8367356191553459,0.7431949474848617,15986.030080831508,0.0,5796.126796573544,1053.8437842623248,0.0,58.23809523809524,0.7879656160458453,13.208333333333343,10.0,36.0,0.8882070949185044,0.8152317880794702,15.984988962472405,0.9102588686481304,0.7757174392935983,15.139735099337749
T Tool changer on B3,17,Q2 to Q4,3709,8.208333333333314,16.208333333333314,189.66666666666666,0.9096791588029118,0.8922755059764006,0.8568902727924034,0.7534057337327181,11672.361516464025,0.0,4263.443112530329,775.1231221549818,0.0,58.23809523809524,0.7879656160458453,13.208333333333343,3.0,0.0,0.9231598813696414,0.783136278780336,14.819228375855632,0.9183068212456188,0.7174859987554449,13.153080273802116
T Tool changer on B3,18,year,5251,10.208333333333314,21.208333333333314,218.10188679245283,0.855265663683108,0.9180720983180529,0.8588513964003139,0.7471146422761926,16279.652278618316,0.0,5975.4119066107405,1067.027286406119,0.0,68.23809523809524,0.828080229226361,12.208333333333343,13.0,56.0,0.8703104170634165,0.8304862023653088,16.58431887866842,0.8954484860026661,0.783180026281209,15.50503723171266
T Tool changer on B3,18,Q2 to Q4,3761,8.208333333333314,16.208333333333314,190.21693121693121,0.9005583621377293,0.904677733419235,0.8600781086212449,0.7536050515937073,11863.551769042042,0.0,4371.071336172887,810.8371127635303,0.0,68.23809523809524,0.828080229226361,12.208333333333343,5.0,0.0,0.9181068864663653,0.8077866339668914,15.583384426732065,0.9098643977665515,0.7155119558553035,13.135806253832005
T Tool changer on B3,19,year,5233,10.208333333333314,22.208333333333314,221.97735849056605,0.8452130708962354,0.9063696446008591,0.8552871131536742,0.7439730108703239,16137.39791265302,0.0,5823.004714088589,1105.017430725222,0.0,62.76190476190476,0.7879656160458453,13.208333333333343,17.0,64.0,0.8601184788840054,0.8288288288288288,16.85234014502307,0.903688133002102,0.7998242144583608,16.385629531970995
T Tool changer on B3,19,Q2 to Q4,3759,8.208333333333314,16.208333333333314,187.2962962962963,0.9135408353285448,0.884727458086548,0.8555529017711822,0.7506746460797346,11630.243782107264,0.0,4218.538619618045,817.5308750419513,0.0,62.76190476190476,0.7879656160458453,13.208333333333343,7.0,0.0,0.9260441606810322,0.807656967840735,15.90321592649311,0.922585794094174,0.7249617151607963,13.286370597243492
T Tool changer on B3,20,year,5248,9.208333333333314,20.208333333333314,211.48301886792453,0.8719512195121951,0.912178380490574,0.8706132386194374,0.736676512091592,16167.844893113142,0.0,5915.621331462014,1091.0186441973858,0.0,51.285714285714285,0.8252148997134671,12.208333333333343,14.0,32.0,0.8791920731707317,0.7922790085545076,15.973678438254003,0.9041539634146342,0.7931563939460408,15.335161219565695
T Tool changer on B3,20,Q2 to Q4,3758,8.208333333333314,16.208333333333314,186.26455026455025,0.905268759978712,0.8980080289057758,0.8513726454338868,0.7422054456511107,11804.824411182812,0.0,4325.961464486511,795.377748478108,0.0,51.285714285714285,0.8252148997134671,12.208333333333343,7.0,0.0,0.9204364023416711,0.7523751149249157,14.864235366227398,0.9153805215540181,0.7177444069874349,13.153846153846153
T Tool changer on B3,21,year,5237,10.208333333333314,21.208333333333314,215.77358490566039,0.868054229520718,0.8995102268908095,0.8601307083012568,0.7463000422369938,15936.112967362566,0.0,5775.610062785799,1047.8901625838384,0.0,67.9047619047619,0.8194842406876791,13.208333333333343,12.0,56.0,0.878556425434409,0.8258575197889182,16.405013192612138,0.8953599388963147,0.7801231310466139,15.342348284960423
T Tool changer on B3,21,Q2 to Q4,3737,8.208333333333314,16.208333333333314,186.60846560846562,0.915975381321916,0.8805289475324742,0.8492475382426528,0.7542148142549691,11532.786592236425,0.0,4206.410022513447,788.7675462907208,0.0,67.9047619047619,0.8194842406876791,13.208333333333343,4.0,0.0,0.9248059941129249,0.7987654320987654,15.241666666666667,0.9242708054589243,0.7157407407407408,13.12932098765432
T Tool changer on B3,22,year,5253,10.208333333333314,21.208333333333314,217.99245283018868,0.8576051779935275,0.9116154133088116,0.8479373733903844,0.7449887239704661,16168.806003790847,0.0,5846.682473042503,1071.809082365662,0.0,55.95238095238095,0.7707736389684814,13.208333333333343,13.0,60.0,0.869979059584999,0.8322015334063527,16.730996714129244,0.9059584999048163,0.80065717415115,16.230010952902518
T Tool changer on B3,22,Q2 to Q4,3767,8.208333333333314,16.208333333333314,185.4126984126984,0.9113352800637112,0.8937134279988436,0.8408438747667537,0.7584034711938025,11676.872374414099,0.0,4232.573491576394,808.1412040709931,0.0,55.95238095238095,0.7707736389684814,13.208333333333343,2.0,0.0,0.924077515264136,0.8034894398530762,15.552800734618916,0.9190337138306345,0.7220691766146312,13.208142026323845
T Tool changer on B3,23,year,5215,9.208333333333314,20.208333333333314,206.00377358490567,0.8784276126558006,0.8980250052617101,0.8436342016746688,0.7373437456663686,15881.063337217027,0.0,5854.736493097275,1092.7363783971764,0.0,59.76190476190476,0.8108882521489972,12.208333333333343,11.0,40.0,0.8851390220517737,0.7943058927389097,15.632972853674685,0.9096836049856184,0.7658353564334583,14.925182079011256
T Tool changer on B3,23,Q2 to Q4,3711,8.208333333333314,15.208333333333314,183.22222222222223,0.9178119105362436,0.8831822832977844,0.8547856156422788,0.7436865389496701,11581.66975084439,0.0,4278.255772277721,820.0913479369955,0.0,59.76190476190476,0.8108882521489972,12.208333333333343,5.0,0.0,0.9299380220964699,0.7535014005602241,14.346093993152817,0.9285906763675559,0.715219421101774,13.099284158107688
T Tool changer on B3,24,year,5219,10.208333333333314,21.208333333333314,218.53584905660378,0.856102701666986,0.8972370363517435,0.8406139021260993,0.742388871727588,15870.717501705389,0.0,5829.009380532795,1073.9238822816842,0.0,73.71428571428571,0.8080229226361032,13.208333333333343,11.0,44.0,0.8651082582870282,0.8265666372462489,16.59620476610768,0.8909752826211917,0.7923654015887026,15.681818181818182
T Tool changer on B3,24,Q2 to Q4,3694,8.208333333333314,16.208333333333314,189.6984126984127,0.9036275040606389,0.8830601771972734,0.8395273962490127,0.7444986727807568,11565.939541519776,0.0,4210.844590394564,805.4058840112995,0.0,73.71428571428571,0.8080229226361032,13.208333333333343,4.0,0.0,0.9114780725500812,0.7989368355222014,15.286429018136335,0.9114780725500812,0.7245153220762977,13.338961851156974
T Tool changer on B3,25,year,5205,9.208333333333314,21.208333333333314,214.46037735849058,0.8730067243035543,0.9049320318761628,0.8560213878756605,0.747755838368409,16032.16801393191,0.0,5913.581206894226,1036.1604575501533,0.0,41.57142857142857,0.8567335243553008,10.208333333333343,13.0,40.0,0.8789625360230547,0.8359133126934984,16.191950464396285,0.8949087415946205,0.7923485183547103,15.486731534719151
T Tool changer on B3,25,Q2 to Q4,3788,8.208333333333314,16.208333333333314,184.68783068783068,0.909714889123548,0.8831021421230768,0.860116974075085,0.7578282738190032,11594.748448481087,0.0,4319.558413354236,790.3857542225927,0.0,41.57142857142857,0.8567335243553008,10.208333333333343,6.0,0.0,0.9218585005279831,0.8180437424058323,15.29921020656136,0.9181626187961985,0.726913730255164,13.360874848116646
T Tool changer on B3,26,year,5256,10.208333333333314,21.208333333333314,216.1320754716981,0.8618721461187214,0.9090809930400718,0.8289715108295945,0.7345309800282577,16083.854863961933,0.0,5777.720371283435,1068.5915390529744,0.0,61.23809523809524,0.7277936962750716,13.208333333333343,10.0,64.0,0.878234398782344,0.850174978127734,16.6583552055993,0.909627092846271,0.8011811023622047,16.125765529308836
T Tool changer on B3,26,Q2 to Q4,3764,8.208333333333314,16.208333333333314,186.05291005291005,0.9109989373007439,0.8936992125046952,0.8403959122454667,0.7383977846214095,11676.686640927604,0.0,4195.996893016734,793.6117120048457,0.0,61.23809523809524,0.7277936962750716,13.208333333333343,2.0,0.0,0.9272051009564294,0.7943067033976124,15.341597796143251,0.9208289054197663,0.7229874502601775,13.203550658096113
T Tool changer on B3,27,year,5255,10.208333333333314,22.208333333333314,226.7245283018868,0.8403425309229305,0.9110713298274367,0.8546583591349546,0.7399643710301325,16210.17589786601,0.0,5766.989516121275,1052.5326376408632,0.0,67.66666666666667,0.7249283667621776,13.208333333333343,16.0,68.0,0.8620361560418649,0.8426351499233968,17.204202232435982,0.8960989533777355,0.8028014882906545,16.489166119500986
T Tool changer on B3,27,Q2 to Q4,3766,8.208333333333314,16.208333333333314,191.73544973544975,0.9038767923526287,0.8909607393218945,0.8596164589923013,0.7435967360067909,11683.673052480293,0.0,4186.232575458137,789.4376606739113,0.0,67.66666666666667,0.7249283667621776,13.208333333333343,5.0,0.0,0.9206054168879447,0.8224327628361858,16.16442542787286,0.9163568773234201,0.7362469437652812,13.559902200488997
T Tool changer on B3,28,year,5235,10.208333333333314,21.208333333333314,216.54716981132074,0.856160458452722,0.9034736404754836,0.8589719900877001,0.7404906203812861,15988.261047098362,0.0,5848.403741776794,1076.936699489982,0.0,65.9047619047619,0.7879656160458453,13.208333333333343,11.0,52.0,0.8664756446991404,0.8255048287971906,16.482879719051798,0.9000955109837632,0.7952151009657594,15.92054433713784
T Tool changer on B3,28,Q2 to Q4,3735,8.208333333333314,16.208333333333314,186.8783068783069,0.9081659973226238,0.8837943067457187,0.842231951516261,0.747023064798077,11561.414143314578,0.0,4263.80793240601,797.7330053847062,0.0,65.9047619047619,0.7879656160458453,13.208333333333343,3.0,0.0,0.9223560910307899,0.7983348751156337,15.301264261486278,0.9153949129852744,0.7172371261177922,13.131976564909035
T Tool changer on B3,29,year,5248,9.208333333333314,20.20833333333332,210.76603773584907,0.8709984756097561,0.9002398044637496,0.8256422169562652,0.7447616605849966,15923.831765270068,0.0,5740.4424065419025,1075.5336033981719,0.0,65.80952380952381,0.7879656160458453,12.208333333333343,11.0,44.0,0.8810975609756098,0.8018392818042479,16.038756295160937,0.9032012195121951,0.7816947668053427,15.32472082329757
T Tool changer on B3,29,Q2 to Q4,3730,8.208333333333314,16.208333333333314,183.97354497354496,0.911260053619303,0.8847014182312932,0.8336130141150305,0.749863056836686,11615.746250762322,0.0,4216.380772736488,804.4522295692841,0.0,65.80952380952381,0.7879656160458453,12.208333333333343,6.0,0.0,0.9257372654155496,0.7653977096874033,14.762612194367069,0.9203753351206434,0.7164964407304241,13.136799752398638
T Tool changer on B3,30,year,5197,10.208333333333314,21.208333333333343,220.97358490566037,0.8501058302867038,0.9069188948215675,0.8416069014903276,0.7438058134901002,16100.01721906022,0.0,5769.462560001522,1046.7554303421434,0.0,78.71428571428571,0.7679083094555874,13.208333333333343,12.0,92.0,0.8656917452376371,0.8401593978304184,16.818463582023465,0.8949393881085241,0.7910117334514059,16.036528669470886
T Tool changer on B3,30,Q2 to Q4,3713,8.208333333333314,16.208333333333314,189.57671957671957,0.903851333153784,0.8884340494901147,0.8498421479947527,0.7467460129473883,11636.32419213342,0.0,4189.215341861224,763.2245846441632,0.0,78.71428571428571,0.7679083094555874,13.208333333333343,3.0,16.0,0.9189334769727983,0.8078955548647808,15.617967050046627,0.9119310530568273,0.7214796394156046,13.162884675163195
T Laser tower on L2,1,year,5233,10.208333333333314,22.208333333333314,226.41509433962264,0.836231607108733,0.9277997593776225,0.8214859859507287,0.6389741089765766,16522.660161559095,0.0,6253.537437510068,1470.157730972118,0.0,26.0,0.6303724928366762,14.208333333333343,15.0,100.0,0.8616472386776228,0.8492970123022847,17.324472759226712,0.9040703229505064,0.8040421792618629,16.62060632688928
T Laser tower on L2,1,Q2 to Q4,3757,8.208333333333314,16.208333333333314,191.39153439153438,0.9089699228107533,0.9136586539658238,0.8168828961123424,0.6502350871770152,11992.28757320536,0.0,4578.207850865697,1105.0343503648612,0.0,26.0,0.6303724928366762,14.208333333333343,5.0,12.0,0.9252062816076657,0.8177083333333334,16.183210784313726,0.9196167154644663,0.7282475490196079,13.367647058823529
T Laser tower on L2,2,year,5198,10.208333333333314,22.208333333333343,233.12830188679246,0.8208926510196229,0.9436336908263172,0.861740957801904,0.6384582070320357,16823.510347984273,0.0,6438.128089380635,1523.6234392452927,0.0,30.952380952380953,0.7765042979942693,12.208333333333343,17.0,88.0,0.8532127741439015,0.8529020824102791,17.637793531236156,0.8926510196229319,0.810146211785556,16.894328754984492
T Laser tower on L2,2,Q2 to Q4,3773,9.208333333333314,17.208333333333314,198.40740740740742,0.8950437317784257,0.9351153087884508,0.8547157194372027,0.6431495123303611,12277.65878775856,0.0,4745.693325210391,1137.2149356345062,0.0,30.952380952380953,0.7765042979942693,12.208333333333343,6.0,0.0,0.9204876755897164,0.8287022900763359,16.91206106870229,0.9088258680095415,0.739236641221374,13.723664122137405
T Laser tower on L2,3,year,5208,10.208333333333314,22.208333333333314,225.99245283018868,0.8341013824884793,0.929685602315722,0.8552954206715044,0.6373061711420508,16589.712751482744,0.0,6377.29036179898,1413.4584625946443,0.0,18.61904761904762,0.8022922636103151,12.208333333333343,17.0,104.0,0.8571428571428571,0.8642904582687625,17.13438122647775,0.8980414746543779,0.8100509187513837,16.544387868054017
T Laser tower on L2,3,Q2 to Q4,3762,8.208333333333314,16.208333333333314,192.93650793650792,0.8981924508240298,0.9162697065398152,0.8460924427617263,0.652378558717488,12063.209906097049,0.0,4647.209321203712,1051.1097782727265,0.0,18.61904761904762,0.8022922636103151,12.208333333333343,7.0,20.0,0.9191919191919192,0.8571866380631321,16.363469200122587,0.9093567251461988,0.7385841250383083,13.43487588109102
T Laser tower on L2,4,year,5213,10.208333333333314,24.208333333333314,236.31698113207548,0.8070209092652983,0.9350562360888504,0.8461869128546614,0.6431812825354071,16719.21069230428,0.0,6473.6942513796175,1528.020545832807,0.0,31.80952380952381,0.6389684813753582,14.208333333333343,18.0,124.0,0.8434682524458086,0.8460689045936396,17.790856890459363,0.8912334548244772,0.8089664310954063,17.146863957597173
T Laser tower on L2,4,Q2 to Q4,3785,9.208333333333314,17.208333333333314,195.42857142857142,0.9062087186261559,0.9233801425805549,0.8592484817144476,0.6562321313338176,12134.661702398544,0.0,4721.3234441264485,1155.6920368057354,0.0,31.80952380952381,0.6389684813753582,14.208333333333343,6.0,12.0,0.9204755614266843,0.8335868573167021,16.961362944934592,0.9143989431968296,0.7380590203833283,13.930331609370246
T Laser tower on L2,5,year,5232,10.208333333333314,23.208333333333343,235.8,0.7949159021406728,0.93387464724279,0.8342611846535578,0.6401091612397299,16705.55436889283,0.0,6412.673148324007,1529.4994473298752,0.0,47.0,0.6504297994269341,14.208333333333343,17.0,148.0,0.845565749235474,0.8741197183098591,18.12411971830986,0.8900993883792049,0.8129401408450704,17.196302816901408
T Laser tower on L2,5,Q2 to Q4,3777,9.208333333333314,17.208333333333314,195.52910052910053,0.9025681758009002,0.9217242135633406,0.8455708995167874,0.6508820669801729,12105.526407115047,0.0,4640.06404704936,1131.8155382928903,0.0,47.0,0.6504297994269341,14.208333333333343,5.0,20.0,0.9245432883240667,0.8254501068050045,16.99542264266097,0.9158061953931692,0.7418370460787306,13.925541653951786
T Laser tower on L2,6,year,5181,10.208333333333314,21.208333333333314,223.2943396226415,0.8536961976452422,0.9339993256460702,0.8337730074930443,0.6461050821323915,16629.328726843745,0.0,6462.430894671829,1499.257366183758,0.0,29.333333333333332,0.8223495702005731,13.208333333333343,15.0,96.0,0.8758926848098822,0.8703580164554148,17.11051812319324,0.9114070642733063,0.8034245052257061,16.669112741827885
T Laser tower on L2,6,Q2 to Q4,3759,8.208333333333314,16.208333333333314,190.60846560846562,0.9119446661346102,0.9220249011220306,0.8346193920237323,0.65230438092335,12087.346909586011,0.0,4735.98707936498,1135.0242030848078,0.0,29.333333333333332,0.8223495702005731,13.208333333333343,4.0,12.0,0.9265762170790104,0.8215488215488216,16.16008570554025,0.9220537376961958,0.7300275482093664,13.467095194367921
T Laser tower on L2,7,year,5224,10.208333333333314,23.208333333333314,229.38490566037737,0.833843797856049,0.92928522020086,0.84607509375522,0.644544769468034,16642.042413619085,0.0,6467.809039405428,1501.587688175314,0.0,27.428571428571427,0.7507163323782235,12.208333333333343,20.0,120.0,0.8589203675344563,0.8466622604097819,17.435117867371666,0.8995022970903522,0.8094293897334215,16.85877946684292
T Laser tower on L2,7,Q2 to Q4,3771,8.208333333333314,17.208333333333314,194.2116402116402,0.9058605144523999,0.9155258065360011,0.8414939273136328,0.6555172028672941,12049.753937777357,0.0,4668.618750207552,1105.2417386639563,0.0,27.428571428571427,0.7507163323782235,12.208333333333343,8.0,0.0,0.9209758684699019,0.8151311775472849,16.496949359365466,0.9162025987801644,0.739170225747407,13.681818181818182
T Laser tower on L2,8,year,5206,10.208333333333314,22.208333333333314,225.8566037735849,0.846139070303496,0.9344292032376763,0.8238557606135318,0.6392097077819751,16629.507020139088,0.0,6393.9388401068,1504.9361606587265,0.0,35.714285714285715,0.7621776504297995,13.208333333333343,15.0,88.0,0.864963503649635,0.8371321088736446,17.073025005532198,0.9081828659239339,0.8094711219296304,16.905067492808143
T Laser tower on L2,8,Q2 to Q4,3750,8.208333333333314,16.208333333333314,193.0793650793651,0.9130666666666667,0.9226015109807235,0.821666240760369,0.6492030784956586,12087.525202881357,0.0,4609.753708865643,1117.068729663666,0.0,35.714285714285715,0.7621776504297995,13.208333333333343,4.0,4.0,0.9258666666666666,0.8204182041820418,16.253075030750306,0.9224,0.7376998769987699,13.687884378843789
T Laser tower on L2,9,year,5241,10.208333333333314,23.208333333333314,232.50943396226415,0.8132035871016982,0.9331439912225047,0.8603672619932725,0.643492471594388,16606.634830191888,0.0,6399.806858718403,1536.8400611387226,0.0,43.666666666666664,0.670487106017192,13.208333333333343,13.0,120.0,0.8507918336195383,0.8447859495060374,17.696597145993415,0.8962030146918527,0.8035126234906695,16.88627881448957
T Laser tower on L2,9,Q2 to Q4,3788,8.208333333333314,17.208333333333314,191.994708994709,0.9099788806758183,0.9207845363649704,0.8640802619491684,0.6543548501544832,12045.304298094126,0.0,4626.86588197621,1108.1106609641497,0.0,43.666666666666664,0.670487106017192,13.208333333333343,3.0,0.0,0.9289862724392819,0.8296318831761484,16.755095832065713,0.9223864836325237,0.7304533008822635,13.583206571341648
T Laser tower on L2,10,year,5225,10.208333333333314,23.208333333333314,232.27924528301887,0.821244019138756,0.9207108895803314,0.8500696037598763,0.6412029358295916,16429.56408839025,0.0,6384.846088074673,1500.7270123207704,0.0,36.142857142857146,0.7163323782234957,13.208333333333343,17.0,104.0,0.8556937799043062,0.871393966086765,17.65822506055935,0.8997129186602871,0.8059898700726712,16.873816340013214
T Laser tower on L2,10,Q2 to Q4,3765,8.208333333333314,17.208333333333314,192.984126984127,0.9120849933598938,0.9039511962422362,0.8514005719740433,0.6523043863841307,11872.103299260501,0.0,4638.809428137885,1086.91408006381,0.0,36.142857142857146,0.7163323782234957,13.208333333333343,5.0,20.0,0.9245683930942895,0.8211879975505205,16.415186772810777,0.9216467463479415,0.7311696264543784,13.527862829148805
T Laser tower on L2,11,year,5246,10.208333333333314,23.208333333333343,232.5245283018868,0.8013724742661075,0.9317579054412325,0.8596649367755286,0.6360220464741319,16608.05666834355,0.0,6516.431030759442,1444.209886578083,0.0,44.095238095238095,0.667621776504298,14.208333333333343,14.0,132.0,0.8454060236370569,0.84770682466535,17.75554092604784,0.8926801372474266,0.8073293833662497,16.959842001316655
T Laser tower on L2,11,Q2 to Q4,3801,8.208333333333314,16.208333333333314,189.68783068783068,0.9068666140489345,0.9187629798119091,0.8611433897863928,0.648784077769436,12004.158963597829,0.0,4752.144481418139,1063.9182316135173,0.0,44.095238095238095,0.667621776504298,14.208333333333343,2.0,0.0,0.9231781110234148,0.8148484848484848,16.82090909090909,0.9189686924493554,0.7348484848484849,13.68030303030303
T Laser tower on L2,12,year,5241,10.208333333333314,22.208333333333314,226.87924528301886,0.8282770463651975,0.9280115741956897,0.853320241076774,0.645465832601652,16556.12862199992,0.0,6436.762594771264,1460.4263285613522,0.0,42.0,0.6590257879656161,14.208333333333343,15.0,132.0,0.8578515550467468,0.8416319368282518,17.351831542004824,0.9026903262736119,0.808949330993639,16.8830883965782
T Laser tower on L2,12,Q2 to Q4,3769,8.208333333333314,16.208333333333314,190.8148148148148,0.9060758821968692,0.9136861218764329,0.8607226336878545,0.6553193700838583,11956.100660222197,0.0,4669.4148847167,1089.9757530002196,0.0,42.0,0.6590257879656161,14.208333333333343,3.0,4.0,0.9233218360307774,0.816793893129771,16.309923664122138,0.9185460334306182,0.7349618320610687,13.57648854961832
T Laser tower on L2,13,year,5211,10.208333333333314,21.208333333333314,218.8188679245283,0.8556898867779696,0.9291191450950455,0.8177400872091665,0.6391151323231758,16416.07967383547,0.0,6270.787683136268,1438.1431328436377,0.0,24.19047619047619,0.7707736389684814,13.208333333333343,9.0,56.0,0.8695068125119939,0.8439434129089302,16.601016799292662,0.9023220111303013,0.8017241379310345,16.199381078691424
T Laser tower on L2,13,Q2 to Q4,3754,8.208333333333314,16.208333333333314,190.27513227513228,0.904368673415024,0.9156681421680665,0.8274136982798709,0.6508699886680144,11974.711173745709,0.0,4599.983163014039,1084.8623317438996,0.0,24.19047619047619,0.7707736389684814,13.208333333333343,2.0,12.0,0.9182205647309537,0.8060754832770789,15.53053083768027,0.9128929142248269,0.7272169377109543,13.296103099110157
T Laser tower on L2,14,year,5234,10.208333333333314,22.208333333333314,226.72830188679245,0.8314864348490638,0.9264968480314744,0.8779294135435851,0.6433918408930038,16469.809452574966,0.0,6361.119005912689,1413.1835903869433,0.0,30.38095238095238,0.7593123209169055,13.208333333333343,15.0,68.0,0.857852502865877,0.860628709606507,17.273686524510882,0.8966373710355369,0.8078698615080238,16.753792042207078
T Laser tower on L2,14,Q2 to Q4,3787,8.208333333333314,17.208333333333314,193.05820105820106,0.8935833113282281,0.9121680027822454,0.8848397778547609,0.6517143132808909,11932.586539596137,0.0,4620.351495876861,1031.1681712501259,0.0,30.38095238095238,0.7593123209169055,13.208333333333343,3.0,0.0,0.9139160285186163,0.830441400304414,16.343074581430745,0.9041457618167414,0.7342465753424657,13.478843226788433
T Laser tower on L2,15,year,5237,10.208333333333314,23.208333333333314,228.40754716981132,0.8212717204506397,0.9336131156524754,0.8391055575399119,0.634756538416821,16697.141526012318,0.0,6391.364597324326,1490.9847704310628,0.0,49.476190476190474,0.6991404011461319,14.208333333333343,18.0,128.0,0.8567882375405766,0.8535675082327113,17.40636663007684,0.8987970211953409,0.8046103183315039,16.828979143798023
T Laser tower on L2,15,Q2 to Q4,3779,8.208333333333314,16.208333333333314,189.73544973544975,0.9110875893093411,0.9213642667237995,0.8395046469421253,0.6478918577166551,12097.113564234582,0.0,4655.300944532296,1128.5100579086516,0.0,49.476190476190474,0.6991404011461319,14.208333333333343,6.0,0.0,0.9296110082032284,0.8241389820176775,16.4172508381591,0.921672400105848,0.7299603779335568,13.555928070710149
T Laser tower on L2,16,year,5203,10.208333333333314,22.208333333333314,224.52830188679246,0.8464347491831635,0.9282149466492223,0.8422244822293615,0.6356657889759906,16544.905435552617,0.0,6271.556218808412,1419.7940805793241,0.0,25.333333333333332,0.8108882521489972,12.208333333333343,17.0,84.0,0.8585431481837401,0.8348826914563966,16.860115095174855,0.9037093984239861,0.8052235502434706,16.65825586542718
T Laser tower on L2,16,Q2 to Q4,3747,8.208333333333314,16.208333333333314,192.13227513227514,0.9073925807312516,0.9142390060443506,0.8404527239475872,0.6511112495454442,12014.532847198912,0.0,4555.718087004639,1074.4149501155744,0.0,25.333333333333332,0.8108882521489972,12.208333333333343,6.0,12.0,0.9183346677341874,0.8150200061557402,15.952908587257618,0.9172671470509741,0.7300707910126193,13.486303477993228
T Laser tower on L2,17,year,5239,10.208333333333314,22.208333333333314,226.1622641509434,0.8368009162053827,0.919507324757173,0.8424777300292862,0.6486754692503839,16426.477302636198,0.0,6367.6382200962225,1425.989254553803,0.0,46.04761904761905,0.667621776504298,14.208333333333343,20.0,76.0,0.8606604313800343,0.8424402018872065,17.291858678955453,0.9016987974804352,0.804476629361422,16.518762343647136
T Laser tower on L2,17,Q2 to Q4,3731,8.208333333333314,16.208333333333314,191.87301587301587,0.9107477887965693,0.904849957552918,0.8577234968921879,0.6538472299278068,11923.720638984089,0.0,4618.994336812974,1081.1952666345883,0.0,46.04761904761905,0.667621776504298,14.208333333333343,9.0,0.0,0.924953095684803,0.808359133126935,16.018266253869967,0.9179844545698205,0.7281733746130031,13.275851393188855
T Laser tower on L2,18,year,5229,11.208333333333314,24.208333333333314,242.32830188679245,0.7846624593612546,0.9278502062580851,0.8672561422963203,0.6356991675532072,16675.725975293015,0.0,6404.515831850448,1470.3117154933013,0.0,39.857142857142854,0.5931232091690545,15.208333333333343,22.0,152.0,0.8347676419965576,0.8567026194144838,18.32159366057671,0.8820042073054122,0.8142196786264583,17.292097732775698
T Laser tower on L2,18,Q2 to Q4,3767,9.208333333333314,17.208333333333314,200.42328042328043,0.8972657286965755,0.9136097678227653,0.8754272402684996,0.6451723053799755,12075.698013515264,0.0,4645.8596978702435,1090.741941792692,0.0,39.857142857142854,0.5931232091690545,15.208333333333343,10.0,24.0,0.9174409344305814,0.8309902200488998,17.346271393643033,0.9105388903636846,0.7435819070904646,14.0440097799511
T Laser tower on L2,19,year,5213,10.208333333333314,21.208333333333343,225.37735849056602,0.8379052369077307,0.936640891063884,0.8359400212693319,0.6479783114300446,16635.14810301404,0.0,6429.899467713576,1500.0277970631125,0.0,43.714285714285715,0.7679083094555874,13.208333333333343,13.0,84.0,0.8601572990600422,0.8346230378067654,17.0738447932788,0.9012085171686169,0.8043334070307319,16.699977890780456
T Laser tower on L2,19,Q2 to Q4,3747,8.208333333333314,16.208333333333314,192.57671957671957,0.906858820389645,0.9256265374148582,0.8356539054385258,0.655872934227006,12108.645257628305,0.0,4701.534485073998,1102.024747545938,0.0,43.714285714285715,0.7679083094555874,13.208333333333343,3.0,0.0,0.9210034694422204,0.811942136041859,16.102493074792243,0.915398985855351,0.7282240689442906,13.432748538011696
T Laser tower on L2,20,year,5243,10.208333333333314,22.208333333333343,228.2754716981132,0.8302498569521266,0.9336425909040038,0.8558488158011315,0.6368621689254559,16585.63156327478,0.0,6349.05868482037,1509.1568825303125,0.0,34.38095238095238,0.7650429799426934,13.208333333333343,15.0,56.0,0.8544726301735648,0.8504611330698287,17.27755819060167,0.895288956704177,0.8098375054896794,16.824110671936758
T Laser tower on L2,20,Q2 to Q4,3781,9.208333333333314,16.208333333333314,193.31746031746033,0.9034646918804549,0.9216574884533082,0.8574423937120946,0.6468914145591232,12086.21691866503,0.0,4657.637700113837,1143.7576305166074,0.0,34.38095238095238,0.7650429799426934,13.208333333333343,5.0,0.0,0.9203914308384026,0.8299298994209082,16.293508076805853,0.914572864321608,0.7369704358427309,13.599817128924109
T Laser tower on L2,21,year,5204,10.208333333333314,21.208333333333314,217.86037735849055,0.8604919292851653,0.9224402644781154,0.850950055035351,0.6343399589456625,16371.869538072198,0.0,6347.859224449403,1510.315320653267,0.0,28.523809523809526,0.8194842406876791,11.208333333333343,13.0,72.0,0.8727901614142967,0.8536639362408678,16.44919194155413,0.9087240584166026,0.7967677662165153,15.89860526898384
T Laser tower on L2,21,Q2 to Q4,3727,8.208333333333314,16.208333333333314,190.62433862433863,0.907968875771398,0.9086894711478666,0.8423611193205385,0.649414100593556,11919.794717080225,0.0,4610.347160281563,1132.8551209383304,0.0,28.523809523809526,0.8194842406876791,11.208333333333343,4.0,20.0,0.9232626777569091,0.8281733746130031,15.385139318885448,0.9176281191306681,0.7191950464396285,13.13312693498452
T Laser tower on L2,22,year,5230,10.208333333333314,22.208333333333314,224.57358490566037,0.8403441682600382,0.9275451422673794,0.8467893599338535,0.643092599106736,16469.8934823279,0.0,6390.403454759189,1503.6736528178749,0.0,52.23809523809524,0.7306590257879656,13.208333333333343,12.0,96.0,0.8594646271510517,0.8358635863586359,17.061606160616062,0.9049713193116635,0.8105610561056106,16.46116611661166
T Laser tower on L2,22,Q2 to Q4,3757,8.208333333333314,16.208333333333314,190.27513227513228,0.9145594889539527,0.9134218499152942,0.8571880929004646,0.6492923599079247,11978.218323654213,0.0,4730.658486319205,1141.7193746989,0.0,52.23809523809524,0.7306590257879656,13.208333333333343,4.0,16.0,0.9268033005057227,0.8146101903007981,16.051258440761202,0.9244077721586372,0.7363413136893799,13.519950890116636
T Laser tower on L2,23,year,5218,10.208333333333314,22.208333333333314,224.73584905660377,0.8499425067075508,0.9349020126468011,0.8690275531736903,0.6326621495357454,16574.348004407966,0.0,6389.757469578077,1532.9774944553765,0.0,27.285714285714285,0.7593123209169055,12.208333333333343,12.0,68.0,0.8729398236872364,0.8393999558791088,17.093315684976837,0.9151015714833269,0.8030002206044562,16.792631811162586
T Laser tower on L2,23,Q2 to Q4,3776,8.208333333333314,16.208333333333314,191.2804232804233,0.9136652542372882,0.9232913074999332,0.8735645219372161,0.6430351213096513,12063.32413089422,0.0,4639.611306218445,1126.3379031722204,0.0,27.285714285714285,0.7593123209169055,12.208333333333343,2.0,0.0,0.933792372881356,0.8197621225983531,16.159804818542238,0.9274364406779662,0.7279658432448918,13.498322659347362
T Laser tower on L2,24,year,5187,10.208333333333314,21.208333333333314,221.25283018867924,0.8625409678041257,0.937938698797082,0.8247015750246631,0.6292881428634802,16665.701240329363,0.0,6425.851059721372,1509.6883717282014,0.0,47.857142857142854,0.839541547277937,12.208333333333343,13.0,92.0,0.8771929824561403,0.8477585441633377,16.802041722148246,0.9107383844225949,0.8035952063914781,16.43919218819352
T Laser tower on L2,24,Q2 to Q4,3723,8.208333333333314,16.208333333333314,192.59259259259258,0.9102874026322858,0.929132859307983,0.8220932581877128,0.6376475472057163,12165.663035539705,0.0,4709.899235524298,1122.5534276673661,0.0,47.857142857142854,0.839541547277937,12.208333333333343,3.0,12.0,0.923986032769272,0.8158710477371358,15.794792312461253,0.9161966156325544,0.7262864228146311,13.257904525728456
T Laser tower on L2,25,year,5237,10.208333333333314,22.208333333333314,224.2301886792453,0.8317739163643307,0.9286056337471708,0.854065263616416,0.6398834834372211,16488.724028589386,0.0,6331.025116314532,1509.559492212501,0.0,27.142857142857142,0.7679083094555874,12.208333333333343,14.0,64.0,0.8604162688562154,0.8398857895892818,17.23237425873051,0.9020431544777544,0.8036459477267736,16.636283768943553
T Laser tower on L2,25,Q2 to Q4,3746,8.208333333333314,16.208333333333314,188.57671957671957,0.9054991991457555,0.9148578090818645,0.8526701021866946,0.6536729971654884,11997.048869915645,0.0,4632.343499377454,1143.296798245125,0.0,27.142857142857142,0.7679083094555874,12.208333333333343,5.0,0.0,0.9249866524292579,0.8105781057810578,16.059348093480935,0.9193806727175654,0.7269372693726938,13.352091020910208
T Laser tower on L2,26,year,5230,10.208333333333314,22.208333333333314,229.71698113207546,0.8349904397705545,0.9302714116283274,0.811520939095541,0.6398435266761655,16570.39750153547,0.0,6469.333306729415,1523.6377822788465,0.0,33.142857142857146,0.8137535816618912,11.208333333333343,16.0,88.0,0.8594646271510517,0.8509467195068252,17.395200352267725,0.8980879541108987,0.8117569352708058,16.70387494495817
T Laser tower on L2,26,Q2 to Q4,3779,9.208333333333314,17.208333333333314,196.5185185185185,0.8994442974331834,0.9169546506271924,0.8281933931326616,0.6477852365346846,12024.545941309738,0.0,4714.832116191666,1118.54412647665,0.0,33.142857142857146,0.8137535816618912,11.208333333333343,5.0,0.0,0.9174384757872454,0.8173223543763343,16.52516010978957,0.9118814501190792,0.7404696553827387,13.594388533089356
T Laser tower on L2,27,year,5216,11.208333333333314,23.208333333333314,238.05283018867925,0.8125,0.9399215152409772,0.8577770397619535,0.6386534339982608,16772.366817283266,0.0,6315.250765964178,1421.5222877237397,0.0,27.285714285714285,0.6762177650429799,13.208333333333343,16.0,120.0,0.8541027607361963,0.8516228748068007,17.985648045926254,0.8926380368098159,0.8132037977478472,17.128284389489952
T Laser tower on L2,27,Q2 to Q4,3763,9.208333333333314,17.208333333333314,200.53439153439155,0.9064576136061653,0.9299840246699355,0.8476626569617424,0.6484100882647102,12191.687570345506,0.0,4594.930940219162,1040.1351027450937,0.0,27.285714285714285,0.6762177650429799,13.208333333333343,4.0,12.0,0.9271857560457082,0.8391051179895801,17.2353662273981,0.914164230667021,0.7413423230156297,13.834201654918786
T Laser tower on L2,28,year,5239,10.208333333333314,22.208333333333314,224.52075471698114,0.8400458102691354,0.9263570325259464,0.8543095096893379,0.6289905697442569,16530.316309773745,0.0,6288.963195198383,1375.5946275119995,0.0,20.857142857142858,0.7134670487106017,13.208333333333343,17.0,104.0,0.8602786791372399,0.8590899098703012,17.273686524510882,0.9026531780874213,0.806331061771818,16.60518795339635
T Laser tower on L2,28,Q2 to Q4,3736,8.208333333333314,16.208333333333314,190.63492063492063,0.9119379014989293,0.9116632899517261,0.8604409195296776,0.6361794473388543,11966.097289814054,0.0,4535.725907882863,997.427029713521,0.0,20.857142857142858,0.7134670487106017,13.208333333333343,5.0,12.0,0.9215738758029979,0.8126738794435858,16.03276661514683,0.9191648822269807,0.728902627511592,13.378361669242658
T Laser tower on L2,29,year,5184,10.208333333333314,22.208333333333314,228.49811320754716,0.8375771604938271,0.9337952492495645,0.8260381991112253,0.6413973757160099,16644.371167232242,0.0,6455.26865672777,1506.1784334412928,0.0,27.333333333333332,0.667621776504298,14.208333333333343,16.0,100.0,0.8628472222222222,0.8557136505113384,17.384615384615383,0.8998842592592593,0.8096931969764339,16.916184971098264
T Laser tower on L2,29,Q2 to Q4,3736,9.208333333333314,17.208333333333314,196.54497354497354,0.8972162740899358,0.9218216779177635,0.8297121395478082,0.6476607445886267,12117.868321846498,0.0,4708.503882072933,1107.8043796509212,0.0,27.333333333333332,0.667621776504298,14.208333333333343,6.0,16.0,0.9170235546038544,0.8195302843016069,16.34981458590853,0.909796573875803,0.7360939431396786,13.668417799752781
T Laser tower on L2,30,year,5205,10.208333333333314,22.80833333333369,233.09056603773584,0.8159462055715658,0.9331656363620221,0.8628099317320811,0.6482963263211705,16633.148674292435,0.0,6327.790335897956,1456.470490428919,0.0,22.38095238095238,0.7593123209169055,13.208333333333343,17.0,84.0,0.8457252641690682,0.8419654714475432,17.496901283753875,0.8910662824207493,0.815626383355467,17.007746790615318
T Laser tower on L2,30,Q2 to Q4,3731,9.208333333333314,17.208333333333314,200.15873015873015,0.8917180380595014,0.9209538248310337,0.8779672136629423,0.6561635722772403,12102.776085938694,0.0,4636.134312293834,1087.4801806551045,0.0,22.38095238095238,0.7593123209169055,13.208333333333343,6.0,12.0,0.9131600107209863,0.8226753166512203,16.64071671300587,0.9045832216563924,0.743898671609515,13.700339820821748
T Robotic bending cell,1,year,5198,9.208333333333314,17.208333333333314,187.86037735849055,0.9105425163524432,0.8318198253390298,0.8451534652897081,0.7373857137068668,14610.443867512364,2360.754472247856,6733.7804693917915,1428.7650066372494,0.0,62.42857142857143,0.8939828080229226,11.208333333333343,6.0,0.0,0.9086186994998077,0.716629711751663,14.241019955654101,0.9074644093882263,0.7172949002217295,13.200221729490023
T Robotic bending cell,1,Q2 to Q4,3753,8.208333333333314,15.208333333333314,178.52380952380952,0.9181987743138822,0.8245767294520121,0.8416365506285807,0.7539086811641568,10773.562230437235,1712.0539147968827,4972.735792013733,1075.6285362216283,0.0,62.42857142857143,0.8939828080229226,11.208333333333343,2.0,0.0,0.9235278443911538,0.6583717357910907,13.33763440860215,0.9275246469491074,0.7127496159754224,13.118279569892474
T Robotic bending cell,2,year,5232,8.208333333333343,18.208333333333314,187.96603773584906,0.9107415902140673,0.8305121548108098,0.8657840001731577,0.7321932689035989,14547.610792266565,2364.6788088625794,6785.947944121635,1374.5267137781136,0.0,62.714285714285715,0.8166189111747851,12.208333333333343,3.0,0.0,0.9065366972477065,0.7603960396039604,14.493509350935094,0.9073012232415902,0.7291529152915291,13.306710671067107
T Robotic bending cell,2,Q2 to Q4,3758,8.208333333333314,15.208333333333314,177.13227513227514,0.9215007982969665,0.8201549549625443,0.8755891017856638,0.7412340549975853,10702.666761780727,1715.9783494794083,4988.936065176838,1014.7424473427644,0.0,62.714285714285715,0.8166189111747851,12.208333333333343,1.0,0.0,0.9246939861628526,0.7093807480073574,13.360515021459227,0.9276210750399149,0.7145922746781116,13.098099325567137
T Robotic bending cell,3,year,5202,8.208333333333314,17.208333333333343,187.57735849056604,0.896962706651288,0.8212616429129225,0.8592081006569521,0.7387912400803212,14411.855189881224,2385.4874645608584,6627.097034699272,1409.8266372280525,0.0,56.904761904761905,0.8653295128939829,11.208333333333343,5.0,0.0,0.8990772779700116,0.7690945317688731,14.324551693601949,0.8956170703575548,0.7217179543945096,13.197254815142793
T Robotic bending cell,3,Q2 to Q4,3751,8.208333333333314,15.208333333333314,178.86243386243387,0.9058917621967475,0.81791287057936,0.8630003331817903,0.7498810203406433,10712.668349937881,1757.098500958038,4939.52312247382,1052.3494241191015,0.0,56.904761904761905,0.8653295128939829,11.208333333333343,4.0,0.0,0.9133564382831245,0.7297297297297297,13.381449631449632,0.9152226073047187,0.7125307125307125,13.117321867321868
T Robotic bending cell,4,year,5230,9.208333333333314,19.208333333333314,194.6301886792453,0.8927342256214149,0.8392740485928719,0.8536300597390741,0.7491601801908783,14714.516305351292,2449.8816362996968,6763.023953082541,1450.0573915587106,0.0,72.66666666666667,0.839541547277937,12.208333333333343,4.0,0.0,0.8950286806883365,0.7910250769907611,14.985921689397273,0.8957934990439771,0.7371315442146943,13.553013638363396
T Robotic bending cell,4,Q2 to Q4,3743,8.208333333333314,15.208333333333314,179.74603174603175,0.9137055837563451,0.823260516221262,0.8560777684055254,0.7544679888199871,10769.537326982861,1772.2699582825587,5026.2578963254155,1062.2954396401535,0.0,72.66666666666667,0.839541547277937,12.208333333333343,3.0,0.0,0.9235907026449373,0.7538508934072705,13.825323475046211,0.9227892065188351,0.7128773875539125,13.115834873690696
T Robotic bending cell,5,year,5234,9.208333333333314,18.208333333333314,192.61509433962263,0.8933893771494077,0.8293143041076804,0.8592367289416887,0.7250906430567114,14579.704835744798,2423.278055694138,6773.346469452944,1439.667473498219,0.0,58.095238095238095,0.8567335243553008,12.208333333333343,7.0,0.0,0.892434084829958,0.7899012074643249,14.855982436882547,0.8916698509743982,0.7295279912184413,13.501427003293085
T Robotic bending cell,5,Q2 to Q4,3763,8.208333333333314,15.208333333333314,180.3862433862434,0.8992824873770927,0.8169731984876233,0.8719759526111517,0.7299321288628864,10700.360932071553,1769.480883899981,4998.725470059892,1072.072737741642,0.0,58.095238095238095,0.8567335243553008,12.208333333333343,4.0,0.0,0.9093808131809726,0.7567980446073939,13.735105407882676,0.9093808131809726,0.7128017109685304,13.114268255423159
T Robotic bending cell,6,year,5200,9.208333333333314,18.208333333333314,190.62264150943398,0.8961538461538462,0.8335832808162821,0.8595488436222538,0.7418344281151452,14628.080631185803,2471.790821170279,6823.156036727844,1437.4520450769865,0.0,59.80952380952381,0.8567335243553008,12.208333333333343,5.0,0.0,0.8982692307692308,0.7931339977851606,14.603765227021041,0.8957692307692308,0.7344407530454042,13.396677740863787
T Robotic bending cell,6,Q2 to Q4,3731,8.208333333333314,15.208333333333314,179.62433862433863,0.9043151969981238,0.8216539363306852,0.8555360197074966,0.7520645133962164,10748.520745038955,1811.754124890952,5041.0786284516635,1055.1599393491601,0.0,59.80952380952381,0.8567335243553008,12.208333333333343,3.0,0.0,0.9161082819619405,0.7612124961336221,13.58212186823384,0.9171803805950147,0.7132694092174451,13.110423755026291
T Robotic bending cell,7,year,5214,9.208333333333314,18.208333333333314,190.1811320754717,0.8952819332566168,0.8295302458127367,0.8599630867113388,0.7468332350839979,14583.501184494427,2336.471437615964,6685.818856596471,1433.2197618458538,0.0,58.333333333333336,0.8595988538681948,11.208333333333343,7.0,0.0,0.8964326812428078,0.7448169386854874,14.5992501102779,0.895090141925585,0.7269519188354654,13.350904278782531
T Robotic bending cell,7,Q2 to Q4,3750,8.208333333333314,15.208333333333314,179.2010582010582,0.908,0.8181282466722261,0.8672564137327037,0.7616519576167216,10728.579304619356,1694.0515088985044,4907.313728051459,1052.968789503244,0.0,58.333333333333336,0.8595988538681948,11.208333333333343,5.0,0.0,0.9168,0.6940344403444034,13.618388683886838,0.9186666666666666,0.7134071340713407,13.11039360393604
T Robotic bending cell,8,year,5222,9.208333333333314,18.208333333333314,191.22264150943397,0.9019532746074301,0.8388231971846479,0.863970920442246,0.7364133363779407,14736.809418192006,2443.495659635828,6889.637976055114,1457.5629948499177,0.0,84.04761904761905,0.828080229226361,12.208333333333343,6.0,4.0,0.901378782075833,0.7829918484247632,14.785194976867151,0.9002297970126388,0.725930821766909,13.473231989424983
T Robotic bending cell,8,Q2 to Q4,3741,8.208333333333314,15.208333333333314,181.04761904761904,0.9096498262496658,0.8318492054056853,0.8744529100197709,0.7447571438621844,10895.200424414665,1766.4825059587056,5035.771469925096,1072.370779430359,0.0,84.04761904761905,0.828080229226361,12.208333333333343,4.0,0.0,0.9187383052659717,0.7428395441946412,13.729904527255929,0.9190056134723336,0.7132737911918694,13.112411456729289
T Robotic bending cell,9,year,5220,9.208333333333314,18.208333333333314,191.3056603773585,0.8961685823754789,0.833683740059124,0.8435693844811691,0.7394544985403314,14643.182473352479,2364.87970947244,6749.196563662147,1337.6756426010047,0.0,70.0952380952381,0.8595988538681948,12.208333333333343,6.0,0.0,0.9007662835249042,0.7950584601808957,14.831237590999338,0.8961685823754789,0.7249062431061107,13.326053386278403
T Robotic bending cell,9,Q2 to Q4,3749,8.208333333333314,15.208333333333314,180.5978835978836,0.907175246732462,0.8241441750090511,0.8346896878651733,0.7472558333246927,10794.283275126056,1706.252626620329,4934.401502434163,1013.3047941640517,0.0,70.0952380952381,0.8595988538681948,12.208333333333343,4.0,0.0,0.916511069618565,0.7566153846153846,13.635692307692308,0.9170445452120566,0.7129230769230769,13.119076923076923
T Robotic bending cell,10,year,5197,8.208333333333314,17.208333333333314,185.4679245283019,0.9066769289974985,0.8279427444702441,0.8393129526608208,0.7350611152027683,14529.098055153112,2331.52339384878,6704.953837217973,1412.8281319466764,0.0,49.19047619047619,0.8939828080229226,11.208333333333343,5.0,0.0,0.9074466038098903,0.713842746400886,14.217940199335548,0.9091783721377718,0.7373200442967884,13.378737541528238
T Robotic bending cell,10,Q2 to Q4,3748,8.208333333333314,15.208333333333314,175.17989417989418,0.9170224119530416,0.8192801794843998,0.8448545757769631,0.7398592374067329,10704.359803732066,1668.6418278524327,4973.980633090438,1058.0659112870594,0.0,49.19047619047619,0.8939828080229226,11.208333333333343,2.0,0.0,0.9252934898612594,0.655500921942225,13.169944683466502,0.92982924226254,0.7138905961893055,13.103257529194837
T Robotic bending cell,11,year,5204,8.208333333333314,18.208333333333314,188.56981132075472,0.9066102997694081,0.8339154202308767,0.852078918147943,0.7474856840891246,14647.251804283884,2366.6009520416274,6799.839428552079,1451.01635410834,0.0,76.23809523809524,0.8681948424068768,11.208333333333343,6.0,0.0,0.9046887009992314,0.7023914968999114,14.445748449955714,0.9033435818601077,0.7218777679362267,13.156111603188663
T Robotic bending cell,11,Q2 to Q4,3750,8.208333333333314,15.208333333333314,178.39153439153438,0.9088,0.8165970796322888,0.8462108152641434,0.7488990976261454,10721.565796837453,1724.1320373927242,4960.534949620432,1088.1508916415976,0.0,76.23809523809524,0.8681948424068768,11.208333333333343,6.0,0.0,0.9162666666666667,0.6374538745387454,13.431119311193111,0.9197333333333333,0.7137146371463715,13.11070110701107
T Robotic bending cell,12,year,5206,8.208333333333314,18.208333333333314,187.5245283018868,0.9024202842873608,0.8232046600468487,0.8449628790243653,0.7458017442445131,14459.123371082202,2386.1466177208085,6641.627629807757,1431.8160393752835,0.0,50.523809523809526,0.8710601719197708,11.208333333333343,6.0,0.0,0.901651940069151,0.7956204379562044,14.422030524220306,0.9006915097963888,0.7197522671975227,13.18159699181597
T Robotic bending cell,12,Q2 to Q4,3738,8.208333333333314,15.208333333333314,178.1216931216931,0.9098448368111289,0.810719187002958,0.8447063481870271,0.7517239312659509,10605.477092725003,1734.7424180661872,4854.064399718291,1056.435586770165,0.0,50.523809523809526,0.8710601719197708,11.208333333333343,3.0,0.0,0.9184055644729802,0.7537750385208012,13.371956856702619,0.9200107009095773,0.7143297380585516,13.104160246533128
T Robotic bending cell,13,year,5219,8.208333333333314,18.208333333333314,188.7811320754717,0.9007472695918758,0.8400920240178483,0.8613456426548358,0.7384382406168075,14742.298877342275,2375.7057581867566,6727.586023208982,1405.155410645517,0.0,63.04761904761905,0.8510028653295129,12.208333333333343,5.0,0.0,0.9018969151178386,0.7954946996466431,14.572879858657243,0.9005556620042153,0.7201855123674912,13.181978798586572
T Robotic bending cell,13,Q2 to Q4,3764,8.208333333333314,15.208333333333314,177.9047619047619,0.9157810839532412,0.8300439802437553,0.856326504380967,0.7501211233578574,10858.275663824043,1726.8266435154487,4952.4648899965705,1049.7121908796935,0.0,63.04761904761905,0.8510028653295129,12.208333333333343,3.0,0.0,0.9226886291179596,0.758578431372549,13.504901960784315,0.926673751328374,0.7126225490196079,13.11611519607843
T Robotic bending cell,14,year,5229,8.208333333333371,18.208333333333314,188.74716981132076,0.9057181105373876,0.8233458055076364,0.8756001192929567,0.7468526056188506,14435.25544534227,2423.796249484035,6657.441595434649,1362.3625226879212,0.0,52.19047619047619,0.8595988538681948,11.208333333333343,4.0,0.0,0.9036144578313253,0.7944089808496588,14.525203609949372,0.9080130043985466,0.7444419986792868,13.477657935285054
T Robotic bending cell,14,Q2 to Q4,3761,8.208333333333314,15.208333333333314,179.79365079365078,0.9098643977665515,0.8090289680858572,0.876918663386694,0.7537531605418781,10570.421917790314,1755.8301405072,4897.96764341813,1015.0114443016587,0.0,52.19047619047619,0.8595988538681948,11.208333333333343,2.0,0.0,0.9170433395373571,0.7544451256897609,13.477621091354997,0.9197022068598777,0.7145922746781116,13.099632127529123
T Robotic bending cell,15,year,5205,8.208333333333314,17.208333333333343,187.44150943396227,0.8979827089337176,0.8272128917767184,0.8576983225263496,0.7281879943246685,14476.584065012346,2428.835249195169,6847.271347873549,1431.901284268025,0.0,58.61904761904762,0.8767908309455588,11.208333333333343,2.0,0.0,0.9002881844380404,0.7887292817679558,14.285745856353591,0.8997118155619597,0.7233149171270719,13.237569060773481
T Robotic bending cell,15,Q2 to Q4,3757,8.208333333333314,16.208333333333314,180.5978835978836,0.9007186585041256,0.8161790654964066,0.851336567364862,0.7428300227751915,10663.84199218101,1774.5704702902408,5082.266399883296,1047.9053420852447,0.0,58.61904761904762,0.8767908309455588,11.208333333333343,2.0,0.0,0.9118977907905244,0.753525444512569,13.391784181483752,0.9137609795049242,0.7142857142857143,13.099325567136725
T Robotic bending cell,16,year,5234,9.208333333333314,18.208333333333314,189.70188679245283,0.8983568972105465,0.8392686458364796,0.8455385335204045,0.7331697544448339,14727.849880218406,2411.788346100258,6757.997147791793,1466.9741097989822,0.0,57.80952380952381,0.8739255014326648,11.208333333333343,5.0,0.0,0.8954910202521972,0.788698328935796,14.36565523306948,0.8985479556744363,0.728891820580475,13.347845206684257
T Robotic bending cell,16,Q2 to Q4,3773,8.208333333333314,15.208333333333314,180.8994708994709,0.9061754571958653,0.8292413200303096,0.8607595743990917,0.7403850179518684,10847.775610731172,1727.5475805684582,4967.05411830886,1059.9548407810184,0.0,57.80952380952381,0.8739255014326648,11.208333333333343,3.0,0.0,0.91121123774185,0.7531278608483369,13.39273725968874,0.9175722236946727,0.713457430576747,13.108941104668904
T Robotic bending cell,17,year,5217,9.208333333333314,18.208333333333314,190.46037735849058,0.8999424956871765,0.8348999529433471,0.841504058441889,0.7355275779405767,14624.46936573528,2401.9128471117615,6727.7006647071075,1458.488819305041,0.0,66.52380952380952,0.8538681948424068,12.208333333333343,3.0,0.0,0.8974506421314932,0.7894504524387552,14.384241889207681,0.8993674525589419,0.7358199073052306,13.357316265725006
T Robotic bending cell,17,Q2 to Q4,3748,8.208333333333314,15.208333333333314,182.73015873015873,0.9007470651013874,0.826236913473769,0.8473651154892777,0.7390899681308898,10808.473266068017,1706.6853937402607,4926.195496768244,1056.7123296210782,0.0,66.52380952380952,0.8538681948424068,12.208333333333343,3.0,0.0,0.9071504802561366,0.7555350553505535,13.403444034440344,0.9111526147278548,0.7127921279212792,13.109778597785978
T Robotic bending cell,18,year,5198,9.208333333333314,17.208333333333314,186.60377358490567,0.9063101192766448,0.8299561982086003,0.857797224212778,0.7332769837214876,14564.431013850406,2409.975149150286,6746.106723744186,1431.2966932183588,0.0,45.80952380952381,0.8653295128939829,10.208333333333343,5.0,0.0,0.9051558291650635,0.7861258865248227,14.121232269503546,0.9049634474798,0.7180851063829787,13.177083333333334
T Robotic bending cell,18,Q2 to Q4,3763,8.208333333333314,16.208333333333314,179.93121693121694,0.9075205952697316,0.8186029762131488,0.8630335509210043,0.7403096865912163,10734.804702102883,1768.515125806145,4971.140923212273,1052.1057701786822,0.0,45.80952380952381,0.8653295128939829,10.208333333333343,5.0,0.0,0.9154929577464789,0.7557392102846648,13.338842975206612,0.9184161573212862,0.7134986225895317,13.110192837465565
T Robotic bending cell,19,year,5198,8.208333333333314,18.208333333333314,188.3924528301887,0.9103501346671797,0.8299876438444483,0.8459580151115325,0.7339902153153964,14578.26263779622,2421.804626324803,6818.868254823555,1483.2334078293584,0.0,60.38095238095238,0.8767908309455588,11.208333333333343,6.0,0.0,0.9030396306271643,0.649911426040744,14.228742249778564,0.9093882262408619,0.7267493356953055,13.46235606731621
T Robotic bending cell,19,Q2 to Q4,3756,8.208333333333314,15.208333333333314,176.42857142857142,0.9177316293929713,0.8207911958325563,0.8486661461854059,0.740029977186194,10737.23474769665,1777.9161542229183,5024.38007437397,1099.229057680569,0.0,60.38095238095238,0.8767908309455588,11.208333333333343,3.0,0.0,0.9198615548455804,0.5661245780914391,13.170297637312059,0.9265175718849841,0.7158637618901503,13.087756980668917
T Robotic bending cell,20,year,5255,8.208333333333343,18.208333333333314,189.80377358490566,0.9025689819219791,0.8323426179152614,0.8793289886998917,0.7450568710665895,14592.991459091463,2365.9810051463046,6709.291226414458,1404.647931186851,0.0,62.38095238095238,0.8538681948424068,11.208333333333343,4.0,0.0,0.904662226450999,0.6405873328950252,14.525093140477756,0.8993339676498573,0.7214551829936445,13.205785667324129
T Robotic bending cell,20,Q2 to Q4,3786,8.208333333333314,15.208333333333314,177.3968253968254,0.913365029054411,0.8242907294407537,0.862257940288307,0.7492638041905167,10769.82547822347,1721.6921277664087,4945.833598984521,1062.017824863263,0.0,62.38095238095238,0.8538681948424068,11.208333333333343,2.0,0.0,0.9226096143687269,0.5463666768014594,13.473092125266039,0.9207606973058637,0.7120705381574947,13.118577075098814
T Robotic bending cell,21,year,5236,9.208333333333314,18.208333333333314,190.73207547169812,0.9001145912910619,0.8301910974824898,0.8561999436818717,0.7415787687970777,14541.98701297887,2331.268982766922,6678.0918938764835,1408.9558763313116,0.0,61.523809523809526,0.8739255014326648,11.208333333333343,3.0,0.0,0.9018334606569901,0.7921335970116458,14.564271588661832,0.9033613445378151,0.7240166996264558,13.297297297297296
T Robotic bending cell,21,Q2 to Q4,3760,8.208333333333314,15.208333333333314,180.9206349206349,0.902127659574468,0.8155776960580805,0.860858611483852,0.7447878214934308,10655.984759693263,1682.057607355154,4861.250688990353,1032.2485038553755,0.0,61.523809523809526,0.8739255014326648,11.208333333333343,2.0,0.0,0.9125,0.7494633547991414,13.472554431156087,0.9170212765957447,0.712358172339773,13.119595216191353
T Robotic bending cell,22,year,5253,9.208333333333314,18.208333333333314,189.9132075471698,0.8985341709499334,0.8329480289113567,0.8488064239917062,0.7372076853180509,14630.260123944929,2455.5975801848017,6730.385588542173,1448.2624118062104,0.0,51.095238095238095,0.833810888252149,12.208333333333343,6.0,0.0,0.8989149057681325,0.7908453788874288,14.630091984231274,0.9042451932229202,0.7424441524310118,13.789750328515112
T Robotic bending cell,22,Q2 to Q4,3771,8.208333333333314,15.208333333333314,179.6984126984127,0.9119596923892866,0.8291370254881394,0.8573635150105087,0.754238123845108,10833.145082316993,1767.5925653906033,4980.785776846542,1078.0053254135655,0.0,51.095238095238095,0.833810888252149,12.208333333333343,2.0,0.0,0.920710686820472,0.7542735042735043,13.557692307692308,0.9204455051710422,0.7136752136752137,13.103785103785103
T Robotic bending cell,23,year,5222,8.208333333333314,18.208333333333314,188.4566037735849,0.9088471849865952,0.8372549355416604,0.8398719679312949,0.7462242951298335,14665.720261419796,2380.8371377506696,6736.883280998782,1453.529507771692,0.0,56.142857142857146,0.8653295128939829,11.208333333333343,3.0,0.0,0.9032937571811567,0.7201764057331863,14.376846747519295,0.9073152049023363,0.7228224917309812,13.219845644983462
T Robotic bending cell,23,Q2 to Q4,3757,8.208333333333314,15.208333333333314,178.42857142857142,0.9166888474846953,0.8225943852868278,0.831255550820862,0.7483631320217188,10760.823290755332,1720.4848500729677,4943.361142462311,1086.4248388542114,0.0,56.142857142857146,0.8653295128939829,11.208333333333343,3.0,0.0,0.9177535267500665,0.6581773550168764,13.362994783675974,0.9257386212403513,0.7143295489413931,13.098496471310218
T Robotic bending cell,24,year,5205,8.208333333333314,18.208333333333314,188.0641509433962,0.9012487992315081,0.8390457644044699,0.8274014601588808,0.7347913948265808,14737.363392498015,2400.111257534934,6864.380490200162,1414.6101915409688,0.0,46.19047619047619,0.8710601719197708,10.208333333333343,6.0,0.0,0.8975984630163305,0.7030075187969925,14.444493586908447,0.9012487992315081,0.7348518354710305,13.450685537372843
T Robotic bending cell,24,Q2 to Q4,3736,8.208333333333314,15.208333333333314,176.03703703703704,0.909796573875803,0.8212360527291185,0.8302180127098489,0.7376098576003152,10769.333726533485,1716.8361888295685,5003.719765284005,1037.639305936592,0.0,46.19047619047619,0.8710601719197708,10.208333333333343,5.0,0.0,0.9170235546038544,0.6316764433467119,13.298548934856438,0.9180942184154176,0.7138005557270762,13.108058042605743
T Robotic bending cell,25,year,5205,8.208333333333343,17.208333333333314,187.46415094339622,0.9024015369836695,0.8273267599152846,0.8458984499355056,0.7397449657403055,14571.23740389062,2302.8897191673896,6691.603422478827,1432.833823266341,0.0,60.095238095238095,0.8710601719197708,11.208333333333343,9.0,0.0,0.9037463976945245,0.785445697854457,14.265870382658704,0.9043227665706052,0.7325812873258128,13.462508294625083
T Robotic bending cell,25,Q2 to Q4,3755,8.208333333333314,15.208333333333314,178.5026455026455,0.9107856191744341,0.813650277344064,0.8321736994992497,0.7461653585467372,10695.893964178225,1669.066929593575,4907.449088022242,1075.9667613567985,0.0,60.095238095238095,0.8710601719197708,11.208333333333343,7.0,0.0,0.918508655126498,0.752760736196319,13.404294478527607,0.9201065246338216,0.7144171779141104,13.11840490797546
T Robotic bending cell,26,year,5232,9.208333333333314,18.208333333333314,190.43396226415095,0.900802752293578,0.8320327264982775,0.8319255692540078,0.747685039249107,14600.870832106588,2413.367154272397,6713.113589031786,1388.7306783987437,0.0,64.0952380952381,0.8137535816618912,11.208333333333343,5.0,0.0,0.8979357798165137,0.7867986798679868,14.547414741474148,0.89717125382263,0.7152915291529153,13.123212321232122
T Robotic bending cell,26,Q2 to Q4,3765,8.208333333333314,15.208333333333314,180.57671957671957,0.9126162018592298,0.8189250010202593,0.8357038945585524,0.7564635294040034,10725.924795862922,1757.4282158564085,4900.5437537244115,1035.1895268247426,0.0,64.0952380952381,0.8137535816618912,11.208333333333343,4.0,0.0,0.9173970783532537,0.7509179926560587,13.492962056303549,0.9216467463479415,0.7141982864137086,13.11780905752754
T Robotic bending cell,27,year,5212,8.208333333333314,18.208333333333314,189.83396226415095,0.8915963161933999,0.832544061614323,0.8722965731446819,0.7465254985314494,14596.52325731568,2477.539768617377,6651.733923311013,1337.3649908544496,0.0,58.0,0.8767908309455588,12.208333333333343,4.0,0.0,0.8952417498081351,0.7969094922737306,14.512362030905077,0.8933231005372217,0.7320088300220751,13.30794701986755
T Robotic bending cell,27,Q2 to Q4,3747,8.208333333333314,15.208333333333314,179.43915343915344,0.9057912997064318,0.8199088004159385,0.8676821227956396,0.7499606238449323,10725.691633227802,1801.9497359831826,4890.514690265593,981.8945616639721,0.0,58.0,0.8767908309455588,12.208333333333343,3.0,0.0,0.9140645850013344,0.754687980325853,13.4949277589917,0.915398985855351,0.7131878266215801,13.112511527820473
T Robotic bending cell,28,year,5190,8.208333333333314,17.208333333333314,187.0641509433962,0.905009633911368,0.8265165176616476,0.8628168606666675,0.7323813105871559,14490.845744801662,2421.3402869915826,6722.912680227073,1378.2511151523236,0.0,55.476190476190474,0.8939828080229226,10.208333333333343,4.0,0.0,0.9042389210019268,0.7907801418439716,14.250221631205674,0.9067437379576108,0.731604609929078,13.443040780141844
T Robotic bending cell,28,Q2 to Q4,3751,8.208333333333314,15.208333333333314,178.52380952380952,0.9066915489202879,0.8143735395175657,0.8640946744558338,0.741096232339955,10653.281748768346,1775.8471172122545,4994.320004766352,1048.5433098706071,0.0,55.476190476190474,0.8939828080229226,10.208333333333343,3.0,0.0,0.9138896294321515,0.7542190856090826,13.362994783675974,0.9173553719008265,0.7121816508131329,13.116293341515803
T Robotic bending cell,29,year,5194,9.208333333333314,18.208333333333314,190.7245283018868,0.898921832884097,0.8360713372501387,0.8804046155086478,0.7423293236927392,14631.610699456905,2394.7063176616844,6756.895626352405,1467.813828834117,0.0,58.76190476190476,0.836676217765043,12.208333333333343,2.0,0.0,0.8994994224104736,0.7873614190687361,14.441463414634146,0.8950712360415864,0.7175166297117517,13.12150776053215
T Robotic bending cell,29,Q2 to Q4,3750,8.208333333333314,16.208333333333314,183.8941798941799,0.8970666666666667,0.8215284056986231,0.8720640445932224,0.7455662777624843,10733.734153215748,1731.010874297649,4976.835589212378,1092.3592121712272,0.0,58.76190476190476,0.836676217765043,12.208333333333343,2.0,0.0,0.9085333333333333,0.7539170506912443,13.543164362519201,0.908,0.7136712749615975,13.105376344086022
T Robotic bending cell,30,year,5231,8.208333333333314,17.208333333333343,188.11320754716982,0.9099598547122921,0.8269612209392444,0.8480046409632672,0.7299140125876347,14564.799373044378,2326.548405958194,6713.765975566648,1431.3611974149946,0.0,62.04761904761905,0.8481375358166189,12.208333333333343,9.0,0.0,0.907665838271841,0.7830874256771636,14.516846509579388,0.9082393423819537,0.7260515304998899,13.280995375467958
T Robotic bending cell,30,Q2 to Q4,3765,8.208333333333314,15.208333333333314,178.9100529100529,0.9155378486055777,0.8098462099516118,0.8605419597043426,0.7446788099187162,10607.014724588575,1693.5283654590933,4856.889407823496,1033.8773097603387,0.0,62.04761904761905,0.8481375358166189,12.208333333333343,4.0,0.0,0.9203187250996016,0.7375995101041029,13.410900183710961,0.9256308100929614,0.7127985303123087,13.116350275566441
T Tool changing at every brake setup (upper bound),1,year,5242,9.208333333333314,19.208333333333314,193.98490566037736,0.8901182754673789,0.8290919642171019,0.8478504465461326,0.7440091933074665,14522.734118411254,0.0,4198.204526072842,1017.9514477298596,0.0,74.66666666666667,0.833810888252149,12.208333333333343,3.0,0.0,0.8891644410530332,0.7568575817423744,15.026333113890718,0.890309042350248,0.7311827956989247,13.585472898836954
T Tool changing at every brake setup (upper bound),1,Q2 to Q4,3754,8.208333333333314,15.208333333333314,179.65608465608466,0.9096963239211507,0.8173935451454037,0.8513266794516068,0.7470187586498129,10679.70985700029,0.0,3097.8148709090365,745.0845394753779,0.0,74.66666666666667,0.833810888252149,12.208333333333343,2.0,0.0,0.9158231220031966,0.7031346035648433,13.770436385986478,0.917687799680341,0.7111247695144438,13.123540258143823
T Tool changing at every brake setup (upper bound),2,year,5187,8.208333333333314,17.208333333333314,185.61132075471698,0.904376325428957,0.815378981043031,0.8546243705926095,0.7480417459938297,14269.485499144832,0.0,4086.9862873335674,977.8600222510657,0.0,46.666666666666664,0.8882521489971347,10.208333333333343,2.0,0.0,0.9061114324272219,0.7342812708287048,14.178626971784048,0.9055330634278003,0.7253943568095979,13.311041990668741
T Tool changing at every brake setup (upper bound),2,Q2 to Q4,3749,8.208333333333314,15.208333333333314,179.33333333333334,0.907175246732462,0.8019788253275539,0.8478752793844334,0.7588662721751459,10478.307807572186,0.0,2992.937650134178,723.6012584072544,0.0,46.666666666666664,0.8882521489971347,10.208333333333343,2.0,0.0,0.9167778074153108,0.6866543665436654,13.290590405904059,0.9167778074153108,0.7127921279212792,13.115928659286594
T Tool changing at every brake setup (upper bound),3,year,5199,8.208333333333314,17.208333333333343,188.87169811320754,0.9022889017118677,0.8137993743169158,0.849817316432814,0.7456868581982424,14267.88327691971,0.0,4126.671678841876,937.7717816505118,0.0,63.095238095238095,0.8653295128939829,12.208333333333343,4.0,0.0,0.901711867666859,0.7727776546220351,14.308800709377078,0.9009424889401808,0.7231212591443139,13.2425182886278
T Tool changing at every brake setup (upper bound),3,Q2 to Q4,3745,8.208333333333314,16.208333333333314,181.26984126984127,0.9033377837116154,0.8043257251107169,0.8620589989619253,0.752944310509053,10521.840594750858,0.0,3046.9630649760993,699.4247751888093,0.0,63.095238095238095,0.8653295128939829,12.208333333333343,3.0,0.0,0.909479305740988,0.7280566676932553,13.345549738219896,0.9126835781041388,0.7114259316291962,13.119802894979982
T Tool changing at every brake setup (upper bound),4,year,5242,9.208333333333314,18.208333333333343,194.96226415094338,0.8939336131247615,0.8280412831431322,0.8585364827749002,0.7460269027984169,14557.324575545625,0.0,4232.033032827479,1029.7209743747649,0.0,72.38095238095238,0.8166189111747851,12.208333333333343,7.0,0.0,0.8910721098817246,0.7033786748573936,14.91268100043879,0.8948874475391072,0.7395787626151821,13.73387450636244
T Tool changing at every brake setup (upper bound),4,Q2 to Q4,3764,8.208333333333314,15.208333333333314,178.23809523809524,0.9120616365568545,0.8154532900375733,0.87037349796007,0.7507274460693528,10667.406577179192,0.0,3121.261358888963,773.6020907857668,0.0,72.38095238095238,0.8166189111747851,12.208333333333343,3.0,0.0,0.9202975557917109,0.6284052647689011,13.607591062136517,0.9229543039319873,0.7138047138047138,13.102846648301194
T Tool changing at every brake setup (upper bound),5,year,5191,9.208333333333314,18.208333333333314,188.18867924528303,0.9073396262762473,0.8208655027882972,0.8699301905698887,0.7481424059608388,14391.769703268972,0.0,4093.4980263073176,904.4176960937485,0.0,61.714285714285715,0.8853868194842407,11.208333333333343,4.0,0.0,0.909458678481988,0.702618730581447,14.4474034620506,0.9081101907146986,0.7265867731913005,13.326453617399023
T Tool changing at every brake setup (upper bound),5,Q2 to Q4,3729,8.208333333333314,15.208333333333314,178.05291005291005,0.912308930008045,0.8066460284017766,0.8591642071111173,0.753214589078163,10565.10013339417,0.0,3047.0368119210234,688.6061054809954,0.0,61.714285714285715,0.8853868194842407,11.208333333333343,4.0,0.0,0.9214266559399302,0.6394557823129252,13.39239332096475,0.9222311611692142,0.7145949288806431,13.100185528756958
T Tool changing at every brake setup (upper bound),6,year,5243,9.208333333333314,18.208333333333343,194.6943396226415,0.8899485027655922,0.8183093331810212,0.8514977645728913,0.7338094425688976,14386.232678033395,0.0,4199.195854434156,985.7285226960059,0.0,57.523809523809526,0.8166189111747851,13.208333333333343,7.0,0.0,0.891474346748045,0.809262510974539,15.136084284460052,0.8933816517261111,0.7519754170324846,13.779411764705882
T Tool changing at every brake setup (upper bound),6,Q2 to Q4,3757,8.208333333333314,15.208333333333314,180.9100529100529,0.9073729039126963,0.802548277429597,0.8636850286749471,0.7364813175572373,10498.588794413776,0.0,3089.76456688588,745.1791773677104,0.0,57.523809523809526,0.8166189111747851,13.208333333333343,3.0,0.0,0.9172211871173809,0.7747775391224302,13.858238723534827,0.916955017301038,0.7134090211721387,13.112918073028537
T Tool changing at every brake setup (upper bound),7,year,5196,9.208333333333314,18.208333333333314,190.69056603773586,0.9030023094688222,0.8204112511692789,0.8643400154978712,0.7375156324198467,14410.058727079386,0.0,4112.750527363176,916.7024613844317,0.0,53.857142857142854,0.8681948424068768,11.208333333333343,6.0,0.0,0.9037721324095458,0.7924151696606786,14.562652472832113,0.907428791377983,0.7365269461077845,13.581725438012864
T Tool changing at every brake setup (upper bound),7,Q2 to Q4,3758,8.208333333333314,15.208333333333314,178.82010582010582,0.9145822245875466,0.8041586587570284,0.8583030098835097,0.739241000273275,10519.655105107326,0.0,3016.9126146361045,662.8127769089607,0.0,53.857142857142854,0.8681948424068768,11.208333333333343,3.0,0.0,0.922299095263438,0.7585889570552147,13.563803680981595,0.9233634912187334,0.7134969325153374,13.113803680981595
T Tool changing at every brake setup (upper bound),8,year,5217,9.208333333333314,18.208333333333314,191.0754716981132,0.8993674525589419,0.8224149659205698,0.8444718929236631,0.7328219609743908,14435.383861656404,0.0,4083.203669067253,954.3013101021024,0.0,58.714285714285715,0.836676217765043,12.208333333333343,5.0,4.0,0.8986007283879625,0.7882534775888718,14.611834842128506,0.8986007283879625,0.740340030911901,13.570545374254802
T Tool changing at every brake setup (upper bound),8,Q2 to Q4,3763,8.208333333333314,15.208333333333314,180.63492063492063,0.9138984852511294,0.812541566730299,0.8515499234963804,0.7431008869351882,10642.317339687881,0.0,3029.7013847710855,700.4873106400105,0.0,58.714285714285715,0.836676217765043,12.208333333333343,4.0,0.0,0.9202763752325273,0.7575015309246785,13.616656460502144,0.9218708477278766,0.7140232700551132,13.10226576852419
T Tool changing at every brake setup (upper bound),9,year,5198,9.208333333333314,18.208333333333314,189.94716981132075,0.8993843786071566,0.813876925046788,0.8755772758531126,0.7366010852891776,14334.353083924882,0.0,4091.3401173940783,1011.5880086940639,0.0,47.76190476190476,0.9083094555873925,11.208333333333343,9.0,0.0,0.8988072335513659,0.7259636685866194,14.3932210899424,0.9051558291650635,0.7461231723526806,13.683429330970315
T Tool changing at every brake setup (upper bound),9,Q2 to Q4,3757,8.208333333333314,15.208333333333314,180.4973544973545,0.9110992813414959,0.8037272785387759,0.8729420026816919,0.7472515985415625,10526.871612480194,0.0,3016.693695829615,736.6215288519695,0.0,47.76190476190476,0.9083094555873925,11.208333333333343,4.0,0.0,0.9166888474846953,0.6684049079754601,13.3420245398773,0.9209475645461804,0.7131901840490797,13.110429447852761
T Tool changing at every brake setup (upper bound),10,year,5224,9.208333333333314,18.208333333333314,191.0754716981132,0.9000765696784073,0.8139801296159764,0.8580778925864294,0.7338073790526363,14284.076039223986,0.0,4097.278778549557,956.0412598759717,0.0,64.80952380952381,0.8796561604584527,11.208333333333343,5.0,0.0,0.8989280245022971,0.7648612945838837,14.793042712461471,0.8989280245022971,0.7351387054161163,13.564509026860414
T Tool changing at every brake setup (upper bound),10,Q2 to Q4,3746,8.208333333333314,15.208333333333314,177.08465608465607,0.9116390816871329,0.7995182364256475,0.8543418009176451,0.7418567450730189,10433.366527452255,0.0,2998.13034588039,736.6087235088166,0.0,64.80952380952381,0.8796561604584527,11.208333333333343,1.0,0.0,0.9177789642285105,0.7170101507228545,13.694555521378037,0.9180459156433529,0.7114733928022147,13.126115041525685
T Tool changing at every brake setup (upper bound),11,year,5200,8.208333333333371,17.208333333333343,186.11320754716982,0.9113461538461538,0.8204670604565762,0.8609652418252883,0.744411031537889,14384.784039650896,0.0,4160.177608591858,1017.9329072521991,0.0,59.57142857142857,0.8681948424068768,11.208333333333343,4.0,0.0,0.9113461538461538,0.775022143489814,14.399025686448184,0.9063461538461538,0.7194419840566874,13.157218777679363
T Tool changing at every brake setup (upper bound),11,Q2 to Q4,3749,8.208333333333314,15.208333333333314,175.8994708994709,0.9167778074153108,0.8141220977036835,0.866699697499136,0.7511713622123593,10623.94058879074,0.0,3081.7227895317,750.5221454819638,0.0,59.57142857142857,0.8681948424068768,11.208333333333343,1.0,0.0,0.9229127767404641,0.7321044546850999,13.364976958525345,0.9239797279274473,0.7136712749615975,13.109984639016897
T Tool changing at every brake setup (upper bound),12,year,5183,8.208333333333343,17.208333333333343,188.5433962264151,0.9081612965464017,0.8168799923835001,0.8317740147281201,0.7448372172006777,14308.823927919424,0.0,4115.920681929023,975.2149097769811,0.0,64.19047619047619,0.8510028653295129,11.208333333333343,3.0,0.0,0.9050742813042639,0.760772989782319,14.278320746334963,0.9093189272622033,0.7321190581963571,13.411594846734785
T Tool changing at every brake setup (upper bound),12,Q2 to Q4,3738,8.208333333333314,15.208333333333314,180.2804232804233,0.9181380417335474,0.8037450705070412,0.8340212067602681,0.7529232508432545,10488.524880586343,0.0,3038.50919582525,724.8908640872861,0.0,64.19047619047619,0.8510028653295129,11.208333333333343,1.0,0.0,0.9208132691278759,0.7171032357473035,13.31833590138675,0.9266987693953986,0.7146379044684129,13.101386748844376
T Tool changing at every brake setup (upper bound),13,year,5191,8.208333333333314,17.208333333333314,183.67169811320755,0.9136967828934695,0.817819758368484,0.8544301157401816,0.7218659499491965,14364.54062454601,0.0,4166.994938582102,960.5595519869194,0.0,41.42857142857143,0.8710601719197708,11.208333333333343,6.0,0.0,0.9113850895781159,0.705790991790548,13.99711559795873,0.9131188595646311,0.7273130685600178,13.297980918571112
T Tool changing at every brake setup (upper bound),13,Q2 to Q4,3754,8.208333333333314,15.208333333333314,176.5185185185185,0.9182205647309537,0.8058148531605608,0.8636437261360531,0.7335359096310753,10579.9998355618,0.0,3069.3751265285446,700.4449021906723,0.0,41.42857142857143,0.8710601719197708,11.208333333333343,6.0,0.0,0.9227490676611614,0.6375921375921376,13.10534398034398,0.9264784230154501,0.7140663390663391,13.101965601965603
T Tool changing at every brake setup (upper bound),14,year,5243,9.208333333333314,18.208333333333314,190.9245283018868,0.8964333396910166,0.8213827157738934,0.8595353095264624,0.7485047205162068,14387.69558200569,0.0,4146.02492327894,974.2253197628162,0.0,63.333333333333336,0.8137535816618912,12.208333333333343,3.0,0.0,0.9008201411405684,0.7532894736842105,14.810964912280701,0.9013923326339882,0.7449561403508772,13.657894736842104
T Tool changing at every brake setup (upper bound),14,Q2 to Q4,3763,8.208333333333314,15.208333333333314,175.11640211640213,0.9157587031623704,0.8033354264768349,0.8575598690547901,0.758210524549213,10483.179203504564,0.0,3060.8007313684316,731.6337241907407,0.0,63.333333333333336,0.8137535816618912,12.208333333333343,1.0,0.0,0.9250597927185756,0.697062423500612,13.606487148102815,0.9258570289662503,0.7126682986536108,13.114749082007345
T Tool changing at every brake setup (upper bound),15,year,5214,9.208333333333314,18.208333333333314,191.09056603773584,0.9048714998082087,0.8126677352565521,0.8652063507087412,0.7401991382889955,14303.304296533926,0.0,4113.152426340242,954.5290821031169,0.0,58.523809523809526,0.8452722063037249,12.208333333333343,8.0,4.0,0.9037207518220176,0.7575022065313327,14.70917917034422,0.906789413118527,0.7438217122683142,13.776699029126213
T Tool changing at every brake setup (upper bound),15,Q2 to Q4,3741,8.208333333333314,15.208333333333314,177.96296296296296,0.9200748462977814,0.8023934326584388,0.8490945162439021,0.7525893977268877,10496.563182216885,0.0,3059.2362890832155,720.5394030764602,0.0,58.523809523809526,0.8452722063037249,12.208333333333343,3.0,0.0,0.9235498529804865,0.7088724584103512,13.492914356130623,0.9264902432504678,0.7138016019716574,13.104436229205175
T Tool changing at every brake setup (upper bound),16,year,5199,8.208333333333314,18.208333333333314,186.5320754716981,0.9097903442969801,0.8180452757692184,0.8487573798624212,0.7328323835044821,14342.324261072106,0.0,4132.856966220931,975.330613281934,0.0,67.14285714285714,0.8681948424068768,11.208333333333343,4.0,0.0,0.9057511059819195,0.7386489479512736,14.301218161683279,0.9047893825735719,0.7193798449612403,13.196013289036545
T Tool changing at every brake setup (upper bound),16,Q2 to Q4,3762,8.208333333333314,15.208333333333314,178.71428571428572,0.9133439659755449,0.8131203109442421,0.8416484330296823,0.7394817686063702,10623.877630662733,0.0,3056.915570663085,733.0068999729081,0.0,67.14285714285714,0.8681948424068768,11.208333333333343,2.0,0.0,0.9189261031366295,0.6852418860992039,13.324862216778934,0.9218500797448166,0.7140232700551132,13.10226576852419
T Tool changing at every brake setup (upper bound),17,year,5222,9.208333333333314,18.208333333333314,193.3622641509434,0.897165836844121,0.8293997183106094,0.8500273990764319,0.7326677979765172,14567.936058952144,0.0,4103.546646609637,1002.4653898109004,0.0,62.80952380952381,0.836676217765043,12.208333333333343,6.0,0.0,0.8983148219073152,0.7585371227142542,14.736065212601895,0.8985063194178475,0.7343027098479842,13.524785194976866
T Tool changing at every brake setup (upper bound),17,Q2 to Q4,3758,8.208333333333314,16.208333333333314,180.94179894179894,0.9089941458222459,0.8184305134455258,0.8572460644183278,0.7512945746411546,10719.448211887011,0.0,3024.160841296513,760.4772183211555,0.0,62.80952380952381,0.836676217765043,12.208333333333343,4.0,0.0,0.9177754124534326,0.7079374808458474,13.66227398099908,0.9193720063863757,0.7128409439166411,13.131474103585658
T Tool changing at every brake setup (upper bound),18,year,5226,8.208333333333314,18.208333333333314,189.66415094339624,0.8966704936854191,0.820704893229208,0.8627509764787199,0.7305499507224635,14388.953826881545,0.0,4157.6935112859655,981.2653035424526,0.0,58.285714285714285,0.8108882521489972,11.208333333333343,4.0,0.0,0.8964791427477995,0.7206433135051773,14.68098700154219,0.8955223880597015,0.730777704340163,13.36021150033047
T Tool changing at every brake setup (upper bound),18,Q2 to Q4,3751,8.208333333333314,15.208333333333314,176.88888888888889,0.9109570781125034,0.8060886167298574,0.8568232771589044,0.7343507343563159,10544.901978992753,0.0,3048.3069249314267,739.3252676953289,0.0,58.285714285714285,0.8108882521489972,11.208333333333343,3.0,0.0,0.9189549453479072,0.6530549585508136,13.575376112987412,0.9213543055185284,0.7123119435062941,13.116364752840036
T Tool changing at every brake setup (upper bound),19,year,5193,8.208333333333314,17.208333333333314,185.1320754716981,0.9141151550163682,0.8190347256731773,0.8351626770084736,0.7403551817667773,14372.776281160704,0.0,4124.476540989025,1049.399099957964,0.0,41.476190476190474,0.8968481375358166,10.208333333333343,5.0,0.0,0.9098786828422877,0.6887755102040817,13.932342502218278,0.9125746196803389,0.7240461401952085,13.228704525288377
T Tool changing at every brake setup (upper bound),19,Q2 to Q4,3748,8.208333333333314,15.208333333333314,178.0899470899471,0.9146211312700107,0.8085056038685117,0.828978172118915,0.7559530065780563,10589.45604704143,0.0,3033.270054889398,776.6171498528087,0.0,41.476190476190474,0.8968481375358166,10.208333333333343,4.0,0.0,0.9196905016008537,0.6185788988003691,13.068286681021224,0.923692636072572,0.7127037834512457,13.113503537373116
T Tool changing at every brake setup (upper bound),20,year,5238,9.208333333333314,18.208333333333343,193.0566037735849,0.8925162275677739,0.8226770060249001,0.8483650053900392,0.7416261739039947,14416.948346949632,0.0,4210.611352379851,1031.3830607147318,0.0,63.42857142857143,0.8538681948424068,11.208333333333343,3.0,8.0,0.8951890034364262,0.7760931663370688,14.964623159745111,0.9032073310423826,0.7492858712370908,13.947923533289387
T Tool changing at every brake setup (upper bound),20,Q2 to Q4,3741,8.208333333333314,15.208333333333314,177.92592592592592,0.9123229083132852,0.8067827270186382,0.841957578209763,0.7468678693815115,10528.164981744862,0.0,3078.765165527117,767.2747076775681,0.0,63.42857142857143,0.8538681948424068,11.208333333333343,1.0,0.0,0.9235498529804865,0.7011706715958103,13.635859519408502,0.9262229350441058,0.7125693160813309,13.11860751694393
T Tool changing at every brake setup (upper bound),21,year,5220,8.208333333333314,18.208333333333314,187.30943396226414,0.9095785440613027,0.815850719684178,0.8501799774832939,0.7339541204801939,14369.116410389604,0.0,4054.078291870149,1005.6335819369019,0.0,59.142857142857146,0.8624641833810889,11.208333333333343,9.0,0.0,0.903448275862069,0.7244268077601411,14.33884479717813,0.910727969348659,0.7451499118165785,13.645282186948853
T Tool changing at every brake setup (upper bound),21,Q2 to Q4,3761,8.208333333333314,15.208333333333314,177.43915343915344,0.9135868120180803,0.8015875008174776,0.8567880200209944,0.7437191444357791,10550.147331175962,0.0,3012.082467066038,743.5539840297977,0.0,59.142857142857146,0.8624641833810889,11.208333333333343,8.0,0.0,0.9175751130018612,0.6629901960784313,13.269607843137255,0.9242222813081628,0.7123161764705882,13.118872549019608
T Tool changing at every brake setup (upper bound),22,year,5232,9.208333333333314,18.208333333333314,192.7698113207547,0.8952599388379205,0.8230649665208637,0.8641778175048247,0.7380526318150802,14483.007812386608,0.0,4155.695590918753,999.1620427759808,0.0,64.76190476190476,0.8080229226361032,13.208333333333343,8.0,0.0,0.8975535168195719,0.7583094871230465,14.932863746423068,0.9004204892966361,0.7453224741360335,13.715386308606648
T Tool changing at every brake setup (upper bound),22,Q2 to Q4,3745,8.208333333333314,15.208333333333314,177.96296296296296,0.9132176234979973,0.8060775369406482,0.8486414177522871,0.7484969141025568,10570.551519173661,0.0,3038.064781938673,723.2197868959736,0.0,64.76190476190476,0.8080229226361032,13.208333333333343,5.0,0.0,0.9233644859813084,0.7008626001232285,13.72181146025878,0.9244325767690253,0.7119531731361676,13.11645101663586
T Tool changing at every brake setup (upper bound),23,year,5205,9.208333333333314,18.208333333333314,188.4,0.9008645533141211,0.8210632002943764,0.861457921285518,0.7381415392910013,14382.098810409761,0.0,4140.461382471029,983.4022924699109,0.0,62.38095238095238,0.8767908309455588,11.208333333333343,3.0,0.0,0.9020172910662824,0.7876106194690266,14.488053097345134,0.9000960614793467,0.7196902654867257,13.185398230088495
T Tool changing at every brake setup (upper bound),23,Q2 to Q4,3762,8.208333333333314,15.208333333333314,178.73544973544975,0.9059011164274322,0.8061955857556626,0.8661513417640568,0.7435961403306706,10546.301301435093,0.0,3073.921185878103,721.965833270309,0.0,62.38095238095238,0.8767908309455588,11.208333333333343,3.0,0.0,0.9154704944178629,0.7532904805632078,13.491582491582491,0.9165337586390218,0.7141108050198959,13.103152739516377
T Tool changing at every brake setup (upper bound),24,year,5230,8.208333333333343,18.208333333333314,188.53584905660378,0.9068833652007648,0.8119286577311584,0.8462099022008536,0.7442301583737183,14248.075921618049,0.0,4186.479560631736,974.0975716546922,0.0,40.57142857142857,0.8853868194842407,11.208333333333343,5.0,0.0,0.9036328871892926,0.7669454225352113,14.417473591549296,0.9080305927342256,0.7398767605633803,13.498459507042254
T Tool changing at every brake setup (upper bound),24,Q2 to Q4,3764,8.208333333333314,15.208333333333314,177.3068783068783,0.9139213602550478,0.800232517055208,0.8416766312139409,0.752096757320605,10493.902461237949,0.0,3097.6189092853756,730.9976818254773,0.0,40.57142857142857,0.8853868194842407,11.208333333333343,5.0,0.0,0.9226886291179596,0.7218482252141983,13.398102815177479,0.9250797024442083,0.7111383108935129,13.12545899632803
T Tool changing at every brake setup (upper bound),25,year,5225,9.208333333333314,18.208333333333343,196.38490566037737,0.8966507177033493,0.8192684405046337,0.8516796674545309,0.7431588741200071,14389.985905347601,0.0,4154.513886302929,927.2551058136322,0.0,75.0952380952381,0.8424068767908309,13.208333333333343,6.0,0.0,0.8985645933014355,0.7661166116611661,14.972057205720573,0.8991387559808612,0.7335533553355336,13.679427942794279
T Tool changing at every brake setup (upper bound),25,Q2 to Q4,3750,8.208333333333314,16.208333333333314,182.33333333333334,0.9058666666666667,0.8029509582574302,0.8458821864337696,0.7467778307541815,10503.856490508466,0.0,3057.198551995133,695.4912079287292,0.0,75.0952380952381,0.8424068767908309,13.208333333333343,3.0,0.0,0.9165333333333333,0.7148125384142594,13.799938537185003,0.9181333333333334,0.7138905961893055,13.10479409956976
T Tool changing at every brake setup (upper bound),26,year,5230,9.208333333333314,18.208333333333314,192.1622641509434,0.8990439770554494,0.8179485382190983,0.8516112743736893,0.735077734099051,14327.541039812291,0.0,4107.723555984306,989.7808081637924,0.0,59.714285714285715,0.8252148997134671,12.208333333333343,3.0,0.0,0.8984703632887189,0.7731573157315732,14.856105610561055,0.8946462715105162,0.7276127612761276,13.348954895489548
T Tool changing at every brake setup (upper bound),26,Q2 to Q4,3750,8.208333333333314,15.208333333333314,179.7724867724868,0.9101333333333333,0.8078549786065451,0.8566854452684177,0.7423513725564382,10555.083079982396,0.0,3033.3895489365295,742.2321766436473,0.0,59.714285714285715,0.8252148997134671,12.208333333333343,2.0,0.0,0.9168,0.727719729563614,13.742163491087892,0.9184,0.7111247695144438,13.125076828518747
T Tool changing at every brake setup (upper bound),27,year,5193,9.208333333333314,18.208333333333314,190.12075471698114,0.9066050452532255,0.8154606205457293,0.8508031447922987,0.75216754593325,14310.056335605359,0.0,4082.1299803164907,956.063807998689,0.0,56.666666666666664,0.8624641833810889,11.208333333333343,5.0,0.0,0.9091084151742731,0.752549889135255,14.432372505543237,0.9067976121702291,0.7248337028824834,13.308425720620843
T Tool changing at every brake setup (upper bound),27,Q2 to Q4,3752,8.208333333333314,15.208333333333314,179.94179894179894,0.9085820895522388,0.8029901836662425,0.8404522587144612,0.7607062246200411,10504.369620308871,0.0,2969.8341522670007,722.5135888179711,0.0,56.666666666666664,0.8624641833810889,11.208333333333343,3.0,0.0,0.9203091684434968,0.7074370006146281,13.47940995697603,0.9205756929637526,0.7123540258143823,13.112476951444377
T Tool changing at every brake setup (upper bound),28,year,5223,9.208333333333314,18.208333333333314,192.01509433962264,0.8989086731763355,0.8247154446732526,0.8403727862962432,0.7518864335591445,14459.268552704161,0.0,4149.685386677313,963.0555281479254,0.0,70.19047619047619,0.8624641833810889,12.208333333333343,4.0,0.0,0.8968026038675091,0.792511013215859,14.762555066079296,0.8979513689450508,0.7334801762114538,13.366079295154185
T Tool changing at every brake setup (upper bound),28,Q2 to Q4,3747,8.208333333333314,15.208333333333314,179.93121693121694,0.910328262610088,0.8125656517514733,0.8458757343269275,0.758572639680209,10629.631744430357,0.0,3038.4367569090955,702.4002072159677,0.0,70.19047619047619,0.8624641833810889,12.208333333333343,3.0,0.0,0.9167333867093675,0.7547692307692307,13.593846153846155,0.9196690685882039,0.7132307692307692,13.108615384615385
T Tool changing at every brake setup (upper bound),29,year,5191,9.208333333333314,17.208333333333343,188.41132075471697,0.9138894240030823,0.8169141460205892,0.8450926693016092,0.7390839477396547,14335.56343049924,0.0,4121.962088505422,1013.0002863615631,0.0,52.714285714285715,0.8681948424068768,11.208333333333343,5.0,0.0,0.9123482951261799,0.7905585106382979,14.483599290780141,0.9131188595646311,0.7247340425531915,13.234264184397164
T Tool changing at every brake setup (upper bound),29,Q2 to Q4,3736,8.208333333333314,15.208333333333314,178.8095238095238,0.9218415417558886,0.8032335450128726,0.8296363574775848,0.7393166385501387,10507.5531679889,0.0,3032.0457433188767,742.4915836500018,0.0,52.714285714285715,0.8681948424068768,11.208333333333343,3.0,0.0,0.9277301927194861,0.7536231884057971,13.509713228492137,0.930406852248394,0.7113783533765032,13.122725871106999
T Tool changing at every brake setup (upper bound),30,year,5221,8.208333333333314,17.208333333333314,183.69056603773586,0.9187895039264509,0.8131254506315182,0.8447679826179335,0.736304988156723,14243.057747623618,0.0,4108.907633165632,976.6417592902067,0.0,58.285714285714285,0.8739255014326648,11.208333333333343,3.0,0.0,0.913426546638575,0.651819184123484,14.032855567805953,0.9145757517716913,0.7164277839029769,13.142668136714443
T Tool changing at every brake setup (upper bound),30,Q2 to Q4,3757,8.208333333333314,15.208333333333314,174.28571428571428,0.9236092627096087,0.8015496137422138,0.8560722212855374,0.7439935272147614,10485.524708809693,0.0,3036.4891813671984,728.5492122547225,0.0,58.285714285714285,0.8739255014326648,11.208333333333343,3.0,0.0,0.9278679797710939,0.5662983425414365,13.051258440761202,0.9329252062816077,0.7124002455494168,13.114180478821362
N No-capital package + tool changer on B3,1,year,5202,9.208333333333314,18.208333333333314,190.2301886792453,0.9121491733948481,0.8651836377738802,0.40216145793133773,0.7421319778790414,15338.350443365047,0.0,5188.62740117109,931.5724008734323,1992.0,41.38095238095238,0.8767908309455588,11.208333333333343,16.0,4.0,0.906958861976163,0.5693737552555875,14.38327063509626,0.9173394848135332,0.7528214206682895,14.023899092719628
N No-capital package + tool changer on B3,1,Q2 to Q4,3736,8.208333333333314,15.208333333333314,176.96825396825398,0.9207708779443254,0.8574653309797214,0.41426976024852236,0.7515876870640499,11271.867672749335,0.0,3836.67440865385,685.5484225481443,1488.0,41.38095238095238,0.8767908309455588,11.208333333333343,7.0,0.0,0.9250535331905781,0.4424915201973481,13.173604687018193,0.930406852248394,0.713845205057046,13.109774899784151
N No-capital package + tool changer on B3,2,year,5255,9.208333333333314,19.208333333333314,195.4452830188679,0.9014272121788772,0.8721277509273492,0.411451101686788,0.7382063449395352,15534.717421543342,0.0,5283.578927071621,929.6356236766338,1992.0,72.14285714285714,0.8481375358166189,12.208333333333343,19.0,40.0,0.8968601332064701,0.7942719720157412,15.125929164844775,0.9132254995242626,0.7520769567118496,14.419326628771316
N No-capital package + tool changer on B3,2,Q2 to Q4,3745,8.208333333333314,15.208333333333314,177.62433862433863,0.9225634178905207,0.8560783626765944,0.42280093431557514,0.7486456476151541,11281.029696061676,0.0,3862.6232494094343,702.8857460491838,1488.0,72.14285714285714,0.8481375358166189,12.208333333333343,9.0,0.0,0.9271028037383178,0.7566153846153846,13.804615384615385,0.9316421895861148,0.712,13.122769230769231
N No-capital package + tool changer on B3,3,year,5244,9.208333333333314,19.208333333333314,200.0641509433962,0.8836765827612509,0.8761772772946645,0.4072848546922874,0.7373186643200947,15592.83050355601,0.0,5364.917270254209,969.1835104467823,1992.0,70.71428571428571,0.8223495702005731,12.208333333333343,18.0,40.0,0.8909229595728452,0.8096491228070175,15.52280701754386,0.9118993135011442,0.7600877192982456,14.782236842105263
N No-capital package + tool changer on B3,3,Q2 to Q4,3751,8.208333333333314,15.208333333333314,179.34391534391534,0.9162889896027726,0.8589749833542465,0.4200820832308026,0.7429152589616299,11319.200108149482,0.0,3895.5404490836427,716.9864702566335,1488.0,70.71428571428571,0.8223495702005731,12.208333333333343,9.0,0.0,0.9285523860303919,0.7705069124423963,14.17726574500768,0.9261530258597708,0.712442396313364,13.117972350230415
N No-capital package + tool changer on B3,4,year,5215,9.208333333333314,18.208333333333343,195.4,0.8991371045062321,0.8777603170667804,0.4195438936034544,0.7479023750505293,15585.892552641812,0.0,5269.406962743286,893.9450271070226,1992.0,44.285714285714285,0.8853868194842407,12.208333333333343,17.0,16.0,0.8995206136145734,0.7375745526838966,15.001767174729402,0.9104506232023011,0.7601060304837641,14.29644356085708
N No-capital package + tool changer on B3,4,Q2 to Q4,3748,8.208333333333314,15.208333333333314,177.14814814814815,0.9180896478121665,0.8614799234542331,0.4159539091802323,0.754839827999661,11338.425444537794,0.0,3855.6338655895565,675.7178950894387,1488.0,44.285714285714285,0.8853868194842407,12.208333333333343,8.0,0.0,0.926093916755603,0.6783517835178352,13.78690036900369,0.9276947705442903,0.7115621156211562,13.128536285362854
N No-capital package + tool changer on B3,5,year,5228,9.208333333333314,18.208333333333343,194.3924528301887,0.8999617444529456,0.8746394822552657,0.4146525981988081,0.7356483768044029,15568.961794586037,0.0,5256.411035556255,895.093813047922,1992.0,65.85714285714286,0.8681948424068768,12.208333333333343,20.0,12.0,0.8993879112471308,0.74592690444738,14.894099515631881,0.909716908951798,0.7525319242624394,14.149933949801849
N No-capital package + tool changer on B3,5,Q2 to Q4,3721,8.208333333333314,15.208333333333314,179.1005291005291,0.9153453372749261,0.8660082469089981,0.4263039234856298,0.7381996508295228,11425.737539477002,0.0,3836.379031379412,650.1434418425094,1488.0,65.85714285714286,0.8681948424068768,12.208333333333343,10.0,0.0,0.9271701155603332,0.6873449131513648,13.61786600496278,0.9260951357162053,0.716501240694789,13.086228287841191
N No-capital package + tool changer on B3,6,year,5248,9.208333333333314,19.208333333333343,203.10188679245283,0.8862423780487805,0.883213930305744,0.41104956834920153,0.7541321492988875,15728.656396921153,0.0,5297.30779217033,923.1030583840727,1992.0,75.19047619047619,0.8166189111747851,13.208333333333343,19.0,36.0,0.8891006097560976,0.8160718195752135,15.621633457411868,0.9066310975609756,0.7637398730019707,14.650974381432013
N No-capital package + tool changer on B3,6,Q2 to Q4,3740,8.208333333333314,15.208333333333314,179.03174603174602,0.9187165775401069,0.8647018411715255,0.41622196657773225,0.7615910744260663,11408.501388285942,0.0,3863.934806825172,694.1015795776831,1488.0,75.19047619047619,0.8166189111747851,13.208333333333343,10.0,0.0,0.9288770053475935,0.7867692307692308,14.335384615384616,0.9286096256684492,0.7147692307692308,13.099384615384615
N No-capital package + tool changer on B3,7,year,5253,9.208333333333314,19.208333333333314,195.00754716981132,0.8922520464496478,0.874825455365217,0.4242055880299819,0.7355222841337468,15565.273592888598,0.0,5275.9747204248515,891.696786305406,1992.0,76.38095238095238,0.836676217765043,13.208333333333343,19.0,20.0,0.89130020940415,0.6787666739558277,15.060135578394927,0.9036740909956216,0.7526787666739558,14.191121801880604
N No-capital package + tool changer on B3,7,Q2 to Q4,3746,8.208333333333314,15.208333333333314,177.1058201058201,0.9156433529097704,0.8601115023850082,0.4398516925223531,0.7327744604934563,11347.93844748344,0.0,3833.76510168257,655.9097953741214,1488.0,76.38095238095238,0.836676217765043,13.208333333333343,10.0,0.0,0.9223171382808328,0.5897199138196368,13.602031394275162,0.9236518953550453,0.7159125884887658,13.105570944906125
N No-capital package + tool changer on B3,8,year,5228,9.208333333333314,19.208333333333314,195.81509433962265,0.891354246365723,0.8753686444874547,0.4222116132003584,0.7397539587698339,15550.427927087754,0.0,5328.672223393982,928.5717536104928,1992.0,74.0,0.836676217765043,12.208333333333343,18.0,8.0,0.8915455241009946,0.6273387629319833,14.968082764692934,0.8993879112471308,0.737178076161127,13.828087167070217
N No-capital package + tool changer on B3,8,Q2 to Q4,3740,8.208333333333314,15.208333333333314,176.11640211640213,0.9200534759358289,0.8608232174430003,0.43467474149198954,0.7385245387311727,11329.782164590553,0.0,3899.551867481142,701.5611022820294,1488.0,74.0,0.836676217765043,12.208333333333343,8.0,0.0,0.9272727272727272,0.5226502311248074,13.569183359013868,0.9310160427807487,0.7121725731895223,13.120493066255777
N No-capital package + tool changer on B3,9,year,5249,9.208333333333314,18.208333333333343,195.3245283018868,0.8986473614021718,0.8756613953140855,0.4224744485143609,0.7385028321010232,15622.178745674586,0.0,5351.366795316661,942.7913022820587,1992.0,73.0,0.8653295128939829,12.208333333333343,22.0,20.0,0.8955991617450944,0.7377875136911282,15.046440306681271,0.9056963231091637,0.7447973713033954,14.0
N No-capital package + tool changer on B3,9,Q2 to Q4,3766,8.208333333333314,15.208333333333314,177.0,0.9198088157195964,0.8609181027392662,0.4376426249971521,0.7416370290901287,11386.129762318356,0.0,3911.629255937686,696.3567257802058,1488.0,73.0,0.8653295128939829,12.208333333333343,12.0,0.0,0.9245884227296867,0.6738066095471236,13.755813953488373,0.9298990971853426,0.7126682986536108,13.116279069767442
N No-capital package + tool changer on B3,10,year,5233,9.208333333333314,18.208333333333314,194.25283018867924,0.9013949933116759,0.8773232156265897,0.4046504280100406,0.7475183339071003,15634.279875859263,0.0,5281.697674160221,925.5685866749251,1992.0,69.23809523809524,0.8624641833810889,11.208333333333343,21.0,16.0,0.9017771832600803,0.7393886078733231,14.855509126896855,0.9080833174087521,0.7508247195953376,14.237299318231802
N No-capital package + tool changer on B3,10,Q2 to Q4,3740,8.208333333333314,15.208333333333314,179.79365079365078,0.9117647058823529,0.8651696143089872,0.4090572503431731,0.7536742118409693,11442.358412017806,0.0,3864.1183398031158,695.194173539574,1488.0,69.23809523809524,0.8624641833810889,11.208333333333343,12.0,0.0,0.9219251336898395,0.6786925686093124,13.740980573543016,0.9213903743315508,0.7126117792167745,13.132284921369102
N No-capital package + tool changer on B3,11,year,5209,9.208333333333314,19.208333333333314,197.6754716981132,0.9017085813015934,0.8754081576776891,0.40539384992296096,0.7403332867178842,15554.63148915217,0.0,5210.799635608254,967.338383700955,1992.0,46.904761904761905,0.8595988538681948,11.208333333333343,18.0,12.0,0.8961412939143789,0.6866990720282811,15.032920901458242,0.9078517949702438,0.7558550596553247,14.249668581528944
N No-capital package + tool changer on B3,11,Q2 to Q4,3715,8.208333333333314,15.208333333333314,178.43915343915344,0.9254374158815613,0.8585924704477913,0.4179622583807498,0.7429262752987054,11314.159518823808,0.0,3803.5875054135627,712.423773768529,1488.0,46.904761904761905,0.8595988538681948,11.208333333333343,9.0,0.0,0.928129205921938,0.6014290152221187,13.81081081081081,0.931628532974428,0.714196955576266,13.11214662938801
N No-capital package + tool changer on B3,12,year,5241,9.208333333333314,19.208333333333314,196.6,0.8990650639190995,0.87109851528298,0.4103166642285383,0.7493854164985471,15478.055895571275,0.0,5313.798219506045,946.2354651372458,1992.0,70.0952380952381,0.8252148997134671,13.208333333333343,17.0,28.0,0.8996374737645487,0.7468715697036223,15.02656421514819,0.915092539591681,0.7626783754116355,14.505378704720087
N No-capital package + tool changer on B3,12,Q2 to Q4,3742,8.208333333333314,15.208333333333314,179.0899470899471,0.9219668626402993,0.8552254225271039,0.41870014444915293,0.7608409119459274,11256.106413618654,0.0,3840.552505717478,704.9027408040296,1488.0,70.0952380952381,0.8252148997134671,13.208333333333343,8.0,0.0,0.9323890967397114,0.6877117339082229,13.7157376039421,0.9350614644575094,0.714197720973206,13.135201724668924
N No-capital package + tool changer on B3,13,year,5251,9.208333333333314,19.208333333333314,195.58867924528303,0.9047800418967815,0.8771850563760772,0.41873518892451567,0.7379719852170052,15603.747896342089,0.0,5333.361819360457,949.0152038562471,1992.0,70.04761904761905,0.8452722063037249,12.208333333333343,19.0,16.0,0.9026852028185107,0.7996057818659659,15.1329391151993,0.9192534755284708,0.7575558475689882,14.631625054752519
N No-capital package + tool changer on B3,13,Q2 to Q4,3733,8.208333333333314,15.208333333333314,177.61904761904762,0.9252611840342888,0.8653545353616008,0.42918920926299053,0.7486499783283307,11417.112752595645,0.0,3912.125463250751,687.2575363463206,1488.0,70.04761904761905,0.8452722063037249,12.208333333333343,10.0,0.0,0.9330297347977498,0.7641421947449768,13.760123647604328,0.9354406643450308,0.7131375579598145,13.10726429675425
N No-capital package + tool changer on B3,14,year,5241,9.208333333333314,19.208333333333314,195.7245283018868,0.8975386376645679,0.8718488705473411,0.40889230809605037,0.7538704238132012,15484.413742098011,0.0,5260.366643117765,879.9629775113941,1992.0,73.61904761904762,0.8510028653295129,13.208333333333343,17.0,20.0,0.8965846212554855,0.6485419864064899,15.032449024336769,0.9042167525281435,0.7474238105678579,13.982240736680552
N No-capital package + tool changer on B3,14,Q2 to Q4,3763,8.208333333333314,15.208333333333314,176.57671957671957,0.9208078660643104,0.8570685510948799,0.4248538641974454,0.7580691432582713,11280.364873138677,0.0,3875.257905824718,671.1149914741645,1488.0,73.61904761904762,0.8510028653295129,13.208333333333343,8.0,0.0,0.9271857560457082,0.5559975520195839,13.703794369645044,0.931703428115865,0.7117503059975521,13.12454100367197
N No-capital package + tool changer on B3,15,year,5222,9.208333333333314,18.208333333333314,193.60377358490567,0.9019532746074301,0.8712420453992771,0.40753107317046433,0.7359591175008243,15501.516009963609,0.0,5290.65630163324,905.601136788652,1992.0,61.61904761904762,0.8595988538681948,11.208333333333343,19.0,20.0,0.9021447721179625,0.7669239250275633,14.915325248070562,0.9178475679816163,0.7512679162072767,14.389856670341786
N No-capital package + tool changer on B3,15,Q2 to Q4,3745,8.208333333333314,15.208333333333314,178.0,0.9180240320427236,0.8565537402894492,0.42265983888684655,0.744291800306459,11287.294016246911,0.0,3876.0207296448953,690.2215504844512,1488.0,61.61904761904762,0.8595988538681948,11.208333333333343,9.0,0.0,0.9276368491321763,0.716661533723437,13.747151216507545,0.9300400534045394,0.7151216507545427,13.09578072066523
N No-capital package + tool changer on B3,16,year,5241,9.208333333333314,18.208333333333343,195.44905660377358,0.8946765884373211,0.8631052420103422,0.4126546047511961,0.7381937903187418,15408.528792640165,0.0,5202.829187489581,866.8749887787452,1992.0,63.0,0.7851002865329513,13.208333333333343,22.0,32.0,0.8952489982827705,0.637999122422115,15.134488810881965,0.9162373592825797,0.7602018429135585,14.788503729706012
N No-capital package + tool changer on B3,16,Q2 to Q4,3745,8.208333333333314,15.208333333333314,177.53439153439155,0.9204272363150868,0.8473227701103173,0.4246844453275254,0.7538137124025577,11206.323784278684,0.0,3818.2852917378927,651.5238021921953,1488.0,63.0,0.7851002865329513,13.208333333333343,12.0,0.0,0.92630173564753,0.5229301323484149,13.670052323791936,0.9271028037383178,0.7143736534318251,13.101261926746691
N No-capital package + tool changer on B3,17,year,5231,9.208333333333314,19.208333333333314,195.6867924528302,0.8923723953355,0.8790756798028637,0.4073972909548829,0.738625170207302,15591.667189778169,0.0,5324.074749854087,894.0794319762323,1992.0,60.714285714285715,0.839541547277937,12.208333333333343,16.0,12.0,0.8948575798126553,0.7471390845070423,15.01650528169014,0.9032689734276429,0.7508802816901409,14.025088028169014
N No-capital package + tool changer on B3,17,Q2 to Q4,3739,8.208333333333314,15.208333333333314,178.31746031746033,0.9149505215298208,0.8694053947894715,0.4123267276893774,0.7385832049649211,11428.82657756466,0.0,3883.7485218639576,657.7215108543846,1488.0,60.714285714285715,0.839541547277937,12.208333333333343,7.0,0.0,0.9253811179459749,0.68711467324291,13.731812577065352,0.9267183738967638,0.7136251541307028,13.1057336621455
N No-capital package + tool changer on B3,18,year,5233,9.208333333333314,19.208333333333314,200.22641509433961,0.8899292948595452,0.8754980093010988,0.4064437667216972,0.7435069854050376,15563.231995807027,0.0,5225.625501358364,918.3213569723532,1992.0,49.57142857142857,0.8510028653295129,12.208333333333343,18.0,20.0,0.891840244601567,0.7425807869861508,15.315893602989668,0.914389451557424,0.7643438118267751,14.711365135194548
N No-capital package + tool changer on B3,18,Q2 to Q4,3746,8.208333333333314,15.208333333333314,180.11640211640213,0.9225840896956754,0.8571751416489094,0.42113801001967494,0.7524807230966664,11295.482574087955,0.0,3786.6257435362627,673.9963261129934,1488.0,49.57142857142857,0.8510028653295129,12.208333333333343,9.0,0.0,0.9295248264815803,0.6811326562019083,14.00492459218221,0.9305926321409503,0.7134502923976608,13.126500461680518
N No-capital package + tool changer on B3,19,year,5273,9.208333333333314,19.208333333333314,200.49433962264152,0.8848852645552816,0.8789705935276287,0.4177907816108682,0.7504552580824259,15617.9303930561,0.0,5364.2085666839175,951.251738804621,1992.0,77.85714285714286,0.833810888252149,13.208333333333343,17.0,28.0,0.887350654276503,0.7911488990625681,15.479834314366688,0.9055566091409065,0.7540876389797253,14.490734684979289
N No-capital package + tool changer on B3,19,Q2 to Q4,3764,8.208333333333314,15.208333333333314,176.74603174603175,0.922422954303932,0.8632789536529694,0.4192190655411871,0.7575073778065006,11362.103500433808,0.0,3929.719417694955,703.4455285729949,1488.0,77.85714285714286,0.833810888252149,13.208333333333343,8.0,0.0,0.9290648246546227,0.7523751149249157,14.14097456328532,0.9311902231668437,0.7131474103585658,13.10971498620901
N No-capital package + tool changer on B3,20,year,5232,9.208333333333314,18.208333333333314,192.22264150943397,0.9086391437308868,0.8823959282909059,0.4097831190258538,0.7467574769492713,15685.852392868066,0.0,5283.663075783194,975.6107834365346,1992.0,57.38095238095238,0.8653295128939829,11.208333333333343,18.0,20.0,0.9095948012232415,0.7957343887423043,14.805408970976254,0.9137996941896025,0.75,13.943711521547932
N No-capital package + tool changer on B3,20,Q2 to Q4,3763,8.208333333333314,15.208333333333314,177.010582010582,0.9202763752325273,0.8737922543696104,0.42408356306435774,0.7526950778921702,11500.475008702593,0.0,3920.1717774049666,746.9627626245638,1488.0,57.38095238095238,0.8653295128939829,11.208333333333343,8.0,0.0,0.9327664097794313,0.7616279069767442,13.725826193390454,0.9327664097794313,0.7111383108935129,13.130048959608324
N No-capital package + tool changer on B3,21,year,5254,9.208333333333314,18.208333333333343,194.21509433962265,0.894746859535592,0.8687320857145719,0.4207151315764238,0.7435313611797699,15456.857719604139,0.0,5244.389700087612,948.2365431402045,1992.0,64.71428571428571,0.8252148997134671,13.208333333333343,19.0,20.0,0.895317853064332,0.8009623797025371,15.139545056867892,0.9179672630376856,0.7622484689413823,14.772090988626422
N No-capital package + tool changer on B3,21,Q2 to Q4,3756,8.208333333333314,15.208333333333314,174.989417989418,0.9195953141640043,0.8515864591419519,0.43068929320049293,0.7519250979407582,11235.46272111996,0.0,3822.7713787622374,701.8249192968256,1488.0,64.71428571428571,0.8252148997134671,13.208333333333343,10.0,0.0,0.9251863684771033,0.7633353770692827,13.820968730839976,0.9273162939297125,0.7121397915389331,13.118638871857756
N No-capital package + tool changer on B3,22,year,5226,9.208333333333314,19.208333333333314,196.87547169811322,0.9018369690011481,0.8737078990366374,0.41847325958633647,0.741796658821802,15569.853367589125,0.0,5338.873552122518,943.627726466055,1992.0,53.38095238095238,0.8510028653295129,12.208333333333343,21.0,16.0,0.9022196708763873,0.6682819383259911,15.023348017621146,0.9135093761959434,0.7570484581497797,14.342511013215859
N No-capital package + tool changer on B3,22,Q2 to Q4,3753,8.208333333333314,15.208333333333314,176.94179894179894,0.922728483879563,0.8597118097476282,0.4192630058933643,0.7470067653557593,11356.420464981953,0.0,3907.0512333138613,713.0326802328254,1488.0,53.38095238095238,0.8510028653295129,12.208333333333343,11.0,0.0,0.9293898214761525,0.5815668202764976,13.832258064516129,0.9323208100186517,0.7139784946236559,13.104147465437787
N No-capital package + tool changer on B3,23,year,5235,9.208333333333314,18.208333333333314,188.83018867924528,0.9115568290353391,0.8723556949529152,0.40658006696663157,0.7382538408819117,15496.90458594473,0.0,5264.308656408546,994.2725368335489,1992.0,58.904761904761905,0.8739255014326648,12.208333333333343,17.0,24.0,0.9069723018147087,0.5810276679841897,14.436758893280633,0.9298949379178606,0.7602108036890646,14.554018445322793
N No-capital package + tool changer on B3,23,Q2 to Q4,3754,8.208333333333314,15.208333333333314,174.1058201058201,0.9275439531166756,0.8638891484954976,0.4170018010053646,0.7435900513044532,11370.1346205334,0.0,3868.680928642845,742.1295688781418,1488.0,58.904761904761905,0.8739255014326648,12.208333333333343,8.0,0.0,0.9323388385721897,0.4613733905579399,13.174739423666463,0.9376664890783165,0.7136725935009197,13.10790925812385
N No-capital package + tool changer on B3,24,year,5214,9.208333333333314,18.208333333333314,192.56603773584905,0.913885692366705,0.8756143921949527,0.4080754675071238,0.7484157339915031,15561.798410991982,0.0,5314.367243203801,977.9757014242755,1992.0,65.42857142857143,0.8911174785100286,11.208333333333343,18.0,16.0,0.9108170310701956,0.6895027624309392,14.719116022099447,0.9117759877253548,0.7339226519337017,13.751160220994475
N No-capital package + tool changer on B3,24,Q2 to Q4,3749,8.208333333333314,15.208333333333314,177.7883597883598,0.9223793011469725,0.8651433744926263,0.4262725539401467,0.7521396976210819,11386.642199609676,0.0,3914.770386086528,717.5050330878945,1488.0,65.42857142857143,0.8911174785100286,11.208333333333343,8.0,0.0,0.9285142704721259,0.6174930705266399,13.523252232830306,0.9311816484395838,0.714197720973206,13.10101632275947
N No-capital package + tool changer on B3,25,year,5217,9.208333333333314,18.208333333333314,192.72830188679245,0.902242668200115,0.8689835787723834,0.40755339954311776,0.7417347987325111,15437.000852863417,0.0,5323.287055570876,924.207813496976,1992.0,67.57142857142857,0.836676217765043,12.208333333333343,18.0,8.0,0.9003258577726663,0.7968681076312307,14.860829289810322,0.9078014184397163,0.7562858403176004,14.219011910013233
N No-capital package + tool changer on B3,25,Q2 to Q4,3736,8.208333333333314,15.208333333333314,179.005291005291,0.9143468950749465,0.8587323817700537,0.41432409590625896,0.7428032668174367,11302.263491492022,0.0,3902.1470313292625,673.1568867621257,1488.0,67.57142857142857,0.836676217765043,12.208333333333343,8.0,0.0,0.9229122055674518,0.7615669339913633,13.694016039481802,0.9237152034261242,0.7146822948797039,13.102097470697101
N No-capital package + tool changer on B3,26,year,5270,9.208333333333314,19.208333333333314,200.35849056603774,0.879696394686907,0.874725288486851,0.41551594468036124,0.7440513650546452,15556.493578075168,0.0,5336.6394418120435,923.4342037336812,1992.0,68.61904761904762,0.7679083094555874,13.208333333333343,18.0,28.0,0.8838709677419355,0.7848101265822784,15.425141859450022,0.9087286527514231,0.7684417285028372,14.855521606285464
N No-capital package + tool changer on B3,26,Q2 to Q4,3746,8.208333333333314,15.208333333333314,177.86243386243387,0.919113721302723,0.8609948981541204,0.4297065759035998,0.7480111057726039,11345.817670085808,0.0,3910.516555332427,681.4190902768177,1488.0,68.61904761904762,0.7679083094555874,13.208333333333343,9.0,0.0,0.9263214095034704,0.734687596183441,13.98861188057864,0.9292578750667378,0.7131425053862727,13.110803324099724
N No-capital package + tool changer on B3,27,year,5255,9.208333333333314,19.208333333333314,196.46415094339622,0.8962892483349191,0.8716562150549718,0.40824544379219063,0.7430437268539581,15526.318220252346,0.0,5281.638345372297,963.702287206108,1992.0,52.04761904761905,0.8681948424068768,12.208333333333343,20.0,24.0,0.8966698382492864,0.8014882906544102,15.153644123440579,0.9168411037107517,0.7546509082950318,14.633180126942438
N No-capital package + tool changer on B3,27,Q2 to Q4,3738,8.208333333333314,15.208333333333314,180.04761904761904,0.9157303370786517,0.8563800677284583,0.42387127322641166,0.7569268998767933,11312.409596663594,0.0,3898.793098851016,686.2516662508447,1488.0,52.04761904761905,0.8681948424068768,12.208333333333343,11.0,0.0,0.9269662921348315,0.7689697717458359,13.846391116594695,0.92776886035313,0.7143738433066008,13.097162245527452
N No-capital package + tool changer on B3,28,year,5256,9.208333333333314,18.208333333333343,194.92830188679244,0.9014459665144596,0.8757436920310506,0.4173241237073505,0.759064888161653,15602.629106158409,0.0,5298.549868891323,974.9652439481566,1992.0,69.95238095238095,0.8108882521489972,12.208333333333343,20.0,28.0,0.8991628614916286,0.6679047410967883,14.948219357657855,0.9079147640791476,0.7509285558225912,14.168450950404194
N No-capital package + tool changer on B3,28,Q2 to Q4,3745,8.208333333333314,15.208333333333314,176.4126984126984,0.9212283044058746,0.864000134879459,0.430819150537613,0.7637177089120954,11399.243379541143,0.0,3872.408106823369,715.8046405479238,1488.0,69.95238095238095,0.8108882521489972,12.208333333333343,10.0,0.0,0.9271028037383178,0.5787207872078721,13.559655596555965,0.931909212283044,0.7127921279212792,13.114391143911439
N No-capital package + tool changer on B3,29,year,5241,9.208333333333314,18.208333333333343,193.96603773584906,0.9009730967372639,0.8692756900413715,0.41666911396502226,0.736999959451957,15480.438174389094,0.0,5212.874294749679,941.2470077730635,1992.0,59.38095238095238,0.828080229226361,13.208333333333343,20.0,20.0,0.8992558672009159,0.6144393241167435,14.896423085363178,0.9198626216370922,0.7553214834320825,14.458415624314242
N No-capital package + tool changer on B3,29,Q2 to Q4,3754,8.208333333333314,15.208333333333314,177.1005291005291,0.9190197123068726,0.8579548127923854,0.434353059639498,0.7397131348448859,11333.211296568543,0.0,3823.301703470373,709.6694732851522,1488.0,59.38095238095238,0.828080229226361,13.208333333333343,11.0,0.0,0.9286094832179009,0.5044546850998464,13.491244239631337,0.9296750133191263,0.7112135176651305,13.12442396313364
N No-capital package + tool changer on B3,30,year,5210,9.208333333333314,18.208333333333318,193.4566037735849,0.9036468330134357,0.8735869929736751,0.40612263724246567,0.7360874432515178,15550.227029295038,0.0,5317.731628658803,920.0217137174105,1992.0,60.714285714285715,0.8424068767908309,11.208333333333343,20.0,12.0,0.9021113243761996,0.571302233031174,14.663276586336503,0.9101727447216891,0.7497236347556931,13.934998894539023
N No-capital package + tool changer on B3,30,Q2 to Q4,3723,8.208333333333314,15.208333333333314,179.23280423280423,0.9175396185871609,0.8616819886160463,0.42176940246458683,0.7430049874600743,11382.44567408958,0.0,3838.1062235463437,676.028674088573,1488.0,60.714285714285715,0.8424068767908309,11.208333333333343,11.0,0.0,0.9237174321783508,0.44275519702140864,13.349674216568415,0.9266720386784851,0.7157927396835246,13.098665839280173
N No-capital package + laser tower on L2,1,year,5216,9.208333333333314,18.20833333333333,194.53584905660378,0.9024156441717791,0.8980748244568614,0.41645122649189403,0.6310142493718022,15953.790347408947,0.0,5774.852542498307,1354.3489090310325,1992.0,38.714285714285715,0.8825214899713467,12.208333333333343,17.0,24.0,0.9022239263803681,0.7955898566703418,14.857993384785006,0.9217791411042945,0.7578831312017641,14.414994487320838
N No-capital package + laser tower on L2,1,Q2 to Q4,3746,8.208333333333314,15.208333333333314,180.02116402116403,0.9255205552589428,0.8913836507016116,0.4188376006489611,0.6388380803599844,11732.005344285984,0.0,4183.108958283813,986.1890398030644,1488.0,38.714285714285715,0.8825214899713467,12.208333333333343,8.0,0.0,0.9332621462893753,0.762534604737004,13.801291910181483,0.9343299519487454,0.7145493694247924,13.101507228545064
N No-capital package + laser tower on L2,2,year,5249,9.208333333333314,19.208333333333343,200.5433962264151,0.8862640502952943,0.8954208580470161,0.41516697731736457,0.6513076446865226,15942.460972374227,0.0,5751.693832282069,1293.0274912066202,1992.0,22.523809523809526,0.8194842406876791,12.208333333333343,19.0,32.0,0.8893122499523719,0.6406660823838738,15.370727432077125,0.9239855210516289,0.7811130587204207,15.448729184925504
N No-capital package + laser tower on L2,2,Q2 to Q4,3734,8.208333333333314,15.208333333333314,176.85714285714286,0.9161756829137654,0.8781627442953251,0.432488754036215,0.6625948864919741,11586.098711043334,0.0,4205.983706566655,949.033100439628,1488.0,22.523809523809526,0.8194842406876791,12.208333333333343,10.0,0.0,0.9252811997857525,0.5360569483132157,14.068090374497059,0.9260846277450455,0.7099969049829774,13.15567935623646
N No-capital package + laser tower on L2,3,year,5233,9.208333333333314,20.208333333333314,205.27169811320755,0.8731129371297535,0.9059657193481552,0.4235266401462324,0.6466385892634529,16130.206252419603,0.0,5888.2291772531125,1393.1324902455701,1992.0,59.285714285714285,0.8452722063037249,12.208333333333343,19.0,32.0,0.8807567360978407,0.573784913129536,15.517923905872003,0.9120963118669979,0.7734770178139433,15.306795689465583
N No-capital package + laser tower on L2,3,Q2 to Q4,3751,8.208333333333314,15.208333333333314,180.005291005291,0.9125566515595841,0.8898238474009033,0.4389478334384335,0.6559185287932472,11739.950252273653,0.0,4296.135694437461,1026.8794069752735,1488.0,59.285714285714285,0.8452722063037249,12.208333333333343,10.0,0.0,0.9248200479872034,0.44872189713581767,14.146596858638743,0.9237536656891495,0.7182014166923314,13.170003079765937
N No-capital package + laser tower on L2,4,year,5226,9.208333333333314,18.208333333333314,193.96226415094338,0.9050899349406812,0.8953361610207901,0.41848722427059837,0.6463035618429582,15955.278368393585,0.0,5765.682891999887,1400.6626137871979,1992.0,26.19047619047619,0.8796561604584527,11.208333333333343,21.0,16.0,0.9018369690011481,0.753412593571114,14.95442536327609,0.9209720627631075,0.7575957727873184,14.715763980625276
N No-capital package + laser tower on L2,4,Q2 to Q4,3748,8.208333333333314,15.208333333333314,175.23280423280423,0.9258271077908218,0.8863445073205033,0.423937673103992,0.65561807693264,11694.04534696689,0.0,4255.1432871052475,1071.0435794706466,1488.0,26.19047619047619,0.8796561604584527,11.208333333333343,10.0,0.0,0.9316969050160085,0.6994468346650277,13.725568531038721,0.9324973319103522,0.7135832821143209,13.101413644744929
N No-capital package + laser tower on L2,5,year,5240,9.208333333333314,19.208333333333314,197.23396226415093,0.8944656488549618,0.8950648715373016,0.40862478174253963,0.6404963145989181,15979.085948128239,0.0,5820.314793497815,1281.116808717848,1992.0,27.428571428571427,0.8538681948424068,11.208333333333343,21.0,48.0,0.8946564885496183,0.6572306341891595,15.013605442176871,0.9213740458015267,0.7698046960719772,14.989686197059468
N No-capital package + laser tower on L2,5,Q2 to Q4,3735,8.208333333333314,15.208333333333314,177.74603174603175,0.9202141900937082,0.8785654548108769,0.41418083878534284,0.646524767712684,11619.525993631582,0.0,4255.068704655141,940.3371013543917,1488.0,27.428571428571427,0.8538681948424068,11.208333333333343,12.0,0.0,0.9263721552878179,0.5652576365319346,13.759642085775996,0.9287817938420349,0.7124344338167232,13.117556309780932
N No-capital package + laser tower on L2,6,year,5273,9.208333333333314,20.208333333333343,209.17735849056604,0.8581452683481889,0.9107673760233597,0.4107782838088473,0.6414891752672585,16212.053959078743,0.0,6001.7643378125495,1379.0341913174277,1992.0,38.285714285714285,0.7020057306590258,13.208333333333343,18.0,44.0,0.8693343447752703,0.7712603576101178,16.101177496729175,0.9142802958467665,0.7965547317924117,15.82795464457043
N No-capital package + laser tower on L2,6,Q2 to Q4,3740,8.208333333333314,15.208333333333314,178.79365079365078,0.9168449197860963,0.8969883197730659,0.4196017791533093,0.646731085395156,11805.771569914534,0.0,4387.0345170323235,1007.8769735265148,1488.0,38.285714285714285,0.7020057306590258,13.208333333333343,8.0,0.0,0.9294117647058824,0.7219993829065103,14.652884912064177,0.9275401069518716,0.7170626349892009,13.170009256402345
N No-capital package + laser tower on L2,7,year,5255,9.208333333333314,21.208333333333314,212.66792452830188,0.8645099904852521,0.9080721679873212,0.4044521830701029,0.6335696881556084,16153.181222097928,0.0,5776.750191849495,1285.7594677527716,1992.0,59.61904761904762,0.7277936962750716,13.208333333333343,17.0,48.0,0.880685061845861,0.8057317873550646,16.461168234521985,0.913035204567079,0.7967621964559177,15.931087289433384
N No-capital package + laser tower on L2,7,Q2 to Q4,3751,8.208333333333314,16.208333333333314,182.60846560846562,0.9157557984537457,0.891295195649731,0.41591288153162764,0.645040477069716,11716.580414093258,0.0,4168.032629301162,952.5902108147645,1488.0,59.61904761904762,0.7277936962750716,13.208333333333343,7.0,0.0,0.9298853639029592,0.7580694743313864,15.127574546572395,0.9266862170087976,0.7181063633569014,13.197663695050723
N No-capital package + laser tower on L2,8,year,5222,9.208333333333314,20.208333333333314,208.26415094339623,0.8722711604749138,0.9058650767090154,0.418617301179985,0.6424388367746744,16153.7785894084,0.0,5920.333429129326,1371.969444170899,1992.0,54.04761904761905,0.8595988538681948,12.208333333333343,20.0,44.0,0.87763309076982,0.741907068927549,15.822285840123321,0.9111451551129836,0.7899141158335169,15.768112750495485
N No-capital package + laser tower on L2,8,Q2 to Q4,3745,8.208333333333314,15.208333333333314,180.22222222222223,0.9145527369826435,0.8889347542960717,0.43091832962008486,0.6604489194058538,11728.219943122183,0.0,4329.722450638894,1007.566931350008,1488.0,54.04761904761905,0.8595988538681948,12.208333333333343,10.0,0.0,0.9244325767690253,0.6816502463054187,14.643472906403941,0.9214953271028037,0.7170566502463054,13.13423645320197
N No-capital package + laser tower on L2,9,year,5215,9.208333333333314,19.208333333333343,206.0566037735849,0.888398849472675,0.9139403240252899,0.40765238665616677,0.6368876751461146,16261.222285865033,0.0,5930.537319898657,1348.2494342465964,1992.0,51.04761904761905,0.8939828080229226,12.208333333333343,18.0,36.0,0.8935762224352828,0.8216180371352785,15.677055702917771,0.9165867689357622,0.7897877984084881,15.176613616268789
N No-capital package + laser tower on L2,9,Q2 to Q4,3747,8.208333333333314,15.208333333333314,181.62962962962962,0.9239391513210569,0.8987810349642568,0.41498128224309877,0.6481912350960286,11843.747006977166,0.0,4350.856088194791,994.2565815390064,1488.0,51.04761904761905,0.8939828080229226,12.208333333333343,9.0,0.0,0.9346143581531893,0.7828096118299446,14.571780653111523,0.9343474779823859,0.7174984596426371,13.12969808995687
N No-capital package + laser tower on L2,10,year,5234,9.208333333333314,19.208333333333314,195.27169811320755,0.9031333588077952,0.8954923366203272,0.418609250185183,0.6451929127955588,15932.987699828062,0.0,5748.501971383,1340.5080676383486,1992.0,40.333333333333336,0.8538681948424068,12.208333333333343,18.0,36.0,0.9023691249522354,0.7800263968323801,15.022437307523097,0.9245319067634696,0.7622085349758029,14.826660800703916
N No-capital package + laser tower on L2,10,Q2 to Q4,3745,8.208333333333314,15.208333333333314,179.34391534391534,0.9196261682242991,0.8873516700065273,0.4275895351124121,0.6556002234926728,11693.135788289022,0.0,4196.506318819058,1000.3027301087775,1488.0,40.333333333333336,0.8538681948424068,12.208333333333343,9.0,0.0,0.9279038718291055,0.7345241761626117,13.769325531259625,0.9297730307076102,0.7135817677856483,13.108099784416384
N No-capital package + laser tower on L2,11,year,5228,9.208333333333314,19.208333333333314,196.79622641509434,0.8982402448355011,0.8965000300691026,0.41152505611681733,0.6467212876807279,16004.70702013998,0.0,5811.739636326209,1291.0610831493364,1992.0,27.61904761904762,0.8194842406876791,11.208333333333343,22.0,32.0,0.8955623565416986,0.7192866578599736,15.007705856450903,0.9236801836266259,0.7688243064729194,15.06693086745927
N No-capital package + laser tower on L2,11,Q2 to Q4,3739,8.208333333333314,15.208333333333314,179.73015873015873,0.9235089596148703,0.885582739807441,0.4249904183060393,0.6550049409255846,11698.16424033572,0.0,4289.24458728663,982.518416140137,1488.0,27.61904761904762,0.8194842406876791,11.208333333333343,11.0,0.0,0.9285905322278684,0.6506172839506172,13.783950617283951,0.9301952393688152,0.7154320987654321,13.131481481481481
N No-capital package + laser tower on L2,12,year,5253,9.208333333333314,20.208333333333314,207.00754716981132,0.8701694269940986,0.9034970012514926,0.40530796409123654,0.6411393410464555,16086.25212564878,0.0,5850.19351821662,1339.1957001064911,1992.0,52.38095238095238,0.7879656160458453,12.208333333333343,18.0,48.0,0.8783552255853798,0.8009188361408882,15.817764165390505,0.9131924614505996,0.7783854736381536,15.387880113760666
N No-capital package + laser tower on L2,12,Q2 to Q4,3749,8.208333333333314,15.208333333333314,180.14285714285714,0.9173112830088024,0.8903093626083106,0.4135555324824305,0.6478475583024157,11732.11097972853,0.0,4231.629662476089,975.0221352221515,1488.0,52.38095238095238,0.7879656160458453,12.208333333333343,9.0,0.0,0.9298479594558549,0.7639656230816452,14.529465930018416,0.9293144838623633,0.7130141190914672,13.113259668508288
N No-capital package + laser tower on L2,13,year,5210,9.208333333333314,19.208333333333314,196.2377358490566,0.89021113243762,0.9012491231431707,0.4070416421788142,0.6290216062949903,16031.809943757415,0.0,5781.282324751174,1333.442190864159,1992.0,35.76190476190476,0.8137535816618912,12.208333333333343,18.0,32.0,0.8896353166986565,0.7848464766953832,15.02739120830572,0.918042226487524,0.7645239673072675,14.97260879169428
N No-capital package + laser tower on L2,13,Q2 to Q4,3711,8.208333333333314,15.208333333333314,178.16931216931218,0.9132309350579358,0.8895902787906346,0.4172694847452497,0.6373504451938427,11722.635204782182,0.0,4249.807751814836,985.3221585728118,1488.0,35.76190476190476,0.8137535816618912,12.208333333333343,9.0,0.0,0.9183508488278093,0.7392657125077785,13.682949595519602,0.9218539477229857,0.7149968886123211,13.146857498444307
N No-capital package + laser tower on L2,14,year,5218,9.208333333333314,20.208333333333314,205.88679245283018,0.8798390187811422,0.9007510461755421,0.4032930220821907,0.6439006317802011,16033.75894737799,0.0,5751.70456046931,1360.930188539975,1992.0,28.666666666666668,0.8595988538681948,11.208333333333343,19.0,28.0,0.8800306630893062,0.8174795850805562,15.662105495475613,0.9135684170180146,0.7874641359523284,15.358640476715957
N No-capital package + laser tower on L2,14,Q2 to Q4,3734,8.208333333333314,15.208333333333314,181.2804232804233,0.9153722549544724,0.8877900408004107,0.41162826054445917,0.6587078655874123,11713.117089302947,0.0,4209.963776177015,1016.0021882586913,1488.0,28.666666666666668,0.8595988538681948,11.208333333333343,10.0,0.0,0.9244777718264595,0.7888064316635746,14.479901051329623,0.9226031065881093,0.7183055040197898,13.200061842918986
N No-capital package + laser tower on L2,15,year,5235,9.208333333333314,20.208333333333314,205.0566037735849,0.8760267430754537,0.902011295164903,0.4154103987823131,0.6418210018774785,16077.840196580466,0.0,5812.611952922458,1280.8361466312415,1992.0,60.333333333333336,0.7965616045845272,13.208333333333343,21.0,20.0,0.8850047755491881,0.8173435784851811,15.768386388583973,0.9140401146131805,0.7734357848518112,15.136553238199781
N No-capital package + laser tower on L2,15,Q2 to Q4,3725,8.208333333333314,15.208333333333314,181.83068783068782,0.916241610738255,0.8895786694742622,0.42753786797921745,0.6459568441908417,11765.181998376496,0.0,4253.447096042744,963.9558262815115,1488.0,60.333333333333336,0.7965616045845272,13.208333333333343,12.0,0.0,0.9264429530201342,0.7806990411382617,14.416331580575317,0.9277852348993288,0.7151252706464584,13.13888029693783
N No-capital package + laser tower on L2,16,year,5206,9.208333333333314,18.208333333333343,196.24150943396228,0.8991548213599693,0.8964714662038491,0.4047541738520285,0.6458978384007397,16011.36885736943,0.0,5773.858862815694,1344.7437696546342,1992.0,35.57142857142857,0.8424068767908309,12.208333333333343,23.0,24.0,0.8958893584325778,0.7349104576608446,15.03139509175326,0.9237418363426815,0.7698430245412337,14.903603802785762
N No-capital package + laser tower on L2,16,Q2 to Q4,3732,8.208333333333314,15.208333333333314,180.3968253968254,0.9217577706323687,0.8837473578879665,0.41540775623697324,0.6582482060089373,11702.199555964044,0.0,4223.788272597399,996.892839991207,1488.0,35.57142857142857,0.8424068767908309,12.208333333333343,13.0,0.0,0.9252411575562701,0.6715080346106304,13.805624227441285,0.9281886387995713,0.7203337453646477,13.163473423980223
N No-capital package + laser tower on L2,17,year,5239,9.208333333333314,19.208333333333314,200.49811320754716,0.8841381943118916,0.8992121018801988,0.4231724964977658,0.6392663962319834,16096.286282233039,0.0,5889.983185290273,1327.2336738664085,1992.0,47.38095238095238,0.836676217765043,12.208333333333343,24.0,48.0,0.8839473181904943,0.6712810371346957,15.325203252032521,0.9183050200419928,0.7732366512854317,15.168314656119534
N No-capital package + laser tower on L2,17,Q2 to Q4,3735,8.208333333333314,15.208333333333314,176.010582010582,0.9220883534136546,0.8849059923793796,0.42798645438265187,0.64812707899577,11745.858683580529,0.0,4338.151036792182,1017.9063049275686,1488.0,47.38095238095238,0.836676217765043,12.208333333333343,15.0,0.0,0.9271753681392235,0.5831273176761433,14.012978986402967,0.9309236947791165,0.7126081582200248,13.118355995055625
N No-capital package + laser tower on L2,18,year,5242,9.208333333333314,20.208333333333314,208.91698113207548,0.8784814956123617,0.9143402750926976,0.4127800074180509,0.6418363341201928,16290.282555170705,0.0,5829.392096121509,1313.0220424211016,1992.0,31.285714285714285,0.8022922636103151,13.208333333333343,19.0,44.0,0.8843952689813048,0.8264880298704151,15.937843180320668,0.9154902708889737,0.795080166922908,15.719305952119482
N No-capital package + laser tower on L2,18,Q2 to Q4,3765,8.208333333333314,16.208333333333314,183.43915343915344,0.9150066401062417,0.8969366757296706,0.42581923565002194,0.6495951440171558,11819.442840206126,0.0,4250.747532066118,981.7339460967104,1488.0,31.285714285714285,0.8022922636103151,13.208333333333343,9.0,0.0,0.9266932270916335,0.8015337423312884,14.844171779141105,0.9235059760956176,0.7165644171779141,13.194171779141104
N No-capital package + laser tower on L2,19,year,5225,9.208333333333314,19.208333333333314,196.5547169811321,0.8897607655502392,0.8957759915820097,0.40943397878999377,0.6522772276428948,15973.865651486747,0.0,5803.795344817113,1329.3843673289953,1992.0,27.476190476190474,0.8681948424068768,10.208333333333343,19.0,60.0,0.8911004784688995,0.7357410262056816,15.116053732658004,0.9175119617224881,0.7597445496586654,14.863906628495926
N No-capital package + laser tower on L2,19,Q2 to Q4,3747,8.208333333333314,15.208333333333314,176.005291005291,0.9196690685882039,0.8821666164267348,0.42322696887684813,0.6591104425762072,11638.924064933895,0.0,4278.12142442834,998.6542783108638,1488.0,27.476190476190474,0.8681948424068768,10.208333333333343,10.0,0.0,0.9300773952495329,0.6796923076923077,13.948923076923077,0.9303442754203363,0.712,13.127384615384615
N No-capital package + laser tower on L2,20,year,5186,9.208333333333314,19.208333333333314,203.28301886792454,0.8891245661396067,0.9021143893743983,0.4197679689897873,0.6354787581927662,16086.894707559662,0.0,5770.611996889923,1290.319268396186,1992.0,26.0,0.8538681948424068,11.208333333333343,21.0,28.0,0.8920169687620517,0.7626139142031563,15.434318737497222,0.9130350944851523,0.777283840853523,14.73460769059791
N No-capital package + laser tower on L2,20,Q2 to Q4,3734,8.208333333333314,15.208333333333314,180.2010582010582,0.9161756829137654,0.8865171580390259,0.4153714826029821,0.6377823640697786,11724.691774789015,0.0,4243.658017164632,956.5500668505098,1488.0,26.0,0.8538681948424068,11.208333333333343,12.0,0.0,0.9242099625066952,0.7138880296937828,14.320136096504795,0.9260846277450455,0.7172904423136406,13.168574079802042
N No-capital package + laser tower on L2,21,year,5211,9.208333333333314,19.208333333333314,201.73207547169812,0.8919593168297831,0.8964146068565966,0.4154105253722265,0.6325678001335923,16013.938983215876,0.0,5801.610588354208,1291.6523247205691,1992.0,43.04761904761905,0.8624641833810889,12.208333333333343,22.0,44.0,0.8936864325465361,0.8089664310954063,15.396643109540635,0.9226635962387257,0.7685512367491166,15.159893992932862
N No-capital package + laser tower on L2,21,Q2 to Q4,3724,8.208333333333314,15.208333333333314,180.62433862433863,0.9207841031149302,0.8814442268722791,0.4307117977780979,0.6464407171574554,11671.70249307775,0.0,4210.323306708031,945.4007689107066,1488.0,43.04761904761905,0.8624641833810889,12.208333333333343,13.0,0.0,0.9291084854994629,0.7734738146885652,14.195537651069104,0.9288399570354458,0.7108769755190579,13.12953207313294
N No-capital package + laser tower on L2,22,year,5253,9.208333333333314,19.208333333333343,203.1320754716981,0.8947268227679421,0.9086937616547337,0.4035235668797425,0.6379225926343586,16193.31659998407,0.0,5833.822405028963,1394.12946520982,1992.0,34.19047619047619,0.8567335243553008,12.208333333333343,20.0,32.0,0.8960593946316391,0.8186199342825848,15.555312157721795,0.9232819341328764,0.7789704271631982,15.148521358159913
N No-capital package + laser tower on L2,22,Q2 to Q4,3769,8.208333333333314,15.208333333333314,179.3015873015873,0.9246484478641549,0.8965362857831128,0.4141805511107991,0.6454594125002893,11842.855836137756,0.0,4296.220937465783,1045.2350931513251,1488.0,34.19047619047619,0.8567335243553008,12.208333333333343,11.0,0.0,0.9355266648978509,0.7908896361968817,14.429532253133598,0.9342000530644733,0.7144604096606543,13.180678691531641
N No-capital package + laser tower on L2,23,year,5205,9.208333333333314,19.208333333333314,198.4754716981132,0.8927953890489914,0.9036277105084941,0.4072080478437701,0.6347375093944494,16092.193840743148,0.0,5798.738377675985,1301.892069745699,1992.0,26.80952380952381,0.830945558739255,12.208333333333343,19.0,36.0,0.8970220941402498,0.8133569217160549,15.27266696152145,0.9179634966378483,0.7664750110570544,14.782839451570101
N No-capital package + laser tower on L2,23,Q2 to Q4,3729,8.208333333333314,15.208333333333314,180.94708994708995,0.917135961383749,0.890705676934448,0.4211940031916917,0.6474194583621328,11751.584729013111,0.0,4212.676685522365,964.0569783877061,1488.0,26.80952380952381,0.830945558739255,12.208333333333343,10.0,0.0,0.9286672030034862,0.7787062828845559,14.040544722995977,0.9286672030034862,0.7202104611575364,13.186939028164655
N No-capital package + laser tower on L2,24,year,5264,9.208333333333314,20.208333333333314,205.0943396226415,0.8761398176291794,0.9019473757217241,0.4118305020094253,0.6376373766700881,16127.209921767237,0.0,5814.49626552727,1326.9851678059292,1992.0,43.285714285714285,0.7478510028653295,13.208333333333343,22.0,60.0,0.8803191489361702,0.7316007861978598,15.870714129722646,0.9215425531914894,0.7848875300283905,15.65363616510155
N No-capital package + laser tower on L2,24,Q2 to Q4,3751,8.208333333333314,15.208333333333314,177.3968253968254,0.923487070114636,0.8827545618509511,0.42498024628754427,0.6497923059319739,11689.053381053502,0.0,4244.3994517226565,976.3122276853007,1488.0,43.285714285714285,0.7478510028653295,13.208333333333343,13.0,0.0,0.9277525993068515,0.6562308164518109,14.433701657458563,0.9301519594774726,0.7160834868017188,13.186003683241251
N No-capital package + laser tower on L2,25,year,5258,9.208333333333314,19.208333333333343,202.9056603773585,0.8868391023202739,0.9053242748035173,0.4100953890539222,0.6447517921605076,16173.105152275779,0.0,5765.260889956639,1373.9284477030435,1992.0,30.0,0.7851002865329513,12.208333333333343,22.0,44.0,0.891213389121339,0.8073474743057074,15.673737152853706,0.9220235831114493,0.7706101027771703,15.20096216925432
N No-capital package + laser tower on L2,25,Q2 to Q4,3750,8.208333333333314,15.208333333333314,180.41798941798942,0.9205333333333333,0.8896930199900359,0.421501508068713,0.6524098380701691,11780.929437066068,0.0,4183.247688042275,997.0644141850848,1488.0,30.0,0.7851002865329513,12.208333333333343,13.0,0.0,0.9301333333333334,0.7750769230769231,14.411384615384616,0.9298666666666666,0.7123076923076923,13.139076923076923
N No-capital package + laser tower on L2,26,year,5222,9.208333333333314,19.208333333333314,202.2377358490566,0.8862504787437764,0.901765589824016,0.41094271479986727,0.6338195438100417,16069.853575752886,0.0,5753.217615863146,1339.475962980618,1992.0,32.61904761904762,0.8166189111747851,12.208333333333343,19.0,48.0,0.8877824588280352,0.5799338478500551,15.303638368246968,0.9199540405974722,0.7832414553472988,15.391179713340684
N No-capital package + laser tower on L2,26,Q2 to Q4,3743,8.208333333333314,15.208333333333314,177.2962962962963,0.9190488912636923,0.8871458959610334,0.42579553216739174,0.6411538579001174,11690.424187086257,0.0,4210.480065734822,1016.7285691522643,1488.0,32.61904761904762,0.8166189111747851,12.208333333333343,9.0,0.0,0.9262623563986108,0.45420906567992597,14.036386062288004,0.9281325140261822,0.7144619179771816,13.10268270120259
N No-capital package + laser tower on L2,27,year,5217,9.208333333333314,18.208333333333314,195.75849056603772,0.9032010734138394,0.8980127192463442,0.41111719224168963,0.6456447250456372,16002.975795814858,0.0,5843.784180846198,1409.037161999865,1992.0,34.095238095238095,0.836676217765043,12.208333333333343,20.0,32.0,0.9047345217557984,0.7886142983230362,14.990732568402471,0.926394479585969,0.7627978817299206,14.835613415710503
N No-capital package + laser tower on L2,27,Q2 to Q4,3715,8.208333333333314,15.208333333333314,181.73015873015873,0.9168236877523553,0.885758990451821,0.42509690250247606,0.6492033739418026,11700.492434972703,0.0,4326.050463847804,1035.6220944789618,1488.0,34.095238095238095,0.836676217765043,12.208333333333343,11.0,0.0,0.9286675639300135,0.7403726708074534,13.731055900621119,0.9305518169582773,0.7136645962732919,13.118944099378883
N No-capital package + laser tower on L2,28,year,5209,9.208333333333314,19.208333333333314,195.5132075471698,0.8923017853714724,0.8955402561173287,0.4060007496023456,0.6432503046809034,15915.92949916148,0.0,5874.670809799713,1284.7326928266011,1992.0,32.523809523809526,0.8481375358166189,12.208333333333343,17.0,32.0,0.8938375887886351,0.6444837497236348,14.905814724740218,0.9214820502975619,0.7621047977006412,14.841919080256467
N No-capital package + laser tower on L2,28,Q2 to Q4,3718,8.208333333333314,15.208333333333314,179.16931216931218,0.9201183431952663,0.8828556871035188,0.416706908899649,0.6538032908091138,11605.638291865122,0.0,4267.632035618164,941.3065130359505,1488.0,32.523809523809526,0.8481375358166189,12.208333333333343,7.0,0.0,0.9273803119956966,0.542093817955887,13.567878223050636,0.9298009682625067,0.7135756446101273,13.1071761416589
N No-capital package + laser tower on L2,29,year,5222,9.208333333333314,19.208333333333314,198.87169811320754,0.8954423592493298,0.8944375791008835,0.40578944814387335,0.6371464414334401,15907.06549634772,0.0,5746.82585643698,1359.398732368453,1992.0,26.38095238095238,0.8510028653295129,12.208333333333343,18.0,28.0,0.8941018766756033,0.8000440917107584,15.172398589065256,0.9243584833397166,0.7660934744268078,14.833774250440918
N No-capital package + laser tower on L2,29,Q2 to Q4,3731,8.208333333333314,15.208333333333314,182.3015873015873,0.9185205038863575,0.8834462773237679,0.4187518196837137,0.6492810805562617,11641.672215852448,0.0,4228.25053974103,1000.3963966033102,1488.0,26.38095238095238,0.8510028653295129,12.208333333333343,9.0,0.0,0.926829268292683,0.7652335292298175,13.987318280235076,0.9313856874832485,0.7191463037426539,13.189916486235694
N No-capital package + laser tower on L2,30,year,5218,9.208333333333314,19.208333333333314,197.26037735849056,0.8930624760444614,0.8958454382221014,0.41156463636247553,0.640711898800616,16000.187726336624,0.0,5814.448741823641,1279.8094066580084,1992.0,41.904761904761905,0.8567335243553008,12.208333333333343,21.0,56.0,0.8944039862016098,0.7393605292171995,15.129437706725469,0.9225756995017248,0.7671444321940463,14.937375964718854
N No-capital package + laser tower on L2,30,Q2 to Q4,3744,8.208333333333314,16.208333333333314,179.24867724867724,0.9174679487179487,0.8849329243165072,0.41746023053288783,0.6542412597091546,11689.580459287197,0.0,4301.011746642128,983.3436220378807,1488.0,41.904761904761905,0.8567335243553008,12.208333333333343,11.0,0.0,0.9246794871794872,0.6765340733888375,13.936478569226026,0.9262820512820513,0.7144619179771816,13.109466543324082
N No-capital package + robotic bending cell,1,year,5204,8.208333333333314,17.208333333333314,181.21132075471698,0.9135280553420446,0.7901275747018988,0.40528228564207763,0.7270378178341028,14029.847605022616,2215.0782405177442,6000.012881065061,1261.999492975659,1992.0,61.80952380952381,0.8853868194842407,11.208333333333343,18.0,0.0,0.9102613374327441,0.6672570290015497,13.929156519814036,0.9119907763259032,0.7137480628735887,13.112464024795218
N No-capital package + robotic bending cell,1,Q2 to Q4,3769,8.208333333333314,15.208333333333314,173.4814814814815,0.915362165030512,0.7813887263787748,0.41969495435552673,0.7351570324993711,10296.802034438071,1623.473106720412,4398.93257920351,899.9491371238171,1488.0,61.80952380952381,0.8853868194842407,11.208333333333343,9.0,0.0,0.9211992570973733,0.5912564964842556,13.011617242433507,0.9259750596975325,0.7126261082237848,13.1170895750535
N No-capital package + robotic bending cell,2,year,5203,8.208333333333314,16.208333333333314,177.4566037735849,0.919277339996156,0.7893139372437586,0.42038435728623497,0.7387822059873184,14040.658351731448,2265.5011742335973,6197.540152401975,1206.2120615477843,1992.0,58.0,0.8767908309455588,10.208333333333343,20.0,0.0,0.9169709782817606,0.566622399291722,13.563081009296148,0.9158177974245627,0.715360779105799,13.101372288623285
N No-capital package + robotic bending cell,2,Q2 to Q4,3787,7.208333333333314,15.208333333333314,169.9206349206349,0.9234222339582783,0.784214015906893,0.4174868294881738,0.743415652910088,10359.127324056504,1691.598867246441,4573.803367072993,892.211669315684,1488.0,58.0,0.8767908309455588,10.208333333333343,11.0,0.0,0.9268550303670452,0.4524749468569693,12.668994837534163,0.9310800105624505,0.7133313088369269,13.110841178256909
N No-capital package + robotic bending cell,3,year,5212,8.208333333333314,17.208333333333314,182.12830188679246,0.9113584036838066,0.789996573673009,0.4054729114737697,0.7420885264748441,14040.161439165306,2173.196502270125,6108.721107614734,1260.6543909791137,1992.0,61.0,0.8681948424068768,11.208333333333343,19.0,0.0,0.9105909439754413,0.7661878453038674,13.95756906077348,0.9123177283192633,0.7133701657458563,13.11779005524862
N No-capital package + robotic bending cell,3,Q2 to Q4,3765,8.208333333333314,15.208333333333314,176.11111111111111,0.9123505976095617,0.7866093990542368,0.42065578970917034,0.7480453824629918,10365.597796663817,1598.8867763965345,4471.614439262695,932.4673006517465,1488.0,61.0,0.8681948424068768,11.208333333333343,9.0,0.0,0.9187250996015937,0.7287201469687692,13.04715248009798,0.9248339973439575,0.7127985303123087,13.114819350887936
N No-capital package + robotic bending cell,4,year,5169,8.208333333333314,17.208333333333314,181.49433962264152,0.9082994776552524,0.7846434763383742,0.40997130867363,0.7427633268239116,13957.578169280077,2178.416415448989,6031.284615254068,1214.07428150017,1992.0,49.76190476190476,0.8739255014326648,10.208333333333343,20.0,0.0,0.910040626813697,0.5031208203299153,13.682122157824342,0.9119752369897466,0.7139991083370486,13.106999554168524
N No-capital package + robotic bending cell,4,Q2 to Q4,3753,8.208333333333314,15.208333333333314,174.2116402116402,0.9187316813216094,0.7826448127253695,0.42569690071213107,0.7449833654504624,10338.398830016624,1603.8261154256395,4438.649846664703,898.1440228726844,1488.0,49.76190476190476,0.8739255014326648,10.208333333333343,11.0,0.0,0.9211297628563816,0.36028281586228095,12.756839840147556,0.9288569144684252,0.711035966799877,13.12573009529665
N No-capital package + robotic bending cell,5,year,5202,8.208333333333314,16.208333333333343,180.12830188679246,0.9165705497885429,0.794298372335711,0.40786078738670284,0.7376702965550334,14167.449964941085,2169.4893786290813,6106.075614575377,1291.8185556397025,1992.0,61.04761904761905,0.8681948424068768,11.208333333333343,23.0,0.0,0.9156093810073049,0.7459052678176185,13.757193448428508,0.9177239523260284,0.714032757857459,13.108897742363878
N No-capital package + robotic bending cell,5,Q2 to Q4,3778,8.208333333333314,15.208333333333314,175.35978835978835,0.9184753838009528,0.7943323589097107,0.42288293769433044,0.741164902160571,10518.204885993535,1586.672889679381,4543.93113761042,997.7449511295276,1488.0,61.04761904761905,0.8681948424068768,11.208333333333343,13.0,0.0,0.9232398094229751,0.6996649406031069,13.019189765458423,0.9293276866066702,0.7121535181236673,13.115443192202253
N No-capital package + robotic bending cell,6,year,5189,8.208333333333314,16.208333333333314,175.77735849056603,0.9275390248602814,0.790941662138987,0.41883268272591145,0.7314354806055571,14018.99276113833,2247.353070963369,6002.603518382043,1258.629274050229,1992.0,65.33333333333333,0.8939828080229226,11.208333333333343,16.0,0.0,0.923106571593756,0.4653487338960462,13.338294091514882,0.9252264405473116,0.7141270546423811,13.110839626832519
N No-capital package + robotic bending cell,6,Q2 to Q4,3756,7.208333333333314,14.208333333333314,172.15343915343917,0.9238551650692226,0.7862751598125247,0.43209585191113575,0.7392297465745614,10336.032531659539,1698.4283548492022,4436.791412606527,925.9514518812427,1488.0,65.33333333333333,0.8939828080229226,11.208333333333343,7.0,0.0,0.9233226837060703,0.30979428922321156,12.439668406509057,0.9297124600638977,0.7147681915873503,13.095793675161191
N No-capital package + robotic bending cell,7,year,5215,8.208333333333314,17.208333333333314,182.69056603773586,0.9104506232023011,0.793048852033716,0.4038939268391493,0.7487276008185281,14119.785416110826,2206.553773006805,6134.241074935374,1232.8991429061628,1992.0,70.14285714285714,0.8767908309455588,11.208333333333343,21.0,0.0,0.9094918504314478,0.5998674326115776,13.919354838709678,0.912176414189837,0.7154220061864781,13.098320813079983
N No-capital package + robotic bending cell,7,Q2 to Q4,3771,8.208333333333314,15.208333333333314,172.13756613756613,0.9238928666136303,0.7867455775212736,0.4212943774031769,0.7615399394794733,10405.15608521278,1618.8299753305223,4544.978675294789,946.7628149113443,1488.0,70.14285714285714,0.8767908309455588,11.208333333333343,12.0,0.0,0.9286661363033678,0.49739822467095196,12.973676155494337,0.9371519490851233,0.7128864401591675,13.115702479338843
N No-capital package + robotic bending cell,8,year,5196,8.208333333333314,16.208333333333314,177.5132075471698,0.9145496535796767,0.7879535374366877,0.41585552059672976,0.7422348750662631,13978.637200659727,2217.3880099847784,5943.528264274214,1258.4765821875385,1992.0,59.0,0.8882521489971347,11.208333333333343,17.0,0.0,0.9108929946112394,0.6147540983606558,13.616304829419583,0.913972286374134,0.7153300841825432,13.097917589720868
N No-capital package + robotic bending cell,8,Q2 to Q4,3770,7.208333333333314,14.208333333333314,171.12698412698413,0.9209549071618037,0.7871962103887313,0.4296751767211211,0.7492196040012082,10360.735402778655,1606.8941338380778,4353.709389774257,925.2435616981031,1488.0,59.0,0.8882521489971347,11.208333333333343,8.0,0.0,0.9214854111405836,0.518020769700672,12.673182651191203,0.9291777188328912,0.713194868662187,13.11087354917532
N No-capital package + robotic bending cell,9,year,5199,8.208333333333314,16.208333333333314,177.27169811320755,0.9195999230621273,0.7823908943012787,0.4081571819669323,0.7396496613427099,13904.99000957652,2216.7510671659375,6011.028849456865,1245.8945493945548,1992.0,63.80952380952381,0.8767908309455588,10.208333333333343,19.0,0.0,0.9172917868820927,0.6995793668363959,13.631613903032987,0.9197922677437969,0.714412220500332,13.10316581802081
N No-capital package + robotic bending cell,9,Q2 to Q4,3779,8.208333333333314,14.208333333333314,171.4021164021164,0.9288171473934903,0.7769556695674805,0.4254832343345481,0.7446486252613951,10250.8164234832,1659.1070293543987,4421.579878972801,943.1880014170781,1488.0,63.80952380952381,0.8767908309455588,10.208333333333343,10.0,0.0,0.9277586663138396,0.6386093321134492,12.776151265629766,0.9351680338713946,0.7151570600792925,13.09545593168649
N No-capital package + robotic bending cell,10,year,5222,8.208333333333314,17.208333333333314,183.28301886792454,0.9149751053236308,0.7938497604795578,0.4129663694194653,0.7395731564479802,14083.238752470228,2272.3314751528324,6034.307617851677,1257.6625415445242,1992.0,72.0952380952381,0.8739255014326648,11.208333333333343,17.0,0.0,0.9121026426656453,0.6916629907366564,13.986325540361712,0.9128686327077749,0.7152624614027349,13.099470666078519
N No-capital package + robotic bending cell,10,Q2 to Q4,3767,8.208333333333314,15.208333333333314,174.994708994709,0.9243429784974782,0.7866320498536504,0.42662802194202537,0.7458858433339919,10353.310166285484,1682.1842713332653,4473.409176190516,944.8388345440994,1488.0,72.0952380952381,0.8739255014326648,11.208333333333343,8.0,0.0,0.928590390230953,0.6197613949219944,13.00672988681554,0.9341651181311388,0.7133680024472315,13.113184460079536
N No-capital package + robotic bending cell,11,year,5205,8.208333333333314,17.208333333333314,181.8,0.9068203650336215,0.7830907785636638,0.41645417424958975,0.7446578359304958,13917.428655970809,2243.7360669510263,5985.336559465355,1226.858421681844,1992.0,57.666666666666664,0.8567335243553008,10.208333333333343,19.0,0.0,0.9033621517771374,0.5373893805309734,13.832300884955751,0.9027857829010567,0.7150442477876107,13.1
N No-capital package + robotic bending cell,11,Q2 to Q4,3745,7.208333333333314,15.208333333333314,173.51322751322752,0.9158878504672897,0.7739998596776242,0.4277568162865806,0.7431160600965336,10199.434750892546,1610.3551824986616,4405.628921536749,926.3815313145869,1488.0,57.666666666666664,0.8567335243553008,10.208333333333343,9.0,0.0,0.9198931909212283,0.4032655576093654,12.852741836105977,0.9220293724966622,0.7134935304990758,13.10720887245841
N No-capital package + robotic bending cell,12,year,5205,8.208333333333314,17.208333333333314,183.63396226415094,0.9060518731988473,0.7774854275820028,0.41273118389493724,0.7433924818965508,13817.807929339304,2182.146920406085,5870.19220611555,1201.3911947907864,1992.0,76.52380952380952,0.8853868194842407,11.208333333333343,19.0,0.0,0.905283381364073,0.7590707964601769,14.12853982300885,0.9068203650336215,0.7143805309734513,13.108185840707964
N No-capital package + robotic bending cell,12,Q2 to Q4,3755,8.208333333333314,15.208333333333314,176.31216931216932,0.9155792276964048,0.7725428618478623,0.42707814622027224,0.7478195524288692,10192.595750647235,1607.5125874998353,4347.884252291909,884.2265208630226,1488.0,76.52380952380952,0.8853868194842407,11.208333333333343,10.0,0.0,0.9190412782956059,0.7096774193548387,13.110291858678956,0.9254327563249002,0.7121351766513057,13.122273425499232
N No-capital package + robotic bending cell,13,year,5169,8.208333333333314,16.208333333333314,178.32830188679245,0.91835945057071,0.7817741274533231,0.4062153036139324,0.7421435088353506,13894.02856188902,2235.694362487935,6087.012053317416,1231.3898055378195,1992.0,38.476190476190474,0.8767908309455588,10.208333333333343,19.0,0.0,0.9158444573418456,0.6253621573434366,13.49565411187876,0.9177790675178952,0.715177178515712,13.09984399375975
N No-capital package + robotic bending cell,13,Q2 to Q4,3762,8.208333333333314,14.208333333333314,172.94708994708995,0.9210526315789473,0.7693293293593116,0.4231990173844434,0.7474466438987664,10150.197795524044,1647.2034106779029,4461.004841716431,903.067903035795,1488.0,38.476190476190474,0.8767908309455588,10.208333333333343,10.0,0.0,0.9231791600212653,0.5402509947964493,12.669115396388124,0.929558745348219,0.7144168962350781,13.097337006427916
N No-capital package + robotic bending cell,14,year,5214,8.208333333333314,16.208333333333343,178.45283018867926,0.9232834675872651,0.784215465715037,0.4155466154451489,0.7481919042446903,13937.417083389444,2189.741731319229,5980.384053485032,1217.7294596729962,1992.0,78.57142857142857,0.8710601719197708,12.208333333333343,19.0,0.0,0.920981971614883,0.6338556610019863,13.811962039284927,0.9217491369390104,0.7170602516000882,13.17810637828294
N No-capital package + robotic bending cell,14,Q2 to Q4,3766,7.208333333333314,15.208333333333314,172.6137566137566,0.9211364843335104,0.77913222180568,0.4247646079041486,0.7607723459349028,10279.532910541368,1603.117542384473,4374.590965321215,889.4637364976419,1488.0,78.57142857142857,0.8710601719197708,12.208333333333343,10.0,0.0,0.9237918215613383,0.5400611620795107,12.814373088685015,0.9291024960169941,0.7131498470948012,13.109174311926605
N No-capital package + robotic bending cell,15,year,5182,8.208333333333314,16.20833333333334,178.91698113207548,0.9102663064453879,0.7937742314228289,0.4279367448385197,0.7435977756844484,14081.8988342746,2294.4678443168386,6080.956458351665,1274.2203070962628,1992.0,55.61904761904762,0.8653295128939829,11.208333333333343,17.0,0.0,0.9085295252798148,0.6199466903598401,13.774322523322967,0.912003087610961,0.7132385606397157,13.118836072856508
N No-capital package + robotic bending cell,15,Q2 to Q4,3752,8.208333333333314,15.208333333333314,173.31216931216932,0.9173773987206824,0.7853945313258408,0.42287166716468677,0.7489481972008,10337.022483680483,1717.6956042436204,4539.590493835005,963.337414761319,1488.0,55.61904761904762,0.8653295128939829,11.208333333333343,8.0,0.0,0.920042643923241,0.5267199017199017,12.815724815724815,0.9275053304904051,0.7134520884520884,13.109029484029485
N No-capital package + robotic bending cell,16,year,5202,8.208333333333314,16.208333333333314,179.60377358490567,0.9234909650134564,0.7947783083175534,0.4086746738839102,0.7474574653500636,14099.711593486998,2161.2615302946383,6025.022992265112,1193.5014676982464,1992.0,56.285714285714285,0.8767908309455588,11.208333333333343,17.0,0.0,0.9173394848135332,0.6218971631205674,13.618351063829786,0.921760861207228,0.7156471631205674,13.13209219858156
N No-capital package + robotic bending cell,16,Q2 to Q4,3776,8.208333333333314,15.208333333333314,174.5079365079365,0.9197563559322034,0.7881375276002892,0.4233674933179517,0.7524997340006182,10373.124612013055,1592.2013684628723,4437.241617109688,878.0322146410659,1488.0,56.285714285714285,0.8767908309455588,11.208333333333343,8.0,0.0,0.9194915254237288,0.5286935286935287,12.763125763125764,0.9279661016949152,0.7103174603174603,13.132478632478632
N No-capital package + robotic bending cell,17,year,5190,8.208333333333314,17.208333333333314,180.72830188679245,0.9119460500963391,0.788459331788555,0.4016225546012562,0.7419502126217327,13987.610211639405,2257.9433466760293,6072.583240047047,1256.123955683865,1992.0,66.76190476190476,0.8567335243553008,10.208333333333343,17.0,0.0,0.9090558766859345,0.6407012871726587,13.851309365290723,0.910597302504817,0.7148246782068354,13.100532623169109
N No-capital package + robotic bending cell,17,Q2 to Q4,3744,7.208333333333314,15.208333333333314,173.8095238095238,0.9190705128205128,0.7809784322252685,0.4079663186571056,0.7464567865611794,10278.899700961694,1667.204431587647,4465.814236116162,921.5117736397928,1488.0,66.76190476190476,0.8567335243553008,10.208333333333343,8.0,0.0,0.9214743589743589,0.55189405605174,12.861718509393286,0.9278846153846154,0.7120418848167539,13.120418848167539
N No-capital package + robotic bending cell,18,year,5202,8.208333333333314,17.208333333333314,180.80754716981133,0.9156093810073049,0.7903114268223472,0.40374316229867213,0.7431393745522674,14058.402128600866,2262.0769884676215,6087.031290940135,1265.439496021871,1992.0,62.714285714285715,0.8767908309455588,12.208333333333343,20.0,0.0,0.9115724721261054,0.6769128704113224,13.85670057496683,0.9123414071510957,0.7131800088456435,13.115877930119415
N No-capital package + robotic bending cell,18,Q2 to Q4,3758,8.208333333333314,15.208333333333314,174.77777777777777,0.9193720063863757,0.7824061003761474,0.42066990488588246,0.7522494890106401,10322.7270457194,1668.5938772493164,4446.317785452549,926.0057166854629,1488.0,62.714285714285715,0.8767908309455588,12.208333333333343,10.0,0.0,0.9228312932410857,0.5996321275291232,12.915389331698345,0.928951569984034,0.7124463519313304,13.11587982832618
N No-capital package + robotic bending cell,19,year,5197,8.208333333333314,17.208333333333314,178.4188679245283,0.9174523763709833,0.7816977018943762,0.41010923515301584,0.7402725666886827,13942.698946658911,2209.6017218545744,6091.931337308914,1307.8644879014523,1992.0,65.23809523809524,0.9025787965616046,10.208333333333343,23.0,0.0,0.9139888397152203,0.5855496453900709,13.595079787234043,0.918606888589571,0.714095744680851,13.107712765957446
N No-capital package + robotic bending cell,19,Q2 to Q4,3759,7.208333333333314,15.208333333333314,172.45502645502646,0.919659483905294,0.7848487538169238,0.4219789007650598,0.745100882918874,10392.627096917058,1618.8161510444288,4523.613786596793,953.3240412814918,1488.0,65.23809523809524,0.9025787965616046,10.208333333333343,13.0,0.0,0.9207235967012504,0.47808764940239046,12.703646950658904,0.9292364990689013,0.7125344774747165,13.116763714373276
N No-capital package + robotic bending cell,20,year,5170,8.208333333333314,17.208333333333314,181.61509433962263,0.9098646034816248,0.7807668801868076,0.40599652821235954,0.743380988831038,13876.12732699469,2226.4012000959847,6062.42846955336,1260.5132479416493,1992.0,65.0952380952381,0.8653295128939829,11.208333333333343,19.0,0.0,0.911605415860735,0.741971454058876,13.954950936663693,0.9096711798839459,0.7149866190900981,13.100133809099018
N No-capital package + robotic bending cell,20,Q2 to Q4,3752,8.208333333333314,15.208333333333314,175.46031746031747,0.9211087420042644,0.7723712521444372,0.420203464640848,0.7524176722560643,10190.33160658445,1639.8484867385855,4477.4864225001,967.9225979272151,1488.0,65.0952380952381,0.8653295128939829,11.208333333333343,10.0,0.0,0.9251066098081023,0.6913846153846154,13.051076923076923,0.9288379530916845,0.7147692307692308,13.096307692307692
N No-capital package + robotic bending cell,21,year,5175,8.208333333333314,16.208333333333343,178.83018867924528,0.9130434782608695,0.7989082088877628,0.41346732721153184,0.7431278517001815,14160.195287883891,2231.5165115041946,6064.918256737766,1278.467889982277,1992.0,60.857142857142854,0.8595988538681948,11.208333333333343,16.0,0.0,0.913816425120773,0.6054330883990202,13.616343798708527,0.9145893719806764,0.7134268537074149,13.113783121799154
N No-capital package + robotic bending cell,21,Q2 to Q4,3763,7.208333333333371,15.208333333333314,171.97883597883597,0.9165559394100452,0.7981710074606159,0.42167637954892,0.747772401760743,10492.41018997403,1631.9849125871167,4494.663308760639,929.4600807989153,1488.0,60.857142857142854,0.8595988538681948,11.208333333333343,7.0,0.0,0.9242625564709008,0.5064377682403434,12.786020846106682,0.928514483125166,0.7115266707541386,13.12262415695892
N No-capital package + robotic bending cell,22,year,5183,8.208333333333314,16.208333333333314,176.20377358490566,0.9166505884622805,0.7902519798148187,0.40522493654330116,0.7432858362270491,14032.056596116505,2217.568460524211,6132.97360245507,1333.1832305983262,1992.0,48.19047619047619,0.9054441260744985,10.208333333333343,18.0,0.0,0.9176152807254486,0.5484875444839857,13.432384341637011,0.918387034535983,0.7166370106761566,13.088745551601424
N No-capital package + robotic bending cell,22,Q2 to Q4,3773,7.208333333333314,14.208333333333314,170.61904761904762,0.9223429631592897,0.7883867609198919,0.4142972139419236,0.7532709473548249,10376.40491296456,1644.0998777587847,4522.36274746549,987.3432027125488,1488.0,48.19047619047619,0.9054441260744985,10.208333333333343,8.0,0.0,0.9279088258680095,0.4273922347905839,12.672271476612657,0.9332096474953617,0.7126261082237848,13.115560990522775
N No-capital package + robotic bending cell,23,year,5177,8.208333333333314,16.208333333333314,178.0641509433962,0.9175197991114545,0.7833418315712524,0.4079723682912944,0.7440234875688917,13921.890478811309,2171.659848044158,6034.721159542115,1224.6208756703738,1992.0,31.904761904761905,0.8767908309455588,10.208333333333343,19.0,0.0,0.9130770716631254,0.6439056939501779,13.53758896797153,0.9173266370484837,0.7130782918149466,13.117437722419929
N No-capital package + robotic bending cell,23,Q2 to Q4,3752,7.208333333333314,15.208333333333314,172.57671957671957,0.9213752665245203,0.7858836305250003,0.42442923565692164,0.7580606963044624,10368.608071573635,1600.1095825010261,4504.89569184784,926.2958606217958,1488.0,31.904761904761905,0.8767908309455588,10.208333333333343,10.0,0.0,0.9211087420042644,0.5563401903592263,12.77832361068468,0.9288379530916845,0.7132330365366902,13.109610070617132
N No-capital package + robotic bending cell,24,year,5210,8.208333333333314,16.208333333333314,176.26792452830188,0.919193857965451,0.7929870842590102,0.4056089073858751,0.7495555038881162,14080.622295839496,2272.2005013284715,6150.260081763128,1297.639347835292,1992.0,67.33333333333333,0.8796561604584527,11.208333333333343,18.0,0.0,0.9163147792706334,0.4958001768346596,13.497568523430592,0.9203454894433781,0.7133068081343943,13.114942528735632
N No-capital package + robotic bending cell,24,Q2 to Q4,3770,7.208333333333314,14.208333333333314,170.15343915343917,0.9238726790450928,0.7888904468711608,0.4219324283010097,0.7527241663497031,10395.656456341188,1670.0164690876359,4544.682642549169,995.4344205763397,1488.0,67.33333333333333,0.8796561604584527,11.208333333333343,9.0,0.0,0.9262599469496021,0.35083969465648857,12.538320610687023,0.9342175066312998,0.711145038167939,13.12793893129771
N No-capital package + robotic bending cell,25,year,5212,8.208333333333314,17.208333333333314,181.11320754716982,0.9159631619339985,0.7968324543360037,0.4089237608890208,0.7281894216911531,14148.902353253625,2263.5306752558863,6186.199172773777,1283.4448234755064,1992.0,61.76190476190476,0.8968481375358166,10.208333333333343,18.0,0.0,0.9132770529547198,0.7099337748344371,13.901545253863135,0.9182655410590944,0.7214128035320089,13.198896247240619
N No-capital package + robotic bending cell,25,Q2 to Q4,3755,8.208333333333314,15.208333333333314,174.43915343915344,0.9203728362183755,0.7898866022450097,0.4185710281639134,0.7382995910552145,10408.78336019044,1670.53077682115,4559.624931738959,932.5674893882033,1488.0,61.76190476190476,0.8968481375358166,10.208333333333343,9.0,0.0,0.922237017310253,0.6493865030674847,12.948466257668711,0.9310252996005326,0.7150306748466257,13.101533742331288
N No-capital package + robotic bending cell,26,year,5198,8.208333333333314,17.208333333333314,181.02264150943395,0.9143901500577145,0.7917601479064388,0.4106633667461141,0.7465672623352998,14071.504444657321,2188.511684095419,6003.008719986445,1243.3184900253686,1992.0,39.523809523809526,0.8767908309455588,11.208333333333343,19.0,0.0,0.9130434782608695,0.5683883839503436,13.727998226557304,0.9157368218545594,0.7142540456661494,13.135003325205055
N No-capital package + robotic bending cell,26,Q2 to Q4,3758,8.208333333333314,15.208333333333314,175.39153439153438,0.9225651942522618,0.7904825551288794,0.42532855898869026,0.7559878526838996,10416.636569047825,1589.1841112004158,4454.509615988082,922.6367235185487,1488.0,39.523809523809526,0.8767908309455588,11.208333333333343,9.0,0.0,0.9252261841405003,0.4542113323124043,12.838897396630934,0.9329430548163917,0.7130168453292496,13.111179173047473
N No-capital package + robotic bending cell,27,year,5213,8.208333333333314,17.208333333333314,179.1320754716981,0.9117590638787646,0.7888973760181424,0.4084802226593484,0.7442015373082825,14033.248380140321,2152.638136340118,6058.496091549963,1212.5087336907432,1992.0,78.14285714285714,0.8796561604584527,11.208333333333343,20.0,0.0,0.9117590638787646,0.44390459363957596,13.6464222614841,0.9115672357567619,0.7137809187279152,13.125883392226148
N No-capital package + robotic bending cell,27,Q2 to Q4,3762,7.208333333333314,15.208333333333314,171.58201058201058,0.9234449760765551,0.7857131790047018,0.4225999494045332,0.7559864954016281,10378.930618941216,1572.513288905738,4484.070105893493,927.2677690505302,1488.0,78.14285714285714,0.8796561604584527,11.208333333333343,11.0,0.0,0.9263689526847422,0.2813361936867913,12.557768924302788,0.9322169059011164,0.7122280110327919,13.119521912350598
N No-capital package + robotic bending cell,28,year,5205,8.208333333333314,17.208333333333314,177.50943396226415,0.9227665706051873,0.7923969195476479,0.4131223216534468,0.7416230240757808,14057.464724773743,2170.1213923168266,6082.372576583262,1207.0904146288478,1992.0,65.66666666666667,0.8796561604584527,11.208333333333343,17.0,0.0,0.9179634966378483,0.47023677804824077,13.581544589510953,0.9204610951008646,0.712989599468909,13.119495463598142
N No-capital package + robotic bending cell,28,Q2 to Q4,3767,7.208333333333314,14.608333333333405,170.1957671957672,0.9301831696310061,0.7892383582835791,0.4252989764840268,0.7447190631885579,10387.613268439887,1596.55181392826,4496.325318540624,887.7456623248609,1488.0,65.66666666666667,0.8796561604584527,11.208333333333343,8.0,0.0,0.9299177063976639,0.3184460079535026,12.62159681859896,0.9373506769312451,0.7112266748241052,13.127867849495258
N No-capital package + robotic bending cell,29,year,5205,8.208333333333314,17.208333333333314,181.33962264150944,0.9098943323727186,0.7845800917681667,0.40892093660209455,0.7423518057873445,13969.00393854687,2204.011460826639,6066.67857467849,1219.1166419924657,1992.0,67.47619047619048,0.8739255014326648,11.208333333333343,21.0,0.0,0.909702209414025,0.5749668288367978,13.602167182662539,0.9125840537944284,0.7140645731977001,13.110128261831049
N No-capital package + robotic bending cell,29,Q2 to Q4,3782,8.208333333333314,15.208333333333314,175.26984126984127,0.9175039661554732,0.7787837278047356,0.42063909578703523,0.748106969758503,10299.856110996725,1634.6581073684993,4487.967655635235,901.567292945248,1488.0,67.47619047619048,0.8739255014326648,11.208333333333343,12.0,0.0,0.9222633527234267,0.4636003655193421,12.704538531830643,0.9296668429402433,0.7118489186719464,13.121230581784953
N No-capital package + robotic bending cell,30,year,5189,8.208333333333314,16.208333333333343,178.2377358490566,0.9121217961071497,0.7802817069372906,0.4032161543912906,0.7408808004366315,13879.989125073529,2226.2895864751695,5973.626667806385,1229.7933182151667,1992.0,59.80952380952381,0.8624641833810889,10.208333333333343,20.0,0.0,0.9136635189824629,0.7083888149134487,13.783843763870395,0.9134708036230488,0.7126054150022193,13.123834886817576
N No-capital package + robotic bending cell,30,Q2 to Q4,3773,8.208333333333314,15.208333333333314,173.4126984126984,0.9212827988338192,0.7789215387708015,0.4157630519619892,0.7528270349203757,10289.215994495495,1649.1520211809457,4408.603865702732,932.1993294860432,1488.0,59.80952380952381,0.8624641833810889,10.208333333333343,11.0,0.0,0.9273787437052743,0.6548780487804878,12.99451219512195,0.9297641134375828,0.7109756097560975,13.130182926829269
N No-capital package + tool changing at every brake setup (upper bound),1,year,5248,8.208333333333314,17.208333333333314,181.7622641509434,0.9159679878048781,0.7851339344681104,0.41191085331695265,0.7477418358161948,13966.302651023681,0.0,3704.220774942411,842.0789181075809,1992.0,67.19047619047619,0.8452722063037249,12.208333333333343,20.0,0.0,0.9153963414634146,0.692880613362541,14.185761226725083,0.9201600609756098,0.7415115005476451,13.561226725082147
N No-capital package + tool changing at every brake setup (upper bound),1,Q2 to Q4,3766,8.208333333333314,15.208333333333314,172.55555555555554,0.9264471587891662,0.7771127015082188,0.42454076057904705,0.7563445776283004,10252.888234862126,0.0,2746.9166032708927,634.3799114859297,1488.0,67.19047619047619,0.8452722063037249,12.208333333333343,10.0,0.0,0.9333510355815189,0.6099203919167177,12.901714635639927,0.9375995751460435,0.7131047152480098,13.107470912431108
N No-capital package + tool changing at every brake setup (upper bound),2,year,5224,8.208333333333314,17.208333333333314,178.47924528301886,0.9138591117917305,0.7903177323785001,0.4072897919658179,0.7466808292025715,14045.869210848066,0.0,3712.6403456025528,866.1228301314761,1992.0,74.42857142857143,0.8681948424068768,12.208333333333343,19.0,0.0,0.9107963246554365,0.6051530499889892,13.832635983263598,0.9119448698315467,0.7150407399251266,13.09997797841885
N No-capital package + tool changing at every brake setup (upper bound),2,Q2 to Q4,3773,7.208333333333371,15.208333333333314,172.5873015873016,0.9196925523456135,0.7852855548788955,0.41930719874657263,0.7542058695928455,10348.152751786978,0.0,2715.040060391018,634.3601468679473,1488.0,74.42857142857143,0.8681948424068768,12.208333333333343,9.0,0.0,0.922873045322025,0.5007628928898382,12.773878547451938,0.9279088258680095,0.7128471162648764,13.111382361916387
N No-capital package + tool changing at every brake setup (upper bound),3,year,5202,8.208333333333314,17.208333333333314,179.48301886792453,0.9140715109573241,0.7804872876181534,0.41296700541264814,0.7422215577026523,13858.670490105898,0.0,3681.776432861516,841.5637420251998,1992.0,70.95238095238095,0.8624641833810889,11.208333333333343,18.0,0.0,0.9129181084198386,0.5066430469441984,13.646368467670506,0.9138792772010765,0.7150132860938884,13.104295837023916
N No-capital package + tool changing at every brake setup (upper bound),3,Q2 to Q4,3773,7.208333333333371,15.208333333333314,172.2010582010582,0.9188974291015107,0.771626656958903,0.4206924932549129,0.7475588168708035,10168.161713853082,0.0,2676.0073257648023,627.486095223884,1488.0,70.95238095238095,0.8624641833810889,11.208333333333343,9.0,0.0,0.9239332096474954,0.3690803544149099,12.649862511457378,0.9305592366816856,0.7140238313473877,13.106324472960587
N No-capital package + tool changing at every brake setup (upper bound),4,year,5178,8.208333333333314,17.208333333333314,180.93962264150943,0.9208188489764387,0.7844114791870817,0.412652344482948,0.745369209228373,13928.350136086801,0.0,3763.878450246773,855.6246957154223,1992.0,62.04761904761905,0.8911174785100286,10.208333333333343,18.0,0.0,0.918115102356122,0.692769744160178,13.849610678531702,0.9231363460795674,0.7147942157953281,13.107452725250278
N No-capital package + tool changing at every brake setup (upper bound),4,Q2 to Q4,3751,8.208333333333314,15.208333333333314,174.34391534391534,0.9200213276459611,0.7791908537888301,0.4264957119204089,0.748877821902045,10267.839421859237,0.0,2756.3135559278717,650.7344033693232,1488.0,62.04761904761905,0.8911174785100286,10.208333333333343,9.0,0.0,0.9245534524126899,0.6259987707437,12.9760295021512,0.9330845107971207,0.7141979102642901,13.102028272894898
N No-capital package + tool changing at every brake setup (upper bound),5,year,5185,8.208333333333314,16.208333333333343,179.78490566037735,0.9162970106075217,0.7923195323051122,0.41729753874107045,0.7423657950897314,14043.414729039805,0.0,3720.0973381934245,847.7460434952771,1992.0,53.57142857142857,0.9140401146131805,11.208333333333343,16.0,0.0,0.9178399228543876,0.6232496110246721,13.714825516781508,0.9209257473481196,0.7170482329406535,13.13825294509891
N No-capital package + tool changing at every brake setup (upper bound),5,Q2 to Q4,3771,7.208333333333314,15.208333333333314,171.82539682539684,0.9228321400159109,0.784037552270071,0.42102503030053495,0.7471232208493915,10306.617912536378,0.0,2746.0312111770545,637.0029261658271,1488.0,53.57142857142857,0.9140401146131805,11.208333333333343,7.0,0.0,0.9299920445505171,0.5308679706601467,12.860330073349633,0.935826040837974,0.7130195599022005,13.113691931540343
N No-capital package + tool changing at every brake setup (upper bound),6,year,5190,8.208333333333314,17.208333333333314,181.18867924528303,0.9136801541425819,0.7759853692002932,0.41503466371251535,0.7390542410400127,13791.148241754261,0.0,3660.9796659523936,859.0145234034183,1992.0,61.285714285714285,0.8825214899713467,11.208333333333343,19.0,0.0,0.9111753371868979,0.5988913525498891,13.909756097560976,0.9132947976878613,0.7144124168514412,13.10909090909091
N No-capital package + tool changing at every brake setup (upper bound),6,Q2 to Q4,3754,8.208333333333314,15.208333333333314,174.84126984126985,0.9235482152370804,0.7701173403106295,0.435951749129378,0.7535660726042074,10160.594470544318,0.0,2684.0165225938185,632.9313797099171,1488.0,61.285714285714285,0.8825214899713467,11.208333333333343,10.0,0.0,0.9230154501864678,0.49831340079730146,12.964428089543086,0.9304741608950453,0.713278135541245,13.112848819380558
N No-capital package + tool changing at every brake setup (upper bound),7,year,5189,8.208333333333314,17.208333333333314,180.57735849056604,0.9125072268259781,0.7892511893265478,0.40710115798452035,0.7435079534011352,14001.658107501664,0.0,3697.3477855933697,838.6140326281819,1992.0,58.80952380952381,0.8595988538681948,11.208333333333343,17.0,0.0,0.9055694738870688,0.5797294300288313,13.872920825016633,0.9092310657159376,0.7265469061876247,13.334220447992903
N No-capital package + tool changing at every brake setup (upper bound),7,Q2 to Q4,3741,8.208333333333314,15.208333333333314,173.05291005291005,0.9109863672814755,0.7801831242988311,0.41724299513285396,0.7603080233660681,10268.43220266736,0.0,2685.81184178548,607.9250061094634,1488.0,58.80952380952381,0.8595988538681948,11.208333333333343,8.0,0.0,0.9136594493450949,0.4661121380160197,12.762168823166975,0.9184709970596098,0.7125693160813309,13.115526802218115
N No-capital package + tool changing at every brake setup (upper bound),8,year,5205,8.208333333333314,17.208333333333314,184.2188679245283,0.9100864553314121,0.7772536332013957,0.4122523580227566,0.7391147525319762,13838.560495425369,0.0,3684.5834589440387,862.3789951424751,1992.0,60.76190476190476,0.8853868194842407,11.208333333333343,21.0,0.0,0.9116234390009607,0.7700309871624612,14.063966356795042,0.9100864553314121,0.716024789729969,13.109340416113325
N No-capital package + tool changing at every brake setup (upper bound),8,Q2 to Q4,3764,8.208333333333314,15.208333333333314,178.015873015873,0.9165781083953242,0.7789429131923331,0.4238538923482067,0.7579573805424309,10301.961427952756,0.0,2724.545749120479,648.3714941204046,1488.0,60.76190476190476,0.8853868194842407,11.208333333333343,12.0,0.0,0.9218916046758767,0.725796568627451,13.271446078431373,0.9248140276301806,0.7135416666666666,13.106311274509803
N No-capital package + tool changing at every brake setup (upper bound),9,year,5208,8.208333333333314,17.208333333333314,179.71698113207546,0.9172427035330261,0.7814495873800252,0.41110625278840696,0.7510352144298665,13900.763888470417,0.0,3737.340231939273,862.9699461195523,1992.0,67.33333333333333,0.8767908309455588,11.208333333333343,20.0,0.0,0.9141705069124424,0.45800176834659595,13.673961096374889,0.9139784946236559,0.717948717948718,13.13549955791335
N No-capital package + tool changing at every brake setup (upper bound),9,Q2 to Q4,3764,7.208333333333314,14.908333333333587,170.20634920634922,0.9208289054197663,0.7702160182920401,0.4242980938214454,0.7484176342783495,10174.219841363265,0.0,2713.795168130933,637.3876491272679,1488.0,67.33333333333333,0.8767908309455588,11.208333333333343,11.0,0.0,0.9248140276301806,0.29501681442983796,12.64322837052889,0.9298618490967057,0.7132375420360746,13.113115255273616
N No-capital package + tool changing at every brake setup (upper bound),10,year,5215,8.208333333333314,16.208333333333343,178.77735849056603,0.9152444870565676,0.786758571283958,0.4196405920894817,0.7427434997440858,13957.437983291635,0.0,3670.500321883147,848.5972687871629,1992.0,71.33333333333333,0.833810888252149,12.208333333333343,17.0,0.0,0.9131351869606903,0.5154457193292145,13.792365401588702,0.9162032598274209,0.719991173874669,13.1306266548985
N No-capital package + tool changing at every brake setup (upper bound),10,Q2 to Q4,3768,7.208333333333314,14.208333333333314,169.86243386243387,0.9201167728237792,0.7787774686528647,0.4300922149567865,0.7453104161346112,10249.931572172596,0.0,2682.991273358776,618.1490800120318,1488.0,71.33333333333333,0.833810888252149,12.208333333333343,8.0,0.0,0.9227707006369427,0.366248853561602,12.611739529195965,0.9304670912951167,0.7123203913176399,13.112198104555182
N No-capital package + tool changing at every brake setup (upper bound),11,year,5183,8.208333333333314,16.208333333333343,177.88301886792453,0.9181940960833495,0.780769525777415,0.40051669436333526,0.7485951244561757,13888.666657989826,0.0,3695.9092227317765,862.6547413211699,1992.0,64.42857142857143,0.8997134670487106,10.208333333333343,20.0,0.0,0.916457650009647,0.5546162402669633,13.639822024471636,0.9156858961991124,0.7136818687430478,13.11523915461624
N No-capital package + tool changing at every brake setup (upper bound),11,Q2 to Q4,3749,8.208333333333314,15.208333333333314,172.02116402116403,0.9210456121632435,0.7737055263230718,0.41379424299169293,0.7573654624777154,10220.314730333046,0.0,2719.3144139954834,633.2838000608704,1488.0,64.42857142857143,0.8997134670487106,10.208333333333343,11.0,0.0,0.9271805814883969,0.4326153846153846,12.675384615384615,0.930914910642838,0.7126153846153847,13.118769230769232
N No-capital package + tool changing at every brake setup (upper bound),12,year,5215,8.208333333333314,16.208333333333343,178.3056603773585,0.9102588686481304,0.7849285315697263,0.4098641958518844,0.7344108196241419,13987.766568269535,0.0,3693.1819001803337,804.942201098755,1992.0,55.23809523809524,0.8653295128939829,11.208333333333343,22.0,0.0,0.9112176414189836,0.601193106495802,13.773972602739725,0.911601150527325,0.7129916040654,13.135881573133009
N No-capital package + tool changing at every brake setup (upper bound),12,Q2 to Q4,3766,7.208333333333314,15.208333333333314,171.91534391534393,0.9208709506107275,0.7808778414813894,0.4196994071128618,0.7498714868770932,10340.045996498591,0.0,2725.032286300751,577.754671657365,1488.0,55.23809523809524,0.8653295128939829,11.208333333333343,13.0,0.0,0.925385023898035,0.4845423936333027,12.77961432506887,0.9314922995220393,0.7110498928680747,13.123048668503214
N No-capital package + tool changing at every brake setup (upper bound),13,year,5193,8.208333333333314,16.208333333333314,178.5132075471698,0.9168110918544194,0.7790925654897688,0.40820365168434924,0.7413874316477312,13858.836161710384,0.0,3637.9916630637736,850.8581002122365,1992.0,67.14285714285714,0.8882521489971347,11.208333333333343,20.0,0.0,0.911419218178317,0.5483011325782812,13.592493892960249,0.9166185249374158,0.7141905396402398,13.109260493004664
N No-capital package + tool changing at every brake setup (upper bound),13,Q2 to Q4,3759,7.208333333333371,14.208333333333314,172.02116402116403,0.9207235967012504,0.7752285303039937,0.422755217686702,0.7501887836874997,10240.432952952633,0.0,2697.8231592112124,634.7321184150138,1488.0,67.14285714285714,0.8882521489971347,11.208333333333343,11.0,0.0,0.9199255121042831,0.4269938650306748,12.639263803680981,0.9292364990689013,0.7131901840490797,13.108895705521473
N No-capital package + tool changing at every brake setup (upper bound),14,year,5187,8.208333333333314,16.208333333333343,179.59245283018868,0.9151725467514941,0.7770325300706332,0.40735165550044894,0.7395283971565081,13834.623879473917,0.0,3724.2042291227085,853.3232492363751,1992.0,57.142857142857146,0.8825214899713467,11.208333333333343,21.0,0.0,0.9140158087526509,0.7326072460546789,13.855523449655479,0.9132446500867554,0.7161591464769949,13.094465436763725
N No-capital package + tool changing at every brake setup (upper bound),14,Q2 to Q4,3767,8.208333333333314,15.208333333333314,173.2962962962963,0.9185027873639501,0.7756586615000339,0.41498103390354335,0.7452343636570965,10258.52533824614,0.0,2766.2564191270385,623.2152790954976,1488.0,57.142857142857146,0.8825214899713467,11.208333333333343,12.0,0.0,0.9232811255641094,0.6836953196696237,13.08442948914041,0.9267321475975577,0.7127561945549098,13.114102171918018
N No-capital package + tool changing at every brake setup (upper bound),15,year,5190,8.208333333333314,16.208333333333343,178.0641509433962,0.9175337186897881,0.7783533267832996,0.40484628647830273,0.7445860073993984,13833.232610034405,0.0,3662.391564580501,871.1435068734654,1992.0,60.04761904761905,0.8653295128939829,10.208333333333343,19.0,0.0,0.9190751445086706,0.6293007769145395,13.752497225305216,0.9198458574181118,0.7149833518312986,13.107880133185349
N No-capital package + tool changing at every brake setup (upper bound),15,Q2 to Q4,3751,7.208333333333314,14.208333333333314,170.53439153439155,0.9213543055185284,0.7774129054022411,0.4210514375834269,0.7562107460270878,10256.848994951502,0.0,2725.887390311437,654.6482479061785,1488.0,60.04761904761905,0.8653295128939829,10.208333333333343,10.0,0.0,0.9288189816049054,0.5329230769230769,12.782769230769231,0.9341508930951746,0.7135384615384616,13.113538461538461
N No-capital package + tool changing at every brake setup (upper bound),16,year,5191,8.208333333333314,17.208333333333314,180.44150943396227,0.9188980928530148,0.7832312024580325,0.407224587328257,0.7406091968038312,13907.392631032553,0.0,3648.112633856112,863.5122364671857,1992.0,70.04761904761905,0.9025787965616046,11.208333333333343,18.0,0.0,0.9144673473319206,0.7448413578877302,14.050587974262259,0.9194760161818533,0.7202130019968938,13.191258043044154
N No-capital package + tool changing at every brake setup (upper bound),16,Q2 to Q4,3749,8.208333333333314,15.208333333333314,173.65079365079364,0.9231795145372099,0.7750327358647975,0.4178633519359542,0.7499668033070632,10188.24449815976,0.0,2654.7001883753655,624.5264964853251,1488.0,70.04761904761905,0.9025787965616046,11.208333333333343,7.0,0.0,0.9253134169111763,0.6956923076923077,13.123076923076923,0.9338490264070419,0.7126153846153847,13.115692307692308
N No-capital package + tool changing at every brake setup (upper bound),17,year,5189,8.208333333333314,16.208333333333314,176.56981132075472,0.9256118712661399,0.7791723481989545,0.4135601958930694,0.7252405416986301,13835.32185597152,0.0,3641.0968524653067,862.8386382693412,1992.0,53.38095238095238,0.8767908309455588,10.208333333333343,18.0,0.0,0.9221429947966853,0.6716981132075471,13.524750277469478,0.9263827327037965,0.7154273029966703,13.116759156492785
N No-capital package + tool changing at every brake setup (upper bound),17,Q2 to Q4,3770,7.208333333333371,14.208333333333314,172.2910052910053,0.9254641909814324,0.7762253393286777,0.42878071593785433,0.7342210264815582,10228.761157359613,0.0,2690.8039922564685,663.2369615237942,1488.0,53.38095238095238,0.8767908309455588,10.208333333333343,9.0,0.0,0.926525198938992,0.6014071581523401,12.7026613643316,0.9336870026525199,0.7127561945549098,13.114102171918018
N No-capital package + tool changing at every brake setup (upper bound),18,year,5181,8.208333333333314,17.208333333333314,180.63396226415094,0.9171974522292994,0.7861344706754556,0.4101156551411243,0.742581308484419,13984.100622645628,0.0,3706.720069109564,840.9548032147718,1992.0,74.85714285714286,0.8767908309455588,11.208333333333343,20.0,0.0,0.9168114263655665,0.61827478879502,13.943308136949755,0.9164254005018336,0.7165406847487772,13.113383726100489
N No-capital package + tool changing at every brake setup (upper bound),18,Q2 to Q4,3751,8.208333333333314,15.208333333333314,172.68253968253967,0.9221540922420688,0.7759161217098779,0.4238499816920608,0.7469209372906462,10237.10107952073,0.0,2695.5999998725442,623.5650057319542,1488.0,74.85714285714286,0.8767908309455588,11.208333333333343,10.0,0.0,0.9272194081578246,0.5275130648632032,12.952659083922534,0.9317515329245535,0.712573009529665,13.121118967107286
N No-capital package + tool changing at every brake setup (upper bound),19,year,5145,8.208333333333314,16.208333333333314,179.2943396226415,0.9210884353741496,0.7762457493270222,0.41453506275668994,0.7329367583794445,13795.775830197877,0.0,3633.617378522971,850.8350943148292,1992.0,41.04761904761905,0.8968481375358166,11.208333333333343,19.0,0.0,0.921865889212828,0.6721935917544253,13.705131077750393,0.9236151603498542,0.714541788034954,13.119202330271118
N No-capital package + tool changing at every brake setup (upper bound),19,Q2 to Q4,3744,8.208333333333314,15.208333333333314,174.86243386243387,0.9217414529914529,0.7778511822761993,0.4248635243089022,0.7521304801359454,10237.74019227369,0.0,2687.4352241701367,642.6436450765092,1488.0,41.04761904761905,0.8968481375358166,11.208333333333343,8.0,0.0,0.9278846153846154,0.5944530046224962,12.856394453004622,0.9332264957264957,0.7109399075500771,13.131587057010785
N No-capital package + tool changing at every brake setup (upper bound),20,year,5200,8.208333333333314,16.208333333333343,180.01509433962264,0.9138461538461539,0.7750774243280872,0.40964198442927363,0.7313629226334087,13775.01185204264,0.0,3658.4018039488715,838.4004273886376,1992.0,56.714285714285715,0.8882521489971347,11.208333333333343,19.0,0.0,0.9132692307692307,0.5469649977846699,13.79308817013735,0.9140384615384616,0.7144439521488701,13.108108108108109
N No-capital package + tool changing at every brake setup (upper bound),20,Q2 to Q4,3769,7.208333333333314,15.208333333333314,172.20634920634922,0.9214645794640488,0.7771816155522413,0.4206930911353549,0.7461582369526616,10253.797456896207,0.0,2719.2233573981857,633.6273507633688,1488.0,56.714285714285715,0.8882521489971347,11.208333333333343,10.0,0.0,0.9249137702308304,0.4231121981045552,12.925710791806788,0.9296895728309896,0.71170895750535,13.122286762457964
N No-capital package + tool changing at every brake setup (upper bound),21,year,5247,8.208333333333314,17.208333333333314,185.35849056603774,0.9079473985134362,0.7862243281283655,0.40360966553663447,0.7471143755254785,13998.278635206272,0.0,3758.805692065627,843.9362621924499,1992.0,99.42857142857143,0.833810888252149,13.208333333333343,21.0,0.0,0.9060415475509815,0.7212719298245615,14.443859649122807,0.9050886220697542,0.7127192982456141,13.134210526315789
N No-capital package + tool changing at every brake setup (upper bound),21,Q2 to Q4,3766,8.208333333333314,15.208333333333314,173.7037037037037,0.9211364843335104,0.7747860599098471,0.41751878160471,0.7416745114663404,10234.588110783126,0.0,2745.7154680728368,635.5846278307706,1488.0,99.42857142857143,0.833810888252149,13.208333333333343,11.0,0.0,0.9259160913436006,0.6524800979791794,13.218922229026331,0.9314922995220393,0.7106552357624005,13.129516227801592
N No-capital package + tool changing at every brake setup (upper bound),22,year,5173,8.208333333333314,17.208333333333314,181.8188679245283,0.9213222501449836,0.783559842935939,0.42006489063589375,0.7554441370542638,13888.154198795188,0.0,3674.221456510519,816.4065738636947,1992.0,61.76190476190476,0.8710601719197708,11.208333333333343,16.0,0.0,0.9174560216508796,0.4572383073496659,13.830066815144766,0.9162961531026483,0.7151447661469933,13.102672605790646
N No-capital package + tool changing at every brake setup (upper bound),22,Q2 to Q4,3733,8.208333333333314,15.208333333333314,173.15343915343917,0.9263327082775248,0.7777068650260331,0.43697972045693717,0.7612993533768673,10223.397441324061,0.0,2718.2884463084383,607.9215210298402,1488.0,61.76190476190476,0.8710601719197708,11.208333333333343,7.0,0.0,0.9276721135815698,0.2945904173106646,12.778670788253478,0.9332976158585587,0.7143740340030912,13.099227202472951
N No-capital package + tool changing at every brake setup (upper bound),23,year,5193,8.208333333333314,17.208333333333314,182.7056603773585,0.9193144617754669,0.7882937633878228,0.4024109383094673,0.742174786492129,14009.898356892518,0.0,3726.069389462792,853.8400526528918,1992.0,71.33333333333333,0.8767908309455588,11.208333333333343,19.0,0.0,0.9156556903523975,0.5763765541740675,14.045737122557727,0.917581359522434,0.7206927175843695,13.162744227353464
N No-capital package + tool changing at every brake setup (upper bound),23,Q2 to Q4,3736,8.208333333333314,15.208333333333314,175.06349206349208,0.9191648822269807,0.779719815231845,0.4133234721173845,0.7488077738890501,10287.28536358237,0.0,2771.679369333055,635.6552002921918,1488.0,71.33333333333333,0.8767908309455588,11.208333333333343,10.0,0.0,0.9218415417558886,0.46094473602963876,12.923433158382217,0.9288008565310493,0.7141092929916641,13.100648348255634
N No-capital package + tool changing at every brake setup (upper bound),24,year,5201,8.208333333333314,17.208333333333314,180.16981132075472,0.917900403768506,0.7727112884248448,0.4122688015866353,0.7394871084674749,13732.959859444658,0.0,3664.0962930235146,836.8114631924842,1992.0,71.33333333333333,0.8681948424068768,11.208333333333343,19.0,0.0,0.915400884445299,0.5078591985831304,13.780827983174673,0.9159776965968083,0.7195040956386982,13.194376798760239
N No-capital package + tool changing at every brake setup (upper bound),24,Q2 to Q4,3756,7.208333333333314,15.208333333333314,171.1851851851852,0.9286474973375932,0.7677494988827361,0.42425641846156126,0.7521703906439507,10129.354196809312,0.0,2718.097538948881,627.3508745276531,1488.0,71.33333333333333,0.8681948424068768,11.208333333333343,10.0,0.0,0.9315761448349308,0.3670963781461019,12.760589318600369,0.9358359957401491,0.712707182320442,13.116022099447514
N No-capital package + tool changing at every brake setup (upper bound),25,year,5205,8.208333333333314,17.208333333333314,182.2188679245283,0.9081652257444764,0.7835470743002416,0.4099935565681127,0.7486955035825253,13950.61164790703,0.0,3649.1016509651477,837.620828861466,1992.0,53.095238095238095,0.8767908309455588,10.208333333333343,21.0,0.0,0.90835734870317,0.5724717857933171,13.869882717415358,0.9081652257444764,0.7189643726488161,13.144722283691083
N No-capital package + tool changing at every brake setup (upper bound),25,Q2 to Q4,3763,7.208333333333314,15.208333333333314,173.72486772486772,0.9176189210736114,0.779559564295366,0.4224517572964398,0.7533678150687485,10297.644035197265,0.0,2693.74892081723,625.1893409649456,1488.0,53.095238095238095,0.8767908309455588,10.208333333333343,11.0,0.0,0.9226680839755514,0.454406364749082,12.966340269277845,0.9271857560457082,0.7135862913096696,13.104957160342718
N No-capital package + tool changing at every brake setup (upper bound),26,year,5169,8.208333333333314,16.208333333333314,178.4377358490566,0.9251305861868834,0.7799744595721588,0.41139973103793387,0.7393814774395848,13849.564493095731,0.0,3727.39015741947,868.5932170550215,1992.0,54.57142857142857,0.8853868194842407,10.208333333333343,18.0,0.0,0.9189398336235248,0.4486607142857143,13.292410714285714,0.9231959760108338,0.7147321428571428,13.100892857142858
N No-capital package + tool changing at every brake setup (upper bound),26,Q2 to Q4,3762,8.208333333333314,15.208333333333314,173.28571428571428,0.9266347687400319,0.7782288133688136,0.42354210420592775,0.743243910417782,10242.710409074538,0.0,2751.4444644302616,649.198135609627,1488.0,54.57142857142857,0.8853868194842407,10.208333333333343,8.0,0.0,0.9271664008506114,0.29188361408882085,12.433384379785604,0.9335459861775651,0.7139356814701379,13.098315467075038
N No-capital package + tool changing at every brake setup (upper bound),27,year,5213,8.208333333333314,17.208333333333314,180.9320754716981,0.9098407826587378,0.7829084603468955,0.4013531849082834,0.7483033137270887,13901.661882252292,0.0,3723.177699637163,834.8365895517435,1992.0,62.714285714285715,0.839541547277937,12.208333333333343,18.0,0.0,0.91214272012277,0.5125939019001325,13.836942112240388,0.9111835795127565,0.7158638974812196,13.132788334069819
N No-capital package + tool changing at every brake setup (upper bound),27,Q2 to Q4,3765,7.208333333333314,15.208333333333314,172.4021164021164,0.9184594953519256,0.7738104776903971,0.41219364308825757,0.7540140464668651,10196.939157130395,0.0,2742.988229805049,600.3042530612706,1488.0,62.714285714285715,0.839541547277937,12.208333333333343,9.0,0.0,0.9256308100929614,0.3747323340471092,12.779443254817988,0.9293492695883134,0.7124502906087489,13.110737228510247
N No-capital package + tool changing at every brake setup (upper bound),28,year,5184,8.208333333333314,17.208333333333314,180.12075471698114,0.9155092592592593,0.7906433226181979,0.4202951150042054,0.7465557732758743,14026.355155353296,0.0,3770.4056529964273,851.2420043803753,1992.0,69.0,0.8681948424068768,11.208333333333343,17.0,0.0,0.9110725308641975,0.487896957583833,13.637797024206085,0.9149305555555556,0.7157450588496558,13.096380190983789
N No-capital package + tool changing at every brake setup (upper bound),28,Q2 to Q4,3752,8.208333333333314,15.208333333333314,172.23280423280423,0.9187100213219617,0.7928485866826706,0.4243242502699552,0.7532022676892389,10435.129530196422,0.0,2793.2157670106308,639.0643552065891,1488.0,69.0,0.8681948424068768,11.208333333333343,8.0,0.0,0.917910447761194,0.34100675260896257,12.614180478821362,0.9269722814498934,0.712707182320442,13.114487415592388
N No-capital package + tool changing at every brake setup (upper bound),29,year,5210,8.208333333333314,17.208333333333314,178.35471698113207,0.9147792706333974,0.7867026100778598,0.4189907628000822,0.7316791841295593,13981.61969076809,0.0,3684.6853290923264,911.1304922071874,1992.0,79.42857142857143,0.8567335243553008,11.208333333333343,19.0,0.0,0.9111324376199617,0.6444984533804684,13.845558992487849,0.9124760076775432,0.7134334953601414,13.112903225806452
N No-capital package + tool changing at every brake setup (upper bound),29,Q2 to Q4,3758,8.208333333333314,15.208333333333314,172.08465608465607,0.9204364023416711,0.7880228298529259,0.4357297307598083,0.7361831993897311,10384.223375242264,0.0,2718.9048224523526,684.7889625407755,1488.0,79.42857142857143,0.8567335243553008,11.208333333333343,9.0,0.0,0.9244278871740287,0.5513331290223721,12.752375114924916,0.9300159659393294,0.7131474103585658,13.10971498620901
N No-capital package + tool changing at every brake setup (upper bound),30,year,5206,8.208333333333314,17.208333333333314,181.56981132075472,0.9227814060699193,0.792399083683673,0.3991300814121197,0.7489691290698403,14070.181502823558,0.0,3723.5686264140977,878.8706818593826,1992.0,68.52380952380952,0.8653295128939829,11.208333333333343,18.0,0.0,0.9187475989243181,0.6906760936809545,14.10627485638533,0.919131771033423,0.7169686257180734,13.136544410075121
N No-capital package + tool changing at every brake setup (upper bound),30,Q2 to Q4,3765,7.208333333333371,15.208333333333314,172.03703703703704,0.9269588313413014,0.7844328360550967,0.40295506701587086,0.7541417060605176,10336.91599263845,0.0,2763.855023829081,664.630143316044,1488.0,68.52380952380952,0.8653295128939829,11.208333333333343,9.0,0.0,0.9314741035856574,0.6219773492500765,13.099785736149373,0.9351925630810093,0.7131925313743496,13.109886746250382
