part_id,customer_id,description,family,material,thickness,bend_count,has_weld,has_hardware,finish,powder_color,plate,anodize,silk_screen,heat_treat,tolerance_critical,repeat_part,first_quoted_date,revision,active
P-104006,C10024,Weldment CRS 11ga,weldment,crs,11ga,5,True,False,plate,,True,False,False,False,True,True,2019-08-26,A,True
P-104010,C10603,Weldment CRS 11ga,weldment,crs,11ga,6,True,False,powder,beige,False,False,False,False,False,True,2017-01-28,A,True
P-104018,C11442,Weldment CRS 16ga,weldment,crs,16ga,7,True,True,powder,black,False,False,False,False,False,True,2015-12-25,D,True
P-104025,C10276,Panel Aluminum 14ga,panel,aluminum,14ga,2,False,True,powder,gray,False,False,False,False,False,True,2022-02-15,A,True
P-104027,C10081,Panel Stainless 16ga,panel,stainless,16ga,2,False,False,powder,white,False,False,False,False,False,True,2017-01-11,D,True
P-104034,C12566,Enclosure Galvanneal 18ga,enclosure,galvanneal,18ga,6,False,False,plate,,True,False,False,False,False,True,2016-04-27,D,False
P-104037,C10993,Chassis CRS 16ga,chassis,crs,16ga,10,True,False,powder,black,False,False,False,False,False,True,2012-11-26,A,True
P-104040,C12431,Bracket Galvanneal 20ga,bracket,galvanneal,20ga,1,True,False,none,,False,False,False,False,False,True,2017-02-10,A,False
P-104048,C10242,Weldment Stainless 16ga,weldment,stainless,16ga,8,True,False,none,,False,False,False,False,False,True,2016-10-07,B,True
P-104050,C10006,Enclosure CRS 12ga,enclosure,crs,12ga,9,False,True,none,,False,False,False,False,False,True,2018-06-22,A,True
P-104052,C10042,Assembly Stainless 12ga,assembly,stainless,12ga,8,True,True,none,,False,False,False,False,False,True,2014-08-08,B,True
P-104057,C10019,Bracket Aluminum 20ga,bracket,aluminum,20ga,2,False,False,none,,False,False,False,False,False,True,2016-02-01,D,True
P-104062,C10081,Chassis Galvanneal 18ga,chassis,galvanneal,18ga,10,False,False,none,,False,False,False,False,False,True,2018-06-04,B,True
P-104070,C12344,Assembly Stainless 14ga,assembly,stainless,14ga,5,True,True,powder,black,False,False,False,False,False,True,2013-04-09,A,True
P-104075,C12028,Panel Aluminum 12ga,panel,aluminum,12ga,2,False,False,powder,white,False,False,False,False,False,True,2015-05-01,A,True
P-104077,C10086,Assembly Stainless 14ga,assembly,stainless,14ga,5,False,False,powder,beige,False,False,False,False,False,True,2012-12-27,A,True
P-104084,C10006,Weldment Galvanneal 14ga,weldment,galvanneal,14ga,7,True,False,powder,gray,False,False,False,False,False,True,2014-06-07,A,True
P-104088,C10286,Weldment Aluminum 18ga,weldment,aluminum,18ga,8,True,False,anodize,,False,True,False,False,False,True,2019-06-08,A,True
P-104094,C12427,Bracket CRS 0.250in,bracket,crs,0.250in,1,False,False,plate,,True,False,True,False,False,True,2019-07-04,A,False
P-104100,C10595,Assembly Galvanneal 20ga,assembly,galvanneal,20ga,9,False,False,none,,False,False,False,False,True,True,2012-10-10,A,True
P-104105,C10751,Chassis Galvanneal 18ga,chassis,galvanneal,18ga,8,False,True,powder,black,False,False,False,False,False,True,2015-10-01,A,True
P-104106,C10814,Enclosure Stainless 11ga,enclosure,stainless,11ga,13,False,True,plate,,True,False,False,False,False,True,2013-04-13,A,False
P-104110,C12223,Enclosure CRS 18ga,enclosure,crs,18ga,9,True,False,powder,beige,False,False,False,False,True,True,2017-01-22,D,True
P-104111,C10006,Weldment Aluminum 11ga,weldment,aluminum,11ga,6,True,False,none,,False,False,False,False,False,True,2014-05-18,C,True
P-104116,C10081,Panel CRS 14ga,panel,crs,14ga,2,False,False,powder,beige,False,False,True,False,False,True,2021-09-01,A,True
P-104120,C12931,Assembly Galvanneal 18ga,assembly,galvanneal,18ga,7,False,False,powder,black,False,False,False,False,False,True,2021-09-11,A,False
P-104126,C11849,Panel Galvanneal 18ga,panel,galvanneal,18ga,2,False,True,powder,white,False,False,False,False,False,True,2016-04-10,A,True
P-104130,C10102,Weldment Aluminum 0.125in,weldment,aluminum,0.125in,2,True,False,powder,gray,False,False,False,False,False,True,2013-02-22,A,True
P-104133,C10067,Enclosure Galvanneal 20ga,enclosure,galvanneal,20ga,8,False,False,plate,,True,False,False,False,False,True,2018-11-14,A,True
P-104138,C10361,Bracket CRS 16ga,bracket,crs,16ga,2,False,True,plate,,True,False,False,False,False,True,2016-03-02,A,True
P-104143,C10242,Weldment Stainless 18ga,weldment,stainless,18ga,5,True,False,none,,False,False,False,False,False,True,2022-03-14,B,True
P-104146,C10071,Panel Aluminum 12ga,panel,aluminum,12ga,6,False,True,powder,black,False,False,False,False,False,True,2017-08-05,A,True
P-104150,C10269,Panel Galvanneal 11ga,panel,galvanneal,11ga,2,False,False,none,,False,False,False,True,False,True,2013-02-14,C,True
P-104155,C10235,Assembly Galvanneal 12ga,assembly,galvanneal,12ga,9,False,True,none,,False,False,False,False,False,True,2017-12-11,A,True
P-104162,C10071,Weldment CRS 18ga,weldment,crs,18ga,6,True,False,none,,False,False,False,False,False,True,2019-06-11,C,True
P-104163,C11668,Panel Stainless 18ga,panel,stainless,18ga,2,False,False,none,,False,False,False,False,False,True,2015-07-16,B,True
P-104171,C11075,Chassis Stainless 20ga,chassis,stainless,20ga,8,True,True,plate,,True,False,False,False,False,True,2014-03-05,B,True
P-104173,C10269,Panel CRS 20ga,panel,crs,20ga,2,True,False,powder,red,False,False,False,False,True,True,2021-01-11,A,True
P-104180,C12129,Panel CRS 20ga,panel,crs,20ga,5,False,False,powder,blue,False,False,False,False,True,True,2013-11-09,B,True
P-104181,C10556,Assembly CRS 16ga,assembly,crs,16ga,5,True,False,powder,white,False,False,False,False,False,True,2017-02-22,B,True
P-104184,C11861,Chassis Galvanneal 14ga,chassis,galvanneal,14ga,12,False,True,none,,False,False,False,False,False,True,2019-12-03,B,True
P-104189,C11578,Bracket Aluminum 14ga,bracket,aluminum,14ga,1,True,True,powder,black,False,False,False,False,False,True,2022-01-25,B,True
P-104192,C10006,Panel CRS 14ga,panel,crs,14ga,3,False,False,none,,False,False,False,False,False,True,2012-03-24,A,True
P-104194,C10011,Panel CRS 18ga,panel,crs,18ga,2,False,True,plate,,True,False,False,False,False,True,2016-10-11,B,True
P-104201,C10920,Weldment Aluminum 18ga,weldment,aluminum,18ga,4,True,False,powder,gray,False,False,False,False,False,True,2018-05-15,A,True
P-104203,C10086,Enclosure Stainless 14ga,enclosure,stainless,14ga,14,True,False,none,,False,False,False,False,False,True,2020-05-15,A,True
P-104208,C12717,Chassis Stainless 16ga,chassis,stainless,16ga,11,True,False,powder,gray,False,False,False,False,False,True,2016-04-21,B,False
P-104212,C11875,Bracket Stainless 16ga,bracket,stainless,16ga,2,False,True,none,,False,False,False,False,False,True,2017-11-16,D,True
P-104220,C11216,Panel CRS 16ga,panel,crs,16ga,5,False,False,powder,gray,False,False,False,False,False,True,2012-01-24,B,True
P-104227,C10096,Enclosure Galvanneal 14ga,enclosure,galvanneal,14ga,6,True,False,none,,False,False,False,False,False,True,2014-01-16,D,True
P-104228,C10132,Bracket CRS 18ga,bracket,crs,18ga,2,False,False,plate,,True,False,False,False,False,True,2019-01-01,A,True
P-104235,C12159,Chassis Aluminum 12ga,chassis,aluminum,12ga,8,True,False,powder,gray,False,False,False,False,False,True,2016-02-21,A,True
P-104242,C10033,Panel Aluminum 16ga,panel,aluminum,16ga,3,False,False,powder,black,False,False,False,False,False,True,2013-02-21,D,True
P-104246,C11619,Assembly Stainless 16ga,assembly,stainless,16ga,6,False,False,none,,False,False,False,False,False,True,2019-07-12,D,True
P-104251,C10041,Chassis Stainless 18ga,chassis,stainless,18ga,9,False,False,powder,gray,False,False,False,False,False,True,2016-07-08,A,True
P-104256,C11103,Weldment Aluminum 16ga,weldment,aluminum,16ga,5,True,True,none,,False,False,False,False,False,True,2014-05-20,A,True
P-104260,C10107,Weldment Stainless 11ga,weldment,stainless,11ga,3,True,True,powder,gray,False,False,False,False,False,True,2021-12-22,C,True
P-104266,C10853,Chassis Galvanneal 18ga,chassis,galvanneal,18ga,6,True,False,plate,,True,False,False,True,False,True,2013-10-28,A,True
P-104273,C10276,Panel Aluminum 18ga,panel,aluminum,18ga,3,False,True,powder,white,False,False,False,False,False,True,2014-02-21,B,True
P-104278,C12217,Bracket Aluminum 20ga,bracket,aluminum,20ga,4,False,True,none,,False,False,False,False,False,True,2021-12-02,B,True
P-104282,C10081,Chassis CRS 12ga,chassis,crs,12ga,5,True,False,none,,False,False,False,False,False,True,2017-07-16,D,True
P-104283,C13049,Bracket Stainless 14ga,bracket,stainless,14ga,2,False,False,none,,False,False,False,False,False,True,2016-12-11,A,True
P-104284,C10430,Assembly Stainless 16ga,assembly,stainless,16ga,9,False,False,powder,gray,False,False,False,False,False,True,2014-01-18,A,True
P-104288,C10859,Weldment Galvanneal 16ga,weldment,galvanneal,16ga,7,True,False,powder,black,False,False,False,False,False,True,2020-01-29,A,True
P-104292,C10376,Bracket Galvanneal 18ga,bracket,galvanneal,18ga,3,False,False,plate,,True,False,False,False,False,True,2015-12-20,C,True
P-104294,C10011,Chassis Stainless 16ga,chassis,stainless,16ga,12,False,False,powder,white,False,False,False,False,False,True,2022-03-31,A,True
P-104302,C13128,Assembly Aluminum 14ga,assembly,aluminum,14ga,7,False,False,none,,False,False,False,False,True,True,2012-12-04,A,True
P-104303,C12524,Bracket Galvanneal 18ga,bracket,galvanneal,18ga,3,False,False,powder,black,False,False,False,False,True,True,2013-08-20,C,True
P-104309,C10071,Assembly Galvanneal 11ga,assembly,galvanneal,11ga,9,False,False,powder,white,False,False,False,False,False,True,2019-04-18,B,True
P-104317,C10694,Weldment CRS 12ga,weldment,crs,12ga,8,True,True,none,,False,False,False,False,False,True,2019-11-25,A,False
P-104323,C11463,Bracket CRS 20ga,bracket,crs,20ga,4,False,False,powder,red,False,False,False,False,False,True,2014-10-18,B,True
P-104328,C10430,Enclosure Stainless 14ga,enclosure,stainless,14ga,9,True,True,powder,white,False,False,False,False,False,True,2016-08-26,A,False
P-104335,C10784,Bracket Aluminum 14ga,bracket,aluminum,14ga,3,True,False,none,,False,False,False,False,True,True,2012-06-07,B,True
P-104339,C10418,Panel CRS 16ga,panel,crs,16ga,6,False,False,none,,False,False,False,False,True,True,2022-05-19,B,True
P-104342,C10086,Enclosure CRS 16ga,enclosure,crs,16ga,10,True,True,none,,False,False,False,False,False,True,2021-05-20,C,True
P-104344,C10053,Enclosure Aluminum 18ga,enclosure,aluminum,18ga,13,True,True,anodize,,False,True,False,False,False,True,2013-12-01,C,True
P-104349,C11019,Weldment Aluminum 16ga,weldment,aluminum,16ga,5,True,False,anodize,,False,True,False,False,False,True,2018-07-25,C,False
P-104357,C10552,Weldment CRS 16ga,weldment,crs,16ga,8,True,True,plate,,True,False,False,False,False,True,2017-05-17,B,True
P-104359,C10390,Assembly Aluminum 18ga,assembly,aluminum,18ga,5,True,True,anodize,,False,True,False,False,False,True,2020-05-20,A,True
P-104360,C10762,Panel CRS 0.125in,panel,crs,0.125in,5,False,False,powder,gray,False,False,False,False,False,True,2013-11-28,A,True
P-104363,C11608,Bracket Galvanneal 16ga,bracket,galvanneal,16ga,3,False,False,plate,,True,False,False,False,False,True,2019-02-04,A,True
P-104371,C10965,Panel Galvanneal 18ga,panel,galvanneal,18ga,6,False,False,none,,False,False,False,False,False,True,2014-09-16,A,True
P-104374,C11062,Weldment CRS 16ga,weldment,crs,16ga,8,True,True,powder,gray,False,False,False,False,False,True,2020-12-13,A,True
P-104378,C11136,Chassis CRS 16ga,chassis,crs,16ga,10,False,False,powder,beige,False,False,False,False,False,True,2013-02-20,A,False
P-104380,C12944,Bracket CRS 11ga,bracket,crs,11ga,2,False,False,plate,,True,False,False,False,False,True,2016-04-27,A,True
P-104385,C10483,Panel Aluminum 11ga,panel,aluminum,11ga,3,False,False,none,,False,False,False,False,False,True,2018-03-11,A,True
P-104387,C10006,Bracket CRS 18ga,bracket,crs,18ga,4,False,False,plate,,True,False,False,False,False,True,2022-01-21,A,True
P-104392,C10159,Bracket Stainless 0.250in,bracket,stainless,0.250in,2,True,False,powder,black,False,False,False,False,False,True,2018-09-04,B,True
P-104398,C10276,Panel Aluminum 18ga,panel,aluminum,18ga,6,False,True,none,,False,False,False,False,False,True,2019-08-15,B,True
P-104400,C11693,Assembly CRS 18ga,assembly,crs,18ga,6,False,True,plate,,True,False,False,False,False,True,2022-03-26,D,True
P-104401,C11142,Chassis CRS 20ga,chassis,crs,20ga,7,True,False,plate,,True,False,False,False,False,True,2017-11-11,A,True
P-104409,C10071,Bracket Stainless 16ga,bracket,stainless,16ga,1,True,True,powder,black,False,False,False,False,False,True,2016-02-08,D,True
P-104411,C11489,Bracket CRS 14ga,bracket,crs,14ga,2,False,False,none,,False,False,False,False,True,True,2022-03-14,A,False
P-104413,C10810,Enclosure CRS 18ga,enclosure,crs,18ga,11,False,False,powder,white,False,False,False,True,False,True,2016-12-25,A,True
P-104415,C10081,Enclosure CRS 0.125in,enclosure,crs,0.125in,6,False,False,none,,False,False,False,False,False,True,2021-10-31,A,True
P-104417,C10397,Bracket Galvanneal 14ga,bracket,galvanneal,14ga,1,False,False,none,,False,False,False,False,False,True,2018-08-21,B,True
P-104422,C10071,Enclosure Aluminum 16ga,enclosure,aluminum,16ga,12,True,True,powder,red,False,False,True,False,False,True,2018-05-08,A,True
P-104424,C10019,Chassis CRS 14ga,chassis,crs,14ga,9,False,False,none,,False,False,False,False,False,True,2018-10-03,C,True
P-104429,C10006,Assembly Aluminum 14ga,assembly,aluminum,14ga,10,True,False,none,,False,False,False,False,False,True,2013-10-16,A,True
P-104435,C12524,Weldment Aluminum 20ga,weldment,aluminum,20ga,5,True,False,powder,gray,False,False,False,False,False,True,2016-02-20,A,True
P-104443,C10269,Enclosure CRS 14ga,enclosure,crs,14ga,11,True,True,plate,,True,False,False,False,False,True,2019-12-22,B,True
P-104445,C10006,Weldment Stainless 16ga,weldment,stainless,16ga,4,True,False,powder,white,False,False,False,False,False,True,2015-12-15,C,True
P-104453,C10418,Chassis CRS 0.250in,chassis,crs,0.250in,5,True,True,powder,blue,False,False,False,False,False,True,2016-11-28,A,True
P-104456,C10714,Assembly CRS 16ga,assembly,crs,16ga,5,True,False,plate,,True,False,False,False,True,True,2020-05-14,A,True
P-104460,C11010,Assembly Stainless 18ga,assembly,stainless,18ga,3,False,False,plate,,True,False,False,False,False,True,2019-05-28,A,True
P-104467,C10573,Assembly CRS 11ga,assembly,crs,11ga,6,True,True,plate,,True,False,False,False,False,True,2018-02-27,C,True
P-104472,C10208,Assembly Stainless 14ga,assembly,stainless,14ga,7,True,False,plate,,True,False,False,False,False,True,2015-06-01,B,True
P-104475,C10006,Bracket Aluminum 12ga,bracket,aluminum,12ga,3,False,True,none,,False,False,False,False,False,True,2019-08-11,B,True
P-104478,C10217,Weldment Galvanneal 18ga,weldment,galvanneal,18ga,8,True,True,plate,,True,False,False,False,False,True,2020-11-04,B,True
P-104482,C10336,Bracket CRS 16ga,bracket,crs,16ga,4,False,False,none,,False,False,False,False,False,True,2015-03-05,A,True
P-104483,C10071,Weldment CRS 11ga,weldment,crs,11ga,2,True,False,none,,False,False,False,False,True,True,2019-06-15,D,True
P-104491,C10132,Chassis CRS 12ga,chassis,crs,12ga,8,True,True,plate,,True,False,False,False,False,True,2012-01-15,A,True
P-104492,C11188,Panel Stainless 18ga,panel,stainless,18ga,5,False,False,none,,False,False,False,False,False,True,2015-05-02,C,True
P-104493,C10081,Panel CRS 12ga,panel,crs,12ga,5,False,False,plate,,True,False,False,False,False,True,2022-01-20,B,True
P-104495,C10297,Enclosure Stainless 18ga,enclosure,stainless,18ga,9,True,True,powder,blue,False,False,False,False,False,True,2015-11-25,A,True
P-104500,C10814,Weldment CRS 14ga,weldment,crs,14ga,3,True,True,powder,gray,False,False,False,False,False,True,2022-05-27,A,True
P-104504,C11190,Enclosure CRS 14ga,enclosure,crs,14ga,11,True,False,none,,False,False,False,False,False,True,2015-02-13,A,True
P-104506,C11284,Panel CRS 18ga,panel,crs,18ga,5,False,False,none,,False,False,False,False,False,True,2015-02-05,A,False
P-104510,C11075,Panel Stainless 14ga,panel,stainless,14ga,6,False,False,none,,False,False,False,False,False,True,2018-11-20,C,False
P-104512,C10950,Assembly CRS 0.250in,assembly,crs,0.250in,10,True,False,none,,False,False,False,False,False,True,2016-11-29,A,False
P-104515,C10257,Bracket Galvanneal 16ga,bracket,galvanneal,16ga,3,False,True,none,,False,False,False,False,False,True,2012-02-17,B,True
P-104521,C12524,Weldment Galvanneal 16ga,weldment,galvanneal,16ga,6,True,False,none,,False,False,False,False,False,True,2012-04-24,A,True
P-104529,C10235,Bracket Galvanneal 20ga,bracket,galvanneal,20ga,1,False,True,plate,,True,False,False,False,False,True,2016-04-15,C,True
P-104532,C10200,Weldment Aluminum 18ga,weldment,aluminum,18ga,4,True,True,anodize,,False,True,False,False,False,True,2020-07-17,A,True
P-104536,C11419,Enclosure Galvanneal 18ga,enclosure,galvanneal,18ga,6,False,False,powder,white,False,False,False,False,False,True,2021-07-08,B,True
P-104542,C11964,Chassis CRS 16ga,chassis,crs,16ga,5,False,False,powder,beige,False,False,False,False,False,True,2021-08-21,A,False
P-104545,C10011,Enclosure CRS 14ga,enclosure,crs,14ga,13,True,False,none,,False,False,False,False,False,True,2013-09-18,D,True
P-104549,C10086,Panel Stainless 20ga,panel,stainless,20ga,3,True,False,plate,,True,False,False,False,False,True,2022-03-05,A,True
P-104552,C10086,Bracket CRS 14ga,bracket,crs,14ga,1,False,True,powder,gray,False,False,False,False,False,True,2015-12-04,D,True
P-104559,C11004,Bracket Stainless 16ga,bracket,stainless,16ga,2,False,True,powder,red,False,False,False,False,False,True,2016-05-27,A,False
P-104566,C10041,Bracket CRS 16ga,bracket,crs,16ga,3,False,True,plate,,True,False,False,False,False,True,2015-04-02,D,True
P-104570,C10144,Bracket CRS 14ga,bracket,crs,14ga,1,False,False,powder,beige,False,False,True,False,False,True,2012-01-20,A,True
P-104578,C10161,Weldment Galvanneal 14ga,weldment,galvanneal,14ga,7,True,False,none,,False,False,False,False,False,True,2020-02-23,D,True
P-104580,C10684,Panel CRS 14ga,panel,crs,14ga,2,False,False,powder,black,False,False,False,False,False,True,2020-04-29,A,True
P-104585,C10200,Panel CRS 12ga,panel,crs,12ga,5,False,False,plate,,True,False,False,False,False,True,2022-01-20,B,True
P-104590,C11168,Enclosure Aluminum 18ga,enclosure,aluminum,18ga,10,True,True,powder,white,False,False,False,False,False,True,2022-05-23,D,False
P-104595,C10081,Enclosure CRS 16ga,enclosure,crs,16ga,14,True,True,plate,,True,False,False,False,False,True,2017-07-15,B,True
P-104602,C12245,Weldment Galvanneal 16ga,weldment,galvanneal,16ga,4,True,True,none,,False,False,False,False,False,True,2012-03-15,C,True
P-104605,C10033,Weldment Galvanneal 14ga,weldment,galvanneal,14ga,6,True,False,plate,,True,False,False,False,False,True,2016-03-11,B,True
P-104612,C10192,Chassis Galvanneal 14ga,chassis,galvanneal,14ga,8,False,True,none,,False,False,False,False,True,True,2022-03-03,A,True
P-104617,C10081,Assembly CRS 20ga,assembly,crs,20ga,8,True,True,none,,False,False,False,False,False,True,2016-08-25,A,True
P-104624,C11430,Weldment CRS 14ga,weldment,crs,14ga,3,True,False,powder,beige,False,False,False,False,True,True,2012-04-14,B,True
P-104629,C10006,Chassis Galvanneal 16ga,chassis,galvanneal,16ga,8,False,False,plate,,True,False,False,False,False,True,2014-09-03,D,True
P-104636,C10745,Weldment Galvanneal 16ga,weldment,galvanneal,16ga,6,True,False,powder,red,False,False,False,False,False,True,2013-05-18,C,True
P-104642,C11025,Bracket Stainless 18ga,bracket,stainless,18ga,4,False,False,powder,beige,False,False,False,False,False,True,2014-01-21,B,True
P-104643,C10767,Weldment Galvanneal 16ga,weldment,galvanneal,16ga,3,True,True,none,,False,False,False,False,False,True,2013-10-10,A,True
P-104651,C10175,Bracket CRS 12ga,bracket,crs,12ga,4,False,True,none,,False,False,False,False,False,True,2019-09-08,C,True
P-104653,C10011,Bracket Aluminum 16ga,bracket,aluminum,16ga,4,False,False,none,,False,False,False,False,False,True,2020-12-31,A,True
P-104657,C10006,Weldment CRS 16ga,weldment,crs,16ga,7,True,True,powder,beige,False,False,False,False,False,True,2015-06-04,C,True
P-104663,C10208,Enclosure CRS 16ga,enclosure,crs,16ga,7,True,False,none,,False,False,False,False,False,True,2013-08-19,B,True
P-104666,C11759,Assembly Stainless 20ga,assembly,stainless,20ga,10,False,True,powder,white,False,False,False,False,False,True,2020-02-26,D,False
P-104672,C10006,Panel Galvanneal 18ga,panel,galvanneal,18ga,2,False,False,powder,blue,False,False,False,False,False,True,2019-10-17,B,True
P-104674,C10144,Weldment Aluminum 18ga,weldment,aluminum,18ga,2,True,False,none,,False,False,False,False,False,True,2021-04-06,A,True
P-104678,C10173,Enclosure Stainless 16ga,enclosure,stainless,16ga,6,False,False,none,,False,False,False,False,False,True,2017-10-08,B,True
P-104682,C10006,Bracket CRS 16ga,bracket,crs,16ga,3,True,True,powder,blue,False,False,False,False,False,True,2021-02-19,B,True
P-104689,C10297,Weldment Stainless 18ga,weldment,stainless,18ga,2,True,True,plate,,True,False,False,False,False,True,2016-07-04,B,True
P-104693,C10200,Enclosure CRS 16ga,enclosure,crs,16ga,7,False,True,powder,gray,False,False,False,False,False,True,2022-01-19,A,True
P-104701,C10011,Panel Stainless 11ga,panel,stainless,11ga,5,False,False,powder,gray,False,False,False,False,False,True,2013-02-14,D,True
P-104708,C10096,Panel Stainless 18ga,panel,stainless,18ga,5,False,False,powder,beige,False,False,False,False,False,True,2012-05-13,B,True
P-104709,C10107,Panel CRS 11ga,panel,crs,11ga,5,False,True,powder,gray,False,False,False,False,False,True,2018-01-14,A,True
P-104710,C10107,Chassis CRS 16ga,chassis,crs,16ga,12,True,False,powder,red,False,False,False,False,False,True,2019-05-19,A,True
P-104716,C10900,Weldment CRS 14ga,weldment,crs,14ga,4,True,False,powder,gray,False,False,False,False,False,True,2013-10-17,A,True
P-104722,C10041,Weldment CRS 16ga,weldment,crs,16ga,8,True,True,plate,,True,False,False,False,False,True,2012-07-12,A,True
P-104724,C11979,Chassis CRS 16ga,chassis,crs,16ga,8,True,False,none,,False,False,False,False,True,True,2019-02-27,A,True
P-104730,C10242,Chassis CRS 18ga,chassis,crs,18ga,5,True,False,plate,,True,False,False,False,False,True,2013-08-25,C,False
P-104734,C10071,Panel CRS 14ga,panel,crs,14ga,6,False,False,powder,white,False,False,False,False,False,True,2019-03-12,A,True
P-104741,C11743,Panel Stainless 18ga,panel,stainless,18ga,6,False,True,none,,False,False,False,False,False,True,2012-10-14,B,False
P-104746,C11349,Bracket Stainless 16ga,bracket,stainless,16ga,1,False,True,powder,red,False,False,False,False,True,True,2017-05-10,C,False
P-104753,C10762,Enclosure CRS 11ga,enclosure,crs,11ga,14,True,False,none,,False,False,False,False,False,True,2014-08-31,C,False
P-104760,C11092,Bracket CRS 16ga,bracket,crs,16ga,2,False,True,powder,gray,False,False,False,False,False,True,2018-12-01,D,True
P-104762,C10071,Weldment CRS 14ga,weldment,crs,14ga,3,True,False,powder,white,False,False,False,False,False,True,2021-05-26,A,True
P-104763,C10114,Panel CRS 16ga,panel,crs,16ga,5,False,True,plate,,True,False,False,True,False,True,2019-11-22,B,True
P-104768,C10767,Weldment Stainless 20ga,weldment,stainless,20ga,2,True,True,none,,False,False,False,False,True,True,2014-01-31,B,False
P-104770,C10114,Bracket CRS 14ga,bracket,crs,14ga,4,False,True,none,,False,False,False,False,False,True,2014-05-13,A,True
P-104774,C10096,Enclosure Stainless 20ga,enclosure,stainless,20ga,6,False,False,plate,,True,False,False,False,False,True,2016-03-12,C,True
P-104776,C12088,Enclosure Stainless 18ga,enclosure,stainless,18ga,14,False,False,powder,beige,False,False,False,False,False,True,2018-03-02,D,True
P-104777,C10376,Assembly Galvanneal 16ga,assembly,galvanneal,16ga,3,True,False,plate,,True,False,False,False,False,True,2019-11-12,A,True
P-104785,C10215,Bracket Stainless 14ga,bracket,stainless,14ga,2,False,False,none,,False,False,False,False,False,True,2021-12-16,D,True
P-104793,C10603,Panel CRS 20ga,panel,crs,20ga,5,False,False,powder,black,False,False,False,False,False,True,2014-11-22,A,True
P-104798,C10745,Panel Galvanneal 16ga,panel,galvanneal,16ga,5,False,False,none,,False,False,False,False,False,True,2017-10-20,B,True
P-104806,C12746,Panel CRS 14ga,panel,crs,14ga,2,False,True,plate,,True,False,False,False,False,True,2017-11-25,A,True
P-104808,C11046,Bracket CRS 18ga,bracket,crs,18ga,1,False,True,none,,False,False,False,False,False,True,2022-02-08,B,True
P-104814,C10430,Bracket CRS 14ga,bracket,crs,14ga,4,False,False,plate,,True,False,False,False,False,True,2015-09-28,B,True
P-104820,C10161,Enclosure CRS 12ga,enclosure,crs,12ga,12,True,False,none,,False,False,False,False,False,True,2020-09-10,A,True
P-104825,C10006,Bracket CRS 16ga,bracket,crs,16ga,3,False,True,none,,False,False,False,False,False,True,2013-05-11,B,True
P-104829,C11412,Bracket Stainless 14ga,bracket,stainless,14ga,4,False,False,powder,white,False,False,False,False,False,True,2018-01-26,C,False
P-104833,C10114,Enclosure Galvanneal 16ga,enclosure,galvanneal,16ga,12,True,False,powder,black,False,False,False,False,False,True,2018-06-14,A,True
P-104836,C10114,Bracket Aluminum 14ga,bracket,aluminum,14ga,4,False,False,none,,False,False,True,False,False,True,2015-07-30,C,True
P-104841,C10591,Bracket Galvanneal 16ga,bracket,galvanneal,16ga,1,False,True,plate,,True,False,False,False,False,True,2022-02-17,C,True
P-104848,C10159,Enclosure Aluminum 12ga,enclosure,aluminum,12ga,11,False,False,none,,False,False,False,False,False,True,2020-07-19,B,True
P-104850,C11708,Panel Stainless 12ga,panel,stainless,12ga,5,False,False,powder,black,False,False,False,False,False,True,2020-05-08,A,True
P-104851,C12253,Chassis Aluminum 18ga,chassis,aluminum,18ga,7,False,True,none,,False,False,False,False,False,True,2016-05-03,A,True
P-104859,C11190,Enclosure CRS 16ga,enclosure,crs,16ga,10,True,True,none,,False,False,False,False,False,True,2014-01-31,B,True
P-104861,C11498,Weldment Aluminum 14ga,weldment,aluminum,14ga,6,True,False,none,,False,False,False,False,False,True,2021-05-28,A,True
P-104866,C10397,Weldment Stainless 12ga,weldment,stainless,12ga,3,True,False,powder,black,False,False,False,False,False,True,2019-08-04,B,True
P-104869,C10053,Bracket Stainless 18ga,bracket,stainless,18ga,2,False,False,powder,gray,False,False,False,False,False,True,2013-02-09,B,True
P-104874,C10011,Assembly CRS 14ga,assembly,crs,14ga,5,True,False,plate,,True,False,False,False,True,True,2014-02-15,A,True
P-104882,C13094,Assembly Stainless 16ga,assembly,stainless,16ga,10,False,True,none,,False,False,False,False,False,True,2017-05-03,A,False
P-104887,C11838,Panel Stainless 16ga,panel,stainless,16ga,5,False,False,powder,white,False,False,False,False,False,True,2014-10-04,A,False
P-104890,C11900,Bracket Galvanneal 20ga,bracket,galvanneal,20ga,3,False,True,none,,False,False,False,False,False,True,2012-04-14,A,False
P-104898,C10071,Panel CRS 20ga,panel,crs,20ga,5,False,False,plate,,True,False,False,False,False,True,2018-01-29,B,True
P-104906,C10470,Enclosure CRS 12ga,enclosure,crs,12ga,12,True,True,plate,,True,False,False,False,False,True,2019-05-26,D,True
P-104914,C10096,Enclosure CRS 11ga,enclosure,crs,11ga,13,True,False,powder,black,False,False,False,False,False,True,2017-12-31,B,True
P-104916,C10132,Panel Galvanneal 14ga,panel,galvanneal,14ga,4,False,False,none,,False,False,False,False,False,True,2019-11-03,B,True
P-104921,C12888,Panel CRS 20ga,panel,crs,20ga,6,False,True,none,,False,False,False,False,False,True,2016-08-25,C,True
P-104922,C10762,Chassis CRS 16ga,chassis,crs,16ga,5,False,True,none,,False,False,False,False,False,True,2021-11-26,B,True
P-104926,C10826,Bracket CRS 18ga,bracket,crs,18ga,2,False,False,none,,False,False,False,False,True,True,2016-08-15,A,True
P-104927,C11608,Chassis CRS 14ga,chassis,crs,14ga,9,False,False,powder,black,False,False,False,False,False,True,2018-07-11,C,False
P-104930,C11626,Panel Galvanneal 12ga,panel,galvanneal,12ga,6,False,True,powder,beige,False,False,False,False,False,True,2021-04-06,C,False
P-104937,C10006,Panel Aluminum 14ga,panel,aluminum,14ga,5,False,False,anodize,,False,True,False,False,False,True,2019-10-29,A,True
P-104944,C10784,Panel Galvanneal 14ga,panel,galvanneal,14ga,4,False,True,plate,,True,False,False,False,False,True,2014-02-24,B,True
P-104948,C10556,Enclosure Galvanneal 16ga,enclosure,galvanneal,16ga,11,False,False,plate,,True,False,False,False,False,True,2021-04-11,A,False
P-104956,C10556,Bracket Aluminum 16ga,bracket,aluminum,16ga,1,False,False,anodize,,False,True,False,False,False,True,2014-03-06,B,False
P-104958,C12276,Chassis CRS 0.125in,chassis,crs,0.125in,7,False,False,plate,,True,False,False,False,False,True,2013-01-04,C,True
P-104965,C11158,Bracket CRS 11ga,bracket,crs,11ga,1,False,False,powder,black,False,False,False,False,False,True,2016-06-24,C,True
P-104967,C10380,Weldment Galvanneal 20ga,weldment,galvanneal,20ga,2,True,False,powder,black,False,False,False,False,False,True,2012-11-11,A,True
P-104972,C10215,Panel Stainless 0.250in,panel,stainless,0.250in,5,False,False,plate,,True,False,False,False,False,True,2021-06-15,B,True
P-104980,C10006,Enclosure CRS 18ga,enclosure,crs,18ga,8,False,True,powder,white,False,False,False,False,False,True,2018-04-19,A,True
P-104982,C11524,Bracket Stainless 20ga,bracket,stainless,20ga,2,False,False,none,,False,False,False,False,False,True,2016-07-29,A,True
P-104986,C10192,Weldment Aluminum 20ga,weldment,aluminum,20ga,7,True,False,none,,False,False,True,False,False,True,2015-06-10,D,True
P-104994,C10801,Weldment CRS 14ga,weldment,crs,14ga,3,True,False,powder,red,False,False,False,False,False,True,2018-09-06,A,True
P-104995,C12412,Weldment CRS 12ga,weldment,crs,12ga,6,True,False,powder,white,False,False,True,False,False,True,2016-09-26,B,True
P-104996,C10123,Bracket Stainless 0.125in,bracket,stainless,0.125in,2,False,False,plate,,True,False,False,False,False,True,2014-07-08,A,True
P-104999,C10344,Enclosure Galvanneal 16ga,enclosure,galvanneal,16ga,13,False,True,none,,False,False,False,False,False,True,2019-01-12,B,True
P-105000,C11158,Bracket CRS 16ga,bracket,crs,16ga,4,False,True,none,,False,False,False,False,False,True,2019-12-11,D,True
P-105006,C10102,Assembly Stainless 14ga,assembly,stainless,14ga,5,False,True,powder,white,False,False,False,False,False,True,2014-10-12,B,True
P-105007,C10071,Assembly Galvanneal 18ga,assembly,galvanneal,18ga,9,False,False,none,,False,False,False,False,False,True,2018-10-23,A,True
P-105013,C10293,Chassis Stainless 18ga,chassis,stainless,18ga,9,False,False,none,,False,False,False,False,False,True,2012-10-18,B,True
P-105020,C10019,Enclosure CRS 20ga,enclosure,crs,20ga,8,False,False,powder,gray,False,False,False,False,False,True,2017-07-20,B,True
P-105021,C10684,Weldment CRS 20ga,weldment,crs,20ga,8,True,True,plate,,True,False,False,False,False,True,2021-02-04,D,True
P-105025,C13141,Chassis CRS 14ga,chassis,crs,14ga,12,True,False,plate,,True,False,False,False,False,True,2015-12-05,A,False
P-105032,C12377,Bracket CRS 18ga,bracket,crs,18ga,3,False,False,powder,gray,False,False,False,False,False,True,2016-05-02,D,False
P-105039,C10006,Chassis Stainless 18ga,chassis,stainless,18ga,10,True,True,none,,False,False,False,False,True,True,2022-04-23,B,True
P-105043,C12533,Panel CRS 14ga,panel,crs,14ga,5,False,False,powder,gray,False,False,False,False,False,True,2014-02-23,C,False
P-105044,C10954,Panel CRS 18ga,panel,crs,18ga,6,False,False,none,,False,False,False,False,False,True,2014-03-08,A,True
P-105052,C10033,Panel Stainless 16ga,panel,stainless,16ga,5,False,True,powder,blue,False,False,False,False,False,True,2017-02-14,A,True
P-105053,C10647,Assembly Aluminum 14ga,assembly,aluminum,14ga,5,True,True,powder,black,False,False,False,False,False,True,2015-09-20,D,True
P-105061,C12981,Assembly CRS 16ga,assembly,crs,16ga,9,True,True,none,,False,False,False,False,False,True,2018-09-24,A,True
P-105064,C10200,Enclosure Aluminum 16ga,enclosure,aluminum,16ga,14,True,False,anodize,,False,True,False,False,False,True,2017-09-14,A,True
P-105069,C10006,Panel Galvanneal 18ga,panel,galvanneal,18ga,5,False,True,none,,False,False,False,False,False,True,2018-01-05,C,True
P-105076,C10019,Chassis CRS 18ga,chassis,crs,18ga,12,False,True,powder,black,False,False,True,False,False,True,2019-09-04,B,True
P-105079,C10006,Panel Stainless 16ga,panel,stainless,16ga,6,False,False,powder,white,False,False,False,False,False,True,2012-03-21,D,True
P-105087,C10114,Chassis CRS 11ga,chassis,crs,11ga,10,True,False,powder,blue,False,False,False,False,False,True,2022-03-13,A,True
P-105090,C10269,Enclosure CRS 20ga,enclosure,crs,20ga,8,True,False,plate,,True,False,False,False,True,True,2012-02-28,D,True
P-105093,C10011,Bracket CRS 12ga,bracket,crs,12ga,3,False,True,powder,white,False,False,False,False,False,True,2020-01-31,D,True
P-105096,C10322,Enclosure CRS 11ga,enclosure,crs,11ga,6,True,True,powder,gray,False,False,False,False,False,True,2012-09-03,A,True
P-105098,C10483,Bracket Stainless 14ga,bracket,stainless,14ga,1,False,False,none,,False,False,False,False,True,True,2014-01-26,C,True
P-105099,C11381,Weldment CRS 0.250in,weldment,crs,0.250in,8,True,False,plate,,True,False,True,False,False,True,2016-07-02,D,False
P-105103,C10053,Bracket CRS 18ga,bracket,crs,18ga,4,False,True,none,,False,False,False,False,False,True,2012-11-01,A,True
P-105107,C10826,Panel Stainless 16ga,panel,stainless,16ga,3,False,True,powder,black,False,False,False,False,False,True,2012-06-13,B,True
P-105108,C10086,Enclosure Stainless 14ga,enclosure,stainless,14ga,11,False,True,powder,red,False,False,False,False,False,True,2014-10-22,B,True
P-105112,C11904,Bracket Galvanneal 18ga,bracket,galvanneal,18ga,3,False,False,none,,False,False,False,False,False,True,2017-05-19,A,False
P-105118,C12008,Panel Stainless 16ga,panel,stainless,16ga,2,False,True,powder,gray,False,False,False,False,False,True,2013-08-13,B,True
P-105126,C12688,Weldment Galvanneal 20ga,weldment,galvanneal,20ga,7,True,True,none,,False,False,False,False,False,True,2012-04-15,D,True
P-105129,C11131,Panel Aluminum 11ga,panel,aluminum,11ga,4,False,True,anodize,,False,True,False,False,False,True,2018-02-16,C,True
P-105134,C10096,Weldment CRS 18ga,weldment,crs,18ga,2,True,True,powder,blue,False,False,False,False,False,True,2016-08-05,A,True
P-105137,C10418,Chassis Galvanneal 20ga,chassis,galvanneal,20ga,6,True,False,none,,False,False,False,False,False,True,2013-11-28,C,False
P-105138,C10006,Weldment Stainless 16ga,weldment,stainless,16ga,7,True,False,none,,False,False,False,False,False,True,2018-01-10,A,True
P-105143,C11616,Enclosure CRS 14ga,enclosure,crs,14ga,12,True,False,none,,False,False,False,False,True,True,2015-09-24,A,True
P-105151,C10132,Chassis Stainless 18ga,chassis,stainless,18ga,9,True,True,powder,white,False,False,False,False,False,True,2014-06-15,B,True
P-105156,C10071,Chassis CRS 12ga,chassis,crs,12ga,12,True,False,powder,black,False,False,False,False,False,True,2013-08-20,A,True
P-105161,C10926,Enclosure CRS 18ga,enclosure,crs,18ga,12,True,True,none,,False,False,False,False,False,True,2019-12-04,A,True
P-105164,C10494,Enclosure Aluminum 18ga,enclosure,aluminum,18ga,7,True,True,powder,beige,False,False,False,False,True,True,2019-11-15,A,True
P-105172,C12047,Bracket CRS 16ga,bracket,crs,16ga,1,True,True,plate,,True,False,True,False,True,True,2014-11-19,D,False
P-105178,C10081,Bracket Galvanneal 16ga,bracket,galvanneal,16ga,4,False,True,powder,black,False,False,False,False,False,True,2012-01-21,A,True
P-105185,C10006,Weldment CRS 16ga,weldment,crs,16ga,2,True,False,none,,False,False,False,False,True,True,2017-01-08,B,True
P-105189,C10248,Assembly CRS 14ga,assembly,crs,14ga,4,True,False,none,,False,False,False,False,False,True,2020-11-26,A,True
P-105192,C10332,Enclosure CRS 14ga,enclosure,crs,14ga,14,True,False,none,,False,False,False,False,False,True,2021-10-17,B,True
P-105194,C11190,Enclosure Stainless 14ga,enclosure,stainless,14ga,12,True,True,powder,beige,False,False,False,False,False,True,2016-07-08,B,False
P-105202,C10390,Weldment CRS 14ga,weldment,crs,14ga,6,True,True,powder,beige,False,False,False,False,False,True,2018-12-25,A,True
P-105208,C10993,Bracket CRS 18ga,bracket,crs,18ga,2,False,True,none,,False,False,False,False,False,True,2017-07-20,A,True
P-105213,C10081,Bracket CRS 16ga,bracket,crs,16ga,2,False,False,none,,False,False,False,False,False,True,2016-08-17,C,True
P-105214,C13074,Panel Stainless 20ga,panel,stainless,20ga,2,False,False,powder,black,False,False,False,False,False,True,2020-06-30,B,False
P-105216,C13033,Weldment CRS 16ga,weldment,crs,16ga,6,True,False,powder,gray,False,False,False,False,False,True,2018-04-08,A,False
P-105220,C10501,Panel CRS 14ga,panel,crs,14ga,2,False,False,powder,black,False,False,False,False,False,True,2016-12-28,C,True
P-105225,C10041,Weldment Galvanneal 16ga,weldment,galvanneal,16ga,2,True,False,powder,black,False,False,False,False,False,True,2020-10-28,A,True
P-105230,C10096,Bracket CRS 0.125in,bracket,crs,0.125in,2,False,True,none,,False,False,False,False,False,True,2022-03-27,B,True
P-105238,C10006,Weldment CRS 0.250in,weldment,crs,0.250in,3,True,False,powder,black,False,False,False,False,False,True,2018-05-05,A,True
P-105240,C11616,Assembly Galvanneal 18ga,assembly,galvanneal,18ga,5,False,False,none,,False,False,False,False,False,True,2017-08-25,A,True
P-105242,C12578,Weldment CRS 18ga,weldment,crs,18ga,3,True,True,none,,False,False,False,False,False,True,2013-01-02,B,False
P-105247,C13088,Panel Stainless 16ga,panel,stainless,16ga,2,False,False,plate,,True,False,False,False,False,True,2014-08-30,B,True
P-105251,C10173,Weldment CRS 11ga,weldment,crs,11ga,4,True,True,plate,,True,False,False,False,False,True,2021-07-15,B,True
P-105253,C10006,Weldment CRS 20ga,weldment,crs,20ga,8,True,True,none,,False,False,False,False,False,True,2014-09-05,D,True
P-105261,C11537,Panel CRS 16ga,panel,crs,16ga,6,False,True,powder,beige,False,False,True,False,False,True,2019-04-01,A,True
P-105266,C12783,Weldment Galvanneal 18ga,weldment,galvanneal,18ga,4,True,True,none,,False,False,False,False,False,True,2017-01-31,A,False
P-105267,C11498,Bracket Stainless 16ga,bracket,stainless,16ga,4,False,True,powder,beige,False,False,False,False,False,True,2017-08-11,A,False
P-105273,C10019,Chassis Aluminum 18ga,chassis,aluminum,18ga,12,False,True,none,,False,False,False,False,False,True,2020-01-29,C,True
P-105281,C10376,Assembly Galvanneal 20ga,assembly,galvanneal,20ga,9,True,False,powder,white,False,False,False,False,False,True,2018-07-20,A,False
P-105287,C10071,Bracket Aluminum 16ga,bracket,aluminum,16ga,2,False,False,none,,False,False,False,False,False,True,2016-05-19,A,True
P-105293,C10225,Weldment CRS 14ga,weldment,crs,14ga,7,True,True,none,,False,False,False,False,False,True,2020-03-25,B,True
P-105301,C12075,Weldment Stainless 14ga,weldment,stainless,14ga,8,True,False,none,,False,False,False,False,False,True,2016-08-16,B,True
P-105307,C10102,Weldment Stainless 11ga,weldment,stainless,11ga,6,True,False,plate,,True,False,False,False,False,True,2021-07-29,A,True
P-105308,C10950,Panel CRS 11ga,panel,crs,11ga,2,False,True,powder,white,False,False,False,False,False,True,2016-03-02,A,True
P-105311,C12172,Weldment Aluminum 12ga,weldment,aluminum,12ga,8,True,False,none,,False,False,False,False,False,True,2021-08-25,D,False
P-105315,C12217,Assembly Galvanneal 14ga,assembly,galvanneal,14ga,9,True,False,plate,,True,False,False,False,False,True,2018-02-26,A,False
P-105323,C10081,Chassis Galvanneal 18ga,chassis,galvanneal,18ga,7,False,False,powder,black,False,False,False,False,False,True,2016-06-05,A,True
P-105328,C10483,Bracket Stainless 0.250in,bracket,stainless,0.250in,3,False,False,none,,False,False,False,False,False,True,2017-10-23,A,True
P-105331,C10784,Enclosure CRS 14ga,enclosure,crs,14ga,7,False,True,powder,black,False,False,False,False,False,True,2020-03-07,D,False
P-105332,C10779,Panel Galvanneal 14ga,panel,galvanneal,14ga,3,False,True,plate,,True,False,False,False,False,True,2021-09-04,A,True
P-105335,C10515,Bracket Aluminum 14ga,bracket,aluminum,14ga,1,False,True,powder,black,False,False,False,False,False,True,2017-03-12,A,True
P-105336,C11668,Enclosure Aluminum 11ga,enclosure,aluminum,11ga,12,False,False,powder,beige,False,False,False,False,False,True,2016-05-07,B,False
P-105343,C11632,Weldment Galvanneal 20ga,weldment,galvanneal,20ga,6,True,True,powder,gray,False,False,False,False,False,True,2014-09-04,B,True
P-105346,C10423,Chassis CRS 14ga,chassis,crs,14ga,6,False,False,powder,beige,False,False,False,False,False,True,2012-06-23,A,True
P-105348,C11188,Weldment Stainless 16ga,weldment,stainless,16ga,7,True,False,none,,False,False,False,False,True,True,2016-05-04,A,True
P-105352,C12126,Bracket Aluminum 14ga,bracket,aluminum,14ga,2,False,True,none,,False,False,False,False,False,True,2016-06-10,A,False
P-105353,C10107,Panel CRS 11ga,panel,crs,11ga,3,False,False,none,,False,False,False,False,False,True,2015-12-14,D,True
P-105360,C10336,Chassis CRS 18ga,chassis,crs,18ga,7,True,False,none,,False,False,False,True,False,True,2020-06-30,A,True
P-105366,C10257,Assembly CRS 20ga,assembly,crs,20ga,5,False,False,plate,,True,False,False,False,False,True,2015-06-22,A,True
P-105373,C10276,Panel Galvanneal 18ga,panel,galvanneal,18ga,2,False,False,powder,blue,False,False,False,False,False,True,2016-09-11,D,False
P-105375,C10762,Chassis Stainless 20ga,chassis,stainless,20ga,11,True,True,none,,False,False,False,False,False,True,2018-04-19,B,False
P-105380,C12304,Bracket Galvanneal 20ga,bracket,galvanneal,20ga,1,False,True,none,,False,False,False,False,False,True,2021-02-16,D,True
P-105382,C10900,Panel Galvanneal 14ga,panel,galvanneal,14ga,4,False,False,none,,False,False,False,False,False,True,2019-11-30,B,False
P-105386,C10081,Bracket CRS 16ga,bracket,crs,16ga,1,False,False,none,,False,False,False,False,False,True,2013-11-15,D,True
P-105394,C12075,Weldment Galvanneal 20ga,weldment,galvanneal,20ga,8,True,False,powder,black,False,False,False,False,False,True,2022-04-23,C,False
P-105399,C10418,Enclosure CRS 20ga,enclosure,crs,20ga,6,False,False,powder,red,False,False,False,False,False,True,2014-10-24,A,True
P-105407,C10071,Bracket Galvanneal 12ga,bracket,galvanneal,12ga,2,False,False,none,,False,False,False,False,False,True,2017-06-07,A,True
P-105414,C11430,Chassis CRS 20ga,chassis,crs,20ga,10,True,False,none,,False,False,False,False,False,True,2019-05-21,A,True
P-105420,C10483,Enclosure CRS 16ga,enclosure,crs,16ga,14,False,False,powder,black,False,False,False,False,False,True,2012-01-15,B,False
P-105427,C10242,Bracket Galvanneal 16ga,bracket,galvanneal,16ga,1,False,True,plate,,True,False,False,True,False,True,2017-01-13,A,True
P-105431,C10024,Enclosure CRS 16ga,enclosure,crs,16ga,10,True,False,powder,beige,False,False,False,False,False,True,2014-04-16,A,True
P-105434,C10011,Enclosure Aluminum 16ga,enclosure,aluminum,16ga,9,True,True,anodize,,False,True,False,False,False,True,2021-10-26,B,True
P-105440,C11188,Chassis Galvanneal 0.125in,chassis,galvanneal,0.125in,5,False,False,none,,False,False,False,False,False,True,2018-01-27,D,False
P-105441,C10515,Weldment Aluminum 18ga,weldment,aluminum,18ga,7,True,False,anodize,,False,True,False,False,False,True,2018-06-30,B,True
P-105449,C12088,Enclosure Galvanneal 18ga,enclosure,galvanneal,18ga,12,False,True,plate,,True,False,False,False,True,True,2021-01-28,B,False
P-105456,C10440,Bracket Aluminum 18ga,bracket,aluminum,18ga,4,False,True,none,,False,False,False,False,False,True,2022-03-04,A,True
P-105463,C11188,Bracket Stainless 12ga,bracket,stainless,12ga,2,False,True,none,,False,False,False,False,False,True,2017-11-10,D,False
P-105467,C12347,Bracket Galvanneal 14ga,bracket,galvanneal,14ga,1,False,True,powder,gray,False,False,False,False,False,True,2020-03-13,C,False
P-105473,C10573,Bracket Aluminum 11ga,bracket,aluminum,11ga,4,False,False,none,,False,False,False,False,False,True,2014-02-08,B,False
P-105477,C11112,Chassis Stainless 16ga,chassis,stainless,16ga,5,True,False,none,,False,False,False,False,False,True,2016-02-20,C,True
P-105482,C10573,Chassis Aluminum 20ga,chassis,aluminum,20ga,9,False,True,anodize,,False,True,False,False,False,True,2016-12-24,A,True
P-105488,C10159,Weldment CRS 14ga,weldment,crs,14ga,8,True,False,powder,blue,False,False,False,False,False,True,2015-01-07,C,True
P-105494,C11641,Bracket CRS 11ga,bracket,crs,11ga,4,False,False,none,,False,False,False,False,False,True,2012-11-07,A,False
P-105499,C10563,Panel Stainless 12ga,panel,stainless,12ga,5,False,False,none,,False,False,True,False,False,True,2014-01-23,B,False
P-105501,C10086,Bracket Galvanneal 14ga,bracket,galvanneal,14ga,2,False,False,powder,black,False,False,False,False,False,True,2018-10-07,A,True
P-105503,C10102,Chassis Aluminum 12ga,chassis,aluminum,12ga,10,True,False,none,,False,False,False,False,False,True,2013-01-15,C,True
P-105511,C10701,Panel Aluminum 14ga,panel,aluminum,14ga,2,False,False,none,,False,False,False,False,False,True,2015-02-09,B,True
P-105517,C10071,Assembly CRS 14ga,assembly,crs,14ga,8,False,False,powder,red,False,False,False,False,False,True,2017-02-15,A,True
P-105524,C10483,Panel Galvanneal 11ga,panel,galvanneal,11ga,5,False,True,plate,,True,False,False,False,False,True,2022-02-07,A,False
P-105530,C10123,Bracket CRS 14ga,bracket,crs,14ga,1,False,False,powder,white,False,False,False,False,False,True,2019-03-06,B,True
P-105537,C10071,Enclosure CRS 18ga,enclosure,crs,18ga,14,False,True,none,,False,False,False,False,False,True,2012-05-06,A,True
P-105541,C10217,Bracket Stainless 0.250in,bracket,stainless,0.250in,4,False,True,powder,black,False,False,False,False,False,True,2020-08-09,A,True
P-105543,C13055,Weldment CRS 14ga,weldment,crs,14ga,5,True,False,plate,,True,False,False,False,False,True,2021-11-07,B,False
P-105550,C10096,Weldment Galvanneal 0.125in,weldment,galvanneal,0.125in,7,True,False,none,,False,False,False,False,False,True,2012-02-10,A,True
P-105555,C10217,Weldment Stainless 12ga,weldment,stainless,12ga,2,True,True,powder,white,False,False,False,False,False,True,2016-02-22,A,True
P-105558,C10102,Bracket Stainless 16ga,bracket,stainless,16ga,1,False,True,none,,False,False,False,False,False,True,2018-02-05,B,True
P-105562,C11083,Assembly CRS 18ga,assembly,crs,18ga,5,True,False,plate,,True,False,False,False,False,True,2016-01-24,A,True
P-105564,C10762,Bracket Stainless 14ga,bracket,stainless,14ga,4,False,False,powder,gray,False,False,False,False,False,True,2019-01-04,C,False
P-105569,C10544,Panel CRS 14ga,panel,crs,14ga,3,False,True,none,,False,False,False,False,False,True,2012-10-01,C,True
P-105575,C12602,Bracket CRS 16ga,bracket,crs,16ga,3,False,False,powder,black,False,False,False,False,False,True,2012-03-11,A,False
P-105577,C10071,Chassis CRS 16ga,chassis,crs,16ga,6,True,False,none,,False,False,False,False,False,True,2014-07-18,B,True
P-105584,C10071,Chassis CRS 18ga,chassis,crs,18ga,12,False,False,plate,,True,False,False,False,False,True,2014-08-29,A,True
P-105591,C10067,Bracket Stainless 20ga,bracket,stainless,20ga,1,False,True,none,,False,False,False,False,False,True,2020-06-02,A,True
P-105594,C11992,Enclosure Aluminum 18ga,enclosure,aluminum,18ga,9,True,False,powder,blue,False,False,False,False,False,True,2021-12-14,A,False
P-105599,C10102,Panel CRS 11ga,panel,crs,11ga,2,False,True,plate,,True,False,False,False,False,True,2021-10-09,B,True
P-105603,C10071,Panel Stainless 16ga,panel,stainless,16ga,4,False,True,powder,white,False,False,True,False,False,True,2021-06-18,A,True
P-105606,C11616,Assembly Stainless 16ga,assembly,stainless,16ga,5,False,False,powder,gray,False,False,False,False,False,True,2019-05-20,D,False
P-105609,C10261,Panel Galvanneal 18ga,panel,galvanneal,18ga,5,False,True,powder,black,False,False,False,False,True,True,2019-06-10,A,True
P-105615,C11419,Bracket CRS 11ga,bracket,crs,11ga,2,False,True,plate,,True,False,False,False,True,True,2017-06-04,D,False
P-105621,C10024,Bracket Aluminum 14ga,bracket,aluminum,14ga,1,False,False,none,,False,False,False,False,False,True,2015-01-11,A,True
P-105629,C10006,Chassis CRS 12ga,chassis,crs,12ga,8,False,False,plate,,True,False,False,False,False,True,2014-07-16,A,True
P-105630,C10033,Weldment Stainless 20ga,weldment,stainless,20ga,4,True,False,plate,,True,False,False,False,False,True,2016-08-29,B,True
P-105634,C10011,Weldment Galvanneal 18ga,weldment,galvanneal,18ga,6,True,True,plate,,True,False,False,False,False,True,2020-06-25,C,True
P-105640,C10071,Bracket CRS 18ga,bracket,crs,18ga,1,False,False,powder,blue,False,False,False,False,False,True,2019-08-13,A,True
P-105641,C11971,Bracket Galvanneal 16ga,bracket,galvanneal,16ga,2,False,False,plate,,True,False,False,False,False,True,2012-07-13,B,True
P-105645,C10024,Bracket CRS 20ga,bracket,crs,20ga,2,False,False,powder,red,False,False,False,False,False,True,2016-06-21,B,True
P-105652,C10878,Assembly CRS 14ga,assembly,crs,14ga,10,False,True,powder,beige,False,False,False,False,False,True,2020-12-29,B,True
P-105657,C10102,Bracket CRS 14ga,bracket,crs,14ga,1,True,False,none,,False,False,False,False,False,True,2017-12-06,B,True
P-105658,C12183,Weldment Galvanneal 16ga,weldment,galvanneal,16ga,7,True,False,powder,white,False,False,False,False,False,True,2022-05-14,A,False
P-105665,C11004,Chassis CRS 18ga,chassis,crs,18ga,7,True,False,none,,False,False,False,False,False,True,2019-10-10,B,True
P-105667,C11083,Bracket Aluminum 18ga,bracket,aluminum,18ga,2,False,True,powder,red,False,False,False,False,False,True,2013-08-11,C,False
P-105670,C12762,Enclosure Aluminum 18ga,enclosure,aluminum,18ga,14,True,False,none,,False,False,False,False,False,True,2014-09-29,C,True
P-105673,C10081,Bracket Galvanneal 16ga,bracket,galvanneal,16ga,3,False,True,none,,False,False,False,False,False,True,2017-07-04,A,True
P-105675,C10175,Enclosure CRS 20ga,enclosure,crs,20ga,8,True,False,powder,black,False,False,False,False,False,True,2017-08-07,A,True
P-105682,C10096,Assembly CRS 16ga,assembly,crs,16ga,10,True,False,plate,,True,False,False,False,False,True,2017-01-26,B,False
P-105685,C10976,Weldment Aluminum 14ga,weldment,aluminum,14ga,4,True,False,powder,black,False,False,False,False,False,True,2016-04-30,C,True
P-105692,C10721,Bracket Stainless 20ga,bracket,stainless,20ga,3,False,True,plate,,True,False,False,False,False,True,2015-02-28,D,True
P-105700,C10276,Enclosure Galvanneal 14ga,enclosure,galvanneal,14ga,11,False,False,none,,False,False,False,False,False,True,2019-08-08,C,False
P-105704,C10380,Enclosure Stainless 12ga,enclosure,stainless,12ga,14,True,True,none,,False,False,False,False,False,True,2015-12-12,B,True
P-105712,C10701,Bracket Aluminum 18ga,bracket,aluminum,18ga,2,False,False,powder,black,False,False,False,False,False,True,2018-02-01,A,True
P-105718,C11221,Enclosure Galvanneal 11ga,enclosure,galvanneal,11ga,14,False,False,powder,blue,False,False,False,False,False,True,2022-01-10,B,False
P-105723,C10024,Bracket Aluminum 14ga,bracket,aluminum,14ga,2,False,False,powder,white,False,False,False,False,False,True,2018-04-29,A,True
P-105727,C10024,Weldment Galvanneal 0.250in,weldment,galvanneal,0.250in,3,True,True,plate,,True,False,False,False,False,True,2017-11-25,B,True
P-105733,C10293,Assembly CRS 20ga,assembly,crs,20ga,10,False,False,powder,beige,False,False,False,False,False,True,2016-02-07,A,True
P-105735,C10011,Enclosure CRS 14ga,enclosure,crs,14ga,8,True,True,plate,,True,False,True,False,False,True,2017-08-18,D,True
P-105738,C10086,Weldment Galvanneal 18ga,weldment,galvanneal,18ga,5,True,False,plate,,True,False,False,False,False,True,2014-12-11,A,True
P-105743,C10376,Bracket Stainless 14ga,bracket,stainless,14ga,3,True,True,plate,,True,False,True,False,True,True,2020-01-08,D,False
P-105748,C10701,Bracket Stainless 14ga,bracket,stainless,14ga,2,False,False,powder,black,False,False,False,False,False,True,2020-12-29,A,False
P-105750,C10081,Panel CRS 18ga,panel,crs,18ga,4,False,False,plate,,True,False,False,False,False,True,2019-10-29,B,False
P-105751,C10006,Bracket Stainless 14ga,bracket,stainless,14ga,1,False,True,plate,,True,False,False,False,False,True,2014-09-21,A,True
P-105754,C11578,Weldment CRS 12ga,weldment,crs,12ga,2,True,False,powder,gray,False,False,False,False,False,True,2016-07-14,A,False
P-105761,C11589,Bracket Galvanneal 16ga,bracket,galvanneal,16ga,1,False,False,plate,,True,False,False,False,False,True,2016-06-18,C,True
P-105762,C10006,Weldment CRS 12ga,weldment,crs,12ga,6,True,True,none,,False,False,False,False,False,True,2022-03-25,D,True
P-105769,C11075,Enclosure Galvanneal 18ga,enclosure,galvanneal,18ga,9,False,False,none,,False,False,False,False,False,True,2021-09-12,C,True
P-105775,C11616,Bracket Galvanneal 12ga,bracket,galvanneal,12ga,2,False,True,plate,,True,False,False,False,True,True,2017-05-15,B,False
P-105779,C10380,Panel CRS 16ga,panel,crs,16ga,2,False,False,plate,,True,False,False,False,False,True,2016-11-13,D,False
P-105783,C12533,Enclosure CRS 14ga,enclosure,crs,14ga,12,True,False,plate,,True,False,False,False,False,True,2015-03-29,A,False
P-105786,C10102,Assembly Aluminum 18ga,assembly,aluminum,18ga,10,False,False,anodize,,False,True,False,False,False,True,2019-09-03,A,True
P-105788,C10033,Weldment Stainless 20ga,weldment,stainless,20ga,2,True,True,powder,blue,False,False,False,False,False,True,2017-07-22,A,True
P-105791,C10019,Chassis CRS 0.250in,chassis,crs,0.250in,5,False,False,plate,,True,False,False,False,False,True,2012-10-27,A,True
P-105797,C10132,Enclosure CRS 16ga,enclosure,crs,16ga,12,True,True,powder,gray,False,False,False,False,False,True,2021-04-10,A,True
P-105798,C11269,Chassis CRS 14ga,chassis,crs,14ga,12,False,False,plate,,True,False,False,False,False,True,2014-09-29,C,True
P-105802,C10081,Assembly CRS 14ga,assembly,crs,14ga,3,True,False,plate,,True,False,False,False,False,True,2018-02-13,B,True
P-105805,C11489,Weldment CRS 16ga,weldment,crs,16ga,3,True,True,plate,,True,False,False,False,False,True,2019-05-03,B,True
P-105810,C12276,Chassis CRS 18ga,chassis,crs,18ga,8,False,False,none,,False,False,False,False,False,True,2013-04-06,B,False
P-105818,C10920,Weldment CRS 16ga,weldment,crs,16ga,4,True,True,powder,white,False,False,False,False,False,True,2017-12-09,B,False
P-105820,C11235,Assembly CRS 14ga,assembly,crs,14ga,6,True,True,none,,False,False,False,False,False,True,2021-06-17,B,True
P-105823,C10591,Assembly Stainless 16ga,assembly,stainless,16ga,8,False,False,powder,black,False,False,False,False,False,True,2021-05-14,C,False
P-105828,C12703,Enclosure Aluminum 14ga,enclosure,aluminum,14ga,10,True,True,anodize,,False,True,False,False,False,True,2012-06-30,A,False
P-105834,C10081,Weldment Aluminum 16ga,weldment,aluminum,16ga,5,True,False,none,,False,False,False,False,False,True,2013-12-28,A,True
P-105838,C10102,Panel Galvanneal 18ga,panel,galvanneal,18ga,3,False,False,powder,gray,False,False,False,False,True,True,2015-12-03,A,True
P-105841,C10086,Weldment CRS 20ga,weldment,crs,20ga,3,True,False,powder,black,False,False,False,False,False,True,2012-07-20,C,True
P-105849,C11772,Enclosure Aluminum 0.125in,enclosure,aluminum,0.125in,6,True,True,powder,gray,False,False,False,False,False,True,2020-05-07,A,False
P-105854,C10107,Chassis Aluminum 14ga,chassis,aluminum,14ga,5,True,True,powder,white,False,False,False,False,False,True,2021-04-23,A,True
P-105861,C10506,Bracket Galvanneal 12ga,bracket,galvanneal,12ga,2,False,False,powder,white,False,False,False,False,True,True,2019-01-21,B,True
P-105865,C10011,Enclosure Stainless 14ga,enclosure,stainless,14ga,14,True,True,none,,False,False,False,False,False,True,2021-06-15,B,True
P-105873,C11893,Assembly Galvanneal 0.125in,assembly,galvanneal,0.125in,9,False,False,none,,False,False,False,False,False,True,2015-11-28,A,True
P-105878,C10071,Assembly CRS 11ga,assembly,crs,11ga,6,True,True,powder,blue,False,False,False,False,False,True,2019-04-18,C,True
P-105879,C10042,Weldment CRS 14ga,weldment,crs,14ga,6,True,True,powder,black,False,False,False,False,False,True,2015-10-15,B,True
P-105880,C10114,Enclosure Galvanneal 0.250in,enclosure,galvanneal,0.250in,7,False,False,none,,False,False,False,False,False,True,2014-03-30,B,True
P-105885,C11676,Enclosure CRS 14ga,enclosure,crs,14ga,13,False,False,powder,gray,False,False,False,False,False,True,2013-06-09,A,True
P-105890,C10276,Weldment CRS 16ga,weldment,crs,16ga,7,True,False,plate,,True,False,True,False,False,True,2015-04-15,A,False
P-105892,C10976,Weldment Aluminum 14ga,weldment,aluminum,14ga,5,True,False,none,,False,False,False,False,False,True,2012-08-18,D,False
P-105896,C12464,Bracket CRS 16ga,bracket,crs,16ga,3,False,False,none,,False,False,False,False,True,True,2019-07-24,A,True
P-105899,C10107,Assembly CRS 14ga,assembly,crs,14ga,5,True,True,plate,,True,False,False,False,True,True,2017-12-30,A,True
P-105902,C10102,Enclosure CRS 12ga,enclosure,crs,12ga,7,False,True,plate,,True,False,False,False,False,True,2014-11-10,A,True
P-105908,C10096,Panel CRS 16ga,panel,crs,16ga,2,False,False,none,,False,False,False,False,False,True,2015-01-09,A,True
P-105911,C12938,Panel CRS 16ga,panel,crs,16ga,3,False,True,powder,red,False,False,False,False,False,True,2012-03-28,D,True
P-105916,C13061,Panel Stainless 12ga,panel,stainless,12ga,4,True,True,plate,,True,False,False,False,False,True,2015-03-27,A,False
P-105924,C10701,Weldment Stainless 20ga,weldment,stainless,20ga,4,True,True,powder,gray,False,False,False,False,False,True,2016-06-12,A,True
P-105925,C11374,Weldment Galvanneal 0.125in,weldment,galvanneal,0.125in,5,True,False,none,,False,False,False,False,False,True,2016-03-31,A,True
P-105929,C12556,Assembly CRS 16ga,assembly,crs,16ga,6,False,True,none,,False,False,False,False,False,True,2020-03-20,A,True
P-105935,C10102,Bracket CRS 12ga,bracket,crs,12ga,1,False,True,none,,False,False,False,False,False,True,2013-12-16,B,True
P-105941,C10096,Bracket CRS 12ga,bracket,crs,12ga,4,False,True,none,,False,False,False,False,False,True,2018-02-07,B,True
P-105942,C10081,Weldment Galvanneal 18ga,weldment,galvanneal,18ga,8,True,True,none,,False,False,False,False,False,True,2020-03-19,A,True
P-105947,C10615,Bracket Stainless 14ga,bracket,stainless,14ga,4,False,False,none,,False,False,False,False,False,True,2022-03-31,B,True
P-105950,C11608,Panel CRS 18ga,panel,crs,18ga,5,False,False,plate,,True,False,False,False,False,True,2016-06-06,B,False
P-105952,C10042,Enclosure Aluminum 16ga,enclosure,aluminum,16ga,7,False,True,anodize,,False,True,False,False,False,True,2018-08-13,C,True
P-105956,C12245,Panel CRS 14ga,panel,crs,14ga,5,False,False,none,,False,False,False,False,False,True,2013-04-27,A,True
P-105962,C11842,Bracket CRS 18ga,bracket,crs,18ga,2,True,False,powder,blue,False,False,False,False,False,True,2012-02-20,A,True
P-105965,C10132,Bracket Galvanneal 0.250in,bracket,galvanneal,0.250in,2,False,True,powder,black,False,False,False,False,False,True,2020-06-21,C,True
P-105969,C10071,Panel CRS 11ga,panel,crs,11ga,4,False,False,powder,black,False,False,False,False,False,True,2022-04-10,B,True
P-105971,C11221,Enclosure Galvanneal 12ga,enclosure,galvanneal,12ga,12,True,True,none,,False,False,False,False,False,True,2021-06-03,B,False
P-105974,C10123,Enclosure Galvanneal 12ga,enclosure,galvanneal,12ga,11,True,False,plate,,True,False,False,False,False,True,2019-01-18,C,True
P-105981,C11225,Weldment Galvanneal 11ga,weldment,galvanneal,11ga,7,True,False,none,,False,False,False,False,True,True,2012-10-27,D,False
P-105989,C10694,Bracket CRS 20ga,bracket,crs,20ga,4,False,False,none,,False,False,False,False,False,True,2021-12-30,D,True
P-105996,C10123,Panel Galvanneal 16ga,panel,galvanneal,16ga,2,False,False,powder,red,False,False,False,False,False,True,2015-01-17,B,True
P-106002,C12036,Weldment CRS 14ga,weldment,crs,14ga,5,True,True,none,,False,False,False,False,False,True,2017-03-25,B,True
P-106008,C10954,Weldment Galvanneal 16ga,weldment,galvanneal,16ga,6,True,False,powder,gray,False,False,False,False,False,True,2019-04-15,B,False
P-106013,C10081,Chassis Galvanneal 16ga,chassis,galvanneal,16ga,12,True,False,none,,False,False,False,False,False,True,2018-10-11,D,True
P-106014,C12732,Panel Galvanneal 14ga,panel,galvanneal,14ga,5,False,False,none,,False,False,False,False,True,True,2016-01-27,B,False
P-106015,C10235,Bracket CRS 18ga,bracket,crs,18ga,3,False,True,none,,False,False,False,False,False,True,2018-01-05,A,True
P-106018,C10019,Assembly Galvanneal 16ga,assembly,galvanneal,16ga,9,True,True,plate,,True,False,False,False,False,True,2022-04-27,D,True
P-106021,C10920,Assembly CRS 20ga,assembly,crs,20ga,3,False,False,none,,False,False,False,False,False,True,2020-11-02,B,False
P-106027,C10071,Chassis Stainless 14ga,chassis,stainless,14ga,12,True,True,none,,False,False,False,False,False,True,2019-07-28,D,True
P-106034,C10071,Panel Galvanneal 18ga,panel,galvanneal,18ga,3,False,False,powder,black,False,False,False,False,False,True,2022-02-17,D,True
P-106036,C10591,Weldment Galvanneal 11ga,weldment,galvanneal,11ga,6,True,True,plate,,True,False,False,False,False,True,2013-06-07,B,False
P-106042,C10138,Assembly CRS 16ga,assembly,crs,16ga,9,False,False,plate,,True,False,False,False,False,True,2015-06-22,A,True
P-106049,C11075,Bracket CRS 16ga,bracket,crs,16ga,3,False,False,powder,beige,False,False,False,False,False,True,2016-12-13,B,False
P-106055,C13006,Panel CRS 18ga,panel,crs,18ga,6,False,True,none,,False,False,False,False,False,True,2017-06-28,A,False
P-106058,C10293,Chassis CRS 16ga,chassis,crs,16ga,12,True,False,powder,beige,False,False,False,False,True,True,2016-10-05,A,True
P-106066,C10161,Weldment Aluminum 11ga,weldment,aluminum,11ga,4,True,False,anodize,,False,True,False,False,False,True,2022-05-18,A,True
P-106074,C13055,Assembly CRS 20ga,assembly,crs,20ga,7,True,False,none,,False,False,False,False,False,True,2018-12-01,A,False
P-106080,C10011,Assembly CRS 12ga,assembly,crs,12ga,3,False,True,plate,,True,False,False,False,True,True,2013-12-23,A,True
P-106086,C12566,Enclosure Stainless 18ga,enclosure,stainless,18ga,13,True,True,none,,False,False,False,False,False,True,2018-10-17,C,False
P-106090,C10081,Bracket CRS 16ga,bracket,crs,16ga,2,False,True,none,,False,False,False,False,False,True,2016-02-13,A,True
P-106098,C10081,Enclosure Galvanneal 0.125in,enclosure,galvanneal,0.125in,14,True,False,none,,False,False,False,False,False,True,2016-04-19,C,True
P-106103,C11718,Panel CRS 18ga,panel,crs,18ga,3,False,True,plate,,True,False,False,False,False,True,2022-02-02,B,True
P-106108,C10096,Weldment Stainless 18ga,weldment,stainless,18ga,6,True,True,powder,beige,False,False,False,False,False,True,2018-04-17,A,True
P-106112,C10011,Weldment CRS 16ga,weldment,crs,16ga,5,True,False,powder,gray,False,False,False,False,True,True,2017-09-20,A,True
P-106117,C10776,Assembly CRS 20ga,assembly,crs,20ga,5,False,False,none,,False,False,False,False,True,True,2016-09-18,A,True
P-106119,C12664,Panel CRS 16ga,panel,crs,16ga,2,False,False,none,,False,False,False,False,True,True,2021-10-18,D,True
P-106123,C10081,Panel CRS 12ga,panel,crs,12ga,2,False,True,powder,gray,False,False,False,False,False,True,2022-05-28,B,True
P-106126,C10544,Bracket CRS 14ga,bracket,crs,14ga,1,False,False,plate,,True,False,False,False,False,True,2014-12-20,A,False
P-106132,C11421,Enclosure Stainless 16ga,enclosure,stainless,16ga,6,False,True,powder,gray,False,False,False,False,True,True,2022-01-14,D,True
P-106140,C10086,Weldment CRS 14ga,weldment,crs,14ga,3,True,False,none,,False,False,False,False,False,True,2012-05-24,A,True
P-106145,C11971,Bracket Stainless 16ga,bracket,stainless,16ga,3,False,False,none,,False,False,False,False,False,True,2019-05-27,B,False
P-106148,C10900,Enclosure CRS 14ga,enclosure,crs,14ga,14,False,False,none,,False,False,False,False,False,True,2016-07-04,A,True
P-106152,C10161,Enclosure Stainless 18ga,enclosure,stainless,18ga,9,True,True,powder,gray,False,False,False,False,False,True,2021-03-26,A,True
P-106160,C10470,Bracket CRS 16ga,bracket,crs,16ga,1,False,True,plate,,True,False,False,False,False,True,2012-05-14,C,False
P-106167,C12079,Bracket CRS 14ga,bracket,crs,14ga,2,False,False,powder,beige,False,False,False,False,False,True,2013-09-19,B,False
P-106169,C10322,Weldment CRS 11ga,weldment,crs,11ga,2,True,True,none,,False,False,False,False,False,True,2022-05-17,A,True
P-106171,C10293,Chassis Galvanneal 16ga,chassis,galvanneal,16ga,12,False,True,plate,,True,False,False,False,False,True,2019-03-17,D,False
P-106173,C12412,Panel CRS 20ga,panel,crs,20ga,3,False,False,powder,white,False,False,False,False,False,True,2014-07-18,C,False
P-106179,C13006,Panel Aluminum 12ga,panel,aluminum,12ga,4,False,True,anodize,,False,True,False,False,False,True,2019-05-31,A,False
P-106180,C10192,Weldment Stainless 18ga,weldment,stainless,18ga,4,True,False,plate,,True,False,False,False,True,True,2013-08-20,D,True
P-106185,C10269,Assembly CRS 20ga,assembly,crs,20ga,5,False,True,powder,red,False,False,False,False,False,True,2019-02-06,A,True
P-106192,C10376,Bracket Aluminum 16ga,bracket,aluminum,16ga,1,False,False,powder,black,False,False,False,False,False,True,2017-09-16,B,False
P-106196,C10580,Enclosure CRS 20ga,enclosure,crs,20ga,14,True,False,powder,red,False,False,False,False,True,True,2016-02-28,A,True
P-106202,C12777,Bracket CRS 16ga,bracket,crs,16ga,4,False,False,none,,False,False,False,False,False,True,2012-05-25,B,True
P-106208,C10463,Weldment CRS 14ga,weldment,crs,14ga,6,True,False,none,,False,False,False,False,False,True,2018-12-15,B,True
P-106210,C10114,Enclosure CRS 16ga,enclosure,crs,16ga,10,True,True,none,,False,False,False,False,False,True,2016-06-11,D,True
P-106211,C10276,Chassis CRS 14ga,chassis,crs,14ga,6,True,True,none,,False,False,False,False,False,True,2018-06-13,D,False
P-106215,C10361,Chassis Stainless 20ga,chassis,stainless,20ga,6,True,False,powder,black,False,False,False,False,False,True,2016-06-05,A,True
P-106222,C10950,Panel CRS 14ga,panel,crs,14ga,5,False,True,powder,red,False,False,False,False,False,True,2019-12-28,A,False
P-106228,C12583,Enclosure Galvanneal 14ga,enclosure,galvanneal,14ga,13,True,True,powder,blue,False,False,False,False,True,True,2012-05-30,A,True
P-106230,C10269,Enclosure CRS 16ga,enclosure,crs,16ga,8,False,True,powder,gray,False,False,False,False,False,True,2020-03-28,A,False
P-106231,C10006,Bracket Galvanneal 12ga,bracket,galvanneal,12ga,3,False,True,plate,,True,False,False,False,False,True,2021-06-17,B,True
P-106235,C10006,Panel CRS 16ga,panel,crs,16ga,5,False,True,powder,white,False,False,False,False,False,True,2012-08-30,B,True
P-106241,C10081,Bracket Stainless 16ga,bracket,stainless,16ga,3,False,False,plate,,True,False,False,False,False,True,2017-03-15,A,True
P-106249,C10544,Bracket Galvanneal 12ga,bracket,galvanneal,12ga,1,False,False,powder,black,False,False,False,False,False,True,2013-12-18,B,True
P-106254,C10086,Panel CRS 16ga,panel,crs,16ga,4,False,True,plate,,True,False,True,False,False,True,2014-12-13,A,True
P-106257,C10161,Bracket Stainless 16ga,bracket,stainless,16ga,3,False,False,plate,,True,False,False,False,False,True,2012-03-05,D,True
P-106259,C10024,Chassis Stainless 18ga,chassis,stainless,18ga,10,True,False,plate,,True,False,False,False,False,True,2016-07-19,A,False
P-106262,C10200,Panel Aluminum 18ga,panel,aluminum,18ga,2,False,False,powder,gray,False,False,False,False,False,True,2022-01-24,A,True
P-106265,C10071,Assembly Stainless 14ga,assembly,stainless,14ga,4,False,True,powder,black,False,False,False,False,False,True,2022-01-17,D,True
P-106267,C10081,Assembly CRS 20ga,assembly,crs,20ga,3,False,False,none,,False,False,False,False,False,True,2017-05-08,D,True
P-106275,C10926,Chassis Aluminum 18ga,chassis,aluminum,18ga,8,True,False,anodize,,False,True,False,False,False,True,2018-02-13,C,True
P-106276,C10914,Bracket CRS 14ga,bracket,crs,14ga,2,False,False,powder,white,False,False,False,False,False,True,2019-10-30,A,False
P-106282,C10365,Bracket Stainless 14ga,bracket,stainless,14ga,4,False,True,powder,black,False,False,False,False,False,True,2021-12-09,B,True
P-106287,C10042,Panel Galvanneal 16ga,panel,galvanneal,16ga,6,False,True,none,,False,False,False,True,False,True,2018-11-01,A,False
P-106289,C10081,Bracket Galvanneal 14ga,bracket,galvanneal,14ga,4,False,False,powder,blue,False,False,False,False,False,True,2015-05-17,A,False
P-106296,C11641,Bracket Stainless 16ga,bracket,stainless,16ga,3,False,True,plate,,True,False,False,False,False,True,2020-04-23,C,False
P-106299,C10019,Enclosure CRS 14ga,enclosure,crs,14ga,9,False,False,plate,,True,False,False,False,False,True,2020-06-12,C,False
P-106303,C10132,Chassis Aluminum 20ga,chassis,aluminum,20ga,5,True,True,powder,gray,False,False,False,False,False,True,2016-08-17,A,False
P-106305,C10071,Panel CRS 16ga,panel,crs,16ga,6,False,False,none,,False,False,False,False,False,True,2021-05-14,A,True
P-106308,C11158,Bracket CRS 14ga,bracket,crs,14ga,3,False,True,none,,False,False,False,False,True,True,2012-04-27,D,False
P-106310,C11743,Weldment Aluminum 18ga,weldment,aluminum,18ga,3,True,True,anodize,,False,True,False,False,True,True,2015-04-10,A,False
P-106317,C10900,Panel CRS 20ga,panel,crs,20ga,2,False,True,plate,,True,False,False,False,False,True,2020-01-15,A,False
P-106321,C11289,Weldment Stainless 14ga,weldment,stainless,14ga,2,True,False,none,,False,False,False,False,False,True,2012-08-31,A,False
P-106324,C10123,Panel Stainless 16ga,panel,stainless,16ga,3,False,False,plate,,True,False,False,False,False,True,2015-12-24,A,True
P-106328,C10071,Weldment CRS 20ga,weldment,crs,20ga,4,True,True,none,,False,False,False,False,False,True,2018-06-23,C,True
P-106334,C12142,Chassis Aluminum 16ga,chassis,aluminum,16ga,9,False,False,none,,False,False,False,False,False,True,2018-06-22,A,False
P-106335,C10006,Panel CRS 14ga,panel,crs,14ga,4,False,True,plate,,True,False,False,False,False,True,2020-10-17,A,True
P-106341,C10970,Bracket Galvanneal 20ga,bracket,galvanneal,20ga,3,False,True,powder,blue,False,False,False,False,False,True,2013-10-01,A,True
P-106346,C11646,Bracket CRS 12ga,bracket,crs,12ga,1,True,True,plate,,True,False,False,False,True,True,2020-05-24,B,False
P-106354,C10629,Bracket CRS 20ga,bracket,crs,20ga,2,False,False,powder,black,False,False,False,False,False,True,2013-03-18,A,True
P-106356,C12294,Assembly Galvanneal 11ga,assembly,galvanneal,11ga,4,True,False,none,,False,False,False,False,False,True,2013-01-16,D,True
P-106358,C13033,Bracket CRS 16ga,bracket,crs,16ga,2,False,True,none,,False,False,False,False,False,True,2022-01-24,B,False
P-106359,C11052,Panel CRS 20ga,panel,crs,20ga,2,False,True,none,,False,False,False,False,False,True,2018-08-02,B,True
P-106364,C11743,Panel Stainless 18ga,panel,stainless,18ga,5,False,False,plate,,True,False,False,False,False,True,2013-02-01,B,True
P-106365,C10024,Bracket Stainless 11ga,bracket,stainless,11ga,3,False,True,powder,black,False,False,False,False,False,True,2015-04-05,A,True
P-106371,C10132,Enclosure CRS 12ga,enclosure,crs,12ga,14,False,False,powder,beige,False,False,False,False,False,True,2019-02-03,B,True
P-106377,C10071,Weldment CRS 16ga,weldment,crs,16ga,6,True,True,none,,False,False,False,False,False,True,2012-11-07,A,True
P-106385,C10332,Chassis CRS 14ga,chassis,crs,14ga,12,True,True,powder,gray,False,False,False,False,False,True,2019-06-08,D,True
P-106386,C10151,Panel Galvanneal 12ga,panel,galvanneal,12ga,4,False,False,powder,gray,False,False,False,False,False,True,2013-06-08,D,True
P-106394,C12126,Weldment Galvanneal 14ga,weldment,galvanneal,14ga,6,True,False,none,,False,False,False,False,False,True,2016-11-30,B,False
P-106400,C12969,Panel CRS 0.125in,panel,crs,0.125in,4,True,True,none,,False,False,False,False,False,True,2014-05-29,C,False
P-106403,C10006,Weldment Aluminum 16ga,weldment,aluminum,16ga,2,True,False,powder,white,False,False,False,False,False,True,2020-12-04,A,True
P-106408,C10573,Assembly Galvanneal 14ga,assembly,galvanneal,14ga,6,False,False,none,,False,False,False,False,False,True,2022-03-25,A,False
P-106413,C11419,Chassis Stainless 20ga,chassis,stainless,20ga,6,True,False,powder,beige,False,False,False,False,False,True,2021-05-13,A,True
P-106415,C10175,Bracket CRS 20ga,bracket,crs,20ga,2,False,True,none,,False,False,False,False,False,True,2016-01-22,A,True
P-106416,C11608,Bracket CRS 12ga,bracket,crs,12ga,4,False,True,none,,False,False,False,False,False,True,2020-06-02,D,True
P-106422,C11225,Panel CRS 14ga,panel,crs,14ga,2,False,True,none,,False,False,False,False,False,True,2020-07-06,D,True
P-106424,C10011,Bracket CRS 18ga,bracket,crs,18ga,4,False,True,none,,False,False,False,False,False,True,2016-04-01,D,True
P-106427,C10041,Weldment Stainless 20ga,weldment,stainless,20ga,3,True,True,plate,,True,False,False,False,False,True,2021-06-10,C,True
P-106435,C11764,Bracket CRS 12ga,bracket,crs,12ga,1,False,False,none,,False,False,False,False,True,True,2013-05-16,B,True
P-106443,C10151,Bracket Galvanneal 16ga,bracket,galvanneal,16ga,1,False,False,powder,gray,False,False,False,False,False,True,2017-03-01,B,True
P-106444,C10053,Panel CRS 16ga,panel,crs,16ga,2,False,False,powder,black,False,False,False,False,False,True,2020-09-05,A,False
P-106449,C11718,Assembly CRS 20ga,assembly,crs,20ga,10,False,False,powder,red,False,False,False,False,False,True,2018-11-20,D,False
P-106453,C13006,Enclosure Stainless 14ga,enclosure,stainless,14ga,12,True,False,plate,,True,False,False,False,False,True,2015-09-30,D,True
P-106454,C10006,Panel CRS 18ga,panel,crs,18ga,2,False,False,powder,black,False,False,True,False,False,True,2015-03-18,A,False
P-106455,C12226,Assembly Stainless 18ga,assembly,stainless,18ga,10,False,True,powder,white,False,False,False,False,False,True,2013-05-21,A,False
P-106458,C11136,Bracket Galvanneal 12ga,bracket,galvanneal,12ga,4,False,False,powder,blue,False,False,False,False,False,True,2018-10-24,D,False
P-106459,C10456,Enclosure Stainless 18ga,enclosure,stainless,18ga,6,True,False,powder,white,False,False,False,False,False,True,2021-07-13,D,True
P-106467,C10011,Enclosure Stainless 14ga,enclosure,stainless,14ga,11,True,True,powder,blue,False,False,False,False,False,True,2019-01-01,D,True
P-106468,C12096,Weldment Galvanneal 16ga,weldment,galvanneal,16ga,4,True,True,none,,False,False,False,False,False,True,2021-08-10,D,True
P-106471,C12998,Enclosure Stainless 16ga,enclosure,stainless,16ga,11,True,False,powder,white,False,False,False,False,False,True,2016-05-26,A,False
P-106478,C13006,Weldment Galvanneal 12ga,weldment,galvanneal,12ga,6,True,False,none,,False,False,False,False,False,True,2014-03-24,C,False
P-106482,C12088,Weldment CRS 18ga,weldment,crs,18ga,5,True,True,powder,white,False,False,False,False,True,True,2019-09-15,D,False
P-106490,C10114,Bracket CRS 16ga,bracket,crs,16ga,1,False,False,plate,,True,False,False,False,False,True,2016-08-03,D,True
P-106497,C10041,Bracket CRS 14ga,bracket,crs,14ga,4,False,False,none,,False,False,False,False,False,True,2012-10-03,A,True
P-106499,C10814,Bracket Aluminum 0.125in,bracket,aluminum,0.125in,4,False,False,powder,blue,False,False,False,False,False,True,2013-09-08,B,False
P-106505,C10659,Enclosure Galvanneal 18ga,enclosure,galvanneal,18ga,6,True,False,powder,black,False,False,False,False,True,True,2017-07-02,A,True
P-106506,C10276,Chassis Aluminum 14ga,chassis,aluminum,14ga,10,False,False,powder,white,False,False,False,False,False,True,2021-12-11,A,False
P-106511,C10042,Weldment Aluminum 12ga,weldment,aluminum,12ga,5,True,False,none,,False,False,False,False,False,True,2021-11-25,A,True
P-106512,C10647,Assembly CRS 12ga,assembly,crs,12ga,10,False,False,powder,white,False,False,False,False,False,True,2022-04-09,B,False
P-106519,C10950,Weldment CRS 18ga,weldment,crs,18ga,3,True,False,powder,red,False,False,False,False,False,True,2014-12-18,A,False
P-106527,C13119,Weldment Stainless 12ga,weldment,stainless,12ga,3,True,False,none,,False,False,False,False,False,True,2017-07-30,A,True
P-106533,C12412,Assembly CRS 20ga,assembly,crs,20ga,8,True,True,none,,False,False,False,False,False,True,2019-03-17,A,False
P-106539,C10071,Weldment CRS 14ga,weldment,crs,14ga,8,True,False,none,,False,False,False,False,False,True,2015-03-21,A,True
P-106546,C12329,Panel CRS 18ga,panel,crs,18ga,2,False,False,plate,,True,False,True,False,False,True,2013-01-15,C,False
P-106553,C10248,Weldment Stainless 14ga,weldment,stainless,14ga,4,True,True,plate,,True,False,False,False,True,True,2014-04-19,B,False
P-106559,C10144,Weldment CRS 18ga,weldment,crs,18ga,5,True,False,powder,black,False,False,False,False,False,True,2012-11-11,A,True
P-106567,C12981,Panel CRS 0.250in,panel,crs,0.250in,3,False,True,none,,False,False,False,False,False,True,2022-01-27,B,False
P-106573,C10024,Panel Galvanneal 18ga,panel,galvanneal,18ga,2,True,False,none,,False,False,False,False,False,True,2021-12-08,C,True
P-106578,C11759,Weldment Galvanneal 14ga,weldment,galvanneal,14ga,4,True,False,none,,False,False,False,False,False,True,2020-11-26,A,True
P-106581,C13021,Assembly Galvanneal 14ga,assembly,galvanneal,14ga,7,False,True,powder,white,False,False,False,False,False,True,2016-01-16,B,True
P-106587,C10965,Bracket Galvanneal 12ga,bracket,galvanneal,12ga,1,False,False,powder,white,False,False,False,False,False,True,2020-08-17,A,False
P-106590,C10102,Panel CRS 16ga,panel,crs,16ga,3,False,False,none,,False,False,False,False,False,True,2013-04-28,A,True
P-106597,C10556,Enclosure CRS 14ga,enclosure,crs,14ga,14,True,False,plate,,True,False,True,False,False,True,2020-01-27,B,False
P-106602,C11103,Chassis Aluminum 11ga,chassis,aluminum,11ga,10,False,True,anodize,,False,True,False,False,False,True,2017-08-20,A,False
P-106604,C12546,Panel CRS 11ga,panel,crs,11ga,6,False,False,powder,beige,False,False,False,False,False,True,2014-08-23,A,False
P-106607,C10102,Assembly CRS 14ga,assembly,crs,14ga,7,True,False,none,,False,False,False,False,False,True,2012-08-16,A,True
P-106609,C11811,Chassis Galvanneal 14ga,chassis,galvanneal,14ga,7,False,False,none,,False,False,False,False,False,True,2014-06-29,A,True
P-106617,C10397,Enclosure Stainless 0.125in,enclosure,stainless,0.125in,14,False,False,powder,blue,False,False,False,False,False,True,2015-11-25,B,False
P-106625,C10215,Assembly CRS 14ga,assembly,crs,14ga,10,True,False,powder,gray,False,False,False,False,False,True,2019-12-10,A,False
P-106631,C10721,Chassis CRS 18ga,chassis,crs,18ga,11,False,False,powder,red,False,False,False,False,False,True,2015-10-29,A,False
P-106633,C10225,Bracket CRS 14ga,bracket,crs,14ga,3,False,False,none,,False,False,False,False,False,True,2021-10-18,B,True
P-106639,C11004,Panel Aluminum 18ga,panel,aluminum,18ga,6,False,False,anodize,,False,True,False,False,False,True,2019-01-15,A,False
P-106640,C11301,Enclosure CRS 16ga,enclosure,crs,16ga,12,True,False,powder,beige,False,False,False,False,False,True,2017-05-13,A,False
P-106644,C10409,Bracket CRS 18ga,bracket,crs,18ga,2,False,True,powder,white,False,False,False,False,False,True,2022-03-23,A,True
P-106645,C12540,Enclosure Aluminum 16ga,enclosure,aluminum,16ga,12,False,True,powder,black,False,False,False,False,False,True,2016-07-11,C,True
P-106646,C10186,Panel CRS 14ga,panel,crs,14ga,4,False,True,powder,black,False,False,False,False,True,True,2013-12-02,C,True
P-106652,C10235,Enclosure CRS 18ga,enclosure,crs,18ga,7,True,False,plate,,True,False,False,False,False,True,2016-09-18,A,True
P-106657,C10024,Assembly CRS 11ga,assembly,crs,11ga,6,False,False,powder,red,False,False,False,False,False,True,2012-08-08,D,False
P-106663,C10132,Weldment CRS 14ga,weldment,crs,14ga,7,True,True,powder,beige,False,False,False,False,False,True,2020-10-21,A,True
P-106668,C10006,Bracket Stainless 16ga,bracket,stainless,16ga,2,False,False,powder,black,False,False,False,False,False,True,2022-02-06,A,True
P-106670,C11412,Panel CRS 12ga,panel,crs,12ga,2,False,True,none,,False,False,False,False,False,True,2021-12-18,A,True
P-106673,C11861,Bracket Aluminum 11ga,bracket,aluminum,11ga,3,True,False,powder,black,False,False,False,False,False,True,2015-03-26,A,False
P-106681,C10242,Bracket CRS 14ga,bracket,crs,14ga,1,False,False,powder,white,False,False,False,False,False,True,2014-12-02,B,True
P-106684,C10767,Enclosure CRS 16ga,enclosure,crs,16ga,6,True,True,powder,black,False,False,False,False,False,True,2012-03-29,A,True
P-106689,C11936,Bracket CRS 11ga,bracket,crs,11ga,4,False,False,none,,False,False,False,False,False,True,2018-04-19,C,True
P-106697,C10801,Assembly Aluminum 11ga,assembly,aluminum,11ga,6,True,False,powder,gray,False,False,False,False,True,True,2015-01-12,C,True
P-106701,C10532,Panel Stainless 0.250in,panel,stainless,0.250in,2,False,True,none,,False,False,False,False,False,True,2018-10-14,A,True
P-106707,C10081,Assembly CRS 14ga,assembly,crs,14ga,5,True,False,powder,beige,False,False,False,False,False,True,2013-04-09,A,True
P-106714,C10826,Panel CRS 0.125in,panel,crs,0.125in,3,False,False,powder,blue,False,False,False,False,False,True,2016-04-17,D,False
P-106720,C10081,Weldment CRS 18ga,weldment,crs,18ga,4,True,True,powder,gray,False,False,False,False,False,True,2012-02-08,A,False
P-106726,C12347,Assembly Stainless 20ga,assembly,stainless,20ga,5,False,True,powder,red,False,False,False,False,False,True,2014-02-28,C,False
P-106732,C10235,Bracket Aluminum 16ga,bracket,aluminum,16ga,3,False,True,powder,blue,False,False,False,False,False,True,2016-06-28,A,True
P-106734,C10138,Enclosure Aluminum 16ga,enclosure,aluminum,16ga,12,True,False,powder,gray,False,False,False,False,False,True,2018-03-20,C,True
P-106739,C10380,Bracket Stainless 0.250in,bracket,stainless,0.250in,2,False,False,none,,False,False,False,False,True,True,2012-06-01,C,True
P-106747,C12245,Weldment Galvanneal 12ga,weldment,galvanneal,12ga,7,True,False,powder,gray,False,False,False,False,False,True,2021-11-30,A,False
P-106755,C11225,Panel CRS 20ga,panel,crs,20ga,3,False,True,none,,False,False,False,False,False,True,2012-06-21,A,False
P-106763,C10494,Enclosure CRS 16ga,enclosure,crs,16ga,14,True,True,powder,beige,False,False,False,True,False,True,2013-11-12,B,True
P-106765,C10006,Enclosure CRS 16ga,enclosure,crs,16ga,10,True,False,none,,False,False,False,False,False,True,2018-09-02,B,False
P-106771,C10071,Bracket Stainless 14ga,bracket,stainless,14ga,2,False,False,none,,False,False,False,False,False,True,2012-09-11,B,True
P-106779,C10418,Panel CRS 14ga,panel,crs,14ga,6,False,True,powder,black,False,False,False,False,False,True,2019-12-08,A,False
P-106781,C11019,Chassis Galvanneal 18ga,chassis,galvanneal,18ga,5,False,False,powder,beige,False,False,False,False,False,True,2020-04-23,D,False
P-106783,C12546,Bracket CRS 12ga,bracket,crs,12ga,3,False,True,powder,red,False,False,False,False,False,True,2015-01-20,B,False
P-106786,C10297,Bracket CRS 11ga,bracket,crs,11ga,4,False,False,none,,False,False,False,False,False,True,2013-01-26,A,True
P-106790,C10071,Assembly CRS 12ga,assembly,crs,12ga,10,True,True,plate,,True,False,False,False,False,True,2021-05-20,D,True
P-106794,C11046,Assembly Aluminum 0.125in,assembly,aluminum,0.125in,3,True,True,anodize,,False,True,False,False,False,True,2017-05-06,B,True
P-106801,C10081,Assembly Galvanneal 14ga,assembly,galvanneal,14ga,8,False,False,powder,black,False,False,False,False,False,True,2014-12-11,B,True
P-106809,C10257,Bracket CRS 16ga,bracket,crs,16ga,2,False,True,none,,False,False,False,False,False,True,2017-10-01,A,False
P-106811,C10286,Bracket CRS 20ga,bracket,crs,20ga,3,False,True,none,,False,False,False,False,False,True,2021-05-16,B,True
P-106814,C10938,Enclosure Stainless 16ga,enclosure,stainless,16ga,12,True,True,plate,,True,False,False,False,True,True,2017-07-25,A,True
P-106815,C12732,Bracket Stainless 14ga,bracket,stainless,14ga,2,False,False,plate,,True,False,False,False,False,True,2016-12-11,A,False
P-106822,C11578,Panel CRS 12ga,panel,crs,12ga,2,False,False,plate,,True,False,False,False,False,True,2020-12-12,C,True
P-106823,C12333,Chassis CRS 12ga,chassis,crs,12ga,9,False,False,powder,black,False,False,False,False,False,True,2022-05-02,A,True
P-106827,C12794,Chassis Stainless 18ga,chassis,stainless,18ga,11,False,True,powder,blue,False,False,False,False,False,True,2012-01-11,B,True
P-106835,C12384,Panel CRS 20ga,panel,crs,20ga,2,False,True,none,,False,False,False,False,False,True,2017-12-04,A,False
P-106836,C10529,Enclosure Aluminum 18ga,enclosure,aluminum,18ga,11,False,True,anodize,,False,True,False,False,False,True,2017-03-07,A,True
P-106840,C10006,Chassis Stainless 14ga,chassis,stainless,14ga,6,False,True,plate,,True,False,False,False,False,True,2017-06-11,A,True
P-106841,C12987,Enclosure CRS 18ga,enclosure,crs,18ga,12,True,False,powder,white,False,False,False,False,False,True,2016-08-05,B,False
P-106842,C10409,Assembly Aluminum 16ga,assembly,aluminum,16ga,3,False,False,powder,blue,False,False,False,False,False,True,2022-05-02,C,True
P-106846,C11936,Panel Aluminum 16ga,panel,aluminum,16ga,3,True,False,powder,beige,False,False,False,False,False,True,2020-07-02,A,False
P-106849,C11463,Chassis Stainless 14ga,chassis,stainless,14ga,12,True,False,powder,white,False,False,False,False,False,True,2016-06-20,A,False
P-106853,C10042,Chassis Aluminum 16ga,chassis,aluminum,16ga,8,True,False,anodize,,False,True,False,False,False,True,2020-02-15,B,False
P-106861,C12233,Panel CRS 0.125in,panel,crs,0.125in,3,False,True,plate,,True,False,False,False,False,True,2017-09-16,C,True
P-106863,C11596,Bracket Stainless 16ga,bracket,stainless,16ga,3,False,False,powder,white,False,False,False,False,False,True,2012-07-27,A,True
P-106870,C10506,Assembly CRS 14ga,assembly,crs,14ga,9,False,True,powder,black,False,False,False,False,False,True,2016-05-09,B,True
P-106873,C10823,Assembly Stainless 14ga,assembly,stainless,14ga,4,False,False,powder,black,False,False,False,False,True,True,2012-12-14,C,True
P-106881,C10494,Panel Galvanneal 16ga,panel,galvanneal,16ga,5,False,True,powder,black,False,False,False,False,False,True,2012-11-28,A,True
P-106884,C10096,Bracket Galvanneal 18ga,bracket,galvanneal,18ga,1,False,True,powder,gray,False,False,False,False,True,True,2020-01-28,C,True
P-106890,C12372,Weldment Galvanneal 16ga,weldment,galvanneal,16ga,4,True,False,none,,False,False,False,False,False,True,2017-07-21,A,True
P-106895,C11742,Chassis Aluminum 12ga,chassis,aluminum,12ga,11,True,True,none,,False,False,False,False,False,True,2017-01-24,B,False
P-106896,C12703,Enclosure Aluminum 11ga,enclosure,aluminum,11ga,13,False,False,none,,False,False,False,False,False,True,2016-01-12,A,False
P-106903,C10006,Assembly CRS 0.125in,assembly,crs,0.125in,9,True,True,none,,False,False,True,False,False,True,2014-07-30,B,False
P-106909,C11564,Bracket Stainless 12ga,bracket,stainless,12ga,3,False,True,powder,gray,False,False,False,False,False,True,2012-02-14,D,True
P-106912,C10456,Weldment Aluminum 14ga,weldment,aluminum,14ga,6,True,False,anodize,,False,True,False,False,False,True,2014-10-31,B,False
P-106914,C10081,Assembly CRS 16ga,assembly,crs,16ga,5,True,False,plate,,True,False,True,False,False,True,2020-07-01,C,False
P-106920,C10071,Chassis Stainless 20ga,chassis,stainless,20ga,11,True,True,none,,False,False,False,False,False,True,2012-10-20,A,False
P-106923,C11083,Weldment CRS 16ga,weldment,crs,16ga,8,True,False,none,,False,False,False,False,False,True,2017-12-25,B,True
P-106927,C10629,Panel Aluminum 18ga,panel,aluminum,18ga,5,False,False,anodize,,False,True,True,False,False,True,2015-09-21,B,True
P-106933,C10591,Enclosure Aluminum 18ga,enclosure,aluminum,18ga,13,True,False,powder,white,False,False,False,False,False,True,2021-09-04,A,False
P-106940,C10138,Enclosure CRS 16ga,enclosure,crs,16ga,6,True,True,powder,beige,False,False,False,False,False,True,2015-11-01,A,True
P-106944,C12104,Assembly Galvanneal 18ga,assembly,galvanneal,18ga,4,True,True,none,,False,False,False,False,False,True,2014-04-01,C,False
P-106949,C10071,Chassis CRS 11ga,chassis,crs,11ga,10,True,False,plate,,True,False,False,False,False,True,2020-09-02,C,False
P-106952,C10071,Enclosure Aluminum 20ga,enclosure,aluminum,20ga,8,True,False,anodize,,False,True,False,False,False,True,2022-05-14,B,True
P-106954,C12419,Assembly Galvanneal 18ga,assembly,galvanneal,18ga,10,False,False,powder,gray,False,False,False,False,False,True,2020-08-07,C,True
P-106960,C10006,Enclosure Aluminum 18ga,enclosure,aluminum,18ga,14,True,False,none,,False,False,False,False,False,True,2019-07-03,B,False
P-106964,C11289,Bracket Aluminum 18ga,bracket,aluminum,18ga,4,False,True,anodize,,False,True,False,False,False,True,2021-10-12,B,False
P-106970,C10871,Chassis Stainless 20ga,chassis,stainless,20ga,9,False,False,none,,False,False,False,False,False,True,2021-06-27,B,True
P-106977,C12647,Chassis Stainless 16ga,chassis,stainless,16ga,11,True,True,powder,beige,False,False,False,False,False,True,2018-09-06,A,True
P-106981,C10006,Chassis CRS 18ga,chassis,crs,18ga,12,True,True,powder,black,False,False,False,False,True,True,2014-07-19,B,True
P-106985,C11172,Bracket Galvanneal 18ga,bracket,galvanneal,18ga,3,False,False,none,,False,False,False,False,False,True,2016-12-15,B,False
P-106987,C12864,Bracket Stainless 18ga,bracket,stainless,18ga,4,False,True,powder,black,False,False,False,False,False,True,2019-10-23,A,False
P-106992,C10175,Assembly Galvanneal 16ga,assembly,galvanneal,16ga,5,False,False,none,,False,False,False,False,True,True,2012-01-30,A,True
P-106997,C10920,Panel CRS 14ga,panel,crs,14ga,6,False,True,none,,False,False,False,False,True,True,2017-08-30,B,False
P-106998,C13110,Panel CRS 16ga,panel,crs,16ga,5,False,True,powder,black,False,False,False,False,False,True,2014-01-21,B,False
P-107000,C11811,Chassis CRS 12ga,chassis,crs,12ga,8,False,True,none,,False,False,False,True,False,True,2016-05-14,B,False
P-107007,C10175,Panel CRS 14ga,panel,crs,14ga,5,True,True,powder,black,False,False,True,False,False,True,2019-04-19,A,True
P-107008,C11062,Bracket CRS 11ga,bracket,crs,11ga,4,False,True,none,,False,False,False,False,False,True,2018-01-28,B,True
P-107010,C11825,Bracket Galvanneal 18ga,bracket,galvanneal,18ga,4,False,False,powder,beige,False,False,False,False,True,True,2019-03-12,B,True
P-107012,C13033,Bracket Stainless 20ga,bracket,stainless,20ga,3,False,True,powder,black,False,False,False,False,True,True,2016-05-19,C,True
P-107015,C10215,Bracket CRS 18ga,bracket,crs,18ga,2,True,True,none,,False,False,False,False,False,True,2014-10-23,D,True
P-107021,C10707,Bracket CRS 18ga,bracket,crs,18ga,3,False,False,powder,blue,False,False,False,True,False,True,2013-10-11,A,True
P-107024,C10024,Panel CRS 20ga,panel,crs,20ga,2,False,False,plate,,True,False,False,False,False,True,2019-08-25,B,True
P-107032,C10041,Panel Galvanneal 20ga,panel,galvanneal,20ga,5,False,False,none,,False,False,False,False,True,True,2015-11-16,C,True
P-107037,C11374,Weldment Stainless 14ga,weldment,stainless,14ga,2,True,False,none,,False,False,False,False,False,True,2016-05-15,C,True
P-107039,C10123,Enclosure CRS 16ga,enclosure,crs,16ga,9,True,False,none,,False,False,False,False,False,True,2016-01-23,A,True
P-107044,C13128,Panel CRS 18ga,panel,crs,18ga,2,False,False,none,,False,False,False,False,False,True,2019-02-06,B,False
P-107045,C10581,Enclosure Galvanneal 20ga,enclosure,galvanneal,20ga,7,True,True,plate,,True,False,False,False,False,True,2021-09-10,B,True
P-107050,C10011,Bracket Galvanneal 18ga,bracket,galvanneal,18ga,4,False,True,none,,False,False,False,False,False,True,2013-04-03,B,True
P-107057,C12267,Bracket Aluminum 16ga,bracket,aluminum,16ga,4,False,False,powder,gray,False,False,False,False,False,True,2016-01-10,A,True
P-107060,C12172,Bracket CRS 16ga,bracket,crs,16ga,1,False,False,none,,False,False,False,False,False,True,2012-10-27,C,False
P-107067,C12316,Weldment Aluminum 18ga,weldment,aluminum,18ga,7,True,True,powder,gray,False,False,False,False,False,True,2021-09-15,A,True
P-107070,C10336,Chassis CRS 18ga,chassis,crs,18ga,12,True,True,plate,,True,False,False,False,False,True,2015-11-15,B,True
P-107078,C10071,Weldment Stainless 16ga,weldment,stainless,16ga,6,True,True,none,,False,False,False,False,False,True,2014-11-08,C,True
P-107081,C10175,Chassis Galvanneal 18ga,chassis,galvanneal,18ga,11,True,False,powder,black,False,False,False,False,False,True,2018-11-04,A,False
P-107085,C10006,Panel Galvanneal 16ga,panel,galvanneal,16ga,5,False,False,none,,False,False,False,False,False,True,2019-03-22,B,True
P-107088,C11550,Enclosure Aluminum 16ga,enclosure,aluminum,16ga,9,True,True,anodize,,False,True,False,False,False,True,2012-02-28,A,True
P-107089,C12333,Bracket Galvanneal 14ga,bracket,galvanneal,14ga,1,False,False,none,,False,False,False,False,False,True,2017-01-12,C,False
P-107096,C12931,Bracket CRS 16ga,bracket,crs,16ga,3,False,False,none,,False,False,False,False,False,True,2018-05-16,A,True
P-107104,C10071,Panel CRS 11ga,panel,crs,11ga,3,False,False,plate,,True,False,False,False,False,True,2014-08-25,C,True
P-107105,C10114,Chassis CRS 0.125in,chassis,crs,0.125in,10,True,False,powder,white,False,False,False,False,False,True,2018-05-10,B,True
P-107109,C10019,Chassis CRS 18ga,chassis,crs,18ga,10,True,False,plate,,True,False,False,False,False,True,2020-01-24,A,True
P-107117,C10563,Chassis CRS 20ga,chassis,crs,20ga,8,True,False,powder,black,False,False,False,False,False,True,2021-12-27,A,True
P-107125,C10081,Weldment CRS 18ga,weldment,crs,18ga,5,True,False,none,,False,False,False,False,False,True,2021-06-08,B,True
P-107131,C10456,Bracket CRS 0.125in,bracket,crs,0.125in,1,False,True,powder,gray,False,False,False,False,False,True,2021-04-01,B,True
P-107134,C12583,Enclosure Stainless 12ga,enclosure,stainless,12ga,10,True,False,powder,white,False,False,False,False,False,True,2015-01-29,A,False
P-107135,C10483,Weldment Stainless 14ga,weldment,stainless,14ga,8,True,False,powder,beige,False,False,False,False,False,True,2021-01-05,A,False
P-107142,C10081,Weldment CRS 12ga,weldment,crs,12ga,3,True,False,none,,False,False,False,False,False,True,2017-07-17,C,True
P-107146,C12104,Chassis CRS 0.125in,chassis,crs,0.125in,11,True,False,plate,,True,False,False,False,False,True,2019-05-19,B,False
P-107150,C11349,Weldment Stainless 16ga,weldment,stainless,16ga,5,True,True,powder,white,False,False,False,False,False,True,2017-01-17,D,False
P-107155,C11114,Assembly CRS 18ga,assembly,crs,18ga,6,True,False,none,,False,False,False,False,False,True,2014-03-24,B,False
P-107162,C10096,Assembly CRS 14ga,assembly,crs,14ga,7,False,True,none,,False,False,False,False,False,True,2014-05-28,A,False
P-107164,C10071,Bracket CRS 18ga,bracket,crs,18ga,3,False,True,plate,,True,False,False,False,False,True,2015-11-07,D,False
P-107171,C10864,Enclosure Stainless 16ga,enclosure,stainless,16ga,9,True,True,none,,False,False,False,False,False,True,2017-05-24,A,False
P-107172,C10615,Enclosure Aluminum 20ga,enclosure,aluminum,20ga,6,False,True,anodize,,False,True,False,False,False,True,2021-10-07,D,False
P-107174,C10102,Enclosure CRS 14ga,enclosure,crs,14ga,9,True,True,powder,red,False,False,False,False,False,True,2014-09-29,D,True
P-107180,C10344,Weldment CRS 16ga,weldment,crs,16ga,7,True,True,none,,False,False,False,False,False,True,2012-07-29,A,True
P-107182,C10006,Panel CRS 11ga,panel,crs,11ga,6,False,False,powder,black,False,False,False,False,False,True,2013-08-20,C,False
P-107189,C10332,Enclosure Stainless 14ga,enclosure,stainless,14ga,14,False,False,none,,False,False,False,False,False,True,2016-06-30,D,False
P-107191,C10669,Bracket CRS 12ga,bracket,crs,12ga,4,False,False,plate,,True,False,False,False,False,True,2017-06-02,A,True
P-107197,C10081,Chassis Stainless 0.250in,chassis,stainless,0.250in,8,False,False,powder,gray,False,False,False,False,False,True,2017-03-19,A,True
P-107204,C11759,Assembly Aluminum 20ga,assembly,aluminum,20ga,10,True,True,powder,beige,False,False,False,False,False,True,2019-03-05,A,False
P-107207,C12253,Chassis CRS 11ga,chassis,crs,11ga,6,True,True,none,,False,False,False,False,False,True,2012-06-16,A,False
P-107213,C10132,Panel Aluminum 12ga,panel,aluminum,12ga,5,False,True,powder,white,False,False,False,False,False,True,2017-09-19,B,False
P-107215,C12271,Enclosure CRS 16ga,enclosure,crs,16ga,10,True,False,none,,False,False,False,False,False,True,2012-05-30,B,False
P-107217,C10151,Bracket CRS 11ga,bracket,crs,11ga,3,False,False,none,,False,False,False,False,False,True,2014-08-27,A,True
P-107222,C10102,Bracket Stainless 11ga,bracket,stainless,11ga,3,False,False,powder,white,False,False,True,False,False,True,2022-01-01,C,False
P-107228,C12223,Bracket Stainless 11ga,bracket,stainless,11ga,4,False,False,plate,,True,False,False,False,False,True,2020-01-26,A,True
P-107233,C11204,Bracket Stainless 14ga,bracket,stainless,14ga,3,False,True,powder,white,False,False,True,False,False,True,2012-07-08,A,True
P-107235,C10456,Bracket CRS 18ga,bracket,crs,18ga,4,False,False,plate,,True,False,False,False,False,True,2014-10-11,A,False
P-107240,C10380,Chassis Galvanneal 12ga,chassis,galvanneal,12ga,9,False,False,none,,False,False,False,False,False,True,2015-11-24,B,True
P-107241,C12464,Panel CRS 20ga,panel,crs,20ga,5,False,False,powder,black,False,False,False,False,False,True,2019-10-24,A,False
P-107244,C10215,Enclosure CRS 14ga,enclosure,crs,14ga,11,True,True,plate,,True,False,False,False,False,True,2013-04-11,A,True
P-107248,C10430,Bracket CRS 18ga,bracket,crs,18ga,3,False,True,powder,white,False,False,False,False,False,True,2021-07-11,D,False
P-107255,C10053,Chassis CRS 12ga,chassis,crs,12ga,12,True,True,plate,,True,False,False,False,False,True,2020-09-29,A,True
P-107262,C10293,Chassis Aluminum 11ga,chassis,aluminum,11ga,10,True,False,none,,False,False,False,False,False,True,2022-03-08,B,False
P-107267,C10138,Panel CRS 12ga,panel,crs,12ga,5,False,False,none,,False,False,False,False,False,True,2019-05-22,D,True
P-107269,C10138,Bracket Aluminum 16ga,bracket,aluminum,16ga,2,False,False,powder,white,False,False,False,False,False,True,2020-10-30,D,True
P-107272,C11136,Panel Galvanneal 14ga,panel,galvanneal,14ga,6,True,False,powder,gray,False,False,False,False,False,True,2015-03-11,A,False
P-107277,C12738,Chassis Stainless 12ga,chassis,stainless,12ga,9,False,True,powder,black,False,False,False,False,True,True,2014-03-28,C,False
P-107280,C12126,Bracket Stainless 18ga,bracket,stainless,18ga,2,False,False,powder,blue,False,False,False,False,False,True,2020-08-30,A,False
P-107286,C11241,Weldment Galvanneal 18ga,weldment,galvanneal,18ga,3,True,False,powder,black,False,False,False,False,False,True,2020-05-13,A,True
P-107288,C10096,Chassis CRS 18ga,chassis,crs,18ga,5,False,False,powder,black,False,False,False,False,False,True,2016-02-21,A,False
P-107290,C12488,Assembly CRS 20ga,assembly,crs,20ga,3,True,True,powder,beige,False,False,False,False,False,True,2016-08-08,B,False
P-107295,C10071,Bracket Aluminum 20ga,bracket,aluminum,20ga,4,False,False,none,,False,False,False,False,False,True,2015-09-13,A,True
P-107297,C10242,Weldment Galvanneal 14ga,weldment,galvanneal,14ga,2,True,False,powder,blue,False,False,False,False,False,True,2019-01-11,A,True
P-107305,C10675,Assembly Stainless 18ga,assembly,stainless,18ga,8,False,False,powder,beige,False,False,False,False,False,True,2019-11-08,A,True
P-107312,C10006,Panel CRS 16ga,panel,crs,16ga,2,False,True,none,,False,False,False,False,False,True,2020-07-24,A,True
P-107316,C10071,Bracket Aluminum 14ga,bracket,aluminum,14ga,3,False,True,powder,white,False,False,False,False,False,True,2014-03-30,A,True
P-107322,C12925,Panel CRS 11ga,panel,crs,11ga,4,False,False,none,,False,False,False,False,False,True,2018-02-22,A,True
P-107329,C10235,Panel Aluminum 14ga,panel,aluminum,14ga,6,True,True,none,,False,False,False,False,False,True,2013-06-09,B,True
P-107330,C10636,Bracket Stainless 16ga,bracket,stainless,16ga,2,False,True,powder,beige,False,False,False,False,False,True,2021-09-05,B,True
P-107337,C10900,Weldment Aluminum 20ga,weldment,aluminum,20ga,6,True,False,anodize,,False,True,False,False,False,True,2017-02-05,C,False
P-107340,C10440,Panel Galvanneal 16ga,panel,galvanneal,16ga,3,False,False,plate,,True,False,False,False,False,True,2016-02-27,B,False
P-107345,C12803,Assembly Aluminum 14ga,assembly,aluminum,14ga,6,False,True,powder,gray,False,False,False,False,False,True,2015-08-08,B,False
P-107349,C10235,Assembly CRS 11ga,assembly,crs,11ga,3,False,True,plate,,True,False,False,False,False,True,2017-12-21,A,False
P-107352,C10041,Assembly CRS 16ga,assembly,crs,16ga,8,True,True,none,,False,False,False,False,False,True,2020-12-17,A,True
P-107357,C11241,Panel Galvanneal 20ga,panel,galvanneal,20ga,5,False,False,none,,False,False,False,False,False,True,2015-12-24,B,True
P-107364,C10556,Assembly Aluminum 12ga,assembly,aluminum,12ga,8,False,False,powder,red,False,False,False,False,False,True,2014-01-10,B,False
P-107369,C10400,Bracket CRS 14ga,bracket,crs,14ga,1,False,False,powder,blue,False,False,False,False,False,True,2017-10-21,C,True
P-107373,C10745,Panel Galvanneal 20ga,panel,galvanneal,20ga,4,False,True,powder,gray,False,False,False,False,False,True,2017-05-10,B,True
P-107381,C11945,Assembly Aluminum 0.125in,assembly,aluminum,0.125in,4,True,False,anodize,,False,True,False,False,False,True,2021-05-19,A,True
P-107386,C10714,Bracket Galvanneal 0.250in,bracket,galvanneal,0.250in,4,False,False,powder,white,False,False,False,False,False,True,2022-03-04,A,False
P-107390,C10006,Weldment CRS 14ga,weldment,crs,14ga,7,True,True,powder,beige,False,False,False,False,False,True,2020-05-14,D,True
P-107398,C10086,Weldment Stainless 16ga,weldment,stainless,16ga,8,True,False,powder,gray,False,False,False,False,False,True,2016-07-09,B,False
P-107404,C11252,Chassis Galvanneal 16ga,chassis,galvanneal,16ga,12,True,True,powder,gray,False,False,False,False,False,True,2019-12-12,A,True
P-107405,C11092,Enclosure CRS 18ga,enclosure,crs,18ga,10,True,True,plate,,True,False,False,False,False,True,2013-01-21,B,False
P-107407,C10006,Chassis Stainless 16ga,chassis,stainless,16ga,8,False,True,plate,,True,False,False,False,False,True,2020-07-05,A,False
P-107410,C10081,Chassis Galvanneal 20ga,chassis,galvanneal,20ga,9,True,False,powder,blue,False,False,False,False,False,True,2021-08-21,A,False
P-107416,C10235,Bracket Galvanneal 14ga,bracket,galvanneal,14ga,1,False,True,plate,,True,False,False,False,False,True,2016-12-05,A,False
P-107418,C12136,Chassis CRS 16ga,chassis,crs,16ga,9,True,False,powder,black,False,False,False,False,False,True,2019-01-23,A,False
P-107423,C10071,Weldment CRS 20ga,weldment,crs,20ga,5,True,True,plate,,True,False,False,False,True,True,2015-07-04,C,False
P-107430,C11542,Chassis Galvanneal 16ga,chassis,galvanneal,16ga,12,False,True,none,,False,False,False,False,False,True,2015-10-07,A,True
P-107433,C11083,Chassis CRS 14ga,chassis,crs,14ga,10,False,True,powder,black,False,False,False,False,False,True,2013-05-28,A,False
P-107436,C12953,Bracket Aluminum 20ga,bracket,aluminum,20ga,4,False,False,powder,beige,False,False,False,False,False,True,2020-07-30,D,True
P-107444,C10950,Chassis Aluminum 12ga,chassis,aluminum,12ga,10,False,True,powder,blue,False,False,True,False,False,True,2013-12-09,D,False
P-107452,C11136,Bracket CRS 20ga,bracket,crs,20ga,3,False,False,powder,gray,False,False,False,False,False,True,2015-05-23,B,True
P-107455,C10042,Panel Aluminum 16ga,panel,aluminum,16ga,2,False,True,powder,gray,False,False,False,False,False,True,2017-12-04,B,True
P-107459,C11406,Enclosure CRS 12ga,enclosure,crs,12ga,11,False,False,powder,black,False,False,False,False,False,True,2015-04-10,A,False
P-107467,C12191,Panel CRS 18ga,panel,crs,18ga,3,True,False,powder,white,False,False,False,False,False,True,2012-10-25,A,True
P-107475,C10011,Bracket Aluminum 14ga,bracket,aluminum,14ga,2,False,False,powder,blue,False,False,False,False,False,True,2014-07-08,D,False
P-107481,C10322,Bracket CRS 14ga,bracket,crs,14ga,2,True,False,plate,,True,False,False,False,False,True,2018-08-05,A,False
P-107485,C12384,Enclosure Aluminum 12ga,enclosure,aluminum,12ga,10,False,False,powder,black,False,False,False,False,False,True,2019-04-03,A,False
P-107487,C10033,Bracket Galvanneal 18ga,bracket,galvanneal,18ga,2,False,True,powder,red,False,False,False,False,False,True,2016-03-07,B,True
P-107490,C11289,Bracket Galvanneal 16ga,bracket,galvanneal,16ga,2,False,True,powder,black,False,False,False,False,False,True,2020-07-27,D,False
P-107494,C10006,Weldment Galvanneal 16ga,weldment,galvanneal,16ga,2,True,True,none,,False,False,False,False,False,True,2017-03-15,B,True
P-107502,C11799,Weldment Stainless 18ga,weldment,stainless,18ga,3,True,True,none,,False,False,False,False,False,True,2016-03-12,D,True
P-107503,C11406,Bracket CRS 20ga,bracket,crs,20ga,3,False,True,plate,,True,False,False,False,True,True,2013-10-16,A,False
P-107510,C10011,Panel Aluminum 16ga,panel,aluminum,16ga,2,True,False,none,,False,False,False,False,False,True,2016-06-12,A,False
P-107517,C11327,Panel Aluminum 18ga,panel,aluminum,18ga,6,False,True,anodize,,False,True,False,False,False,True,2016-06-20,D,True
P-107524,C11956,Panel CRS 18ga,panel,crs,18ga,4,False,False,plate,,True,False,True,False,False,True,2016-09-24,D,True
P-107526,C10322,Bracket Stainless 14ga,bracket,stainless,14ga,4,False,False,plate,,True,False,False,False,False,True,2013-02-03,B,True
P-107529,C10257,Weldment CRS 14ga,weldment,crs,14ga,4,True,False,none,,False,False,False,False,True,True,2012-05-01,A,True
P-107531,C10257,Weldment Aluminum 11ga,weldment,aluminum,11ga,7,True,True,anodize,,False,True,False,False,True,True,2020-09-30,D,True
P-107533,C10011,Panel CRS 18ga,panel,crs,18ga,5,False,True,plate,,True,False,False,False,False,True,2019-01-09,A,True
P-107536,C10669,Bracket Aluminum 14ga,bracket,aluminum,14ga,2,False,True,none,,False,False,False,False,False,True,2015-07-23,B,False
P-107544,C10276,Bracket Galvanneal 18ga,bracket,galvanneal,18ga,3,False,False,powder,white,False,False,False,False,False,True,2020-06-21,A,False
P-107545,C10138,Assembly CRS 18ga,assembly,crs,18ga,7,False,True,none,,False,False,False,False,False,True,2015-05-13,D,True
P-107550,C10006,Panel Aluminum 18ga,panel,aluminum,18ga,4,False,False,anodize,,False,True,False,False,False,True,2019-04-21,B,True
P-107552,C10107,Bracket Galvanneal 12ga,bracket,galvanneal,12ga,2,False,True,powder,gray,False,False,False,False,False,True,2016-05-11,B,True
P-107556,C10616,Bracket CRS 18ga,bracket,crs,18ga,4,False,False,powder,gray,False,False,False,False,False,True,2021-08-26,A,True
P-107557,C10006,Panel Aluminum 18ga,panel,aluminum,18ga,6,False,False,powder,black,False,False,False,False,True,True,2018-11-28,B,True
P-107560,C11900,Chassis Stainless 18ga,chassis,stainless,18ga,9,False,False,powder,white,False,False,False,False,False,True,2019-10-19,A,False
P-107562,C11066,Enclosure Stainless 18ga,enclosure,stainless,18ga,8,True,False,powder,beige,False,False,False,False,False,True,2012-09-25,A,True
P-107563,C10714,Panel CRS 18ga,panel,crs,18ga,5,True,True,none,,False,False,False,False,False,True,2015-01-14,C,True
P-107567,C10071,Enclosure CRS 12ga,enclosure,crs,12ga,12,True,True,powder,red,False,False,False,False,False,True,2018-01-25,A,True
P-107573,C10675,Enclosure CRS 14ga,enclosure,crs,14ga,12,False,True,powder,white,False,False,False,False,False,True,2017-02-13,A,True
P-107579,C10397,Assembly Aluminum 18ga,assembly,aluminum,18ga,9,False,False,anodize,,False,True,False,False,False,True,2013-11-18,A,True
P-107583,C10175,Bracket CRS 20ga,bracket,crs,20ga,2,False,True,plate,,True,False,False,False,False,True,2018-08-05,A,False
P-107585,C10071,Panel CRS 20ga,panel,crs,20ga,4,False,False,plate,,True,False,False,False,True,True,2012-09-16,B,True
P-107586,C10042,Bracket Stainless 20ga,bracket,stainless,20ga,1,False,False,powder,red,False,False,False,False,False,True,2014-03-02,A,True
P-107594,C10669,Panel Galvanneal 18ga,panel,galvanneal,18ga,3,False,True,plate,,True,False,False,False,False,True,2012-05-08,A,False
P-107602,C11964,Bracket Stainless 18ga,bracket,stainless,18ga,4,True,False,plate,,True,False,True,False,False,True,2017-09-10,B,True
P-107605,C11123,Enclosure CRS 14ga,enclosure,crs,14ga,9,False,True,powder,blue,False,False,False,False,False,True,2013-12-10,B,False
P-107610,C12578,Chassis Aluminum 20ga,chassis,aluminum,20ga,9,False,False,none,,False,False,True,False,True,True,2020-08-31,D,False
P-107618,C10006,Panel CRS 18ga,panel,crs,18ga,3,False,False,none,,False,False,False,False,False,True,2020-11-17,A,True
P-107621,C10006,Weldment Galvanneal 12ga,weldment,galvanneal,12ga,2,True,False,powder,blue,False,False,False,False,False,True,2022-03-14,A,True
P-107628,C12732,Enclosure Stainless 16ga,enclosure,stainless,16ga,11,True,False,powder,red,False,False,False,False,False,True,2013-05-07,B,False
P-107635,C11266,Bracket Galvanneal 14ga,bracket,galvanneal,14ga,4,False,False,powder,white,False,False,False,False,False,True,2017-07-02,B,False
P-107643,C13014,Panel CRS 16ga,panel,crs,16ga,2,False,False,none,,False,False,False,False,False,True,2018-11-21,B,True
P-107644,C10276,Panel CRS 0.125in,panel,crs,0.125in,4,True,True,powder,gray,False,False,False,False,True,True,2012-12-08,B,False
P-107651,C10920,Panel Galvanneal 18ga,panel,galvanneal,18ga,5,False,True,powder,white,False,False,False,False,False,True,2012-10-02,B,False
P-107657,C11052,Weldment CRS 20ga,weldment,crs,20ga,8,True,True,none,,False,False,False,False,False,True,2019-01-22,A,True
P-107664,C10123,Weldment CRS 16ga,weldment,crs,16ga,3,True,False,none,,False,False,False,False,False,True,2015-02-28,C,True
P-107670,C10563,Enclosure CRS 12ga,enclosure,crs,12ga,13,False,False,powder,gray,False,False,False,False,False,True,2018-11-29,D,False
P-107675,C10071,Bracket CRS 14ga,bracket,crs,14ga,4,False,True,none,,False,False,False,False,False,True,2021-10-18,B,True
P-107679,C10081,Bracket Aluminum 16ga,bracket,aluminum,16ga,1,False,False,none,,False,False,False,True,False,True,2019-11-17,D,False
P-107685,C11784,Bracket CRS 18ga,bracket,crs,18ga,3,False,True,none,,False,False,False,False,False,True,2016-10-10,A,True
P-107692,C10470,Chassis CRS 16ga,chassis,crs,16ga,11,False,False,none,,False,False,False,False,False,True,2020-05-10,C,False
P-107696,C11315,Bracket CRS 18ga,bracket,crs,18ga,1,False,False,powder,white,False,False,False,False,False,True,2019-04-22,D,True
P-107702,C10175,Enclosure Aluminum 14ga,enclosure,aluminum,14ga,7,True,False,none,,False,False,False,False,False,True,2018-02-13,C,True
P-107710,C11992,Panel Stainless 14ga,panel,stainless,14ga,6,False,True,none,,False,False,False,False,False,True,2020-12-31,A,True
P-107718,C11136,Bracket Galvanneal 18ga,bracket,galvanneal,18ga,3,False,True,none,,False,False,False,False,False,True,2016-08-25,D,True
P-107719,C10006,Bracket CRS 18ga,bracket,crs,18ga,4,False,False,powder,gray,False,False,False,False,True,True,2019-02-07,A,False
P-107726,C10081,Assembly CRS 14ga,assembly,crs,14ga,10,False,True,plate,,True,False,False,False,False,True,2021-09-20,C,True
P-107727,C10482,Chassis Stainless 16ga,chassis,stainless,16ga,7,False,False,none,,False,False,False,False,False,True,2015-09-20,A,True
P-107735,C13149,Weldment CRS 11ga,weldment,crs,11ga,6,True,False,plate,,True,False,False,False,False,True,2018-10-03,B,True
P-107742,C10276,Panel CRS 16ga,panel,crs,16ga,5,False,True,powder,black,False,False,False,False,False,True,2012-11-23,A,False
P-107750,C10114,Enclosure CRS 12ga,enclosure,crs,12ga,8,False,True,plate,,True,False,False,False,False,True,2015-10-31,A,True
P-107757,C10684,Panel CRS 16ga,panel,crs,16ga,3,False,True,powder,beige,False,False,False,False,False,True,2019-05-05,B,False
P-107764,C12824,Bracket CRS 14ga,bracket,crs,14ga,2,False,True,powder,black,False,False,False,False,False,True,2019-03-14,B,True
P-107770,C10321,Assembly Stainless 12ga,assembly,stainless,12ga,3,True,False,powder,black,False,False,False,False,False,True,2014-11-12,D,True
P-107774,C10215,Weldment CRS 16ga,weldment,crs,16ga,2,True,False,powder,red,False,False,False,False,False,True,2012-02-02,A,False
P-107779,C10728,Enclosure Galvanneal 14ga,enclosure,galvanneal,14ga,10,False,False,plate,,True,False,False,False,False,True,2016-02-13,D,True
P-107786,C13055,Bracket CRS 14ga,bracket,crs,14ga,4,False,False,none,,False,False,False,False,False,True,2021-07-12,B,False
P-107792,C10006,Panel CRS 0.125in,panel,crs,0.125in,5,False,False,none,,False,False,True,False,False,True,2012-05-19,B,False
P-107794,C10081,Bracket CRS 14ga,bracket,crs,14ga,1,False,True,plate,,True,False,False,False,False,True,2017-11-29,B,False
P-107800,C10261,Assembly Galvanneal 11ga,assembly,galvanneal,11ga,10,False,True,none,,False,False,False,False,False,True,2018-07-28,A,True
P-107801,C12297,Bracket CRS 14ga,bracket,crs,14ga,1,False,True,powder,black,False,False,False,False,False,True,2013-12-17,B,True
P-107804,C12944,Bracket Aluminum 18ga,bracket,aluminum,18ga,3,False,True,anodize,,False,True,False,False,False,True,2013-12-16,B,False
P-107805,C11825,Bracket CRS 16ga,bracket,crs,16ga,3,False,False,powder,blue,False,False,False,False,False,True,2021-08-02,A,False
P-107810,C10954,Assembly Aluminum 12ga,assembly,aluminum,12ga,10,False,True,none,,False,False,False,False,False,True,2019-11-10,A,True
P-107817,C10810,Panel Aluminum 16ga,panel,aluminum,16ga,2,False,True,none,,False,False,False,False,False,True,2020-06-25,B,False
P-107823,C10060,Bracket Galvanneal 18ga,bracket,galvanneal,18ga,4,False,True,powder,blue,False,False,False,False,False,True,2015-03-10,B,True
P-107824,C10456,Panel Galvanneal 12ga,panel,galvanneal,12ga,2,False,False,powder,black,False,False,False,False,False,True,2012-04-17,C,False
P-107830,C10086,Bracket CRS 14ga,bracket,crs,14ga,4,False,False,powder,black,False,False,False,False,False,True,2014-09-29,B,True
P-107831,C10456,Bracket CRS 18ga,bracket,crs,18ga,1,False,False,none,,False,False,False,False,False,True,2017-06-30,B,False
P-107832,C10151,Chassis CRS 18ga,chassis,crs,18ga,7,False,False,none,,False,False,False,False,True,True,2017-09-04,D,True
P-107838,C10151,Bracket Stainless 18ga,bracket,stainless,18ga,2,False,True,none,,False,False,False,False,False,True,2019-11-17,B,True
P-107839,C10006,Enclosure Stainless 16ga,enclosure,stainless,16ga,11,False,False,powder,beige,False,False,False,False,False,True,2021-10-03,A,True
P-107840,C11759,Bracket Stainless 18ga,bracket,stainless,18ga,1,False,False,plate,,True,False,False,False,False,True,2012-07-12,A,False
P-107844,C12566,Bracket CRS 18ga,bracket,crs,18ga,1,False,True,powder,gray,False,False,False,False,False,True,2021-04-28,D,True
P-107846,C10669,Bracket CRS 16ga,bracket,crs,16ga,1,False,True,none,,False,False,False,False,False,True,2018-03-03,A,False
P-107849,C10033,Assembly CRS 20ga,assembly,crs,20ga,4,False,True,powder,gray,False,False,False,False,False,True,2019-08-26,A,True
P-107857,C10123,Panel CRS 12ga,panel,crs,12ga,5,False,False,powder,gray,False,False,False,False,False,True,2017-10-11,B,False
P-107862,C12613,Weldment CRS 16ga,weldment,crs,16ga,8,True,True,powder,white,False,False,False,False,False,True,2020-04-27,A,False
P-107869,C10217,Bracket CRS 14ga,bracket,crs,14ga,3,False,False,none,,False,False,False,False,False,True,2016-03-16,C,True
P-107870,C10286,Bracket CRS 12ga,bracket,crs,12ga,2,False,False,powder,white,False,False,False,False,False,True,2012-11-03,C,True
P-107876,C10242,Panel Galvanneal 12ga,panel,galvanneal,12ga,5,False,True,powder,white,False,False,False,False,False,True,2014-10-22,B,False
P-107882,C12223,Enclosure CRS 14ga,enclosure,crs,14ga,13,False,False,powder,red,False,False,False,False,False,True,2012-01-08,D,True
P-107886,C13149,Chassis CRS 14ga,chassis,crs,14ga,7,False,True,powder,black,False,False,False,False,False,True,2019-08-18,A,False
P-107890,C11221,Panel CRS 20ga,panel,crs,20ga,6,False,False,plate,,True,False,False,False,False,True,2015-05-10,B,False
P-107897,C10400,Panel Galvanneal 20ga,panel,galvanneal,20ga,6,False,False,powder,white,False,False,False,False,True,True,2018-04-16,A,False
P-107899,C10161,Bracket Aluminum 18ga,bracket,aluminum,18ga,1,True,True,anodize,,False,True,False,False,False,True,2018-01-16,A,False
P-107903,C11659,Weldment CRS 14ga,weldment,crs,14ga,7,True,True,none,,False,False,False,False,False,True,2021-05-14,B,True
P-107910,C10006,Panel CRS 18ga,panel,crs,18ga,2,False,True,powder,black,False,False,False,False,False,True,2013-10-31,B,True
P-107911,C10102,Panel CRS 18ga,panel,crs,18ga,5,False,True,none,,False,False,False,False,False,True,2021-10-04,A,True
P-107918,C10215,Chassis CRS 18ga,chassis,crs,18ga,10,True,True,none,,False,False,False,False,False,True,2018-10-06,A,False
P-107924,C10123,Enclosure Stainless 12ga,enclosure,stainless,12ga,8,True,True,powder,black,False,False,False,False,False,True,2022-01-29,A,True
P-107927,C10336,Bracket Galvanneal 16ga,bracket,galvanneal,16ga,2,False,False,powder,red,False,False,False,False,False,True,2019-04-18,A,True
P-107933,C10976,Bracket CRS 16ga,bracket,crs,16ga,2,False,True,powder,gray,False,False,False,False,False,True,2013-12-11,B,True
P-107936,C10071,Panel Stainless 18ga,panel,stainless,18ga,6,False,False,none,,False,False,False,False,False,True,2018-02-22,B,True
P-107939,C10332,Weldment Galvanneal 18ga,weldment,galvanneal,18ga,5,True,False,powder,black,False,False,False,False,False,True,2018-05-14,A,True
P-107947,C10096,Weldment CRS 16ga,weldment,crs,16ga,4,True,True,powder,white,False,False,False,False,True,True,2016-04-18,C,True
P-107951,C10006,Weldment CRS 14ga,weldment,crs,14ga,8,True,True,powder,black,False,False,False,False,False,True,2014-10-31,A,True
P-107956,C10603,Weldment CRS 12ga,weldment,crs,12ga,8,True,False,none,,False,False,False,True,False,True,2020-08-08,A,True
P-107959,C10006,Enclosure Aluminum 0.125in,enclosure,aluminum,0.125in,11,True,False,powder,black,False,False,False,False,True,True,2014-03-11,C,False
P-107962,C10006,Chassis Aluminum 16ga,chassis,aluminum,16ga,12,True,False,none,,False,False,True,False,False,True,2014-05-28,C,True
P-107970,C10322,Enclosure Stainless 18ga,enclosure,stainless,18ga,10,True,False,none,,False,False,True,False,False,True,2019-06-29,D,False
P-107974,C12895,Bracket CRS 16ga,bracket,crs,16ga,4,False,False,none,,False,False,False,False,False,True,2022-02-27,A,True
P-107980,C10114,Bracket CRS 14ga,bracket,crs,14ga,2,False,False,plate,,True,False,False,False,False,True,2019-01-10,B,False
P-107985,C10011,Bracket CRS 16ga,bracket,crs,16ga,1,False,True,none,,False,False,False,False,False,True,2017-09-11,B,True
P-107993,C11221,Bracket CRS 16ga,bracket,crs,16ga,4,False,True,none,,False,False,False,False,False,True,2016-11-24,D,False
P-108000,C11472,Chassis Galvanneal 18ga,chassis,galvanneal,18ga,10,True,True,none,,False,False,False,False,False,True,2018-03-23,B,True
P-108004,C11511,Assembly Galvanneal 0.125in,assembly,galvanneal,0.125in,7,True,True,powder,black,False,False,False,False,False,True,2017-09-07,A,True
P-108006,C12794,Weldment Galvanneal 16ga,weldment,galvanneal,16ga,4,True,True,none,,False,False,False,False,False,True,2021-12-12,C,True
P-108009,C12556,Panel CRS 12ga,panel,crs,12ga,2,False,True,powder,white,False,False,False,False,False,True,2019-11-27,C,False
P-108010,C10123,Bracket Stainless 11ga,bracket,stainless,11ga,1,False,True,none,,False,False,False,False,False,True,2020-07-26,B,False
P-108018,C11131,Panel Galvanneal 20ga,panel,galvanneal,20ga,3,False,True,plate,,True,False,False,False,False,True,2016-06-28,A,False
P-108025,C10235,Panel CRS 0.250in,panel,crs,0.250in,2,False,True,powder,blue,False,False,False,False,False,True,2019-09-26,C,False
P-108028,C10501,Chassis CRS 14ga,chassis,crs,14ga,7,False,True,powder,gray,False,False,False,False,False,True,2020-06-19,B,True
P-108036,C10920,Panel CRS 18ga,panel,crs,18ga,6,False,True,none,,False,False,False,False,True,True,2020-07-20,D,False
P-108043,C12297,Enclosure Aluminum 18ga,enclosure,aluminum,18ga,12,True,False,powder,black,False,False,False,False,False,True,2020-10-05,C,False
P-108048,C10580,Bracket CRS 16ga,bracket,crs,16ga,2,False,False,none,,False,False,False,False,False,True,2012-04-20,A,True
P-108053,C11148,Assembly Aluminum 20ga,assembly,aluminum,20ga,6,False,True,none,,False,False,False,False,False,True,2014-08-28,C,True
P-108059,C10376,Weldment CRS 20ga,weldment,crs,20ga,7,True,True,powder,white,False,False,False,False,False,True,2012-11-17,A,False
P-108064,C11412,Bracket CRS 0.125in,bracket,crs,0.125in,2,False,False,powder,beige,False,False,False,False,False,True,2013-08-31,A,False
P-108068,C11029,Bracket CRS 18ga,bracket,crs,18ga,4,False,True,powder,gray,False,False,False,False,False,True,2013-12-22,B,True
P-108074,C10615,Chassis CRS 0.125in,chassis,crs,0.125in,7,False,False,none,,False,False,False,False,False,True,2015-08-25,A,True
P-108079,C12644,Assembly Galvanneal 16ga,assembly,galvanneal,16ga,10,True,False,none,,False,False,False,False,False,True,2012-11-04,A,False
P-108087,C10506,Bracket CRS 0.250in,bracket,crs,0.250in,1,False,False,none,,False,False,False,False,False,True,2015-02-14,A,False
P-108095,C10102,Weldment Galvanneal 14ga,weldment,galvanneal,14ga,5,True,True,powder,black,False,False,False,False,False,True,2012-10-11,C,True
P-108101,C10308,Enclosure CRS 18ga,enclosure,crs,18ga,7,False,False,plate,,True,False,False,False,False,True,2021-03-09,B,True
P-108106,C10019,Panel CRS 18ga,panel,crs,18ga,3,False,False,none,,False,False,False,False,False,True,2012-01-09,A,True
P-108108,C10123,Enclosure Galvanneal 14ga,enclosure,galvanneal,14ga,11,False,False,powder,gray,False,False,True,False,False,True,2018-07-26,B,False
P-108111,C10175,Bracket Galvanneal 14ga,bracket,galvanneal,14ga,1,False,True,powder,white,False,False,False,False,False,True,2020-05-18,D,False
P-108113,C10019,Assembly CRS 18ga,assembly,crs,18ga,4,False,False,powder,beige,False,False,False,False,False,True,2013-09-03,D,True
P-108121,C10573,Chassis Stainless 16ga,chassis,stainless,16ga,11,True,True,powder,blue,False,False,False,False,True,True,2022-05-12,B,False
P-108125,C10161,Enclosure CRS 12ga,enclosure,crs,12ga,6,True,False,powder,gray,False,False,False,False,False,True,2018-08-02,B,True
P-108132,C11708,Panel CRS 14ga,panel,crs,14ga,2,False,False,none,,False,False,True,False,False,True,2018-11-06,B,True
P-108133,C11451,Assembly CRS 14ga,assembly,crs,14ga,7,False,False,powder,beige,False,False,False,False,False,True,2014-04-04,A,False
P-108139,C10175,Bracket Stainless 20ga,bracket,stainless,20ga,3,False,False,none,,False,False,False,False,False,True,2014-03-14,A,False
P-108140,C12347,Panel CRS 18ga,panel,crs,18ga,2,False,True,none,,False,False,False,False,True,True,2013-03-22,A,False
P-108145,C12419,Bracket Galvanneal 12ga,bracket,galvanneal,12ga,4,False,True,plate,,True,False,False,False,False,True,2017-03-26,D,False
P-108151,C10784,Panel Stainless 11ga,panel,stainless,11ga,4,True,True,plate,,True,False,False,False,False,True,2020-03-03,A,False
P-108154,C10208,Bracket Stainless 18ga,bracket,stainless,18ga,2,False,False,none,,False,False,False,False,False,True,2018-01-04,A,True
P-108162,C10269,Assembly CRS 12ga,assembly,crs,12ga,6,True,True,powder,black,False,False,False,False,False,True,2012-11-03,B,True
P-108163,C10344,Chassis CRS 14ga,chassis,crs,14ga,8,False,False,plate,,True,False,False,False,False,True,2015-07-02,B,True
P-108166,C12674,Panel Stainless 16ga,panel,stainless,16ga,2,False,False,plate,,True,False,False,False,False,True,2015-11-05,C,True
P-108172,C10006,Enclosure Stainless 18ga,enclosure,stainless,18ga,7,True,False,powder,white,False,False,False,False,False,True,2018-08-21,D,True
P-108179,C11083,Bracket Stainless 12ga,bracket,stainless,12ga,4,False,True,plate,,True,False,False,False,False,True,2015-02-11,B,False
P-108183,C11412,Bracket CRS 16ga,bracket,crs,16ga,3,False,True,plate,,True,False,False,False,False,True,2019-02-01,D,False
P-108190,C12136,Bracket Stainless 11ga,bracket,stainless,11ga,2,False,False,none,,False,False,True,False,False,True,2018-01-21,C,False
P-108197,C10321,Chassis Aluminum 18ga,chassis,aluminum,18ga,5,False,True,anodize,,False,True,False,False,True,True,2020-09-02,D,True
P-108205,C10081,Panel Galvanneal 18ga,panel,galvanneal,18ga,5,False,True,powder,white,False,False,False,False,False,True,2016-07-24,B,True
P-108210,C10380,Assembly Stainless 16ga,assembly,stainless,16ga,6,False,False,none,,False,False,False,False,True,True,2016-12-15,D,False
P-108217,C10132,Weldment CRS 14ga,weldment,crs,14ga,3,True,True,none,,False,False,False,False,True,True,2015-05-20,C,True
P-108223,C12473,Assembly CRS 0.125in,assembly,crs,0.125in,6,True,True,none,,False,False,False,False,False,True,2012-12-31,B,False
P-108231,C10071,Enclosure CRS 11ga,enclosure,crs,11ga,12,True,False,powder,beige,False,False,False,False,False,True,2014-03-28,A,True
P-108232,C10823,Bracket CRS 16ga,bracket,crs,16ga,4,False,False,powder,gray,False,False,False,False,False,True,2013-07-20,A,True
P-108235,C10859,Panel CRS 11ga,panel,crs,11ga,3,False,False,none,,False,False,False,False,False,True,2022-03-23,B,False
P-108241,C10123,Bracket CRS 20ga,bracket,crs,20ga,4,False,True,none,,False,False,False,False,True,True,2012-05-21,B,False
P-108245,C11004,Assembly CRS 18ga,assembly,crs,18ga,6,False,True,powder,gray,False,False,False,False,False,True,2021-02-12,A,False
P-108250,C10081,Bracket Galvanneal 14ga,bracket,galvanneal,14ga,3,False,False,powder,gray,False,False,False,False,False,True,2016-08-06,D,True
P-108253,C12626,Weldment Stainless 16ga,weldment,stainless,16ga,6,True,False,plate,,True,False,False,False,False,True,2016-02-13,A,False
P-108255,C12849,Assembly CRS 16ga,assembly,crs,16ga,8,False,False,powder,red,False,False,False,False,False,True,2019-09-25,C,False
P-108258,C12068,Bracket CRS 18ga,bracket,crs,18ga,1,False,False,none,,False,False,False,False,False,True,2013-09-15,A,False
P-108266,C10738,Bracket Stainless 11ga,bracket,stainless,11ga,4,False,True,plate,,True,False,False,False,False,True,2019-09-19,B,True
P-108271,C10418,Bracket Galvanneal 14ga,bracket,galvanneal,14ga,3,True,True,powder,gray,False,False,False,False,False,True,2012-06-09,B,False
P-108275,C12271,Panel Aluminum 14ga,panel,aluminum,14ga,4,False,False,powder,black,False,False,False,False,False,True,2017-06-14,D,False
P-108281,C10591,Assembly CRS 20ga,assembly,crs,20ga,3,False,True,none,,False,False,False,False,False,True,2016-09-23,A,False
P-108282,C10728,Panel Galvanneal 16ga,panel,galvanneal,16ga,5,False,False,powder,white,False,False,False,False,False,True,2014-01-22,A,False
P-108286,C11252,Weldment CRS 16ga,weldment,crs,16ga,6,True,False,plate,,True,False,False,True,False,True,2019-02-13,A,True
P-108294,C10470,Bracket Stainless 18ga,bracket,stainless,18ga,3,False,False,none,,False,False,False,False,False,True,2013-09-20,D,True
P-108300,C11608,Bracket Stainless 14ga,bracket,stainless,14ga,4,False,True,powder,black,False,False,False,False,False,True,2013-07-27,A,True
P-108308,C10102,Bracket Stainless 18ga,bracket,stainless,18ga,3,False,True,plate,,True,False,False,True,True,True,2018-02-11,A,True
P-108313,C10071,Enclosure CRS 11ga,enclosure,crs,11ga,13,False,True,powder,red,False,False,True,False,False,True,2018-11-09,A,False
P-108318,C11114,Assembly Galvanneal 14ga,assembly,galvanneal,14ga,6,False,True,none,,False,False,False,False,False,True,2021-12-22,D,False
P-108322,C10102,Panel CRS 11ga,panel,crs,11ga,3,False,False,powder,red,False,False,False,False,True,True,2016-12-01,B,True
P-108324,C11971,Panel CRS 20ga,panel,crs,20ga,3,False,False,none,,False,False,False,False,False,True,2022-03-29,B,False
P-108328,C10006,Bracket CRS 18ga,bracket,crs,18ga,3,False,False,powder,gray,False,False,False,False,True,True,2016-11-07,B,True
P-108335,C11550,Panel Galvanneal 16ga,panel,galvanneal,16ga,6,False,True,none,,False,False,False,False,False,True,2013-07-25,C,True
P-108342,C10114,Panel Aluminum 14ga,panel,aluminum,14ga,6,False,True,powder,blue,False,False,True,False,False,True,2013-04-20,B,True
P-108348,C10938,Panel Aluminum 18ga,panel,aluminum,18ga,4,False,True,none,,False,False,False,False,True,True,2017-05-14,A,True
P-108352,C11480,Bracket Aluminum 12ga,bracket,aluminum,12ga,3,False,True,none,,False,False,False,False,False,True,2020-03-19,B,True
P-108357,C10767,Weldment Stainless 18ga,weldment,stainless,18ga,6,True,True,none,,False,False,False,False,False,True,2021-09-07,B,False
P-108358,C10159,Weldment CRS 0.125in,weldment,crs,0.125in,6,True,False,plate,,True,False,False,False,False,True,2020-05-15,A,True
P-108360,C10006,Bracket Galvanneal 16ga,bracket,galvanneal,16ga,1,False,True,plate,,True,False,False,False,False,True,2015-01-07,A,False
P-108361,C10161,Panel Stainless 16ga,panel,stainless,16ga,4,False,False,powder,gray,False,False,False,False,False,True,2017-07-04,A,True
P-108363,C13128,Panel CRS 16ga,panel,crs,16ga,6,False,False,plate,,True,False,False,False,False,True,2013-10-30,B,False
P-108366,C10456,Panel CRS 18ga,panel,crs,18ga,2,False,True,plate,,True,False,False,False,False,True,2019-01-23,A,False
P-108369,C10463,Bracket CRS 16ga,bracket,crs,16ga,2,False,False,none,,False,False,False,False,False,True,2013-05-02,B,True
P-108371,C10159,Enclosure CRS 18ga,enclosure,crs,18ga,10,True,False,none,,False,False,False,False,False,True,2016-03-08,B,False
P-108379,C10042,Bracket Galvanneal 16ga,bracket,galvanneal,16ga,2,False,False,powder,black,False,False,False,False,False,True,2014-04-22,B,True
P-108382,C11451,Weldment Galvanneal 14ga,weldment,galvanneal,14ga,6,True,True,powder,black,False,False,False,False,False,True,2019-05-12,B,False
P-108390,C10826,Enclosure Galvanneal 16ga,enclosure,galvanneal,16ga,6,True,True,powder,black,False,False,False,False,True,True,2020-11-13,A,True
P-108396,C10440,Panel Stainless 16ga,panel,stainless,16ga,5,False,False,plate,,True,False,False,False,False,True,2016-12-04,A,True
P-108404,C10019,Chassis CRS 16ga,chassis,crs,16ga,9,False,False,powder,gray,False,False,False,False,False,True,2014-01-20,B,True
P-108410,C10332,Weldment CRS 11ga,weldment,crs,11ga,2,True,False,powder,gray,False,False,False,False,False,True,2012-11-01,A,True
P-108414,C11269,Bracket CRS 12ga,bracket,crs,12ga,4,False,False,powder,black,False,False,False,False,False,True,2017-01-22,C,True
P-108416,C10081,Weldment CRS 12ga,weldment,crs,12ga,4,True,False,powder,white,False,False,False,False,False,True,2018-08-02,A,True
P-108421,C10138,Weldment CRS 14ga,weldment,crs,14ga,6,True,False,plate,,True,False,False,False,False,True,2019-12-20,C,True
P-108425,C10081,Enclosure CRS 18ga,enclosure,crs,18ga,11,False,False,none,,False,False,False,False,False,True,2022-05-07,A,True
P-108428,C10086,Enclosure CRS 0.250in,enclosure,crs,0.250in,11,False,False,plate,,True,False,False,False,False,True,2014-11-02,A,True
P-108434,C10954,Panel CRS 16ga,panel,crs,16ga,2,False,False,none,,False,False,True,False,False,True,2018-04-29,B,False
P-108440,C11842,Bracket Galvanneal 14ga,bracket,galvanneal,14ga,2,False,False,powder,white,False,False,False,False,False,True,2013-09-16,B,False
P-108444,C10071,Enclosure Stainless 16ga,enclosure,stainless,16ga,7,True,False,none,,False,False,False,False,False,True,2018-03-08,A,True
P-108446,C11148,Bracket Galvanneal 18ga,bracket,galvanneal,18ga,3,False,False,powder,gray,False,False,False,False,True,True,2018-03-16,B,True
P-108450,C10006,Weldment Galvanneal 11ga,weldment,galvanneal,11ga,3,True,True,none,,False,False,False,False,False,True,2017-07-25,A,True
P-108453,C10365,Assembly Aluminum 14ga,assembly,aluminum,14ga,5,True,True,powder,black,False,False,False,False,False,True,2017-11-29,A,True
P-108461,C10801,Panel CRS 0.250in,panel,crs,0.250in,5,False,False,plate,,True,False,False,False,False,True,2022-04-15,A,True
P-108462,C10071,Panel CRS 14ga,panel,crs,14ga,4,False,True,plate,,True,False,False,False,False,True,2015-11-12,A,False
P-108468,C10853,Bracket Stainless 0.250in,bracket,stainless,0.250in,1,False,False,none,,False,False,False,False,False,True,2015-06-23,D,True
P-108476,C10506,Panel CRS 11ga,panel,crs,11ga,6,False,False,none,,False,False,False,False,False,True,2014-12-15,A,False
P-108478,C10494,Chassis Galvanneal 16ga,chassis,galvanneal,16ga,7,False,True,powder,white,False,False,False,False,False,True,2022-05-04,C,False
P-108482,C10552,Weldment Stainless 14ga,weldment,stainless,14ga,3,True,False,none,,False,False,False,False,False,True,2012-07-26,B,False
P-108485,C10132,Weldment CRS 12ga,weldment,crs,12ga,8,True,False,plate,,True,False,False,False,False,True,2020-09-11,D,False
P-108490,C10071,Panel CRS 14ga,panel,crs,14ga,6,False,False,plate,,True,False,False,False,False,True,2012-05-03,A,True
P-108492,C10361,Chassis Stainless 0.125in,chassis,stainless,0.125in,11,True,False,powder,blue,False,False,False,False,False,True,2012-08-18,A,True
P-108494,C10096,Bracket Stainless 18ga,bracket,stainless,18ga,3,False,False,plate,,True,False,False,False,True,True,2021-08-11,A,False
P-108495,C11724,Enclosure CRS 20ga,enclosure,crs,20ga,7,False,True,powder,white,False,False,False,False,False,True,2020-08-05,D,True
P-108501,C11472,Enclosure Stainless 14ga,enclosure,stainless,14ga,10,True,False,none,,False,False,False,False,False,True,2020-05-15,C,False
P-108504,C11676,Bracket CRS 12ga,bracket,crs,12ga,4,False,False,powder,blue,False,False,False,False,False,True,2018-06-18,B,False
P-108511,C11178,Chassis Galvanneal 16ga,chassis,galvanneal,16ga,6,True,True,none,,False,False,False,False,False,True,2016-05-12,D,True
P-108518,C12068,Weldment Aluminum 16ga,weldment,aluminum,16ga,6,True,True,anodize,,False,True,False,False,False,True,2018-02-17,B,False
P-108519,C10970,Chassis CRS 12ga,chassis,crs,12ga,5,True,False,none,,False,False,False,False,False,True,2014-06-15,C,False
P-108523,C12104,Enclosure Galvanneal 20ga,enclosure,galvanneal,20ga,8,False,False,none,,False,False,False,False,False,True,2021-11-25,A,False
P-108530,C10053,Panel CRS 0.250in,panel,crs,0.250in,3,False,True,powder,beige,False,False,False,False,False,True,2015-11-16,B,True
P-108531,C10006,Weldment Galvanneal 12ga,weldment,galvanneal,12ga,2,True,False,none,,False,False,False,False,False,True,2014-03-10,A,True
P-108533,C10494,Panel CRS 0.125in,panel,crs,0.125in,2,False,True,none,,False,False,False,False,False,True,2016-01-27,D,True
P-108535,C10071,Assembly Galvanneal 0.250in,assembly,galvanneal,0.250in,10,False,False,plate,,True,False,False,False,False,True,2014-10-06,C,False
P-108538,C11197,Chassis Stainless 16ga,chassis,stainless,16ga,6,True,True,powder,black,False,False,False,False,False,True,2014-02-20,A,True
P-108540,C10444,Assembly Galvanneal 18ga,assembly,galvanneal,18ga,6,False,False,powder,gray,False,False,False,False,False,True,2021-01-14,A,True
P-108547,C11114,Chassis CRS 18ga,chassis,crs,18ga,7,False,False,none,,False,False,False,False,False,True,2015-07-04,B,True
P-108552,C10081,Bracket CRS 16ga,bracket,crs,16ga,4,False,False,none,,False,False,False,False,False,True,2017-10-21,D,False
P-108556,C11811,Chassis Stainless 16ga,chassis,stainless,16ga,5,False,True,powder,black,False,False,False,False,False,True,2016-06-22,C,False
P-108563,C11391,Bracket Galvanneal 18ga,bracket,galvanneal,18ga,2,False,True,none,,False,False,False,False,False,True,2021-06-22,A,True
P-108571,C10102,Assembly Stainless 16ga,assembly,stainless,16ga,6,False,True,powder,black,False,False,False,False,False,True,2018-03-01,A,True
P-108577,C11235,Bracket CRS 18ga,bracket,crs,18ga,1,False,False,powder,gray,False,False,False,False,False,True,2012-09-29,A,False
P-108584,C12524,Enclosure Galvanneal 14ga,enclosure,galvanneal,14ga,8,False,False,plate,,True,False,False,False,False,True,2020-04-23,A,False
P-108589,C11796,Weldment CRS 18ga,weldment,crs,18ga,8,True,False,none,,False,False,False,False,True,True,2021-09-17,B,True
P-108596,C10086,Weldment CRS 18ga,weldment,crs,18ga,8,True,False,powder,gray,False,False,False,False,True,True,2020-08-24,A,False
P-108599,C10380,Assembly Stainless 12ga,assembly,stainless,12ga,4,True,True,powder,white,False,False,False,False,True,True,2019-03-09,D,False
P-108600,C10071,Enclosure CRS 12ga,enclosure,crs,12ga,11,True,False,none,,False,False,False,False,False,True,2015-01-02,B,False
P-108606,C10521,Enclosure Galvanneal 20ga,enclosure,galvanneal,20ga,11,False,True,none,,False,False,False,True,False,True,2014-01-03,B,True
P-108611,C10380,Bracket Stainless 11ga,bracket,stainless,11ga,4,False,False,none,,False,False,False,False,False,True,2016-04-04,A,False
P-108616,C10970,Assembly Galvanneal 18ga,assembly,galvanneal,18ga,4,False,False,powder,white,False,False,False,False,False,True,2014-12-15,A,False
P-108617,C10114,Panel CRS 14ga,panel,crs,14ga,3,False,False,powder,black,False,False,False,False,True,True,2020-01-09,C,True
P-108621,C10006,Panel Galvanneal 16ga,panel,galvanneal,16ga,6,False,True,plate,,True,False,False,False,True,True,2020-08-06,A,False
P-108624,C10225,Weldment Aluminum 11ga,weldment,aluminum,11ga,5,True,False,anodize,,False,True,False,False,False,True,2015-06-19,D,True
P-108632,C10175,Weldment Stainless 16ga,weldment,stainless,16ga,2,True,True,powder,gray,False,False,False,False,False,True,2018-08-04,D,False
P-108634,C10321,Bracket Aluminum 20ga,bracket,aluminum,20ga,3,False,True,anodize,,False,True,False,False,False,True,2012-02-16,B,False
P-108635,C10071,Enclosure Galvanneal 12ga,enclosure,galvanneal,12ga,14,True,False,plate,,True,False,True,False,False,True,2020-06-20,A,False
P-108641,C11764,Panel Galvanneal 0.125in,panel,galvanneal,0.125in,5,False,True,none,,False,False,False,False,False,True,2021-11-13,A,False
P-108649,C12987,Bracket Stainless 16ga,bracket,stainless,16ga,3,False,True,none,,False,False,False,False,False,True,2016-08-26,B,True
P-108650,C10006,Enclosure CRS 16ga,enclosure,crs,16ga,6,True,False,none,,False,False,False,False,True,True,2021-02-13,B,False
P-108657,C12762,Weldment CRS 18ga,weldment,crs,18ga,4,True,False,plate,,True,False,False,False,False,True,2013-07-30,A,False
P-108663,C13106,Panel Galvanneal 0.250in,panel,galvanneal,0.250in,5,False,False,plate,,True,False,False,False,False,True,2022-01-20,D,False
P-108668,C10322,Weldment CRS 18ga,weldment,crs,18ga,2,True,False,plate,,True,False,False,False,False,True,2016-05-29,A,False
P-108672,C12604,Panel CRS 16ga,panel,crs,16ga,4,False,True,powder,white,False,False,False,False,False,True,2012-03-04,D,False
P-108678,C10042,Enclosure Aluminum 16ga,enclosure,aluminum,16ga,11,False,False,powder,white,False,False,False,False,False,True,2017-06-24,D,False
P-108683,C10397,Bracket CRS 0.125in,bracket,crs,0.125in,4,False,True,powder,black,False,False,False,False,False,True,2019-07-22,D,False
P-108685,C10161,Enclosure CRS 16ga,enclosure,crs,16ga,6,False,False,powder,white,False,False,False,False,False,True,2018-11-19,D,True
P-108690,C10440,Assembly Aluminum 16ga,assembly,aluminum,16ga,4,False,False,anodize,,False,True,False,False,False,True,2012-07-23,A,True
P-108693,C10235,Chassis Stainless 16ga,chassis,stainless,16ga,12,False,False,powder,black,False,False,True,False,False,True,2013-01-08,A,False
P-108694,C11269,Chassis Galvanneal 18ga,chassis,galvanneal,18ga,11,False,False,plate,,True,False,False,False,False,True,2022-02-19,D,True
P-108701,C10751,Bracket Stainless 12ga,bracket,stainless,12ga,3,False,False,plate,,True,False,False,False,False,True,2017-12-25,B,False
P-108709,C10595,Bracket Aluminum 14ga,bracket,aluminum,14ga,4,False,False,none,,False,False,False,False,False,True,2016-04-19,A,True
P-108714,C10293,Chassis Aluminum 20ga,chassis,aluminum,20ga,5,False,True,anodize,,False,True,False,False,False,True,2015-02-12,B,False
P-108722,C10297,Enclosure Stainless 14ga,enclosure,stainless,14ga,8,False,False,powder,white,False,False,False,False,False,True,2018-03-18,A,True
P-108725,C13043,Panel Stainless 18ga,panel,stainless,18ga,5,False,False,none,,False,False,False,False,False,True,2012-11-17,B,False
P-108732,C10081,Bracket Stainless 16ga,bracket,stainless,16ga,3,False,True,powder,white,False,False,False,False,False,True,2015-07-01,B,True
P-108737,C10042,Chassis Stainless 20ga,chassis,stainless,20ga,7,False,True,none,,False,False,True,False,False,True,2016-04-20,A,False
P-108743,C11136,Assembly Aluminum 16ga,assembly,aluminum,16ga,3,False,False,none,,False,False,False,False,False,True,2019-03-24,A,False
P-108750,C10655,Bracket CRS 12ga,bracket,crs,12ga,3,False,False,plate,,True,False,False,False,False,True,2020-08-12,A,True
P-108758,C10138,Weldment Aluminum 0.125in,weldment,aluminum,0.125in,7,True,False,anodize,,False,True,True,False,False,True,2016-02-22,C,True
P-108764,C10257,Bracket Galvanneal 18ga,bracket,galvanneal,18ga,4,False,False,none,,False,False,False,False,False,True,2017-12-22,B,True
P-108765,C10684,Enclosure Aluminum 20ga,enclosure,aluminum,20ga,9,False,True,none,,False,False,True,False,False,True,2013-04-27,B,False
P-108772,C10423,Weldment CRS 18ga,weldment,crs,18ga,8,True,True,powder,gray,False,False,False,False,False,True,2020-08-07,B,False
P-108777,C12287,Weldment Aluminum 18ga,weldment,aluminum,18ga,7,True,True,anodize,,False,True,False,False,False,True,2021-08-17,A,False
P-108779,C10102,Bracket Galvanneal 18ga,bracket,galvanneal,18ga,3,False,True,none,,False,False,False,False,True,True,2012-02-12,A,True
P-108787,C12036,Enclosure CRS 16ga,enclosure,crs,16ga,11,False,True,none,,False,False,False,False,False,True,2016-07-21,C,True
P-108792,C10423,Bracket CRS 14ga,bracket,crs,14ga,3,False,False,none,,False,False,False,False,False,True,2018-01-15,C,True
P-108800,C10011,Bracket CRS 20ga,bracket,crs,20ga,2,False,True,plate,,True,False,False,False,False,True,2020-07-16,D,True
P-108804,C12931,Panel CRS 16ga,panel,crs,16ga,4,False,True,plate,,True,False,False,False,False,True,2012-02-12,A,False
P-108807,C10071,Bracket Galvanneal 20ga,bracket,galvanneal,20ga,3,False,False,powder,gray,False,False,False,False,False,True,2019-03-17,C,True
P-108811,C10159,Bracket Aluminum 14ga,bracket,aluminum,14ga,2,True,False,none,,False,False,False,False,False,True,2015-08-05,B,True
P-108818,C10006,Weldment Aluminum 18ga,weldment,aluminum,18ga,5,True,True,none,,False,False,False,False,False,True,2019-07-17,B,True
P-108821,C10336,Enclosure Galvanneal 18ga,enclosure,galvanneal,18ga,6,False,True,plate,,True,False,False,False,False,True,2018-06-19,A,False
P-108828,C10144,Chassis Galvanneal 18ga,chassis,galvanneal,18ga,7,True,False,powder,black,False,False,False,False,False,True,2019-07-28,D,True
P-108836,C10175,Panel CRS 0.125in,panel,crs,0.125in,3,False,True,plate,,True,False,False,False,False,True,2014-04-10,B,False
P-108840,C10081,Weldment Galvanneal 18ga,weldment,galvanneal,18ga,5,True,True,none,,False,False,False,False,False,True,2015-09-09,A,False
P-108842,C10019,Panel Aluminum 20ga,panel,aluminum,20ga,6,False,True,powder,black,False,False,False,False,False,True,2017-06-25,B,True
P-108843,C10132,Weldment Stainless 18ga,weldment,stainless,18ga,5,True,False,powder,black,False,False,False,False,False,True,2021-08-06,B,True
P-108847,C10669,Chassis Stainless 20ga,chassis,stainless,20ga,11,True,False,powder,white,False,False,False,False,False,True,2022-03-31,A,False
P-108850,C10019,Weldment Stainless 18ga,weldment,stainless,18ga,7,True,True,powder,white,False,False,False,False,False,True,2020-10-31,C,True
P-108853,C10071,Enclosure CRS 11ga,enclosure,crs,11ga,14,True,False,none,,False,False,False,False,False,True,2019-12-19,D,False
P-108860,C11886,Assembly CRS 16ga,assembly,crs,16ga,5,True,True,none,,False,False,False,False,True,True,2015-05-14,B,True
P-108862,C11866,Weldment CRS 14ga,weldment,crs,14ga,4,True,True,powder,red,False,False,False,False,True,True,2018-01-14,B,True
P-108864,C10006,Weldment Stainless 16ga,weldment,stainless,16ga,4,True,True,plate,,True,False,False,False,False,True,2021-08-13,A,False
P-108872,C12168,Assembly CRS 16ga,assembly,crs,16ga,7,True,False,plate,,True,False,False,False,True,True,2017-07-27,B,True
P-108880,C10144,Enclosure CRS 18ga,enclosure,crs,18ga,8,False,True,none,,False,False,False,False,False,True,2012-06-08,A,True
P-108882,C10721,Weldment Galvanneal 18ga,weldment,galvanneal,18ga,7,True,False,powder,white,False,False,False,True,False,True,2016-10-19,A,False
P-108887,C10006,Enclosure CRS 18ga,enclosure,crs,18ga,9,True,True,none,,False,False,False,False,False,True,2021-12-01,B,True
P-108895,C11886,Weldment Galvanneal 16ga,weldment,galvanneal,16ga,4,True,False,plate,,True,False,False,False,False,True,2015-02-15,C,True
P-108899,C10123,Bracket Galvanneal 16ga,bracket,galvanneal,16ga,4,False,False,powder,black,False,False,False,False,False,True,2020-07-25,D,False
P-108907,C10024,Chassis Galvanneal 16ga,chassis,galvanneal,16ga,6,False,False,plate,,True,False,False,False,False,True,2021-06-05,A,True
P-108913,C10501,Bracket CRS 18ga,bracket,crs,18ga,3,False,True,plate,,True,False,False,False,False,True,2016-04-23,D,False
P-108916,C10707,Assembly CRS 12ga,assembly,crs,12ga,10,False,True,powder,white,False,False,False,False,False,True,2012-04-25,C,False
P-108924,C10430,Bracket Galvanneal 20ga,bracket,galvanneal,20ga,1,False,True,none,,False,False,False,False,False,True,2020-06-05,D,False
P-108929,C13021,Chassis Galvanneal 12ga,chassis,galvanneal,12ga,9,True,True,none,,False,False,False,False,False,True,2014-12-27,A,False
P-108930,C10019,Enclosure Galvanneal 14ga,enclosure,galvanneal,14ga,7,True,True,powder,black,False,False,False,False,False,True,2021-09-13,B,True
P-108937,C11437,Weldment Stainless 16ga,weldment,stainless,16ga,6,True,True,plate,,True,False,False,False,False,True,2020-12-29,D,True
P-108940,C10024,Assembly CRS 18ga,assembly,crs,18ga,6,True,False,none,,False,False,False,False,False,True,2018-07-14,D,True
P-108943,C13014,Bracket CRS 18ga,bracket,crs,18ga,2,True,False,powder,black,False,False,False,False,False,True,2014-12-13,C,False
P-108951,C10081,Enclosure Stainless 16ga,enclosure,stainless,16ga,8,False,True,powder,white,False,False,False,False,False,True,2021-02-24,A,True
P-108954,C10024,Bracket Stainless 14ga,bracket,stainless,14ga,4,False,True,powder,beige,False,False,False,False,False,True,2014-10-05,C,True
P-108958,C11019,Bracket CRS 18ga,bracket,crs,18ga,2,False,False,plate,,True,False,False,False,False,True,2017-05-12,A,False
P-108964,C11743,Weldment Aluminum 20ga,weldment,aluminum,20ga,7,True,False,anodize,,False,True,False,False,False,True,2019-01-11,D,False
P-108971,C10186,Chassis CRS 14ga,chassis,crs,14ga,6,False,False,none,,False,False,False,True,False,True,2017-02-03,B,True
P-108979,C10173,Enclosure Aluminum 12ga,enclosure,aluminum,12ga,10,True,False,powder,white,False,False,False,False,False,True,2013-11-18,B,True
P-108983,C10186,Bracket Galvanneal 14ga,bracket,galvanneal,14ga,1,False,False,none,,False,False,False,False,False,True,2012-11-13,B,True
P-108990,C13141,Enclosure Galvanneal 0.125in,enclosure,galvanneal,0.125in,6,False,False,powder,gray,False,False,False,False,False,True,2012-09-20,B,False
P-108994,C10151,Chassis Galvanneal 16ga,chassis,galvanneal,16ga,10,True,True,powder,black,False,False,False,False,False,True,2014-10-10,A,False
P-109002,C10269,Bracket Galvanneal 11ga,bracket,galvanneal,11ga,4,False,True,powder,beige,False,False,False,False,False,True,2019-03-24,B,False
P-109003,C10257,Enclosure Stainless 14ga,enclosure,stainless,14ga,11,True,True,plate,,True,False,False,False,False,True,2014-02-25,B,False
P-109009,C10580,Bracket CRS 18ga,bracket,crs,18ga,4,False,False,plate,,True,False,False,False,False,True,2013-09-06,B,False
P-109015,C10767,Enclosure Aluminum 11ga,enclosure,aluminum,11ga,12,False,False,powder,white,False,False,False,False,False,True,2012-08-14,A,False
P-109020,C10102,Assembly CRS 18ga,assembly,crs,18ga,8,True,True,none,,False,False,False,False,False,True,2015-11-09,C,True
P-109023,C10033,Panel CRS 20ga,panel,crs,20ga,4,False,True,none,,False,False,False,False,False,True,2019-08-25,B,True
P-109024,C10024,Chassis CRS 16ga,chassis,crs,16ga,7,False,True,plate,,True,False,False,False,False,True,2017-06-27,C,False
P-109031,C10409,Chassis Aluminum 20ga,chassis,aluminum,20ga,6,True,True,anodize,,False,True,False,False,False,True,2017-07-08,A,True
P-109036,C10071,Panel Stainless 14ga,panel,stainless,14ga,4,False,True,none,,False,False,False,False,False,True,2021-05-28,D,True
P-109041,C10096,Panel Galvanneal 14ga,panel,galvanneal,14ga,2,False,True,none,,False,False,False,False,True,True,2015-07-26,B,True
P-109047,C10344,Assembly Aluminum 20ga,assembly,aluminum,20ga,8,True,False,none,,False,False,False,False,False,True,2018-01-09,D,False
P-109053,C10701,Panel Stainless 11ga,panel,stainless,11ga,4,False,False,plate,,True,False,False,False,False,True,2012-12-03,B,False
P-109060,C10257,Weldment CRS 12ga,weldment,crs,12ga,2,True,False,none,,False,False,False,False,False,True,2021-07-27,A,True
P-109067,C10208,Weldment CRS 20ga,weldment,crs,20ga,6,True,False,plate,,True,False,False,False,False,True,2015-06-28,D,True
P-109068,C10071,Bracket Galvanneal 18ga,bracket,galvanneal,18ga,1,False,False,plate,,True,False,False,False,True,True,2013-07-26,B,True
P-109075,C10286,Bracket CRS 16ga,bracket,crs,16ga,4,False,False,powder,white,False,False,False,False,False,True,2014-07-17,B,True
P-109081,C10096,Assembly CRS 16ga,assembly,crs,16ga,10,False,True,none,,False,False,False,False,False,True,2021-02-24,B,False
P-109089,C10102,Bracket Galvanneal 18ga,bracket,galvanneal,18ga,4,False,False,plate,,True,False,False,False,False,True,2015-05-02,B,False
P-109093,C10728,Enclosure CRS 16ga,enclosure,crs,16ga,9,False,False,plate,,True,False,False,False,False,True,2020-06-17,A,False
P-109100,C10081,Enclosure Stainless 0.125in,enclosure,stainless,0.125in,13,False,True,powder,black,False,False,False,False,True,True,2016-03-28,A,False
P-109101,C10138,Panel CRS 16ga,panel,crs,16ga,4,False,False,powder,black,False,False,False,False,False,True,2015-07-20,A,True
P-109104,C11066,Bracket CRS 18ga,bracket,crs,18ga,4,False,False,powder,blue,False,False,True,False,False,True,2016-04-12,B,False
P-109105,C10261,Assembly CRS 16ga,assembly,crs,16ga,8,True,True,plate,,True,False,False,False,False,True,2017-08-01,A,True
P-109113,C10215,Weldment Galvanneal 20ga,weldment,galvanneal,20ga,3,True,False,plate,,True,False,False,False,False,True,2022-03-02,B,True
P-109120,C10853,Weldment CRS 0.125in,weldment,crs,0.125in,6,True,True,none,,False,False,False,False,False,True,2014-02-01,A,True
P-109123,C10132,Bracket Stainless 20ga,bracket,stainless,20ga,2,False,False,plate,,True,False,False,False,False,True,2016-10-27,D,False
P-109127,C10762,Weldment CRS 11ga,weldment,crs,11ga,3,True,True,none,,False,False,False,False,False,True,2015-12-31,C,False
P-109134,C11158,Panel Stainless 20ga,panel,stainless,20ga,2,False,False,powder,gray,False,False,False,False,False,True,2020-08-30,A,False
P-109137,C10397,Bracket CRS 16ga,bracket,crs,16ga,3,True,False,powder,gray,False,False,False,False,False,True,2021-03-04,B,True
P-109143,C11289,Assembly CRS 14ga,assembly,crs,14ga,5,True,False,none,,False,False,False,False,False,True,2021-11-02,A,False
P-109147,C10132,Bracket CRS 20ga,bracket,crs,20ga,4,False,False,none,,False,False,False,False,False,True,2012-12-07,C,True
P-109150,C10444,Bracket CRS 16ga,bracket,crs,16ga,4,False,False,powder,blue,False,False,False,False,False,True,2013-12-31,D,True
P-109153,C12431,Chassis CRS 11ga,chassis,crs,11ga,7,False,False,none,,False,False,False,False,True,True,2022-01-05,A,False
P-109159,C11258,Weldment CRS 16ga,weldment,crs,16ga,7,True,False,plate,,True,False,False,False,False,True,2019-04-11,C,True
P-109166,C12925,Enclosure Aluminum 18ga,enclosure,aluminum,18ga,8,True,False,none,,False,False,False,False,False,True,2015-04-07,A,False
P-109173,C10019,Assembly Stainless 0.250in,assembly,stainless,0.250in,6,False,False,none,,False,False,False,False,False,True,2016-12-29,A,False
P-109178,C10011,Assembly Stainless 12ga,assembly,stainless,12ga,3,True,True,powder,gray,False,False,False,False,False,True,2018-07-04,A,False
P-109185,C10086,Weldment Galvanneal 16ga,weldment,galvanneal,16ga,2,True,True,none,,False,False,False,False,True,True,2017-10-28,C,True
P-109187,C10132,Panel CRS 14ga,panel,crs,14ga,2,False,False,none,,False,False,False,False,False,True,2019-04-28,C,True
P-109194,C10707,Chassis Galvanneal 18ga,chassis,galvanneal,18ga,9,False,False,powder,white,False,False,False,False,False,True,2012-05-23,D,False
P-109200,C10024,Enclosure Stainless 0.250in,enclosure,stainless,0.250in,11,True,True,powder,black,False,False,False,False,False,True,2018-09-09,A,False
P-109203,C10173,Chassis CRS 18ga,chassis,crs,18ga,8,False,False,powder,gray,False,False,False,False,True,True,2015-12-19,A,False
P-109204,C10795,Panel Stainless 18ga,panel,stainless,18ga,3,False,False,plate,,True,False,False,False,True,True,2021-09-28,A,True
P-109210,C12464,Chassis Galvanneal 18ga,chassis,galvanneal,18ga,8,True,True,plate,,True,False,False,False,False,True,2019-08-10,A,False
P-109212,C10071,Panel CRS 12ga,panel,crs,12ga,6,False,False,none,,False,False,False,False,False,True,2016-05-01,B,False
P-109216,C10102,Weldment CRS 18ga,weldment,crs,18ga,8,True,False,powder,black,False,False,False,False,False,True,2020-07-27,A,False
P-109223,C10159,Chassis Stainless 18ga,chassis,stainless,18ga,8,False,True,none,,False,False,False,False,False,True,2019-04-25,A,False
P-109225,C10647,Chassis Stainless 18ga,chassis,stainless,18ga,11,True,True,powder,white,False,False,False,False,False,True,2016-11-25,A,True
P-109230,C10767,Weldment CRS 14ga,weldment,crs,14ga,3,True,False,none,,False,False,False,False,False,True,2019-07-28,A,False
P-109234,C10138,Weldment CRS 0.125in,weldment,crs,0.125in,6,True,False,powder,white,False,False,False,False,False,True,2017-03-23,A,True
P-109237,C10006,Enclosure CRS 16ga,enclosure,crs,16ga,11,False,True,powder,red,False,False,False,False,False,True,2021-08-16,C,False
P-109241,C10636,Panel Galvanneal 0.125in,panel,galvanneal,0.125in,3,False,True,none,,False,False,False,False,False,True,2013-06-23,D,True
P-109245,C11188,Chassis CRS 11ga,chassis,crs,11ga,12,True,False,powder,black,False,False,False,False,False,True,2015-09-11,B,False
P-109248,C12142,Panel CRS 16ga,panel,crs,16ga,6,False,True,none,,False,False,False,False,False,True,2018-01-20,A,True
P-109250,C10006,Panel CRS 20ga,panel,crs,20ga,6,False,True,powder,blue,False,False,False,False,False,True,2017-11-30,C,True
P-109255,C10024,Bracket Stainless 16ga,bracket,stainless,16ga,3,False,False,plate,,True,False,False,False,False,True,2018-03-30,D,False
P-109261,C10269,Panel CRS 18ga,panel,crs,18ga,6,False,True,none,,False,False,False,False,False,True,2012-02-07,A,False
P-109269,C11842,Panel Galvanneal 16ga,panel,galvanneal,16ga,3,False,False,plate,,True,False,False,False,False,True,2013-08-13,A,False
P-109273,C10293,Bracket CRS 18ga,bracket,crs,18ga,4,False,False,none,,False,False,False,False,False,True,2014-01-30,B,True
P-109278,C10920,Weldment Stainless 14ga,weldment,stainless,14ga,5,True,False,plate,,True,False,False,False,False,True,2013-02-06,A,False
P-109280,C10006,Bracket Galvanneal 0.250in,bracket,galvanneal,0.250in,3,False,True,none,,False,False,False,False,False,True,2012-05-02,D,False
P-109287,C11235,Enclosure CRS 16ga,enclosure,crs,16ga,13,False,False,none,,False,False,False,False,False,True,2020-02-09,B,True
P-109295,C10011,Bracket CRS 12ga,bracket,crs,12ga,1,False,True,powder,black,False,False,False,False,False,True,2018-05-09,A,False
P-109296,C10728,Bracket Stainless 20ga,bracket,stainless,20ga,2,False,False,plate,,True,False,False,False,True,True,2018-01-02,A,False
P-109302,C10871,Enclosure CRS 14ga,enclosure,crs,14ga,13,True,False,none,,False,False,False,False,True,True,2017-11-07,B,False
P-109308,C10114,Enclosure Galvanneal 16ga,enclosure,galvanneal,16ga,11,True,False,powder,gray,False,False,False,False,False,True,2015-12-20,A,True
P-109313,C12149,Chassis Galvanneal 16ga,chassis,galvanneal,16ga,8,False,True,none,,False,False,False,False,False,True,2012-09-12,A,False
P-109318,C10242,Panel Stainless 16ga,panel,stainless,16ga,3,False,False,powder,gray,False,False,False,False,True,True,2018-09-16,A,False
P-109320,C10081,Chassis Stainless 18ga,chassis,stainless,18ga,9,True,False,powder,gray,False,False,False,False,False,True,2013-02-14,B,False
P-109321,C10114,Enclosure Galvanneal 16ga,enclosure,galvanneal,16ga,8,False,False,none,,False,False,False,False,True,True,2017-01-26,B,False
P-109329,C10123,Panel Stainless 18ga,panel,stainless,18ga,3,False,False,powder,black,False,False,False,False,False,True,2021-01-06,B,False
P-109330,C10011,Enclosure Galvanneal 20ga,enclosure,galvanneal,20ga,6,True,True,powder,white,False,False,False,False,False,True,2017-01-25,B,True
P-109334,C13149,Chassis CRS 16ga,chassis,crs,16ga,12,True,False,none,,False,False,False,False,True,True,2020-05-05,C,True
P-109338,C10107,Weldment Galvanneal 20ga,weldment,galvanneal,20ga,2,True,True,none,,False,False,False,False,False,True,2014-11-22,A,True
P-109344,C10132,Enclosure CRS 14ga,enclosure,crs,14ga,8,False,True,none,,False,False,False,False,False,True,2016-06-27,A,True
P-109345,C10053,Bracket CRS 11ga,bracket,crs,11ga,3,False,False,plate,,True,False,False,False,False,True,2018-09-20,A,True
P-109351,C10067,Panel CRS 18ga,panel,crs,18ga,3,False,True,none,,False,False,False,False,False,True,2017-07-24,A,True
P-109359,C10107,Bracket Aluminum 20ga,bracket,aluminum,20ga,4,False,True,none,,False,False,False,False,False,True,2014-07-02,B,True
P-109367,C10123,Enclosure CRS 18ga,enclosure,crs,18ga,14,False,True,none,,False,False,False,False,False,True,2014-12-03,B,False
P-109371,C12540,Chassis Aluminum 14ga,chassis,aluminum,14ga,9,True,False,none,,False,False,False,False,False,True,2018-08-21,A,False
P-109373,C10086,Panel Aluminum 14ga,panel,aluminum,14ga,4,True,False,anodize,,False,True,False,False,False,True,2021-11-15,B,True
P-109374,C10225,Panel Stainless 12ga,panel,stainless,12ga,3,False,False,powder,beige,False,False,False,False,False,True,2012-01-05,D,True
P-109381,C11886,Panel CRS 14ga,panel,crs,14ga,6,False,False,powder,beige,False,False,False,False,False,True,2022-03-27,B,False
P-109389,C10297,Weldment Aluminum 16ga,weldment,aluminum,16ga,4,True,False,powder,black,False,False,False,False,False,True,2019-01-23,A,True
P-109392,C10521,Panel CRS 20ga,panel,crs,20ga,4,False,False,powder,black,False,False,False,False,False,True,2018-07-25,A,True
P-109393,C10086,Bracket CRS 20ga,bracket,crs,20ga,1,False,False,powder,white,False,False,True,False,False,True,2014-01-18,A,False
P-109396,C10332,Weldment CRS 0.250in,weldment,crs,0.250in,8,True,True,plate,,True,False,False,False,False,True,2021-07-04,C,True
P-109404,C12399,Bracket CRS 11ga,bracket,crs,11ga,4,False,True,powder,beige,False,False,False,False,True,True,2013-03-26,B,True
P-109405,C10144,Enclosure CRS 18ga,enclosure,crs,18ga,10,False,True,plate,,True,False,False,False,False,True,2018-07-14,C,True
P-109410,C12068,Weldment CRS 16ga,weldment,crs,16ga,3,True,False,none,,False,False,False,False,False,True,2017-03-06,A,True
P-109418,C10006,Enclosure Stainless 18ga,enclosure,stainless,18ga,12,True,False,none,,False,False,False,False,False,True,2015-04-04,B,False
P-109419,C10071,Panel Stainless 16ga,panel,stainless,16ga,3,False,True,none,,False,False,False,False,False,True,2014-08-29,A,True
P-109423,C10659,Panel Stainless 14ga,panel,stainless,14ga,2,False,True,plate,,True,False,False,False,False,True,2015-12-15,B,False
P-109429,C10552,Bracket Stainless 12ga,bracket,stainless,12ga,4,False,False,none,,False,False,False,False,False,True,2012-07-25,D,False
P-109430,C10071,Enclosure CRS 18ga,enclosure,crs,18ga,6,True,True,powder,gray,False,False,False,False,False,True,2013-03-16,A,True
P-109436,C11900,Bracket CRS 12ga,bracket,crs,12ga,2,True,False,powder,black,False,False,False,False,False,True,2016-06-06,C,False
P-109437,C10304,Bracket CRS 16ga,bracket,crs,16ga,2,False,False,powder,white,False,False,False,False,False,True,2016-08-31,B,True
P-109438,C13088,Chassis CRS 16ga,chassis,crs,16ga,12,True,False,none,,False,False,False,False,False,True,2013-05-14,B,True
P-109444,C10909,Weldment Stainless 18ga,weldment,stainless,18ga,5,True,False,none,,False,False,True,False,False,True,2013-07-01,D,True
P-109448,C10071,Assembly CRS 20ga,assembly,crs,20ga,8,False,True,plate,,True,False,False,True,False,True,2018-05-26,B,False
P-109453,C10006,Bracket CRS 18ga,bracket,crs,18ga,1,False,False,powder,black,False,False,False,False,False,True,2019-06-12,C,True
P-109458,C12762,Bracket Stainless 14ga,bracket,stainless,14ga,3,False,False,powder,gray,False,False,False,False,False,True,2016-02-14,A,False
P-109461,C10071,Panel Galvanneal 16ga,panel,galvanneal,16ga,2,False,False,none,,False,False,False,False,False,True,2021-08-07,A,False
P-109464,C10161,Weldment Galvanneal 16ga,weldment,galvanneal,16ga,4,True,False,none,,False,False,False,False,False,True,2014-03-11,D,False
P-109468,C10707,Bracket Stainless 14ga,bracket,stainless,14ga,1,False,False,plate,,True,False,False,False,False,True,2015-04-08,D,False
P-109474,C10107,Bracket Stainless 20ga,bracket,stainless,20ga,4,False,True,plate,,True,False,False,False,True,True,2015-06-23,B,True
P-109482,C10745,Bracket CRS 18ga,bracket,crs,18ga,3,False,False,powder,gray,False,False,False,False,False,True,2020-09-09,A,False
P-109490,C10081,Panel CRS 16ga,panel,crs,16ga,2,False,True,none,,False,False,False,False,True,True,2021-02-04,A,True
P-109495,C10006,Weldment CRS 18ga,weldment,crs,18ga,4,True,False,plate,,True,False,True,False,False,True,2019-10-04,D,True
P-109499,C11480,Bracket CRS 12ga,bracket,crs,12ga,1,False,True,plate,,True,False,False,False,True,True,2020-11-19,B,True
P-109505,C10636,Panel Galvanneal 14ga,panel,galvanneal,14ga,2,False,True,none,,False,False,False,False,False,True,2014-02-01,A,True
P-109507,C12620,Panel Stainless 0.250in,panel,stainless,0.250in,2,False,True,powder,black,False,False,False,False,False,True,2020-07-30,D,True
P-109514,C10655,Panel Galvanneal 12ga,panel,galvanneal,12ga,6,False,True,plate,,True,False,False,False,False,True,2019-05-12,D,True
P-109520,C10269,Assembly Aluminum 12ga,assembly,aluminum,12ga,3,False,False,anodize,,False,True,False,False,False,True,2012-08-14,A,False
P-109524,C10102,Enclosure CRS 0.125in,enclosure,crs,0.125in,8,False,True,powder,black,False,False,False,False,False,True,2014-09-30,B,False
P-109529,C12294,Bracket Aluminum 18ga,bracket,aluminum,18ga,3,False,False,anodize,,False,True,False,False,False,True,2020-07-02,B,False
P-109532,C12794,Assembly Stainless 18ga,assembly,stainless,18ga,8,False,False,none,,False,False,False,False,False,True,2022-02-03,A,False
P-109535,C10276,Weldment CRS 0.125in,weldment,crs,0.125in,7,True,True,none,,False,False,False,False,False,True,2019-09-28,A,False
P-109540,C12820,Bracket Galvanneal 11ga,bracket,galvanneal,11ga,4,False,False,powder,white,False,False,False,False,False,True,2022-05-24,A,True
P-109542,C10041,Enclosure CRS 18ga,enclosure,crs,18ga,12,True,False,none,,False,False,False,False,False,True,2014-03-30,C,True
P-109545,C11542,Enclosure Stainless 0.250in,enclosure,stainless,0.250in,14,False,True,none,,False,False,False,False,False,True,2015-10-17,D,False
P-109546,C10573,Assembly Stainless 16ga,assembly,stainless,16ga,8,False,False,powder,white,False,False,False,False,False,True,2016-08-01,A,False
P-109553,C11608,Enclosure CRS 16ga,enclosure,crs,16ga,9,True,True,none,,False,False,False,False,False,True,2020-07-05,A,False
P-109557,C10810,Bracket CRS 16ga,bracket,crs,16ga,2,False,False,powder,white,False,False,False,False,False,True,2012-09-04,C,False
P-109565,C10352,Enclosure Galvanneal 16ga,enclosure,galvanneal,16ga,13,True,False,none,,False,False,False,False,False,True,2016-08-17,B,True
P-109568,C12256,Enclosure CRS 20ga,enclosure,crs,20ga,7,True,False,plate,,True,False,False,False,False,True,2020-01-22,B,True
P-109576,C10107,Chassis CRS 20ga,chassis,crs,20ga,7,False,False,none,,False,False,False,False,False,True,2015-12-30,A,True
P-109577,C10186,Bracket Stainless 18ga,bracket,stainless,18ga,1,False,False,none,,False,False,False,False,False,True,2016-06-29,A,True
P-109581,C10235,Bracket Galvanneal 16ga,bracket,galvanneal,16ga,4,False,True,powder,gray,False,False,False,False,False,True,2017-04-10,B,True
P-109584,C11381,Bracket CRS 16ga,bracket,crs,16ga,1,False,True,plate,,True,False,False,False,False,True,2013-03-29,A,False
P-109591,C11491,Panel CRS 11ga,panel,crs,11ga,3,False,True,plate,,True,False,False,False,False,True,2018-11-27,D,True
P-109599,C10033,Weldment CRS 14ga,weldment,crs,14ga,3,True,True,none,,False,False,False,False,False,True,2018-01-08,D,True
P-109602,C10365,Panel CRS 20ga,panel,crs,20ga,2,False,False,plate,,True,False,False,False,False,True,2013-03-26,A,False
P-109604,C10019,Panel CRS 20ga,panel,crs,20ga,6,False,False,none,,False,False,False,False,False,True,2015-11-29,A,False
P-109610,C11364,Assembly Galvanneal 12ga,assembly,galvanneal,12ga,9,False,False,plate,,True,False,False,False,False,True,2016-03-12,C,False
P-109611,C12861,Panel CRS 18ga,panel,crs,18ga,5,False,False,powder,black,False,False,False,False,False,True,2017-08-12,B,False
P-109616,C10071,Bracket CRS 16ga,bracket,crs,16ga,2,False,True,powder,white,False,False,False,False,False,True,2013-04-06,A,False
P-109617,C10132,Weldment Aluminum 11ga,weldment,aluminum,11ga,2,True,False,anodize,,False,True,False,False,True,True,2012-10-30,A,False
P-109618,C10081,Bracket Stainless 16ga,bracket,stainless,16ga,2,False,True,plate,,True,False,False,False,False,True,2015-12-14,B,False
P-109621,C10418,Panel Stainless 16ga,panel,stainless,16ga,2,False,True,plate,,True,False,False,False,False,True,2018-12-09,A,True
P-109624,C11524,Bracket Aluminum 11ga,bracket,aluminum,11ga,1,False,False,none,,False,False,False,False,False,True,2015-12-03,D,False
P-109629,C10123,Bracket CRS 14ga,bracket,crs,14ga,1,False,False,none,,False,False,False,False,False,True,2018-02-11,C,True
P-109635,C10629,Chassis CRS 11ga,chassis,crs,11ga,11,True,False,powder,black,False,False,False,False,False,True,2022-04-29,A,False
P-109636,C10175,Assembly CRS 0.125in,assembly,crs,0.125in,5,False,False,plate,,True,False,False,False,False,True,2020-08-09,D,False
P-109640,C12267,Weldment CRS 12ga,weldment,crs,12ga,8,True,False,powder,black,False,False,False,False,False,True,2017-03-29,D,False
P-109644,C10707,Bracket CRS 18ga,bracket,crs,18ga,2,False,True,plate,,True,False,False,False,False,True,2016-12-30,B,False
P-109651,C10235,Enclosure CRS 12ga,enclosure,crs,12ga,12,True,True,plate,,True,False,False,False,False,True,2016-03-16,A,False
P-109659,C10006,Panel Aluminum 18ga,panel,aluminum,18ga,2,False,False,anodize,,False,True,False,False,False,True,2021-12-24,D,False
P-109663,C10186,Bracket CRS 12ga,bracket,crs,12ga,1,False,False,none,,False,False,False,False,False,True,2015-12-24,A,True
P-109664,C10086,Enclosure CRS 12ga,enclosure,crs,12ga,7,True,True,plate,,True,False,False,False,False,True,2014-12-25,A,True
P-109667,C10081,Bracket Aluminum 20ga,bracket,aluminum,20ga,1,False,False,powder,red,False,False,False,False,False,True,2013-09-22,A,True
P-109673,C11052,Enclosure CRS 16ga,enclosure,crs,16ga,8,True,False,plate,,True,False,False,False,False,True,2016-03-31,B,True
P-109675,C10276,Panel CRS 16ga,panel,crs,16ga,5,False,True,none,,False,False,False,False,False,True,2018-09-05,B,False
P-109683,C10200,Bracket Galvanneal 18ga,bracket,galvanneal,18ga,4,False,True,plate,,True,False,False,False,False,True,2019-08-22,C,True
P-109689,C10694,Weldment Stainless 16ga,weldment,stainless,16ga,3,True,True,powder,beige,False,False,False,False,False,True,2014-05-22,A,False
P-109696,C10102,Panel Stainless 18ga,panel,stainless,18ga,2,False,True,plate,,True,False,False,False,False,True,2012-02-13,C,False
P-109700,C10019,Enclosure Aluminum 20ga,enclosure,aluminum,20ga,11,False,False,powder,gray,False,False,False,False,False,True,2020-06-05,A,True
P-109707,C10024,Panel Aluminum 16ga,panel,aluminum,16ga,6,False,False,anodize,,False,True,False,False,False,True,2019-05-02,A,True
P-109712,C12987,Weldment Galvanneal 14ga,weldment,galvanneal,14ga,2,True,True,powder,gray,False,False,False,False,False,True,2017-03-14,B,False
P-109720,C10483,Bracket CRS 14ga,bracket,crs,14ga,1,False,True,powder,gray,False,False,False,False,False,True,2014-03-31,A,False
P-109721,C10024,Assembly Aluminum 0.125in,assembly,aluminum,0.125in,3,True,True,none,,False,False,False,False,False,True,2019-06-23,B,False
P-109729,C10006,Enclosure CRS 14ga,enclosure,crs,14ga,14,True,True,none,,False,False,False,False,False,True,2016-12-07,B,False
P-109730,C11756,Enclosure Stainless 20ga,enclosure,stainless,20ga,6,False,False,plate,,True,False,False,False,True,True,2020-06-03,A,False
P-109733,C10006,Panel CRS 20ga,panel,crs,20ga,5,False,False,plate,,True,False,False,False,False,True,2014-12-01,A,False
P-109741,C11979,Panel CRS 20ga,panel,crs,20ga,5,False,False,plate,,True,False,False,False,False,True,2016-08-23,A,False
P-109744,C10096,Weldment CRS 18ga,weldment,crs,18ga,5,True,False,plate,,True,False,False,False,False,True,2014-02-01,B,True
P-109749,C11204,Bracket CRS 18ga,bracket,crs,18ga,1,False,True,plate,,True,False,False,False,False,True,2015-03-10,C,True
P-109754,C10071,Bracket Galvanneal 16ga,bracket,galvanneal,16ga,4,False,False,plate,,True,False,False,False,False,True,2017-10-17,C,False
P-109757,C10871,Assembly CRS 16ga,assembly,crs,16ga,6,False,False,none,,False,False,False,False,False,True,2014-08-29,C,True
P-109763,C10138,Weldment Stainless 11ga,weldment,stainless,11ga,6,True,False,powder,black,False,False,False,False,False,True,2018-03-08,A,False
P-109767,C10728,Bracket Aluminum 12ga,bracket,aluminum,12ga,1,False,False,none,,False,False,False,False,False,True,2015-12-25,A,False
P-109768,C10033,Panel Galvanneal 14ga,panel,galvanneal,14ga,2,False,True,none,,False,False,False,False,False,True,2012-11-02,A,True
P-109774,C11861,Assembly Galvanneal 20ga,assembly,galvanneal,20ga,3,False,False,plate,,True,False,False,False,False,True,2015-04-23,A,False
P-109781,C11412,Bracket CRS 16ga,bracket,crs,16ga,4,False,False,powder,gray,False,False,False,False,False,True,2012-06-25,A,False
P-109789,C11881,Enclosure CRS 16ga,enclosure,crs,16ga,14,True,False,powder,gray,False,False,False,False,False,True,2021-08-08,D,True
P-109797,C10276,Enclosure Galvanneal 0.125in,enclosure,galvanneal,0.125in,9,False,True,none,,False,False,False,False,True,True,2017-11-01,A,False
P-109804,C10629,Bracket Galvanneal 11ga,bracket,galvanneal,11ga,2,False,True,powder,beige,False,False,False,False,False,True,2022-04-09,D,False
P-109808,C10276,Chassis CRS 12ga,chassis,crs,12ga,11,False,True,plate,,True,False,False,False,False,True,2014-01-20,A,False
P-109812,C12047,Weldment CRS 14ga,weldment,crs,14ga,8,True,True,none,,False,False,False,False,False,True,2015-02-08,A,False
P-109819,C10767,Enclosure CRS 18ga,enclosure,crs,18ga,6,True,True,powder,gray,False,False,False,False,False,True,2012-02-15,C,False
P-109823,C10998,Weldment CRS 14ga,weldment,crs,14ga,5,True,True,plate,,True,False,True,False,True,True,2021-01-21,D,True
P-109825,C10390,Weldment Stainless 18ga,weldment,stainless,18ga,5,True,True,none,,False,False,False,False,False,True,2013-12-30,B,True
P-109830,C11131,Panel CRS 14ga,panel,crs,14ga,2,False,True,powder,white,False,False,False,False,False,True,2013-02-18,A,False
P-109833,C11759,Chassis Aluminum 16ga,chassis,aluminum,16ga,9,True,True,none,,False,False,False,False,False,True,2012-06-17,A,False
P-109834,C10694,Assembly CRS 18ga,assembly,crs,18ga,3,False,False,powder,white,False,False,False,False,False,True,2014-10-03,C,False
P-109841,C10006,Bracket CRS 20ga,bracket,crs,20ga,1,False,False,none,,False,False,False,False,False,True,2014-06-27,D,True
P-109843,C10242,Bracket CRS 20ga,bracket,crs,20ga,4,False,False,plate,,True,False,False,False,False,True,2016-06-20,D,False
P-109846,C10208,Enclosure CRS 14ga,enclosure,crs,14ga,10,False,False,none,,False,False,False,False,False,True,2018-01-28,B,False
P-109854,C10616,Panel CRS 12ga,panel,crs,12ga,2,False,True,plate,,True,False,False,False,False,True,2013-05-04,D,True
P-109858,C10217,Panel CRS 16ga,panel,crs,16ga,4,False,True,plate,,True,False,False,False,False,True,2016-04-21,C,False
P-109866,C11586,Panel Galvanneal 14ga,panel,galvanneal,14ga,3,False,False,none,,False,False,False,False,False,True,2013-12-29,B,True
P-109869,C10400,Weldment CRS 16ga,weldment,crs,16ga,2,True,True,none,,False,False,False,False,False,True,2017-09-13,B,False
P-109875,C10215,Bracket Aluminum 16ga,bracket,aluminum,16ga,4,False,True,anodize,,False,True,False,False,False,True,2020-04-12,B,False
P-109882,C10011,Weldment Stainless 14ga,weldment,stainless,14ga,8,True,False,plate,,True,False,False,False,False,True,2018-09-10,A,False
P-109889,C10556,Bracket CRS 16ga,bracket,crs,16ga,3,False,True,plate,,True,False,False,False,False,True,2015-06-14,A,False
P-109897,C10336,Panel CRS 20ga,panel,crs,20ga,5,False,False,none,,False,False,False,False,False,True,2012-07-10,B,False
P-109899,C10041,Enclosure CRS 11ga,enclosure,crs,11ga,14,True,True,none,,False,False,False,False,False,True,2021-10-18,B,False
P-109907,C12981,Panel CRS 11ga,panel,crs,11ga,2,False,True,none,,False,False,False,False,False,True,2018-06-15,A,False
P-109912,C10067,Bracket CRS 0.250in,bracket,crs,0.250in,3,False,False,none,,False,False,False,False,False,True,2019-06-28,A,False
P-109917,C10826,Bracket Aluminum 12ga,bracket,aluminum,12ga,3,False,True,powder,beige,False,False,False,False,False,True,2019-02-26,A,False
P-109918,C10636,Weldment Stainless 12ga,weldment,stainless,12ga,7,True,True,powder,white,False,False,False,False,False,True,2019-01-30,A,False
P-109925,C10308,Enclosure Galvanneal 18ga,enclosure,galvanneal,18ga,11,False,False,plate,,True,False,False,False,False,True,2016-09-05,B,True
P-109933,C10456,Bracket CRS 18ga,bracket,crs,18ga,4,False,True,powder,black,False,False,False,True,False,True,2021-10-29,B,False
P-109938,C11866,Enclosure CRS 14ga,enclosure,crs,14ga,14,False,False,none,,False,False,False,False,False,True,2020-06-18,D,False
P-109945,C12384,Bracket Galvanneal 16ga,bracket,galvanneal,16ga,4,False,True,none,,False,False,False,False,False,True,2013-11-03,C,True
P-109947,C10640,Panel CRS 18ga,panel,crs,18ga,3,False,True,none,,False,False,False,False,False,True,2015-08-08,A,True
P-109951,C10217,Bracket Stainless 14ga,bracket,stainless,14ga,3,False,True,powder,red,False,False,False,False,False,True,2021-07-22,A,True
P-109956,C10006,Enclosure Stainless 12ga,enclosure,stainless,12ga,11,True,False,none,,False,False,False,False,False,True,2022-04-15,A,True
P-109962,C11142,Panel Stainless 20ga,panel,stainless,20ga,6,False,True,plate,,True,False,False,False,False,True,2012-09-06,A,True
P-109963,C11266,Bracket Aluminum 16ga,bracket,aluminum,16ga,2,False,True,powder,beige,False,False,False,False,False,True,2015-11-27,D,True
P-109971,C11918,Bracket Aluminum 20ga,bracket,aluminum,20ga,4,False,True,none,,False,False,False,False,False,True,2014-02-08,A,True
P-109972,C10161,Bracket CRS 16ga,bracket,crs,16ga,1,False,False,powder,black,False,False,False,False,True,True,2020-02-23,B,False
P-109973,C10556,Weldment Galvanneal 12ga,weldment,galvanneal,12ga,6,True,True,plate,,True,False,False,False,False,True,2019-03-21,C,False
P-109976,C10397,Weldment CRS 14ga,weldment,crs,14ga,8,True,False,powder,beige,False,False,False,False,False,True,2019-09-11,B,False
P-109980,C10096,Assembly CRS 16ga,assembly,crs,16ga,4,False,False,none,,False,False,False,False,False,True,2018-10-04,B,True
P-109981,C10011,Weldment Galvanneal 18ga,weldment,galvanneal,18ga,8,True,False,powder,beige,False,False,False,False,False,True,2016-01-22,A,False
P-109986,C10269,Enclosure CRS 16ga,enclosure,crs,16ga,13,True,False,none,,False,False,False,False,True,True,2022-05-19,C,False
P-109992,C10071,Chassis Aluminum 18ga,chassis,aluminum,18ga,7,False,False,anodize,,False,True,False,False,False,True,2016-06-28,A,True
P-109995,C10081,Panel CRS 16ga,panel,crs,16ga,5,False,False,plate,,True,False,False,False,False,True,2018-03-24,A,False
P-110001,C10071,Bracket Stainless 0.125in,bracket,stainless,0.125in,1,False,True,powder,beige,False,False,False,False,False,True,2020-09-26,A,True
P-110007,C10086,Assembly Galvanneal 12ga,assembly,galvanneal,12ga,8,True,False,plate,,True,False,False,False,False,True,2020-09-27,A,False
P-110008,C10636,Bracket CRS 20ga,bracket,crs,20ga,3,False,True,powder,gray,False,False,False,False,False,True,2016-05-17,C,False
P-110012,C10444,Enclosure Stainless 20ga,enclosure,stainless,20ga,8,True,True,none,,False,False,False,False,False,True,2015-05-19,C,True
P-110015,C10954,Assembly CRS 16ga,assembly,crs,16ga,9,True,False,powder,blue,False,False,False,False,False,True,2014-01-30,A,False
P-110017,C11269,Assembly Stainless 16ga,assembly,stainless,16ga,5,False,False,none,,False,False,False,False,True,True,2012-07-09,A,True
P-110020,C10086,Bracket CRS 16ga,bracket,crs,16ga,2,False,False,none,,False,False,False,False,False,True,2016-11-06,B,True
P-110026,C11412,Assembly CRS 14ga,assembly,crs,14ga,4,False,False,powder,blue,False,False,False,False,False,True,2014-05-01,A,True
P-110027,C10114,Chassis CRS 12ga,chassis,crs,12ga,8,False,True,plate,,True,False,False,False,False,True,2020-10-08,B,False
P-110032,C10114,Assembly CRS 18ga,assembly,crs,18ga,9,False,True,powder,red,False,False,False,False,False,True,2014-05-07,B,False
P-110039,C10878,Chassis Stainless 16ga,chassis,stainless,16ga,8,False,False,plate,,True,False,True,True,False,True,2014-06-21,B,False
P-110040,C10086,Bracket Aluminum 16ga,bracket,aluminum,16ga,2,False,False,powder,beige,False,False,False,False,False,True,2018-06-23,B,True
P-110045,C10060,Weldment Stainless 16ga,weldment,stainless,16ga,8,True,False,plate,,True,False,True,False,False,True,2017-05-05,B,True
P-110053,C10096,Bracket Stainless 18ga,bracket,stainless,18ga,4,True,False,none,,False,False,False,False,False,True,2013-05-28,B,False
P-110056,C10123,Enclosure Stainless 16ga,enclosure,stainless,16ga,6,True,True,powder,blue,False,False,False,False,True,True,2015-02-17,A,False
P-110057,C10081,Assembly Aluminum 14ga,assembly,aluminum,14ga,3,False,True,anodize,,False,True,False,False,False,True,2020-11-12,A,True
P-110062,C12794,Assembly CRS 18ga,assembly,crs,18ga,3,False,True,powder,gray,False,False,False,False,False,True,2021-06-14,B,False
P-110066,C10006,Chassis CRS 14ga,chassis,crs,14ga,11,True,True,plate,,True,False,False,False,False,True,2016-07-09,A,False
P-110074,C11979,Assembly Stainless 16ga,assembly,stainless,16ga,4,True,False,powder,black,False,False,False,False,False,True,2017-05-02,A,False
P-110080,C12572,Bracket CRS 0.125in,bracket,crs,0.125in,4,False,False,none,,False,False,False,False,False,True,2020-12-10,D,True
P-110085,C10006,Chassis Galvanneal 14ga,chassis,galvanneal,14ga,6,True,True,none,,False,False,False,False,False,True,2012-10-29,A,False
P-110090,C11339,Panel CRS 16ga,panel,crs,16ga,3,False,False,none,,False,False,False,False,False,True,2015-04-05,B,True
P-110091,C10745,Panel Galvanneal 14ga,panel,galvanneal,14ga,6,False,False,none,,False,False,False,False,False,True,2019-07-07,B,False
P-110093,C10107,Assembly CRS 16ga,assembly,crs,16ga,5,False,True,none,,False,False,False,False,False,True,2018-02-06,A,False
P-110100,C10217,Bracket Aluminum 16ga,bracket,aluminum,16ga,1,False,False,powder,beige,False,False,False,False,False,True,2022-04-01,A,False
P-110105,C10365,Assembly CRS 18ga,assembly,crs,18ga,5,True,False,none,,False,False,False,False,False,True,2022-05-31,C,True
P-110108,C11381,Enclosure Aluminum 18ga,enclosure,aluminum,18ga,11,False,False,none,,False,False,False,False,False,True,2014-09-09,B,False
P-110109,C10293,Panel Stainless 16ga,panel,stainless,16ga,3,True,False,plate,,True,False,True,False,True,True,2012-12-19,A,True
P-110114,C10521,Enclosure Galvanneal 16ga,enclosure,galvanneal,16ga,9,True,False,none,,False,False,False,False,False,True,2015-02-18,C,False
P-110122,C10286,Panel CRS 14ga,panel,crs,14ga,4,False,False,none,,False,False,False,False,False,True,2019-03-30,D,True
P-110127,C10019,Enclosure CRS 18ga,enclosure,crs,18ga,8,False,True,none,,False,False,True,False,False,True,2013-02-24,B,True
P-110135,C12347,Bracket Stainless 0.125in,bracket,stainless,0.125in,3,False,False,powder,gray,False,False,False,False,False,True,2013-08-06,D,False
P-110143,C10006,Panel CRS 14ga,panel,crs,14ga,5,False,False,powder,gray,False,False,False,False,True,True,2018-11-04,A,False
P-110144,C10006,Assembly Galvanneal 20ga,assembly,galvanneal,20ga,7,False,True,plate,,True,False,True,False,False,True,2020-09-10,A,True
P-110147,C10701,Enclosure CRS 16ga,enclosure,crs,16ga,9,True,False,none,,False,False,False,False,False,True,2013-12-28,A,False
P-110154,C11457,Chassis CRS 18ga,chassis,crs,18ga,7,True,True,none,,False,False,False,False,False,True,2019-09-27,D,True
P-110159,C10042,Panel CRS 18ga,panel,crs,18ga,3,False,False,none,,False,False,False,False,False,True,2019-11-12,C,True
P-110167,C11641,Weldment CRS 20ga,weldment,crs,20ga,5,True,False,powder,gray,False,False,False,False,False,True,2021-06-26,A,False
P-110171,C10591,Weldment CRS 14ga,weldment,crs,14ga,5,True,True,plate,,True,False,False,False,False,True,2014-08-08,A,False
P-110174,C10321,Weldment Galvanneal 12ga,weldment,galvanneal,12ga,6,True,False,none,,False,False,False,False,False,True,2013-05-21,C,True
P-110181,C11866,Bracket CRS 16ga,bracket,crs,16ga,1,False,False,plate,,True,False,False,False,True,True,2017-10-22,C,False
P-110182,C10376,Enclosure Galvanneal 16ga,enclosure,galvanneal,16ga,11,False,False,plate,,True,False,False,False,False,True,2016-06-08,B,False
P-110189,C11928,Panel CRS 18ga,panel,crs,18ga,3,False,True,none,,False,False,False,False,False,True,2022-05-18,B,True
P-110190,C10102,Enclosure Stainless 16ga,enclosure,stainless,16ga,9,False,False,powder,beige,False,False,False,False,False,True,2017-09-18,C,False
P-110196,C10071,Bracket CRS 20ga,bracket,crs,20ga,1,False,False,plate,,True,False,False,False,False,True,2017-11-20,A,True
P-110204,C11928,Bracket CRS 14ga,bracket,crs,14ga,2,False,False,powder,white,False,False,False,False,False,True,2015-10-05,B,False
P-110211,C10470,Bracket Stainless 20ga,bracket,stainless,20ga,2,False,False,none,,False,False,False,False,True,True,2017-04-28,A,False
P-110217,C10965,Bracket CRS 16ga,bracket,crs,16ga,1,False,True,none,,False,False,False,False,False,True,2022-01-24,A,False
P-110220,C10920,Bracket Stainless 16ga,bracket,stainless,16ga,1,False,True,none,,False,False,False,False,False,True,2013-10-16,C,False
P-110223,C11641,Bracket CRS 18ga,bracket,crs,18ga,3,False,True,none,,False,False,False,False,False,True,2016-07-08,B,False
P-110231,C10276,Bracket Galvanneal 12ga,bracket,galvanneal,12ga,1,False,False,powder,black,False,False,False,False,False,True,2015-01-30,A,False
P-110237,C10235,Bracket CRS 18ga,bracket,crs,18ga,3,False,True,powder,gray,False,False,False,False,True,True,2012-01-13,D,False
P-110243,C11866,Weldment Galvanneal 12ga,weldment,galvanneal,12ga,6,True,False,none,,False,False,False,False,False,True,2021-04-19,B,False
P-110247,C10006,Bracket CRS 20ga,bracket,crs,20ga,2,False,True,powder,blue,False,False,False,False,False,True,2019-09-03,B,True
P-110255,C10636,Assembly CRS 20ga,assembly,crs,20ga,10,True,False,powder,white,False,False,False,False,True,True,2016-08-18,C,True
P-110262,C10470,Assembly Stainless 12ga,assembly,stainless,12ga,10,False,True,none,,False,False,False,False,False,True,2015-08-03,C,False
P-110268,C10006,Assembly Aluminum 16ga,assembly,aluminum,16ga,5,True,True,none,,False,False,False,False,True,True,2021-09-25,B,False
P-110270,C10470,Enclosure Galvanneal 16ga,enclosure,galvanneal,16ga,9,True,True,plate,,True,False,False,False,False,True,2016-04-16,B,False
P-110272,C10332,Assembly Aluminum 0.125in,assembly,aluminum,0.125in,10,False,True,none,,False,False,False,False,False,True,2018-04-28,C,False
P-110274,C10684,Assembly Galvanneal 12ga,assembly,galvanneal,12ga,7,False,False,powder,red,False,False,False,False,False,True,2016-12-14,B,False
P-110278,C10286,Chassis Galvanneal 18ga,chassis,galvanneal,18ga,12,True,True,none,,False,False,False,False,True,True,2013-01-18,A,True
P-110283,C10006,Weldment Aluminum 11ga,weldment,aluminum,11ga,3,True,True,none,,False,False,False,False,False,True,2014-01-09,A,True
P-110287,C10071,Assembly Aluminum 16ga,assembly,aluminum,16ga,9,True,False,powder,white,False,False,False,False,False,True,2015-09-19,C,False
P-110289,C10215,Bracket CRS 16ga,bracket,crs,16ga,4,False,False,none,,False,False,False,False,False,True,2016-06-11,D,False
P-110294,C10006,Enclosure Galvanneal 16ga,enclosure,galvanneal,16ga,9,True,True,none,,False,False,False,False,False,True,2015-11-26,C,True
P-110301,C10033,Panel CRS 16ga,panel,crs,16ga,2,False,False,none,,False,False,False,False,False,True,2015-01-21,B,True
P-110305,C10304,Weldment CRS 16ga,weldment,crs,16ga,4,True,True,none,,False,False,False,False,False,True,2022-05-12,B,True
P-110308,C11284,Weldment CRS 16ga,weldment,crs,16ga,6,True,True,none,,False,False,False,False,True,True,2017-05-21,C,True
P-110313,C10033,Bracket CRS 20ga,bracket,crs,20ga,3,False,True,none,,False,False,False,False,True,True,2012-10-28,A,False
P-110321,C11168,Enclosure CRS 16ga,enclosure,crs,16ga,14,True,False,powder,beige,False,False,False,False,False,True,2021-12-01,A,False
P-110324,C10081,Chassis Aluminum 20ga,chassis,aluminum,20ga,12,False,True,powder,red,False,False,False,False,False,True,2018-06-28,A,True
P-110327,C10336,Panel CRS 18ga,panel,crs,18ga,5,False,False,powder,black,False,False,False,False,False,True,2016-05-21,A,False
P-110330,C10024,Chassis CRS 16ga,chassis,crs,16ga,8,False,False,none,,False,False,False,False,False,True,2015-02-11,B,False
P-110335,C11491,Weldment CRS 18ga,weldment,crs,18ga,3,True,False,powder,beige,False,False,False,False,False,True,2016-02-06,C,True
P-110341,C10871,Enclosure CRS 18ga,enclosure,crs,18ga,6,False,True,powder,gray,False,False,False,False,False,True,2021-12-13,A,False
P-110346,C12111,Bracket CRS 14ga,bracket,crs,14ga,2,True,True,none,,False,False,False,False,False,True,2014-05-13,C,False
P-110353,C10186,Assembly CRS 20ga,assembly,crs,20ga,9,False,True,plate,,True,False,False,False,False,True,2012-07-27,A,True
P-110357,C12703,Enclosure CRS 18ga,enclosure,crs,18ga,13,False,True,plate,,True,False,False,False,True,True,2022-05-24,D,False
P-110365,C12047,Enclosure Stainless 18ga,enclosure,stainless,18ga,14,False,False,powder,beige,False,False,False,False,False,True,2015-02-18,A,False
P-110371,C11421,Assembly Stainless 12ga,assembly,stainless,12ga,8,False,False,powder,black,False,False,False,False,False,True,2020-05-07,B,False
P-110379,C12738,Panel CRS 18ga,panel,crs,18ga,6,False,False,none,,False,False,False,False,False,True,2017-11-14,D,False
P-110382,C13049,Bracket CRS 16ga,bracket,crs,16ga,3,False,False,plate,,True,False,False,False,False,True,2021-12-08,A,False
P-110387,C11066,Chassis Aluminum 16ga,chassis,aluminum,16ga,9,False,True,none,,False,False,False,False,False,True,2020-11-28,A,False
P-110389,C12319,Bracket Stainless 14ga,bracket,stainless,14ga,3,False,False,none,,False,False,False,False,False,True,2021-01-02,B,False
P-110391,C12036,Panel Galvanneal 18ga,panel,galvanneal,18ga,6,False,False,powder,beige,False,False,False,False,False,True,2017-11-26,C,False
P-110398,C10269,Panel CRS 16ga,panel,crs,16ga,5,False,True,none,,False,False,False,False,True,True,2019-07-18,B,False
P-110401,C10344,Weldment CRS 11ga,weldment,crs,11ga,2,True,False,none,,False,False,False,False,False,True,2019-07-28,A,False
P-110408,C12377,Enclosure Stainless 18ga,enclosure,stainless,18ga,7,True,True,powder,blue,False,False,False,False,True,True,2017-08-23,A,True
P-110412,C11732,Panel Galvanneal 14ga,panel,galvanneal,14ga,5,False,True,powder,beige,False,False,False,False,True,True,2017-10-13,D,True
P-110420,C10123,Weldment CRS 18ga,weldment,crs,18ga,3,True,False,plate,,True,False,False,False,False,True,2012-02-07,A,False
P-110424,C10161,Bracket CRS 0.250in,bracket,crs,0.250in,3,False,False,none,,False,False,False,False,False,True,2020-11-13,A,False
P-110427,C10033,Weldment Galvanneal 16ga,weldment,galvanneal,16ga,5,True,False,none,,False,False,False,False,True,True,2014-03-15,A,True
P-110435,C10081,Panel Galvanneal 18ga,panel,galvanneal,18ga,3,False,False,none,,False,False,False,False,False,True,2012-01-30,A,False
P-110437,C11010,Assembly CRS 12ga,assembly,crs,12ga,7,False,True,powder,gray,False,False,True,False,False,True,2012-05-06,C,False
P-110438,C10286,Panel Stainless 12ga,panel,stainless,12ga,3,False,True,powder,beige,False,False,False,False,False,True,2018-01-19,B,False
P-110444,C10123,Weldment CRS 18ga,weldment,crs,18ga,5,True,False,none,,False,False,False,False,True,True,2013-06-30,B,True
P-110452,C11646,Enclosure CRS 14ga,enclosure,crs,14ga,8,True,True,none,,False,False,False,False,False,True,2015-04-19,A,False
P-110457,C10242,Bracket CRS 14ga,bracket,crs,14ga,2,False,True,powder,gray,False,False,False,False,False,True,2021-08-26,A,True
P-110461,C10595,Bracket Galvanneal 0.250in,bracket,galvanneal,0.250in,4,False,False,none,,False,False,False,False,False,True,2013-12-14,B,True
P-110467,C10175,Enclosure CRS 18ga,enclosure,crs,18ga,11,True,False,none,,False,False,False,False,False,True,2013-04-20,A,False
P-110468,C11914,Bracket Stainless 20ga,bracket,stainless,20ga,3,False,False,powder,black,False,False,False,False,False,True,2021-06-19,A,True
P-110472,C10033,Assembly CRS 16ga,assembly,crs,16ga,3,True,False,plate,,True,False,False,False,False,True,2021-12-16,D,False
P-110479,C11489,Bracket Stainless 16ga,bracket,stainless,16ga,2,False,True,powder,red,False,False,False,False,False,True,2013-07-31,B,False
P-110480,C11742,Panel Stainless 14ga,panel,stainless,14ga,3,False,True,powder,white,False,False,False,False,False,True,2020-04-24,B,False
P-110482,C10215,Enclosure Stainless 16ga,enclosure,stainless,16ga,13,True,False,none,,False,False,False,False,False,True,2016-06-16,C,False
P-110487,C10344,Assembly Galvanneal 18ga,assembly,galvanneal,18ga,5,True,False,plate,,True,False,True,False,False,True,2012-02-02,A,False
P-110489,C10102,Chassis CRS 11ga,chassis,crs,11ga,6,False,True,plate,,True,False,False,False,False,True,2017-07-11,C,False
P-110495,C10132,Enclosure Aluminum 16ga,enclosure,aluminum,16ga,6,True,True,powder,white,False,False,False,False,False,True,2016-09-26,D,False
P-110499,C11724,Panel Galvanneal 18ga,panel,galvanneal,18ga,3,False,False,plate,,True,False,False,False,False,True,2020-12-03,B,True
P-110504,C10352,Panel Aluminum 16ga,panel,aluminum,16ga,3,False,True,anodize,,False,True,False,False,False,True,2020-07-07,C,True
P-110509,C10071,Panel Galvanneal 14ga,panel,galvanneal,14ga,3,False,True,plate,,True,False,False,False,False,True,2015-10-03,A,True
P-110517,C10096,Chassis CRS 14ga,chassis,crs,14ga,9,False,False,plate,,True,False,False,False,False,True,2020-09-04,D,True
P-110522,C10217,Panel Stainless 11ga,panel,stainless,11ga,5,False,False,plate,,True,False,False,False,False,True,2016-12-31,C,True
P-110529,C10086,Panel Galvanneal 14ga,panel,galvanneal,14ga,5,False,False,powder,red,False,False,False,False,True,True,2021-11-05,B,False
P-110531,C10006,Assembly CRS 14ga,assembly,crs,14ga,8,True,False,powder,white,False,False,False,False,False,True,2016-10-24,B,False
P-110539,C11578,Enclosure CRS 16ga,enclosure,crs,16ga,10,False,False,none,,False,False,False,False,False,True,2017-03-06,B,False
P-110541,C10159,Panel CRS 18ga,panel,crs,18ga,6,False,True,powder,white,False,False,False,False,False,True,2019-09-25,B,True
P-110548,C12659,Weldment CRS 18ga,weldment,crs,18ga,5,True,True,powder,black,False,False,False,False,False,True,2018-02-04,C,True
P-110555,C10132,Panel Stainless 11ga,panel,stainless,11ga,3,False,False,powder,beige,False,False,False,False,False,True,2018-03-12,A,False
P-110562,C10086,Bracket CRS 16ga,bracket,crs,16ga,1,False,False,powder,red,False,False,False,False,True,True,2020-07-31,A,False
P-110563,C10071,Panel CRS 18ga,panel,crs,18ga,4,False,True,none,,False,False,False,False,False,True,2019-01-08,D,False
P-110564,C11530,Panel CRS 18ga,panel,crs,18ga,4,False,True,none,,False,False,True,False,False,True,2019-04-05,A,True
P-110565,C10006,Bracket Galvanneal 20ga,bracket,galvanneal,20ga,1,False,True,powder,white,False,False,False,False,False,True,2017-01-28,A,True
P-110569,C10102,Bracket Stainless 18ga,bracket,stainless,18ga,4,False,False,plate,,True,False,False,False,False,True,2014-11-03,A,False
P-110577,C10006,Bracket CRS 14ga,bracket,crs,14ga,2,False,False,powder,red,False,False,False,False,False,True,2021-12-08,A,False
P-110580,C10081,Bracket CRS 14ga,bracket,crs,14ga,4,False,True,powder,black,False,False,False,False,False,True,2015-02-14,A,False
P-110584,C10102,Panel CRS 16ga,panel,crs,16ga,4,False,False,powder,gray,False,False,False,False,False,True,2015-09-09,A,False
P-110585,C10217,Bracket Galvanneal 16ga,bracket,galvanneal,16ga,3,False,False,powder,blue,False,False,False,False,False,True,2012-07-22,A,True
P-110592,C11269,Weldment CRS 0.250in,weldment,crs,0.250in,5,True,True,none,,False,False,True,False,False,True,2016-12-09,A,False
P-110594,C12578,Panel Aluminum 14ga,panel,aluminum,14ga,4,False,False,anodize,,False,True,False,False,False,True,2014-01-06,D,False
P-110601,C10123,Bracket Aluminum 20ga,bracket,aluminum,20ga,3,False,False,powder,black,False,False,False,False,False,True,2016-04-21,A,True
P-110609,C10400,Bracket CRS 16ga,bracket,crs,16ga,1,False,True,powder,blue,False,False,False,False,False,True,2019-06-11,C,False
P-110616,C11430,Panel CRS 16ga,panel,crs,16ga,5,False,False,powder,white,False,False,False,False,False,True,2014-08-16,B,False
P-110618,C10144,Weldment Aluminum 12ga,weldment,aluminum,12ga,8,True,True,none,,False,False,False,False,False,True,2020-10-20,B,True
P-110625,C11849,Bracket CRS 14ga,bracket,crs,14ga,4,False,False,powder,white,False,False,False,False,False,True,2012-07-17,B,True
P-110630,C10200,Weldment Aluminum 20ga,weldment,aluminum,20ga,2,True,False,powder,black,False,False,False,False,False,True,2021-05-26,A,True
P-110634,C10071,Bracket CRS 14ga,bracket,crs,14ga,2,False,False,none,,False,False,True,False,False,True,2015-11-28,B,False
P-110638,C12904,Enclosure Galvanneal 12ga,enclosure,galvanneal,12ga,14,True,True,powder,white,False,False,False,False,False,True,2014-06-04,C,False
P-110642,C10006,Bracket Aluminum 18ga,bracket,aluminum,18ga,4,False,False,powder,gray,False,False,False,False,False,True,2016-11-14,A,False
P-110649,C11168,Enclosure Stainless 20ga,enclosure,stainless,20ga,6,True,True,none,,False,False,False,False,False,True,2021-12-16,D,False
P-110650,C10444,Panel CRS 16ga,panel,crs,16ga,5,False,True,plate,,True,False,False,False,False,True,2021-11-09,B,True
P-110651,C10914,Panel CRS 0.250in,panel,crs,0.250in,2,False,False,powder,blue,False,False,False,False,False,True,2012-01-23,C,False
P-110657,C11813,Bracket Stainless 14ga,bracket,stainless,14ga,2,False,False,plate,,True,False,False,False,False,True,2018-12-23,A,False
P-110660,C10024,Chassis CRS 18ga,chassis,crs,18ga,7,False,False,none,,False,False,False,False,True,True,2017-09-02,B,False
P-110661,C10217,Chassis Stainless 16ga,chassis,stainless,16ga,6,False,True,none,,False,False,False,False,False,True,2015-09-02,A,True
P-110666,C10006,Bracket CRS 16ga,bracket,crs,16ga,2,False,False,none,,False,False,False,False,False,True,2016-10-11,B,False
P-110668,C12316,Assembly CRS 20ga,assembly,crs,20ga,6,True,True,powder,black,False,False,False,False,False,True,2012-03-19,B,False
P-110671,C13119,Panel CRS 18ga,panel,crs,18ga,6,False,True,plate,,True,False,False,False,True,True,2014-10-03,A,False
P-110673,C10215,Weldment CRS 18ga,weldment,crs,18ga,2,True,False,plate,,True,False,False,False,False,True,2019-06-18,A,True
P-110681,C12008,Bracket CRS 20ga,bracket,crs,20ga,2,False,False,none,,False,False,False,False,False,True,2016-05-31,A,False
P-110685,C10123,Enclosure Aluminum 12ga,enclosure,aluminum,12ga,7,True,True,anodize,,False,True,False,False,False,True,2014-03-29,A,False
P-110689,C11945,Chassis CRS 16ga,chassis,crs,16ga,7,False,False,plate,,True,False,False,False,True,True,2020-01-13,B,False
P-110690,C10042,Enclosure CRS 16ga,enclosure,crs,16ga,11,True,True,none,,False,False,False,False,False,True,2012-12-12,A,False
P-110691,C11037,Chassis Galvanneal 18ga,chassis,galvanneal,18ga,5,True,False,plate,,True,False,False,False,False,True,2015-05-07,B,False
P-110697,C10552,Enclosure CRS 16ga,enclosure,crs,16ga,11,True,False,plate,,True,False,False,False,False,True,2019-12-20,C,True
P-110699,C11188,Enclosure Galvanneal 14ga,enclosure,galvanneal,14ga,12,False,True,powder,blue,False,False,False,False,False,True,2019-08-03,D,False
P-110700,C10081,Assembly CRS 16ga,assembly,crs,16ga,8,False,False,plate,,True,False,False,False,False,True,2019-12-04,A,False
P-110707,C10006,Bracket CRS 12ga,bracket,crs,12ga,3,False,True,powder,gray,False,False,False,False,False,True,2012-11-05,D,True
P-110715,C10173,Enclosure CRS 14ga,enclosure,crs,14ga,13,True,True,plate,,True,False,False,False,False,True,2016-12-19,C,False
P-110719,C11900,Panel CRS 16ga,panel,crs,16ga,2,False,False,powder,white,False,False,False,False,False,True,2018-01-23,A,False
P-110723,C10159,Assembly Galvanneal 20ga,assembly,galvanneal,20ga,10,True,False,plate,,True,False,False,False,False,True,2016-02-06,C,True
P-110728,C10914,Bracket CRS 12ga,bracket,crs,12ga,4,False,True,plate,,True,False,False,False,False,True,2016-11-28,B,False
P-110734,C10024,Enclosure CRS 12ga,enclosure,crs,12ga,6,True,False,none,,False,False,False,False,False,True,2017-07-07,C,False
P-110735,C10186,Assembly CRS 0.125in,assembly,crs,0.125in,7,False,True,plate,,True,False,False,False,False,True,2014-10-04,B,False
P-110740,C11225,Assembly Aluminum 18ga,assembly,aluminum,18ga,6,True,False,anodize,,False,True,False,False,False,True,2019-04-27,D,False
P-110746,C10107,Enclosure CRS 20ga,enclosure,crs,20ga,12,False,False,powder,black,False,False,False,False,False,True,2020-08-14,C,True
P-110754,C10081,Chassis CRS 12ga,chassis,crs,12ga,11,False,False,powder,red,False,False,False,False,True,True,2016-10-28,A,False
P-110760,C12129,Panel Galvanneal 20ga,panel,galvanneal,20ga,2,False,False,powder,gray,False,False,False,False,False,True,2016-05-30,A,False
P-110768,C10114,Panel Stainless 16ga,panel,stainless,16ga,5,False,True,plate,,True,False,False,False,False,True,2015-01-26,B,False
P-110775,C10086,Bracket CRS 11ga,bracket,crs,11ga,1,False,False,powder,black,False,False,False,False,False,True,2012-07-26,C,True
P-110780,C10552,Assembly Aluminum 18ga,assembly,aluminum,18ga,6,True,True,none,,False,False,False,False,False,True,2018-06-19,A,False
P-110786,C10837,Enclosure Stainless 11ga,enclosure,stainless,11ga,13,False,False,plate,,True,False,False,False,False,True,2014-12-30,A,False
P-110792,C10096,Enclosure CRS 18ga,enclosure,crs,18ga,14,True,False,powder,red,False,False,False,False,False,True,2015-08-13,C,False
P-110793,C10011,Assembly CRS 14ga,assembly,crs,14ga,10,True,False,none,,False,False,False,True,False,True,2015-04-25,A,True
P-110799,C10011,Bracket CRS 14ga,bracket,crs,14ga,4,False,False,powder,white,False,False,False,False,False,True,2019-05-04,A,False
P-110805,C10563,Panel CRS 0.125in,panel,crs,0.125in,2,False,True,none,,False,False,False,False,False,True,2013-01-01,B,False
P-110808,C10011,Weldment Aluminum 14ga,weldment,aluminum,14ga,4,True,False,none,,False,False,False,False,False,True,2020-03-12,B,False
P-110809,C10071,Weldment CRS 16ga,weldment,crs,16ga,7,True,True,plate,,True,False,False,False,False,True,2017-12-31,A,True
P-110812,C10494,Panel CRS 16ga,panel,crs,16ga,3,False,False,plate,,True,False,False,False,False,True,2013-08-23,A,False
P-110820,C10132,Weldment CRS 0.125in,weldment,crs,0.125in,5,True,True,powder,black,False,False,False,False,False,True,2015-10-13,C,True
P-110822,C10161,Assembly CRS 14ga,assembly,crs,14ga,10,False,True,powder,black,False,False,False,False,False,True,2017-03-27,A,True
P-110823,C11893,Enclosure CRS 16ga,enclosure,crs,16ga,7,True,False,none,,False,False,False,False,False,True,2015-07-01,B,False
P-110825,C11743,Enclosure Aluminum 14ga,enclosure,aluminum,14ga,12,True,True,powder,black,False,False,False,False,False,True,2021-10-25,C,False
P-110831,C12437,Assembly CRS 16ga,assembly,crs,16ga,7,True,False,none,,False,False,False,False,False,True,2017-05-16,A,False
P-110839,C12464,Panel Stainless 16ga,panel,stainless,16ga,3,False,False,plate,,True,False,False,False,False,True,2015-02-05,A,False
P-110844,C12051,Bracket Aluminum 11ga,bracket,aluminum,11ga,2,False,True,powder,white,False,False,False,False,False,True,2019-07-08,A,False
P-110847,C10707,Assembly CRS 16ga,assembly,crs,16ga,5,False,False,none,,False,False,False,False,False,True,2021-10-02,B,False
P-110855,C10175,Weldment Stainless 16ga,weldment,stainless,16ga,2,True,True,none,,False,False,False,False,True,True,2015-02-17,A,True
P-110856,C12777,Bracket CRS 12ga,bracket,crs,12ga,2,False,False,plate,,True,False,False,False,False,True,2016-08-22,A,True
P-110857,C11542,Chassis CRS 14ga,chassis,crs,14ga,6,True,True,none,,False,False,False,False,False,True,2016-12-30,A,False
P-110859,C12572,Weldment CRS 18ga,weldment,crs,18ga,3,True,False,none,,False,False,False,False,False,True,2012-06-02,B,False
P-110861,C10024,Weldment CRS 0.125in,weldment,crs,0.125in,8,True,False,plate,,True,False,False,False,False,True,2022-03-20,C,False
P-110863,C10071,Panel CRS 16ga,panel,crs,16ga,5,False,False,plate,,True,False,False,False,False,True,2021-01-03,A,False
P-110865,C11616,Chassis Galvanneal 12ga,chassis,galvanneal,12ga,10,True,True,none,,False,False,False,False,False,True,2019-08-21,B,False
P-110872,C11945,Assembly Stainless 16ga,assembly,stainless,16ga,10,True,True,plate,,True,False,False,False,False,True,2013-08-04,A,True
P-110878,C10019,Chassis Stainless 12ga,chassis,stainless,12ga,9,True,True,none,,False,False,False,False,False,True,2013-12-06,D,False
P-110886,C10655,Assembly CRS 20ga,assembly,crs,20ga,8,False,False,powder,black,False,False,False,False,False,True,2020-04-28,C,False
P-110893,C10071,Bracket Stainless 16ga,bracket,stainless,16ga,2,False,True,powder,black,False,False,False,False,True,True,2017-02-02,B,False
P-110894,C10006,Assembly CRS 18ga,assembly,crs,18ga,6,True,False,plate,,True,False,False,False,False,True,2018-05-26,A,False
P-110897,C10871,Bracket Galvanneal 16ga,bracket,galvanneal,16ga,2,False,True,powder,black,False,False,False,False,False,True,2017-10-02,B,False
P-110902,C10595,Chassis Galvanneal 20ga,chassis,galvanneal,20ga,8,True,True,none,,False,False,False,False,False,True,2016-05-28,B,False
P-110904,C10071,Panel Aluminum 12ga,panel,aluminum,12ga,3,False,True,powder,red,False,False,False,False,False,True,2017-04-22,D,False
P-110907,C10269,Panel CRS 0.125in,panel,crs,0.125in,2,False,True,powder,black,False,False,False,False,False,True,2016-05-14,A,False
P-110911,C10011,Bracket Aluminum 12ga,bracket,aluminum,12ga,1,False,False,powder,beige,False,False,False,False,True,True,2018-02-06,B,True
P-110914,C10669,Bracket Aluminum 16ga,bracket,aluminum,16ga,2,False,False,none,,False,False,False,False,False,True,2013-11-19,D,False
P-110921,C10161,Bracket Stainless 12ga,bracket,stainless,12ga,3,False,False,none,,False,False,False,False,False,True,2015-06-11,A,False
P-110923,C10998,Bracket Stainless 14ga,bracket,stainless,14ga,2,False,False,powder,black,False,False,False,False,False,True,2020-03-18,A,True
P-110928,C10114,Weldment Stainless 12ga,weldment,stainless,12ga,7,True,True,none,,False,False,False,False,False,True,2016-10-07,B,False
P-110936,C11284,Enclosure CRS 12ga,enclosure,crs,12ga,13,True,False,plate,,True,False,False,False,False,True,2018-02-20,B,False
P-110938,C10423,Enclosure Aluminum 18ga,enclosure,aluminum,18ga,12,True,True,none,,False,False,False,False,False,True,2016-08-01,A,False
P-110943,C10019,Panel Stainless 20ga,panel,stainless,20ga,5,False,True,none,,False,False,False,False,False,True,2020-10-29,A,False
P-110950,C10138,Assembly CRS 16ga,assembly,crs,16ga,9,True,False,plate,,True,False,False,False,False,True,2018-10-13,C,True
P-110957,C10102,Chassis CRS 20ga,chassis,crs,20ga,5,True,True,powder,beige,False,False,False,False,False,True,2012-10-31,A,False
P-110961,C10011,Weldment Galvanneal 12ga,weldment,galvanneal,12ga,5,True,False,powder,black,False,False,False,False,False,True,2013-06-25,A,True
P-110963,C10556,Assembly Stainless 12ga,assembly,stainless,12ga,5,True,True,none,,False,False,False,False,False,True,2020-08-14,A,True
P-110966,C10200,Chassis Aluminum 12ga,chassis,aluminum,12ga,10,False,True,powder,beige,False,False,False,False,False,True,2016-01-21,A,True
P-110970,C11654,Panel CRS 20ga,panel,crs,20ga,5,False,True,plate,,True,False,False,False,False,True,2021-06-03,A,True
P-110976,C10107,Panel CRS 11ga,panel,crs,11ga,4,False,False,powder,black,False,False,False,False,False,True,2012-05-20,B,True
P-110977,C10033,Weldment Galvanneal 16ga,weldment,galvanneal,16ga,4,True,False,plate,,True,False,True,False,True,True,2021-10-13,D,False
P-110981,C11025,Panel Aluminum 12ga,panel,aluminum,12ga,3,False,False,none,,False,False,False,False,False,True,2016-06-28,B,False
P-110988,C11332,Weldment CRS 18ga,weldment,crs,18ga,4,True,True,powder,white,False,False,False,False,False,True,2022-02-21,A,True
P-110994,C10242,Bracket CRS 20ga,bracket,crs,20ga,3,False,False,powder,red,False,False,False,False,False,True,2013-06-23,A,False
P-110999,C10102,Weldment Stainless 18ga,weldment,stainless,18ga,5,True,True,plate,,True,False,False,False,False,True,2017-10-19,C,False
P-111001,C10011,Panel Stainless 18ga,panel,stainless,18ga,3,False,True,none,,False,False,False,False,False,True,2015-04-17,A,True
P-111004,C10006,Bracket Stainless 18ga,bracket,stainless,18ga,2,False,True,none,,False,False,False,False,False,True,2012-07-03,C,True
P-111009,C10269,Assembly Stainless 14ga,assembly,stainless,14ga,6,True,False,none,,False,False,False,False,False,True,2012-08-20,A,False
P-111017,C10019,Panel Stainless 12ga,panel,stainless,12ga,4,False,False,none,,False,False,False,False,False,True,2018-08-03,B,False
P-111021,C12548,Assembly CRS 20ga,assembly,crs,20ga,6,False,False,none,,False,False,True,False,False,True,2013-07-28,B,False
P-111029,C11172,Panel Stainless 12ga,panel,stainless,12ga,2,False,False,powder,black,False,False,False,False,False,True,2020-07-13,A,False
P-111033,C10019,Enclosure CRS 16ga,enclosure,crs,16ga,12,False,False,plate,,True,False,False,False,False,True,2016-09-23,A,False
P-111038,C10144,Bracket Stainless 18ga,bracket,stainless,18ga,1,False,True,powder,white,False,False,False,False,False,True,2015-11-23,A,False
P-111041,C10751,Bracket Stainless 16ga,bracket,stainless,16ga,2,False,False,plate,,True,False,False,False,False,True,2021-08-21,A,False
P-111044,C11289,Enclosure Galvanneal 16ga,enclosure,galvanneal,16ga,11,True,True,powder,black,False,False,False,False,True,True,2016-03-12,C,False
P-111049,C10801,Bracket CRS 16ga,bracket,crs,16ga,3,False,True,powder,black,False,False,False,False,False,True,2012-09-16,A,False
P-111051,C10123,Chassis CRS 14ga,chassis,crs,14ga,8,True,False,none,,False,False,False,False,False,True,2017-06-02,A,False
P-111055,C12783,Chassis Stainless 16ga,chassis,stainless,16ga,10,False,False,none,,False,False,False,False,False,True,2018-02-19,D,False
P-111061,C10215,Panel CRS 20ga,panel,crs,20ga,4,False,False,plate,,True,False,False,False,False,True,2013-10-06,A,False
P-111064,C10871,Bracket CRS 16ga,bracket,crs,16ga,4,True,False,plate,,True,False,False,False,False,True,2019-09-11,A,False
P-111068,C10544,Panel Galvanneal 0.125in,panel,galvanneal,0.125in,4,False,True,plate,,True,False,False,False,False,True,2020-12-06,B,True
P-111071,C10102,Chassis Stainless 16ga,chassis,stainless,16ga,10,True,False,none,,False,False,False,False,False,True,2017-10-28,B,True
P-111076,C10114,Enclosure Aluminum 12ga,enclosure,aluminum,12ga,12,False,False,anodize,,False,True,False,True,False,True,2016-09-30,C,False
P-111078,C10669,Bracket Stainless 18ga,bracket,stainless,18ga,3,False,False,powder,white,False,False,False,False,False,True,2016-02-24,B,False
P-111080,C10042,Chassis CRS 16ga,chassis,crs,16ga,10,True,False,powder,black,False,False,False,False,False,True,2022-03-05,D,False
P-111083,C10081,Bracket Galvanneal 20ga,bracket,galvanneal,20ga,3,False,False,none,,False,False,False,False,False,True,2017-02-17,A,False
P-111084,C10081,Bracket CRS 12ga,bracket,crs,12ga,4,False,False,none,,False,False,False,False,False,True,2015-05-07,A,False
P-111087,C10107,Bracket CRS 14ga,bracket,crs,14ga,1,False,False,plate,,True,False,False,False,False,True,2019-09-20,A,True
P-111091,C12104,Assembly CRS 16ga,assembly,crs,16ga,7,False,False,plate,,True,False,False,False,False,True,2016-09-24,C,False
P-111094,C12431,Bracket CRS 16ga,bracket,crs,16ga,2,False,True,none,,False,False,False,False,False,True,2017-05-14,A,False
P-111100,C10024,Chassis Stainless 0.125in,chassis,stainless,0.125in,9,True,False,none,,False,False,False,False,False,True,2017-02-06,D,True
P-111107,C10501,Weldment Galvanneal 12ga,weldment,galvanneal,12ga,7,True,True,powder,beige,False,False,False,False,False,True,2022-02-01,A,False
P-111113,C10276,Panel CRS 14ga,panel,crs,14ga,2,False,False,plate,,True,False,False,False,False,True,2019-04-01,B,False
P-111119,C10019,Bracket Stainless 0.250in,bracket,stainless,0.250in,4,False,True,none,,False,False,False,False,False,True,2014-07-01,B,True
P-111127,C11705,Enclosure CRS 18ga,enclosure,crs,18ga,12,False,False,powder,white,False,False,False,False,False,True,2017-09-21,C,True
P-111130,C12751,Chassis Aluminum 16ga,chassis,aluminum,16ga,6,False,True,anodize,,False,True,True,False,False,True,2013-11-02,A,False
P-111131,C10096,Bracket CRS 12ga,bracket,crs,12ga,1,False,True,powder,white,False,False,False,False,False,True,2016-10-10,A,False
P-111133,C10714,Panel CRS 18ga,panel,crs,18ga,3,False,True,powder,black,False,False,False,False,False,True,2021-11-17,B,False
P-111141,C11188,Bracket CRS 14ga,bracket,crs,14ga,1,False,False,plate,,True,False,False,False,False,True,2013-05-29,B,False
P-111147,C12136,Bracket CRS 14ga,bracket,crs,14ga,4,False,True,powder,red,False,False,False,False,False,True,2020-02-29,D,False
P-111154,C10006,Enclosure CRS 12ga,enclosure,crs,12ga,9,True,False,powder,black,False,False,False,False,False,True,2022-04-19,C,False
P-111160,C10269,Weldment Galvanneal 11ga,weldment,galvanneal,11ga,7,True,False,plate,,True,False,False,False,True,True,2016-01-21,B,False
P-111165,C11430,Enclosure Aluminum 16ga,enclosure,aluminum,16ga,10,False,False,powder,white,False,False,False,False,False,True,2020-04-25,A,False
P-111172,C10261,Enclosure Galvanneal 16ga,enclosure,galvanneal,16ga,7,True,True,none,,False,False,False,False,False,True,2014-07-23,B,True
P-111179,C10006,Weldment CRS 16ga,weldment,crs,16ga,2,True,True,plate,,True,False,False,False,False,True,2012-12-24,A,False
P-111182,C10616,Bracket Stainless 18ga,bracket,stainless,18ga,2,False,False,plate,,True,False,False,False,False,True,2021-10-11,D,True
P-111190,C12051,Bracket CRS 18ga,bracket,crs,18ga,1,False,False,powder,white,False,False,False,False,False,True,2014-07-14,A,True
P-111196,C10192,Bracket Stainless 20ga,bracket,stainless,20ga,2,False,True,plate,,True,False,False,False,False,True,2021-04-09,A,True
P-111203,C10684,Panel CRS 16ga,panel,crs,16ga,6,True,False,none,,False,False,True,False,False,True,2022-03-10,B,False
P-111211,C10784,Assembly CRS 16ga,assembly,crs,16ga,3,False,False,powder,gray,False,False,False,False,False,True,2012-11-23,B,False
P-111216,C10081,Bracket Aluminum 14ga,bracket,aluminum,14ga,2,False,False,none,,False,False,False,False,False,True,2012-11-18,A,True
P-111221,C12399,Panel Galvanneal 12ga,panel,galvanneal,12ga,5,False,False,none,,False,False,False,False,False,True,2021-09-01,A,False
P-111228,C10006,Weldment Galvanneal 18ga,weldment,galvanneal,18ga,3,True,True,powder,blue,False,False,False,False,False,True,2016-10-18,C,True
P-111233,C10086,Enclosure Stainless 0.125in,enclosure,stainless,0.125in,11,True,True,none,,False,False,False,False,False,True,2020-12-31,A,True
P-111237,C12540,Bracket Galvanneal 18ga,bracket,galvanneal,18ga,3,False,True,none,,False,False,False,False,False,True,2015-12-18,B,True
P-111241,C12075,Panel CRS 18ga,panel,crs,18ga,2,False,True,powder,beige,False,False,False,False,False,True,2016-09-18,A,False
P-111248,C10463,Weldment CRS 12ga,weldment,crs,12ga,2,True,True,none,,False,False,False,False,False,True,2017-11-13,C,True
P-111251,C12294,Weldment Aluminum 18ga,weldment,aluminum,18ga,3,True,True,powder,black,False,False,False,False,False,True,2013-03-14,A,False
P-111255,C10102,Bracket CRS 18ga,bracket,crs,18ga,4,False,False,plate,,True,False,False,False,False,True,2014-09-23,C,True
P-111256,C11284,Enclosure Stainless 12ga,enclosure,stainless,12ga,13,True,True,powder,blue,False,False,False,False,False,True,2022-04-01,A,False
P-111264,C11216,Bracket CRS 18ga,bracket,crs,18ga,2,False,False,none,,False,False,False,False,False,True,2019-01-03,A,False
P-111267,C10242,Panel CRS 18ga,panel,crs,18ga,3,False,False,plate,,True,False,False,False,False,True,2018-08-13,A,False
P-111274,C10636,Bracket Galvanneal 16ga,bracket,galvanneal,16ga,2,False,False,none,,False,False,False,False,False,True,2017-11-03,C,True
P-111281,C10161,Panel CRS 16ga,panel,crs,16ga,4,False,False,plate,,True,False,True,False,False,True,2012-01-18,A,True
P-111289,C10225,Bracket Stainless 12ga,bracket,stainless,12ga,1,True,False,powder,white,False,False,False,False,False,True,2016-09-03,A,True
P-111293,C10192,Weldment CRS 18ga,weldment,crs,18ga,4,True,False,powder,beige,False,False,True,False,False,True,2013-02-01,A,False
P-111296,C10684,Panel Aluminum 0.250in,panel,aluminum,0.250in,5,False,True,none,,False,False,False,False,False,True,2020-09-10,A,False
P-111303,C10186,Panel CRS 16ga,panel,crs,16ga,4,False,False,powder,gray,False,False,False,False,False,True,2019-01-14,C,True
P-111309,C10071,Assembly CRS 20ga,assembly,crs,20ga,10,True,True,none,,False,False,False,False,False,True,2013-12-25,A,False
P-111313,C10086,Bracket CRS 18ga,bracket,crs,18ga,4,False,True,plate,,True,False,False,False,True,True,2018-01-15,C,False
P-111317,C12832,Assembly Aluminum 16ga,assembly,aluminum,16ga,9,True,False,none,,False,False,False,False,False,True,2015-01-24,A,False
P-111320,C11315,Bracket Stainless 20ga,bracket,stainless,20ga,1,False,False,powder,black,False,False,False,False,False,True,2020-10-11,D,True
P-111321,C10837,Weldment CRS 20ga,weldment,crs,20ga,8,True,False,none,,False,False,False,False,False,True,2018-05-02,A,False
P-111323,C10138,Assembly Stainless 0.125in,assembly,stainless,0.125in,9,False,True,powder,gray,False,False,False,False,False,True,2021-05-10,B,False
P-111328,C12075,Assembly Galvanneal 14ga,assembly,galvanneal,14ga,3,True,False,none,,False,False,False,False,False,True,2013-08-23,A,False
P-111333,C10024,Panel Aluminum 16ga,panel,aluminum,16ga,2,False,True,none,,False,False,False,False,False,True,2014-03-21,B,False
P-111338,C10053,Enclosure CRS 20ga,enclosure,crs,20ga,6,True,True,powder,black,False,False,False,False,False,True,2013-05-28,B,True
P-111342,C10444,Enclosure Aluminum 16ga,enclosure,aluminum,16ga,8,True,False,powder,white,False,False,False,False,False,True,2016-07-28,A,False
P-111345,C13129,Bracket CRS 18ga,bracket,crs,18ga,2,False,False,none,,False,False,False,False,False,True,2017-04-14,B,False
P-111352,C10217,Assembly CRS 14ga,assembly,crs,14ga,10,False,True,powder,blue,False,False,False,False,False,True,2020-12-26,A,False
P-111354,C10102,Enclosure Stainless 11ga,enclosure,stainless,11ga,13,True,True,none,,False,False,False,False,False,True,2018-09-21,A,False
P-111355,C10102,Weldment CRS 20ga,weldment,crs,20ga,4,True,False,none,,False,False,False,False,False,True,2012-03-27,A,False
P-111360,C11463,Panel CRS 16ga,panel,crs,16ga,3,False,False,plate,,True,False,False,False,False,True,2016-08-25,A,False
P-111367,C10011,Panel Aluminum 16ga,panel,aluminum,16ga,6,False,False,anodize,,False,True,False,False,False,True,2020-11-03,C,True
P-111375,C10019,Bracket CRS 14ga,bracket,crs,14ga,2,False,False,powder,gray,False,False,True,False,False,True,2016-04-08,C,False
P-111379,C11029,Assembly CRS 14ga,assembly,crs,14ga,9,True,True,powder,black,False,False,False,False,False,True,2020-06-27,D,True
P-111385,C10067,Weldment Stainless 14ga,weldment,stainless,14ga,6,True,True,powder,black,False,False,False,False,False,True,2018-02-03,A,True
P-111391,C10123,Chassis CRS 16ga,chassis,crs,16ga,5,True,False,none,,False,False,False,False,False,True,2021-01-11,D,False
P-111399,C10322,Bracket Aluminum 11ga,bracket,aluminum,11ga,4,False,False,none,,False,False,False,False,False,True,2020-12-02,C,True
P-111403,C10215,Weldment CRS 20ga,weldment,crs,20ga,3,True,False,none,,False,False,True,False,False,True,2013-09-30,A,False
P-111404,C10033,Bracket CRS 0.125in,bracket,crs,0.125in,4,False,False,plate,,True,False,False,False,True,True,2021-05-07,B,True
P-111407,C10006,Weldment CRS 0.250in,weldment,crs,0.250in,7,True,False,plate,,True,False,False,False,False,True,2015-06-15,A,False
P-111415,C10684,Enclosure CRS 20ga,enclosure,crs,20ga,10,True,True,none,,False,False,False,False,True,True,2017-11-01,A,False
P-111421,C10215,Bracket CRS 18ga,bracket,crs,18ga,2,False,True,powder,black,False,False,False,False,False,True,2017-09-12,C,True
P-111429,C10102,Bracket CRS 14ga,bracket,crs,14ga,1,False,False,powder,white,False,False,False,False,False,True,2015-02-01,A,True
P-111432,C10173,Weldment CRS 0.125in,weldment,crs,0.125in,3,True,False,none,,False,False,False,False,False,True,2016-03-11,A,True
P-111436,C10186,Assembly Galvanneal 16ga,assembly,galvanneal,16ga,8,True,True,powder,white,False,False,False,False,False,True,2012-10-15,C,False
P-111444,C13129,Chassis CRS 16ga,chassis,crs,16ga,7,True,False,powder,black,False,False,False,False,False,True,2015-10-25,A,False
P-111445,C10826,Bracket Stainless 18ga,bracket,stainless,18ga,1,False,False,powder,white,False,False,False,False,False,True,2014-12-01,B,False
P-111450,C10529,Weldment Stainless 18ga,weldment,stainless,18ga,6,True,True,powder,black,False,False,False,False,False,True,2021-10-12,C,False
P-111455,C10071,Panel Aluminum 14ga,panel,aluminum,14ga,4,False,True,none,,False,False,False,False,False,True,2015-12-02,C,True
P-111463,C12126,Assembly Stainless 14ga,assembly,stainless,14ga,6,True,False,none,,False,False,True,False,False,True,2015-06-02,A,True
P-111470,C12142,Assembly Galvanneal 18ga,assembly,galvanneal,18ga,6,False,False,powder,red,False,False,False,False,False,True,2019-03-15,A,False
P-111474,C10655,Bracket CRS 20ga,bracket,crs,20ga,3,False,False,powder,white,False,False,False,False,False,True,2021-03-19,B,True
P-111475,C10006,Panel CRS 16ga,panel,crs,16ga,5,False,True,none,,False,False,False,False,False,True,2017-03-16,B,False
P-111482,C10144,Weldment Aluminum 16ga,weldment,aluminum,16ga,7,True,True,anodize,,False,True,False,False,False,True,2021-04-22,C,True
P-111487,C11158,Weldment Galvanneal 14ga,weldment,galvanneal,14ga,7,True,False,powder,white,False,False,False,False,False,True,2014-02-10,C,False
P-111491,C10132,Chassis Galvanneal 0.250in,chassis,galvanneal,0.250in,7,False,False,plate,,True,False,False,False,False,True,2019-02-17,B,False
P-111494,C11046,Weldment Aluminum 20ga,weldment,aluminum,20ga,2,True,False,anodize,,False,True,False,False,False,True,2014-09-27,A,False
P-111500,C10332,Weldment Stainless 18ga,weldment,stainless,18ga,2,True,True,none,,False,False,False,False,False,True,2016-08-24,B,False
P-111502,C11075,Assembly CRS 20ga,assembly,crs,20ga,6,False,False,powder,black,False,False,True,False,False,True,2015-09-01,A,False
P-111508,C11289,Chassis Galvanneal 14ga,chassis,galvanneal,14ga,5,True,True,plate,,True,False,False,False,False,True,2014-06-20,D,False
P-111509,C12304,Bracket CRS 16ga,bracket,crs,16ga,1,False,False,none,,False,False,False,False,False,True,2017-08-09,A,False
P-111514,C10823,Bracket CRS 14ga,bracket,crs,14ga,2,False,False,none,,False,False,False,False,True,True,2019-03-05,A,False
P-111518,C11368,Weldment CRS 12ga,weldment,crs,12ga,5,True,True,plate,,True,False,False,False,False,True,2016-10-06,A,False
P-111519,C10452,Weldment Stainless 20ga,weldment,stainless,20ga,6,True,False,none,,False,False,False,False,False,True,2017-11-15,A,True
P-111520,C10365,Assembly CRS 20ga,assembly,crs,20ga,7,True,True,none,,False,False,False,False,True,True,2019-10-31,B,False
P-111522,C12384,Panel Aluminum 16ga,panel,aluminum,16ga,4,False,True,none,,False,False,False,False,False,True,2014-11-09,A,False
P-111524,C12061,Enclosure CRS 14ga,enclosure,crs,14ga,7,False,True,plate,,True,False,False,False,False,True,2021-08-19,A,True
P-111532,C10242,Enclosure CRS 14ga,enclosure,crs,14ga,7,True,False,plate,,True,False,False,False,False,True,2021-02-16,A,False
P-111540,C10423,Bracket Stainless 16ga,bracket,stainless,16ga,3,False,False,none,,False,False,False,False,False,True,2012-12-25,D,False
P-111541,C10215,Assembly CRS 16ga,assembly,crs,16ga,6,True,True,powder,black,False,False,False,False,False,True,2014-08-09,B,False
P-111549,C12365,Bracket Stainless 18ga,bracket,stainless,18ga,4,False,True,powder,black,False,False,False,False,False,True,2018-11-30,B,False
P-111553,C10006,Panel Stainless 18ga,panel,stainless,18ga,6,False,True,powder,red,False,False,False,False,False,True,2016-11-05,B,False
P-111556,C10694,Panel CRS 12ga,panel,crs,12ga,4,False,True,none,,False,False,False,False,False,True,2018-05-04,A,True
P-111564,C11216,Chassis Aluminum 14ga,chassis,aluminum,14ga,9,True,False,none,,False,False,False,False,False,True,2013-04-04,A,False
P-111572,C10151,Bracket CRS 11ga,bracket,crs,11ga,4,False,True,none,,False,False,False,False,False,True,2021-09-14,C,True
P-111574,C10208,Panel Galvanneal 20ga,panel,galvanneal,20ga,3,False,False,none,,False,False,False,False,True,True,2016-01-07,A,False
P-111576,C12954,Bracket CRS 12ga,bracket,crs,12ga,4,False,True,plate,,True,False,False,False,False,True,2017-08-20,C,False
P-111584,C10006,Bracket Stainless 14ga,bracket,stainless,14ga,4,False,False,none,,False,False,False,False,False,True,2015-12-07,B,True
P-111588,C10217,Bracket CRS 14ga,bracket,crs,14ga,2,False,False,plate,,True,False,False,False,False,True,2021-11-21,C,True
P-111594,C10006,Assembly Stainless 14ga,assembly,stainless,14ga,9,True,False,none,,False,False,False,False,False,True,2017-04-29,A,False
P-111598,C10859,Enclosure CRS 11ga,enclosure,crs,11ga,12,False,False,powder,black,False,False,False,False,True,True,2016-06-24,B,False
P-111600,C11029,Bracket Stainless 16ga,bracket,stainless,16ga,1,False,False,none,,False,False,False,False,False,True,2021-09-13,A,False
P-111604,C12319,Panel Aluminum 20ga,panel,aluminum,20ga,4,False,False,none,,False,False,False,False,False,True,2018-12-06,B,True
P-111612,C10397,Bracket CRS 14ga,bracket,crs,14ga,2,False,True,none,,False,False,False,False,False,True,2022-01-24,C,False
P-111616,C10993,Enclosure CRS 18ga,enclosure,crs,18ga,13,True,True,none,,False,False,False,False,False,True,2021-11-09,B,False
P-111624,C11654,Enclosure Galvanneal 16ga,enclosure,galvanneal,16ga,9,True,True,none,,False,False,False,False,False,True,2017-10-10,B,True
P-111628,C11266,Weldment Aluminum 14ga,weldment,aluminum,14ga,4,True,False,none,,False,False,False,False,False,True,2022-02-26,A,False
P-111631,C10081,Bracket Stainless 16ga,bracket,stainless,16ga,2,False,False,none,,False,False,False,False,False,True,2019-03-30,A,False
P-111635,C10011,Assembly CRS 11ga,assembly,crs,11ga,4,False,False,powder,black,False,False,False,False,False,True,2017-03-21,A,True
P-111640,C10071,Assembly CRS 20ga,assembly,crs,20ga,4,False,True,none,,False,False,False,False,False,True,2012-01-15,C,True
P-111642,C10321,Panel CRS 14ga,panel,crs,14ga,5,True,False,powder,black,False,False,False,False,False,True,2021-06-19,B,False
P-111650,C10192,Enclosure Aluminum 20ga,enclosure,aluminum,20ga,8,True,False,none,,False,False,False,False,False,True,2012-10-17,D,False
P-111655,C12149,Panel CRS 18ga,panel,crs,18ga,6,False,False,powder,blue,False,False,False,False,False,True,2017-09-16,B,False
P-111657,C10321,Bracket Aluminum 16ga,bracket,aluminum,16ga,3,False,False,anodize,,False,True,False,False,False,True,2021-01-19,B,True
P-111665,C11258,Assembly CRS 14ga,assembly,crs,14ga,5,False,False,powder,white,False,False,False,False,False,True,2017-09-05,A,False
P-111671,C11374,Assembly CRS 16ga,assembly,crs,16ga,4,False,False,powder,blue,False,False,False,False,False,True,2018-04-04,B,False
P-111674,C11589,Panel Stainless 14ga,panel,stainless,14ga,5,False,False,powder,blue,False,False,False,False,False,True,2021-08-13,C,True
P-111677,C10390,Panel CRS 20ga,panel,crs,20ga,5,False,True,none,,False,False,False,False,True,True,2022-05-02,A,True
P-111682,C10071,Assembly CRS 14ga,assembly,crs,14ga,3,False,True,powder,white,False,False,False,False,False,True,2012-11-12,A,True
P-111686,C10006,Panel CRS 20ga,panel,crs,20ga,5,False,True,powder,gray,False,False,False,False,False,True,2019-06-19,D,True
P-111694,C10532,Enclosure Galvanneal 11ga,enclosure,galvanneal,11ga,6,False,True,none,,False,False,False,False,False,True,2014-02-09,D,True
P-111697,C10132,Panel Aluminum 18ga,panel,aluminum,18ga,3,False,True,powder,black,False,False,False,False,False,True,2016-11-24,B,True
P-111701,C12688,Bracket CRS 14ga,bracket,crs,14ga,4,True,False,powder,white,False,False,False,False,False,True,2016-03-12,A,False
P-111702,C10276,Assembly Aluminum 18ga,assembly,aluminum,18ga,6,False,True,anodize,,False,True,False,False,False,True,2017-11-27,C,False
P-111708,C10024,Weldment Galvanneal 16ga,weldment,galvanneal,16ga,2,True,False,plate,,True,False,False,False,False,True,2018-02-13,B,True
P-111714,C12389,Assembly Aluminum 16ga,assembly,aluminum,16ga,5,False,False,none,,False,False,False,False,False,True,2019-12-02,C,True
P-111720,C10344,Bracket Aluminum 16ga,bracket,aluminum,16ga,4,False,False,anodize,,False,True,False,False,False,True,2013-10-09,A,False
P-111727,C10669,Bracket Galvanneal 0.250in,bracket,galvanneal,0.250in,4,False,False,powder,gray,False,False,True,False,False,True,2015-03-19,C,False
P-111732,C11339,Assembly CRS 20ga,assembly,crs,20ga,6,False,True,plate,,True,False,False,False,True,True,2020-10-27,A,False
P-111734,C10215,Chassis Stainless 11ga,chassis,stainless,11ga,8,True,False,none,,False,False,False,False,False,True,2018-12-14,D,False
P-111737,C10086,Bracket CRS 20ga,bracket,crs,20ga,4,False,False,plate,,True,False,False,False,True,True,2012-05-23,D,True
P-111743,C10844,Weldment Galvanneal 14ga,weldment,galvanneal,14ga,5,True,False,plate,,True,False,False,False,False,True,2015-04-06,D,True
P-111745,C10081,Assembly Aluminum 18ga,assembly,aluminum,18ga,5,False,True,none,,False,False,False,False,False,True,2013-02-07,A,True
P-111747,C11457,Assembly Galvanneal 16ga,assembly,galvanneal,16ga,7,False,False,powder,red,False,False,False,False,False,True,2015-04-09,B,True
P-111750,C10175,Panel CRS 14ga,panel,crs,14ga,6,False,True,plate,,True,False,False,False,False,True,2021-05-08,A,True
P-111755,C10114,Enclosure Aluminum 16ga,enclosure,aluminum,16ga,12,False,False,anodize,,False,True,False,False,False,True,2016-04-04,B,False
P-111763,C10086,Panel Galvanneal 20ga,panel,galvanneal,20ga,3,False,False,plate,,True,False,False,False,False,True,2021-11-08,A,False
P-111770,C10456,Enclosure Stainless 16ga,enclosure,stainless,16ga,8,False,False,plate,,True,False,False,False,False,True,2013-11-09,A,False
P-111773,C10144,Assembly Galvanneal 12ga,assembly,galvanneal,12ga,3,False,True,plate,,True,False,False,False,True,True,2020-09-28,A,True
P-111777,C11451,Bracket CRS 20ga,bracket,crs,20ga,3,False,False,none,,False,False,True,False,False,True,2019-03-09,D,False
P-111785,C10096,Bracket Galvanneal 18ga,bracket,galvanneal,18ga,2,False,False,none,,False,False,True,False,False,True,2020-07-08,A,False
P-111792,C11412,Bracket Galvanneal 18ga,bracket,galvanneal,18ga,1,False,False,plate,,True,False,False,False,False,True,2014-04-28,A,False
P-111795,C10019,Chassis CRS 18ga,chassis,crs,18ga,11,False,False,none,,False,False,False,True,False,True,2020-12-30,D,True
P-111799,C12938,Bracket CRS 14ga,bracket,crs,14ga,2,False,False,none,,False,False,False,False,False,True,2022-03-03,C,False
P-111806,C10006,Bracket CRS 16ga,bracket,crs,16ga,3,False,True,powder,beige,False,False,False,False,False,True,2016-05-16,C,False
P-111811,C10982,Enclosure Stainless 12ga,enclosure,stainless,12ga,10,True,True,none,,False,False,False,False,False,True,2015-03-28,A,True
P-111815,C10041,Assembly Stainless 16ga,assembly,stainless,16ga,6,False,False,none,,False,False,False,False,False,True,2017-04-28,B,True
P-111821,C10616,Panel Aluminum 0.125in,panel,aluminum,0.125in,4,False,False,none,,False,False,False,False,False,True,2021-07-11,B,True
P-111822,C11451,Panel CRS 14ga,panel,crs,14ga,4,False,True,none,,False,False,False,False,False,True,2021-05-17,B,False
P-111824,C11659,Panel Aluminum 12ga,panel,aluminum,12ga,6,False,False,powder,blue,False,False,False,False,True,True,2017-04-06,A,False
P-111830,C10767,Bracket Galvanneal 18ga,bracket,galvanneal,18ga,3,False,True,none,,False,False,False,False,False,True,2012-11-08,A,False
P-111834,C10132,Weldment Aluminum 18ga,weldment,aluminum,18ga,5,True,True,anodize,,False,True,False,False,False,True,2015-03-04,A,False
P-111839,C11442,Bracket CRS 14ga,bracket,crs,14ga,2,False,True,none,,False,False,False,False,False,True,2020-09-04,C,False
P-111846,C10573,Panel CRS 18ga,panel,crs,18ga,5,False,False,powder,white,False,False,False,False,False,True,2014-11-24,A,True
P-111850,C11241,Weldment Stainless 16ga,weldment,stainless,16ga,3,True,False,plate,,True,False,False,False,False,True,2021-09-23,B,False
P-111855,C10501,Bracket CRS 14ga,bracket,crs,14ga,3,False,False,plate,,True,False,False,False,False,True,2013-10-11,B,False
P-111860,C12316,Enclosure Galvanneal 16ga,enclosure,galvanneal,16ga,13,True,False,plate,,True,False,False,False,False,True,2012-06-23,A,False
P-111863,C10081,Weldment CRS 0.125in,weldment,crs,0.125in,6,True,False,plate,,True,False,False,False,False,True,2018-09-08,C,False
P-111870,C10261,Panel Stainless 18ga,panel,stainless,18ga,3,False,True,none,,False,False,False,False,False,True,2022-05-28,A,True
P-111875,C10215,Assembly CRS 16ga,assembly,crs,16ga,9,True,False,none,,False,False,False,False,False,True,2012-12-10,A,True
P-111882,C10161,Assembly Stainless 14ga,assembly,stainless,14ga,6,False,True,powder,black,False,False,False,False,False,True,2013-07-28,A,True
P-111886,C11178,Assembly Aluminum 18ga,assembly,aluminum,18ga,10,True,True,anodize,,False,True,False,False,False,True,2020-05-22,A,True
P-111887,C10173,Bracket CRS 16ga,bracket,crs,16ga,3,False,False,plate,,True,False,False,False,False,True,2013-11-02,B,False
P-111892,C10321,Panel Stainless 20ga,panel,stainless,20ga,3,True,False,plate,,True,False,False,False,True,True,2014-08-11,A,True
P-111894,C10173,Bracket CRS 16ga,bracket,crs,16ga,2,False,False,powder,gray,False,False,False,False,False,True,2017-07-01,A,True
P-111897,C10192,Enclosure CRS 12ga,enclosure,crs,12ga,7,False,True,powder,gray,False,False,False,False,False,True,2014-01-27,A,False
P-111903,C10728,Chassis Stainless 18ga,chassis,stainless,18ga,6,False,True,none,,False,False,False,False,False,True,2017-10-15,C,False
P-111909,C10006,Weldment Galvanneal 18ga,weldment,galvanneal,18ga,3,True,False,powder,black,False,False,False,False,False,True,2018-04-04,D,False
P-111916,C11616,Enclosure CRS 16ga,enclosure,crs,16ga,12,True,False,powder,blue,False,False,False,False,False,True,2020-08-24,D,False
P-111920,C10376,Weldment CRS 14ga,weldment,crs,14ga,4,True,False,plate,,True,False,False,False,False,True,2012-09-18,C,False
P-111924,C10086,Bracket CRS 12ga,bracket,crs,12ga,2,False,True,none,,False,False,False,False,False,True,2012-05-13,A,False
P-111926,C10086,Bracket CRS 20ga,bracket,crs,20ga,2,False,True,powder,white,False,False,False,False,False,True,2022-04-20,A,False
P-111930,C10186,Enclosure CRS 16ga,enclosure,crs,16ga,6,True,True,none,,False,False,False,False,False,True,2014-12-26,C,False
P-111934,C10011,Bracket CRS 18ga,bracket,crs,18ga,1,False,True,none,,False,False,False,False,False,True,2015-09-25,B,False
P-111940,C10081,Chassis CRS 16ga,chassis,crs,16ga,8,False,False,none,,False,False,False,False,False,True,2013-11-27,B,True
P-111948,C12372,Enclosure Galvanneal 11ga,enclosure,galvanneal,11ga,12,True,False,powder,black,False,False,False,False,False,True,2019-01-14,A,False
P-111951,C10081,Assembly CRS 16ga,assembly,crs,16ga,9,True,False,plate,,True,False,False,False,False,True,2019-11-26,D,False
P-111955,C10024,Enclosure CRS 14ga,enclosure,crs,14ga,6,False,True,plate,,True,False,False,True,True,True,2016-01-16,A,True
P-111956,C12344,Bracket Galvanneal 0.125in,bracket,galvanneal,0.125in,2,False,True,powder,gray,False,False,False,False,False,True,2015-09-20,A,False
P-111962,C10081,Assembly Stainless 20ga,assembly,stainless,20ga,5,False,True,plate,,True,False,False,False,False,True,2021-04-19,B,False
P-111968,C10482,Bracket CRS 18ga,bracket,crs,18ga,4,False,True,none,,False,False,False,False,True,True,2014-11-10,A,True
P-111976,C12783,Weldment CRS 14ga,weldment,crs,14ga,3,True,False,none,,False,False,False,False,False,True,2019-08-29,A,False
P-111982,C10011,Enclosure CRS 11ga,enclosure,crs,11ga,14,True,False,powder,black,False,False,False,False,False,True,2013-09-06,B,True
P-111990,C10506,Bracket Galvanneal 11ga,bracket,galvanneal,11ga,2,False,True,powder,gray,False,False,False,True,False,True,2021-10-24,B,True
P-111997,C10926,Bracket CRS 16ga,bracket,crs,16ga,1,False,False,none,,False,False,False,False,False,True,2020-04-21,A,True
P-112004,C10006,Enclosure CRS 12ga,enclosure,crs,12ga,13,True,False,none,,False,False,False,False,False,True,2021-07-21,A,False
P-112012,C10767,Bracket CRS 0.125in,bracket,crs,0.125in,2,False,False,plate,,True,False,False,False,False,True,2014-10-06,A,False
P-112016,C11992,Chassis Galvanneal 0.125in,chassis,galvanneal,0.125in,7,True,False,powder,black,False,False,False,False,False,True,2017-04-17,B,False
P-112019,C10132,Bracket Aluminum 16ga,bracket,aluminum,16ga,2,False,False,anodize,,False,True,False,False,False,True,2020-03-04,B,False
P-112020,C10494,Assembly CRS 18ga,assembly,crs,18ga,6,True,True,none,,False,False,False,False,False,True,2012-11-14,C,False
P-112027,C10293,Weldment Stainless 18ga,weldment,stainless,18ga,3,True,False,none,,False,False,False,False,False,True,2013-06-25,A,False
P-112028,C12965,Panel CRS 11ga,panel,crs,11ga,3,False,False,none,,False,False,False,False,True,True,2013-04-20,A,True
P-112030,C10144,Panel Aluminum 18ga,panel,aluminum,18ga,4,False,True,none,,False,False,False,False,False,True,2015-03-25,B,True
P-112032,C10186,Weldment CRS 14ga,weldment,crs,14ga,5,True,False,plate,,True,False,False,False,False,True,2015-02-21,B,False
P-112038,C10144,Weldment Galvanneal 14ga,weldment,galvanneal,14ga,5,True,True,powder,black,False,False,False,False,False,True,2017-04-13,B,False
P-112045,C10144,Bracket Stainless 18ga,bracket,stainless,18ga,4,False,False,none,,False,False,False,False,False,True,2020-10-30,A,True
P-112053,C10006,Panel Galvanneal 16ga,panel,galvanneal,16ga,4,False,True,powder,black,False,False,False,False,False,True,2020-07-16,B,True
P-112060,C11619,Chassis CRS 14ga,chassis,crs,14ga,9,True,True,none,,False,False,False,False,False,True,2021-04-14,A,False
P-112068,C10033,Bracket Stainless 14ga,bracket,stainless,14ga,2,False,False,plate,,True,False,False,False,False,True,2013-05-20,D,True
P-112076,C12803,Bracket CRS 14ga,bracket,crs,14ga,3,False,False,powder,black,False,False,False,False,False,True,2016-04-11,B,False
P-112080,C11052,Chassis CRS 18ga,chassis,crs,18ga,12,False,True,plate,,True,False,False,False,False,True,2012-08-29,A,True
P-112085,C10707,Panel CRS 16ga,panel,crs,16ga,4,False,True,powder,gray,False,False,False,False,False,True,2018-01-05,A,False
P-112087,C10006,Bracket Aluminum 11ga,bracket,aluminum,11ga,3,True,False,powder,white,False,False,False,False,True,False,2022-07-07,C,False
P-112093,C10006,Bracket Galvanneal 14ga,bracket,galvanneal,14ga,2,False,False,powder,white,False,False,False,False,False,False,2022-07-11,B,False
P-112096,C10006,Bracket CRS 16ga,bracket,crs,16ga,2,False,False,powder,black,False,False,False,False,False,True,2022-07-08,A,True
P-112097,C10006,Weldment CRS 0.250in,weldment,crs,0.250in,5,True,False,none,,False,False,False,False,False,True,2022-07-11,A,False
P-112102,C10400,Weldment Aluminum 20ga,weldment,aluminum,20ga,7,True,False,none,,False,False,False,False,False,False,2022-07-11,B,True
P-112109,C10006,Weldment CRS 18ga,weldment,crs,18ga,2,True,False,none,,False,False,False,False,False,False,2022-07-11,A,False
P-112114,C10071,Panel Stainless 11ga,panel,stainless,11ga,2,False,False,powder,white,False,False,False,False,False,True,2022-07-12,A,True
P-112115,C10322,Bracket Galvanneal 16ga,bracket,galvanneal,16ga,1,False,False,none,,False,False,False,False,False,False,2022-07-12,A,False
P-112118,C10937,Bracket Aluminum 20ga,bracket,aluminum,20ga,2,False,False,powder,blue,False,False,False,False,False,True,2022-07-13,B,True
P-112124,C12725,Bracket Stainless 18ga,bracket,stainless,18ga,3,False,False,powder,beige,False,False,False,False,False,True,2022-07-15,C,False
P-112131,C10071,Bracket Galvanneal 18ga,bracket,galvanneal,18ga,4,False,False,powder,gray,False,False,False,False,False,False,2022-07-19,D,False
P-112137,C10006,Assembly CRS 14ga,assembly,crs,14ga,9,True,False,powder,gray,False,False,True,False,False,False,2022-07-19,D,False
P-112144,C10024,Assembly CRS 14ga,assembly,crs,14ga,3,True,False,none,,False,False,False,False,False,True,2022-07-19,A,True
P-112146,C10200,Chassis Stainless 18ga,chassis,stainless,18ga,7,False,False,powder,blue,False,False,False,False,False,True,2022-07-19,B,False
P-112151,C10107,Assembly Galvanneal 16ga,assembly,galvanneal,16ga,10,False,False,none,,False,False,False,False,False,True,2022-07-18,D,True
P-112155,C11578,Weldment CRS 16ga,weldment,crs,16ga,2,True,False,none,,False,False,False,False,False,False,2022-07-21,B,False
P-112159,C10071,Enclosure CRS 16ga,enclosure,crs,16ga,6,False,True,none,,False,False,False,False,False,False,2022-07-22,D,False
P-112167,C10864,Assembly CRS 12ga,assembly,crs,12ga,10,True,True,powder,gray,False,False,False,False,False,True,2022-07-21,C,True
P-112172,C10019,Enclosure Stainless 18ga,enclosure,stainless,18ga,11,True,True,plate,,True,False,False,False,False,False,2022-07-22,A,True
P-112174,C11279,Assembly CRS 0.125in,assembly,crs,0.125in,6,True,True,plate,,True,False,False,False,False,True,2022-07-22,B,True
P-112181,C10200,Bracket Galvanneal 14ga,bracket,galvanneal,14ga,4,False,True,none,,False,False,False,False,False,True,2022-07-22,C,True
P-112189,C10200,Panel Galvanneal 14ga,panel,galvanneal,14ga,3,True,False,none,,False,False,False,False,False,True,2022-07-25,B,True
P-112194,C10071,Enclosure Stainless 14ga,enclosure,stainless,14ga,10,True,True,none,,False,False,False,False,False,False,2022-07-26,A,False
P-112195,C10071,Enclosure Galvanneal 14ga,enclosure,galvanneal,14ga,7,True,True,none,,False,False,False,False,True,False,2022-07-25,A,False
P-112197,C10081,Assembly CRS 14ga,assembly,crs,14ga,10,False,True,powder,gray,False,False,False,False,False,False,2022-07-25,A,False
P-112203,C10071,Chassis Aluminum 12ga,chassis,aluminum,12ga,12,True,False,none,,False,False,False,False,False,True,2022-07-26,A,False
P-112206,C10006,Assembly CRS 12ga,assembly,crs,12ga,8,True,False,none,,False,False,False,False,False,True,2022-07-26,B,True
P-112212,C10430,Bracket Galvanneal 14ga,bracket,galvanneal,14ga,4,False,True,plate,,True,False,False,False,False,False,2022-07-28,A,False
P-112214,C10071,Panel CRS 18ga,panel,crs,18ga,4,False,True,powder,black,False,False,False,False,False,False,2022-07-27,C,False
P-112220,C10071,Panel CRS 18ga,panel,crs,18ga,4,False,False,powder,white,False,False,False,False,False,False,2022-07-26,B,False
P-112225,C10365,Panel Stainless 12ga,panel,stainless,12ga,5,False,False,powder,black,False,False,False,False,False,False,2022-07-26,B,False
P-112228,C10024,Weldment CRS 14ga,weldment,crs,14ga,2,True,False,none,,False,False,True,False,False,False,2022-07-27,A,True
P-112232,C10235,Enclosure Galvanneal 14ga,enclosure,galvanneal,14ga,11,False,False,powder,black,False,False,False,False,False,False,2022-07-28,D,False
P-112236,C10086,Assembly Stainless 18ga,assembly,stainless,18ga,5,False,True,powder,black,False,False,False,False,False,True,2022-07-29,D,True
P-112241,C10033,Assembly CRS 20ga,assembly,crs,20ga,6,True,False,none,,False,False,False,False,False,False,2022-08-01,B,True
P-112242,C10033,Panel Stainless 14ga,panel,stainless,14ga,6,False,False,plate,,True,False,False,False,False,False,2022-07-29,A,True
P-112245,C10042,Weldment CRS 11ga,weldment,crs,11ga,3,True,True,none,,False,False,False,False,False,False,2022-08-01,C,True
P-112249,C10096,Panel Aluminum 16ga,panel,aluminum,16ga,5,False,False,powder,beige,False,False,False,False,False,True,2022-08-01,C,True
P-112254,C10694,Weldment CRS 16ga,weldment,crs,16ga,4,True,True,none,,False,False,False,False,False,False,2022-08-04,A,False
P-112256,C10006,Bracket Stainless 18ga,bracket,stainless,18ga,4,False,False,plate,,True,False,False,False,False,False,2022-08-01,A,False
P-112258,C10019,Bracket Stainless 18ga,bracket,stainless,18ga,1,False,True,powder,red,False,False,False,False,False,False,2022-08-02,B,True
P-112263,C10011,Assembly CRS 14ga,assembly,crs,14ga,3,True,True,powder,blue,False,False,False,False,False,False,2022-08-03,A,False
P-112267,C10871,Panel Aluminum 16ga,panel,aluminum,16ga,6,False,False,powder,white,False,False,False,False,False,False,2022-08-03,A,True
P-112270,C10878,Weldment CRS 18ga,weldment,crs,18ga,7,True,False,plate,,True,False,False,False,False,False,2022-08-04,B,False
P-112271,C10006,Chassis Stainless 18ga,chassis,stainless,18ga,6,True,False,plate,,True,False,False,False,False,False,2022-08-05,D,False
P-112272,C11813,Bracket Aluminum 14ga,bracket,aluminum,14ga,3,False,False,powder,blue,False,False,False,False,False,False,2022-08-03,B,False
P-112275,C11788,Weldment CRS 12ga,weldment,crs,12ga,3,True,False,none,,False,False,False,False,False,True,2022-08-04,C,True
P-112282,C10192,Assembly CRS 0.125in,assembly,crs,0.125in,3,True,True,powder,black,False,False,False,False,True,True,2022-08-08,D,True
P-112289,C10107,Assembly Stainless 20ga,assembly,stainless,20ga,5,False,False,powder,white,False,False,False,False,False,True,2022-08-05,D,True
P-112292,C10006,Assembly Stainless 14ga,assembly,stainless,14ga,6,False,True,powder,red,False,False,False,False,False,True,2022-08-05,B,True
P-112298,C12848,Weldment Galvanneal 14ga,weldment,galvanneal,14ga,5,True,False,none,,False,False,False,False,False,False,2022-08-05,D,False
P-112299,C10081,Enclosure CRS 14ga,enclosure,crs,14ga,9,True,True,powder,blue,False,False,False,False,False,True,2022-08-08,A,True
P-112305,C10041,Bracket Stainless 18ga,bracket,stainless,18ga,4,False,True,none,,False,False,False,False,False,True,2022-08-08,B,True
P-112309,C11914,Panel Aluminum 0.125in,panel,aluminum,0.125in,4,False,True,anodize,,False,True,False,False,False,False,2022-08-09,A,False
P-112314,C10107,Bracket CRS 20ga,bracket,crs,20ga,3,False,False,none,,False,False,False,False,False,True,2022-08-09,B,True
P-112315,C10081,Bracket Galvanneal 18ga,bracket,galvanneal,18ga,1,False,False,none,,False,False,False,False,False,False,2022-08-08,C,False
P-112316,C10071,Bracket CRS 14ga,bracket,crs,14ga,1,False,False,powder,red,False,False,False,False,False,False,2022-08-09,A,False
P-112319,C10636,Enclosure CRS 20ga,enclosure,crs,20ga,9,True,True,powder,gray,False,False,False,False,False,False,2022-08-10,D,False
P-112326,C10006,Panel CRS 18ga,panel,crs,18ga,6,False,False,none,,False,False,False,False,False,True,2022-08-09,C,True
P-112334,C10151,Bracket Galvanneal 0.250in,bracket,galvanneal,0.250in,2,False,True,plate,,True,False,False,False,False,True,2022-08-11,B,True
P-112340,C10173,Enclosure CRS 14ga,enclosure,crs,14ga,6,False,True,none,,False,False,False,False,False,True,2022-08-10,D,True
P-112342,C10024,Bracket CRS 16ga,bracket,crs,16ga,1,False,False,powder,black,False,False,False,False,False,False,2022-08-11,A,False
P-112345,C10235,Chassis CRS 11ga,chassis,crs,11ga,9,False,False,powder,beige,False,False,False,False,False,False,2022-08-10,C,False
P-112352,C10019,Weldment CRS 18ga,weldment,crs,18ga,7,True,False,none,,False,False,False,False,True,True,2022-08-12,B,True
P-112353,C10123,Panel Galvanneal 16ga,panel,galvanneal,16ga,2,False,False,powder,black,False,False,False,False,False,True,2022-08-15,A,True
P-112354,C10071,Bracket CRS 16ga,bracket,crs,16ga,2,False,False,plate,,True,False,False,False,False,True,2022-08-15,B,True
P-112361,C10173,Panel CRS 16ga,panel,crs,16ga,5,False,False,plate,,True,False,False,False,False,False,2022-08-16,B,True
P-112369,C10779,Enclosure CRS 16ga,enclosure,crs,16ga,9,False,False,none,,False,False,False,False,False,False,2022-08-16,A,True
P-112372,C10071,Weldment Galvanneal 16ga,weldment,galvanneal,16ga,3,True,True,powder,black,False,False,False,True,False,False,2022-08-15,B,False
P-112374,C10071,Bracket CRS 12ga,bracket,crs,12ga,3,False,False,powder,beige,False,False,True,False,False,False,2022-08-16,A,False
P-112379,C10321,Enclosure Galvanneal 14ga,enclosure,galvanneal,14ga,7,False,False,none,,False,False,False,False,False,False,2022-08-16,D,True
P-112383,C10151,Bracket CRS 14ga,bracket,crs,14ga,1,False,False,none,,False,False,False,False,False,True,2022-08-17,A,True
P-112387,C10890,Bracket CRS 16ga,bracket,crs,16ga,1,False,True,powder,beige,False,False,False,False,False,True,2022-08-17,C,True
P-112388,C10144,Assembly CRS 16ga,assembly,crs,16ga,8,False,False,none,,False,False,False,False,False,True,2022-08-18,A,False
P-112389,C10053,Panel Aluminum 14ga,panel,aluminum,14ga,3,False,False,none,,False,False,False,False,False,True,2022-08-18,C,True
P-112390,C10304,Panel CRS 11ga,panel,crs,11ga,3,False,False,powder,black,False,False,False,False,False,True,2022-08-18,B,False
P-112392,C10332,Panel CRS 11ga,panel,crs,11ga,2,False,False,powder,gray,False,False,False,False,False,False,2022-08-17,C,False
P-112399,C11066,Chassis CRS 16ga,chassis,crs,16ga,12,False,True,none,,False,False,False,False,False,False,2022-08-17,A,False
P-112407,C10192,Bracket CRS 11ga,bracket,crs,11ga,2,False,True,none,,False,False,False,False,False,True,2022-08-18,B,True
P-112412,C11172,Bracket CRS 18ga,bracket,crs,18ga,1,False,True,none,,False,False,False,False,False,False,2022-08-19,D,False
P-112414,C10269,Panel Aluminum 18ga,panel,aluminum,18ga,6,False,True,anodize,,False,True,False,False,False,False,2022-08-18,A,False
P-112422,C10041,Bracket CRS 14ga,bracket,crs,14ga,3,False,False,plate,,True,False,False,False,False,False,2022-08-19,A,True
P-112424,C10011,Panel Stainless 14ga,panel,stainless,14ga,6,False,False,powder,black,False,False,False,False,False,False,2022-08-22,A,True
P-112425,C10011,Panel Stainless 16ga,panel,stainless,16ga,3,False,False,powder,black,False,False,False,False,False,True,2022-08-19,B,True
P-112432,C10826,Panel CRS 16ga,panel,crs,16ga,3,False,False,none,,False,False,False,False,False,False,2022-08-19,A,True
P-112436,C10138,Enclosure Galvanneal 20ga,enclosure,galvanneal,20ga,12,True,False,powder,beige,False,False,False,False,False,False,2022-08-22,A,False
P-112444,C10186,Panel Aluminum 18ga,panel,aluminum,18ga,2,False,False,powder,blue,False,False,False,False,False,False,2022-08-22,C,False
P-112448,C12389,Panel Galvanneal 16ga,panel,galvanneal,16ga,4,False,True,none,,False,False,False,False,False,False,2022-08-23,B,False
P-112454,C12454,Weldment CRS 14ga,weldment,crs,14ga,7,True,False,plate,,True,False,False,False,False,False,2022-08-23,A,False
P-112459,C13086,Weldment CRS 14ga,weldment,crs,14ga,6,True,True,none,,False,False,False,False,False,True,2022-08-23,B,True
P-112465,C10071,Panel Stainless 14ga,panel,stainless,14ga,3,False,False,powder,white,False,False,False,False,False,True,2022-08-23,D,False
P-112469,C10123,Panel Galvanneal 18ga,panel,galvanneal,18ga,4,False,True,powder,white,False,False,False,False,False,False,2022-08-23,B,False
P-112472,C10041,Weldment Galvanneal 14ga,weldment,galvanneal,14ga,4,True,True,none,,False,False,False,False,False,True,2022-08-25,A,False
P-112479,C10144,Panel CRS 20ga,panel,crs,20ga,2,False,False,powder,white,False,False,False,False,False,True,2022-08-26,D,True
P-112484,C10071,Bracket Aluminum 18ga,bracket,aluminum,18ga,2,False,True,none,,False,False,False,False,False,True,2022-08-29,C,True
P-112492,C10144,Bracket CRS 16ga,bracket,crs,16ga,1,False,False,none,,False,False,False,False,False,False,2022-08-26,C,False
P-112494,C10096,Weldment Galvanneal 18ga,weldment,galvanneal,18ga,4,True,False,powder,beige,False,False,False,False,False,True,2022-08-29,A,False
P-112496,C10081,Assembly CRS 20ga,assembly,crs,20ga,8,False,False,powder,gray,False,False,False,False,False,False,2022-08-29,A,True
P-112499,C10081,Bracket CRS 14ga,bracket,crs,14ga,2,False,False,none,,False,False,False,False,False,False,2022-08-31,A,True
P-112507,C10033,Weldment Stainless 14ga,weldment,stainless,14ga,5,True,True,powder,white,False,False,False,False,False,True,2022-08-30,C,False
P-112509,C10019,Enclosure CRS 18ga,enclosure,crs,18ga,13,True,True,powder,black,False,False,False,False,True,False,2022-08-30,A,False
P-112514,C10086,Weldment CRS 12ga,weldment,crs,12ga,3,True,False,powder,white,False,False,False,False,False,True,2022-08-31,A,False
P-112522,C10452,Panel Galvanneal 16ga,panel,galvanneal,16ga,4,False,False,powder,beige,False,False,False,False,False,True,2022-09-01,D,True
P-112527,C10006,Bracket Galvanneal 18ga,bracket,galvanneal,18ga,2,False,True,none,,False,False,False,False,False,False,2022-09-06,A,False
P-112530,C10071,Bracket CRS 0.125in,bracket,crs,0.125in,4,False,True,none,,False,False,False,True,False,False,2022-09-06,C,False
P-112532,C10071,Bracket Aluminum 14ga,bracket,aluminum,14ga,1,False,False,anodize,,False,True,False,False,False,True,2022-09-07,B,False
P-112538,C10242,Chassis CRS 16ga,chassis,crs,16ga,11,False,False,none,,False,False,False,False,False,False,2022-09-07,A,False
P-112544,C10081,Bracket Galvanneal 14ga,bracket,galvanneal,14ga,4,False,False,powder,gray,False,False,False,False,False,True,2022-09-09,B,True
P-112548,C10006,Panel CRS 11ga,panel,crs,11ga,2,False,True,powder,white,False,False,False,False,False,True,2022-09-08,B,True
P-112550,C10173,Panel Galvanneal 18ga,panel,galvanneal,18ga,3,False,True,powder,white,False,False,False,False,False,True,2022-09-09,D,True
P-112558,C10138,Enclosure CRS 16ga,enclosure,crs,16ga,7,True,False,powder,beige,False,False,False,False,False,False,2022-09-09,B,False
P-112565,C10019,Bracket Stainless 16ga,bracket,stainless,16ga,1,False,True,powder,beige,False,False,False,False,False,True,2022-09-09,D,True
P-112566,C10308,Enclosure CRS 16ga,enclosure,crs,16ga,14,True,True,powder,white,False,False,False,False,False,True,2022-09-13,D,True
P-112568,C10081,Assembly Galvanneal 20ga,assembly,galvanneal,20ga,9,True,True,plate,,True,False,False,False,False,False,2022-09-14,C,False
P-112569,C10041,Bracket CRS 11ga,bracket,crs,11ga,4,False,True,none,,False,False,False,False,False,False,2022-09-14,B,False
P-112571,C10138,Bracket CRS 16ga,bracket,crs,16ga,4,False,False,powder,gray,False,False,False,False,False,False,2022-09-14,A,False
P-112578,C10096,Weldment CRS 11ga,weldment,crs,11ga,4,True,True,powder,white,False,False,False,False,False,True,2022-09-14,B,True
P-112582,C10024,Weldment CRS 18ga,weldment,crs,18ga,5,True,True,none,,False,False,False,False,False,False,2022-09-14,A,False
P-112587,C10011,Bracket CRS 11ga,bracket,crs,11ga,2,False,True,none,,False,False,False,False,False,False,2022-09-14,A,False
P-112592,C10102,Panel Aluminum 14ga,panel,aluminum,14ga,6,False,True,powder,blue,False,False,False,False,False,False,2022-09-15,B,False
P-112599,C10081,Bracket Stainless 18ga,bracket,stainless,18ga,3,False,True,none,,False,False,False,False,False,False,2022-09-15,B,False
P-112606,C10024,Weldment Galvanneal 16ga,weldment,galvanneal,16ga,8,True,True,plate,,True,False,False,False,False,False,2022-09-19,B,False
P-112611,C10151,Enclosure CRS 20ga,enclosure,crs,20ga,8,False,False,powder,black,False,False,False,False,False,True,2022-09-22,B,True
P-112614,C10011,Bracket Stainless 20ga,bracket,stainless,20ga,4,False,True,powder,white,False,False,False,False,False,False,2022-09-20,A,True
P-112615,C10081,Enclosure Stainless 16ga,enclosure,stainless,16ga,12,False,True,powder,white,False,False,False,True,False,False,2022-09-20,A,False
P-112618,C10071,Assembly CRS 14ga,assembly,crs,14ga,10,False,True,none,,False,False,False,False,False,False,2022-09-20,A,False
P-112620,C10684,Panel CRS 12ga,panel,crs,12ga,5,False,False,none,,False,False,False,False,False,False,2022-09-22,B,False
P-112625,C10071,Assembly Stainless 18ga,assembly,stainless,18ga,8,False,False,powder,blue,False,False,False,False,False,False,2022-09-23,B,False
P-112633,C10006,Enclosure CRS 16ga,enclosure,crs,16ga,6,True,True,plate,,True,False,False,False,False,True,2022-09-22,A,False
P-112639,C10409,Panel Stainless 18ga,panel,stainless,18ga,6,False,False,powder,black,False,False,False,False,False,True,2022-09-23,C,False
P-112644,C10409,Bracket Galvanneal 16ga,bracket,galvanneal,16ga,1,False,False,powder,black,False,False,False,False,False,False,2022-09-26,A,False
P-112646,C11304,Bracket Stainless 20ga,bracket,stainless,20ga,4,False,False,powder,black,False,False,False,False,False,True,2022-09-23,B,True
P-112654,C10998,Panel CRS 12ga,panel,crs,12ga,6,False,True,powder,beige,False,False,False,False,False,False,2022-09-23,A,True
P-112658,C10024,Weldment Galvanneal 14ga,weldment,galvanneal,14ga,3,True,True,powder,white,False,False,False,False,True,True,2022-09-26,A,False
P-112666,C10081,Enclosure Aluminum 18ga,enclosure,aluminum,18ga,6,True,True,anodize,,False,True,False,True,False,False,2022-09-28,D,False
P-112668,C10024,Panel CRS 18ga,panel,crs,18ga,5,False,False,none,,False,False,False,False,False,False,2022-09-28,B,True
P-112672,C12765,Assembly CRS 0.125in,assembly,crs,0.125in,9,False,False,none,,False,False,False,False,False,False,2022-09-26,B,False
P-112674,C10248,Weldment CRS 16ga,weldment,crs,16ga,7,True,False,none,,False,False,False,False,True,True,2022-09-28,A,True
P-112676,C10006,Chassis CRS 16ga,chassis,crs,16ga,8,True,True,none,,False,False,False,False,False,False,2022-09-27,B,False
P-112677,C10107,Panel CRS 16ga,panel,crs,16ga,4,False,True,plate,,True,False,False,False,False,False,2022-09-28,D,False
P-112680,C10107,Panel Aluminum 14ga,panel,aluminum,14ga,2,False,True,anodize,,False,True,False,False,True,False,2022-09-27,C,False
P-112684,C10544,Enclosure Galvanneal 11ga,enclosure,galvanneal,11ga,6,True,True,powder,gray,False,False,False,False,False,False,2022-10-03,B,False
P-112691,C11258,Weldment CRS 14ga,weldment,crs,14ga,8,True,False,none,,False,False,False,False,False,False,2022-10-03,A,False
P-112699,C10615,Panel Galvanneal 12ga,panel,galvanneal,12ga,6,False,True,powder,beige,False,False,False,False,False,True,2022-09-29,D,True
P-112703,C10071,Chassis CRS 16ga,chassis,crs,16ga,9,False,False,powder,gray,False,False,False,False,False,False,2022-10-03,A,False
P-112711,C12356,Panel Aluminum 20ga,panel,aluminum,20ga,3,False,False,none,,False,False,False,False,False,True,2022-09-30,A,False
P-112716,C10336,Panel CRS 20ga,panel,crs,20ga,6,False,False,none,,False,False,False,False,False,False,2022-10-03,B,False
P-112717,C10225,Panel Aluminum 18ga,panel,aluminum,18ga,3,False,False,anodize,,False,True,False,False,False,True,2022-10-04,A,False
P-112718,C10081,Bracket Stainless 20ga,bracket,stainless,20ga,2,False,True,none,,False,False,False,False,False,True,2022-10-03,A,True
P-112724,C10006,Panel CRS 20ga,panel,crs,20ga,3,False,True,none,,False,False,False,False,False,False,2022-10-03,A,False
P-112730,C12183,Chassis CRS 16ga,chassis,crs,16ga,9,True,False,plate,,True,False,False,False,False,False,2022-10-04,A,False
P-112731,C10006,Chassis CRS 12ga,chassis,crs,12ga,6,True,False,powder,white,False,False,False,False,False,True,2022-10-04,A,True
P-112739,C10186,Bracket Galvanneal 18ga,bracket,galvanneal,18ga,3,False,False,plate,,True,False,False,False,False,True,2022-10-04,D,False
P-112742,C10086,Bracket Aluminum 14ga,bracket,aluminum,14ga,1,False,True,powder,blue,False,False,False,False,False,False,2022-10-05,D,False
P-112746,C10521,Panel CRS 14ga,panel,crs,14ga,3,False,False,none,,False,False,False,False,False,False,2022-10-04,A,False
P-112749,C10086,Weldment CRS 12ga,weldment,crs,12ga,2,True,True,none,,False,False,False,False,False,True,2022-10-04,B,True
P-112750,C10053,Bracket Galvanneal 18ga,bracket,galvanneal,18ga,1,False,False,powder,gray,False,False,False,False,False,True,2022-10-07,A,False
P-112754,C12389,Weldment Galvanneal 14ga,weldment,galvanneal,14ga,5,True,False,plate,,True,False,True,False,False,False,2022-10-05,D,False
P-112760,C10081,Panel Galvanneal 12ga,panel,galvanneal,12ga,3,False,True,none,,False,False,False,False,False,False,2022-10-06,B,True
P-112766,C10006,Bracket CRS 12ga,bracket,crs,12ga,2,False,False,powder,gray,False,False,False,False,False,True,2022-10-05,A,True
P-112772,C10186,Enclosure Stainless 18ga,enclosure,stainless,18ga,9,False,True,powder,black,False,False,False,False,False,False,2022-10-05,A,False
P-112779,C12872,Bracket Stainless 16ga,bracket,stainless,16ga,4,False,True,none,,False,False,False,False,False,True,2022-10-05,A,True
P-112785,C10096,Panel Galvanneal 20ga,panel,galvanneal,20ga,2,False,True,powder,gray,False,False,False,False,False,True,2022-10-06,D,True
P-112793,C10006,Assembly CRS 18ga,assembly,crs,18ga,3,False,True,powder,black,False,False,False,False,False,True,2022-10-10,C,True
P-112801,C10242,Enclosure Galvanneal 20ga,enclosure,galvanneal,20ga,9,True,False,powder,black,False,False,False,False,False,False,2022-10-07,D,False
P-112802,C12448,Panel Aluminum 16ga,panel,aluminum,16ga,5,False,True,none,,False,False,True,False,False,True,2022-10-07,A,False
P-112810,C10071,Bracket Aluminum 20ga,bracket,aluminum,20ga,1,False,True,powder,beige,False,False,False,False,False,True,2022-10-10,A,False
P-112818,C10086,Panel CRS 16ga,panel,crs,16ga,4,False,True,plate,,True,False,False,False,False,False,2022-10-11,A,False
P-112821,C11472,Bracket Stainless 20ga,bracket,stainless,20ga,4,False,True,plate,,True,False,False,False,False,False,2022-10-11,A,False
P-112824,C10071,Chassis Aluminum 14ga,chassis,aluminum,14ga,7,True,True,none,,False,False,False,False,False,True,2022-10-12,A,True
P-112832,C11586,Enclosure CRS 14ga,enclosure,crs,14ga,11,False,False,plate,,True,False,False,False,False,True,2022-10-12,D,False
P-112838,C10071,Panel Stainless 12ga,panel,stainless,12ga,3,True,False,powder,white,False,False,False,False,False,True,2022-10-14,B,True
P-112842,C10006,Weldment CRS 14ga,weldment,crs,14ga,2,True,False,none,,False,False,False,False,False,False,2022-10-13,C,False
P-112846,C10071,Panel Stainless 18ga,panel,stainless,18ga,2,False,False,plate,,True,False,False,False,False,True,2022-10-14,C,False
P-112852,C11430,Panel CRS 11ga,panel,crs,11ga,6,False,True,powder,white,False,False,True,False,False,False,2022-10-14,A,False
P-112855,C10024,Bracket Galvanneal 20ga,bracket,galvanneal,20ga,4,False,False,plate,,True,False,False,False,False,False,2022-10-17,A,True
P-112863,C10096,Assembly Galvanneal 12ga,assembly,galvanneal,12ga,3,False,True,none,,False,False,False,False,False,False,2022-10-17,B,False
P-112869,C10144,Assembly Stainless 16ga,assembly,stainless,16ga,9,False,False,powder,red,False,False,True,False,True,True,2022-10-17,A,False
P-112871,C10011,Bracket CRS 18ga,bracket,crs,18ga,3,False,False,powder,black,False,False,False,False,False,False,2022-10-19,D,False
P-112877,C10006,Weldment Stainless 20ga,weldment,stainless,20ga,5,True,False,none,,False,False,False,False,False,False,2022-10-18,A,False
P-112885,C10132,Panel Galvanneal 11ga,panel,galvanneal,11ga,3,False,True,plate,,True,False,False,False,False,False,2022-10-18,A,False
P-112887,C12751,Weldment CRS 18ga,weldment,crs,18ga,7,True,True,plate,,True,False,False,False,False,False,2022-10-21,D,False
P-112894,C10071,Assembly CRS 14ga,assembly,crs,14ga,9,True,True,plate,,True,False,False,False,True,False,2022-10-19,A,False
P-112896,C10173,Weldment Aluminum 20ga,weldment,aluminum,20ga,5,True,False,powder,white,False,False,False,False,False,False,2022-10-21,B,False
P-112901,C10071,Bracket Aluminum 20ga,bracket,aluminum,20ga,4,False,True,anodize,,False,True,False,False,False,False,2022-10-24,A,True
P-112905,C11364,Panel CRS 14ga,panel,crs,14ga,2,False,False,powder,black,False,False,False,False,False,True,2022-10-21,B,True
P-112906,C10397,Panel CRS 16ga,panel,crs,16ga,5,False,True,powder,red,False,False,False,False,False,False,2022-10-21,A,True
P-112912,C10081,Panel CRS 18ga,panel,crs,18ga,5,False,False,powder,black,False,False,False,False,False,True,2022-10-21,A,False
P-112918,C10071,Bracket CRS 16ga,bracket,crs,16ga,2,False,False,powder,white,False,False,False,False,False,False,2022-10-24,A,False
P-112922,C13129,Panel Aluminum 12ga,panel,aluminum,12ga,3,False,False,none,,False,False,False,False,False,False,2022-10-24,A,False
P-112930,C10019,Panel CRS 11ga,panel,crs,11ga,6,False,True,powder,white,False,False,False,False,False,True,2022-10-25,D,True
P-112937,C10086,Bracket CRS 16ga,bracket,crs,16ga,2,False,False,none,,False,False,False,False,False,True,2022-10-24,B,True
P-112945,C10071,Assembly Galvanneal 12ga,assembly,galvanneal,12ga,3,False,False,powder,red,False,False,False,False,False,False,2022-10-25,D,False
P-112953,C10217,Panel Galvanneal 14ga,panel,galvanneal,14ga,5,False,False,powder,black,False,False,False,False,True,False,2022-10-25,B,False
P-112959,C11886,Assembly Stainless 14ga,assembly,stainless,14ga,8,True,True,none,,False,False,False,False,False,False,2022-10-25,C,False
P-112967,C10217,Weldment CRS 16ga,weldment,crs,16ga,5,True,False,none,,False,False,True,False,False,True,2022-10-25,D,False
P-112970,C10215,Chassis CRS 16ga,chassis,crs,16ga,6,False,False,powder,black,False,False,False,False,False,False,2022-10-27,C,False
P-112978,C10081,Bracket Galvanneal 18ga,bracket,galvanneal,18ga,3,False,True,powder,white,False,False,False,False,True,False,2022-10-27,A,True
P-112984,C11472,Panel CRS 14ga,panel,crs,14ga,5,False,False,none,,False,False,False,False,False,False,2022-10-27,D,False
P-112991,C10376,Enclosure Stainless 18ga,enclosure,stainless,18ga,10,True,False,powder,black,False,False,False,False,False,False,2022-10-28,C,False
P-112998,C10096,Weldment Galvanneal 14ga,weldment,galvanneal,14ga,4,True,False,powder,gray,False,False,False,False,False,True,2022-10-31,B,False
P-113002,C10071,Chassis Stainless 16ga,chassis,stainless,16ga,11,True,False,powder,blue,False,False,False,False,False,True,2022-10-31,A,False
P-113007,C10024,Chassis CRS 16ga,chassis,crs,16ga,11,True,False,none,,False,False,False,False,False,True,2022-10-31,C,False
P-113009,C10591,Assembly Stainless 20ga,assembly,stainless,20ga,5,False,False,plate,,True,False,False,False,False,False,2022-10-31,B,True
P-113015,C10864,Panel Stainless 0.250in,panel,stainless,0.250in,3,False,False,powder,white,False,False,True,False,False,False,2022-11-04,B,False
P-113016,C10041,Bracket Aluminum 0.125in,bracket,aluminum,0.125in,3,False,False,none,,False,False,False,False,False,True,2022-11-03,A,False
P-113017,C10071,Enclosure Galvanneal 14ga,enclosure,galvanneal,14ga,12,True,True,none,,False,False,False,False,False,False,2022-11-03,A,False
P-113018,C10006,Bracket Stainless 14ga,bracket,stainless,14ga,2,False,False,powder,gray,False,False,False,False,False,True,2022-11-03,A,True
P-113019,C10081,Weldment CRS 11ga,weldment,crs,11ga,5,True,True,plate,,True,False,False,False,False,False,2022-11-07,C,False
P-113022,C10200,Assembly Stainless 18ga,assembly,stainless,18ga,7,True,False,powder,gray,False,False,False,False,False,True,2022-11-03,A,False
P-113025,C10024,Weldment Stainless 20ga,weldment,stainless,20ga,5,True,True,powder,white,False,False,False,False,False,True,2022-11-03,D,False
P-113033,C10006,Bracket CRS 14ga,bracket,crs,14ga,4,False,False,none,,False,False,False,False,False,False,2022-11-10,A,True
P-113036,C10071,Bracket CRS 14ga,bracket,crs,14ga,4,True,False,powder,black,False,False,False,False,False,False,2022-11-11,A,False
P-113042,C10081,Bracket CRS 11ga,bracket,crs,11ga,2,False,False,none,,False,False,False,False,True,False,2022-11-15,C,False
P-113048,C12533,Panel CRS 18ga,panel,crs,18ga,5,False,False,plate,,True,False,False,False,False,False,2022-11-11,B,False
P-113054,C10006,Chassis Stainless 11ga,chassis,stainless,11ga,10,False,False,plate,,True,False,False,False,False,False,2022-11-14,A,False
P-113061,C10071,Panel CRS 18ga,panel,crs,18ga,3,True,True,plate,,True,False,False,False,False,True,2022-11-14,B,True
P-113063,C10400,Panel Aluminum 0.250in,panel,aluminum,0.250in,4,False,False,none,,False,False,False,False,False,False,2022-11-15,A,False
P-113065,C10024,Panel CRS 12ga,panel,crs,12ga,4,False,False,plate,,True,False,False,False,False,False,2022-11-17,C,True
P-113068,C10071,Weldment Galvanneal 20ga,weldment,galvanneal,20ga,8,True,True,none,,False,False,False,False,False,True,2022-11-17,B,True
P-113069,C11398,Bracket CRS 12ga,bracket,crs,12ga,3,False,False,none,,False,False,False,False,False,True,2022-11-18,B,True
P-113072,C10086,Panel Aluminum 12ga,panel,aluminum,12ga,5,False,True,anodize,,False,True,False,False,False,True,2022-11-17,C,True
P-113080,C10096,Bracket Aluminum 14ga,bracket,aluminum,14ga,2,False,False,anodize,,False,True,False,False,False,False,2022-11-18,C,False
P-113084,C10081,Assembly CRS 12ga,assembly,crs,12ga,6,True,False,powder,gray,False,False,False,False,False,True,2022-11-22,D,False
P-113092,C12136,Weldment Stainless 16ga,weldment,stainless,16ga,6,True,True,plate,,True,False,False,False,False,False,2022-11-21,C,False
P-113100,C10011,Chassis CRS 0.250in,chassis,crs,0.250in,9,False,True,powder,gray,False,False,False,False,False,True,2022-11-17,C,False
P-113108,C10071,Bracket CRS 16ga,bracket,crs,16ga,1,False,True,powder,gray,False,False,False,False,False,True,2022-11-18,C,True
P-113109,C10423,Panel Aluminum 18ga,panel,aluminum,18ga,3,False,True,powder,black,False,False,False,False,False,False,2022-11-18,A,False
P-113111,C10006,Bracket Galvanneal 18ga,bracket,galvanneal,18ga,3,False,True,powder,beige,False,False,False,False,False,False,2022-11-18,B,False
P-113118,C10738,Bracket CRS 18ga,bracket,crs,18ga,1,False,True,none,,False,False,False,False,False,True,2022-11-21,B,False
P-113122,C10286,Panel CRS 16ga,panel,crs,16ga,6,False,False,none,,False,False,False,False,False,True,2022-11-21,C,True
P-113130,C10071,Chassis Aluminum 18ga,chassis,aluminum,18ga,8,False,True,anodize,,False,True,False,False,False,False,2022-11-22,B,False
P-113132,C10071,Bracket Galvanneal 20ga,bracket,galvanneal,20ga,4,False,False,powder,white,False,False,False,False,False,False,2022-11-22,B,False
P-113136,C10071,Enclosure Galvanneal 12ga,enclosure,galvanneal,12ga,8,True,True,powder,gray,False,False,False,False,True,False,2022-11-28,A,True
P-113140,C10006,Panel Aluminum 14ga,panel,aluminum,14ga,5,False,False,powder,white,False,False,False,False,False,False,2022-11-30,C,False
P-113146,C10938,Bracket Galvanneal 16ga,bracket,galvanneal,16ga,2,False,False,powder,white,False,False,False,False,True,False,2022-11-29,A,False
P-113148,C12811,Weldment CRS 18ga,weldment,crs,18ga,5,True,True,powder,gray,False,False,False,False,False,True,2022-11-29,B,True
P-113152,C10006,Assembly CRS 14ga,assembly,crs,14ga,3,False,False,powder,gray,False,False,False,False,False,False,2022-11-28,B,False
P-113154,C12118,Panel CRS 18ga,panel,crs,18ga,4,False,True,none,,False,False,False,False,False,True,2022-11-30,B,True
P-113155,C10114,Panel CRS 14ga,panel,crs,14ga,6,False,True,none,,False,False,False,False,False,True,2022-11-30,A,True
P-113159,C11518,Weldment CRS 20ga,weldment,crs,20ga,4,True,False,none,,False,False,False,False,True,True,2022-11-29,B,True
P-113164,C10914,Bracket Galvanneal 16ga,bracket,galvanneal,16ga,4,False,True,plate,,True,False,False,False,False,False,2022-11-30,A,False
P-113166,C10006,Chassis Galvanneal 0.125in,chassis,galvanneal,0.125in,11,True,True,powder,black,False,False,False,False,False,False,2022-11-30,C,False
P-113168,C10603,Panel Galvanneal 12ga,panel,galvanneal,12ga,5,False,False,powder,black,False,False,False,False,False,False,2022-12-05,A,False
P-113172,C10011,Enclosure Stainless 16ga,enclosure,stainless,16ga,12,False,True,powder,black,False,False,False,False,False,False,2022-11-30,A,False
P-113177,C10053,Chassis CRS 0.125in,chassis,crs,0.125in,6,True,False,none,,False,False,False,True,False,False,2022-12-01,A,False
P-113178,C10081,Weldment CRS 20ga,weldment,crs,20ga,4,True,False,none,,False,False,False,False,True,True,2022-12-05,A,False
P-113185,C10215,Chassis CRS 14ga,chassis,crs,14ga,6,True,True,plate,,True,False,False,False,False,True,2022-12-05,C,True
P-113186,C10151,Panel Stainless 18ga,panel,stainless,18ga,3,False,False,powder,white,False,False,False,False,False,True,2022-12-05,B,False
P-113189,C10081,Enclosure Aluminum 14ga,enclosure,aluminum,14ga,13,False,False,powder,gray,False,False,False,False,False,False,2022-12-02,B,False
P-113194,C13119,Bracket CRS 0.125in,bracket,crs,0.125in,1,False,True,none,,False,False,False,False,False,True,2022-12-02,C,True
P-113197,C10257,Bracket Aluminum 18ga,bracket,aluminum,18ga,2,False,False,anodize,,False,True,False,False,False,True,2022-12-06,C,False
P-113200,C10659,Assembly Stainless 18ga,assembly,stainless,18ga,6,False,False,none,,False,False,False,False,False,False,2022-12-06,A,False
P-113206,C12987,Enclosure CRS 14ga,enclosure,crs,14ga,14,False,True,powder,black,False,False,False,False,False,False,2022-12-07,A,False
P-113211,C10071,Panel Stainless 14ga,panel,stainless,14ga,2,False,False,plate,,True,False,False,False,False,False,2022-12-07,B,False
P-113219,C10086,Chassis Aluminum 11ga,chassis,aluminum,11ga,7,False,True,anodize,,False,True,False,False,False,True,2022-12-08,A,False
P-113227,C10011,Weldment Aluminum 0.250in,weldment,aluminum,0.250in,8,True,True,powder,blue,False,False,False,False,False,False,2022-12-06,A,False
P-113230,C11168,Panel Galvanneal 16ga,panel,galvanneal,16ga,4,False,True,powder,beige,False,False,False,False,False,True,2022-12-09,B,False
P-113233,C10603,Panel Aluminum 0.125in,panel,aluminum,0.125in,4,False,True,powder,beige,False,False,False,False,False,True,2022-12-08,A,False
P-113237,C10400,Bracket Stainless 16ga,bracket,stainless,16ga,1,False,False,none,,False,False,False,True,False,True,2022-12-09,B,False
P-113245,C10235,Panel CRS 20ga,panel,crs,20ga,5,False,True,powder,black,False,False,False,False,False,True,2022-12-12,B,False
P-113246,C10053,Bracket Galvanneal 18ga,bracket,galvanneal,18ga,2,False,False,none,,False,False,False,False,False,False,2022-12-12,C,False
P-113249,C10086,Assembly Stainless 12ga,assembly,stainless,12ga,10,False,True,powder,gray,False,False,False,False,False,False,2022-12-12,A,False
P-113251,C12509,Bracket Aluminum 20ga,bracket,aluminum,20ga,2,False,True,none,,False,False,False,False,False,True,2022-12-13,C,False
P-113252,C10102,Bracket Galvanneal 0.125in,bracket,galvanneal,0.125in,4,False,True,none,,False,False,True,False,True,True,2022-12-15,B,False
P-113257,C10071,Enclosure CRS 0.125in,enclosure,crs,0.125in,11,False,True,powder,white,False,False,False,False,False,True,2022-12-13,A,True
P-113260,C11052,Bracket CRS 12ga,bracket,crs,12ga,2,False,True,powder,black,False,False,False,True,False,False,2022-12-13,B,False
P-113265,C10006,Weldment CRS 18ga,weldment,crs,18ga,8,True,False,plate,,True,False,False,False,False,False,2022-12-13,D,False
P-113266,C10011,Weldment Galvanneal 0.250in,weldment,galvanneal,0.250in,4,True,True,none,,False,False,False,False,False,True,2022-12-14,A,False
P-113272,C10006,Panel CRS 20ga,panel,crs,20ga,4,False,False,none,,False,False,True,False,True,False,2022-12-14,D,False
P-113273,C10071,Panel CRS 14ga,panel,crs,14ga,5,False,False,powder,blue,False,False,False,False,False,False,2022-12-15,A,False
P-113278,C10151,Panel CRS 14ga,panel,crs,14ga,5,False,True,none,,False,False,False,False,False,True,2022-12-16,B,True
P-113282,C12427,Bracket Aluminum 16ga,bracket,aluminum,16ga,3,False,False,anodize,,False,True,False,False,False,True,2022-12-16,B,False
P-113283,C10114,Bracket Aluminum 18ga,bracket,aluminum,18ga,3,True,True,anodize,,False,True,False,False,False,True,2022-12-16,C,True
P-113291,C10470,Bracket CRS 16ga,bracket,crs,16ga,4,False,True,plate,,True,False,False,False,False,True,2022-12-19,C,False
P-113294,C10006,Bracket CRS 16ga,bracket,crs,16ga,2,False,True,powder,black,False,False,False,False,False,True,2022-12-20,B,False
P-113301,C10006,Bracket Aluminum 18ga,bracket,aluminum,18ga,1,False,False,powder,gray,False,False,False,False,False,False,2022-12-19,B,False
P-113307,C10081,Chassis Galvanneal 16ga,chassis,galvanneal,16ga,5,True,True,powder,white,False,False,False,False,True,True,2022-12-20,B,False
P-113315,C10173,Bracket Stainless 14ga,bracket,stainless,14ga,1,False,False,plate,,True,False,False,False,True,False,2023-01-03,C,False
P-113319,C10081,Bracket CRS 20ga,bracket,crs,20ga,3,False,False,plate,,True,False,False,False,True,False,2022-12-22,A,False
P-113321,C10071,Panel CRS 16ga,panel,crs,16ga,4,False,True,none,,False,False,False,False,False,True,2022-12-20,B,False
P-113329,C10762,Bracket Galvanneal 18ga,bracket,galvanneal,18ga,3,False,False,none,,False,False,False,False,False,False,2022-12-20,A,False
P-113336,C10123,Bracket Aluminum 18ga,bracket,aluminum,18ga,1,False,True,none,,False,False,False,False,False,True,2022-12-21,D,False
P-113344,C10173,Enclosure Stainless 16ga,enclosure,stainless,16ga,8,True,True,none,,False,False,False,False,True,True,2022-12-22,A,True
P-113351,C10269,Weldment CRS 16ga,weldment,crs,16ga,5,True,True,powder,beige,False,False,False,False,False,False,2022-12-21,B,False
P-113359,C10071,Weldment Galvanneal 12ga,weldment,galvanneal,12ga,2,True,True,plate,,True,False,False,False,False,True,2023-01-06,A,False
P-113366,C10200,Weldment CRS 18ga,weldment,crs,18ga,4,True,False,powder,white,False,False,False,False,False,False,2022-12-21,A,False
P-113370,C10006,Assembly CRS 0.125in,assembly,crs,0.125in,3,False,True,none,,False,False,False,True,False,True,2022-12-22,C,False
P-113375,C10081,Enclosure Galvanneal 20ga,enclosure,galvanneal,20ga,8,True,True,none,,False,False,False,False,False,True,2023-01-05,B,True
P-113379,C10890,Weldment Galvanneal 16ga,weldment,galvanneal,16ga,6,True,False,plate,,True,False,False,False,False,True,2023-01-04,C,True
P-113382,C10086,Bracket Galvanneal 18ga,bracket,galvanneal,18ga,3,False,False,plate,,True,False,False,False,False,False,2023-01-03,A,False
P-113389,C11284,Enclosure CRS 0.250in,enclosure,crs,0.250in,6,False,True,none,,False,False,False,False,False,False,2023-01-04,A,False
P-113394,C10006,Panel CRS 16ga,panel,crs,16ga,6,False,False,none,,False,False,False,False,False,True,2023-01-05,A,True
P-113399,C10159,Chassis CRS 18ga,chassis,crs,18ga,10,False,True,powder,white,False,False,False,False,False,True,2023-01-05,A,False
P-113407,C11351,Enclosure Galvanneal 11ga,enclosure,galvanneal,11ga,12,False,False,powder,beige,False,False,False,False,True,True,2023-01-05,A,True
P-113413,C10200,Chassis CRS 18ga,chassis,crs,18ga,12,True,False,powder,white,False,False,False,False,False,True,2023-01-10,A,True
P-113415,C10208,Bracket CRS 12ga,bracket,crs,12ga,2,False,False,none,,False,False,False,False,True,True,2023-01-05,A,True
P-113421,C10006,Enclosure CRS 14ga,enclosure,crs,14ga,10,True,True,plate,,True,False,False,False,False,False,2023-01-06,A,False
P-113425,C10102,Panel Stainless 14ga,panel,stainless,14ga,3,False,True,none,,False,False,False,False,False,True,2023-01-09,B,True
P-113429,C10006,Panel Stainless 18ga,panel,stainless,18ga,4,False,True,none,,False,False,False,False,False,True,2023-01-09,D,True
P-113435,C10965,Bracket Galvanneal 20ga,bracket,galvanneal,20ga,4,False,True,plate,,True,False,False,False,False,False,2023-01-09,A,False
P-113436,C10060,Bracket Galvanneal 16ga,bracket,galvanneal,16ga,4,False,False,powder,blue,False,False,False,False,False,True,2023-01-10,A,True
P-113441,C10071,Bracket Galvanneal 14ga,bracket,galvanneal,14ga,3,False,True,powder,black,False,False,False,False,False,True,2023-01-10,C,False
P-113442,C10024,Bracket Stainless 14ga,bracket,stainless,14ga,2,False,False,none,,False,False,False,False,False,False,2023-01-11,C,False
P-113450,C10011,Bracket Galvanneal 12ga,bracket,galvanneal,12ga,4,False,True,powder,white,False,False,False,False,False,False,2023-01-11,A,False
P-113458,C10006,Bracket CRS 18ga,bracket,crs,18ga,3,False,False,powder,gray,False,False,False,False,False,False,2023-01-12,B,False
P-113460,C10173,Assembly CRS 16ga,assembly,crs,16ga,5,False,False,plate,,True,False,False,False,False,False,2023-01-12,B,False
P-113464,C10081,Weldment CRS 16ga,weldment,crs,16ga,7,True,True,powder,white,False,False,False,False,True,False,2023-01-13,C,False
P-113465,C10107,Bracket CRS 16ga,bracket,crs,16ga,3,False,False,powder,blue,False,False,False,False,False,True,2023-01-12,B,True
P-113470,C10081,Panel Aluminum 18ga,panel,aluminum,18ga,2,False,True,none,,False,False,False,False,False,True,2023-01-13,C,True
P-113476,C10086,Bracket CRS 16ga,bracket,crs,16ga,1,False,True,powder,black,False,False,False,False,False,True,2023-01-16,B,False
P-113480,C10081,Enclosure Galvanneal 16ga,enclosure,galvanneal,16ga,6,False,False,none,,False,False,False,False,False,True,2023-01-17,B,True
P-113485,C10071,Panel Aluminum 12ga,panel,aluminum,12ga,2,False,True,none,,False,False,False,False,False,True,2023-01-16,A,True
P-113491,C11235,Bracket CRS 14ga,bracket,crs,14ga,3,False,True,plate,,True,False,False,False,False,False,2023-01-18,D,False
P-113496,C10071,Panel Aluminum 16ga,panel,aluminum,16ga,4,False,False,powder,white,False,False,False,False,False,True,2023-01-17,A,False
P-113498,C10463,Chassis Aluminum 14ga,chassis,aluminum,14ga,5,False,True,powder,red,False,False,False,False,False,True,2023-01-17,C,False
P-113499,C10006,Chassis Galvanneal 16ga,chassis,galvanneal,16ga,8,False,True,none,,False,False,False,False,False,True,2023-01-18,A,True
P-113506,C10102,Panel CRS 20ga,panel,crs,20ga,4,False,True,none,,False,False,False,False,False,True,2023-01-19,B,True
P-113507,C10081,Chassis Stainless 18ga,chassis,stainless,18ga,6,False,False,plate,,True,False,False,False,False,False,2023-01-19,A,False
P-113514,C10173,Bracket Galvanneal 18ga,bracket,galvanneal,18ga,3,False,False,powder,white,False,False,False,False,True,True,2023-01-18,B,True
P-113521,C10102,Bracket Galvanneal 16ga,bracket,galvanneal,16ga,4,False,True,plate,,True,False,False,False,False,False,2023-01-18,A,False
P-113528,C10081,Assembly Galvanneal 14ga,assembly,galvanneal,14ga,5,False,False,none,,False,False,False,False,False,False,2023-01-23,A,False
P-113533,C10107,Assembly Galvanneal 18ga,assembly,galvanneal,18ga,6,False,True,powder,white,False,False,False,False,False,True,2023-01-23,A,True
P-113541,C10081,Assembly CRS 0.250in,assembly,crs,0.250in,4,True,True,plate,,True,False,False,False,False,False,2023-01-20,A,False
P-113547,C10006,Weldment CRS 18ga,weldment,crs,18ga,8,True,True,none,,False,False,False,False,False,True,2023-01-24,B,False
P-113551,C10071,Enclosure Aluminum 0.250in,enclosure,aluminum,0.250in,12,True,True,anodize,,False,True,False,False,False,True,2023-01-23,D,False
P-113555,C10144,Enclosure Galvanneal 18ga,enclosure,galvanneal,18ga,11,True,True,plate,,True,False,False,False,False,True,2023-01-27,A,False
P-113556,C10138,Bracket Aluminum 18ga,bracket,aluminum,18ga,4,False,False,none,,False,False,False,False,False,True,2023-01-25,A,True
P-113562,C10081,Assembly CRS 16ga,assembly,crs,16ga,8,False,False,none,,False,False,False,False,False,False,2023-01-24,D,False
P-113566,C10006,Panel CRS 14ga,panel,crs,14ga,2,False,True,none,,False,False,False,False,False,True,2023-01-24,A,True
P-113572,C10081,Weldment Galvanneal 18ga,weldment,galvanneal,18ga,3,True,False,none,,False,False,False,False,False,True,2023-01-27,A,True
P-113575,C10081,Chassis CRS 14ga,chassis,crs,14ga,5,False,False,plate,,True,False,False,False,True,False,2023-01-27,B,False
P-113583,C10506,Bracket CRS 18ga,bracket,crs,18ga,4,False,True,none,,False,False,False,False,False,True,2023-01-30,A,False
P-113585,C10444,Panel Stainless 18ga,panel,stainless,18ga,2,False,True,powder,black,False,False,False,False,False,True,2023-01-26,B,True
P-113592,C11463,Panel Galvanneal 12ga,panel,galvanneal,12ga,4,False,False,plate,,True,False,False,False,True,False,2023-01-27,C,False
P-113597,C10336,Bracket Stainless 14ga,bracket,stainless,14ga,4,False,False,powder,beige,False,False,False,False,False,True,2023-01-27,A,True
P-113598,C11813,Weldment Stainless 18ga,weldment,stainless,18ga,5,True,False,powder,white,False,False,False,False,False,False,2023-01-27,C,False
P-113601,C10071,Panel CRS 16ga,panel,crs,16ga,4,True,False,plate,,True,False,False,False,False,True,2023-02-02,D,False
P-113608,C10006,Weldment CRS 18ga,weldment,crs,18ga,6,True,True,none,,False,False,False,False,False,True,2023-01-30,B,False
P-113612,C10159,Bracket Stainless 14ga,bracket,stainless,14ga,1,False,False,powder,gray,False,False,False,False,False,True,2023-01-30,B,True
P-113613,C13110,Chassis CRS 18ga,chassis,crs,18ga,8,True,False,powder,blue,False,False,False,False,True,False,2023-01-31,A,False
P-113618,C10086,Chassis CRS 16ga,chassis,crs,16ga,7,False,False,plate,,True,False,False,False,False,True,2023-01-30,B,False
P-113625,C10086,Enclosure Stainless 12ga,enclosure,stainless,12ga,10,False,False,none,,False,False,False,False,False,True,2023-01-31,A,False
P-113630,C12483,Bracket Galvanneal 11ga,bracket,galvanneal,11ga,2,False,True,powder,black,False,False,False,False,False,True,2023-02-02,A,False
P-113632,C10041,Chassis CRS 16ga,chassis,crs,16ga,12,False,True,plate,,True,False,True,False,False,False,2023-02-01,B,False
P-113637,C10159,Enclosure Stainless 14ga,enclosure,stainless,14ga,10,False,False,plate,,True,False,False,False,False,True,2023-02-02,A,False
P-113640,C10081,Bracket CRS 18ga,bracket,crs,18ga,1,False,True,powder,white,False,False,False,False,False,True,2023-02-01,D,True
P-113647,C10215,Panel Galvanneal 16ga,panel,galvanneal,16ga,3,False,True,none,,False,False,False,False,False,False,2023-02-03,B,False
P-113652,C10235,Panel CRS 20ga,panel,crs,20ga,5,False,True,none,,False,False,False,False,False,True,2023-02-03,D,True
P-113659,C10096,Bracket Aluminum 14ga,bracket,aluminum,14ga,3,False,False,none,,False,False,False,False,True,True,2023-02-02,C,False
P-113666,C10138,Enclosure CRS 0.250in,enclosure,crs,0.250in,8,True,False,powder,gray,False,False,False,False,False,False,2023-02-03,B,False
P-113668,C10138,Bracket Stainless 16ga,bracket,stainless,16ga,3,False,True,powder,black,False,False,False,False,False,True,2023-02-03,D,False
P-113673,C10011,Bracket Stainless 12ga,bracket,stainless,12ga,3,False,False,powder,black,False,False,False,False,False,True,2023-02-03,D,False
P-113679,C10132,Chassis CRS 14ga,chassis,crs,14ga,6,False,False,none,,False,False,False,False,False,True,2023-02-07,A,False
P-113680,C10107,Enclosure Galvanneal 14ga,enclosure,galvanneal,14ga,11,False,False,powder,black,False,False,False,False,False,False,2023-02-08,C,False
P-113684,C10041,Panel CRS 14ga,panel,crs,14ga,4,False,False,none,,False,False,False,False,False,True,2023-02-08,A,True
P-113687,C10006,Weldment Galvanneal 14ga,weldment,galvanneal,14ga,3,True,True,none,,False,False,False,False,False,False,2023-02-07,D,False
P-113690,C10081,Bracket Aluminum 0.125in,bracket,aluminum,0.125in,4,False,True,none,,False,False,False,False,False,False,2023-02-07,A,False
P-113694,C10721,Enclosure Galvanneal 11ga,enclosure,galvanneal,11ga,11,False,False,powder,beige,False,False,False,False,False,True,2023-02-08,C,False
P-113697,C10024,Bracket CRS 16ga,bracket,crs,16ga,4,False,False,none,,False,False,False,False,False,True,2023-02-09,D,True
P-113698,C10006,Bracket CRS 0.125in,bracket,crs,0.125in,1,False,False,powder,black,False,False,False,False,False,False,2023-02-10,D,False
P-113701,C10006,Assembly Stainless 11ga,assembly,stainless,11ga,7,False,False,none,,False,False,False,False,False,False,2023-02-13,C,False
P-113703,C10767,Bracket Stainless 11ga,bracket,stainless,11ga,2,False,True,plate,,True,False,False,False,False,True,2023-02-09,A,True
P-113707,C10081,Weldment CRS 14ga,weldment,crs,14ga,4,True,False,powder,beige,False,False,False,False,False,False,2023-02-10,B,False
P-113712,C10096,Bracket Galvanneal 20ga,bracket,galvanneal,20ga,3,False,False,none,,False,False,False,False,False,True,2023-02-10,D,True
P-113719,C10006,Weldment CRS 12ga,weldment,crs,12ga,7,True,False,none,,False,False,False,False,False,True,2023-02-13,B,True
P-113720,C10081,Assembly CRS 18ga,assembly,crs,18ga,5,False,True,powder,gray,False,False,False,False,False,True,2023-02-14,B,True
P-113727,C10071,Enclosure Aluminum 16ga,enclosure,aluminum,16ga,10,True,True,powder,white,False,False,False,False,False,False,2023-02-15,B,False
P-113729,C10081,Enclosure CRS 11ga,enclosure,crs,11ga,7,False,True,powder,black,False,False,False,False,False,False,2023-02-16,A,False
P-113731,C10071,Panel Stainless 16ga,panel,stainless,16ga,3,False,True,plate,,True,False,False,False,False,False,2023-02-16,A,False
P-113738,C10033,Bracket CRS 11ga,bracket,crs,11ga,3,False,True,plate,,True,False,False,False,False,False,2023-02-15,A,False
P-113742,C11131,Assembly Galvanneal 18ga,assembly,galvanneal,18ga,8,False,False,none,,False,False,False,False,False,True,2023-02-15,C,False
P-113745,C10563,Panel CRS 16ga,panel,crs,16ga,4,False,True,none,,False,False,False,False,False,True,2023-02-22,A,True
P-113752,C10159,Panel CRS 18ga,panel,crs,18ga,3,False,True,plate,,True,False,False,False,False,True,2023-02-20,B,False
P-113758,C10086,Bracket Stainless 16ga,bracket,stainless,16ga,1,True,False,powder,white,False,False,False,False,False,True,2023-02-20,B,False
P-113760,C13055,Bracket CRS 14ga,bracket,crs,14ga,1,False,True,none,,False,False,False,False,False,False,2023-02-20,B,False
P-113765,C10144,Enclosure Stainless 20ga,enclosure,stainless,20ga,7,False,False,powder,blue,False,False,False,False,False,True,2023-02-23,A,False
P-113771,C10042,Bracket CRS 16ga,bracket,crs,16ga,1,False,True,powder,red,False,False,False,False,False,True,2023-02-23,D,True
P-113772,C10102,Bracket Aluminum 0.125in,bracket,aluminum,0.125in,4,True,False,none,,False,False,False,False,False,False,2023-02-23,A,False
P-113778,C10123,Enclosure Stainless 0.250in,enclosure,stainless,0.250in,10,False,True,none,,False,False,False,False,False,False,2023-02-23,D,False
P-113779,C10006,Panel CRS 16ga,panel,crs,16ga,6,False,True,powder,beige,False,False,False,False,False,True,2023-02-27,D,False
P-113785,C10071,Assembly Galvanneal 12ga,assembly,galvanneal,12ga,8,True,True,powder,white,False,False,False,False,False,True,2023-02-24,A,False
P-113793,C10321,Weldment CRS 16ga,weldment,crs,16ga,6,True,True,powder,black,False,False,False,False,False,False,2023-02-27,B,False
P-113796,C10096,Bracket Galvanneal 11ga,bracket,galvanneal,11ga,2,False,True,none,,False,False,False,False,False,True,2023-02-28,A,False
P-113798,C10006,Assembly Stainless 12ga,assembly,stainless,12ga,7,True,False,none,,False,False,True,False,False,False,2023-03-01,B,False
P-113802,C10081,Bracket CRS 12ga,bracket,crs,12ga,4,True,True,powder,black,False,False,False,False,False,True,2023-03-02,A,True
P-113804,C10006,Enclosure CRS 18ga,enclosure,crs,18ga,7,True,False,powder,white,False,False,False,False,True,True,2023-03-06,A,True
P-113808,C10006,Panel CRS 18ga,panel,crs,18ga,5,False,False,plate,,True,False,False,False,False,False,2023-03-03,B,False
P-113809,C10102,Assembly CRS 18ga,assembly,crs,18ga,5,True,False,none,,False,False,False,False,False,False,2023-03-06,B,False
P-113815,C10217,Assembly CRS 14ga,assembly,crs,14ga,8,False,False,none,,False,False,False,False,False,False,2023-03-06,A,False
P-113816,C12473,Panel Stainless 14ga,panel,stainless,14ga,5,False,True,powder,black,False,False,False,False,False,False,2023-03-07,B,False
P-113819,C10071,Bracket CRS 20ga,bracket,crs,20ga,4,False,False,none,,False,False,False,False,False,True,2023-03-07,C,False
P-113820,C10926,Panel Galvanneal 18ga,panel,galvanneal,18ga,4,False,True,powder,red,False,False,True,False,True,False,2023-03-07,A,False
P-113821,C11718,Panel CRS 12ga,panel,crs,12ga,4,False,True,powder,black,False,False,False,False,False,False,2023-03-08,D,False
P-113827,C12149,Panel Stainless 16ga,panel,stainless,16ga,6,False,True,plate,,True,False,False,False,False,True,2023-03-07,C,True
P-113833,C10071,Panel CRS 16ga,panel,crs,16ga,5,False,True,none,,False,False,False,False,False,False,2023-03-09,A,False
P-113836,C10006,Panel Aluminum 11ga,panel,aluminum,11ga,3,False,False,powder,white,False,False,False,False,False,False,2023-03-09,B,False
P-113844,C10954,Panel Aluminum 14ga,panel,aluminum,14ga,4,False,False,powder,black,False,False,False,False,False,True,2023-03-13,A,False
P-113850,C12533,Enclosure CRS 20ga,enclosure,crs,20ga,8,True,False,powder,gray,False,False,False,False,False,False,2023-03-15,A,False
P-113856,C10006,Chassis CRS 16ga,chassis,crs,16ga,5,True,True,powder,black,False,False,False,False,False,False,2023-03-14,B,False
P-113864,C10086,Panel CRS 14ga,panel,crs,14ga,6,False,False,plate,,True,False,False,False,False,False,2023-03-15,A,False
P-113872,C10071,Bracket CRS 16ga,bracket,crs,16ga,2,False,False,powder,gray,False,False,False,False,False,False,2023-03-15,A,False
P-113877,C10019,Assembly Galvanneal 18ga,assembly,galvanneal,18ga,4,False,True,none,,False,False,False,False,False,False,2023-03-16,A,False
P-113884,C10019,Panel Stainless 20ga,panel,stainless,20ga,4,False,True,powder,black,False,False,False,False,False,False,2023-03-21,B,False
P-113891,C10006,Assembly Galvanneal 20ga,assembly,galvanneal,20ga,3,False,True,none,,False,False,False,False,False,False,2023-03-17,B,False
P-113897,C10081,Panel CRS 20ga,panel,crs,20ga,2,False,True,powder,white,False,False,False,False,False,False,2023-03-17,B,False
P-113899,C10006,Bracket Stainless 14ga,bracket,stainless,14ga,2,False,True,none,,False,False,False,False,False,False,2023-03-20,C,False
P-113902,C10081,Panel Galvanneal 18ga,panel,galvanneal,18ga,4,False,False,powder,gray,False,False,False,False,False,True,2023-03-20,A,False
P-113904,C10006,Enclosure CRS 0.250in,enclosure,crs,0.250in,12,True,True,none,,False,False,False,False,False,False,2023-03-21,B,False
P-113911,C10006,Enclosure Galvanneal 16ga,enclosure,galvanneal,16ga,9,True,False,powder,black,False,False,False,False,False,False,2023-03-21,D,False
P-113912,C10293,Bracket CRS 16ga,bracket,crs,16ga,1,False,False,powder,gray,False,False,False,False,False,True,2023-03-22,B,True
P-113914,C10161,Panel Stainless 20ga,panel,stainless,20ga,4,False,False,powder,black,False,False,False,False,False,True,2023-03-23,C,False
P-113922,C10071,Bracket Galvanneal 16ga,bracket,galvanneal,16ga,4,False,False,powder,black,False,False,False,False,False,True,2023-03-22,C,True
P-113929,C10041,Weldment Aluminum 18ga,weldment,aluminum,18ga,5,True,False,none,,False,False,False,False,False,True,2023-03-22,A,False
P-113937,C10132,Chassis CRS 0.125in,chassis,crs,0.125in,11,False,False,plate,,True,False,True,False,False,False,2023-03-24,B,False
P-113944,C10844,Panel Aluminum 20ga,panel,aluminum,20ga,2,False,True,anodize,,False,True,False,False,False,True,2023-03-23,B,True
P-113947,C10081,Enclosure CRS 18ga,enclosure,crs,18ga,12,False,False,none,,False,False,False,False,False,True,2023-03-24,D,False
P-113948,C10006,Enclosure CRS 18ga,enclosure,crs,18ga,14,False,False,plate,,True,False,False,False,False,True,2023-03-23,C,True
P-113954,C10297,Assembly CRS 0.125in,assembly,crs,0.125in,8,True,False,none,,False,False,False,False,False,True,2023-03-27,B,True
P-113956,C10071,Panel Stainless 18ga,panel,stainless,18ga,2,False,True,plate,,True,False,False,False,False,True,2023-03-27,A,True
P-113957,C10102,Bracket Stainless 18ga,bracket,stainless,18ga,4,False,True,none,,False,False,False,False,False,False,2023-03-28,C,False
P-113965,C10053,Bracket Galvanneal 12ga,bracket,galvanneal,12ga,2,False,False,none,,False,False,False,False,False,False,2023-03-28,A,False
P-113973,C10132,Panel Galvanneal 18ga,panel,galvanneal,18ga,6,False,True,none,,False,False,False,False,False,False,2023-03-27,D,False
P-113976,C10235,Weldment Stainless 20ga,weldment,stainless,20ga,5,True,False,none,,False,False,False,False,False,False,2023-03-29,A,False
P-113983,C10225,Panel Aluminum 20ga,panel,aluminum,20ga,3,False,False,none,,False,False,False,False,False,False,2023-03-28,B,False
P-113989,C10071,Enclosure Galvanneal 20ga,enclosure,galvanneal,20ga,6,True,True,plate,,True,False,False,False,False,True,2023-03-27,C,False
P-113992,C10033,Assembly CRS 0.250in,assembly,crs,0.250in,6,True,True,powder,red,False,False,False,False,True,True,2023-03-28,C,True
P-113998,C10132,Weldment Stainless 16ga,weldment,stainless,16ga,4,True,False,none,,False,False,False,False,False,True,2023-03-29,A,True
P-114001,C10081,Bracket Galvanneal 14ga,bracket,galvanneal,14ga,4,False,False,none,,False,False,False,True,False,False,2023-03-28,A,False
P-114004,C10286,Panel CRS 0.125in,panel,crs,0.125in,5,False,False,none,,False,False,False,False,False,False,2023-03-29,B,False
P-114005,C10107,Enclosure CRS 18ga,enclosure,crs,18ga,7,False,True,powder,black,False,False,False,False,False,True,2023-03-29,C,False
P-114006,C10308,Weldment CRS 11ga,weldment,crs,11ga,6,True,False,none,,False,False,False,False,False,True,2023-03-31,B,True
P-114009,C10071,Bracket CRS 14ga,bracket,crs,14ga,2,False,False,plate,,True,False,False,False,False,False,2023-03-30,C,False
P-114012,C10430,Bracket Stainless 18ga,bracket,stainless,18ga,4,False,False,powder,black,False,False,False,False,False,False,2023-03-31,B,False
P-114014,C10200,Assembly Aluminum 16ga,assembly,aluminum,16ga,6,True,False,anodize,,False,True,False,False,False,True,2023-03-31,A,True
P-114022,C10308,Weldment CRS 20ga,weldment,crs,20ga,5,True,False,powder,black,False,False,False,False,False,True,2023-04-04,B,True
P-114028,C10041,Panel CRS 16ga,panel,crs,16ga,4,False,True,none,,False,False,False,False,False,True,2023-04-05,C,True
P-114031,C10071,Panel Stainless 18ga,panel,stainless,18ga,3,False,False,powder,black,False,False,False,False,False,True,2023-04-04,D,True
P-114035,C10418,Bracket CRS 12ga,bracket,crs,12ga,3,False,False,none,,False,False,False,False,False,True,2023-04-03,A,True
P-114042,C10123,Panel CRS 0.250in,panel,crs,0.250in,5,False,False,plate,,True,False,False,False,False,True,2023-04-03,D,True
P-114043,C10096,Panel CRS 18ga,panel,crs,18ga,2,False,True,plate,,True,False,False,False,True,True,2023-04-07,A,True
P-114045,C10151,Bracket Stainless 16ga,bracket,stainless,16ga,4,False,False,powder,gray,False,False,False,False,True,True,2023-04-06,A,True
P-114046,C10086,Chassis Galvanneal 11ga,chassis,galvanneal,11ga,11,True,False,none,,False,False,False,False,False,False,2023-04-06,D,False
P-114050,C11586,Bracket Stainless 18ga,bracket,stainless,18ga,2,False,True,none,,False,False,False,False,False,True,2023-04-07,A,True
P-114052,C10011,Panel Galvanneal 20ga,panel,galvanneal,20ga,5,False,False,none,,False,False,False,False,False,True,2023-04-10,A,True
P-114056,C11092,Bracket CRS 20ga,bracket,crs,20ga,2,False,True,powder,red,False,False,False,False,False,True,2023-04-10,B,False
P-114058,C10006,Enclosure Galvanneal 14ga,enclosure,galvanneal,14ga,8,True,False,plate,,True,False,False,False,False,False,2023-04-10,A,False
P-114066,C10159,Weldment CRS 12ga,weldment,crs,12ga,2,True,True,powder,gray,False,False,False,False,False,True,2023-04-11,D,False
P-114074,C10138,Assembly CRS 14ga,assembly,crs,14ga,5,False,True,powder,blue,False,False,False,False,True,True,2023-04-18,A,True
P-114080,C10053,Chassis Aluminum 18ga,chassis,aluminum,18ga,10,False,False,anodize,,False,True,False,False,False,False,2023-04-17,B,False
P-114086,C13149,Panel Stainless 18ga,panel,stainless,18ga,5,False,False,plate,,True,False,False,False,False,False,2023-04-20,B,False
P-114088,C10081,Panel Aluminum 20ga,panel,aluminum,20ga,4,False,True,powder,beige,False,False,False,False,False,True,2023-04-18,D,True
P-114092,C10024,Bracket Aluminum 12ga,bracket,aluminum,12ga,3,False,False,none,,False,False,True,False,False,False,2023-04-21,A,False
P-114097,C10033,Enclosure Galvanneal 11ga,enclosure,galvanneal,11ga,14,True,False,none,,False,False,False,False,False,True,2023-04-19,A,True
P-114105,C10993,Bracket CRS 14ga,bracket,crs,14ga,3,False,False,powder,blue,False,False,False,False,True,False,2023-04-19,A,False
P-114111,C10161,Weldment CRS 14ga,weldment,crs,14ga,7,True,True,none,,False,False,False,False,True,True,2023-04-27,A,False
P-114119,C10071,Bracket Aluminum 0.125in,bracket,aluminum,0.125in,1,False,False,powder,black,False,False,False,False,False,True,2023-04-24,B,True
P-114124,C10151,Enclosure Aluminum 12ga,enclosure,aluminum,12ga,7,True,True,none,,False,False,False,False,False,True,2023-04-24,B,True
P-114127,C10132,Bracket CRS 16ga,bracket,crs,16ga,2,False,True,none,,False,False,False,False,False,False,2023-04-24,A,False
P-114132,C10081,Weldment Aluminum 18ga,weldment,aluminum,18ga,6,True,False,anodize,,False,True,False,False,False,False,2023-04-26,B,False
P-114135,C10006,Panel CRS 0.250in,panel,crs,0.250in,6,False,False,powder,black,False,False,False,False,False,True,2023-04-24,A,False
P-114143,C10024,Bracket CRS 14ga,bracket,crs,14ga,1,True,False,powder,black,False,False,False,False,True,True,2023-04-26,C,True
P-114144,C10200,Enclosure CRS 18ga,enclosure,crs,18ga,10,True,False,powder,red,False,False,False,False,False,False,2023-04-26,D,False
P-114149,C11315,Assembly CRS 11ga,assembly,crs,11ga,7,True,True,powder,white,False,False,False,False,False,True,2023-04-27,C,False
P-114156,C10033,Bracket CRS 14ga,bracket,crs,14ga,3,False,True,none,,False,False,False,False,False,True,2023-05-01,A,True
P-114161,C10006,Weldment Stainless 16ga,weldment,stainless,16ga,8,True,True,plate,,True,False,False,False,False,False,2023-05-02,A,False
P-114164,C10081,Bracket Stainless 14ga,bracket,stainless,14ga,3,False,False,none,,False,False,False,False,False,True,2023-05-03,A,True
P-114167,C10071,Enclosure CRS 16ga,enclosure,crs,16ga,6,False,True,powder,black,False,False,False,False,False,True,2023-05-03,B,True
P-114169,C10011,Weldment Galvanneal 18ga,weldment,galvanneal,18ga,6,True,False,powder,blue,False,False,False,False,True,True,2023-05-03,C,True
P-114170,C10081,Bracket Aluminum 0.125in,bracket,aluminum,0.125in,1,False,False,none,,False,False,False,False,False,False,2023-05-08,A,False
P-114171,C10161,Panel Stainless 14ga,panel,stainless,14ga,2,False,False,plate,,True,False,False,False,False,False,2023-05-04,B,False
P-114175,C10011,Weldment CRS 18ga,weldment,crs,18ga,3,True,False,none,,False,False,False,False,False,True,2023-05-04,C,False
P-114177,C10024,Panel CRS 20ga,panel,crs,20ga,3,False,True,plate,,True,False,False,False,True,False,2023-05-05,B,True
P-114184,C10132,Bracket Galvanneal 18ga,bracket,galvanneal,18ga,1,False,True,none,,False,False,False,False,False,False,2023-05-05,A,False
P-114188,C10006,Enclosure Stainless 11ga,enclosure,stainless,11ga,8,False,False,none,,False,False,False,False,False,False,2023-05-05,A,False
P-114189,C11197,Panel CRS 16ga,panel,crs,16ga,4,False,True,powder,beige,False,False,False,False,False,True,2023-05-08,A,False
P-114195,C10390,Panel CRS 16ga,panel,crs,16ga,4,False,False,plate,,True,False,False,False,False,True,2023-05-11,B,True
P-114197,C10217,Bracket CRS 20ga,bracket,crs,20ga,2,False,True,none,,False,False,False,False,False,True,2023-05-08,A,False
P-114202,C10322,Chassis CRS 18ga,chassis,crs,18ga,10,False,True,plate,,True,False,False,False,True,True,2023-05-09,A,False
P-114209,C10192,Panel Galvanneal 20ga,panel,galvanneal,20ga,3,False,True,plate,,True,False,False,False,False,False,2023-05-08,B,False
P-114210,C10138,Bracket Aluminum 12ga,bracket,aluminum,12ga,2,False,True,none,,False,False,False,False,True,True,2023-05-12,B,True
P-114212,C10114,Chassis Aluminum 20ga,chassis,aluminum,20ga,7,True,True,powder,black,False,False,False,False,False,True,2023-05-09,B,False
P-114219,C10071,Enclosure Stainless 20ga,enclosure,stainless,20ga,7,True,True,powder,red,False,False,False,False,False,True,2023-05-10,A,True
P-114226,C10081,Chassis Stainless 18ga,chassis,stainless,18ga,8,True,True,none,,False,False,False,False,False,False,2023-05-11,A,False
P-114233,C12233,Bracket CRS 16ga,bracket,crs,16ga,2,False,False,plate,,True,False,False,False,False,True,2023-05-11,A,False
P-114241,C10011,Bracket Stainless 14ga,bracket,stainless,14ga,2,False,False,none,,False,False,False,False,False,False,2023-05-12,B,False
P-114243,C10071,Weldment CRS 18ga,weldment,crs,18ga,7,True,True,powder,black,False,False,False,False,False,True,2023-05-15,A,True
P-114244,C10144,Enclosure CRS 14ga,enclosure,crs,14ga,7,True,False,plate,,True,False,False,True,False,True,2023-05-15,B,True
P-114249,C10297,Enclosure CRS 18ga,enclosure,crs,18ga,7,False,True,powder,white,False,False,False,False,True,True,2023-05-15,B,False
P-114253,C10086,Enclosure CRS 14ga,enclosure,crs,14ga,14,False,True,powder,black,False,False,False,False,False,True,2023-05-15,B,True
P-114261,C12762,Bracket Stainless 16ga,bracket,stainless,16ga,2,False,True,plate,,True,False,False,False,False,False,2023-05-15,A,False
P-114267,C10297,Bracket CRS 16ga,bracket,crs,16ga,4,False,False,none,,False,False,False,False,False,True,2023-05-22,B,True
P-114268,C10011,Panel CRS 14ga,panel,crs,14ga,3,False,False,powder,gray,False,False,False,False,False,False,2023-05-17,B,False
P-114269,C10071,Panel Galvanneal 14ga,panel,galvanneal,14ga,4,False,False,plate,,True,False,False,False,False,True,2023-05-18,B,True
P-114270,C10006,Bracket CRS 16ga,bracket,crs,16ga,3,False,True,powder,black,False,False,False,False,False,False,2023-05-17,A,False
P-114273,C10006,Assembly Galvanneal 14ga,assembly,galvanneal,14ga,6,True,False,none,,False,False,False,False,False,False,2023-05-17,A,False
P-114279,C10107,Enclosure Aluminum 14ga,enclosure,aluminum,14ga,12,True,False,anodize,,False,True,False,False,True,True,2023-05-17,B,True
P-114280,C11948,Panel CRS 18ga,panel,crs,18ga,4,False,False,plate,,True,False,True,False,False,False,2023-05-22,C,False
P-114281,C12620,Weldment CRS 14ga,weldment,crs,14ga,8,True,True,powder,gray,False,False,False,False,True,False,2023-05-23,B,False
P-114284,C10444,Bracket Aluminum 14ga,bracket,aluminum,14ga,2,False,True,none,,False,False,True,False,False,False,2023-05-22,B,False
P-114289,C10006,Enclosure Galvanneal 12ga,enclosure,galvanneal,12ga,10,True,False,powder,gray,False,False,False,False,False,False,2023-05-22,A,False
P-114290,C12783,Bracket Galvanneal 16ga,bracket,galvanneal,16ga,2,False,True,none,,False,False,False,False,False,False,2023-05-23,A,False
P-114292,C10322,Bracket Aluminum 20ga,bracket,aluminum,20ga,1,False,False,powder,beige,False,False,False,False,False,True,2023-05-23,B,False
P-114298,C10006,Weldment Stainless 16ga,weldment,stainless,16ga,4,True,False,plate,,True,False,False,False,False,True,2023-05-24,A,True
P-114301,C12347,Bracket CRS 20ga,bracket,crs,20ga,2,False,False,none,,False,False,False,False,True,True,2023-05-26,B,False
P-114304,C10071,Weldment Aluminum 0.125in,weldment,aluminum,0.125in,3,True,False,powder,red,False,False,False,False,False,False,2023-05-30,B,False
P-114306,C10937,Weldment CRS 12ga,weldment,crs,12ga,2,True,True,powder,black,False,False,False,False,True,True,2023-05-31,B,False
P-114309,C10071,Bracket Aluminum 12ga,bracket,aluminum,12ga,1,False,True,anodize,,False,True,False,False,False,False,2023-05-30,B,False
P-114312,C10006,Bracket CRS 14ga,bracket,crs,14ga,1,False,False,plate,,True,False,False,False,False,True,2023-05-30,C,False
P-114315,C10081,Panel CRS 12ga,panel,crs,12ga,2,False,False,none,,False,False,False,False,False,False,2023-06-05,A,False
P-114317,C10304,Weldment Aluminum 12ga,weldment,aluminum,12ga,6,True,False,powder,white,False,False,False,False,False,True,2023-06-01,C,True
P-114321,C10006,Panel CRS 11ga,panel,crs,11ga,3,False,False,none,,False,False,False,False,False,False,2023-06-05,A,False
P-114322,C10071,Assembly Galvanneal 0.125in,assembly,galvanneal,0.125in,6,False,True,powder,gray,False,False,False,False,False,True,2023-06-01,A,False
P-114330,C10159,Panel Aluminum 14ga,panel,aluminum,14ga,6,False,True,powder,gray,False,False,False,False,False,True,2023-06-02,B,False
P-114332,C10107,Bracket Aluminum 20ga,bracket,aluminum,20ga,3,False,False,anodize,,False,True,False,False,False,True,2023-06-02,A,False
P-114337,C10430,Enclosure Stainless 0.125in,enclosure,stainless,0.125in,11,True,True,none,,False,False,False,False,False,True,2023-06-05,A,True
P-114339,C10071,Panel Aluminum 18ga,panel,aluminum,18ga,4,False,True,none,,False,False,False,False,False,False,2023-06-05,B,False
P-114344,C11197,Assembly CRS 16ga,assembly,crs,16ga,4,True,False,none,,False,False,False,False,False,False,2023-06-06,B,False
P-114352,C10081,Bracket CRS 18ga,bracket,crs,18ga,3,False,False,powder,gray,False,False,False,False,False,True,2023-06-07,A,True
P-114360,C10081,Enclosure Galvanneal 11ga,enclosure,galvanneal,11ga,8,False,False,none,,False,False,False,False,False,False,2023-06-08,B,False
P-114368,C10011,Panel Galvanneal 14ga,panel,galvanneal,14ga,3,False,False,none,,False,False,False,False,False,True,2023-06-06,A,False
P-114372,C10006,Panel Stainless 0.250in,panel,stainless,0.250in,5,False,True,none,,False,False,False,False,False,False,2023-06-07,C,False
P-114379,C10071,Enclosure CRS 16ga,enclosure,crs,16ga,6,True,False,powder,gray,False,False,False,False,False,True,2023-06-07,A,False
P-114381,C10006,Panel Aluminum 11ga,panel,aluminum,11ga,2,False,False,powder,gray,False,False,False,False,False,False,2023-06-12,D,False
P-114385,C10114,Panel Galvanneal 14ga,panel,galvanneal,14ga,6,False,True,none,,False,False,False,False,False,True,2023-06-08,C,True
P-114390,C10033,Bracket Galvanneal 14ga,bracket,galvanneal,14ga,2,False,False,plate,,True,False,False,False,False,True,2023-06-12,B,False
P-114393,C10071,Enclosure Stainless 20ga,enclosure,stainless,20ga,6,False,True,powder,black,False,False,False,False,False,False,2023-06-09,A,False
P-114396,C10024,Bracket Galvanneal 14ga,bracket,galvanneal,14ga,3,False,True,powder,beige,False,False,False,False,False,True,2023-06-13,C,True
P-114397,C10418,Weldment Galvanneal 18ga,weldment,galvanneal,18ga,6,True,True,powder,red,False,False,False,False,False,True,2023-06-13,B,True
P-114405,C10006,Panel CRS 16ga,panel,crs,16ga,5,False,True,none,,False,False,False,False,False,True,2023-06-13,A,False
P-114413,C10217,Assembly Stainless 18ga,assembly,stainless,18ga,9,False,False,plate,,True,False,False,False,False,True,2023-06-12,C,True
P-114418,C10071,Bracket CRS 11ga,bracket,crs,11ga,4,False,False,powder,gray,False,False,False,False,False,False,2023-06-12,D,False
P-114420,C10033,Assembly CRS 20ga,assembly,crs,20ga,6,False,False,none,,False,False,False,False,False,True,2023-06-13,C,True
P-114426,C10071,Enclosure CRS 0.250in,enclosure,crs,0.250in,6,True,False,none,,False,False,True,False,False,False,2023-06-15,D,False
P-114434,C10257,Bracket CRS 16ga,bracket,crs,16ga,2,False,False,plate,,True,False,False,False,False,True,2023-06-16,D,False
P-114438,C10200,Panel Galvanneal 20ga,panel,galvanneal,20ga,5,False,False,powder,white,False,False,False,False,False,True,2023-06-16,C,True
P-114443,C10011,Assembly CRS 0.125in,assembly,crs,0.125in,3,False,True,powder,white,False,False,False,False,False,True,2023-06-16,A,True
P-114447,C10006,Chassis Galvanneal 18ga,chassis,galvanneal,18ga,12,True,False,none,,False,False,True,False,False,True,2023-06-19,A,True
P-114453,C10573,Bracket Galvanneal 14ga,bracket,galvanneal,14ga,1,False,True,none,,False,False,False,False,False,False,2023-06-19,B,False
P-114460,C10006,Weldment Aluminum 18ga,weldment,aluminum,18ga,3,True,True,none,,False,False,False,False,False,True,2023-06-19,D,True
P-114461,C10173,Enclosure Stainless 16ga,enclosure,stainless,16ga,8,False,True,powder,gray,False,False,False,False,False,False,2023-06-21,B,False
P-114469,C10071,Bracket Stainless 18ga,bracket,stainless,18ga,1,False,False,none,,False,False,False,False,False,False,2023-06-19,B,False
P-114475,C10006,Panel CRS 16ga,panel,crs,16ga,3,False,False,plate,,True,False,False,False,False,True,2023-06-21,A,False
P-114479,C11320,Weldment CRS 16ga,weldment,crs,16ga,2,True,True,powder,gray,False,False,True,False,False,True,2023-06-20,A,True
P-114480,C10006,Panel CRS 12ga,panel,crs,12ga,5,False,False,plate,,True,False,False,False,False,False,2023-06-21,A,False
P-114481,C10521,Panel CRS 18ga,panel,crs,18ga,5,False,False,powder,white,False,False,False,False,False,False,2023-06-21,D,False
P-114482,C10042,Bracket CRS 12ga,bracket,crs,12ga,2,False,False,powder,white,False,False,False,False,False,True,2023-06-26,C,False
P-114489,C10006,Weldment Galvanneal 16ga,weldment,galvanneal,16ga,8,True,False,none,,False,False,False,False,False,False,2023-06-23,A,False
P-114491,C10006,Panel CRS 14ga,panel,crs,14ga,4,False,True,powder,black,False,False,False,False,False,False,2023-06-23,A,False
P-114498,C10071,Weldment CRS 18ga,weldment,crs,18ga,3,True,False,powder,gray,False,False,False,False,False,True,2023-06-26,D,True
P-114500,C10071,Panel Galvanneal 18ga,panel,galvanneal,18ga,2,False,False,none,,False,False,False,False,False,False,2023-06-26,A,False
P-114502,C10006,Chassis Galvanneal 0.125in,chassis,galvanneal,0.125in,12,False,True,powder,red,False,False,False,False,True,True,2023-06-26,C,True
P-114505,C10006,Bracket CRS 18ga,bracket,crs,18ga,4,False,True,powder,black,False,False,False,False,False,False,2023-06-27,B,False
P-114509,C10261,Bracket Aluminum 18ga,bracket,aluminum,18ga,1,True,False,powder,white,False,False,False,False,False,True,2023-06-27,A,True
P-114511,C12483,Bracket CRS 12ga,bracket,crs,12ga,4,False,True,powder,red,False,False,False,False,False,False,2023-06-29,C,True
P-114518,C10071,Weldment CRS 14ga,weldment,crs,14ga,4,True,False,powder,red,False,False,False,False,True,True,2023-06-29,D,False
P-114526,C12437,Bracket Aluminum 20ga,bracket,aluminum,20ga,4,False,False,anodize,,False,True,False,False,False,True,2023-06-28,A,True
P-114533,C10071,Bracket CRS 14ga,bracket,crs,14ga,4,False,True,none,,False,False,False,False,False,True,2023-06-30,B,True
P-114537,C10006,Enclosure CRS 0.250in,enclosure,crs,0.250in,14,True,True,powder,beige,False,False,False,False,False,False,2023-07-03,A,False
P-114541,C10071,Enclosure Galvanneal 16ga,enclosure,galvanneal,16ga,9,True,True,powder,black,False,False,False,False,True,True,2023-07-05,B,False
P-114545,C10390,Enclosure Galvanneal 16ga,enclosure,galvanneal,16ga,12,True,False,plate,,True,False,True,False,False,False,2023-07-05,A,True
P-114550,C10081,Bracket CRS 16ga,bracket,crs,16ga,1,False,False,powder,red,False,False,False,False,False,False,2023-07-06,C,False
P-114553,C10024,Panel Stainless 18ga,panel,stainless,18ga,4,False,False,powder,black,False,False,False,False,False,True,2023-07-07,A,True
P-114561,C10463,Bracket Galvanneal 14ga,bracket,galvanneal,14ga,4,False,False,none,,False,False,False,False,False,True,2023-07-07,A,False
P-114565,C10053,Weldment CRS 11ga,weldment,crs,11ga,2,True,True,none,,False,False,False,False,False,True,2023-07-11,B,True
P-114573,C10151,Chassis CRS 16ga,chassis,crs,16ga,10,True,False,powder,gray,False,False,False,False,False,True,2023-07-13,A,False
P-114581,C10071,Panel CRS 14ga,panel,crs,14ga,6,False,False,none,,False,False,False,False,False,False,2023-07-14,D,False
P-114582,C10107,Panel Galvanneal 12ga,panel,galvanneal,12ga,3,False,True,none,,False,False,False,False,False,True,2023-07-17,A,True
P-114587,C10071,Bracket Stainless 18ga,bracket,stainless,18ga,1,False,False,powder,beige,False,False,True,False,False,False,2023-07-19,A,False
P-114591,C10192,Panel Stainless 16ga,panel,stainless,16ga,4,False,False,none,,False,False,False,False,True,True,2023-07-19,B,False
P-114593,C10215,Weldment Galvanneal 11ga,weldment,galvanneal,11ga,3,True,True,powder,white,False,False,False,False,False,False,2023-07-19,B,False
P-114595,C10123,Panel Galvanneal 20ga,panel,galvanneal,20ga,5,False,True,powder,blue,False,False,False,False,False,False,2023-07-19,A,False
P-114601,C12696,Bracket CRS 20ga,bracket,crs,20ga,1,False,True,powder,white,False,False,False,False,False,True,2023-07-19,D,True
P-114608,C10096,Enclosure CRS 12ga,enclosure,crs,12ga,11,True,False,powder,white,False,False,False,False,False,True,2023-07-19,B,False
P-114615,C10144,Enclosure Galvanneal 12ga,enclosure,galvanneal,12ga,7,True,True,none,,False,False,False,False,False,False,2023-07-21,A,False
P-114619,C10096,Bracket Stainless 18ga,bracket,stainless,18ga,4,False,False,powder,gray,False,False,False,False,False,False,2023-07-20,D,False
P-114627,C11037,Weldment Stainless 14ga,weldment,stainless,14ga,6,True,True,powder,white,False,False,False,False,False,True,2023-07-21,B,False
P-114634,C10151,Panel Galvanneal 0.125in,panel,galvanneal,0.125in,2,False,False,plate,,True,False,False,False,False,False,2023-07-21,B,False
P-114639,C10071,Panel CRS 18ga,panel,crs,18ga,5,False,False,powder,beige,False,False,False,False,False,False,2023-07-24,C,False
P-114645,C10060,Chassis Aluminum 0.125in,chassis,aluminum,0.125in,6,False,False,anodize,,False,True,False,False,False,True,2023-07-24,A,False
P-114648,C10159,Bracket CRS 18ga,bracket,crs,18ga,2,False,False,powder,white,False,False,False,False,False,False,2023-07-26,D,False
P-114654,C10071,Panel Stainless 18ga,panel,stainless,18ga,6,False,True,none,,False,False,False,False,False,True,2023-07-25,B,False
P-114660,C10053,Chassis CRS 14ga,chassis,crs,14ga,6,False,False,powder,black,False,False,True,False,False,False,2023-07-27,D,False
P-114665,C10826,Chassis Galvanneal 14ga,chassis,galvanneal,14ga,6,True,False,powder,blue,False,False,False,False,False,True,2023-07-27,A,False
P-114669,C10006,Panel CRS 0.250in,panel,crs,0.250in,6,False,True,plate,,True,False,False,False,False,False,2023-07-31,C,False
P-114676,C10096,Bracket Aluminum 16ga,bracket,aluminum,16ga,1,False,True,none,,False,False,False,False,False,True,2023-07-28,B,True
P-114677,C10444,Chassis CRS 18ga,chassis,crs,18ga,10,True,True,none,,False,False,False,False,True,False,2023-07-31,A,False
P-114683,C10107,Chassis Stainless 16ga,chassis,stainless,16ga,11,False,False,none,,False,False,False,False,True,False,2023-08-02,C,False
P-114690,C10186,Bracket Stainless 16ga,bracket,stainless,16ga,1,False,True,plate,,True,False,False,False,False,True,2023-08-01,A,False
P-114698,C10138,Weldment Stainless 18ga,weldment,stainless,18ga,5,True,True,powder,black,False,False,False,False,False,False,2023-08-02,D,False
P-114701,C10186,Panel Stainless 18ga,panel,stainless,18ga,5,False,True,plate,,True,False,False,False,False,False,2023-08-07,A,False
P-114705,C10242,Bracket Stainless 14ga,bracket,stainless,14ga,4,False,False,powder,white,False,False,False,False,True,True,2023-08-02,A,True
P-114710,C10107,Bracket CRS 12ga,bracket,crs,12ga,3,True,True,none,,False,False,False,False,False,False,2023-08-04,B,False
P-114713,C10235,Bracket CRS 18ga,bracket,crs,18ga,3,False,False,none,,False,False,False,False,False,False,2023-08-03,D,False
P-114719,C10071,Bracket Stainless 12ga,bracket,stainless,12ga,1,False,True,plate,,True,False,False,False,True,False,2023-08-03,C,False
P-114723,C10376,Assembly CRS 18ga,assembly,crs,18ga,10,True,False,none,,False,False,False,False,False,True,2023-08-07,B,False
P-114724,C10483,Chassis Stainless 14ga,chassis,stainless,14ga,11,False,True,none,,False,False,False,False,True,False,2023-08-07,B,False
P-114727,C10086,Bracket Stainless 18ga,bracket,stainless,18ga,1,False,False,none,,False,False,False,False,False,False,2023-08-07,D,False
P-114734,C10024,Bracket Stainless 12ga,bracket,stainless,12ga,4,False,True,none,,False,False,False,False,False,True,2023-08-08,C,False
P-114742,C10081,Weldment CRS 18ga,weldment,crs,18ga,6,True,True,plate,,True,False,False,False,False,False,2023-08-09,A,False
P-114750,C10081,Chassis Galvanneal 18ga,chassis,galvanneal,18ga,8,True,True,none,,False,False,False,False,False,True,2023-08-08,A,False
P-114755,C10322,Enclosure CRS 16ga,enclosure,crs,16ga,7,False,True,none,,False,False,False,False,False,False,2023-08-09,A,False
P-114758,C10019,Enclosure Aluminum 14ga,enclosure,aluminum,14ga,14,True,True,none,,False,False,False,False,False,False,2023-08-11,A,False
P-114765,C10071,Enclosure Galvanneal 0.250in,enclosure,galvanneal,0.250in,10,False,False,powder,white,False,False,False,False,False,False,2023-08-11,B,False
P-114769,C10096,Bracket CRS 16ga,bracket,crs,16ga,3,False,False,powder,black,False,False,False,False,False,True,2023-08-15,A,True
P-114774,C10102,Enclosure CRS 14ga,enclosure,crs,14ga,8,True,True,powder,black,False,False,False,False,False,True,2023-08-14,B,False
P-114782,C10006,Weldment Galvanneal 18ga,weldment,galvanneal,18ga,7,True,False,none,,False,False,False,False,False,True,2023-08-15,D,False
P-114789,C10200,Panel CRS 16ga,panel,crs,16ga,2,False,False,powder,gray,False,False,False,False,False,False,2023-08-16,A,False
P-114792,C10081,Assembly CRS 20ga,assembly,crs,20ga,10,True,True,none,,False,False,False,False,False,False,2023-08-17,A,False
P-114799,C10024,Bracket Galvanneal 16ga,bracket,galvanneal,16ga,3,False,False,none,,False,False,False,False,False,False,2023-08-18,A,False
P-114805,C10096,Panel Aluminum 16ga,panel,aluminum,16ga,5,False,False,none,,False,False,False,False,False,False,2023-08-18,B,False
P-114806,C10006,Chassis Stainless 16ga,chassis,stainless,16ga,6,True,False,none,,False,False,False,False,False,True,2023-08-18,C,True
P-114810,C10024,Bracket Aluminum 14ga,bracket,aluminum,14ga,2,False,False,none,,False,False,False,False,True,False,2023-08-21,B,False
P-114814,C10297,Enclosure Aluminum 0.125in,enclosure,aluminum,0.125in,6,False,True,powder,white,False,False,False,False,False,True,2023-08-18,C,True
P-114822,C10086,Panel CRS 16ga,panel,crs,16ga,2,False,False,powder,beige,False,False,False,False,False,True,2023-08-18,B,True
P-114827,C10102,Panel Aluminum 18ga,panel,aluminum,18ga,3,False,True,powder,black,False,False,False,False,False,False,2023-08-21,D,False
P-114832,C10071,Assembly Aluminum 12ga,assembly,aluminum,12ga,5,False,False,anodize,,False,True,False,False,False,False,2023-08-21,D,False
P-114835,C10011,Assembly Stainless 12ga,assembly,stainless,12ga,9,False,True,none,,False,False,False,False,False,True,2023-08-24,A,False
P-114842,C10795,Panel Galvanneal 16ga,panel,galvanneal,16ga,6,False,True,powder,blue,False,False,False,False,False,True,2023-08-23,B,True
P-114847,C10071,Panel CRS 12ga,panel,crs,12ga,3,False,False,none,,False,False,False,False,False,False,2023-08-25,D,False
P-114853,C10086,Bracket CRS 20ga,bracket,crs,20ga,3,False,False,powder,red,False,False,False,False,False,True,2023-08-24,A,True
P-114857,C10321,Bracket CRS 20ga,bracket,crs,20ga,4,True,False,powder,white,False,False,True,False,False,True,2023-08-24,A,False
P-114861,C10257,Bracket CRS 16ga,bracket,crs,16ga,3,False,True,plate,,True,False,True,False,False,False,2023-08-24,C,False
P-114865,C10071,Weldment Stainless 16ga,weldment,stainless,16ga,4,True,True,none,,False,False,False,False,False,True,2023-08-23,A,True
P-114866,C10081,Panel CRS 20ga,panel,crs,20ga,2,False,False,none,,False,False,False,False,False,False,2023-08-23,A,False
P-114870,C10071,Chassis CRS 20ga,chassis,crs,20ga,7,False,False,powder,black,False,False,False,False,False,False,2023-08-23,A,False
P-114877,C11518,Bracket Aluminum 14ga,bracket,aluminum,14ga,2,False,True,anodize,,False,True,False,False,False,False,2023-08-24,B,False
P-114884,C10151,Enclosure Galvanneal 16ga,enclosure,galvanneal,16ga,13,False,True,powder,gray,False,False,False,False,False,False,2023-08-25,A,False
P-114887,C10286,Enclosure CRS 0.250in,enclosure,crs,0.250in,7,False,False,none,,False,False,False,False,False,False,2023-08-30,B,False
P-114889,C10019,Bracket CRS 16ga,bracket,crs,16ga,1,False,False,powder,black,False,False,False,False,True,False,2023-08-29,A,False
P-114895,C10071,Assembly CRS 16ga,assembly,crs,16ga,6,True,True,plate,,True,False,False,False,False,True,2023-08-30,A,False
P-114902,C10107,Bracket CRS 16ga,bracket,crs,16ga,3,False,True,none,,False,False,False,False,False,True,2023-08-30,B,False
P-114903,C10138,Panel Aluminum 16ga,panel,aluminum,16ga,6,False,False,powder,white,False,False,False,False,False,False,2023-08-29,B,False
P-114906,C10151,Bracket Stainless 18ga,bracket,stainless,18ga,1,False,True,powder,black,False,False,True,False,False,True,2023-09-01,C,False
P-114909,C10006,Enclosure CRS 14ga,enclosure,crs,14ga,7,True,False,plate,,True,False,False,False,False,False,2023-09-01,C,False
P-114910,C10114,Assembly CRS 20ga,assembly,crs,20ga,10,True,False,none,,False,False,False,False,False,False,2023-09-05,C,False
P-114916,C11537,Bracket Galvanneal 12ga,bracket,galvanneal,12ga,4,False,True,powder,gray,False,False,False,False,False,True,2023-08-31,A,False
P-114924,C12765,Chassis Stainless 16ga,chassis,stainless,16ga,10,False,True,none,,False,False,False,False,False,False,2023-08-31,D,False
P-114931,C10186,Bracket Stainless 16ga,bracket,stainless,16ga,2,False,True,plate,,True,False,False,False,False,True,2023-09-01,D,False
P-114939,C10042,Panel CRS 0.125in,panel,crs,0.125in,6,False,True,powder,gray,False,False,False,False,False,True,2023-09-01,A,False
P-114940,C10006,Assembly Stainless 18ga,assembly,stainless,18ga,3,False,False,powder,white,False,False,False,False,False,False,2023-09-01,A,False
P-114948,C10071,Bracket CRS 18ga,bracket,crs,18ga,3,True,True,powder,blue,False,False,False,False,True,True,2023-09-06,B,False
P-114955,C10081,Enclosure CRS 20ga,enclosure,crs,20ga,10,True,True,powder,blue,False,False,False,False,False,False,2023-09-05,B,False
P-114957,C10006,Assembly Galvanneal 12ga,assembly,galvanneal,12ga,3,True,False,none,,False,False,False,False,True,False,2023-09-05,A,False
P-114965,C10019,Bracket Aluminum 12ga,bracket,aluminum,12ga,2,False,False,none,,False,False,False,False,True,False,2023-09-11,A,False
P-114967,C10081,Chassis Stainless 18ga,chassis,stainless,18ga,8,True,False,none,,False,False,False,False,False,False,2023-09-06,D,False
P-114969,C10208,Weldment Stainless 16ga,weldment,stainless,16ga,6,True,True,powder,white,False,False,False,False,False,True,2023-09-06,A,False
P-114972,C10081,Panel CRS 16ga,panel,crs,16ga,3,False,True,plate,,True,False,False,False,False,False,2023-09-06,C,False
P-114974,C11052,Panel Stainless 20ga,panel,stainless,20ga,3,False,True,powder,beige,False,False,False,False,False,False,2023-09-06,A,False
P-114982,C10463,Weldment CRS 16ga,weldment,crs,16ga,2,True,False,none,,False,False,False,False,False,False,2023-09-08,B,False
P-114988,C10011,Weldment CRS 0.125in,weldment,crs,0.125in,4,True,False,powder,blue,False,False,False,False,False,False,2023-09-08,A,False
P-114989,C12209,Enclosure Aluminum 18ga,enclosure,aluminum,18ga,11,True,False,none,,False,False,False,False,False,True,2023-09-08,A,False
P-114993,C10506,Bracket CRS 16ga,bracket,crs,16ga,1,False,False,none,,False,False,False,False,False,False,2023-09-07,A,False
P-115000,C10096,Weldment Stainless 16ga,weldment,stainless,16ga,8,True,False,powder,white,False,False,False,False,False,True,2023-09-08,A,False
P-115005,C10071,Enclosure CRS 14ga,enclosure,crs,14ga,13,False,False,powder,beige,False,False,False,False,False,False,2023-09-11,D,False
P-115009,C10071,Enclosure CRS 20ga,enclosure,crs,20ga,12,False,True,powder,red,False,False,False,False,False,False,2023-09-14,A,False
P-115017,C10200,Weldment Galvanneal 14ga,weldment,galvanneal,14ga,6,True,False,none,,False,False,False,False,False,True,2023-09-12,C,False
P-115023,C10114,Bracket Galvanneal 14ga,bracket,galvanneal,14ga,3,False,True,plate,,True,False,False,True,False,False,2023-09-13,A,False
P-115028,C10138,Weldment CRS 20ga,weldment,crs,20ga,6,True,True,plate,,True,False,False,True,True,False,2023-09-12,B,False
P-115031,C10041,Chassis Galvanneal 12ga,chassis,galvanneal,12ga,11,True,True,none,,False,False,False,True,False,False,2023-09-12,A,False
P-115038,C10276,Panel Stainless 14ga,panel,stainless,14ga,5,False,True,powder,beige,False,False,False,False,False,False,2023-09-13,A,False
P-115043,C10102,Panel Stainless 12ga,panel,stainless,12ga,3,False,True,powder,white,False,False,True,False,False,True,2023-09-15,A,False
P-115048,C10024,Chassis CRS 12ga,chassis,crs,12ga,11,False,False,powder,blue,False,False,False,False,False,False,2023-09-13,D,False
P-115049,C10138,Bracket Galvanneal 20ga,bracket,galvanneal,20ga,3,False,False,none,,False,False,True,False,False,False,2023-09-13,A,False
P-115056,C11554,Assembly Galvanneal 16ga,assembly,galvanneal,16ga,6,False,False,powder,beige,False,False,False,False,False,True,2023-09-18,A,True
P-115059,C10006,Panel Galvanneal 14ga,panel,galvanneal,14ga,3,False,True,none,,False,False,True,False,True,False,2023-09-14,A,True
P-115061,C10006,Panel Galvanneal 14ga,panel,galvanneal,14ga,5,False,False,powder,black,False,False,False,False,False,False,2023-09-15,A,False
P-115067,C10024,Weldment Galvanneal 16ga,weldment,galvanneal,16ga,8,True,True,plate,,True,False,False,False,False,False,2023-09-18,C,False
P-115075,C10071,Weldment CRS 20ga,weldment,crs,20ga,4,True,False,none,,False,False,False,False,False,True,2023-09-18,B,False
P-115077,C10071,Bracket Aluminum 18ga,bracket,aluminum,18ga,4,False,True,anodize,,False,True,False,False,False,False,2023-09-20,A,False
P-115079,C10081,Panel Aluminum 14ga,panel,aluminum,14ga,6,False,True,anodize,,False,True,False,False,False,False,2023-09-21,A,False
P-115082,C10011,Weldment CRS 0.125in,weldment,crs,0.125in,3,True,True,powder,white,False,False,False,False,False,False,2023-09-21,C,False
P-115083,C10159,Enclosure Stainless 12ga,enclosure,stainless,12ga,10,False,True,plate,,True,False,False,False,False,True,2023-09-20,A,True
P-115089,C10081,Weldment CRS 16ga,weldment,crs,16ga,6,True,False,powder,beige,False,False,False,False,False,False,2023-09-20,D,False
P-115090,C10081,Chassis CRS 18ga,chassis,crs,18ga,6,False,False,powder,black,False,False,False,False,False,False,2023-09-21,B,False
P-115097,C10173,Panel CRS 14ga,panel,crs,14ga,4,False,False,powder,black,False,False,False,False,False,True,2023-09-25,A,True
P-115105,C10041,Weldment CRS 18ga,weldment,crs,18ga,2,True,False,powder,blue,False,False,False,False,True,True,2023-09-26,B,False
P-115107,C10144,Enclosure Galvanneal 14ga,enclosure,galvanneal,14ga,8,False,False,plate,,True,False,False,False,False,True,2023-09-22,C,True
P-115111,C10684,Panel CRS 16ga,panel,crs,16ga,2,False,False,powder,white,False,False,False,False,False,False,2023-09-26,D,False
P-115115,C10019,Panel CRS 16ga,panel,crs,16ga,3,False,False,none,,False,False,False,False,False,False,2023-09-27,A,False
P-115116,C10138,Bracket Stainless 0.125in,bracket,stainless,0.125in,4,False,False,plate,,True,False,False,False,True,False,2023-09-27,B,False
P-115120,C10006,Weldment Galvanneal 16ga,weldment,galvanneal,16ga,3,True,True,plate,,True,False,False,False,False,False,2023-09-27,D,False
P-115128,C10114,Bracket Aluminum 16ga,bracket,aluminum,16ga,2,False,True,anodize,,False,True,False,False,False,True,2023-09-28,B,True
P-115133,C12009,Panel Galvanneal 14ga,panel,galvanneal,14ga,4,False,False,none,,False,False,False,False,False,True,2023-09-29,A,True
P-115141,C10235,Panel CRS 20ga,panel,crs,20ga,4,False,True,powder,blue,False,False,False,False,False,False,2023-10-02,C,False
P-115144,C10006,Weldment CRS 14ga,weldment,crs,14ga,3,True,True,powder,beige,False,False,False,False,False,False,2023-09-29,B,False
P-115149,C10102,Assembly CRS 18ga,assembly,crs,18ga,4,False,True,none,,False,False,False,False,False,False,2023-09-29,C,False
P-115156,C10081,Assembly Aluminum 0.125in,assembly,aluminum,0.125in,8,False,True,none,,False,False,False,False,False,False,2023-10-02,A,False
P-115160,C11948,Weldment Aluminum 20ga,weldment,aluminum,20ga,3,True,False,anodize,,False,True,False,False,False,False,2023-10-02,D,False
P-115161,C10006,Panel Galvanneal 18ga,panel,galvanneal,18ga,4,False,False,none,,False,False,False,False,False,True,2023-10-02,A,True
P-115164,C10186,Panel CRS 20ga,panel,crs,20ga,4,False,False,powder,black,False,False,False,False,False,True,2023-10-04,A,True
P-115169,C10629,Enclosure Aluminum 18ga,enclosure,aluminum,18ga,12,False,False,none,,False,False,False,False,False,False,2023-10-04,C,False
P-115171,C11172,Enclosure CRS 16ga,enclosure,crs,16ga,8,False,True,none,,False,False,False,False,False,False,2023-10-04,A,False
P-115174,C10071,Enclosure CRS 18ga,enclosure,crs,18ga,6,True,False,plate,,True,False,False,False,False,True,2023-10-05,B,False
P-115179,C10006,Weldment CRS 20ga,weldment,crs,20ga,5,True,True,plate,,True,False,False,False,False,True,2023-10-05,A,False
P-115181,C10615,Weldment Stainless 18ga,weldment,stainless,18ga,6,True,True,none,,False,False,False,True,False,False,2023-10-13,C,False
P-115188,C10871,Panel CRS 16ga,panel,crs,16ga,6,False,False,none,,False,False,False,False,False,False,2023-10-06,D,False
P-115193,C10293,Weldment Stainless 18ga,weldment,stainless,18ga,7,True,False,none,,False,False,False,False,False,True,2023-10-10,B,False
P-115198,C10006,Bracket CRS 18ga,bracket,crs,18ga,4,False,False,powder,red,False,False,False,False,False,False,2023-10-09,A,False
P-115206,C10006,Bracket CRS 20ga,bracket,crs,20ga,2,False,False,none,,False,False,False,False,True,True,2023-10-09,C,False
P-115208,C11225,Chassis CRS 18ga,chassis,crs,18ga,12,True,False,none,,False,False,False,False,False,False,2023-10-09,A,False
P-115209,C10456,Bracket CRS 16ga,bracket,crs,16ga,4,False,False,powder,white,False,False,False,False,False,False,2023-10-06,C,False
P-115217,C10151,Weldment CRS 20ga,weldment,crs,20ga,2,True,True,none,,False,False,False,False,False,False,2023-10-12,D,False
P-115219,C10159,Panel Galvanneal 18ga,panel,galvanneal,18ga,5,False,True,plate,,True,False,False,False,False,False,2023-10-09,B,False
P-115226,C10532,Panel Aluminum 12ga,panel,aluminum,12ga,5,False,False,powder,blue,False,False,False,False,False,False,2023-10-10,B,False
P-115228,C10418,Bracket Stainless 12ga,bracket,stainless,12ga,2,False,True,none,,False,False,False,False,True,True,2023-10-12,D,False
P-115234,C11518,Assembly CRS 18ga,assembly,crs,18ga,9,False,False,plate,,True,False,False,False,True,True,2023-10-10,B,True
P-115241,C10321,Panel Aluminum 20ga,panel,aluminum,20ga,6,False,False,anodize,,False,True,False,False,False,True,2023-10-11,C,False
P-115242,C10081,Panel Stainless 16ga,panel,stainless,16ga,6,False,False,none,,False,False,False,False,False,True,2023-10-12,A,False
P-115248,C10321,Weldment Stainless 16ga,weldment,stainless,16ga,5,True,False,none,,False,False,False,False,False,False,2023-10-13,A,False
P-115255,C10081,Assembly Stainless 18ga,assembly,stainless,18ga,6,False,False,plate,,True,False,False,False,False,False,2023-10-16,A,False
P-115258,C11172,Bracket CRS 14ga,bracket,crs,14ga,3,False,False,powder,black,False,False,False,False,True,False,2023-10-13,B,False
P-115261,C10006,Bracket CRS 16ga,bracket,crs,16ga,4,False,True,powder,white,False,False,False,False,False,False,2023-10-12,A,False
P-115262,C10071,Bracket Galvanneal 12ga,bracket,galvanneal,12ga,3,False,False,powder,white,False,False,True,False,False,False,2023-10-13,D,False
P-115263,C10081,Bracket Galvanneal 14ga,bracket,galvanneal,14ga,4,False,True,plate,,True,False,False,False,False,False,2023-10-12,A,False
P-115267,C10132,Chassis CRS 16ga,chassis,crs,16ga,12,True,True,powder,red,False,False,False,False,False,False,2023-10-13,A,False
P-115269,C10173,Panel Aluminum 16ga,panel,aluminum,16ga,5,False,True,none,,False,False,False,False,False,True,2023-10-13,B,False
P-115270,C10107,Bracket CRS 12ga,bracket,crs,12ga,4,False,True,powder,white,False,False,False,False,True,False,2023-10-13,B,False
P-115277,C10033,Panel Aluminum 14ga,panel,aluminum,14ga,3,False,True,powder,white,False,False,False,False,False,False,2023-10-13,A,False
P-115285,C10081,Weldment Stainless 16ga,weldment,stainless,16ga,6,True,False,none,,False,False,False,False,False,True,2023-10-13,A,True
P-115287,C10011,Bracket Galvanneal 12ga,bracket,galvanneal,12ga,2,False,False,none,,False,False,False,False,False,False,2023-10-16,B,False
P-115290,C10042,Bracket Aluminum 18ga,bracket,aluminum,18ga,4,False,True,none,,False,False,False,False,False,False,2023-10-16,A,False
P-115293,C10086,Bracket Aluminum 16ga,bracket,aluminum,16ga,1,False,False,anodize,,False,True,False,False,True,False,2023-10-19,B,False
P-115301,C13025,Assembly CRS 20ga,assembly,crs,20ga,3,True,True,powder,beige,False,False,False,False,False,False,2023-10-18,D,False
P-115304,C10006,Enclosure CRS 12ga,enclosure,crs,12ga,8,False,False,none,,False,False,False,False,False,False,2023-10-25,A,False
P-115309,C10107,Bracket Stainless 0.250in,bracket,stainless,0.250in,1,False,False,none,,False,False,False,False,False,True,2023-10-20,A,False
P-115314,C10081,Chassis Stainless 20ga,chassis,stainless,20ga,8,False,True,powder,black,False,False,False,False,False,False,2023-10-20,D,False
P-115317,C10138,Weldment Aluminum 14ga,weldment,aluminum,14ga,3,True,False,none,,False,False,False,False,False,False,2023-10-20,A,False
P-115321,C10071,Bracket Stainless 12ga,bracket,stainless,12ga,2,False,True,powder,black,False,False,False,False,False,False,2023-10-20,C,False
P-115327,C10102,Bracket Galvanneal 14ga,bracket,galvanneal,14ga,1,False,False,none,,False,False,False,False,False,True,2023-10-23,A,True
P-115333,C10042,Weldment Stainless 16ga,weldment,stainless,16ga,3,True,True,plate,,True,False,False,False,False,True,2023-10-25,B,True
P-115338,C10033,Panel Stainless 16ga,panel,stainless,16ga,6,False,True,none,,False,False,False,False,False,True,2023-10-26,B,True
P-115344,C10114,Enclosure Stainless 16ga,enclosure,stainless,16ga,7,True,True,none,,False,False,False,False,False,False,2023-10-24,A,False
P-115345,C10107,Bracket Aluminum 0.125in,bracket,aluminum,0.125in,2,False,False,anodize,,False,True,False,False,False,True,2023-10-26,A,False
P-115353,C10257,Weldment CRS 14ga,weldment,crs,14ga,7,True,False,powder,gray,False,False,False,False,False,False,2023-10-25,A,False
P-115358,C10217,Panel CRS 16ga,panel,crs,16ga,5,False,True,powder,gray,False,False,False,False,False,False,2023-10-26,D,False
P-115360,C10096,Panel Stainless 16ga,panel,stainless,16ga,4,False,True,powder,beige,False,False,False,False,False,True,2023-10-26,A,True
P-115364,C10914,Weldment Galvanneal 14ga,weldment,galvanneal,14ga,7,True,False,plate,,True,False,False,False,False,False,2023-10-25,D,False
P-115367,C10114,Bracket CRS 16ga,bracket,crs,16ga,1,False,True,plate,,True,False,False,False,False,True,2023-10-26,A,False
P-115372,C10006,Weldment Stainless 16ga,weldment,stainless,16ga,4,True,False,powder,white,False,False,False,False,False,True,2023-10-27,D,False
P-115379,C10096,Enclosure CRS 18ga,enclosure,crs,18ga,6,True,False,powder,white,False,False,False,False,False,False,2023-10-31,B,False
P-115387,C10081,Panel Aluminum 18ga,panel,aluminum,18ga,3,False,False,anodize,,False,True,False,False,False,True,2023-10-30,A,False
P-115388,C10107,Bracket Galvanneal 0.250in,bracket,galvanneal,0.250in,4,False,False,plate,,True,False,False,False,False,False,2023-11-01,A,False
P-115391,C10071,Panel CRS 14ga,panel,crs,14ga,6,False,True,powder,white,False,False,False,False,False,False,2023-11-07,B,False
P-115398,C11258,Enclosure CRS 14ga,enclosure,crs,14ga,6,False,True,powder,black,False,False,False,False,False,True,2023-11-03,B,False
P-115403,C10440,Enclosure CRS 14ga,enclosure,crs,14ga,13,False,False,none,,False,False,False,False,False,True,2023-11-06,C,False
P-115406,C10071,Weldment Aluminum 14ga,weldment,aluminum,14ga,3,True,False,powder,gray,False,False,False,False,False,False,2023-11-03,B,False
P-115411,C10006,Assembly Galvanneal 18ga,assembly,galvanneal,18ga,6,False,False,powder,white,False,False,False,False,False,True,2023-11-03,C,False
P-115416,C10071,Weldment Aluminum 18ga,weldment,aluminum,18ga,6,True,False,anodize,,False,True,False,False,False,True,2023-11-06,D,True
P-115419,C10006,Panel CRS 18ga,panel,crs,18ga,6,False,True,none,,False,False,False,False,False,True,2023-11-03,B,True
P-115422,C11498,Enclosure Stainless 16ga,enclosure,stainless,16ga,8,True,True,plate,,True,False,False,False,False,False,2023-11-03,C,False
P-115430,C10647,Enclosure Aluminum 0.125in,enclosure,aluminum,0.125in,7,False,False,none,,False,False,False,False,False,False,2023-11-06,B,True
P-115437,C10081,Bracket Aluminum 16ga,bracket,aluminum,16ga,3,False,True,none,,False,False,False,False,False,False,2023-11-07,C,False
P-115442,C10071,Chassis Aluminum 18ga,chassis,aluminum,18ga,5,True,True,anodize,,False,True,False,False,False,True,2023-11-06,A,True
P-115450,C10006,Panel Aluminum 18ga,panel,aluminum,18ga,6,False,True,powder,white,False,False,False,False,False,False,2023-11-07,D,False
P-115452,C10006,Enclosure CRS 18ga,enclosure,crs,18ga,10,False,True,powder,white,False,False,False,False,False,False,2023-11-07,A,False
P-115457,C10071,Panel CRS 18ga,panel,crs,18ga,6,False,False,powder,gray,False,False,False,False,False,False,2023-11-07,D,False
P-115459,C10344,Chassis Stainless 0.250in,chassis,stainless,0.250in,5,True,True,plate,,True,False,False,False,False,False,2023-11-07,B,False
P-115465,C11708,Bracket CRS 14ga,bracket,crs,14ga,3,False,False,powder,red,False,False,False,False,False,False,2023-11-09,B,False
P-115467,C10096,Bracket Galvanneal 14ga,bracket,galvanneal,14ga,2,False,False,powder,white,False,False,False,False,False,False,2023-11-09,A,False
P-115468,C10144,Bracket CRS 12ga,bracket,crs,12ga,4,False,False,plate,,True,False,False,False,False,True,2023-11-10,D,False
P-115471,C11148,Bracket Galvanneal 18ga,bracket,galvanneal,18ga,1,False,True,powder,black,False,False,False,False,False,False,2023-11-09,A,False
P-115473,C11685,Panel Galvanneal 16ga,panel,galvanneal,16ga,2,False,True,powder,black,False,False,False,False,False,True,2023-11-09,B,True
P-115476,C10107,Bracket CRS 18ga,bracket,crs,18ga,2,False,True,none,,False,False,False,False,False,False,2023-11-17,D,False
P-115480,C10071,Bracket Galvanneal 14ga,bracket,galvanneal,14ga,3,False,False,none,,False,False,False,False,False,False,2023-11-21,A,False
P-115487,C11204,Enclosure Aluminum 20ga,enclosure,aluminum,20ga,14,True,True,anodize,,False,True,False,False,False,False,2023-11-14,B,False
P-115491,C12637,Panel Stainless 20ga,panel,stainless,20ga,6,False,True,none,,False,False,False,False,False,True,2023-11-10,B,True
P-115498,C10580,Bracket Galvanneal 16ga,bracket,galvanneal,16ga,4,False,True,powder,blue,False,False,False,False,False,True,2023-11-14,B,True
P-115503,C10107,Panel Galvanneal 14ga,panel,galvanneal,14ga,6,False,False,plate,,True,False,False,False,False,True,2023-11-14,A,True
P-115506,C10081,Assembly CRS 16ga,assembly,crs,16ga,3,False,True,none,,False,False,False,False,False,False,2023-11-14,B,False
P-115508,C10019,Bracket CRS 14ga,bracket,crs,14ga,1,False,False,powder,gray,False,False,False,False,False,True,2023-11-14,C,True
P-115514,C10321,Bracket CRS 18ga,bracket,crs,18ga,3,False,False,none,,False,False,False,False,False,True,2023-11-15,B,True
P-115520,C10041,Enclosure Aluminum 20ga,enclosure,aluminum,20ga,9,False,False,powder,white,False,False,False,False,False,False,2023-11-14,A,False
P-115525,C10006,Bracket CRS 0.125in,bracket,crs,0.125in,1,True,False,none,,False,False,False,False,False,True,2023-11-15,B,False
P-115526,C10024,Enclosure Stainless 11ga,enclosure,stainless,11ga,7,False,True,none,,False,False,False,False,False,False,2023-11-15,A,False
P-115533,C10006,Chassis Aluminum 20ga,chassis,aluminum,20ga,10,True,False,none,,False,False,False,False,False,False,2023-11-16,B,False
P-115536,C10580,Chassis Stainless 16ga,chassis,stainless,16ga,5,True,False,none,,False,False,True,False,False,True,2023-11-15,D,False
P-115538,C10779,Chassis Stainless 16ga,chassis,stainless,16ga,11,False,True,powder,white,False,False,False,False,False,True,2023-11-16,B,True
P-115542,C10081,Enclosure Galvanneal 11ga,enclosure,galvanneal,11ga,7,True,True,powder,red,False,False,False,False,True,True,2023-11-16,B,True
P-115545,C10081,Bracket Aluminum 0.250in,bracket,aluminum,0.250in,1,False,True,powder,gray,False,False,False,False,False,False,2023-11-17,D,False
P-115553,C10006,Bracket CRS 16ga,bracket,crs,16ga,3,False,False,none,,False,False,False,False,False,False,2023-11-16,B,False
P-115560,C10102,Panel CRS 0.250in,panel,crs,0.250in,3,False,True,powder,black,False,False,False,False,False,True,2023-11-16,D,False
P-115565,C10081,Bracket CRS 14ga,bracket,crs,14ga,2,False,False,powder,black,False,False,False,False,True,False,2023-11-16,A,False
P-115572,C10041,Bracket Stainless 16ga,bracket,stainless,16ga,3,False,False,plate,,True,False,False,False,False,False,2023-11-16,A,False
P-115577,C10107,Panel Stainless 16ga,panel,stainless,16ga,2,False,True,powder,beige,False,False,False,False,False,True,2023-11-20,B,True
P-115585,C10071,Panel CRS 18ga,panel,crs,18ga,4,False,False,none,,False,False,False,False,False,False,2023-11-17,A,False
P-115586,C10102,Bracket CRS 11ga,bracket,crs,11ga,4,False,True,none,,False,False,False,False,False,False,2023-11-20,C,False
P-115592,C10011,Panel CRS 0.125in,panel,crs,0.125in,5,False,False,powder,black,False,False,False,False,False,False,2023-11-17,B,False
P-115598,C10071,Weldment Stainless 14ga,weldment,stainless,14ga,8,True,False,powder,white,False,False,False,False,False,False,2023-11-21,D,False
P-115601,C10636,Bracket CRS 18ga,bracket,crs,18ga,1,False,True,powder,blue,False,False,False,False,False,False,2023-11-17,A,False
P-115608,C10024,Panel Stainless 14ga,panel,stainless,14ga,5,False,True,powder,blue,False,False,False,False,False,True,2023-11-20,B,True
P-115616,C10006,Chassis CRS 14ga,chassis,crs,14ga,7,True,True,none,,False,False,False,False,False,False,2023-11-20,B,False
P-115620,C10138,Bracket CRS 16ga,bracket,crs,16ga,4,False,False,powder,red,False,False,False,False,False,True,2023-11-21,A,True
P-115621,C10006,Panel Galvanneal 12ga,panel,galvanneal,12ga,4,False,False,none,,False,False,False,False,False,False,2023-11-22,A,False
P-115625,C10033,Bracket Stainless 16ga,bracket,stainless,16ga,1,False,False,plate,,True,False,False,False,False,False,2023-11-21,B,False
P-115626,C10024,Panel CRS 14ga,panel,crs,14ga,2,False,False,none,,False,False,False,False,False,True,2023-11-27,A,True
P-115631,C10081,Assembly CRS 16ga,assembly,crs,16ga,6,True,False,none,,False,False,False,False,True,False,2023-11-27,B,False
P-115637,C10159,Bracket Galvanneal 0.250in,bracket,galvanneal,0.250in,2,False,True,plate,,True,False,False,False,False,True,2023-11-28,A,True
P-115640,C10042,Bracket CRS 14ga,bracket,crs,14ga,4,False,True,plate,,True,False,False,False,False,False,2023-11-28,A,False
P-115643,C10042,Chassis Galvanneal 14ga,chassis,galvanneal,14ga,6,False,False,plate,,True,False,False,False,False,False,2023-11-29,C,False
P-115645,C10011,Weldment CRS 12ga,weldment,crs,12ga,2,True,False,plate,,True,False,False,False,False,True,2023-11-29,D,False
P-115647,C10041,Panel Stainless 14ga,panel,stainless,14ga,6,False,False,plate,,True,False,False,False,False,False,2023-11-28,C,False
P-115651,C10186,Assembly Galvanneal 0.250in,assembly,galvanneal,0.250in,6,False,False,none,,False,False,False,False,False,False,2023-11-29,A,False
P-115657,C10071,Bracket Stainless 18ga,bracket,stainless,18ga,3,False,False,none,,False,False,False,False,False,True,2023-12-01,C,True
P-115658,C10041,Weldment CRS 0.125in,weldment,crs,0.125in,3,True,True,none,,False,False,False,False,False,False,2023-12-01,B,False
P-115664,C10006,Panel Galvanneal 16ga,panel,galvanneal,16ga,6,False,True,plate,,True,False,False,False,False,False,2023-11-30,B,False
P-115668,C10482,Enclosure CRS 16ga,enclosure,crs,16ga,8,False,False,none,,False,False,False,False,False,True,2023-11-30,A,True
P-115675,C10086,Bracket Galvanneal 0.250in,bracket,galvanneal,0.250in,2,False,True,plate,,True,False,False,False,False,False,2023-12-05,B,False
P-115681,C10714,Panel Galvanneal 14ga,panel,galvanneal,14ga,5,False,False,powder,black,False,False,False,False,False,False,2023-12-01,A,False
P-115688,C12448,Chassis Aluminum 20ga,chassis,aluminum,20ga,7,False,True,none,,False,False,False,False,False,False,2023-12-01,A,False
P-115696,C12473,Panel CRS 14ga,panel,crs,14ga,5,False,False,none,,False,False,False,False,False,False,2023-12-01,A,False
P-115702,C10200,Weldment CRS 16ga,weldment,crs,16ga,8,True,True,none,,False,False,False,False,False,False,2023-12-05,D,False
P-115708,C10795,Bracket CRS 16ga,bracket,crs,16ga,2,False,False,none,,False,False,False,False,False,False,2023-12-04,A,False
P-115716,C10006,Panel CRS 16ga,panel,crs,16ga,3,False,True,powder,white,False,False,False,False,False,False,2023-12-08,A,False
P-115719,C10086,Panel CRS 16ga,panel,crs,16ga,6,False,False,powder,blue,False,False,False,False,False,False,2023-12-05,D,False
P-115727,C10186,Bracket CRS 20ga,bracket,crs,20ga,4,True,True,none,,False,False,False,False,False,False,2023-12-06,A,False
P-115735,C10011,Assembly Stainless 11ga,assembly,stainless,11ga,10,False,False,powder,gray,False,False,False,False,False,False,2023-12-06,A,False
P-115741,C11204,Bracket Aluminum 16ga,bracket,aluminum,16ga,1,True,True,none,,False,False,False,False,False,False,2023-12-07,D,False
P-115748,C10081,Bracket Galvanneal 14ga,bracket,galvanneal,14ga,3,False,False,powder,white,False,False,False,False,False,True,2023-12-06,A,True
P-115754,C10738,Bracket Galvanneal 12ga,bracket,galvanneal,12ga,1,False,True,powder,black,False,False,False,False,False,True,2023-12-12,A,True
P-115758,C10423,Panel CRS 14ga,panel,crs,14ga,5,False,False,powder,gray,False,False,False,False,False,False,2023-12-08,C,False
P-115765,C10286,Bracket CRS 12ga,bracket,crs,12ga,1,False,False,plate,,True,False,False,False,False,False,2023-12-11,B,False
P-115769,C10033,Bracket Aluminum 12ga,bracket,aluminum,12ga,3,False,False,anodize,,False,True,False,False,False,True,2023-12-14,A,False
P-115774,C10208,Enclosure Aluminum 0.250in,enclosure,aluminum,0.250in,6,True,False,none,,False,False,False,False,False,True,2023-12-12,B,False
P-115777,C10186,Chassis CRS 14ga,chassis,crs,14ga,6,True,False,none,,False,False,False,False,False,False,2023-12-11,C,False
P-115784,C10011,Assembly Aluminum 11ga,assembly,aluminum,11ga,9,True,False,none,,False,False,False,False,False,False,2023-12-11,C,True
P-115789,C10418,Weldment CRS 20ga,weldment,crs,20ga,7,True,False,powder,beige,False,False,False,False,True,False,2023-12-15,B,False
P-115794,C10114,Chassis Stainless 14ga,chassis,stainless,14ga,11,False,False,powder,gray,False,False,True,False,False,False,2023-12-11,A,False
P-115799,C10208,Bracket CRS 18ga,bracket,crs,18ga,4,False,False,powder,black,False,False,False,False,False,False,2023-12-11,B,False
P-115800,C10200,Panel CRS 16ga,panel,crs,16ga,2,False,False,powder,white,False,False,False,False,False,False,2023-12-11,A,False
P-115807,C10144,Assembly CRS 20ga,assembly,crs,20ga,3,False,True,none,,False,False,False,False,True,False,2023-12-14,A,False
P-115808,C10636,Bracket CRS 16ga,bracket,crs,16ga,2,False,True,powder,red,False,False,False,False,False,False,2023-12-15,A,False
P-115813,C12664,Panel Galvanneal 0.125in,panel,galvanneal,0.125in,6,False,True,none,,False,False,False,False,False,False,2023-12-14,A,False
P-115820,C10138,Bracket CRS 16ga,bracket,crs,16ga,3,False,False,none,,False,False,False,False,False,False,2023-12-14,B,True
P-115826,C10011,Bracket Galvanneal 20ga,bracket,galvanneal,20ga,1,False,False,powder,white,False,False,False,False,False,False,2023-12-18,C,False
P-115828,C11849,Weldment Stainless 18ga,weldment,stainless,18ga,3,True,True,plate,,True,False,False,False,False,False,2023-12-18,A,False
P-115834,C10114,Bracket CRS 14ga,bracket,crs,14ga,1,True,False,none,,False,False,False,False,False,False,2023-12-19,A,False
P-115840,C10042,Panel CRS 18ga,panel,crs,18ga,2,False,False,powder,black,False,False,False,False,False,False,2023-12-21,A,False
P-115847,C10225,Bracket CRS 14ga,bracket,crs,14ga,2,False,True,powder,black,False,False,False,False,False,True,2023-12-21,B,True
P-115851,C10071,Weldment CRS 16ga,weldment,crs,16ga,5,True,True,plate,,True,False,False,False,False,False,2023-12-21,A,False
P-115853,C10071,Weldment Aluminum 12ga,weldment,aluminum,12ga,3,True,False,powder,black,False,False,False,False,False,False,2023-12-21,C,False
P-115855,C10006,Bracket CRS 16ga,bracket,crs,16ga,1,False,False,powder,white,False,False,False,False,False,True,2023-12-22,B,True
P-115863,C10380,Enclosure CRS 18ga,enclosure,crs,18ga,9,False,True,powder,white,False,False,False,False,False,False,2024-01-02,A,False
P-115866,C10086,Bracket CRS 18ga,bracket,crs,18ga,2,False,False,powder,red,False,False,False,False,False,False,2024-01-05,D,False
P-115867,C10071,Bracket Stainless 16ga,bracket,stainless,16ga,2,False,False,none,,False,False,False,False,False,False,2024-01-02,B,False
P-115870,C13006,Enclosure Aluminum 12ga,enclosure,aluminum,12ga,10,True,False,anodize,,False,True,False,False,False,True,2024-01-08,D,True
P-115878,C10011,Weldment CRS 0.125in,weldment,crs,0.125in,4,True,True,powder,black,False,False,False,False,False,False,2024-01-03,A,False
P-115880,C10175,Bracket CRS 16ga,bracket,crs,16ga,2,False,False,none,,False,False,False,False,False,False,2024-01-03,B,False
P-115883,C11668,Assembly CRS 14ga,assembly,crs,14ga,7,False,False,powder,white,False,False,False,False,False,False,2024-01-09,A,False
P-115889,C10071,Panel CRS 0.125in,panel,crs,0.125in,6,True,False,powder,beige,False,False,False,False,False,True,2024-01-04,C,True
P-115892,C10006,Assembly CRS 18ga,assembly,crs,18ga,8,False,False,powder,red,False,False,False,False,False,False,2024-01-05,D,False
P-115896,C10006,Assembly CRS 16ga,assembly,crs,16ga,7,False,True,none,,False,False,False,False,False,False,2024-01-08,A,False
P-115904,C10006,Bracket CRS 20ga,bracket,crs,20ga,1,False,False,none,,False,False,False,False,False,False,2024-01-08,B,False
P-115908,C10814,Weldment CRS 16ga,weldment,crs,16ga,2,True,False,plate,,True,False,False,True,False,True,2024-01-08,B,True
P-115912,C10081,Chassis CRS 12ga,chassis,crs,12ga,5,False,False,powder,black,False,False,False,False,False,False,2024-01-08,A,False
P-115915,C10132,Enclosure CRS 12ga,enclosure,crs,12ga,12,True,True,none,,False,False,False,False,False,False,2024-01-08,A,False
P-115918,C10563,Enclosure CRS 20ga,enclosure,crs,20ga,6,True,True,plate,,True,False,False,False,False,False,2024-01-11,A,False
P-115919,C10006,Panel Stainless 16ga,panel,stainless,16ga,4,False,False,none,,False,False,False,False,False,False,2024-01-10,A,False
P-115923,C10071,Enclosure CRS 18ga,enclosure,crs,18ga,8,True,False,powder,gray,False,False,True,False,False,False,2024-01-12,A,False
P-115931,C10006,Bracket Aluminum 0.250in,bracket,aluminum,0.250in,1,False,False,powder,red,False,False,False,False,False,False,2024-01-12,A,False
P-115936,C10086,Bracket Aluminum 16ga,bracket,aluminum,16ga,1,False,True,none,,False,False,False,False,False,False,2024-01-12,A,False
P-115940,C10006,Enclosure Stainless 16ga,enclosure,stainless,16ga,9,True,True,powder,black,False,False,False,False,False,False,2024-01-11,A,False
P-115943,C10006,Enclosure CRS 18ga,enclosure,crs,18ga,13,False,False,none,,False,False,False,False,False,False,2024-01-12,A,False
P-115947,C10144,Bracket CRS 20ga,bracket,crs,20ga,4,False,True,plate,,True,False,False,False,False,False,2024-01-12,A,False
P-115954,C10006,Weldment Aluminum 16ga,weldment,aluminum,16ga,7,True,False,anodize,,False,True,False,False,False,True,2024-01-15,A,True
P-115961,C10071,Assembly CRS 16ga,assembly,crs,16ga,6,False,False,plate,,True,False,False,False,False,False,2024-01-16,C,False
P-115964,C10390,Panel CRS 12ga,panel,crs,12ga,6,False,False,powder,black,False,False,False,False,False,False,2024-01-15,A,False
P-115966,C10071,Panel CRS 14ga,panel,crs,14ga,6,False,False,powder,black,False,False,False,False,False,False,2024-01-17,A,False
P-115973,C10914,Bracket Aluminum 16ga,bracket,aluminum,16ga,1,False,True,none,,False,False,False,False,False,False,2024-01-18,C,False
P-115976,C10071,Bracket Galvanneal 18ga,bracket,galvanneal,18ga,3,False,False,powder,white,False,False,False,False,False,False,2024-01-18,B,False
P-115980,C10006,Weldment CRS 12ga,weldment,crs,12ga,3,True,True,powder,blue,False,False,False,False,False,True,2024-01-22,A,True
P-115981,C10071,Panel Stainless 16ga,panel,stainless,16ga,2,False,False,powder,white,False,False,False,False,True,False,2024-01-22,B,False
P-115984,C10011,Panel Stainless 18ga,panel,stainless,18ga,2,False,True,none,,False,False,False,False,False,False,2024-01-22,A,False
P-115985,C10616,Weldment Galvanneal 18ga,weldment,galvanneal,18ga,6,True,True,none,,False,False,True,False,False,False,2024-01-22,D,False
P-115991,C10102,Enclosure CRS 18ga,enclosure,crs,18ga,13,True,False,none,,False,False,False,False,False,True,2024-01-22,B,False
P-115996,C11463,Chassis Galvanneal 16ga,chassis,galvanneal,16ga,5,False,True,powder,black,False,False,False,False,True,False,2024-01-26,C,False
P-115998,C10102,Panel CRS 18ga,panel,crs,18ga,5,False,True,powder,red,False,False,False,False,False,False,2024-01-22,A,False
P-116005,C10390,Assembly CRS 11ga,assembly,crs,11ga,3,False,True,plate,,True,False,False,False,False,False,2024-01-22,C,False
P-116006,C10107,Chassis Aluminum 14ga,chassis,aluminum,14ga,12,True,True,powder,black,False,False,False,False,False,False,2024-01-24,A,False
P-116007,C10019,Bracket Galvanneal 0.250in,bracket,galvanneal,0.250in,3,False,False,powder,black,False,False,False,False,False,True,2024-01-24,B,False
P-116011,C10041,Assembly Aluminum 12ga,assembly,aluminum,12ga,8,True,False,none,,False,False,False,False,False,False,2024-01-23,C,False
P-116015,C10033,Panel Stainless 0.125in,panel,stainless,0.125in,5,False,True,powder,gray,False,False,False,False,False,False,2024-01-24,A,False
P-116017,C10041,Bracket Galvanneal 16ga,bracket,galvanneal,16ga,1,False,True,none,,False,False,False,False,True,False,2024-01-26,A,False
P-116019,C10286,Enclosure Galvanneal 20ga,enclosure,galvanneal,20ga,9,True,False,powder,gray,False,False,False,False,False,True,2024-01-29,A,True
P-116020,C10096,Bracket Stainless 16ga,bracket,stainless,16ga,1,False,True,none,,False,False,False,False,False,True,2024-01-26,A,True
P-116025,C10019,Weldment CRS 18ga,weldment,crs,18ga,3,True,False,none,,False,False,False,False,False,False,2024-01-29,B,False
P-116031,C10123,Bracket Galvanneal 14ga,bracket,galvanneal,14ga,2,False,False,none,,False,False,False,False,False,True,2024-01-29,A,False
P-116038,C10297,Chassis CRS 20ga,chassis,crs,20ga,12,True,False,powder,black,False,False,False,False,False,True,2024-01-29,C,True
P-116041,C10138,Panel Aluminum 14ga,panel,aluminum,14ga,4,False,True,powder,white,False,False,False,False,False,True,2024-01-31,B,False
P-116042,C10151,Bracket Aluminum 14ga,bracket,aluminum,14ga,1,False,False,anodize,,False,True,False,False,False,False,2024-02-01,B,True
P-116043,C10011,Panel CRS 12ga,panel,crs,12ga,6,False,False,powder,gray,False,False,False,False,False,False,2024-01-31,B,False
P-116048,C10081,Bracket Aluminum 16ga,bracket,aluminum,16ga,4,False,True,powder,gray,False,False,False,False,False,False,2024-01-31,C,False
P-116054,C10081,Chassis CRS 16ga,chassis,crs,16ga,9,False,False,plate,,True,False,True,False,False,False,2024-02-01,A,False
P-116059,C10132,Weldment CRS 12ga,weldment,crs,12ga,8,True,False,plate,,True,False,False,False,False,True,2024-02-01,A,False
P-116060,C10006,Panel Aluminum 20ga,panel,aluminum,20ga,6,False,True,none,,False,False,False,False,False,False,2024-02-01,A,False
P-116065,C10081,Panel Galvanneal 16ga,panel,galvanneal,16ga,3,False,True,none,,False,False,False,False,True,False,2024-02-05,B,False
P-116073,C10102,Assembly Aluminum 16ga,assembly,aluminum,16ga,5,True,True,powder,beige,False,False,False,False,False,False,2024-02-05,A,False
P-116077,C10081,Bracket Stainless 18ga,bracket,stainless,18ga,2,False,True,powder,gray,False,False,False,False,False,True,2024-02-07,C,True
P-116084,C10053,Chassis CRS 16ga,chassis,crs,16ga,11,True,False,powder,white,False,False,False,False,False,True,2024-02-07,A,False
P-116085,C10011,Bracket CRS 18ga,bracket,crs,18ga,4,True,True,powder,white,False,False,False,False,False,False,2024-02-08,B,False
P-116086,C10019,Bracket Galvanneal 18ga,bracket,galvanneal,18ga,1,False,True,powder,black,False,False,False,False,False,True,2024-02-08,B,True
P-116091,C10086,Assembly CRS 16ga,assembly,crs,16ga,3,False,False,none,,False,False,False,False,False,False,2024-02-09,B,False
P-116096,C10132,Chassis Stainless 20ga,chassis,stainless,20ga,8,False,False,powder,black,False,False,False,False,False,False,2024-02-09,A,False
P-116099,C11685,Bracket Galvanneal 14ga,bracket,galvanneal,14ga,1,False,False,powder,red,False,False,False,False,False,False,2024-02-09,C,False
P-116106,C10200,Bracket CRS 16ga,bracket,crs,16ga,2,False,True,powder,white,False,False,False,False,False,True,2024-02-09,B,True
P-116111,C12965,Chassis Galvanneal 14ga,chassis,galvanneal,14ga,5,False,False,none,,False,False,False,False,False,False,2024-02-09,A,False
P-116118,C10041,Bracket Stainless 20ga,bracket,stainless,20ga,3,False,False,none,,False,False,False,False,False,False,2024-02-09,B,False
P-116124,C10440,Chassis Galvanneal 14ga,chassis,galvanneal,14ga,5,True,True,plate,,True,False,False,False,False,False,2024-02-12,D,False
P-116129,C10444,Bracket Galvanneal 18ga,bracket,galvanneal,18ga,2,False,True,powder,black,False,False,False,False,False,False,2024-02-12,A,False
P-116136,C10071,Assembly CRS 20ga,assembly,crs,20ga,7,False,True,none,,False,False,False,False,False,False,2024-02-13,D,False
P-116138,C10151,Weldment CRS 18ga,weldment,crs,18ga,7,True,False,powder,white,False,False,False,False,False,True,2024-02-12,A,True
P-116139,C11327,Chassis Stainless 16ga,chassis,stainless,16ga,7,False,False,powder,black,False,False,False,False,True,True,2024-02-13,A,True
P-116145,C10159,Bracket Galvanneal 18ga,bracket,galvanneal,18ga,2,False,False,none,,False,False,False,False,False,False,2024-02-15,C,False
P-116147,C10019,Bracket CRS 14ga,bracket,crs,14ga,4,False,False,powder,black,False,False,False,False,False,False,2024-02-16,A,False
P-116154,C10006,Assembly CRS 16ga,assembly,crs,16ga,8,False,False,none,,False,False,False,False,False,False,2024-02-16,A,False
P-116160,C10192,Bracket Galvanneal 14ga,bracket,galvanneal,14ga,2,False,False,powder,white,False,False,False,False,False,True,2024-02-16,D,True
P-116166,C10728,Panel CRS 20ga,panel,crs,20ga,2,True,True,plate,,True,False,False,False,False,False,2024-02-20,A,False
P-116167,C10006,Bracket Stainless 16ga,bracket,stainless,16ga,3,False,False,plate,,True,False,False,False,False,True,2024-02-16,B,False
P-116171,C10430,Panel Aluminum 20ga,panel,aluminum,20ga,2,False,False,powder,blue,False,False,False,False,False,True,2024-02-21,B,False
P-116174,C12287,Weldment CRS 18ga,weldment,crs,18ga,4,True,False,powder,black,False,False,True,False,False,False,2024-02-20,B,False
P-116177,C10175,Weldment CRS 18ga,weldment,crs,18ga,3,True,False,powder,blue,False,False,False,False,False,False,2024-02-21,D,False
P-116184,C10132,Chassis CRS 14ga,chassis,crs,14ga,5,False,False,plate,,True,False,False,False,False,False,2024-02-20,D,False
P-116192,C10235,Panel CRS 18ga,panel,crs,18ga,3,False,True,none,,False,False,False,False,False,True,2024-02-22,B,True
P-116195,C10114,Weldment CRS 18ga,weldment,crs,18ga,6,True,False,none,,False,False,False,False,False,True,2024-02-21,C,True
P-116203,C10096,Bracket CRS 11ga,bracket,crs,11ga,4,False,False,plate,,True,False,False,False,False,True,2024-02-22,A,True
P-116205,C10151,Bracket Stainless 16ga,bracket,stainless,16ga,4,False,False,plate,,True,False,False,False,False,False,2024-02-22,B,False
P-116213,C10071,Weldment CRS 20ga,weldment,crs,20ga,6,True,True,powder,black,False,False,False,False,False,False,2024-02-21,A,False
P-116221,C10033,Weldment CRS 18ga,weldment,crs,18ga,2,True,False,none,,False,False,False,False,False,False,2024-02-22,A,False
P-116222,C10102,Assembly CRS 18ga,assembly,crs,18ga,9,False,False,none,,False,False,False,False,False,False,2024-02-23,B,False
P-116227,C10151,Panel CRS 18ga,panel,crs,18ga,6,False,False,powder,blue,False,False,False,False,False,False,2024-02-22,A,False
P-116235,C10071,Enclosure Aluminum 12ga,enclosure,aluminum,12ga,6,True,True,anodize,,False,True,False,False,False,False,2024-02-22,B,False
P-116238,C12883,Chassis CRS 14ga,chassis,crs,14ga,7,False,False,none,,False,False,True,False,False,True,2024-02-23,B,False
P-116245,C10107,Enclosure CRS 14ga,enclosure,crs,14ga,8,False,False,plate,,True,False,False,False,False,True,2024-02-26,D,False
P-116250,C10859,Bracket Stainless 18ga,bracket,stainless,18ga,4,False,False,none,,False,False,False,False,False,True,2024-02-27,D,True
P-116252,C12037,Weldment CRS 16ga,weldment,crs,16ga,2,True,True,powder,white,False,False,False,False,False,True,2024-02-26,A,True
P-116258,C10096,Chassis CRS 18ga,chassis,crs,18ga,12,True,False,none,,False,False,False,False,False,True,2024-02-27,B,True
P-116264,C10081,Assembly CRS 14ga,assembly,crs,14ga,4,True,False,powder,red,False,False,False,False,False,True,2024-02-27,D,True
P-116266,C11320,Chassis Galvanneal 14ga,chassis,galvanneal,14ga,6,True,True,powder,black,False,False,False,False,False,False,2024-02-28,B,False
P-116271,C10096,Enclosure Galvanneal 14ga,enclosure,galvanneal,14ga,9,True,False,none,,False,False,False,False,False,True,2024-02-27,B,True
P-116279,C10019,Enclosure CRS 14ga,enclosure,crs,14ga,10,False,True,none,,False,False,True,False,False,False,2024-02-29,B,False
P-116284,C10081,Bracket CRS 14ga,bracket,crs,14ga,3,False,False,powder,red,False,False,False,False,False,False,2024-03-01,A,False
P-116291,C11893,Panel CRS 0.125in,panel,crs,0.125in,6,False,False,powder,red,False,False,False,False,False,False,2024-03-04,C,False
P-116293,C10071,Bracket Galvanneal 16ga,bracket,galvanneal,16ga,3,False,False,powder,white,False,False,False,False,False,False,2024-03-04,B,False
P-116295,C12021,Weldment Aluminum 14ga,weldment,aluminum,14ga,2,True,True,none,,False,False,False,False,False,False,2024-03-05,C,False
P-116296,C10071,Bracket Aluminum 11ga,bracket,aluminum,11ga,4,False,False,powder,black,False,False,False,False,False,False,2024-03-06,B,False
P-116303,C10019,Panel Galvanneal 16ga,panel,galvanneal,16ga,4,False,True,plate,,True,False,False,False,False,False,2024-03-05,A,False
P-116310,C10595,Weldment CRS 16ga,weldment,crs,16ga,5,True,True,plate,,True,False,False,False,False,True,2024-03-07,B,True
P-116312,C10006,Panel Galvanneal 20ga,panel,galvanneal,20ga,2,False,False,powder,blue,False,False,False,False,False,False,2024-03-06,A,False
P-116316,C10257,Bracket Galvanneal 12ga,bracket,galvanneal,12ga,4,False,False,plate,,True,False,False,False,True,True,2024-03-07,B,False
P-116324,C10081,Assembly CRS 18ga,assembly,crs,18ga,3,False,True,none,,False,False,False,False,True,False,2024-03-08,A,False
P-116329,C10041,Bracket Galvanneal 12ga,bracket,galvanneal,12ga,2,False,False,none,,False,False,False,False,False,False,2024-03-13,A,False
P-116335,C10024,Chassis CRS 16ga,chassis,crs,16ga,11,False,True,none,,False,False,False,False,False,False,2024-03-11,D,False
P-116342,C10418,Panel Galvanneal 16ga,panel,galvanneal,16ga,3,True,False,none,,False,False,False,False,False,False,2024-03-12,A,False
P-116343,C10006,Enclosure Aluminum 0.125in,enclosure,aluminum,0.125in,8,False,False,powder,beige,False,False,False,False,False,False,2024-03-12,A,False
P-116351,C10006,Panel Stainless 11ga,panel,stainless,11ga,5,False,False,powder,white,False,False,False,False,False,True,2024-03-13,B,False
P-116359,C10397,Bracket Stainless 11ga,bracket,stainless,11ga,3,True,False,none,,False,False,False,False,False,False,2024-03-15,B,False
P-116364,C10011,Chassis CRS 0.125in,chassis,crs,0.125in,9,True,True,none,,False,False,True,False,False,True,2024-03-15,A,False
P-116367,C10322,Weldment Galvanneal 18ga,weldment,galvanneal,18ga,3,True,True,none,,False,False,False,False,False,False,2024-03-14,B,False
P-116373,C10071,Weldment Stainless 18ga,weldment,stainless,18ga,8,True,True,none,,False,False,False,False,False,True,2024-03-15,B,False
P-116380,C10444,Panel CRS 18ga,panel,crs,18ga,5,False,False,powder,black,False,False,False,False,False,False,2024-03-14,A,False
P-116382,C10107,Chassis Stainless 18ga,chassis,stainless,18ga,9,True,False,plate,,True,False,False,False,False,False,2024-03-14,A,False
P-116384,C10269,Bracket Galvanneal 16ga,bracket,galvanneal,16ga,4,False,False,none,,False,False,False,False,False,False,2024-03-15,D,False
P-116391,C10024,Panel Aluminum 18ga,panel,aluminum,18ga,5,False,True,powder,black,False,False,False,False,False,False,2024-03-18,B,False
P-116397,C10515,Weldment CRS 16ga,weldment,crs,16ga,7,True,False,powder,beige,False,False,False,False,False,True,2024-03-15,C,True
P-116398,C10006,Weldment Stainless 18ga,weldment,stainless,18ga,5,True,False,powder,gray,False,False,False,False,False,False,2024-03-15,A,False
P-116406,C10071,Bracket CRS 14ga,bracket,crs,14ga,2,False,True,powder,black,False,False,False,False,False,False,2024-03-15,A,False
P-116414,C10011,Bracket Galvanneal 12ga,bracket,galvanneal,12ga,2,False,False,none,,False,False,False,False,False,False,2024-03-18,C,False
P-116419,C10200,Panel CRS 14ga,panel,crs,14ga,6,True,True,powder,black,False,False,False,False,True,False,2024-03-20,A,False
P-116426,C10096,Panel CRS 12ga,panel,crs,12ga,4,False,False,plate,,True,False,False,False,False,False,2024-03-19,B,False
P-116430,C10006,Panel Galvanneal 0.250in,panel,galvanneal,0.250in,4,False,True,powder,gray,False,False,False,False,False,True,2024-03-18,A,True
P-116432,C10114,Bracket CRS 16ga,bracket,crs,16ga,1,False,False,none,,False,False,False,False,False,True,2024-03-18,B,True
P-116440,C11004,Chassis CRS 14ga,chassis,crs,14ga,9,False,True,powder,blue,False,False,False,False,False,True,2024-03-18,A,True
P-116441,C10114,Bracket Galvanneal 11ga,bracket,galvanneal,11ga,2,False,False,none,,False,False,True,False,True,False,2024-03-19,A,False
P-116449,C10006,Bracket Aluminum 11ga,bracket,aluminum,11ga,3,False,True,powder,red,False,False,False,False,False,False,2024-03-19,D,False
P-116452,C10081,Weldment Aluminum 0.250in,weldment,aluminum,0.250in,4,True,True,anodize,,False,True,True,False,True,False,2024-03-20,B,False
P-116458,C10041,Bracket Stainless 16ga,bracket,stainless,16ga,1,False,True,plate,,True,False,False,False,False,False,2024-03-20,A,False
P-116461,C10071,Panel Stainless 12ga,panel,stainless,12ga,5,False,True,none,,False,False,False,False,False,True,2024-03-22,A,False
P-116468,C10033,Bracket CRS 18ga,bracket,crs,18ga,2,False,True,powder,white,False,False,False,False,True,False,2024-03-21,B,False
P-116469,C10024,Chassis Aluminum 0.250in,chassis,aluminum,0.250in,9,True,True,anodize,,False,True,False,False,False,False,2024-03-22,B,False
P-116474,C10096,Enclosure CRS 16ga,enclosure,crs,16ga,12,True,False,powder,white,False,False,False,False,False,True,2024-03-25,B,True
P-116477,C10024,Chassis CRS 18ga,chassis,crs,18ga,9,True,False,plate,,True,False,False,False,False,False,2024-03-26,A,False
P-116481,C10006,Panel Galvanneal 18ga,panel,galvanneal,18ga,6,False,False,none,,False,False,False,False,False,False,2024-03-25,B,False
P-116486,C10006,Panel Galvanneal 12ga,panel,galvanneal,12ga,6,False,False,none,,False,False,False,False,False,False,2024-03-26,D,False
P-116489,C10430,Panel CRS 11ga,panel,crs,11ga,6,False,True,powder,white,False,False,False,False,False,True,2024-03-26,A,True
P-116495,C10041,Assembly CRS 16ga,assembly,crs,16ga,5,False,False,none,,False,False,False,False,False,False,2024-04-01,A,False
P-116499,C10006,Weldment Stainless 18ga,weldment,stainless,18ga,6,True,False,none,,False,False,False,False,False,True,2024-04-02,A,True
P-116506,C10950,Bracket CRS 14ga,bracket,crs,14ga,1,False,False,none,,False,False,False,False,False,False,2024-04-01,C,False
P-116512,C10024,Panel Stainless 11ga,panel,stainless,11ga,3,True,True,plate,,True,False,False,False,False,True,2024-04-01,A,False
P-116515,C10132,Enclosure Stainless 16ga,enclosure,stainless,16ga,13,False,False,powder,blue,False,False,False,False,False,False,2024-04-02,A,False
P-116518,C11029,Bracket CRS 16ga,bracket,crs,16ga,2,True,True,powder,gray,False,False,False,False,False,True,2024-04-04,A,True
P-116521,C10293,Bracket CRS 18ga,bracket,crs,18ga,4,False,False,powder,black,False,False,False,False,False,True,2024-04-03,A,True
P-116525,C10738,Panel CRS 11ga,panel,crs,11ga,4,False,True,powder,black,False,False,False,False,False,False,2024-04-08,A,False
P-116529,C10440,Panel Aluminum 20ga,panel,aluminum,20ga,4,False,False,none,,False,False,False,False,False,True,2024-04-08,A,True
P-116535,C10096,Chassis CRS 16ga,chassis,crs,16ga,9,True,True,powder,white,False,False,False,False,False,False,2024-04-05,B,False
P-116541,C10151,Enclosure CRS 14ga,enclosure,crs,14ga,9,True,True,powder,beige,False,False,False,False,False,False,2024-04-08,A,False
P-116545,C10006,Panel Galvanneal 16ga,panel,galvanneal,16ga,5,False,True,none,,False,False,False,False,False,False,2024-04-05,A,False
P-116546,C10006,Weldment Aluminum 18ga,weldment,aluminum,18ga,8,True,False,none,,False,False,False,False,False,False,2024-04-05,B,False
P-116553,C10192,Bracket Stainless 16ga,bracket,stainless,16ga,3,True,False,powder,beige,False,False,False,False,False,True,2024-04-09,B,False
P-116557,C10175,Chassis CRS 12ga,chassis,crs,12ga,7,True,False,powder,gray,False,False,False,False,False,False,2024-04-05,C,False
P-116563,C10269,Panel CRS 14ga,panel,crs,14ga,5,False,True,none,,False,False,False,False,False,True,2024-04-10,D,True
P-116569,C10041,Weldment CRS 12ga,weldment,crs,12ga,7,True,False,powder,white,False,False,False,False,False,True,2024-04-09,B,True
P-116572,C10591,Chassis Stainless 14ga,chassis,stainless,14ga,11,True,True,powder,black,False,False,False,False,False,False,2024-04-09,D,False
P-116579,C10102,Bracket Stainless 12ga,bracket,stainless,12ga,3,False,False,plate,,True,False,False,False,False,False,2024-04-11,B,False
P-116580,C10151,Bracket Galvanneal 12ga,bracket,galvanneal,12ga,3,False,False,none,,False,False,False,False,False,True,2024-04-11,B,False
P-116581,C10444,Chassis Aluminum 12ga,chassis,aluminum,12ga,7,False,False,none,,False,False,False,False,False,False,2024-04-11,A,False
P-116582,C10086,Bracket Galvanneal 18ga,bracket,galvanneal,18ga,3,False,True,none,,False,False,False,False,True,True,2024-04-16,C,True
P-116589,C10071,Panel CRS 20ga,panel,crs,20ga,3,False,False,none,,False,False,False,False,False,False,2024-04-11,D,False
P-116590,C10071,Bracket CRS 14ga,bracket,crs,14ga,1,False,True,plate,,True,False,False,False,False,False,2024-04-11,B,False
P-116597,C10107,Chassis CRS 20ga,chassis,crs,20ga,11,True,False,none,,False,False,False,False,False,False,2024-04-12,A,False
P-116603,C10081,Bracket CRS 20ga,bracket,crs,20ga,4,False,True,plate,,True,False,False,False,False,False,2024-04-15,B,False
P-116609,C10042,Enclosure CRS 20ga,enclosure,crs,20ga,6,False,True,plate,,True,False,False,False,False,True,2024-04-15,C,True
P-116611,C10006,Assembly CRS 20ga,assembly,crs,20ga,7,False,True,plate,,True,False,False,False,False,True,2024-04-15,B,False
P-116618,C10006,Bracket Aluminum 14ga,bracket,aluminum,14ga,4,False,False,anodize,,False,True,False,False,False,False,2024-04-17,D,False
P-116626,C10151,Enclosure CRS 12ga,enclosure,crs,12ga,14,False,False,none,,False,False,False,False,False,False,2024-04-18,A,False
P-116631,C12593,Bracket CRS 12ga,bracket,crs,12ga,1,False,True,powder,white,False,False,False,False,False,True,2024-04-22,B,True
P-116639,C10086,Panel Galvanneal 11ga,panel,galvanneal,11ga,6,False,True,plate,,True,False,False,False,False,True,2024-04-18,A,False
P-116647,C10276,Chassis Galvanneal 14ga,chassis,galvanneal,14ga,6,True,False,none,,False,False,False,False,True,True,2024-04-19,C,True
P-116649,C10006,Assembly CRS 18ga,assembly,crs,18ga,10,True,False,none,,False,False,False,False,True,False,2024-04-19,A,False
P-116656,C10081,Chassis CRS 18ga,chassis,crs,18ga,11,True,True,plate,,True,False,False,True,False,False,2024-04-23,A,False
P-116659,C10024,Bracket Stainless 16ga,bracket,stainless,16ga,2,False,True,plate,,True,False,False,False,False,False,2024-04-22,B,False
P-116663,C10173,Enclosure Galvanneal 12ga,enclosure,galvanneal,12ga,6,True,True,none,,False,False,False,False,False,True,2024-04-23,A,False
P-116665,C10006,Panel Aluminum 14ga,panel,aluminum,14ga,6,False,False,powder,gray,False,False,True,False,False,False,2024-04-25,B,False
P-116667,C10053,Panel CRS 16ga,panel,crs,16ga,2,False,False,none,,False,False,False,False,False,False,2024-04-24,A,False
P-116669,C10837,Assembly CRS 16ga,assembly,crs,16ga,4,False,False,powder,black,False,False,False,False,False,True,2024-04-24,A,True
P-116675,C10071,Bracket Galvanneal 16ga,bracket,galvanneal,16ga,3,False,False,powder,white,False,False,False,False,False,False,2024-04-24,B,False
P-116681,C10071,Weldment CRS 11ga,weldment,crs,11ga,5,True,False,none,,False,False,False,False,False,True,2024-04-26,D,True
P-116689,C10102,Weldment Aluminum 14ga,weldment,aluminum,14ga,2,True,True,powder,beige,False,False,False,False,False,False,2024-04-25,A,False
P-116694,C11945,Bracket Galvanneal 18ga,bracket,galvanneal,18ga,4,False,False,none,,False,False,False,False,False,False,2024-04-25,A,False
P-116696,C10086,Weldment CRS 16ga,weldment,crs,16ga,6,True,True,none,,False,False,False,False,False,False,2024-04-29,B,False
P-116697,C10011,Chassis Stainless 16ga,chassis,stainless,16ga,6,False,False,none,,False,False,False,False,False,False,2024-04-26,A,False
P-116702,C10071,Bracket Galvanneal 16ga,bracket,galvanneal,16ga,4,False,False,none,,False,False,False,False,False,True,2024-04-29,A,False
P-116703,C10261,Bracket CRS 12ga,bracket,crs,12ga,1,False,False,powder,beige,False,False,False,False,False,True,2024-04-29,C,True
P-116711,C10081,Chassis CRS 14ga,chassis,crs,14ga,7,False,True,none,,False,False,False,False,False,False,2024-04-30,C,False
P-116712,C10081,Panel Galvanneal 16ga,panel,galvanneal,16ga,2,False,False,plate,,True,False,False,False,False,False,2024-04-30,B,False
P-116717,C10107,Enclosure Aluminum 20ga,enclosure,aluminum,20ga,12,False,False,none,,False,False,False,False,False,False,2024-05-01,A,False
P-116723,C10011,Bracket Stainless 18ga,bracket,stainless,18ga,4,False,True,none,,False,False,False,False,False,False,2024-05-01,B,False
P-116729,C10006,Enclosure Stainless 14ga,enclosure,stainless,14ga,8,False,False,powder,gray,False,False,False,False,False,True,2024-05-06,A,False
P-116731,C10081,Panel CRS 18ga,panel,crs,18ga,6,False,False,none,,False,False,False,False,True,False,2024-05-06,A,False
P-116737,C10081,Weldment CRS 20ga,weldment,crs,20ga,3,True,True,none,,False,False,False,False,False,False,2024-05-06,A,False
P-116744,C10086,Enclosure Galvanneal 14ga,enclosure,galvanneal,14ga,9,True,True,none,,False,False,False,False,False,True,2024-05-06,A,True
P-116745,C10019,Bracket CRS 18ga,bracket,crs,18ga,3,False,True,none,,False,False,False,False,False,False,2024-05-07,A,False
P-116753,C10397,Enclosure CRS 18ga,enclosure,crs,18ga,13,True,False,powder,white,False,False,False,False,False,False,2024-05-08,B,False
P-116757,C10086,Panel CRS 14ga,panel,crs,14ga,3,False,False,powder,black,False,False,False,False,False,False,2024-05-08,C,False
P-116759,C10071,Weldment Aluminum 14ga,weldment,aluminum,14ga,8,True,True,powder,red,False,False,False,True,True,False,2024-05-10,C,False
P-116764,C10123,Bracket Stainless 18ga,bracket,stainless,18ga,2,False,True,powder,gray,False,False,False,False,False,True,2024-05-09,A,True
P-116765,C10006,Panel CRS 18ga,panel,crs,18ga,2,False,True,powder,white,False,False,False,False,False,False,2024-05-09,A,False
P-116773,C10081,Bracket CRS 0.125in,bracket,crs,0.125in,1,False,False,none,,False,False,False,False,False,True,2024-05-13,B,True
P-116777,C10563,Assembly Galvanneal 16ga,assembly,galvanneal,16ga,3,False,False,none,,False,False,False,False,False,False,2024-05-10,A,False
P-116784,C10235,Enclosure Aluminum 16ga,enclosure,aluminum,16ga,9,False,True,none,,False,False,False,False,False,False,2024-05-10,A,False
P-116785,C10071,Panel Aluminum 20ga,panel,aluminum,20ga,5,False,False,none,,False,False,False,False,True,False,2024-05-10,A,False
P-116793,C10071,Bracket CRS 18ga,bracket,crs,18ga,1,False,False,none,,False,False,False,False,False,False,2024-05-15,B,False
P-116794,C10269,Panel CRS 16ga,panel,crs,16ga,3,False,False,plate,,True,False,False,True,False,False,2024-05-15,A,False
P-116796,C11632,Bracket Aluminum 14ga,bracket,aluminum,14ga,2,False,True,anodize,,False,True,False,False,False,True,2024-05-20,C,False
P-116797,C10071,Enclosure Aluminum 0.125in,enclosure,aluminum,0.125in,11,False,False,powder,gray,False,False,False,False,False,False,2024-05-17,D,False
P-116800,C10071,Panel Galvanneal 14ga,panel,galvanneal,14ga,6,True,True,powder,gray,False,False,False,False,False,False,2024-05-16,A,False
P-116804,C10900,Enclosure CRS 12ga,enclosure,crs,12ga,14,True,True,none,,False,False,False,False,False,False,2024-05-17,C,False
P-116807,C10081,Panel Galvanneal 18ga,panel,galvanneal,18ga,6,False,False,none,,False,False,False,False,False,False,2024-05-21,D,False
P-116808,C10161,Enclosure Stainless 12ga,enclosure,stainless,12ga,7,True,False,powder,black,False,False,False,False,True,False,2024-05-22,B,False
P-116812,C10515,Enclosure CRS 16ga,enclosure,crs,16ga,7,False,True,powder,black,False,False,False,False,False,True,2024-05-21,A,True
P-116817,C10071,Weldment CRS 0.125in,weldment,crs,0.125in,3,True,True,plate,,True,False,False,False,False,False,2024-05-21,A,False
P-116824,C10071,Bracket Stainless 14ga,bracket,stainless,14ga,1,False,False,none,,False,False,False,False,False,False,2024-05-22,D,False
P-116828,C10006,Bracket CRS 18ga,bracket,crs,18ga,4,False,False,powder,beige,False,False,False,False,False,False,2024-05-22,D,False
P-116834,C10071,Weldment CRS 16ga,weldment,crs,16ga,2,True,True,none,,False,False,False,False,False,False,2024-05-29,A,False
P-116841,C10006,Weldment Galvanneal 20ga,weldment,galvanneal,20ga,4,True,True,plate,,True,False,False,False,False,False,2024-05-23,B,False
P-116842,C10151,Enclosure Galvanneal 0.125in,enclosure,galvanneal,0.125in,6,True,False,plate,,True,False,False,False,False,False,2024-05-24,A,False
P-116845,C10151,Chassis Galvanneal 12ga,chassis,galvanneal,12ga,12,False,True,none,,False,False,False,False,False,False,2024-05-24,A,False
P-116849,C10659,Enclosure Aluminum 12ga,enclosure,aluminum,12ga,7,True,False,powder,white,False,False,False,False,False,False,2024-05-28,A,False
P-116850,C10011,Weldment CRS 14ga,weldment,crs,14ga,7,True,True,powder,black,False,False,False,False,False,False,2024-05-28,A,False
P-116857,C10096,Panel Stainless 12ga,panel,stainless,12ga,6,False,False,powder,beige,False,False,False,False,False,False,2024-05-29,C,False
P-116859,C10380,Weldment CRS 12ga,weldment,crs,12ga,7,True,False,none,,False,False,False,False,False,False,2024-05-30,A,False
P-116862,C10208,Bracket Stainless 16ga,bracket,stainless,16ga,1,False,False,plate,,True,False,False,False,False,False,2024-05-29,A,False
P-116863,C10006,Bracket CRS 18ga,bracket,crs,18ga,3,False,True,powder,white,False,False,False,False,False,False,2024-05-30,C,False
P-116868,C10186,Weldment CRS 18ga,weldment,crs,18ga,6,True,False,powder,blue,False,False,False,False,False,False,2024-05-31,D,False
P-116869,C10544,Weldment Stainless 14ga,weldment,stainless,14ga,3,True,True,powder,white,False,False,False,False,False,False,2024-05-30,B,False
P-116874,C10024,Weldment Galvanneal 16ga,weldment,galvanneal,16ga,4,True,False,none,,False,False,False,False,False,False,2024-05-30,D,False
P-116875,C10006,Assembly CRS 11ga,assembly,crs,11ga,3,True,True,powder,gray,False,False,False,False,False,False,2024-05-31,D,False
P-116878,C10011,Chassis CRS 16ga,chassis,crs,16ga,5,True,False,none,,False,False,False,False,False,True,2024-06-04,C,True
P-116882,C12556,Enclosure Stainless 16ga,enclosure,stainless,16ga,6,True,True,powder,blue,False,False,False,False,True,True,2024-06-03,B,False
P-116890,C10322,Bracket Galvanneal 16ga,bracket,galvanneal,16ga,4,False,True,powder,beige,False,False,False,False,False,False,2024-06-03,A,False
P-116892,C10042,Assembly Galvanneal 18ga,assembly,galvanneal,18ga,8,True,False,powder,white,False,False,False,False,False,True,2024-06-04,B,True
P-116893,C10024,Bracket CRS 20ga,bracket,crs,20ga,3,False,False,powder,black,False,False,False,False,False,False,2024-06-04,C,False
P-116896,C10081,Enclosure CRS 18ga,enclosure,crs,18ga,9,True,False,powder,red,False,False,False,False,False,False,2024-06-05,B,False
P-116904,C10011,Panel Aluminum 14ga,panel,aluminum,14ga,4,False,False,none,,False,False,False,False,False,False,2024-06-06,A,False
P-116909,C10006,Bracket CRS 14ga,bracket,crs,14ga,1,False,True,none,,False,False,False,False,False,False,2024-06-06,A,False
P-116917,C10102,Enclosure CRS 11ga,enclosure,crs,11ga,13,False,True,none,,False,False,False,False,False,False,2024-06-05,C,False
P-116925,C13014,Panel CRS 16ga,panel,crs,16ga,6,False,False,plate,,True,False,False,False,False,False,2024-06-05,B,False
P-116930,C10107,Weldment CRS 20ga,weldment,crs,20ga,8,True,True,powder,red,False,False,False,False,False,False,2024-06-06,B,False
P-116937,C10006,Weldment CRS 14ga,weldment,crs,14ga,4,True,False,plate,,True,False,False,False,False,False,2024-06-06,B,False
P-116941,C10332,Enclosure Galvanneal 0.125in,enclosure,galvanneal,0.125in,6,True,False,powder,white,False,False,False,False,True,True,2024-06-07,D,True
P-116945,C10096,Panel Stainless 18ga,panel,stainless,18ga,4,False,False,plate,,True,False,False,False,False,False,2024-06-06,C,False
P-116950,C10102,Bracket CRS 12ga,bracket,crs,12ga,4,False,True,powder,gray,False,False,False,False,False,False,2024-06-10,B,False
P-116955,C10380,Bracket CRS 18ga,bracket,crs,18ga,4,False,False,plate,,True,False,False,False,False,False,2024-06-10,A,False
P-116962,C10006,Enclosure Stainless 0.250in,enclosure,stainless,0.250in,6,True,False,none,,False,False,False,False,False,False,2024-06-10,A,False
P-116963,C10208,Weldment Aluminum 12ga,weldment,aluminum,12ga,6,True,False,none,,False,False,False,False,False,False,2024-06-12,B,False
P-116965,C10096,Panel Stainless 16ga,panel,stainless,16ga,5,False,False,none,,False,False,False,False,False,True,2024-06-11,B,True
P-116969,C12253,Bracket Galvanneal 14ga,bracket,galvanneal,14ga,3,False,True,none,,False,False,False,False,False,False,2024-06-11,A,False
P-116971,C10423,Panel Galvanneal 14ga,panel,galvanneal,14ga,5,False,True,none,,False,False,False,True,True,False,2024-06-12,B,False
P-116973,C10081,Enclosure Galvanneal 14ga,enclosure,galvanneal,14ga,12,True,True,powder,blue,False,False,False,False,False,True,2024-06-18,D,True
P-116981,C10033,Bracket CRS 0.125in,bracket,crs,0.125in,2,False,True,powder,black,False,False,False,False,False,False,2024-06-13,C,False
P-116983,C10081,Assembly Stainless 20ga,assembly,stainless,20ga,9,False,True,powder,white,False,False,False,False,False,True,2024-06-12,B,False
P-116990,C10024,Assembly Stainless 0.125in,assembly,stainless,0.125in,6,True,True,plate,,True,False,False,False,False,False,2024-06-12,C,False
P-116991,C10019,Enclosure CRS 18ga,enclosure,crs,18ga,6,True,False,powder,gray,False,False,False,False,False,False,2024-06-14,C,False
P-116998,C10332,Weldment Stainless 20ga,weldment,stainless,20ga,8,True,False,none,,False,False,False,False,True,False,2024-06-13,D,False
P-117002,C10215,Enclosure CRS 18ga,enclosure,crs,18ga,11,False,True,powder,gray,False,False,False,False,False,False,2024-06-13,A,False
P-117004,C10006,Panel Aluminum 14ga,panel,aluminum,14ga,2,False,False,powder,white,False,False,False,False,False,True,2024-06-17,C,True
P-117007,C12104,Weldment CRS 12ga,weldment,crs,12ga,5,True,True,none,,False,False,False,False,True,False,2024-06-17,B,False
P-117011,C10595,Bracket CRS 12ga,bracket,crs,12ga,3,False,True,none,,False,False,False,False,False,True,2024-06-19,B,True
P-117014,C12647,Assembly CRS 0.250in,assembly,crs,0.250in,4,False,False,powder,black,False,False,True,False,False,True,2024-06-18,A,False
P-117017,C10024,Chassis Stainless 20ga,chassis,stainless,20ga,8,False,True,none,,False,False,False,False,False,False,2024-06-19,B,False
P-117019,C10096,Weldment Stainless 14ga,weldment,stainless,14ga,4,True,False,powder,red,False,False,False,False,False,True,2024-06-20,B,True
P-117023,C10081,Assembly Aluminum 16ga,assembly,aluminum,16ga,7,True,False,powder,beige,False,False,False,False,False,False,2024-06-20,B,False
P-117024,C10686,Bracket Stainless 18ga,bracket,stainless,18ga,4,False,True,plate,,True,False,True,False,False,True,2024-06-24,D,True
P-117025,C10011,Chassis Aluminum 18ga,chassis,aluminum,18ga,6,True,True,none,,False,False,False,False,False,False,2024-06-25,D,False
P-117032,C10456,Enclosure Galvanneal 12ga,enclosure,galvanneal,12ga,14,False,True,powder,blue,False,False,False,False,False,False,2024-07-08,A,False
P-117034,C10217,Bracket Stainless 14ga,bracket,stainless,14ga,2,False,False,powder,black,False,False,False,False,False,True,2024-06-26,C,True
P-117037,C10257,Bracket Galvanneal 18ga,bracket,galvanneal,18ga,1,False,True,plate,,True,False,False,False,False,False,2024-06-27,C,False
P-117038,C10096,Panel CRS 14ga,panel,crs,14ga,5,False,False,powder,white,False,False,False,False,False,True,2024-06-28,B,True
P-117043,C10096,Bracket CRS 11ga,bracket,crs,11ga,4,False,True,none,,False,False,False,False,False,False,2024-06-27,B,False
P-117046,C11315,Panel Galvanneal 11ga,panel,galvanneal,11ga,4,False,True,powder,black,False,False,False,False,False,False,2024-06-28,C,False
P-117049,C10390,Weldment CRS 16ga,weldment,crs,16ga,3,True,True,plate,,True,False,False,False,False,False,2024-07-01,B,False
P-117052,C10071,Weldment Stainless 11ga,weldment,stainless,11ga,2,True,False,none,,False,False,False,False,False,False,2024-07-03,A,False
P-117053,C10595,Panel CRS 16ga,panel,crs,16ga,4,False,False,plate,,True,False,False,False,False,False,2024-07-02,A,False
P-117054,C10767,Enclosure CRS 11ga,enclosure,crs,11ga,6,True,False,none,,False,False,False,False,False,False,2024-07-01,A,False
P-117057,C10107,Assembly CRS 16ga,assembly,crs,16ga,6,False,False,none,,False,False,False,False,False,True,2024-07-02,C,False
P-117060,C10011,Enclosure CRS 16ga,enclosure,crs,16ga,13,False,False,powder,gray,False,False,False,False,False,False,2024-07-05,A,False
P-117068,C12028,Assembly Galvanneal 12ga,assembly,galvanneal,12ga,9,False,False,powder,black,False,False,False,False,True,False,2024-07-08,A,False
P-117072,C10208,Panel CRS 14ga,panel,crs,14ga,5,False,False,none,,False,False,False,False,False,True,2024-07-08,A,True
P-117078,C10071,Panel CRS 0.125in,panel,crs,0.125in,6,False,False,powder,beige,False,False,False,False,True,False,2024-07-09,D,False
P-117086,C12602,Panel CRS 14ga,panel,crs,14ga,2,False,True,none,,False,False,False,False,False,False,2024-07-11,D,False
P-117091,C12372,Panel Aluminum 12ga,panel,aluminum,12ga,4,False,False,none,,False,False,False,False,False,False,2024-07-12,D,False
P-117094,C10261,Enclosure Stainless 18ga,enclosure,stainless,18ga,10,True,True,none,,False,False,False,False,False,True,2024-07-10,B,True
P-117100,C10376,Chassis Galvanneal 18ga,chassis,galvanneal,18ga,8,True,False,none,,False,False,True,False,False,False,2024-07-10,A,False
P-117102,C12185,Panel Stainless 20ga,panel,stainless,20ga,3,False,False,none,,False,False,False,False,False,True,2024-07-12,A,True
P-117106,C10864,Assembly CRS 14ga,assembly,crs,14ga,5,False,True,plate,,True,False,False,False,False,False,2024-07-12,D,False
P-117109,C10144,Weldment CRS 14ga,weldment,crs,14ga,3,True,False,powder,white,False,False,False,False,False,False,2024-07-16,D,False
P-117112,C10081,Panel CRS 16ga,panel,crs,16ga,3,False,False,powder,white,False,False,False,False,False,False,2024-07-15,B,False
P-117120,C10081,Panel CRS 18ga,panel,crs,18ga,3,True,True,none,,False,False,False,False,False,False,2024-07-17,B,False
P-117121,C10159,Bracket Aluminum 11ga,bracket,aluminum,11ga,3,False,False,anodize,,False,True,False,False,False,True,2024-07-18,A,False
P-117126,C10532,Weldment CRS 20ga,weldment,crs,20ga,3,True,True,powder,black,False,False,False,False,False,True,2024-07-22,D,True
P-117127,C10086,Bracket CRS 18ga,bracket,crs,18ga,4,False,True,powder,black,False,False,False,False,False,True,2024-07-22,A,True
P-117128,C10006,Panel CRS 18ga,panel,crs,18ga,6,False,False,plate,,True,False,False,False,False,False,2024-07-22,A,False
P-117132,C10321,Weldment Stainless 18ga,weldment,stainless,18ga,2,True,False,powder,red,False,False,False,False,False,True,2024-07-22,A,True
P-117137,C10071,Assembly CRS 14ga,assembly,crs,14ga,9,False,True,powder,white,False,False,False,False,False,False,2024-07-23,A,False
P-117139,C10081,Bracket CRS 11ga,bracket,crs,11ga,3,False,True,powder,black,False,False,False,False,False,False,2024-07-24,A,False
P-117142,C10900,Assembly CRS 16ga,assembly,crs,16ga,9,False,True,none,,False,False,False,False,False,False,2024-07-24,B,False
P-117146,C10276,Weldment CRS 18ga,weldment,crs,18ga,8,True,False,plate,,True,False,False,False,True,False,2024-07-24,A,False
P-117151,C10071,Enclosure Galvanneal 11ga,enclosure,galvanneal,11ga,13,True,False,none,,False,False,False,False,False,False,2024-07-24,C,False
P-117158,C10086,Panel Stainless 20ga,panel,stainless,20ga,6,False,True,none,,False,False,False,False,True,False,2024-07-24,D,False
P-117163,C10694,Weldment Stainless 0.125in,weldment,stainless,0.125in,3,True,False,powder,black,False,False,False,False,False,False,2024-07-26,C,False
P-117164,C10006,Panel Aluminum 16ga,panel,aluminum,16ga,6,False,False,none,,False,False,False,False,False,False,2024-07-26,A,False
P-117170,C10086,Panel Stainless 14ga,panel,stainless,14ga,6,False,False,none,,False,False,False,False,False,False,2024-07-29,B,False
P-117171,C10071,Chassis Stainless 16ga,chassis,stainless,16ga,12,False,False,plate,,True,False,False,False,False,False,2024-07-26,A,False
P-117176,C10102,Bracket Galvanneal 12ga,bracket,galvanneal,12ga,2,False,True,powder,red,False,False,False,False,False,False,2024-07-31,B,False
P-117177,C10071,Enclosure Aluminum 20ga,enclosure,aluminum,20ga,9,True,False,powder,black,False,False,False,False,False,False,2024-07-30,A,False
P-117182,C10418,Chassis CRS 0.125in,chassis,crs,0.125in,10,False,True,plate,,True,False,False,True,True,True,2024-07-29,A,False
P-117185,C11412,Panel Stainless 0.125in,panel,stainless,0.125in,3,False,True,none,,False,False,False,False,False,False,2024-07-31,D,False
P-117191,C10071,Weldment CRS 14ga,weldment,crs,14ga,3,True,True,powder,white,False,False,False,False,False,False,2024-07-30,A,False
P-117198,C10144,Enclosure CRS 14ga,enclosure,crs,14ga,8,True,False,none,,False,False,False,False,False,False,2024-08-01,A,False
P-117201,C10235,Weldment CRS 20ga,weldment,crs,20ga,5,True,False,powder,black,False,False,False,False,False,False,2024-08-02,D,False
P-117204,C10081,Assembly Stainless 16ga,assembly,stainless,16ga,8,False,False,none,,False,False,False,False,False,False,2024-08-06,A,False
P-117211,C10675,Weldment Galvanneal 12ga,weldment,galvanneal,12ga,4,True,False,plate,,True,False,False,False,False,False,2024-08-08,C,False
P-117215,C10107,Assembly Galvanneal 16ga,assembly,galvanneal,16ga,3,False,True,powder,black,False,False,False,False,False,False,2024-08-06,C,False
P-117216,C10081,Bracket CRS 20ga,bracket,crs,20ga,4,False,False,powder,white,False,False,False,False,False,False,2024-08-14,A,False
P-117222,C10006,Enclosure Aluminum 16ga,enclosure,aluminum,16ga,7,True,True,none,,False,False,False,False,False,False,2024-08-07,D,False
P-117230,C10132,Bracket Aluminum 16ga,bracket,aluminum,16ga,1,True,True,powder,black,False,False,False,True,False,False,2024-08-12,A,False
P-117237,C10107,Panel Aluminum 18ga,panel,aluminum,18ga,2,False,True,none,,False,False,False,False,False,False,2024-08-08,A,False
P-117242,C11168,Bracket CRS 12ga,bracket,crs,12ga,3,False,False,none,,False,False,True,False,False,False,2024-08-09,D,False
P-117249,C10096,Enclosure Aluminum 12ga,enclosure,aluminum,12ga,13,True,False,anodize,,False,True,False,False,False,False,2024-08-16,B,False
P-117255,C10107,Panel Stainless 0.250in,panel,stainless,0.250in,2,False,False,none,,False,False,False,False,True,False,2024-08-09,B,False
P-117260,C10081,Weldment CRS 14ga,weldment,crs,14ga,7,True,True,none,,False,False,False,False,False,False,2024-08-12,B,False
P-117266,C10006,Bracket Galvanneal 0.125in,bracket,galvanneal,0.125in,1,False,True,none,,False,False,False,False,False,False,2024-08-15,D,False
P-117272,C10144,Enclosure CRS 16ga,enclosure,crs,16ga,9,True,True,plate,,True,False,False,False,False,True,2024-08-15,B,True
P-117278,C10242,Panel CRS 16ga,panel,crs,16ga,6,False,True,powder,gray,False,False,False,False,False,False,2024-08-23,A,False
P-117284,C10242,Chassis CRS 14ga,chassis,crs,14ga,7,False,True,powder,black,False,False,False,False,False,False,2024-08-16,B,False
P-117288,C10006,Weldment Aluminum 14ga,weldment,aluminum,14ga,6,True,False,anodize,,False,True,False,False,False,False,2024-08-21,A,False
P-117294,C11979,Panel CRS 14ga,panel,crs,14ga,4,False,True,powder,red,False,False,False,False,False,True,2024-08-20,B,True
P-117295,C10006,Weldment CRS 16ga,weldment,crs,16ga,4,True,False,none,,False,False,False,False,False,False,2024-08-20,D,False
P-117301,C10186,Chassis Aluminum 20ga,chassis,aluminum,20ga,11,False,False,none,,False,False,False,False,False,False,2024-08-20,A,False
P-117306,C10071,Panel CRS 18ga,panel,crs,18ga,4,False,True,powder,gray,False,False,False,False,False,False,2024-08-21,A,False
P-117309,C10071,Chassis Stainless 14ga,chassis,stainless,14ga,10,False,True,none,,False,False,False,False,False,True,2024-08-20,C,True
P-117314,C10006,Enclosure Galvanneal 16ga,enclosure,galvanneal,16ga,8,False,False,none,,False,False,False,False,False,False,2024-08-21,C,False
P-117322,C10041,Panel Aluminum 11ga,panel,aluminum,11ga,5,False,True,powder,red,False,False,False,False,False,False,2024-08-21,A,False
P-117324,C10006,Bracket Stainless 18ga,bracket,stainless,18ga,4,False,True,none,,False,False,False,False,False,True,2024-08-21,B,True
P-117328,C10081,Assembly CRS 20ga,assembly,crs,20ga,4,False,False,powder,black,False,False,False,False,False,False,2024-08-22,A,False
P-117329,C10086,Weldment Stainless 16ga,weldment,stainless,16ga,5,True,True,none,,False,False,False,False,False,True,2024-08-23,A,True
P-117330,C10173,Chassis Galvanneal 0.125in,chassis,galvanneal,0.125in,5,True,False,none,,False,False,False,False,False,False,2024-08-22,C,False
P-117338,C10019,Panel Galvanneal 16ga,panel,galvanneal,16ga,4,False,False,none,,False,False,False,False,False,True,2024-08-23,A,True
P-117344,C10006,Chassis CRS 16ga,chassis,crs,16ga,10,False,True,none,,False,False,False,False,False,False,2024-08-22,B,False
P-117345,C10071,Chassis Stainless 18ga,chassis,stainless,18ga,7,True,False,none,,False,False,False,False,False,False,2024-08-23,D,False
P-117347,C10269,Assembly Galvanneal 20ga,assembly,galvanneal,20ga,10,False,False,none,,False,False,False,False,True,False,2024-08-23,A,False
P-117353,C10071,Assembly Galvanneal 20ga,assembly,galvanneal,20ga,10,True,True,none,,False,False,False,False,False,False,2024-08-23,D,False
P-117359,C11572,Panel Aluminum 16ga,panel,aluminum,16ga,2,False,False,powder,white,False,False,False,False,False,True,2024-08-26,D,True
P-117361,C10071,Panel Aluminum 18ga,panel,aluminum,18ga,3,False,True,none,,False,False,False,False,False,False,2024-08-26,C,False
P-117369,C10144,Enclosure Galvanneal 20ga,enclosure,galvanneal,20ga,12,True,False,none,,False,False,False,False,False,True,2024-08-26,A,True
P-117375,C12021,Bracket Stainless 16ga,bracket,stainless,16ga,2,False,False,none,,False,False,False,False,False,True,2024-08-28,A,False
P-117382,C10081,Panel Aluminum 18ga,panel,aluminum,18ga,5,False,True,powder,beige,False,False,False,False,False,False,2024-08-29,A,False
P-117388,C10102,Chassis Aluminum 0.125in,chassis,aluminum,0.125in,10,True,False,powder,blue,False,False,False,False,False,False,2024-08-28,A,False
P-117389,C10293,Panel CRS 14ga,panel,crs,14ga,3,False,False,none,,False,False,False,False,False,False,2024-08-28,A,False
P-117396,C12848,Bracket CRS 20ga,bracket,crs,20ga,1,False,False,powder,beige,False,False,False,False,True,True,2024-08-30,A,True
P-117402,C11626,Bracket CRS 0.125in,bracket,crs,0.125in,4,False,False,powder,blue,False,False,False,False,False,False,2024-08-30,A,False
P-117406,C10024,Weldment Aluminum 16ga,weldment,aluminum,16ga,4,True,True,none,,False,False,False,False,False,False,2024-08-30,A,False
P-117410,C10071,Bracket CRS 16ga,bracket,crs,16ga,4,False,True,powder,gray,False,False,False,False,False,False,2024-08-30,A,False
P-117413,C10071,Panel CRS 14ga,panel,crs,14ga,5,False,False,none,,False,False,False,False,False,False,2024-09-03,C,False
P-117416,C11168,Chassis CRS 14ga,chassis,crs,14ga,9,True,True,powder,black,False,False,False,False,False,False,2024-09-03,A,False
P-117422,C10629,Bracket CRS 0.125in,bracket,crs,0.125in,3,False,True,none,,False,False,True,False,False,True,2024-09-05,D,True
P-117429,C10011,Bracket Aluminum 16ga,bracket,aluminum,16ga,2,False,False,none,,False,False,False,False,False,False,2024-09-04,B,False
P-117435,C10006,Bracket Galvanneal 16ga,bracket,galvanneal,16ga,4,False,True,powder,black,False,False,False,False,False,False,2024-09-05,B,False
P-117437,C10006,Panel Stainless 18ga,panel,stainless,18ga,4,False,True,plate,,True,False,False,False,False,False,2024-09-05,A,False
P-117443,C12028,Bracket Stainless 18ga,bracket,stainless,18ga,4,False,False,none,,False,False,True,False,False,False,2024-09-10,B,False
P-117451,C11062,Weldment Stainless 12ga,weldment,stainless,12ga,3,True,True,powder,beige,False,False,False,False,False,True,2024-09-06,A,True
P-117457,C10081,Bracket CRS 16ga,bracket,crs,16ga,1,False,False,powder,white,False,False,False,False,False,False,2024-09-05,B,False
P-117464,C10161,Panel Galvanneal 18ga,panel,galvanneal,18ga,6,True,False,powder,red,False,False,False,False,False,False,2024-09-05,D,False
P-117471,C11945,Bracket CRS 12ga,bracket,crs,12ga,4,False,False,none,,False,False,False,False,False,False,2024-09-06,A,False
P-117472,C10107,Chassis Stainless 0.125in,chassis,stainless,0.125in,11,True,False,powder,white,False,False,False,False,False,False,2024-09-06,A,False
P-117479,C10006,Bracket Galvanneal 20ga,bracket,galvanneal,20ga,1,False,False,plate,,True,False,False,False,False,False,2024-09-06,B,False
P-117483,C10024,Bracket Aluminum 0.125in,bracket,aluminum,0.125in,2,False,True,powder,black,False,False,False,False,False,True,2024-09-09,B,True
P-117491,C10081,Weldment Aluminum 16ga,weldment,aluminum,16ga,3,True,True,none,,False,False,False,False,False,False,2024-09-06,A,False
P-117498,C10938,Bracket Stainless 18ga,bracket,stainless,18ga,3,False,True,plate,,True,False,True,False,False,True,2024-09-10,B,True
P-117502,C10006,Enclosure Stainless 16ga,enclosure,stainless,16ga,8,True,False,powder,black,False,False,False,False,False,False,2024-09-12,A,False
P-117505,C10006,Weldment Stainless 0.250in,weldment,stainless,0.250in,2,True,True,none,,False,False,False,False,False,False,2024-09-09,D,False
P-117510,C10159,Bracket CRS 14ga,bracket,crs,14ga,3,False,True,none,,False,False,True,False,False,True,2024-09-11,D,True
P-117513,C10200,Chassis CRS 12ga,chassis,crs,12ga,11,True,True,plate,,True,False,False,False,False,False,2024-09-10,C,False
P-117520,C11010,Enclosure CRS 0.125in,enclosure,crs,0.125in,7,True,True,plate,,True,False,False,False,False,True,2024-09-12,A,True
P-117521,C10107,Bracket Aluminum 14ga,bracket,aluminum,14ga,3,False,True,none,,False,False,False,False,False,False,2024-09-11,D,False
P-117528,C10563,Assembly CRS 14ga,assembly,crs,14ga,5,False,True,none,,False,False,False,False,False,True,2024-09-11,B,False
P-117534,C10640,Panel Galvanneal 0.125in,panel,galvanneal,0.125in,4,False,False,none,,False,False,False,False,False,True,2024-09-10,A,True
P-117539,C10081,Bracket CRS 16ga,bracket,crs,16ga,1,False,False,powder,gray,False,False,False,False,True,False,2024-09-12,D,False
P-117543,C10276,Enclosure CRS 18ga,enclosure,crs,18ga,10,False,False,powder,white,False,False,False,False,False,False,2024-09-11,A,False
P-117547,C12104,Bracket Galvanneal 16ga,bracket,galvanneal,16ga,1,False,True,none,,False,False,False,False,False,False,2024-09-16,A,False
P-117553,C10397,Assembly CRS 0.125in,assembly,crs,0.125in,3,False,False,none,,False,False,False,False,False,False,2024-09-16,C,False
P-117558,C10071,Chassis CRS 18ga,chassis,crs,18ga,5,False,False,powder,black,False,False,False,False,False,False,2024-09-16,C,False
P-117564,C10096,Panel Galvanneal 0.250in,panel,galvanneal,0.250in,2,False,False,powder,black,False,False,False,False,False,False,2024-09-17,B,False
P-117566,C10006,Chassis CRS 16ga,chassis,crs,16ga,12,False,True,powder,black,False,False,False,False,False,False,2024-09-16,B,False
P-117572,C10011,Bracket CRS 12ga,bracket,crs,12ga,2,False,False,powder,beige,False,False,False,False,False,True,2024-09-17,C,False
P-117578,C10041,Bracket CRS 14ga,bracket,crs,14ga,2,False,False,none,,False,False,True,False,False,False,2024-09-17,A,False
P-117586,C10024,Bracket CRS 14ga,bracket,crs,14ga,3,False,True,powder,black,False,False,False,False,False,False,2024-09-17,B,False
P-117594,C12096,Bracket Galvanneal 14ga,bracket,galvanneal,14ga,2,False,True,powder,white,False,False,False,False,False,False,2024-09-17,B,False
P-117600,C10006,Bracket Stainless 14ga,bracket,stainless,14ga,2,False,False,none,,False,False,False,False,False,True,2024-09-18,C,True
P-117607,C10144,Enclosure Galvanneal 12ga,enclosure,galvanneal,12ga,12,True,False,none,,False,False,False,False,False,False,2024-09-23,D,False
P-117610,C10006,Assembly Stainless 18ga,assembly,stainless,18ga,6,True,False,none,,False,False,False,False,False,True,2024-09-20,D,True
P-117612,C10006,Bracket Stainless 14ga,bracket,stainless,14ga,1,False,True,powder,white,False,False,False,False,False,False,2024-09-20,A,False
P-117616,C10200,Enclosure CRS 12ga,enclosure,crs,12ga,13,False,False,powder,black,False,False,False,False,True,True,2024-09-23,B,True
P-117622,C10033,Panel CRS 14ga,panel,crs,14ga,2,False,True,none,,False,False,False,False,False,False,2024-09-20,B,False
P-117625,C10114,Panel CRS 14ga,panel,crs,14ga,5,False,False,none,,False,False,False,False,True,False,2024-09-20,B,False
P-117629,C10071,Panel Stainless 20ga,panel,stainless,20ga,2,False,False,powder,black,False,False,False,False,False,False,2024-09-23,D,False
P-117635,C10071,Assembly CRS 14ga,assembly,crs,14ga,10,False,False,none,,False,False,False,False,False,True,2024-09-24,C,False
P-117638,C10102,Assembly Stainless 14ga,assembly,stainless,14ga,3,True,False,powder,white,False,False,False,True,False,False,2024-09-25,B,False
P-117646,C10011,Panel Galvanneal 14ga,panel,galvanneal,14ga,2,False,True,powder,gray,False,False,False,False,False,False,2024-09-25,A,False
P-117649,C10423,Bracket CRS 14ga,bracket,crs,14ga,1,False,False,powder,white,False,False,False,False,False,False,2024-09-25,D,False
P-117655,C10814,Assembly CRS 18ga,assembly,crs,18ga,10,False,False,none,,False,False,False,False,False,False,2024-09-26,D,False
P-117660,C10138,Enclosure CRS 16ga,enclosure,crs,16ga,11,False,True,none,,False,False,False,False,True,False,2024-09-26,A,False
P-117663,C10400,Bracket CRS 18ga,bracket,crs,18ga,4,False,True,powder,white,False,False,False,False,False,False,2024-09-26,A,False
P-117668,C10006,Weldment Galvanneal 14ga,weldment,galvanneal,14ga,6,True,True,none,,False,False,False,False,False,False,2024-09-30,A,False
P-117674,C10096,Bracket Stainless 14ga,bracket,stainless,14ga,4,False,False,powder,white,False,False,False,False,False,False,2024-09-30,A,False
P-117675,C10024,Assembly CRS 12ga,assembly,crs,12ga,7,False,True,none,,False,False,False,False,False,False,2024-09-30,B,False
P-117677,C10019,Bracket Aluminum 18ga,bracket,aluminum,18ga,1,False,False,powder,gray,False,False,False,False,False,False,2024-10-01,B,False
P-117681,C10071,Assembly Stainless 18ga,assembly,stainless,18ga,4,True,True,none,,False,False,True,False,False,False,2024-09-30,A,False
P-117683,C10081,Bracket Galvanneal 12ga,bracket,galvanneal,12ga,4,False,True,none,,False,False,False,False,False,False,2024-10-01,A,False
P-117689,C10006,Weldment Stainless 16ga,weldment,stainless,16ga,8,True,True,plate,,True,False,False,False,False,False,2024-10-03,B,False
P-117695,C10235,Bracket CRS 16ga,bracket,crs,16ga,4,False,True,plate,,True,False,False,False,False,False,2024-10-03,A,False
P-117698,C12578,Chassis CRS 16ga,chassis,crs,16ga,7,True,False,powder,gray,False,False,False,False,False,False,2024-10-03,C,False
P-117701,C10096,Bracket Aluminum 20ga,bracket,aluminum,20ga,3,False,False,none,,False,False,False,False,False,False,2024-10-01,A,False
P-117706,C10096,Panel Aluminum 18ga,panel,aluminum,18ga,3,False,False,powder,black,False,False,False,False,False,False,2024-10-03,A,False
P-117713,C10826,Bracket CRS 14ga,bracket,crs,14ga,3,False,False,plate,,True,False,False,False,False,False,2024-10-03,A,False
P-117719,C11037,Bracket Aluminum 11ga,bracket,aluminum,11ga,4,False,False,none,,False,False,False,True,False,False,2024-10-02,C,False
P-117722,C12204,Panel CRS 14ga,panel,crs,14ga,3,False,False,powder,gray,False,False,False,False,False,True,2024-10-03,B,True
P-117729,C10081,Chassis Galvanneal 20ga,chassis,galvanneal,20ga,10,False,False,none,,False,False,False,False,False,False,2024-10-04,C,False
P-117730,C10006,Assembly CRS 16ga,assembly,crs,16ga,6,False,False,none,,False,False,False,False,False,False,2024-10-08,A,False
P-117734,C12462,Weldment Stainless 12ga,weldment,stainless,12ga,2,True,True,plate,,True,False,False,False,True,False,2024-10-04,A,False
P-117736,C10024,Chassis Galvanneal 11ga,chassis,galvanneal,11ga,12,False,False,plate,,True,False,False,False,False,False,2024-10-07,C,False
P-117742,C10151,Panel Galvanneal 18ga,panel,galvanneal,18ga,3,False,False,none,,False,False,False,False,False,False,2024-10-07,D,False
P-117750,C10200,Enclosure CRS 18ga,enclosure,crs,18ga,9,True,False,none,,False,False,False,False,False,False,2024-10-08,B,False
P-117753,C10081,Panel Galvanneal 0.125in,panel,galvanneal,0.125in,4,False,False,powder,black,False,False,False,False,True,True,2024-10-09,C,True
P-117759,C10081,Panel Stainless 20ga,panel,stainless,20ga,5,True,False,none,,False,False,False,False,False,False,2024-10-10,B,False
P-117762,C10071,Bracket CRS 16ga,bracket,crs,16ga,1,False,False,powder,gray,False,False,False,False,False,True,2024-10-14,A,False
P-117766,C10071,Assembly CRS 12ga,assembly,crs,12ga,10,True,False,powder,white,False,False,False,False,False,False,2024-10-14,B,False
P-117774,C12294,Enclosure CRS 18ga,enclosure,crs,18ga,9,True,False,powder,blue,False,False,False,False,False,False,2024-10-10,C,False
P-117780,C10081,Assembly CRS 16ga,assembly,crs,16ga,10,False,True,none,,False,False,False,False,False,False,2024-10-14,A,False
P-117781,C10006,Weldment CRS 16ga,weldment,crs,16ga,5,True,True,powder,white,False,False,True,False,False,False,2024-10-10,A,False
P-117786,C10096,Panel Stainless 18ga,panel,stainless,18ga,4,False,False,plate,,True,False,False,False,False,False,2024-10-10,A,False
P-117794,C10096,Chassis CRS 18ga,chassis,crs,18ga,9,False,False,plate,,True,False,False,False,False,True,2024-10-11,B,True
P-117800,C12488,Bracket CRS 14ga,bracket,crs,14ga,4,False,True,powder,gray,False,False,False,False,False,False,2024-10-14,B,False
P-117802,C10071,Enclosure Galvanneal 18ga,enclosure,galvanneal,18ga,10,False,False,powder,gray,False,False,False,False,False,True,2024-10-14,A,True
P-117806,C10071,Panel Galvanneal 16ga,panel,galvanneal,16ga,4,False,True,powder,beige,False,False,False,False,False,False,2024-10-14,A,False
P-117814,C10107,Bracket CRS 11ga,bracket,crs,11ga,4,False,True,powder,red,False,False,False,False,False,False,2024-10-14,C,False
P-117815,C10269,Enclosure Stainless 11ga,enclosure,stainless,11ga,7,True,False,none,,False,False,False,False,False,False,2024-10-14,B,False
P-117818,C10107,Chassis Galvanneal 20ga,chassis,galvanneal,20ga,9,True,True,powder,gray,False,False,False,False,False,False,2024-10-15,A,False
P-117819,C10784,Assembly CRS 0.250in,assembly,crs,0.250in,5,False,True,plate,,True,False,False,False,False,False,2024-10-16,A,False
P-117825,C10033,Enclosure CRS 18ga,enclosure,crs,18ga,7,True,True,none,,False,False,False,False,False,False,2024-10-17,D,False
P-117832,C10114,Bracket CRS 11ga,bracket,crs,11ga,1,False,False,powder,white,False,False,False,False,False,False,2024-10-16,A,False
P-117833,C12669,Bracket CRS 18ga,bracket,crs,18ga,1,False,False,none,,False,False,False,False,False,True,2024-10-16,A,True
P-117836,C10006,Weldment CRS 16ga,weldment,crs,16ga,5,True,True,powder,red,False,False,False,False,False,True,2024-10-17,C,True
P-117838,C10823,Chassis CRS 16ga,chassis,crs,16ga,6,False,False,none,,False,False,False,False,False,True,2024-10-16,B,False
P-117839,C10107,Assembly CRS 12ga,assembly,crs,12ga,8,False,True,none,,False,False,False,False,False,False,2024-10-17,D,False
P-117845,C10086,Enclosure Galvanneal 14ga,enclosure,galvanneal,14ga,8,True,False,none,,False,False,False,False,False,False,2024-10-16,B,False
P-117853,C10071,Enclosure CRS 0.125in,enclosure,crs,0.125in,13,False,False,none,,False,False,False,False,False,False,2024-10-17,A,False
P-117857,C10019,Bracket CRS 14ga,bracket,crs,14ga,1,False,False,plate,,True,False,True,False,False,False,2024-10-17,B,False
P-117860,C10102,Assembly CRS 11ga,assembly,crs,11ga,7,False,False,plate,,True,False,False,False,False,True,2024-10-18,D,True
P-117863,C10208,Panel Stainless 20ga,panel,stainless,20ga,2,False,True,plate,,True,False,False,False,False,False,2024-10-18,A,False
P-117870,C10019,Weldment CRS 16ga,weldment,crs,16ga,3,True,True,powder,white,False,False,False,False,False,False,2024-10-21,B,False
P-117871,C10006,Bracket Aluminum 12ga,bracket,aluminum,12ga,1,True,True,powder,beige,False,False,False,False,False,True,2024-10-21,A,True
P-117874,C10006,Panel Galvanneal 14ga,panel,galvanneal,14ga,6,False,True,powder,blue,False,False,False,False,False,False,2024-10-21,D,False
P-117877,C12333,Weldment CRS 16ga,weldment,crs,16ga,7,True,False,none,,False,False,False,False,False,False,2024-10-21,A,False
P-117881,C10376,Panel CRS 14ga,panel,crs,14ga,5,False,False,powder,black,False,False,False,False,False,True,2024-10-21,C,False
P-117887,C10053,Chassis Aluminum 18ga,chassis,aluminum,18ga,12,True,True,powder,blue,False,False,False,False,False,False,2024-10-22,B,False
P-117893,C10151,Weldment Galvanneal 18ga,weldment,galvanneal,18ga,7,True,True,powder,white,False,False,False,False,False,False,2024-10-23,D,False
P-117899,C11158,Weldment Stainless 14ga,weldment,stainless,14ga,5,True,False,powder,gray,False,False,False,False,False,False,2024-10-23,A,False
P-117903,C10006,Bracket Stainless 20ga,bracket,stainless,20ga,4,False,True,none,,False,False,False,False,True,False,2024-10-24,B,False
P-117910,C11269,Enclosure CRS 16ga,enclosure,crs,16ga,6,False,False,powder,beige,False,False,False,False,False,False,2024-10-24,A,False
P-117917,C10107,Panel CRS 12ga,panel,crs,12ga,5,False,True,powder,blue,False,False,False,False,False,True,2024-10-24,D,True
P-117922,C10081,Bracket Galvanneal 18ga,bracket,galvanneal,18ga,3,False,False,none,,False,False,False,False,False,True,2024-10-28,A,False
P-117929,C10011,Weldment Stainless 16ga,weldment,stainless,16ga,8,True,False,powder,black,False,False,False,True,False,False,2024-10-28,B,False
P-117933,C10308,Bracket CRS 16ga,bracket,crs,16ga,1,False,False,none,,False,False,False,False,False,False,2024-10-28,B,False
P-117938,C10400,Weldment Stainless 18ga,weldment,stainless,18ga,6,True,False,none,,False,False,False,False,False,False,2024-10-30,D,False
P-117942,C10081,Enclosure Galvanneal 12ga,enclosure,galvanneal,12ga,14,False,False,none,,False,False,False,False,True,True,2024-10-28,C,True
P-117944,C10081,Bracket Aluminum 14ga,bracket,aluminum,14ga,2,False,False,anodize,,False,True,False,False,False,False,2024-10-28,B,False
P-117951,C10086,Panel Stainless 14ga,panel,stainless,14ga,6,False,True,none,,False,False,False,False,False,False,2024-10-29,A,False
P-117957,C10071,Panel CRS 20ga,panel,crs,20ga,5,False,False,powder,blue,False,False,False,False,True,False,2024-10-30,D,False
P-117961,C12319,Panel Stainless 20ga,panel,stainless,20ga,6,False,False,powder,blue,False,False,False,False,True,False,2024-10-31,A,False
P-117969,C11984,Panel Galvanneal 0.125in,panel,galvanneal,0.125in,4,False,True,powder,gray,False,False,False,True,False,False,2024-10-30,B,False
P-117970,C10041,Weldment Stainless 18ga,weldment,stainless,18ga,3,True,True,powder,blue,False,False,False,False,False,False,2024-10-31,A,False
P-117971,C10102,Bracket Galvanneal 20ga,bracket,galvanneal,20ga,3,False,False,none,,False,False,False,False,False,False,2024-10-31,B,False
P-117972,C10132,Bracket CRS 16ga,bracket,crs,16ga,2,False,False,none,,False,False,False,False,False,False,2024-11-01,A,False
P-117974,C10071,Panel CRS 14ga,panel,crs,14ga,2,False,True,plate,,True,False,False,False,False,False,2024-11-04,C,False
P-117982,C12969,Enclosure CRS 18ga,enclosure,crs,18ga,6,True,False,none,,False,False,False,False,True,False,2024-11-04,A,False
P-117984,C10257,Panel CRS 18ga,panel,crs,18ga,4,False,False,powder,black,False,False,False,False,False,False,2024-11-08,D,False
P-117987,C10086,Panel CRS 0.250in,panel,crs,0.250in,6,True,True,plate,,True,False,False,False,False,False,2024-11-04,B,False
P-117989,C10151,Panel Galvanneal 14ga,panel,galvanneal,14ga,3,False,False,none,,False,False,False,False,False,False,2024-11-05,B,False
P-117994,C10024,Bracket CRS 12ga,bracket,crs,12ga,1,False,False,plate,,True,False,False,False,False,False,2024-11-05,C,False
P-118000,C10024,Bracket CRS 14ga,bracket,crs,14ga,1,False,False,plate,,True,False,True,False,False,False,2024-11-07,B,False
P-118007,C10006,Enclosure Aluminum 20ga,enclosure,aluminum,20ga,6,True,True,none,,False,False,False,False,False,False,2024-11-08,B,False
P-118014,C10081,Panel CRS 20ga,panel,crs,20ga,5,False,False,powder,white,False,False,False,False,False,False,2024-11-11,B,False
P-118015,C10006,Weldment Aluminum 12ga,weldment,aluminum,12ga,6,True,True,powder,gray,False,False,False,False,False,False,2024-11-08,B,False
P-118021,C10011,Panel CRS 16ga,panel,crs,16ga,5,False,True,plate,,True,False,False,False,False,False,2024-11-13,C,False
P-118027,C10096,Weldment CRS 14ga,weldment,crs,14ga,7,True,False,powder,black,False,False,False,False,False,False,2024-11-13,C,False
P-118029,C10006,Chassis Stainless 14ga,chassis,stainless,14ga,5,False,False,powder,blue,False,False,False,False,False,False,2024-11-12,A,False
P-118033,C10144,Enclosure Stainless 16ga,enclosure,stainless,16ga,12,True,True,powder,red,False,False,False,False,False,False,2024-11-13,D,False
P-118034,C10071,Bracket CRS 12ga,bracket,crs,12ga,2,False,True,powder,blue,False,False,False,False,True,False,2024-11-13,B,False
P-118039,C11142,Assembly Aluminum 14ga,assembly,aluminum,14ga,5,True,False,none,,False,False,False,False,False,False,2024-11-13,A,False
P-118046,C10006,Chassis CRS 12ga,chassis,crs,12ga,12,False,False,powder,blue,False,False,False,False,False,False,2024-11-13,A,False
P-118047,C11046,Chassis CRS 16ga,chassis,crs,16ga,5,False,False,plate,,True,False,True,True,False,False,2024-11-13,A,False
P-118051,C10286,Chassis Stainless 18ga,chassis,stainless,18ga,5,True,False,powder,black,False,False,False,False,False,False,2024-11-14,A,False
P-118057,C10096,Bracket CRS 16ga,bracket,crs,16ga,3,False,False,none,,False,False,False,False,False,True,2024-11-14,C,True
P-118059,C10380,Weldment Galvanneal 20ga,weldment,galvanneal,20ga,8,True,True,none,,False,False,False,False,False,False,2024-11-15,B,False
P-118063,C10138,Enclosure Galvanneal 11ga,enclosure,galvanneal,11ga,10,True,False,none,,False,False,False,False,True,False,2024-11-21,D,False
P-118070,C10086,Weldment Stainless 20ga,weldment,stainless,20ga,7,True,False,plate,,True,False,False,False,False,False,2024-11-15,D,False
P-118074,C10071,Bracket Aluminum 0.125in,bracket,aluminum,0.125in,1,False,False,powder,black,False,False,False,False,False,False,2024-11-19,A,False
P-118079,C10595,Chassis Aluminum 20ga,chassis,aluminum,20ga,10,False,False,none,,False,False,False,False,False,False,2024-11-18,D,False
P-118080,C10297,Weldment Stainless 14ga,weldment,stainless,14ga,5,True,True,none,,False,False,False,True,False,False,2024-11-15,C,False
P-118086,C10616,Bracket Aluminum 18ga,bracket,aluminum,18ga,4,False,True,none,,False,False,False,False,False,False,2024-11-15,C,False
P-118088,C10102,Bracket Stainless 20ga,bracket,stainless,20ga,2,False,True,plate,,True,False,False,False,False,False,2024-11-22,A,False
P-118093,C10071,Bracket Galvanneal 11ga,bracket,galvanneal,11ga,1,False,True,powder,gray,False,False,False,False,False,False,2024-11-18,B,False
P-118097,C10071,Panel Stainless 18ga,panel,stainless,18ga,5,False,True,powder,white,False,False,False,False,False,False,2024-11-20,A,False
P-118101,C10024,Assembly Stainless 16ga,assembly,stainless,16ga,3,True,False,none,,False,False,False,False,False,False,2024-11-19,B,False
P-118108,C10217,Weldment CRS 14ga,weldment,crs,14ga,3,True,False,powder,red,False,False,False,False,True,True,2024-11-20,A,True
P-118112,C10144,Weldment CRS 14ga,weldment,crs,14ga,4,True,True,none,,False,False,False,False,False,False,2024-11-20,C,False
P-118113,C10096,Enclosure Aluminum 16ga,enclosure,aluminum,16ga,7,True,False,anodize,,False,True,False,False,False,True,2024-11-19,B,True
P-118116,C10529,Weldment CRS 18ga,weldment,crs,18ga,6,True,False,plate,,True,False,True,False,False,False,2024-11-21,A,False
P-118117,C10019,Chassis Stainless 16ga,chassis,stainless,16ga,7,True,False,powder,gray,False,False,False,False,False,False,2024-11-21,B,False
P-118122,C10019,Panel CRS 14ga,panel,crs,14ga,3,False,False,powder,beige,False,False,False,False,False,False,2024-11-20,C,False
P-118130,C10304,Panel CRS 12ga,panel,crs,12ga,4,False,True,powder,gray,False,False,False,False,False,False,2024-11-25,A,False
P-118137,C12287,Bracket Galvanneal 12ga,bracket,galvanneal,12ga,3,False,True,powder,beige,False,False,False,False,False,False,2024-11-22,B,False
P-118143,C10071,Chassis CRS 0.250in,chassis,crs,0.250in,8,True,True,none,,False,False,False,False,False,False,2024-11-21,B,False
P-118145,C10081,Bracket Stainless 20ga,bracket,stainless,20ga,4,False,True,powder,black,False,False,False,False,True,False,2024-11-25,A,False
P-118149,C10159,Assembly Stainless 12ga,assembly,stainless,12ga,6,False,False,none,,False,False,False,False,True,False,2024-11-26,B,False
P-118150,C10041,Weldment CRS 16ga,weldment,crs,16ga,3,True,False,none,,False,False,False,False,False,False,2024-11-25,D,False
P-118152,C10081,Panel CRS 18ga,panel,crs,18ga,6,False,True,none,,False,False,False,False,False,False,2024-11-22,A,False
P-118155,C11412,Enclosure CRS 18ga,enclosure,crs,18ga,13,True,False,none,,False,False,False,False,False,False,2024-11-22,B,False
P-118161,C10107,Panel CRS 16ga,panel,crs,16ga,4,False,False,powder,beige,False,False,False,False,False,False,2024-11-22,B,False
P-118169,C10006,Bracket CRS 16ga,bracket,crs,16ga,4,False,True,none,,False,False,False,False,False,True,2024-11-26,B,True
P-118172,C10144,Weldment Stainless 16ga,weldment,stainless,16ga,8,True,False,none,,False,False,False,False,False,False,2024-11-25,A,False
P-118175,C10745,Weldment Aluminum 20ga,weldment,aluminum,20ga,2,True,True,powder,gray,False,False,False,False,False,False,2024-11-26,A,False
P-118183,C10102,Enclosure CRS 11ga,enclosure,crs,11ga,13,True,True,none,,False,False,False,False,False,False,2024-11-26,D,False
P-118191,C12096,Bracket Galvanneal 11ga,bracket,galvanneal,11ga,1,False,True,none,,False,False,True,False,False,False,2024-11-26,C,False
P-118198,C10161,Bracket CRS 18ga,bracket,crs,18ga,1,False,True,none,,False,False,False,False,False,False,2024-11-26,B,False
P-118201,C10107,Enclosure CRS 20ga,enclosure,crs,20ga,11,True,False,powder,white,False,False,False,False,False,False,2024-11-27,A,False
P-118205,C10006,Bracket Galvanneal 16ga,bracket,galvanneal,16ga,3,True,False,none,,False,False,False,False,False,False,2024-11-27,C,False
P-118208,C10071,Assembly CRS 14ga,assembly,crs,14ga,4,True,True,powder,black,False,False,False,False,False,False,2024-11-26,A,False
P-118211,C10006,Bracket Aluminum 14ga,bracket,aluminum,14ga,1,False,True,powder,red,False,False,True,False,False,False,2024-12-02,A,False
P-118219,C10081,Panel Galvanneal 16ga,panel,galvanneal,16ga,3,False,True,plate,,True,False,False,False,False,False,2024-12-02,A,False
P-118221,C10138,Enclosure CRS 14ga,enclosure,crs,14ga,11,False,False,powder,white,False,False,False,False,False,True,2024-12-05,B,True
P-118226,C10071,Bracket Aluminum 18ga,bracket,aluminum,18ga,1,False,True,powder,gray,False,False,False,False,False,False,2024-12-05,A,False
P-118228,C10138,Weldment CRS 18ga,weldment,crs,18ga,8,True,False,powder,gray,False,False,False,False,True,False,2024-12-04,A,False
P-118234,C10041,Assembly CRS 20ga,assembly,crs,20ga,10,False,True,none,,False,False,False,False,True,False,2024-12-05,B,False
P-118235,C10006,Weldment Aluminum 0.125in,weldment,aluminum,0.125in,3,True,False,powder,beige,False,False,False,True,False,False,2024-12-04,B,False
P-118240,C10006,Bracket CRS 16ga,bracket,crs,16ga,2,False,True,powder,gray,False,False,False,False,False,False,2024-12-06,B,False
P-118247,C10081,Bracket Aluminum 18ga,bracket,aluminum,18ga,2,False,False,powder,gray,False,False,False,False,False,False,2024-12-05,A,False
P-118251,C10041,Panel CRS 0.250in,panel,crs,0.250in,5,False,True,none,,False,False,False,False,False,False,2024-12-06,A,False
P-118255,C10042,Enclosure Aluminum 11ga,enclosure,aluminum,11ga,10,False,True,none,,False,False,False,False,False,False,2024-12-05,B,False
P-118256,C10006,Bracket CRS 11ga,bracket,crs,11ga,3,False,True,powder,white,False,False,False,False,False,False,2024-12-05,B,False
P-118264,C10033,Enclosure Stainless 12ga,enclosure,stainless,12ga,9,True,True,none,,False,False,True,False,False,False,2024-12-06,D,False
P-118266,C10107,Enclosure Stainless 16ga,enclosure,stainless,16ga,11,False,False,powder,beige,False,False,False,False,False,False,2024-12-05,B,False
P-118267,C10071,Panel CRS 14ga,panel,crs,14ga,6,False,False,none,,False,False,False,False,False,True,2024-12-05,D,False
P-118274,C10529,Bracket CRS 18ga,bracket,crs,18ga,2,False,False,none,,False,False,False,False,False,False,2024-12-09,B,False
P-118282,C10954,Bracket CRS 18ga,bracket,crs,18ga,4,False,True,none,,False,False,False,False,False,False,2024-12-06,C,False
P-118287,C10102,Assembly CRS 14ga,assembly,crs,14ga,7,True,False,plate,,True,False,False,False,False,False,2024-12-09,D,False
P-118291,C11086,Chassis Galvanneal 20ga,chassis,galvanneal,20ga,6,False,False,plate,,True,False,False,False,False,True,2024-12-09,A,True
P-118296,C10950,Weldment CRS 14ga,weldment,crs,14ga,6,True,False,powder,black,False,False,False,False,False,False,2024-12-10,B,True
P-118300,C10215,Bracket CRS 14ga,bracket,crs,14ga,2,False,False,none,,False,False,False,False,False,False,2024-12-09,B,True
P-118304,C10440,Panel Galvanneal 12ga,panel,galvanneal,12ga,5,False,True,none,,False,False,False,False,False,False,2024-12-10,A,False
P-118311,C10006,Weldment Stainless 20ga,weldment,stainless,20ga,3,True,True,powder,beige,False,False,False,False,False,False,2024-12-11,B,True
P-118316,C10864,Bracket CRS 14ga,bracket,crs,14ga,3,False,True,powder,gray,False,False,False,False,False,False,2024-12-10,B,True
P-118317,C10071,Panel CRS 20ga,panel,crs,20ga,2,False,True,none,,False,False,False,False,False,False,2024-12-11,D,False
P-118320,C10033,Bracket Aluminum 0.125in,bracket,aluminum,0.125in,2,False,True,powder,black,False,False,False,False,False,True,2024-12-11,B,True
P-118324,C11029,Assembly CRS 12ga,assembly,crs,12ga,7,True,False,plate,,True,False,False,False,False,False,2024-12-11,B,True
P-118329,C10033,Assembly Aluminum 20ga,assembly,aluminum,20ga,5,False,False,none,,False,False,False,False,False,False,2024-12-12,A,True
P-118330,C10071,Panel Aluminum 14ga,panel,aluminum,14ga,5,False,False,anodize,,False,True,False,False,False,False,2024-12-12,A,True
P-118337,C10024,Panel Aluminum 18ga,panel,aluminum,18ga,3,False,False,powder,black,False,False,False,False,False,False,2024-12-16,A,False
P-118345,C12051,Chassis Galvanneal 0.250in,chassis,galvanneal,0.250in,7,False,True,none,,False,False,False,False,False,False,2024-12-13,B,False
P-118347,C10019,Enclosure Galvanneal 16ga,enclosure,galvanneal,16ga,8,True,True,powder,black,False,False,False,False,False,False,2024-12-16,A,False
P-118353,C10006,Bracket Stainless 12ga,bracket,stainless,12ga,2,False,True,powder,gray,False,False,False,False,False,False,2024-12-13,C,True
P-118360,C10081,Panel Stainless 0.125in,panel,stainless,0.125in,2,False,False,none,,False,False,True,False,False,False,2024-12-18,A,True
P-118361,C10423,Enclosure CRS 20ga,enclosure,crs,20ga,6,False,False,none,,False,False,False,False,False,False,2024-12-17,C,True
P-118368,C10081,Panel Aluminum 14ga,panel,aluminum,14ga,6,False,False,none,,False,False,False,False,False,False,2024-12-16,B,True
P-118369,C10138,Chassis CRS 16ga,chassis,crs,16ga,9,True,True,none,,False,False,False,False,False,False,2024-12-19,C,True
P-118375,C10114,Panel CRS 0.250in,panel,crs,0.250in,4,False,False,powder,black,False,False,False,False,False,True,2024-12-16,A,True
P-118377,C10006,Bracket CRS 20ga,bracket,crs,20ga,2,False,False,plate,,True,False,False,False,False,False,2024-12-16,B,False
P-118385,C10081,Enclosure Stainless 16ga,enclosure,stainless,16ga,6,True,False,powder,beige,False,False,False,False,True,False,2024-12-18,A,True
P-118387,C10071,Bracket Galvanneal 18ga,bracket,galvanneal,18ga,2,False,True,plate,,True,False,False,False,False,False,2024-12-19,B,True
P-118392,C10123,Bracket Stainless 0.125in,bracket,stainless,0.125in,3,False,False,plate,,True,False,False,False,False,False,2025-01-06,D,True
P-118399,C10102,Enclosure Aluminum 14ga,enclosure,aluminum,14ga,14,False,True,powder,white,False,False,False,False,True,False,2024-12-20,A,True
P-118403,C10071,Weldment CRS 16ga,weldment,crs,16ga,8,True,False,powder,beige,False,False,True,False,False,False,2024-12-20,A,True
P-118404,C10096,Bracket CRS 16ga,bracket,crs,16ga,3,False,False,plate,,True,False,False,False,False,False,2025-01-02,B,True
P-118410,C11029,Panel Aluminum 14ga,panel,aluminum,14ga,4,False,True,anodize,,False,True,False,False,False,False,2025-01-02,A,True
P-118415,C10365,Panel Stainless 14ga,panel,stainless,14ga,2,False,False,none,,False,False,False,False,False,False,2025-01-03,A,True
P-118418,C10144,Bracket Stainless 18ga,bracket,stainless,18ga,4,False,True,plate,,True,False,False,False,False,False,2025-01-02,B,True
P-118421,C10081,Assembly Aluminum 14ga,assembly,aluminum,14ga,3,True,True,powder,black,False,False,False,False,False,False,2025-01-02,A,True
P-118429,C10019,Enclosure Galvanneal 14ga,enclosure,galvanneal,14ga,7,True,False,none,,False,False,False,False,False,False,2025-01-06,A,True
P-118437,C10071,Bracket CRS 18ga,bracket,crs,18ga,4,False,False,powder,white,False,False,False,False,False,False,2025-01-03,B,True
P-118439,C10107,Chassis Stainless 18ga,chassis,stainless,18ga,9,True,True,none,,False,False,False,False,False,False,2025-01-03,B,True
P-118441,C10102,Chassis CRS 12ga,chassis,crs,12ga,7,True,True,none,,False,False,False,False,False,True,2025-01-03,C,True
P-118447,C10173,Chassis CRS 11ga,chassis,crs,11ga,10,False,False,none,,False,False,False,False,False,False,2025-01-03,A,True
P-118451,C12953,Assembly Aluminum 16ga,assembly,aluminum,16ga,7,True,False,powder,black,False,False,False,False,False,False,2025-01-07,B,True
P-118453,C10081,Bracket Stainless 16ga,bracket,stainless,16ga,2,False,False,none,,False,False,False,False,False,True,2025-01-06,A,True
P-118460,C10006,Assembly CRS 14ga,assembly,crs,14ga,3,False,False,powder,gray,False,False,False,False,False,False,2025-01-07,A,True
P-118463,C10071,Panel Aluminum 14ga,panel,aluminum,14ga,4,False,False,powder,black,False,False,False,False,False,True,2025-01-06,C,True
P-118465,C10060,Panel Stainless 20ga,panel,stainless,20ga,3,False,True,plate,,True,False,False,False,True,True,2025-01-09,D,True
P-118469,C10081,Weldment Galvanneal 0.250in,weldment,galvanneal,0.250in,8,True,False,powder,gray,False,False,False,False,False,False,2025-01-07,A,True
P-118473,C10006,Weldment Aluminum 14ga,weldment,aluminum,14ga,3,True,False,powder,black,False,False,False,False,False,True,2025-01-09,B,True
P-118474,C10071,Bracket Galvanneal 16ga,bracket,galvanneal,16ga,4,False,True,powder,black,False,False,False,False,False,False,2025-01-08,A,True
P-118480,C10006,Bracket Galvanneal 16ga,bracket,galvanneal,16ga,2,False,True,powder,black,False,False,True,False,False,False,2025-01-10,C,True
P-118481,C10033,Bracket Galvanneal 18ga,bracket,galvanneal,18ga,3,False,False,plate,,True,False,False,False,False,False,2025-01-10,A,True
P-118487,C10107,Bracket CRS 12ga,bracket,crs,12ga,3,False,True,plate,,True,False,False,False,False,False,2025-01-14,A,True
P-118494,C10053,Panel Aluminum 16ga,panel,aluminum,16ga,5,False,False,anodize,,False,True,False,False,False,False,2025-01-14,A,True
P-118495,C10006,Bracket CRS 20ga,bracket,crs,20ga,1,False,False,powder,gray,False,False,False,False,False,True,2025-01-14,B,True
P-118502,C10081,Panel CRS 16ga,panel,crs,16ga,4,False,False,none,,False,False,False,False,False,False,2025-01-14,C,True
P-118504,C12794,Enclosure Aluminum 20ga,enclosure,aluminum,20ga,8,True,True,none,,False,False,False,False,False,False,2025-01-15,B,True
P-118509,C10086,Chassis Galvanneal 18ga,chassis,galvanneal,18ga,6,False,True,powder,beige,False,False,False,False,False,False,2025-01-16,A,False
P-118517,C10132,Enclosure CRS 18ga,enclosure,crs,18ga,6,False,True,powder,blue,False,False,False,False,False,False,2025-01-16,C,True
P-118525,C10114,Bracket Aluminum 0.125in,bracket,aluminum,0.125in,1,False,False,anodize,,False,True,False,False,False,False,2025-01-16,C,True
P-118527,C10019,Assembly Galvanneal 14ga,assembly,galvanneal,14ga,7,True,False,plate,,True,False,False,False,False,False,2025-01-17,A,True
P-118534,C10390,Bracket CRS 12ga,bracket,crs,12ga,2,False,False,none,,False,False,False,False,False,False,2025-01-21,C,True
P-118536,C10361,Bracket CRS 14ga,bracket,crs,14ga,2,False,False,powder,gray,False,False,False,False,True,True,2025-01-21,A,True
P-118542,C10081,Panel CRS 0.250in,panel,crs,0.250in,3,False,True,powder,black,False,False,False,False,False,False,2025-01-22,A,True
P-118546,C10544,Enclosure Stainless 14ga,enclosure,stainless,14ga,11,True,False,none,,False,False,False,False,True,True,2025-01-23,C,True
P-118548,C10132,Bracket Aluminum 20ga,bracket,aluminum,20ga,2,False,False,none,,False,False,False,False,False,False,2025-01-22,B,True
P-118552,C10144,Panel Aluminum 14ga,panel,aluminum,14ga,3,False,False,powder,black,False,False,False,False,False,False,2025-01-24,A,True
P-118553,C10081,Enclosure CRS 14ga,enclosure,crs,14ga,10,True,False,powder,beige,False,False,False,False,False,False,2025-01-23,D,True
P-118559,C11646,Assembly Galvanneal 0.125in,assembly,galvanneal,0.125in,6,True,True,powder,gray,False,False,False,False,False,False,2025-01-22,C,True
P-118565,C10086,Panel Aluminum 20ga,panel,aluminum,20ga,6,False,False,anodize,,False,True,False,False,False,False,2025-01-23,A,True
P-118570,C10011,Assembly CRS 18ga,assembly,crs,18ga,8,False,True,none,,False,False,True,False,False,True,2025-01-24,A,True
P-118575,C10024,Assembly Galvanneal 12ga,assembly,galvanneal,12ga,8,False,False,none,,False,False,False,False,False,False,2025-01-24,A,False
P-118582,C10006,Weldment Aluminum 16ga,weldment,aluminum,16ga,3,True,False,powder,black,False,False,False,False,False,False,2025-01-27,D,True
P-118588,C10006,Bracket Galvanneal 20ga,bracket,galvanneal,20ga,4,False,True,powder,black,False,False,False,False,False,False,2025-01-24,D,True
P-118590,C10269,Enclosure Galvanneal 16ga,enclosure,galvanneal,16ga,9,True,True,powder,blue,False,False,False,False,True,False,2025-01-29,B,True
P-118597,C10011,Bracket CRS 0.125in,bracket,crs,0.125in,4,False,True,powder,black,False,False,False,False,False,True,2025-01-29,B,True
P-118603,C10659,Bracket Stainless 14ga,bracket,stainless,14ga,2,False,True,powder,black,False,False,False,False,False,False,2025-01-29,A,True
P-118606,C10006,Weldment CRS 0.250in,weldment,crs,0.250in,7,True,False,powder,white,False,False,False,False,False,False,2025-01-30,B,True
P-118614,C10042,Chassis Galvanneal 20ga,chassis,galvanneal,20ga,8,False,False,none,,False,False,False,False,False,False,2025-01-30,A,True
P-118619,C10019,Weldment Galvanneal 18ga,weldment,galvanneal,18ga,4,True,False,powder,blue,False,False,False,False,False,False,2025-02-05,D,True
P-118626,C10081,Bracket Stainless 14ga,bracket,stainless,14ga,4,False,True,plate,,True,False,False,False,False,False,2025-01-30,A,True
P-118628,C10019,Enclosure Stainless 18ga,enclosure,stainless,18ga,13,True,True,none,,False,False,False,False,False,False,2025-01-30,A,True
P-118629,C10081,Bracket Stainless 11ga,bracket,stainless,11ga,4,False,True,powder,black,False,False,False,False,False,False,2025-02-03,A,True
P-118631,C10235,Enclosure Stainless 20ga,enclosure,stainless,20ga,8,True,False,powder,black,False,False,False,False,False,False,2025-02-05,A,True
P-118633,C11315,Bracket Aluminum 16ga,bracket,aluminum,16ga,3,False,True,powder,black,False,False,False,False,False,False,2025-02-05,A,True
P-118641,C10071,Panel Galvanneal 16ga,panel,galvanneal,16ga,2,False,True,none,,False,False,False,False,False,False,2025-02-05,C,True
P-118649,C10006,Chassis CRS 16ga,chassis,crs,16ga,8,False,False,none,,False,False,False,False,True,False,2025-02-06,A,True
P-118656,C13025,Bracket Galvanneal 12ga,bracket,galvanneal,12ga,4,True,True,none,,False,False,False,False,True,False,2025-02-06,B,True
P-118660,C12319,Weldment CRS 18ga,weldment,crs,18ga,3,True,False,plate,,True,False,False,False,True,False,2025-02-06,C,True
P-118667,C10159,Bracket CRS 16ga,bracket,crs,16ga,2,False,False,powder,gray,False,False,False,False,False,False,2025-02-07,A,True
P-118670,C10006,Panel Stainless 20ga,panel,stainless,20ga,6,False,True,powder,black,False,False,False,False,False,False,2025-02-07,A,True
P-118678,C10159,Weldment Stainless 12ga,weldment,stainless,12ga,6,True,True,none,,False,False,False,False,False,False,2025-02-07,A,True
P-118680,C10217,Assembly CRS 16ga,assembly,crs,16ga,4,False,False,powder,black,False,False,False,False,False,False,2025-02-07,B,True
P-118685,C10033,Weldment Stainless 14ga,weldment,stainless,14ga,2,True,False,plate,,True,False,False,False,False,False,2025-02-10,A,True
P-118687,C10114,Weldment CRS 14ga,weldment,crs,14ga,6,True,True,plate,,True,False,False,False,True,False,2025-02-07,A,True
P-118695,C10071,Bracket Galvanneal 0.250in,bracket,galvanneal,0.250in,4,False,False,none,,False,False,False,False,False,False,2025-02-12,A,True
P-118699,C10041,Panel CRS 16ga,panel,crs,16ga,5,False,True,powder,blue,False,False,False,False,True,False,2025-02-10,A,True
P-118706,C10151,Panel CRS 16ga,panel,crs,16ga,5,False,False,none,,False,False,False,False,False,False,2025-02-10,B,True
P-118709,C11463,Chassis Stainless 12ga,chassis,stainless,12ga,7,False,False,none,,False,False,False,False,True,False,2025-02-11,B,True
P-118714,C10161,Chassis Aluminum 18ga,chassis,aluminum,18ga,8,True,False,none,,False,False,False,False,False,False,2025-02-11,C,True
P-118716,C10081,Chassis CRS 16ga,chassis,crs,16ga,6,False,True,powder,black,False,False,False,False,False,False,2025-02-12,C,True
P-118717,C10208,Enclosure CRS 20ga,enclosure,crs,20ga,8,False,True,powder,gray,False,False,False,False,False,False,2025-02-11,B,True
P-118725,C10217,Panel CRS 12ga,panel,crs,12ga,5,False,False,powder,blue,False,False,False,False,False,False,2025-02-12,A,True
P-118728,C10173,Bracket CRS 18ga,bracket,crs,18ga,1,False,False,none,,False,False,False,False,True,True,2025-02-11,A,True
P-118734,C10186,Assembly CRS 18ga,assembly,crs,18ga,10,False,True,none,,False,False,False,False,False,False,2025-02-11,A,True
P-118735,C10102,Bracket Aluminum 12ga,bracket,aluminum,12ga,4,False,True,none,,False,False,False,False,False,False,2025-02-11,B,True
P-118737,C10102,Panel CRS 14ga,panel,crs,14ga,4,False,False,none,,False,False,False,False,False,False,2025-02-13,A,True
P-118743,C10096,Bracket Galvanneal 14ga,bracket,galvanneal,14ga,3,False,False,none,,False,False,False,False,False,False,2025-02-14,B,False
P-118751,C10006,Bracket Aluminum 0.250in,bracket,aluminum,0.250in,1,False,True,anodize,,False,True,False,False,False,False,2025-02-13,B,True
P-118758,C10011,Bracket Stainless 14ga,bracket,stainless,14ga,2,False,True,powder,white,False,False,False,False,False,False,2025-02-14,A,True
P-118764,C10019,Panel CRS 11ga,panel,crs,11ga,6,False,True,powder,black,False,False,False,False,False,False,2025-02-14,B,True
P-118768,C10138,Panel Stainless 18ga,panel,stainless,18ga,4,False,True,none,,False,False,False,False,False,False,2025-02-17,B,True
P-118772,C10006,Assembly Galvanneal 0.250in,assembly,galvanneal,0.250in,9,True,False,none,,False,False,False,False,False,False,2025-02-18,D,True
P-118776,C11463,Bracket CRS 18ga,bracket,crs,18ga,4,False,False,none,,False,False,False,False,False,False,2025-02-18,A,True
P-118780,C10006,Chassis CRS 18ga,chassis,crs,18ga,11,False,False,powder,beige,False,False,False,False,False,False,2025-02-20,B,True
P-118787,C10276,Chassis Stainless 14ga,chassis,stainless,14ga,7,False,False,powder,red,False,False,False,False,False,False,2025-02-20,A,True
P-118791,C10006,Bracket CRS 18ga,bracket,crs,18ga,4,False,True,powder,blue,False,False,False,False,False,True,2025-02-19,A,True
P-118794,C10102,Bracket Stainless 0.125in,bracket,stainless,0.125in,3,False,False,powder,red,False,False,False,False,False,False,2025-02-19,A,True
P-118799,C10456,Assembly Galvanneal 18ga,assembly,galvanneal,18ga,7,False,True,none,,False,False,False,False,False,False,2025-02-20,A,True
P-118806,C10071,Panel Stainless 11ga,panel,stainless,11ga,5,False,False,none,,False,False,False,False,False,False,2025-02-20,A,True
P-118809,C10081,Weldment CRS 12ga,weldment,crs,12ga,6,True,False,none,,False,False,False,False,True,True,2025-02-24,A,True
P-118816,C10081,Weldment CRS 14ga,weldment,crs,14ga,3,True,False,powder,black,False,False,False,False,False,True,2025-02-26,B,True
P-118819,C10669,Panel CRS 12ga,panel,crs,12ga,2,False,True,powder,white,False,False,False,False,False,True,2025-02-27,B,True
P-118821,C10006,Bracket CRS 16ga,bracket,crs,16ga,3,False,False,powder,white,False,False,False,False,False,True,2025-02-26,B,True
P-118827,C10173,Bracket CRS 18ga,bracket,crs,18ga,3,False,False,powder,black,False,False,False,False,False,False,2025-02-27,A,True
P-118832,C10235,Panel CRS 16ga,panel,crs,16ga,2,False,True,none,,False,False,False,False,True,False,2025-02-28,A,True
P-118835,C11480,Enclosure Stainless 16ga,enclosure,stainless,16ga,13,False,True,powder,black,False,False,False,False,True,False,2025-02-28,A,True
P-118843,C11019,Weldment Stainless 20ga,weldment,stainless,20ga,7,True,True,plate,,True,False,False,False,False,False,2025-03-03,A,True
P-118848,C10071,Bracket CRS 14ga,bracket,crs,14ga,3,False,False,plate,,True,False,False,False,False,False,2025-02-28,D,True
P-118852,C10186,Chassis CRS 16ga,chassis,crs,16ga,9,False,False,none,,False,False,False,False,False,False,2025-02-28,B,True
P-118855,C10409,Assembly CRS 12ga,assembly,crs,12ga,6,True,True,powder,red,False,False,False,False,False,False,2025-03-03,A,True
P-118856,C10006,Bracket CRS 18ga,bracket,crs,18ga,4,False,True,powder,white,False,False,False,False,False,False,2025-03-05,A,True
P-118862,C10269,Bracket Galvanneal 12ga,bracket,galvanneal,12ga,3,False,False,powder,beige,False,False,False,False,False,False,2025-03-04,B,True
P-118869,C10173,Weldment CRS 20ga,weldment,crs,20ga,7,True,False,none,,False,False,False,False,False,False,2025-03-05,A,True
P-118874,C10784,Bracket CRS 20ga,bracket,crs,20ga,2,False,False,none,,False,False,False,False,False,True,2025-03-07,D,True
P-118878,C10738,Bracket CRS 12ga,bracket,crs,12ga,2,True,True,none,,False,False,False,False,False,False,2025-03-06,A,False
P-118882,C10086,Enclosure CRS 14ga,enclosure,crs,14ga,13,False,True,none,,False,False,False,False,False,False,2025-03-05,A,True
P-118887,C13043,Enclosure CRS 14ga,enclosure,crs,14ga,10,False,True,plate,,True,False,False,False,False,False,2025-03-06,A,True
P-118892,C10144,Bracket Aluminum 16ga,bracket,aluminum,16ga,2,False,True,anodize,,False,True,False,False,False,False,2025-03-07,A,True
P-118893,C10107,Bracket Galvanneal 12ga,bracket,galvanneal,12ga,1,False,False,powder,black,False,False,False,False,False,False,2025-03-10,D,True
P-118897,C10878,Panel CRS 18ga,panel,crs,18ga,4,False,False,none,,False,False,False,False,False,False,2025-03-11,A,True
P-118899,C10042,Bracket CRS 11ga,bracket,crs,11ga,2,False,False,none,,False,False,False,False,False,False,2025-03-10,C,True
P-118906,C10096,Bracket CRS 16ga,bracket,crs,16ga,1,False,True,none,,False,False,False,False,False,True,2025-03-11,A,True
P-118908,C10707,Bracket Aluminum 16ga,bracket,aluminum,16ga,3,True,True,none,,False,False,False,False,False,False,2025-03-14,C,True
P-118913,C10081,Bracket CRS 20ga,bracket,crs,20ga,4,False,False,plate,,True,False,False,False,False,False,2025-03-12,A,True
P-118914,C10071,Bracket CRS 16ga,bracket,crs,16ga,3,False,True,powder,red,False,False,False,False,False,False,2025-03-13,D,True
P-118922,C10430,Bracket Aluminum 16ga,bracket,aluminum,16ga,3,False,True,powder,white,False,False,False,False,False,False,2025-03-13,B,True
P-118930,C10071,Chassis Stainless 18ga,chassis,stainless,18ga,11,True,True,powder,gray,False,False,False,False,False,False,2025-03-18,A,True
P-118936,C10096,Panel CRS 14ga,panel,crs,14ga,5,False,True,powder,red,False,False,False,False,False,True,2025-03-14,A,True
P-118943,C10096,Weldment CRS 11ga,weldment,crs,11ga,5,True,False,powder,white,False,False,False,False,False,False,2025-03-19,A,True
P-118949,C10096,Bracket Stainless 18ga,bracket,stainless,18ga,4,False,False,none,,False,False,False,False,False,False,2025-03-19,A,True
P-118957,C11875,Panel CRS 16ga,panel,crs,16ga,5,False,True,none,,False,False,False,False,False,True,2025-03-18,D,True
P-118965,C10071,Assembly Stainless 14ga,assembly,stainless,14ga,8,False,False,powder,beige,False,False,False,False,False,False,2025-03-19,B,True
P-118969,C10081,Bracket CRS 0.125in,bracket,crs,0.125in,1,False,True,powder,blue,False,False,False,False,False,False,2025-03-18,A,True
P-118970,C10114,Panel Aluminum 20ga,panel,aluminum,20ga,3,False,True,none,,False,False,False,False,False,False,2025-03-18,B,True
P-118978,C10024,Weldment CRS 14ga,weldment,crs,14ga,3,True,False,none,,False,False,False,False,False,False,2025-03-19,A,True
P-118981,C10006,Panel CRS 16ga,panel,crs,16ga,3,False,False,powder,black,False,False,False,False,False,False,2025-03-19,B,False
P-118984,C10006,Assembly CRS 18ga,assembly,crs,18ga,3,True,False,powder,blue,False,False,False,False,False,False,2025-03-21,B,True
P-118990,C10107,Enclosure Stainless 14ga,enclosure,stainless,14ga,12,True,False,none,,False,False,False,False,False,False,2025-03-21,A,True
P-118991,C10086,Bracket CRS 11ga,bracket,crs,11ga,2,False,True,powder,white,False,False,False,False,False,False,2025-03-21,A,True
P-118992,C10138,Bracket Stainless 16ga,bracket,stainless,16ga,1,False,False,none,,False,False,False,False,False,False,2025-03-24,B,True
P-119000,C11112,Enclosure Aluminum 16ga,enclosure,aluminum,16ga,7,False,False,none,,False,False,False,False,False,False,2025-03-25,C,True
P-119003,C10081,Bracket Aluminum 20ga,bracket,aluminum,20ga,4,False,True,none,,False,False,False,False,False,False,2025-03-25,A,True
P-119004,C10144,Bracket CRS 20ga,bracket,crs,20ga,3,False,False,none,,False,False,False,False,False,False,2025-03-25,A,True
P-119009,C10938,Panel Stainless 14ga,panel,stainless,14ga,6,False,True,none,,False,False,False,False,False,False,2025-03-25,B,True
P-119013,C10081,Bracket Aluminum 11ga,bracket,aluminum,11ga,4,False,False,none,,False,False,False,False,False,False,2025-03-25,A,True
P-119018,C10235,Bracket CRS 18ga,bracket,crs,18ga,4,False,False,plate,,True,False,False,False,False,True,2025-03-26,A,True
P-119023,C10024,Chassis CRS 14ga,chassis,crs,14ga,7,True,True,none,,False,False,False,False,False,False,2025-03-27,B,True
P-119026,C11813,Bracket Stainless 18ga,bracket,stainless,18ga,2,False,True,powder,beige,False,False,False,False,True,False,2025-03-26,B,True
P-119032,C10081,Panel CRS 14ga,panel,crs,14ga,4,False,True,powder,black,False,False,False,False,False,False,2025-03-27,A,True
P-119038,C10011,Assembly CRS 14ga,assembly,crs,14ga,6,False,True,powder,gray,False,False,False,False,False,False,2025-03-31,D,True
P-119044,C10556,Weldment CRS 18ga,weldment,crs,18ga,3,True,False,none,,False,False,False,False,False,False,2025-03-31,D,False
P-119051,C10144,Panel CRS 20ga,panel,crs,20ga,5,False,True,powder,black,False,False,False,False,False,False,2025-03-31,D,True
P-119056,C10081,Chassis CRS 16ga,chassis,crs,16ga,7,True,False,powder,white,False,False,False,False,False,False,2025-03-31,C,True
P-119057,C10042,Weldment CRS 16ga,weldment,crs,16ga,7,True,False,powder,red,False,False,False,False,False,False,2025-04-01,B,True
P-119063,C10006,Weldment Galvanneal 16ga,weldment,galvanneal,16ga,5,True,False,powder,black,False,False,False,False,False,False,2025-04-02,A,True
P-119064,C10071,Weldment Galvanneal 18ga,weldment,galvanneal,18ga,7,True,True,powder,black,False,False,False,False,True,False,2025-04-02,B,True
P-119068,C12068,Panel CRS 12ga,panel,crs,12ga,5,False,False,powder,gray,False,False,False,False,False,False,2025-04-03,B,True
P-119072,C10006,Chassis CRS 12ga,chassis,crs,12ga,12,True,True,plate,,True,False,False,False,False,False,2025-04-03,A,True
P-119074,C10041,Bracket Aluminum 11ga,bracket,aluminum,11ga,2,False,False,none,,False,False,False,False,False,False,2025-04-04,C,True
P-119082,C10208,Bracket CRS 0.125in,bracket,crs,0.125in,2,False,True,powder,red,False,False,False,False,False,False,2025-04-04,D,False
P-119085,C10019,Panel Aluminum 16ga,panel,aluminum,16ga,6,False,False,anodize,,False,True,False,False,False,False,2025-04-07,A,True
P-119090,C10138,Weldment CRS 18ga,weldment,crs,18ga,7,True,False,powder,black,False,False,False,False,False,False,2025-04-07,A,True
P-119098,C10144,Panel Stainless 20ga,panel,stainless,20ga,2,False,False,none,,False,False,False,False,False,False,2025-04-09,C,True
P-119102,C10123,Chassis CRS 20ga,chassis,crs,20ga,10,False,False,powder,white,False,False,False,False,False,False,2025-04-08,A,False
P-119106,C10114,Enclosure Stainless 18ga,enclosure,stainless,18ga,7,True,False,powder,red,False,False,False,False,False,True,2025-04-10,B,True
P-119112,C11498,Bracket CRS 12ga,bracket,crs,12ga,1,False,False,plate,,True,False,False,False,False,False,2025-04-09,A,True
P-119119,C10365,Weldment CRS 0.250in,weldment,crs,0.250in,6,True,False,powder,gray,False,False,False,False,True,False,2025-04-10,C,True
P-119123,C10041,Bracket Stainless 20ga,bracket,stainless,20ga,2,False,True,plate,,True,False,False,False,False,False,2025-04-09,D,True
P-119129,C10081,Assembly Galvanneal 16ga,assembly,galvanneal,16ga,3,True,True,none,,False,False,False,False,False,False,2025-04-11,C,True
P-119134,C10006,Panel Galvanneal 16ga,panel,galvanneal,16ga,6,False,False,powder,black,False,False,False,False,False,False,2025-04-11,C,True
P-119141,C10332,Chassis Aluminum 0.250in,chassis,aluminum,0.250in,8,True,False,powder,blue,False,False,False,False,False,False,2025-04-11,B,True
P-119144,C10173,Panel Aluminum 14ga,panel,aluminum,14ga,3,False,False,none,,False,False,False,False,False,False,2025-04-11,A,True
P-119150,C10041,Assembly CRS 14ga,assembly,crs,14ga,6,False,True,none,,False,False,False,False,False,False,2025-04-14,B,False
P-119158,C10344,Chassis CRS 18ga,chassis,crs,18ga,7,True,True,none,,False,False,False,False,False,False,2025-04-14,B,True
P-119161,C10409,Panel CRS 14ga,panel,crs,14ga,5,False,False,powder,beige,False,False,False,False,False,True,2025-04-11,B,True
P-119166,C10024,Assembly Galvanneal 18ga,assembly,galvanneal,18ga,9,False,False,powder,red,False,False,False,False,False,False,2025-04-11,A,True
P-119173,C11029,Bracket Aluminum 12ga,bracket,aluminum,12ga,1,True,True,powder,red,False,False,False,False,False,False,2025-04-14,A,True
P-119176,C10096,Weldment CRS 0.125in,weldment,crs,0.125in,8,True,True,plate,,True,False,False,False,False,False,2025-04-14,D,True
P-119180,C10102,Enclosure CRS 20ga,enclosure,crs,20ga,13,True,False,none,,False,False,False,False,False,False,2025-04-16,D,True
P-119182,C10006,Weldment Aluminum 16ga,weldment,aluminum,16ga,7,True,True,anodize,,False,True,False,False,False,False,2025-04-15,B,True
P-119189,C10107,Panel Stainless 14ga,panel,stainless,14ga,2,True,False,powder,white,False,False,False,False,True,False,2025-04-15,D,True
P-119196,C10208,Panel CRS 14ga,panel,crs,14ga,4,False,False,powder,black,False,False,True,False,False,False,2025-04-15,A,True
P-119202,C10810,Panel Stainless 20ga,panel,stainless,20ga,5,False,True,powder,beige,False,False,False,False,False,True,2025-04-16,B,True
P-119209,C10225,Weldment Aluminum 16ga,weldment,aluminum,16ga,2,True,True,none,,False,False,False,False,False,True,2025-04-16,A,True
P-119210,C10024,Enclosure Stainless 20ga,enclosure,stainless,20ga,10,False,True,powder,red,False,False,False,False,False,False,2025-04-18,A,True
P-119215,C10200,Bracket Aluminum 16ga,bracket,aluminum,16ga,3,False,True,none,,False,False,False,False,False,False,2025-04-17,C,True
P-119220,C10276,Enclosure CRS 18ga,enclosure,crs,18ga,8,True,False,none,,False,False,False,False,False,False,2025-04-17,C,True
P-119221,C10086,Bracket CRS 18ga,bracket,crs,18ga,3,False,False,powder,black,False,False,False,False,False,True,2025-04-18,D,True
P-119228,C10024,Bracket Stainless 12ga,bracket,stainless,12ga,1,False,False,none,,False,False,False,False,False,False,2025-04-17,B,True
P-119236,C10019,Enclosure CRS 0.125in,enclosure,crs,0.125in,6,False,False,powder,red,False,False,False,False,False,False,2025-04-17,C,True
P-119238,C10483,Bracket CRS 20ga,bracket,crs,20ga,1,False,False,none,,False,False,False,False,False,False,2025-04-17,B,True
P-119239,C10544,Chassis Aluminum 16ga,chassis,aluminum,16ga,9,False,False,powder,gray,False,False,False,False,False,False,2025-04-21,A,True
P-119241,C10430,Panel Stainless 14ga,panel,stainless,14ga,2,False,True,powder,white,False,False,False,False,False,False,2025-04-21,D,True
P-119247,C10033,Panel Galvanneal 18ga,panel,galvanneal,18ga,4,False,True,powder,white,False,False,False,False,False,True,2025-04-23,D,True
P-119252,C10011,Bracket Stainless 11ga,bracket,stainless,11ga,1,False,True,powder,gray,False,False,False,False,False,False,2025-04-22,B,True
P-119259,C10071,Bracket Galvanneal 12ga,bracket,galvanneal,12ga,1,True,False,none,,False,False,False,False,False,False,2025-04-22,B,True
P-119264,C10423,Panel Stainless 20ga,panel,stainless,20ga,5,False,False,plate,,True,False,False,False,False,False,2025-04-25,D,True
P-119266,C10751,Panel Galvanneal 20ga,panel,galvanneal,20ga,6,False,False,none,,False,False,False,False,False,True,2025-04-24,B,True
P-119274,C10081,Chassis Galvanneal 14ga,chassis,galvanneal,14ga,6,True,False,none,,False,False,False,False,False,False,2025-04-25,C,True
P-119275,C10006,Weldment CRS 0.250in,weldment,crs,0.250in,6,True,False,powder,black,False,False,False,False,False,False,2025-04-24,D,True
P-119283,C10071,Enclosure CRS 20ga,enclosure,crs,20ga,14,False,False,none,,False,False,True,False,False,False,2025-04-24,A,True
P-119289,C10151,Weldment Stainless 18ga,weldment,stainless,18ga,5,True,False,none,,False,False,False,False,False,False,2025-04-25,D,True
P-119290,C10081,Assembly CRS 20ga,assembly,crs,20ga,9,False,False,powder,gray,False,False,False,False,False,False,2025-04-29,A,True
P-119291,C10006,Weldment CRS 18ga,weldment,crs,18ga,5,True,False,none,,False,False,False,False,False,False,2025-04-28,B,True
P-119297,C10086,Weldment Galvanneal 16ga,weldment,galvanneal,16ga,4,True,False,powder,red,False,False,False,False,False,False,2025-04-28,B,False
P-119302,C10081,Bracket CRS 16ga,bracket,crs,16ga,2,False,True,powder,black,False,False,False,False,False,True,2025-04-30,C,True
P-119303,C10086,Panel CRS 20ga,panel,crs,20ga,2,False,True,powder,beige,False,False,False,False,False,False,2025-04-29,D,True
P-119305,C10629,Panel CRS 0.125in,panel,crs,0.125in,2,False,True,none,,False,False,False,False,False,False,2025-04-29,D,True
P-119308,C10096,Enclosure CRS 14ga,enclosure,crs,14ga,11,True,False,powder,black,False,False,False,False,False,False,2025-04-29,A,True
P-119314,C10138,Enclosure CRS 16ga,enclosure,crs,16ga,9,False,True,plate,,True,False,False,False,False,False,2025-04-29,B,True
P-119315,C10102,Panel CRS 14ga,panel,crs,14ga,2,True,False,plate,,True,False,False,False,False,False,2025-04-30,B,True
P-119316,C10192,Bracket CRS 11ga,bracket,crs,11ga,2,False,True,plate,,True,False,False,False,False,False,2025-05-01,C,True
P-119323,C10114,Bracket CRS 18ga,bracket,crs,18ga,1,False,True,powder,black,False,False,False,False,False,False,2025-04-30,B,True
P-119327,C10024,Bracket CRS 20ga,bracket,crs,20ga,2,False,False,powder,white,False,False,False,False,False,False,2025-05-02,A,True
P-119334,C10344,Panel Stainless 18ga,panel,stainless,18ga,3,False,True,none,,False,False,False,False,False,False,2025-05-05,A,True
P-119339,C10208,Enclosure Galvanneal 12ga,enclosure,galvanneal,12ga,6,True,True,none,,False,False,False,False,False,False,2025-05-05,A,True
P-119341,C10006,Bracket CRS 16ga,bracket,crs,16ga,3,False,False,powder,beige,False,False,False,False,False,False,2025-05-02,B,True
P-119348,C10293,Chassis CRS 14ga,chassis,crs,14ga,6,True,True,plate,,True,False,False,False,False,False,2025-05-07,A,True
P-119350,C10011,Enclosure Aluminum 16ga,enclosure,aluminum,16ga,7,True,False,powder,beige,False,False,False,False,False,False,2025-05-07,D,True
P-119351,C10071,Panel Stainless 16ga,panel,stainless,16ga,6,False,False,none,,False,False,False,False,False,False,2025-05-07,C,True
P-119355,C10006,Bracket CRS 0.125in,bracket,crs,0.125in,3,False,True,plate,,True,False,True,False,False,False,2025-05-07,B,True
P-119357,C10144,Bracket CRS 14ga,bracket,crs,14ga,3,False,True,plate,,True,False,False,False,True,False,2025-05-07,B,True
P-119365,C10132,Bracket CRS 11ga,bracket,crs,11ga,2,False,True,plate,,True,False,False,False,True,False,2025-05-08,A,True
P-119372,C10186,Panel Galvanneal 14ga,panel,galvanneal,14ga,4,False,True,none,,False,False,False,False,False,False,2025-05-09,B,True
P-119374,C11788,Chassis CRS 20ga,chassis,crs,20ga,6,True,True,powder,black,False,False,False,False,True,False,2025-05-12,A,True
P-119377,C10081,Bracket Galvanneal 20ga,bracket,galvanneal,20ga,4,False,False,powder,white,False,False,False,False,False,False,2025-05-13,A,True
P-119383,C10161,Panel Galvanneal 18ga,panel,galvanneal,18ga,4,False,True,none,,False,False,False,True,False,False,2025-05-14,A,True
P-119390,C10114,Bracket CRS 14ga,bracket,crs,14ga,2,False,False,powder,gray,False,False,False,False,False,False,2025-05-14,B,True
P-119395,C11391,Bracket CRS 16ga,bracket,crs,16ga,1,False,True,powder,gray,False,False,False,False,True,False,2025-05-15,B,True
P-119401,C10041,Bracket Aluminum 12ga,bracket,aluminum,12ga,1,False,False,powder,white,False,False,False,False,False,False,2025-05-15,B,True
P-119409,C10019,Enclosure CRS 20ga,enclosure,crs,20ga,14,True,True,plate,,True,False,False,False,False,False,2025-05-15,A,True
P-119410,C12495,Panel Stainless 16ga,panel,stainless,16ga,4,False,False,none,,False,False,False,False,False,False,2025-05-15,C,True
P-119413,C10006,Bracket Stainless 14ga,bracket,stainless,14ga,3,False,False,none,,False,False,False,False,False,False,2025-05-16,B,True
P-119417,C10006,Bracket CRS 14ga,bracket,crs,14ga,4,True,True,none,,False,False,False,False,False,False,2025-05-15,D,True
P-119420,C10024,Enclosure CRS 18ga,enclosure,crs,18ga,12,False,False,plate,,True,False,False,False,False,False,2025-05-19,A,True
P-119423,C10114,Weldment CRS 14ga,weldment,crs,14ga,4,True,False,powder,gray,False,False,False,False,False,False,2025-05-19,A,False
P-119424,C10019,Enclosure Galvanneal 16ga,enclosure,galvanneal,16ga,8,True,True,powder,black,False,False,False,False,False,False,2025-05-20,B,True
P-119426,C10006,Assembly CRS 14ga,assembly,crs,14ga,8,True,False,none,,False,False,False,False,False,False,2025-05-21,B,True
P-119434,C11904,Enclosure CRS 18ga,enclosure,crs,18ga,6,True,False,powder,black,False,False,True,False,False,False,2025-05-20,C,True
P-119438,C10200,Panel Stainless 18ga,panel,stainless,18ga,6,False,True,plate,,True,False,False,False,False,False,2025-05-29,B,True
P-119442,C10102,Bracket CRS 14ga,bracket,crs,14ga,3,False,False,powder,black,False,False,False,False,False,False,2025-05-22,B,True
P-119443,C10006,Bracket CRS 18ga,bracket,crs,18ga,4,False,False,plate,,True,False,False,False,False,False,2025-05-21,B,True
P-119448,C10173,Panel Aluminum 18ga,panel,aluminum,18ga,5,False,False,none,,False,False,False,False,False,False,2025-05-23,B,True
P-119455,C10186,Bracket CRS 18ga,bracket,crs,18ga,1,False,True,plate,,True,False,True,False,False,False,2025-05-21,B,True
P-119461,C10081,Assembly CRS 16ga,assembly,crs,16ga,4,False,False,powder,blue,False,False,False,False,False,False,2025-05-21,B,True
P-119463,C10081,Chassis Galvanneal 18ga,chassis,galvanneal,18ga,9,True,False,powder,blue,False,False,False,False,False,True,2025-05-23,A,True
P-119471,C10024,Weldment Aluminum 16ga,weldment,aluminum,16ga,7,True,True,anodize,,False,True,False,False,False,False,2025-05-23,C,True
P-119472,C10019,Enclosure Aluminum 18ga,enclosure,aluminum,18ga,6,True,False,powder,gray,False,False,False,False,True,False,2025-05-22,C,True
P-119479,C10123,Weldment CRS 16ga,weldment,crs,16ga,2,True,True,powder,black,False,False,False,False,False,False,2025-05-27,D,True
P-119484,C10151,Assembly CRS 18ga,assembly,crs,18ga,6,False,False,powder,red,False,False,False,False,True,False,2025-05-27,A,True
P-119487,C11718,Weldment Galvanneal 16ga,weldment,galvanneal,16ga,8,True,True,powder,gray,False,False,False,False,False,False,2025-05-29,A,True
P-119493,C10102,Bracket CRS 12ga,bracket,crs,12ga,4,True,False,plate,,True,False,False,False,False,False,2025-05-28,C,True
P-119497,C11025,Weldment CRS 18ga,weldment,crs,18ga,8,True,True,powder,white,False,False,False,False,False,False,2025-05-28,B,True
P-119504,C10269,Panel Aluminum 11ga,panel,aluminum,11ga,5,False,False,powder,red,False,False,False,False,False,False,2025-05-29,C,True
P-119508,C10006,Bracket CRS 16ga,bracket,crs,16ga,1,False,True,none,,False,False,False,False,False,False,2025-05-29,C,True
P-119513,C10081,Weldment Aluminum 14ga,weldment,aluminum,14ga,8,True,True,powder,white,False,False,False,False,False,False,2025-05-30,A,True
P-119520,C10304,Bracket CRS 0.125in,bracket,crs,0.125in,4,False,False,powder,black,False,False,False,False,True,False,2025-05-29,B,True
P-119522,C11697,Enclosure Aluminum 14ga,enclosure,aluminum,14ga,12,False,False,none,,False,False,False,False,False,False,2025-05-30,A,True
P-119525,C10276,Bracket Stainless 16ga,bracket,stainless,16ga,4,False,True,none,,False,False,False,False,False,False,2025-05-30,B,True
P-119529,C10096,Chassis CRS 20ga,chassis,crs,20ga,5,True,False,powder,red,False,False,False,False,False,False,2025-06-02,C,True
P-119536,C10728,Panel Stainless 14ga,panel,stainless,14ga,6,False,False,plate,,True,False,False,False,False,False,2025-06-03,D,True
P-119540,C11463,Bracket Stainless 12ga,bracket,stainless,12ga,4,False,True,none,,False,False,False,False,False,False,2025-06-04,A,True
P-119543,C10144,Weldment Stainless 12ga,weldment,stainless,12ga,8,True,False,none,,False,False,False,False,False,True,2025-06-03,A,True
P-119547,C10629,Bracket Aluminum 11ga,bracket,aluminum,11ga,1,False,True,anodize,,False,True,False,False,True,False,2025-06-04,A,True
P-119550,C10322,Enclosure Stainless 16ga,enclosure,stainless,16ga,11,False,False,none,,False,False,False,False,False,False,2025-06-03,C,True
P-119552,C10071,Weldment Galvanneal 18ga,weldment,galvanneal,18ga,4,True,False,none,,False,False,False,False,False,False,2025-06-04,D,True
P-119556,C10019,Panel Galvanneal 16ga,panel,galvanneal,16ga,2,False,False,plate,,True,False,False,False,False,False,2025-06-04,A,True
P-119558,C10006,Enclosure CRS 0.125in,enclosure,crs,0.125in,14,False,False,powder,beige,False,False,False,False,False,False,2025-06-05,A,True
P-119563,C10081,Weldment CRS 18ga,weldment,crs,18ga,6,True,True,none,,False,False,False,False,False,False,2025-06-05,A,True
P-119567,C10041,Weldment Aluminum 16ga,weldment,aluminum,16ga,5,True,False,anodize,,False,True,False,False,True,False,2025-06-05,A,False
P-119573,C10041,Panel CRS 18ga,panel,crs,18ga,3,False,True,powder,red,False,False,False,False,False,False,2025-06-06,B,True
P-119575,C10071,Panel Stainless 16ga,panel,stainless,16ga,6,False,False,powder,red,False,False,False,False,False,False,2025-06-10,A,True
P-119577,C10011,Weldment Stainless 16ga,weldment,stainless,16ga,7,True,False,powder,red,False,False,False,False,True,False,2025-06-09,B,True
P-119580,C10006,Assembly Aluminum 16ga,assembly,aluminum,16ga,6,True,False,none,,False,False,False,False,False,False,2025-06-11,A,True
P-119584,C10024,Panel Stainless 14ga,panel,stainless,14ga,2,False,True,none,,False,False,False,False,False,False,2025-06-09,D,True
P-119585,C10086,Enclosure Aluminum 12ga,enclosure,aluminum,12ga,12,True,False,anodize,,False,True,False,False,False,False,2025-06-10,B,True
P-119586,C10081,Enclosure Stainless 20ga,enclosure,stainless,20ga,11,True,False,powder,white,False,False,False,False,False,False,2025-06-11,B,True
P-119592,C10400,Panel Aluminum 18ga,panel,aluminum,18ga,2,False,False,none,,False,False,False,False,False,False,2025-06-10,C,True
P-119600,C10397,Panel Galvanneal 12ga,panel,galvanneal,12ga,5,False,False,powder,beige,False,False,False,False,False,False,2025-06-11,C,True
P-119607,C12524,Weldment CRS 16ga,weldment,crs,16ga,6,True,False,powder,black,False,False,True,False,True,False,2025-06-11,A,True
P-119612,C10081,Chassis CRS 18ga,chassis,crs,18ga,6,True,False,powder,red,False,False,False,False,False,False,2025-06-11,A,True
P-119614,C10006,Weldment CRS 14ga,weldment,crs,14ga,3,True,False,plate,,True,False,False,False,False,False,2025-06-11,B,True
P-119618,C10086,Panel CRS 14ga,panel,crs,14ga,5,False,True,plate,,True,False,False,False,False,False,2025-06-12,A,True
P-119626,C10019,Bracket CRS 14ga,bracket,crs,14ga,1,False,True,powder,black,False,False,False,False,False,False,2025-06-13,C,True
P-119634,C10071,Enclosure Stainless 0.250in,enclosure,stainless,0.250in,7,True,False,powder,white,False,False,False,False,False,False,2025-06-12,A,False
P-119640,C10024,Bracket CRS 14ga,bracket,crs,14ga,3,False,False,none,,False,False,False,False,False,False,2025-06-13,A,True
P-119643,C10006,Chassis Aluminum 18ga,chassis,aluminum,18ga,7,False,False,none,,False,False,False,False,False,False,2025-06-13,A,True
P-119651,C10132,Enclosure Galvanneal 12ga,enclosure,galvanneal,12ga,11,True,True,plate,,True,False,False,False,False,False,2025-06-16,B,True
P-119657,C10024,Weldment Galvanneal 18ga,weldment,galvanneal,18ga,5,True,True,none,,False,False,True,False,True,False,2025-06-16,B,True
P-119660,C10081,Panel CRS 20ga,panel,crs,20ga,6,False,False,powder,black,False,False,False,False,False,False,2025-06-16,A,True
P-119664,C10186,Assembly CRS 16ga,assembly,crs,16ga,8,True,False,powder,gray,False,False,False,False,False,False,2025-06-17,A,True
P-119671,C10297,Bracket CRS 14ga,bracket,crs,14ga,2,False,True,none,,False,False,False,False,False,False,2025-06-18,B,True
P-119675,C10006,Panel Galvanneal 16ga,panel,galvanneal,16ga,5,False,False,none,,False,False,False,False,False,False,2025-06-17,A,True
P-119682,C10071,Assembly CRS 12ga,assembly,crs,12ga,6,False,False,powder,white,False,False,False,False,False,False,2025-06-17,B,True
P-119689,C10011,Panel Galvanneal 16ga,panel,galvanneal,16ga,3,False,False,powder,red,False,False,False,True,False,False,2025-06-17,D,True
P-119695,C10071,Enclosure Galvanneal 20ga,enclosure,galvanneal,20ga,6,False,False,none,,False,False,False,False,False,False,2025-06-19,B,True
P-119696,C10102,Panel CRS 0.250in,panel,crs,0.250in,4,False,False,none,,False,False,False,False,False,False,2025-06-18,A,True
P-119698,C10006,Bracket Aluminum 18ga,bracket,aluminum,18ga,4,False,True,powder,black,False,False,False,False,False,False,2025-06-23,B,True
P-119706,C11046,Enclosure CRS 20ga,enclosure,crs,20ga,6,True,True,none,,False,False,False,False,False,False,2025-06-19,D,True
P-119712,C12994,Assembly CRS 14ga,assembly,crs,14ga,6,True,True,powder,white,False,False,False,False,False,False,2025-06-20,A,True
P-119720,C12674,Bracket CRS 14ga,bracket,crs,14ga,2,False,True,powder,white,False,False,False,False,False,False,2025-06-20,A,True
P-119725,C10102,Assembly CRS 14ga,assembly,crs,14ga,10,False,True,powder,blue,False,False,False,False,False,False,2025-06-20,A,False
P-119730,C10102,Panel Galvanneal 14ga,panel,galvanneal,14ga,3,False,True,plate,,True,False,False,False,False,False,2025-06-23,A,True
P-119731,C10344,Weldment Stainless 18ga,weldment,stainless,18ga,8,True,False,none,,False,False,False,False,False,False,2025-06-25,B,True
P-119738,C10215,Panel CRS 18ga,panel,crs,18ga,6,False,False,powder,white,False,False,True,False,False,False,2025-06-25,D,True
P-119742,C10114,Chassis Stainless 16ga,chassis,stainless,16ga,11,True,True,powder,black,False,False,False,False,False,False,2025-06-26,B,True
P-119750,C10071,Chassis Galvanneal 20ga,chassis,galvanneal,20ga,10,True,True,none,,False,False,False,False,False,False,2025-06-27,C,True
P-119758,C10024,Bracket CRS 14ga,bracket,crs,14ga,1,False,True,none,,False,False,True,False,False,False,2025-06-27,A,False
P-119765,C10151,Panel Stainless 16ga,panel,stainless,16ga,4,True,False,powder,white,False,False,False,False,False,False,2025-06-27,C,True
P-119773,C10071,Bracket CRS 18ga,bracket,crs,18ga,4,False,True,none,,False,False,False,False,False,False,2025-06-26,A,True
P-119779,C10071,Enclosure Aluminum 20ga,enclosure,aluminum,20ga,10,False,False,powder,white,False,False,False,False,False,False,2025-06-30,A,False
P-119784,C10071,Bracket CRS 20ga,bracket,crs,20ga,1,False,False,none,,False,False,False,False,False,False,2025-06-30,A,True
P-119788,C10006,Assembly CRS 0.250in,assembly,crs,0.250in,4,True,True,none,,False,False,False,False,False,False,2025-06-30,A,True
P-119795,C12495,Panel CRS 11ga,panel,crs,11ga,5,False,False,powder,black,False,False,False,False,False,False,2025-06-30,A,True
P-119803,C10138,Bracket Galvanneal 14ga,bracket,galvanneal,14ga,1,True,True,powder,black,False,False,False,False,False,False,2025-06-27,A,True
P-119805,C10006,Assembly Aluminum 12ga,assembly,aluminum,12ga,4,True,False,anodize,,False,True,False,False,False,True,2025-06-27,A,True
P-119812,C10900,Assembly Stainless 16ga,assembly,stainless,16ga,8,False,False,none,,False,False,False,False,False,False,2025-06-30,B,True
P-119819,C10102,Assembly CRS 18ga,assembly,crs,18ga,3,True,True,powder,gray,False,False,False,False,False,False,2025-06-30,B,True
P-119821,C10086,Chassis Galvanneal 16ga,chassis,galvanneal,16ga,10,False,True,none,,False,False,False,False,False,False,2025-07-02,A,True
P-119828,C10071,Bracket CRS 16ga,bracket,crs,16ga,2,False,True,powder,blue,False,False,False,False,False,False,2025-07-03,B,True
P-119829,C10024,Panel CRS 14ga,panel,crs,14ga,5,False,True,none,,False,False,True,False,False,False,2025-07-02,B,True
P-119836,C11204,Panel CRS 14ga,panel,crs,14ga,2,False,False,none,,False,False,False,False,False,False,2025-07-02,B,True
P-119844,C10138,Assembly CRS 12ga,assembly,crs,12ga,3,False,True,powder,black,False,False,False,False,False,False,2025-07-07,A,True
P-119847,C10409,Weldment CRS 14ga,weldment,crs,14ga,6,True,False,none,,False,False,False,False,False,False,2025-07-07,A,True
P-119852,C10086,Bracket CRS 14ga,bracket,crs,14ga,3,False,False,none,,False,False,False,False,False,False,2025-07-07,C,True
P-119860,C10114,Chassis Aluminum 20ga,chassis,aluminum,20ga,5,True,True,powder,gray,False,False,False,False,False,False,2025-07-07,B,False
P-119861,C10081,Panel Stainless 14ga,panel,stainless,14ga,6,False,False,none,,False,False,False,False,False,True,2025-07-08,B,True
P-119869,C10081,Bracket CRS 0.125in,bracket,crs,0.125in,2,False,False,none,,False,False,False,False,False,False,2025-07-08,A,True
P-119876,C10483,Assembly Stainless 11ga,assembly,stainless,11ga,5,False,False,none,,False,False,False,False,False,False,2025-07-10,C,True
P-119877,C10006,Enclosure Stainless 18ga,enclosure,stainless,18ga,11,True,True,none,,False,False,False,False,True,False,2025-07-15,A,True
P-119878,C10397,Assembly Stainless 16ga,assembly,stainless,16ga,3,False,True,plate,,True,False,False,False,False,False,2025-07-11,D,False
P-119886,C10102,Weldment Stainless 14ga,weldment,stainless,14ga,2,True,False,none,,False,False,False,False,False,False,2025-07-16,B,True
P-119894,C10086,Panel Aluminum 16ga,panel,aluminum,16ga,2,False,False,none,,False,False,False,False,True,False,2025-07-14,A,False
P-119902,C11075,Bracket CRS 16ga,bracket,crs,16ga,1,False,False,none,,False,False,False,False,False,False,2025-07-16,A,True
P-119909,C10418,Assembly CRS 16ga,assembly,crs,16ga,7,True,True,plate,,True,False,False,False,False,False,2025-07-16,C,True
P-119916,C10102,Bracket CRS 14ga,bracket,crs,14ga,3,True,False,powder,black,False,False,False,False,False,False,2025-07-16,A,True
P-119919,C10418,Weldment CRS 14ga,weldment,crs,14ga,8,True,False,none,,False,False,False,False,False,False,2025-07-17,B,True
P-119920,C10344,Bracket CRS 16ga,bracket,crs,16ga,4,True,True,powder,blue,False,False,False,False,False,False,2025-07-17,D,True
P-119923,C10321,Panel CRS 12ga,panel,crs,12ga,6,False,False,powder,white,False,False,False,False,False,False,2025-07-18,C,True
P-119929,C10887,Panel Stainless 0.125in,panel,stainless,0.125in,5,False,False,none,,False,False,False,False,False,False,2025-07-21,C,False
P-119934,C10707,Chassis CRS 12ga,chassis,crs,12ga,6,False,True,none,,False,False,False,False,False,False,2025-07-18,A,True
P-119937,C10006,Chassis CRS 18ga,chassis,crs,18ga,9,True,True,powder,white,False,False,False,False,False,False,2025-07-22,A,True
P-119943,C10102,Weldment CRS 16ga,weldment,crs,16ga,5,True,False,powder,black,False,False,False,False,False,False,2025-07-23,A,True
P-119950,C11886,Chassis Stainless 12ga,chassis,stainless,12ga,12,True,False,powder,beige,False,False,False,False,False,False,2025-07-21,B,False
P-119957,C10081,Panel Galvanneal 12ga,panel,galvanneal,12ga,2,False,True,powder,gray,False,False,False,False,False,False,2025-07-23,A,True
P-119961,C10011,Bracket CRS 12ga,bracket,crs,12ga,4,False,False,powder,blue,False,False,False,False,False,False,2025-07-23,B,True
P-119966,C10269,Assembly Galvanneal 20ga,assembly,galvanneal,20ga,4,False,True,none,,False,False,False,False,False,False,2025-07-22,A,True
P-119971,C10200,Bracket CRS 18ga,bracket,crs,18ga,3,False,False,none,,False,False,False,False,True,False,2025-07-22,A,True
P-119973,C10071,Panel Aluminum 18ga,panel,aluminum,18ga,6,False,True,powder,black,False,False,False,False,False,False,2025-07-23,C,True
P-119979,C10297,Chassis Aluminum 16ga,chassis,aluminum,16ga,5,True,True,none,,False,False,False,False,False,False,2025-07-25,C,True
P-119980,C10937,Bracket Stainless 12ga,bracket,stainless,12ga,3,False,True,none,,False,False,False,False,False,False,2025-07-24,B,True
P-119983,C10071,Bracket CRS 16ga,bracket,crs,16ga,4,False,True,none,,False,False,False,False,False,False,2025-07-24,A,True
P-119986,C10024,Bracket CRS 12ga,bracket,crs,12ga,2,False,True,powder,blue,False,False,False,False,False,False,2025-07-30,A,True
P-119987,C10173,Weldment Aluminum 20ga,weldment,aluminum,20ga,7,True,False,none,,False,False,False,False,False,False,2025-07-28,C,True
P-119994,C10138,Assembly Aluminum 20ga,assembly,aluminum,20ga,9,True,False,none,,False,False,False,False,False,False,2025-07-29,C,False
P-120001,C10060,Enclosure CRS 14ga,enclosure,crs,14ga,7,True,True,plate,,True,False,False,False,False,False,2025-08-01,C,True
P-120002,C10011,Panel CRS 0.125in,panel,crs,0.125in,4,False,True,plate,,True,False,False,False,False,False,2025-07-30,A,True
P-120003,C10081,Weldment CRS 12ga,weldment,crs,12ga,4,True,True,none,,False,False,False,False,False,False,2025-07-30,B,True
P-120005,C10144,Bracket CRS 14ga,bracket,crs,14ga,1,False,False,powder,black,False,False,False,False,False,False,2025-08-04,B,True
P-120006,C10006,Enclosure Stainless 11ga,enclosure,stainless,11ga,13,False,False,plate,,True,False,False,False,False,True,2025-08-01,B,True
P-120008,C10200,Weldment Stainless 16ga,weldment,stainless,16ga,4,True,True,powder,beige,False,False,False,False,False,False,2025-08-01,B,True
P-120014,C10006,Weldment Galvanneal 14ga,weldment,galvanneal,14ga,8,True,False,none,,False,False,False,False,False,False,2025-08-01,A,True
P-120019,C10006,Assembly Aluminum 12ga,assembly,aluminum,12ga,3,False,True,powder,black,False,False,False,False,False,False,2025-08-04,B,True
P-120024,C10200,Bracket CRS 18ga,bracket,crs,18ga,4,True,False,plate,,True,False,False,False,False,False,2025-08-01,B,True
P-120032,C10144,Assembly CRS 0.125in,assembly,crs,0.125in,9,False,True,powder,white,False,False,False,False,False,False,2025-08-04,B,True
P-120040,C10006,Bracket CRS 16ga,bracket,crs,16ga,1,False,True,none,,False,False,False,False,False,False,2025-08-01,D,True
P-120047,C10071,Bracket Stainless 14ga,bracket,stainless,14ga,2,False,False,plate,,True,False,False,False,False,False,2025-08-05,A,True
P-120050,C10042,Weldment CRS 14ga,weldment,crs,14ga,7,True,False,none,,False,False,False,False,False,False,2025-08-05,A,True
P-120053,C10006,Panel Stainless 20ga,panel,stainless,20ga,5,False,False,powder,white,False,False,False,False,True,False,2025-08-06,D,True
P-120056,C10293,Panel CRS 18ga,panel,crs,18ga,4,True,False,powder,black,False,False,False,False,False,False,2025-08-07,C,True
P-120058,C10114,Assembly Stainless 0.125in,assembly,stainless,0.125in,4,False,True,powder,gray,False,False,False,False,False,False,2025-08-07,B,True
P-120063,C10261,Panel Galvanneal 16ga,panel,galvanneal,16ga,4,False,True,powder,gray,False,False,False,False,False,False,2025-08-11,A,True
P-120071,C11037,Panel CRS 16ga,panel,crs,16ga,5,False,True,powder,gray,False,False,False,False,False,False,2025-08-08,B,True
P-120079,C10071,Weldment Galvanneal 12ga,weldment,galvanneal,12ga,4,True,False,none,,False,False,False,False,False,False,2025-08-12,B,True
P-120084,C10332,Enclosure Aluminum 16ga,enclosure,aluminum,16ga,12,True,False,powder,gray,False,False,False,False,False,False,2025-08-11,B,False
P-120091,C10132,Assembly CRS 18ga,assembly,crs,18ga,7,False,True,none,,False,False,False,False,False,False,2025-08-08,A,True
P-120099,C11796,Assembly Galvanneal 16ga,assembly,galvanneal,16ga,3,False,False,powder,gray,False,False,True,False,False,False,2025-08-13,A,True
P-120104,C12183,Bracket CRS 16ga,bracket,crs,16ga,3,True,False,powder,black,False,False,False,False,False,False,2025-08-11,D,True
P-120109,C10102,Panel CRS 11ga,panel,crs,11ga,5,False,False,powder,beige,False,False,False,False,False,False,2025-08-11,A,True
P-120117,C10006,Assembly Galvanneal 20ga,assembly,galvanneal,20ga,3,False,False,powder,white,False,False,False,False,False,False,2025-08-12,C,True
P-120119,C10042,Panel Galvanneal 20ga,panel,galvanneal,20ga,3,False,False,none,,False,False,False,False,True,False,2025-08-11,A,True
P-120122,C10217,Enclosure Galvanneal 18ga,enclosure,galvanneal,18ga,11,False,True,none,,False,False,False,False,False,False,2025-08-11,D,True
P-120129,C10096,Enclosure Stainless 16ga,enclosure,stainless,16ga,6,False,False,powder,red,False,False,False,False,False,False,2025-08-12,A,True
P-120132,C11190,Assembly Aluminum 16ga,assembly,aluminum,16ga,7,False,True,anodize,,False,True,True,False,False,False,2025-08-13,A,True
P-120134,C10151,Enclosure CRS 18ga,enclosure,crs,18ga,13,True,True,none,,False,False,False,False,False,False,2025-08-12,B,True
P-120135,C10352,Weldment Stainless 18ga,weldment,stainless,18ga,2,True,False,none,,False,False,False,False,True,True,2025-08-14,D,True
P-120139,C10011,Chassis CRS 16ga,chassis,crs,16ga,10,True,False,powder,black,False,False,False,False,False,False,2025-08-19,B,True
P-120140,C10071,Weldment CRS 12ga,weldment,crs,12ga,8,True,True,none,,False,False,False,False,False,False,2025-08-14,B,True
P-120147,C10081,Panel Galvanneal 18ga,panel,galvanneal,18ga,4,False,False,plate,,True,False,False,False,False,False,2025-08-14,D,True
P-120152,C10217,Chassis Stainless 18ga,chassis,stainless,18ga,6,True,True,none,,False,False,False,False,False,False,2025-08-18,A,True
P-120160,C10006,Chassis Aluminum 16ga,chassis,aluminum,16ga,5,False,False,powder,beige,False,False,False,False,False,False,2025-08-19,B,True
P-120163,C10011,Bracket Galvanneal 18ga,bracket,galvanneal,18ga,1,False,False,powder,gray,False,False,False,False,False,True,2025-08-18,B,True
P-120167,C10132,Assembly Stainless 14ga,assembly,stainless,14ga,4,False,False,powder,gray,False,False,False,False,False,False,2025-08-19,D,True
P-120168,C10225,Panel Stainless 16ga,panel,stainless,16ga,3,False,False,powder,gray,False,False,False,False,False,True,2025-08-19,A,True
P-120172,C10033,Weldment Aluminum 16ga,weldment,aluminum,16ga,7,True,True,none,,False,False,False,False,False,False,2025-08-19,A,True
P-120174,C10071,Bracket CRS 14ga,bracket,crs,14ga,1,False,False,powder,white,False,False,False,False,True,False,2025-08-18,A,True
P-120180,C10173,Panel Aluminum 14ga,panel,aluminum,14ga,5,False,False,powder,white,False,False,False,False,False,False,2025-08-19,C,False
P-120183,C10071,Weldment Galvanneal 16ga,weldment,galvanneal,16ga,2,True,True,none,,False,False,False,False,False,False,2025-08-20,A,True
P-120184,C10998,Chassis Stainless 11ga,chassis,stainless,11ga,10,False,True,none,,False,False,False,False,False,False,2025-08-20,A,True
P-120189,C11142,Assembly Stainless 20ga,assembly,stainless,20ga,7,False,False,powder,black,False,False,False,False,True,False,2025-08-20,D,True
P-120193,C10200,Enclosure Galvanneal 14ga,enclosure,galvanneal,14ga,8,False,True,none,,False,False,False,False,False,False,2025-08-20,A,True
P-120194,C10071,Chassis CRS 14ga,chassis,crs,14ga,5,True,True,plate,,True,False,False,False,False,False,2025-08-21,A,True
P-120196,C10192,Bracket Stainless 11ga,bracket,stainless,11ga,2,False,False,none,,False,False,False,False,False,False,2025-08-21,A,False
P-120199,C10071,Weldment CRS 16ga,weldment,crs,16ga,2,True,True,powder,white,False,False,False,False,False,False,2025-08-22,A,True
P-120201,C10114,Weldment Galvanneal 14ga,weldment,galvanneal,14ga,5,True,True,plate,,True,False,True,False,False,False,2025-08-22,B,True
P-120203,C10024,Panel CRS 0.125in,panel,crs,0.125in,3,False,True,none,,False,False,False,False,False,False,2025-08-26,A,True
P-120211,C11172,Bracket Stainless 14ga,bracket,stainless,14ga,2,False,True,none,,False,False,True,False,True,False,2025-08-26,A,True
P-120217,C10071,Panel Aluminum 12ga,panel,aluminum,12ga,5,False,False,anodize,,False,True,False,False,False,False,2025-08-26,C,True
P-120219,C10024,Panel CRS 12ga,panel,crs,12ga,5,False,True,powder,gray,False,False,False,False,False,False,2025-08-29,A,False
P-120226,C10006,Bracket Galvanneal 20ga,bracket,galvanneal,20ga,4,False,True,plate,,True,False,False,False,False,False,2025-08-27,B,True
P-120231,C10096,Bracket CRS 0.125in,bracket,crs,0.125in,4,False,False,powder,black,False,False,False,False,False,False,2025-08-28,C,True
P-120234,C11258,Panel CRS 0.250in,panel,crs,0.250in,4,False,True,powder,blue,False,False,False,False,False,False,2025-08-29,D,True
P-120237,C10041,Bracket CRS 18ga,bracket,crs,18ga,3,False,False,powder,gray,False,False,False,False,False,False,2025-08-28,B,True
P-120240,C10123,Panel Galvanneal 20ga,panel,galvanneal,20ga,3,False,True,none,,False,False,False,False,False,False,2025-08-29,B,True
P-120246,C10006,Weldment Galvanneal 0.125in,weldment,galvanneal,0.125in,8,True,True,none,,False,False,False,False,False,False,2025-08-28,A,True
P-120254,C10144,Weldment Galvanneal 16ga,weldment,galvanneal,16ga,2,True,False,powder,black,False,False,False,True,False,False,2025-09-02,A,True
P-120262,C10019,Bracket CRS 14ga,bracket,crs,14ga,4,False,False,none,,False,False,False,False,False,False,2025-08-29,C,True
P-120266,C11374,Bracket Aluminum 20ga,bracket,aluminum,20ga,4,False,True,none,,False,False,False,False,False,False,2025-08-29,B,False
P-120267,C10071,Panel Stainless 12ga,panel,stainless,12ga,2,False,True,none,,False,False,False,False,False,False,2025-09-02,A,True
P-120269,C13055,Enclosure CRS 16ga,enclosure,crs,16ga,14,True,False,none,,False,False,False,False,False,False,2025-09-02,A,True
P-120271,C10208,Bracket CRS 18ga,bracket,crs,18ga,1,False,True,none,,False,False,False,False,False,False,2025-08-29,D,True
P-120272,C10208,Enclosure Galvanneal 14ga,enclosure,galvanneal,14ga,8,True,True,powder,white,False,False,False,False,False,False,2025-08-29,A,True
P-120280,C10024,Enclosure Aluminum 16ga,enclosure,aluminum,16ga,10,False,False,none,,False,False,False,False,False,False,2025-08-29,B,False
P-120285,C12519,Chassis CRS 16ga,chassis,crs,16ga,6,True,False,none,,False,False,False,False,False,False,2025-09-02,A,True
P-120292,C10217,Bracket CRS 16ga,bracket,crs,16ga,3,False,True,powder,gray,False,False,False,False,False,False,2025-09-03,D,False
P-120293,C10006,Panel Aluminum 16ga,panel,aluminum,16ga,2,False,False,none,,False,False,False,False,False,False,2025-09-02,A,True
P-120301,C10006,Chassis Galvanneal 16ga,chassis,galvanneal,16ga,6,True,False,none,,False,False,False,False,False,False,2025-09-04,D,True
P-120309,C10123,Bracket Aluminum 20ga,bracket,aluminum,20ga,1,False,True,none,,False,False,True,False,False,False,2025-09-05,B,False
P-120317,C10096,Chassis CRS 12ga,chassis,crs,12ga,11,True,False,powder,white,False,False,False,False,False,False,2025-09-04,A,True
P-120324,C10096,Bracket CRS 20ga,bracket,crs,20ga,3,False,True,powder,blue,False,False,False,False,False,False,2025-09-11,C,True
P-120327,C12965,Weldment Galvanneal 16ga,weldment,galvanneal,16ga,6,True,True,none,,False,False,False,False,False,False,2025-09-05,C,True
P-120335,C10006,Bracket Stainless 18ga,bracket,stainless,18ga,3,False,True,none,,False,False,False,False,False,False,2025-09-08,A,True
P-120336,C10161,Assembly Aluminum 11ga,assembly,aluminum,11ga,5,False,True,powder,beige,False,False,False,False,False,False,2025-09-09,B,True
P-120342,C10081,Bracket Aluminum 16ga,bracket,aluminum,16ga,1,False,True,powder,red,False,False,False,False,False,False,2025-09-10,D,True
P-120348,C10071,Panel Stainless 14ga,panel,stainless,14ga,6,False,True,none,,False,False,False,False,False,False,2025-09-10,A,True
P-120350,C10144,Panel CRS 14ga,panel,crs,14ga,6,False,False,none,,False,False,False,False,False,False,2025-09-12,B,True
P-120356,C10071,Assembly Galvanneal 20ga,assembly,galvanneal,20ga,9,True,True,plate,,True,False,False,False,False,False,2025-09-15,A,True
P-120362,C10151,Panel CRS 16ga,panel,crs,16ga,2,True,False,powder,gray,False,False,False,False,False,False,2025-09-12,A,True
P-120369,C10591,Bracket CRS 16ga,bracket,crs,16ga,2,False,False,plate,,True,False,False,False,True,False,2025-09-11,C,True
P-120372,C10024,Enclosure Galvanneal 18ga,enclosure,galvanneal,18ga,11,False,False,powder,white,False,False,False,False,False,False,2025-09-12,C,True
P-120377,C10006,Panel Stainless 11ga,panel,stainless,11ga,4,False,False,powder,black,False,False,False,False,False,False,2025-09-12,C,True
P-120378,C10563,Weldment Stainless 20ga,weldment,stainless,20ga,5,True,True,none,,False,False,False,False,False,False,2025-09-16,A,True
P-120379,C10081,Assembly Galvanneal 11ga,assembly,galvanneal,11ga,10,False,True,none,,False,False,False,False,False,False,2025-09-15,A,True
P-120380,C10071,Bracket CRS 18ga,bracket,crs,18ga,2,False,True,none,,False,False,False,False,False,True,2025-09-16,D,True
P-120387,C10332,Panel CRS 16ga,panel,crs,16ga,2,False,True,none,,False,False,False,False,False,False,2025-09-15,B,True
P-120394,C10006,Panel CRS 14ga,panel,crs,14ga,6,False,False,plate,,True,False,False,False,False,False,2025-09-15,A,True
P-120397,C10041,Enclosure CRS 14ga,enclosure,crs,14ga,8,True,False,plate,,True,False,False,False,False,False,2025-09-15,B,True
P-120404,C10019,Chassis Galvanneal 14ga,chassis,galvanneal,14ga,10,True,False,none,,False,False,False,False,False,False,2025-09-15,A,True
P-120407,C10006,Panel Aluminum 20ga,panel,aluminum,20ga,3,True,True,powder,beige,False,False,False,False,False,False,2025-09-16,D,True
P-120409,C12344,Panel Galvanneal 16ga,panel,galvanneal,16ga,4,False,False,none,,False,False,False,False,False,False,2025-09-18,A,True
P-120410,C10151,Bracket Aluminum 16ga,bracket,aluminum,16ga,4,False,False,none,,False,False,False,False,False,False,2025-09-19,A,True
P-120413,C10019,Enclosure CRS 16ga,enclosure,crs,16ga,12,False,False,powder,black,False,False,False,False,True,False,2025-09-18,B,True
P-120414,C10071,Weldment Stainless 16ga,weldment,stainless,16ga,8,True,False,powder,beige,False,False,False,False,False,False,2025-09-18,B,True
P-120420,C10081,Assembly Aluminum 12ga,assembly,aluminum,12ga,4,False,False,none,,False,False,False,False,True,False,2025-09-22,C,True
P-120426,C10107,Enclosure Galvanneal 11ga,enclosure,galvanneal,11ga,8,True,True,powder,white,False,False,False,False,False,False,2025-09-19,A,True
P-120429,C10102,Panel CRS 16ga,panel,crs,16ga,4,False,False,none,,False,False,False,False,False,False,2025-09-23,A,True
P-120433,C10006,Bracket Stainless 11ga,bracket,stainless,11ga,2,False,False,plate,,True,False,False,False,False,False,2025-09-24,D,True
P-120438,C10114,Weldment Galvanneal 14ga,weldment,galvanneal,14ga,8,True,True,plate,,True,False,False,False,False,False,2025-09-24,C,True
P-120440,C10033,Enclosure CRS 12ga,enclosure,crs,12ga,7,True,True,powder,blue,False,False,False,False,False,False,2025-09-24,B,True
P-120444,C11616,Panel Galvanneal 11ga,panel,galvanneal,11ga,5,False,True,none,,False,False,False,False,False,False,2025-09-29,A,True
P-120451,C10081,Panel CRS 16ga,panel,crs,16ga,4,False,False,powder,black,False,False,False,False,False,False,2025-09-29,A,True
P-120457,C10071,Panel CRS 20ga,panel,crs,20ga,2,False,False,powder,blue,False,False,False,False,False,False,2025-09-29,A,True
P-120460,C10261,Bracket CRS 18ga,bracket,crs,18ga,2,False,False,none,,False,False,False,False,False,False,2025-09-26,A,True
P-120462,C10332,Chassis CRS 12ga,chassis,crs,12ga,7,False,False,none,,False,False,False,False,False,False,2025-09-29,C,True
P-120465,C10019,Chassis Stainless 14ga,chassis,stainless,14ga,12,True,True,powder,black,False,False,False,False,False,False,2025-09-30,B,True
P-120468,C10011,Weldment Galvanneal 14ga,weldment,galvanneal,14ga,6,True,True,powder,gray,False,False,False,False,False,False,2025-09-30,B,True
P-120474,C10102,Bracket Aluminum 18ga,bracket,aluminum,18ga,4,False,True,none,,False,False,False,False,False,False,2025-09-29,A,True
P-120481,C10006,Panel CRS 16ga,panel,crs,16ga,4,False,True,none,,False,False,False,False,False,False,2025-10-01,B,True
P-120489,C10006,Bracket CRS 16ga,bracket,crs,16ga,2,False,True,powder,white,False,False,False,False,False,False,2025-10-01,C,True
P-120492,C10067,Bracket Galvanneal 14ga,bracket,galvanneal,14ga,3,False,True,none,,False,False,False,False,False,False,2025-10-01,B,True
P-120498,C10086,Panel Aluminum 16ga,panel,aluminum,16ga,5,False,False,powder,white,False,False,False,False,False,False,2025-10-01,A,True
P-120500,C10019,Bracket CRS 20ga,bracket,crs,20ga,1,False,False,none,,False,False,False,False,False,False,2025-10-06,A,True
P-120507,C10011,Panel CRS 20ga,panel,crs,20ga,4,False,True,none,,False,False,False,False,False,False,2025-10-03,A,True
P-120515,C10506,Panel Stainless 18ga,panel,stainless,18ga,5,False,False,powder,black,False,False,False,False,False,False,2025-10-02,D,True
P-120517,C10123,Weldment Stainless 14ga,weldment,stainless,14ga,6,True,False,plate,,True,False,False,False,True,True,2025-10-03,A,True
P-120518,C11258,Weldment Galvanneal 0.125in,weldment,galvanneal,0.125in,8,True,False,none,,False,False,False,False,True,False,2025-10-06,A,True
P-120522,C10286,Panel CRS 12ga,panel,crs,12ga,6,False,True,none,,False,False,False,False,False,False,2025-10-08,D,True
P-120528,C10304,Panel Stainless 11ga,panel,stainless,11ga,4,False,True,plate,,True,False,False,False,False,False,2025-10-07,B,False
P-120536,C10033,Weldment CRS 16ga,weldment,crs,16ga,3,True,True,plate,,True,False,False,False,False,False,2025-10-09,A,True
P-120542,C10042,Panel Galvanneal 12ga,panel,galvanneal,12ga,5,False,False,powder,black,False,False,False,False,True,False,2025-10-09,B,True
P-120550,C10081,Panel Stainless 16ga,panel,stainless,16ga,4,False,False,none,,False,False,False,False,False,False,2025-10-13,C,True
P-120554,C10011,Assembly CRS 20ga,assembly,crs,20ga,3,False,False,powder,gray,False,False,False,False,False,False,2025-10-10,A,True
P-120561,C10081,Panel Stainless 12ga,panel,stainless,12ga,5,False,False,powder,black,False,False,False,False,False,False,2025-10-10,A,True
P-120565,C10006,Chassis Galvanneal 14ga,chassis,galvanneal,14ga,10,True,False,none,,False,False,False,False,False,False,2025-10-10,C,True
P-120568,C10225,Chassis CRS 16ga,chassis,crs,16ga,12,False,True,powder,white,False,False,False,False,False,False,2025-10-14,B,True
P-120569,C10041,Weldment Aluminum 14ga,weldment,aluminum,14ga,3,True,True,none,,False,False,False,False,False,False,2025-10-14,A,True
P-120573,C10159,Chassis CRS 14ga,chassis,crs,14ga,11,False,True,plate,,True,False,False,False,False,False,2025-10-14,B,True
P-120578,C10321,Bracket CRS 0.125in,bracket,crs,0.125in,4,False,True,powder,black,False,False,False,False,False,False,2025-10-13,B,True
P-120579,C10081,Weldment CRS 20ga,weldment,crs,20ga,4,True,False,plate,,True,False,False,False,False,False,2025-10-13,A,True
P-120586,C10304,Bracket CRS 0.250in,bracket,crs,0.250in,3,False,False,plate,,True,False,False,False,False,False,2025-10-15,C,True
P-120590,C10208,Bracket CRS 0.125in,bracket,crs,0.125in,1,True,True,plate,,True,False,False,False,False,False,2025-10-14,A,True
P-120594,C10024,Bracket Stainless 20ga,bracket,stainless,20ga,2,False,False,powder,black,False,False,False,False,False,False,2025-10-16,C,True
P-120598,C10006,Chassis Stainless 16ga,chassis,stainless,16ga,10,True,False,none,,False,False,False,False,False,False,2025-10-15,A,True
P-120605,C10011,Weldment CRS 12ga,weldment,crs,12ga,4,True,False,powder,white,False,False,False,False,False,False,2025-10-15,B,True
P-120606,C11997,Bracket Galvanneal 18ga,bracket,galvanneal,18ga,4,False,False,plate,,True,False,False,False,False,False,2025-10-20,A,True
P-120614,C10186,Bracket Aluminum 16ga,bracket,aluminum,16ga,2,False,True,powder,black,False,False,False,False,False,False,2025-10-21,D,True
P-120621,C10161,Panel CRS 20ga,panel,crs,20ga,3,False,True,powder,gray,False,False,False,False,False,False,2025-10-17,A,False
P-120624,C10086,Weldment CRS 18ga,weldment,crs,18ga,3,True,False,none,,False,False,False,False,False,False,2025-10-17,A,True
P-120627,C10261,Panel CRS 0.250in,panel,crs,0.250in,2,False,True,plate,,True,False,True,False,False,False,2025-10-21,C,True
P-120634,C10071,Panel Aluminum 0.125in,panel,aluminum,0.125in,5,False,False,anodize,,False,True,False,False,False,False,2025-10-21,A,True
P-120642,C10107,Panel Galvanneal 0.250in,panel,galvanneal,0.250in,3,False,False,powder,white,False,False,False,False,False,False,2025-10-22,D,True
P-120644,C10006,Panel Galvanneal 14ga,panel,galvanneal,14ga,4,False,False,powder,black,False,False,False,False,False,False,2025-10-22,B,True
P-120648,C10767,Enclosure Stainless 18ga,enclosure,stainless,18ga,12,True,True,powder,black,False,False,False,False,False,False,2025-10-21,A,True
P-120653,C10138,Bracket CRS 14ga,bracket,crs,14ga,1,False,True,powder,gray,False,False,False,False,False,False,2025-10-21,B,False
P-120657,C10123,Weldment Aluminum 11ga,weldment,aluminum,11ga,3,True,True,none,,False,False,False,False,True,False,2025-10-21,B,True
P-120660,C10081,Bracket CRS 16ga,bracket,crs,16ga,1,False,False,plate,,True,False,False,False,False,False,2025-10-21,A,True
P-120668,C10024,Panel CRS 18ga,panel,crs,18ga,4,False,False,none,,False,False,False,False,False,False,2025-10-23,C,True
P-120670,C12861,Weldment CRS 18ga,weldment,crs,18ga,5,True,False,powder,white,False,False,False,False,False,False,2025-10-24,A,True
P-120672,C10102,Assembly Stainless 14ga,assembly,stainless,14ga,10,False,False,plate,,True,False,False,False,False,False,2025-10-22,C,True
P-120677,C10144,Assembly Aluminum 12ga,assembly,aluminum,12ga,9,True,False,anodize,,False,True,False,False,False,False,2025-10-22,A,True
P-120683,C10081,Bracket Stainless 16ga,bracket,stainless,16ga,1,False,True,none,,False,False,True,False,False,False,2025-10-24,A,True
P-120691,C10006,Bracket Stainless 14ga,bracket,stainless,14ga,2,False,True,none,,False,False,False,False,False,False,2025-10-22,C,True
P-120693,C10123,Assembly CRS 18ga,assembly,crs,18ga,7,True,False,powder,blue,False,False,False,False,False,False,2025-10-24,B,True
P-120697,C10006,Enclosure Galvanneal 16ga,enclosure,galvanneal,16ga,10,True,True,none,,False,False,False,False,False,False,2025-10-24,A,True
P-120701,C10071,Panel CRS 18ga,panel,crs,18ga,3,False,True,none,,False,False,False,False,False,False,2025-10-23,A,True
P-120703,C10006,Enclosure CRS 14ga,enclosure,crs,14ga,11,True,False,none,,False,False,False,False,True,False,2025-10-23,A,False
P-120707,C10096,Panel CRS 16ga,panel,crs,16ga,3,False,True,powder,white,False,False,False,False,False,False,2025-10-29,A,True
P-120714,C10011,Weldment CRS 16ga,weldment,crs,16ga,3,True,False,powder,black,False,False,False,False,False,False,2025-10-24,D,True
P-120715,C10006,Chassis CRS 16ga,chassis,crs,16ga,5,True,False,plate,,True,False,False,False,False,False,2025-10-27,A,True
P-120723,C10151,Weldment CRS 18ga,weldment,crs,18ga,2,True,True,plate,,True,False,True,False,False,False,2025-10-28,D,True
P-120724,C11550,Assembly CRS 14ga,assembly,crs,14ga,10,True,True,powder,red,False,False,False,False,False,False,2025-10-27,A,True
P-120732,C10006,Chassis Stainless 18ga,chassis,stainless,18ga,5,False,False,none,,False,False,False,False,False,False,2025-10-27,A,True
P-120737,C12533,Bracket CRS 20ga,bracket,crs,20ga,2,True,False,powder,white,False,False,False,False,False,False,2025-10-27,A,True
P-120744,C10006,Weldment CRS 12ga,weldment,crs,12ga,6,True,False,none,,False,False,True,False,False,False,2025-10-29,B,True
P-120746,C10276,Assembly Galvanneal 18ga,assembly,galvanneal,18ga,4,False,False,powder,black,False,False,False,False,True,False,2025-11-03,B,True
P-120752,C10081,Panel Aluminum 14ga,panel,aluminum,14ga,6,False,True,powder,gray,False,False,False,False,True,False,2025-10-30,B,True
P-120753,C10086,Panel Galvanneal 20ga,panel,galvanneal,20ga,2,False,False,powder,black,False,False,False,False,False,False,2025-10-30,A,True
P-120759,C12583,Enclosure Stainless 16ga,enclosure,stainless,16ga,8,True,False,powder,white,False,False,False,False,False,False,2025-10-29,B,True
P-120765,C10444,Enclosure Galvanneal 20ga,enclosure,galvanneal,20ga,14,False,True,plate,,True,False,False,False,False,False,2025-10-29,B,True
P-120768,C10132,Chassis CRS 0.250in,chassis,crs,0.250in,6,False,True,powder,black,False,False,False,False,False,False,2025-10-30,A,True
P-120772,C10011,Bracket Galvanneal 14ga,bracket,galvanneal,14ga,3,False,True,none,,False,False,False,False,False,False,2025-10-31,A,True
P-120774,C10144,Bracket Stainless 16ga,bracket,stainless,16ga,4,False,False,powder,white,False,False,False,False,True,False,2025-11-03,A,True
P-120781,C12746,Enclosure CRS 20ga,enclosure,crs,20ga,7,True,False,none,,False,False,False,False,False,False,2025-10-31,B,True
P-120783,C10071,Assembly CRS 16ga,assembly,crs,16ga,3,False,True,none,,False,False,False,False,True,False,2025-10-31,A,True
P-120789,C12681,Bracket CRS 16ga,bracket,crs,16ga,1,False,True,none,,False,False,False,False,False,True,2025-10-31,A,True
P-120793,C10096,Weldment CRS 16ga,weldment,crs,16ga,4,True,False,none,,False,False,False,False,True,False,2025-11-03,A,True
P-120796,C10041,Panel Aluminum 18ga,panel,aluminum,18ga,3,False,False,anodize,,False,True,False,False,False,False,2025-11-03,A,True
P-120797,C10200,Panel Galvanneal 14ga,panel,galvanneal,14ga,6,False,False,powder,gray,False,False,False,False,True,False,2025-11-04,B,True
P-120799,C10144,Chassis Stainless 20ga,chassis,stainless,20ga,8,True,False,plate,,True,False,False,False,False,False,2025-11-03,D,True
P-120805,C10114,Chassis CRS 20ga,chassis,crs,20ga,5,True,True,powder,blue,False,False,False,False,False,False,2025-11-03,B,True
P-120807,C10086,Weldment CRS 11ga,weldment,crs,11ga,4,True,True,powder,white,False,False,False,False,False,False,2025-11-03,A,True
P-120810,C10151,Panel Galvanneal 11ga,panel,galvanneal,11ga,5,False,True,none,,False,False,False,False,False,False,2025-11-05,A,True
P-120813,C10006,Panel CRS 18ga,panel,crs,18ga,5,False,False,plate,,True,False,False,False,False,False,2025-11-05,B,True
P-120815,C10071,Bracket CRS 0.250in,bracket,crs,0.250in,3,False,True,powder,white,False,False,False,False,True,False,2025-11-05,B,True
P-120818,C10603,Panel CRS 12ga,panel,crs,12ga,5,False,False,powder,white,False,False,False,False,False,False,2025-11-05,D,True
P-120826,C10217,Enclosure CRS 16ga,enclosure,crs,16ga,14,True,False,powder,black,False,False,False,False,False,False,2025-11-06,A,True
P-120833,C10071,Bracket CRS 14ga,bracket,crs,14ga,4,False,True,plate,,True,False,False,False,True,False,2025-11-05,B,True
P-120839,C10114,Chassis Galvanneal 16ga,chassis,galvanneal,16ga,7,False,True,powder,blue,False,False,False,False,False,False,2025-11-10,D,True
P-120843,C10208,Bracket CRS 16ga,bracket,crs,16ga,4,False,False,powder,white,False,False,False,False,False,False,2025-11-06,A,True
P-120848,C10686,Enclosure CRS 14ga,enclosure,crs,14ga,12,True,False,powder,black,False,False,False,False,True,False,2025-11-06,A,True
P-120851,C10107,Panel Galvanneal 11ga,panel,galvanneal,11ga,6,False,False,plate,,True,False,False,False,False,False,2025-11-10,B,True
P-120853,C10173,Bracket Galvanneal 18ga,bracket,galvanneal,18ga,3,False,False,powder,white,False,False,False,False,False,False,2025-11-07,D,True
P-120858,C10390,Weldment CRS 14ga,weldment,crs,14ga,7,True,True,none,,False,False,False,False,False,False,2025-11-07,A,True
P-120864,C10132,Enclosure Galvanneal 20ga,enclosure,galvanneal,20ga,14,False,False,powder,black,False,False,False,False,False,False,2025-11-10,C,True
P-120868,C10081,Enclosure Galvanneal 16ga,enclosure,galvanneal,16ga,12,False,True,plate,,True,False,False,False,False,False,2025-11-10,A,True
P-120869,C10006,Assembly Aluminum 0.125in,assembly,aluminum,0.125in,6,True,False,anodize,,False,True,False,False,False,False,2025-11-10,A,True
P-120875,C10144,Bracket CRS 0.125in,bracket,crs,0.125in,2,False,False,none,,False,False,False,False,False,False,2025-11-10,A,True
P-120882,C10006,Enclosure Galvanneal 16ga,enclosure,galvanneal,16ga,6,True,False,powder,blue,False,False,False,False,False,False,2025-11-12,D,True
P-120887,C10081,Panel CRS 16ga,panel,crs,16ga,5,False,False,powder,gray,False,False,False,False,False,False,2025-11-13,A,True
P-120893,C10041,Bracket CRS 16ga,bracket,crs,16ga,3,False,True,none,,False,False,False,False,False,False,2025-11-14,A,True
P-120894,C10071,Bracket Galvanneal 20ga,bracket,galvanneal,20ga,3,False,True,none,,False,False,False,False,False,False,2025-11-11,B,True
P-120895,C10501,Enclosure Aluminum 14ga,enclosure,aluminum,14ga,8,True,True,anodize,,False,True,False,False,False,False,2025-11-12,A,True
P-120899,C10081,Weldment Stainless 20ga,weldment,stainless,20ga,6,True,True,none,,False,False,False,False,False,False,2025-11-12,A,True
P-120900,C10081,Assembly CRS 14ga,assembly,crs,14ga,3,False,True,none,,False,False,False,False,False,False,2025-11-13,A,True
P-120908,C10071,Chassis Stainless 16ga,chassis,stainless,16ga,7,True,False,none,,False,False,False,False,False,False,2025-11-13,A,True
P-120915,C10081,Panel Stainless 20ga,panel,stainless,20ga,4,False,True,none,,False,False,False,False,False,False,2025-11-12,B,True
P-120919,C10006,Assembly Stainless 16ga,assembly,stainless,16ga,6,True,True,none,,False,False,False,False,False,False,2025-11-13,B,True
P-120923,C10138,Enclosure Aluminum 14ga,enclosure,aluminum,14ga,8,False,True,none,,False,False,False,False,False,False,2025-11-14,C,True
P-120928,C10081,Bracket Galvanneal 0.125in,bracket,galvanneal,0.125in,2,False,False,none,,False,False,False,False,False,False,2025-11-13,B,True
P-120931,C10071,Bracket Galvanneal 12ga,bracket,galvanneal,12ga,1,False,False,plate,,True,False,False,False,False,False,2025-11-13,D,True
P-120935,C10114,Bracket Stainless 14ga,bracket,stainless,14ga,2,False,True,none,,False,False,False,False,False,False,2025-11-13,D,True
P-120943,C10071,Panel Aluminum 16ga,panel,aluminum,16ga,3,False,False,powder,white,False,False,False,False,False,False,2025-11-17,A,True
P-120944,C10107,Bracket Aluminum 16ga,bracket,aluminum,16ga,1,False,True,anodize,,False,True,False,False,False,False,2025-11-13,A,True
P-120950,C11572,Enclosure Aluminum 14ga,enclosure,aluminum,14ga,8,True,True,none,,False,False,False,False,False,False,2025-11-14,C,True
P-120953,C10006,Bracket Aluminum 14ga,bracket,aluminum,14ga,1,False,True,powder,white,False,False,False,False,False,False,2025-11-17,B,True
P-120958,C10019,Bracket CRS 12ga,bracket,crs,12ga,4,False,False,powder,black,False,False,False,False,False,False,2025-11-17,A,True
P-120964,C10132,Panel Stainless 18ga,panel,stainless,18ga,2,False,False,plate,,True,False,False,False,False,False,2025-11-19,B,True
P-120965,C10482,Bracket Galvanneal 18ga,bracket,galvanneal,18ga,3,False,False,none,,False,False,False,False,False,False,2025-11-17,A,True
P-120966,C10200,Assembly CRS 18ga,assembly,crs,18ga,3,False,False,powder,black,False,False,False,False,False,False,2025-11-17,B,True
P-120968,C10529,Chassis CRS 14ga,chassis,crs,14ga,9,True,False,powder,white,False,False,False,False,True,False,2025-11-20,C,True
P-120970,C10456,Bracket CRS 18ga,bracket,crs,18ga,4,False,False,powder,white,False,False,True,False,False,False,2025-11-18,A,True
P-120975,C10006,Panel CRS 14ga,panel,crs,14ga,2,False,True,none,,False,False,False,False,False,False,2025-11-18,A,True
P-120976,C10086,Enclosure Galvanneal 18ga,enclosure,galvanneal,18ga,14,False,False,powder,black,False,False,False,False,True,False,2025-11-20,D,True
P-120978,C10071,Enclosure Aluminum 20ga,enclosure,aluminum,20ga,11,False,False,powder,blue,False,False,False,False,False,False,2025-11-19,A,True
P-120986,C10006,Panel CRS 14ga,panel,crs,14ga,4,False,False,powder,black,False,False,False,False,False,False,2025-11-21,A,True
P-120988,C10006,Enclosure Stainless 14ga,enclosure,stainless,14ga,8,True,False,powder,gray,False,False,False,False,True,False,2025-11-18,B,False
P-120991,C10024,Panel Aluminum 11ga,panel,aluminum,11ga,5,False,False,none,,False,False,False,False,False,False,2025-11-18,C,True
P-120993,C10071,Panel CRS 18ga,panel,crs,18ga,6,False,True,powder,gray,False,False,False,False,False,False,2025-11-24,A,True
P-121000,C12944,Bracket CRS 12ga,bracket,crs,12ga,3,False,True,plate,,True,False,False,False,False,False,2025-11-20,A,True
P-121004,C10071,Weldment CRS 14ga,weldment,crs,14ga,6,True,True,powder,beige,False,False,False,False,False,False,2025-11-21,B,True
P-121012,C10144,Panel CRS 14ga,panel,crs,14ga,6,False,False,powder,beige,False,False,False,False,False,False,2025-11-20,C,False
P-121016,C10006,Enclosure Galvanneal 16ga,enclosure,galvanneal,16ga,10,True,True,powder,beige,False,False,False,False,False,False,2025-11-21,A,True
P-121017,C10081,Panel CRS 18ga,panel,crs,18ga,4,False,True,plate,,True,False,False,False,False,False,2025-11-24,B,True
P-121020,C10081,Panel Stainless 14ga,panel,stainless,14ga,4,False,True,plate,,True,False,False,False,False,False,2025-11-21,B,True
P-121025,C10257,Bracket CRS 18ga,bracket,crs,18ga,1,False,False,powder,black,False,False,False,False,False,False,2025-11-26,D,True
P-121030,C10024,Panel Aluminum 20ga,panel,aluminum,20ga,4,False,False,none,,False,False,False,False,False,False,2025-11-25,B,True
P-121031,C12835,Assembly CRS 14ga,assembly,crs,14ga,10,False,False,plate,,True,False,False,False,False,False,2025-11-24,A,True
P-121032,C10081,Chassis Galvanneal 11ga,chassis,galvanneal,11ga,5,True,False,powder,beige,False,False,False,False,False,False,2025-11-24,B,False
P-121037,C10071,Enclosure Galvanneal 12ga,enclosure,galvanneal,12ga,13,True,False,none,,False,False,False,False,True,False,2025-11-24,A,True
P-121038,C10161,Bracket Stainless 14ga,bracket,stainless,14ga,4,False,True,powder,gray,False,False,False,False,False,False,2025-11-26,B,True
P-121043,C10006,Panel Stainless 18ga,panel,stainless,18ga,6,False,True,plate,,True,False,False,False,False,False,2025-11-25,D,True
P-121046,C10006,Enclosure Stainless 16ga,enclosure,stainless,16ga,7,False,False,none,,False,False,False,False,False,False,2025-11-25,B,True
P-121054,C10107,Panel Aluminum 14ga,panel,aluminum,14ga,5,False,True,none,,False,False,False,False,False,False,2025-11-26,B,True
P-121057,C10286,Weldment Stainless 18ga,weldment,stainless,18ga,8,True,True,powder,beige,False,False,False,True,False,False,2025-12-01,A,True
P-121061,C10006,Weldment CRS 18ga,weldment,crs,18ga,5,True,False,none,,False,False,False,False,False,False,2025-11-26,B,True
P-121066,C10006,Chassis CRS 11ga,chassis,crs,11ga,5,False,False,none,,False,False,False,False,False,False,2025-11-26,D,True
P-121072,C10006,Bracket Stainless 11ga,bracket,stainless,11ga,2,True,True,plate,,True,False,False,False,False,False,2025-12-01,C,True
P-121075,C11693,Weldment CRS 12ga,weldment,crs,12ga,7,True,True,powder,white,False,False,False,False,False,False,2025-12-01,C,True
P-121078,C10042,Enclosure CRS 20ga,enclosure,crs,20ga,11,True,True,plate,,True,False,False,False,False,False,2025-12-01,C,True
P-121079,C10225,Panel CRS 14ga,panel,crs,14ga,6,False,True,powder,beige,False,False,False,False,False,False,2025-12-01,B,True
P-121087,C10321,Enclosure Galvanneal 16ga,enclosure,galvanneal,16ga,9,True,True,powder,black,False,False,False,False,False,False,2025-12-02,A,True
P-121090,C10024,Bracket Galvanneal 12ga,bracket,galvanneal,12ga,4,False,False,powder,red,False,False,False,False,False,False,2025-12-03,B,True
P-121095,C10033,Assembly Aluminum 16ga,assembly,aluminum,16ga,3,False,False,anodize,,False,True,False,False,False,False,2025-12-05,A,True
P-121099,C10081,Weldment CRS 16ga,weldment,crs,16ga,8,True,False,none,,False,False,False,False,False,False,2025-12-03,D,True
P-121100,C10024,Panel CRS 14ga,panel,crs,14ga,5,False,False,none,,False,False,False,False,False,False,2025-12-05,B,True
P-121106,C10006,Assembly CRS 14ga,assembly,crs,14ga,8,False,False,none,,False,False,False,False,False,False,2025-12-03,A,True
P-121114,C10286,Weldment CRS 16ga,weldment,crs,16ga,5,True,False,plate,,True,False,False,False,False,False,2025-12-03,C,True
P-121121,C10071,Panel CRS 16ga,panel,crs,16ga,4,False,False,plate,,True,False,False,False,False,False,2025-12-04,C,True
P-121126,C10304,Bracket Aluminum 14ga,bracket,aluminum,14ga,1,False,False,none,,False,False,False,False,False,False,2025-12-03,C,True
P-121129,C10006,Weldment CRS 18ga,weldment,crs,18ga,3,True,True,powder,blue,False,False,False,False,False,False,2025-12-04,D,True
P-121130,C11025,Assembly CRS 20ga,assembly,crs,20ga,4,False,False,plate,,True,False,False,False,False,False,2025-12-04,A,False
P-121137,C10336,Weldment Stainless 11ga,weldment,stainless,11ga,4,True,False,none,,False,False,False,False,False,False,2025-12-08,B,True
P-121141,C13021,Enclosure CRS 20ga,enclosure,crs,20ga,6,True,False,powder,beige,False,False,False,False,False,False,2025-12-05,D,True
P-121148,C10506,Enclosure CRS 12ga,enclosure,crs,12ga,8,False,True,none,,False,False,False,False,False,False,2025-12-05,A,True
P-121155,C10615,Weldment CRS 14ga,weldment,crs,14ga,4,True,True,powder,black,False,False,False,False,False,False,2025-12-04,D,False
P-121162,C10033,Panel CRS 18ga,panel,crs,18ga,3,False,True,plate,,True,False,False,False,True,False,2025-12-04,C,True
P-121165,C10019,Enclosure Stainless 20ga,enclosure,stainless,20ga,13,True,False,none,,False,False,False,False,False,False,2025-12-04,A,True
P-121173,C10033,Bracket CRS 11ga,bracket,crs,11ga,1,False,True,powder,red,False,False,False,False,False,False,2025-12-05,D,True
P-121176,C10006,Panel CRS 14ga,panel,crs,14ga,5,False,False,none,,False,False,False,False,False,False,2025-12-08,A,False
P-121179,C10144,Chassis Stainless 18ga,chassis,stainless,18ga,11,True,False,powder,gray,False,False,False,False,False,False,2025-12-05,B,True
P-121183,C10071,Weldment CRS 14ga,weldment,crs,14ga,5,True,False,none,,False,False,False,False,True,False,2025-12-08,B,True
P-121186,C10071,Panel CRS 14ga,panel,crs,14ga,4,False,False,powder,black,False,False,True,False,False,False,2025-12-08,B,False
P-121191,C10544,Chassis CRS 14ga,chassis,crs,14ga,9,True,False,powder,black,False,False,False,False,False,False,2025-12-09,B,True
P-121197,C11457,Bracket Galvanneal 14ga,bracket,galvanneal,14ga,3,False,False,none,,False,False,False,False,False,False,2025-12-08,C,True
P-121198,C10042,Assembly Stainless 16ga,assembly,stainless,16ga,7,False,True,plate,,True,False,False,False,True,False,2025-12-08,B,True
P-121201,C10071,Bracket Stainless 0.250in,bracket,stainless,0.250in,2,False,True,plate,,True,False,False,False,False,False,2025-12-08,B,False
P-121205,C10006,Weldment Stainless 12ga,weldment,stainless,12ga,6,True,False,powder,gray,False,False,False,False,False,False,2025-12-09,A,True
P-121209,C10011,Weldment Stainless 14ga,weldment,stainless,14ga,2,True,False,none,,False,False,False,False,False,False,2025-12-09,D,False
P-121214,C10107,Assembly Aluminum 0.125in,assembly,aluminum,0.125in,4,True,True,anodize,,False,True,False,False,True,False,2025-12-10,A,False
P-121220,C12888,Panel Aluminum 12ga,panel,aluminum,12ga,4,False,False,anodize,,False,True,False,False,False,False,2025-12-10,A,True
P-121223,C10114,Chassis CRS 18ga,chassis,crs,18ga,11,False,True,plate,,True,False,False,False,False,False,2025-12-12,A,False
P-121226,C10365,Bracket CRS 18ga,bracket,crs,18ga,2,False,True,powder,black,False,False,False,False,False,False,2025-12-16,A,True
P-121233,C10006,Chassis CRS 16ga,chassis,crs,16ga,12,False,False,powder,black,False,False,False,False,False,False,2025-12-11,B,True
P-121236,C10544,Panel Aluminum 14ga,panel,aluminum,14ga,6,False,False,powder,black,False,False,False,False,False,False,2025-12-12,A,False
P-121238,C10071,Assembly CRS 16ga,assembly,crs,16ga,7,False,False,none,,False,False,False,False,False,False,2025-12-11,B,False
P-121244,C10041,Panel Stainless 16ga,panel,stainless,16ga,3,False,False,powder,blue,False,False,False,False,False,False,2025-12-12,A,False
P-121248,C10006,Assembly Galvanneal 18ga,assembly,galvanneal,18ga,7,True,False,powder,black,False,False,False,False,False,False,2025-12-15,B,False
P-121250,C10086,Weldment CRS 18ga,weldment,crs,18ga,3,True,False,none,,False,False,False,False,False,False,2025-12-16,C,False
P-121256,C10071,Assembly CRS 16ga,assembly,crs,16ga,6,True,True,plate,,True,False,False,False,True,False,2025-12-15,D,False
P-121262,C10071,Bracket Stainless 16ga,bracket,stainless,16ga,1,False,False,powder,blue,False,False,False,False,False,False,2025-12-16,B,False
P-121265,C12981,Assembly CRS 20ga,assembly,crs,20ga,7,True,True,powder,red,False,False,False,False,False,False,2025-12-16,A,False
P-121268,C10071,Weldment CRS 14ga,weldment,crs,14ga,5,True,False,none,,False,False,False,False,False,False,2025-12-17,B,True
P-121269,C10826,Panel Aluminum 16ga,panel,aluminum,16ga,2,False,True,none,,False,False,False,False,False,False,2025-12-17,B,False
P-121272,C10006,Panel CRS 14ga,panel,crs,14ga,6,False,True,none,,False,False,False,False,False,False,2026-01-05,B,False
P-121280,C10006,Chassis Stainless 18ga,chassis,stainless,18ga,7,False,True,none,,False,False,False,False,False,False,2025-12-17,C,True
P-121281,C10071,Chassis Aluminum 18ga,chassis,aluminum,18ga,5,True,False,powder,black,False,False,False,False,False,False,2025-12-16,A,True
P-121287,C10161,Enclosure CRS 11ga,enclosure,crs,11ga,7,False,False,none,,False,False,False,False,False,False,2025-12-17,A,False
P-121294,C10071,Bracket CRS 16ga,bracket,crs,16ga,1,False,False,powder,black,False,False,False,False,False,False,2025-12-17,B,False
P-121302,C10081,Chassis Galvanneal 0.125in,chassis,galvanneal,0.125in,5,False,False,none,,False,False,True,False,False,False,2025-12-17,A,True
P-121304,C10071,Bracket Galvanneal 16ga,bracket,galvanneal,16ga,2,False,False,powder,beige,False,False,False,False,False,False,2025-12-18,A,False
P-121309,C10006,Bracket CRS 16ga,bracket,crs,16ga,2,False,False,powder,red,False,False,False,False,False,False,2025-12-19,B,True
P-121313,C11301,Bracket Aluminum 16ga,bracket,aluminum,16ga,2,False,True,none,,False,False,False,False,False,False,2025-12-22,C,False
P-121317,C10779,Bracket CRS 0.125in,bracket,crs,0.125in,1,False,False,powder,gray,False,False,False,False,False,False,2025-12-18,A,False
P-121322,C12419,Bracket CRS 11ga,bracket,crs,11ga,1,False,False,powder,white,False,False,False,False,False,False,2025-12-18,B,False
P-121324,C10081,Bracket Galvanneal 12ga,bracket,galvanneal,12ga,4,False,False,none,,False,False,True,False,False,False,2025-12-18,A,False
P-121326,C10071,Weldment CRS 14ga,weldment,crs,14ga,5,True,True,none,,False,False,False,False,False,False,2025-12-22,A,False
P-121333,C10123,Enclosure Aluminum 16ga,enclosure,aluminum,16ga,11,True,True,none,,False,False,False,False,False,False,2025-12-19,D,False
P-121341,C10138,Chassis Stainless 0.125in,chassis,stainless,0.125in,7,False,True,powder,gray,False,False,False,False,False,False,2025-12-19,B,False
P-121347,C10033,Weldment Galvanneal 16ga,weldment,galvanneal,16ga,5,True,True,powder,white,False,False,False,False,False,False,2025-12-23,B,False
P-121352,C10042,Bracket CRS 20ga,bracket,crs,20ga,3,False,True,powder,black,False,False,False,False,False,False,2025-12-22,B,False
P-121359,C10071,Bracket Galvanneal 14ga,bracket,galvanneal,14ga,3,False,False,plate,,True,False,False,False,False,False,2025-12-23,B,False
P-121365,C10081,Chassis CRS 16ga,chassis,crs,16ga,8,False,True,powder,beige,False,False,False,False,False,False,2025-12-23,A,False
P-121369,C10081,Panel Galvanneal 18ga,panel,galvanneal,18ga,4,False,False,none,,False,False,False,False,False,False,2025-12-23,A,False
P-121370,C10864,Assembly Galvanneal 18ga,assembly,galvanneal,18ga,5,False,True,powder,white,False,False,False,False,False,False,2026-01-05,A,False
P-121372,C10071,Bracket Galvanneal 16ga,bracket,galvanneal,16ga,1,False,True,powder,black,False,False,False,False,False,False,2026-01-02,A,False
P-121377,C10655,Panel CRS 18ga,panel,crs,18ga,2,False,False,none,,False,False,False,False,False,False,2026-01-05,A,False
P-121382,C10071,Bracket CRS 12ga,bracket,crs,12ga,2,False,False,none,,False,False,False,False,False,False,2026-01-05,D,False
P-121386,C10376,Assembly Stainless 0.125in,assembly,stainless,0.125in,4,False,True,none,,False,False,False,False,False,False,2026-01-05,D,False
P-121388,C10006,Weldment Aluminum 14ga,weldment,aluminum,14ga,6,True,False,anodize,,False,True,False,False,False,False,2026-01-05,A,False
P-121390,C10071,Assembly Aluminum 0.250in,assembly,aluminum,0.250in,4,True,False,powder,red,False,False,False,False,True,False,2026-01-05,D,False
P-121393,C10102,Panel Galvanneal 14ga,panel,galvanneal,14ga,4,False,False,powder,black,False,False,False,False,False,False,2026-01-05,A,False
P-121396,C10380,Weldment CRS 14ga,weldment,crs,14ga,8,True,True,plate,,True,False,False,False,False,False,2026-01-06,A,False
P-121398,C10033,Panel Aluminum 16ga,panel,aluminum,16ga,5,False,False,powder,black,False,False,False,False,False,False,2026-01-07,A,False
P-121402,C10322,Bracket CRS 0.250in,bracket,crs,0.250in,4,False,False,none,,False,False,False,False,False,False,2026-01-06,A,False
