part_id,op_seq,work_center,setup_std_hrs,run_std_hrs_per_piece,vendor_id,tooling_set,standard_set_date
P-104006,10,laser,0.2,0.0244,,,2020-01-14
P-104006,20,grind_deburr,0.2,0.00192,,,2020-01-14
P-104006,30,press_brake,0.8,0.02856,,TS-11GA-3,2020-01-14
P-104006,40,weld,0.5,0.06275,,,2020-01-14
P-104006,50,grind_deburr,0.2,0.0011,,,2020-01-14
P-104006,60,outside_processing,0.0,0.0,V-1040,,2020-01-14
P-104006,70,inspection_pack,0.15,0.00515,,,2020-01-14
P-104010,10,laser,0.2,0.02578,,,2017-04-24
P-104010,20,grind_deburr,0.2,0.00397,,,2017-04-24
P-104010,30,press_brake,0.87,0.03876,,TS-11GA-1,2017-04-24
P-104010,40,weld,0.5,0.10718,,,2017-04-24
P-104010,50,grind_deburr,0.2,0.00658,,,2017-04-24
P-104010,60,powder_coat,0.25,0.00209,,,2017-04-24
P-104010,70,inspection_pack,0.15,0.00482,,,2017-04-24
P-104018,10,punch,0.5,0.02644,,,2015-12-25
P-104018,20,grind_deburr,0.2,0.00754,,,2015-12-25
P-104018,30,press_brake,0.94,0.04488,,TS-16GA-2,2015-12-25
P-104018,40,hardware,0.25,0.00759,,,2015-12-25
P-104018,50,weld,0.5,0.05917,,,2015-12-25
P-104018,60,grind_deburr,0.2,0.00617,,,2015-12-25
P-104018,70,powder_coat,0.25,0.00417,,,2015-12-25
P-104018,80,inspection_pack,0.15,0.01064,,,2015-12-25
P-104025,10,punch,0.5,0.02945,,,2023-07-27
P-104025,20,press_brake,0.59,0.0132,,TS-14GA-3,2023-07-27
P-104025,30,hardware,0.25,0.02816,,,2023-07-27
P-104025,40,powder_coat,0.25,0.00545,,,2023-07-27
P-104025,50,inspection_pack,0.15,0.00806,,,2023-07-27
P-104027,10,laser,0.2,0.02868,,,2017-12-19
P-104027,20,grind_deburr,0.2,0.0048,,,2017-12-19
P-104027,30,press_brake,0.59,0.012,,TS-16GA-1,2017-12-19
P-104027,40,powder_coat,0.25,0.00449,,,2017-12-19
P-104027,50,inspection_pack,0.15,0.00616,,,2017-12-19
P-104037,10,laser,0.2,0.05585,,,2013-12-04
P-104037,20,grind_deburr,0.2,0.02206,,,2013-12-04
P-104037,30,press_brake,1.15,0.10813,,TS-16GA-3,2013-12-04
P-104037,40,weld,0.5,0.12661,,,2013-12-04
P-104037,50,grind_deburr,0.2,0.01987,,,2013-12-04
P-104037,60,powder_coat,0.25,0.02101,,,2013-12-04
P-104037,70,inspection_pack,0.15,0.00862,,,2013-12-04
P-104048,10,laser,0.2,0.01526,,,2018-08-07
P-104048,20,grind_deburr,0.2,0.0011,,,2018-08-07
P-104048,30,press_brake,1.01,0.04152,,TS-16GA-2,2018-08-07
P-104048,40,weld,0.5,0.05147,,,2018-08-07
P-104048,50,grind_deburr,0.2,0.00247,,,2018-08-07
P-104048,60,inspection_pack,0.15,0.00829,,,2018-08-07
P-104050,10,laser,0.2,0.07319,,,2020-08-05
P-104050,20,press_brake,0.8,0.0444,,TS-12GA-3,2020-08-05
P-104050,30,hardware,0.25,0.01078,,,2020-08-05
P-104050,40,press_brake,0.73,0.03552,,TS-12GA-3,2020-08-05
P-104050,50,inspection_pack,0.15,0.00302,,,2020-08-05
P-104052,10,laser,0.2,0.01919,,,2016-05-09
P-104052,20,grind_deburr,0.2,0.00439,,,2016-05-09
P-104052,30,press_brake,1.01,0.04428,,TS-12GA-1,2016-05-09
P-104052,40,hardware,0.25,0.01176,,,2016-05-09
P-104052,50,weld,0.5,0.01708,,,2016-05-09
P-104052,60,grind_deburr,0.2,0.00288,,,2016-05-09
P-104052,70,assembly,0.3,0.03444,,,2016-05-09
P-104052,80,inspection_pack,0.15,0.00358,,,2016-05-09
P-104057,10,laser,0.2,0.01561,,,2017-03-19
P-104057,20,grind_deburr,0.2,0.00247,,,2017-03-19
P-104057,30,press_brake,0.59,0.01032,,TS-20GA-3,2017-03-19
P-104057,40,inspection_pack,0.15,0.01053,,,2017-03-19
P-104062,10,laser,0.2,0.12916,,,2018-08-10
P-104062,20,press_brake,1.15,0.09925,,TS-18GA-2,2018-08-10
P-104062,30,inspection_pack,0.15,0.00403,,,2018-08-10
P-104070,10,laser,0.2,0.0947,,,2013-04-09
P-104070,20,grind_deburr,0.2,0.01206,,,2013-04-09
P-104070,30,press_brake,0.8,0.04056,,TS-14GA-3,2013-04-09
P-104070,40,hardware,0.25,0.0289,,,2013-04-09
P-104070,50,weld,0.5,0.18065,,,2013-04-09
P-104070,60,grind_deburr,0.2,0.00439,,,2013-04-09
P-104070,70,powder_coat,0.25,0.01171,,,2013-04-09
P-104070,80,assembly,0.3,0.05638,,,2013-04-09
P-104070,90,inspection_pack,0.15,0.0037,,,2013-04-09
P-104075,10,laser,0.2,0.03226,,,2016-01-06
P-104075,20,grind_deburr,0.2,0.01014,,,2016-01-06
P-104075,30,press_brake,0.59,0.0138,,TS-12GA-2,2016-01-06
P-104075,40,powder_coat,0.25,0.00385,,,2016-01-06
P-104075,50,inspection_pack,0.15,0.00325,,,2016-01-06
P-104077,10,laser,0.2,0.01203,,,2015-01-25
P-104077,20,grind_deburr,0.2,0.00233,,,2015-01-25
P-104077,30,press_brake,0.8,0.02844,,TS-14GA-3,2015-01-25
P-104077,40,powder_coat,0.25,0.00417,,,2015-01-25
P-104077,50,assembly,0.3,0.06471,,,2015-01-25
P-104077,60,inspection_pack,0.15,0.0056,,,2015-01-25
P-104084,10,laser,0.2,0.01723,,,2016-04-24
P-104084,20,grind_deburr,0.2,0.00891,,,2016-04-24
P-104084,30,press_brake,0.94,0.04704,,TS-14GA-1,2016-04-24
P-104084,40,weld,0.5,0.1505,,,2016-04-24
P-104084,50,grind_deburr,0.2,0.00904,,,2016-04-24
P-104084,60,powder_coat,0.25,0.00481,,,2016-04-24
P-104084,70,inspection_pack,0.15,0.00885,,,2016-04-24
P-104088,10,laser,0.2,0.01919,,,2019-06-08
P-104088,20,press_brake,1.01,0.04392,,TS-18GA-1,2019-06-08
P-104088,30,weld,0.5,0.03707,,,2019-06-08
P-104088,40,grind_deburr,0.2,0.00274,,,2019-06-08
P-104088,50,outside_processing,0.0,0.0,V-1077,,2019-06-08
P-104088,60,inspection_pack,0.15,0.00997,,,2019-06-08
P-104100,10,laser,0.2,0.06602,,,2012-10-10
P-104100,20,press_brake,1.08,0.06181,,TS-20GA-1,2012-10-10
P-104100,30,assembly,0.3,0.03411,,,2012-10-10
P-104100,40,inspection_pack,0.15,0.00616,,,2012-10-10
P-104105,10,laser,0.2,0.03446,,,2017-11-15
P-104105,20,grind_deburr,0.2,0.00301,,,2017-11-15
P-104105,30,press_brake,1.01,0.05137,,TS-18GA-1,2017-11-15
P-104105,40,hardware,0.25,0.01016,,,2017-11-15
P-104105,50,powder_coat,0.25,0.00289,,,2017-11-15
P-104105,60,inspection_pack,0.15,0.00582,,,2017-11-15
P-104110,10,laser,0.2,0.06348,,,2019-04-19
P-104110,20,grind_deburr,0.2,0.01357,,,2019-04-19
P-104110,30,press_brake,1.08,0.07789,,TS-18GA-2,2019-04-19
P-104110,40,robotic_weld,1.2,0.09059,,,2019-04-19
P-104110,50,grind_deburr,0.2,0.00713,,,2019-04-19
P-104110,60,powder_coat,0.25,0.01315,,,2019-04-19
P-104110,70,inspection_pack,0.15,0.00918,,,2019-04-19
P-104111,10,laser,0.2,0.02012,,,2016-03-27
P-104111,20,grind_deburr,0.2,0.00301,,,2016-03-27
P-104111,30,press_brake,0.87,0.03516,,TS-11GA-2,2016-03-27
P-104111,40,weld,0.5,0.02791,,,2016-03-27
P-104111,50,grind_deburr,0.2,0.00343,,,2016-03-27
P-104111,60,inspection_pack,0.15,0.00795,,,2016-03-27
P-104116,10,laser,0.2,0.00867,,,2021-09-01
P-104116,20,press_brake,0.59,0.01032,,TS-14GA-1,2021-09-01
P-104116,30,powder_coat,0.25,0.00112,,,2021-09-01
P-104116,40,outside_processing,0.0,0.0,V-1077,,2021-09-01
P-104116,50,inspection_pack,0.15,0.01019,,,2021-09-01
P-104126,10,laser,0.2,0.02,,,2018-01-26
P-104126,20,grind_deburr,0.2,0.00137,,,2018-01-26
P-104126,30,press_brake,0.59,0.01068,,TS-18GA-2,2018-01-26
P-104126,40,hardware,0.25,0.00894,,,2018-01-26
P-104126,50,powder_coat,0.25,0.00337,,,2018-01-26
P-104126,60,inspection_pack,0.15,0.00459,,,2018-01-26
P-104130,10,laser,0.2,0.01977,,,2014-03-14
P-104130,20,grind_deburr,0.2,0.00123,,,2014-03-14
P-104130,30,press_brake,0.59,0.01032,,TS-0.125IN-2,2014-03-14
P-104130,40,weld,0.5,0.0096,,,2014-03-14
P-104130,50,grind_deburr,0.2,0.00151,,,2014-03-14
P-104130,60,powder_coat,0.25,0.00225,,,2014-03-14
P-104130,70,inspection_pack,0.15,0.0065,,,2014-03-14
P-104133,10,laser,0.2,0.1147,,,2020-07-31
P-104133,20,grind_deburr,0.2,0.02878,,,2020-07-31
P-104133,30,press_brake,1.01,0.09025,,TS-20GA-3,2020-07-31
P-104133,40,outside_processing,0.0,0.0,V-1040,,2020-07-31
P-104133,50,inspection_pack,0.15,0.00862,,,2020-07-31
P-104138,10,laser,0.2,0.01434,,,2016-03-02
P-104138,20,press_brake,0.59,0.01032,,TS-16GA-1,2016-03-02
P-104138,30,hardware,0.25,0.02853,,,2016-03-02
P-104138,40,outside_processing,0.0,0.0,V-1040,,2016-03-02
P-104138,50,inspection_pack,0.15,0.00605,,,2016-03-02
P-104143,10,laser,0.2,0.00994,,,2024-07-16
P-104143,20,press_brake,0.8,0.0288,,TS-18GA-2,2024-07-16
P-104143,30,robotic_weld,1.2,0.01457,,,2024-07-16
P-104143,40,grind_deburr,0.2,0.00123,,,2024-07-16
P-104143,50,inspection_pack,0.15,0.00862,,,2024-07-16
P-104146,10,punch,0.5,0.03013,,,2018-04-26
P-104146,20,press_brake,0.87,0.042,,TS-12GA-2,2018-04-26
P-104146,30,hardware,0.25,0.02155,,,2018-04-26
P-104146,40,powder_coat,0.25,0.00305,,,2018-04-26
P-104146,50,inspection_pack,0.15,0.00818,,,2018-04-26
P-104150,10,laser,0.2,0.03145,,,2013-10-04
P-104150,20,grind_deburr,0.2,0.00576,,,2013-10-04
P-104150,30,press_brake,0.59,0.01176,,TS-11GA-3,2013-10-04
P-104150,40,outside_processing,0.0,0.0,V-1102,,2013-10-04
P-104150,50,inspection_pack,0.15,0.00538,,,2013-10-04
P-104155,10,laser,0.2,0.03446,,,2020-01-17
P-104155,20,grind_deburr,0.2,0.00247,,,2020-01-17
P-104155,30,press_brake,1.08,0.05281,,TS-12GA-1,2020-01-17
P-104155,40,hardware,0.25,0.01776,,,2020-01-17
P-104155,50,assembly,0.3,0.085,,,2020-01-17
P-104155,60,inspection_pack,0.15,0.00605,,,2020-01-17
P-104162,10,laser,0.2,0.02555,,,2020-10-22
P-104162,20,grind_deburr,0.2,0.00548,,,2020-10-22
P-104162,30,press_brake,0.87,0.036,,TS-18GA-1,2020-10-22
P-104162,40,weld,0.5,0.11701,,,2020-10-22
P-104162,50,grind_deburr,0.2,0.00288,,,2020-10-22
P-104162,60,inspection_pack,0.15,0.00672,,,2020-10-22
P-104163,10,laser,0.2,0.03353,,,2017-05-20
P-104163,20,press_brake,0.59,0.01272,,TS-18GA-2,2017-05-20
P-104163,30,inspection_pack,0.15,0.00907,,,2017-05-20
P-104171,10,laser,0.2,0.05053,,,2014-06-09
P-104171,20,grind_deburr,0.2,0.00397,,,2014-06-09
P-104171,30,press_brake,1.01,0.06313,,TS-20GA-3,2014-06-09
P-104171,40,hardware,0.25,0.018,,,2014-06-09
P-104171,50,weld,0.5,0.20353,,,2014-06-09
P-104171,60,grind_deburr,0.2,0.00904,,,2014-06-09
P-104171,70,outside_processing,0.0,0.0,V-1040,,2014-06-09
P-104171,80,inspection_pack,0.15,0.00694,,,2014-06-09
P-104173,10,laser,0.2,0.08996,,,2022-12-30
P-104173,20,grind_deburr,0.2,0.00589,,,2022-12-30
P-104173,30,press_brake,0.59,0.01572,,TS-20GA-2,2022-12-30
P-104173,40,weld,0.5,0.11511,,,2022-12-30
P-104173,50,grind_deburr,0.2,0.01329,,,2022-12-30
P-104173,60,powder_coat,0.25,0.00417,,,2022-12-30
P-104173,70,inspection_pack,0.15,0.0084,,,2022-12-30
P-104180,10,punch,0.5,0.00533,,,2016-02-05
P-104180,20,grind_deburr,0.2,0.00219,,,2016-02-05
P-104180,30,press_brake,0.8,0.02664,,TS-20GA-2,2016-02-05
P-104180,40,powder_coat,0.25,0.00112,,,2016-02-05
P-104180,50,inspection_pack,0.15,0.00336,,,2016-02-05
P-104181,10,laser,0.2,0.0821,,,2017-02-22
P-104181,20,grind_deburr,0.2,0.0196,,,2017-02-22
P-104181,30,press_brake,0.8,0.04596,,TS-16GA-3,2017-02-22
P-104181,40,weld,0.5,0.26126,,,2017-02-22
P-104181,50,grind_deburr,0.2,0.0122,,,2017-02-22
P-104181,60,powder_coat,0.25,0.00818,,,2017-02-22
P-104181,70,assembly,0.3,0.10112,,,2017-02-22
P-104181,80,inspection_pack,0.15,0.00997,,,2017-02-22
P-104184,10,laser,0.2,0.01272,,,2021-03-12
P-104184,20,press_brake,0.94,0.0414,,TS-14GA-1,2021-03-12
P-104184,30,hardware,0.25,0.00992,,,2021-03-12
P-104184,40,press_brake,0.8,0.02952,,TS-14GA-1,2021-03-12
P-104184,50,inspection_pack,0.15,0.00448,,,2021-03-12
P-104189,10,laser,0.2,0.00763,,,2023-12-07
P-104189,20,grind_deburr,0.2,0.00178,,,2023-12-07
P-104189,30,press_brake,0.52,0.00516,,TS-14GA-2,2023-12-07
P-104189,40,hardware,0.25,0.01371,,,2023-12-07
P-104189,50,weld,0.5,0.01072,,,2023-12-07
P-104189,60,grind_deburr,0.2,0.00192,,,2023-12-07
P-104189,70,powder_coat,0.25,0.00176,,,2023-12-07
P-104189,80,inspection_pack,0.15,0.00538,,,2023-12-07
P-104192,10,laser,0.2,0.02289,,,2013-06-16
P-104192,20,grind_deburr,0.2,0.0037,,,2013-06-16
P-104192,30,press_brake,0.66,0.01908,,TS-14GA-2,2013-06-16
P-104192,40,inspection_pack,0.15,0.0084,,,2013-06-16
P-104194,10,laser,0.2,0.02671,,,2018-11-10
P-104194,20,grind_deburr,0.2,0.00274,,,2018-11-10
P-104194,30,press_brake,0.59,0.01116,,TS-18GA-3,2018-11-10
P-104194,40,hardware,0.25,0.01727,,,2018-11-10
P-104194,50,outside_processing,0.0,0.0,V-1040,,2018-11-10
P-104194,60,inspection_pack,0.15,0.00426,,,2018-11-10
P-104201,10,laser,0.2,0.0126,,,2020-06-19
P-104201,20,grind_deburr,0.2,0.00288,,,2020-06-19
P-104201,30,press_brake,0.73,0.02076,,TS-18GA-3,2020-06-19
P-104201,40,weld,0.5,0.04645,,,2020-06-19
P-104201,50,grind_deburr,0.2,0.00164,,,2020-06-19
P-104201,60,powder_coat,0.25,0.00225,,,2020-06-19
P-104201,70,inspection_pack,0.15,0.00661,,,2020-06-19
P-104203,10,laser,0.2,0.02648,,,2022-02-02
P-104203,20,grind_deburr,0.2,0.00671,,,2022-02-02
P-104203,30,press_brake,1.01,0.05113,,TS-14GA-2,2022-02-02
P-104203,40,robotic_weld,1.2,0.01434,,,2022-02-02
P-104203,50,grind_deburr,0.2,0.00425,,,2022-02-02
P-104203,60,press_brake,0.87,0.0384,,TS-14GA-2,2022-02-02
P-104203,70,inspection_pack,0.15,0.00829,,,2022-02-02
P-104212,10,laser,0.2,0.00775,,,2017-11-16
P-104212,20,grind_deburr,0.2,0.00274,,,2017-11-16
P-104212,30,press_brake,0.59,0.01032,,TS-16GA-3,2017-11-16
P-104212,40,hardware,0.25,0.0262,,,2017-11-16
P-104212,50,inspection_pack,0.15,0.00571,,,2017-11-16
P-104220,10,laser,0.2,0.03781,,,2012-01-24
P-104220,20,grind_deburr,0.2,0.00288,,,2012-01-24
P-104220,30,press_brake,0.8,0.03036,,TS-16GA-1,2012-01-24
P-104220,40,powder_coat,0.25,0.00465,,,2012-01-24
P-104220,50,inspection_pack,0.15,0.00549,,,2012-01-24
P-104227,10,laser,0.2,0.03665,,,2014-01-16
P-104227,20,press_brake,0.87,0.04068,,TS-14GA-1,2014-01-16
P-104227,30,robotic_weld,1.2,0.03045,,,2014-01-16
P-104227,40,grind_deburr,0.2,0.00822,,,2014-01-16
P-104227,50,inspection_pack,0.15,0.00963,,,2014-01-16
P-104228,10,laser,0.2,0.01203,,,2020-10-14
P-104228,20,press_brake,0.59,0.01032,,TS-18GA-3,2020-10-14
P-104228,30,outside_processing,0.0,0.0,V-1040,,2020-10-14
P-104228,40,inspection_pack,0.15,0.00739,,,2020-10-14
P-104235,10,laser,0.2,0.05689,,,2016-06-28
P-104235,20,grind_deburr,0.2,0.01329,,,2016-06-28
P-104235,30,press_brake,1.01,0.08029,,TS-12GA-3,2016-06-28
P-104235,40,weld,0.5,0.09669,,,2016-06-28
P-104235,50,grind_deburr,0.2,0.00918,,,2016-06-28
P-104235,60,powder_coat,0.25,0.01123,,,2016-06-28
P-104235,70,inspection_pack,0.15,0.00493,,,2016-06-28
P-104242,10,laser,0.2,0.02995,,,2015-04-04
P-104242,20,grind_deburr,0.2,0.00274,,,2015-04-04
P-104242,30,press_brake,0.66,0.01872,,TS-16GA-1,2015-04-04
P-104242,40,powder_coat,0.25,0.00561,,,2015-04-04
P-104242,50,inspection_pack,0.15,0.00986,,,2015-04-04
P-104246,10,punch,0.5,0.0463,,,2020-09-01
P-104246,20,grind_deburr,0.2,0.00562,,,2020-09-01
P-104246,30,press_brake,0.87,0.04981,,TS-16GA-1,2020-09-01
P-104246,40,assembly,0.3,0.06274,,,2020-09-01
P-104246,50,inspection_pack,0.15,0.00448,,,2020-09-01
P-104251,10,laser,0.2,0.09412,,,2016-11-06
P-104251,20,grind_deburr,0.2,0.0063,,,2016-11-06
P-104251,30,press_brake,0.8,0.04104,,TS-18GA-2,2016-11-06
P-104251,40,press_brake,0.73,0.03276,,TS-18GA-2,2016-11-06
P-104251,50,powder_coat,0.25,0.01139,,,2016-11-06
P-104251,60,inspection_pack,0.15,0.00582,,,2016-11-06
P-104256,10,laser,0.2,0.00983,,,2015-05-08
P-104256,20,press_brake,0.8,0.02592,,TS-16GA-3,2015-05-08
P-104256,30,hardware,0.25,0.00894,,,2015-05-08
P-104256,40,weld,0.5,0.01217,,,2015-05-08
P-104256,50,grind_deburr,0.2,0.0011,,,2015-05-08
P-104256,60,inspection_pack,0.15,0.00638,,,2015-05-08
P-104260,10,laser,0.2,0.02578,,,2024-02-21
P-104260,20,press_brake,0.66,0.02208,,TS-11GA-2,2024-02-21
P-104260,30,hardware,0.25,0.02914,,,2024-02-21
P-104260,40,weld,0.5,0.17082,,,2024-02-21
P-104260,50,grind_deburr,0.2,0.00589,,,2024-02-21
P-104260,60,powder_coat,0.25,0.01123,,,2024-02-21
P-104260,70,inspection_pack,0.15,0.00874,,,2024-02-21
P-104266,10,punch,0.5,0.02305,,,2015-09-13
P-104266,20,grind_deburr,0.2,0.00219,,,2015-09-13
P-104266,30,press_brake,0.87,0.03876,,TS-18GA-2,2015-09-13
P-104266,40,robotic_weld,1.2,0.05065,,,2015-09-13
P-104266,50,grind_deburr,0.2,0.00219,,,2015-09-13
P-104266,60,outside_processing,0.0,0.0,V-1102,,2015-09-13
P-104266,70,outside_processing,0.0,0.0,V-1040,,2015-09-13
P-104266,80,inspection_pack,0.15,0.00526,,,2015-09-13
P-104273,10,laser,0.2,0.02347,,,2015-09-26
P-104273,20,grind_deburr,0.2,0.00233,,,2015-09-26
P-104273,30,press_brake,0.66,0.01608,,TS-18GA-1,2015-09-26
P-104273,40,hardware,0.25,0.02939,,,2015-09-26
P-104273,50,powder_coat,0.25,0.00128,,,2015-09-26
P-104273,60,inspection_pack,0.15,0.01008,,,2015-09-26
P-104278,10,laser,0.2,0.01041,,,2021-12-02
P-104278,20,grind_deburr,0.2,0.0011,,,2021-12-02
P-104278,30,press_brake,0.73,0.02076,,TS-20GA-2,2021-12-02
P-104278,40,hardware,0.25,0.02339,,,2021-12-02
P-104278,50,inspection_pack,0.15,0.00862,,,2021-12-02
P-104282,10,laser,0.2,0.03365,,,2017-07-16
P-104282,20,grind_deburr,0.2,0.00397,,,2017-07-16
P-104282,30,press_brake,0.8,0.02964,,TS-12GA-2,2017-07-16
P-104282,40,weld,0.5,0.0355,,,2017-07-16
P-104282,50,grind_deburr,0.2,0.00589,,,2017-07-16
P-104282,60,inspection_pack,0.15,0.00504,,,2017-07-16
P-104283,10,laser,0.2,0.01341,,,2019-01-09
P-104283,20,grind_deburr,0.2,0.00164,,,2019-01-09
P-104283,30,press_brake,0.59,0.01032,,TS-14GA-1,2019-01-09
P-104283,40,inspection_pack,0.15,0.0047,,,2019-01-09
P-104284,10,laser,0.2,0.08556,,,2015-05-15
P-104284,20,grind_deburr,0.2,0.00576,,,2015-05-15
P-104284,30,press_brake,1.08,0.06997,,TS-16GA-3,2015-05-15
P-104284,40,powder_coat,0.25,0.00642,,,2015-05-15
P-104284,50,assembly,0.3,0.09125,,,2015-05-15
P-104284,60,inspection_pack,0.15,0.00717,,,2015-05-15
P-104288,10,laser,0.2,0.01226,,,2021-10-22
P-104288,20,grind_deburr,0.2,0.00192,,,2021-10-22
P-104288,30,press_brake,0.94,0.03672,,TS-16GA-1,2021-10-22
P-104288,40,weld,0.5,0.03059,,,2021-10-22
P-104288,50,grind_deburr,0.2,0.0011,,,2021-10-22
P-104288,60,powder_coat,0.25,0.00209,,,2021-10-22
P-104288,70,inspection_pack,0.15,0.01008,,,2021-10-22
P-104292,10,laser,0.2,0.01191,,,2017-01-23
P-104292,20,press_brake,0.66,0.0156,,TS-18GA-2,2017-01-23
P-104292,30,outside_processing,0.0,0.0,V-1040,,2017-01-23
P-104292,40,inspection_pack,0.15,0.00482,,,2017-01-23
P-104294,10,punch,0.5,0.01366,,,2022-08-25
P-104294,20,grind_deburr,0.2,0.00164,,,2022-08-25
P-104294,30,press_brake,0.94,0.04248,,TS-16GA-1,2022-08-25
P-104294,40,press_brake,0.8,0.03036,,TS-16GA-1,2022-08-25
P-104294,50,powder_coat,0.25,0.0061,,,2022-08-25
P-104294,60,inspection_pack,0.15,0.00571,,,2022-08-25
P-104302,10,laser,0.2,0.02463,,,2013-09-19
P-104302,20,grind_deburr,0.2,0.00617,,,2013-09-19
P-104302,30,press_brake,0.94,0.04452,,TS-14GA-3,2013-09-19
P-104302,40,assembly,0.3,0.08127,,,2013-09-19
P-104302,50,inspection_pack,0.15,0.00672,,,2013-09-19
P-104303,10,laser,0.2,0.01098,,,2014-09-23
P-104303,20,grind_deburr,0.2,0.00164,,,2014-09-23
P-104303,30,press_brake,0.66,0.0156,,TS-18GA-2,2014-09-23
P-104303,40,powder_coat,0.25,0.00209,,,2014-09-23
P-104303,50,inspection_pack,0.15,0.00594,,,2014-09-23
P-104309,10,laser,0.2,0.0496,,,2019-04-18
P-104309,20,grind_deburr,0.2,0.00411,,,2019-04-18
P-104309,30,press_brake,1.08,0.05605,,TS-11GA-2,2019-04-18
P-104309,40,powder_coat,0.25,0.00321,,,2019-04-18
P-104309,50,assembly,0.3,0.09257,,,2019-04-18
P-104309,60,inspection_pack,0.15,0.00448,,,2019-04-18
P-104323,10,laser,0.2,0.0089,,,2015-08-20
P-104323,20,grind_deburr,0.2,0.00123,,,2015-08-20
P-104323,30,press_brake,0.73,0.02076,,TS-20GA-2,2015-08-20
P-104323,40,powder_coat,0.25,0.00192,,,2015-08-20
P-104323,50,inspection_pack,0.15,0.01053,,,2015-08-20
P-104335,10,laser,0.2,0.01919,,,2012-10-16
P-104335,20,grind_deburr,0.2,0.00274,,,2012-10-16
P-104335,30,press_brake,0.66,0.0156,,TS-14GA-2,2012-10-16
P-104335,40,weld,0.5,0.03885,,,2012-10-16
P-104335,50,grind_deburr,0.2,0.00206,,,2012-10-16
P-104335,60,inspection_pack,0.15,0.00986,,,2012-10-16
P-104339,10,laser,0.2,0.01977,,,2023-11-17
P-104339,20,grind_deburr,0.2,0.0026,,,2023-11-17
P-104339,30,press_brake,0.87,0.03108,,TS-16GA-3,2023-11-17
P-104339,40,inspection_pack,0.15,0.0037,,,2023-11-17
P-104342,10,laser,0.2,0.05862,,,2023-05-24
P-104342,20,grind_deburr,0.2,0.00589,,,2023-05-24
P-104342,30,press_brake,1.15,0.09397,,TS-16GA-1,2023-05-24
P-104342,40,hardware,0.25,0.018,,,2023-05-24
P-104342,50,robotic_weld,1.2,0.04337,,,2023-05-24
P-104342,60,grind_deburr,0.2,0.0174,,,2023-05-24
P-104342,70,inspection_pack,0.15,0.00459,,,2023-05-24
P-104344,10,punch,0.5,0.01482,,,2013-12-01
P-104344,20,press_brake,1.36,0.07969,,TS-18GA-1,2013-12-01
P-104344,30,hardware,0.25,0.01396,,,2013-12-01
P-104344,40,weld,0.5,0.14123,,,2013-12-01
P-104344,50,grind_deburr,0.2,0.00151,,,2013-12-01
P-104344,60,outside_processing,0.0,0.0,V-1077,,2013-12-01
P-104344,70,inspection_pack,0.15,0.00672,,,2013-12-01
P-104357,10,laser,0.2,0.0385,,,2018-07-27
P-104357,20,press_brake,1.01,0.05101,,TS-16GA-1,2018-07-27
P-104357,30,hardware,0.25,0.018,,,2018-07-27
P-104357,40,weld,0.5,0.04176,,,2018-07-27
P-104357,50,grind_deburr,0.2,0.00274,,,2018-07-27
P-104357,60,outside_processing,0.0,0.0,V-1040,,2018-07-27
P-104357,70,inspection_pack,0.15,0.00784,,,2018-07-27
P-104359,10,laser,0.2,0.01388,,,2021-02-05
P-104359,20,grind_deburr,0.2,0.00164,,,2021-02-05
P-104359,30,press_brake,0.8,0.0264,,TS-18GA-1,2021-02-05
P-104359,40,hardware,0.25,0.02657,,,2021-02-05
P-104359,50,weld,0.5,0.05046,,,2021-02-05
P-104359,60,grind_deburr,0.2,0.00247,,,2021-02-05
P-104359,70,outside_processing,0.0,0.0,V-1077,,2021-02-05
P-104359,80,assembly,0.3,0.10365,,,2021-02-05
P-104359,90,inspection_pack,0.15,0.00862,,,2021-02-05
P-104360,10,laser,0.2,0.04001,,,2013-11-28
P-104360,20,grind_deburr,0.2,0.00452,,,2013-11-28
P-104360,30,press_brake,0.8,0.03012,,TS-0.125IN-2,2013-11-28
P-104360,40,powder_coat,0.25,0.00192,,,2013-11-28
P-104360,50,inspection_pack,0.15,0.00806,,,2013-11-28
P-104363,10,laser,0.2,0.01098,,,2020-09-01
P-104363,20,grind_deburr,0.2,0.0026,,,2020-09-01
P-104363,30,press_brake,0.66,0.0156,,TS-16GA-1,2020-09-01
P-104363,40,outside_processing,0.0,0.0,V-1040,,2020-09-01
P-104363,50,inspection_pack,0.15,0.00325,,,2020-09-01
P-104371,10,laser,0.2,0.02844,,,2016-07-09
P-104371,20,press_brake,0.87,0.03432,,TS-18GA-1,2016-07-09
P-104371,30,inspection_pack,0.15,0.0056,,,2016-07-09
P-104374,10,laser,0.2,0.04405,,,2020-12-13
P-104374,20,grind_deburr,0.2,0.00671,,,2020-12-13
P-104374,30,press_brake,1.01,0.05677,,TS-16GA-1,2020-12-13
P-104374,40,hardware,0.25,0.01861,,,2020-12-13
P-104374,50,weld,0.5,0.17908,,,2020-12-13
P-104374,60,grind_deburr,0.2,0.00726,,,2020-12-13
P-104374,70,powder_coat,0.25,0.00337,,,2020-12-13
P-104374,80,inspection_pack,0.15,0.0047,,,2020-12-13
P-104380,10,laser,0.2,0.01584,,,2016-04-27
P-104380,20,press_brake,0.59,0.01032,,TS-11GA-1,2016-04-27
P-104380,30,outside_processing,0.0,0.0,V-1040,,2016-04-27
P-104380,40,inspection_pack,0.15,0.00448,,,2016-04-27
P-104385,10,laser,0.2,0.04475,,,2019-04-23
P-104385,20,grind_deburr,0.2,0.00301,,,2019-04-23
P-104385,30,press_brake,0.66,0.0228,,TS-11GA-3,2019-04-23
P-104385,40,inspection_pack,0.15,0.00806,,,2019-04-23
P-104387,10,laser,0.2,0.0096,,,2024-07-03
P-104387,20,grind_deburr,0.2,0.0026,,,2024-07-03
P-104387,30,press_brake,0.73,0.02076,,TS-18GA-1,2024-07-03
P-104387,40,outside_processing,0.0,0.0,V-1040,,2024-07-03
P-104387,50,inspection_pack,0.15,0.00728,,,2024-07-03
P-104392,10,punch,0.5,0.0031,,,2020-01-30
P-104392,20,grind_deburr,0.2,0.00082,,,2020-01-30
P-104392,30,press_brake,0.59,0.01032,,TS-0.250IN-1,2020-01-30
P-104392,40,weld,0.5,0.03227,,,2020-01-30
P-104392,50,grind_deburr,0.2,0.00123,,,2020-01-30
P-104392,60,powder_coat,0.25,0.00257,,,2020-01-30
P-104392,70,inspection_pack,0.15,0.00683,,,2020-01-30
P-104398,10,laser,0.2,0.03885,,,2019-08-15
P-104398,20,grind_deburr,0.2,0.00384,,,2019-08-15
P-104398,30,press_brake,0.87,0.04056,,TS-18GA-3,2019-08-15
P-104398,40,hardware,0.25,0.02033,,,2019-08-15
P-104398,50,inspection_pack,0.15,0.00997,,,2019-08-15
P-104400,10,punch,0.5,0.04001,,,2023-12-28
P-104400,20,grind_deburr,0.2,0.00301,,,2023-12-28
P-104400,30,press_brake,0.87,0.04404,,TS-18GA-2,2023-12-28
P-104400,40,hardware,0.25,0.00931,,,2023-12-28
P-104400,50,outside_processing,0.0,0.0,V-1040,,2023-12-28
P-104400,60,assembly,0.3,0.0895,,,2023-12-28
P-104400,70,inspection_pack,0.15,0.00437,,,2023-12-28
P-104401,10,laser,0.2,0.02393,,,2017-11-11
P-104401,20,grind_deburr,0.2,0.00274,,,2017-11-11
P-104401,30,press_brake,0.94,0.04092,,TS-20GA-1,2017-11-11
P-104401,40,weld,0.5,0.11589,,,2017-11-11
P-104401,50,grind_deburr,0.2,0.0037,,,2017-11-11
P-104401,60,outside_processing,0.0,0.0,V-1040,,2017-11-11
P-104401,70,inspection_pack,0.15,0.00549,,,2017-11-11
P-104409,10,laser,0.2,0.01388,,,2018-04-13
P-104409,20,grind_deburr,0.2,0.00069,,,2018-04-13
P-104409,30,press_brake,0.52,0.00516,,TS-16GA-3,2018-04-13
P-104409,40,hardware,0.25,0.01384,,,2018-04-13
P-104409,50,weld,0.5,0.00703,,,2018-04-13
P-104409,60,grind_deburr,0.2,0.00096,,,2018-04-13
P-104409,70,powder_coat,0.25,0.00192,,,2018-04-13
P-104409,80,inspection_pack,0.15,0.01031,,,2018-04-13
P-104413,10,laser,0.2,0.10904,,,2017-08-12
P-104413,20,press_brake,1.22,0.12409,,TS-18GA-2,2017-08-12
P-104413,30,outside_processing,0.0,0.0,V-1102,,2017-08-12
P-104413,40,powder_coat,0.25,0.02278,,,2017-08-12
P-104413,50,inspection_pack,0.15,0.01019,,,2017-08-12
P-104415,10,laser,0.2,0.09655,,,2023-12-03
P-104415,20,grind_deburr,0.2,0.00904,,,2023-12-03
P-104415,30,press_brake,0.73,0.0336,,TS-0.125IN-2,2023-12-03
P-104415,40,press_brake,0.59,0.0168,,TS-0.125IN-2,2023-12-03
P-104415,50,inspection_pack,0.15,0.01031,,,2023-12-03
P-104417,10,laser,0.2,0.01029,,,2019-05-19
P-104417,20,grind_deburr,0.2,0.00192,,,2019-05-19
P-104417,30,press_brake,0.52,0.00516,,TS-14GA-3,2019-05-19
P-104417,40,inspection_pack,0.15,0.00717,,,2019-05-19
P-104422,10,laser,0.2,0.02659,,,2018-05-08
P-104422,20,grind_deburr,0.2,0.00288,,,2018-05-08
P-104422,30,press_brake,1.29,0.07249,,TS-16GA-3,2018-05-08
P-104422,40,hardware,0.25,0.02216,,,2018-05-08
P-104422,50,robotic_weld,1.2,0.02648,,,2018-05-08
P-104422,60,grind_deburr,0.2,0.00192,,,2018-05-08
P-104422,70,powder_coat,0.25,0.00241,,,2018-05-08
P-104422,80,outside_processing,0.0,0.0,V-1077,,2018-05-08
P-104422,90,assembly,0.3,0.02698,,,2018-05-08
P-104422,100,inspection_pack,0.15,0.00538,,,2018-05-08
P-104424,10,laser,0.2,0.03874,,,2019-06-30
P-104424,20,grind_deburr,0.2,0.0137,,,2019-06-30
P-104424,30,press_brake,0.8,0.0432,,TS-14GA-1,2019-06-30
P-104424,40,press_brake,0.73,0.03456,,TS-14GA-1,2019-06-30
P-104424,50,inspection_pack,0.15,0.00784,,,2019-06-30
P-104429,10,laser,0.2,0.13494,,,2013-10-16
P-104429,20,grind_deburr,0.2,0.00987,,,2013-10-16
P-104429,30,press_brake,1.15,0.09313,,TS-14GA-1,2013-10-16
P-104429,40,weld,0.5,0.08418,,,2013-10-16
P-104429,50,grind_deburr,0.2,0.00809,,,2013-10-16
P-104429,60,assembly,0.3,0.08347,,,2013-10-16
P-104429,70,inspection_pack,0.15,0.0093,,,2013-10-16
P-104435,10,laser,0.2,0.03596,,,2017-08-16
P-104435,20,press_brake,0.8,0.02916,,TS-20GA-1,2017-08-16
P-104435,30,weld,0.5,0.09747,,,2017-08-16
P-104435,40,grind_deburr,0.2,0.00164,,,2017-08-16
P-104435,50,powder_coat,0.25,0.00369,,,2017-08-16
P-104435,60,inspection_pack,0.15,0.00896,,,2017-08-16
P-104443,10,laser,0.2,0.05955,,,2019-12-22
P-104443,20,grind_deburr,0.2,0.0222,,,2019-12-22
P-104443,30,press_brake,1.22,0.11869,,TS-14GA-2,2019-12-22
P-104443,40,hardware,0.25,0.02596,,,2019-12-22
P-104443,50,weld,0.5,0.10417,,,2019-12-22
P-104443,60,grind_deburr,0.2,0.01809,,,2019-12-22
P-104443,70,outside_processing,0.0,0.0,V-1040,,2019-12-22
P-104443,80,assembly,0.3,0.06537,,,2019-12-22
P-104443,90,inspection_pack,0.15,0.00638,,,2019-12-22
P-104445,10,punch,0.5,0.01995,,,2015-12-15
P-104445,20,grind_deburr,0.2,0.0037,,,2015-12-15
P-104445,30,press_brake,0.73,0.02688,,TS-16GA-2,2015-12-15
P-104445,40,weld,0.5,0.15966,,,2015-12-15
P-104445,50,grind_deburr,0.2,0.0063,,,2015-12-15
P-104445,60,powder_coat,0.25,0.00417,,,2015-12-15
P-104445,70,inspection_pack,0.15,0.00381,,,2015-12-15
P-104453,10,laser,0.2,0.04382,,,2017-11-24
P-104453,20,grind_deburr,0.2,0.00425,,,2017-11-24
P-104453,30,press_brake,0.8,0.03156,,TS-0.250IN-2,2017-11-24
P-104453,40,hardware,0.25,0.0202,,,2017-11-24
P-104453,50,weld,0.5,0.15709,,,2017-11-24
P-104453,60,grind_deburr,0.2,0.0037,,,2017-11-24
P-104453,70,powder_coat,0.25,0.00561,,,2017-11-24
P-104453,80,inspection_pack,0.15,0.00739,,,2017-11-24
P-104456,10,laser,0.2,0.04174,,,2022-02-22
P-104456,20,grind_deburr,0.2,0.0074,,,2022-02-22
P-104456,30,press_brake,0.8,0.03324,,TS-16GA-3,2022-02-22
P-104456,40,weld,0.5,0.10071,,,2022-02-22
P-104456,50,grind_deburr,0.2,0.00301,,,2022-02-22
P-104456,60,outside_processing,0.0,0.0,V-1040,,2022-02-22
P-104456,70,assembly,0.3,0.10123,,,2022-02-22
P-104456,80,inspection_pack,0.15,0.00549,,,2022-02-22
P-104460,10,laser,0.2,0.02012,,,2019-05-28
P-104460,20,grind_deburr,0.2,0.00603,,,2019-05-28
P-104460,30,press_brake,0.66,0.01956,,TS-18GA-1,2019-05-28
P-104460,40,outside_processing,0.0,0.0,V-1040,,2019-05-28
P-104460,50,assembly,0.3,0.09257,,,2019-05-28
P-104460,60,inspection_pack,0.15,0.0047,,,2019-05-28
P-104467,10,laser,0.2,0.02486,,,2019-08-10
P-104467,20,grind_deburr,0.2,0.01055,,,2019-08-10
P-104467,30,press_brake,0.87,0.04308,,TS-11GA-3,2019-08-10
P-104467,40,hardware,0.25,0.01555,,,2019-08-10
P-104467,50,weld,0.5,0.23625,,,2019-08-10
P-104467,60,grind_deburr,0.2,0.0063,,,2019-08-10
P-104467,70,outside_processing,0.0,0.0,V-1040,,2019-08-10
P-104467,80,assembly,0.3,0.07842,,,2019-08-10
P-104467,90,inspection_pack,0.15,0.00952,,,2019-08-10
P-104472,10,punch,0.5,0.01405,,,2017-10-30
P-104472,20,grind_deburr,0.2,0.00343,,,2017-10-30
P-104472,30,press_brake,0.94,0.04056,,TS-14GA-1,2017-10-30
P-104472,40,weld,0.5,0.05448,,,2017-10-30
P-104472,50,grind_deburr,0.2,0.00356,,,2017-10-30
P-104472,60,outside_processing,0.0,0.0,V-1040,,2017-10-30
P-104472,70,assembly,0.3,0.10924,,,2017-10-30
P-104472,80,inspection_pack,0.15,0.00963,,,2017-10-30
P-104475,10,laser,0.2,0.01642,,,2019-08-11
P-104475,20,grind_deburr,0.2,0.00247,,,2019-08-11
P-104475,30,press_brake,0.66,0.0156,,TS-12GA-2,2019-08-11
P-104475,40,hardware,0.25,0.02388,,,2019-08-11
P-104475,50,inspection_pack,0.15,0.00728,,,2019-08-11
P-104478,10,punch,0.5,0.0062,,,2021-04-29
P-104478,20,grind_deburr,0.2,0.00123,,,2021-04-29
P-104478,30,press_brake,1.01,0.04152,,TS-18GA-1,2021-04-29
P-104478,40,hardware,0.25,0.02278,,,2021-04-29
P-104478,50,weld,0.5,0.03774,,,2021-04-29
P-104478,60,grind_deburr,0.2,0.00233,,,2021-04-29
P-104478,70,outside_processing,0.0,0.0,V-1040,,2021-04-29
P-104478,80,inspection_pack,0.15,0.00952,,,2021-04-29
P-104482,10,laser,0.2,0.01237,,,2015-03-05
P-104482,20,press_brake,0.73,0.02076,,TS-16GA-1,2015-03-05
P-104482,30,inspection_pack,0.15,0.00549,,,2015-03-05
P-104483,10,laser,0.2,0.06799,,,2020-07-05
P-104483,20,press_brake,0.59,0.01452,,TS-11GA-1,2020-07-05
P-104483,30,weld,0.5,0.04957,,,2020-07-05
P-104483,40,grind_deburr,0.2,0.0074,,,2020-07-05
P-104483,50,inspection_pack,0.15,0.00459,,,2020-07-05
P-104491,10,laser,0.2,0.0947,,,2013-12-14
P-104491,20,grind_deburr,0.2,0.00411,,,2013-12-14
P-104491,30,press_brake,1.01,0.06265,,TS-12GA-2,2013-12-14
P-104491,40,hardware,0.25,0.00784,,,2013-12-14
P-104491,50,weld,0.5,0.1524,,,2013-12-14
P-104491,60,grind_deburr,0.2,0.0048,,,2013-12-14
P-104491,70,outside_processing,0.0,0.0,V-1040,,2013-12-14
P-104491,80,inspection_pack,0.15,0.00638,,,2013-12-14
P-104492,10,laser,0.2,0.01642,,,2016-03-07
P-104492,20,grind_deburr,0.2,0.00192,,,2016-03-07
P-104492,30,press_brake,0.8,0.02592,,TS-18GA-3,2016-03-07
P-104492,40,inspection_pack,0.15,0.00616,,,2016-03-07
P-104493,10,laser,0.2,0.04429,,,2022-08-08
P-104493,20,grind_deburr,0.2,0.00178,,,2022-08-08
P-104493,30,press_brake,0.8,0.0312,,TS-12GA-3,2022-08-08
P-104493,40,outside_processing,0.0,0.0,V-1040,,2022-08-08
P-104493,50,inspection_pack,0.15,0.01053,,,2022-08-08
P-104495,10,laser,0.2,0.03284,,,2017-07-30
P-104495,20,grind_deburr,0.2,0.01247,,,2017-07-30
P-104495,30,press_brake,0.8,0.0426,,TS-18GA-1,2017-07-30
P-104495,40,hardware,0.25,0.02192,,,2017-07-30
P-104495,50,weld,0.5,0.25054,,,2017-07-30
P-104495,60,grind_deburr,0.2,0.00644,,,2017-07-30
P-104495,70,press_brake,0.73,0.03408,,TS-18GA-1,2017-07-30
P-104495,80,powder_coat,0.25,0.00898,,,2017-07-30
P-104495,90,inspection_pack,0.15,0.00302,,,2017-07-30
P-104500,10,laser,0.2,0.04879,,,2022-05-27
P-104500,20,grind_deburr,0.2,0.00206,,,2022-05-27
P-104500,30,press_brake,0.66,0.01896,,TS-14GA-3,2022-05-27
P-104500,40,hardware,0.25,0.02118,,,2022-05-27
P-104500,50,weld,0.5,0.04198,,,2022-05-27
P-104500,60,grind_deburr,0.2,0.00452,,,2022-05-27
P-104500,70,powder_coat,0.25,0.00674,,,2022-05-27
P-104500,80,inspection_pack,0.15,0.00952,,,2022-05-27
P-104504,10,laser,0.2,0.17772,,,2016-10-30
P-104504,20,grind_deburr,0.2,0.0259,,,2016-10-30
P-104504,30,press_brake,1.22,0.12409,,TS-14GA-2,2016-10-30
P-104504,40,robotic_weld,1.2,0.12237,,,2016-10-30
P-104504,50,grind_deburr,0.2,0.01507,,,2016-10-30
P-104504,60,inspection_pack,0.15,0.00493,,,2016-10-30
P-104515,10,punch,0.5,0.00465,,,2014-06-05
P-104515,20,grind_deburr,0.2,0.00178,,,2014-06-05
P-104515,30,press_brake,0.66,0.0156,,TS-16GA-2,2014-06-05
P-104515,40,hardware,0.25,0.01641,,,2014-06-05
P-104515,50,inspection_pack,0.15,0.0028,,,2014-06-05
P-104521,10,punch,0.5,0.01695,,,2014-04-26
P-104521,20,grind_deburr,0.2,0.00288,,,2014-04-26
P-104521,30,press_brake,0.87,0.03456,,TS-16GA-1,2014-04-26
P-104521,40,weld,0.5,0.09457,,,2014-04-26
P-104521,50,grind_deburr,0.2,0.00206,,,2014-04-26
P-104521,60,inspection_pack,0.15,0.00874,,,2014-04-26
P-104529,10,laser,0.2,0.01295,,,2016-08-03
P-104529,20,grind_deburr,0.2,0.00123,,,2016-08-03
P-104529,30,press_brake,0.52,0.00516,,TS-20GA-1,2016-08-03
P-104529,40,hardware,0.25,0.018,,,2016-08-03
P-104529,50,outside_processing,0.0,0.0,V-1040,,2016-08-03
P-104529,60,inspection_pack,0.15,0.00694,,,2016-08-03
P-104532,10,laser,0.2,0.01052,,,2021-01-24
P-104532,20,grind_deburr,0.2,0.00343,,,2021-01-24
P-104532,30,press_brake,0.73,0.02184,,TS-18GA-3,2021-01-24
P-104532,40,hardware,0.25,0.02082,,,2021-01-24
P-104532,50,weld,0.5,0.05236,,,2021-01-24
P-104532,60,grind_deburr,0.2,0.00192,,,2021-01-24
P-104532,70,outside_processing,0.0,0.0,V-1077,,2021-01-24
P-104532,80,inspection_pack,0.15,0.01053,,,2021-01-24
P-104536,10,laser,0.2,0.09088,,,2023-03-14
P-104536,20,grind_deburr,0.2,0.00603,,,2023-03-14
P-104536,30,press_brake,0.87,0.04836,,TS-18GA-1,2023-03-14
P-104536,40,powder_coat,0.25,0.00738,,,2023-03-14
P-104536,50,inspection_pack,0.15,0.00437,,,2023-03-14
P-104545,10,laser,0.2,0.091,,,2013-09-18
P-104545,20,grind_deburr,0.2,0.00836,,,2013-09-18
P-104545,30,press_brake,1.36,0.13009,,TS-14GA-2,2013-09-18
P-104545,40,robotic_weld,1.2,0.11829,,,2013-09-18
P-104545,50,grind_deburr,0.2,0.00521,,,2013-09-18
P-104545,60,inspection_pack,0.15,0.01008,,,2013-09-18
P-104549,10,laser,0.2,0.04509,,,2023-01-29
P-104549,20,grind_deburr,0.2,0.0074,,,2023-01-29
P-104549,30,press_brake,0.66,0.02028,,TS-20GA-1,2023-01-29
P-104549,40,weld,0.5,0.10573,,,2023-01-29
P-104549,50,grind_deburr,0.2,0.00589,,,2023-01-29
P-104549,60,outside_processing,0.0,0.0,V-1040,,2023-01-29
P-104549,70,inspection_pack,0.15,0.00997,,,2023-01-29
P-104552,10,laser,0.2,0.00728,,,2016-07-17
P-104552,20,grind_deburr,0.2,0.00274,,,2016-07-17
P-104552,30,press_brake,0.52,0.00516,,TS-14GA-1,2016-07-17
P-104552,40,hardware,0.25,0.02388,,,2016-07-17
P-104552,50,powder_coat,0.25,0.00192,,,2016-07-17
P-104552,60,inspection_pack,0.15,0.0084,,,2016-07-17
P-104566,10,laser,0.2,0.01145,,,2017-01-27
P-104566,20,grind_deburr,0.2,0.00219,,,2017-01-27
P-104566,30,press_brake,0.66,0.0156,,TS-16GA-3,2017-01-27
P-104566,40,hardware,0.25,0.02204,,,2017-01-27
P-104566,50,outside_processing,0.0,0.0,V-1040,,2017-01-27
P-104566,60,inspection_pack,0.15,0.00762,,,2017-01-27
P-104570,10,punch,0.5,0.0061,,,2012-01-20
P-104570,20,grind_deburr,0.2,0.0011,,,2012-01-20
P-104570,30,press_brake,0.52,0.00516,,TS-14GA-2,2012-01-20
P-104570,40,powder_coat,0.25,0.0008,,,2012-01-20
P-104570,50,outside_processing,0.0,0.0,V-1077,,2012-01-20
P-104570,60,inspection_pack,0.15,0.00538,,,2012-01-20
P-104578,10,laser,0.2,0.05238,,,2021-04-23
P-104578,20,press_brake,0.94,0.05149,,TS-14GA-1,2021-04-23
P-104578,30,weld,0.5,0.11745,,,2021-04-23
P-104578,40,grind_deburr,0.2,0.01151,,,2021-04-23
P-104578,50,inspection_pack,0.15,0.00773,,,2021-04-23
P-104580,10,laser,0.2,0.04775,,,2020-04-29
P-104580,20,grind_deburr,0.2,0.00315,,,2020-04-29
P-104580,30,press_brake,0.59,0.01452,,TS-14GA-2,2020-04-29
P-104580,40,powder_coat,0.25,0.01011,,,2020-04-29
P-104580,50,inspection_pack,0.15,0.00818,,,2020-04-29
P-104585,10,punch,0.5,0.01046,,,2022-01-20
P-104585,20,grind_deburr,0.2,0.00137,,,2022-01-20
P-104585,30,press_brake,0.8,0.0264,,TS-12GA-3,2022-01-20
P-104585,40,outside_processing,0.0,0.0,V-1040,,2022-01-20
P-104585,50,inspection_pack,0.15,0.00459,,,2022-01-20
P-104595,10,laser,0.2,0.08186,,,2017-07-15
P-104595,20,grind_deburr,0.2,0.00713,,,2017-07-15
P-104595,30,press_brake,1.43,0.15794,,TS-16GA-1,2017-07-15
P-104595,40,hardware,0.25,0.00833,,,2017-07-15
P-104595,50,robotic_weld,1.2,0.13341,,,2017-07-15
P-104595,60,grind_deburr,0.2,0.02782,,,2017-07-15
P-104595,70,outside_processing,0.0,0.0,V-1040,,2017-07-15
P-104595,80,inspection_pack,0.15,0.00426,,,2017-07-15
P-104602,10,laser,0.2,0.02486,,,2012-12-31
P-104602,20,grind_deburr,0.2,0.0026,,,2012-12-31
P-104602,30,press_brake,0.73,0.0216,,TS-16GA-3,2012-12-31
P-104602,40,hardware,0.25,0.01237,,,2012-12-31
P-104602,50,weld,0.5,0.03796,,,2012-12-31
P-104602,60,grind_deburr,0.2,0.00164,,,2012-12-31
P-104602,70,inspection_pack,0.15,0.00302,,,2012-12-31
P-104605,10,laser,0.2,0.01353,,,2018-08-24
P-104605,20,press_brake,0.87,0.03108,,TS-14GA-3,2018-08-24
P-104605,30,weld,0.5,0.04544,,,2018-08-24
P-104605,40,grind_deburr,0.2,0.00247,,,2018-08-24
P-104605,50,outside_processing,0.0,0.0,V-1040,,2018-08-24
P-104605,60,inspection_pack,0.15,0.00739,,,2018-08-24
P-104612,10,laser,0.2,0.02937,,,2022-03-03
P-104612,20,grind_deburr,0.2,0.00288,,,2022-03-03
P-104612,30,press_brake,1.01,0.05017,,TS-14GA-1,2022-03-03
P-104612,40,hardware,0.25,0.01727,,,2022-03-03
P-104612,50,inspection_pack,0.15,0.00291,,,2022-03-03
P-104617,10,laser,0.2,0.07585,,,2017-11-10
P-104617,20,press_brake,1.01,0.05773,,TS-20GA-2,2017-11-10
P-104617,30,hardware,0.25,0.01433,,,2017-11-10
P-104617,40,weld,0.5,0.0939,,,2017-11-10
P-104617,50,grind_deburr,0.2,0.01055,,,2017-11-10
P-104617,60,assembly,0.3,0.10617,,,2017-11-10
P-104617,70,inspection_pack,0.15,0.00885,,,2017-11-10
P-104624,10,laser,0.2,0.01272,,,2012-04-14
P-104624,20,grind_deburr,0.2,0.00178,,,2012-04-14
P-104624,30,press_brake,0.66,0.01572,,TS-14GA-3,2012-04-14
P-104624,40,weld,0.5,0.01429,,,2012-04-14
P-104624,50,grind_deburr,0.2,0.00151,,,2012-04-14
P-104624,60,powder_coat,0.25,0.00112,,,2012-04-14
P-104624,70,inspection_pack,0.15,0.00907,,,2012-04-14
P-104629,10,laser,0.2,0.12291,,,2016-09-06
P-104629,20,grind_deburr,0.2,0.00795,,,2016-09-06
P-104629,30,press_brake,1.01,0.08689,,TS-16GA-3,2016-09-06
P-104629,40,outside_processing,0.0,0.0,V-1040,,2016-09-06
P-104629,50,inspection_pack,0.15,0.00325,,,2016-09-06
P-104636,10,laser,0.2,0.01018,,,2014-06-10
P-104636,20,grind_deburr,0.2,0.00151,,,2014-06-10
P-104636,30,press_brake,0.87,0.03144,,TS-16GA-3,2014-06-10
P-104636,40,robotic_weld,1.2,0.01832,,,2014-06-10
P-104636,50,grind_deburr,0.2,0.00137,,,2014-06-10
P-104636,60,powder_coat,0.25,0.00192,,,2014-06-10
P-104636,70,inspection_pack,0.15,0.00493,,,2014-06-10
P-104642,10,punch,0.5,0.0092,,,2016-06-21
P-104642,20,press_brake,0.73,0.02076,,TS-18GA-2,2016-06-21
P-104642,30,powder_coat,0.25,0.0008,,,2016-06-21
P-104642,40,inspection_pack,0.15,0.00762,,,2016-06-21
P-104643,10,laser,0.2,0.02393,,,2013-10-10
P-104643,20,grind_deburr,0.2,0.00521,,,2013-10-10
P-104643,30,press_brake,0.66,0.01752,,TS-16GA-2,2013-10-10
P-104643,40,hardware,0.25,0.01727,,,2013-10-10
P-104643,50,weld,0.5,0.07782,,,2013-10-10
P-104643,60,grind_deburr,0.2,0.00356,,,2013-10-10
P-104643,70,inspection_pack,0.15,0.00974,,,2013-10-10
P-104651,10,laser,0.2,0.01445,,,2020-03-14
P-104651,20,grind_deburr,0.2,0.00192,,,2020-03-14
P-104651,30,press_brake,0.73,0.02076,,TS-12GA-2,2020-03-14
P-104651,40,hardware,0.25,0.02302,,,2020-03-14
P-104651,50,inspection_pack,0.15,0.00918,,,2020-03-14
P-104653,10,laser,0.2,0.00532,,,2020-12-31
P-104653,20,grind_deburr,0.2,0.00219,,,2020-12-31
P-104653,30,press_brake,0.73,0.02076,,TS-16GA-2,2020-12-31
P-104653,40,inspection_pack,0.15,0.01053,,,2020-12-31
P-104657,10,laser,0.2,0.01272,,,2016-01-11
P-104657,20,grind_deburr,0.2,0.00096,,,2016-01-11
P-104657,30,press_brake,0.94,0.03636,,TS-16GA-3,2016-01-11
P-104657,40,hardware,0.25,0.02486,,,2016-01-11
P-104657,50,weld,0.5,0.03081,,,2016-01-11
P-104657,60,grind_deburr,0.2,0.00288,,,2016-01-11
P-104657,70,powder_coat,0.25,0.0016,,,2016-01-11
P-104657,80,inspection_pack,0.15,0.00336,,,2016-01-11
P-104663,10,laser,0.2,0.08996,,,2013-12-23
P-104663,20,grind_deburr,0.2,0.01124,,,2013-12-23
P-104663,30,press_brake,0.73,0.03504,,TS-16GA-3,2013-12-23
P-104663,40,robotic_weld,1.2,0.06521,,,2013-12-23
P-104663,50,grind_deburr,0.2,0.01727,,,2013-12-23
P-104663,60,press_brake,0.66,0.02628,,TS-16GA-3,2013-12-23
P-104663,70,inspection_pack,0.15,0.00627,,,2013-12-23
P-104672,10,laser,0.2,0.05342,,,2022-04-03
P-104672,20,grind_deburr,0.2,0.01302,,,2022-04-03
P-104672,30,press_brake,0.59,0.01524,,TS-18GA-2,2022-04-03
P-104672,40,powder_coat,0.25,0.00626,,,2022-04-03
P-104672,50,inspection_pack,0.15,0.00829,,,2022-04-03
P-104674,10,laser,0.2,0.01018,,,2021-04-06
P-104674,20,press_brake,0.59,0.01032,,TS-18GA-3,2021-04-06
P-104674,30,weld,0.5,0.02088,,,2021-04-06
P-104674,40,grind_deburr,0.2,0.00178,,,2021-04-06
P-104674,50,inspection_pack,0.15,0.00482,,,2021-04-06
P-104678,10,laser,0.2,0.07458,,,2017-10-08
P-104678,20,grind_deburr,0.2,0.01137,,,2017-10-08
P-104678,30,press_brake,0.73,0.02976,,TS-16GA-1,2017-10-08
P-104678,40,press_brake,0.59,0.01488,,TS-16GA-1,2017-10-08
P-104678,50,inspection_pack,0.15,0.00426,,,2017-10-08
P-104682,10,laser,0.2,0.01538,,,2021-05-06
P-104682,20,grind_deburr,0.2,0.0026,,,2021-05-06
P-104682,30,press_brake,0.66,0.0156,,TS-16GA-2,2021-05-06
P-104682,40,hardware,0.25,0.0251,,,2021-05-06
P-104682,50,weld,0.5,0.05705,,,2021-05-06
P-104682,60,grind_deburr,0.2,0.00123,,,2021-05-06
P-104682,70,powder_coat,0.25,0.00209,,,2021-05-06
P-104682,80,inspection_pack,0.15,0.01031,,,2021-05-06
P-104689,10,laser,0.2,0.03862,,,2017-08-07
P-104689,20,grind_deburr,0.2,0.00178,,,2017-08-07
P-104689,30,press_brake,0.59,0.01188,,TS-18GA-3,2017-08-07
P-104689,40,hardware,0.25,0.00955,,,2017-08-07
P-104689,50,weld,0.5,0.12002,,,2017-08-07
P-104689,60,grind_deburr,0.2,0.00384,,,2017-08-07
P-104689,70,outside_processing,0.0,0.0,V-1040,,2017-08-07
P-104689,80,inspection_pack,0.15,0.00672,,,2017-08-07
P-104693,10,laser,0.2,0.0762,,,2023-05-08
P-104693,20,grind_deburr,0.2,0.00603,,,2023-05-08
P-104693,30,press_brake,0.94,0.05125,,TS-16GA-1,2023-05-08
P-104693,40,hardware,0.25,0.02486,,,2023-05-08
P-104693,50,powder_coat,0.25,0.00962,,,2023-05-08
P-104693,60,inspection_pack,0.15,0.00918,,,2023-05-08
P-104701,10,laser,0.2,0.04671,,,2013-11-19
P-104701,20,press_brake,0.8,0.03396,,TS-11GA-1,2013-11-19
P-104701,30,powder_coat,0.25,0.00481,,,2013-11-19
P-104701,40,inspection_pack,0.15,0.0056,,,2013-11-19
P-104708,10,laser,0.2,0.06175,,,2012-05-13
P-104708,20,grind_deburr,0.2,0.00439,,,2012-05-13
P-104708,30,press_brake,0.8,0.036,,TS-18GA-1,2012-05-13
P-104708,40,powder_coat,0.25,0.00449,,,2012-05-13
P-104708,50,inspection_pack,0.15,0.00302,,,2012-05-13
P-104709,10,laser,0.2,0.05689,,,2018-05-29
P-104709,20,grind_deburr,0.2,0.00767,,,2018-05-29
P-104709,30,press_brake,0.8,0.03516,,TS-11GA-2,2018-05-29
P-104709,40,hardware,0.25,0.01494,,,2018-05-29
P-104709,50,powder_coat,0.25,0.00513,,,2018-05-29
P-104709,60,inspection_pack,0.15,0.00941,,,2018-05-29
P-104710,10,laser,0.2,0.03284,,,2019-05-19
P-104710,20,press_brake,1.29,0.07453,,TS-16GA-1,2019-05-19
P-104710,30,weld,0.5,0.12114,,,2019-05-19
P-104710,40,grind_deburr,0.2,0.00466,,,2019-05-19
P-104710,50,powder_coat,0.25,0.00674,,,2019-05-19
P-104710,60,inspection_pack,0.15,0.00381,,,2019-05-19
P-104716,10,laser,0.2,0.03272,,,2015-12-18
P-104716,20,grind_deburr,0.2,0.00754,,,2015-12-18
P-104716,30,press_brake,0.73,0.02892,,TS-14GA-2,2015-12-18
P-104716,40,weld,0.5,0.20655,,,2015-12-18
P-104716,50,grind_deburr,0.2,0.00411,,,2015-12-18
P-104716,60,powder_coat,0.25,0.00866,,,2015-12-18
P-104716,70,inspection_pack,0.15,0.00896,,,2015-12-18
P-104722,10,laser,0.2,0.02255,,,2013-05-22
P-104722,20,grind_deburr,0.2,0.00164,,,2013-05-22
P-104722,30,press_brake,1.01,0.05029,,TS-16GA-1,2013-05-22
P-104722,40,hardware,0.25,0.01837,,,2013-05-22
P-104722,50,weld,0.5,0.02691,,,2013-05-22
P-104722,60,grind_deburr,0.2,0.00685,,,2013-05-22
P-104722,70,outside_processing,0.0,0.0,V-1040,,2013-05-22
P-104722,80,inspection_pack,0.15,0.00885,,,2013-05-22
P-104724,10,punch,0.5,0.03371,,,2021-08-01
P-104724,20,press_brake,1.01,0.07777,,TS-16GA-2,2021-08-01
P-104724,30,weld,0.5,0.17015,,,2021-08-01
P-104724,40,grind_deburr,0.2,0.00781,,,2021-08-01
P-104724,50,inspection_pack,0.15,0.00739,,,2021-08-01
P-104734,10,laser,0.2,0.05458,,,2021-07-24
P-104734,20,grind_deburr,0.2,0.00671,,,2021-07-24
P-104734,30,press_brake,0.87,0.03996,,TS-14GA-3,2021-07-24
P-104734,40,powder_coat,0.25,0.00738,,,2021-07-24
P-104734,50,inspection_pack,0.15,0.00818,,,2021-07-24
P-104760,10,laser,0.2,0.01561,,,2021-03-26
P-104760,20,grind_deburr,0.2,0.00069,,,2021-03-26
P-104760,30,press_brake,0.59,0.01032,,TS-16GA-1,2021-03-26
P-104760,40,hardware,0.25,0.01114,,,2021-03-26
P-104760,50,powder_coat,0.25,0.00209,,,2021-03-26
P-104760,60,inspection_pack,0.15,0.00974,,,2021-03-26
P-104762,10,laser,0.2,0.01931,,,2022-09-23
P-104762,20,press_brake,0.66,0.0156,,TS-14GA-3,2022-09-23
P-104762,30,weld,0.5,0.04109,,,2022-09-23
P-104762,40,grind_deburr,0.2,0.00123,,,2022-09-23
P-104762,50,powder_coat,0.25,0.00209,,,2022-09-23
P-104762,60,inspection_pack,0.15,0.00851,,,2022-09-23
P-104763,10,laser,0.2,0.02752,,,2019-11-22
P-104763,20,grind_deburr,0.2,0.00219,,,2019-11-22
P-104763,30,press_brake,0.8,0.02796,,TS-16GA-2,2019-11-22
P-104763,40,hardware,0.25,0.02118,,,2019-11-22
P-104763,50,outside_processing,0.0,0.0,V-1102,,2019-11-22
P-104763,60,outside_processing,0.0,0.0,V-1040,,2019-11-22
P-104763,70,inspection_pack,0.15,0.01053,,,2019-11-22
P-104770,10,laser,0.2,0.01492,,,2014-05-13
P-104770,20,grind_deburr,0.2,0.00096,,,2014-05-13
P-104770,30,press_brake,0.73,0.02076,,TS-14GA-3,2014-05-13
P-104770,40,hardware,0.25,0.02314,,,2014-05-13
P-104770,50,inspection_pack,0.15,0.00358,,,2014-05-13
P-104774,10,laser,0.2,0.02498,,,2017-03-14
P-104774,20,grind_deburr,0.2,0.00685,,,2017-03-14
P-104774,30,press_brake,0.87,0.03936,,TS-20GA-2,2017-03-14
P-104774,40,outside_processing,0.0,0.0,V-1040,,2017-03-14
P-104774,50,assembly,0.3,0.08763,,,2017-03-14
P-104774,60,inspection_pack,0.15,0.00627,,,2017-03-14
P-104776,10,laser,0.2,0.03619,,,2020-08-07
P-104776,20,press_brake,1.01,0.07117,,TS-18GA-2,2020-08-07
P-104776,30,press_brake,0.87,0.05341,,TS-18GA-2,2020-08-07
P-104776,40,powder_coat,0.25,0.00706,,,2020-08-07
P-104776,50,inspection_pack,0.15,0.00638,,,2020-08-07
P-104777,10,punch,0.5,0.0061,,,2021-10-20
P-104777,20,grind_deburr,0.2,0.00247,,,2021-10-20
P-104777,30,press_brake,0.66,0.01644,,TS-16GA-1,2021-10-20
P-104777,40,weld,0.5,0.08083,,,2021-10-20
P-104777,50,grind_deburr,0.2,0.00397,,,2021-10-20
P-104777,60,outside_processing,0.0,0.0,V-1040,,2021-10-20
P-104777,70,assembly,0.3,0.10222,,,2021-10-20
P-104777,80,inspection_pack,0.15,0.00694,,,2021-10-20
P-104785,10,laser,0.2,0.01781,,,2022-11-15
P-104785,20,grind_deburr,0.2,0.00247,,,2022-11-15
P-104785,30,press_brake,0.59,0.01032,,TS-14GA-3,2022-11-15
P-104785,40,inspection_pack,0.15,0.00784,,,2022-11-15
P-104793,10,laser,0.2,0.04405,,,2016-02-28
P-104793,20,press_brake,0.8,0.03036,,TS-20GA-2,2016-02-28
P-104793,30,powder_coat,0.25,0.00481,,,2016-02-28
P-104793,40,inspection_pack,0.15,0.01042,,,2016-02-28
P-104798,10,laser,0.2,0.04244,,,2018-09-26
P-104798,20,grind_deburr,0.2,0.0048,,,2018-09-26
P-104798,30,press_brake,0.8,0.02988,,TS-16GA-3,2018-09-26
P-104798,40,inspection_pack,0.15,0.0075,,,2018-09-26
P-104806,10,punch,0.5,0.02189,,,2017-11-25
P-104806,20,grind_deburr,0.2,0.00699,,,2017-11-25
P-104806,30,press_brake,0.59,0.01308,,TS-14GA-1,2017-11-25
P-104806,40,hardware,0.25,0.01053,,,2017-11-25
P-104806,50,outside_processing,0.0,0.0,V-1040,,2017-11-25
P-104806,60,inspection_pack,0.15,0.00706,,,2017-11-25
P-104808,10,laser,0.2,0.00624,,,2022-12-01
P-104808,20,grind_deburr,0.2,0.00206,,,2022-12-01
P-104808,30,press_brake,0.52,0.00516,,TS-18GA-1,2022-12-01
P-104808,40,hardware,0.25,0.02792,,,2022-12-01
P-104808,50,inspection_pack,0.15,0.00504,,,2022-12-01
P-104814,10,laser,0.2,0.01919,,,2017-04-27
P-104814,20,grind_deburr,0.2,0.00192,,,2017-04-27
P-104814,30,press_brake,0.73,0.02076,,TS-14GA-2,2017-04-27
P-104814,40,outside_processing,0.0,0.0,V-1040,,2017-04-27
P-104814,50,inspection_pack,0.15,0.01042,,,2017-04-27
P-104820,10,laser,0.2,0.13471,,,2020-09-10
P-104820,20,press_brake,1.29,0.12037,,TS-12GA-2,2020-09-10
P-104820,30,weld,0.5,0.23837,,,2020-09-10
P-104820,40,grind_deburr,0.2,0.02261,,,2020-09-10
P-104820,50,inspection_pack,0.15,0.00358,,,2020-09-10
P-104825,10,punch,0.5,0.00397,,,2015-05-02
P-104825,20,grind_deburr,0.2,0.00219,,,2015-05-02
P-104825,30,press_brake,0.66,0.0156,,TS-16GA-3,2015-05-02
P-104825,40,hardware,0.25,0.00967,,,2015-05-02
P-104825,50,inspection_pack,0.15,0.00414,,,2015-05-02
P-104833,10,punch,0.5,0.03652,,,2019-10-25
P-104833,20,grind_deburr,0.2,0.00795,,,2019-10-25
P-104833,30,press_brake,1.29,0.10897,,TS-16GA-3,2019-10-25
P-104833,40,robotic_weld,1.2,0.05749,,,2019-10-25
P-104833,50,grind_deburr,0.2,0.00726,,,2019-10-25
P-104833,60,powder_coat,0.25,0.00577,,,2019-10-25
P-104833,70,inspection_pack,0.15,0.01019,,,2019-10-25
P-104836,10,punch,0.5,0.00707,,,2016-08-27
P-104836,20,press_brake,0.73,0.02076,,TS-14GA-1,2016-08-27
P-104836,30,outside_processing,0.0,0.0,V-1077,,2016-08-27
P-104836,40,inspection_pack,0.15,0.00728,,,2016-08-27
P-104841,10,laser,0.2,0.01561,,,2022-02-17
P-104841,20,grind_deburr,0.2,0.00082,,,2022-02-17
P-104841,30,press_brake,0.52,0.00516,,TS-16GA-1,2022-02-17
P-104841,40,hardware,0.25,0.01739,,,2022-02-17
P-104841,50,outside_processing,0.0,0.0,V-1040,,2022-02-17
P-104841,60,inspection_pack,0.15,0.00986,,,2022-02-17
P-104848,10,punch,0.5,0.05812,,,2020-07-19
P-104848,20,grind_deburr,0.2,0.02179,,,2020-07-19
P-104848,30,press_brake,1.22,0.12409,,TS-12GA-2,2020-07-19
P-104848,40,inspection_pack,0.15,0.00717,,,2020-07-19
P-104850,10,laser,0.2,0.01815,,,2022-02-01
P-104850,20,press_brake,0.8,0.02592,,TS-12GA-3,2022-02-01
P-104850,30,powder_coat,0.25,0.00096,,,2022-02-01
P-104850,40,inspection_pack,0.15,0.01031,,,2022-02-01
P-104851,10,laser,0.2,0.04764,,,2017-12-02
P-104851,20,grind_deburr,0.2,0.00671,,,2017-12-02
P-104851,30,press_brake,0.94,0.04428,,TS-18GA-3,2017-12-02
P-104851,40,hardware,0.25,0.01678,,,2017-12-02
P-104851,50,inspection_pack,0.15,0.00706,,,2017-12-02
P-104859,10,punch,0.5,0.03061,,,2015-09-02
P-104859,20,grind_deburr,0.2,0.01083,,,2015-09-02
P-104859,30,press_brake,1.15,0.07657,,TS-16GA-1,2015-09-02
P-104859,40,hardware,0.25,0.00747,,,2015-09-02
P-104859,50,robotic_weld,1.2,0.0693,,,2015-09-02
P-104859,60,grind_deburr,0.2,0.01055,,,2015-09-02
P-104859,70,inspection_pack,0.15,0.00963,,,2015-09-02
P-104861,10,laser,0.2,0.017,,,2022-10-16
P-104861,20,grind_deburr,0.2,0.00164,,,2022-10-16
P-104861,30,press_brake,0.87,0.03156,,TS-14GA-2,2022-10-16
P-104861,40,weld,0.5,0.06509,,,2022-10-16
P-104861,50,grind_deburr,0.2,0.00164,,,2022-10-16
P-104861,60,inspection_pack,0.15,0.0075,,,2022-10-16
P-104866,10,punch,0.5,0.01143,,,2019-08-04
P-104866,20,press_brake,0.66,0.01872,,TS-12GA-2,2019-08-04
P-104866,30,robotic_weld,1.2,0.01126,,,2019-08-04
P-104866,40,grind_deburr,0.2,0.00548,,,2019-08-04
P-104866,50,powder_coat,0.25,0.00225,,,2019-08-04
P-104866,60,inspection_pack,0.15,0.01031,,,2019-08-04
P-104869,10,punch,0.5,0.0093,,,2013-05-06
P-104869,20,grind_deburr,0.2,0.00247,,,2013-05-06
P-104869,30,press_brake,0.59,0.01032,,TS-18GA-3,2013-05-06
P-104869,40,powder_coat,0.25,0.00064,,,2013-05-06
P-104869,50,inspection_pack,0.15,0.00818,,,2013-05-06
P-104874,10,laser,0.2,0.03584,,,2016-04-03
P-104874,20,grind_deburr,0.2,0.00809,,,2016-04-03
P-104874,30,press_brake,0.8,0.03576,,TS-14GA-2,2016-04-03
P-104874,40,weld,0.5,0.07659,,,2016-04-03
P-104874,50,grind_deburr,0.2,0.00329,,,2016-04-03
P-104874,60,outside_processing,0.0,0.0,V-1040,,2016-04-03
P-104874,70,assembly,0.3,0.04727,,,2016-04-03
P-104874,80,inspection_pack,0.15,0.01008,,,2016-04-03
P-104898,10,punch,0.5,0.02577,,,2019-05-04
P-104898,20,grind_deburr,0.2,0.01014,,,2019-05-04
P-104898,30,press_brake,0.8,0.03912,,TS-20GA-3,2019-05-04
P-104898,40,outside_processing,0.0,0.0,V-1040,,2019-05-04
P-104898,50,inspection_pack,0.15,0.00526,,,2019-05-04
P-104906,10,punch,0.5,0.00794,,,2021-03-29
P-104906,20,press_brake,1.29,0.07285,,TS-12GA-3,2021-03-29
P-104906,30,hardware,0.25,0.02535,,,2021-03-29
P-104906,40,robotic_weld,1.2,0.02814,,,2021-03-29
P-104906,50,grind_deburr,0.2,0.00206,,,2021-03-29
P-104906,60,outside_processing,0.0,0.0,V-1040,,2021-03-29
P-104906,70,inspection_pack,0.15,0.00896,,,2021-03-29
P-104914,10,punch,0.5,0.03216,,,2019-12-27
P-104914,20,grind_deburr,0.2,0.01343,,,2019-12-27
P-104914,30,press_brake,1.01,0.07057,,TS-11GA-3,2019-12-27
P-104914,40,robotic_weld,1.2,0.04954,,,2019-12-27
P-104914,50,grind_deburr,0.2,0.01411,,,2019-12-27
P-104914,60,press_brake,0.8,0.04416,,TS-11GA-3,2019-12-27
P-104914,70,powder_coat,0.25,0.00433,,,2019-12-27
P-104914,80,assembly,0.3,0.02841,,,2019-12-27
P-104914,90,inspection_pack,0.15,0.00437,,,2019-12-27
P-104916,10,laser,0.2,0.02023,,,2020-04-03
P-104916,20,press_brake,0.73,0.0222,,TS-14GA-1,2020-04-03
P-104916,30,inspection_pack,0.15,0.00784,,,2020-04-03
P-104921,10,laser,0.2,0.06417,,,2016-08-25
P-104921,20,grind_deburr,0.2,0.0074,,,2016-08-25
P-104921,30,press_brake,0.87,0.04248,,TS-20GA-2,2016-08-25
P-104921,40,hardware,0.25,0.01629,,,2016-08-25
P-104921,50,inspection_pack,0.15,0.00683,,,2016-08-25
P-104922,10,punch,0.5,0.04698,,,2023-02-05
P-104922,20,press_brake,0.8,0.05029,,TS-16GA-3,2023-02-05
P-104922,30,hardware,0.25,0.01041,,,2023-02-05
P-104922,40,inspection_pack,0.15,0.00403,,,2023-02-05
P-104926,10,laser,0.2,0.01815,,,2018-10-25
P-104926,20,grind_deburr,0.2,0.00123,,,2018-10-25
P-104926,30,press_brake,0.59,0.01032,,TS-18GA-3,2018-10-25
P-104926,40,inspection_pack,0.15,0.00302,,,2018-10-25
P-104937,10,punch,0.5,0.031,,,2020-02-23
P-104937,20,grind_deburr,0.2,0.00781,,,2020-02-23
P-104937,30,press_brake,0.8,0.0354,,TS-14GA-3,2020-02-23
P-104937,40,outside_processing,0.0,0.0,V-1077,,2020-02-23
P-104937,50,inspection_pack,0.15,0.00493,,,2020-02-23
P-104944,10,laser,0.2,0.0333,,,2016-02-26
P-104944,20,grind_deburr,0.2,0.00178,,,2016-02-26
P-104944,30,press_brake,0.73,0.02484,,TS-14GA-3,2016-02-26
P-104944,40,hardware,0.25,0.02853,,,2016-02-26
P-104944,50,outside_processing,0.0,0.0,V-1040,,2016-02-26
P-104944,60,inspection_pack,0.15,0.00493,,,2016-02-26
P-104958,10,laser,0.2,0.03954,,,2013-11-01
P-104958,20,grind_deburr,0.2,0.00315,,,2013-11-01
P-104958,30,press_brake,0.94,0.04392,,TS-0.125IN-3,2013-11-01
P-104958,40,outside_processing,0.0,0.0,V-1040,,2013-11-01
P-104958,50,inspection_pack,0.15,0.0065,,,2013-11-01
P-104965,10,laser,0.2,0.01885,,,2018-08-25
P-104965,20,grind_deburr,0.2,0.0011,,,2018-08-25
P-104965,30,press_brake,0.52,0.00516,,TS-11GA-3,2018-08-25
P-104965,40,powder_coat,0.25,0.00257,,,2018-08-25
P-104965,50,inspection_pack,0.15,0.00347,,,2018-08-25
P-104967,10,laser,0.2,0.03238,,,2014-12-25
P-104967,20,grind_deburr,0.2,0.00206,,,2014-12-25
P-104967,30,press_brake,0.59,0.01176,,TS-20GA-3,2014-12-25
P-104967,40,weld,0.5,0.01485,,,2014-12-25
P-104967,50,grind_deburr,0.2,0.00315,,,2014-12-25
P-104967,60,powder_coat,0.25,0.00273,,,2014-12-25
P-104967,70,inspection_pack,0.15,0.00907,,,2014-12-25
P-104972,10,laser,0.2,0.02463,,,2021-06-15
P-104972,20,grind_deburr,0.2,0.00123,,,2021-06-15
P-104972,30,press_brake,0.8,0.02784,,TS-0.250IN-1,2021-06-15
P-104972,40,outside_processing,0.0,0.0,V-1040,,2021-06-15
P-104972,50,inspection_pack,0.15,0.00538,,,2021-06-15
P-104980,10,laser,0.2,0.05909,,,2020-05-27
P-104980,20,grind_deburr,0.2,0.02247,,,2020-05-27
P-104980,30,press_brake,0.8,0.05509,,TS-18GA-1,2020-05-27
P-104980,40,hardware,0.25,0.01922,,,2020-05-27
P-104980,50,press_brake,0.66,0.03312,,TS-18GA-1,2020-05-27
P-104980,60,powder_coat,0.25,0.00834,,,2020-05-27
P-104980,70,inspection_pack,0.15,0.00907,,,2020-05-27
P-104982,10,laser,0.2,0.00821,,,2016-11-15
P-104982,20,grind_deburr,0.2,0.00096,,,2016-11-15
P-104982,30,press_brake,0.59,0.01032,,TS-20GA-1,2016-11-15
P-104982,40,inspection_pack,0.15,0.00403,,,2016-11-15
P-104986,10,laser,0.2,0.01098,,,2015-06-10
P-104986,20,press_brake,0.94,0.03756,,TS-20GA-3,2015-06-10
P-104986,30,robotic_weld,1.2,0.01732,,,2015-06-10
P-104986,40,grind_deburr,0.2,0.00315,,,2015-06-10
P-104986,50,outside_processing,0.0,0.0,V-1077,,2015-06-10
P-104986,60,inspection_pack,0.15,0.0037,,,2015-06-10
P-104994,10,laser,0.2,0.01977,,,2020-08-30
P-104994,20,grind_deburr,0.2,0.00301,,,2020-08-30
P-104994,30,press_brake,0.66,0.01644,,TS-14GA-1,2020-08-30
P-104994,40,weld,0.5,0.05147,,,2020-08-30
P-104994,50,grind_deburr,0.2,0.00384,,,2020-08-30
P-104994,60,powder_coat,0.25,0.00337,,,2020-08-30
P-104994,70,inspection_pack,0.15,0.00616,,,2020-08-30
P-104995,10,laser,0.2,0.04232,,,2016-09-26
P-104995,20,grind_deburr,0.2,0.00767,,,2016-09-26
P-104995,30,press_brake,0.87,0.03828,,TS-12GA-3,2016-09-26
P-104995,40,weld,0.5,0.08441,,,2016-09-26
P-104995,50,grind_deburr,0.2,0.00439,,,2016-09-26
P-104995,60,powder_coat,0.25,0.00321,,,2016-09-26
P-104995,70,outside_processing,0.0,0.0,V-1077,,2016-09-26
P-104995,80,inspection_pack,0.15,0.00594,,,2016-09-26
P-104996,10,laser,0.2,0.01018,,,2015-10-15
P-104996,20,grind_deburr,0.2,0.00069,,,2015-10-15
P-104996,30,press_brake,0.59,0.01032,,TS-0.125IN-2,2015-10-15
P-104996,40,outside_processing,0.0,0.0,V-1040,,2015-10-15
P-104996,50,inspection_pack,0.15,0.00314,,,2015-10-15
P-104999,10,laser,0.2,0.12303,,,2021-05-03
P-104999,20,grind_deburr,0.2,0.01165,,,2021-05-03
P-104999,30,press_brake,1.36,0.12493,,TS-16GA-3,2021-05-03
P-104999,40,hardware,0.25,0.02498,,,2021-05-03
P-104999,50,inspection_pack,0.15,0.00605,,,2021-05-03
P-105000,10,laser,0.2,0.01561,,,2021-02-02
P-105000,20,grind_deburr,0.2,0.00069,,,2021-02-02
P-105000,30,press_brake,0.73,0.02076,,TS-16GA-2,2021-02-02
P-105000,40,hardware,0.25,0.01702,,,2021-02-02
P-105000,50,inspection_pack,0.15,0.0047,,,2021-02-02
P-105006,10,laser,0.2,0.01492,,,2014-10-12
P-105006,20,press_brake,0.8,0.02664,,TS-14GA-1,2014-10-12
P-105006,30,hardware,0.25,0.0109,,,2014-10-12
P-105006,40,powder_coat,0.25,0.00112,,,2014-10-12
P-105006,50,assembly,0.3,0.05912,,,2014-10-12
P-105006,60,inspection_pack,0.15,0.00829,,,2014-10-12
P-105007,10,laser,0.2,0.0503,,,2020-04-08
P-105007,20,press_brake,1.08,0.06421,,TS-18GA-1,2020-04-08
P-105007,30,assembly,0.3,0.08401,,,2020-04-08
P-105007,40,inspection_pack,0.15,0.00784,,,2020-04-08
P-105013,10,punch,0.5,0.03584,,,2012-10-18
P-105013,20,grind_deburr,0.2,0.00356,,,2012-10-18
P-105013,30,press_brake,1.08,0.07093,,TS-18GA-1,2012-10-18
P-105013,40,inspection_pack,0.15,0.00818,,,2012-10-18
P-105020,10,laser,0.2,0.12314,,,2018-10-26
P-105020,20,press_brake,1.01,0.07417,,TS-20GA-3,2018-10-26
P-105020,30,powder_coat,0.25,0.01363,,,2018-10-26
P-105020,40,inspection_pack,0.15,0.00918,,,2018-10-26
P-105021,10,punch,0.5,0.00969,,,2021-02-04
P-105021,20,grind_deburr,0.2,0.0063,,,2021-02-04
P-105021,30,press_brake,1.01,0.05065,,TS-20GA-2,2021-02-04
P-105021,40,hardware,0.25,0.02755,,,2021-02-04
P-105021,50,weld,0.5,0.14179,,,2021-02-04
P-105021,60,grind_deburr,0.2,0.00233,,,2021-02-04
P-105021,70,outside_processing,0.0,0.0,V-1040,,2021-02-04
P-105021,80,inspection_pack,0.15,0.00381,,,2021-02-04
P-105039,10,laser,0.2,0.05781,,,2022-04-23
P-105039,20,grind_deburr,0.2,0.00384,,,2022-04-23
P-105039,30,press_brake,1.15,0.07969,,TS-18GA-3,2022-04-23
P-105039,40,hardware,0.25,0.02559,,,2022-04-23
P-105039,50,weld,0.5,0.2751,,,2022-04-23
P-105039,60,grind_deburr,0.2,0.01233,,,2022-04-23
P-105039,70,inspection_pack,0.15,0.0093,,,2022-04-23
P-105044,10,laser,0.2,0.01168,,,2014-11-04
P-105044,20,grind_deburr,0.2,0.00521,,,2014-11-04
P-105044,30,press_brake,0.87,0.03564,,TS-18GA-1,2014-11-04
P-105044,40,inspection_pack,0.15,0.00549,,,2014-11-04
P-105052,10,laser,0.2,0.0496,,,2018-07-22
P-105052,20,grind_deburr,0.2,0.00726,,,2018-07-22
P-105052,30,press_brake,0.8,0.03144,,TS-16GA-2,2018-07-22
P-105052,40,hardware,0.25,0.01592,,,2018-07-22
P-105052,50,powder_coat,0.25,0.00433,,,2018-07-22
P-105052,60,inspection_pack,0.15,0.00605,,,2018-07-22
P-105053,10,laser,0.2,0.03827,,,2017-10-28
P-105053,20,grind_deburr,0.2,0.00562,,,2017-10-28
P-105053,30,press_brake,0.8,0.03144,,TS-14GA-1,2017-10-28
P-105053,40,hardware,0.25,0.01616,,,2017-10-28
P-105053,50,weld,0.5,0.09155,,,2017-10-28
P-105053,60,grind_deburr,0.2,0.00562,,,2017-10-28
P-105053,70,powder_coat,0.25,0.00594,,,2017-10-28
P-105053,80,assembly,0.3,0.10222,,,2017-10-28
P-105053,90,inspection_pack,0.15,0.00672,,,2017-10-28
P-105061,10,laser,0.2,0.06753,,,2020-01-19
P-105061,20,press_brake,1.08,0.08437,,TS-16GA-3,2020-01-19
P-105061,30,hardware,0.25,0.02559,,,2020-01-19
P-105061,40,weld,0.5,0.17238,,,2020-01-19
P-105061,50,grind_deburr,0.2,0.00809,,,2020-01-19
P-105061,60,assembly,0.3,0.02545,,,2020-01-19
P-105061,70,inspection_pack,0.15,0.00773,,,2020-01-19
P-105064,10,laser,0.2,0.08071,,,2017-09-14
P-105064,20,grind_deburr,0.2,0.02234,,,2017-09-14
P-105064,30,press_brake,1.43,0.14737,,TS-16GA-3,2017-09-14
P-105064,40,robotic_weld,1.2,0.11939,,,2017-09-14
P-105064,50,grind_deburr,0.2,0.02302,,,2017-09-14
P-105064,60,outside_processing,0.0,0.0,V-1077,,2017-09-14
P-105064,70,assembly,0.3,0.10003,,,2017-09-14
P-105064,80,inspection_pack,0.15,0.00381,,,2017-09-14
P-105069,10,laser,0.2,0.02555,,,2018-03-26
P-105069,20,grind_deburr,0.2,0.00192,,,2018-03-26
P-105069,30,press_brake,0.8,0.0288,,TS-18GA-2,2018-03-26
P-105069,40,hardware,0.25,0.00918,,,2018-03-26
P-105069,50,inspection_pack,0.15,0.0028,,,2018-03-26
P-105076,10,laser,0.2,0.07215,,,2019-09-04
P-105076,20,grind_deburr,0.2,0.00699,,,2019-09-04
P-105076,30,press_brake,1.29,0.08917,,TS-18GA-2,2019-09-04
P-105076,40,hardware,0.25,0.01224,,,2019-09-04
P-105076,50,powder_coat,0.25,0.00786,,,2019-09-04
P-105076,60,outside_processing,0.0,0.0,V-1077,,2019-09-04
P-105076,70,inspection_pack,0.15,0.00302,,,2019-09-04
P-105079,10,laser,0.2,0.00821,,,2012-03-21
P-105079,20,grind_deburr,0.2,0.00356,,,2012-03-21
P-105079,30,press_brake,0.87,0.0336,,TS-16GA-2,2012-03-21
P-105079,40,powder_coat,0.25,0.00289,,,2012-03-21
P-105079,50,inspection_pack,0.15,0.00974,,,2012-03-21
P-105087,10,punch,0.5,0.0123,,,2023-05-01
P-105087,20,grind_deburr,0.2,0.00233,,,2023-05-01
P-105087,30,press_brake,1.15,0.06265,,TS-11GA-1,2023-05-01
P-105087,40,weld,0.5,0.12839,,,2023-05-01
P-105087,50,grind_deburr,0.2,0.0074,,,2023-05-01
P-105087,60,powder_coat,0.25,0.00626,,,2023-05-01
P-105087,70,inspection_pack,0.15,0.00862,,,2023-05-01
P-105090,10,laser,0.2,0.02995,,,2013-08-04
P-105090,20,press_brake,1.01,0.04824,,TS-20GA-2,2013-08-04
P-105090,30,robotic_weld,1.2,0.03112,,,2013-08-04
P-105090,40,grind_deburr,0.2,0.0048,,,2013-08-04
P-105090,50,outside_processing,0.0,0.0,V-1040,,2013-08-04
P-105090,60,assembly,0.3,0.07195,,,2013-08-04
P-105090,70,inspection_pack,0.15,0.0084,,,2013-08-04
P-105093,10,laser,0.2,0.00971,,,2020-01-31
P-105093,20,press_brake,0.66,0.0156,,TS-12GA-1,2020-01-31
P-105093,30,hardware,0.25,0.00845,,,2020-01-31
P-105093,40,powder_coat,0.25,0.00225,,,2020-01-31
P-105093,50,inspection_pack,0.15,0.00325,,,2020-01-31
P-105096,10,laser,0.2,0.01966,,,2013-03-12
P-105096,20,grind_deburr,0.2,0.00603,,,2013-03-12
P-105096,30,press_brake,0.87,0.03696,,TS-11GA-3,2013-03-12
P-105096,40,hardware,0.25,0.01898,,,2013-03-12
P-105096,50,robotic_weld,1.2,0.0309,,,2013-03-12
P-105096,60,grind_deburr,0.2,0.00247,,,2013-03-12
P-105096,70,powder_coat,0.25,0.00465,,,2013-03-12
P-105096,80,inspection_pack,0.15,0.00784,,,2013-03-12
P-105098,10,punch,0.5,0.00959,,,2014-06-26
P-105098,20,grind_deburr,0.2,0.0026,,,2014-06-26
P-105098,30,press_brake,0.52,0.00516,,TS-14GA-2,2014-06-26
P-105098,40,inspection_pack,0.15,0.01019,,,2014-06-26
P-105103,10,laser,0.2,0.0111,,,2013-03-30
P-105103,20,press_brake,0.73,0.02076,,TS-18GA-1,2013-03-30
P-105103,30,hardware,0.25,0.0289,,,2013-03-30
P-105103,40,inspection_pack,0.15,0.00493,,,2013-03-30
P-105107,10,laser,0.2,0.06475,,,2013-05-20
P-105107,20,grind_deburr,0.2,0.0122,,,2013-05-20
P-105107,30,press_brake,0.66,0.02292,,TS-16GA-1,2013-05-20
P-105107,40,hardware,0.25,0.01041,,,2013-05-20
P-105107,50,powder_coat,0.25,0.01203,,,2013-05-20
P-105107,60,inspection_pack,0.15,0.0037,,,2013-05-20
P-105108,10,laser,0.2,0.05377,,,2014-10-22
P-105108,20,grind_deburr,0.2,0.00685,,,2014-10-22
P-105108,30,press_brake,1.22,0.10141,,TS-14GA-1,2014-10-22
P-105108,40,hardware,0.25,0.02645,,,2014-10-22
P-105108,50,powder_coat,0.25,0.01476,,,2014-10-22
P-105108,60,inspection_pack,0.15,0.00728,,,2014-10-22
P-105118,10,laser,0.2,0.02706,,,2013-11-10
P-105118,20,grind_deburr,0.2,0.00466,,,2013-11-10
P-105118,30,press_brake,0.59,0.012,,TS-16GA-3,2013-11-10
P-105118,40,hardware,0.25,0.02633,,,2013-11-10
P-105118,50,powder_coat,0.25,0.00337,,,2013-11-10
P-105118,60,inspection_pack,0.15,0.00347,,,2013-11-10
P-105126,10,laser,0.2,0.06313,,,2014-06-13
P-105126,20,grind_deburr,0.2,0.01041,,,2014-06-13
P-105126,30,press_brake,0.94,0.04957,,TS-20GA-2,2014-06-13
P-105126,40,hardware,0.25,0.0289,,,2014-06-13
P-105126,50,weld,0.5,0.19404,,,2014-06-13
P-105126,60,grind_deburr,0.2,0.00274,,,2014-06-13
P-105126,70,inspection_pack,0.15,0.0065,,,2014-06-13
P-105129,10,laser,0.2,0.01561,,,2018-11-09
P-105129,20,grind_deburr,0.2,0.00178,,,2018-11-09
P-105129,30,press_brake,0.73,0.02172,,TS-11GA-1,2018-11-09
P-105129,40,hardware,0.25,0.02339,,,2018-11-09
P-105129,50,outside_processing,0.0,0.0,V-1077,,2018-11-09
P-105129,60,inspection_pack,0.15,0.00918,,,2018-11-09
P-105134,10,laser,0.2,0.01006,,,2016-08-05
P-105134,20,press_brake,0.59,0.01044,,TS-18GA-3,2016-08-05
P-105134,30,hardware,0.25,0.02829,,,2016-08-05
P-105134,40,weld,0.5,0.05906,,,2016-08-05
P-105134,50,grind_deburr,0.2,0.00164,,,2016-08-05
P-105134,60,powder_coat,0.25,0.0008,,,2016-08-05
P-105134,70,inspection_pack,0.15,0.00818,,,2016-08-05
P-105138,10,laser,0.2,0.00717,,,2019-03-27
P-105138,20,press_brake,0.94,0.03636,,TS-16GA-3,2019-03-27
P-105138,30,weld,0.5,0.05582,,,2019-03-27
P-105138,40,grind_deburr,0.2,0.00137,,,2019-03-27
P-105138,50,inspection_pack,0.15,0.01008,,,2019-03-27
P-105143,10,laser,0.2,0.1539,,,2017-07-08
P-105143,20,grind_deburr,0.2,0.02028,,,2017-07-08
P-105143,30,press_brake,0.94,0.06913,,TS-14GA-1,2017-07-08
P-105143,40,robotic_weld,1.2,0.03884,,,2017-07-08
P-105143,50,grind_deburr,0.2,0.00973,,,2017-07-08
P-105143,60,press_brake,0.8,0.04933,,TS-14GA-1,2017-07-08
P-105143,70,inspection_pack,0.15,0.00963,,,2017-07-08
P-105151,10,laser,0.2,0.04486,,,2014-09-12
P-105151,20,press_brake,0.8,0.03036,,TS-18GA-1,2014-09-12
P-105151,30,hardware,0.25,0.00906,,,2014-09-12
P-105151,40,weld,0.5,0.02557,,,2014-09-12
P-105151,50,grind_deburr,0.2,0.00534,,,2014-09-12
P-105151,60,press_brake,0.73,0.02436,,TS-18GA-1,2014-09-12
P-105151,70,powder_coat,0.25,0.00241,,,2014-09-12
P-105151,80,inspection_pack,0.15,0.00885,,,2014-09-12
P-105156,10,laser,0.2,0.04833,,,2013-08-20
P-105156,20,grind_deburr,0.2,0.0037,,,2013-08-20
P-105156,30,press_brake,1.29,0.08305,,TS-12GA-2,2013-08-20
P-105156,40,weld,0.5,0.17495,,,2013-08-20
P-105156,50,grind_deburr,0.2,0.00891,,,2013-08-20
P-105156,60,powder_coat,0.25,0.00433,,,2013-08-20
P-105156,70,inspection_pack,0.15,0.00941,,,2013-08-20
P-105161,10,laser,0.2,0.06857,,,2020-11-09
P-105161,20,grind_deburr,0.2,0.01233,,,2020-11-09
P-105161,30,press_brake,1.29,0.13537,,TS-18GA-3,2020-11-09
P-105161,40,hardware,0.25,0.0251,,,2020-11-09
P-105161,50,weld,0.5,0.49594,,,2020-11-09
P-105161,60,grind_deburr,0.2,0.01494,,,2020-11-09
P-105161,70,inspection_pack,0.15,0.0093,,,2020-11-09
P-105164,10,laser,0.2,0.15494,,,2022-02-14
P-105164,20,grind_deburr,0.2,0.02234,,,2022-02-14
P-105164,30,press_brake,0.94,0.07897,,TS-18GA-1,2022-02-14
P-105164,40,hardware,0.25,0.02535,,,2022-02-14
P-105164,50,weld,0.5,0.28001,,,2022-02-14
P-105164,60,grind_deburr,0.2,0.02412,,,2022-02-14
P-105164,70,powder_coat,0.25,0.0239,,,2022-02-14
P-105164,80,inspection_pack,0.15,0.00706,,,2022-02-14
P-105178,10,laser,0.2,0.01873,,,2013-02-14
P-105178,20,grind_deburr,0.2,0.0011,,,2013-02-14
P-105178,30,press_brake,0.73,0.02076,,TS-16GA-2,2013-02-14
P-105178,40,hardware,0.25,0.02902,,,2013-02-14
P-105178,50,powder_coat,0.25,0.00064,,,2013-02-14
P-105178,60,inspection_pack,0.15,0.01042,,,2013-02-14
P-105185,10,laser,0.2,0.01815,,,2017-08-02
P-105185,20,press_brake,0.59,0.0108,,TS-16GA-1,2017-08-02
P-105185,30,weld,0.5,0.07358,,,2017-08-02
P-105185,40,grind_deburr,0.2,0.00164,,,2017-08-02
P-105185,50,inspection_pack,0.15,0.0047,,,2017-08-02
P-105189,10,laser,0.2,0.04163,,,2020-11-26
P-105189,20,press_brake,0.73,0.02388,,TS-14GA-1,2020-11-26
P-105189,30,weld,0.5,0.05359,,,2020-11-26
P-105189,40,grind_deburr,0.2,0.00439,,,2020-11-26
P-105189,50,assembly,0.3,0.02566,,,2020-11-26
P-105189,60,inspection_pack,0.15,0.01042,,,2020-11-26
P-105192,10,laser,0.2,0.0651,,,2022-03-16
P-105192,20,grind_deburr,0.2,0.00973,,,2022-03-16
P-105192,30,press_brake,1.43,0.10897,,TS-14GA-3,2022-03-16
P-105192,40,weld,0.5,0.22776,,,2022-03-16
P-105192,50,grind_deburr,0.2,0.01384,,,2022-03-16
P-105192,60,inspection_pack,0.15,0.00358,,,2022-03-16
P-105202,10,laser,0.2,0.02787,,,2019-05-07
P-105202,20,grind_deburr,0.2,0.00164,,,2019-05-07
P-105202,30,press_brake,0.87,0.03372,,TS-14GA-2,2019-05-07
P-105202,40,hardware,0.25,0.01886,,,2019-05-07
P-105202,50,weld,0.5,0.05527,,,2019-05-07
P-105202,60,grind_deburr,0.2,0.00411,,,2019-05-07
P-105202,70,powder_coat,0.25,0.00241,,,2019-05-07
P-105202,80,inspection_pack,0.15,0.00582,,,2019-05-07
P-105208,10,laser,0.2,0.00694,,,2018-06-04
P-105208,20,grind_deburr,0.2,0.00096,,,2018-06-04
P-105208,30,press_brake,0.59,0.01032,,TS-18GA-1,2018-06-04
P-105208,40,hardware,0.25,0.01849,,,2018-06-04
P-105208,50,inspection_pack,0.15,0.00414,,,2018-06-04
P-105213,10,laser,0.2,0.01041,,,2017-11-05
P-105213,20,grind_deburr,0.2,0.00219,,,2017-11-05
P-105213,30,press_brake,0.59,0.01032,,TS-16GA-1,2017-11-05
P-105213,40,inspection_pack,0.15,0.01031,,,2017-11-05
P-105220,10,laser,0.2,0.00925,,,2018-05-15
P-105220,20,grind_deburr,0.2,0.00206,,,2018-05-15
P-105220,30,press_brake,0.59,0.01128,,TS-14GA-2,2018-05-15
P-105220,40,powder_coat,0.25,0.00417,,,2018-05-15
P-105220,50,inspection_pack,0.15,0.00538,,,2018-05-15
P-105225,10,laser,0.2,0.01804,,,2021-10-28
P-105225,20,press_brake,0.59,0.01032,,TS-16GA-1,2021-10-28
P-105225,30,weld,0.5,0.04924,,,2021-10-28
P-105225,40,grind_deburr,0.2,0.00069,,,2021-10-28
P-105225,50,powder_coat,0.25,0.00257,,,2021-10-28
P-105225,60,inspection_pack,0.15,0.01008,,,2021-10-28
P-105230,10,laser,0.2,0.01041,,,2023-09-01
P-105230,20,grind_deburr,0.2,0.00178,,,2023-09-01
P-105230,30,press_brake,0.59,0.01032,,TS-0.125IN-3,2023-09-01
P-105230,40,hardware,0.25,0.02008,,,2023-09-01
P-105230,50,inspection_pack,0.15,0.00672,,,2023-09-01
P-105238,10,laser,0.2,0.01515,,,2018-05-05
P-105238,20,grind_deburr,0.2,0.00096,,,2018-05-05
P-105238,30,press_brake,0.66,0.0156,,TS-0.250IN-1,2018-05-05
P-105238,40,weld,0.5,0.00793,,,2018-05-05
P-105238,50,grind_deburr,0.2,0.00096,,,2018-05-05
P-105238,60,powder_coat,0.25,0.00176,,,2018-05-05
P-105238,70,inspection_pack,0.15,0.00717,,,2018-05-05
P-105240,10,laser,0.2,0.02093,,,2019-11-28
P-105240,20,press_brake,0.8,0.0264,,TS-18GA-2,2019-11-28
P-105240,30,assembly,0.3,0.03707,,,2019-11-28
P-105240,40,inspection_pack,0.15,0.00302,,,2019-11-28
P-105247,10,laser,0.2,0.08163,,,2016-03-08
P-105247,20,press_brake,0.59,0.01512,,TS-16GA-1,2016-03-08
P-105247,30,outside_processing,0.0,0.0,V-1040,,2016-03-08
P-105247,40,inspection_pack,0.15,0.00594,,,2016-03-08
P-105251,10,laser,0.2,0.02474,,,2022-09-28
P-105251,20,grind_deburr,0.2,0.00411,,,2022-09-28
P-105251,30,press_brake,0.73,0.0234,,TS-11GA-1,2022-09-28
P-105251,40,hardware,0.25,0.01543,,,2022-09-28
P-105251,50,weld,0.5,0.08474,,,2022-09-28
P-105251,60,grind_deburr,0.2,0.00562,,,2022-09-28
P-105251,70,outside_processing,0.0,0.0,V-1040,,2022-09-28
P-105251,80,inspection_pack,0.15,0.00269,,,2022-09-28
P-105253,10,laser,0.2,0.04486,,,2016-05-12
P-105253,20,grind_deburr,0.2,0.00795,,,2016-05-12
P-105253,30,press_brake,1.01,0.05989,,TS-20GA-3,2016-05-12
P-105253,40,hardware,0.25,0.02363,,,2016-05-12
P-105253,50,weld,0.5,0.09244,,,2016-05-12
P-105253,60,grind_deburr,0.2,0.00713,,,2016-05-12
P-105253,70,inspection_pack,0.15,0.01031,,,2016-05-12
P-105261,10,laser,0.2,0.01029,,,2019-04-01
P-105261,20,grind_deburr,0.2,0.00233,,,2019-04-01
P-105261,30,press_brake,0.87,0.03396,,TS-16GA-1,2019-04-01
P-105261,40,hardware,0.25,0.02253,,,2019-04-01
P-105261,50,powder_coat,0.25,0.00209,,,2019-04-01
P-105261,60,outside_processing,0.0,0.0,V-1077,,2019-04-01
P-105261,70,inspection_pack,0.15,0.00414,,,2019-04-01
P-105273,10,laser,0.2,0.0333,,,2020-01-29
P-105273,20,press_brake,1.29,0.06961,,TS-18GA-1,2020-01-29
P-105273,30,hardware,0.25,0.02265,,,2020-01-29
P-105273,40,inspection_pack,0.15,0.00437,,,2020-01-29
P-105287,10,punch,0.5,0.00446,,,2016-11-18
P-105287,20,grind_deburr,0.2,0.00069,,,2016-11-18
P-105287,30,press_brake,0.59,0.01032,,TS-16GA-1,2016-11-18
P-105287,40,inspection_pack,0.15,0.00538,,,2016-11-18
P-105293,10,laser,0.2,0.0163,,,2022-04-04
P-105293,20,grind_deburr,0.2,0.00233,,,2022-04-04
P-105293,30,press_brake,0.94,0.03696,,TS-14GA-1,2022-04-04
P-105293,40,hardware,0.25,0.02155,,,2022-04-04
P-105293,50,weld,0.5,0.04444,,,2022-04-04
P-105293,60,grind_deburr,0.2,0.00069,,,2022-04-04
P-105293,70,inspection_pack,0.15,0.00314,,,2022-04-04
P-105301,10,laser,0.2,0.01468,,,2018-06-02
P-105301,20,grind_deburr,0.2,0.00206,,,2018-06-02
P-105301,30,press_brake,1.01,0.04152,,TS-14GA-1,2018-06-02
P-105301,40,robotic_weld,1.2,0.01732,,,2018-06-02
P-105301,50,grind_deburr,0.2,0.00219,,,2018-06-02
P-105301,60,inspection_pack,0.15,0.0028,,,2018-06-02
P-105307,10,laser,0.2,0.02428,,,2022-05-05
P-105307,20,grind_deburr,0.2,0.00397,,,2022-05-05
P-105307,30,press_brake,0.87,0.03468,,TS-11GA-1,2022-05-05
P-105307,40,weld,0.5,0.07849,,,2022-05-05
P-105307,50,grind_deburr,0.2,0.00356,,,2022-05-05
P-105307,60,outside_processing,0.0,0.0,V-1040,,2022-05-05
P-105307,70,inspection_pack,0.15,0.00941,,,2022-05-05
P-105308,10,laser,0.2,0.07932,,,2016-03-02
P-105308,20,press_brake,0.59,0.01512,,TS-11GA-2,2016-03-02
P-105308,30,hardware,0.25,0.01114,,,2016-03-02
P-105308,40,powder_coat,0.25,0.00594,,,2016-03-02
P-105308,50,inspection_pack,0.15,0.00941,,,2016-03-02
P-105323,10,laser,0.2,0.03527,,,2016-09-25
P-105323,20,press_brake,0.73,0.03012,,TS-18GA-3,2016-09-25
P-105323,30,press_brake,0.66,0.02256,,TS-18GA-3,2016-09-25
P-105323,40,powder_coat,0.25,0.0069,,,2016-09-25
P-105323,50,inspection_pack,0.15,0.00291,,,2016-09-25
P-105328,10,laser,0.2,0.01573,,,2020-02-22
P-105328,20,grind_deburr,0.2,0.00096,,,2020-02-22
P-105328,30,press_brake,0.66,0.0156,,TS-0.250IN-2,2020-02-22
P-105328,40,inspection_pack,0.15,0.00706,,,2020-02-22
P-105332,10,punch,0.5,0.02334,,,2021-09-04
P-105332,20,grind_deburr,0.2,0.00507,,,2021-09-04
P-105332,30,press_brake,0.66,0.02232,,TS-14GA-1,2021-09-04
P-105332,40,hardware,0.25,0.02131,,,2021-09-04
P-105332,50,outside_processing,0.0,0.0,V-1040,,2021-09-04
P-105332,60,inspection_pack,0.15,0.00403,,,2021-09-04
P-105335,10,punch,0.5,0.00949,,,2017-03-12
P-105335,20,grind_deburr,0.2,0.00274,,,2017-03-12
P-105335,30,press_brake,0.52,0.00516,,TS-14GA-3,2017-03-12
P-105335,40,hardware,0.25,0.01947,,,2017-03-12
P-105335,50,powder_coat,0.25,0.00192,,,2017-03-12
P-105335,60,inspection_pack,0.15,0.0075,,,2017-03-12
P-105343,10,laser,0.2,0.0318,,,2015-08-27
P-105343,20,grind_deburr,0.2,0.00288,,,2015-08-27
P-105343,30,press_brake,0.87,0.03396,,TS-20GA-1,2015-08-27
P-105343,40,hardware,0.25,0.01518,,,2015-08-27
P-105343,50,weld,0.5,0.01865,,,2015-08-27
P-105343,60,grind_deburr,0.2,0.00356,,,2015-08-27
P-105343,70,powder_coat,0.25,0.0016,,,2015-08-27
P-105343,80,inspection_pack,0.15,0.00426,,,2015-08-27
P-105346,10,laser,0.2,0.1391,,,2012-06-23
P-105346,20,grind_deburr,0.2,0.02083,,,2012-06-23
P-105346,30,press_brake,0.87,0.05785,,TS-14GA-2,2012-06-23
P-105346,40,powder_coat,0.25,0.01315,,,2012-06-23
P-105346,50,inspection_pack,0.15,0.00515,,,2012-06-23
P-105348,10,punch,0.5,0.02393,,,2018-08-09
P-105348,20,grind_deburr,0.2,0.01124,,,2018-08-09
P-105348,30,press_brake,0.94,0.05017,,TS-16GA-1,2018-08-09
P-105348,40,weld,0.5,0.0355,,,2018-08-09
P-105348,50,grind_deburr,0.2,0.00658,,,2018-08-09
P-105348,60,inspection_pack,0.15,0.00862,,,2018-08-09
P-105353,10,laser,0.2,0.01815,,,2017-12-29
P-105353,20,grind_deburr,0.2,0.0026,,,2017-12-29
P-105353,30,press_brake,0.66,0.01956,,TS-11GA-2,2017-12-29
P-105353,40,inspection_pack,0.15,0.00504,,,2017-12-29
P-105360,10,laser,0.2,0.04359,,,2022-03-07
P-105360,20,grind_deburr,0.2,0.00466,,,2022-03-07
P-105360,30,press_brake,0.94,0.05305,,TS-18GA-3,2022-03-07
P-105360,40,weld,0.5,0.16948,,,2022-03-07
P-105360,50,grind_deburr,0.2,0.0085,,,2022-03-07
P-105360,60,outside_processing,0.0,0.0,V-1102,,2022-03-07
P-105360,70,inspection_pack,0.15,0.00616,,,2022-03-07
P-105366,10,laser,0.2,0.06082,,,2016-06-09
P-105366,20,press_brake,0.8,0.0372,,TS-20GA-3,2016-06-09
P-105366,30,outside_processing,0.0,0.0,V-1040,,2016-06-09
P-105366,40,assembly,0.3,0.07612,,,2016-06-09
P-105366,50,inspection_pack,0.15,0.0056,,,2016-06-09
P-105380,10,laser,0.2,0.01179,,,2021-04-29
P-105380,20,grind_deburr,0.2,0.00164,,,2021-04-29
P-105380,30,press_brake,0.52,0.00516,,TS-20GA-2,2021-04-29
P-105380,40,hardware,0.25,0.00955,,,2021-04-29
P-105380,50,inspection_pack,0.15,0.00347,,,2021-04-29
P-105386,10,punch,0.5,0.00281,,,2015-02-11
P-105386,20,grind_deburr,0.2,0.00288,,,2015-02-11
P-105386,30,press_brake,0.52,0.00516,,TS-16GA-3,2015-02-11
P-105386,40,inspection_pack,0.15,0.00728,,,2015-02-11
P-105399,10,laser,0.2,0.08429,,,2014-10-24
P-105399,20,grind_deburr,0.2,0.00617,,,2014-10-24
P-105399,30,press_brake,0.73,0.0318,,TS-20GA-1,2014-10-24
P-105399,40,press_brake,0.59,0.01596,,TS-20GA-1,2014-10-24
P-105399,50,powder_coat,0.25,0.01299,,,2014-10-24
P-105399,60,inspection_pack,0.15,0.00538,,,2014-10-24
P-105407,10,laser,0.2,0.01388,,,2018-03-19
P-105407,20,grind_deburr,0.2,0.00247,,,2018-03-19
P-105407,30,press_brake,0.59,0.01032,,TS-12GA-3,2018-03-19
P-105407,40,inspection_pack,0.15,0.00392,,,2018-03-19
P-105414,10,laser,0.2,0.09216,,,2021-02-19
P-105414,20,grind_deburr,0.2,0.01768,,,2021-02-19
P-105414,30,press_brake,1.15,0.08713,,TS-20GA-2,2021-02-19
P-105414,40,weld,0.5,0.07804,,,2021-02-19
P-105414,50,grind_deburr,0.2,0.01316,,,2021-02-19
P-105414,60,inspection_pack,0.15,0.00717,,,2021-02-19
P-105427,10,laser,0.2,0.01388,,,2017-01-13
P-105427,20,grind_deburr,0.2,0.00274,,,2017-01-13
P-105427,30,press_brake,0.52,0.00516,,TS-16GA-1,2017-01-13
P-105427,40,hardware,0.25,0.01751,,,2017-01-13
P-105427,50,outside_processing,0.0,0.0,V-1102,,2017-01-13
P-105427,60,outside_processing,0.0,0.0,V-1040,,2017-01-13
P-105427,70,inspection_pack,0.15,0.00526,,,2017-01-13
P-105431,10,punch,0.5,0.01792,,,2014-10-08
P-105431,20,press_brake,1.15,0.06229,,TS-16GA-2,2014-10-08
P-105431,30,weld,0.5,0.12091,,,2014-10-08
P-105431,40,grind_deburr,0.2,0.00411,,,2014-10-08
P-105431,50,powder_coat,0.25,0.00465,,,2014-10-08
P-105431,60,inspection_pack,0.15,0.00986,,,2014-10-08
P-105434,10,laser,0.2,0.07354,,,2023-07-11
P-105434,20,press_brake,1.08,0.07561,,TS-16GA-3,2023-07-11
P-105434,30,hardware,0.25,0.0082,,,2023-07-11
P-105434,40,robotic_weld,1.2,0.07316,,,2023-07-11
P-105434,50,grind_deburr,0.2,0.00562,,,2023-07-11
P-105434,60,outside_processing,0.0,0.0,V-1077,,2023-07-11
P-105434,70,inspection_pack,0.15,0.00582,,,2023-07-11
P-105441,10,punch,0.5,0.00823,,,2019-03-11
P-105441,20,press_brake,0.94,0.03636,,TS-18GA-3,2019-03-11
P-105441,30,robotic_weld,1.2,0.00552,,,2019-03-11
P-105441,40,grind_deburr,0.2,0.00178,,,2019-03-11
P-105441,50,outside_processing,0.0,0.0,V-1077,,2019-03-11
P-105441,60,inspection_pack,0.15,0.00829,,,2019-03-11
P-105456,10,punch,0.5,0.00591,,,2023-12-11
P-105456,20,press_brake,0.73,0.02076,,TS-18GA-2,2023-12-11
P-105456,30,hardware,0.25,0.00845,,,2023-12-11
P-105456,40,inspection_pack,0.15,0.00526,,,2023-12-11
P-105477,10,punch,0.5,0.00756,,,2016-02-20
P-105477,20,grind_deburr,0.2,0.00233,,,2016-02-20
P-105477,30,press_brake,0.8,0.02916,,TS-16GA-2,2016-02-20
P-105477,40,weld,0.5,0.0623,,,2016-02-20
P-105477,50,grind_deburr,0.2,0.00411,,,2016-02-20
P-105477,60,inspection_pack,0.15,0.00638,,,2016-02-20
P-105482,10,laser,0.2,0.05643,,,2018-06-04
P-105482,20,grind_deburr,0.2,0.0063,,,2018-06-04
P-105482,30,press_brake,0.8,0.03324,,TS-20GA-1,2018-06-04
P-105482,40,hardware,0.25,0.00808,,,2018-06-04
P-105482,50,press_brake,0.73,0.02664,,TS-20GA-1,2018-06-04
P-105482,60,outside_processing,0.0,0.0,V-1077,,2018-06-04
P-105482,70,inspection_pack,0.15,0.00851,,,2018-06-04
P-105488,10,laser,0.2,0.00763,,,2015-01-07
P-105488,20,press_brake,1.01,0.04152,,TS-14GA-2,2015-01-07
P-105488,30,weld,0.5,0.03919,,,2015-01-07
P-105488,40,grind_deburr,0.2,0.00082,,,2015-01-07
P-105488,50,powder_coat,0.25,0.00257,,,2015-01-07
P-105488,60,inspection_pack,0.15,0.00683,,,2015-01-07
P-105501,10,laser,0.2,0.00624,,,2019-01-21
P-105501,20,grind_deburr,0.2,0.00069,,,2019-01-21
P-105501,30,press_brake,0.59,0.01032,,TS-14GA-2,2019-01-21
P-105501,40,powder_coat,0.25,0.00128,,,2019-01-21
P-105501,50,inspection_pack,0.15,0.01053,,,2019-01-21
P-105503,10,laser,0.2,0.03561,,,2013-12-22
P-105503,20,grind_deburr,0.2,0.01603,,,2013-12-22
P-105503,30,press_brake,1.15,0.08917,,TS-12GA-3,2013-12-22
P-105503,40,weld,0.5,0.19058,,,2013-12-22
P-105503,50,grind_deburr,0.2,0.00918,,,2013-12-22
P-105503,60,inspection_pack,0.15,0.0084,,,2013-12-22
P-105511,10,laser,0.2,0.03723,,,2016-12-09
P-105511,20,press_brake,0.59,0.01524,,TS-14GA-1,2016-12-09
P-105511,30,inspection_pack,0.15,0.00806,,,2016-12-09
P-105517,10,laser,0.2,0.01434,,,2019-06-23
P-105517,20,grind_deburr,0.2,0.00384,,,2019-06-23
P-105517,30,press_brake,1.01,0.04848,,TS-14GA-1,2019-06-23
P-105517,40,powder_coat,0.25,0.00305,,,2019-06-23
P-105517,50,assembly,0.3,0.07546,,,2019-06-23
P-105517,60,inspection_pack,0.15,0.00773,,,2019-06-23
P-105530,10,laser,0.2,0.01341,,,2021-08-16
P-105530,20,grind_deburr,0.2,0.00288,,,2021-08-16
P-105530,30,press_brake,0.52,0.00516,,TS-14GA-2,2021-08-16
P-105530,40,powder_coat,0.25,0.00257,,,2021-08-16
P-105530,50,inspection_pack,0.15,0.00694,,,2021-08-16
P-105537,10,laser,0.2,0.05712,,,2013-09-12
P-105537,20,grind_deburr,0.2,0.01357,,,2013-09-12
P-105537,30,press_brake,1.43,0.10789,,TS-18GA-3,2013-09-12
P-105537,40,hardware,0.25,0.02388,,,2013-09-12
P-105537,50,inspection_pack,0.15,0.00549,,,2013-09-12
P-105541,10,laser,0.2,0.01873,,,2021-12-28
P-105541,20,grind_deburr,0.2,0.00288,,,2021-12-28
P-105541,30,press_brake,0.73,0.02076,,TS-0.250IN-3,2021-12-28
P-105541,40,hardware,0.25,0.01335,,,2021-12-28
P-105541,50,powder_coat,0.25,0.00257,,,2021-12-28
P-105541,60,inspection_pack,0.15,0.00627,,,2021-12-28
P-105550,10,laser,0.2,0.08776,,,2012-02-10
P-105550,20,grind_deburr,0.2,0.01151,,,2012-02-10
P-105550,30,press_brake,0.94,0.05365,,TS-0.125IN-2,2012-02-10
P-105550,40,weld,0.5,0.1946,,,2012-02-10
P-105550,50,grind_deburr,0.2,0.00891,,,2012-02-10
P-105550,60,inspection_pack,0.15,0.00986,,,2012-02-10
P-105555,10,laser,0.2,0.02266,,,2016-09-26
P-105555,20,grind_deburr,0.2,0.00343,,,2016-09-26
P-105555,30,press_brake,0.59,0.01512,,TS-12GA-3,2016-09-26
P-105555,40,hardware,0.25,0.01886,,,2016-09-26
P-105555,50,robotic_weld,1.2,0.07492,,,2016-09-26
P-105555,60,grind_deburr,0.2,0.0037,,,2016-09-26
P-105555,70,powder_coat,0.25,0.00818,,,2016-09-26
P-105555,80,inspection_pack,0.15,0.00347,,,2016-09-26
P-105558,10,laser,0.2,0.00937,,,2019-07-04
P-105558,20,grind_deburr,0.2,0.00178,,,2019-07-04
P-105558,30,press_brake,0.52,0.00516,,TS-16GA-1,2019-07-04
P-105558,40,hardware,0.25,0.02755,,,2019-07-04
P-105558,50,inspection_pack,0.15,0.00683,,,2019-07-04
P-105562,10,laser,0.2,0.04671,,,2017-08-06
P-105562,20,press_brake,0.8,0.04164,,TS-18GA-3,2017-08-06
P-105562,30,weld,0.5,0.08541,,,2017-08-06
P-105562,40,grind_deburr,0.2,0.00658,,,2017-08-06
P-105562,50,outside_processing,0.0,0.0,V-1040,,2017-08-06
P-105562,60,assembly,0.3,0.03411,,,2017-08-06
P-105562,70,inspection_pack,0.15,0.00336,,,2017-08-06
P-105569,10,laser,0.2,0.00763,,,2013-01-27
P-105569,20,press_brake,0.66,0.0156,,TS-14GA-3,2013-01-27
P-105569,30,hardware,0.25,0.01371,,,2013-01-27
P-105569,40,inspection_pack,0.15,0.00829,,,2013-01-27
P-105577,10,laser,0.2,0.02694,,,2015-06-05
P-105577,20,grind_deburr,0.2,0.0048,,,2015-06-05
P-105577,30,press_brake,0.87,0.04008,,TS-16GA-3,2015-06-05
P-105577,40,robotic_weld,1.2,0.05948,,,2015-06-05
P-105577,50,grind_deburr,0.2,0.00384,,,2015-06-05
P-105577,60,inspection_pack,0.15,0.00885,,,2015-06-05
P-105584,10,laser,0.2,0.0348,,,2014-08-29
P-105584,20,grind_deburr,0.2,0.01206,,,2014-08-29
P-105584,30,press_brake,0.94,0.06133,,TS-18GA-3,2014-08-29
P-105584,40,press_brake,0.8,0.0438,,TS-18GA-3,2014-08-29
P-105584,50,outside_processing,0.0,0.0,V-1040,,2014-08-29
P-105584,60,inspection_pack,0.15,0.01042,,,2014-08-29
P-105591,10,punch,0.5,0.00484,,,2022-01-02
P-105591,20,grind_deburr,0.2,0.00137,,,2022-01-02
P-105591,30,press_brake,0.52,0.00516,,TS-20GA-3,2022-01-02
P-105591,40,hardware,0.25,0.02106,,,2022-01-02
P-105591,50,inspection_pack,0.15,0.00829,,,2022-01-02
P-105599,10,laser,0.2,0.07585,,,2021-10-09
P-105599,20,grind_deburr,0.2,0.01096,,,2021-10-09
P-105599,30,press_brake,0.59,0.01428,,TS-11GA-1,2021-10-09
P-105599,40,hardware,0.25,0.01163,,,2021-10-09
P-105599,50,outside_processing,0.0,0.0,V-1040,,2021-10-09
P-105599,60,inspection_pack,0.15,0.00403,,,2021-10-09
P-105603,10,laser,0.2,0.03261,,,2021-06-18
P-105603,20,press_brake,0.73,0.02712,,TS-16GA-1,2021-06-18
P-105603,30,hardware,0.25,0.01849,,,2021-06-18
P-105603,40,powder_coat,0.25,0.00241,,,2021-06-18
P-105603,50,outside_processing,0.0,0.0,V-1077,,2021-06-18
P-105603,60,inspection_pack,0.15,0.00571,,,2021-06-18
P-105609,10,laser,0.2,0.02012,,,2020-10-13
P-105609,20,grind_deburr,0.2,0.00151,,,2020-10-13
P-105609,30,press_brake,0.8,0.02628,,TS-18GA-2,2020-10-13
P-105609,40,hardware,0.25,0.00857,,,2020-10-13
P-105609,50,powder_coat,0.25,0.00209,,,2020-10-13
P-105609,60,inspection_pack,0.15,0.00459,,,2020-10-13
P-105621,10,punch,0.5,0.00891,,,2015-07-27
P-105621,20,grind_deburr,0.2,0.00069,,,2015-07-27
P-105621,30,press_brake,0.52,0.00516,,TS-14GA-1,2015-07-27
P-105621,40,inspection_pack,0.15,0.00594,,,2015-07-27
P-105629,10,laser,0.2,0.02717,,,2015-12-29
P-105629,20,grind_deburr,0.2,0.00384,,,2015-12-29
P-105629,30,press_brake,1.01,0.05593,,TS-12GA-2,2015-12-29
P-105629,40,outside_processing,0.0,0.0,V-1040,,2015-12-29
P-105629,50,inspection_pack,0.15,0.00381,,,2015-12-29
P-105630,10,laser,0.2,0.04752,,,2016-08-29
P-105630,20,grind_deburr,0.2,0.00274,,,2016-08-29
P-105630,30,press_brake,0.73,0.02532,,TS-20GA-1,2016-08-29
P-105630,40,weld,0.5,0.10294,,,2016-08-29
P-105630,50,grind_deburr,0.2,0.00507,,,2016-08-29
P-105630,60,outside_processing,0.0,0.0,V-1040,,2016-08-29
P-105630,70,inspection_pack,0.15,0.0056,,,2016-08-29
P-105634,10,laser,0.2,0.03561,,,2020-10-02
P-105634,20,press_brake,0.87,0.03876,,TS-18GA-3,2020-10-02
P-105634,30,hardware,0.25,0.02388,,,2020-10-02
P-105634,40,weld,0.5,0.02423,,,2020-10-02
P-105634,50,grind_deburr,0.2,0.00452,,,2020-10-02
P-105634,60,outside_processing,0.0,0.0,V-1040,,2020-10-02
P-105634,70,inspection_pack,0.15,0.01064,,,2020-10-02
P-105640,10,laser,0.2,0.01411,,,2020-09-08
P-105640,20,press_brake,0.52,0.00516,,TS-18GA-1,2020-09-08
P-105640,30,powder_coat,0.25,0.00112,,,2020-09-08
P-105640,40,inspection_pack,0.15,0.00638,,,2020-09-08
P-105641,10,laser,0.2,0.0059,,,2014-09-16
P-105641,20,grind_deburr,0.2,0.00123,,,2014-09-16
P-105641,30,press_brake,0.59,0.01032,,TS-16GA-2,2014-09-16
P-105641,40,outside_processing,0.0,0.0,V-1040,,2014-09-16
P-105641,50,inspection_pack,0.15,0.00941,,,2014-09-16
P-105645,10,laser,0.2,0.00728,,,2016-06-21
P-105645,20,grind_deburr,0.2,0.00069,,,2016-06-21
P-105645,30,press_brake,0.59,0.01032,,TS-20GA-1,2016-06-21
P-105645,40,powder_coat,0.25,0.00209,,,2016-06-21
P-105645,50,inspection_pack,0.15,0.00784,,,2016-06-21
P-105652,10,laser,0.2,0.01596,,,2021-08-03
P-105652,20,grind_deburr,0.2,0.00274,,,2021-08-03
P-105652,30,press_brake,1.15,0.06577,,TS-14GA-1,2021-08-03
P-105652,40,hardware,0.25,0.0218,,,2021-08-03
P-105652,50,powder_coat,0.25,0.00273,,,2021-08-03
P-105652,60,assembly,0.3,0.09915,,,2021-08-03
P-105652,70,inspection_pack,0.15,0.00739,,,2021-08-03
P-105657,10,laser,0.2,0.00532,,,2017-12-06
P-105657,20,press_brake,0.52,0.00516,,TS-14GA-1,2017-12-06
P-105657,30,robotic_weld,1.2,0.00883,,,2017-12-06
P-105657,40,grind_deburr,0.2,0.00206,,,2017-12-06
P-105657,50,inspection_pack,0.15,0.00582,,,2017-12-06
P-105665,10,laser,0.2,0.0481,,,2019-10-10
P-105665,20,grind_deburr,0.2,0.00507,,,2019-10-10
P-105665,30,press_brake,0.94,0.04548,,TS-18GA-1,2019-10-10
P-105665,40,weld,0.5,0.14224,,,2019-10-10
P-105665,50,grind_deburr,0.2,0.0048,,,2019-10-10
P-105665,60,inspection_pack,0.15,0.01042,,,2019-10-10
P-105670,10,punch,0.5,0.07062,,,2015-01-29
P-105670,20,grind_deburr,0.2,0.01192,,,2015-01-29
P-105670,30,press_brake,1.43,0.15794,,TS-18GA-2,2015-01-29
P-105670,40,robotic_weld,1.2,0.0565,,,2015-01-29
P-105670,50,grind_deburr,0.2,0.01343,,,2015-01-29
P-105670,60,assembly,0.3,0.0465,,,2015-01-29
P-105670,70,inspection_pack,0.15,0.00818,,,2015-01-29
P-105673,10,laser,0.2,0.01018,,,2019-04-17
P-105673,20,grind_deburr,0.2,0.00164,,,2019-04-17
P-105673,30,press_brake,0.66,0.0156,,TS-16GA-1,2019-04-17
P-105673,40,hardware,0.25,0.02094,,,2019-04-17
P-105673,50,inspection_pack,0.15,0.00459,,,2019-04-17
P-105675,10,laser,0.2,0.04035,,,2019-01-27
P-105675,20,press_brake,1.01,0.05353,,TS-20GA-1,2019-01-27
P-105675,30,weld,0.5,0.06442,,,2019-01-27
P-105675,40,grind_deburr,0.2,0.00809,,,2019-01-27
P-105675,50,powder_coat,0.25,0.00497,,,2019-01-27
P-105675,60,inspection_pack,0.15,0.00806,,,2019-01-27
P-105685,10,laser,0.2,0.01642,,,2017-05-19
P-105685,20,press_brake,0.73,0.02124,,TS-14GA-1,2017-05-19
P-105685,30,weld,0.5,0.02144,,,2017-05-19
P-105685,40,grind_deburr,0.2,0.00151,,,2017-05-19
P-105685,50,powder_coat,0.25,0.00209,,,2017-05-19
P-105685,60,inspection_pack,0.15,0.00526,,,2017-05-19
P-105692,10,laser,0.2,0.01746,,,2015-11-27
P-105692,20,press_brake,0.66,0.0156,,TS-20GA-3,2015-11-27
P-105692,30,hardware,0.25,0.02437,,,2015-11-27
P-105692,40,outside_processing,0.0,0.0,V-1040,,2015-11-27
P-105692,50,inspection_pack,0.15,0.00784,,,2015-11-27
P-105704,10,punch,0.5,0.03817,,,2017-09-22
P-105704,20,grind_deburr,0.2,0.01466,,,2017-09-22
P-105704,30,press_brake,1.01,0.07069,,TS-12GA-1,2017-09-22
P-105704,40,hardware,0.25,0.02718,,,2017-09-22
P-105704,50,weld,0.5,0.22095,,,2017-09-22
P-105704,60,grind_deburr,0.2,0.01028,,,2017-09-22
P-105704,70,press_brake,0.87,0.05305,,TS-12GA-1,2017-09-22
P-105704,80,assembly,0.3,0.05714,,,2017-09-22
P-105704,90,inspection_pack,0.15,0.0056,,,2017-09-22
P-105712,10,laser,0.2,0.01376,,,2019-12-28
P-105712,20,grind_deburr,0.2,0.00192,,,2019-12-28
P-105712,30,press_brake,0.59,0.01032,,TS-18GA-3,2019-12-28
P-105712,40,powder_coat,0.25,0.0008,,,2019-12-28
P-105712,50,inspection_pack,0.15,0.00336,,,2019-12-28
P-105723,10,laser,0.2,0.00821,,,2020-08-23
P-105723,20,grind_deburr,0.2,0.0026,,,2020-08-23
P-105723,30,press_brake,0.59,0.01032,,TS-14GA-3,2020-08-23
P-105723,40,powder_coat,0.25,0.00112,,,2020-08-23
P-105723,50,inspection_pack,0.15,0.00997,,,2020-08-23
P-105727,10,laser,0.2,0.04128,,,2018-04-07
P-105727,20,grind_deburr,0.2,0.00658,,,2018-04-07
P-105727,30,press_brake,0.66,0.01848,,TS-0.250IN-1,2018-04-07
P-105727,40,hardware,0.25,0.01004,,,2018-04-07
P-105727,50,weld,0.5,0.07637,,,2018-04-07
P-105727,60,grind_deburr,0.2,0.00452,,,2018-04-07
P-105727,70,outside_processing,0.0,0.0,V-1040,,2018-04-07
P-105727,80,inspection_pack,0.15,0.01042,,,2018-04-07
P-105733,10,laser,0.2,0.12014,,,2016-12-17
P-105733,20,grind_deburr,0.2,0.00521,,,2016-12-17
P-105733,30,press_brake,1.15,0.09493,,TS-20GA-1,2016-12-17
P-105733,40,powder_coat,0.25,0.00658,,,2016-12-17
P-105733,50,assembly,0.3,0.03049,,,2016-12-17
P-105733,60,inspection_pack,0.15,0.00762,,,2016-12-17
P-105735,10,laser,0.2,0.12627,,,2017-08-18
P-105735,20,press_brake,1.01,0.09025,,TS-14GA-3,2017-08-18
P-105735,30,hardware,0.25,0.01604,,,2017-08-18
P-105735,40,weld,0.5,0.3058,,,2017-08-18
P-105735,50,grind_deburr,0.2,0.02631,,,2017-08-18
P-105735,60,outside_processing,0.0,0.0,V-1040,,2017-08-18
P-105735,70,outside_processing,0.0,0.0,V-1077,,2017-08-18
P-105735,80,inspection_pack,0.15,0.0093,,,2017-08-18
P-105738,10,laser,0.2,0.02243,,,2014-12-11
P-105738,20,grind_deburr,0.2,0.0063,,,2014-12-11
P-105738,30,press_brake,0.8,0.03048,,TS-18GA-2,2014-12-11
P-105738,40,weld,0.5,0.0345,,,2014-12-11
P-105738,50,grind_deburr,0.2,0.0063,,,2014-12-11
P-105738,60,outside_processing,0.0,0.0,V-1040,,2014-12-11
P-105738,70,inspection_pack,0.15,0.00728,,,2014-12-11
P-105751,10,laser,0.2,0.00567,,,2014-09-21
P-105751,20,grind_deburr,0.2,0.00192,,,2014-09-21
P-105751,30,press_brake,0.52,0.00516,,TS-14GA-1,2014-09-21
P-105751,40,hardware,0.25,0.01959,,,2014-09-21
P-105751,50,outside_processing,0.0,0.0,V-1040,,2014-09-21
P-105751,60,inspection_pack,0.15,0.00605,,,2014-09-21
P-105761,10,laser,0.2,0.01908,,,2018-03-03
P-105761,20,grind_deburr,0.2,0.00082,,,2018-03-03
P-105761,30,press_brake,0.52,0.00516,,TS-16GA-1,2018-03-03
P-105761,40,outside_processing,0.0,0.0,V-1040,,2018-03-03
P-105761,50,inspection_pack,0.15,0.00493,,,2018-03-03
P-105762,10,laser,0.2,0.01388,,,2022-03-25
P-105762,20,grind_deburr,0.2,0.00576,,,2022-03-25
P-105762,30,press_brake,0.87,0.03648,,TS-12GA-2,2022-03-25
P-105762,40,hardware,0.25,0.01653,,,2022-03-25
P-105762,50,weld,0.5,0.12929,,,2022-03-25
P-105762,60,grind_deburr,0.2,0.00603,,,2022-03-25
P-105762,70,inspection_pack,0.15,0.00437,,,2022-03-25
P-105769,10,punch,0.5,0.05027,,,2023-01-27
P-105769,20,grind_deburr,0.2,0.01274,,,2023-01-27
P-105769,30,press_brake,1.08,0.09277,,TS-18GA-1,2023-01-27
P-105769,40,inspection_pack,0.15,0.01064,,,2023-01-27
P-105786,10,laser,0.2,0.03191,,,2020-05-07
P-105786,20,grind_deburr,0.2,0.00397,,,2020-05-07
P-105786,30,press_brake,1.15,0.06277,,TS-18GA-2,2020-05-07
P-105786,40,outside_processing,0.0,0.0,V-1077,,2020-05-07
P-105786,50,assembly,0.3,0.02797,,,2020-05-07
P-105786,60,inspection_pack,0.15,0.00504,,,2020-05-07
P-105788,10,laser,0.2,0.05134,,,2019-11-01
P-105788,20,press_brake,0.59,0.01284,,TS-20GA-1,2019-11-01
P-105788,30,hardware,0.25,0.01518,,,2019-11-01
P-105788,40,weld,0.5,0.06107,,,2019-11-01
P-105788,50,grind_deburr,0.2,0.00562,,,2019-11-01
P-105788,60,powder_coat,0.25,0.0069,,,2019-11-01
P-105788,70,inspection_pack,0.15,0.00717,,,2019-11-01
P-105791,10,laser,0.2,0.09158,,,2013-04-14
P-105791,20,grind_deburr,0.2,0.00617,,,2013-04-14
P-105791,30,press_brake,0.8,0.04344,,TS-0.250IN-1,2013-04-14
P-105791,40,outside_processing,0.0,0.0,V-1040,,2013-04-14
P-105791,50,inspection_pack,0.15,0.00874,,,2013-04-14
P-105797,10,laser,0.2,0.17448,,,2022-08-29
P-105797,20,grind_deburr,0.2,0.02316,,,2022-08-29
P-105797,30,press_brake,1.29,0.13537,,TS-16GA-3,2022-08-29
P-105797,40,hardware,0.25,0.01151,,,2022-08-29
P-105797,50,robotic_weld,1.2,0.09721,,,2022-08-29
P-105797,60,grind_deburr,0.2,0.02302,,,2022-08-29
P-105797,70,powder_coat,0.25,0.02069,,,2022-08-29
P-105797,80,inspection_pack,0.15,0.00829,,,2022-08-29
P-105798,10,laser,0.2,0.06221,,,2014-09-29
P-105798,20,grind_deburr,0.2,0.00987,,,2014-09-29
P-105798,30,press_brake,1.29,0.12361,,TS-14GA-1,2014-09-29
P-105798,40,outside_processing,0.0,0.0,V-1040,,2014-09-29
P-105798,50,inspection_pack,0.15,0.00538,,,2014-09-29
P-105802,10,laser,0.2,0.02301,,,2019-06-26
P-105802,20,press_brake,0.66,0.0168,,TS-14GA-1,2019-06-26
P-105802,30,weld,0.5,0.08697,,,2019-06-26
P-105802,40,grind_deburr,0.2,0.00219,,,2019-06-26
P-105802,50,outside_processing,0.0,0.0,V-1040,,2019-06-26
P-105802,60,assembly,0.3,0.03345,,,2019-06-26
P-105802,70,inspection_pack,0.15,0.00616,,,2019-06-26
P-105805,10,laser,0.2,0.01018,,,2019-05-03
P-105805,20,grind_deburr,0.2,0.00082,,,2019-05-03
P-105805,30,press_brake,0.66,0.0156,,TS-16GA-1,2019-05-03
P-105805,40,hardware,0.25,0.01384,,,2019-05-03
P-105805,50,weld,0.5,0.03997,,,2019-05-03
P-105805,60,grind_deburr,0.2,0.00206,,,2019-05-03
P-105805,70,outside_processing,0.0,0.0,V-1040,,2019-05-03
P-105805,80,inspection_pack,0.15,0.00594,,,2019-05-03
P-105820,10,laser,0.2,0.07527,,,2021-06-17
P-105820,20,grind_deburr,0.2,0.01,,,2021-06-17
P-105820,30,press_brake,0.87,0.04488,,TS-14GA-1,2021-06-17
P-105820,40,hardware,0.25,0.01518,,,2021-06-17
P-105820,50,weld,0.5,0.04343,,,2021-06-17
P-105820,60,grind_deburr,0.2,0.01,,,2021-06-17
P-105820,70,assembly,0.3,0.05188,,,2021-06-17
P-105820,80,inspection_pack,0.15,0.00627,,,2021-06-17
P-105834,10,laser,0.2,0.01064,,,2015-07-22
P-105834,20,grind_deburr,0.2,0.00082,,,2015-07-22
P-105834,30,press_brake,0.8,0.02676,,TS-16GA-3,2015-07-22
P-105834,40,weld,0.5,0.05873,,,2015-07-22
P-105834,50,grind_deburr,0.2,0.00219,,,2015-07-22
P-105834,60,inspection_pack,0.15,0.00582,,,2015-07-22
P-105838,10,laser,0.2,0.0222,,,2016-07-17
P-105838,20,press_brake,0.66,0.01956,,TS-18GA-3,2016-07-17
P-105838,30,powder_coat,0.25,0.00209,,,2016-07-17
P-105838,40,inspection_pack,0.15,0.00997,,,2016-07-17
P-105841,10,laser,0.2,0.06417,,,2014-11-09
P-105841,20,grind_deburr,0.2,0.00425,,,2014-11-09
P-105841,30,press_brake,0.66,0.02052,,TS-20GA-3,2014-11-09
P-105841,40,weld,0.5,0.1524,,,2014-11-09
P-105841,50,grind_deburr,0.2,0.00233,,,2014-11-09
P-105841,60,powder_coat,0.25,0.00401,,,2014-11-09
P-105841,70,inspection_pack,0.15,0.00403,,,2014-11-09
P-105854,10,laser,0.2,0.04163,,,2021-12-12
P-105854,20,grind_deburr,0.2,0.00356,,,2021-12-12
P-105854,30,press_brake,0.8,0.03096,,TS-14GA-1,2021-12-12
P-105854,40,hardware,0.25,0.01959,,,2021-12-12
P-105854,50,weld,0.5,0.03997,,,2021-12-12
P-105854,60,grind_deburr,0.2,0.00576,,,2021-12-12
P-105854,70,powder_coat,0.25,0.00481,,,2021-12-12
P-105854,80,inspection_pack,0.15,0.0028,,,2021-12-12
P-105861,10,laser,0.2,0.0126,,,2019-01-21
P-105861,20,grind_deburr,0.2,0.00123,,,2019-01-21
P-105861,30,press_brake,0.59,0.01032,,TS-12GA-2,2019-01-21
P-105861,40,powder_coat,0.25,0.00257,,,2019-01-21
P-105861,50,inspection_pack,0.15,0.00941,,,2019-01-21
P-105865,10,laser,0.2,0.08406,,,2023-10-28
P-105865,20,press_brake,1.43,0.14906,,TS-14GA-1,2023-10-28
P-105865,30,hardware,0.25,0.02927,,,2023-10-28
P-105865,40,weld,0.5,0.20755,,,2023-10-28
P-105865,50,grind_deburr,0.2,0.01549,,,2023-10-28
P-105865,60,assembly,0.3,0.04431,,,2023-10-28
P-105865,70,inspection_pack,0.15,0.00314,,,2023-10-28
P-105873,10,laser,0.2,0.01804,,,2017-01-06
P-105873,20,grind_deburr,0.2,0.00384,,,2017-01-06
P-105873,30,press_brake,1.08,0.05497,,TS-0.125IN-3,2017-01-06
P-105873,40,assembly,0.3,0.09092,,,2017-01-06
P-105873,50,inspection_pack,0.15,0.00526,,,2017-01-06
P-105878,10,laser,0.2,0.02844,,,2019-04-18
P-105878,20,grind_deburr,0.2,0.00452,,,2019-04-18
P-105878,30,press_brake,0.87,0.03528,,TS-11GA-3,2019-04-18
P-105878,40,hardware,0.25,0.0202,,,2019-04-18
P-105878,50,weld,0.5,0.11165,,,2019-04-18
P-105878,60,grind_deburr,0.2,0.00247,,,2019-04-18
P-105878,70,powder_coat,0.25,0.00465,,,2019-04-18
P-105878,80,assembly,0.3,0.06328,,,2019-04-18
P-105878,90,inspection_pack,0.15,0.00627,,,2019-04-18
P-105879,10,laser,0.2,0.01341,,,2018-03-13
P-105879,20,grind_deburr,0.2,0.00178,,,2018-03-13
P-105879,30,press_brake,0.87,0.03108,,TS-14GA-3,2018-03-13
P-105879,40,hardware,0.25,0.00894,,,2018-03-13
P-105879,50,weld,0.5,0.0115,,,2018-03-13
P-105879,60,grind_deburr,0.2,0.00219,,,2018-03-13
P-105879,70,powder_coat,0.25,0.00241,,,2018-03-13
P-105879,80,inspection_pack,0.15,0.00874,,,2018-03-13
P-105880,10,laser,0.2,0.02544,,,2014-11-15
P-105880,20,grind_deburr,0.2,0.00315,,,2014-11-15
P-105880,30,press_brake,0.73,0.02484,,TS-0.250IN-1,2014-11-15
P-105880,40,press_brake,0.66,0.0186,,TS-0.250IN-1,2014-11-15
P-105880,50,inspection_pack,0.15,0.00739,,,2014-11-15
P-105885,10,laser,0.2,0.14141,,,2014-10-08
P-105885,20,grind_deburr,0.2,0.01329,,,2014-10-08
P-105885,30,press_brake,1.36,0.13129,,TS-14GA-1,2014-10-08
P-105885,40,powder_coat,0.25,0.01957,,,2014-10-08
P-105885,50,inspection_pack,0.15,0.00706,,,2014-10-08
P-105896,10,laser,0.2,0.01364,,,2021-06-01
P-105896,20,grind_deburr,0.2,0.00096,,,2021-06-01
P-105896,30,press_brake,0.66,0.0156,,TS-16GA-3,2021-06-01
P-105896,40,inspection_pack,0.15,0.00414,,,2021-06-01
P-105899,10,laser,0.2,0.04116,,,2017-12-30
P-105899,20,grind_deburr,0.2,0.01206,,,2017-12-30
P-105899,30,press_brake,0.8,0.03744,,TS-14GA-2,2017-12-30
P-105899,40,hardware,0.25,0.0289,,,2017-12-30
P-105899,50,robotic_weld,1.2,0.03321,,,2017-12-30
P-105899,60,grind_deburr,0.2,0.00301,,,2017-12-30
P-105899,70,outside_processing,0.0,0.0,V-1040,,2017-12-30
P-105899,80,assembly,0.3,0.05627,,,2017-12-30
P-105899,90,inspection_pack,0.15,0.00885,,,2017-12-30
P-105902,10,laser,0.2,0.08314,,,2016-07-06
P-105902,20,press_brake,0.94,0.05413,,TS-12GA-2,2016-07-06
P-105902,30,hardware,0.25,0.01714,,,2016-07-06
P-105902,40,outside_processing,0.0,0.0,V-1040,,2016-07-06
P-105902,50,inspection_pack,0.15,0.00605,,,2016-07-06
P-105908,10,laser,0.2,0.02763,,,2016-06-30
P-105908,20,press_brake,0.59,0.01416,,TS-16GA-1,2016-06-30
P-105908,30,inspection_pack,0.15,0.00392,,,2016-06-30
P-105911,10,punch,0.5,0.0155,,,2014-01-25
P-105911,20,grind_deburr,0.2,0.0085,,,2014-01-25
P-105911,30,press_brake,0.66,0.02184,,TS-16GA-2,2014-01-25
P-105911,40,hardware,0.25,0.02743,,,2014-01-25
P-105911,50,powder_coat,0.25,0.00979,,,2014-01-25
P-105911,60,inspection_pack,0.15,0.00638,,,2014-01-25
P-105924,10,laser,0.2,0.01838,,,2016-06-12
P-105924,20,grind_deburr,0.2,0.00247,,,2016-06-12
P-105924,30,press_brake,0.73,0.02532,,TS-20GA-3,2016-06-12
P-105924,40,hardware,0.25,0.02449,,,2016-06-12
P-105924,50,weld,0.5,0.0748,,,2016-06-12
P-105924,60,grind_deburr,0.2,0.0026,,,2016-06-12
P-105924,70,powder_coat,0.25,0.00353,,,2016-06-12
P-105924,80,inspection_pack,0.15,0.00493,,,2016-06-12
P-105925,10,laser,0.2,0.01665,,,2016-03-31
P-105925,20,press_brake,0.8,0.02592,,TS-0.125IN-2,2016-03-31
P-105925,30,weld,0.5,0.0412,,,2016-03-31
P-105925,40,grind_deburr,0.2,0.00274,,,2016-03-31
P-105925,50,inspection_pack,0.15,0.00571,,,2016-03-31
P-105929,10,laser,0.2,0.04475,,,2022-08-16
P-105929,20,press_brake,0.87,0.05653,,TS-16GA-2,2022-08-16
P-105929,30,hardware,0.25,0.01629,,,2022-08-16
P-105929,40,assembly,0.3,0.03279,,,2022-08-16
P-105929,50,inspection_pack,0.15,0.00963,,,2022-08-16
P-105935,10,laser,0.2,0.00671,,,2014-08-20
P-105935,20,grind_deburr,0.2,0.00247,,,2014-08-20
P-105935,30,press_brake,0.52,0.00516,,TS-12GA-2,2014-08-20
P-105935,40,hardware,0.25,0.01139,,,2014-08-20
P-105935,50,inspection_pack,0.15,0.00795,,,2014-08-20
P-105941,10,laser,0.2,0.01098,,,2019-11-03
P-105941,20,press_brake,0.73,0.02076,,TS-12GA-2,2019-11-03
P-105941,30,hardware,0.25,0.0191,,,2019-11-03
P-105941,40,inspection_pack,0.15,0.00851,,,2019-11-03
P-105942,10,laser,0.2,0.02035,,,2021-07-13
P-105942,20,grind_deburr,0.2,0.00932,,,2021-07-13
P-105942,30,press_brake,1.01,0.05749,,TS-18GA-3,2021-07-13
P-105942,40,hardware,0.25,0.00906,,,2021-07-13
P-105942,50,weld,0.5,0.20856,,,2021-07-13
P-105942,60,grind_deburr,0.2,0.0085,,,2021-07-13
P-105942,70,inspection_pack,0.15,0.00862,,,2021-07-13
P-105947,10,laser,0.2,0.00937,,,2024-07-11
P-105947,20,press_brake,0.73,0.02076,,TS-14GA-1,2024-07-11
P-105947,30,inspection_pack,0.15,0.01053,,,2024-07-11
P-105952,10,laser,0.2,0.04313,,,2019-09-14
P-105952,20,grind_deburr,0.2,0.01343,,,2019-09-14
P-105952,30,press_brake,0.73,0.04032,,TS-16GA-3,2019-09-14
P-105952,40,hardware,0.25,0.0109,,,2019-09-14
P-105952,50,press_brake,0.66,0.03024,,TS-16GA-3,2019-09-14
P-105952,60,outside_processing,0.0,0.0,V-1077,,2019-09-14
P-105952,70,inspection_pack,0.15,0.00515,,,2019-09-14
P-105956,10,laser,0.2,0.01758,,,2013-12-08
P-105956,20,grind_deburr,0.2,0.00192,,,2013-12-08
P-105956,30,press_brake,0.8,0.02676,,TS-14GA-3,2013-12-08
P-105956,40,inspection_pack,0.15,0.00795,,,2013-12-08
P-105962,10,laser,0.2,0.00971,,,2012-06-17
P-105962,20,press_brake,0.59,0.01032,,TS-18GA-2,2012-06-17
P-105962,30,weld,0.5,0.02791,,,2012-06-17
P-105962,40,grind_deburr,0.2,0.0026,,,2012-06-17
P-105962,50,powder_coat,0.25,0.00064,,,2012-06-17
P-105962,60,inspection_pack,0.15,0.00549,,,2012-06-17
P-105965,10,laser,0.2,0.01862,,,2021-06-15
P-105965,20,grind_deburr,0.2,0.00247,,,2021-06-15
P-105965,30,press_brake,0.59,0.01032,,TS-0.250IN-2,2021-06-15
P-105965,40,hardware,0.25,0.01176,,,2021-06-15
P-105965,50,powder_coat,0.25,0.00144,,,2021-06-15
P-105965,60,inspection_pack,0.15,0.00538,,,2021-06-15
P-105969,10,laser,0.2,0.05793,,,2023-03-28
P-105969,20,grind_deburr,0.2,0.00589,,,2023-03-28
P-105969,30,press_brake,0.73,0.02628,,TS-11GA-3,2023-03-28
P-105969,40,powder_coat,0.25,0.00241,,,2023-03-28
P-105969,50,inspection_pack,0.15,0.00594,,,2023-03-28
P-105974,10,laser,0.2,0.06961,,,2019-01-18
P-105974,20,grind_deburr,0.2,0.00356,,,2019-01-18
P-105974,30,press_brake,1.22,0.08473,,TS-12GA-1,2019-01-18
P-105974,40,weld,0.5,0.11477,,,2019-01-18
P-105974,50,grind_deburr,0.2,0.00658,,,2019-01-18
P-105974,60,outside_processing,0.0,0.0,V-1040,,2019-01-18
P-105974,70,inspection_pack,0.15,0.00784,,,2019-01-18
P-105989,10,laser,0.2,0.01769,,,2023-09-14
P-105989,20,grind_deburr,0.2,0.00069,,,2023-09-14
P-105989,30,press_brake,0.73,0.02076,,TS-20GA-1,2023-09-14
P-105989,40,inspection_pack,0.15,0.00526,,,2023-09-14
P-105996,10,laser,0.2,0.03874,,,2016-06-16
P-105996,20,grind_deburr,0.2,0.00493,,,2016-06-16
P-105996,30,press_brake,0.59,0.01332,,TS-16GA-2,2016-06-16
P-105996,40,powder_coat,0.25,0.00353,,,2016-06-16
P-105996,50,inspection_pack,0.15,0.00493,,,2016-06-16
P-106002,10,laser,0.2,0.0096,,,2018-12-23
P-106002,20,grind_deburr,0.2,0.00219,,,2018-12-23
P-106002,30,press_brake,0.8,0.02592,,TS-14GA-3,2018-12-23
P-106002,40,hardware,0.25,0.02633,,,2018-12-23
P-106002,50,weld,0.5,0.05728,,,2018-12-23
P-106002,60,grind_deburr,0.2,0.00219,,,2018-12-23
P-106002,70,inspection_pack,0.15,0.00706,,,2018-12-23
P-106013,10,laser,0.2,0.04024,,,2018-10-11
P-106013,20,grind_deburr,0.2,0.0037,,,2018-10-11
P-106013,30,press_brake,1.29,0.07165,,TS-16GA-2,2018-10-11
P-106013,40,robotic_weld,1.2,0.03498,,,2018-10-11
P-106013,50,grind_deburr,0.2,0.00274,,,2018-10-11
P-106013,60,inspection_pack,0.15,0.00795,,,2018-10-11
P-106015,10,laser,0.2,0.01561,,,2018-01-05
P-106015,20,grind_deburr,0.2,0.00192,,,2018-01-05
P-106015,30,press_brake,0.66,0.0156,,TS-18GA-2,2018-01-05
P-106015,40,hardware,0.25,0.01592,,,2018-01-05
P-106015,50,inspection_pack,0.15,0.0093,,,2018-01-05
P-106018,10,punch,0.5,0.02102,,,2022-12-05
P-106018,20,grind_deburr,0.2,0.00617,,,2022-12-05
P-106018,30,press_brake,1.08,0.05473,,TS-16GA-3,2022-12-05
P-106018,40,hardware,0.25,0.00747,,,2022-12-05
P-106018,50,weld,0.5,0.10082,,,2022-12-05
P-106018,60,grind_deburr,0.2,0.00603,,,2022-12-05
P-106018,70,outside_processing,0.0,0.0,V-1040,,2022-12-05
P-106018,80,assembly,0.3,0.02248,,,2022-12-05
P-106018,90,inspection_pack,0.15,0.00851,,,2022-12-05
P-106027,10,laser,0.2,0.02844,,,2019-07-28
P-106027,20,press_brake,1.29,0.07969,,TS-14GA-1,2019-07-28
P-106027,30,hardware,0.25,0.02657,,,2019-07-28
P-106027,40,weld,0.5,0.10327,,,2019-07-28
P-106027,50,grind_deburr,0.2,0.00206,,,2019-07-28
P-106027,60,inspection_pack,0.15,0.00358,,,2019-07-28
P-106034,10,laser,0.2,0.01954,,,2022-02-17
P-106034,20,press_brake,0.66,0.02148,,TS-18GA-3,2022-02-17
P-106034,30,powder_coat,0.25,0.00305,,,2022-02-17
P-106034,40,inspection_pack,0.15,0.00851,,,2022-02-17
P-106042,10,laser,0.2,0.03249,,,2016-08-03
P-106042,20,press_brake,1.08,0.06457,,TS-16GA-2,2016-08-03
P-106042,30,outside_processing,0.0,0.0,V-1040,,2016-08-03
P-106042,40,assembly,0.3,0.08445,,,2016-08-03
P-106042,50,inspection_pack,0.15,0.00963,,,2016-08-03
P-106058,10,laser,0.2,0.05978,,,2018-06-14
P-106058,20,grind_deburr,0.2,0.0037,,,2018-06-14
P-106058,30,press_brake,0.94,0.05173,,TS-16GA-2,2018-06-14
P-106058,40,weld,0.5,0.17149,,,2018-06-14
P-106058,50,grind_deburr,0.2,0.01096,,,2018-06-14
P-106058,60,press_brake,0.8,0.03696,,TS-16GA-2,2018-06-14
P-106058,70,powder_coat,0.25,0.00834,,,2018-06-14
P-106058,80,inspection_pack,0.15,0.01053,,,2018-06-14
P-106066,10,punch,0.5,0.03138,,,2023-09-05
P-106066,20,grind_deburr,0.2,0.01041,,,2023-09-05
P-106066,30,press_brake,0.73,0.02916,,TS-11GA-3,2023-09-05
P-106066,40,weld,0.5,0.24216,,,2023-09-05
P-106066,50,grind_deburr,0.2,0.00658,,,2023-09-05
P-106066,60,outside_processing,0.0,0.0,V-1077,,2023-09-05
P-106066,70,inspection_pack,0.15,0.0084,,,2023-09-05
P-106080,10,laser,0.2,0.03272,,,2014-09-28
P-106080,20,grind_deburr,0.2,0.00699,,,2014-09-28
P-106080,30,press_brake,0.66,0.02328,,TS-12GA-3,2014-09-28
P-106080,40,hardware,0.25,0.02608,,,2014-09-28
P-106080,50,outside_processing,0.0,0.0,V-1040,,2014-09-28
P-106080,60,assembly,0.3,0.05802,,,2014-09-28
P-106080,70,inspection_pack,0.15,0.00874,,,2014-09-28
P-106090,10,laser,0.2,0.01908,,,2016-10-16
P-106090,20,grind_deburr,0.2,0.0011,,,2016-10-16
P-106090,30,press_brake,0.59,0.01032,,TS-16GA-3,2016-10-16
P-106090,40,hardware,0.25,0.0109,,,2016-10-16
P-106090,50,inspection_pack,0.15,0.00302,,,2016-10-16
P-106098,10,laser,0.2,0.0629,,,2017-12-21
P-106098,20,press_brake,1.43,0.10717,,TS-0.125IN-1,2017-12-21
P-106098,30,robotic_weld,1.2,0.06963,,,2017-12-21
P-106098,40,grind_deburr,0.2,0.0037,,,2017-12-21
P-106098,50,assembly,0.3,0.06274,,,2017-12-21
P-106098,60,inspection_pack,0.15,0.0047,,,2017-12-21
P-106103,10,laser,0.2,0.00948,,,2024-03-27
P-106103,20,grind_deburr,0.2,0.00247,,,2024-03-27
P-106103,30,press_brake,0.66,0.0156,,TS-18GA-2,2024-03-27
P-106103,40,hardware,0.25,0.00882,,,2024-03-27
P-106103,50,outside_processing,0.0,0.0,V-1040,,2024-03-27
P-106103,60,inspection_pack,0.15,0.00291,,,2024-03-27
P-106108,10,laser,0.2,0.0074,,,2020-02-29
P-106108,20,grind_deburr,0.2,0.0011,,,2020-02-29
P-106108,30,press_brake,0.87,0.03108,,TS-18GA-3,2020-02-29
P-106108,40,hardware,0.25,0.0169,,,2020-02-29
P-106108,50,weld,0.5,0.02356,,,2020-02-29
P-106108,60,grind_deburr,0.2,0.00151,,,2020-02-29
P-106108,70,powder_coat,0.25,0.00096,,,2020-02-29
P-106108,80,inspection_pack,0.15,0.01064,,,2020-02-29
P-106112,10,laser,0.2,0.01862,,,2019-03-03
P-106112,20,grind_deburr,0.2,0.00082,,,2019-03-03
P-106112,30,press_brake,0.8,0.02592,,TS-16GA-3,2019-03-03
P-106112,40,weld,0.5,0.05694,,,2019-03-03
P-106112,50,grind_deburr,0.2,0.00151,,,2019-03-03
P-106112,60,powder_coat,0.25,0.0016,,,2019-03-03
P-106112,70,inspection_pack,0.15,0.00661,,,2019-03-03
P-106117,10,laser,0.2,0.01584,,,2017-07-31
P-106117,20,grind_deburr,0.2,0.00219,,,2017-07-31
P-106117,30,press_brake,0.8,0.02796,,TS-20GA-2,2017-07-31
P-106117,40,assembly,0.3,0.0782,,,2017-07-31
P-106117,50,inspection_pack,0.15,0.00762,,,2017-07-31
P-106119,10,laser,0.2,0.04209,,,2022-06-20
P-106119,20,press_brake,0.59,0.012,,TS-16GA-2,2022-06-20
P-106119,30,inspection_pack,0.15,0.00605,,,2022-06-20
P-106123,10,laser,0.2,0.0185,,,2022-05-28
P-106123,20,press_brake,0.59,0.01032,,TS-12GA-3,2022-05-28
P-106123,30,hardware,0.25,0.01947,,,2022-05-28
P-106123,40,powder_coat,0.25,0.00112,,,2022-05-28
P-106123,50,inspection_pack,0.15,0.0047,,,2022-05-28
P-106132,10,laser,0.2,0.09447,,,2023-02-15
P-106132,20,grind_deburr,0.2,0.02754,,,2023-02-15
P-106132,30,press_brake,0.87,0.06697,,TS-16GA-1,2023-02-15
P-106132,40,hardware,0.25,0.02743,,,2023-02-15
P-106132,50,powder_coat,0.25,0.01011,,,2023-02-15
P-106132,60,inspection_pack,0.15,0.00291,,,2023-02-15
P-106140,10,laser,0.2,0.0673,,,2013-01-18
P-106140,20,grind_deburr,0.2,0.00904,,,2013-01-18
P-106140,30,press_brake,0.66,0.02196,,TS-14GA-1,2013-01-18
P-106140,40,robotic_weld,1.2,0.04579,,,2013-01-18
P-106140,50,grind_deburr,0.2,0.00767,,,2013-01-18
P-106140,60,inspection_pack,0.15,0.00638,,,2013-01-18
P-106148,10,laser,0.2,0.08926,,,2018-11-14
P-106148,20,grind_deburr,0.2,0.01096,,,2018-11-14
P-106148,30,press_brake,1.43,0.14257,,TS-14GA-3,2018-11-14
P-106148,40,inspection_pack,0.15,0.00941,,,2018-11-14
P-106152,10,laser,0.2,0.01434,,,2021-11-01
P-106152,20,grind_deburr,0.2,0.00247,,,2021-11-01
P-106152,30,press_brake,1.08,0.05713,,TS-18GA-2,2021-11-01
P-106152,40,hardware,0.25,0.02927,,,2021-11-01
P-106152,50,robotic_weld,1.2,0.05208,,,2021-11-01
P-106152,60,grind_deburr,0.2,0.00685,,,2021-11-01
P-106152,70,powder_coat,0.25,0.00626,,,2021-11-01
P-106152,80,assembly,0.3,0.09652,,,2021-11-01
P-106152,90,inspection_pack,0.15,0.00269,,,2021-11-01
P-106169,10,laser,0.2,0.01549,,,2024-05-31
P-106169,20,grind_deburr,0.2,0.00192,,,2024-05-31
P-106169,30,press_brake,0.59,0.01044,,TS-11GA-2,2024-05-31
P-106169,40,hardware,0.25,0.02927,,,2024-05-31
P-106169,50,weld,0.5,0.04611,,,2024-05-31
P-106169,60,grind_deburr,0.2,0.00219,,,2024-05-31
P-106169,70,inspection_pack,0.15,0.00818,,,2024-05-31
P-106180,10,laser,0.2,0.08383,,,2014-10-26
P-106180,20,grind_deburr,0.2,0.00507,,,2014-10-26
P-106180,30,press_brake,0.73,0.03012,,TS-18GA-3,2014-10-26
P-106180,40,weld,0.5,0.16234,,,2014-10-26
P-106180,50,grind_deburr,0.2,0.00439,,,2014-10-26
P-106180,60,outside_processing,0.0,0.0,V-1040,,2014-10-26
P-106180,70,inspection_pack,0.15,0.00997,,,2014-10-26
P-106185,10,punch,0.5,0.00707,,,2020-05-03
P-106185,20,grind_deburr,0.2,0.00137,,,2020-05-03
P-106185,30,press_brake,0.8,0.02736,,TS-20GA-2,2020-05-03
P-106185,40,hardware,0.25,0.01212,,,2020-05-03
P-106185,50,powder_coat,0.25,0.00144,,,2020-05-03
P-106185,60,assembly,0.3,0.05199,,,2020-05-03
P-106185,70,inspection_pack,0.15,0.0056,,,2020-05-03
P-106196,10,laser,0.2,0.16107,,,2017-06-30
P-106196,20,grind_deburr,0.2,0.01192,,,2017-06-30
P-106196,30,press_brake,1.43,0.15794,,TS-20GA-3,2017-06-30
P-106196,40,robotic_weld,1.2,0.03873,,,2017-06-30
P-106196,50,grind_deburr,0.2,0.0248,,,2017-06-30
P-106196,60,powder_coat,0.25,0.02486,,,2017-06-30
P-106196,70,inspection_pack,0.15,0.00269,,,2017-06-30
P-106202,10,laser,0.2,0.01376,,,2012-05-25
P-106202,20,grind_deburr,0.2,0.00247,,,2012-05-25
P-106202,30,press_brake,0.73,0.02076,,TS-16GA-3,2012-05-25
P-106202,40,inspection_pack,0.15,0.00952,,,2012-05-25
P-106208,10,punch,0.5,0.01337,,,2018-12-15
P-106208,20,grind_deburr,0.2,0.0026,,,2018-12-15
P-106208,30,press_brake,0.87,0.03324,,TS-14GA-2,2018-12-15
P-106208,40,weld,0.5,0.08374,,,2018-12-15
P-106208,50,grind_deburr,0.2,0.00356,,,2018-12-15
P-106208,60,inspection_pack,0.15,0.00773,,,2018-12-15
P-106210,10,laser,0.2,0.07527,,,2016-06-11
P-106210,20,grind_deburr,0.2,0.00521,,,2016-06-11
P-106210,30,press_brake,1.15,0.08113,,TS-16GA-1,2016-06-11
P-106210,40,hardware,0.25,0.02241,,,2016-06-11
P-106210,50,robotic_weld,1.2,0.05462,,,2016-06-11
P-106210,60,grind_deburr,0.2,0.01014,,,2016-06-11
P-106210,70,inspection_pack,0.15,0.00829,,,2016-06-11
P-106215,10,laser,0.2,0.03504,,,2016-06-05
P-106215,20,press_brake,0.87,0.03888,,TS-20GA-2,2016-06-05
P-106215,30,weld,0.5,0.16457,,,2016-06-05
P-106215,40,grind_deburr,0.2,0.00726,,,2016-06-05
P-106215,50,powder_coat,0.25,0.00449,,,2016-06-05
P-106215,60,inspection_pack,0.15,0.0065,,,2016-06-05
P-106228,10,laser,0.2,0.0644,,,2012-05-30
P-106228,20,grind_deburr,0.2,0.00603,,,2012-05-30
P-106228,30,press_brake,1.01,0.06409,,TS-14GA-3,2012-05-30
P-106228,40,hardware,0.25,0.02437,,,2012-05-30
P-106228,50,robotic_weld,1.2,0.04877,,,2012-05-30
P-106228,60,grind_deburr,0.2,0.00507,,,2012-05-30
P-106228,70,press_brake,0.8,0.04008,,TS-14GA-3,2012-05-30
P-106228,80,powder_coat,0.25,0.00946,,,2012-05-30
P-106228,90,assembly,0.3,0.02369,,,2012-05-30
P-106228,100,inspection_pack,0.15,0.00582,,,2012-05-30
P-106231,10,punch,0.5,0.0092,,,2022-01-17
P-106231,20,grind_deburr,0.2,0.00288,,,2022-01-17
P-106231,30,press_brake,0.66,0.0156,,TS-12GA-3,2022-01-17
P-106231,40,hardware,0.25,0.02351,,,2022-01-17
P-106231,50,outside_processing,0.0,0.0,V-1040,,2022-01-17
P-106231,60,inspection_pack,0.15,0.00862,,,2022-01-17
P-106235,10,laser,0.2,0.01873,,,2013-07-28
P-106235,20,grind_deburr,0.2,0.00082,,,2013-07-28
P-106235,30,press_brake,0.8,0.02592,,TS-16GA-2,2013-07-28
P-106235,40,hardware,0.25,0.02449,,,2013-07-28
P-106235,50,powder_coat,0.25,0.00192,,,2013-07-28
P-106235,60,inspection_pack,0.15,0.01042,,,2013-07-28
P-106241,10,laser,0.2,0.01538,,,2019-08-17
P-106241,20,grind_deburr,0.2,0.00233,,,2019-08-17
P-106241,30,press_brake,0.66,0.0156,,TS-16GA-1,2019-08-17
P-106241,40,outside_processing,0.0,0.0,V-1040,,2019-08-17
P-106241,50,inspection_pack,0.15,0.00403,,,2019-08-17
P-106249,10,laser,0.2,0.0126,,,2014-06-21
P-106249,20,grind_deburr,0.2,0.00069,,,2014-06-21
P-106249,30,press_brake,0.52,0.00516,,TS-12GA-3,2014-06-21
P-106249,40,powder_coat,0.25,0.0016,,,2014-06-21
P-106249,50,inspection_pack,0.15,0.00549,,,2014-06-21
P-106254,10,laser,0.2,0.02995,,,2017-03-02
P-106254,20,press_brake,0.73,0.02244,,TS-16GA-1,2017-03-02
P-106254,30,hardware,0.25,0.02694,,,2017-03-02
P-106254,40,outside_processing,0.0,0.0,V-1040,,2017-03-02
P-106254,50,outside_processing,0.0,0.0,V-1077,,2017-03-02
P-106254,60,inspection_pack,0.15,0.00773,,,2017-03-02
P-106257,10,laser,0.2,0.01122,,,2012-05-05
P-106257,20,grind_deburr,0.2,0.00069,,,2012-05-05
P-106257,30,press_brake,0.66,0.0156,,TS-16GA-1,2012-05-05
P-106257,40,outside_processing,0.0,0.0,V-1040,,2012-05-05
P-106257,50,inspection_pack,0.15,0.00437,,,2012-05-05
P-106262,10,laser,0.2,0.00971,,,2022-01-24
P-106262,20,grind_deburr,0.2,0.00069,,,2022-01-24
P-106262,30,press_brake,0.59,0.01032,,TS-18GA-1,2022-01-24
P-106262,40,powder_coat,0.25,0.00257,,,2022-01-24
P-106262,50,inspection_pack,0.15,0.00627,,,2022-01-24
P-106265,10,laser,0.2,0.04937,,,2023-09-04
P-106265,20,grind_deburr,0.2,0.00713,,,2023-09-04
P-106265,30,press_brake,0.73,0.02784,,TS-14GA-1,2023-09-04
P-106265,40,hardware,0.25,0.01678,,,2023-09-04
P-106265,50,powder_coat,0.25,0.00898,,,2023-09-04
P-106265,60,assembly,0.3,0.03652,,,2023-09-04
P-106265,70,inspection_pack,0.15,0.00347,,,2023-09-04
P-106267,10,laser,0.2,0.05747,,,2019-01-17
P-106267,20,grind_deburr,0.2,0.00767,,,2019-01-17
P-106267,30,press_brake,0.66,0.024,,TS-20GA-3,2019-01-17
P-106267,40,assembly,0.3,0.04201,,,2019-01-17
P-106267,50,inspection_pack,0.15,0.00549,,,2019-01-17
P-106275,10,laser,0.2,0.08695,,,2018-02-13
P-106275,20,grind_deburr,0.2,0.02371,,,2018-02-13
P-106275,30,press_brake,1.01,0.08269,,TS-18GA-1,2018-02-13
P-106275,40,robotic_weld,1.2,0.14378,,,2018-02-13
P-106275,50,grind_deburr,0.2,0.02151,,,2018-02-13
P-106275,60,outside_processing,0.0,0.0,V-1077,,2018-02-13
P-106275,70,inspection_pack,0.15,0.00762,,,2018-02-13
P-106282,10,punch,0.5,0.00814,,,2023-02-19
P-106282,20,grind_deburr,0.2,0.0026,,,2023-02-19
P-106282,30,press_brake,0.73,0.02076,,TS-14GA-1,2023-02-19
P-106282,40,hardware,0.25,0.02241,,,2023-02-19
P-106282,50,powder_coat,0.25,0.00144,,,2023-02-19
P-106282,60,inspection_pack,0.15,0.0084,,,2023-02-19
P-106305,10,laser,0.2,0.00994,,,2021-10-28
P-106305,20,press_brake,0.87,0.03108,,TS-16GA-2,2021-10-28
P-106305,30,inspection_pack,0.15,0.00706,,,2021-10-28
P-106324,10,laser,0.2,0.01734,,,2015-12-24
P-106324,20,grind_deburr,0.2,0.00206,,,2015-12-24
P-106324,30,press_brake,0.66,0.01608,,TS-16GA-2,2015-12-24
P-106324,40,outside_processing,0.0,0.0,V-1040,,2015-12-24
P-106324,50,inspection_pack,0.15,0.00291,,,2015-12-24
P-106328,10,laser,0.2,0.01064,,,2018-06-23
P-106328,20,press_brake,0.73,0.02076,,TS-20GA-1,2018-06-23
P-106328,30,hardware,0.25,0.01812,,,2018-06-23
P-106328,40,weld,0.5,0.06029,,,2018-06-23
P-106328,50,grind_deburr,0.2,0.00069,,,2018-06-23
P-106328,60,inspection_pack,0.15,0.00269,,,2018-06-23
P-106335,10,laser,0.2,0.07724,,,2023-02-19
P-106335,20,grind_deburr,0.2,0.0122,,,2023-02-19
P-106335,30,press_brake,0.73,0.03144,,TS-14GA-1,2023-02-19
P-106335,40,hardware,0.25,0.02461,,,2023-02-19
P-106335,50,outside_processing,0.0,0.0,V-1040,,2023-02-19
P-106335,60,inspection_pack,0.15,0.00414,,,2023-02-19
P-106341,10,laser,0.2,0.01307,,,2013-10-01
P-106341,20,grind_deburr,0.2,0.00192,,,2013-10-01
P-106341,30,press_brake,0.66,0.0156,,TS-20GA-1,2013-10-01
P-106341,40,hardware,0.25,0.02755,,,2013-10-01
P-106341,50,powder_coat,0.25,0.00096,,,2013-10-01
P-106341,60,inspection_pack,0.15,0.00795,,,2013-10-01
P-106354,10,punch,0.5,0.00852,,,2014-01-28
P-106354,20,press_brake,0.59,0.01032,,TS-20GA-1,2014-01-28
P-106354,30,powder_coat,0.25,0.00257,,,2014-01-28
P-106354,40,inspection_pack,0.15,0.0037,,,2014-01-28
P-106356,10,punch,0.5,0.01114,,,2013-05-03
P-106356,20,grind_deburr,0.2,0.0011,,,2013-05-03
P-106356,30,press_brake,0.73,0.02124,,TS-11GA-2,2013-05-03
P-106356,40,weld,0.5,0.04589,,,2013-05-03
P-106356,50,grind_deburr,0.2,0.00151,,,2013-05-03
P-106356,60,assembly,0.3,0.04475,,,2013-05-03
P-106356,70,inspection_pack,0.15,0.00291,,,2013-05-03
P-106359,10,laser,0.2,0.00983,,,2019-04-13
P-106359,20,grind_deburr,0.2,0.00247,,,2019-04-13
P-106359,30,press_brake,0.59,0.01032,,TS-20GA-2,2019-04-13
P-106359,40,hardware,0.25,0.02486,,,2019-04-13
P-106359,50,inspection_pack,0.15,0.00448,,,2019-04-13
P-106364,10,laser,0.2,0.03006,,,2013-11-24
P-106364,20,grind_deburr,0.2,0.00411,,,2013-11-24
P-106364,30,press_brake,0.8,0.02796,,TS-18GA-3,2013-11-24
P-106364,40,outside_processing,0.0,0.0,V-1040,,2013-11-24
P-106364,50,inspection_pack,0.15,0.00515,,,2013-11-24
P-106365,10,laser,0.2,0.00694,,,2015-04-05
P-106365,20,grind_deburr,0.2,0.00247,,,2015-04-05
P-106365,30,press_brake,0.66,0.0156,,TS-11GA-1,2015-04-05
P-106365,40,hardware,0.25,0.018,,,2015-04-05
P-106365,50,powder_coat,0.25,0.00241,,,2015-04-05
P-106365,60,inspection_pack,0.15,0.00851,,,2015-04-05
P-106371,10,laser,0.2,0.13494,,,2020-10-03
P-106371,20,grind_deburr,0.2,0.01014,,,2020-10-03
P-106371,30,press_brake,1.01,0.08413,,TS-12GA-1,2020-10-03
P-106371,40,press_brake,0.87,0.06313,,TS-12GA-1,2020-10-03
P-106371,50,powder_coat,0.25,0.01845,,,2020-10-03
P-106371,60,inspection_pack,0.15,0.0028,,,2020-10-03
P-106377,10,laser,0.2,0.04278,,,2014-06-14
P-106377,20,grind_deburr,0.2,0.00329,,,2014-06-14
P-106377,30,press_brake,0.87,0.03624,,TS-16GA-3,2014-06-14
P-106377,40,hardware,0.25,0.02706,,,2014-06-14
P-106377,50,weld,0.5,0.07704,,,2014-06-14
P-106377,60,grind_deburr,0.2,0.00534,,,2014-06-14
P-106377,70,inspection_pack,0.15,0.00952,,,2014-06-14
P-106385,10,laser,0.2,0.06706,,,2020-06-13
P-106385,20,grind_deburr,0.2,0.01439,,,2020-06-13
P-106385,30,press_brake,1.29,0.09553,,TS-14GA-2,2020-06-13
P-106385,40,hardware,0.25,0.02363,,,2020-06-13
P-106385,50,robotic_weld,1.2,0.02659,,,2020-06-13
P-106385,60,grind_deburr,0.2,0.00863,,,2020-06-13
P-106385,70,powder_coat,0.25,0.01299,,,2020-06-13
P-106385,80,inspection_pack,0.15,0.00616,,,2020-06-13
P-106386,10,laser,0.2,0.07423,,,2015-01-10
P-106386,20,grind_deburr,0.2,0.00589,,,2015-01-10
P-106386,30,press_brake,0.73,0.03012,,TS-12GA-1,2015-01-10
P-106386,40,powder_coat,0.25,0.00594,,,2015-01-10
P-106386,50,inspection_pack,0.15,0.0056,,,2015-01-10
P-106403,10,punch,0.5,0.03923,,,2022-05-08
P-106403,20,press_brake,0.59,0.01464,,TS-16GA-3,2022-05-08
P-106403,30,weld,0.5,0.13945,,,2022-05-08
P-106403,40,grind_deburr,0.2,0.00904,,,2022-05-08
P-106403,50,powder_coat,0.25,0.00786,,,2022-05-08
P-106403,60,inspection_pack,0.15,0.00459,,,2022-05-08
P-106413,10,laser,0.2,0.13332,,,2021-05-13
P-106413,20,grind_deburr,0.2,0.02343,,,2021-05-13
P-106413,30,press_brake,0.87,0.06733,,TS-20GA-3,2021-05-13
P-106413,40,weld,0.5,0.44905,,,2021-05-13
P-106413,50,grind_deburr,0.2,0.02275,,,2021-05-13
P-106413,60,powder_coat,0.25,0.02647,,,2021-05-13
P-106413,70,inspection_pack,0.15,0.00941,,,2021-05-13
P-106415,10,laser,0.2,0.01792,,,2016-01-22
P-106415,20,grind_deburr,0.2,0.00192,,,2016-01-22
P-106415,30,press_brake,0.59,0.01032,,TS-20GA-3,2016-01-22
P-106415,40,hardware,0.25,0.01616,,,2016-01-22
P-106415,50,inspection_pack,0.15,0.00627,,,2016-01-22
P-106416,10,punch,0.5,0.00688,,,2021-11-29
P-106416,20,press_brake,0.73,0.02076,,TS-12GA-2,2021-11-29
P-106416,30,hardware,0.25,0.024,,,2021-11-29
P-106416,40,inspection_pack,0.15,0.00806,,,2021-11-29
P-106422,10,laser,0.2,0.01549,,,2020-07-06
P-106422,20,grind_deburr,0.2,0.0026,,,2020-07-06
P-106422,30,press_brake,0.59,0.01032,,TS-14GA-2,2020-07-06
P-106422,40,hardware,0.25,0.02241,,,2020-07-06
P-106422,50,inspection_pack,0.15,0.00885,,,2020-07-06
P-106424,10,laser,0.2,0.01434,,,2017-01-31
P-106424,20,press_brake,0.73,0.02076,,TS-18GA-2,2017-01-31
P-106424,30,hardware,0.25,0.01824,,,2017-01-31
P-106424,40,inspection_pack,0.15,0.0056,,,2017-01-31
P-106427,10,laser,0.2,0.02174,,,2021-06-10
P-106427,20,grind_deburr,0.2,0.00576,,,2021-06-10
P-106427,30,press_brake,0.66,0.02208,,TS-20GA-1,2021-06-10
P-106427,40,hardware,0.25,0.01653,,,2021-06-10
P-106427,50,weld,0.5,0.115,,,2021-06-10
P-106427,60,grind_deburr,0.2,0.00644,,,2021-06-10
P-106427,70,outside_processing,0.0,0.0,V-1040,,2021-06-10
P-106427,80,inspection_pack,0.15,0.00661,,,2021-06-10
P-106435,10,laser,0.2,0.01179,,,2013-05-16
P-106435,20,grind_deburr,0.2,0.00137,,,2013-05-16
P-106435,30,press_brake,0.52,0.00516,,TS-12GA-2,2013-05-16
P-106435,40,inspection_pack,0.15,0.00426,,,2013-05-16
P-106443,10,laser,0.2,0.01226,,,2017-03-01
P-106443,20,press_brake,0.52,0.00516,,TS-16GA-3,2017-03-01
P-106443,30,powder_coat,0.25,0.00225,,,2017-03-01
P-106443,40,inspection_pack,0.15,0.00739,,,2017-03-01
P-106453,10,laser,0.2,0.06533,,,2017-09-30
P-106453,20,grind_deburr,0.2,0.00932,,,2017-09-30
P-106453,30,press_brake,1.29,0.11725,,TS-14GA-3,2017-09-30
P-106453,40,robotic_weld,1.2,0.10527,,,2017-09-30
P-106453,50,grind_deburr,0.2,0.01151,,,2017-09-30
P-106453,60,outside_processing,0.0,0.0,V-1040,,2017-09-30
P-106453,70,inspection_pack,0.15,0.00381,,,2017-09-30
P-106459,10,laser,0.2,0.02289,,,2022-07-22
P-106459,20,grind_deburr,0.2,0.00315,,,2022-07-22
P-106459,30,press_brake,0.87,0.04188,,TS-18GA-2,2022-07-22
P-106459,40,robotic_weld,1.2,0.02836,,,2022-07-22
P-106459,50,grind_deburr,0.2,0.0074,,,2022-07-22
P-106459,60,powder_coat,0.25,0.00786,,,2022-07-22
P-106459,70,assembly,0.3,0.085,,,2022-07-22
P-106459,80,inspection_pack,0.15,0.0093,,,2022-07-22
P-106467,10,laser,0.2,0.18778,,,2021-05-10
P-106467,20,grind_deburr,0.2,0.01192,,,2021-05-10
P-106467,30,press_brake,1.22,0.12409,,TS-14GA-3,2021-05-10
P-106467,40,hardware,0.25,0.02878,,,2021-05-10
P-106467,50,robotic_weld,1.2,0.09898,,,2021-05-10
P-106467,60,grind_deburr,0.2,0.02453,,,2021-05-10
P-106467,70,powder_coat,0.25,0.01476,,,2021-05-10
P-106467,80,inspection_pack,0.15,0.00986,,,2021-05-10
P-106468,10,punch,0.5,0.01298,,,2021-08-10
P-106468,20,grind_deburr,0.2,0.0037,,,2021-08-10
P-106468,30,press_brake,0.73,0.02208,,TS-16GA-2,2021-08-10
P-106468,40,hardware,0.25,0.02241,,,2021-08-10
P-106468,50,weld,0.5,0.01574,,,2021-08-10
P-106468,60,grind_deburr,0.2,0.00192,,,2021-08-10
P-106468,70,inspection_pack,0.15,0.00907,,,2021-08-10
P-106490,10,laser,0.2,0.01815,,,2018-03-04
P-106490,20,press_brake,0.52,0.00516,,TS-16GA-3,2018-03-04
P-106490,30,outside_processing,0.0,0.0,V-1040,,2018-03-04
P-106490,40,inspection_pack,0.15,0.00818,,,2018-03-04
P-106497,10,laser,0.2,0.01769,,,2013-02-22
P-106497,20,press_brake,0.73,0.02076,,TS-14GA-3,2013-02-22
P-106497,30,inspection_pack,0.15,0.01019,,,2013-02-22
P-106505,10,laser,0.2,0.04995,,,2017-07-02
P-106505,20,grind_deburr,0.2,0.01041,,,2017-07-02
P-106505,30,press_brake,0.87,0.04596,,TS-18GA-2,2017-07-02
P-106505,40,robotic_weld,1.2,0.07426,,,2017-07-02
P-106505,50,grind_deburr,0.2,0.01302,,,2017-07-02
P-106505,60,powder_coat,0.25,0.00995,,,2017-07-02
P-106505,70,assembly,0.3,0.10101,,,2017-07-02
P-106505,80,inspection_pack,0.15,0.01053,,,2017-07-02
P-106511,10,laser,0.2,0.01283,,,2022-02-24
P-106511,20,grind_deburr,0.2,0.0026,,,2022-02-24
P-106511,30,press_brake,0.8,0.02592,,TS-12GA-3,2022-02-24
P-106511,40,weld,0.5,0.02077,,,2022-02-24
P-106511,50,grind_deburr,0.2,0.00123,,,2022-02-24
P-106511,60,inspection_pack,0.15,0.00806,,,2022-02-24
P-106527,10,laser,0.2,0.01596,,,2019-01-02
P-106527,20,grind_deburr,0.2,0.00151,,,2019-01-02
P-106527,30,press_brake,0.66,0.0156,,TS-12GA-3,2019-01-02
P-106527,40,weld,0.5,0.03193,,,2019-01-02
P-106527,50,grind_deburr,0.2,0.00096,,,2019-01-02
P-106527,60,inspection_pack,0.15,0.00392,,,2019-01-02
P-106539,10,laser,0.2,0.01781,,,2017-07-22
P-106539,20,press_brake,1.01,0.04488,,TS-14GA-1,2017-07-22
P-106539,30,weld,0.5,0.01284,,,2017-07-22
P-106539,40,grind_deburr,0.2,0.00411,,,2017-07-22
P-106539,50,inspection_pack,0.15,0.00358,,,2017-07-22
P-106559,10,laser,0.2,0.02313,,,2013-03-10
P-106559,20,grind_deburr,0.2,0.0026,,,2013-03-10
P-106559,30,press_brake,0.8,0.027,,TS-18GA-1,2013-03-10
P-106559,40,weld,0.5,0.0767,,,2013-03-10
P-106559,50,grind_deburr,0.2,0.00192,,,2013-03-10
P-106559,60,powder_coat,0.25,0.00096,,,2013-03-10
P-106559,70,inspection_pack,0.15,0.00414,,,2013-03-10
P-106573,10,laser,0.2,0.01827,,,2023-03-01
P-106573,20,grind_deburr,0.2,0.0011,,,2023-03-01
P-106573,30,press_brake,0.59,0.01032,,TS-18GA-2,2023-03-01
P-106573,40,weld,0.5,0.00994,,,2023-03-01
P-106573,50,grind_deburr,0.2,0.00069,,,2023-03-01
P-106573,60,inspection_pack,0.15,0.0084,,,2023-03-01
P-106578,10,laser,0.2,0.00752,,,2021-03-04
P-106578,20,grind_deburr,0.2,0.00219,,,2021-03-04
P-106578,30,press_brake,0.73,0.02136,,TS-14GA-3,2021-03-04
P-106578,40,weld,0.5,0.04767,,,2021-03-04
P-106578,50,grind_deburr,0.2,0.0011,,,2021-03-04
P-106578,60,inspection_pack,0.15,0.00829,,,2021-03-04
P-106581,10,laser,0.2,0.09192,,,2018-04-27
P-106581,20,grind_deburr,0.2,0.01727,,,2018-04-27
P-106581,30,press_brake,0.94,0.06109,,TS-14GA-2,2018-04-27
P-106581,40,hardware,0.25,0.0229,,,2018-04-27
P-106581,50,powder_coat,0.25,0.01604,,,2018-04-27
P-106581,60,assembly,0.3,0.08456,,,2018-04-27
P-106581,70,inspection_pack,0.15,0.0028,,,2018-04-27
P-106590,10,laser,0.2,0.05076,,,2013-09-11
P-106590,20,grind_deburr,0.2,0.00767,,,2013-09-11
P-106590,30,press_brake,0.66,0.02112,,TS-16GA-2,2013-09-11
P-106590,40,inspection_pack,0.15,0.00482,,,2013-09-11
P-106607,10,laser,0.2,0.04509,,,2012-12-06
P-106607,20,grind_deburr,0.2,0.00534,,,2012-12-06
P-106607,30,press_brake,0.94,0.05485,,TS-14GA-1,2012-12-06
P-106607,40,weld,0.5,0.19628,,,2012-12-06
P-106607,50,grind_deburr,0.2,0.01343,,,2012-12-06
P-106607,60,assembly,0.3,0.05363,,,2012-12-06
P-106607,70,inspection_pack,0.15,0.00582,,,2012-12-06
P-106609,10,laser,0.2,0.0614,,,2015-11-06
P-106609,20,grind_deburr,0.2,0.00425,,,2015-11-06
P-106609,30,press_brake,0.94,0.0468,,TS-14GA-1,2015-11-06
P-106609,40,inspection_pack,0.15,0.00616,,,2015-11-06
P-106633,10,laser,0.2,0.00659,,,2022-07-06
P-106633,20,grind_deburr,0.2,0.0011,,,2022-07-06
P-106633,30,press_brake,0.66,0.0156,,TS-14GA-2,2022-07-06
P-106633,40,inspection_pack,0.15,0.00336,,,2022-07-06
P-106644,10,laser,0.2,0.01168,,,2024-01-17
P-106644,20,grind_deburr,0.2,0.00233,,,2024-01-17
P-106644,30,press_brake,0.59,0.01032,,TS-18GA-2,2024-01-17
P-106644,40,hardware,0.25,0.01629,,,2024-01-17
P-106644,50,powder_coat,0.25,0.00096,,,2024-01-17
P-106644,60,inspection_pack,0.15,0.00571,,,2024-01-17
P-106645,10,laser,0.2,0.03654,,,2017-01-01
P-106645,20,press_brake,1.29,0.08089,,TS-16GA-2,2017-01-01
P-106645,30,hardware,0.25,0.012,,,2017-01-01
P-106645,40,powder_coat,0.25,0.00497,,,2017-01-01
P-106645,50,assembly,0.3,0.09718,,,2017-01-01
P-106645,60,inspection_pack,0.15,0.00997,,,2017-01-01
P-106646,10,laser,0.2,0.01468,,,2016-01-13
P-106646,20,grind_deburr,0.2,0.00069,,,2016-01-13
P-106646,30,press_brake,0.73,0.02076,,TS-14GA-3,2016-01-13
P-106646,40,hardware,0.25,0.01065,,,2016-01-13
P-106646,50,powder_coat,0.25,0.00112,,,2016-01-13
P-106646,60,inspection_pack,0.15,0.00504,,,2016-01-13
P-106652,10,laser,0.2,0.0237,,,2017-04-08
P-106652,20,grind_deburr,0.2,0.00754,,,2017-04-08
P-106652,30,press_brake,0.73,0.02976,,TS-18GA-3,2017-04-08
P-106652,40,weld,0.5,0.14671,,,2017-04-08
P-106652,50,grind_deburr,0.2,0.0085,,,2017-04-08
P-106652,60,press_brake,0.66,0.02232,,TS-18GA-3,2017-04-08
P-106652,70,outside_processing,0.0,0.0,V-1040,,2017-04-08
P-106652,80,assembly,0.3,0.0499,,,2017-04-08
P-106652,90,inspection_pack,0.15,0.00661,,,2017-04-08
P-106663,10,laser,0.2,0.03284,,,2021-05-02
P-106663,20,grind_deburr,0.2,0.0037,,,2021-05-02
P-106663,30,press_brake,0.94,0.03948,,TS-14GA-1,2021-05-02
P-106663,40,hardware,0.25,0.02131,,,2021-05-02
P-106663,50,weld,0.5,0.09758,,,2021-05-02
P-106663,60,grind_deburr,0.2,0.00192,,,2021-05-02
P-106663,70,powder_coat,0.25,0.00369,,,2021-05-02
P-106663,80,inspection_pack,0.15,0.00302,,,2021-05-02
P-106668,10,laser,0.2,0.01052,,,2022-08-15
P-106668,20,grind_deburr,0.2,0.00233,,,2022-08-15
P-106668,30,press_brake,0.59,0.01032,,TS-16GA-2,2022-08-15
P-106668,40,powder_coat,0.25,0.00096,,,2022-08-15
P-106668,50,inspection_pack,0.15,0.00818,,,2022-08-15
P-106670,10,laser,0.2,0.02185,,,2022-12-07
P-106670,20,grind_deburr,0.2,0.00617,,,2022-12-07
P-106670,30,press_brake,0.59,0.01248,,TS-12GA-3,2022-12-07
P-106670,40,hardware,0.25,0.01224,,,2022-12-07
P-106670,50,inspection_pack,0.15,0.00818,,,2022-12-07
P-106681,10,laser,0.2,0.00786,,,2015-04-11
P-106681,20,grind_deburr,0.2,0.0026,,,2015-04-11
P-106681,30,press_brake,0.52,0.00516,,TS-14GA-2,2015-04-11
P-106681,40,powder_coat,0.25,0.00192,,,2015-04-11
P-106681,50,inspection_pack,0.15,0.00269,,,2015-04-11
P-106684,10,laser,0.2,0.08233,,,2013-08-23
P-106684,20,press_brake,0.87,0.05833,,TS-16GA-1,2013-08-23
P-106684,30,hardware,0.25,0.02669,,,2013-08-23
P-106684,40,weld,0.5,0.21057,,,2013-08-23
P-106684,50,grind_deburr,0.2,0.00946,,,2013-08-23
P-106684,60,powder_coat,0.25,0.01941,,,2013-08-23
P-106684,70,inspection_pack,0.15,0.00862,,,2013-08-23
P-106689,10,laser,0.2,0.01122,,,2020-06-30
P-106689,20,grind_deburr,0.2,0.00137,,,2020-06-30
P-106689,30,press_brake,0.73,0.02076,,TS-11GA-2,2020-06-30
P-106689,40,inspection_pack,0.15,0.00706,,,2020-06-30
P-106697,10,laser,0.2,0.01781,,,2017-04-15
P-106697,20,grind_deburr,0.2,0.00247,,,2017-04-15
P-106697,30,press_brake,0.87,0.03168,,TS-11GA-2,2017-04-15
P-106697,40,weld,0.5,0.0383,,,2017-04-15
P-106697,50,grind_deburr,0.2,0.00219,,,2017-04-15
P-106697,60,powder_coat,0.25,0.00225,,,2017-04-15
P-106697,70,assembly,0.3,0.10112,,,2017-04-15
P-106697,80,inspection_pack,0.15,0.0056,,,2017-04-15
P-106701,10,laser,0.2,0.01307,,,2019-05-14
P-106701,20,grind_deburr,0.2,0.00247,,,2019-05-14
P-106701,30,press_brake,0.59,0.01032,,TS-0.250IN-3,2019-05-14
P-106701,40,hardware,0.25,0.00771,,,2019-05-14
P-106701,50,inspection_pack,0.15,0.00493,,,2019-05-14
P-106707,10,laser,0.2,0.02428,,,2013-04-09
P-106707,20,grind_deburr,0.2,0.00096,,,2013-04-09
P-106707,30,press_brake,0.8,0.02712,,TS-14GA-3,2013-04-09
P-106707,40,weld,0.5,0.06409,,,2013-04-09
P-106707,50,grind_deburr,0.2,0.00315,,,2013-04-09
P-106707,60,powder_coat,0.25,0.00257,,,2013-04-09
P-106707,70,assembly,0.3,0.02259,,,2013-04-09
P-106707,80,inspection_pack,0.15,0.00717,,,2013-04-09
P-106732,10,laser,0.2,0.00913,,,2016-12-20
P-106732,20,grind_deburr,0.2,0.00164,,,2016-12-20
P-106732,30,press_brake,0.66,0.0156,,TS-16GA-1,2016-12-20
P-106732,40,hardware,0.25,0.00931,,,2016-12-20
P-106732,50,powder_coat,0.25,0.00128,,,2016-12-20
P-106732,60,inspection_pack,0.15,0.00862,,,2016-12-20
P-106734,10,punch,0.5,0.05909,,,2020-09-01
P-106734,20,grind_deburr,0.2,0.01124,,,2020-09-01
P-106734,30,press_brake,1.29,0.10357,,TS-16GA-1,2020-09-01
P-106734,40,robotic_weld,1.2,0.06543,,,2020-09-01
P-106734,50,grind_deburr,0.2,0.00576,,,2020-09-01
P-106734,60,powder_coat,0.25,0.00898,,,2020-09-01
P-106734,70,inspection_pack,0.15,0.0093,,,2020-09-01
P-106739,10,laser,0.2,0.01468,,,2012-06-01
P-106739,20,press_brake,0.59,0.01032,,TS-0.250IN-2,2012-06-01
P-106739,30,inspection_pack,0.15,0.00874,,,2012-06-01
P-106763,10,laser,0.2,0.06637,,,2016-04-04
P-106763,20,grind_deburr,0.2,0.0159,,,2016-04-04
P-106763,30,press_brake,1.43,0.14978,,TS-16GA-1,2016-04-04
P-106763,40,hardware,0.25,0.02853,,,2016-04-04
P-106763,50,robotic_weld,1.2,0.11696,,,2016-04-04
P-106763,60,grind_deburr,0.2,0.02343,,,2016-04-04
P-106763,70,outside_processing,0.0,0.0,V-1102,,2016-04-04
P-106763,80,powder_coat,0.25,0.00658,,,2016-04-04
P-106763,90,inspection_pack,0.15,0.0084,,,2016-04-04
P-106771,10,punch,0.5,0.0062,,,2013-10-19
P-106771,20,grind_deburr,0.2,0.00123,,,2013-10-19
P-106771,30,press_brake,0.59,0.01032,,TS-14GA-3,2013-10-19
P-106771,40,inspection_pack,0.15,0.00358,,,2013-10-19
P-106786,10,punch,0.5,0.00988,,,2013-01-26
P-106786,20,grind_deburr,0.2,0.00192,,,2013-01-26
P-106786,30,press_brake,0.73,0.02076,,TS-11GA-2,2013-01-26
P-106786,40,inspection_pack,0.15,0.00896,,,2013-01-26
P-106790,10,laser,0.2,0.02671,,,2022-02-22
P-106790,20,grind_deburr,0.2,0.00219,,,2022-02-22
P-106790,30,press_brake,1.15,0.05557,,TS-12GA-2,2022-02-22
P-106790,40,hardware,0.25,0.02535,,,2022-02-22
P-106790,50,weld,0.5,0.0604,,,2022-02-22
P-106790,60,grind_deburr,0.2,0.00219,,,2022-02-22
P-106790,70,outside_processing,0.0,0.0,V-1040,,2022-02-22
P-106790,80,assembly,0.3,0.10803,,,2022-02-22
P-106790,90,inspection_pack,0.15,0.00538,,,2022-02-22
P-106794,10,laser,0.2,0.05966,,,2018-10-11
P-106794,20,press_brake,0.66,0.0228,,TS-0.125IN-2,2018-10-11
P-106794,30,hardware,0.25,0.01139,,,2018-10-11
P-106794,40,weld,0.5,0.17216,,,2018-10-11
P-106794,50,grind_deburr,0.2,0.00343,,,2018-10-11
P-106794,60,outside_processing,0.0,0.0,V-1077,,2018-10-11
P-106794,70,assembly,0.3,0.01963,,,2018-10-11
P-106794,80,inspection_pack,0.15,0.00694,,,2018-10-11
P-106801,10,laser,0.2,0.01018,,,2014-12-11
P-106801,20,grind_deburr,0.2,0.00301,,,2014-12-11
P-106801,30,press_brake,1.01,0.04212,,TS-14GA-3,2014-12-11
P-106801,40,powder_coat,0.25,0.00096,,,2014-12-11
P-106801,50,assembly,0.3,0.1054,,,2014-12-11
P-106801,60,inspection_pack,0.15,0.00426,,,2014-12-11
P-106811,10,laser,0.2,0.01214,,,2022-04-01
P-106811,20,grind_deburr,0.2,0.00137,,,2022-04-01
P-106811,30,press_brake,0.66,0.0156,,TS-20GA-1,2022-04-01
P-106811,40,hardware,0.25,0.02571,,,2022-04-01
P-106811,50,inspection_pack,0.15,0.00672,,,2022-04-01
P-106814,10,laser,0.2,0.08025,,,2019-10-29
P-106814,20,grind_deburr,0.2,0.02878,,,2019-10-29
P-106814,30,press_brake,0.94,0.07897,,TS-16GA-3,2019-10-29
P-106814,40,hardware,0.25,0.01224,,,2019-10-29
P-106814,50,robotic_weld,1.2,0.14113,,,2019-10-29
P-106814,60,grind_deburr,0.2,0.01233,,,2019-10-29
P-106814,70,press_brake,0.8,0.05641,,TS-16GA-3,2019-10-29
P-106814,80,outside_processing,0.0,0.0,V-1040,,2019-10-29
P-106814,90,inspection_pack,0.15,0.00538,,,2019-10-29
P-106822,10,laser,0.2,0.01584,,,2020-12-12
P-106822,20,press_brake,0.59,0.01044,,TS-12GA-2,2020-12-12
P-106822,30,outside_processing,0.0,0.0,V-1040,,2020-12-12
P-106822,40,inspection_pack,0.15,0.0084,,,2020-12-12
P-106823,10,laser,0.2,0.07169,,,2022-05-02
P-106823,20,grind_deburr,0.2,0.01274,,,2022-05-02
P-106823,30,press_brake,1.08,0.06805,,TS-12GA-2,2022-05-02
P-106823,40,powder_coat,0.25,0.01107,,,2022-05-02
P-106823,50,inspection_pack,0.15,0.00941,,,2022-05-02
P-106827,10,laser,0.2,0.04486,,,2012-01-11
P-106827,20,grind_deburr,0.2,0.00343,,,2012-01-11
P-106827,30,press_brake,1.22,0.07117,,TS-18GA-1,2012-01-11
P-106827,40,hardware,0.25,0.02339,,,2012-01-11
P-106827,50,powder_coat,0.25,0.00321,,,2012-01-11
P-106827,60,inspection_pack,0.15,0.00336,,,2012-01-11
P-106836,10,laser,0.2,0.19553,,,2017-06-10
P-106836,20,grind_deburr,0.2,0.02864,,,2017-06-10
P-106836,30,press_brake,1.22,0.12409,,TS-18GA-2,2017-06-10
P-106836,40,hardware,0.25,0.01457,,,2017-06-10
P-106836,50,outside_processing,0.0,0.0,V-1077,,2017-06-10
P-106836,60,inspection_pack,0.15,0.0037,,,2017-06-10
P-106840,10,laser,0.2,0.03434,,,2017-06-11
P-106840,20,grind_deburr,0.2,0.00685,,,2017-06-11
P-106840,30,press_brake,0.87,0.0372,,TS-14GA-2,2017-06-11
P-106840,40,hardware,0.25,0.02853,,,2017-06-11
P-106840,50,outside_processing,0.0,0.0,V-1040,,2017-06-11
P-106840,60,inspection_pack,0.15,0.00504,,,2017-06-11
P-106842,10,laser,0.2,0.04683,,,2022-05-02
P-106842,20,grind_deburr,0.2,0.00658,,,2022-05-02
P-106842,30,press_brake,0.66,0.02352,,TS-16GA-3,2022-05-02
P-106842,40,powder_coat,0.25,0.00401,,,2022-05-02
P-106842,50,assembly,0.3,0.04157,,,2022-05-02
P-106842,60,inspection_pack,0.15,0.00571,,,2022-05-02
P-106861,10,laser,0.2,0.01029,,,2019-05-14
P-106861,20,press_brake,0.66,0.01764,,TS-0.125IN-1,2019-05-14
P-106861,30,hardware,0.25,0.01984,,,2019-05-14
P-106861,40,outside_processing,0.0,0.0,V-1040,,2019-05-14
P-106861,50,inspection_pack,0.15,0.00918,,,2019-05-14
P-106863,10,laser,0.2,0.01838,,,2013-02-15
P-106863,20,grind_deburr,0.2,0.00123,,,2013-02-15
P-106863,30,press_brake,0.66,0.0156,,TS-16GA-1,2013-02-15
P-106863,40,powder_coat,0.25,0.00257,,,2013-02-15
P-106863,50,inspection_pack,0.15,0.00739,,,2013-02-15
P-106870,10,laser,0.2,0.09505,,,2017-10-20
P-106870,20,grind_deburr,0.2,0.01288,,,2017-10-20
P-106870,30,press_brake,1.08,0.08725,,TS-14GA-1,2017-10-20
P-106870,40,hardware,0.25,0.01567,,,2017-10-20
P-106870,50,powder_coat,0.25,0.01123,,,2017-10-20
P-106870,60,assembly,0.3,0.08138,,,2017-10-20
P-106870,70,inspection_pack,0.15,0.00594,,,2017-10-20
P-106873,10,laser,0.2,0.01653,,,2014-09-17
P-106873,20,grind_deburr,0.2,0.00274,,,2014-09-17
P-106873,30,press_brake,0.73,0.02232,,TS-14GA-3,2014-09-17
P-106873,40,powder_coat,0.25,0.0016,,,2014-09-17
P-106873,50,assembly,0.3,0.07842,,,2014-09-17
P-106873,60,inspection_pack,0.15,0.00269,,,2014-09-17
P-106881,10,punch,0.5,0.00843,,,2013-03-10
P-106881,20,grind_deburr,0.2,0.00233,,,2013-03-10
P-106881,30,press_brake,0.8,0.02676,,TS-16GA-1,2013-03-10
P-106881,40,hardware,0.25,0.02094,,,2013-03-10
P-106881,50,powder_coat,0.25,0.00128,,,2013-03-10
P-106881,60,inspection_pack,0.15,0.0028,,,2013-03-10
P-106884,10,punch,0.5,0.00697,,,2020-01-28
P-106884,20,grind_deburr,0.2,0.00164,,,2020-01-28
P-106884,30,press_brake,0.52,0.00516,,TS-18GA-3,2020-01-28
P-106884,40,hardware,0.25,0.02841,,,2020-01-28
P-106884,50,powder_coat,0.25,0.0008,,,2020-01-28
P-106884,60,inspection_pack,0.15,0.00493,,,2020-01-28
P-106890,10,punch,0.5,0.00998,,,2019-07-09
P-106890,20,grind_deburr,0.2,0.00274,,,2019-07-09
P-106890,30,press_brake,0.73,0.02208,,TS-16GA-1,2019-07-09
P-106890,40,weld,0.5,0.08709,,,2019-07-09
P-106890,50,grind_deburr,0.2,0.00425,,,2019-07-09
P-106890,60,inspection_pack,0.15,0.00986,,,2019-07-09
P-106909,10,laser,0.2,0.01515,,,2014-07-05
P-106909,20,grind_deburr,0.2,0.00151,,,2014-07-05
P-106909,30,press_brake,0.66,0.0156,,TS-12GA-2,2014-07-05
P-106909,40,hardware,0.25,0.01678,,,2014-07-05
P-106909,50,powder_coat,0.25,0.00096,,,2014-07-05
P-106909,60,inspection_pack,0.15,0.00594,,,2014-07-05
P-106923,10,punch,0.5,0.04717,,,2018-06-01
P-106923,20,grind_deburr,0.2,0.00658,,,2018-06-01
P-106923,30,press_brake,1.01,0.06289,,TS-16GA-2,2018-06-01
P-106923,40,weld,0.5,0.04399,,,2018-06-01
P-106923,50,grind_deburr,0.2,0.01247,,,2018-06-01
P-106923,60,inspection_pack,0.15,0.0056,,,2018-06-01
P-106927,10,laser,0.2,0.04105,,,2017-01-28
P-106927,20,grind_deburr,0.2,0.00315,,,2017-01-28
P-106927,30,press_brake,0.8,0.0324,,TS-18GA-1,2017-01-28
P-106927,40,outside_processing,0.0,0.0,V-1077,,2017-01-28
P-106927,50,outside_processing,0.0,0.0,V-1077,,2017-01-28
P-106927,60,inspection_pack,0.15,0.00773,,,2017-01-28
P-106940,10,laser,0.2,0.02278,,,2017-12-19
P-106940,20,press_brake,0.73,0.0252,,TS-16GA-1,2017-12-19
P-106940,30,hardware,0.25,0.02229,,,2017-12-19
P-106940,40,robotic_weld,1.2,0.02483,,,2017-12-19
P-106940,50,grind_deburr,0.2,0.00548,,,2017-12-19
P-106940,60,press_brake,0.59,0.0126,,TS-16GA-1,2017-12-19
P-106940,70,powder_coat,0.25,0.0061,,,2017-12-19
P-106940,80,inspection_pack,0.15,0.00358,,,2017-12-19
P-106952,10,laser,0.2,0.08846,,,2022-12-28
P-106952,20,grind_deburr,0.2,0.02289,,,2022-12-28
P-106952,30,press_brake,1.01,0.08941,,TS-20GA-2,2022-12-28
P-106952,40,robotic_weld,1.2,0.04116,,,2022-12-28
P-106952,50,grind_deburr,0.2,0.02604,,,2022-12-28
P-106952,60,outside_processing,0.0,0.0,V-1077,,2022-12-28
P-106952,70,inspection_pack,0.15,0.00806,,,2022-12-28
P-106954,10,laser,0.2,0.05203,,,2021-08-15
P-106954,20,grind_deburr,0.2,0.00863,,,2021-08-15
P-106954,30,press_brake,1.15,0.06565,,TS-18GA-3,2021-08-15
P-106954,40,powder_coat,0.25,0.00658,,,2021-08-15
P-106954,50,assembly,0.3,0.05298,,,2021-08-15
P-106954,60,inspection_pack,0.15,0.00739,,,2021-08-15
P-106970,10,laser,0.2,0.07631,,,2021-06-27
P-106970,20,grind_deburr,0.2,0.00809,,,2021-06-27
P-106970,30,press_brake,1.08,0.07057,,TS-20GA-2,2021-06-27
P-106970,40,inspection_pack,0.15,0.00336,,,2021-06-27
P-106977,10,laser,0.2,0.01156,,,2020-11-29
P-106977,20,grind_deburr,0.2,0.0048,,,2020-11-29
P-106977,30,press_brake,0.94,0.04116,,TS-16GA-3,2020-11-29
P-106977,40,hardware,0.25,0.01555,,,2020-11-29
P-106977,50,weld,0.5,0.03215,,,2020-11-29
P-106977,60,grind_deburr,0.2,0.00507,,,2020-11-29
P-106977,70,press_brake,0.73,0.02352,,TS-16GA-3,2020-11-29
P-106977,80,powder_coat,0.25,0.00385,,,2020-11-29
P-106977,90,inspection_pack,0.15,0.00314,,,2020-11-29
P-106981,10,punch,0.5,0.01879,,,2014-07-19
P-106981,20,grind_deburr,0.2,0.01014,,,2014-07-19
P-106981,30,press_brake,1.29,0.08545,,TS-18GA-2,2014-07-19
P-106981,40,hardware,0.25,0.02645,,,2014-07-19
P-106981,50,weld,0.5,0.05761,,,2014-07-19
P-106981,60,grind_deburr,0.2,0.00493,,,2014-07-19
P-106981,70,powder_coat,0.25,0.00914,,,2014-07-19
P-106981,80,inspection_pack,0.15,0.00728,,,2014-07-19
P-106992,10,punch,0.5,0.02887,,,2014-02-18
P-106992,20,grind_deburr,0.2,0.0211,,,2014-02-18
P-106992,30,press_brake,0.8,0.048,,TS-16GA-1,2014-02-18
P-106992,40,assembly,0.3,0.03937,,,2014-02-18
P-106992,50,inspection_pack,0.15,0.00269,,,2014-02-18
P-107007,10,laser,0.2,0.07608,,,2021-03-10
P-107007,20,grind_deburr,0.2,0.00685,,,2021-03-10
P-107007,30,press_brake,0.8,0.03864,,TS-14GA-3,2021-03-10
P-107007,40,hardware,0.25,0.01788,,,2021-03-10
P-107007,50,robotic_weld,1.2,0.03288,,,2021-03-10
P-107007,60,grind_deburr,0.2,0.01,,,2021-03-10
P-107007,70,powder_coat,0.25,0.00898,,,2021-03-10
P-107007,80,outside_processing,0.0,0.0,V-1077,,2021-03-10
P-107007,90,inspection_pack,0.15,0.00504,,,2021-03-10
P-107008,10,laser,0.2,0.00682,,,2020-06-11
P-107008,20,grind_deburr,0.2,0.00082,,,2020-06-11
P-107008,30,press_brake,0.73,0.02076,,TS-11GA-2,2020-06-11
P-107008,40,hardware,0.25,0.0158,,,2020-06-11
P-107008,50,inspection_pack,0.15,0.00739,,,2020-06-11
P-107010,10,laser,0.2,0.00728,,,2020-08-01
P-107010,20,grind_deburr,0.2,0.00219,,,2020-08-01
P-107010,30,press_brake,0.73,0.02076,,TS-18GA-3,2020-08-01
P-107010,40,powder_coat,0.25,0.00241,,,2020-08-01
P-107010,50,inspection_pack,0.15,0.00907,,,2020-08-01
P-107012,10,laser,0.2,0.01966,,,2017-01-12
P-107012,20,grind_deburr,0.2,0.0011,,,2017-01-12
P-107012,30,press_brake,0.66,0.0156,,TS-20GA-2,2017-01-12
P-107012,40,hardware,0.25,0.01335,,,2017-01-12
P-107012,50,powder_coat,0.25,0.00225,,,2017-01-12
P-107012,60,inspection_pack,0.15,0.00672,,,2017-01-12
P-107015,10,laser,0.2,0.0185,,,2015-06-28
P-107015,20,grind_deburr,0.2,0.0026,,,2015-06-28
P-107015,30,press_brake,0.59,0.01032,,TS-18GA-2,2015-06-28
P-107015,40,hardware,0.25,0.01359,,,2015-06-28
P-107015,50,weld,0.5,0.01228,,,2015-06-28
P-107015,60,grind_deburr,0.2,0.00096,,,2015-06-28
P-107015,70,inspection_pack,0.15,0.00414,,,2015-06-28
P-107021,10,laser,0.2,0.00913,,,2015-06-26
P-107021,20,grind_deburr,0.2,0.00274,,,2015-06-26
P-107021,30,press_brake,0.66,0.0156,,TS-18GA-1,2015-06-26
P-107021,40,outside_processing,0.0,0.0,V-1102,,2015-06-26
P-107021,50,powder_coat,0.25,0.00209,,,2015-06-26
P-107021,60,inspection_pack,0.15,0.0084,,,2015-06-26
P-107024,10,laser,0.2,0.01596,,,2019-08-25
P-107024,20,grind_deburr,0.2,0.0037,,,2019-08-25
P-107024,30,press_brake,0.59,0.01116,,TS-20GA-2,2019-08-25
P-107024,40,outside_processing,0.0,0.0,V-1040,,2019-08-25
P-107024,50,inspection_pack,0.15,0.00795,,,2019-08-25
P-107032,10,laser,0.2,0.00613,,,2018-04-18
P-107032,20,grind_deburr,0.2,0.00192,,,2018-04-18
P-107032,30,press_brake,0.8,0.02616,,TS-20GA-3,2018-04-18
P-107032,40,inspection_pack,0.15,0.00627,,,2018-04-18
P-107037,10,laser,0.2,0.04706,,,2017-05-08
P-107037,20,press_brake,0.59,0.0138,,TS-14GA-3,2017-05-08
P-107037,30,weld,0.5,0.16401,,,2017-05-08
P-107037,40,grind_deburr,0.2,0.00397,,,2017-05-08
P-107037,50,inspection_pack,0.15,0.00963,,,2017-05-08
P-107039,10,laser,0.2,0.10788,,,2017-10-19
P-107039,20,grind_deburr,0.2,0.00863,,,2017-10-19
P-107039,30,press_brake,0.8,0.0438,,TS-16GA-2,2017-10-19
P-107039,40,robotic_weld,1.2,0.11299,,,2017-10-19
P-107039,50,grind_deburr,0.2,0.01028,,,2017-10-19
P-107039,60,press_brake,0.73,0.03504,,TS-16GA-2,2017-10-19
P-107039,70,assembly,0.3,0.05835,,,2017-10-19
P-107039,80,inspection_pack,0.15,0.00616,,,2017-10-19
P-107045,10,laser,0.2,0.07296,,,2023-10-15
P-107045,20,grind_deburr,0.2,0.00411,,,2023-10-15
P-107045,30,press_brake,0.94,0.0492,,TS-20GA-2,2023-10-15
P-107045,40,hardware,0.25,0.00869,,,2023-10-15
P-107045,50,weld,0.5,0.06487,,,2023-10-15
P-107045,60,grind_deburr,0.2,0.00288,,,2023-10-15
P-107045,70,outside_processing,0.0,0.0,V-1040,,2023-10-15
P-107045,80,assembly,0.3,0.09345,,,2023-10-15
P-107045,90,inspection_pack,0.15,0.00549,,,2023-10-15
P-107050,10,laser,0.2,0.01677,,,2013-08-13
P-107050,20,press_brake,0.73,0.02076,,TS-18GA-2,2013-08-13
P-107050,30,hardware,0.25,0.01531,,,2013-08-13
P-107050,40,inspection_pack,0.15,0.00728,,,2013-08-13
P-107057,10,laser,0.2,0.00578,,,2017-08-24
P-107057,20,grind_deburr,0.2,0.00178,,,2017-08-24
P-107057,30,press_brake,0.73,0.02076,,TS-16GA-3,2017-08-24
P-107057,40,powder_coat,0.25,0.00128,,,2017-08-24
P-107057,50,inspection_pack,0.15,0.00426,,,2017-08-24
P-107067,10,laser,0.2,0.00867,,,2022-08-30
P-107067,20,press_brake,0.94,0.03672,,TS-18GA-2,2022-08-30
P-107067,30,hardware,0.25,0.01371,,,2022-08-30
P-107067,40,weld,0.5,0.01418,,,2022-08-30
P-107067,50,grind_deburr,0.2,0.00069,,,2022-08-30
P-107067,60,powder_coat,0.25,0.00257,,,2022-08-30
P-107067,70,inspection_pack,0.15,0.00358,,,2022-08-30
P-107070,10,laser,0.2,0.11852,,,2016-09-02
P-107070,20,press_brake,1.29,0.12625,,TS-18GA-1,2016-09-02
P-107070,30,hardware,0.25,0.00967,,,2016-09-02
P-107070,40,weld,0.5,0.13096,,,2016-09-02
P-107070,50,grind_deburr,0.2,0.02275,,,2016-09-02
P-107070,60,outside_processing,0.0,0.0,V-1040,,2016-09-02
P-107070,70,inspection_pack,0.15,0.00448,,,2016-09-02
P-107078,10,punch,0.5,0.00465,,,2014-11-08
P-107078,20,press_brake,0.87,0.03108,,TS-16GA-3,2014-11-08
P-107078,30,hardware,0.25,0.00771,,,2014-11-08
P-107078,40,weld,0.5,0.02278,,,2014-11-08
P-107078,50,grind_deburr,0.2,0.00164,,,2014-11-08
P-107078,60,inspection_pack,0.15,0.00907,,,2014-11-08
P-107085,10,laser,0.2,0.02255,,,2021-02-17
P-107085,20,grind_deburr,0.2,0.0011,,,2021-02-17
P-107085,30,press_brake,0.8,0.02688,,TS-16GA-1,2021-02-17
P-107085,40,inspection_pack,0.15,0.00739,,,2021-02-17
P-107088,10,laser,0.2,0.02313,,,2012-02-28
P-107088,20,grind_deburr,0.2,0.00206,,,2012-02-28
P-107088,30,press_brake,1.08,0.05437,,TS-16GA-1,2012-02-28
P-107088,40,hardware,0.25,0.0082,,,2012-02-28
P-107088,50,robotic_weld,1.2,0.04072,,,2012-02-28
P-107088,60,grind_deburr,0.2,0.00206,,,2012-02-28
P-107088,70,outside_processing,0.0,0.0,V-1077,,2012-02-28
P-107088,80,inspection_pack,0.15,0.00403,,,2012-02-28
P-107096,10,laser,0.2,0.01665,,,2020-02-26
P-107096,20,grind_deburr,0.2,0.00219,,,2020-02-26
P-107096,30,press_brake,0.66,0.0156,,TS-16GA-2,2020-02-26
P-107096,40,inspection_pack,0.15,0.00414,,,2020-02-26
P-107104,10,laser,0.2,0.01873,,,2015-03-05
P-107104,20,grind_deburr,0.2,0.00206,,,2015-03-05
P-107104,30,press_brake,0.66,0.01596,,TS-11GA-3,2015-03-05
P-107104,40,outside_processing,0.0,0.0,V-1040,,2015-03-05
P-107104,50,inspection_pack,0.15,0.00448,,,2015-03-05
P-107105,10,laser,0.2,0.03284,,,2019-05-25
P-107105,20,grind_deburr,0.2,0.00233,,,2019-05-25
P-107105,30,press_brake,0.87,0.03516,,TS-0.125IN-1,2019-05-25
P-107105,40,weld,0.5,0.11176,,,2019-05-25
P-107105,50,grind_deburr,0.2,0.00301,,,2019-05-25
P-107105,60,press_brake,0.73,0.0234,,TS-0.125IN-1,2019-05-25
P-107105,70,powder_coat,0.25,0.00369,,,2019-05-25
P-107105,80,inspection_pack,0.15,0.00683,,,2019-05-25
P-107109,10,laser,0.2,0.03006,,,2020-04-01
P-107109,20,grind_deburr,0.2,0.01165,,,2020-04-01
P-107109,30,press_brake,0.87,0.04428,,TS-18GA-3,2020-04-01
P-107109,40,weld,0.5,0.22754,,,2020-04-01
P-107109,50,grind_deburr,0.2,0.00439,,,2020-04-01
P-107109,60,press_brake,0.73,0.02952,,TS-18GA-3,2020-04-01
P-107109,70,outside_processing,0.0,0.0,V-1040,,2020-04-01
P-107109,80,inspection_pack,0.15,0.00414,,,2020-04-01
P-107117,10,punch,0.5,0.01434,,,2021-12-27
P-107117,20,grind_deburr,0.2,0.00206,,,2021-12-27
P-107117,30,press_brake,1.01,0.0462,,TS-20GA-2,2021-12-27
P-107117,40,weld,0.5,0.04868,,,2021-12-27
P-107117,50,grind_deburr,0.2,0.00233,,,2021-12-27
P-107117,60,powder_coat,0.25,0.00465,,,2021-12-27
P-107117,70,inspection_pack,0.15,0.00482,,,2021-12-27
P-107125,10,laser,0.2,0.01607,,,2021-06-08
P-107125,20,press_brake,0.8,0.02592,,TS-18GA-1,2021-06-08
P-107125,30,robotic_weld,1.2,0.00452,,,2021-06-08
P-107125,40,grind_deburr,0.2,0.00206,,,2021-06-08
P-107125,50,inspection_pack,0.15,0.00672,,,2021-06-08
P-107131,10,laser,0.2,0.01896,,,2023-02-02
P-107131,20,press_brake,0.52,0.00516,,TS-0.125IN-1,2023-02-02
P-107131,30,hardware,0.25,0.01359,,,2023-02-02
P-107131,40,powder_coat,0.25,0.00225,,,2023-02-02
P-107131,50,inspection_pack,0.15,0.00717,,,2023-02-02
P-107142,10,laser,0.2,0.01388,,,2017-07-17
P-107142,20,press_brake,0.66,0.01752,,TS-12GA-2,2017-07-17
P-107142,30,weld,0.5,0.05415,,,2017-07-17
P-107142,40,grind_deburr,0.2,0.00343,,,2017-07-17
P-107142,50,inspection_pack,0.15,0.00605,,,2017-07-17
P-107174,10,laser,0.2,0.08244,,,2016-06-19
P-107174,20,grind_deburr,0.2,0.01877,,,2016-06-19
P-107174,30,press_brake,1.08,0.09421,,TS-14GA-2,2016-06-19
P-107174,40,hardware,0.25,0.01237,,,2016-06-19
P-107174,50,robotic_weld,1.2,0.09545,,,2016-06-19
P-107174,60,grind_deburr,0.2,0.00795,,,2016-06-19
P-107174,70,powder_coat,0.25,0.01636,,,2016-06-19
P-107174,80,inspection_pack,0.15,0.01042,,,2016-06-19
P-107180,10,laser,0.2,0.01445,,,2012-12-26
P-107180,20,grind_deburr,0.2,0.00219,,,2012-12-26
P-107180,30,press_brake,0.94,0.03636,,TS-16GA-3,2012-12-26
P-107180,40,hardware,0.25,0.02498,,,2012-12-26
P-107180,50,weld,0.5,0.03215,,,2012-12-26
P-107180,60,grind_deburr,0.2,0.00274,,,2012-12-26
P-107180,70,inspection_pack,0.15,0.0056,,,2012-12-26
P-107191,10,laser,0.2,0.0111,,,2017-06-02
P-107191,20,grind_deburr,0.2,0.00069,,,2017-06-02
P-107191,30,press_brake,0.73,0.02076,,TS-12GA-2,2017-06-02
P-107191,40,outside_processing,0.0,0.0,V-1040,,2017-06-02
P-107191,50,inspection_pack,0.15,0.00986,,,2017-06-02
P-107197,10,laser,0.2,0.06683,,,2018-09-01
P-107197,20,grind_deburr,0.2,0.00959,,,2018-09-01
P-107197,30,press_brake,1.01,0.05605,,TS-0.250IN-3,2018-09-01
P-107197,40,powder_coat,0.25,0.00257,,,2018-09-01
P-107197,50,inspection_pack,0.15,0.00997,,,2018-09-01
P-107217,10,laser,0.2,0.01966,,,2016-12-15
P-107217,20,grind_deburr,0.2,0.00123,,,2016-12-15
P-107217,30,press_brake,0.66,0.0156,,TS-11GA-1,2016-12-15
P-107217,40,inspection_pack,0.15,0.00739,,,2016-12-15
P-107228,10,laser,0.2,0.00728,,,2020-01-26
P-107228,20,grind_deburr,0.2,0.00233,,,2020-01-26
P-107228,30,press_brake,0.73,0.02076,,TS-11GA-1,2020-01-26
P-107228,40,outside_processing,0.0,0.0,V-1040,,2020-01-26
P-107228,50,inspection_pack,0.15,0.00952,,,2020-01-26
P-107233,10,laser,0.2,0.01388,,,2013-10-17
P-107233,20,grind_deburr,0.2,0.00206,,,2013-10-17
P-107233,30,press_brake,0.66,0.0156,,TS-14GA-1,2013-10-17
P-107233,40,hardware,0.25,0.02302,,,2013-10-17
P-107233,50,powder_coat,0.25,0.00209,,,2013-10-17
P-107233,60,outside_processing,0.0,0.0,V-1077,,2013-10-17
P-107233,70,inspection_pack,0.15,0.0084,,,2013-10-17
P-107240,10,laser,0.2,0.1206,,,2015-11-24
P-107240,20,grind_deburr,0.2,0.0074,,,2015-11-24
P-107240,30,press_brake,1.08,0.08713,,TS-12GA-1,2015-11-24
P-107240,40,inspection_pack,0.15,0.01031,,,2015-11-24
P-107244,10,laser,0.2,0.03134,,,2015-01-10
P-107244,20,grind_deburr,0.2,0.00713,,,2015-01-10
P-107244,30,press_brake,0.94,0.05281,,TS-14GA-3,2015-01-10
P-107244,40,hardware,0.25,0.0109,,,2015-01-10
P-107244,50,robotic_weld,1.2,0.07967,,,2015-01-10
P-107244,60,grind_deburr,0.2,0.00644,,,2015-01-10
P-107244,70,press_brake,0.73,0.03012,,TS-14GA-3,2015-01-10
P-107244,80,outside_processing,0.0,0.0,V-1040,,2015-01-10
P-107244,90,inspection_pack,0.15,0.00874,,,2015-01-10
P-107255,10,laser,0.2,0.03862,,,2020-09-29
P-107255,20,grind_deburr,0.2,0.00301,,,2020-09-29
P-107255,30,press_brake,1.29,0.08821,,TS-12GA-2,2020-09-29
P-107255,40,hardware,0.25,0.01653,,,2020-09-29
P-107255,50,weld,0.5,0.04187,,,2020-09-29
P-107255,60,grind_deburr,0.2,0.00671,,,2020-09-29
P-107255,70,outside_processing,0.0,0.0,V-1040,,2020-09-29
P-107255,80,inspection_pack,0.15,0.00728,,,2020-09-29
P-107267,10,laser,0.2,0.01006,,,2019-05-22
P-107267,20,press_brake,0.8,0.0276,,TS-12GA-1,2019-05-22
P-107267,30,inspection_pack,0.15,0.00672,,,2019-05-22
P-107269,10,laser,0.2,0.0096,,,2021-09-05
P-107269,20,grind_deburr,0.2,0.00206,,,2021-09-05
P-107269,30,press_brake,0.59,0.01032,,TS-16GA-1,2021-09-05
P-107269,40,powder_coat,0.25,0.0016,,,2021-09-05
P-107269,50,inspection_pack,0.15,0.00907,,,2021-09-05
P-107286,10,laser,0.2,0.05504,,,2022-09-15
P-107286,20,grind_deburr,0.2,0.01288,,,2022-09-15
P-107286,30,press_brake,0.66,0.02304,,TS-18GA-3,2022-09-15
P-107286,40,weld,0.5,0.21403,,,2022-09-15
P-107286,50,grind_deburr,0.2,0.00288,,,2022-09-15
P-107286,60,powder_coat,0.25,0.0093,,,2022-09-15
P-107286,70,inspection_pack,0.15,0.00806,,,2022-09-15
P-107295,10,laser,0.2,0.0185,,,2015-09-13
P-107295,20,grind_deburr,0.2,0.00233,,,2015-09-13
P-107295,30,press_brake,0.73,0.02076,,TS-20GA-3,2015-09-13
P-107295,40,inspection_pack,0.15,0.00795,,,2015-09-13
P-107297,10,punch,0.5,0.02799,,,2020-03-18
P-107297,20,grind_deburr,0.2,0.00521,,,2020-03-18
P-107297,30,press_brake,0.59,0.0132,,TS-14GA-3,2020-03-18
P-107297,40,weld,0.5,0.03707,,,2020-03-18
P-107297,50,grind_deburr,0.2,0.00576,,,2020-03-18
P-107297,60,powder_coat,0.25,0.0069,,,2020-03-18
P-107297,70,inspection_pack,0.15,0.00437,,,2020-03-18
P-107305,10,laser,0.2,0.05966,,,2020-09-11
P-107305,20,grind_deburr,0.2,0.00507,,,2020-09-11
P-107305,30,press_brake,1.01,0.05761,,TS-18GA-1,2020-09-11
P-107305,40,powder_coat,0.25,0.01059,,,2020-09-11
P-107305,50,assembly,0.3,0.07941,,,2020-09-11
P-107305,60,inspection_pack,0.15,0.00493,,,2020-09-11
P-107312,10,laser,0.2,0.01769,,,2021-06-29
P-107312,20,grind_deburr,0.2,0.00164,,,2021-06-29
P-107312,30,press_brake,0.59,0.01032,,TS-16GA-3,2021-06-29
P-107312,40,hardware,0.25,0.02118,,,2021-06-29
P-107312,50,inspection_pack,0.15,0.00347,,,2021-06-29
P-107316,10,laser,0.2,0.01734,,,2015-03-08
P-107316,20,grind_deburr,0.2,0.00151,,,2015-03-08
P-107316,30,press_brake,0.66,0.0156,,TS-14GA-2,2015-03-08
P-107316,40,hardware,0.25,0.01776,,,2015-03-08
P-107316,50,powder_coat,0.25,0.00257,,,2015-03-08
P-107316,60,inspection_pack,0.15,0.00874,,,2015-03-08
P-107322,10,laser,0.2,0.01353,,,2018-09-27
P-107322,20,grind_deburr,0.2,0.00069,,,2018-09-27
P-107322,30,press_brake,0.73,0.02124,,TS-11GA-3,2018-09-27
P-107322,40,inspection_pack,0.15,0.00941,,,2018-09-27
P-107329,10,laser,0.2,0.02012,,,2014-03-22
P-107329,20,grind_deburr,0.2,0.00439,,,2014-03-22
P-107329,30,press_brake,0.87,0.03372,,TS-14GA-3,2014-03-22
P-107329,40,hardware,0.25,0.0229,,,2014-03-22
P-107329,50,weld,0.5,0.05672,,,2014-03-22
P-107329,60,grind_deburr,0.2,0.00452,,,2014-03-22
P-107329,70,inspection_pack,0.15,0.00896,,,2014-03-22
P-107330,10,laser,0.2,0.00578,,,2022-06-18
P-107330,20,grind_deburr,0.2,0.00206,,,2022-06-18
P-107330,30,press_brake,0.59,0.01032,,TS-16GA-2,2022-06-18
P-107330,40,hardware,0.25,0.01849,,,2022-06-18
P-107330,50,powder_coat,0.25,0.00144,,,2022-06-18
P-107330,60,inspection_pack,0.15,0.0093,,,2022-06-18
P-107352,10,laser,0.2,0.01549,,,2021-03-19
P-107352,20,grind_deburr,0.2,0.00521,,,2021-03-19
P-107352,30,press_brake,1.01,0.04596,,TS-16GA-1,2021-03-19
P-107352,40,hardware,0.25,0.02914,,,2021-03-19
P-107352,50,weld,0.5,0.0585,,,2021-03-19
P-107352,60,grind_deburr,0.2,0.00151,,,2021-03-19
P-107352,70,assembly,0.3,0.05846,,,2021-03-19
P-107352,80,inspection_pack,0.15,0.00504,,,2021-03-19
P-107357,10,laser,0.2,0.01862,,,2016-09-05
P-107357,20,press_brake,0.8,0.02592,,TS-20GA-2,2016-09-05
P-107357,30,inspection_pack,0.15,0.01042,,,2016-09-05
P-107369,10,laser,0.2,0.01561,,,2020-01-21
P-107369,20,grind_deburr,0.2,0.00082,,,2020-01-21
P-107369,30,press_brake,0.52,0.00516,,TS-14GA-2,2020-01-21
P-107369,40,powder_coat,0.25,0.00241,,,2020-01-21
P-107369,50,inspection_pack,0.15,0.01064,,,2020-01-21
P-107373,10,laser,0.2,0.02243,,,2018-11-17
P-107373,20,grind_deburr,0.2,0.00315,,,2018-11-17
P-107373,30,press_brake,0.73,0.02424,,TS-20GA-2,2018-11-17
P-107373,40,hardware,0.25,0.02657,,,2018-11-17
P-107373,50,powder_coat,0.25,0.00337,,,2018-11-17
P-107373,60,inspection_pack,0.15,0.00885,,,2018-11-17
P-107381,10,laser,0.2,0.02683,,,2022-05-30
P-107381,20,grind_deburr,0.2,0.00206,,,2022-05-30
P-107381,30,press_brake,0.73,0.02352,,TS-0.125IN-2,2022-05-30
P-107381,40,weld,0.5,0.06933,,,2022-05-30
P-107381,50,grind_deburr,0.2,0.00356,,,2022-05-30
P-107381,60,outside_processing,0.0,0.0,V-1077,,2022-05-30
P-107381,70,assembly,0.3,0.06647,,,2022-05-30
P-107381,80,inspection_pack,0.15,0.00302,,,2022-05-30
P-107390,10,laser,0.2,0.0318,,,2022-06-07
P-107390,20,grind_deburr,0.2,0.00384,,,2022-06-07
P-107390,30,press_brake,0.94,0.03996,,TS-14GA-3,2022-06-07
P-107390,40,hardware,0.25,0.01824,,,2022-06-07
P-107390,50,weld,0.5,0.03249,,,2022-06-07
P-107390,60,grind_deburr,0.2,0.00507,,,2022-06-07
P-107390,70,powder_coat,0.25,0.00321,,,2022-06-07
P-107390,80,inspection_pack,0.15,0.01042,,,2022-06-07
P-107404,10,laser,0.2,0.0533,,,2021-07-13
P-107404,20,grind_deburr,0.2,0.01233,,,2021-07-13
P-107404,30,press_brake,0.94,0.06169,,TS-16GA-2,2021-07-13
P-107404,40,hardware,0.25,0.02755,,,2021-07-13
P-107404,50,robotic_weld,1.2,0.03641,,,2021-07-13
P-107404,60,grind_deburr,0.2,0.01823,,,2021-07-13
P-107404,70,press_brake,0.8,0.04404,,TS-16GA-2,2021-07-13
P-107404,80,powder_coat,0.25,0.00738,,,2021-07-13
P-107404,90,inspection_pack,0.15,0.00493,,,2021-07-13
P-107430,10,laser,0.2,0.01596,,,2015-10-07
P-107430,20,grind_deburr,0.2,0.00343,,,2015-10-07
P-107430,30,press_brake,1.29,0.07573,,TS-16GA-2,2015-10-07
P-107430,40,hardware,0.25,0.00833,,,2015-10-07
P-107430,50,inspection_pack,0.15,0.01042,,,2015-10-07
P-107436,10,laser,0.2,0.00798,,,2020-11-10
P-107436,20,grind_deburr,0.2,0.00137,,,2020-11-10
P-107436,30,press_brake,0.73,0.02076,,TS-20GA-3,2020-11-10
P-107436,40,powder_coat,0.25,0.00128,,,2020-11-10
P-107436,50,inspection_pack,0.15,0.00538,,,2020-11-10
P-107452,10,laser,0.2,0.00613,,,2015-05-23
P-107452,20,grind_deburr,0.2,0.00178,,,2015-05-23
P-107452,30,press_brake,0.66,0.0156,,TS-20GA-1,2015-05-23
P-107452,40,powder_coat,0.25,0.00257,,,2015-05-23
P-107452,50,inspection_pack,0.15,0.00907,,,2015-05-23
P-107455,10,punch,0.5,0.01434,,,2018-03-05
P-107455,20,grind_deburr,0.2,0.0026,,,2018-03-05
P-107455,30,press_brake,0.59,0.012,,TS-16GA-3,2018-03-05
P-107455,40,hardware,0.25,0.01396,,,2018-03-05
P-107455,50,powder_coat,0.25,0.00497,,,2018-03-05
P-107455,60,inspection_pack,0.15,0.00885,,,2018-03-05
P-107467,10,laser,0.2,0.00994,,,2012-10-25
P-107467,20,press_brake,0.66,0.01596,,TS-18GA-3,2012-10-25
P-107467,30,weld,0.5,0.02266,,,2012-10-25
P-107467,40,grind_deburr,0.2,0.00315,,,2012-10-25
P-107467,50,powder_coat,0.25,0.0016,,,2012-10-25
P-107467,60,inspection_pack,0.15,0.00672,,,2012-10-25
P-107487,10,punch,0.5,0.00523,,,2017-05-19
P-107487,20,grind_deburr,0.2,0.00164,,,2017-05-19
P-107487,30,press_brake,0.59,0.01032,,TS-18GA-2,2017-05-19
P-107487,40,hardware,0.25,0.01861,,,2017-05-19
P-107487,50,powder_coat,0.25,0.00096,,,2017-05-19
P-107487,60,inspection_pack,0.15,0.00549,,,2017-05-19
P-107494,10,laser,0.2,0.0259,,,2017-03-15
P-107494,20,grind_deburr,0.2,0.00356,,,2017-03-15
P-107494,30,press_brake,0.59,0.01092,,TS-16GA-1,2017-03-15
P-107494,40,hardware,0.25,0.02351,,,2017-03-15
P-107494,50,robotic_weld,1.2,0.02361,,,2017-03-15
P-107494,60,grind_deburr,0.2,0.00164,,,2017-03-15
P-107494,70,inspection_pack,0.15,0.00448,,,2017-03-15
P-107502,10,laser,0.2,0.02185,,,2018-01-02
P-107502,20,grind_deburr,0.2,0.00397,,,2018-01-02
P-107502,30,press_brake,0.66,0.02004,,TS-18GA-2,2018-01-02
P-107502,40,hardware,0.25,0.02388,,,2018-01-02
P-107502,50,weld,0.5,0.05817,,,2018-01-02
P-107502,60,grind_deburr,0.2,0.00754,,,2018-01-02
P-107502,70,inspection_pack,0.15,0.00571,,,2018-01-02
P-107517,10,punch,0.5,0.02906,,,2017-09-24
P-107517,20,grind_deburr,0.2,0.00343,,,2017-09-24
P-107517,30,press_brake,0.87,0.04116,,TS-18GA-2,2017-09-24
P-107517,40,hardware,0.25,0.01163,,,2017-09-24
P-107517,50,outside_processing,0.0,0.0,V-1077,,2017-09-24
P-107517,60,inspection_pack,0.15,0.00694,,,2017-09-24
P-107524,10,laser,0.2,0.02151,,,2018-02-06
P-107524,20,grind_deburr,0.2,0.00466,,,2018-02-06
P-107524,30,press_brake,0.73,0.02772,,TS-18GA-2,2018-02-06
P-107524,40,outside_processing,0.0,0.0,V-1040,,2018-02-06
P-107524,50,outside_processing,0.0,0.0,V-1077,,2018-02-06
P-107524,60,inspection_pack,0.15,0.00874,,,2018-02-06
P-107526,10,laser,0.2,0.01931,,,2014-03-02
P-107526,20,grind_deburr,0.2,0.00123,,,2014-03-02
P-107526,30,press_brake,0.73,0.02076,,TS-14GA-1,2014-03-02
P-107526,40,outside_processing,0.0,0.0,V-1040,,2014-03-02
P-107526,50,inspection_pack,0.15,0.00403,,,2014-03-02
P-107529,10,laser,0.2,0.00913,,,2013-08-25
P-107529,20,grind_deburr,0.2,0.00384,,,2013-08-25
P-107529,30,press_brake,0.73,0.02196,,TS-14GA-2,2013-08-25
P-107529,40,weld,0.5,0.08273,,,2013-08-25
P-107529,50,grind_deburr,0.2,0.00151,,,2013-08-25
P-107529,60,inspection_pack,0.15,0.00269,,,2013-08-25
P-107531,10,laser,0.2,0.0074,,,2020-12-10
P-107531,20,grind_deburr,0.2,0.00288,,,2020-12-10
P-107531,30,press_brake,0.94,0.03636,,TS-11GA-3,2020-12-10
P-107531,40,hardware,0.25,0.02437,,,2020-12-10
P-107531,50,weld,0.5,0.0508,,,2020-12-10
P-107531,60,grind_deburr,0.2,0.00206,,,2020-12-10
P-107531,70,outside_processing,0.0,0.0,V-1077,,2020-12-10
P-107531,80,inspection_pack,0.15,0.0093,,,2020-12-10
P-107533,10,laser,0.2,0.05111,,,2020-11-17
P-107533,20,grind_deburr,0.2,0.00671,,,2020-11-17
P-107533,30,press_brake,0.8,0.03192,,TS-18GA-2,2020-11-17
P-107533,40,hardware,0.25,0.00747,,,2020-11-17
P-107533,50,outside_processing,0.0,0.0,V-1040,,2020-11-17
P-107533,60,inspection_pack,0.15,0.00347,,,2020-11-17
P-107545,10,laser,0.2,0.05666,,,2015-05-13
P-107545,20,grind_deburr,0.2,0.00877,,,2015-05-13
P-107545,30,press_brake,0.94,0.05377,,TS-18GA-3,2015-05-13
P-107545,40,hardware,0.25,0.02596,,,2015-05-13
P-107545,50,assembly,0.3,0.02983,,,2015-05-13
P-107545,60,inspection_pack,0.15,0.0093,,,2015-05-13
P-107550,10,laser,0.2,0.0185,,,2019-10-28
P-107550,20,grind_deburr,0.2,0.00123,,,2019-10-28
P-107550,30,press_brake,0.73,0.02088,,TS-18GA-1,2019-10-28
P-107550,40,outside_processing,0.0,0.0,V-1077,,2019-10-28
P-107550,50,inspection_pack,0.15,0.00504,,,2019-10-28
P-107552,10,laser,0.2,0.0089,,,2016-09-03
P-107552,20,grind_deburr,0.2,0.0011,,,2016-09-03
P-107552,30,press_brake,0.59,0.01032,,TS-12GA-2,2016-09-03
P-107552,40,hardware,0.25,0.00992,,,2016-09-03
P-107552,50,powder_coat,0.25,0.00257,,,2016-09-03
P-107552,60,inspection_pack,0.15,0.00952,,,2016-09-03
P-107556,10,laser,0.2,0.01862,,,2022-11-04
P-107556,20,grind_deburr,0.2,0.0026,,,2022-11-04
P-107556,30,press_brake,0.73,0.02076,,TS-18GA-1,2022-11-04
P-107556,40,powder_coat,0.25,0.00096,,,2022-11-04
P-107556,50,inspection_pack,0.15,0.00672,,,2022-11-04
P-107557,10,laser,0.2,0.0133,,,2018-11-28
P-107557,20,press_brake,0.87,0.03108,,TS-18GA-3,2018-11-28
P-107557,30,powder_coat,0.25,0.00225,,,2018-11-28
P-107557,40,inspection_pack,0.15,0.00605,,,2018-11-28
P-107562,10,laser,0.2,0.03261,,,2014-11-15
P-107562,20,grind_deburr,0.2,0.00534,,,2014-11-15
P-107562,30,press_brake,1.01,0.05557,,TS-18GA-3,2014-11-15
P-107562,40,robotic_weld,1.2,0.06036,,,2014-11-15
P-107562,50,grind_deburr,0.2,0.0063,,,2014-11-15
P-107562,60,powder_coat,0.25,0.00577,,,2014-11-15
P-107562,70,inspection_pack,0.15,0.0056,,,2014-11-15
P-107563,10,punch,0.5,0.0125,,,2015-05-31
P-107563,20,press_brake,0.8,0.027,,TS-18GA-3,2015-05-31
P-107563,30,hardware,0.25,0.0202,,,2015-05-31
P-107563,40,weld,0.5,0.06051,,,2015-05-31
P-107563,50,grind_deburr,0.2,0.00151,,,2015-05-31
P-107563,60,inspection_pack,0.15,0.00997,,,2015-05-31
P-107567,10,laser,0.2,0.02278,,,2018-12-31
P-107567,20,press_brake,1.29,0.07285,,TS-12GA-3,2018-12-31
P-107567,30,hardware,0.25,0.02265,,,2018-12-31
P-107567,40,weld,0.5,0.04656,,,2018-12-31
P-107567,50,grind_deburr,0.2,0.00233,,,2018-12-31
P-107567,60,powder_coat,0.25,0.00497,,,2018-12-31
P-107567,70,inspection_pack,0.15,0.00806,,,2018-12-31
P-107573,10,laser,0.2,0.14997,,,2019-03-06
P-107573,20,grind_deburr,0.2,0.01041,,,2019-03-06
P-107573,30,press_brake,0.94,0.07897,,TS-14GA-1,2019-03-06
P-107573,40,hardware,0.25,0.02449,,,2019-03-06
P-107573,50,press_brake,0.8,0.05641,,TS-14GA-1,2019-03-06
P-107573,60,powder_coat,0.25,0.01396,,,2019-03-06
P-107573,70,inspection_pack,0.15,0.00638,,,2019-03-06
P-107579,10,punch,0.5,0.01036,,,2013-11-18
P-107579,20,press_brake,1.08,0.05725,,TS-18GA-3,2013-11-18
P-107579,30,outside_processing,0.0,0.0,V-1077,,2013-11-18
P-107579,40,assembly,0.3,0.01996,,,2013-11-18
P-107579,50,inspection_pack,0.15,0.00459,,,2013-11-18
P-107585,10,laser,0.2,0.03712,,,2012-09-16
P-107585,20,grind_deburr,0.2,0.00178,,,2012-09-16
P-107585,30,press_brake,0.73,0.02364,,TS-20GA-1,2012-09-16
P-107585,40,outside_processing,0.0,0.0,V-1040,,2012-09-16
P-107585,50,inspection_pack,0.15,0.0047,,,2012-09-16
P-107586,10,laser,0.2,0.0089,,,2015-08-16
P-107586,20,grind_deburr,0.2,0.00082,,,2015-08-16
P-107586,30,press_brake,0.52,0.00516,,TS-20GA-2,2015-08-16
P-107586,40,powder_coat,0.25,0.0008,,,2015-08-16
P-107586,50,inspection_pack,0.15,0.00269,,,2015-08-16
P-107602,10,laser,0.2,0.01723,,,2018-04-04
P-107602,20,press_brake,0.73,0.02076,,TS-18GA-3,2018-04-04
P-107602,30,weld,0.5,0.01786,,,2018-04-04
P-107602,40,grind_deburr,0.2,0.0026,,,2018-04-04
P-107602,50,outside_processing,0.0,0.0,V-1040,,2018-04-04
P-107602,60,outside_processing,0.0,0.0,V-1077,,2018-04-04
P-107602,70,inspection_pack,0.15,0.00661,,,2018-04-04
P-107618,10,punch,0.5,0.02974,,,2020-11-17
P-107618,20,grind_deburr,0.2,0.00288,,,2020-11-17
P-107618,30,press_brake,0.66,0.02244,,TS-18GA-3,2020-11-17
P-107618,40,inspection_pack,0.15,0.00694,,,2020-11-17
P-107621,10,laser,0.2,0.05596,,,2022-03-14
P-107621,20,grind_deburr,0.2,0.00877,,,2022-03-14
P-107621,30,press_brake,0.59,0.01476,,TS-12GA-3,2022-03-14
P-107621,40,robotic_weld,1.2,0.03652,,,2022-03-14
P-107621,50,grind_deburr,0.2,0.00726,,,2022-03-14
P-107621,60,powder_coat,0.25,0.01075,,,2022-03-14
P-107621,70,inspection_pack,0.15,0.00986,,,2022-03-14
P-107643,10,laser,0.2,0.02313,,,2018-11-21
P-107643,20,grind_deburr,0.2,0.00767,,,2018-11-21
P-107643,30,press_brake,0.59,0.0132,,TS-16GA-2,2018-11-21
P-107643,40,inspection_pack,0.15,0.01053,,,2018-11-21
P-107657,10,laser,0.2,0.01862,,,2019-01-22
P-107657,20,grind_deburr,0.2,0.00096,,,2019-01-22
P-107657,30,press_brake,1.01,0.04152,,TS-20GA-1,2019-01-22
P-107657,40,hardware,0.25,0.01359,,,2019-01-22
P-107657,50,weld,0.5,0.03048,,,2019-01-22
P-107657,60,grind_deburr,0.2,0.00096,,,2019-01-22
P-107657,70,inspection_pack,0.15,0.00795,,,2019-01-22
P-107664,10,laser,0.2,0.01318,,,2015-06-21
P-107664,20,grind_deburr,0.2,0.00397,,,2015-06-21
P-107664,30,press_brake,0.66,0.01788,,TS-16GA-3,2015-06-21
P-107664,40,weld,0.5,0.07614,,,2015-06-21
P-107664,50,grind_deburr,0.2,0.0026,,,2015-06-21
P-107664,60,inspection_pack,0.15,0.01031,,,2015-06-21
P-107675,10,laser,0.2,0.01943,,,2023-02-22
P-107675,20,grind_deburr,0.2,0.00151,,,2023-02-22
P-107675,30,press_brake,0.73,0.02076,,TS-14GA-2,2023-02-22
P-107675,40,hardware,0.25,0.02743,,,2023-02-22
P-107675,50,inspection_pack,0.15,0.00336,,,2023-02-22
P-107685,10,punch,0.5,0.00814,,,2016-10-10
P-107685,20,press_brake,0.66,0.0156,,TS-18GA-2,2016-10-10
P-107685,30,hardware,0.25,0.02106,,,2016-10-10
P-107685,40,inspection_pack,0.15,0.00638,,,2016-10-10
P-107696,10,laser,0.2,0.00786,,,2020-04-06
P-107696,20,grind_deburr,0.2,0.00151,,,2020-04-06
P-107696,30,press_brake,0.52,0.00516,,TS-18GA-2,2020-04-06
P-107696,40,powder_coat,0.25,0.00096,,,2020-04-06
P-107696,50,inspection_pack,0.15,0.00459,,,2020-04-06
P-107702,10,laser,0.2,0.10233,,,2020-07-10
P-107702,20,press_brake,0.73,0.03408,,TS-14GA-2,2020-07-10
P-107702,30,weld,0.5,0.35482,,,2020-07-10
P-107702,40,grind_deburr,0.2,0.00466,,,2020-07-10
P-107702,50,press_brake,0.66,0.02556,,TS-14GA-2,2020-07-10
P-107702,60,assembly,0.3,0.1054,,,2020-07-10
P-107702,70,inspection_pack,0.15,0.00414,,,2020-07-10
P-107710,10,laser,0.2,0.05793,,,2022-03-02
P-107710,20,grind_deburr,0.2,0.0037,,,2022-03-02
P-107710,30,press_brake,0.87,0.04044,,TS-14GA-2,2022-03-02
P-107710,40,hardware,0.25,0.01139,,,2022-03-02
P-107710,50,inspection_pack,0.15,0.0093,,,2022-03-02
P-107718,10,laser,0.2,0.01226,,,2016-08-25
P-107718,20,press_brake,0.66,0.0156,,TS-18GA-2,2016-08-25
P-107718,30,hardware,0.25,0.02571,,,2016-08-25
P-107718,40,inspection_pack,0.15,0.00739,,,2016-08-25
P-107726,10,laser,0.2,0.03515,,,2022-05-03
P-107726,20,press_brake,1.15,0.06697,,TS-14GA-2,2022-05-03
P-107726,30,hardware,0.25,0.01824,,,2022-05-03
P-107726,40,outside_processing,0.0,0.0,V-1040,,2022-05-03
P-107726,50,assembly,0.3,0.09081,,,2022-05-03
P-107726,60,inspection_pack,0.15,0.0047,,,2022-05-03
P-107727,10,laser,0.2,0.05319,,,2015-12-08
P-107727,20,grind_deburr,0.2,0.00548,,,2015-12-08
P-107727,30,press_brake,0.94,0.06805,,TS-16GA-1,2015-12-08
P-107727,40,inspection_pack,0.15,0.0065,,,2015-12-08
P-107735,10,laser,0.2,0.01468,,,2019-07-07
P-107735,20,grind_deburr,0.2,0.00343,,,2019-07-07
P-107735,30,press_brake,0.87,0.03276,,TS-11GA-2,2019-07-07
P-107735,40,weld,0.5,0.05292,,,2019-07-07
P-107735,50,grind_deburr,0.2,0.00137,,,2019-07-07
P-107735,60,outside_processing,0.0,0.0,V-1040,,2019-07-07
P-107735,70,inspection_pack,0.15,0.00784,,,2019-07-07
P-107750,10,laser,0.2,0.13552,,,2015-10-31
P-107750,20,grind_deburr,0.2,0.02138,,,2015-10-31
P-107750,30,press_brake,1.01,0.08305,,TS-12GA-2,2015-10-31
P-107750,40,hardware,0.25,0.02927,,,2015-10-31
P-107750,50,outside_processing,0.0,0.0,V-1040,,2015-10-31
P-107750,60,inspection_pack,0.15,0.00818,,,2015-10-31
P-107764,10,punch,0.5,0.0062,,,2020-05-05
P-107764,20,grind_deburr,0.2,0.00082,,,2020-05-05
P-107764,30,press_brake,0.59,0.01032,,TS-14GA-2,2020-05-05
P-107764,40,hardware,0.25,0.02498,,,2020-05-05
P-107764,50,powder_coat,0.25,0.00112,,,2020-05-05
P-107764,60,inspection_pack,0.15,0.00594,,,2020-05-05
P-107770,10,laser,0.2,0.0222,,,2017-02-04
P-107770,20,grind_deburr,0.2,0.00439,,,2017-02-04
P-107770,30,press_brake,0.66,0.01728,,TS-12GA-3,2017-02-04
P-107770,40,weld,0.5,0.02211,,,2017-02-04
P-107770,50,grind_deburr,0.2,0.00493,,,2017-02-04
P-107770,60,powder_coat,0.25,0.00465,,,2017-02-04
P-107770,70,assembly,0.3,0.03927,,,2017-02-04
P-107770,80,inspection_pack,0.15,0.00347,,,2017-02-04
P-107779,10,laser,0.2,0.0688,,,2017-03-09
P-107779,20,press_brake,1.15,0.11281,,TS-14GA-2,2017-03-09
P-107779,30,outside_processing,0.0,0.0,V-1040,,2017-03-09
P-107779,40,inspection_pack,0.15,0.00728,,,2017-03-09
P-107800,10,laser,0.2,0.09678,,,2020-07-08
P-107800,20,press_brake,1.15,0.08221,,TS-11GA-1,2020-07-08
P-107800,30,hardware,0.25,0.0098,,,2020-07-08
P-107800,40,assembly,0.3,0.04365,,,2020-07-08
P-107800,50,inspection_pack,0.15,0.00605,,,2020-07-08
P-107801,10,laser,0.2,0.01272,,,2016-03-24
P-107801,20,grind_deburr,0.2,0.00164,,,2016-03-24
P-107801,30,press_brake,0.52,0.00516,,TS-14GA-3,2016-03-24
P-107801,40,hardware,0.25,0.02412,,,2016-03-24
P-107801,50,powder_coat,0.25,0.00241,,,2016-03-24
P-107801,60,inspection_pack,0.15,0.00314,,,2016-03-24
P-107810,10,laser,0.2,0.01515,,,2020-12-22
P-107810,20,grind_deburr,0.2,0.00384,,,2020-12-22
P-107810,30,press_brake,1.15,0.06085,,TS-12GA-2,2020-12-22
P-107810,40,hardware,0.25,0.02057,,,2020-12-22
P-107810,50,assembly,0.3,0.10167,,,2020-12-22
P-107810,60,inspection_pack,0.15,0.00683,,,2020-12-22
P-107823,10,laser,0.2,0.0148,,,2017-08-24
P-107823,20,grind_deburr,0.2,0.00274,,,2017-08-24
P-107823,30,press_brake,0.73,0.02076,,TS-18GA-2,2017-08-24
P-107823,40,hardware,0.25,0.0262,,,2017-08-24
P-107823,50,powder_coat,0.25,0.0008,,,2017-08-24
P-107823,60,inspection_pack,0.15,0.00627,,,2017-08-24
P-107830,10,laser,0.2,0.00578,,,2017-02-22
P-107830,20,grind_deburr,0.2,0.00164,,,2017-02-22
P-107830,30,press_brake,0.73,0.02076,,TS-14GA-3,2017-02-22
P-107830,40,powder_coat,0.25,0.00128,,,2017-02-22
P-107830,50,inspection_pack,0.15,0.00885,,,2017-02-22
P-107832,10,laser,0.2,0.07435,,,2019-02-19
P-107832,20,press_brake,0.94,0.06373,,TS-18GA-1,2019-02-19
P-107832,30,inspection_pack,0.15,0.00302,,,2019-02-19
P-107838,10,laser,0.2,0.01827,,,2021-09-23
P-107838,20,grind_deburr,0.2,0.00274,,,2021-09-23
P-107838,30,press_brake,0.59,0.01032,,TS-18GA-3,2021-09-23
P-107838,40,hardware,0.25,0.00845,,,2021-09-23
P-107838,50,inspection_pack,0.15,0.00381,,,2021-09-23
P-107839,10,punch,0.5,0.0154,,,2022-02-25
P-107839,20,grind_deburr,0.2,0.00658,,,2022-02-25
P-107839,30,press_brake,1.22,0.08077,,TS-16GA-1,2022-02-25
P-107839,40,powder_coat,0.25,0.00898,,,2022-02-25
P-107839,50,assembly,0.3,0.02852,,,2022-02-25
P-107839,60,inspection_pack,0.15,0.00616,,,2022-02-25
P-107844,10,laser,0.2,0.00636,,,2023-09-04
P-107844,20,press_brake,0.52,0.00516,,TS-18GA-3,2023-09-04
P-107844,30,hardware,0.25,0.01518,,,2023-09-04
P-107844,40,powder_coat,0.25,0.00144,,,2023-09-04
P-107844,50,inspection_pack,0.15,0.00683,,,2023-09-04
P-107849,10,laser,0.2,0.01862,,,2021-10-17
P-107849,20,grind_deburr,0.2,0.0026,,,2021-10-17
P-107849,30,press_brake,0.73,0.02616,,TS-20GA-3,2021-10-17
P-107849,40,hardware,0.25,0.01812,,,2021-10-17
P-107849,50,powder_coat,0.25,0.00738,,,2021-10-17
P-107849,60,assembly,0.3,0.08204,,,2021-10-17
P-107849,70,inspection_pack,0.15,0.0047,,,2021-10-17
P-107869,10,punch,0.5,0.00378,,,2016-03-16
P-107869,20,grind_deburr,0.2,0.00247,,,2016-03-16
P-107869,30,press_brake,0.66,0.0156,,TS-14GA-1,2016-03-16
P-107869,40,inspection_pack,0.15,0.00616,,,2016-03-16
P-107870,10,laser,0.2,0.00867,,,2014-06-01
P-107870,20,grind_deburr,0.2,0.00288,,,2014-06-01
P-107870,30,press_brake,0.59,0.01032,,TS-12GA-1,2014-06-01
P-107870,40,powder_coat,0.25,0.00209,,,2014-06-01
P-107870,50,inspection_pack,0.15,0.00739,,,2014-06-01
P-107882,10,laser,0.2,0.04903,,,2012-11-09
P-107882,20,grind_deburr,0.2,0.01973,,,2012-11-09
P-107882,30,press_brake,1.01,0.08557,,TS-14GA-1,2012-11-09
P-107882,40,press_brake,0.8,0.05353,,TS-14GA-1,2012-11-09
P-107882,50,powder_coat,0.25,0.00882,,,2012-11-09
P-107882,60,inspection_pack,0.15,0.0084,,,2012-11-09
P-107903,10,laser,0.2,0.02417,,,2021-05-14
P-107903,20,grind_deburr,0.2,0.00452,,,2021-05-14
P-107903,30,press_brake,0.94,0.04993,,TS-14GA-3,2021-05-14
P-107903,40,hardware,0.25,0.01359,,,2021-05-14
P-107903,50,weld,0.5,0.07938,,,2021-05-14
P-107903,60,grind_deburr,0.2,0.0085,,,2021-05-14
P-107903,70,inspection_pack,0.15,0.00661,,,2021-05-14
P-107910,10,laser,0.2,0.01526,,,2013-10-31
P-107910,20,grind_deburr,0.2,0.00288,,,2013-10-31
P-107910,30,press_brake,0.59,0.01128,,TS-18GA-3,2013-10-31
P-107910,40,hardware,0.25,0.02461,,,2013-10-31
P-107910,50,powder_coat,0.25,0.00257,,,2013-10-31
P-107910,60,inspection_pack,0.15,0.00773,,,2013-10-31
P-107911,10,laser,0.2,0.01966,,,2022-07-12
P-107911,20,grind_deburr,0.2,0.00534,,,2022-07-12
P-107911,30,press_brake,0.8,0.03048,,TS-18GA-3,2022-07-12
P-107911,40,hardware,0.25,0.02339,,,2022-07-12
P-107911,50,inspection_pack,0.15,0.00874,,,2022-07-12
P-107924,10,laser,0.2,0.04914,,,2023-01-20
P-107924,20,grind_deburr,0.2,0.0085,,,2023-01-20
P-107924,30,press_brake,1.01,0.05461,,TS-12GA-3,2023-01-20
P-107924,40,hardware,0.25,0.02498,,,2023-01-20
P-107924,50,robotic_weld,1.2,0.04149,,,2023-01-20
P-107924,60,grind_deburr,0.2,0.00534,,,2023-01-20
P-107924,70,powder_coat,0.25,0.00738,,,2023-01-20
P-107924,80,inspection_pack,0.15,0.00694,,,2023-01-20
P-107927,10,laser,0.2,0.01203,,,2019-12-16
P-107927,20,grind_deburr,0.2,0.00233,,,2019-12-16
P-107927,30,press_brake,0.59,0.01032,,TS-16GA-1,2019-12-16
P-107927,40,powder_coat,0.25,0.00257,,,2019-12-16
P-107927,50,inspection_pack,0.15,0.00403,,,2019-12-16
P-107933,10,laser,0.2,0.01838,,,2015-06-07
P-107933,20,grind_deburr,0.2,0.00137,,,2015-06-07
P-107933,30,press_brake,0.59,0.01032,,TS-16GA-3,2015-06-07
P-107933,40,hardware,0.25,0.02559,,,2015-06-07
P-107933,50,powder_coat,0.25,0.00209,,,2015-06-07
P-107933,60,inspection_pack,0.15,0.00426,,,2015-06-07
P-107936,10,laser,0.2,0.02555,,,2018-02-22
P-107936,20,grind_deburr,0.2,0.00356,,,2018-02-22
P-107936,30,press_brake,0.87,0.03756,,TS-18GA-1,2018-02-22
P-107936,40,inspection_pack,0.15,0.00291,,,2018-02-22
P-107939,10,laser,0.2,0.00717,,,2019-08-25
P-107939,20,grind_deburr,0.2,0.00082,,,2019-08-25
P-107939,30,press_brake,0.8,0.02592,,TS-18GA-2,2019-08-25
P-107939,40,weld,0.5,0.04097,,,2019-08-25
P-107939,50,grind_deburr,0.2,0.00151,,,2019-08-25
P-107939,60,powder_coat,0.25,0.0008,,,2019-08-25
P-107939,70,inspection_pack,0.15,0.00403,,,2019-08-25
P-107947,10,laser,0.2,0.03249,,,2017-03-22
P-107947,20,press_brake,0.73,0.0312,,TS-16GA-2,2017-03-22
P-107947,30,hardware,0.25,0.02351,,,2017-03-22
P-107947,40,weld,0.5,0.10138,,,2017-03-22
P-107947,50,grind_deburr,0.2,0.0037,,,2017-03-22
P-107947,60,powder_coat,0.25,0.00626,,,2017-03-22
P-107947,70,inspection_pack,0.15,0.00616,,,2017-03-22
P-107951,10,punch,0.5,0.01724,,,2014-10-31
P-107951,20,grind_deburr,0.2,0.00466,,,2014-10-31
P-107951,30,press_brake,1.01,0.04644,,TS-14GA-2,2014-10-31
P-107951,40,hardware,0.25,0.0109,,,2014-10-31
P-107951,50,weld,0.5,0.09144,,,2014-10-31
P-107951,60,grind_deburr,0.2,0.00439,,,2014-10-31
P-107951,70,powder_coat,0.25,0.00241,,,2014-10-31
P-107951,80,inspection_pack,0.15,0.00403,,,2014-10-31
P-107956,10,laser,0.2,0.02602,,,2021-09-01
P-107956,20,grind_deburr,0.2,0.00219,,,2021-09-01
P-107956,30,press_brake,1.01,0.0486,,TS-12GA-3,2021-09-01
P-107956,40,weld,0.5,0.10707,,,2021-09-01
P-107956,50,grind_deburr,0.2,0.00288,,,2021-09-01
P-107956,60,outside_processing,0.0,0.0,V-1102,,2021-09-01
P-107956,70,inspection_pack,0.15,0.00358,,,2021-09-01
P-107962,10,laser,0.2,0.04174,,,2015-10-22
P-107962,20,grind_deburr,0.2,0.00603,,,2015-10-22
P-107962,30,press_brake,1.29,0.08221,,TS-16GA-1,2015-10-22
P-107962,40,weld,0.5,0.05817,,,2015-10-22
P-107962,50,grind_deburr,0.2,0.00891,,,2015-10-22
P-107962,60,outside_processing,0.0,0.0,V-1077,,2015-10-22
P-107962,70,inspection_pack,0.15,0.00896,,,2015-10-22
P-107974,10,laser,0.2,0.00948,,,2023-06-10
P-107974,20,grind_deburr,0.2,0.00123,,,2023-06-10
P-107974,30,press_brake,0.73,0.02076,,TS-16GA-3,2023-06-10
P-107974,40,inspection_pack,0.15,0.00571,,,2023-06-10
P-107985,10,laser,0.2,0.00601,,,2019-09-20
P-107985,20,grind_deburr,0.2,0.00123,,,2019-09-20
P-107985,30,press_brake,0.52,0.00516,,TS-16GA-1,2019-09-20
P-107985,40,hardware,0.25,0.02278,,,2019-09-20
P-107985,50,inspection_pack,0.15,0.00795,,,2019-09-20
P-108000,10,laser,0.2,0.01619,,,2018-03-23
P-108000,20,grind_deburr,0.2,0.00397,,,2018-03-23
P-108000,30,press_brake,1.15,0.06073,,TS-18GA-1,2018-03-23
P-108000,40,hardware,0.25,0.01163,,,2018-03-23
P-108000,50,weld,0.5,0.05337,,,2018-03-23
P-108000,60,grind_deburr,0.2,0.0026,,,2018-03-23
P-108000,70,inspection_pack,0.15,0.00336,,,2018-03-23
P-108004,10,laser,0.2,0.0518,,,2018-03-16
P-108004,20,press_brake,0.94,0.05137,,TS-0.125IN-1,2018-03-16
P-108004,30,hardware,0.25,0.02816,,,2018-03-16
P-108004,40,weld,0.5,0.03807,,,2018-03-16
P-108004,50,grind_deburr,0.2,0.00288,,,2018-03-16
P-108004,60,powder_coat,0.25,0.00914,,,2018-03-16
P-108004,70,assembly,0.3,0.04947,,,2018-03-16
P-108004,80,inspection_pack,0.15,0.00336,,,2018-03-16
P-108006,10,punch,0.5,0.01976,,,2023-10-13
P-108006,20,grind_deburr,0.2,0.00301,,,2023-10-13
P-108006,30,press_brake,0.73,0.02544,,TS-16GA-1,2023-10-13
P-108006,40,hardware,0.25,0.02155,,,2023-10-13
P-108006,50,weld,0.5,0.16468,,,2023-10-13
P-108006,60,grind_deburr,0.2,0.00384,,,2023-10-13
P-108006,70,inspection_pack,0.15,0.00986,,,2023-10-13
P-108028,10,laser,0.2,0.08371,,,2020-06-19
P-108028,20,grind_deburr,0.2,0.00452,,,2020-06-19
P-108028,30,press_brake,0.94,0.05569,,TS-14GA-1,2020-06-19
P-108028,40,hardware,0.25,0.0158,,,2020-06-19
P-108028,50,powder_coat,0.25,0.01315,,,2020-06-19
P-108028,60,inspection_pack,0.15,0.00571,,,2020-06-19
P-108048,10,laser,0.2,0.01087,,,2012-04-20
P-108048,20,press_brake,0.59,0.01032,,TS-16GA-3,2012-04-20
P-108048,30,inspection_pack,0.15,0.00784,,,2012-04-20
P-108053,10,laser,0.2,0.02151,,,2014-08-28
P-108053,20,press_brake,0.87,0.03876,,TS-20GA-3,2014-08-28
P-108053,30,hardware,0.25,0.00992,,,2014-08-28
P-108053,40,assembly,0.3,0.10058,,,2014-08-28
P-108053,50,inspection_pack,0.15,0.0028,,,2014-08-28
P-108068,10,laser,0.2,0.00937,,,2015-08-25
P-108068,20,grind_deburr,0.2,0.00233,,,2015-08-25
P-108068,30,press_brake,0.73,0.02076,,TS-18GA-2,2015-08-25
P-108068,40,hardware,0.25,0.01812,,,2015-08-25
P-108068,50,powder_coat,0.25,0.00144,,,2015-08-25
P-108068,60,inspection_pack,0.15,0.00818,,,2015-08-25
P-108074,10,punch,0.5,0.01269,,,2015-11-27
P-108074,20,press_brake,0.94,0.04908,,TS-0.125IN-3,2015-11-27
P-108074,30,inspection_pack,0.15,0.00661,,,2015-11-27
P-108095,10,laser,0.2,0.01272,,,2014-01-02
P-108095,20,grind_deburr,0.2,0.0011,,,2014-01-02
P-108095,30,press_brake,0.8,0.02616,,TS-14GA-1,2014-01-02
P-108095,40,hardware,0.25,0.02706,,,2014-01-02
P-108095,50,weld,0.5,0.01708,,,2014-01-02
P-108095,60,grind_deburr,0.2,0.00274,,,2014-01-02
P-108095,70,powder_coat,0.25,0.00257,,,2014-01-02
P-108095,80,inspection_pack,0.15,0.0047,,,2014-01-02
P-108101,10,laser,0.2,0.05342,,,2022-06-29
P-108101,20,grind_deburr,0.2,0.01439,,,2022-06-29
P-108101,30,press_brake,0.94,0.05677,,TS-18GA-2,2022-06-29
P-108101,40,outside_processing,0.0,0.0,V-1040,,2022-06-29
P-108101,50,inspection_pack,0.15,0.01031,,,2022-06-29
P-108106,10,laser,0.2,0.00578,,,2013-02-18
P-108106,20,grind_deburr,0.2,0.00178,,,2013-02-18
P-108106,30,press_brake,0.66,0.0156,,TS-18GA-3,2013-02-18
P-108106,40,inspection_pack,0.15,0.00773,,,2013-02-18
P-108113,10,laser,0.2,0.02821,,,2015-05-21
P-108113,20,grind_deburr,0.2,0.00397,,,2015-05-21
P-108113,30,press_brake,0.73,0.02904,,TS-18GA-3,2015-05-21
P-108113,40,powder_coat,0.25,0.00513,,,2015-05-21
P-108113,50,assembly,0.3,0.04958,,,2015-05-21
P-108113,60,inspection_pack,0.15,0.0065,,,2015-05-21
P-108125,10,laser,0.2,0.04059,,,2020-07-02
P-108125,20,press_brake,0.87,0.0444,,TS-12GA-1,2020-07-02
P-108125,30,robotic_weld,1.2,0.03807,,,2020-07-02
P-108125,40,grind_deburr,0.2,0.00809,,,2020-07-02
P-108125,50,powder_coat,0.25,0.00834,,,2020-07-02
P-108125,60,assembly,0.3,0.06197,,,2020-07-02
P-108125,70,inspection_pack,0.15,0.0075,,,2020-07-02
P-108132,10,laser,0.2,0.03804,,,2018-11-06
P-108132,20,grind_deburr,0.2,0.00521,,,2018-11-06
P-108132,30,press_brake,0.59,0.0138,,TS-14GA-1,2018-11-06
P-108132,40,outside_processing,0.0,0.0,V-1077,,2018-11-06
P-108132,50,inspection_pack,0.15,0.00907,,,2018-11-06
P-108154,10,laser,0.2,0.01214,,,2018-01-04
P-108154,20,press_brake,0.59,0.01032,,TS-18GA-1,2018-01-04
P-108154,30,inspection_pack,0.15,0.00381,,,2018-01-04
P-108162,10,laser,0.2,0.01203,,,2012-11-03
P-108162,20,press_brake,0.87,0.036,,TS-12GA-2,2012-11-03
P-108162,30,hardware,0.25,0.0229,,,2012-11-03
P-108162,40,weld,0.5,0.0633,,,2012-11-03
P-108162,50,grind_deburr,0.2,0.00206,,,2012-11-03
P-108162,60,powder_coat,0.25,0.00369,,,2012-11-03
P-108162,70,assembly,0.3,0.03696,,,2012-11-03
P-108162,80,inspection_pack,0.15,0.0028,,,2012-11-03
P-108163,10,laser,0.2,0.0651,,,2016-04-28
P-108163,20,grind_deburr,0.2,0.00987,,,2016-04-28
P-108163,30,press_brake,1.01,0.06985,,TS-14GA-2,2016-04-28
P-108163,40,outside_processing,0.0,0.0,V-1040,,2016-04-28
P-108163,50,inspection_pack,0.15,0.00706,,,2016-04-28
P-108166,10,punch,0.5,0.00775,,,2017-10-09
P-108166,20,grind_deburr,0.2,0.00192,,,2017-10-09
P-108166,30,press_brake,0.59,0.01284,,TS-16GA-2,2017-10-09
P-108166,40,outside_processing,0.0,0.0,V-1040,,2017-10-09
P-108166,50,inspection_pack,0.15,0.00997,,,2017-10-09
P-108172,10,laser,0.2,0.0821,,,2020-11-29
P-108172,20,grind_deburr,0.2,0.00644,,,2020-11-29
P-108172,30,press_brake,0.94,0.07897,,TS-18GA-1,2020-11-29
P-108172,40,robotic_weld,1.2,0.18251,,,2020-11-29
P-108172,50,grind_deburr,0.2,0.00658,,,2020-11-29
P-108172,60,powder_coat,0.25,0.02326,,,2020-11-29
P-108172,70,inspection_pack,0.15,0.00302,,,2020-11-29
P-108197,10,laser,0.2,0.02289,,,2020-09-02
P-108197,20,grind_deburr,0.2,0.00493,,,2020-09-02
P-108197,30,press_brake,0.8,0.03036,,TS-18GA-3,2020-09-02
P-108197,40,hardware,0.25,0.01837,,,2020-09-02
P-108197,50,outside_processing,0.0,0.0,V-1077,,2020-09-02
P-108197,60,inspection_pack,0.15,0.00459,,,2020-09-02
P-108205,10,laser,0.2,0.01769,,,2016-07-24
P-108205,20,grind_deburr,0.2,0.00288,,,2016-07-24
P-108205,30,press_brake,0.8,0.02592,,TS-18GA-1,2016-07-24
P-108205,40,hardware,0.25,0.02829,,,2016-07-24
P-108205,50,powder_coat,0.25,0.00096,,,2016-07-24
P-108205,60,inspection_pack,0.15,0.00806,,,2016-07-24
P-108217,10,punch,0.5,0.02131,,,2016-02-16
P-108217,20,grind_deburr,0.2,0.00809,,,2016-02-16
P-108217,30,press_brake,0.66,0.01932,,TS-14GA-3,2016-02-16
P-108217,40,hardware,0.25,0.01727,,,2016-02-16
P-108217,50,weld,0.5,0.13867,,,2016-02-16
P-108217,60,grind_deburr,0.2,0.00617,,,2016-02-16
P-108217,70,inspection_pack,0.15,0.00806,,,2016-02-16
P-108231,10,punch,0.5,0.05754,,,2015-05-22
P-108231,20,grind_deburr,0.2,0.01398,,,2015-05-22
P-108231,30,press_brake,1.29,0.13537,,TS-11GA-2,2015-05-22
P-108231,40,robotic_weld,1.2,0.08342,,,2015-05-22
P-108231,50,grind_deburr,0.2,0.0063,,,2015-05-22
P-108231,60,powder_coat,0.25,0.0231,,,2015-05-22
P-108231,70,inspection_pack,0.15,0.01053,,,2015-05-22
P-108232,10,laser,0.2,0.01896,,,2013-12-05
P-108232,20,press_brake,0.73,0.02076,,TS-16GA-1,2013-12-05
P-108232,30,powder_coat,0.25,0.00128,,,2013-12-05
P-108232,40,inspection_pack,0.15,0.00347,,,2013-12-05
P-108250,10,laser,0.2,0.00821,,,2016-08-06
P-108250,20,grind_deburr,0.2,0.00069,,,2016-08-06
P-108250,30,press_brake,0.66,0.0156,,TS-14GA-1,2016-08-06
P-108250,40,powder_coat,0.25,0.00112,,,2016-08-06
P-108250,50,inspection_pack,0.15,0.00963,,,2016-08-06
P-108266,10,laser,0.2,0.00937,,,2020-06-17
P-108266,20,grind_deburr,0.2,0.00123,,,2020-06-17
P-108266,30,press_brake,0.73,0.02076,,TS-11GA-1,2020-06-17
P-108266,40,hardware,0.25,0.02706,,,2020-06-17
P-108266,50,outside_processing,0.0,0.0,V-1040,,2020-06-17
P-108266,60,inspection_pack,0.15,0.00403,,,2020-06-17
P-108286,10,punch,0.5,0.00387,,,2019-02-13
P-108286,20,grind_deburr,0.2,0.00164,,,2019-02-13
P-108286,30,press_brake,0.87,0.0312,,TS-16GA-2,2019-02-13
P-108286,40,weld,0.5,0.02747,,,2019-02-13
P-108286,50,grind_deburr,0.2,0.00096,,,2019-02-13
P-108286,60,outside_processing,0.0,0.0,V-1102,,2019-02-13
P-108286,70,outside_processing,0.0,0.0,V-1040,,2019-02-13
P-108286,80,inspection_pack,0.15,0.00907,,,2019-02-13
P-108294,10,laser,0.2,0.01179,,,2014-10-26
P-108294,20,grind_deburr,0.2,0.00069,,,2014-10-26
P-108294,30,press_brake,0.66,0.0156,,TS-18GA-1,2014-10-26
P-108294,40,inspection_pack,0.15,0.00515,,,2014-10-26
P-108300,10,laser,0.2,0.00624,,,2013-07-27
P-108300,20,press_brake,0.73,0.02076,,TS-14GA-3,2013-07-27
P-108300,30,hardware,0.25,0.0098,,,2013-07-27
P-108300,40,powder_coat,0.25,0.00241,,,2013-07-27
P-108300,50,inspection_pack,0.15,0.00314,,,2013-07-27
P-108308,10,punch,0.5,0.0062,,,2018-02-11
P-108308,20,grind_deburr,0.2,0.00206,,,2018-02-11
P-108308,30,press_brake,0.66,0.0156,,TS-18GA-2,2018-02-11
P-108308,40,hardware,0.25,0.00833,,,2018-02-11
P-108308,50,outside_processing,0.0,0.0,V-1102,,2018-02-11
P-108308,60,outside_processing,0.0,0.0,V-1040,,2018-02-11
P-108308,70,inspection_pack,0.15,0.00795,,,2018-02-11
P-108322,10,laser,0.2,0.09065,,,2018-02-08
P-108322,20,grind_deburr,0.2,0.00809,,,2018-02-08
P-108322,30,press_brake,0.66,0.0228,,TS-11GA-3,2018-02-08
P-108322,40,powder_coat,0.25,0.00353,,,2018-02-08
P-108322,50,inspection_pack,0.15,0.00717,,,2018-02-08
P-108328,10,punch,0.5,0.00601,,,2018-03-21
P-108328,20,press_brake,0.66,0.0156,,TS-18GA-3,2018-03-21
P-108328,30,powder_coat,0.25,0.00128,,,2018-03-21
P-108328,40,inspection_pack,0.15,0.00627,,,2018-03-21
P-108335,10,laser,0.2,0.01908,,,2013-07-25
P-108335,20,grind_deburr,0.2,0.00206,,,2013-07-25
P-108335,30,press_brake,0.87,0.03108,,TS-16GA-2,2013-07-25
P-108335,40,hardware,0.25,0.00894,,,2013-07-25
P-108335,50,inspection_pack,0.15,0.00862,,,2013-07-25
P-108342,10,laser,0.2,0.02671,,,2013-07-29
P-108342,20,grind_deburr,0.2,0.00548,,,2013-07-29
P-108342,30,press_brake,0.87,0.03696,,TS-14GA-3,2013-07-29
P-108342,40,hardware,0.25,0.02241,,,2013-07-29
P-108342,50,powder_coat,0.25,0.00449,,,2013-07-29
P-108342,60,outside_processing,0.0,0.0,V-1077,,2013-07-29
P-108342,70,inspection_pack,0.15,0.00694,,,2013-07-29
P-108348,10,laser,0.2,0.01989,,,2018-03-05
P-108348,20,grind_deburr,0.2,0.00233,,,2018-03-05
P-108348,30,press_brake,0.73,0.02088,,TS-18GA-2,2018-03-05
P-108348,40,hardware,0.25,0.01359,,,2018-03-05
P-108348,50,inspection_pack,0.15,0.00829,,,2018-03-05
P-108352,10,laser,0.2,0.01064,,,2020-03-19
P-108352,20,grind_deburr,0.2,0.0026,,,2020-03-19
P-108352,30,press_brake,0.66,0.0156,,TS-12GA-1,2020-03-19
P-108352,40,hardware,0.25,0.0278,,,2020-03-19
P-108352,50,inspection_pack,0.15,0.0084,,,2020-03-19
P-108358,10,laser,0.2,0.01885,,,2020-12-12
P-108358,20,grind_deburr,0.2,0.00178,,,2020-12-12
P-108358,30,press_brake,0.87,0.03108,,TS-0.125IN-1,2020-12-12
P-108358,40,weld,0.5,0.03885,,,2020-12-12
P-108358,50,grind_deburr,0.2,0.00233,,,2020-12-12
P-108358,60,outside_processing,0.0,0.0,V-1040,,2020-12-12
P-108358,70,inspection_pack,0.15,0.00829,,,2020-12-12
P-108361,10,laser,0.2,0.01781,,,2017-07-04
P-108361,20,grind_deburr,0.2,0.0037,,,2017-07-04
P-108361,30,press_brake,0.73,0.02424,,TS-16GA-2,2017-07-04
P-108361,40,powder_coat,0.25,0.00481,,,2017-07-04
P-108361,50,inspection_pack,0.15,0.00448,,,2017-07-04
P-108369,10,laser,0.2,0.00809,,,2014-04-23
P-108369,20,grind_deburr,0.2,0.0026,,,2014-04-23
P-108369,30,press_brake,0.59,0.01032,,TS-16GA-1,2014-04-23
P-108369,40,inspection_pack,0.15,0.00538,,,2014-04-23
P-108379,10,laser,0.2,0.01642,,,2016-04-09
P-108379,20,grind_deburr,0.2,0.00247,,,2016-04-09
P-108379,30,press_brake,0.59,0.01032,,TS-16GA-3,2016-04-09
P-108379,40,powder_coat,0.25,0.00112,,,2016-04-09
P-108379,50,inspection_pack,0.15,0.01053,,,2016-04-09
P-108390,10,laser,0.2,0.1517,,,2021-04-15
P-108390,20,grind_deburr,0.2,0.01631,,,2021-04-15
P-108390,30,press_brake,0.73,0.03888,,TS-16GA-2,2021-04-15
P-108390,40,hardware,0.25,0.02376,,,2021-04-15
P-108390,50,robotic_weld,1.2,0.13947,,,2021-04-15
P-108390,60,grind_deburr,0.2,0.00671,,,2021-04-15
P-108390,70,press_brake,0.59,0.01944,,TS-16GA-2,2021-04-15
P-108390,80,powder_coat,0.25,0.01428,,,2021-04-15
P-108390,90,assembly,0.3,0.06394,,,2021-04-15
P-108390,100,inspection_pack,0.15,0.00661,,,2021-04-15
P-108396,10,laser,0.2,0.04799,,,2019-01-20
P-108396,20,press_brake,0.8,0.03324,,TS-16GA-2,2019-01-20
P-108396,30,outside_processing,0.0,0.0,V-1040,,2019-01-20
P-108396,40,inspection_pack,0.15,0.00997,,,2019-01-20
P-108404,10,laser,0.2,0.04359,,,2016-06-09
P-108404,20,grind_deburr,0.2,0.00356,,,2016-06-09
P-108404,30,press_brake,1.08,0.06937,,TS-16GA-3,2016-06-09
P-108404,40,powder_coat,0.25,0.00962,,,2016-06-09
P-108404,50,inspection_pack,0.15,0.00571,,,2016-06-09
P-108410,10,laser,0.2,0.0296,,,2012-11-01
P-108410,20,grind_deburr,0.2,0.00384,,,2012-11-01
P-108410,30,press_brake,0.59,0.01152,,TS-11GA-2,2012-11-01
P-108410,40,weld,0.5,0.01898,,,2012-11-01
P-108410,50,grind_deburr,0.2,0.00397,,,2012-11-01
P-108410,60,powder_coat,0.25,0.00128,,,2012-11-01
P-108410,70,inspection_pack,0.15,0.01053,,,2012-11-01
P-108414,10,laser,0.2,0.00867,,,2017-11-07
P-108414,20,grind_deburr,0.2,0.00288,,,2017-11-07
P-108414,30,press_brake,0.73,0.02076,,TS-12GA-3,2017-11-07
P-108414,40,powder_coat,0.25,0.00192,,,2017-11-07
P-108414,50,inspection_pack,0.15,0.00762,,,2017-11-07
P-108416,10,laser,0.2,0.0126,,,2020-11-20
P-108416,20,grind_deburr,0.2,0.00151,,,2020-11-20
P-108416,30,press_brake,0.73,0.02136,,TS-12GA-3,2020-11-20
P-108416,40,weld,0.5,0.0345,,,2020-11-20
P-108416,50,grind_deburr,0.2,0.00206,,,2020-11-20
P-108416,60,powder_coat,0.25,0.00273,,,2020-11-20
P-108416,70,inspection_pack,0.15,0.00616,,,2020-11-20
P-108421,10,laser,0.2,0.05932,,,2019-12-20
P-108421,20,grind_deburr,0.2,0.00781,,,2019-12-20
P-108421,30,press_brake,0.87,0.04452,,TS-14GA-1,2019-12-20
P-108421,40,weld,0.5,0.24496,,,2019-12-20
P-108421,50,grind_deburr,0.2,0.0074,,,2019-12-20
P-108421,60,outside_processing,0.0,0.0,V-1040,,2019-12-20
P-108421,70,inspection_pack,0.15,0.00773,,,2019-12-20
P-108425,10,laser,0.2,0.17876,,,2023-06-21
P-108425,20,grind_deburr,0.2,0.01206,,,2023-06-21
P-108425,30,press_brake,1.22,0.11833,,TS-18GA-1,2023-06-21
P-108425,40,inspection_pack,0.15,0.00818,,,2023-06-21
P-108428,10,punch,0.5,0.02615,,,2015-04-29
P-108428,20,grind_deburr,0.2,0.00439,,,2015-04-29
P-108428,30,press_brake,0.94,0.05821,,TS-0.250IN-1,2015-04-29
P-108428,40,press_brake,0.73,0.03324,,TS-0.250IN-1,2015-04-29
P-108428,50,outside_processing,0.0,0.0,V-1040,,2015-04-29
P-108428,60,assembly,0.3,0.02797,,,2015-04-29
P-108428,70,inspection_pack,0.15,0.00504,,,2015-04-29
P-108444,10,laser,0.2,0.0755,,,2020-05-19
P-108444,20,press_brake,0.94,0.05665,,TS-16GA-1,2020-05-19
P-108444,30,robotic_weld,1.2,0.07261,,,2020-05-19
P-108444,40,grind_deburr,0.2,0.01055,,,2020-05-19
P-108444,50,assembly,0.3,0.03948,,,2020-05-19
P-108444,60,inspection_pack,0.15,0.00896,,,2020-05-19
P-108446,10,laser,0.2,0.01734,,,2019-12-18
P-108446,20,grind_deburr,0.2,0.0011,,,2019-12-18
P-108446,30,press_brake,0.66,0.0156,,TS-18GA-1,2019-12-18
P-108446,40,powder_coat,0.25,0.00192,,,2019-12-18
P-108446,50,inspection_pack,0.15,0.00974,,,2019-12-18
P-108450,10,laser,0.2,0.03573,,,2018-06-14
P-108450,20,press_brake,0.66,0.01884,,TS-11GA-1,2018-06-14
P-108450,30,hardware,0.25,0.00845,,,2018-06-14
P-108450,40,weld,0.5,0.1476,,,2018-06-14
P-108450,50,grind_deburr,0.2,0.00671,,,2018-06-14
P-108450,60,inspection_pack,0.15,0.0056,,,2018-06-14
P-108453,10,laser,0.2,0.03064,,,2017-11-29
P-108453,20,grind_deburr,0.2,0.00274,,,2017-11-29
P-108453,30,press_brake,0.8,0.0372,,TS-14GA-3,2017-11-29
P-108453,40,hardware,0.25,0.01776,,,2017-11-29
P-108453,50,weld,0.5,0.12404,,,2017-11-29
P-108453,60,grind_deburr,0.2,0.01055,,,2017-11-29
P-108453,70,powder_coat,0.25,0.00754,,,2017-11-29
P-108453,80,assembly,0.3,0.02621,,,2017-11-29
P-108453,90,inspection_pack,0.15,0.00347,,,2017-11-29
P-108461,10,laser,0.2,0.04822,,,2023-11-04
P-108461,20,grind_deburr,0.2,0.00809,,,2023-11-04
P-108461,30,press_brake,0.8,0.03768,,TS-0.250IN-2,2023-11-04
P-108461,40,outside_processing,0.0,0.0,V-1040,,2023-11-04
P-108461,50,inspection_pack,0.15,0.00538,,,2023-11-04
P-108468,10,laser,0.2,0.01203,,,2016-09-18
P-108468,20,grind_deburr,0.2,0.00151,,,2016-09-18
P-108468,30,press_brake,0.52,0.00516,,TS-0.250IN-3,2016-09-18
P-108468,40,inspection_pack,0.15,0.01019,,,2016-09-18
P-108490,10,laser,0.2,0.02255,,,2012-11-20
P-108490,20,grind_deburr,0.2,0.0026,,,2012-11-20
P-108490,30,press_brake,0.87,0.03756,,TS-14GA-3,2012-11-20
P-108490,40,outside_processing,0.0,0.0,V-1040,,2012-11-20
P-108490,50,inspection_pack,0.15,0.00952,,,2012-11-20
P-108492,10,laser,0.2,0.01526,,,2013-08-30
P-108492,20,press_brake,1.22,0.06265,,TS-0.125IN-2,2013-08-30
P-108492,30,weld,0.5,0.06353,,,2013-08-30
P-108492,40,grind_deburr,0.2,0.00164,,,2013-08-30
P-108492,50,powder_coat,0.25,0.00128,,,2013-08-30
P-108492,60,inspection_pack,0.15,0.0093,,,2013-08-30
P-108495,10,punch,0.5,0.04543,,,2021-12-04
P-108495,20,grind_deburr,0.2,0.01549,,,2021-12-04
P-108495,30,press_brake,0.73,0.03816,,TS-20GA-3,2021-12-04
P-108495,40,hardware,0.25,0.0289,,,2021-12-04
P-108495,50,press_brake,0.66,0.02856,,TS-20GA-3,2021-12-04
P-108495,60,powder_coat,0.25,0.0162,,,2021-12-04
P-108495,70,assembly,0.3,0.04804,,,2021-12-04
P-108495,80,inspection_pack,0.15,0.0084,,,2021-12-04
P-108511,10,laser,0.2,0.09574,,,2018-09-21
P-108511,20,press_brake,0.87,0.06433,,TS-16GA-2,2018-09-21
P-108511,30,hardware,0.25,0.01629,,,2018-09-21
P-108511,40,weld,0.5,0.08117,,,2018-09-21
P-108511,50,grind_deburr,0.2,0.01686,,,2018-09-21
P-108511,60,inspection_pack,0.15,0.00638,,,2018-09-21
P-108530,10,laser,0.2,0.01145,,,2016-01-15
P-108530,20,grind_deburr,0.2,0.0026,,,2016-01-15
P-108530,30,press_brake,0.66,0.0162,,TS-0.250IN-1,2016-01-15
P-108530,40,hardware,0.25,0.00857,,,2016-01-15
P-108530,50,powder_coat,0.25,0.00289,,,2016-01-15
P-108530,60,inspection_pack,0.15,0.0093,,,2016-01-15
P-108531,10,punch,0.5,0.03129,,,2015-05-25
P-108531,20,press_brake,0.59,0.0144,,TS-12GA-3,2015-05-25
P-108531,30,weld,0.5,0.03282,,,2015-05-25
P-108531,40,grind_deburr,0.2,0.00822,,,2015-05-25
P-108531,50,inspection_pack,0.15,0.00594,,,2015-05-25
P-108533,10,laser,0.2,0.02266,,,2016-08-20
P-108533,20,press_brake,0.59,0.01176,,TS-0.125IN-2,2016-08-20
P-108533,30,hardware,0.25,0.012,,,2016-08-20
P-108533,40,inspection_pack,0.15,0.00896,,,2016-08-20
P-108538,10,laser,0.2,0.11482,,,2016-07-01
P-108538,20,press_brake,0.87,0.05965,,TS-16GA-3,2016-07-01
P-108538,30,hardware,0.25,0.00992,,,2016-07-01
P-108538,40,weld,0.5,0.33584,,,2016-07-01
P-108538,50,grind_deburr,0.2,0.00507,,,2016-07-01
P-108538,60,powder_coat,0.25,0.0154,,,2016-07-01
P-108538,70,inspection_pack,0.15,0.00986,,,2016-07-01
P-108540,10,laser,0.2,0.02729,,,2021-08-02
P-108540,20,grind_deburr,0.2,0.00836,,,2021-08-02
P-108540,30,press_brake,0.87,0.04596,,TS-18GA-2,2021-08-02
P-108540,40,powder_coat,0.25,0.01187,,,2021-08-02
P-108540,50,assembly,0.3,0.07601,,,2021-08-02
P-108540,60,inspection_pack,0.15,0.00784,,,2021-08-02
P-108547,10,laser,0.2,0.04278,,,2016-04-15
P-108547,20,grind_deburr,0.2,0.00576,,,2016-04-15
P-108547,30,press_brake,0.94,0.05797,,TS-18GA-3,2016-04-15
P-108547,40,inspection_pack,0.15,0.00717,,,2016-04-15
P-108563,10,laser,0.2,0.00786,,,2023-08-27
P-108563,20,grind_deburr,0.2,0.00274,,,2023-08-27
P-108563,30,press_brake,0.59,0.01032,,TS-18GA-1,2023-08-27
P-108563,40,hardware,0.25,0.01286,,,2023-08-27
P-108563,50,inspection_pack,0.15,0.01031,,,2023-08-27
P-108571,10,laser,0.2,0.03538,,,2019-04-21
P-108571,20,grind_deburr,0.2,0.0048,,,2019-04-21
P-108571,30,press_brake,0.87,0.03696,,TS-16GA-3,2019-04-21
P-108571,40,hardware,0.25,0.01224,,,2019-04-21
P-108571,50,powder_coat,0.25,0.00176,,,2019-04-21
P-108571,60,assembly,0.3,0.02753,,,2019-04-21
P-108571,70,inspection_pack,0.15,0.00773,,,2019-04-21
P-108589,10,laser,0.2,0.00821,,,2023-12-10
P-108589,20,grind_deburr,0.2,0.00123,,,2023-12-10
P-108589,30,press_brake,1.01,0.04152,,TS-18GA-3,2023-12-10
P-108589,40,weld,0.5,0.05638,,,2023-12-10
P-108589,50,grind_deburr,0.2,0.00151,,,2023-12-10
P-108589,60,inspection_pack,0.15,0.0065,,,2023-12-10
P-108606,10,laser,0.2,0.04741,,,2014-08-27
P-108606,20,grind_deburr,0.2,0.0085,,,2014-08-27
P-108606,30,press_brake,0.94,0.04632,,TS-20GA-1,2014-08-27
P-108606,40,hardware,0.25,0.02155,,,2014-08-27
P-108606,50,press_brake,0.73,0.02652,,TS-20GA-1,2014-08-27
P-108606,60,outside_processing,0.0,0.0,V-1102,,2014-08-27
P-108606,70,inspection_pack,0.15,0.00762,,,2014-08-27
P-108617,10,laser,0.2,0.01792,,,2020-11-04
P-108617,20,grind_deburr,0.2,0.0026,,,2020-11-04
P-108617,30,press_brake,0.66,0.01944,,TS-14GA-2,2020-11-04
P-108617,40,powder_coat,0.25,0.00273,,,2020-11-04
P-108617,50,inspection_pack,0.15,0.0065,,,2020-11-04
P-108624,10,punch,0.5,0.0153,,,2015-06-19
P-108624,20,grind_deburr,0.2,0.00809,,,2015-06-19
P-108624,30,press_brake,0.8,0.03636,,TS-11GA-2,2015-06-19
P-108624,40,weld,0.5,0.22508,,,2015-06-19
P-108624,50,grind_deburr,0.2,0.0063,,,2015-06-19
P-108624,60,outside_processing,0.0,0.0,V-1077,,2015-06-19
P-108624,70,inspection_pack,0.15,0.00414,,,2015-06-19
P-108649,10,laser,0.2,0.01133,,,2018-11-12
P-108649,20,press_brake,0.66,0.0156,,TS-16GA-2,2018-11-12
P-108649,30,hardware,0.25,0.01016,,,2018-11-12
P-108649,40,inspection_pack,0.15,0.00694,,,2018-11-12
P-108685,10,laser,0.2,0.06267,,,2020-03-14
P-108685,20,grind_deburr,0.2,0.00658,,,2020-03-14
P-108685,30,press_brake,0.87,0.04584,,TS-16GA-2,2020-03-14
P-108685,40,powder_coat,0.25,0.01203,,,2020-03-14
P-108685,50,assembly,0.3,0.07074,,,2020-03-14
P-108685,60,inspection_pack,0.15,0.00515,,,2020-03-14
P-108690,10,laser,0.2,0.05492,,,2013-05-23
P-108690,20,press_brake,0.73,0.02808,,TS-16GA-3,2013-05-23
P-108690,30,outside_processing,0.0,0.0,V-1077,,2013-05-23
P-108690,40,assembly,0.3,0.10178,,,2013-05-23
P-108690,50,inspection_pack,0.15,0.00426,,,2013-05-23
P-108694,10,laser,0.2,0.01989,,,2023-03-18
P-108694,20,press_brake,1.22,0.06229,,TS-18GA-3,2023-03-18
P-108694,30,outside_processing,0.0,0.0,V-1040,,2023-03-18
P-108694,40,inspection_pack,0.15,0.01053,,,2023-03-18
P-108709,10,laser,0.2,0.01422,,,2016-07-17
P-108709,20,press_brake,0.73,0.02076,,TS-14GA-3,2016-07-17
P-108709,30,inspection_pack,0.15,0.00728,,,2016-07-17
P-108722,10,laser,0.2,0.09169,,,2019-11-22
P-108722,20,press_brake,1.01,0.06973,,TS-14GA-2,2019-11-22
P-108722,30,powder_coat,0.25,0.01171,,,2019-11-22
P-108722,40,inspection_pack,0.15,0.00594,,,2019-11-22
P-108732,10,laser,0.2,0.00856,,,2016-08-30
P-108732,20,grind_deburr,0.2,0.00233,,,2016-08-30
P-108732,30,press_brake,0.66,0.0156,,TS-16GA-1,2016-08-30
P-108732,40,hardware,0.25,0.02314,,,2016-08-30
P-108732,50,powder_coat,0.25,0.00225,,,2016-08-30
P-108732,60,inspection_pack,0.15,0.00302,,,2016-08-30
P-108750,10,punch,0.5,0.00785,,,2022-06-26
P-108750,20,grind_deburr,0.2,0.00178,,,2022-06-26
P-108750,30,press_brake,0.66,0.0156,,TS-12GA-2,2022-06-26
P-108750,40,outside_processing,0.0,0.0,V-1040,,2022-06-26
P-108750,50,inspection_pack,0.15,0.0047,,,2022-06-26
P-108758,10,laser,0.2,0.00601,,,2018-08-01
P-108758,20,grind_deburr,0.2,0.00082,,,2018-08-01
P-108758,30,press_brake,0.94,0.03636,,TS-0.125IN-1,2018-08-01
P-108758,40,weld,0.5,0.03885,,,2018-08-01
P-108758,50,grind_deburr,0.2,0.00178,,,2018-08-01
P-108758,60,outside_processing,0.0,0.0,V-1077,,2018-08-01
P-108758,70,outside_processing,0.0,0.0,V-1077,,2018-08-01
P-108758,80,inspection_pack,0.15,0.00739,,,2018-08-01
P-108764,10,laser,0.2,0.01607,,,2019-07-24
P-108764,20,grind_deburr,0.2,0.00096,,,2019-07-24
P-108764,30,press_brake,0.73,0.02076,,TS-18GA-2,2019-07-24
P-108764,40,inspection_pack,0.15,0.00594,,,2019-07-24
P-108779,10,laser,0.2,0.01041,,,2012-02-12
P-108779,20,grind_deburr,0.2,0.00123,,,2012-02-12
P-108779,30,press_brake,0.66,0.0156,,TS-18GA-1,2012-02-12
P-108779,40,hardware,0.25,0.00784,,,2012-02-12
P-108779,50,inspection_pack,0.15,0.00661,,,2012-02-12
P-108787,10,laser,0.2,0.08279,,,2017-07-31
P-108787,20,press_brake,1.22,0.10165,,TS-16GA-1,2017-07-31
P-108787,30,hardware,0.25,0.02486,,,2017-07-31
P-108787,40,inspection_pack,0.15,0.00347,,,2017-07-31
P-108792,10,laser,0.2,0.01746,,,2018-09-17
P-108792,20,grind_deburr,0.2,0.00164,,,2018-09-17
P-108792,30,press_brake,0.66,0.0156,,TS-14GA-1,2018-09-17
P-108792,40,inspection_pack,0.15,0.00694,,,2018-09-17
P-108800,10,laser,0.2,0.01283,,,2022-10-29
P-108800,20,press_brake,0.59,0.01032,,TS-20GA-3,2022-10-29
P-108800,30,hardware,0.25,0.01727,,,2022-10-29
P-108800,40,outside_processing,0.0,0.0,V-1040,,2022-10-29
P-108800,50,inspection_pack,0.15,0.0065,,,2022-10-29
P-108807,10,laser,0.2,0.0074,,,2020-09-08
P-108807,20,grind_deburr,0.2,0.00096,,,2020-09-08
P-108807,30,press_brake,0.66,0.0156,,TS-20GA-3,2020-09-08
P-108807,40,powder_coat,0.25,0.00096,,,2020-09-08
P-108807,50,inspection_pack,0.15,0.0093,,,2020-09-08
P-108811,10,laser,0.2,0.01561,,,2015-08-05
P-108811,20,grind_deburr,0.2,0.00096,,,2015-08-05
P-108811,30,press_brake,0.59,0.01032,,TS-14GA-2,2015-08-05
P-108811,40,weld,0.5,0.02378,,,2015-08-05
P-108811,50,grind_deburr,0.2,0.0026,,,2015-08-05
P-108811,60,inspection_pack,0.15,0.00661,,,2015-08-05
P-108818,10,laser,0.2,0.01758,,,2021-02-10
P-108818,20,grind_deburr,0.2,0.00397,,,2021-02-10
P-108818,30,press_brake,0.8,0.02892,,TS-18GA-3,2021-02-10
P-108818,40,hardware,0.25,0.00808,,,2021-02-10
P-108818,50,weld,0.5,0.10685,,,2021-02-10
P-108818,60,grind_deburr,0.2,0.00206,,,2021-02-10
P-108818,70,inspection_pack,0.15,0.00717,,,2021-02-10
P-108828,10,laser,0.2,0.03411,,,2020-03-24
P-108828,20,press_brake,0.94,0.04116,,TS-18GA-2,2020-03-24
P-108828,30,weld,0.5,0.02065,,,2020-03-24
P-108828,40,grind_deburr,0.2,0.00493,,,2020-03-24
P-108828,50,powder_coat,0.25,0.00417,,,2020-03-24
P-108828,60,inspection_pack,0.15,0.00762,,,2020-03-24
P-108842,10,laser,0.2,0.01515,,,2018-02-28
P-108842,20,grind_deburr,0.2,0.00096,,,2018-02-28
P-108842,30,press_brake,0.87,0.03204,,TS-20GA-1,2018-02-28
P-108842,40,hardware,0.25,0.0131,,,2018-02-28
P-108842,50,powder_coat,0.25,0.00273,,,2018-02-28
P-108842,60,inspection_pack,0.15,0.00482,,,2018-02-28
P-108843,10,laser,0.2,0.02463,,,2022-11-12
P-108843,20,press_brake,0.8,0.03912,,TS-18GA-2,2022-11-12
P-108843,30,weld,0.5,0.06096,,,2022-11-12
P-108843,40,grind_deburr,0.2,0.00671,,,2022-11-12
P-108843,50,powder_coat,0.25,0.01299,,,2022-11-12
P-108843,60,inspection_pack,0.15,0.00717,,,2022-11-12
P-108850,10,laser,0.2,0.04729,,,2020-10-31
P-108850,20,grind_deburr,0.2,0.01,,,2020-10-31
P-108850,30,press_brake,0.94,0.05401,,TS-18GA-1,2020-10-31
P-108850,40,hardware,0.25,0.01849,,,2020-10-31
P-108850,50,weld,0.5,0.06643,,,2020-10-31
P-108850,60,grind_deburr,0.2,0.00343,,,2020-10-31
P-108850,70,powder_coat,0.25,0.01267,,,2020-10-31
P-108850,80,inspection_pack,0.15,0.00538,,,2020-10-31
P-108860,10,laser,0.2,0.06625,,,2017-07-01
P-108860,20,grind_deburr,0.2,0.00548,,,2017-07-01
P-108860,30,press_brake,0.8,0.0444,,TS-16GA-3,2017-07-01
P-108860,40,hardware,0.25,0.01469,,,2017-07-01
P-108860,50,robotic_weld,1.2,0.1237,,,2017-07-01
P-108860,60,grind_deburr,0.2,0.00863,,,2017-07-01
P-108860,70,assembly,0.3,0.03279,,,2017-07-01
P-108860,80,inspection_pack,0.15,0.00594,,,2017-07-01
P-108862,10,laser,0.2,0.02047,,,2019-07-21
P-108862,20,grind_deburr,0.2,0.00329,,,2019-07-21
P-108862,30,press_brake,0.73,0.02364,,TS-14GA-3,2019-07-21
P-108862,40,hardware,0.25,0.01678,,,2019-07-21
P-108862,50,weld,0.5,0.08642,,,2019-07-21
P-108862,60,grind_deburr,0.2,0.00411,,,2019-07-21
P-108862,70,powder_coat,0.25,0.00449,,,2019-07-21
P-108862,80,inspection_pack,0.15,0.00582,,,2019-07-21
P-108872,10,laser,0.2,0.02578,,,2017-12-05
P-108872,20,grind_deburr,0.2,0.00274,,,2017-12-05
P-108872,30,press_brake,0.94,0.03804,,TS-16GA-1,2017-12-05
P-108872,40,weld,0.5,0.0585,,,2017-12-05
P-108872,50,grind_deburr,0.2,0.0026,,,2017-12-05
P-108872,60,outside_processing,0.0,0.0,V-1040,,2017-12-05
P-108872,70,assembly,0.3,0.10924,,,2017-12-05
P-108872,80,inspection_pack,0.15,0.00358,,,2017-12-05
P-108880,10,laser,0.2,0.05169,,,2013-10-31
P-108880,20,grind_deburr,0.2,0.00987,,,2013-10-31
P-108880,30,press_brake,1.01,0.05809,,TS-18GA-2,2013-10-31
P-108880,40,hardware,0.25,0.01335,,,2013-10-31
P-108880,50,assembly,0.3,0.04947,,,2013-10-31
P-108880,60,inspection_pack,0.15,0.00694,,,2013-10-31
P-108887,10,laser,0.2,0.06602,,,2021-12-01
P-108887,20,grind_deburr,0.2,0.00877,,,2021-12-01
P-108887,30,press_brake,1.08,0.06217,,TS-18GA-2,2021-12-01
P-108887,40,hardware,0.25,0.02657,,,2021-12-01
P-108887,50,robotic_weld,1.2,0.03509,,,2021-12-01
P-108887,60,grind_deburr,0.2,0.00576,,,2021-12-01
P-108887,70,inspection_pack,0.15,0.00717,,,2021-12-01
P-108895,10,punch,0.5,0.0278,,,2016-02-12
P-108895,20,press_brake,0.73,0.02772,,TS-16GA-2,2016-02-12
P-108895,30,weld,0.5,0.03684,,,2016-02-12
P-108895,40,grind_deburr,0.2,0.00918,,,2016-02-12
P-108895,50,outside_processing,0.0,0.0,V-1040,,2016-02-12
P-108895,60,inspection_pack,0.15,0.00683,,,2016-02-12
P-108907,10,laser,0.2,0.04498,,,2023-08-05
P-108907,20,press_brake,0.87,0.04716,,TS-16GA-1,2023-08-05
P-108907,30,outside_processing,0.0,0.0,V-1040,,2023-08-05
P-108907,40,inspection_pack,0.15,0.00347,,,2023-08-05
P-108930,10,laser,0.2,0.14928,,,2023-07-11
P-108930,20,grind_deburr,0.2,0.0196,,,2023-07-11
P-108930,30,press_brake,0.94,0.07009,,TS-14GA-3,2023-07-11
P-108930,40,hardware,0.25,0.0109,,,2023-07-11
P-108930,50,robotic_weld,1.2,0.07768,,,2023-07-11
P-108930,60,grind_deburr,0.2,0.0122,,,2023-07-11
P-108930,70,powder_coat,0.25,0.01139,,,2023-07-11
P-108930,80,inspection_pack,0.15,0.00717,,,2023-07-11
P-108937,10,laser,0.2,0.02474,,,2020-12-29
P-108937,20,press_brake,0.87,0.04464,,TS-16GA-2,2020-12-29
P-108937,30,hardware,0.25,0.01665,,,2020-12-29
P-108937,40,weld,0.5,0.06074,,,2020-12-29
P-108937,50,grind_deburr,0.2,0.00425,,,2020-12-29
P-108937,60,outside_processing,0.0,0.0,V-1040,,2020-12-29
P-108937,70,inspection_pack,0.15,0.00638,,,2020-12-29
P-108940,10,laser,0.2,0.07955,,,2020-12-19
P-108940,20,press_brake,0.87,0.0456,,TS-18GA-3,2020-12-19
P-108940,30,robotic_weld,1.2,0.04844,,,2020-12-19
P-108940,40,grind_deburr,0.2,0.00562,,,2020-12-19
P-108940,50,assembly,0.3,0.03389,,,2020-12-19
P-108940,60,inspection_pack,0.15,0.00829,,,2020-12-19
P-108951,10,laser,0.2,0.0644,,,2022-12-21
P-108951,20,grind_deburr,0.2,0.01905,,,2022-12-21
P-108951,30,press_brake,1.01,0.09025,,TS-16GA-2,2022-12-21
P-108951,40,hardware,0.25,0.01959,,,2022-12-21
P-108951,50,powder_coat,0.25,0.01973,,,2022-12-21
P-108951,60,inspection_pack,0.15,0.00986,,,2022-12-21
P-108954,10,laser,0.2,0.01203,,,2015-04-12
P-108954,20,grind_deburr,0.2,0.00069,,,2015-04-12
P-108954,30,press_brake,0.73,0.02076,,TS-14GA-3,2015-04-12
P-108954,40,hardware,0.25,0.02535,,,2015-04-12
P-108954,50,powder_coat,0.25,0.00096,,,2015-04-12
P-108954,60,inspection_pack,0.15,0.00997,,,2015-04-12
P-108971,10,laser,0.2,0.09308,,,2018-06-19
P-108971,20,grind_deburr,0.2,0.0063,,,2018-06-19
P-108971,30,press_brake,0.87,0.04824,,TS-14GA-2,2018-06-19
P-108971,40,outside_processing,0.0,0.0,V-1102,,2018-06-19
P-108971,50,inspection_pack,0.15,0.00347,,,2018-06-19
P-108979,10,laser,0.2,0.05423,,,2016-01-15
P-108979,20,grind_deburr,0.2,0.00233,,,2016-01-15
P-108979,30,press_brake,1.15,0.06481,,TS-12GA-3,2016-01-15
P-108979,40,robotic_weld,1.2,0.02615,,,2016-01-15
P-108979,50,grind_deburr,0.2,0.00247,,,2016-01-15
P-108979,60,powder_coat,0.25,0.0069,,,2016-01-15
P-108979,70,inspection_pack,0.15,0.00795,,,2016-01-15
P-108983,10,laser,0.2,0.01122,,,2015-01-21
P-108983,20,grind_deburr,0.2,0.00164,,,2015-01-21
P-108983,30,press_brake,0.52,0.00516,,TS-14GA-1,2015-01-21
P-108983,40,inspection_pack,0.15,0.0037,,,2015-01-21
P-109020,10,laser,0.2,0.0607,,,2017-06-12
P-109020,20,press_brake,1.01,0.05581,,TS-18GA-2,2017-06-12
P-109020,30,hardware,0.25,0.02608,,,2017-06-12
P-109020,40,robotic_weld,1.2,0.06014,,,2017-06-12
P-109020,50,grind_deburr,0.2,0.00644,,,2017-06-12
P-109020,60,assembly,0.3,0.051,,,2017-06-12
P-109020,70,inspection_pack,0.15,0.00358,,,2017-06-12
P-109023,10,laser,0.2,0.02081,,,2019-08-25
P-109023,20,grind_deburr,0.2,0.00219,,,2019-08-25
P-109023,30,press_brake,0.73,0.02112,,TS-20GA-3,2019-08-25
P-109023,40,hardware,0.25,0.02559,,,2019-08-25
P-109023,50,inspection_pack,0.15,0.00336,,,2019-08-25
P-109031,10,laser,0.2,0.08695,,,2018-12-10
P-109031,20,press_brake,0.87,0.04644,,TS-20GA-1,2018-12-10
P-109031,30,hardware,0.25,0.01163,,,2018-12-10
P-109031,40,robotic_weld,1.2,0.07327,,,2018-12-10
P-109031,50,grind_deburr,0.2,0.00959,,,2018-12-10
P-109031,60,outside_processing,0.0,0.0,V-1077,,2018-12-10
P-109031,70,inspection_pack,0.15,0.00952,,,2018-12-10
P-109036,10,punch,0.5,0.00717,,,2021-05-28
P-109036,20,grind_deburr,0.2,0.00493,,,2021-05-28
P-109036,30,press_brake,0.73,0.02448,,TS-14GA-1,2021-05-28
P-109036,40,hardware,0.25,0.0158,,,2021-05-28
P-109036,50,inspection_pack,0.15,0.00907,,,2021-05-28
P-109041,10,laser,0.2,0.03908,,,2015-07-26
P-109041,20,grind_deburr,0.2,0.00617,,,2015-07-26
P-109041,30,press_brake,0.59,0.0126,,TS-14GA-3,2015-07-26
P-109041,40,hardware,0.25,0.02278,,,2015-07-26
P-109041,50,inspection_pack,0.15,0.00851,,,2015-07-26
P-109060,10,laser,0.2,0.01931,,,2023-05-05
P-109060,20,grind_deburr,0.2,0.0026,,,2023-05-05
P-109060,30,press_brake,0.59,0.01152,,TS-12GA-2,2023-05-05
P-109060,40,weld,0.5,0.0748,,,2023-05-05
P-109060,50,grind_deburr,0.2,0.00466,,,2023-05-05
P-109060,60,inspection_pack,0.15,0.00571,,,2023-05-05
P-109067,10,laser,0.2,0.03561,,,2016-07-12
P-109067,20,grind_deburr,0.2,0.0026,,,2016-07-12
P-109067,30,press_brake,0.87,0.03576,,TS-20GA-2,2016-07-12
P-109067,40,weld,0.5,0.11276,,,2016-07-12
P-109067,50,grind_deburr,0.2,0.00534,,,2016-07-12
P-109067,60,outside_processing,0.0,0.0,V-1040,,2016-07-12
P-109067,70,inspection_pack,0.15,0.00661,,,2016-07-12
P-109068,10,laser,0.2,0.00648,,,2015-02-28
P-109068,20,grind_deburr,0.2,0.00082,,,2015-02-28
P-109068,30,press_brake,0.52,0.00516,,TS-18GA-1,2015-02-28
P-109068,40,outside_processing,0.0,0.0,V-1040,,2015-02-28
P-109068,50,inspection_pack,0.15,0.00874,,,2015-02-28
P-109075,10,laser,0.2,0.01318,,,2015-06-22
P-109075,20,grind_deburr,0.2,0.00151,,,2015-06-22
P-109075,30,press_brake,0.73,0.02076,,TS-16GA-2,2015-06-22
P-109075,40,powder_coat,0.25,0.00225,,,2015-06-22
P-109075,50,inspection_pack,0.15,0.0093,,,2015-06-22
P-109101,10,punch,0.5,0.0031,,,2016-07-01
P-109101,20,press_brake,0.73,0.02076,,TS-16GA-3,2016-07-01
P-109101,30,powder_coat,0.25,0.00225,,,2016-07-01
P-109101,40,inspection_pack,0.15,0.01008,,,2016-07-01
P-109105,10,laser,0.2,0.01133,,,2019-12-10
P-109105,20,grind_deburr,0.2,0.0037,,,2019-12-10
P-109105,30,press_brake,1.01,0.04308,,TS-16GA-1,2019-12-10
P-109105,40,hardware,0.25,0.0202,,,2019-12-10
P-109105,50,weld,0.5,0.04723,,,2019-12-10
P-109105,60,grind_deburr,0.2,0.0026,,,2019-12-10
P-109105,70,outside_processing,0.0,0.0,V-1040,,2019-12-10
P-109105,80,assembly,0.3,0.04321,,,2019-12-10
P-109105,90,inspection_pack,0.15,0.00414,,,2019-12-10
P-109113,10,laser,0.2,0.01607,,,2022-03-02
P-109113,20,grind_deburr,0.2,0.0048,,,2022-03-02
P-109113,30,press_brake,0.66,0.01728,,TS-20GA-1,2022-03-02
P-109113,40,weld,0.5,0.03271,,,2022-03-02
P-109113,50,grind_deburr,0.2,0.00507,,,2022-03-02
P-109113,60,outside_processing,0.0,0.0,V-1040,,2022-03-02
P-109113,70,inspection_pack,0.15,0.00448,,,2022-03-02
P-109120,10,laser,0.2,0.02636,,,2014-04-28
P-109120,20,grind_deburr,0.2,0.00589,,,2014-04-28
P-109120,30,press_brake,0.87,0.03624,,TS-0.125IN-3,2014-04-28
P-109120,40,hardware,0.25,0.0082,,,2014-04-28
P-109120,50,weld,0.5,0.12728,,,2014-04-28
P-109120,60,grind_deburr,0.2,0.00301,,,2014-04-28
P-109120,70,inspection_pack,0.15,0.00986,,,2014-04-28
P-109137,10,laser,0.2,0.01445,,,2021-03-04
P-109137,20,press_brake,0.66,0.0156,,TS-16GA-2,2021-03-04
P-109137,30,weld,0.5,0.04801,,,2021-03-04
P-109137,40,grind_deburr,0.2,0.00069,,,2021-03-04
P-109137,50,powder_coat,0.25,0.00209,,,2021-03-04
P-109137,60,inspection_pack,0.15,0.00582,,,2021-03-04
P-109147,10,laser,0.2,0.00971,,,2014-08-12
P-109147,20,grind_deburr,0.2,0.0026,,,2014-08-12
P-109147,30,press_brake,0.73,0.02076,,TS-20GA-2,2014-08-12
P-109147,40,inspection_pack,0.15,0.00347,,,2014-08-12
P-109150,10,laser,0.2,0.01838,,,2014-10-03
P-109150,20,grind_deburr,0.2,0.0011,,,2014-10-03
P-109150,30,press_brake,0.73,0.02076,,TS-16GA-3,2014-10-03
P-109150,40,powder_coat,0.25,0.00096,,,2014-10-03
P-109150,50,inspection_pack,0.15,0.00515,,,2014-10-03
P-109159,10,laser,0.2,0.02613,,,2019-04-11
P-109159,20,grind_deburr,0.2,0.00384,,,2019-04-11
P-109159,30,press_brake,0.94,0.03972,,TS-16GA-3,2019-04-11
P-109159,40,robotic_weld,1.2,0.00673,,,2019-04-11
P-109159,50,grind_deburr,0.2,0.00343,,,2019-04-11
P-109159,60,outside_processing,0.0,0.0,V-1040,,2019-04-11
P-109159,70,inspection_pack,0.15,0.00504,,,2019-04-11
P-109185,10,laser,0.2,0.06267,,,2020-01-24
P-109185,20,grind_deburr,0.2,0.00603,,,2020-01-24
P-109185,30,press_brake,0.59,0.01416,,TS-16GA-2,2020-01-24
P-109185,40,hardware,0.25,0.01653,,,2020-01-24
P-109185,50,weld,0.5,0.13487,,,2020-01-24
P-109185,60,grind_deburr,0.2,0.00439,,,2020-01-24
P-109185,70,inspection_pack,0.15,0.00683,,,2020-01-24
P-109187,10,laser,0.2,0.0096,,,2021-07-17
P-109187,20,grind_deburr,0.2,0.00343,,,2021-07-17
P-109187,30,press_brake,0.59,0.01128,,TS-14GA-3,2021-07-17
P-109187,40,inspection_pack,0.15,0.00896,,,2021-07-17
P-109204,10,laser,0.2,0.01792,,,2021-12-14
P-109204,20,grind_deburr,0.2,0.00219,,,2021-12-14
P-109204,30,press_brake,0.66,0.01584,,TS-18GA-1,2021-12-14
P-109204,40,outside_processing,0.0,0.0,V-1040,,2021-12-14
P-109204,50,inspection_pack,0.15,0.00616,,,2021-12-14
P-109225,10,laser,0.2,0.18963,,,2017-09-09
P-109225,20,grind_deburr,0.2,0.00603,,,2017-09-09
P-109225,30,press_brake,1.22,0.12181,,TS-18GA-3,2017-09-09
P-109225,40,hardware,0.25,0.02731,,,2017-09-09
P-109225,50,robotic_weld,1.2,0.10008,,,2017-09-09
P-109225,60,grind_deburr,0.2,0.02302,,,2017-09-09
P-109225,70,powder_coat,0.25,0.01251,,,2017-09-09
P-109225,80,inspection_pack,0.15,0.00594,,,2017-09-09
P-109234,10,laser,0.2,0.02706,,,2017-03-23
P-109234,20,grind_deburr,0.2,0.00439,,,2017-03-23
P-109234,30,press_brake,0.87,0.03468,,TS-0.125IN-3,2017-03-23
P-109234,40,weld,0.5,0.05884,,,2017-03-23
P-109234,50,grind_deburr,0.2,0.00521,,,2017-03-23
P-109234,60,powder_coat,0.25,0.00497,,,2017-03-23
P-109234,70,inspection_pack,0.15,0.00818,,,2017-03-23
P-109241,10,laser,0.2,0.04706,,,2014-02-20
P-109241,20,press_brake,0.66,0.02088,,TS-0.125IN-3,2014-02-20
P-109241,30,hardware,0.25,0.0158,,,2014-02-20
P-109241,40,inspection_pack,0.15,0.00605,,,2014-02-20
P-109248,10,punch,0.5,0.00881,,,2018-01-20
P-109248,20,grind_deburr,0.2,0.00781,,,2018-01-20
P-109248,30,press_brake,0.87,0.039,,TS-16GA-2,2018-01-20
P-109248,40,hardware,0.25,0.02314,,,2018-01-20
P-109248,50,inspection_pack,0.15,0.00829,,,2018-01-20
P-109250,10,laser,0.2,0.06706,,,2020-03-16
P-109250,20,grind_deburr,0.2,0.00809,,,2020-03-16
P-109250,30,press_brake,0.87,0.04464,,TS-20GA-1,2020-03-16
P-109250,40,hardware,0.25,0.00869,,,2020-03-16
P-109250,50,powder_coat,0.25,0.00513,,,2020-03-16
P-109250,60,inspection_pack,0.15,0.00706,,,2020-03-16
P-109273,10,laser,0.2,0.00994,,,2015-10-19
P-109273,20,grind_deburr,0.2,0.00247,,,2015-10-19
P-109273,30,press_brake,0.73,0.02076,,TS-18GA-2,2015-10-19
P-109273,40,inspection_pack,0.15,0.00403,,,2015-10-19
P-109287,10,laser,0.2,0.09019,,,2020-02-09
P-109287,20,grind_deburr,0.2,0.01727,,,2020-02-09
P-109287,30,press_brake,1.36,0.11581,,TS-16GA-1,2020-02-09
P-109287,40,assembly,0.3,0.06175,,,2020-02-09
P-109287,50,inspection_pack,0.15,0.00739,,,2020-02-09
P-109308,10,laser,0.2,0.1036,,,2018-02-14
P-109308,20,press_brake,1.22,0.12409,,TS-16GA-2,2018-02-14
P-109308,30,robotic_weld,1.2,0.1835,,,2018-02-14
P-109308,40,grind_deburr,0.2,0.01672,,,2018-02-14
P-109308,50,powder_coat,0.25,0.01845,,,2018-02-14
P-109308,60,inspection_pack,0.15,0.00448,,,2018-02-14
P-109330,10,laser,0.2,0.05805,,,2017-01-25
P-109330,20,grind_deburr,0.2,0.00384,,,2017-01-25
P-109330,30,press_brake,0.87,0.04416,,TS-20GA-2,2017-01-25
P-109330,40,hardware,0.25,0.02914,,,2017-01-25
P-109330,50,robotic_weld,1.2,0.0693,,,2017-01-25
P-109330,60,grind_deburr,0.2,0.00987,,,2017-01-25
P-109330,70,powder_coat,0.25,0.00722,,,2017-01-25
P-109330,80,assembly,0.3,0.04936,,,2017-01-25
P-109330,90,inspection_pack,0.15,0.01053,,,2017-01-25
P-109334,10,laser,0.2,0.05515,,,2020-05-05
P-109334,20,grind_deburr,0.2,0.00932,,,2020-05-05
P-109334,30,press_brake,0.94,0.04836,,TS-16GA-3,2020-05-05
P-109334,40,weld,0.5,0.08575,,,2020-05-05
P-109334,50,grind_deburr,0.2,0.0048,,,2020-05-05
P-109334,60,press_brake,0.8,0.03456,,TS-16GA-3,2020-05-05
P-109334,70,inspection_pack,0.15,0.00482,,,2020-05-05
P-109338,10,laser,0.2,0.02428,,,2016-05-31
P-109338,20,grind_deburr,0.2,0.00507,,,2016-05-31
P-109338,30,press_brake,0.59,0.01176,,TS-20GA-2,2016-05-31
P-109338,40,hardware,0.25,0.02584,,,2016-05-31
P-109338,50,weld,0.5,0.04924,,,2016-05-31
P-109338,60,grind_deburr,0.2,0.00384,,,2016-05-31
P-109338,70,inspection_pack,0.15,0.00941,,,2016-05-31
P-109344,10,laser,0.2,0.02972,,,2016-09-18
P-109344,20,grind_deburr,0.2,0.00685,,,2016-09-18
P-109344,30,press_brake,1.01,0.05581,,TS-14GA-2,2016-09-18
P-109344,40,hardware,0.25,0.02657,,,2016-09-18
P-109344,50,inspection_pack,0.15,0.00302,,,2016-09-18
P-109345,10,punch,0.5,0.0062,,,2018-09-20
P-109345,20,grind_deburr,0.2,0.00069,,,2018-09-20
P-109345,30,press_brake,0.66,0.0156,,TS-11GA-2,2018-09-20
P-109345,40,outside_processing,0.0,0.0,V-1040,,2018-09-20
P-109345,50,inspection_pack,0.15,0.00549,,,2018-09-20
P-109351,10,laser,0.2,0.02151,,,2019-07-08
P-109351,20,grind_deburr,0.2,0.00644,,,2019-07-08
P-109351,30,press_brake,0.66,0.02208,,TS-18GA-2,2019-07-08
P-109351,40,hardware,0.25,0.02057,,,2019-07-08
P-109351,50,inspection_pack,0.15,0.00941,,,2019-07-08
P-109359,10,laser,0.2,0.01457,,,2014-07-02
P-109359,20,grind_deburr,0.2,0.0011,,,2014-07-02
P-109359,30,press_brake,0.73,0.02076,,TS-20GA-2,2014-07-02
P-109359,40,hardware,0.25,0.00931,,,2014-07-02
P-109359,50,inspection_pack,0.15,0.00851,,,2014-07-02
P-109373,10,laser,0.2,0.01815,,,2022-10-16
P-109373,20,press_brake,0.73,0.02448,,TS-14GA-3,2022-10-16
P-109373,30,weld,0.5,0.05839,,,2022-10-16
P-109373,40,grind_deburr,0.2,0.00658,,,2022-10-16
P-109373,50,outside_processing,0.0,0.0,V-1077,,2022-10-16
P-109373,60,inspection_pack,0.15,0.00885,,,2022-10-16
P-109374,10,laser,0.2,0.00983,,,2013-08-12
P-109374,20,grind_deburr,0.2,0.00206,,,2013-08-12
P-109374,30,press_brake,0.66,0.0156,,TS-12GA-3,2013-08-12
P-109374,40,powder_coat,0.25,0.00257,,,2013-08-12
P-109374,50,inspection_pack,0.15,0.00347,,,2013-08-12
P-109389,10,laser,0.2,0.06013,,,2021-06-15
P-109389,20,grind_deburr,0.2,0.00507,,,2021-06-15
P-109389,30,press_brake,0.73,0.03132,,TS-16GA-3,2021-06-15
P-109389,40,weld,0.5,0.14045,,,2021-06-15
P-109389,50,grind_deburr,0.2,0.0111,,,2021-06-15
P-109389,60,powder_coat,0.25,0.00802,,,2021-06-15
P-109389,70,inspection_pack,0.15,0.00549,,,2021-06-15
P-109392,10,laser,0.2,0.02613,,,2020-02-14
P-109392,20,press_brake,0.73,0.02676,,TS-20GA-3,2020-02-14
P-109392,30,powder_coat,0.25,0.00658,,,2020-02-14
P-109392,40,inspection_pack,0.15,0.01031,,,2020-02-14
P-109396,10,laser,0.2,0.04359,,,2023-07-11
P-109396,20,grind_deburr,0.2,0.00671,,,2023-07-11
P-109396,30,press_brake,1.01,0.05017,,TS-0.250IN-3,2023-07-11
P-109396,40,hardware,0.25,0.0251,,,2023-07-11
P-109396,50,weld,0.5,0.04388,,,2023-07-11
P-109396,60,grind_deburr,0.2,0.00507,,,2023-07-11
P-109396,70,outside_processing,0.0,0.0,V-1040,,2023-07-11
P-109396,80,inspection_pack,0.15,0.01053,,,2023-07-11
P-109404,10,laser,0.2,0.01214,,,2013-03-26
P-109404,20,grind_deburr,0.2,0.00164,,,2013-03-26
P-109404,30,press_brake,0.73,0.02076,,TS-11GA-3,2013-03-26
P-109404,40,hardware,0.25,0.0229,,,2013-03-26
P-109404,50,powder_coat,0.25,0.00257,,,2013-03-26
P-109404,60,inspection_pack,0.15,0.00582,,,2013-03-26
P-109405,10,punch,0.5,0.05018,,,2018-07-14
P-109405,20,grind_deburr,0.2,0.00932,,,2018-07-14
P-109405,30,press_brake,1.15,0.08749,,TS-18GA-2,2018-07-14
P-109405,40,hardware,0.25,0.01102,,,2018-07-14
P-109405,50,outside_processing,0.0,0.0,V-1040,,2018-07-14
P-109405,60,assembly,0.3,0.02819,,,2018-07-14
P-109405,70,inspection_pack,0.15,0.00605,,,2018-07-14
P-109410,10,laser,0.2,0.03064,,,2018-11-03
P-109410,20,grind_deburr,0.2,0.00301,,,2018-11-03
P-109410,30,press_brake,0.66,0.01692,,TS-16GA-2,2018-11-03
P-109410,40,weld,0.5,0.03986,,,2018-11-03
P-109410,50,grind_deburr,0.2,0.0037,,,2018-11-03
P-109410,60,inspection_pack,0.15,0.00482,,,2018-11-03
P-109419,10,punch,0.5,0.02722,,,2014-08-29
P-109419,20,press_brake,0.66,0.02064,,TS-16GA-2,2014-08-29
P-109419,30,hardware,0.25,0.01776,,,2014-08-29
P-109419,40,inspection_pack,0.15,0.00605,,,2014-08-29
P-109430,10,laser,0.2,0.02128,,,2013-03-16
P-109430,20,grind_deburr,0.2,0.00767,,,2013-03-16
P-109430,30,press_brake,0.87,0.0378,,TS-18GA-1,2013-03-16
P-109430,40,hardware,0.25,0.01604,,,2013-03-16
P-109430,50,robotic_weld,1.2,0.02284,,,2013-03-16
P-109430,60,grind_deburr,0.2,0.00466,,,2013-03-16
P-109430,70,powder_coat,0.25,0.00289,,,2013-03-16
P-109430,80,inspection_pack,0.15,0.00862,,,2013-03-16
P-109437,10,laser,0.2,0.01711,,,2018-02-04
P-109437,20,grind_deburr,0.2,0.00247,,,2018-02-04
P-109437,30,press_brake,0.59,0.01032,,TS-16GA-1,2018-02-04
P-109437,40,powder_coat,0.25,0.0008,,,2018-02-04
P-109437,50,inspection_pack,0.15,0.00806,,,2018-02-04
P-109438,10,laser,0.2,0.03978,,,2014-02-03
P-109438,20,grind_deburr,0.2,0.0048,,,2014-02-03
P-109438,30,press_brake,1.29,0.08077,,TS-16GA-3,2014-02-03
P-109438,40,weld,0.5,0.1275,,,2014-02-03
P-109438,50,grind_deburr,0.2,0.00946,,,2014-02-03
P-109438,60,inspection_pack,0.15,0.00806,,,2014-02-03
P-109444,10,laser,0.2,0.01758,,,2015-03-24
P-109444,20,grind_deburr,0.2,0.00274,,,2015-03-24
P-109444,30,press_brake,0.8,0.02748,,TS-18GA-2,2015-03-24
P-109444,40,weld,0.5,0.01418,,,2015-03-24
P-109444,50,grind_deburr,0.2,0.00137,,,2015-03-24
P-109444,60,outside_processing,0.0,0.0,V-1077,,2015-03-24
P-109444,70,inspection_pack,0.15,0.01008,,,2015-03-24
P-109453,10,laser,0.2,0.01156,,,2020-07-21
P-109453,20,grind_deburr,0.2,0.00082,,,2020-07-21
P-109453,30,press_brake,0.52,0.00516,,TS-18GA-3,2020-07-21
P-109453,40,powder_coat,0.25,0.00176,,,2020-07-21
P-109453,50,inspection_pack,0.15,0.00661,,,2020-07-21
P-109474,10,laser,0.2,0.00543,,,2017-05-15
P-109474,20,grind_deburr,0.2,0.00219,,,2017-05-15
P-109474,30,press_brake,0.73,0.02076,,TS-20GA-1,2017-05-15
P-109474,40,hardware,0.25,0.02927,,,2017-05-15
P-109474,50,outside_processing,0.0,0.0,V-1040,,2017-05-15
P-109474,60,inspection_pack,0.15,0.00482,,,2017-05-15
P-109490,10,laser,0.2,0.03735,,,2021-02-04
P-109490,20,grind_deburr,0.2,0.00192,,,2021-02-04
P-109490,30,press_brake,0.59,0.01164,,TS-16GA-1,2021-02-04
P-109490,40,hardware,0.25,0.02596,,,2021-02-04
P-109490,50,inspection_pack,0.15,0.00504,,,2021-02-04
P-109495,10,laser,0.2,0.01399,,,2021-06-21
P-109495,20,grind_deburr,0.2,0.0011,,,2021-06-21
P-109495,30,press_brake,0.73,0.02076,,TS-18GA-3,2021-06-21
P-109495,40,weld,0.5,0.04321,,,2021-06-21
P-109495,50,grind_deburr,0.2,0.00206,,,2021-06-21
P-109495,60,outside_processing,0.0,0.0,V-1040,,2021-06-21
P-109495,70,outside_processing,0.0,0.0,V-1077,,2021-06-21
P-109495,80,inspection_pack,0.15,0.00571,,,2021-06-21
P-109499,10,laser,0.2,0.01364,,,2020-11-19
P-109499,20,grind_deburr,0.2,0.0026,,,2020-11-19
P-109499,30,press_brake,0.52,0.00516,,TS-12GA-3,2020-11-19
P-109499,40,hardware,0.25,0.01947,,,2020-11-19
P-109499,50,outside_processing,0.0,0.0,V-1040,,2020-11-19
P-109499,60,inspection_pack,0.15,0.00347,,,2020-11-19
P-109505,10,punch,0.5,0.01685,,,2014-11-30
P-109505,20,grind_deburr,0.2,0.00411,,,2014-11-30
P-109505,30,press_brake,0.59,0.01272,,TS-14GA-3,2014-11-30
P-109505,40,hardware,0.25,0.00967,,,2014-11-30
P-109505,50,inspection_pack,0.15,0.00314,,,2014-11-30
P-109507,10,laser,0.2,0.02474,,,2020-07-30
P-109507,20,grind_deburr,0.2,0.00466,,,2020-07-30
P-109507,30,press_brake,0.59,0.01404,,TS-0.250IN-3,2020-07-30
P-109507,40,hardware,0.25,0.01751,,,2020-07-30
P-109507,50,powder_coat,0.25,0.00401,,,2020-07-30
P-109507,60,inspection_pack,0.15,0.00582,,,2020-07-30
P-109514,10,laser,0.2,0.04729,,,2021-07-02
P-109514,20,grind_deburr,0.2,0.01055,,,2021-07-02
P-109514,30,press_brake,0.87,0.04296,,TS-12GA-1,2021-07-02
P-109514,40,hardware,0.25,0.02204,,,2021-07-02
P-109514,50,outside_processing,0.0,0.0,V-1040,,2021-07-02
P-109514,60,inspection_pack,0.15,0.00426,,,2021-07-02
P-109540,10,punch,0.5,0.00504,,,2024-02-15
P-109540,20,press_brake,0.73,0.02076,,TS-11GA-2,2024-02-15
P-109540,30,powder_coat,0.25,0.00176,,,2024-02-15
P-109540,40,inspection_pack,0.15,0.00493,,,2024-02-15
P-109542,10,punch,0.5,0.0217,,,2015-09-15
P-109542,20,grind_deburr,0.2,0.00932,,,2015-09-15
P-109542,30,press_brake,1.29,0.08617,,TS-18GA-2,2015-09-15
P-109542,40,robotic_weld,1.2,0.02648,,,2015-09-15
P-109542,50,grind_deburr,0.2,0.00329,,,2015-09-15
P-109542,60,assembly,0.3,0.10617,,,2015-09-15
P-109542,70,inspection_pack,0.15,0.00918,,,2015-09-15
P-109565,10,laser,0.2,0.06753,,,2018-12-23
P-109565,20,press_brake,1.36,0.10093,,TS-16GA-2,2018-12-23
P-109565,30,robotic_weld,1.2,0.04447,,,2018-12-23
P-109565,40,grind_deburr,0.2,0.01041,,,2018-12-23
P-109565,50,inspection_pack,0.15,0.00862,,,2018-12-23
P-109568,10,laser,0.2,0.06059,,,2021-09-24
P-109568,20,grind_deburr,0.2,0.01329,,,2021-09-24
P-109568,30,press_brake,0.73,0.03732,,TS-20GA-3,2021-09-24
P-109568,40,robotic_weld,1.2,0.04932,,,2021-09-24
P-109568,50,grind_deburr,0.2,0.01357,,,2021-09-24
P-109568,60,press_brake,0.66,0.02796,,TS-20GA-3,2021-09-24
P-109568,70,outside_processing,0.0,0.0,V-1040,,2021-09-24
P-109568,80,assembly,0.3,0.04047,,,2021-09-24
P-109568,90,inspection_pack,0.15,0.00862,,,2021-09-24
P-109576,10,laser,0.2,0.05897,,,2015-12-30
P-109576,20,press_brake,0.94,0.05857,,TS-20GA-2,2015-12-30
P-109576,30,inspection_pack,0.15,0.00739,,,2015-12-30
P-109577,10,laser,0.2,0.01815,,,2017-08-14
P-109577,20,grind_deburr,0.2,0.00288,,,2017-08-14
P-109577,30,press_brake,0.52,0.00516,,TS-18GA-1,2017-08-14
P-109577,40,inspection_pack,0.15,0.00974,,,2017-08-14
P-109581,10,laser,0.2,0.01145,,,2018-06-11
P-109581,20,press_brake,0.73,0.02076,,TS-16GA-2,2018-06-11
P-109581,30,hardware,0.25,0.01776,,,2018-06-11
P-109581,40,powder_coat,0.25,0.00257,,,2018-06-11
P-109581,50,inspection_pack,0.15,0.01019,,,2018-06-11
P-109591,10,laser,0.2,0.03989,,,2018-11-27
P-109591,20,grind_deburr,0.2,0.0026,,,2018-11-27
P-109591,30,press_brake,0.66,0.01992,,TS-11GA-3,2018-11-27
P-109591,40,hardware,0.25,0.01151,,,2018-11-27
P-109591,50,outside_processing,0.0,0.0,V-1040,,2018-11-27
P-109591,60,inspection_pack,0.15,0.00594,,,2018-11-27
P-109599,10,laser,0.2,0.03619,,,2018-09-29
P-109599,20,grind_deburr,0.2,0.00658,,,2018-09-29
P-109599,30,press_brake,0.66,0.01824,,TS-14GA-3,2018-09-29
P-109599,40,hardware,0.25,0.02559,,,2018-09-29
P-109599,50,weld,0.5,0.11656,,,2018-09-29
P-109599,60,grind_deburr,0.2,0.00644,,,2018-09-29
P-109599,70,inspection_pack,0.15,0.00974,,,2018-09-29
P-109621,10,laser,0.2,0.00624,,,2021-03-28
P-109621,20,press_brake,0.59,0.01032,,TS-16GA-3,2021-03-28
P-109621,30,hardware,0.25,0.01322,,,2021-03-28
P-109621,40,outside_processing,0.0,0.0,V-1040,,2021-03-28
P-109621,50,inspection_pack,0.15,0.00392,,,2021-03-28
P-109629,10,laser,0.2,0.0074,,,2018-02-11
P-109629,20,press_brake,0.52,0.00516,,TS-14GA-3,2018-02-11
P-109629,30,inspection_pack,0.15,0.00594,,,2018-02-11
P-109663,10,laser,0.2,0.01723,,,2016-04-13
P-109663,20,grind_deburr,0.2,0.00192,,,2016-04-13
P-109663,30,press_brake,0.52,0.00516,,TS-12GA-3,2016-04-13
P-109663,40,inspection_pack,0.15,0.00437,,,2016-04-13
P-109664,10,laser,0.2,0.0614,,,2017-01-05
P-109664,20,grind_deburr,0.2,0.00904,,,2017-01-05
P-109664,30,press_brake,0.94,0.04848,,TS-12GA-1,2017-01-05
P-109664,40,hardware,0.25,0.02302,,,2017-01-05
P-109664,50,robotic_weld,1.2,0.0629,,,2017-01-05
P-109664,60,grind_deburr,0.2,0.00891,,,2017-01-05
P-109664,70,outside_processing,0.0,0.0,V-1040,,2017-01-05
P-109664,80,inspection_pack,0.15,0.00515,,,2017-01-05
P-109667,10,laser,0.2,0.00613,,,2013-09-22
P-109667,20,grind_deburr,0.2,0.00192,,,2013-09-22
P-109667,30,press_brake,0.52,0.00516,,TS-20GA-1,2013-09-22
P-109667,40,powder_coat,0.25,0.00257,,,2013-09-22
P-109667,50,inspection_pack,0.15,0.00627,,,2013-09-22
P-109673,10,laser,0.2,0.1561,,,2016-11-17
P-109673,20,grind_deburr,0.2,0.01617,,,2016-11-17
P-109673,30,press_brake,1.01,0.09025,,TS-16GA-3,2016-11-17
P-109673,40,robotic_weld,1.2,0.18207,,,2016-11-17
P-109673,50,grind_deburr,0.2,0.01165,,,2016-11-17
P-109673,60,outside_processing,0.0,0.0,V-1040,,2016-11-17
P-109673,70,inspection_pack,0.15,0.00414,,,2016-11-17
P-109683,10,laser,0.2,0.00497,,,2021-10-22
P-109683,20,grind_deburr,0.2,0.00069,,,2021-10-22
P-109683,30,press_brake,0.73,0.02076,,TS-18GA-1,2021-10-22
P-109683,40,hardware,0.25,0.01359,,,2021-10-22
P-109683,50,outside_processing,0.0,0.0,V-1040,,2021-10-22
P-109683,60,inspection_pack,0.15,0.00582,,,2021-10-22
P-109700,10,punch,0.5,0.02451,,,2020-06-05
P-109700,20,grind_deburr,0.2,0.00356,,,2020-06-05
P-109700,30,press_brake,1.22,0.07525,,TS-20GA-3,2020-06-05
P-109700,40,powder_coat,0.25,0.0069,,,2020-06-05
P-109700,50,inspection_pack,0.15,0.01031,,,2020-06-05
P-109707,10,laser,0.2,0.01688,,,2021-04-23
P-109707,20,grind_deburr,0.2,0.0026,,,2021-04-23
P-109707,30,press_brake,0.87,0.03468,,TS-16GA-3,2021-04-23
P-109707,40,outside_processing,0.0,0.0,V-1077,,2021-04-23
P-109707,50,inspection_pack,0.15,0.0084,,,2021-04-23
P-109744,10,laser,0.2,0.01642,,,2015-11-04
P-109744,20,grind_deburr,0.2,0.00082,,,2015-11-04
P-109744,30,press_brake,0.8,0.02592,,TS-18GA-2,2015-11-04
P-109744,40,weld,0.5,0.05772,,,2015-11-04
P-109744,50,grind_deburr,0.2,0.00206,,,2015-11-04
P-109744,60,outside_processing,0.0,0.0,V-1040,,2015-11-04
P-109744,70,inspection_pack,0.15,0.00717,,,2015-11-04
P-109749,10,laser,0.2,0.01122,,,2016-07-08
P-109749,20,press_brake,0.52,0.00516,,TS-18GA-1,2016-07-08
P-109749,30,hardware,0.25,0.01567,,,2016-07-08
P-109749,40,outside_processing,0.0,0.0,V-1040,,2016-07-08
P-109749,50,inspection_pack,0.15,0.00605,,,2016-07-08
P-109757,10,laser,0.2,0.01179,,,2015-12-06
P-109757,20,grind_deburr,0.2,0.00301,,,2015-12-06
P-109757,30,press_brake,0.87,0.03612,,TS-16GA-3,2015-12-06
P-109757,40,assembly,0.3,0.10573,,,2015-12-06
P-109757,50,inspection_pack,0.15,0.00515,,,2015-12-06
P-109768,10,punch,0.5,0.01831,,,2012-11-02
P-109768,20,press_brake,0.59,0.01188,,TS-14GA-3,2012-11-02
P-109768,30,hardware,0.25,0.01739,,,2012-11-02
P-109768,40,inspection_pack,0.15,0.01019,,,2012-11-02
P-109789,10,laser,0.2,0.12337,,,2023-06-07
P-109789,20,press_brake,1.43,0.13657,,TS-16GA-3,2023-06-07
P-109789,30,robotic_weld,1.2,0.0587,,,2023-06-07
P-109789,40,grind_deburr,0.2,0.01055,,,2023-06-07
P-109789,50,powder_coat,0.25,0.00786,,,2023-06-07
P-109789,60,inspection_pack,0.15,0.00997,,,2023-06-07
P-109823,10,laser,0.2,0.01573,,,2022-02-19
P-109823,20,press_brake,0.8,0.02616,,TS-14GA-3,2022-02-19
P-109823,30,hardware,0.25,0.02669,,,2022-02-19
P-109823,40,weld,0.5,0.06219,,,2022-02-19
P-109823,50,grind_deburr,0.2,0.00151,,,2022-02-19
P-109823,60,outside_processing,0.0,0.0,V-1040,,2022-02-19
P-109823,70,outside_processing,0.0,0.0,V-1077,,2022-02-19
P-109823,80,inspection_pack,0.15,0.00694,,,2022-02-19
P-109825,10,punch,0.5,0.0093,,,2013-12-30
P-109825,20,grind_deburr,0.2,0.00534,,,2013-12-30
P-109825,30,press_brake,0.8,0.03072,,TS-18GA-2,2013-12-30
P-109825,40,hardware,0.25,0.01163,,,2013-12-30
P-109825,50,weld,0.5,0.08776,,,2013-12-30
P-109825,60,grind_deburr,0.2,0.0037,,,2013-12-30
P-109825,70,inspection_pack,0.15,0.00672,,,2013-12-30
P-109841,10,laser,0.2,0.0096,,,2015-09-16
P-109841,20,press_brake,0.52,0.00516,,TS-20GA-3,2015-09-16
P-109841,30,inspection_pack,0.15,0.00627,,,2015-09-16
P-109854,10,punch,0.5,0.00707,,,2013-05-04
P-109854,20,grind_deburr,0.2,0.00206,,,2013-05-04
P-109854,30,press_brake,0.59,0.01032,,TS-12GA-3,2013-05-04
P-109854,40,hardware,0.25,0.02473,,,2013-05-04
P-109854,50,outside_processing,0.0,0.0,V-1040,,2013-05-04
P-109854,60,inspection_pack,0.15,0.01053,,,2013-05-04
P-109866,10,laser,0.2,0.02486,,,2015-11-07
P-109866,20,press_brake,0.66,0.01764,,TS-14GA-3,2015-11-07
P-109866,30,inspection_pack,0.15,0.00952,,,2015-11-07
P-109925,10,laser,0.2,0.10603,,,2018-06-06
P-109925,20,grind_deburr,0.2,0.01836,,,2018-06-06
P-109925,30,press_brake,1.22,0.12409,,TS-18GA-2,2018-06-06
P-109925,40,outside_processing,0.0,0.0,V-1040,,2018-06-06
P-109925,50,inspection_pack,0.15,0.00896,,,2018-06-06
P-109945,10,punch,0.5,0.00542,,,2013-11-03
P-109945,20,grind_deburr,0.2,0.00274,,,2013-11-03
P-109945,30,press_brake,0.73,0.02076,,TS-16GA-2,2013-11-03
P-109945,40,hardware,0.25,0.02669,,,2013-11-03
P-109945,50,inspection_pack,0.15,0.00918,,,2013-11-03
P-109947,10,laser,0.2,0.01122,,,2016-11-15
P-109947,20,grind_deburr,0.2,0.0037,,,2016-11-15
P-109947,30,press_brake,0.66,0.01644,,TS-18GA-3,2016-11-15
P-109947,40,hardware,0.25,0.01029,,,2016-11-15
P-109947,50,inspection_pack,0.15,0.00862,,,2016-11-15
P-109951,10,laser,0.2,0.01642,,,2021-07-22
P-109951,20,press_brake,0.66,0.0156,,TS-14GA-3,2021-07-22
P-109951,30,hardware,0.25,0.02327,,,2021-07-22
P-109951,40,powder_coat,0.25,0.00096,,,2021-07-22
P-109951,50,inspection_pack,0.15,0.00493,,,2021-07-22
P-109956,10,laser,0.2,0.07909,,,2022-04-15
P-109956,20,press_brake,1.22,0.08905,,TS-12GA-3,2022-04-15
P-109956,30,robotic_weld,1.2,0.04623,,,2022-04-15
P-109956,40,grind_deburr,0.2,0.00534,,,2022-04-15
P-109956,50,inspection_pack,0.15,0.0028,,,2022-04-15
P-109962,10,laser,0.2,0.03168,,,2013-12-23
P-109962,20,grind_deburr,0.2,0.00356,,,2013-12-23
P-109962,30,press_brake,0.87,0.0348,,TS-20GA-3,2013-12-23
P-109962,40,hardware,0.25,0.018,,,2013-12-23
P-109962,50,outside_processing,0.0,0.0,V-1040,,2013-12-23
P-109962,60,inspection_pack,0.15,0.00403,,,2013-12-23
P-109963,10,laser,0.2,0.00728,,,2015-11-27
P-109963,20,grind_deburr,0.2,0.0026,,,2015-11-27
P-109963,30,press_brake,0.59,0.01032,,TS-16GA-1,2015-11-27
P-109963,40,hardware,0.25,0.02694,,,2015-11-27
P-109963,50,powder_coat,0.25,0.00273,,,2015-11-27
P-109963,60,inspection_pack,0.15,0.0065,,,2015-11-27
P-109971,10,laser,0.2,0.00613,,,2015-11-02
P-109971,20,press_brake,0.73,0.02076,,TS-20GA-1,2015-11-02
P-109971,30,hardware,0.25,0.01371,,,2015-11-02
P-109971,40,inspection_pack,0.15,0.00325,,,2015-11-02
P-109980,10,laser,0.2,0.04533,,,2021-03-21
P-109980,20,grind_deburr,0.2,0.01316,,,2021-03-21
P-109980,30,press_brake,0.73,0.0372,,TS-16GA-3,2021-03-21
P-109980,40,assembly,0.3,0.09652,,,2021-03-21
P-109980,50,inspection_pack,0.15,0.00706,,,2021-03-21
P-109992,10,punch,0.5,0.0248,,,2016-06-28
P-109992,20,press_brake,0.94,0.06409,,TS-18GA-1,2016-06-28
P-109992,30,outside_processing,0.0,0.0,V-1077,,2016-06-28
P-109992,40,inspection_pack,0.15,0.0047,,,2016-06-28
P-110001,10,punch,0.5,0.00397,,,2021-10-22
P-110001,20,grind_deburr,0.2,0.00247,,,2021-10-22
P-110001,30,press_brake,0.52,0.00516,,TS-0.125IN-3,2021-10-22
P-110001,40,hardware,0.25,0.01347,,,2021-10-22
P-110001,50,powder_coat,0.25,0.00144,,,2021-10-22
P-110001,60,inspection_pack,0.15,0.01053,,,2021-10-22
P-110012,10,laser,0.2,0.03804,,,2015-08-27
P-110012,20,press_brake,0.8,0.03372,,TS-20GA-2,2015-08-27
P-110012,30,hardware,0.25,0.02596,,,2015-08-27
P-110012,40,robotic_weld,1.2,0.02394,,,2015-08-27
P-110012,50,grind_deburr,0.2,0.00521,,,2015-08-27
P-110012,60,press_brake,0.66,0.02028,,TS-20GA-2,2015-08-27
P-110012,70,inspection_pack,0.15,0.00302,,,2015-08-27
P-110017,10,punch,0.5,0.02092,,,2013-08-18
P-110017,20,grind_deburr,0.2,0.00548,,,2013-08-18
P-110017,30,press_brake,0.8,0.0348,,TS-16GA-2,2013-08-18
P-110017,40,assembly,0.3,0.07546,,,2013-08-18
P-110017,50,inspection_pack,0.15,0.00773,,,2013-08-18
P-110020,10,laser,0.2,0.00728,,,2019-03-02
P-110020,20,grind_deburr,0.2,0.0011,,,2019-03-02
P-110020,30,press_brake,0.59,0.01032,,TS-16GA-2,2019-03-02
P-110020,40,inspection_pack,0.15,0.0028,,,2019-03-02
P-110026,10,laser,0.2,0.00717,,,2015-07-23
P-110026,20,grind_deburr,0.2,0.00301,,,2015-07-23
P-110026,30,press_brake,0.73,0.02112,,TS-14GA-1,2015-07-23
P-110026,40,powder_coat,0.25,0.00128,,,2015-07-23
P-110026,50,assembly,0.3,0.07787,,,2015-07-23
P-110026,60,inspection_pack,0.15,0.00392,,,2015-07-23
P-110040,10,laser,0.2,0.01561,,,2020-07-08
P-110040,20,grind_deburr,0.2,0.0026,,,2020-07-08
P-110040,30,press_brake,0.59,0.01032,,TS-16GA-1,2020-07-08
P-110040,40,powder_coat,0.25,0.00112,,,2020-07-08
P-110040,50,inspection_pack,0.15,0.00594,,,2020-07-08
P-110045,10,laser,0.2,0.04475,,,2018-08-16
P-110045,20,grind_deburr,0.2,0.00247,,,2018-08-16
P-110045,30,press_brake,1.01,0.05377,,TS-16GA-3,2018-08-16
P-110045,40,weld,0.5,0.069,,,2018-08-16
P-110045,50,grind_deburr,0.2,0.00795,,,2018-08-16
P-110045,60,outside_processing,0.0,0.0,V-1040,,2018-08-16
P-110045,70,outside_processing,0.0,0.0,V-1077,,2018-08-16
P-110045,80,inspection_pack,0.15,0.00627,,,2018-08-16
P-110057,10,laser,0.2,0.02787,,,2021-02-24
P-110057,20,grind_deburr,0.2,0.00466,,,2021-02-24
P-110057,30,press_brake,0.66,0.01872,,TS-14GA-3,2021-02-24
P-110057,40,hardware,0.25,0.01322,,,2021-02-24
P-110057,50,outside_processing,0.0,0.0,V-1077,,2021-02-24
P-110057,60,assembly,0.3,0.04958,,,2021-02-24
P-110057,70,inspection_pack,0.15,0.00885,,,2021-02-24
P-110080,10,laser,0.2,0.01538,,,2020-12-10
P-110080,20,grind_deburr,0.2,0.00151,,,2020-12-10
P-110080,30,press_brake,0.73,0.02076,,TS-0.125IN-1,2020-12-10
P-110080,40,inspection_pack,0.15,0.00314,,,2020-12-10
P-110090,10,laser,0.2,0.01862,,,2015-04-05
P-110090,20,grind_deburr,0.2,0.00219,,,2015-04-05
P-110090,30,press_brake,0.66,0.01908,,TS-16GA-2,2015-04-05
P-110090,40,inspection_pack,0.15,0.00414,,,2015-04-05
P-110105,10,laser,0.2,0.03839,,,2023-11-25
P-110105,20,grind_deburr,0.2,0.00918,,,2023-11-25
P-110105,30,press_brake,0.8,0.03804,,TS-18GA-1,2023-11-25
P-110105,40,weld,0.5,0.26315,,,2023-11-25
P-110105,50,grind_deburr,0.2,0.01288,,,2023-11-25
P-110105,60,assembly,0.3,0.05484,,,2023-11-25
P-110105,70,inspection_pack,0.15,0.00638,,,2023-11-25
P-110109,10,punch,0.5,0.00291,,,2015-02-21
P-110109,20,press_brake,0.66,0.01572,,TS-16GA-1,2015-02-21
P-110109,30,weld,0.5,0.04555,,,2015-02-21
P-110109,40,grind_deburr,0.2,0.00192,,,2015-02-21
P-110109,50,outside_processing,0.0,0.0,V-1040,,2015-02-21
P-110109,60,outside_processing,0.0,0.0,V-1077,,2015-02-21
P-110109,70,inspection_pack,0.15,0.00885,,,2015-02-21
P-110122,10,laser,0.2,0.02625,,,2020-01-29
P-110122,20,grind_deburr,0.2,0.00534,,,2020-01-29
P-110122,30,press_brake,0.73,0.02484,,TS-14GA-3,2020-01-29
P-110122,40,inspection_pack,0.15,0.00806,,,2020-01-29
P-110127,10,laser,0.2,0.12326,,,2013-08-18
P-110127,20,grind_deburr,0.2,0.01398,,,2013-08-18
P-110127,30,press_brake,0.8,0.05641,,TS-18GA-1,2013-08-18
P-110127,40,hardware,0.25,0.0169,,,2013-08-18
P-110127,50,press_brake,0.66,0.03384,,TS-18GA-1,2013-08-18
P-110127,60,outside_processing,0.0,0.0,V-1077,,2013-08-18
P-110127,70,inspection_pack,0.15,0.00918,,,2013-08-18
P-110144,10,laser,0.2,0.05354,,,2021-11-14
P-110144,20,grind_deburr,0.2,0.00685,,,2021-11-14
P-110144,30,press_brake,0.94,0.06205,,TS-20GA-3,2021-11-14
P-110144,40,hardware,0.25,0.0229,,,2021-11-14
P-110144,50,outside_processing,0.0,0.0,V-1040,,2021-11-14
P-110144,60,outside_processing,0.0,0.0,V-1077,,2021-11-14
P-110144,70,assembly,0.3,0.05144,,,2021-11-14
P-110144,80,inspection_pack,0.15,0.00459,,,2021-11-14
P-110154,10,laser,0.2,0.08973,,,2019-09-27
P-110154,20,grind_deburr,0.2,0.01316,,,2019-09-27
P-110154,30,press_brake,0.73,0.03468,,TS-18GA-3,2019-09-27
P-110154,40,hardware,0.25,0.0131,,,2019-09-27
P-110154,50,weld,0.5,0.27432,,,2019-09-27
P-110154,60,grind_deburr,0.2,0.00521,,,2019-09-27
P-110154,70,press_brake,0.66,0.02604,,TS-18GA-3,2019-09-27
P-110154,80,inspection_pack,0.15,0.00414,,,2019-09-27
P-110159,10,laser,0.2,0.01746,,,2021-09-16
P-110159,20,grind_deburr,0.2,0.00329,,,2021-09-16
P-110159,30,press_brake,0.66,0.0168,,TS-18GA-1,2021-09-16
P-110159,40,inspection_pack,0.15,0.00448,,,2021-09-16
P-110174,10,punch,0.5,0.00668,,,2014-03-07
P-110174,20,grind_deburr,0.2,0.00137,,,2014-03-07
P-110174,30,press_brake,0.87,0.03108,,TS-12GA-2,2014-03-07
P-110174,40,weld,0.5,0.05862,,,2014-03-07
P-110174,50,grind_deburr,0.2,0.00069,,,2014-03-07
P-110174,60,inspection_pack,0.15,0.00504,,,2014-03-07
P-110189,10,laser,0.2,0.02555,,,2023-11-27
P-110189,20,press_brake,0.66,0.01896,,TS-18GA-3,2023-11-27
P-110189,30,hardware,0.25,0.02841,,,2023-11-27
P-110189,40,inspection_pack,0.15,0.0084,,,2023-11-27
P-110196,10,laser,0.2,0.00509,,,2019-06-07
P-110196,20,grind_deburr,0.2,0.00247,,,2019-06-07
P-110196,30,press_brake,0.52,0.00516,,TS-20GA-3,2019-06-07
P-110196,40,outside_processing,0.0,0.0,V-1040,,2019-06-07
P-110196,50,inspection_pack,0.15,0.00594,,,2019-06-07
P-110247,10,laser,0.2,0.00902,,,2019-09-03
P-110247,20,grind_deburr,0.2,0.00178,,,2019-09-03
P-110247,30,press_brake,0.59,0.01032,,TS-20GA-2,2019-09-03
P-110247,40,hardware,0.25,0.01273,,,2019-09-03
P-110247,50,powder_coat,0.25,0.00112,,,2019-09-03
P-110247,60,inspection_pack,0.15,0.00437,,,2019-09-03
P-110255,10,laser,0.2,0.09528,,,2018-12-02
P-110255,20,grind_deburr,0.2,0.00987,,,2018-12-02
P-110255,30,press_brake,1.15,0.09817,,TS-20GA-1,2018-12-02
P-110255,40,weld,0.5,0.37871,,,2018-12-02
P-110255,50,grind_deburr,0.2,0.01206,,,2018-12-02
P-110255,60,powder_coat,0.25,0.00594,,,2018-12-02
P-110255,70,assembly,0.3,0.06965,,,2018-12-02
P-110255,80,inspection_pack,0.15,0.00851,,,2018-12-02
P-110278,10,laser,0.2,0.02879,,,2013-05-09
P-110278,20,grind_deburr,0.2,0.00343,,,2013-05-09
P-110278,30,press_brake,1.29,0.07009,,TS-18GA-2,2013-05-09
P-110278,40,hardware,0.25,0.0169,,,2013-05-09
P-110278,50,weld,0.5,0.04678,,,2013-05-09
P-110278,60,grind_deburr,0.2,0.00356,,,2013-05-09
P-110278,70,inspection_pack,0.15,0.00773,,,2013-05-09
P-110283,10,laser,0.2,0.01665,,,2015-03-02
P-110283,20,grind_deburr,0.2,0.00233,,,2015-03-02
P-110283,30,press_brake,0.66,0.0156,,TS-11GA-2,2015-03-02
P-110283,40,hardware,0.25,0.01763,,,2015-03-02
P-110283,50,weld,0.5,0.00837,,,2015-03-02
P-110283,60,grind_deburr,0.2,0.0011,,,2015-03-02
P-110283,70,inspection_pack,0.15,0.00605,,,2015-03-02
P-110294,10,laser,0.2,0.09204,,,2017-03-27
P-110294,20,grind_deburr,0.2,0.02165,,,2017-03-27
P-110294,30,press_brake,1.08,0.09121,,TS-16GA-2,2017-03-27
P-110294,40,hardware,0.25,0.00845,,,2017-03-27
P-110294,50,robotic_weld,1.2,0.09313,,,2017-03-27
P-110294,60,grind_deburr,0.2,0.01316,,,2017-03-27
P-110294,70,assembly,0.3,0.10014,,,2017-03-27
P-110294,80,inspection_pack,0.15,0.00997,,,2017-03-27
P-110301,10,laser,0.2,0.01873,,,2016-03-29
P-110301,20,press_brake,0.59,0.0108,,TS-16GA-1,2016-03-29
P-110301,30,inspection_pack,0.15,0.00773,,,2016-03-29
P-110305,10,laser,0.2,0.037,,,2022-05-12
P-110305,20,grind_deburr,0.2,0.01014,,,2022-05-12
P-110305,30,press_brake,0.73,0.02916,,TS-16GA-1,2022-05-12
P-110305,40,hardware,0.25,0.01016,,,2022-05-12
P-110305,50,weld,0.5,0.06185,,,2022-05-12
P-110305,60,grind_deburr,0.2,0.00918,,,2022-05-12
P-110305,70,inspection_pack,0.15,0.00661,,,2022-05-12
P-110308,10,laser,0.2,0.01295,,,2018-01-15
P-110308,20,grind_deburr,0.2,0.00096,,,2018-01-15
P-110308,30,press_brake,0.87,0.03108,,TS-16GA-3,2018-01-15
P-110308,40,hardware,0.25,0.0289,,,2018-01-15
P-110308,50,weld,0.5,0.04131,,,2018-01-15
P-110308,60,grind_deburr,0.2,0.00082,,,2018-01-15
P-110308,70,inspection_pack,0.15,0.00874,,,2018-01-15
P-110324,10,laser,0.2,0.0422,,,2018-06-28
P-110324,20,press_brake,1.29,0.07717,,TS-20GA-1,2018-06-28
P-110324,30,hardware,0.25,0.02363,,,2018-06-28
P-110324,40,powder_coat,0.25,0.0069,,,2018-06-28
P-110324,50,inspection_pack,0.15,0.00963,,,2018-06-28
P-110335,10,laser,0.2,0.01688,,,2016-02-06
P-110335,20,press_brake,0.66,0.0156,,TS-18GA-3,2016-02-06
P-110335,30,robotic_weld,1.2,0.01004,,,2016-02-06
P-110335,40,grind_deburr,0.2,0.00096,,,2016-02-06
P-110335,50,powder_coat,0.25,0.00112,,,2016-02-06
P-110335,60,inspection_pack,0.15,0.00358,,,2016-02-06
P-110353,10,laser,0.2,0.02139,,,2014-11-07
P-110353,20,grind_deburr,0.2,0.00425,,,2014-11-07
P-110353,30,press_brake,1.08,0.05197,,TS-20GA-2,2014-11-07
P-110353,40,hardware,0.25,0.02241,,,2014-11-07
P-110353,50,outside_processing,0.0,0.0,V-1040,,2014-11-07
P-110353,60,assembly,0.3,0.09904,,,2014-11-07
P-110353,70,inspection_pack,0.15,0.00918,,,2014-11-07
P-110408,10,laser,0.2,0.03515,,,2020-01-08
P-110408,20,grind_deburr,0.2,0.00534,,,2020-01-08
P-110408,30,press_brake,0.94,0.04644,,TS-18GA-3,2020-01-08
P-110408,40,hardware,0.25,0.012,,,2020-01-08
P-110408,50,robotic_weld,1.2,0.04491,,,2020-01-08
P-110408,60,grind_deburr,0.2,0.00781,,,2020-01-08
P-110408,70,powder_coat,0.25,0.00337,,,2020-01-08
P-110408,80,inspection_pack,0.15,0.00526,,,2020-01-08
P-110412,10,laser,0.2,0.01966,,,2017-10-13
P-110412,20,grind_deburr,0.2,0.0037,,,2017-10-13
P-110412,30,press_brake,0.8,0.02796,,TS-14GA-2,2017-10-13
P-110412,40,hardware,0.25,0.00906,,,2017-10-13
P-110412,50,powder_coat,0.25,0.00305,,,2017-10-13
P-110412,60,inspection_pack,0.15,0.0056,,,2017-10-13
P-110427,10,laser,0.2,0.01734,,,2015-07-31
P-110427,20,grind_deburr,0.2,0.00151,,,2015-07-31
P-110427,30,press_brake,0.8,0.02592,,TS-16GA-3,2015-07-31
P-110427,40,weld,0.5,0.02791,,,2015-07-31
P-110427,50,grind_deburr,0.2,0.0011,,,2015-07-31
P-110427,60,inspection_pack,0.15,0.00986,,,2015-07-31
P-110444,10,laser,0.2,0.02128,,,2014-03-26
P-110444,20,grind_deburr,0.2,0.00466,,,2014-03-26
P-110444,30,press_brake,0.8,0.02916,,TS-18GA-3,2014-03-26
P-110444,40,weld,0.5,0.08675,,,2014-03-26
P-110444,50,grind_deburr,0.2,0.0037,,,2014-03-26
P-110444,60,inspection_pack,0.15,0.00549,,,2014-03-26
P-110457,10,punch,0.5,0.00717,,,2021-08-26
P-110457,20,grind_deburr,0.2,0.00096,,,2021-08-26
P-110457,30,press_brake,0.59,0.01032,,TS-14GA-1,2021-08-26
P-110457,40,hardware,0.25,0.01935,,,2021-08-26
P-110457,50,powder_coat,0.25,0.00225,,,2021-08-26
P-110457,60,inspection_pack,0.15,0.00829,,,2021-08-26
P-110461,10,laser,0.2,0.00809,,,2015-04-25
P-110461,20,press_brake,0.73,0.02076,,TS-0.250IN-2,2015-04-25
P-110461,30,inspection_pack,0.15,0.0037,,,2015-04-25
P-110468,10,laser,0.2,0.01422,,,2021-06-19
P-110468,20,grind_deburr,0.2,0.00219,,,2021-06-19
P-110468,30,press_brake,0.66,0.0156,,TS-20GA-1,2021-06-19
P-110468,40,powder_coat,0.25,0.0016,,,2021-06-19
P-110468,50,inspection_pack,0.15,0.00907,,,2021-06-19
P-110499,10,laser,0.2,0.06834,,,2022-08-25
P-110499,20,grind_deburr,0.2,0.00589,,,2022-08-25
P-110499,30,press_brake,0.66,0.0216,,TS-18GA-1,2022-08-25
P-110499,40,outside_processing,0.0,0.0,V-1040,,2022-08-25
P-110499,50,inspection_pack,0.15,0.00482,,,2022-08-25
P-110504,10,laser,0.2,0.04752,,,2022-12-11
P-110504,20,grind_deburr,0.2,0.01124,,,2022-12-11
P-110504,30,press_brake,0.66,0.02208,,TS-16GA-3,2022-12-11
P-110504,40,hardware,0.25,0.02841,,,2022-12-11
P-110504,50,outside_processing,0.0,0.0,V-1077,,2022-12-11
P-110504,60,inspection_pack,0.15,0.00302,,,2022-12-11
P-110509,10,laser,0.2,0.04475,,,2016-10-09
P-110509,20,grind_deburr,0.2,0.00301,,,2016-10-09
P-110509,30,press_brake,0.66,0.0186,,TS-14GA-2,2016-10-09
P-110509,40,hardware,0.25,0.01727,,,2016-10-09
P-110509,50,outside_processing,0.0,0.0,V-1040,,2016-10-09
P-110509,60,inspection_pack,0.15,0.00538,,,2016-10-09
P-110517,10,punch,0.5,0.03284,,,2023-01-29
P-110517,20,grind_deburr,0.2,0.00329,,,2023-01-29
P-110517,30,press_brake,1.08,0.06661,,TS-14GA-2,2023-01-29
P-110517,40,outside_processing,0.0,0.0,V-1040,,2023-01-29
P-110517,50,inspection_pack,0.15,0.00986,,,2023-01-29
P-110522,10,laser,0.2,0.00902,,,2016-12-31
P-110522,20,grind_deburr,0.2,0.0026,,,2016-12-31
P-110522,30,press_brake,0.8,0.02652,,TS-11GA-2,2016-12-31
P-110522,40,outside_processing,0.0,0.0,V-1040,,2016-12-31
P-110522,50,inspection_pack,0.15,0.00762,,,2016-12-31
P-110541,10,punch,0.5,0.02858,,,2019-09-25
P-110541,20,grind_deburr,0.2,0.00699,,,2019-09-25
P-110541,30,press_brake,0.87,0.03912,,TS-18GA-2,2019-09-25
P-110541,40,hardware,0.25,0.01641,,,2019-09-25
P-110541,50,powder_coat,0.25,0.00577,,,2019-09-25
P-110541,60,inspection_pack,0.15,0.00974,,,2019-09-25
P-110548,10,punch,0.5,0.02538,,,2019-02-12
P-110548,20,grind_deburr,0.2,0.00192,,,2019-02-12
P-110548,30,press_brake,0.8,0.033,,TS-18GA-2,2019-02-12
P-110548,40,hardware,0.25,0.01555,,,2019-02-12
P-110548,50,weld,0.5,0.04611,,,2019-02-12
P-110548,60,grind_deburr,0.2,0.00288,,,2019-02-12
P-110548,70,powder_coat,0.25,0.00273,,,2019-02-12
P-110548,80,inspection_pack,0.15,0.00728,,,2019-02-12
P-110564,10,laser,0.2,0.01596,,,2019-04-05
P-110564,20,grind_deburr,0.2,0.00466,,,2019-04-05
P-110564,30,press_brake,0.73,0.02244,,TS-18GA-2,2019-04-05
P-110564,40,hardware,0.25,0.02143,,,2019-04-05
P-110564,50,outside_processing,0.0,0.0,V-1077,,2019-04-05
P-110564,60,inspection_pack,0.15,0.0075,,,2019-04-05
P-110565,10,laser,0.2,0.01006,,,2018-05-26
P-110565,20,grind_deburr,0.2,0.00082,,,2018-05-26
P-110565,30,press_brake,0.52,0.00516,,TS-20GA-3,2018-05-26
P-110565,40,hardware,0.25,0.02694,,,2018-05-26
P-110565,50,powder_coat,0.25,0.00176,,,2018-05-26
P-110565,60,inspection_pack,0.15,0.00437,,,2018-05-26
P-110585,10,laser,0.2,0.00983,,,2015-01-02
P-110585,20,grind_deburr,0.2,0.00164,,,2015-01-02
P-110585,30,press_brake,0.66,0.0156,,TS-16GA-1,2015-01-02
P-110585,40,powder_coat,0.25,0.0016,,,2015-01-02
P-110585,50,inspection_pack,0.15,0.00437,,,2015-01-02
P-110601,10,laser,0.2,0.00717,,,2016-04-21
P-110601,20,grind_deburr,0.2,0.00247,,,2016-04-21
P-110601,30,press_brake,0.66,0.0156,,TS-20GA-3,2016-04-21
P-110601,40,powder_coat,0.25,0.00192,,,2016-04-21
P-110601,50,inspection_pack,0.15,0.00874,,,2016-04-21
P-110618,10,laser,0.2,0.02393,,,2022-04-27
P-110618,20,grind_deburr,0.2,0.00452,,,2022-04-27
P-110618,30,press_brake,1.01,0.04512,,TS-12GA-1,2022-04-27
P-110618,40,hardware,0.25,0.01751,,,2022-04-27
P-110618,50,robotic_weld,1.2,0.01103,,,2022-04-27
P-110618,60,grind_deburr,0.2,0.00151,,,2022-04-27
P-110618,70,inspection_pack,0.15,0.00605,,,2022-04-27
P-110625,10,laser,0.2,0.01191,,,2012-07-17
P-110625,20,press_brake,0.73,0.02076,,TS-14GA-1,2012-07-17
P-110625,30,powder_coat,0.25,0.0016,,,2012-07-17
P-110625,40,inspection_pack,0.15,0.01031,,,2012-07-17
P-110630,10,laser,0.2,0.00636,,,2021-09-30
P-110630,20,grind_deburr,0.2,0.00192,,,2021-09-30
P-110630,30,press_brake,0.59,0.01056,,TS-20GA-2,2021-09-30
P-110630,40,weld,0.5,0.04097,,,2021-09-30
P-110630,50,grind_deburr,0.2,0.00301,,,2021-09-30
P-110630,60,powder_coat,0.25,0.00112,,,2021-09-30
P-110630,70,inspection_pack,0.15,0.00571,,,2021-09-30
P-110650,10,laser,0.2,0.03365,,,2022-11-21
P-110650,20,grind_deburr,0.2,0.00384,,,2022-11-21
P-110650,30,press_brake,0.8,0.02916,,TS-16GA-2,2022-11-21
P-110650,40,hardware,0.25,0.00955,,,2022-11-21
P-110650,50,outside_processing,0.0,0.0,V-1040,,2022-11-21
P-110650,60,inspection_pack,0.15,0.00414,,,2022-11-21
P-110661,10,laser,0.2,0.07562,,,2017-10-05
P-110661,20,grind_deburr,0.2,0.01316,,,2017-10-05
P-110661,30,press_brake,0.87,0.06121,,TS-16GA-2,2017-10-05
P-110661,40,hardware,0.25,0.0191,,,2017-10-05
P-110661,50,inspection_pack,0.15,0.00347,,,2017-10-05
P-110673,10,laser,0.2,0.02417,,,2019-06-18
P-110673,20,press_brake,0.59,0.01236,,TS-18GA-3,2019-06-18
P-110673,30,weld,0.5,0.06866,,,2019-06-18
P-110673,40,grind_deburr,0.2,0.00617,,,2019-06-18
P-110673,50,outside_processing,0.0,0.0,V-1040,,2019-06-18
P-110673,60,inspection_pack,0.15,0.00694,,,2019-06-18
P-110697,10,laser,0.2,0.01503,,,2022-04-18
P-110697,20,press_brake,1.22,0.07141,,TS-16GA-2,2022-04-18
P-110697,30,robotic_weld,1.2,0.01821,,,2022-04-18
P-110697,40,grind_deburr,0.2,0.00603,,,2022-04-18
P-110697,50,outside_processing,0.0,0.0,V-1040,,2022-04-18
P-110697,60,inspection_pack,0.15,0.00862,,,2022-04-18
P-110707,10,laser,0.2,0.01954,,,2014-11-25
P-110707,20,grind_deburr,0.2,0.0026,,,2014-11-25
P-110707,30,press_brake,0.66,0.0156,,TS-12GA-1,2014-11-25
P-110707,40,hardware,0.25,0.02706,,,2014-11-25
P-110707,50,powder_coat,0.25,0.00192,,,2014-11-25
P-110707,60,inspection_pack,0.15,0.00941,,,2014-11-25
P-110723,10,laser,0.2,0.01179,,,2017-11-18
P-110723,20,grind_deburr,0.2,0.0011,,,2017-11-18
P-110723,30,press_brake,1.15,0.05329,,TS-20GA-2,2017-11-18
P-110723,40,weld,0.5,0.03271,,,2017-11-18
P-110723,50,grind_deburr,0.2,0.00164,,,2017-11-18
P-110723,60,outside_processing,0.0,0.0,V-1040,,2017-11-18
P-110723,70,assembly,0.3,0.03455,,,2017-11-18
P-110723,80,inspection_pack,0.15,0.00426,,,2017-11-18
P-110746,10,laser,0.2,0.04752,,,2022-02-26
P-110746,20,press_brake,1.29,0.08053,,TS-20GA-1,2022-02-26
P-110746,30,powder_coat,0.25,0.00369,,,2022-02-26
P-110746,40,assembly,0.3,0.06998,,,2022-02-26
P-110746,50,inspection_pack,0.15,0.00269,,,2022-02-26
P-110775,10,laser,0.2,0.01364,,,2013-06-29
P-110775,20,press_brake,0.52,0.00516,,TS-11GA-1,2013-06-29
P-110775,30,powder_coat,0.25,0.00192,,,2013-06-29
P-110775,40,inspection_pack,0.15,0.00806,,,2013-06-29
P-110793,10,punch,0.5,0.00746,,,2016-06-10
P-110793,20,grind_deburr,0.2,0.00603,,,2016-06-10
P-110793,30,press_brake,1.15,0.06001,,TS-14GA-1,2016-06-10
P-110793,40,weld,0.5,0.06509,,,2016-06-10
P-110793,50,grind_deburr,0.2,0.00521,,,2016-06-10
P-110793,60,outside_processing,0.0,0.0,V-1102,,2016-06-10
P-110793,70,assembly,0.3,0.02007,,,2016-06-10
P-110793,80,inspection_pack,0.15,0.00974,,,2016-06-10
P-110809,10,laser,0.2,0.02544,,,2017-12-31
P-110809,20,press_brake,0.94,0.0378,,TS-16GA-2,2017-12-31
P-110809,30,hardware,0.25,0.01898,,,2017-12-31
P-110809,40,weld,0.5,0.06922,,,2017-12-31
P-110809,50,grind_deburr,0.2,0.00096,,,2017-12-31
P-110809,60,outside_processing,0.0,0.0,V-1040,,2017-12-31
P-110809,70,inspection_pack,0.15,0.00414,,,2017-12-31
P-110820,10,punch,0.5,0.0061,,,2017-04-08
P-110820,20,press_brake,0.8,0.02592,,TS-0.125IN-3,2017-04-08
P-110820,30,hardware,0.25,0.01298,,,2017-04-08
P-110820,40,weld,0.5,0.05493,,,2017-04-08
P-110820,50,grind_deburr,0.2,0.0011,,,2017-04-08
P-110820,60,powder_coat,0.25,0.00144,,,2017-04-08
P-110820,70,inspection_pack,0.15,0.00694,,,2017-04-08
P-110822,10,laser,0.2,0.0259,,,2017-10-22
P-110822,20,grind_deburr,0.2,0.00397,,,2017-10-22
P-110822,30,press_brake,1.15,0.06613,,TS-14GA-2,2017-10-22
P-110822,40,hardware,0.25,0.00845,,,2017-10-22
P-110822,50,powder_coat,0.25,0.00577,,,2017-10-22
P-110822,60,assembly,0.3,0.10507,,,2017-10-22
P-110822,70,inspection_pack,0.15,0.00795,,,2017-10-22
P-110855,10,laser,0.2,0.08788,,,2015-02-17
P-110855,20,grind_deburr,0.2,0.00987,,,2015-02-17
P-110855,30,press_brake,0.59,0.01572,,TS-16GA-1,2015-02-17
P-110855,40,hardware,0.25,0.01114,,,2015-02-17
P-110855,50,weld,0.5,0.12058,,,2015-02-17
P-110855,60,grind_deburr,0.2,0.01357,,,2015-02-17
P-110855,70,inspection_pack,0.15,0.00963,,,2015-02-17
P-110856,10,laser,0.2,0.00509,,,2017-08-04
P-110856,20,grind_deburr,0.2,0.00151,,,2017-08-04
P-110856,30,press_brake,0.59,0.01032,,TS-12GA-1,2017-08-04
P-110856,40,outside_processing,0.0,0.0,V-1040,,2017-08-04
P-110856,50,inspection_pack,0.15,0.00582,,,2017-08-04
P-110872,10,laser,0.2,0.13343,,,2014-08-13
P-110872,20,press_brake,1.15,0.10045,,TS-16GA-3,2014-08-13
P-110872,30,hardware,0.25,0.01359,,,2014-08-13
P-110872,40,weld,0.5,0.23145,,,2014-08-13
P-110872,50,grind_deburr,0.2,0.00507,,,2014-08-13
P-110872,60,outside_processing,0.0,0.0,V-1040,,2014-08-13
P-110872,70,assembly,0.3,0.05594,,,2014-08-13
P-110872,80,inspection_pack,0.15,0.00717,,,2014-08-13
P-110911,10,laser,0.2,0.01145,,,2020-05-03
P-110911,20,grind_deburr,0.2,0.00192,,,2020-05-03
P-110911,30,press_brake,0.52,0.00516,,TS-12GA-2,2020-05-03
P-110911,40,powder_coat,0.25,0.0016,,,2020-05-03
P-110911,50,inspection_pack,0.15,0.00515,,,2020-05-03
P-110923,10,laser,0.2,0.01746,,,2020-12-30
P-110923,20,grind_deburr,0.2,0.00151,,,2020-12-30
P-110923,30,press_brake,0.59,0.01032,,TS-14GA-2,2020-12-30
P-110923,40,powder_coat,0.25,0.00176,,,2020-12-30
P-110923,50,inspection_pack,0.15,0.00773,,,2020-12-30
P-110950,10,punch,0.5,0.01405,,,2018-10-13
P-110950,20,press_brake,1.08,0.05113,,TS-16GA-2,2018-10-13
P-110950,30,weld,0.5,0.08753,,,2018-10-13
P-110950,40,grind_deburr,0.2,0.00397,,,2018-10-13
P-110950,50,outside_processing,0.0,0.0,V-1040,,2018-10-13
P-110950,60,assembly,0.3,0.06833,,,2018-10-13
P-110950,70,inspection_pack,0.15,0.00314,,,2018-10-13
P-110961,10,punch,0.5,0.00707,,,2013-06-25
P-110961,20,grind_deburr,0.2,0.00123,,,2013-06-25
P-110961,30,press_brake,0.8,0.02784,,TS-12GA-2,2013-06-25
P-110961,40,weld,0.5,0.05884,,,2013-06-25
P-110961,50,grind_deburr,0.2,0.00233,,,2013-06-25
P-110961,60,powder_coat,0.25,0.00305,,,2013-06-25
P-110961,70,inspection_pack,0.15,0.00818,,,2013-06-25
P-110963,10,laser,0.2,0.01596,,,2020-08-14
P-110963,20,grind_deburr,0.2,0.00548,,,2020-08-14
P-110963,30,press_brake,0.8,0.02916,,TS-12GA-1,2020-08-14
P-110963,40,hardware,0.25,0.02706,,,2020-08-14
P-110963,50,weld,0.5,0.0738,,,2020-08-14
P-110963,60,grind_deburr,0.2,0.0037,,,2020-08-14
P-110963,70,assembly,0.3,0.04968,,,2020-08-14
P-110963,80,inspection_pack,0.15,0.0084,,,2020-08-14
P-110966,10,laser,0.2,0.03157,,,2016-01-21
P-110966,20,grind_deburr,0.2,0.00439,,,2016-01-21
P-110966,30,press_brake,0.87,0.036,,TS-12GA-3,2016-01-21
P-110966,40,hardware,0.25,0.02057,,,2016-01-21
P-110966,50,press_brake,0.73,0.024,,TS-12GA-3,2016-01-21
P-110966,60,powder_coat,0.25,0.00353,,,2016-01-21
P-110966,70,inspection_pack,0.15,0.00818,,,2016-01-21
P-110970,10,laser,0.2,0.04567,,,2023-03-05
P-110970,20,press_brake,0.8,0.03156,,TS-20GA-2,2023-03-05
P-110970,30,hardware,0.25,0.01506,,,2023-03-05
P-110970,40,outside_processing,0.0,0.0,V-1040,,2023-03-05
P-110970,50,inspection_pack,0.15,0.00829,,,2023-03-05
P-110976,10,laser,0.2,0.01041,,,2013-10-06
P-110976,20,grind_deburr,0.2,0.00069,,,2013-10-06
P-110976,30,press_brake,0.73,0.02076,,TS-11GA-2,2013-10-06
P-110976,40,powder_coat,0.25,0.0016,,,2013-10-06
P-110976,50,inspection_pack,0.15,0.00818,,,2013-10-06
P-110988,10,laser,0.2,0.00694,,,2022-09-05
P-110988,20,grind_deburr,0.2,0.0011,,,2022-09-05
P-110988,30,press_brake,0.73,0.02076,,TS-18GA-2,2022-09-05
P-110988,40,hardware,0.25,0.01996,,,2022-09-05
P-110988,50,weld,0.5,0.03294,,,2022-09-05
P-110988,60,grind_deburr,0.2,0.00096,,,2022-09-05
P-110988,70,powder_coat,0.25,0.00257,,,2022-09-05
P-110988,80,inspection_pack,0.15,0.00952,,,2022-09-05
P-111001,10,laser,0.2,0.02104,,,2015-04-17
P-111001,20,grind_deburr,0.2,0.00164,,,2015-04-17
P-111001,30,press_brake,0.66,0.01716,,TS-18GA-2,2015-04-17
P-111001,40,hardware,0.25,0.0191,,,2015-04-17
P-111001,50,inspection_pack,0.15,0.00717,,,2015-04-17
P-111004,10,laser,0.2,0.01122,,,2014-11-29
P-111004,20,grind_deburr,0.2,0.00164,,,2014-11-29
P-111004,30,press_brake,0.59,0.01032,,TS-18GA-2,2014-11-29
P-111004,40,hardware,0.25,0.01469,,,2014-11-29
P-111004,50,inspection_pack,0.15,0.00314,,,2014-11-29
P-111068,10,laser,0.2,0.057,,,2022-11-24
P-111068,20,grind_deburr,0.2,0.00754,,,2022-11-24
P-111068,30,press_brake,0.73,0.02592,,TS-0.125IN-1,2022-11-24
P-111068,40,hardware,0.25,0.02755,,,2022-11-24
P-111068,50,outside_processing,0.0,0.0,V-1040,,2022-11-24
P-111068,60,inspection_pack,0.15,0.00963,,,2022-11-24
P-111071,10,laser,0.2,0.05758,,,2019-03-11
P-111071,20,grind_deburr,0.2,0.00356,,,2019-03-11
P-111071,30,press_brake,1.15,0.06985,,TS-16GA-3,2019-03-11
P-111071,40,weld,0.5,0.06565,,,2019-03-11
P-111071,50,grind_deburr,0.2,0.00932,,,2019-03-11
P-111071,60,inspection_pack,0.15,0.01042,,,2019-03-11
P-111087,10,laser,0.2,0.01318,,,2020-10-31
P-111087,20,grind_deburr,0.2,0.0026,,,2020-10-31
P-111087,30,press_brake,0.52,0.00516,,TS-14GA-1,2020-10-31
P-111087,40,outside_processing,0.0,0.0,V-1040,,2020-10-31
P-111087,50,inspection_pack,0.15,0.00291,,,2020-10-31
P-111100,10,punch,0.5,0.00881,,,2018-09-20
P-111100,20,grind_deburr,0.2,0.00576,,,2018-09-20
P-111100,30,press_brake,1.08,0.06061,,TS-0.125IN-3,2018-09-20
P-111100,40,robotic_weld,1.2,0.05164,,,2018-09-20
P-111100,50,grind_deburr,0.2,0.00617,,,2018-09-20
P-111100,60,inspection_pack,0.15,0.00661,,,2018-09-20
P-111119,10,laser,0.2,0.01711,,,2016-03-29
P-111119,20,grind_deburr,0.2,0.00123,,,2016-03-29
P-111119,30,press_brake,0.73,0.02076,,TS-0.250IN-2,2016-03-29
P-111119,40,hardware,0.25,0.01971,,,2016-03-29
P-111119,50,inspection_pack,0.15,0.00918,,,2016-03-29
P-111127,10,laser,0.2,0.15876,,,2017-12-15
P-111127,20,press_brake,1.29,0.13537,,TS-18GA-3,2017-12-15
P-111127,30,powder_coat,0.25,0.01925,,,2017-12-15
P-111127,40,inspection_pack,0.15,0.00661,,,2017-12-15
P-111172,10,laser,0.2,0.05585,,,2014-07-23
P-111172,20,grind_deburr,0.2,0.00589,,,2014-07-23
P-111172,30,press_brake,0.94,0.05353,,TS-16GA-3,2014-07-23
P-111172,40,hardware,0.25,0.00808,,,2014-07-23
P-111172,50,robotic_weld,1.2,0.01799,,,2014-07-23
P-111172,60,grind_deburr,0.2,0.00384,,,2014-07-23
P-111172,70,inspection_pack,0.15,0.00616,,,2014-07-23
P-111182,10,laser,0.2,0.01549,,,2022-10-29
P-111182,20,grind_deburr,0.2,0.0026,,,2022-10-29
P-111182,30,press_brake,0.59,0.01032,,TS-18GA-1,2022-10-29
P-111182,40,outside_processing,0.0,0.0,V-1040,,2022-10-29
P-111182,50,inspection_pack,0.15,0.00493,,,2022-10-29
P-111190,10,laser,0.2,0.01677,,,2016-11-07
P-111190,20,grind_deburr,0.2,0.00233,,,2016-11-07
P-111190,30,press_brake,0.52,0.00516,,TS-18GA-3,2016-11-07
P-111190,40,powder_coat,0.25,0.0016,,,2016-11-07
P-111190,50,inspection_pack,0.15,0.00594,,,2016-11-07
P-111196,10,laser,0.2,0.01214,,,2021-04-09
P-111196,20,grind_deburr,0.2,0.00233,,,2021-04-09
P-111196,30,press_brake,0.59,0.01032,,TS-20GA-3,2021-04-09
P-111196,40,hardware,0.25,0.02339,,,2021-04-09
P-111196,50,outside_processing,0.0,0.0,V-1040,,2021-04-09
P-111196,60,inspection_pack,0.15,0.00627,,,2021-04-09
P-111216,10,laser,0.2,0.01642,,,2014-10-04
P-111216,20,grind_deburr,0.2,0.00192,,,2014-10-04
P-111216,30,press_brake,0.59,0.01032,,TS-14GA-1,2014-10-04
P-111216,40,inspection_pack,0.15,0.00963,,,2014-10-04
P-111228,10,laser,0.2,0.03492,,,2016-10-18
P-111228,20,grind_deburr,0.2,0.00206,,,2016-10-18
P-111228,30,press_brake,0.66,0.01848,,TS-18GA-1,2016-10-18
P-111228,40,hardware,0.25,0.02192,,,2016-10-18
P-111228,50,weld,0.5,0.02869,,,2016-10-18
P-111228,60,grind_deburr,0.2,0.00192,,,2016-10-18
P-111228,70,powder_coat,0.25,0.00289,,,2016-10-18
P-111228,80,inspection_pack,0.15,0.00717,,,2016-10-18
P-111233,10,laser,0.2,0.09424,,,2020-12-31
P-111233,20,grind_deburr,0.2,0.01329,,,2020-12-31
P-111233,30,press_brake,0.94,0.06241,,TS-0.125IN-2,2020-12-31
P-111233,40,hardware,0.25,0.02363,,,2020-12-31
P-111233,50,weld,0.5,0.1543,,,2020-12-31
P-111233,60,grind_deburr,0.2,0.01768,,,2020-12-31
P-111233,70,press_brake,0.73,0.03564,,TS-0.125IN-2,2020-12-31
P-111233,80,inspection_pack,0.15,0.00717,,,2020-12-31
P-111237,10,laser,0.2,0.00775,,,2015-12-18
P-111237,20,grind_deburr,0.2,0.0011,,,2015-12-18
P-111237,30,press_brake,0.66,0.0156,,TS-18GA-1,2015-12-18
P-111237,40,hardware,0.25,0.01812,,,2015-12-18
P-111237,50,inspection_pack,0.15,0.00291,,,2015-12-18
P-111248,10,laser,0.2,0.01804,,,2019-10-29
P-111248,20,grind_deburr,0.2,0.00206,,,2019-10-29
P-111248,30,press_brake,0.59,0.01032,,TS-12GA-3,2019-10-29
P-111248,40,hardware,0.25,0.00992,,,2019-10-29
P-111248,50,weld,0.5,0.01407,,,2019-10-29
P-111248,60,grind_deburr,0.2,0.00123,,,2019-10-29
P-111248,70,inspection_pack,0.15,0.0084,,,2019-10-29
P-111255,10,punch,0.5,0.00717,,,2014-09-23
P-111255,20,press_brake,0.73,0.02076,,TS-18GA-2,2014-09-23
P-111255,30,outside_processing,0.0,0.0,V-1040,,2014-09-23
P-111255,40,inspection_pack,0.15,0.00874,,,2014-09-23
P-111274,10,laser,0.2,0.01526,,,2017-11-03
P-111274,20,grind_deburr,0.2,0.00274,,,2017-11-03
P-111274,30,press_brake,0.59,0.01032,,TS-16GA-3,2017-11-03
P-111274,40,inspection_pack,0.15,0.00325,,,2017-11-03
P-111281,10,laser,0.2,0.06834,,,2013-05-07
P-111281,20,grind_deburr,0.2,0.00274,,,2013-05-07
P-111281,30,press_brake,0.73,0.0294,,TS-16GA-1,2013-05-07
P-111281,40,outside_processing,0.0,0.0,V-1040,,2013-05-07
P-111281,50,outside_processing,0.0,0.0,V-1077,,2013-05-07
P-111281,60,inspection_pack,0.15,0.0047,,,2013-05-07
P-111289,10,punch,0.5,0.00756,,,2019-01-26
P-111289,20,grind_deburr,0.2,0.00164,,,2019-01-26
P-111289,30,press_brake,0.52,0.00516,,TS-12GA-3,2019-01-26
P-111289,40,weld,0.5,0.01105,,,2019-01-26
P-111289,50,grind_deburr,0.2,0.00151,,,2019-01-26
P-111289,60,powder_coat,0.25,0.00209,,,2019-01-26
P-111289,70,inspection_pack,0.15,0.00974,,,2019-01-26
P-111303,10,punch,0.5,0.00765,,,2021-06-30
P-111303,20,grind_deburr,0.2,0.00206,,,2021-06-30
P-111303,30,press_brake,0.73,0.0228,,TS-16GA-1,2021-06-30
P-111303,40,powder_coat,0.25,0.00241,,,2021-06-30
P-111303,50,inspection_pack,0.15,0.00885,,,2021-06-30
P-111320,10,laser,0.2,0.00624,,,2020-10-11
P-111320,20,press_brake,0.52,0.00516,,TS-20GA-3,2020-10-11
P-111320,30,powder_coat,0.25,0.00209,,,2020-10-11
P-111320,40,inspection_pack,0.15,0.00549,,,2020-10-11
P-111338,10,laser,0.2,0.12268,,,2014-09-10
P-111338,20,grind_deburr,0.2,0.00507,,,2014-09-10
P-111338,30,press_brake,0.73,0.039,,TS-20GA-1,2014-09-10
P-111338,40,hardware,0.25,0.02498,,,2014-09-10
P-111338,50,robotic_weld,1.2,0.13826,,,2014-09-10
P-111338,60,grind_deburr,0.2,0.01754,,,2014-09-10
P-111338,70,press_brake,0.59,0.01944,,TS-20GA-1,2014-09-10
P-111338,80,powder_coat,0.25,0.01315,,,2014-09-10
P-111338,90,assembly,0.3,0.04168,,,2014-09-10
P-111338,100,inspection_pack,0.15,0.00414,,,2014-09-10
P-111367,10,laser,0.2,0.0096,,,2020-11-03
P-111367,20,grind_deburr,0.2,0.00069,,,2020-11-03
P-111367,30,press_brake,0.87,0.03108,,TS-16GA-3,2020-11-03
P-111367,40,outside_processing,0.0,0.0,V-1077,,2020-11-03
P-111367,50,inspection_pack,0.15,0.0056,,,2020-11-03
P-111379,10,laser,0.2,0.03203,,,2021-12-18
P-111379,20,grind_deburr,0.2,0.00534,,,2021-12-18
P-111379,30,press_brake,1.08,0.05281,,TS-14GA-1,2021-12-18
P-111379,40,hardware,0.25,0.00759,,,2021-12-18
P-111379,50,weld,0.5,0.04332,,,2021-12-18
P-111379,60,grind_deburr,0.2,0.00452,,,2021-12-18
P-111379,70,powder_coat,0.25,0.00273,,,2021-12-18
P-111379,80,assembly,0.3,0.0499,,,2021-12-18
P-111379,90,inspection_pack,0.15,0.00728,,,2021-12-18
P-111385,10,laser,0.2,0.03029,,,2018-04-13
P-111385,20,press_brake,0.87,0.04476,,TS-14GA-1,2018-04-13
P-111385,30,hardware,0.25,0.01237,,,2018-04-13
P-111385,40,weld,0.5,0.04834,,,2018-04-13
P-111385,50,grind_deburr,0.2,0.00603,,,2018-04-13
P-111385,60,powder_coat,0.25,0.00321,,,2018-04-13
P-111385,70,inspection_pack,0.15,0.00358,,,2018-04-13
P-111399,10,punch,0.5,0.00387,,,2020-12-02
P-111399,20,grind_deburr,0.2,0.0011,,,2020-12-02
P-111399,30,press_brake,0.73,0.02076,,TS-11GA-3,2020-12-02
P-111399,40,inspection_pack,0.15,0.00403,,,2020-12-02
P-111404,10,laser,0.2,0.01445,,,2021-05-07
P-111404,20,grind_deburr,0.2,0.00206,,,2021-05-07
P-111404,30,press_brake,0.73,0.02076,,TS-0.125IN-2,2021-05-07
P-111404,40,outside_processing,0.0,0.0,V-1040,,2021-05-07
P-111404,50,inspection_pack,0.15,0.00952,,,2021-05-07
P-111421,10,laser,0.2,0.01885,,,2018-06-12
P-111421,20,grind_deburr,0.2,0.00178,,,2018-06-12
P-111421,30,press_brake,0.59,0.01032,,TS-18GA-1,2018-06-12
P-111421,40,hardware,0.25,0.02584,,,2018-06-12
P-111421,50,powder_coat,0.25,0.00257,,,2018-06-12
P-111421,60,inspection_pack,0.15,0.01019,,,2018-06-12
P-111429,10,laser,0.2,0.01041,,,2016-09-16
P-111429,20,press_brake,0.52,0.00516,,TS-14GA-3,2016-09-16
P-111429,30,powder_coat,0.25,0.0016,,,2016-09-16
P-111429,40,inspection_pack,0.15,0.01042,,,2016-09-16
P-111432,10,laser,0.2,0.01445,,,2018-06-13
P-111432,20,grind_deburr,0.2,0.00219,,,2018-06-13
P-111432,30,press_brake,0.66,0.0168,,TS-0.125IN-1,2018-06-13
P-111432,40,weld,0.5,0.07067,,,2018-06-13
P-111432,50,grind_deburr,0.2,0.00411,,,2018-06-13
P-111432,60,inspection_pack,0.15,0.00694,,,2018-06-13
P-111455,10,laser,0.2,0.02555,,,2018-02-28
P-111455,20,grind_deburr,0.2,0.00274,,,2018-02-28
P-111455,30,press_brake,0.73,0.0216,,TS-14GA-2,2018-02-28
P-111455,40,hardware,0.25,0.02902,,,2018-02-28
P-111455,50,inspection_pack,0.15,0.00885,,,2018-02-28
P-111463,10,laser,0.2,0.09759,,,2017-10-03
P-111463,20,grind_deburr,0.2,0.00425,,,2017-10-03
P-111463,30,press_brake,0.87,0.04752,,TS-14GA-2,2017-10-03
P-111463,40,weld,0.5,0.0805,,,2017-10-03
P-111463,50,grind_deburr,0.2,0.00343,,,2017-10-03
P-111463,60,outside_processing,0.0,0.0,V-1077,,2017-10-03
P-111463,70,assembly,0.3,0.0272,,,2017-10-03
P-111463,80,inspection_pack,0.15,0.00459,,,2017-10-03
P-111474,10,laser,0.2,0.0148,,,2022-12-23
P-111474,20,grind_deburr,0.2,0.0026,,,2022-12-23
P-111474,30,press_brake,0.66,0.0156,,TS-20GA-2,2022-12-23
P-111474,40,powder_coat,0.25,0.00257,,,2022-12-23
P-111474,50,inspection_pack,0.15,0.00683,,,2022-12-23
P-111482,10,laser,0.2,0.04671,,,2021-04-22
P-111482,20,grind_deburr,0.2,0.00164,,,2021-04-22
P-111482,30,press_brake,0.94,0.04296,,TS-16GA-2,2021-04-22
P-111482,40,hardware,0.25,0.01886,,,2021-04-22
P-111482,50,weld,0.5,0.06654,,,2021-04-22
P-111482,60,grind_deburr,0.2,0.0048,,,2021-04-22
P-111482,70,outside_processing,0.0,0.0,V-1077,,2021-04-22
P-111482,80,inspection_pack,0.15,0.00549,,,2021-04-22
P-111519,10,punch,0.5,0.01191,,,2020-02-01
P-111519,20,press_brake,0.87,0.03684,,TS-20GA-2,2020-02-01
P-111519,30,weld,0.5,0.11243,,,2020-02-01
P-111519,40,grind_deburr,0.2,0.00425,,,2020-02-01
P-111519,50,inspection_pack,0.15,0.00683,,,2020-02-01
P-111524,10,laser,0.2,0.11378,,,2021-08-19
P-111524,20,press_brake,0.94,0.06649,,TS-14GA-1,2021-08-19
P-111524,30,hardware,0.25,0.02425,,,2021-08-19
P-111524,40,outside_processing,0.0,0.0,V-1040,,2021-08-19
P-111524,50,inspection_pack,0.15,0.0037,,,2021-08-19
P-111556,10,punch,0.5,0.00843,,,2019-01-30
P-111556,20,press_brake,0.73,0.02076,,TS-12GA-2,2019-01-30
P-111556,30,hardware,0.25,0.01396,,,2019-01-30
P-111556,40,inspection_pack,0.15,0.01031,,,2019-01-30
P-111572,10,laser,0.2,0.01388,,,2022-08-26
P-111572,20,grind_deburr,0.2,0.0011,,,2022-08-26
P-111572,30,press_brake,0.73,0.02076,,TS-11GA-3,2022-08-26
P-111572,40,hardware,0.25,0.00918,,,2022-08-26
P-111572,50,inspection_pack,0.15,0.00885,,,2022-08-26
P-111584,10,punch,0.5,0.00533,,,2017-10-11
P-111584,20,grind_deburr,0.2,0.00247,,,2017-10-11
P-111584,30,press_brake,0.73,0.02076,,TS-14GA-3,2017-10-11
P-111584,40,inspection_pack,0.15,0.00538,,,2017-10-11
P-111588,10,laser,0.2,0.01249,,,2022-02-11
P-111588,20,press_brake,0.59,0.01032,,TS-14GA-2,2022-02-11
P-111588,30,outside_processing,0.0,0.0,V-1040,,2022-02-11
P-111588,40,inspection_pack,0.15,0.00829,,,2022-02-11
P-111604,10,laser,0.2,0.01156,,,2020-12-13
P-111604,20,press_brake,0.73,0.02304,,TS-20GA-1,2020-12-13
P-111604,30,inspection_pack,0.15,0.00459,,,2020-12-13
P-111624,10,laser,0.2,0.16488,,,2017-12-24
P-111624,20,press_brake,0.8,0.05641,,TS-16GA-3,2017-12-24
P-111624,30,hardware,0.25,0.02339,,,2017-12-24
P-111624,40,robotic_weld,1.2,0.11972,,,2017-12-24
P-111624,50,grind_deburr,0.2,0.00973,,,2017-12-24
P-111624,60,press_brake,0.73,0.04512,,TS-16GA-3,2017-12-24
P-111624,70,inspection_pack,0.15,0.01042,,,2017-12-24
P-111635,10,punch,0.5,0.02984,,,2019-08-28
P-111635,20,grind_deburr,0.2,0.01206,,,2019-08-28
P-111635,30,press_brake,0.73,0.03672,,TS-11GA-1,2019-08-28
P-111635,40,powder_coat,0.25,0.00786,,,2019-08-28
P-111635,50,assembly,0.3,0.07338,,,2019-08-28
P-111635,60,inspection_pack,0.15,0.00717,,,2019-08-28
P-111640,10,laser,0.2,0.10175,,,2013-06-09
P-111640,20,grind_deburr,0.2,0.01946,,,2013-06-09
P-111640,30,press_brake,0.73,0.0396,,TS-20GA-2,2013-06-09
P-111640,40,hardware,0.25,0.02547,,,2013-06-09
P-111640,50,assembly,0.3,0.02303,,,2013-06-09
P-111640,60,inspection_pack,0.15,0.00504,,,2013-06-09
P-111657,10,laser,0.2,0.01283,,,2021-12-21
P-111657,20,grind_deburr,0.2,0.00096,,,2021-12-21
P-111657,30,press_brake,0.66,0.0156,,TS-16GA-2,2021-12-21
P-111657,40,outside_processing,0.0,0.0,V-1077,,2021-12-21
P-111657,50,inspection_pack,0.15,0.0028,,,2021-12-21
P-111674,10,laser,0.2,0.02532,,,2022-01-05
P-111674,20,grind_deburr,0.2,0.00343,,,2022-01-05
P-111674,30,press_brake,0.8,0.0312,,TS-14GA-1,2022-01-05
P-111674,40,powder_coat,0.25,0.00305,,,2022-01-05
P-111674,50,inspection_pack,0.15,0.0093,,,2022-01-05
P-111677,10,laser,0.2,0.06186,,,2024-06-20
P-111677,20,grind_deburr,0.2,0.00288,,,2024-06-20
P-111677,30,press_brake,0.8,0.03624,,TS-20GA-3,2024-06-20
P-111677,40,hardware,0.25,0.01457,,,2024-06-20
P-111677,50,inspection_pack,0.15,0.00918,,,2024-06-20
P-111682,10,laser,0.2,0.05261,,,2013-04-12
P-111682,20,grind_deburr,0.2,0.00754,,,2013-04-12
P-111682,30,press_brake,0.66,0.02136,,TS-14GA-3,2013-04-12
P-111682,40,hardware,0.25,0.00918,,,2013-04-12
P-111682,50,powder_coat,0.25,0.00321,,,2013-04-12
P-111682,60,assembly,0.3,0.02501,,,2013-04-12
P-111682,70,inspection_pack,0.15,0.00314,,,2013-04-12
P-111686,10,laser,0.2,0.05793,,,2021-11-20
P-111686,20,grind_deburr,0.2,0.00384,,,2021-11-20
P-111686,30,press_brake,0.8,0.03444,,TS-20GA-2,2021-11-20
P-111686,40,hardware,0.25,0.01249,,,2021-11-20
P-111686,50,powder_coat,0.25,0.00882,,,2021-11-20
P-111686,60,inspection_pack,0.15,0.00291,,,2021-11-20
P-111694,10,punch,0.5,0.07478,,,2014-02-09
P-111694,20,grind_deburr,0.2,0.02097,,,2014-02-09
P-111694,30,press_brake,0.87,0.06769,,TS-11GA-1,2014-02-09
P-111694,40,hardware,0.25,0.01335,,,2014-02-09
P-111694,50,inspection_pack,0.15,0.01042,,,2014-02-09
P-111697,10,laser,0.2,0.02023,,,2016-11-24
P-111697,20,grind_deburr,0.2,0.00247,,,2016-11-24
P-111697,30,press_brake,0.66,0.01572,,TS-18GA-3,2016-11-24
P-111697,40,hardware,0.25,0.02204,,,2016-11-24
P-111697,50,powder_coat,0.25,0.00096,,,2016-11-24
P-111697,60,inspection_pack,0.15,0.00862,,,2016-11-24
P-111708,10,laser,0.2,0.01607,,,2018-02-13
P-111708,20,grind_deburr,0.2,0.00069,,,2018-02-13
P-111708,30,press_brake,0.59,0.01032,,TS-16GA-1,2018-02-13
P-111708,40,robotic_weld,1.2,0.00938,,,2018-02-13
P-111708,50,grind_deburr,0.2,0.00206,,,2018-02-13
P-111708,60,outside_processing,0.0,0.0,V-1040,,2018-02-13
P-111708,70,inspection_pack,0.15,0.00941,,,2018-02-13
P-111714,10,laser,0.2,0.0222,,,2021-04-01
P-111714,20,grind_deburr,0.2,0.00534,,,2021-04-01
P-111714,30,press_brake,0.8,0.0324,,TS-16GA-3,2021-04-01
P-111714,40,assembly,0.3,0.0974,,,2021-04-01
P-111714,50,inspection_pack,0.15,0.00358,,,2021-04-01
P-111737,10,laser,0.2,0.01954,,,2014-10-16
P-111737,20,grind_deburr,0.2,0.0011,,,2014-10-16
P-111737,30,press_brake,0.73,0.02076,,TS-20GA-2,2014-10-16
P-111737,40,outside_processing,0.0,0.0,V-1040,,2014-10-16
P-111737,50,inspection_pack,0.15,0.0065,,,2014-10-16
P-111743,10,punch,0.5,0.00891,,,2015-09-08
P-111743,20,grind_deburr,0.2,0.00411,,,2015-09-08
P-111743,30,press_brake,0.8,0.03024,,TS-14GA-2,2015-09-08
P-111743,40,weld,0.5,0.0182,,,2015-09-08
P-111743,50,grind_deburr,0.2,0.00521,,,2015-09-08
P-111743,60,outside_processing,0.0,0.0,V-1040,,2015-09-08
P-111743,70,inspection_pack,0.15,0.00762,,,2015-09-08
P-111745,10,laser,0.2,0.02463,,,2014-08-17
P-111745,20,grind_deburr,0.2,0.00164,,,2014-08-17
P-111745,30,press_brake,0.8,0.02688,,TS-18GA-2,2014-08-17
P-111745,40,hardware,0.25,0.01029,,,2014-08-17
P-111745,50,assembly,0.3,0.0306,,,2014-08-17
P-111745,60,inspection_pack,0.15,0.00358,,,2014-08-17
P-111747,10,punch,0.5,0.0156,,,2016-12-11
P-111747,20,grind_deburr,0.2,0.00288,,,2016-12-11
P-111747,30,press_brake,0.94,0.0426,,TS-16GA-2,2016-12-11
P-111747,40,powder_coat,0.25,0.00225,,,2016-12-11
P-111747,50,assembly,0.3,0.02786,,,2016-12-11
P-111747,60,inspection_pack,0.15,0.0075,,,2016-12-11
P-111750,10,punch,0.5,0.01162,,,2021-05-08
P-111750,20,grind_deburr,0.2,0.00439,,,2021-05-08
P-111750,30,press_brake,0.87,0.03528,,TS-14GA-2,2021-05-08
P-111750,40,hardware,0.25,0.01788,,,2021-05-08
P-111750,50,outside_processing,0.0,0.0,V-1040,,2021-05-08
P-111750,60,inspection_pack,0.15,0.00739,,,2021-05-08
P-111773,10,laser,0.2,0.01445,,,2021-04-10
P-111773,20,press_brake,0.66,0.01908,,TS-12GA-2,2021-04-10
P-111773,30,hardware,0.25,0.00955,,,2021-04-10
P-111773,40,outside_processing,0.0,0.0,V-1040,,2021-04-10
P-111773,50,assembly,0.3,0.08379,,,2021-04-10
P-111773,60,inspection_pack,0.15,0.00605,,,2021-04-10
P-111795,10,laser,0.2,0.07712,,,2023-06-04
P-111795,20,press_brake,0.94,0.05365,,TS-18GA-1,2023-06-04
P-111795,30,press_brake,0.73,0.03072,,TS-18GA-1,2023-06-04
P-111795,40,outside_processing,0.0,0.0,V-1102,,2023-06-04
P-111795,50,inspection_pack,0.15,0.00638,,,2023-06-04
P-111811,10,punch,0.5,0.0401,,,2015-03-28
P-111811,20,grind_deburr,0.2,0.00534,,,2015-03-28
P-111811,30,press_brake,1.15,0.07729,,TS-12GA-2,2015-03-28
P-111811,40,hardware,0.25,0.01959,,,2015-03-28
P-111811,50,weld,0.5,0.18734,,,2015-03-28
P-111811,60,grind_deburr,0.2,0.00671,,,2015-03-28
P-111811,70,assembly,0.3,0.04815,,,2015-03-28
P-111811,80,inspection_pack,0.15,0.00538,,,2015-03-28
P-111815,10,laser,0.2,0.07354,,,2019-10-06
P-111815,20,grind_deburr,0.2,0.01302,,,2019-10-06
P-111815,30,press_brake,0.87,0.04788,,TS-16GA-3,2019-10-06
P-111815,40,assembly,0.3,0.03718,,,2019-10-06
P-111815,50,inspection_pack,0.15,0.00538,,,2019-10-06
P-111821,10,laser,0.2,0.02578,,,2022-04-26
P-111821,20,grind_deburr,0.2,0.00713,,,2022-04-26
P-111821,30,press_brake,0.73,0.02568,,TS-0.125IN-1,2022-04-26
P-111821,40,inspection_pack,0.15,0.00291,,,2022-04-26
P-111846,10,laser,0.2,0.04301,,,2015-12-08
P-111846,20,press_brake,0.8,0.03948,,TS-18GA-3,2015-12-08
P-111846,30,powder_coat,0.25,0.01059,,,2015-12-08
P-111846,40,inspection_pack,0.15,0.00336,,,2015-12-08
P-111870,10,laser,0.2,0.04463,,,2024-01-13
P-111870,20,grind_deburr,0.2,0.00274,,,2024-01-13
P-111870,30,press_brake,0.66,0.01896,,TS-18GA-2,2024-01-13
P-111870,40,hardware,0.25,0.01212,,,2024-01-13
P-111870,50,inspection_pack,0.15,0.00694,,,2024-01-13
P-111875,10,punch,0.5,0.00727,,,2015-02-12
P-111875,20,grind_deburr,0.2,0.00452,,,2015-02-12
P-111875,30,press_brake,1.08,0.05137,,TS-16GA-3,2015-02-12
P-111875,40,weld,0.5,0.05917,,,2015-02-12
P-111875,50,grind_deburr,0.2,0.00247,,,2015-02-12
P-111875,60,assembly,0.3,0.06164,,,2015-02-12
P-111875,70,inspection_pack,0.15,0.00885,,,2015-02-12
P-111882,10,laser,0.2,0.00705,,,2015-03-16
P-111882,20,grind_deburr,0.2,0.00206,,,2015-03-16
P-111882,30,press_brake,0.87,0.03156,,TS-14GA-1,2015-03-16
P-111882,40,hardware,0.25,0.01322,,,2015-03-16
P-111882,50,powder_coat,0.25,0.00225,,,2015-03-16
P-111882,60,assembly,0.3,0.06504,,,2015-03-16
P-111882,70,inspection_pack,0.15,0.00414,,,2015-03-16
P-111886,10,laser,0.2,0.01422,,,2022-10-28
P-111886,20,grind_deburr,0.2,0.00452,,,2022-10-28
P-111886,30,press_brake,1.15,0.06337,,TS-18GA-2,2022-10-28
P-111886,40,hardware,0.25,0.02914,,,2022-10-28
P-111886,50,weld,0.5,0.0422,,,2022-10-28
P-111886,60,grind_deburr,0.2,0.00685,,,2022-10-28
P-111886,70,outside_processing,0.0,0.0,V-1077,,2022-10-28
P-111886,80,assembly,0.3,0.04234,,,2022-10-28
P-111886,90,inspection_pack,0.15,0.00694,,,2022-10-28
P-111892,10,punch,0.5,0.02354,,,2014-08-11
P-111892,20,grind_deburr,0.2,0.00726,,,2014-08-11
P-111892,30,press_brake,0.66,0.02244,,TS-20GA-3,2014-08-11
P-111892,40,weld,0.5,0.2291,,,2014-08-11
P-111892,50,grind_deburr,0.2,0.00713,,,2014-08-11
P-111892,60,outside_processing,0.0,0.0,V-1040,,2014-08-11
P-111892,70,inspection_pack,0.15,0.0075,,,2014-08-11
P-111894,10,laser,0.2,0.01226,,,2017-07-01
P-111894,20,grind_deburr,0.2,0.0011,,,2017-07-01
P-111894,30,press_brake,0.59,0.01032,,TS-16GA-3,2017-07-01
P-111894,40,powder_coat,0.25,0.00241,,,2017-07-01
P-111894,50,inspection_pack,0.15,0.00818,,,2017-07-01
P-111940,10,laser,0.2,0.07389,,,2014-03-02
P-111940,20,grind_deburr,0.2,0.00576,,,2014-03-02
P-111940,30,press_brake,1.01,0.07285,,TS-16GA-3,2014-03-02
P-111940,40,inspection_pack,0.15,0.00963,,,2014-03-02
P-111955,10,laser,0.2,0.09343,,,2016-01-16
P-111955,20,press_brake,0.73,0.04512,,TS-14GA-3,2016-01-16
P-111955,30,hardware,0.25,0.0082,,,2016-01-16
P-111955,40,press_brake,0.59,0.02256,,TS-14GA-3,2016-01-16
P-111955,50,outside_processing,0.0,0.0,V-1102,,2016-01-16
P-111955,60,outside_processing,0.0,0.0,V-1040,,2016-01-16
P-111955,70,inspection_pack,0.15,0.00414,,,2016-01-16
P-111968,10,laser,0.2,0.01827,,,2016-04-14
P-111968,20,grind_deburr,0.2,0.00288,,,2016-04-14
P-111968,30,press_brake,0.73,0.02076,,TS-18GA-3,2016-04-14
P-111968,40,hardware,0.25,0.02425,,,2016-04-14
P-111968,50,inspection_pack,0.15,0.00392,,,2016-04-14
P-111982,10,laser,0.2,0.09736,,,2013-09-06
P-111982,20,grind_deburr,0.2,0.0148,,,2013-09-06
P-111982,30,press_brake,1.43,0.12445,,TS-11GA-1,2013-09-06
P-111982,40,robotic_weld,1.2,0.10196,,,2013-09-06
P-111982,50,grind_deburr,0.2,0.00658,,,2013-09-06
P-111982,60,powder_coat,0.25,0.01716,,,2013-09-06
P-111982,70,inspection_pack,0.15,0.00829,,,2013-09-06
P-111990,10,laser,0.2,0.017,,,2022-11-04
P-111990,20,grind_deburr,0.2,0.00192,,,2022-11-04
P-111990,30,press_brake,0.59,0.01032,,TS-11GA-2,2022-11-04
P-111990,40,hardware,0.25,0.01837,,,2022-11-04
P-111990,50,outside_processing,0.0,0.0,V-1102,,2022-11-04
P-111990,60,powder_coat,0.25,0.00144,,,2022-11-04
P-111990,70,inspection_pack,0.15,0.01031,,,2022-11-04
P-111997,10,laser,0.2,0.01191,,,2021-12-08
P-111997,20,grind_deburr,0.2,0.00082,,,2021-12-08
P-111997,30,press_brake,0.52,0.00516,,TS-16GA-1,2021-12-08
P-111997,40,inspection_pack,0.15,0.01031,,,2021-12-08
P-112028,10,laser,0.2,0.00648,,,2014-11-22
P-112028,20,grind_deburr,0.2,0.00069,,,2014-11-22
P-112028,30,press_brake,0.66,0.0156,,TS-11GA-2,2014-11-22
P-112028,40,inspection_pack,0.15,0.00795,,,2014-11-22
P-112030,10,laser,0.2,0.02,,,2017-05-30
P-112030,20,grind_deburr,0.2,0.00726,,,2017-05-30
P-112030,30,press_brake,0.73,0.02832,,TS-18GA-3,2017-05-30
P-112030,40,hardware,0.25,0.02363,,,2017-05-30
P-112030,50,inspection_pack,0.15,0.00627,,,2017-05-30
P-112045,10,laser,0.2,0.01492,,,2022-09-30
P-112045,20,grind_deburr,0.2,0.00192,,,2022-09-30
P-112045,30,press_brake,0.73,0.02076,,TS-18GA-2,2022-09-30
P-112045,40,inspection_pack,0.15,0.00997,,,2022-09-30
P-112053,10,punch,0.5,0.01734,,,2020-07-16
P-112053,20,grind_deburr,0.2,0.01,,,2020-07-16
P-112053,30,press_brake,0.73,0.02748,,TS-16GA-2,2020-07-16
P-112053,40,hardware,0.25,0.02547,,,2020-07-16
P-112053,50,powder_coat,0.25,0.00786,,,2020-07-16
P-112053,60,inspection_pack,0.15,0.00885,,,2020-07-16
P-112068,10,laser,0.2,0.01318,,,2013-05-20
P-112068,20,grind_deburr,0.2,0.00151,,,2013-05-20
P-112068,30,press_brake,0.59,0.01032,,TS-14GA-2,2013-05-20
P-112068,40,outside_processing,0.0,0.0,V-1040,,2013-05-20
P-112068,50,inspection_pack,0.15,0.01019,,,2013-05-20
P-112080,10,laser,0.2,0.09054,,,2012-08-29
P-112080,20,grind_deburr,0.2,0.01233,,,2012-08-29
P-112080,30,press_brake,0.94,0.05473,,TS-18GA-2,2012-08-29
P-112080,40,hardware,0.25,0.02633,,,2012-08-29
P-112080,50,press_brake,0.8,0.03912,,TS-18GA-2,2012-08-29
P-112080,60,outside_processing,0.0,0.0,V-1040,,2012-08-29
P-112080,70,inspection_pack,0.15,0.00694,,,2012-08-29
P-112096,10,punch,0.5,0.00426,,,2023-02-23
P-112096,20,press_brake,0.59,0.01032,,TS-16GA-2,2023-02-23
P-112096,30,powder_coat,0.25,0.00257,,,2023-02-23
P-112096,40,inspection_pack,0.15,0.00582,,,2023-02-23
P-112102,10,laser,0.2,0.02093,,,2024-06-30
P-112102,20,grind_deburr,0.2,0.00151,,,2024-06-30
P-112102,30,press_brake,0.94,0.03684,,TS-20GA-1,2024-06-30
P-112102,40,weld,0.5,0.04354,,,2024-06-30
P-112102,50,grind_deburr,0.2,0.00096,,,2024-06-30
P-112102,60,inspection_pack,0.15,0.00437,,,2024-06-30
P-112114,10,laser,0.2,0.01677,,,2023-02-09
P-112114,20,grind_deburr,0.2,0.00164,,,2023-02-09
P-112114,30,press_brake,0.59,0.01032,,TS-11GA-2,2023-02-09
P-112114,40,powder_coat,0.25,0.00112,,,2023-02-09
P-112114,50,inspection_pack,0.15,0.00437,,,2023-02-09
P-112118,10,laser,0.2,0.01168,,,2022-07-13
P-112118,20,press_brake,0.59,0.01032,,TS-20GA-2,2022-07-13
P-112118,30,powder_coat,0.25,0.00176,,,2022-07-13
P-112118,40,inspection_pack,0.15,0.00538,,,2022-07-13
P-112144,10,laser,0.2,0.0148,,,2024-10-31
P-112144,20,grind_deburr,0.2,0.00096,,,2024-10-31
P-112144,30,press_brake,0.66,0.0162,,TS-14GA-1,2024-10-31
P-112144,40,weld,0.5,0.02266,,,2024-10-31
P-112144,50,grind_deburr,0.2,0.00123,,,2024-10-31
P-112144,60,assembly,0.3,0.04683,,,2024-10-31
P-112144,70,inspection_pack,0.15,0.0028,,,2024-10-31
P-112151,10,laser,0.2,0.04833,,,2022-07-18
P-112151,20,grind_deburr,0.2,0.00548,,,2022-07-18
P-112151,30,press_brake,1.15,0.06229,,TS-16GA-3,2022-07-18
P-112151,40,assembly,0.3,0.09169,,,2022-07-18
P-112151,50,inspection_pack,0.15,0.01031,,,2022-07-18
P-112167,10,punch,0.5,0.01104,,,2022-07-21
P-112167,20,grind_deburr,0.2,0.00274,,,2022-07-21
P-112167,30,press_brake,1.15,0.05269,,TS-12GA-1,2022-07-21
P-112167,40,hardware,0.25,0.01212,,,2022-07-21
P-112167,50,weld,0.5,0.02814,,,2022-07-21
P-112167,60,grind_deburr,0.2,0.00082,,,2022-07-21
P-112167,70,powder_coat,0.25,0.00241,,,2022-07-21
P-112167,80,assembly,0.3,0.0261,,,2022-07-21
P-112167,90,inspection_pack,0.15,0.00325,,,2022-07-21
P-112172,10,laser,0.2,0.01943,,,2022-07-22
P-112172,20,grind_deburr,0.2,0.00644,,,2022-07-22
P-112172,30,press_brake,1.22,0.06913,,TS-18GA-1,2022-07-22
P-112172,40,hardware,0.25,0.00735,,,2022-07-22
P-112172,50,robotic_weld,1.2,0.03277,,,2022-07-22
P-112172,60,grind_deburr,0.2,0.00726,,,2022-07-22
P-112172,70,outside_processing,0.0,0.0,V-1040,,2022-07-22
P-112172,80,inspection_pack,0.15,0.00952,,,2022-07-22
P-112174,10,laser,0.2,0.05446,,,2022-07-22
P-112174,20,press_brake,0.87,0.03876,,TS-0.125IN-1,2022-07-22
P-112174,30,hardware,0.25,0.01298,,,2022-07-22
P-112174,40,weld,0.5,0.10517,,,2022-07-22
P-112174,50,grind_deburr,0.2,0.00493,,,2022-07-22
P-112174,60,outside_processing,0.0,0.0,V-1040,,2022-07-22
P-112174,70,assembly,0.3,0.05243,,,2022-07-22
P-112174,80,inspection_pack,0.15,0.00706,,,2022-07-22
P-112181,10,laser,0.2,0.01422,,,2024-01-10
P-112181,20,press_brake,0.73,0.02076,,TS-14GA-3,2024-01-10
P-112181,30,hardware,0.25,0.01971,,,2024-01-10
P-112181,40,inspection_pack,0.15,0.00493,,,2024-01-10
P-112189,10,laser,0.2,0.01179,,,2023-04-15
P-112189,20,grind_deburr,0.2,0.00288,,,2023-04-15
P-112189,30,press_brake,0.66,0.0156,,TS-14GA-2,2023-04-15
P-112189,40,weld,0.5,0.0575,,,2023-04-15
P-112189,50,grind_deburr,0.2,0.00164,,,2023-04-15
P-112189,60,inspection_pack,0.15,0.00526,,,2023-04-15
P-112206,10,laser,0.2,0.01561,,,2022-07-26
P-112206,20,grind_deburr,0.2,0.00274,,,2022-07-26
P-112206,30,press_brake,1.01,0.04584,,TS-12GA-3,2022-07-26
P-112206,40,weld,0.5,0.09568,,,2022-07-26
P-112206,50,grind_deburr,0.2,0.00425,,,2022-07-26
P-112206,60,assembly,0.3,0.0487,,,2022-07-26
P-112206,70,inspection_pack,0.15,0.00291,,,2022-07-26
P-112228,10,laser,0.2,0.04336,,,2022-07-27
P-112228,20,grind_deburr,0.2,0.00836,,,2022-07-27
P-112228,30,press_brake,0.59,0.01452,,TS-14GA-3,2022-07-27
P-112228,40,weld,0.5,0.24216,,,2022-07-27
P-112228,50,grind_deburr,0.2,0.00562,,,2022-07-27
P-112228,60,outside_processing,0.0,0.0,V-1077,,2022-07-27
P-112228,70,inspection_pack,0.15,0.00538,,,2022-07-27
P-112236,10,laser,0.2,0.0355,,,2022-12-19
P-112236,20,grind_deburr,0.2,0.00219,,,2022-12-19
P-112236,30,press_brake,0.8,0.03408,,TS-18GA-2,2022-12-19
P-112236,40,hardware,0.25,0.01261,,,2022-12-19
P-112236,50,powder_coat,0.25,0.00305,,,2022-12-19
P-112236,60,assembly,0.3,0.04234,,,2022-12-19
P-112236,70,inspection_pack,0.15,0.00627,,,2022-12-19
P-112241,10,laser,0.2,0.01873,,,2023-03-03
P-112241,20,grind_deburr,0.2,0.00534,,,2023-03-03
P-112241,30,press_brake,0.87,0.0348,,TS-20GA-2,2023-03-03
P-112241,40,weld,0.5,0.03461,,,2023-03-03
P-112241,50,grind_deburr,0.2,0.00233,,,2023-03-03
P-112241,60,assembly,0.3,0.05956,,,2023-03-03
P-112241,70,inspection_pack,0.15,0.00392,,,2023-03-03
P-112242,10,laser,0.2,0.00682,,,2022-07-29
P-112242,20,press_brake,0.87,0.03264,,TS-14GA-2,2022-07-29
P-112242,30,outside_processing,0.0,0.0,V-1040,,2022-07-29
P-112242,40,inspection_pack,0.15,0.00706,,,2022-07-29
P-112245,10,laser,0.2,0.01445,,,2024-02-05
P-112245,20,grind_deburr,0.2,0.00452,,,2024-02-05
P-112245,30,press_brake,0.66,0.01752,,TS-11GA-3,2024-02-05
P-112245,40,hardware,0.25,0.01947,,,2024-02-05
P-112245,50,weld,0.5,0.05471,,,2024-02-05
P-112245,60,grind_deburr,0.2,0.00439,,,2024-02-05
P-112245,70,inspection_pack,0.15,0.00493,,,2024-02-05
P-112249,10,laser,0.2,0.02486,,,2022-10-07
P-112249,20,press_brake,0.8,0.03288,,TS-16GA-3,2022-10-07
P-112249,30,powder_coat,0.25,0.00225,,,2022-10-07
P-112249,40,inspection_pack,0.15,0.0065,,,2022-10-07
P-112258,10,laser,0.2,0.00983,,,2023-07-24
P-112258,20,grind_deburr,0.2,0.00137,,,2023-07-24
P-112258,30,press_brake,0.52,0.00516,,TS-18GA-3,2023-07-24
P-112258,40,hardware,0.25,0.0098,,,2023-07-24
P-112258,50,powder_coat,0.25,0.00128,,,2023-07-24
P-112258,60,inspection_pack,0.15,0.01053,,,2023-07-24
P-112267,10,laser,0.2,0.0222,,,2023-03-03
P-112267,20,grind_deburr,0.2,0.00452,,,2023-03-03
P-112267,30,press_brake,0.87,0.03528,,TS-16GA-3,2023-03-03
P-112267,40,powder_coat,0.25,0.00353,,,2023-03-03
P-112267,50,inspection_pack,0.15,0.0056,,,2023-03-03
P-112275,10,laser,0.2,0.01827,,,2023-01-16
P-112275,20,grind_deburr,0.2,0.00411,,,2023-01-16
P-112275,30,press_brake,0.66,0.01668,,TS-12GA-1,2023-01-16
P-112275,40,weld,0.5,0.04187,,,2023-01-16
P-112275,50,grind_deburr,0.2,0.00137,,,2023-01-16
P-112275,60,inspection_pack,0.15,0.00717,,,2023-01-16
P-112282,10,punch,0.5,0.04252,,,2022-08-08
P-112282,20,grind_deburr,0.2,0.01576,,,2022-08-08
P-112282,30,press_brake,0.66,0.02628,,TS-0.125IN-2,2022-08-08
P-112282,40,hardware,0.25,0.0109,,,2022-08-08
P-112282,50,weld,0.5,0.07782,,,2022-08-08
P-112282,60,grind_deburr,0.2,0.01,,,2022-08-08
P-112282,70,powder_coat,0.25,0.01315,,,2022-08-08
P-112282,80,assembly,0.3,0.08105,,,2022-08-08
P-112282,90,inspection_pack,0.15,0.00806,,,2022-08-08
P-112289,10,laser,0.2,0.01677,,,2024-07-17
P-112289,20,press_brake,0.8,0.02748,,TS-20GA-1,2024-07-17
P-112289,30,powder_coat,0.25,0.00241,,,2024-07-17
P-112289,40,assembly,0.3,0.02237,,,2024-07-17
P-112289,50,inspection_pack,0.15,0.0037,,,2024-07-17
P-112292,10,laser,0.2,0.02382,,,2023-05-24
P-112292,20,grind_deburr,0.2,0.00233,,,2023-05-24
P-112292,30,press_brake,0.87,0.03228,,TS-14GA-2,2023-05-24
P-112292,40,hardware,0.25,0.02376,,,2023-05-24
P-112292,50,powder_coat,0.25,0.00096,,,2023-05-24
P-112292,60,assembly,0.3,0.09805,,,2023-05-24
P-112292,70,inspection_pack,0.15,0.00851,,,2023-05-24
P-112299,10,laser,0.2,0.03642,,,2024-06-18
P-112299,20,press_brake,1.08,0.07189,,TS-14GA-3,2024-06-18
P-112299,30,hardware,0.25,0.02731,,,2024-06-18
P-112299,40,robotic_weld,1.2,0.06378,,,2024-06-18
P-112299,50,grind_deburr,0.2,0.0137,,,2024-06-18
P-112299,60,powder_coat,0.25,0.00545,,,2024-06-18
P-112299,70,assembly,0.3,0.0295,,,2024-06-18
P-112299,80,inspection_pack,0.15,0.00986,,,2024-06-18
P-112305,10,laser,0.2,0.00728,,,2022-10-12
P-112305,20,press_brake,0.73,0.02076,,TS-18GA-3,2022-10-12
P-112305,30,hardware,0.25,0.01482,,,2022-10-12
P-112305,40,inspection_pack,0.15,0.00739,,,2022-10-12
P-112314,10,laser,0.2,0.00509,,,2024-12-02
P-112314,20,grind_deburr,0.2,0.00247,,,2024-12-02
P-112314,30,press_brake,0.66,0.0156,,TS-20GA-2,2024-12-02
P-112314,40,inspection_pack,0.15,0.00426,,,2024-12-02
P-112326,10,laser,0.2,0.03527,,,2023-08-10
P-112326,20,press_brake,0.87,0.04716,,TS-18GA-3,2023-08-10
P-112326,30,inspection_pack,0.15,0.00538,,,2023-08-10
P-112334,10,laser,0.2,0.0096,,,2022-08-11
P-112334,20,press_brake,0.59,0.01032,,TS-0.250IN-2,2022-08-11
P-112334,30,hardware,0.25,0.0169,,,2022-08-11
P-112334,40,outside_processing,0.0,0.0,V-1040,,2022-08-11
P-112334,50,inspection_pack,0.15,0.00302,,,2022-08-11
P-112340,10,laser,0.2,0.06695,,,2023-05-19
P-112340,20,grind_deburr,0.2,0.00343,,,2023-05-19
P-112340,30,press_brake,0.87,0.04356,,TS-14GA-3,2023-05-19
P-112340,40,hardware,0.25,0.01837,,,2023-05-19
P-112340,50,assembly,0.3,0.05999,,,2023-05-19
P-112340,60,inspection_pack,0.15,0.00918,,,2023-05-19
P-112352,10,punch,0.5,0.01744,,,2023-03-17
P-112352,20,grind_deburr,0.2,0.00439,,,2023-03-17
P-112352,30,press_brake,0.94,0.04584,,TS-18GA-3,2023-03-17
P-112352,40,weld,0.5,0.12527,,,2023-03-17
P-112352,50,grind_deburr,0.2,0.00576,,,2023-03-17
P-112352,60,inspection_pack,0.15,0.00829,,,2023-03-17
P-112353,10,laser,0.2,0.04348,,,2023-02-01
P-112353,20,grind_deburr,0.2,0.00918,,,2023-02-01
P-112353,30,press_brake,0.59,0.01452,,TS-16GA-3,2023-02-01
P-112353,40,powder_coat,0.25,0.01027,,,2023-02-01
P-112353,50,inspection_pack,0.15,0.00426,,,2023-02-01
P-112354,10,laser,0.2,0.01769,,,2022-11-30
P-112354,20,press_brake,0.59,0.01032,,TS-16GA-2,2022-11-30
P-112354,30,outside_processing,0.0,0.0,V-1040,,2022-11-30
P-112354,40,inspection_pack,0.15,0.00661,,,2022-11-30
P-112361,10,laser,0.2,0.0207,,,2023-04-18
P-112361,20,grind_deburr,0.2,0.00288,,,2023-04-18
P-112361,30,press_brake,0.8,0.02616,,TS-16GA-2,2023-04-18
P-112361,40,outside_processing,0.0,0.0,V-1040,,2023-04-18
P-112361,50,inspection_pack,0.15,0.00862,,,2023-04-18
P-112369,10,laser,0.2,0.03134,,,2024-08-04
P-112369,20,grind_deburr,0.2,0.00726,,,2024-08-04
P-112369,30,press_brake,1.08,0.06517,,TS-16GA-2,2024-08-04
P-112369,40,inspection_pack,0.15,0.00347,,,2024-08-04
P-112379,10,laser,0.2,0.12303,,,2022-08-16
P-112379,20,press_brake,0.94,0.06121,,TS-14GA-1,2022-08-16
P-112379,30,assembly,0.3,0.02237,,,2022-08-16
P-112379,40,inspection_pack,0.15,0.01053,,,2022-08-16
P-112383,10,laser,0.2,0.00902,,,2024-11-17
P-112383,20,press_brake,0.52,0.00516,,TS-14GA-2,2024-11-17
P-112383,30,inspection_pack,0.15,0.00851,,,2024-11-17
P-112387,10,punch,0.5,0.00523,,,2024-04-20
P-112387,20,grind_deburr,0.2,0.00219,,,2024-04-20
P-112387,30,press_brake,0.52,0.00516,,TS-16GA-2,2024-04-20
P-112387,40,hardware,0.25,0.01127,,,2024-04-20
P-112387,50,powder_coat,0.25,0.00128,,,2024-04-20
P-112387,60,inspection_pack,0.15,0.00795,,,2024-04-20
P-112389,10,laser,0.2,0.017,,,2024-03-10
P-112389,20,grind_deburr,0.2,0.00178,,,2024-03-10
P-112389,30,press_brake,0.66,0.01776,,TS-14GA-2,2024-03-10
P-112389,40,inspection_pack,0.15,0.0065,,,2024-03-10
P-112407,10,punch,0.5,0.0062,,,2022-08-18
P-112407,20,grind_deburr,0.2,0.00096,,,2022-08-18
P-112407,30,press_brake,0.59,0.01032,,TS-11GA-1,2022-08-18
P-112407,40,hardware,0.25,0.0218,,,2022-08-18
P-112407,50,inspection_pack,0.15,0.00571,,,2022-08-18
P-112422,10,laser,0.2,0.01226,,,2023-07-09
P-112422,20,press_brake,0.66,0.0156,,TS-14GA-1,2023-07-09
P-112422,30,outside_processing,0.0,0.0,V-1040,,2023-07-09
P-112422,40,inspection_pack,0.15,0.00325,,,2023-07-09
P-112424,10,laser,0.2,0.08013,,,2023-04-10
P-112424,20,press_brake,0.87,0.04524,,TS-14GA-2,2023-04-10
P-112424,30,powder_coat,0.25,0.01155,,,2023-04-10
P-112424,40,inspection_pack,0.15,0.00694,,,2023-04-10
P-112425,10,laser,0.2,0.01758,,,2023-11-13
P-112425,20,grind_deburr,0.2,0.00493,,,2023-11-13
P-112425,30,press_brake,0.66,0.01872,,TS-16GA-1,2023-11-13
P-112425,40,powder_coat,0.25,0.00481,,,2023-11-13
P-112425,50,inspection_pack,0.15,0.01031,,,2023-11-13
P-112432,10,laser,0.2,0.04556,,,2024-10-06
P-112432,20,grind_deburr,0.2,0.00384,,,2024-10-06
P-112432,30,press_brake,0.66,0.0204,,TS-16GA-3,2024-10-06
P-112432,40,inspection_pack,0.15,0.00638,,,2024-10-06
P-112459,10,laser,0.2,0.03342,,,2025-02-01
P-112459,20,press_brake,0.87,0.03768,,TS-14GA-3,2025-02-01
P-112459,30,hardware,0.25,0.01653,,,2025-02-01
P-112459,40,weld,0.5,0.05381,,,2025-02-01
P-112459,50,grind_deburr,0.2,0.00534,,,2025-02-01
P-112459,60,inspection_pack,0.15,0.00515,,,2025-02-01
P-112479,10,laser,0.2,0.04394,,,2025-01-09
P-112479,20,grind_deburr,0.2,0.01055,,,2025-01-09
P-112479,30,press_brake,0.59,0.0144,,TS-20GA-1,2025-01-09
P-112479,40,powder_coat,0.25,0.00481,,,2025-01-09
P-112479,50,inspection_pack,0.15,0.00762,,,2025-01-09
P-112484,10,laser,0.2,0.01711,,,2023-11-06
P-112484,20,press_brake,0.59,0.01032,,TS-18GA-3,2023-11-06
P-112484,30,hardware,0.25,0.01947,,,2023-11-06
P-112484,40,inspection_pack,0.15,0.00974,,,2023-11-06
P-112496,10,laser,0.2,0.03769,,,2022-08-29
P-112496,20,grind_deburr,0.2,0.00589,,,2022-08-29
P-112496,30,press_brake,1.01,0.05317,,TS-20GA-1,2022-08-29
P-112496,40,powder_coat,0.25,0.00209,,,2022-08-29
P-112496,50,assembly,0.3,0.05495,,,2022-08-29
P-112496,60,inspection_pack,0.15,0.0037,,,2022-08-29
P-112499,10,laser,0.2,0.00833,,,2023-09-22
P-112499,20,grind_deburr,0.2,0.00096,,,2023-09-22
P-112499,30,press_brake,0.59,0.01032,,TS-14GA-3,2023-09-22
P-112499,40,inspection_pack,0.15,0.00482,,,2023-09-22
P-112522,10,laser,0.2,0.01943,,,2022-09-01
P-112522,20,grind_deburr,0.2,0.0011,,,2022-09-01
P-112522,30,press_brake,0.73,0.02076,,TS-16GA-1,2022-09-01
P-112522,40,powder_coat,0.25,0.0008,,,2022-09-01
P-112522,50,inspection_pack,0.15,0.00851,,,2022-09-01
P-112544,10,punch,0.5,0.00833,,,2024-06-09
P-112544,20,press_brake,0.73,0.02076,,TS-14GA-3,2024-06-09
P-112544,30,powder_coat,0.25,0.00176,,,2024-06-09
P-112544,40,inspection_pack,0.15,0.00952,,,2024-06-09
P-112548,10,laser,0.2,0.04105,,,2024-03-11
P-112548,20,grind_deburr,0.2,0.00439,,,2024-03-11
P-112548,30,press_brake,0.59,0.0144,,TS-11GA-2,2024-03-11
P-112548,40,hardware,0.25,0.02571,,,2024-03-11
P-112548,50,powder_coat,0.25,0.0061,,,2024-03-11
P-112548,60,inspection_pack,0.15,0.00605,,,2024-03-11
P-112550,10,laser,0.2,0.07065,,,2024-09-11
P-112550,20,grind_deburr,0.2,0.01069,,,2024-09-11
P-112550,30,press_brake,0.66,0.0234,,TS-18GA-3,2024-09-11
P-112550,40,hardware,0.25,0.01163,,,2024-09-11
P-112550,50,powder_coat,0.25,0.0093,,,2024-09-11
P-112550,60,inspection_pack,0.15,0.00291,,,2024-09-11
P-112565,10,laser,0.2,0.01075,,,2024-11-19
P-112565,20,grind_deburr,0.2,0.00192,,,2024-11-19
P-112565,30,press_brake,0.52,0.00516,,TS-16GA-1,2024-11-19
P-112565,40,hardware,0.25,0.02571,,,2024-11-19
P-112565,50,powder_coat,0.25,0.00257,,,2024-11-19
P-112565,60,inspection_pack,0.15,0.00437,,,2024-11-19
P-112566,10,laser,0.2,0.01561,,,2022-09-13
P-112566,20,grind_deburr,0.2,0.00726,,,2022-09-13
P-112566,30,press_brake,1.43,0.09025,,TS-16GA-2,2022-09-13
P-112566,40,hardware,0.25,0.00906,,,2022-09-13
P-112566,50,robotic_weld,1.2,0.04645,,,2022-09-13
P-112566,60,grind_deburr,0.2,0.00397,,,2022-09-13
P-112566,70,powder_coat,0.25,0.00706,,,2022-09-13
P-112566,80,assembly,0.3,0.06603,,,2022-09-13
P-112566,90,inspection_pack,0.15,0.00762,,,2022-09-13
P-112578,10,punch,0.5,0.02509,,,2024-05-09
P-112578,20,grind_deburr,0.2,0.0026,,,2024-05-09
P-112578,30,press_brake,0.73,0.02772,,TS-11GA-1,2024-05-09
P-112578,40,hardware,0.25,0.02118,,,2024-05-09
P-112578,50,weld,0.5,0.03193,,,2024-05-09
P-112578,60,grind_deburr,0.2,0.00795,,,2024-05-09
P-112578,70,powder_coat,0.25,0.00433,,,2024-05-09
P-112578,80,inspection_pack,0.15,0.00571,,,2024-05-09
P-112611,10,punch,0.5,0.03894,,,2024-04-28
P-112611,20,grind_deburr,0.2,0.0074,,,2024-04-28
P-112611,30,press_brake,1.01,0.05821,,TS-20GA-3,2024-04-28
P-112611,40,powder_coat,0.25,0.01043,,,2024-04-28
P-112611,50,inspection_pack,0.15,0.00829,,,2024-04-28
P-112614,10,laser,0.2,0.01943,,,2024-04-03
P-112614,20,press_brake,0.73,0.02076,,TS-20GA-2,2024-04-03
P-112614,30,hardware,0.25,0.0289,,,2024-04-03
P-112614,40,powder_coat,0.25,0.00192,,,2024-04-03
P-112614,50,inspection_pack,0.15,0.00582,,,2024-04-03
P-112646,10,laser,0.2,0.01503,,,2023-07-02
P-112646,20,grind_deburr,0.2,0.00164,,,2023-07-02
P-112646,30,press_brake,0.73,0.02076,,TS-20GA-2,2023-07-02
P-112646,40,powder_coat,0.25,0.00112,,,2023-07-02
P-112646,50,inspection_pack,0.15,0.00437,,,2023-07-02
P-112654,10,laser,0.2,0.03561,,,2022-12-27
P-112654,20,grind_deburr,0.2,0.00397,,,2022-12-27
P-112654,30,press_brake,0.87,0.03912,,TS-12GA-3,2022-12-27
P-112654,40,hardware,0.25,0.00796,,,2022-12-27
P-112654,50,powder_coat,0.25,0.00577,,,2022-12-27
P-112654,60,inspection_pack,0.15,0.00381,,,2022-12-27
P-112668,10,laser,0.2,0.01711,,,2022-09-28
P-112668,20,grind_deburr,0.2,0.0026,,,2022-09-28
P-112668,30,press_brake,0.8,0.02628,,TS-18GA-3,2022-09-28
P-112668,40,inspection_pack,0.15,0.00627,,,2022-09-28
P-112674,10,laser,0.2,0.00844,,,2024-05-14
P-112674,20,grind_deburr,0.2,0.00274,,,2024-05-14
P-112674,30,press_brake,0.94,0.03636,,TS-16GA-3,2024-05-14
P-112674,40,robotic_weld,1.2,0.01247,,,2024-05-14
P-112674,50,grind_deburr,0.2,0.00164,,,2024-05-14
P-112674,60,inspection_pack,0.15,0.00974,,,2024-05-14
P-112699,10,laser,0.2,0.02798,,,2024-03-25
P-112699,20,grind_deburr,0.2,0.00247,,,2024-03-25
P-112699,30,press_brake,0.87,0.03456,,TS-12GA-3,2024-03-25
P-112699,40,hardware,0.25,0.02608,,,2024-03-25
P-112699,50,powder_coat,0.25,0.00225,,,2024-03-25
P-112699,60,inspection_pack,0.15,0.00941,,,2024-03-25
P-112718,10,laser,0.2,0.0089,,,2025-01-19
P-112718,20,grind_deburr,0.2,0.00164,,,2025-01-19
P-112718,30,press_brake,0.59,0.01032,,TS-20GA-3,2025-01-19
P-112718,40,hardware,0.25,0.01384,,,2025-01-19
P-112718,50,inspection_pack,0.15,0.01053,,,2025-01-19
P-112731,10,laser,0.2,0.09435,,,2024-03-31
P-112731,20,grind_deburr,0.2,0.00576,,,2024-03-31
P-112731,30,press_brake,0.73,0.0414,,TS-12GA-3,2024-03-31
P-112731,40,weld,0.5,0.27365,,,2024-03-31
P-112731,50,grind_deburr,0.2,0.01631,,,2024-03-31
P-112731,60,press_brake,0.59,0.02076,,TS-12GA-3,2024-03-31
P-112731,70,powder_coat,0.25,0.01732,,,2024-03-31
P-112731,80,inspection_pack,0.15,0.00818,,,2024-03-31
P-112749,10,laser,0.2,0.03365,,,2022-10-04
P-112749,20,press_brake,0.59,0.01488,,TS-12GA-2,2022-10-04
P-112749,30,hardware,0.25,0.01494,,,2022-10-04
P-112749,40,weld,0.5,0.1342,,,2022-10-04
P-112749,50,grind_deburr,0.2,0.00754,,,2022-10-04
P-112749,60,inspection_pack,0.15,0.00482,,,2022-10-04
P-112760,10,laser,0.2,0.01873,,,2022-10-06
P-112760,20,grind_deburr,0.2,0.00288,,,2022-10-06
P-112760,30,press_brake,0.66,0.01608,,TS-12GA-3,2022-10-06
P-112760,40,hardware,0.25,0.01861,,,2022-10-06
P-112760,50,inspection_pack,0.15,0.00616,,,2022-10-06
P-112766,10,punch,0.5,0.00649,,,2024-12-10
P-112766,20,grind_deburr,0.2,0.00192,,,2024-12-10
P-112766,30,press_brake,0.59,0.01032,,TS-12GA-2,2024-12-10
P-112766,40,powder_coat,0.25,0.00096,,,2024-12-10
P-112766,50,inspection_pack,0.15,0.00392,,,2024-12-10
P-112779,10,laser,0.2,0.01445,,,2022-12-24
P-112779,20,press_brake,0.73,0.02076,,TS-16GA-3,2022-12-24
P-112779,30,hardware,0.25,0.01029,,,2022-12-24
P-112779,40,inspection_pack,0.15,0.00403,,,2022-12-24
P-112785,10,laser,0.2,0.01769,,,2023-05-31
P-112785,20,grind_deburr,0.2,0.00315,,,2023-05-31
P-112785,30,press_brake,0.59,0.01056,,TS-20GA-1,2023-05-31
P-112785,40,hardware,0.25,0.02645,,,2023-05-31
P-112785,50,powder_coat,0.25,0.00096,,,2023-05-31
P-112785,60,inspection_pack,0.15,0.0075,,,2023-05-31
P-112793,10,punch,0.5,0.03487,,,2023-08-06
P-112793,20,grind_deburr,0.2,0.01672,,,2023-08-06
P-112793,30,press_brake,0.66,0.02688,,TS-18GA-1,2023-08-06
P-112793,40,hardware,0.25,0.02229,,,2023-08-06
P-112793,50,powder_coat,0.25,0.01267,,,2023-08-06
P-112793,60,assembly,0.3,0.04212,,,2023-08-06
P-112793,70,inspection_pack,0.15,0.00918,,,2023-08-06
P-112824,10,laser,0.2,0.04648,,,2023-08-23
P-112824,20,press_brake,0.94,0.04764,,TS-14GA-1,2023-08-23
P-112824,30,hardware,0.25,0.02486,,,2023-08-23
P-112824,40,weld,0.5,0.07335,,,2023-08-23
P-112824,50,grind_deburr,0.2,0.00877,,,2023-08-23
P-112824,60,inspection_pack,0.15,0.00694,,,2023-08-23
P-112838,10,laser,0.2,0.0111,,,2023-03-22
P-112838,20,grind_deburr,0.2,0.0026,,,2023-03-22
P-112838,30,press_brake,0.66,0.0168,,TS-12GA-1,2023-03-22
P-112838,40,weld,0.5,0.06699,,,2023-03-22
P-112838,50,grind_deburr,0.2,0.00137,,,2023-03-22
P-112838,60,powder_coat,0.25,0.00257,,,2023-03-22
P-112838,70,inspection_pack,0.15,0.0047,,,2023-03-22
P-112855,10,laser,0.2,0.01318,,,2022-12-31
P-112855,20,grind_deburr,0.2,0.00164,,,2022-12-31
P-112855,30,press_brake,0.73,0.02076,,TS-20GA-2,2022-12-31
P-112855,40,outside_processing,0.0,0.0,V-1040,,2022-12-31
P-112855,50,inspection_pack,0.15,0.00762,,,2022-12-31
P-112901,10,laser,0.2,0.00983,,,2024-03-28
P-112901,20,grind_deburr,0.2,0.00206,,,2024-03-28
P-112901,30,press_brake,0.73,0.02076,,TS-20GA-3,2024-03-28
P-112901,40,hardware,0.25,0.02902,,,2024-03-28
P-112901,50,outside_processing,0.0,0.0,V-1077,,2024-03-28
P-112901,60,inspection_pack,0.15,0.0075,,,2024-03-28
P-112905,10,laser,0.2,0.0296,,,2024-03-17
P-112905,20,grind_deburr,0.2,0.00439,,,2024-03-17
P-112905,30,press_brake,0.59,0.01188,,TS-14GA-3,2024-03-17
P-112905,40,powder_coat,0.25,0.00449,,,2024-03-17
P-112905,50,inspection_pack,0.15,0.00694,,,2024-03-17
P-112906,10,laser,0.2,0.04163,,,2024-09-26
P-112906,20,grind_deburr,0.2,0.00192,,,2024-09-26
P-112906,30,press_brake,0.8,0.0312,,TS-16GA-1,2024-09-26
P-112906,40,hardware,0.25,0.02204,,,2024-09-26
P-112906,50,powder_coat,0.25,0.00577,,,2024-09-26
P-112906,60,inspection_pack,0.15,0.00784,,,2024-09-26
P-112930,10,laser,0.2,0.03168,,,2024-06-26
P-112930,20,grind_deburr,0.2,0.00534,,,2024-06-26
P-112930,30,press_brake,0.87,0.03648,,TS-11GA-1,2024-06-26
P-112930,40,hardware,0.25,0.02204,,,2024-06-26
P-112930,50,powder_coat,0.25,0.00369,,,2024-06-26
P-112930,60,inspection_pack,0.15,0.00694,,,2024-06-26
P-112937,10,laser,0.2,0.01041,,,2022-10-24
P-112937,20,grind_deburr,0.2,0.00137,,,2022-10-24
P-112937,30,press_brake,0.59,0.01032,,TS-16GA-1,2022-10-24
P-112937,40,inspection_pack,0.15,0.00661,,,2022-10-24
P-112978,10,laser,0.2,0.00601,,,2022-10-27
P-112978,20,grind_deburr,0.2,0.00178,,,2022-10-27
P-112978,30,press_brake,0.66,0.0156,,TS-18GA-1,2022-10-27
P-112978,40,hardware,0.25,0.02559,,,2022-10-27
P-112978,50,powder_coat,0.25,0.0008,,,2022-10-27
P-112978,60,inspection_pack,0.15,0.00694,,,2022-10-27
P-113009,10,punch,0.5,0.02373,,,2024-01-10
P-113009,20,grind_deburr,0.2,0.00439,,,2024-01-10
P-113009,30,press_brake,0.8,0.03132,,TS-20GA-3,2024-01-10
P-113009,40,outside_processing,0.0,0.0,V-1040,,2024-01-10
P-113009,50,assembly,0.3,0.07041,,,2024-01-10
P-113009,60,inspection_pack,0.15,0.00818,,,2024-01-10
P-113018,10,laser,0.2,0.00543,,,2023-03-23
P-113018,20,grind_deburr,0.2,0.00123,,,2023-03-23
P-113018,30,press_brake,0.59,0.01032,,TS-14GA-1,2023-03-23
P-113018,40,powder_coat,0.25,0.00112,,,2023-03-23
P-113018,50,inspection_pack,0.15,0.00762,,,2023-03-23
P-113033,10,laser,0.2,0.01191,,,2022-11-10
P-113033,20,grind_deburr,0.2,0.00178,,,2022-11-10
P-113033,30,press_brake,0.73,0.02076,,TS-14GA-3,2022-11-10
P-113033,40,inspection_pack,0.15,0.00616,,,2022-11-10
P-113061,10,laser,0.2,0.02023,,,2022-11-14
P-113061,20,grind_deburr,0.2,0.00247,,,2022-11-14
P-113061,30,press_brake,0.66,0.01584,,TS-18GA-3,2022-11-14
P-113061,40,hardware,0.25,0.02241,,,2022-11-14
P-113061,50,weld,0.5,0.05795,,,2022-11-14
P-113061,60,grind_deburr,0.2,0.00151,,,2022-11-14
P-113061,70,outside_processing,0.0,0.0,V-1040,,2022-11-14
P-113061,80,inspection_pack,0.15,0.00694,,,2022-11-14
P-113065,10,laser,0.2,0.02116,,,2022-11-17
P-113065,20,grind_deburr,0.2,0.00274,,,2022-11-17
P-113065,30,press_brake,0.73,0.02172,,TS-12GA-2,2022-11-17
P-113065,40,outside_processing,0.0,0.0,V-1040,,2022-11-17
P-113065,50,inspection_pack,0.15,0.00661,,,2022-11-17
P-113068,10,laser,0.2,0.00682,,,2022-11-17
P-113068,20,grind_deburr,0.2,0.00123,,,2022-11-17
P-113068,30,press_brake,1.01,0.04152,,TS-20GA-3,2022-11-17
P-113068,40,hardware,0.25,0.02792,,,2022-11-17
P-113068,50,weld,0.5,0.06007,,,2022-11-17
P-113068,60,grind_deburr,0.2,0.00178,,,2022-11-17
P-113068,70,inspection_pack,0.15,0.00851,,,2022-11-17
P-113069,10,laser,0.2,0.00717,,,2022-11-18
P-113069,20,press_brake,0.66,0.0156,,TS-12GA-2,2022-11-18
P-113069,30,inspection_pack,0.15,0.00314,,,2022-11-18
P-113072,10,laser,0.2,0.06961,,,2024-07-02
P-113072,20,grind_deburr,0.2,0.00466,,,2024-07-02
P-113072,30,press_brake,0.8,0.03672,,TS-12GA-2,2024-07-02
P-113072,40,hardware,0.25,0.02302,,,2024-07-02
P-113072,50,outside_processing,0.0,0.0,V-1077,,2024-07-02
P-113072,60,inspection_pack,0.15,0.00706,,,2024-07-02
P-113108,10,laser,0.2,0.01388,,,2022-11-18
P-113108,20,grind_deburr,0.2,0.00123,,,2022-11-18
P-113108,30,press_brake,0.52,0.00516,,TS-16GA-1,2022-11-18
P-113108,40,hardware,0.25,0.02278,,,2022-11-18
P-113108,50,powder_coat,0.25,0.0016,,,2022-11-18
P-113108,60,inspection_pack,0.15,0.00672,,,2022-11-18
P-113122,10,laser,0.2,0.01896,,,2022-11-21
P-113122,20,grind_deburr,0.2,0.0037,,,2022-11-21
P-113122,30,press_brake,0.87,0.03864,,TS-16GA-3,2022-11-21
P-113122,40,inspection_pack,0.15,0.00381,,,2022-11-21
P-113136,10,laser,0.2,0.13887,,,2022-11-28
P-113136,20,press_brake,1.01,0.09025,,TS-12GA-2,2022-11-28
P-113136,30,hardware,0.25,0.0262,,,2022-11-28
P-113136,40,robotic_weld,1.2,0.18438,,,2022-11-28
P-113136,50,grind_deburr,0.2,0.00946,,,2022-11-28
P-113136,60,powder_coat,0.25,0.02294,,,2022-11-28
P-113136,70,assembly,0.3,0.06592,,,2022-11-28
P-113136,80,inspection_pack,0.15,0.00918,,,2022-11-28
P-113148,10,laser,0.2,0.00937,,,2024-05-11
P-113148,20,grind_deburr,0.2,0.0026,,,2024-05-11
P-113148,30,press_brake,0.8,0.02592,,TS-18GA-3,2024-05-11
P-113148,40,hardware,0.25,0.01592,,,2024-05-11
P-113148,50,weld,0.5,0.01831,,,2024-05-11
P-113148,60,grind_deburr,0.2,0.00233,,,2024-05-11
P-113148,70,powder_coat,0.25,0.00096,,,2024-05-11
P-113148,80,inspection_pack,0.15,0.0075,,,2024-05-11
P-113154,10,laser,0.2,0.05319,,,2023-11-13
P-113154,20,press_brake,0.73,0.02856,,TS-18GA-2,2023-11-13
P-113154,30,hardware,0.25,0.00808,,,2023-11-13
P-113154,40,inspection_pack,0.15,0.00325,,,2023-11-13
P-113155,10,punch,0.5,0.01327,,,2023-08-28
P-113155,20,press_brake,0.87,0.04488,,TS-14GA-3,2023-08-28
P-113155,30,hardware,0.25,0.0158,,,2023-08-28
P-113155,40,inspection_pack,0.15,0.01019,,,2023-08-28
P-113159,10,laser,0.2,0.01711,,,2023-08-04
P-113159,20,grind_deburr,0.2,0.00192,,,2023-08-04
P-113159,30,press_brake,0.73,0.02076,,TS-20GA-1,2023-08-04
P-113159,40,weld,0.5,0.03204,,,2023-08-04
P-113159,50,grind_deburr,0.2,0.00219,,,2023-08-04
P-113159,60,inspection_pack,0.15,0.00638,,,2023-08-04
P-113185,10,laser,0.2,0.11794,,,2022-12-05
P-113185,20,grind_deburr,0.2,0.02124,,,2022-12-05
P-113185,30,press_brake,0.87,0.06529,,TS-14GA-3,2022-12-05
P-113185,40,hardware,0.25,0.01433,,,2022-12-05
P-113185,50,weld,0.5,0.46546,,,2022-12-05
P-113185,60,grind_deburr,0.2,0.00904,,,2022-12-05
P-113185,70,outside_processing,0.0,0.0,V-1040,,2022-12-05
P-113185,80,inspection_pack,0.15,0.00963,,,2022-12-05
P-113194,10,laser,0.2,0.00879,,,2024-02-11
P-113194,20,grind_deburr,0.2,0.00288,,,2024-02-11
P-113194,30,press_brake,0.52,0.00516,,TS-0.125IN-2,2024-02-11
P-113194,40,hardware,0.25,0.01445,,,2024-02-11
P-113194,50,inspection_pack,0.15,0.00403,,,2024-02-11
P-113257,10,laser,0.2,0.08198,,,2023-03-13
P-113257,20,grind_deburr,0.2,0.02028,,,2023-03-13
P-113257,30,press_brake,1.22,0.10945,,TS-0.125IN-3,2023-03-13
P-113257,40,hardware,0.25,0.02608,,,2023-03-13
P-113257,50,powder_coat,0.25,0.00658,,,2023-03-13
P-113257,60,assembly,0.3,0.0759,,,2023-03-13
P-113257,70,inspection_pack,0.15,0.01042,,,2023-03-13
P-113278,10,laser,0.2,0.04694,,,2022-12-16
P-113278,20,press_brake,0.8,0.039,,TS-14GA-2,2022-12-16
P-113278,30,hardware,0.25,0.02927,,,2022-12-16
P-113278,40,inspection_pack,0.15,0.01064,,,2022-12-16
P-113283,10,laser,0.2,0.00983,,,2024-05-31
P-113283,20,grind_deburr,0.2,0.0026,,,2024-05-31
P-113283,30,press_brake,0.66,0.0156,,TS-18GA-3,2024-05-31
P-113283,40,hardware,0.25,0.0251,,,2024-05-31
P-113283,50,weld,0.5,0.01865,,,2024-05-31
P-113283,60,grind_deburr,0.2,0.00151,,,2024-05-31
P-113283,70,outside_processing,0.0,0.0,V-1077,,2024-05-31
P-113283,80,inspection_pack,0.15,0.00683,,,2024-05-31
P-113344,10,laser,0.2,0.08418,,,2023-06-05
P-113344,20,grind_deburr,0.2,0.02357,,,2023-06-05
P-113344,30,press_brake,1.01,0.09001,,TS-16GA-3,2023-06-05
P-113344,40,hardware,0.25,0.01739,,,2023-06-05
P-113344,50,weld,0.5,0.26181,,,2023-06-05
P-113344,60,grind_deburr,0.2,0.02494,,,2023-06-05
P-113344,70,inspection_pack,0.15,0.0093,,,2023-06-05
P-113375,10,punch,0.5,0.02674,,,2023-01-05
P-113375,20,press_brake,1.01,0.05533,,TS-20GA-3,2023-01-05
P-113375,30,hardware,0.25,0.02755,,,2023-01-05
P-113375,40,robotic_weld,1.2,0.04568,,,2023-01-05
P-113375,50,grind_deburr,0.2,0.00274,,,2023-01-05
P-113375,60,assembly,0.3,0.02292,,,2023-01-05
P-113375,70,inspection_pack,0.15,0.01008,,,2023-01-05
P-113379,10,laser,0.2,0.0385,,,2024-10-05
P-113379,20,grind_deburr,0.2,0.00301,,,2024-10-05
P-113379,30,press_brake,0.87,0.04212,,TS-16GA-1,2024-10-05
P-113379,40,weld,0.5,0.07626,,,2024-10-05
P-113379,50,grind_deburr,0.2,0.00329,,,2024-10-05
P-113379,60,outside_processing,0.0,0.0,V-1040,,2024-10-05
P-113379,70,inspection_pack,0.15,0.00459,,,2024-10-05
P-113394,10,laser,0.2,0.06764,,,2023-01-05
P-113394,20,grind_deburr,0.2,0.00959,,,2023-01-05
P-113394,30,press_brake,0.87,0.04248,,TS-16GA-3,2023-01-05
P-113394,40,inspection_pack,0.15,0.00526,,,2023-01-05
P-113407,10,punch,0.5,0.04407,,,2023-11-12
P-113407,20,grind_deburr,0.2,0.00671,,,2023-11-12
P-113407,30,press_brake,0.94,0.06493,,TS-11GA-2,2023-11-12
P-113407,40,press_brake,0.8,0.04632,,TS-11GA-2,2023-11-12
P-113407,50,powder_coat,0.25,0.01748,,,2023-11-12
P-113407,60,inspection_pack,0.15,0.00638,,,2023-11-12
P-113413,10,punch,0.5,0.01802,,,2023-03-24
P-113413,20,grind_deburr,0.2,0.00562,,,2023-03-24
P-113413,30,press_brake,0.94,0.04356,,TS-18GA-3,2023-03-24
P-113413,40,weld,0.5,0.09579,,,2023-03-24
P-113413,50,grind_deburr,0.2,0.00671,,,2023-03-24
P-113413,60,press_brake,0.8,0.0312,,TS-18GA-3,2023-03-24
P-113413,70,powder_coat,0.25,0.0069,,,2023-03-24
P-113413,80,inspection_pack,0.15,0.00571,,,2023-03-24
P-113415,10,laser,0.2,0.01515,,,2025-01-23
P-113415,20,grind_deburr,0.2,0.00288,,,2025-01-23
P-113415,30,press_brake,0.59,0.01032,,TS-12GA-3,2025-01-23
P-113415,40,inspection_pack,0.15,0.01019,,,2025-01-23
P-113425,10,laser,0.2,0.017,,,2024-07-06
P-113425,20,grind_deburr,0.2,0.00069,,,2024-07-06
P-113425,30,press_brake,0.66,0.0156,,TS-14GA-2,2024-07-06
P-113425,40,hardware,0.25,0.02584,,,2024-07-06
P-113425,50,inspection_pack,0.15,0.00717,,,2024-07-06
P-113429,10,punch,0.5,0.00804,,,2024-05-10
P-113429,20,grind_deburr,0.2,0.00315,,,2024-05-10
P-113429,30,press_brake,0.73,0.02136,,TS-18GA-3,2024-05-10
P-113429,40,hardware,0.25,0.01188,,,2024-05-10
P-113429,50,inspection_pack,0.15,0.00795,,,2024-05-10
P-113436,10,laser,0.2,0.00775,,,2023-01-10
P-113436,20,press_brake,0.73,0.02076,,TS-16GA-3,2023-01-10
P-113436,30,powder_coat,0.25,0.00225,,,2023-01-10
P-113436,40,inspection_pack,0.15,0.00403,,,2023-01-10
P-113465,10,laser,0.2,0.00578,,,2023-06-25
P-113465,20,grind_deburr,0.2,0.00151,,,2023-06-25
P-113465,30,press_brake,0.66,0.0156,,TS-16GA-2,2023-06-25
P-113465,40,powder_coat,0.25,0.00144,,,2023-06-25
P-113465,50,inspection_pack,0.15,0.00952,,,2023-06-25
P-113470,10,punch,0.5,0.04582,,,2023-07-02
P-113470,20,grind_deburr,0.2,0.00397,,,2023-07-02
P-113470,30,press_brake,0.59,0.0156,,TS-18GA-1,2023-07-02
P-113470,40,hardware,0.25,0.01273,,,2023-07-02
P-113470,50,inspection_pack,0.15,0.0056,,,2023-07-02
P-113480,10,laser,0.2,0.02266,,,2023-12-16
P-113480,20,press_brake,0.87,0.04236,,TS-16GA-1,2023-12-16
P-113480,30,assembly,0.3,0.07952,,,2023-12-16
P-113480,40,inspection_pack,0.15,0.00986,,,2023-12-16
P-113485,10,punch,0.5,0.01017,,,2025-06-04
P-113485,20,press_brake,0.59,0.01092,,TS-12GA-3,2025-06-04
P-113485,30,hardware,0.25,0.0229,,,2025-06-04
P-113485,40,inspection_pack,0.15,0.00482,,,2025-06-04
P-113499,10,laser,0.2,0.16246,,,2024-07-10
P-113499,20,grind_deburr,0.2,0.01713,,,2024-07-10
P-113499,30,press_brake,1.01,0.08953,,TS-16GA-3,2024-07-10
P-113499,40,hardware,0.25,0.01298,,,2024-07-10
P-113499,50,inspection_pack,0.15,0.00862,,,2024-07-10
P-113506,10,punch,0.5,0.01511,,,2024-11-19
P-113506,20,grind_deburr,0.2,0.00315,,,2024-11-19
P-113506,30,press_brake,0.73,0.02568,,TS-20GA-3,2024-11-19
P-113506,40,hardware,0.25,0.02327,,,2024-11-19
P-113506,50,inspection_pack,0.15,0.00526,,,2024-11-19
P-113514,10,laser,0.2,0.00856,,,2024-07-11
P-113514,20,grind_deburr,0.2,0.00096,,,2024-07-11
P-113514,30,press_brake,0.66,0.0156,,TS-18GA-1,2024-07-11
P-113514,40,powder_coat,0.25,0.0016,,,2024-07-11
P-113514,50,inspection_pack,0.15,0.00728,,,2024-07-11
P-113533,10,punch,0.5,0.07381,,,2024-04-08
P-113533,20,grind_deburr,0.2,0.01699,,,2024-04-08
P-113533,30,press_brake,0.87,0.05749,,TS-18GA-2,2024-04-08
P-113533,40,hardware,0.25,0.0098,,,2024-04-08
P-113533,50,powder_coat,0.25,0.01684,,,2024-04-08
P-113533,60,assembly,0.3,0.07118,,,2024-04-08
P-113533,70,inspection_pack,0.15,0.00302,,,2024-04-08
P-113556,10,laser,0.2,0.0148,,,2023-12-13
P-113556,20,grind_deburr,0.2,0.0011,,,2023-12-13
P-113556,30,press_brake,0.73,0.02076,,TS-18GA-2,2023-12-13
P-113556,40,inspection_pack,0.15,0.00874,,,2023-12-13
P-113566,10,punch,0.5,0.00949,,,2023-01-24
P-113566,20,grind_deburr,0.2,0.00658,,,2023-01-24
P-113566,30,press_brake,0.59,0.01284,,TS-14GA-2,2023-01-24
P-113566,40,hardware,0.25,0.02033,,,2023-01-24
P-113566,50,inspection_pack,0.15,0.00806,,,2023-01-24
P-113572,10,laser,0.2,0.02128,,,2025-03-27
P-113572,20,press_brake,0.66,0.0186,,TS-18GA-2,2025-03-27
P-113572,30,weld,0.5,0.14001,,,2025-03-27
P-113572,40,grind_deburr,0.2,0.0026,,,2025-03-27
P-113572,50,inspection_pack,0.15,0.00459,,,2025-03-27
P-113585,10,laser,0.2,0.02625,,,2024-05-16
P-113585,20,press_brake,0.59,0.01332,,TS-18GA-1,2024-05-16
P-113585,30,hardware,0.25,0.01457,,,2024-05-16
P-113585,40,powder_coat,0.25,0.00786,,,2024-05-16
P-113585,50,inspection_pack,0.15,0.00896,,,2024-05-16
P-113597,10,laser,0.2,0.01573,,,2025-01-29
P-113597,20,grind_deburr,0.2,0.00137,,,2025-01-29
P-113597,30,press_brake,0.73,0.02076,,TS-14GA-3,2025-01-29
P-113597,40,powder_coat,0.25,0.00209,,,2025-01-29
P-113597,50,inspection_pack,0.15,0.00997,,,2025-01-29
P-113612,10,laser,0.2,0.00948,,,2023-04-03
P-113612,20,grind_deburr,0.2,0.00219,,,2023-04-03
P-113612,30,press_brake,0.52,0.00516,,TS-14GA-2,2023-04-03
P-113612,40,powder_coat,0.25,0.00096,,,2023-04-03
P-113612,50,inspection_pack,0.15,0.00302,,,2023-04-03
P-113640,10,laser,0.2,0.01376,,,2023-02-01
P-113640,20,grind_deburr,0.2,0.00069,,,2023-02-01
P-113640,30,press_brake,0.52,0.00516,,TS-18GA-1,2023-02-01
P-113640,40,hardware,0.25,0.0142,,,2023-02-01
P-113640,50,powder_coat,0.25,0.00209,,,2023-02-01
P-113640,60,inspection_pack,0.15,0.00963,,,2023-02-01
P-113652,10,laser,0.2,0.02035,,,2025-07-01
P-113652,20,grind_deburr,0.2,0.00082,,,2025-07-01
P-113652,30,press_brake,0.8,0.02616,,TS-20GA-3,2025-07-01
P-113652,40,hardware,0.25,0.01335,,,2025-07-01
P-113652,50,inspection_pack,0.15,0.0047,,,2025-07-01
P-113684,10,laser,0.2,0.00856,,,2025-05-01
P-113684,20,grind_deburr,0.2,0.00274,,,2025-05-01
P-113684,30,press_brake,0.73,0.02136,,TS-14GA-1,2025-05-01
P-113684,40,inspection_pack,0.15,0.00392,,,2025-05-01
P-113697,10,laser,0.2,0.01573,,,2025-05-27
P-113697,20,press_brake,0.73,0.02076,,TS-16GA-3,2025-05-27
P-113697,30,inspection_pack,0.15,0.00302,,,2025-05-27
P-113703,10,laser,0.2,0.00578,,,2025-07-01
P-113703,20,grind_deburr,0.2,0.00151,,,2025-07-01
P-113703,30,press_brake,0.59,0.01032,,TS-11GA-3,2025-07-01
P-113703,40,hardware,0.25,0.01629,,,2025-07-01
P-113703,50,outside_processing,0.0,0.0,V-1040,,2025-07-01
P-113703,60,inspection_pack,0.15,0.00773,,,2025-07-01
P-113712,10,laser,0.2,0.01226,,,2025-07-09
P-113712,20,press_brake,0.66,0.0156,,TS-20GA-3,2025-07-09
P-113712,30,inspection_pack,0.15,0.00538,,,2025-07-09
P-113719,10,laser,0.2,0.01561,,,2025-02-15
P-113719,20,grind_deburr,0.2,0.00123,,,2025-02-15
P-113719,30,press_brake,0.94,0.03636,,TS-12GA-2,2025-02-15
P-113719,40,weld,0.5,0.05102,,,2025-02-15
P-113719,50,grind_deburr,0.2,0.00069,,,2025-02-15
P-113719,60,inspection_pack,0.15,0.00459,,,2025-02-15
P-113720,10,laser,0.2,0.01515,,,2025-04-07
P-113720,20,grind_deburr,0.2,0.00521,,,2025-04-07
P-113720,30,press_brake,0.8,0.02892,,TS-18GA-3,2025-04-07
P-113720,40,hardware,0.25,0.01102,,,2025-04-07
P-113720,50,powder_coat,0.25,0.00257,,,2025-04-07
P-113720,60,assembly,0.3,0.10661,,,2025-04-07
P-113720,70,inspection_pack,0.15,0.00414,,,2025-04-07
P-113745,10,laser,0.2,0.0281,,,2023-02-22
P-113745,20,grind_deburr,0.2,0.00301,,,2023-02-22
P-113745,30,press_brake,0.73,0.02904,,TS-16GA-1,2023-02-22
P-113745,40,hardware,0.25,0.02694,,,2023-02-22
P-113745,50,inspection_pack,0.15,0.01031,,,2023-02-22
P-113771,10,laser,0.2,0.01723,,,2023-07-02
P-113771,20,grind_deburr,0.2,0.00288,,,2023-07-02
P-113771,30,press_brake,0.52,0.00516,,TS-16GA-2,2023-07-02
P-113771,40,hardware,0.25,0.02792,,,2023-07-02
P-113771,50,powder_coat,0.25,0.0016,,,2023-07-02
P-113771,60,inspection_pack,0.15,0.00582,,,2023-07-02
P-113802,10,laser,0.2,0.01087,,,2023-03-02
P-113802,20,grind_deburr,0.2,0.00219,,,2023-03-02
P-113802,30,press_brake,0.73,0.02076,,TS-12GA-3,2023-03-02
P-113802,40,hardware,0.25,0.01604,,,2023-03-02
P-113802,50,weld,0.5,0.03997,,,2023-03-02
P-113802,60,grind_deburr,0.2,0.00219,,,2023-03-02
P-113802,70,powder_coat,0.25,0.00257,,,2023-03-02
P-113802,80,inspection_pack,0.15,0.00907,,,2023-03-02
P-113804,10,laser,0.2,0.07053,,,2023-03-06
P-113804,20,grind_deburr,0.2,0.01357,,,2023-03-06
P-113804,30,press_brake,0.94,0.07153,,TS-18GA-3,2023-03-06
P-113804,40,robotic_weld,1.2,0.04204,,,2023-03-06
P-113804,50,grind_deburr,0.2,0.01576,,,2023-03-06
P-113804,60,powder_coat,0.25,0.01428,,,2023-03-06
P-113804,70,inspection_pack,0.15,0.00717,,,2023-03-06
P-113827,10,laser,0.2,0.04903,,,2023-07-12
P-113827,20,grind_deburr,0.2,0.01,,,2023-07-12
P-113827,30,press_brake,0.87,0.04416,,TS-16GA-1,2023-07-12
P-113827,40,hardware,0.25,0.01935,,,2023-07-12
P-113827,50,outside_processing,0.0,0.0,V-1040,,2023-07-12
P-113827,60,inspection_pack,0.15,0.00851,,,2023-07-12
P-113912,10,laser,0.2,0.01526,,,2023-11-19
P-113912,20,grind_deburr,0.2,0.00151,,,2023-11-19
P-113912,30,press_brake,0.52,0.00516,,TS-16GA-3,2023-11-19
P-113912,40,powder_coat,0.25,0.00096,,,2023-11-19
P-113912,50,inspection_pack,0.15,0.00627,,,2023-11-19
P-113922,10,laser,0.2,0.0059,,,2024-10-23
P-113922,20,press_brake,0.73,0.02076,,TS-16GA-2,2024-10-23
P-113922,30,powder_coat,0.25,0.00176,,,2024-10-23
P-113922,40,inspection_pack,0.15,0.00594,,,2024-10-23
P-113944,10,punch,0.5,0.01792,,,2025-02-18
P-113944,20,grind_deburr,0.2,0.00356,,,2025-02-18
P-113944,30,press_brake,0.59,0.01164,,TS-20GA-1,2025-02-18
P-113944,40,hardware,0.25,0.02131,,,2025-02-18
P-113944,50,outside_processing,0.0,0.0,V-1077,,2025-02-18
P-113944,60,inspection_pack,0.15,0.00896,,,2025-02-18
P-113948,10,punch,0.5,0.06451,,,2023-03-23
P-113948,20,press_brake,1.01,0.07249,,TS-18GA-2,2023-03-23
P-113948,30,press_brake,0.87,0.05437,,TS-18GA-2,2023-03-23
P-113948,40,outside_processing,0.0,0.0,V-1040,,2023-03-23
P-113948,50,inspection_pack,0.15,0.0047,,,2023-03-23
P-113954,10,laser,0.2,0.01711,,,2023-11-17
P-113954,20,press_brake,1.01,0.04824,,TS-0.125IN-3,2023-11-17
P-113954,30,weld,0.5,0.04924,,,2023-11-17
P-113954,40,grind_deburr,0.2,0.00493,,,2023-11-17
P-113954,50,assembly,0.3,0.0974,,,2023-11-17
P-113954,60,inspection_pack,0.15,0.00851,,,2023-11-17
P-113956,10,laser,0.2,0.02613,,,2023-09-13
P-113956,20,grind_deburr,0.2,0.00425,,,2023-09-13
P-113956,30,press_brake,0.59,0.01116,,TS-18GA-3,2023-09-13
P-113956,40,hardware,0.25,0.02131,,,2023-09-13
P-113956,50,outside_processing,0.0,0.0,V-1040,,2023-09-13
P-113956,60,inspection_pack,0.15,0.00885,,,2023-09-13
P-113992,10,laser,0.2,0.04694,,,2023-03-28
P-113992,20,press_brake,0.87,0.03876,,TS-0.250IN-1,2023-03-28
P-113992,30,hardware,0.25,0.02633,,,2023-03-28
P-113992,40,weld,0.5,0.03528,,,2023-03-28
P-113992,50,grind_deburr,0.2,0.00685,,,2023-03-28
P-113992,60,powder_coat,0.25,0.00594,,,2023-03-28
P-113992,70,assembly,0.3,0.04563,,,2023-03-28
P-113992,80,inspection_pack,0.15,0.00683,,,2023-03-28
P-113998,10,laser,0.2,0.01029,,,2024-10-07
P-113998,20,grind_deburr,0.2,0.00288,,,2024-10-07
P-113998,30,press_brake,0.73,0.02316,,TS-16GA-3,2024-10-07
P-113998,40,weld,0.5,0.05292,,,2024-10-07
P-113998,50,grind_deburr,0.2,0.0048,,,2024-10-07
P-113998,60,inspection_pack,0.15,0.00549,,,2024-10-07
P-114006,10,laser,0.2,0.00682,,,2024-01-23
P-114006,20,grind_deburr,0.2,0.00082,,,2024-01-23
P-114006,30,press_brake,0.87,0.03156,,TS-11GA-1,2024-01-23
P-114006,40,weld,0.5,0.05761,,,2024-01-23
P-114006,50,grind_deburr,0.2,0.00178,,,2024-01-23
P-114006,60,inspection_pack,0.15,0.00661,,,2024-01-23
P-114014,10,laser,0.2,0.01052,,,2023-09-09
P-114014,20,grind_deburr,0.2,0.00466,,,2023-09-09
P-114014,30,press_brake,0.87,0.03372,,TS-16GA-1,2023-09-09
P-114014,40,weld,0.5,0.03115,,,2023-09-09
P-114014,50,grind_deburr,0.2,0.00439,,,2023-09-09
P-114014,60,outside_processing,0.0,0.0,V-1077,,2023-09-09
P-114014,70,assembly,0.3,0.10266,,,2023-09-09
P-114014,80,inspection_pack,0.15,0.00974,,,2023-09-09
P-114022,10,laser,0.2,0.03677,,,2023-04-04
P-114022,20,grind_deburr,0.2,0.00343,,,2023-04-04
P-114022,30,press_brake,0.8,0.03684,,TS-20GA-3,2023-04-04
P-114022,40,weld,0.5,0.05772,,,2023-04-04
P-114022,50,grind_deburr,0.2,0.00507,,,2023-04-04
P-114022,60,powder_coat,0.25,0.0069,,,2023-04-04
P-114022,70,inspection_pack,0.15,0.00762,,,2023-04-04
P-114028,10,laser,0.2,0.03399,,,2024-08-30
P-114028,20,grind_deburr,0.2,0.00274,,,2024-08-30
P-114028,30,press_brake,0.73,0.02484,,TS-16GA-3,2024-08-30
P-114028,40,hardware,0.25,0.00845,,,2024-08-30
P-114028,50,inspection_pack,0.15,0.00806,,,2024-08-30
P-114031,10,laser,0.2,0.01723,,,2023-04-04
P-114031,20,grind_deburr,0.2,0.00301,,,2023-04-04
P-114031,30,press_brake,0.66,0.01584,,TS-18GA-2,2023-04-04
P-114031,40,powder_coat,0.25,0.00176,,,2023-04-04
P-114031,50,inspection_pack,0.15,0.00739,,,2023-04-04
P-114035,10,laser,0.2,0.01422,,,2023-04-03
P-114035,20,grind_deburr,0.2,0.00123,,,2023-04-03
P-114035,30,press_brake,0.66,0.0156,,TS-12GA-2,2023-04-03
P-114035,40,inspection_pack,0.15,0.00773,,,2023-04-03
P-114042,10,laser,0.2,0.04775,,,2025-08-10
P-114042,20,grind_deburr,0.2,0.01302,,,2025-08-10
P-114042,30,press_brake,0.8,0.0378,,TS-0.250IN-3,2025-08-10
P-114042,40,outside_processing,0.0,0.0,V-1040,,2025-08-10
P-114042,50,inspection_pack,0.15,0.00683,,,2025-08-10
P-114043,10,laser,0.2,0.02243,,,2024-10-25
P-114043,20,grind_deburr,0.2,0.00466,,,2024-10-25
P-114043,30,press_brake,0.59,0.01176,,TS-18GA-3,2024-10-25
P-114043,40,hardware,0.25,0.02388,,,2024-10-25
P-114043,50,outside_processing,0.0,0.0,V-1040,,2024-10-25
P-114043,60,inspection_pack,0.15,0.00885,,,2024-10-25
P-114045,10,laser,0.2,0.00925,,,2023-04-06
P-114045,20,grind_deburr,0.2,0.00069,,,2023-04-06
P-114045,30,press_brake,0.73,0.02076,,TS-16GA-3,2023-04-06
P-114045,40,powder_coat,0.25,0.00128,,,2023-04-06
P-114045,50,inspection_pack,0.15,0.01064,,,2023-04-06
P-114050,10,laser,0.2,0.00867,,,2025-05-18
P-114050,20,grind_deburr,0.2,0.00247,,,2025-05-18
P-114050,30,press_brake,0.59,0.01032,,TS-18GA-3,2025-05-18
P-114050,40,hardware,0.25,0.00894,,,2025-05-18
P-114050,50,inspection_pack,0.15,0.00851,,,2025-05-18
P-114052,10,punch,0.5,0.00727,,,2023-06-23
P-114052,20,grind_deburr,0.2,0.00219,,,2023-06-23
P-114052,30,press_brake,0.8,0.02592,,TS-20GA-2,2023-06-23
P-114052,40,inspection_pack,0.15,0.00459,,,2023-06-23
P-114074,10,laser,0.2,0.05377,,,2023-04-18
P-114074,20,press_brake,0.8,0.03456,,TS-14GA-3,2023-04-18
P-114074,30,hardware,0.25,0.01788,,,2023-04-18
P-114074,40,powder_coat,0.25,0.00481,,,2023-04-18
P-114074,50,assembly,0.3,0.05528,,,2023-04-18
P-114074,60,inspection_pack,0.15,0.00482,,,2023-04-18
P-114088,10,laser,0.2,0.00994,,,2024-04-26
P-114088,20,grind_deburr,0.2,0.00219,,,2024-04-26
P-114088,30,press_brake,0.73,0.02076,,TS-20GA-3,2024-04-26
P-114088,40,hardware,0.25,0.02853,,,2024-04-26
P-114088,50,powder_coat,0.25,0.00192,,,2024-04-26
P-114088,60,inspection_pack,0.15,0.01019,,,2024-04-26
P-114097,10,laser,0.2,0.14153,,,2025-02-26
P-114097,20,grind_deburr,0.2,0.0148,,,2025-02-26
P-114097,30,press_brake,1.43,0.13705,,TS-11GA-3,2025-02-26
P-114097,40,weld,0.5,0.46535,,,2025-02-26
P-114097,50,grind_deburr,0.2,0.01233,,,2025-02-26
P-114097,60,inspection_pack,0.15,0.00986,,,2025-02-26
P-114119,10,laser,0.2,0.01908,,,2023-04-24
P-114119,20,grind_deburr,0.2,0.00082,,,2023-04-24
P-114119,30,press_brake,0.52,0.00516,,TS-0.125IN-2,2023-04-24
P-114119,40,powder_coat,0.25,0.0008,,,2023-04-24
P-114119,50,inspection_pack,0.15,0.0056,,,2023-04-24
P-114124,10,punch,0.5,0.02984,,,2023-04-24
P-114124,20,grind_deburr,0.2,0.00274,,,2023-04-24
P-114124,30,press_brake,0.94,0.04656,,TS-12GA-1,2023-04-24
P-114124,40,hardware,0.25,0.00967,,,2023-04-24
P-114124,50,robotic_weld,1.2,0.04932,,,2023-04-24
P-114124,60,grind_deburr,0.2,0.00534,,,2023-04-24
P-114124,70,assembly,0.3,0.03016,,,2023-04-24
P-114124,80,inspection_pack,0.15,0.0075,,,2023-04-24
P-114143,10,laser,0.2,0.01619,,,2023-04-26
P-114143,20,grind_deburr,0.2,0.00178,,,2023-04-26
P-114143,30,press_brake,0.52,0.00516,,TS-14GA-3,2023-04-26
P-114143,40,weld,0.5,0.02702,,,2023-04-26
P-114143,50,grind_deburr,0.2,0.00096,,,2023-04-26
P-114143,60,powder_coat,0.25,0.00241,,,2023-04-26
P-114143,70,inspection_pack,0.15,0.0047,,,2023-04-26
P-114156,10,laser,0.2,0.01434,,,2023-05-01
P-114156,20,grind_deburr,0.2,0.00219,,,2023-05-01
P-114156,30,press_brake,0.66,0.0156,,TS-14GA-3,2023-05-01
P-114156,40,hardware,0.25,0.01641,,,2023-05-01
P-114156,50,inspection_pack,0.15,0.0093,,,2023-05-01
P-114164,10,laser,0.2,0.00867,,,2025-02-18
P-114164,20,grind_deburr,0.2,0.00192,,,2025-02-18
P-114164,30,press_brake,0.66,0.0156,,TS-14GA-2,2025-02-18
P-114164,40,inspection_pack,0.15,0.00986,,,2025-02-18
P-114167,10,laser,0.2,0.17841,,,2025-06-27
P-114167,20,grind_deburr,0.2,0.01302,,,2025-06-27
P-114167,30,press_brake,0.87,0.06565,,TS-16GA-1,2025-06-27
P-114167,40,hardware,0.25,0.01163,,,2025-06-27
P-114167,50,powder_coat,0.25,0.01877,,,2025-06-27
P-114167,60,inspection_pack,0.15,0.00661,,,2025-06-27
P-114169,10,laser,0.2,0.01318,,,2025-05-15
P-114169,20,press_brake,0.87,0.03588,,TS-18GA-1,2025-05-15
P-114169,30,weld,0.5,0.10595,,,2025-05-15
P-114169,40,grind_deburr,0.2,0.00164,,,2025-05-15
P-114169,50,powder_coat,0.25,0.00417,,,2025-05-15
P-114169,60,inspection_pack,0.15,0.01008,,,2025-05-15
P-114177,10,laser,0.2,0.00694,,,2023-05-05
P-114177,20,grind_deburr,0.2,0.00164,,,2023-05-05
P-114177,30,press_brake,0.66,0.0156,,TS-20GA-2,2023-05-05
P-114177,40,hardware,0.25,0.02792,,,2023-05-05
P-114177,50,outside_processing,0.0,0.0,V-1040,,2023-05-05
P-114177,60,inspection_pack,0.15,0.00515,,,2023-05-05
P-114195,10,punch,0.5,0.01501,,,2023-05-11
P-114195,20,grind_deburr,0.2,0.00315,,,2023-05-11
P-114195,30,press_brake,0.73,0.0246,,TS-16GA-3,2023-05-11
P-114195,40,outside_processing,0.0,0.0,V-1040,,2023-05-11
P-114195,50,inspection_pack,0.15,0.00403,,,2023-05-11
P-114210,10,laser,0.2,0.00555,,,2024-12-08
P-114210,20,grind_deburr,0.2,0.00096,,,2024-12-08
P-114210,30,press_brake,0.59,0.01032,,TS-12GA-3,2024-12-08
P-114210,40,hardware,0.25,0.012,,,2024-12-08
P-114210,50,inspection_pack,0.15,0.0056,,,2024-12-08
P-114219,10,laser,0.2,0.04637,,,2023-05-10
P-114219,20,press_brake,0.73,0.0246,,TS-20GA-1,2023-05-10
P-114219,30,hardware,0.25,0.01886,,,2023-05-10
P-114219,40,robotic_weld,1.2,0.04425,,,2023-05-10
P-114219,50,grind_deburr,0.2,0.00493,,,2023-05-10
P-114219,60,press_brake,0.66,0.01848,,TS-20GA-1,2023-05-10
P-114219,70,powder_coat,0.25,0.00401,,,2023-05-10
P-114219,80,inspection_pack,0.15,0.00795,,,2023-05-10
P-114243,10,laser,0.2,0.01607,,,2023-05-15
P-114243,20,grind_deburr,0.2,0.00425,,,2023-05-15
P-114243,30,press_brake,0.94,0.04632,,TS-18GA-2,2023-05-15
P-114243,40,hardware,0.25,0.01518,,,2023-05-15
P-114243,50,weld,0.5,0.02255,,,2023-05-15
P-114243,60,grind_deburr,0.2,0.00877,,,2023-05-15
P-114243,70,powder_coat,0.25,0.00273,,,2023-05-15
P-114243,80,inspection_pack,0.15,0.00885,,,2023-05-15
P-114244,10,laser,0.2,0.10233,,,2024-04-06
P-114244,20,grind_deburr,0.2,0.00397,,,2024-04-06
P-114244,30,press_brake,0.94,0.06109,,TS-14GA-1,2024-04-06
P-114244,40,robotic_weld,1.2,0.06863,,,2024-04-06
P-114244,50,grind_deburr,0.2,0.01247,,,2024-04-06
P-114244,60,outside_processing,0.0,0.0,V-1102,,2024-04-06
P-114244,70,outside_processing,0.0,0.0,V-1040,,2024-04-06
P-114244,80,inspection_pack,0.15,0.00594,,,2024-04-06
P-114253,10,laser,0.2,0.05955,,,2023-12-30
P-114253,20,grind_deburr,0.2,0.00809,,,2023-12-30
P-114253,30,press_brake,1.01,0.07705,,TS-14GA-3,2023-12-30
P-114253,40,hardware,0.25,0.00894,,,2023-12-30
P-114253,50,press_brake,0.87,0.05785,,TS-14GA-3,2023-12-30
P-114253,60,powder_coat,0.25,0.00979,,,2023-12-30
P-114253,70,inspection_pack,0.15,0.00493,,,2023-12-30
P-114267,10,laser,0.2,0.01087,,,2024-03-19
P-114267,20,grind_deburr,0.2,0.00151,,,2024-03-19
P-114267,30,press_brake,0.73,0.02076,,TS-16GA-3,2024-03-19
P-114267,40,inspection_pack,0.15,0.00818,,,2024-03-19
P-114269,10,laser,0.2,0.04301,,,2025-08-15
P-114269,20,grind_deburr,0.2,0.00754,,,2025-08-15
P-114269,30,press_brake,0.73,0.02616,,TS-14GA-2,2025-08-15
P-114269,40,outside_processing,0.0,0.0,V-1040,,2025-08-15
P-114269,50,inspection_pack,0.15,0.01008,,,2025-08-15
P-114279,10,laser,0.2,0.03769,,,2023-05-17
P-114279,20,press_brake,1.29,0.08293,,TS-14GA-2,2023-05-17
P-114279,30,robotic_weld,1.2,0.04303,,,2023-05-17
P-114279,40,grind_deburr,0.2,0.00713,,,2023-05-17
P-114279,50,outside_processing,0.0,0.0,V-1077,,2023-05-17
P-114279,60,inspection_pack,0.15,0.00381,,,2023-05-17
P-114298,10,laser,0.2,0.02544,,,2023-05-24
P-114298,20,press_brake,0.73,0.02208,,TS-16GA-1,2023-05-24
P-114298,30,weld,0.5,0.05973,,,2023-05-24
P-114298,40,grind_deburr,0.2,0.00233,,,2023-05-24
P-114298,50,outside_processing,0.0,0.0,V-1040,,2023-05-24
P-114298,60,inspection_pack,0.15,0.00414,,,2023-05-24
P-114317,10,laser,0.2,0.02081,,,2023-06-01
P-114317,20,grind_deburr,0.2,0.00301,,,2023-06-01
P-114317,30,press_brake,0.87,0.03516,,TS-12GA-1,2023-06-01
P-114317,40,weld,0.5,0.04968,,,2023-06-01
P-114317,50,grind_deburr,0.2,0.00219,,,2023-06-01
P-114317,60,powder_coat,0.25,0.00433,,,2023-06-01
P-114317,70,inspection_pack,0.15,0.00426,,,2023-06-01
P-114337,10,laser,0.2,0.09054,,,2024-07-16
P-114337,20,grind_deburr,0.2,0.01028,,,2024-07-16
P-114337,30,press_brake,1.22,0.11209,,TS-0.125IN-3,2024-07-16
P-114337,40,hardware,0.25,0.02584,,,2024-07-16
P-114337,50,robotic_weld,1.2,0.0693,,,2024-07-16
P-114337,60,grind_deburr,0.2,0.02398,,,2024-07-16
P-114337,70,assembly,0.3,0.07864,,,2024-07-16
P-114337,80,inspection_pack,0.15,0.0065,,,2024-07-16
P-114352,10,laser,0.2,0.01596,,,2023-08-11
P-114352,20,grind_deburr,0.2,0.0011,,,2023-08-11
P-114352,30,press_brake,0.66,0.0156,,TS-18GA-3,2023-08-11
P-114352,40,powder_coat,0.25,0.00112,,,2023-08-11
P-114352,50,inspection_pack,0.15,0.01019,,,2023-08-11
P-114385,10,laser,0.2,0.03122,,,2023-06-08
P-114385,20,grind_deburr,0.2,0.00562,,,2023-06-08
P-114385,30,press_brake,0.87,0.03852,,TS-14GA-2,2023-06-08
P-114385,40,hardware,0.25,0.00906,,,2023-06-08
P-114385,50,inspection_pack,0.15,0.00997,,,2023-06-08
P-114396,10,laser,0.2,0.01653,,,2024-11-25
P-114396,20,press_brake,0.66,0.0156,,TS-14GA-2,2024-11-25
P-114396,30,hardware,0.25,0.0098,,,2024-11-25
P-114396,40,powder_coat,0.25,0.0016,,,2024-11-25
P-114396,50,inspection_pack,0.15,0.00694,,,2024-11-25
P-114397,10,laser,0.2,0.02081,,,2024-07-02
P-114397,20,grind_deburr,0.2,0.0048,,,2024-07-02
P-114397,30,press_brake,0.87,0.03948,,TS-18GA-2,2024-07-02
P-114397,40,hardware,0.25,0.01935,,,2024-07-02
P-114397,50,weld,0.5,0.1601,,,2024-07-02
P-114397,60,grind_deburr,0.2,0.0085,,,2024-07-02
P-114397,70,powder_coat,0.25,0.00337,,,2024-07-02
P-114397,80,inspection_pack,0.15,0.00963,,,2024-07-02
P-114413,10,laser,0.2,0.08256,,,2023-06-12
P-114413,20,grind_deburr,0.2,0.01151,,,2023-06-12
P-114413,30,press_brake,1.08,0.06625,,TS-18GA-3,2023-06-12
P-114413,40,outside_processing,0.0,0.0,V-1040,,2023-06-12
P-114413,50,assembly,0.3,0.09542,,,2023-06-12
P-114413,60,inspection_pack,0.15,0.00392,,,2023-06-12
P-114420,10,laser,0.2,0.01804,,,2024-06-18
P-114420,20,grind_deburr,0.2,0.00603,,,2024-06-18
P-114420,30,press_brake,0.87,0.03876,,TS-20GA-2,2024-06-18
P-114420,40,assembly,0.3,0.04365,,,2024-06-18
P-114420,50,inspection_pack,0.15,0.00347,,,2024-06-18
P-114438,10,punch,0.5,0.01715,,,2025-01-25
P-114438,20,press_brake,0.8,0.03168,,TS-20GA-2,2025-01-25
P-114438,30,powder_coat,0.25,0.00433,,,2025-01-25
P-114438,40,inspection_pack,0.15,0.00974,,,2025-01-25
P-114443,10,laser,0.2,0.03157,,,2023-06-16
P-114443,20,grind_deburr,0.2,0.0026,,,2023-06-16
P-114443,30,press_brake,0.66,0.02076,,TS-0.125IN-1,2023-06-16
P-114443,40,hardware,0.25,0.02082,,,2023-06-16
P-114443,50,powder_coat,0.25,0.00385,,,2023-06-16
P-114443,60,assembly,0.3,0.10222,,,2023-06-16
P-114443,70,inspection_pack,0.15,0.00269,,,2023-06-16
P-114447,10,laser,0.2,0.01445,,,2024-06-21
P-114447,20,press_brake,1.29,0.06913,,TS-18GA-2,2024-06-21
P-114447,30,weld,0.5,0.04968,,,2024-06-21
P-114447,40,grind_deburr,0.2,0.00356,,,2024-06-21
P-114447,50,outside_processing,0.0,0.0,V-1077,,2024-06-21
P-114447,60,inspection_pack,0.15,0.01053,,,2024-06-21
P-114460,10,punch,0.5,0.0063,,,2023-10-12
P-114460,20,grind_deburr,0.2,0.00274,,,2023-10-12
P-114460,30,press_brake,0.66,0.0156,,TS-18GA-3,2023-10-12
P-114460,40,hardware,0.25,0.02351,,,2023-10-12
P-114460,50,weld,0.5,0.05828,,,2023-10-12
P-114460,60,grind_deburr,0.2,0.00247,,,2023-10-12
P-114460,70,inspection_pack,0.15,0.00571,,,2023-10-12
P-114479,10,laser,0.2,0.01515,,,2025-08-28
P-114479,20,grind_deburr,0.2,0.00562,,,2025-08-28
P-114479,30,press_brake,0.59,0.01212,,TS-16GA-3,2025-08-28
P-114479,40,hardware,0.25,0.01886,,,2025-08-28
P-114479,50,weld,0.5,0.08541,,,2025-08-28
P-114479,60,grind_deburr,0.2,0.00411,,,2025-08-28
P-114479,70,powder_coat,0.25,0.00257,,,2025-08-28
P-114479,80,outside_processing,0.0,0.0,V-1077,,2025-08-28
P-114479,90,inspection_pack,0.15,0.00627,,,2025-08-28
P-114498,10,laser,0.2,0.01723,,,2023-06-26
P-114498,20,press_brake,0.66,0.01668,,TS-18GA-3,2023-06-26
P-114498,30,weld,0.5,0.04656,,,2023-06-26
P-114498,40,grind_deburr,0.2,0.0011,,,2023-06-26
P-114498,50,powder_coat,0.25,0.00225,,,2023-06-26
P-114498,60,inspection_pack,0.15,0.00358,,,2023-06-26
P-114502,10,punch,0.5,0.05454,,,2023-10-25
P-114502,20,grind_deburr,0.2,0.01302,,,2023-10-25
P-114502,30,press_brake,1.29,0.13081,,TS-0.125IN-1,2023-10-25
P-114502,40,hardware,0.25,0.01971,,,2023-10-25
P-114502,50,powder_coat,0.25,0.01283,,,2023-10-25
P-114502,60,inspection_pack,0.15,0.00862,,,2023-10-25
P-114509,10,laser,0.2,0.00844,,,2025-07-26
P-114509,20,grind_deburr,0.2,0.00288,,,2025-07-26
P-114509,30,press_brake,0.52,0.00516,,TS-18GA-3,2025-07-26
P-114509,40,weld,0.5,0.02668,,,2025-07-26
P-114509,50,grind_deburr,0.2,0.00151,,,2025-07-26
P-114509,60,powder_coat,0.25,0.00144,,,2025-07-26
P-114509,70,inspection_pack,0.15,0.00717,,,2025-07-26
P-114511,10,laser,0.2,0.01873,,,2024-09-03
P-114511,20,grind_deburr,0.2,0.00219,,,2024-09-03
P-114511,30,press_brake,0.73,0.02076,,TS-12GA-2,2024-09-03
P-114511,40,hardware,0.25,0.01837,,,2024-09-03
P-114511,50,powder_coat,0.25,0.00096,,,2024-09-03
P-114511,60,inspection_pack,0.15,0.00448,,,2024-09-03
P-114526,10,laser,0.2,0.00786,,,2025-06-03
P-114526,20,grind_deburr,0.2,0.00069,,,2025-06-03
P-114526,30,press_brake,0.73,0.02076,,TS-20GA-3,2025-06-03
P-114526,40,outside_processing,0.0,0.0,V-1077,,2025-06-03
P-114526,50,inspection_pack,0.15,0.00851,,,2025-06-03
P-114533,10,laser,0.2,0.01214,,,2023-06-30
P-114533,20,press_brake,0.73,0.02076,,TS-14GA-3,2023-06-30
P-114533,30,hardware,0.25,0.01408,,,2023-06-30
P-114533,40,inspection_pack,0.15,0.00526,,,2023-06-30
P-114545,10,punch,0.5,0.02732,,,2023-07-05
P-114545,20,press_brake,1.29,0.13537,,TS-16GA-2,2023-07-05
P-114545,30,weld,0.5,0.3499,,,2023-07-05
P-114545,40,grind_deburr,0.2,0.02659,,,2023-07-05
P-114545,50,outside_processing,0.0,0.0,V-1040,,2023-07-05
P-114545,60,outside_processing,0.0,0.0,V-1077,,2023-07-05
P-114545,70,inspection_pack,0.15,0.00762,,,2023-07-05
P-114553,10,laser,0.2,0.00682,,,2025-12-03
P-114553,20,press_brake,0.73,0.02076,,TS-18GA-2,2025-12-03
P-114553,30,powder_coat,0.25,0.0016,,,2025-12-03
P-114553,40,inspection_pack,0.15,0.00974,,,2025-12-03
P-114565,10,laser,0.2,0.01908,,,2024-01-28
P-114565,20,grind_deburr,0.2,0.00082,,,2024-01-28
P-114565,30,press_brake,0.59,0.01032,,TS-11GA-3,2024-01-28
P-114565,40,hardware,0.25,0.01788,,,2024-01-28
P-114565,50,weld,0.5,0.04779,,,2024-01-28
P-114565,60,grind_deburr,0.2,0.0011,,,2024-01-28
P-114565,70,inspection_pack,0.15,0.00874,,,2024-01-28
P-114582,10,laser,0.2,0.00567,,,2024-07-15
P-114582,20,press_brake,0.66,0.0156,,TS-12GA-2,2024-07-15
P-114582,30,hardware,0.25,0.0142,,,2024-07-15
P-114582,40,inspection_pack,0.15,0.00739,,,2024-07-15
P-114601,10,punch,0.5,0.00465,,,2024-10-16
P-114601,20,grind_deburr,0.2,0.00123,,,2024-10-16
P-114601,30,press_brake,0.52,0.00516,,TS-20GA-3,2024-10-16
P-114601,40,hardware,0.25,0.02767,,,2024-10-16
P-114601,50,powder_coat,0.25,0.00209,,,2024-10-16
P-114601,60,inspection_pack,0.15,0.00706,,,2024-10-16
P-114676,10,laser,0.2,0.01815,,,2024-09-17
P-114676,20,grind_deburr,0.2,0.00096,,,2024-09-17
P-114676,30,press_brake,0.52,0.00516,,TS-16GA-2,2024-09-17
P-114676,40,hardware,0.25,0.00869,,,2024-09-17
P-114676,50,inspection_pack,0.15,0.00717,,,2024-09-17
P-114705,10,laser,0.2,0.01677,,,2024-03-24
P-114705,20,grind_deburr,0.2,0.00069,,,2024-03-24
P-114705,30,press_brake,0.73,0.02076,,TS-14GA-2,2024-03-24
P-114705,40,powder_coat,0.25,0.0016,,,2024-03-24
P-114705,50,inspection_pack,0.15,0.01019,,,2024-03-24
P-114769,10,laser,0.2,0.01133,,,2025-01-17
P-114769,20,press_brake,0.66,0.0156,,TS-16GA-1,2025-01-17
P-114769,30,powder_coat,0.25,0.00225,,,2025-01-17
P-114769,40,inspection_pack,0.15,0.00706,,,2025-01-17
P-114806,10,laser,0.2,0.01804,,,2025-02-18
P-114806,20,press_brake,0.87,0.03468,,TS-16GA-2,2025-02-18
P-114806,30,weld,0.5,0.11154,,,2025-02-18
P-114806,40,grind_deburr,0.2,0.00411,,,2025-02-18
P-114806,50,inspection_pack,0.15,0.00571,,,2025-02-18
P-114814,10,laser,0.2,0.07909,,,2023-08-18
P-114814,20,grind_deburr,0.2,0.01357,,,2023-08-18
P-114814,30,press_brake,0.87,0.05713,,TS-0.125IN-2,2023-08-18
P-114814,40,hardware,0.25,0.01714,,,2023-08-18
P-114814,50,powder_coat,0.25,0.01011,,,2023-08-18
P-114814,60,inspection_pack,0.15,0.01053,,,2023-08-18
P-114822,10,laser,0.2,0.05099,,,2025-02-15
P-114822,20,press_brake,0.59,0.01392,,TS-16GA-1,2025-02-15
P-114822,30,powder_coat,0.25,0.00289,,,2025-02-15
P-114822,40,inspection_pack,0.15,0.00582,,,2025-02-15
P-114842,10,laser,0.2,0.02544,,,2023-08-23
P-114842,20,grind_deburr,0.2,0.00247,,,2023-08-23
P-114842,30,press_brake,0.87,0.03396,,TS-16GA-3,2023-08-23
P-114842,40,hardware,0.25,0.01971,,,2023-08-23
P-114842,50,powder_coat,0.25,0.00241,,,2023-08-23
P-114842,60,inspection_pack,0.15,0.00605,,,2023-08-23
P-114853,10,laser,0.2,0.01561,,,2024-02-10
P-114853,20,grind_deburr,0.2,0.00288,,,2024-02-10
P-114853,30,press_brake,0.66,0.0156,,TS-20GA-2,2024-02-10
P-114853,40,powder_coat,0.25,0.00192,,,2024-02-10
P-114853,50,inspection_pack,0.15,0.00269,,,2024-02-10
P-114865,10,laser,0.2,0.02983,,,2025-04-12
P-114865,20,grind_deburr,0.2,0.00219,,,2025-04-12
P-114865,30,press_brake,0.73,0.02496,,TS-16GA-3,2025-04-12
P-114865,40,hardware,0.25,0.02192,,,2025-04-12
P-114865,50,robotic_weld,1.2,0.03674,,,2025-04-12
P-114865,60,grind_deburr,0.2,0.00315,,,2025-04-12
P-114865,70,inspection_pack,0.15,0.00392,,,2025-04-12
P-115056,10,laser,0.2,0.03238,,,2025-03-10
P-115056,20,press_brake,0.87,0.05305,,TS-16GA-3,2025-03-10
P-115056,30,powder_coat,0.25,0.01588,,,2025-03-10
P-115056,40,assembly,0.3,0.04925,,,2025-03-10
P-115056,50,inspection_pack,0.15,0.00986,,,2025-03-10
P-115059,10,laser,0.2,0.06059,,,2024-03-05
P-115059,20,press_brake,0.66,0.02124,,TS-14GA-3,2024-03-05
P-115059,30,hardware,0.25,0.02131,,,2024-03-05
P-115059,40,outside_processing,0.0,0.0,V-1077,,2024-03-05
P-115059,50,inspection_pack,0.15,0.00829,,,2024-03-05
P-115083,10,laser,0.2,0.03989,,,2024-04-18
P-115083,20,press_brake,1.15,0.06961,,TS-12GA-2,2024-04-18
P-115083,30,hardware,0.25,0.02033,,,2024-04-18
P-115083,40,outside_processing,0.0,0.0,V-1040,,2024-04-18
P-115083,50,inspection_pack,0.15,0.00851,,,2024-04-18
P-115097,10,laser,0.2,0.00971,,,2025-11-23
P-115097,20,grind_deburr,0.2,0.00329,,,2025-11-23
P-115097,30,press_brake,0.73,0.02124,,TS-14GA-3,2025-11-23
P-115097,40,powder_coat,0.25,0.0016,,,2025-11-23
P-115097,50,inspection_pack,0.15,0.00773,,,2025-11-23
P-115107,10,laser,0.2,0.02047,,,2024-03-14
P-115107,20,grind_deburr,0.2,0.00507,,,2024-03-14
P-115107,30,press_brake,1.01,0.04884,,TS-14GA-3,2024-03-14
P-115107,40,outside_processing,0.0,0.0,V-1040,,2024-03-14
P-115107,50,inspection_pack,0.15,0.00997,,,2024-03-14
P-115128,10,laser,0.2,0.00532,,,2025-12-09
P-115128,20,grind_deburr,0.2,0.0011,,,2025-12-09
P-115128,30,press_brake,0.59,0.01032,,TS-16GA-1,2025-12-09
P-115128,40,hardware,0.25,0.02755,,,2025-12-09
P-115128,50,outside_processing,0.0,0.0,V-1077,,2025-12-09
P-115128,60,inspection_pack,0.15,0.00672,,,2025-12-09
P-115133,10,laser,0.2,0.01145,,,2023-09-29
P-115133,20,press_brake,0.73,0.02076,,TS-14GA-2,2023-09-29
P-115133,30,inspection_pack,0.15,0.00549,,,2023-09-29
P-115161,10,laser,0.2,0.00717,,,2025-05-29
P-115161,20,grind_deburr,0.2,0.0011,,,2025-05-29
P-115161,30,press_brake,0.73,0.021,,TS-18GA-3,2025-05-29
P-115161,40,inspection_pack,0.15,0.0093,,,2025-05-29
P-115164,10,punch,0.5,0.00901,,,2024-08-29
P-115164,20,grind_deburr,0.2,0.00274,,,2024-08-29
P-115164,30,press_brake,0.73,0.02076,,TS-20GA-2,2024-08-29
P-115164,40,powder_coat,0.25,0.00112,,,2024-08-29
P-115164,50,inspection_pack,0.15,0.00638,,,2024-08-29
P-115234,10,laser,0.2,0.01862,,,2023-10-10
P-115234,20,grind_deburr,0.2,0.0011,,,2023-10-10
P-115234,30,press_brake,1.08,0.0492,,TS-18GA-1,2023-10-10
P-115234,40,outside_processing,0.0,0.0,V-1040,,2023-10-10
P-115234,50,assembly,0.3,0.08588,,,2023-10-10
P-115234,60,inspection_pack,0.15,0.00482,,,2023-10-10
P-115285,10,punch,0.5,0.00591,,,2023-10-13
P-115285,20,grind_deburr,0.2,0.00315,,,2023-10-13
P-115285,30,press_brake,0.87,0.03468,,TS-16GA-3,2023-10-13
P-115285,40,weld,0.5,0.01384,,,2023-10-13
P-115285,50,grind_deburr,0.2,0.00439,,,2023-10-13
P-115285,60,inspection_pack,0.15,0.00818,,,2023-10-13
P-115327,10,laser,0.2,0.01018,,,2025-08-28
P-115327,20,grind_deburr,0.2,0.00274,,,2025-08-28
P-115327,30,press_brake,0.52,0.00516,,TS-14GA-1,2025-08-28
P-115327,40,inspection_pack,0.15,0.00784,,,2025-08-28
P-115333,10,laser,0.2,0.02081,,,2025-11-06
P-115333,20,grind_deburr,0.2,0.00206,,,2025-11-06
P-115333,30,press_brake,0.66,0.01632,,TS-16GA-2,2025-11-06
P-115333,40,hardware,0.25,0.00931,,,2025-11-06
P-115333,50,weld,0.5,0.05348,,,2025-11-06
P-115333,60,grind_deburr,0.2,0.00343,,,2025-11-06
P-115333,70,outside_processing,0.0,0.0,V-1040,,2025-11-06
P-115333,80,inspection_pack,0.15,0.00504,,,2025-11-06
P-115338,10,laser,0.2,0.02428,,,2025-02-21
P-115338,20,press_brake,0.87,0.03756,,TS-16GA-3,2025-02-21
P-115338,30,hardware,0.25,0.01139,,,2025-02-21
P-115338,40,inspection_pack,0.15,0.00706,,,2025-02-21
P-115360,10,laser,0.2,0.01434,,,2025-11-07
P-115360,20,press_brake,0.73,0.02076,,TS-16GA-1,2025-11-07
P-115360,30,hardware,0.25,0.02351,,,2025-11-07
P-115360,40,powder_coat,0.25,0.00241,,,2025-11-07
P-115360,50,inspection_pack,0.15,0.00997,,,2025-11-07
P-115416,10,laser,0.2,0.05978,,,2023-11-06
P-115416,20,press_brake,0.87,0.0438,,TS-18GA-1,2023-11-06
P-115416,30,weld,0.5,0.13387,,,2023-11-06
P-115416,40,grind_deburr,0.2,0.00617,,,2023-11-06
P-115416,50,outside_processing,0.0,0.0,V-1077,,2023-11-06
P-115416,60,inspection_pack,0.15,0.00963,,,2023-11-06
P-115419,10,laser,0.2,0.01711,,,2023-12-20
P-115419,20,grind_deburr,0.2,0.00137,,,2023-12-20
P-115419,30,press_brake,0.87,0.03336,,TS-18GA-2,2023-12-20
P-115419,40,hardware,0.25,0.00992,,,2023-12-20
P-115419,50,inspection_pack,0.15,0.00706,,,2023-12-20
P-115430,10,laser,0.2,0.04348,,,2025-02-08
P-115430,20,press_brake,0.94,0.05401,,TS-0.125IN-2,2025-02-08
P-115430,30,assembly,0.3,0.05177,,,2025-02-08
P-115430,40,inspection_pack,0.15,0.00896,,,2025-02-08
P-115442,10,laser,0.2,0.08302,,,2024-01-27
P-115442,20,grind_deburr,0.2,0.00904,,,2024-01-27
P-115442,30,press_brake,0.8,0.05029,,TS-18GA-3,2024-01-27
P-115442,40,hardware,0.25,0.00869,,,2024-01-27
P-115442,50,weld,0.5,0.34633,,,2024-01-27
P-115442,60,grind_deburr,0.2,0.00521,,,2024-01-27
P-115442,70,outside_processing,0.0,0.0,V-1077,,2024-01-27
P-115442,80,inspection_pack,0.15,0.01053,,,2024-01-27
P-115473,10,punch,0.5,0.01298,,,2023-11-09
P-115473,20,grind_deburr,0.2,0.00137,,,2023-11-09
P-115473,30,press_brake,0.59,0.01104,,TS-16GA-1,2023-11-09
P-115473,40,hardware,0.25,0.01469,,,2023-11-09
P-115473,50,powder_coat,0.25,0.00385,,,2023-11-09
P-115473,60,inspection_pack,0.15,0.01008,,,2023-11-09
P-115491,10,punch,0.5,0.00843,,,2024-11-11
P-115491,20,grind_deburr,0.2,0.00301,,,2024-11-11
P-115491,30,press_brake,0.87,0.03516,,TS-20GA-3,2024-11-11
P-115491,40,hardware,0.25,0.0158,,,2024-11-11
P-115491,50,inspection_pack,0.15,0.00851,,,2024-11-11
P-115498,10,laser,0.2,0.01341,,,2025-08-16
P-115498,20,grind_deburr,0.2,0.00274,,,2025-08-16
P-115498,30,press_brake,0.73,0.02076,,TS-16GA-3,2025-08-16
P-115498,40,hardware,0.25,0.02265,,,2025-08-16
P-115498,50,powder_coat,0.25,0.00257,,,2025-08-16
P-115498,60,inspection_pack,0.15,0.00918,,,2025-08-16
P-115503,10,laser,0.2,0.04301,,,2025-08-31
P-115503,20,grind_deburr,0.2,0.00891,,,2025-08-31
P-115503,30,press_brake,0.87,0.03996,,TS-14GA-3,2025-08-31
P-115503,40,outside_processing,0.0,0.0,V-1040,,2025-08-31
P-115503,50,inspection_pack,0.15,0.00907,,,2025-08-31
P-115508,10,laser,0.2,0.01422,,,2025-06-23
P-115508,20,grind_deburr,0.2,0.00082,,,2025-06-23
P-115508,30,press_brake,0.52,0.00516,,TS-14GA-2,2025-06-23
P-115508,40,powder_coat,0.25,0.00176,,,2025-06-23
P-115508,50,inspection_pack,0.15,0.0056,,,2025-06-23
P-115514,10,laser,0.2,0.01191,,,2023-11-15
P-115514,20,grind_deburr,0.2,0.00164,,,2023-11-15
P-115514,30,press_brake,0.66,0.0156,,TS-18GA-2,2023-11-15
P-115514,40,inspection_pack,0.15,0.00504,,,2023-11-15
P-115538,10,laser,0.2,0.04718,,,2024-01-10
P-115538,20,grind_deburr,0.2,0.01274,,,2024-01-10
P-115538,30,press_brake,1.22,0.08809,,TS-16GA-2,2024-01-10
P-115538,40,hardware,0.25,0.02314,,,2024-01-10
P-115538,50,powder_coat,0.25,0.00642,,,2024-01-10
P-115538,60,inspection_pack,0.15,0.00302,,,2024-01-10
P-115542,10,laser,0.2,0.0829,,,2025-11-22
P-115542,20,grind_deburr,0.2,0.01507,,,2025-11-22
P-115542,30,press_brake,0.73,0.03408,,TS-11GA-3,2025-11-22
P-115542,40,hardware,0.25,0.02278,,,2025-11-22
P-115542,50,robotic_weld,1.2,0.05098,,,2025-11-22
P-115542,60,grind_deburr,0.2,0.00822,,,2025-11-22
P-115542,70,press_brake,0.66,0.02556,,TS-11GA-3,2025-11-22
P-115542,80,powder_coat,0.25,0.00738,,,2025-11-22
P-115542,90,inspection_pack,0.15,0.01064,,,2025-11-22
P-115577,10,laser,0.2,0.01307,,,2024-03-16
P-115577,20,grind_deburr,0.2,0.00178,,,2024-03-16
P-115577,30,press_brake,0.59,0.01044,,TS-16GA-3,2024-03-16
P-115577,40,hardware,0.25,0.00759,,,2024-03-16
P-115577,50,powder_coat,0.25,0.0008,,,2024-03-16
P-115577,60,inspection_pack,0.15,0.00414,,,2024-03-16
P-115608,10,laser,0.2,0.00809,,,2023-11-20
P-115608,20,grind_deburr,0.2,0.00233,,,2023-11-20
P-115608,30,press_brake,0.8,0.02592,,TS-14GA-3,2023-11-20
P-115608,40,hardware,0.25,0.01763,,,2023-11-20
P-115608,50,powder_coat,0.25,0.00192,,,2023-11-20
P-115608,60,inspection_pack,0.15,0.0065,,,2023-11-20
P-115620,10,laser,0.2,0.01029,,,2023-11-21
P-115620,20,grind_deburr,0.2,0.00151,,,2023-11-21
P-115620,30,press_brake,0.73,0.02076,,TS-16GA-3,2023-11-21
P-115620,40,powder_coat,0.25,0.00209,,,2023-11-21
P-115620,50,inspection_pack,0.15,0.0084,,,2023-11-21
P-115626,10,punch,0.5,0.00523,,,2023-11-27
P-115626,20,grind_deburr,0.2,0.00082,,,2023-11-27
P-115626,30,press_brake,0.59,0.01032,,TS-14GA-1,2023-11-27
P-115626,40,inspection_pack,0.15,0.00627,,,2023-11-27
P-115637,10,laser,0.2,0.01468,,,2024-07-06
P-115637,20,grind_deburr,0.2,0.00233,,,2024-07-06
P-115637,30,press_brake,0.59,0.01032,,TS-0.250IN-3,2024-07-06
P-115637,40,hardware,0.25,0.01641,,,2024-07-06
P-115637,50,outside_processing,0.0,0.0,V-1040,,2024-07-06
P-115637,60,inspection_pack,0.15,0.00784,,,2024-07-06
P-115657,10,laser,0.2,0.00821,,,2025-06-11
P-115657,20,grind_deburr,0.2,0.00274,,,2025-06-11
P-115657,30,press_brake,0.66,0.0156,,TS-18GA-1,2025-06-11
P-115657,40,inspection_pack,0.15,0.00291,,,2025-06-11
P-115668,10,laser,0.2,0.02058,,,2023-11-30
P-115668,20,grind_deburr,0.2,0.00576,,,2023-11-30
P-115668,30,press_brake,1.01,0.05341,,TS-16GA-2,2023-11-30
P-115668,40,inspection_pack,0.15,0.01053,,,2023-11-30
P-115748,10,laser,0.2,0.01769,,,2024-05-24
P-115748,20,grind_deburr,0.2,0.00137,,,2024-05-24
P-115748,30,press_brake,0.66,0.0156,,TS-14GA-3,2024-05-24
P-115748,40,powder_coat,0.25,0.0008,,,2024-05-24
P-115748,50,inspection_pack,0.15,0.00918,,,2024-05-24
P-115754,10,laser,0.2,0.01052,,,2024-08-14
P-115754,20,press_brake,0.52,0.00516,,TS-12GA-3,2024-08-14
P-115754,30,hardware,0.25,0.02351,,,2024-08-14
P-115754,40,powder_coat,0.25,0.00096,,,2024-08-14
P-115754,50,inspection_pack,0.15,0.01019,,,2024-08-14
P-115784,10,punch,0.5,0.0401,,,2025-10-02
P-115784,20,grind_deburr,0.2,0.0196,,,2025-10-02
P-115784,30,press_brake,1.08,0.08881,,TS-11GA-3,2025-10-02
P-115784,40,weld,0.5,0.18701,,,2025-10-02
P-115784,50,grind_deburr,0.2,0.02001,,,2025-10-02
P-115784,60,assembly,0.3,0.06669,,,2025-10-02
P-115784,70,inspection_pack,0.15,0.00571,,,2025-10-02
P-115820,10,laser,0.2,0.01792,,,2023-12-14
P-115820,20,grind_deburr,0.2,0.00192,,,2023-12-14
P-115820,30,press_brake,0.66,0.0156,,TS-16GA-3,2023-12-14
P-115820,40,inspection_pack,0.15,0.00526,,,2023-12-14
P-115847,10,laser,0.2,0.00913,,,2024-04-03
P-115847,20,grind_deburr,0.2,0.00164,,,2024-04-03
P-115847,30,press_brake,0.59,0.01032,,TS-14GA-3,2024-04-03
P-115847,40,hardware,0.25,0.01078,,,2024-04-03
P-115847,50,powder_coat,0.25,0.0008,,,2024-04-03
P-115847,60,inspection_pack,0.15,0.00358,,,2024-04-03
P-115855,10,laser,0.2,0.01561,,,2024-10-26
P-115855,20,press_brake,0.52,0.00516,,TS-16GA-2,2024-10-26
P-115855,30,powder_coat,0.25,0.00112,,,2024-10-26
P-115855,40,inspection_pack,0.15,0.00661,,,2024-10-26
P-115870,10,laser,0.2,0.07446,,,2025-01-11
P-115870,20,grind_deburr,0.2,0.01137,,,2025-01-11
P-115870,30,press_brake,1.15,0.07405,,TS-12GA-1,2025-01-11
P-115870,40,robotic_weld,1.2,0.0437,,,2025-01-11
P-115870,50,grind_deburr,0.2,0.00548,,,2025-01-11
P-115870,60,outside_processing,0.0,0.0,V-1077,,2025-01-11
P-115870,70,inspection_pack,0.15,0.00392,,,2025-01-11
P-115889,10,laser,0.2,0.08383,,,2025-12-01
P-115889,20,grind_deburr,0.2,0.01083,,,2025-12-01
P-115889,30,press_brake,0.87,0.04548,,TS-0.125IN-3,2025-12-01
P-115889,40,robotic_weld,1.2,0.06047,,,2025-12-01
P-115889,50,grind_deburr,0.2,0.00809,,,2025-12-01
P-115889,60,powder_coat,0.25,0.00577,,,2025-12-01
P-115889,70,inspection_pack,0.15,0.00414,,,2025-12-01
P-115908,10,laser,0.2,0.02972,,,2024-01-08
P-115908,20,grind_deburr,0.2,0.00137,,,2024-01-08
P-115908,30,press_brake,0.59,0.01152,,TS-16GA-3,2024-01-08
P-115908,40,weld,0.5,0.03539,,,2024-01-08
P-115908,50,grind_deburr,0.2,0.00151,,,2024-01-08
P-115908,60,outside_processing,0.0,0.0,V-1102,,2024-01-08
P-115908,70,outside_processing,0.0,0.0,V-1040,,2024-01-08
P-115908,80,inspection_pack,0.15,0.00459,,,2024-01-08
P-115954,10,punch,0.5,0.0094,,,2024-01-15
P-115954,20,grind_deburr,0.2,0.00082,,,2024-01-15
P-115954,30,press_brake,0.94,0.03636,,TS-16GA-2,2024-01-15
P-115954,40,weld,0.5,0.04767,,,2024-01-15
P-115954,50,grind_deburr,0.2,0.00096,,,2024-01-15
P-115954,60,outside_processing,0.0,0.0,V-1077,,2024-01-15
P-115954,70,inspection_pack,0.15,0.00818,,,2024-01-15
P-115980,10,laser,0.2,0.00509,,,2025-06-13
P-115980,20,grind_deburr,0.2,0.00219,,,2025-06-13
P-115980,30,press_brake,0.66,0.0156,,TS-12GA-2,2025-06-13
P-115980,40,hardware,0.25,0.02351,,,2025-06-13
P-115980,50,weld,0.5,0.05024,,,2025-06-13
P-115980,60,grind_deburr,0.2,0.00082,,,2025-06-13
P-115980,70,powder_coat,0.25,0.00112,,,2025-06-13
P-115980,80,inspection_pack,0.15,0.00515,,,2025-06-13
P-116019,10,laser,0.2,0.02451,,,2024-05-17
P-116019,20,grind_deburr,0.2,0.00987,,,2024-05-17
P-116019,30,press_brake,1.08,0.06193,,TS-20GA-3,2024-05-17
P-116019,40,robotic_weld,1.2,0.06124,,,2024-05-17
P-116019,50,grind_deburr,0.2,0.00315,,,2024-05-17
P-116019,60,powder_coat,0.25,0.00738,,,2024-05-17
P-116019,70,inspection_pack,0.15,0.01042,,,2024-05-17
P-116020,10,laser,0.2,0.00555,,,2024-09-09
P-116020,20,grind_deburr,0.2,0.00192,,,2024-09-09
P-116020,30,press_brake,0.52,0.00516,,TS-16GA-1,2024-09-09
P-116020,40,hardware,0.25,0.01531,,,2024-09-09
P-116020,50,inspection_pack,0.15,0.00526,,,2024-09-09
P-116038,10,laser,0.2,0.06822,,,2025-07-28
P-116038,20,grind_deburr,0.2,0.0211,,,2025-07-28
P-116038,30,press_brake,0.94,0.07117,,TS-20GA-2,2025-07-28
P-116038,40,weld,0.5,0.22653,,,2025-07-28
P-116038,50,grind_deburr,0.2,0.02343,,,2025-07-28
P-116038,60,press_brake,0.8,0.05077,,TS-20GA-2,2025-07-28
P-116038,70,powder_coat,0.25,0.01396,,,2025-07-28
P-116038,80,inspection_pack,0.15,0.00694,,,2025-07-28
P-116042,10,laser,0.2,0.01283,,,2024-12-22
P-116042,20,grind_deburr,0.2,0.00247,,,2024-12-22
P-116042,30,press_brake,0.52,0.00516,,TS-14GA-2,2024-12-22
P-116042,40,outside_processing,0.0,0.0,V-1077,,2024-12-22
P-116042,50,inspection_pack,0.15,0.00616,,,2024-12-22
P-116077,10,laser,0.2,0.01029,,,2025-06-12
P-116077,20,grind_deburr,0.2,0.00082,,,2025-06-12
P-116077,30,press_brake,0.59,0.01032,,TS-18GA-2,2025-06-12
P-116077,40,hardware,0.25,0.00918,,,2025-06-12
P-116077,50,powder_coat,0.25,0.00257,,,2025-06-12
P-116077,60,inspection_pack,0.15,0.00672,,,2025-06-12
P-116086,10,laser,0.2,0.0059,,,2024-09-19
P-116086,20,grind_deburr,0.2,0.00219,,,2024-09-19
P-116086,30,press_brake,0.52,0.00516,,TS-18GA-3,2024-09-19
P-116086,40,hardware,0.25,0.0131,,,2024-09-19
P-116086,50,powder_coat,0.25,0.0008,,,2024-09-19
P-116086,60,inspection_pack,0.15,0.01031,,,2024-09-19
P-116106,10,laser,0.2,0.01283,,,2024-03-26
P-116106,20,grind_deburr,0.2,0.00096,,,2024-03-26
P-116106,30,press_brake,0.59,0.01032,,TS-16GA-2,2024-03-26
P-116106,40,hardware,0.25,0.01163,,,2024-03-26
P-116106,50,powder_coat,0.25,0.00192,,,2024-03-26
P-116106,60,inspection_pack,0.15,0.00504,,,2024-03-26
P-116138,10,punch,0.5,0.00843,,,2024-10-07
P-116138,20,press_brake,0.94,0.03732,,TS-18GA-2,2024-10-07
P-116138,30,weld,0.5,0.05348,,,2024-10-07
P-116138,40,grind_deburr,0.2,0.00233,,,2024-10-07
P-116138,50,powder_coat,0.25,0.00096,,,2024-10-07
P-116138,60,inspection_pack,0.15,0.01053,,,2024-10-07
P-116139,10,laser,0.2,0.02428,,,2025-05-30
P-116139,20,grind_deburr,0.2,0.0026,,,2025-05-30
P-116139,30,press_brake,0.73,0.02388,,TS-16GA-2,2025-05-30
P-116139,40,press_brake,0.66,0.01788,,TS-16GA-2,2025-05-30
P-116139,50,powder_coat,0.25,0.00353,,,2025-05-30
P-116139,60,inspection_pack,0.15,0.00269,,,2025-05-30
P-116160,10,laser,0.2,0.00752,,,2024-04-08
P-116160,20,grind_deburr,0.2,0.00151,,,2024-04-08
P-116160,30,press_brake,0.59,0.01032,,TS-14GA-1,2024-04-08
P-116160,40,powder_coat,0.25,0.00112,,,2024-04-08
P-116160,50,inspection_pack,0.15,0.00706,,,2024-04-08
P-116192,10,punch,0.5,0.0156,,,2024-02-22
P-116192,20,grind_deburr,0.2,0.00617,,,2024-02-22
P-116192,30,press_brake,0.66,0.01944,,TS-18GA-1,2024-02-22
P-116192,40,hardware,0.25,0.01763,,,2024-02-22
P-116192,50,inspection_pack,0.15,0.01042,,,2024-02-22
P-116195,10,laser,0.2,0.02717,,,2024-02-21
P-116195,20,press_brake,0.87,0.03336,,TS-18GA-1,2024-02-21
P-116195,30,weld,0.5,0.06007,,,2024-02-21
P-116195,40,grind_deburr,0.2,0.00164,,,2024-02-21
P-116195,50,inspection_pack,0.15,0.00426,,,2024-02-21
P-116203,10,laser,0.2,0.01434,,,2025-11-20
P-116203,20,grind_deburr,0.2,0.0026,,,2025-11-20
P-116203,30,press_brake,0.73,0.02076,,TS-11GA-2,2025-11-20
P-116203,40,outside_processing,0.0,0.0,V-1040,,2025-11-20
P-116203,50,inspection_pack,0.15,0.0084,,,2025-11-20
P-116250,10,laser,0.2,0.01804,,,2024-04-01
P-116250,20,press_brake,0.73,0.02076,,TS-18GA-1,2024-04-01
P-116250,30,inspection_pack,0.15,0.00974,,,2024-04-01
P-116252,10,laser,0.2,0.01307,,,2025-03-25
P-116252,20,grind_deburr,0.2,0.00206,,,2025-03-25
P-116252,30,press_brake,0.59,0.01032,,TS-16GA-1,2025-03-25
P-116252,40,hardware,0.25,0.01371,,,2025-03-25
P-116252,50,robotic_weld,1.2,0.01611,,,2025-03-25
P-116252,60,grind_deburr,0.2,0.00178,,,2025-03-25
P-116252,70,powder_coat,0.25,0.00128,,,2025-03-25
P-116252,80,inspection_pack,0.15,0.00482,,,2025-03-25
P-116258,10,laser,0.2,0.09886,,,2024-02-27
P-116258,20,press_brake,1.29,0.09769,,TS-18GA-3,2024-02-27
P-116258,30,robotic_weld,1.2,0.04822,,,2024-02-27
P-116258,40,grind_deburr,0.2,0.00767,,,2024-02-27
P-116258,50,inspection_pack,0.15,0.01053,,,2024-02-27
P-116264,10,laser,0.2,0.01919,,,2024-02-27
P-116264,20,grind_deburr,0.2,0.00918,,,2024-02-27
P-116264,30,press_brake,0.73,0.02736,,TS-14GA-3,2024-02-27
P-116264,40,weld,0.5,0.18634,,,2024-02-27
P-116264,50,grind_deburr,0.2,0.0026,,,2024-02-27
P-116264,60,powder_coat,0.25,0.00545,,,2024-02-27
P-116264,70,assembly,0.3,0.09586,,,2024-02-27
P-116264,80,inspection_pack,0.15,0.00594,,,2024-02-27
P-116271,10,laser,0.2,0.07123,,,2025-03-10
P-116271,20,grind_deburr,0.2,0.00329,,,2025-03-10
P-116271,30,press_brake,0.8,0.03672,,TS-14GA-2,2025-03-10
P-116271,40,robotic_weld,1.2,0.04756,,,2025-03-10
P-116271,50,grind_deburr,0.2,0.01,,,2025-03-10
P-116271,60,press_brake,0.73,0.0294,,TS-14GA-2,2025-03-10
P-116271,70,inspection_pack,0.15,0.0093,,,2025-03-10
P-116310,10,laser,0.2,0.02174,,,2024-03-07
P-116310,20,grind_deburr,0.2,0.00822,,,2024-03-07
P-116310,30,press_brake,0.8,0.03312,,TS-16GA-1,2024-03-07
P-116310,40,hardware,0.25,0.01886,,,2024-03-07
P-116310,50,weld,0.5,0.18478,,,2024-03-07
P-116310,60,grind_deburr,0.2,0.00795,,,2024-03-07
P-116310,70,outside_processing,0.0,0.0,V-1040,,2024-03-07
P-116310,80,inspection_pack,0.15,0.00426,,,2024-03-07
P-116397,10,laser,0.2,0.01422,,,2024-07-29
P-116397,20,grind_deburr,0.2,0.00576,,,2024-07-29
P-116397,30,press_brake,0.94,0.04488,,TS-16GA-3,2024-07-29
P-116397,40,weld,0.5,0.11957,,,2024-07-29
P-116397,50,grind_deburr,0.2,0.00493,,,2024-07-29
P-116397,60,powder_coat,0.25,0.00706,,,2024-07-29
P-116397,70,inspection_pack,0.15,0.00347,,,2024-07-29
P-116430,10,laser,0.2,0.02255,,,2024-04-16
P-116430,20,grind_deburr,0.2,0.00301,,,2024-04-16
P-116430,30,press_brake,0.73,0.02184,,TS-0.250IN-2,2024-04-16
P-116430,40,hardware,0.25,0.02694,,,2024-04-16
P-116430,50,powder_coat,0.25,0.00305,,,2024-04-16
P-116430,60,inspection_pack,0.15,0.00459,,,2024-04-16
P-116432,10,laser,0.2,0.01758,,,2024-04-22
P-116432,20,grind_deburr,0.2,0.00247,,,2024-04-22
P-116432,30,press_brake,0.52,0.00516,,TS-16GA-3,2024-04-22
P-116432,40,inspection_pack,0.15,0.00862,,,2024-04-22
P-116440,10,laser,0.2,0.04729,,,2024-05-08
P-116440,20,grind_deburr,0.2,0.00891,,,2024-05-08
P-116440,30,press_brake,1.08,0.06097,,TS-14GA-2,2024-05-08
P-116440,40,hardware,0.25,0.02816,,,2024-05-08
P-116440,50,powder_coat,0.25,0.00401,,,2024-05-08
P-116440,60,inspection_pack,0.15,0.00694,,,2024-05-08
P-116474,10,laser,0.2,0.03006,,,2025-09-16
P-116474,20,press_brake,1.29,0.08353,,TS-16GA-3,2025-09-16
P-116474,30,robotic_weld,1.2,0.05341,,,2025-09-16
P-116474,40,grind_deburr,0.2,0.00288,,,2025-09-16
P-116474,50,powder_coat,0.25,0.0061,,,2025-09-16
P-116474,60,assembly,0.3,0.07425,,,2025-09-16
P-116474,70,inspection_pack,0.15,0.00694,,,2025-09-16
P-116489,10,punch,0.5,0.00843,,,2024-03-26
P-116489,20,grind_deburr,0.2,0.00274,,,2024-03-26
P-116489,30,press_brake,0.87,0.03144,,TS-11GA-2,2024-03-26
P-116489,40,hardware,0.25,0.0278,,,2024-03-26
P-116489,50,powder_coat,0.25,0.00273,,,2024-03-26
P-116489,60,inspection_pack,0.15,0.0028,,,2024-03-26
P-116499,10,laser,0.2,0.02925,,,2024-04-02
P-116499,20,grind_deburr,0.2,0.00562,,,2024-04-02
P-116499,30,press_brake,0.87,0.03816,,TS-18GA-1,2024-04-02
P-116499,40,weld,0.5,0.06442,,,2024-04-02
P-116499,50,grind_deburr,0.2,0.00247,,,2024-04-02
P-116499,60,inspection_pack,0.15,0.01042,,,2024-04-02
P-116518,10,laser,0.2,0.01758,,,2024-05-04
P-116518,20,press_brake,0.59,0.01032,,TS-16GA-3,2024-05-04
P-116518,30,hardware,0.25,0.0262,,,2024-05-04
P-116518,40,weld,0.5,0.05058,,,2024-05-04
P-116518,50,grind_deburr,0.2,0.00192,,,2024-05-04
P-116518,60,powder_coat,0.25,0.00096,,,2024-05-04
P-116518,70,inspection_pack,0.15,0.00504,,,2024-05-04
P-116521,10,laser,0.2,0.00983,,,2024-04-03
P-116521,20,grind_deburr,0.2,0.00219,,,2024-04-03
P-116521,30,press_brake,0.73,0.02076,,TS-18GA-3,2024-04-03
P-116521,40,powder_coat,0.25,0.00192,,,2024-04-03
P-116521,50,inspection_pack,0.15,0.00403,,,2024-04-03
P-116529,10,laser,0.2,0.02879,,,2024-04-08
P-116529,20,press_brake,0.73,0.02724,,TS-20GA-1,2024-04-08
P-116529,30,inspection_pack,0.15,0.00403,,,2024-04-08
P-116563,10,laser,0.2,0.02405,,,2024-04-10
P-116563,20,grind_deburr,0.2,0.00397,,,2024-04-10
P-116563,30,press_brake,0.8,0.02736,,TS-14GA-3,2024-04-10
P-116563,40,hardware,0.25,0.01641,,,2024-04-10
P-116563,50,inspection_pack,0.15,0.0028,,,2024-04-10
P-116569,10,laser,0.2,0.01561,,,2024-04-09
P-116569,20,grind_deburr,0.2,0.00617,,,2024-04-09
P-116569,30,press_brake,0.94,0.04308,,TS-12GA-3,2024-04-09
P-116569,40,weld,0.5,0.14079,,,2024-04-09
P-116569,50,grind_deburr,0.2,0.00206,,,2024-04-09
P-116569,60,powder_coat,0.25,0.00449,,,2024-04-09
P-116569,70,inspection_pack,0.15,0.00549,,,2024-04-09
P-116582,10,laser,0.2,0.01018,,,2024-06-05
P-116582,20,press_brake,0.66,0.0156,,TS-18GA-2,2024-06-05
P-116582,30,hardware,0.25,0.02363,,,2024-06-05
P-116582,40,inspection_pack,0.15,0.00862,,,2024-06-05
P-116609,10,laser,0.2,0.02463,,,2025-05-28
P-116609,20,press_brake,0.73,0.02544,,TS-20GA-2,2025-05-28
P-116609,30,hardware,0.25,0.02204,,,2025-05-28
P-116609,40,press_brake,0.59,0.01272,,TS-20GA-2,2025-05-28
P-116609,50,outside_processing,0.0,0.0,V-1040,,2025-05-28
P-116609,60,inspection_pack,0.15,0.00582,,,2025-05-28
P-116631,10,laser,0.2,0.00913,,,2024-04-22
P-116631,20,press_brake,0.52,0.00516,,TS-12GA-3,2024-04-22
P-116631,30,hardware,0.25,0.02192,,,2024-04-22
P-116631,40,powder_coat,0.25,0.00128,,,2024-04-22
P-116631,50,inspection_pack,0.15,0.00459,,,2024-04-22
P-116647,10,laser,0.2,0.05955,,,2024-04-19
P-116647,20,press_brake,0.87,0.04908,,TS-14GA-3,2024-04-19
P-116647,30,weld,0.5,0.22586,,,2024-04-19
P-116647,40,grind_deburr,0.2,0.00507,,,2024-04-19
P-116647,50,inspection_pack,0.15,0.00706,,,2024-04-19
P-116669,10,laser,0.2,0.0148,,,2024-04-24
P-116669,20,grind_deburr,0.2,0.00219,,,2024-04-24
P-116669,30,press_brake,0.73,0.02208,,TS-16GA-3,2024-04-24
P-116669,40,powder_coat,0.25,0.00241,,,2024-04-24
P-116669,50,assembly,0.3,0.05122,,,2024-04-24
P-116669,60,inspection_pack,0.15,0.00291,,,2024-04-24
P-116681,10,laser,0.2,0.05862,,,2024-05-17
P-116681,20,press_brake,0.8,0.03276,,TS-11GA-1,2024-05-17
P-116681,30,weld,0.5,0.11533,,,2024-05-17
P-116681,40,grind_deburr,0.2,0.0085,,,2024-05-17
P-116681,50,inspection_pack,0.15,0.0075,,,2024-05-17
P-116703,10,laser,0.2,0.01295,,,2024-04-29
P-116703,20,grind_deburr,0.2,0.00206,,,2024-04-29
P-116703,30,press_brake,0.52,0.00516,,TS-12GA-3,2024-04-29
P-116703,40,powder_coat,0.25,0.00241,,,2024-04-29
P-116703,50,inspection_pack,0.15,0.00851,,,2024-04-29
P-116744,10,laser,0.2,0.12511,,,2024-05-06
P-116744,20,grind_deburr,0.2,0.00754,,,2024-05-06
P-116744,30,press_brake,1.08,0.08629,,TS-14GA-1,2024-05-06
P-116744,40,hardware,0.25,0.01078,,,2024-05-06
P-116744,50,robotic_weld,1.2,0.12281,,,2024-05-06
P-116744,60,grind_deburr,0.2,0.0211,,,2024-05-06
P-116744,70,inspection_pack,0.15,0.00806,,,2024-05-06
P-116764,10,laser,0.2,0.00867,,,2025-03-13
P-116764,20,grind_deburr,0.2,0.00096,,,2025-03-13
P-116764,30,press_brake,0.59,0.01032,,TS-18GA-2,2025-03-13
P-116764,40,hardware,0.25,0.00967,,,2025-03-13
P-116764,50,powder_coat,0.25,0.0016,,,2025-03-13
P-116764,60,inspection_pack,0.15,0.00627,,,2025-03-13
P-116773,10,laser,0.2,0.01249,,,2024-05-13
P-116773,20,press_brake,0.52,0.00516,,TS-0.125IN-3,2024-05-13
P-116773,30,inspection_pack,0.15,0.0047,,,2024-05-13
P-116812,10,laser,0.2,0.06336,,,2024-10-05
P-116812,20,press_brake,0.94,0.07897,,TS-16GA-3,2024-10-05
P-116812,30,hardware,0.25,0.02082,,,2024-10-05
P-116812,40,powder_coat,0.25,0.01171,,,2024-10-05
P-116812,50,assembly,0.3,0.02983,,,2024-10-05
P-116812,60,inspection_pack,0.15,0.00448,,,2024-10-05
P-116878,10,laser,0.2,0.17633,,,2024-06-04
P-116878,20,grind_deburr,0.2,0.01261,,,2024-06-04
P-116878,30,press_brake,0.8,0.05581,,TS-16GA-3,2024-06-04
P-116878,40,weld,0.5,0.25578,,,2024-06-04
P-116878,50,grind_deburr,0.2,0.01069,,,2024-06-04
P-116878,60,inspection_pack,0.15,0.00538,,,2024-06-04
P-116892,10,laser,0.2,0.01064,,,2024-09-19
P-116892,20,grind_deburr,0.2,0.00123,,,2024-09-19
P-116892,30,press_brake,1.01,0.04464,,TS-18GA-1,2024-09-19
P-116892,40,weld,0.5,0.02802,,,2024-09-19
P-116892,50,grind_deburr,0.2,0.00439,,,2024-09-19
P-116892,60,powder_coat,0.25,0.00289,,,2024-09-19
P-116892,70,assembly,0.3,0.05462,,,2024-09-19
P-116892,80,inspection_pack,0.15,0.00706,,,2024-09-19
P-116941,10,laser,0.2,0.17784,,,2024-06-07
P-116941,20,grind_deburr,0.2,0.01041,,,2024-06-07
P-116941,30,press_brake,0.87,0.06385,,TS-0.125IN-1,2024-06-07
P-116941,40,weld,0.5,0.3451,,,2024-06-07
P-116941,50,grind_deburr,0.2,0.00726,,,2024-06-07
P-116941,60,powder_coat,0.25,0.01524,,,2024-06-07
P-116941,70,inspection_pack,0.15,0.00963,,,2024-06-07
P-116965,10,laser,0.2,0.02035,,,2024-07-11
P-116965,20,grind_deburr,0.2,0.00411,,,2024-07-11
P-116965,30,press_brake,0.8,0.02952,,TS-16GA-1,2024-07-11
P-116965,40,inspection_pack,0.15,0.00974,,,2024-07-11
P-116973,10,laser,0.2,0.02347,,,2024-08-04
P-116973,20,press_brake,1.29,0.08881,,TS-14GA-3,2024-08-04
P-116973,30,hardware,0.25,0.01114,,,2024-08-04
P-116973,40,robotic_weld,1.2,0.0395,,,2024-08-04
P-116973,50,grind_deburr,0.2,0.00617,,,2024-08-04
P-116973,60,powder_coat,0.25,0.00449,,,2024-08-04
P-116973,70,inspection_pack,0.15,0.00874,,,2024-08-04
P-117004,10,laser,0.2,0.01226,,,2024-09-11
P-117004,20,grind_deburr,0.2,0.00137,,,2024-09-11
P-117004,30,press_brake,0.59,0.01188,,TS-14GA-2,2024-09-11
P-117004,40,powder_coat,0.25,0.00417,,,2024-09-11
P-117004,50,inspection_pack,0.15,0.00974,,,2024-09-11
P-117011,10,laser,0.2,0.01943,,,2024-07-09
P-117011,20,grind_deburr,0.2,0.00069,,,2024-07-09
P-117011,30,press_brake,0.66,0.0156,,TS-12GA-1,2024-07-09
P-117011,40,hardware,0.25,0.01273,,,2024-07-09
P-117011,50,inspection_pack,0.15,0.00672,,,2024-07-09
P-117019,10,laser,0.2,0.03723,,,2025-02-21
P-117019,20,press_brake,0.73,0.0258,,TS-14GA-2,2025-02-21
P-117019,30,weld,0.5,0.02199,,,2025-02-21
P-117019,40,grind_deburr,0.2,0.00452,,,2025-02-21
P-117019,50,powder_coat,0.25,0.00674,,,2025-02-21
P-117019,60,inspection_pack,0.15,0.00918,,,2025-02-21
P-117024,10,laser,0.2,0.01908,,,2025-12-17
P-117024,20,press_brake,0.73,0.02076,,TS-18GA-3,2025-12-17
P-117024,30,hardware,0.25,0.01494,,,2025-12-17
P-117024,40,outside_processing,0.0,0.0,V-1040,,2025-12-17
P-117024,50,outside_processing,0.0,0.0,V-1077,,2025-12-17
P-117024,60,inspection_pack,0.15,0.00683,,,2025-12-17
P-117034,10,laser,0.2,0.0163,,,2024-06-26
P-117034,20,grind_deburr,0.2,0.00096,,,2024-06-26
P-117034,30,press_brake,0.59,0.01032,,TS-14GA-1,2024-06-26
P-117034,40,powder_coat,0.25,0.00241,,,2024-06-26
P-117034,50,inspection_pack,0.15,0.01008,,,2024-06-26
P-117038,10,laser,0.2,0.02902,,,2025-07-31
P-117038,20,grind_deburr,0.2,0.00671,,,2025-07-31
P-117038,30,press_brake,0.8,0.0312,,TS-14GA-1,2025-07-31
P-117038,40,powder_coat,0.25,0.00433,,,2025-07-31
P-117038,50,inspection_pack,0.15,0.00762,,,2025-07-31
P-117072,10,laser,0.2,0.01318,,,2024-07-08
P-117072,20,press_brake,0.8,0.02736,,TS-14GA-2,2024-07-08
P-117072,30,inspection_pack,0.15,0.0028,,,2024-07-08
P-117094,10,laser,0.2,0.06891,,,2025-08-14
P-117094,20,grind_deburr,0.2,0.01302,,,2025-08-14
P-117094,30,press_brake,1.15,0.09685,,TS-18GA-1,2025-08-14
P-117094,40,hardware,0.25,0.00747,,,2025-08-14
P-117094,50,robotic_weld,1.2,0.07437,,,2025-08-14
P-117094,60,grind_deburr,0.2,0.01288,,,2025-08-14
P-117094,70,inspection_pack,0.15,0.00302,,,2025-08-14
P-117102,10,punch,0.5,0.00833,,,2024-07-12
P-117102,20,press_brake,0.66,0.01956,,TS-20GA-3,2024-07-12
P-117102,30,inspection_pack,0.15,0.00997,,,2024-07-12
P-117126,10,laser,0.2,0.01954,,,2024-08-28
P-117126,20,grind_deburr,0.2,0.00233,,,2024-08-28
P-117126,30,press_brake,0.66,0.0156,,TS-20GA-2,2024-08-28
P-117126,40,hardware,0.25,0.01996,,,2024-08-28
P-117126,50,weld,0.5,0.04756,,,2024-08-28
P-117126,60,grind_deburr,0.2,0.0011,,,2024-08-28
P-117126,70,powder_coat,0.25,0.00128,,,2024-08-28
P-117126,80,inspection_pack,0.15,0.01042,,,2024-08-28
P-117127,10,punch,0.5,0.00378,,,2024-08-11
P-117127,20,press_brake,0.73,0.02076,,TS-18GA-3,2024-08-11
P-117127,30,hardware,0.25,0.00833,,,2024-08-11
P-117127,40,powder_coat,0.25,0.00176,,,2024-08-11
P-117127,50,inspection_pack,0.15,0.00594,,,2024-08-11
P-117132,10,laser,0.2,0.01515,,,2024-08-30
P-117132,20,press_brake,0.59,0.0114,,TS-18GA-1,2024-08-30
P-117132,30,weld,0.5,0.08374,,,2024-08-30
P-117132,40,grind_deburr,0.2,0.00151,,,2024-08-30
P-117132,50,powder_coat,0.25,0.00257,,,2024-08-30
P-117132,60,inspection_pack,0.15,0.00941,,,2024-08-30
P-117272,10,laser,0.2,0.0481,,,2024-12-26
P-117272,20,press_brake,1.08,0.09865,,TS-16GA-1,2024-12-26
P-117272,30,hardware,0.25,0.02082,,,2024-12-26
P-117272,40,weld,0.5,0.48913,,,2024-12-26
P-117272,50,grind_deburr,0.2,0.00671,,,2024-12-26
P-117272,60,outside_processing,0.0,0.0,V-1040,,2024-12-26
P-117272,70,inspection_pack,0.15,0.00414,,,2024-12-26
P-117294,10,punch,0.5,0.00649,,,2024-09-17
P-117294,20,press_brake,0.73,0.021,,TS-14GA-2,2024-09-17
P-117294,30,hardware,0.25,0.01053,,,2024-09-17
P-117294,40,powder_coat,0.25,0.0008,,,2024-09-17
P-117294,50,inspection_pack,0.15,0.00706,,,2024-09-17
P-117309,10,laser,0.2,0.01133,,,2025-06-11
P-117309,20,press_brake,0.87,0.03492,,TS-14GA-3,2025-06-11
P-117309,30,hardware,0.25,0.02449,,,2025-06-11
P-117309,40,press_brake,0.73,0.02328,,TS-14GA-3,2025-06-11
P-117309,50,inspection_pack,0.15,0.00885,,,2025-06-11
P-117324,10,laser,0.2,0.0074,,,2024-09-14
P-117324,20,grind_deburr,0.2,0.00164,,,2024-09-14
P-117324,30,press_brake,0.73,0.02076,,TS-18GA-1,2024-09-14
P-117324,40,hardware,0.25,0.00784,,,2024-09-14
P-117324,50,inspection_pack,0.15,0.01008,,,2024-09-14
P-117329,10,laser,0.2,0.07331,,,2024-08-23
P-117329,20,grind_deburr,0.2,0.00932,,,2024-08-23
P-117329,30,press_brake,0.8,0.03636,,TS-16GA-1,2024-08-23
P-117329,40,hardware,0.25,0.01604,,,2024-08-23
P-117329,50,weld,0.5,0.20532,,,2024-08-23
P-117329,60,grind_deburr,0.2,0.00329,,,2024-08-23
P-117329,70,inspection_pack,0.15,0.00728,,,2024-08-23
P-117338,10,laser,0.2,0.01191,,,2024-08-23
P-117338,20,grind_deburr,0.2,0.00137,,,2024-08-23
P-117338,30,press_brake,0.73,0.02124,,TS-16GA-3,2024-08-23
P-117338,40,inspection_pack,0.15,0.00952,,,2024-08-23
P-117359,10,laser,0.2,0.01919,,,2025-11-29
P-117359,20,grind_deburr,0.2,0.00288,,,2025-11-29
P-117359,30,press_brake,0.59,0.01068,,TS-16GA-2,2025-11-29
P-117359,40,powder_coat,0.25,0.00225,,,2025-11-29
P-117359,50,inspection_pack,0.15,0.00291,,,2025-11-29
P-117369,10,punch,0.5,0.071,,,2025-08-27
P-117369,20,grind_deburr,0.2,0.02275,,,2025-08-27
P-117369,30,press_brake,0.94,0.07897,,TS-20GA-3,2025-08-27
P-117369,40,robotic_weld,1.2,0.04745,,,2025-08-27
P-117369,50,grind_deburr,0.2,0.0211,,,2025-08-27
P-117369,60,press_brake,0.8,0.05641,,TS-20GA-3,2025-08-27
P-117369,70,inspection_pack,0.15,0.00795,,,2025-08-27
P-117396,10,laser,0.2,0.01353,,,2024-10-07
P-117396,20,grind_deburr,0.2,0.00288,,,2024-10-07
P-117396,30,press_brake,0.52,0.00516,,TS-20GA-3,2024-10-07
P-117396,40,powder_coat,0.25,0.0016,,,2024-10-07
P-117396,50,inspection_pack,0.15,0.00526,,,2024-10-07
P-117422,10,laser,0.2,0.00694,,,2024-09-05
P-117422,20,grind_deburr,0.2,0.00069,,,2024-09-05
P-117422,30,press_brake,0.66,0.0156,,TS-0.125IN-2,2024-09-05
P-117422,40,hardware,0.25,0.01188,,,2024-09-05
P-117422,50,outside_processing,0.0,0.0,V-1077,,2024-09-05
P-117422,60,inspection_pack,0.15,0.00605,,,2024-09-05
P-117451,10,laser,0.2,0.03423,,,2024-11-04
P-117451,20,grind_deburr,0.2,0.00685,,,2024-11-04
P-117451,30,press_brake,0.66,0.01836,,TS-12GA-3,2024-11-04
P-117451,40,hardware,0.25,0.02241,,,2024-11-04
P-117451,50,weld,0.5,0.08865,,,2024-11-04
P-117451,60,grind_deburr,0.2,0.00274,,,2024-11-04
P-117451,70,powder_coat,0.25,0.00513,,,2024-11-04
P-117451,80,inspection_pack,0.15,0.00605,,,2024-11-04
P-117483,10,laser,0.2,0.01399,,,2025-08-05
P-117483,20,press_brake,0.59,0.01032,,TS-0.125IN-1,2025-08-05
P-117483,30,hardware,0.25,0.01947,,,2025-08-05
P-117483,40,powder_coat,0.25,0.00209,,,2025-08-05
P-117483,50,inspection_pack,0.15,0.00448,,,2025-08-05
P-117498,10,laser,0.2,0.00555,,,2024-09-10
P-117498,20,grind_deburr,0.2,0.00096,,,2024-09-10
P-117498,30,press_brake,0.66,0.0156,,TS-18GA-2,2024-09-10
P-117498,40,hardware,0.25,0.01029,,,2024-09-10
P-117498,50,outside_processing,0.0,0.0,V-1040,,2024-09-10
P-117498,60,outside_processing,0.0,0.0,V-1077,,2024-09-10
P-117498,70,inspection_pack,0.15,0.00661,,,2024-09-10
P-117510,10,laser,0.2,0.01723,,,2024-10-06
P-117510,20,press_brake,0.66,0.0156,,TS-14GA-1,2024-10-06
P-117510,30,hardware,0.25,0.018,,,2024-10-06
P-117510,40,outside_processing,0.0,0.0,V-1077,,2024-10-06
P-117510,50,inspection_pack,0.15,0.00526,,,2024-10-06
P-117520,10,laser,0.2,0.07909,,,2024-10-22
P-117520,20,grind_deburr,0.2,0.01261,,,2024-10-22
P-117520,30,press_brake,0.94,0.07897,,TS-0.125IN-3,2024-10-22
P-117520,40,hardware,0.25,0.01053,,,2024-10-22
P-117520,50,robotic_weld,1.2,0.05959,,,2024-10-22
P-117520,60,grind_deburr,0.2,0.0211,,,2024-10-22
P-117520,70,outside_processing,0.0,0.0,V-1040,,2024-10-22
P-117520,80,assembly,0.3,0.05638,,,2024-10-22
P-117520,90,inspection_pack,0.15,0.00314,,,2024-10-22
P-117534,10,punch,0.5,0.02615,,,2024-10-30
P-117534,20,press_brake,0.73,0.0288,,TS-0.125IN-1,2024-10-30
P-117534,30,inspection_pack,0.15,0.00381,,,2024-10-30
P-117600,10,laser,0.2,0.01515,,,2024-09-18
P-117600,20,grind_deburr,0.2,0.00151,,,2024-09-18
P-117600,30,press_brake,0.59,0.01032,,TS-14GA-1,2024-09-18
P-117600,40,inspection_pack,0.15,0.00347,,,2024-09-18
P-117610,10,laser,0.2,0.00902,,,2024-09-20
P-117610,20,press_brake,0.87,0.0336,,TS-18GA-2,2024-09-20
P-117610,30,weld,0.5,0.03606,,,2024-09-20
P-117610,40,grind_deburr,0.2,0.0011,,,2024-09-20
P-117610,50,assembly,0.3,0.05824,,,2024-09-20
P-117610,60,inspection_pack,0.15,0.00739,,,2024-09-20
P-117616,10,laser,0.2,0.03446,,,2024-09-23
P-117616,20,grind_deburr,0.2,0.00959,,,2024-09-23
P-117616,30,press_brake,1.36,0.11317,,TS-12GA-2,2024-09-23
P-117616,40,powder_coat,0.25,0.0069,,,2024-09-23
P-117616,50,inspection_pack,0.15,0.00414,,,2024-09-23
P-117722,10,laser,0.2,0.01538,,,2024-11-03
P-117722,20,grind_deburr,0.2,0.00329,,,2024-11-03
P-117722,30,press_brake,0.66,0.018,,TS-14GA-3,2024-11-03
P-117722,40,powder_coat,0.25,0.00497,,,2024-11-03
P-117722,50,inspection_pack,0.15,0.00302,,,2024-11-03
P-117753,10,laser,0.2,0.01064,,,2024-10-09
P-117753,20,press_brake,0.73,0.02076,,TS-0.125IN-2,2024-10-09
P-117753,30,powder_coat,0.25,0.00192,,,2024-10-09
P-117753,40,inspection_pack,0.15,0.00437,,,2024-10-09
P-117794,10,laser,0.2,0.01746,,,2025-05-02
P-117794,20,grind_deburr,0.2,0.00439,,,2025-05-02
P-117794,30,press_brake,1.08,0.05209,,TS-18GA-2,2025-05-02
P-117794,40,outside_processing,0.0,0.0,V-1040,,2025-05-02
P-117794,50,inspection_pack,0.15,0.00616,,,2025-05-02
P-117802,10,laser,0.2,0.14673,,,2024-11-05
P-117802,20,grind_deburr,0.2,0.01384,,,2024-11-05
P-117802,30,press_brake,0.87,0.06169,,TS-18GA-2,2024-11-05
P-117802,40,press_brake,0.73,0.04104,,TS-18GA-2,2024-11-05
P-117802,50,powder_coat,0.25,0.01797,,,2024-11-05
P-117802,60,assembly,0.3,0.0397,,,2024-11-05
P-117802,70,inspection_pack,0.15,0.0065,,,2024-11-05
P-117833,10,laser,0.2,0.01862,,,2024-10-16
P-117833,20,grind_deburr,0.2,0.00069,,,2024-10-16
P-117833,30,press_brake,0.52,0.00516,,TS-18GA-3,2024-10-16
P-117833,40,inspection_pack,0.15,0.00605,,,2024-10-16
P-117836,10,laser,0.2,0.06279,,,2025-07-29
P-117836,20,grind_deburr,0.2,0.0063,,,2025-07-29
P-117836,30,press_brake,0.8,0.03588,,TS-16GA-2,2025-07-29
P-117836,40,hardware,0.25,0.01457,,,2025-07-29
P-117836,50,weld,0.5,0.10082,,,2025-07-29
P-117836,60,grind_deburr,0.2,0.00904,,,2025-07-29
P-117836,70,powder_coat,0.25,0.00802,,,2025-07-29
P-117836,80,inspection_pack,0.15,0.00907,,,2025-07-29
P-117860,10,laser,0.2,0.01203,,,2024-11-09
P-117860,20,grind_deburr,0.2,0.00425,,,2024-11-09
P-117860,30,press_brake,0.94,0.04068,,TS-11GA-3,2024-11-09
P-117860,40,outside_processing,0.0,0.0,V-1040,,2024-11-09
P-117860,50,assembly,0.3,0.09619,,,2024-11-09
P-117860,60,inspection_pack,0.15,0.0028,,,2024-11-09
P-117871,10,laser,0.2,0.01619,,,2024-12-19
P-117871,20,grind_deburr,0.2,0.00151,,,2024-12-19
P-117871,30,press_brake,0.52,0.00516,,TS-12GA-3,2024-12-19
P-117871,40,hardware,0.25,0.02731,,,2024-12-19
P-117871,50,weld,0.5,0.06018,,,2024-12-19
P-117871,60,grind_deburr,0.2,0.00137,,,2024-12-19
P-117871,70,powder_coat,0.25,0.0016,,,2024-12-19
P-117871,80,inspection_pack,0.15,0.00616,,,2024-12-19
P-117917,10,laser,0.2,0.02,,,2024-10-24
P-117917,20,grind_deburr,0.2,0.00397,,,2024-10-24
P-117917,30,press_brake,0.8,0.02916,,TS-12GA-2,2024-10-24
P-117917,40,hardware,0.25,0.01714,,,2024-10-24
P-117917,50,powder_coat,0.25,0.00144,,,2024-10-24
P-117917,60,inspection_pack,0.15,0.00504,,,2024-10-24
P-117942,10,laser,0.2,0.11794,,,2024-11-17
P-117942,20,grind_deburr,0.2,0.01795,,,2024-11-17
P-117942,30,press_brake,1.43,0.12985,,TS-12GA-3,2024-11-17
P-117942,40,assembly,0.3,0.0442,,,2024-11-17
P-117942,50,inspection_pack,0.15,0.00582,,,2024-11-17
P-118057,10,laser,0.2,0.01619,,,2024-12-27
P-118057,20,grind_deburr,0.2,0.00123,,,2024-12-27
P-118057,30,press_brake,0.66,0.0156,,TS-16GA-3,2024-12-27
P-118057,40,inspection_pack,0.15,0.00706,,,2024-12-27
P-118108,10,laser,0.2,0.01341,,,2025-05-23
P-118108,20,grind_deburr,0.2,0.00178,,,2025-05-23
P-118108,30,press_brake,0.66,0.0156,,TS-14GA-2,2025-05-23
P-118108,40,weld,0.5,0.00837,,,2025-05-23
P-118108,50,grind_deburr,0.2,0.00082,,,2025-05-23
P-118108,60,powder_coat,0.25,0.00096,,,2025-05-23
P-118108,70,inspection_pack,0.15,0.00358,,,2025-05-23
P-118113,10,laser,0.2,0.12072,,,2024-12-25
P-118113,20,grind_deburr,0.2,0.01124,,,2024-12-25
P-118113,30,press_brake,0.73,0.0348,,TS-16GA-3,2024-12-25
P-118113,40,weld,0.5,0.28783,,,2024-12-25
P-118113,50,grind_deburr,0.2,0.01562,,,2024-12-25
P-118113,60,press_brake,0.66,0.02604,,TS-16GA-3,2024-12-25
P-118113,70,outside_processing,0.0,0.0,V-1077,,2024-12-25
P-118113,80,inspection_pack,0.15,0.00582,,,2024-12-25
P-118169,10,laser,0.2,0.01873,,,2025-09-19
P-118169,20,press_brake,0.73,0.02076,,TS-16GA-3,2025-09-19
P-118169,30,hardware,0.25,0.00735,,,2025-09-19
P-118169,40,inspection_pack,0.15,0.00638,,,2025-09-19
P-118221,10,punch,0.5,0.02722,,,2025-01-01
P-118221,20,grind_deburr,0.2,0.0159,,,2025-01-01
P-118221,30,press_brake,0.94,0.06565,,TS-14GA-1,2025-01-01
P-118221,40,press_brake,0.73,0.03744,,TS-14GA-1,2025-01-01
P-118221,50,powder_coat,0.25,0.01877,,,2025-01-01
P-118221,60,assembly,0.3,0.03861,,,2025-01-01
P-118221,70,inspection_pack,0.15,0.00706,,,2025-01-01
P-118291,10,laser,0.2,0.05099,,,2024-12-09
P-118291,20,grind_deburr,0.2,0.00315,,,2024-12-09
P-118291,30,press_brake,0.87,0.03888,,TS-20GA-3,2024-12-09
P-118291,40,outside_processing,0.0,0.0,V-1040,,2024-12-09
P-118291,50,inspection_pack,0.15,0.01053,,,2024-12-09
P-118296,10,laser,0.2,0.00879,,,2024-12-10
P-118296,20,grind_deburr,0.2,0.00096,,,2024-12-10
P-118296,30,press_brake,0.87,0.03108,,TS-14GA-3,2024-12-10
P-118296,40,weld,0.5,0.05716,,,2024-12-10
P-118296,50,grind_deburr,0.2,0.00192,,,2024-12-10
P-118296,60,powder_coat,0.25,0.00112,,,2024-12-10
P-118296,70,inspection_pack,0.15,0.00302,,,2024-12-10
P-118300,10,laser,0.2,0.01203,,,2025-01-21
P-118300,20,press_brake,0.59,0.01032,,TS-14GA-1,2025-01-21
P-118300,30,inspection_pack,0.15,0.00739,,,2025-01-21
P-118311,10,laser,0.2,0.01804,,,2025-01-11
P-118311,20,grind_deburr,0.2,0.00069,,,2025-01-11
P-118311,30,press_brake,0.66,0.0156,,TS-20GA-1,2025-01-11
P-118311,40,hardware,0.25,0.01543,,,2025-01-11
P-118311,50,weld,0.5,0.03104,,,2025-01-11
P-118311,60,grind_deburr,0.2,0.00206,,,2025-01-11
P-118311,70,powder_coat,0.25,0.00112,,,2025-01-11
P-118311,80,inspection_pack,0.15,0.00392,,,2025-01-11
P-118316,10,laser,0.2,0.01133,,,2024-12-10
P-118316,20,grind_deburr,0.2,0.00274,,,2024-12-10
P-118316,30,press_brake,0.66,0.0156,,TS-14GA-2,2024-12-10
P-118316,40,hardware,0.25,0.00918,,,2024-12-10
P-118316,50,powder_coat,0.25,0.00273,,,2024-12-10
P-118316,60,inspection_pack,0.15,0.0084,,,2024-12-10
P-118320,10,laser,0.2,0.01226,,,2024-12-11
P-118320,20,press_brake,0.59,0.01032,,TS-0.125IN-1,2024-12-11
P-118320,30,hardware,0.25,0.01396,,,2024-12-11
P-118320,40,powder_coat,0.25,0.00112,,,2024-12-11
P-118320,50,inspection_pack,0.15,0.00437,,,2024-12-11
P-118324,10,laser,0.2,0.02914,,,2024-12-11
P-118324,20,press_brake,0.94,0.04476,,TS-12GA-1,2024-12-11
P-118324,30,weld,0.5,0.0748,,,2024-12-11
P-118324,40,grind_deburr,0.2,0.00534,,,2024-12-11
P-118324,50,outside_processing,0.0,0.0,V-1040,,2024-12-11
P-118324,60,assembly,0.3,0.1008,,,2024-12-11
P-118324,70,inspection_pack,0.15,0.00918,,,2024-12-11
P-118329,10,laser,0.2,0.03029,,,2025-02-27
P-118329,20,grind_deburr,0.2,0.00329,,,2025-02-27
P-118329,30,press_brake,0.8,0.033,,TS-20GA-3,2025-02-27
P-118329,40,assembly,0.3,0.10474,,,2025-02-27
P-118329,50,inspection_pack,0.15,0.00874,,,2025-02-27
P-118330,10,laser,0.2,0.0496,,,2024-12-12
P-118330,20,press_brake,0.8,0.03372,,TS-14GA-1,2024-12-12
P-118330,30,outside_processing,0.0,0.0,V-1077,,2024-12-12
P-118330,40,inspection_pack,0.15,0.00762,,,2024-12-12
P-118353,10,laser,0.2,0.01272,,,2025-11-29
P-118353,20,press_brake,0.59,0.01032,,TS-12GA-1,2025-11-29
P-118353,30,hardware,0.25,0.0142,,,2025-11-29
P-118353,40,powder_coat,0.25,0.00209,,,2025-11-29
P-118353,50,inspection_pack,0.15,0.00952,,,2025-11-29
P-118360,10,laser,0.2,0.01642,,,2025-09-03
P-118360,20,grind_deburr,0.2,0.00274,,,2025-09-03
P-118360,30,press_brake,0.59,0.01044,,TS-0.125IN-1,2025-09-03
P-118360,40,outside_processing,0.0,0.0,V-1077,,2025-09-03
P-118360,50,inspection_pack,0.15,0.01031,,,2025-09-03
P-118361,10,laser,0.2,0.05307,,,2025-01-17
P-118361,20,grind_deburr,0.2,0.01096,,,2025-01-17
P-118361,30,press_brake,0.73,0.03144,,TS-20GA-2,2025-01-17
P-118361,40,press_brake,0.59,0.01572,,TS-20GA-2,2025-01-17
P-118361,50,assembly,0.3,0.03378,,,2025-01-17
P-118361,60,inspection_pack,0.15,0.00381,,,2025-01-17
P-118368,10,laser,0.2,0.03769,,,2025-02-01
P-118368,20,grind_deburr,0.2,0.01261,,,2025-02-01
P-118368,30,press_brake,0.87,0.04644,,TS-14GA-2,2025-02-01
P-118368,40,inspection_pack,0.15,0.00381,,,2025-02-01
P-118369,10,laser,0.2,0.04382,,,2025-02-07
P-118369,20,grind_deburr,0.2,0.00946,,,2025-02-07
P-118369,30,press_brake,1.08,0.09301,,TS-16GA-3,2025-02-07
P-118369,40,hardware,0.25,0.00906,,,2025-02-07
P-118369,50,weld,0.5,0.36241,,,2025-02-07
P-118369,60,grind_deburr,0.2,0.02371,,,2025-02-07
P-118369,70,inspection_pack,0.15,0.00952,,,2025-02-07
P-118375,10,laser,0.2,0.03388,,,2025-10-06
P-118375,20,grind_deburr,0.2,0.00548,,,2025-10-06
P-118375,30,press_brake,0.73,0.02352,,TS-0.250IN-2,2025-10-06
P-118375,40,powder_coat,0.25,0.00289,,,2025-10-06
P-118375,50,inspection_pack,0.15,0.00717,,,2025-10-06
P-118385,10,laser,0.2,0.05053,,,2024-12-18
P-118385,20,grind_deburr,0.2,0.02124,,,2024-12-18
P-118385,30,press_brake,0.87,0.06769,,TS-16GA-1,2024-12-18
P-118385,40,weld,0.5,0.47942,,,2024-12-18
P-118385,50,grind_deburr,0.2,0.02124,,,2024-12-18
P-118385,60,powder_coat,0.25,0.02342,,,2024-12-18
P-118385,70,assembly,0.3,0.04354,,,2024-12-18
P-118385,80,inspection_pack,0.15,0.00762,,,2024-12-18
P-118387,10,laser,0.2,0.00567,,,2024-12-19
P-118387,20,press_brake,0.59,0.01032,,TS-18GA-1,2024-12-19
P-118387,30,hardware,0.25,0.01751,,,2024-12-19
P-118387,40,outside_processing,0.0,0.0,V-1040,,2024-12-19
P-118387,50,inspection_pack,0.15,0.00963,,,2024-12-19
P-118392,10,laser,0.2,0.0126,,,2025-04-30
P-118392,20,press_brake,0.66,0.0156,,TS-0.125IN-1,2025-04-30
P-118392,30,outside_processing,0.0,0.0,V-1040,,2025-04-30
P-118392,40,inspection_pack,0.15,0.00986,,,2025-04-30
P-118399,10,punch,0.5,0.03691,,,2025-02-13
P-118399,20,grind_deburr,0.2,0.0074,,,2025-02-13
P-118399,30,press_brake,1.43,0.11065,,TS-14GA-2,2025-02-13
P-118399,40,hardware,0.25,0.01812,,,2025-02-13
P-118399,50,powder_coat,0.25,0.00914,,,2025-02-13
P-118399,60,assembly,0.3,0.0453,,,2025-02-13
P-118399,70,inspection_pack,0.15,0.00806,,,2025-02-13
P-118403,10,laser,0.2,0.01769,,,2025-01-12
P-118403,20,grind_deburr,0.2,0.0026,,,2025-01-12
P-118403,30,press_brake,1.01,0.0426,,TS-16GA-1,2025-01-12
P-118403,40,weld,0.5,0.01139,,,2025-01-12
P-118403,50,grind_deburr,0.2,0.00315,,,2025-01-12
P-118403,60,powder_coat,0.25,0.00128,,,2025-01-12
P-118403,70,outside_processing,0.0,0.0,V-1077,,2025-01-12
P-118403,80,inspection_pack,0.15,0.00672,,,2025-01-12
P-118404,10,laser,0.2,0.00624,,,2025-01-25
P-118404,20,grind_deburr,0.2,0.00219,,,2025-01-25
P-118404,30,press_brake,0.66,0.0156,,TS-16GA-1,2025-01-25
P-118404,40,outside_processing,0.0,0.0,V-1040,,2025-01-25
P-118404,50,inspection_pack,0.15,0.00482,,,2025-01-25
P-118410,10,punch,0.5,0.02063,,,2025-02-08
P-118410,20,grind_deburr,0.2,0.00795,,,2025-02-08
P-118410,30,press_brake,0.73,0.03,,TS-14GA-2,2025-02-08
P-118410,40,hardware,0.25,0.01041,,,2025-02-08
P-118410,50,outside_processing,0.0,0.0,V-1077,,2025-02-08
P-118410,60,inspection_pack,0.15,0.00717,,,2025-02-08
P-118415,10,laser,0.2,0.05643,,,2025-02-09
P-118415,20,press_brake,0.59,0.01572,,TS-14GA-2,2025-02-09
P-118415,30,inspection_pack,0.15,0.00963,,,2025-02-09
P-118418,10,laser,0.2,0.00532,,,2025-02-19
P-118418,20,grind_deburr,0.2,0.00192,,,2025-02-19
P-118418,30,press_brake,0.73,0.02076,,TS-18GA-3,2025-02-19
P-118418,40,hardware,0.25,0.01494,,,2025-02-19
P-118418,50,outside_processing,0.0,0.0,V-1040,,2025-02-19
P-118418,60,inspection_pack,0.15,0.00459,,,2025-02-19
P-118421,10,laser,0.2,0.01873,,,2025-09-07
P-118421,20,grind_deburr,0.2,0.00781,,,2025-09-07
P-118421,30,press_brake,0.66,0.01956,,TS-14GA-2,2025-09-07
P-118421,40,hardware,0.25,0.02449,,,2025-09-07
P-118421,50,robotic_weld,1.2,0.0533,,,2025-09-07
P-118421,60,grind_deburr,0.2,0.00411,,,2025-09-07
P-118421,70,powder_coat,0.25,0.00481,,,2025-09-07
P-118421,80,assembly,0.3,0.08412,,,2025-09-07
P-118421,90,inspection_pack,0.15,0.01053,,,2025-09-07
P-118429,10,punch,0.5,0.04175,,,2025-02-12
P-118429,20,grind_deburr,0.2,0.01288,,,2025-02-12
P-118429,30,press_brake,0.73,0.03576,,TS-14GA-2,2025-02-12
P-118429,40,robotic_weld,1.2,0.09302,,,2025-02-12
P-118429,50,grind_deburr,0.2,0.01343,,,2025-02-12
P-118429,60,press_brake,0.66,0.02676,,TS-14GA-2,2025-02-12
P-118429,70,inspection_pack,0.15,0.00672,,,2025-02-12
P-118437,10,laser,0.2,0.0126,,,2025-06-18
P-118437,20,grind_deburr,0.2,0.00288,,,2025-06-18
P-118437,30,press_brake,0.73,0.02076,,TS-18GA-2,2025-06-18
P-118437,40,powder_coat,0.25,0.00225,,,2025-06-18
P-118437,50,inspection_pack,0.15,0.00885,,,2025-06-18
P-118439,10,laser,0.2,0.04822,,,2025-06-16
P-118439,20,grind_deburr,0.2,0.00699,,,2025-06-16
P-118439,30,press_brake,1.08,0.06637,,TS-18GA-1,2025-06-16
P-118439,40,hardware,0.25,0.02706,,,2025-06-16
P-118439,50,weld,0.5,0.09077,,,2025-06-16
P-118439,60,grind_deburr,0.2,0.00877,,,2025-06-16
P-118439,70,inspection_pack,0.15,0.00448,,,2025-06-16
P-118441,10,laser,0.2,0.04371,,,2025-01-29
P-118441,20,grind_deburr,0.2,0.01768,,,2025-01-29
P-118441,30,press_brake,0.94,0.06061,,TS-12GA-1,2025-01-29
P-118441,40,hardware,0.25,0.02902,,,2025-01-29
P-118441,50,weld,0.5,0.36687,,,2025-01-29
P-118441,60,grind_deburr,0.2,0.00699,,,2025-01-29
P-118441,70,inspection_pack,0.15,0.00739,,,2025-01-29
P-118447,10,laser,0.2,0.05631,,,2025-01-03
P-118447,20,grind_deburr,0.2,0.01302,,,2025-01-03
P-118447,30,press_brake,1.15,0.08281,,TS-11GA-3,2025-01-03
P-118447,40,inspection_pack,0.15,0.0037,,,2025-01-03
P-118451,10,laser,0.2,0.01318,,,2025-02-20
P-118451,20,press_brake,0.94,0.03924,,TS-16GA-2,2025-02-20
P-118451,30,weld,0.5,0.07726,,,2025-02-20
P-118451,40,grind_deburr,0.2,0.00425,,,2025-02-20
P-118451,50,powder_coat,0.25,0.00417,,,2025-02-20
P-118451,60,assembly,0.3,0.07634,,,2025-02-20
P-118451,70,inspection_pack,0.15,0.00941,,,2025-02-20
P-118453,10,laser,0.2,0.00913,,,2025-02-27
P-118453,20,grind_deburr,0.2,0.00274,,,2025-02-27
P-118453,30,press_brake,0.59,0.01032,,TS-16GA-3,2025-02-27
P-118453,40,inspection_pack,0.15,0.00482,,,2025-02-27
P-118460,10,laser,0.2,0.04845,,,2025-01-07
P-118460,20,grind_deburr,0.2,0.01192,,,2025-01-07
P-118460,30,press_brake,0.66,0.02292,,TS-14GA-1,2025-01-07
P-118460,40,powder_coat,0.25,0.01075,,,2025-01-07
P-118460,50,assembly,0.3,0.07392,,,2025-01-07
P-118460,60,inspection_pack,0.15,0.0037,,,2025-01-07
P-118463,10,laser,0.2,0.0651,,,2025-02-18
P-118463,20,grind_deburr,0.2,0.00439,,,2025-02-18
P-118463,30,press_brake,0.73,0.02796,,TS-14GA-2,2025-02-18
P-118463,40,powder_coat,0.25,0.00722,,,2025-02-18
P-118463,50,inspection_pack,0.15,0.0084,,,2025-02-18
P-118465,10,laser,0.2,0.04567,,,2025-09-24
P-118465,20,press_brake,0.66,0.01992,,TS-20GA-2,2025-09-24
P-118465,30,hardware,0.25,0.00747,,,2025-09-24
P-118465,40,outside_processing,0.0,0.0,V-1040,,2025-09-24
P-118465,50,inspection_pack,0.15,0.00605,,,2025-09-24
P-118469,10,laser,0.2,0.01711,,,2025-11-06
P-118469,20,grind_deburr,0.2,0.00206,,,2025-11-06
P-118469,30,press_brake,1.01,0.04969,,TS-0.250IN-3,2025-11-06
P-118469,40,weld,0.5,0.10383,,,2025-11-06
P-118469,50,grind_deburr,0.2,0.00343,,,2025-11-06
P-118469,60,powder_coat,0.25,0.00305,,,2025-11-06
P-118469,70,inspection_pack,0.15,0.00638,,,2025-11-06
P-118473,10,laser,0.2,0.0059,,,2025-02-13
P-118473,20,grind_deburr,0.2,0.00206,,,2025-02-13
P-118473,30,press_brake,0.66,0.0156,,TS-14GA-3,2025-02-13
P-118473,40,robotic_weld,1.2,0.00618,,,2025-02-13
P-118473,50,grind_deburr,0.2,0.00123,,,2025-02-13
P-118473,60,powder_coat,0.25,0.00225,,,2025-02-13
P-118473,70,inspection_pack,0.15,0.0065,,,2025-02-13
P-118474,10,laser,0.2,0.00659,,,2025-02-20
P-118474,20,grind_deburr,0.2,0.00096,,,2025-02-20
P-118474,30,press_brake,0.73,0.02076,,TS-16GA-3,2025-02-20
P-118474,40,hardware,0.25,0.01004,,,2025-02-20
P-118474,50,powder_coat,0.25,0.00225,,,2025-02-20
P-118474,60,inspection_pack,0.15,0.01019,,,2025-02-20
P-118480,10,laser,0.2,0.01364,,,2025-02-14
P-118480,20,grind_deburr,0.2,0.00274,,,2025-02-14
P-118480,30,press_brake,0.59,0.01032,,TS-16GA-1,2025-02-14
P-118480,40,hardware,0.25,0.01298,,,2025-02-14
P-118480,50,powder_coat,0.25,0.00257,,,2025-02-14
P-118480,60,outside_processing,0.0,0.0,V-1077,,2025-02-14
P-118480,70,inspection_pack,0.15,0.00291,,,2025-02-14
P-118481,10,laser,0.2,0.00671,,,2025-01-10
P-118481,20,grind_deburr,0.2,0.00137,,,2025-01-10
P-118481,30,press_brake,0.66,0.0156,,TS-18GA-1,2025-01-10
P-118481,40,outside_processing,0.0,0.0,V-1040,,2025-01-10
P-118481,50,inspection_pack,0.15,0.00683,,,2025-01-10
P-118487,10,laser,0.2,0.01596,,,2025-03-12
P-118487,20,press_brake,0.66,0.0156,,TS-12GA-1,2025-03-12
P-118487,30,hardware,0.25,0.02853,,,2025-03-12
P-118487,40,outside_processing,0.0,0.0,V-1040,,2025-03-12
P-118487,50,inspection_pack,0.15,0.00694,,,2025-03-12
P-118494,10,laser,0.2,0.02578,,,2025-01-14
P-118494,20,press_brake,0.8,0.02856,,TS-16GA-2,2025-01-14
P-118494,30,outside_processing,0.0,0.0,V-1077,,2025-01-14
P-118494,40,inspection_pack,0.15,0.00918,,,2025-01-14
P-118495,10,laser,0.2,0.00879,,,2025-02-27
P-118495,20,grind_deburr,0.2,0.00247,,,2025-02-27
P-118495,30,press_brake,0.52,0.00516,,TS-20GA-1,2025-02-27
P-118495,40,powder_coat,0.25,0.00257,,,2025-02-27
P-118495,50,inspection_pack,0.15,0.00504,,,2025-02-27
P-118502,10,laser,0.2,0.05885,,,2025-02-13
P-118502,20,press_brake,0.73,0.02628,,TS-16GA-3,2025-02-13
P-118502,30,inspection_pack,0.15,0.01031,,,2025-02-13
P-118504,10,laser,0.2,0.10707,,,2025-01-15
P-118504,20,press_brake,1.01,0.06817,,TS-20GA-3,2025-01-15
P-118504,30,hardware,0.25,0.02204,,,2025-01-15
P-118504,40,robotic_weld,1.2,0.03134,,,2025-01-15
P-118504,50,grind_deburr,0.2,0.0148,,,2025-01-15
P-118504,60,assembly,0.3,0.02994,,,2025-01-15
P-118504,70,inspection_pack,0.15,0.00459,,,2025-01-15
P-118517,10,laser,0.2,0.0614,,,2025-02-16
P-118517,20,grind_deburr,0.2,0.01274,,,2025-02-16
P-118517,30,press_brake,0.87,0.04945,,TS-18GA-3,2025-02-16
P-118517,40,hardware,0.25,0.00967,,,2025-02-16
P-118517,50,powder_coat,0.25,0.00658,,,2025-02-16
P-118517,60,inspection_pack,0.15,0.00874,,,2025-02-16
P-118525,10,laser,0.2,0.01827,,,2025-03-09
P-118525,20,grind_deburr,0.2,0.00233,,,2025-03-09
P-118525,30,press_brake,0.52,0.00516,,TS-0.125IN-1,2025-03-09
P-118525,40,outside_processing,0.0,0.0,V-1077,,2025-03-09
P-118525,50,inspection_pack,0.15,0.00605,,,2025-03-09
P-118527,10,laser,0.2,0.01758,,,2025-02-21
P-118527,20,grind_deburr,0.2,0.00233,,,2025-02-21
P-118527,30,press_brake,0.94,0.04368,,TS-14GA-1,2025-02-21
P-118527,40,weld,0.5,0.14146,,,2025-02-21
P-118527,50,grind_deburr,0.2,0.0074,,,2025-02-21
P-118527,60,outside_processing,0.0,0.0,V-1040,,2025-02-21
P-118527,70,assembly,0.3,0.02237,,,2025-02-21
P-118527,80,inspection_pack,0.15,0.00504,,,2025-02-21
P-118534,10,laser,0.2,0.0089,,,2025-05-28
P-118534,20,grind_deburr,0.2,0.00192,,,2025-05-28
P-118534,30,press_brake,0.59,0.01032,,TS-12GA-3,2025-05-28
P-118534,40,inspection_pack,0.15,0.00941,,,2025-05-28
P-118536,10,punch,0.5,0.00872,,,2025-01-21
P-118536,20,press_brake,0.59,0.01032,,TS-14GA-3,2025-01-21
P-118536,30,powder_coat,0.25,0.00176,,,2025-01-21
P-118536,40,inspection_pack,0.15,0.00605,,,2025-01-21
P-118542,10,laser,0.2,0.04174,,,2025-05-23
P-118542,20,grind_deburr,0.2,0.00671,,,2025-05-23
P-118542,30,press_brake,0.66,0.0198,,TS-0.250IN-3,2025-05-23
P-118542,40,hardware,0.25,0.02106,,,2025-05-23
P-118542,50,powder_coat,0.25,0.00529,,,2025-05-23
P-118542,60,inspection_pack,0.15,0.00437,,,2025-05-23
P-118546,10,laser,0.2,0.1221,,,2025-03-14
P-118546,20,press_brake,1.22,0.10069,,TS-14GA-2,2025-03-14
P-118546,30,weld,0.5,0.12795,,,2025-03-14
P-118546,40,grind_deburr,0.2,0.00795,,,2025-03-14
P-118546,50,inspection_pack,0.15,0.0065,,,2025-03-14
P-118548,10,laser,0.2,0.00624,,,2025-02-28
P-118548,20,grind_deburr,0.2,0.00178,,,2025-02-28
P-118548,30,press_brake,0.59,0.01032,,TS-20GA-2,2025-02-28
P-118548,40,inspection_pack,0.15,0.00336,,,2025-02-28
P-118552,10,laser,0.2,0.04232,,,2025-03-10
P-118552,20,grind_deburr,0.2,0.00562,,,2025-03-10
P-118552,30,press_brake,0.66,0.02016,,TS-14GA-3,2025-03-10
P-118552,40,powder_coat,0.25,0.00321,,,2025-03-10
P-118552,50,inspection_pack,0.15,0.00795,,,2025-03-10
P-118553,10,laser,0.2,0.10938,,,2025-01-23
P-118553,20,grind_deburr,0.2,0.01384,,,2025-01-23
P-118553,30,press_brake,0.87,0.06277,,TS-14GA-1,2025-01-23
P-118553,40,robotic_weld,1.2,0.09092,,,2025-01-23
P-118553,50,grind_deburr,0.2,0.01192,,,2025-01-23
P-118553,60,press_brake,0.73,0.04188,,TS-14GA-1,2025-01-23
P-118553,70,powder_coat,0.25,0.01363,,,2025-01-23
P-118553,80,inspection_pack,0.15,0.00493,,,2025-01-23
P-118559,10,laser,0.2,0.06279,,,2025-01-22
P-118559,20,grind_deburr,0.2,0.00904,,,2025-01-22
P-118559,30,press_brake,0.87,0.05593,,TS-0.125IN-1,2025-01-22
P-118559,40,hardware,0.25,0.018,,,2025-01-22
P-118559,50,weld,0.5,0.22743,,,2025-01-22
P-118559,60,grind_deburr,0.2,0.01274,,,2025-01-22
P-118559,70,powder_coat,0.25,0.01396,,,2025-01-22
P-118559,80,assembly,0.3,0.05736,,,2025-01-22
P-118559,90,inspection_pack,0.15,0.01042,,,2025-01-22
P-118565,10,laser,0.2,0.01272,,,2025-09-02
P-118565,20,press_brake,0.87,0.03204,,TS-20GA-2,2025-09-02
P-118565,30,outside_processing,0.0,0.0,V-1077,,2025-09-02
P-118565,40,inspection_pack,0.15,0.0075,,,2025-09-02
P-118570,10,laser,0.2,0.05492,,,2025-01-24
P-118570,20,grind_deburr,0.2,0.00507,,,2025-01-24
P-118570,30,press_brake,1.01,0.05617,,TS-18GA-1,2025-01-24
P-118570,40,hardware,0.25,0.01824,,,2025-01-24
P-118570,50,outside_processing,0.0,0.0,V-1077,,2025-01-24
P-118570,60,assembly,0.3,0.10858,,,2025-01-24
P-118570,70,inspection_pack,0.15,0.00571,,,2025-01-24
P-118582,10,laser,0.2,0.01388,,,2025-02-28
P-118582,20,grind_deburr,0.2,0.00192,,,2025-02-28
P-118582,30,press_brake,0.66,0.01584,,TS-16GA-1,2025-02-28
P-118582,40,weld,0.5,0.04801,,,2025-02-28
P-118582,50,grind_deburr,0.2,0.0026,,,2025-02-28
P-118582,60,powder_coat,0.25,0.00096,,,2025-02-28
P-118582,70,inspection_pack,0.15,0.0065,,,2025-02-28
P-118588,10,laser,0.2,0.0089,,,2025-03-19
P-118588,20,grind_deburr,0.2,0.00069,,,2025-03-19
P-118588,30,press_brake,0.73,0.02076,,TS-20GA-1,2025-03-19
P-118588,40,hardware,0.25,0.01996,,,2025-03-19
P-118588,50,powder_coat,0.25,0.00192,,,2025-03-19
P-118588,60,inspection_pack,0.15,0.00918,,,2025-03-19
P-118590,10,laser,0.2,0.08533,,,2025-02-20
P-118590,20,grind_deburr,0.2,0.0259,,,2025-02-20
P-118590,30,press_brake,1.08,0.10153,,TS-16GA-3,2025-02-20
P-118590,40,hardware,0.25,0.01335,,,2025-02-20
P-118590,50,robotic_weld,1.2,0.15161,,,2025-02-20
P-118590,60,grind_deburr,0.2,0.01151,,,2025-02-20
P-118590,70,powder_coat,0.25,0.01267,,,2025-02-20
P-118590,80,inspection_pack,0.15,0.00851,,,2025-02-20
P-118597,10,laser,0.2,0.00763,,,2025-01-29
P-118597,20,grind_deburr,0.2,0.00233,,,2025-01-29
P-118597,30,press_brake,0.73,0.02076,,TS-0.125IN-3,2025-01-29
P-118597,40,hardware,0.25,0.02265,,,2025-01-29
P-118597,50,powder_coat,0.25,0.0008,,,2025-01-29
P-118597,60,inspection_pack,0.15,0.00986,,,2025-01-29
P-118603,10,laser,0.2,0.01642,,,2025-01-29
P-118603,20,grind_deburr,0.2,0.00206,,,2025-01-29
P-118603,30,press_brake,0.59,0.01032,,TS-14GA-2,2025-01-29
P-118603,40,hardware,0.25,0.02461,,,2025-01-29
P-118603,50,powder_coat,0.25,0.00192,,,2025-01-29
P-118603,60,inspection_pack,0.15,0.00302,,,2025-01-29
P-118606,10,laser,0.2,0.03804,,,2025-01-30
P-118606,20,press_brake,0.94,0.0486,,TS-0.250IN-3,2025-01-30
P-118606,30,weld,0.5,0.19259,,,2025-01-30
P-118606,40,grind_deburr,0.2,0.00397,,,2025-01-30
P-118606,50,powder_coat,0.25,0.00754,,,2025-01-30
P-118606,60,inspection_pack,0.15,0.00594,,,2025-01-30
P-118614,10,punch,0.5,0.03516,,,2025-03-28
P-118614,20,press_brake,0.8,0.04092,,TS-20GA-2,2025-03-28
P-118614,30,press_brake,0.66,0.02448,,TS-20GA-2,2025-03-28
P-118614,40,inspection_pack,0.15,0.0028,,,2025-03-28
P-118619,10,laser,0.2,0.05169,,,2025-02-05
P-118619,20,press_brake,0.73,0.027,,TS-18GA-3,2025-02-05
P-118619,30,weld,0.5,0.04187,,,2025-02-05
P-118619,40,grind_deburr,0.2,0.00288,,,2025-02-05
P-118619,50,powder_coat,0.25,0.00626,,,2025-02-05
P-118619,60,inspection_pack,0.15,0.0065,,,2025-02-05
P-118626,10,punch,0.5,0.00901,,,2025-03-04
P-118626,20,grind_deburr,0.2,0.00123,,,2025-03-04
P-118626,30,press_brake,0.73,0.02076,,TS-14GA-2,2025-03-04
P-118626,40,hardware,0.25,0.02486,,,2025-03-04
P-118626,50,outside_processing,0.0,0.0,V-1040,,2025-03-04
P-118626,60,inspection_pack,0.15,0.00437,,,2025-03-04
P-118628,10,laser,0.2,0.08672,,,2025-02-28
P-118628,20,press_brake,1.36,0.10369,,TS-18GA-2,2025-02-28
P-118628,30,hardware,0.25,0.01102,,,2025-02-28
P-118628,40,robotic_weld,1.2,0.06234,,,2025-02-28
P-118628,50,grind_deburr,0.2,0.00918,,,2025-02-28
P-118628,60,inspection_pack,0.15,0.00717,,,2025-02-28
P-118629,10,laser,0.2,0.01041,,,2025-03-17
P-118629,20,grind_deburr,0.2,0.00233,,,2025-03-17
P-118629,30,press_brake,0.73,0.02076,,TS-11GA-3,2025-03-17
P-118629,40,hardware,0.25,0.02253,,,2025-03-17
P-118629,50,powder_coat,0.25,0.00096,,,2025-03-17
P-118629,60,inspection_pack,0.15,0.00336,,,2025-03-17
P-118631,10,laser,0.2,0.12812,,,2025-02-05
P-118631,20,grind_deburr,0.2,0.02083,,,2025-02-05
P-118631,30,press_brake,1.01,0.09025,,TS-20GA-1,2025-02-05
P-118631,40,robotic_weld,1.2,0.13738,,,2025-02-05
P-118631,50,grind_deburr,0.2,0.01507,,,2025-02-05
P-118631,60,powder_coat,0.25,0.00738,,,2025-02-05
P-118631,70,assembly,0.3,0.02413,,,2025-02-05
P-118631,80,inspection_pack,0.15,0.0084,,,2025-02-05
P-118633,10,laser,0.2,0.01492,,,2025-03-02
P-118633,20,press_brake,0.66,0.0156,,TS-16GA-3,2025-03-02
P-118633,30,hardware,0.25,0.01065,,,2025-03-02
P-118633,40,powder_coat,0.25,0.00128,,,2025-03-02
P-118633,50,inspection_pack,0.15,0.00862,,,2025-03-02
P-118641,10,laser,0.2,0.04047,,,2025-02-05
P-118641,20,grind_deburr,0.2,0.00795,,,2025-02-05
P-118641,30,press_brake,0.59,0.01296,,TS-16GA-1,2025-02-05
P-118641,40,hardware,0.25,0.0229,,,2025-02-05
P-118641,50,inspection_pack,0.15,0.00862,,,2025-02-05
P-118649,10,laser,0.2,0.03769,,,2025-03-03
P-118649,20,grind_deburr,0.2,0.01028,,,2025-03-03
P-118649,30,press_brake,1.01,0.07141,,TS-16GA-2,2025-03-03
P-118649,40,inspection_pack,0.15,0.00448,,,2025-03-03
P-118656,10,laser,0.2,0.01815,,,2025-02-06
P-118656,20,grind_deburr,0.2,0.00164,,,2025-02-06
P-118656,30,press_brake,0.73,0.02076,,TS-12GA-1,2025-02-06
P-118656,40,hardware,0.25,0.01971,,,2025-02-06
P-118656,50,weld,0.5,0.0441,,,2025-02-06
P-118656,60,grind_deburr,0.2,0.00151,,,2025-02-06
P-118656,70,inspection_pack,0.15,0.00661,,,2025-02-06
P-118660,10,laser,0.2,0.01098,,,2025-03-23
P-118660,20,press_brake,0.66,0.0156,,TS-18GA-2,2025-03-23
P-118660,30,robotic_weld,1.2,0.01015,,,2025-03-23
P-118660,40,grind_deburr,0.2,0.00151,,,2025-03-23
P-118660,50,outside_processing,0.0,0.0,V-1040,,2025-03-23
P-118660,60,inspection_pack,0.15,0.00504,,,2025-03-23
P-118667,10,laser,0.2,0.01399,,,2025-02-07
P-118667,20,press_brake,0.59,0.01032,,TS-16GA-3,2025-02-07
P-118667,30,powder_coat,0.25,0.00209,,,2025-02-07
P-118667,40,inspection_pack,0.15,0.00918,,,2025-02-07
P-118670,10,laser,0.2,0.01758,,,2025-02-07
P-118670,20,grind_deburr,0.2,0.00411,,,2025-02-07
P-118670,30,press_brake,0.87,0.03324,,TS-20GA-1,2025-02-07
P-118670,40,hardware,0.25,0.02045,,,2025-02-07
P-118670,50,powder_coat,0.25,0.00128,,,2025-02-07
P-118670,60,inspection_pack,0.15,0.00941,,,2025-02-07
P-118678,10,laser,0.2,0.01526,,,2025-02-07
P-118678,20,grind_deburr,0.2,0.00301,,,2025-02-07
P-118678,30,press_brake,0.87,0.0354,,TS-12GA-3,2025-02-07
P-118678,40,hardware,0.25,0.00906,,,2025-02-07
P-118678,50,weld,0.5,0.05683,,,2025-02-07
P-118678,60,grind_deburr,0.2,0.00384,,,2025-02-07
P-118678,70,inspection_pack,0.15,0.00997,,,2025-02-07
P-118680,10,punch,0.5,0.0248,,,2025-02-07
P-118680,20,grind_deburr,0.2,0.00877,,,2025-02-07
P-118680,30,press_brake,0.73,0.027,,TS-16GA-1,2025-02-07
P-118680,40,powder_coat,0.25,0.00802,,,2025-02-07
P-118680,50,assembly,0.3,0.08018,,,2025-02-07
P-118680,60,inspection_pack,0.15,0.00896,,,2025-02-07
P-118685,10,laser,0.2,0.01503,,,2025-02-10
P-118685,20,grind_deburr,0.2,0.00206,,,2025-02-10
P-118685,30,press_brake,0.59,0.01032,,TS-14GA-2,2025-02-10
P-118685,40,robotic_weld,1.2,0.00905,,,2025-02-10
P-118685,50,grind_deburr,0.2,0.00247,,,2025-02-10
P-118685,60,outside_processing,0.0,0.0,V-1040,,2025-02-10
P-118685,70,inspection_pack,0.15,0.00952,,,2025-02-10
P-118687,10,laser,0.2,0.02729,,,2025-02-07
P-118687,20,grind_deburr,0.2,0.00151,,,2025-02-07
P-118687,30,press_brake,0.87,0.03276,,TS-14GA-3,2025-02-07
P-118687,40,hardware,0.25,0.01163,,,2025-02-07
P-118687,50,weld,0.5,0.0431,,,2025-02-07
P-118687,60,grind_deburr,0.2,0.00397,,,2025-02-07
P-118687,70,outside_processing,0.0,0.0,V-1040,,2025-02-07
P-118687,80,inspection_pack,0.15,0.0075,,,2025-02-07
P-118695,10,laser,0.2,0.00948,,,2025-04-12
P-118695,20,grind_deburr,0.2,0.0011,,,2025-04-12
P-118695,30,press_brake,0.73,0.02076,,TS-0.250IN-3,2025-04-12
P-118695,40,inspection_pack,0.15,0.01031,,,2025-04-12
P-118699,10,laser,0.2,0.03191,,,2025-02-10
P-118699,20,grind_deburr,0.2,0.00507,,,2025-02-10
P-118699,30,press_brake,0.8,0.02964,,TS-16GA-2,2025-02-10
P-118699,40,hardware,0.25,0.01127,,,2025-02-10
P-118699,50,powder_coat,0.25,0.00321,,,2025-02-10
P-118699,60,inspection_pack,0.15,0.00582,,,2025-02-10
P-118706,10,laser,0.2,0.0318,,,2025-02-10
P-118706,20,grind_deburr,0.2,0.00439,,,2025-02-10
P-118706,30,press_brake,0.8,0.03336,,TS-16GA-3,2025-02-10
P-118706,40,inspection_pack,0.15,0.01008,,,2025-02-10
P-118709,10,laser,0.2,0.06198,,,2025-02-11
P-118709,20,grind_deburr,0.2,0.00754,,,2025-02-11
P-118709,30,press_brake,0.94,0.06265,,TS-12GA-3,2025-02-11
P-118709,40,inspection_pack,0.15,0.00571,,,2025-02-11
P-118714,10,laser,0.2,0.02625,,,2025-02-11
P-118714,20,press_brake,0.8,0.02892,,TS-18GA-3,2025-02-11
P-118714,30,weld,0.5,0.09646,,,2025-02-11
P-118714,40,grind_deburr,0.2,0.00247,,,2025-02-11
P-118714,50,press_brake,0.66,0.0174,,TS-18GA-3,2025-02-11
P-118714,60,inspection_pack,0.15,0.00851,,,2025-02-11
P-118716,10,laser,0.2,0.091,,,2025-02-12
P-118716,20,press_brake,0.87,0.05689,,TS-16GA-2,2025-02-12
P-118716,30,hardware,0.25,0.02082,,,2025-02-12
P-118716,40,powder_coat,0.25,0.00561,,,2025-02-12
P-118716,50,inspection_pack,0.15,0.00314,,,2025-02-12
P-118717,10,laser,0.2,0.06371,,,2025-03-30
P-118717,20,grind_deburr,0.2,0.00836,,,2025-03-30
P-118717,30,press_brake,1.01,0.05797,,TS-20GA-3,2025-03-30
P-118717,40,hardware,0.25,0.01727,,,2025-03-30
P-118717,50,powder_coat,0.25,0.00353,,,2025-03-30
P-118717,60,inspection_pack,0.15,0.0028,,,2025-03-30
P-118725,10,laser,0.2,0.07169,,,2025-02-12
P-118725,20,grind_deburr,0.2,0.00904,,,2025-02-12
P-118725,30,press_brake,0.8,0.03792,,TS-12GA-3,2025-02-12
P-118725,40,powder_coat,0.25,0.00385,,,2025-02-12
P-118725,50,inspection_pack,0.15,0.00381,,,2025-02-12
P-118728,10,laser,0.2,0.0089,,,2025-03-20
P-118728,20,press_brake,0.52,0.00516,,TS-18GA-3,2025-03-20
P-118728,30,inspection_pack,0.15,0.00907,,,2025-03-20
P-118734,10,laser,0.2,0.01422,,,2025-02-11
P-118734,20,grind_deburr,0.2,0.00178,,,2025-02-11
P-118734,30,press_brake,1.15,0.05653,,TS-18GA-3,2025-02-11
P-118734,40,hardware,0.25,0.00918,,,2025-02-11
P-118734,50,assembly,0.3,0.09608,,,2025-02-11
P-118734,60,inspection_pack,0.15,0.01019,,,2025-02-11
P-118735,10,laser,0.2,0.01827,,,2025-04-09
P-118735,20,grind_deburr,0.2,0.0011,,,2025-04-09
P-118735,30,press_brake,0.73,0.02076,,TS-12GA-2,2025-04-09
P-118735,40,hardware,0.25,0.00992,,,2025-04-09
P-118735,50,inspection_pack,0.15,0.0056,,,2025-04-09
P-118737,10,laser,0.2,0.01075,,,2025-03-27
P-118737,20,grind_deburr,0.2,0.00343,,,2025-03-27
P-118737,30,press_brake,0.73,0.02232,,TS-14GA-2,2025-03-27
P-118737,40,inspection_pack,0.15,0.00526,,,2025-03-27
P-118751,10,laser,0.2,0.01295,,,2025-03-05
P-118751,20,grind_deburr,0.2,0.00233,,,2025-03-05
P-118751,30,press_brake,0.52,0.00516,,TS-0.250IN-2,2025-03-05
P-118751,40,hardware,0.25,0.00906,,,2025-03-05
P-118751,50,outside_processing,0.0,0.0,V-1077,,2025-03-05
P-118751,60,inspection_pack,0.15,0.00437,,,2025-03-05
P-118758,10,laser,0.2,0.01145,,,2025-04-08
P-118758,20,press_brake,0.59,0.01032,,TS-14GA-3,2025-04-08
P-118758,30,hardware,0.25,0.01029,,,2025-04-08
P-118758,40,powder_coat,0.25,0.00257,,,2025-04-08
P-118758,50,inspection_pack,0.15,0.00862,,,2025-04-08
P-118764,10,punch,0.5,0.01298,,,2025-02-14
P-118764,20,grind_deburr,0.2,0.00137,,,2025-02-14
P-118764,30,press_brake,0.87,0.03348,,TS-11GA-2,2025-02-14
P-118764,40,hardware,0.25,0.02559,,,2025-02-14
P-118764,50,powder_coat,0.25,0.00305,,,2025-02-14
P-118764,60,inspection_pack,0.15,0.00661,,,2025-02-14
P-118768,10,laser,0.2,0.03793,,,2025-03-21
P-118768,20,grind_deburr,0.2,0.01343,,,2025-03-21
P-118768,30,press_brake,0.73,0.03096,,TS-18GA-1,2025-03-21
P-118768,40,hardware,0.25,0.01408,,,2025-03-21
P-118768,50,inspection_pack,0.15,0.00448,,,2025-03-21
P-118772,10,punch,0.5,0.0217,,,2025-03-17
P-118772,20,grind_deburr,0.2,0.00343,,,2025-03-17
P-118772,30,press_brake,1.08,0.05425,,TS-0.250IN-1,2025-03-17
P-118772,40,weld,0.5,0.04566,,,2025-03-17
P-118772,50,grind_deburr,0.2,0.00617,,,2025-03-17
P-118772,60,assembly,0.3,0.06328,,,2025-03-17
P-118772,70,inspection_pack,0.15,0.00694,,,2025-03-17
P-118776,10,laser,0.2,0.01376,,,2025-04-17
P-118776,20,grind_deburr,0.2,0.00082,,,2025-04-17
P-118776,30,press_brake,0.73,0.02076,,TS-18GA-3,2025-04-17
P-118776,40,inspection_pack,0.15,0.01008,,,2025-04-17
P-118780,10,laser,0.2,0.03735,,,2025-02-20
P-118780,20,press_brake,1.22,0.06397,,TS-18GA-3,2025-02-20
P-118780,30,powder_coat,0.25,0.0016,,,2025-02-20
P-118780,40,inspection_pack,0.15,0.01053,,,2025-02-20
P-118787,10,laser,0.2,0.04671,,,2025-04-20
P-118787,20,grind_deburr,0.2,0.0148,,,2025-04-20
P-118787,30,press_brake,0.94,0.06457,,TS-14GA-2,2025-04-20
P-118787,40,powder_coat,0.25,0.00545,,,2025-04-20
P-118787,50,inspection_pack,0.15,0.01019,,,2025-04-20
P-118791,10,laser,0.2,0.01954,,,2025-03-21
P-118791,20,grind_deburr,0.2,0.00137,,,2025-03-21
P-118791,30,press_brake,0.73,0.02076,,TS-18GA-1,2025-03-21
P-118791,40,hardware,0.25,0.01935,,,2025-03-21
P-118791,50,powder_coat,0.25,0.0016,,,2025-03-21
P-118791,60,inspection_pack,0.15,0.00773,,,2025-03-21
P-118794,10,laser,0.2,0.01492,,,2025-02-19
P-118794,20,grind_deburr,0.2,0.00069,,,2025-02-19
P-118794,30,press_brake,0.66,0.0156,,TS-0.125IN-2,2025-02-19
P-118794,40,powder_coat,0.25,0.00128,,,2025-02-19
P-118794,50,inspection_pack,0.15,0.00963,,,2025-02-19
P-118799,10,laser,0.2,0.0185,,,2025-04-04
P-118799,20,grind_deburr,0.2,0.00247,,,2025-04-04
P-118799,30,press_brake,0.94,0.03792,,TS-18GA-1,2025-04-04
P-118799,40,hardware,0.25,0.02731,,,2025-04-04
P-118799,50,assembly,0.3,0.10869,,,2025-04-04
P-118799,60,inspection_pack,0.15,0.00459,,,2025-04-04
P-118806,10,punch,0.5,0.02538,,,2025-02-20
P-118806,20,grind_deburr,0.2,0.00411,,,2025-02-20
P-118806,30,press_brake,0.8,0.03192,,TS-11GA-3,2025-02-20
P-118806,40,inspection_pack,0.15,0.0056,,,2025-02-20
P-118809,10,laser,0.2,0.01526,,,2025-02-24
P-118809,20,grind_deburr,0.2,0.00288,,,2025-02-24
P-118809,30,press_brake,0.87,0.03108,,TS-12GA-2,2025-02-24
P-118809,40,weld,0.5,0.03361,,,2025-02-24
P-118809,50,grind_deburr,0.2,0.00219,,,2025-02-24
P-118809,60,inspection_pack,0.15,0.00437,,,2025-02-24
P-118816,10,laser,0.2,0.01133,,,2025-04-04
P-118816,20,grind_deburr,0.2,0.00123,,,2025-04-04
P-118816,30,press_brake,0.66,0.0162,,TS-14GA-2,2025-04-04
P-118816,40,weld,0.5,0.0489,,,2025-04-04
P-118816,50,grind_deburr,0.2,0.00301,,,2025-04-04
P-118816,60,powder_coat,0.25,0.00144,,,2025-04-04
P-118816,70,inspection_pack,0.15,0.00918,,,2025-04-04
P-118819,10,laser,0.2,0.03411,,,2025-04-17
P-118819,20,grind_deburr,0.2,0.00562,,,2025-04-17
P-118819,30,press_brake,0.59,0.0132,,TS-12GA-3,2025-04-17
P-118819,40,hardware,0.25,0.0278,,,2025-04-17
P-118819,50,powder_coat,0.25,0.00497,,,2025-04-17
P-118819,60,inspection_pack,0.15,0.00358,,,2025-04-17
P-118821,10,laser,0.2,0.01168,,,2025-02-26
P-118821,20,grind_deburr,0.2,0.00069,,,2025-02-26
P-118821,30,press_brake,0.66,0.0156,,TS-16GA-2,2025-02-26
P-118821,40,powder_coat,0.25,0.00209,,,2025-02-26
P-118821,50,inspection_pack,0.15,0.00974,,,2025-02-26
P-118827,10,laser,0.2,0.01457,,,2025-04-17
P-118827,20,grind_deburr,0.2,0.00178,,,2025-04-17
P-118827,30,press_brake,0.66,0.0156,,TS-18GA-2,2025-04-17
P-118827,40,powder_coat,0.25,0.00144,,,2025-04-17
P-118827,50,inspection_pack,0.15,0.00594,,,2025-04-17
P-118832,10,laser,0.2,0.03746,,,2025-04-01
P-118832,20,press_brake,0.59,0.01476,,TS-16GA-3,2025-04-01
P-118832,30,hardware,0.25,0.02522,,,2025-04-01
P-118832,40,inspection_pack,0.15,0.00706,,,2025-04-01
P-118835,10,laser,0.2,0.03874,,,2025-03-23
P-118835,20,grind_deburr,0.2,0.01,,,2025-03-23
P-118835,30,press_brake,1.36,0.10261,,TS-16GA-1,2025-03-23
P-118835,40,hardware,0.25,0.02853,,,2025-03-23
P-118835,50,powder_coat,0.25,0.0069,,,2025-03-23
P-118835,60,inspection_pack,0.15,0.00616,,,2025-03-23
P-118843,10,punch,0.5,0.03739,,,2025-10-30
P-118843,20,grind_deburr,0.2,0.00576,,,2025-10-30
P-118843,30,press_brake,0.94,0.05041,,TS-20GA-3,2025-10-30
P-118843,40,hardware,0.25,0.01788,,,2025-10-30
P-118843,50,weld,0.5,0.10718,,,2025-10-30
P-118843,60,grind_deburr,0.2,0.0026,,,2025-10-30
P-118843,70,outside_processing,0.0,0.0,V-1040,,2025-10-30
P-118843,80,inspection_pack,0.15,0.00414,,,2025-10-30
P-118848,10,laser,0.2,0.01584,,,2025-02-28
P-118848,20,grind_deburr,0.2,0.00206,,,2025-02-28
P-118848,30,press_brake,0.66,0.0156,,TS-14GA-3,2025-02-28
P-118848,40,outside_processing,0.0,0.0,V-1040,,2025-02-28
P-118848,50,inspection_pack,0.15,0.00493,,,2025-02-28
P-118852,10,laser,0.2,0.06579,,,2025-07-25
P-118852,20,grind_deburr,0.2,0.00836,,,2025-07-25
P-118852,30,press_brake,0.8,0.05557,,TS-16GA-2,2025-07-25
P-118852,40,press_brake,0.73,0.0444,,TS-16GA-2,2025-07-25
P-118852,50,inspection_pack,0.15,0.00661,,,2025-07-25
P-118855,10,laser,0.2,0.07897,,,2025-12-24
P-118855,20,grind_deburr,0.2,0.01124,,,2025-12-24
P-118855,30,press_brake,0.87,0.05533,,TS-12GA-1,2025-12-24
P-118855,40,hardware,0.25,0.02767,,,2025-12-24
P-118855,50,weld,0.5,0.13052,,,2025-12-24
P-118855,60,grind_deburr,0.2,0.00767,,,2025-12-24
P-118855,70,powder_coat,0.25,0.01829,,,2025-12-24
P-118855,80,assembly,0.3,0.10255,,,2025-12-24
P-118855,90,inspection_pack,0.15,0.00269,,,2025-12-24
P-118856,10,laser,0.2,0.0111,,,2025-05-13
P-118856,20,press_brake,0.73,0.02076,,TS-18GA-3,2025-05-13
P-118856,30,hardware,0.25,0.02327,,,2025-05-13
P-118856,40,powder_coat,0.25,0.00257,,,2025-05-13
P-118856,50,inspection_pack,0.15,0.00806,,,2025-05-13
P-118862,10,laser,0.2,0.00971,,,2025-04-12
P-118862,20,press_brake,0.66,0.0156,,TS-12GA-3,2025-04-12
P-118862,30,powder_coat,0.25,0.00273,,,2025-04-12
P-118862,40,inspection_pack,0.15,0.00672,,,2025-04-12
P-118869,10,laser,0.2,0.01827,,,2025-04-17
P-118869,20,press_brake,0.94,0.0366,,TS-20GA-2,2025-04-17
P-118869,30,weld,0.5,0.06096,,,2025-04-17
P-118869,40,grind_deburr,0.2,0.0026,,,2025-04-17
P-118869,50,inspection_pack,0.15,0.00571,,,2025-04-17
P-118874,10,punch,0.5,0.00688,,,2025-04-05
P-118874,20,press_brake,0.59,0.01032,,TS-20GA-3,2025-04-05
P-118874,30,inspection_pack,0.15,0.00448,,,2025-04-05
P-118882,10,laser,0.2,0.04683,,,2025-12-19
P-118882,20,press_brake,1.36,0.09181,,TS-14GA-2,2025-12-19
P-118882,30,hardware,0.25,0.01763,,,2025-12-19
P-118882,40,assembly,0.3,0.01952,,,2025-12-19
P-118882,50,inspection_pack,0.15,0.00963,,,2025-12-19
P-118887,10,laser,0.2,0.1576,,,2025-03-06
P-118887,20,grind_deburr,0.2,0.01809,,,2025-03-06
P-118887,30,press_brake,0.87,0.06517,,TS-14GA-3,2025-03-06
P-118887,40,hardware,0.25,0.01751,,,2025-03-06
P-118887,50,press_brake,0.73,0.04344,,TS-14GA-3,2025-03-06
P-118887,60,outside_processing,0.0,0.0,V-1040,,2025-03-06
P-118887,70,inspection_pack,0.15,0.01008,,,2025-03-06
P-118892,10,laser,0.2,0.00833,,,2025-05-01
P-118892,20,grind_deburr,0.2,0.00178,,,2025-05-01
P-118892,30,press_brake,0.59,0.01032,,TS-16GA-2,2025-05-01
P-118892,40,hardware,0.25,0.01004,,,2025-05-01
P-118892,50,outside_processing,0.0,0.0,V-1077,,2025-05-01
P-118892,60,inspection_pack,0.15,0.00582,,,2025-05-01
P-118893,10,laser,0.2,0.01642,,,2025-04-12
P-118893,20,press_brake,0.52,0.00516,,TS-12GA-3,2025-04-12
P-118893,30,powder_coat,0.25,0.00241,,,2025-04-12
P-118893,40,inspection_pack,0.15,0.00515,,,2025-04-12
P-118897,10,laser,0.2,0.00809,,,2025-03-11
P-118897,20,grind_deburr,0.2,0.00206,,,2025-03-11
P-118897,30,press_brake,0.73,0.02076,,TS-18GA-2,2025-03-11
P-118897,40,inspection_pack,0.15,0.00974,,,2025-03-11
P-118899,10,laser,0.2,0.01596,,,2025-07-04
P-118899,20,grind_deburr,0.2,0.0011,,,2025-07-04
P-118899,30,press_brake,0.59,0.01032,,TS-11GA-1,2025-07-04
P-118899,40,inspection_pack,0.15,0.0037,,,2025-07-04
P-118906,10,laser,0.2,0.00682,,,2025-04-14
P-118906,20,grind_deburr,0.2,0.00219,,,2025-04-14
P-118906,30,press_brake,0.52,0.00516,,TS-16GA-1,2025-04-14
P-118906,40,hardware,0.25,0.01727,,,2025-04-14
P-118906,50,inspection_pack,0.15,0.00504,,,2025-04-14
P-118908,10,laser,0.2,0.0133,,,2025-05-02
P-118908,20,press_brake,0.66,0.0156,,TS-16GA-3,2025-05-02
P-118908,30,hardware,0.25,0.01678,,,2025-05-02
P-118908,40,weld,0.5,0.02825,,,2025-05-02
P-118908,50,grind_deburr,0.2,0.00206,,,2025-05-02
P-118908,60,inspection_pack,0.15,0.00918,,,2025-05-02
P-118913,10,laser,0.2,0.01156,,,2025-03-12
P-118913,20,grind_deburr,0.2,0.00137,,,2025-03-12
P-118913,30,press_brake,0.73,0.02076,,TS-20GA-1,2025-03-12
P-118913,40,outside_processing,0.0,0.0,V-1040,,2025-03-12
P-118913,50,inspection_pack,0.15,0.00739,,,2025-03-12
P-118914,10,laser,0.2,0.01607,,,2025-05-10
P-118914,20,grind_deburr,0.2,0.00233,,,2025-05-10
P-118914,30,press_brake,0.66,0.0156,,TS-16GA-1,2025-05-10
P-118914,40,hardware,0.25,0.01751,,,2025-05-10
P-118914,50,powder_coat,0.25,0.0008,,,2025-05-10
P-118914,60,inspection_pack,0.15,0.00616,,,2025-05-10
P-118922,10,laser,0.2,0.01156,,,2025-05-02
P-118922,20,grind_deburr,0.2,0.00192,,,2025-05-02
P-118922,30,press_brake,0.66,0.0156,,TS-16GA-2,2025-05-02
P-118922,40,hardware,0.25,0.012,,,2025-05-02
P-118922,50,powder_coat,0.25,0.00144,,,2025-05-02
P-118922,60,inspection_pack,0.15,0.00291,,,2025-05-02
P-118930,10,punch,0.5,0.00814,,,2025-04-15
P-118930,20,grind_deburr,0.2,0.00507,,,2025-04-15
P-118930,30,press_brake,0.94,0.04032,,TS-18GA-1,2025-04-15
P-118930,40,hardware,0.25,0.02155,,,2025-04-15
P-118930,50,weld,0.5,0.09233,,,2025-04-15
P-118930,60,grind_deburr,0.2,0.00466,,,2025-04-15
P-118930,70,press_brake,0.73,0.02304,,TS-18GA-1,2025-04-15
P-118930,80,powder_coat,0.25,0.00128,,,2025-04-15
P-118930,90,inspection_pack,0.15,0.00818,,,2025-04-15
P-118936,10,laser,0.2,0.0096,,,2025-04-10
P-118936,20,grind_deburr,0.2,0.00096,,,2025-04-10
P-118936,30,press_brake,0.8,0.0264,,TS-14GA-1,2025-04-10
P-118936,40,hardware,0.25,0.02633,,,2025-04-10
P-118936,50,powder_coat,0.25,0.00144,,,2025-04-10
P-118936,60,inspection_pack,0.15,0.00526,,,2025-04-10
P-118943,10,laser,0.2,0.06001,,,2025-08-19
P-118943,20,grind_deburr,0.2,0.00384,,,2025-08-19
P-118943,30,press_brake,0.8,0.03636,,TS-11GA-2,2025-08-19
P-118943,40,weld,0.5,0.21023,,,2025-08-19
P-118943,50,grind_deburr,0.2,0.00671,,,2025-08-19
P-118943,60,powder_coat,0.25,0.01075,,,2025-08-19
P-118943,70,inspection_pack,0.15,0.00616,,,2025-08-19
P-118949,10,laser,0.2,0.0133,,,2025-04-17
P-118949,20,grind_deburr,0.2,0.00178,,,2025-04-17
P-118949,30,press_brake,0.73,0.02076,,TS-18GA-2,2025-04-17
P-118949,40,inspection_pack,0.15,0.00426,,,2025-04-17
P-118957,10,laser,0.2,0.0222,,,2025-09-26
P-118957,20,press_brake,0.8,0.03156,,TS-16GA-2,2025-09-26
P-118957,30,hardware,0.25,0.02927,,,2025-09-26
P-118957,40,inspection_pack,0.15,0.00717,,,2025-09-26
P-118965,10,laser,0.2,0.03134,,,2025-05-02
P-118965,20,grind_deburr,0.2,0.00384,,,2025-05-02
P-118965,30,press_brake,1.01,0.06421,,TS-14GA-2,2025-05-02
P-118965,40,powder_coat,0.25,0.00433,,,2025-05-02
P-118965,50,assembly,0.3,0.07074,,,2025-05-02
P-118965,60,inspection_pack,0.15,0.0075,,,2025-05-02
P-118969,10,laser,0.2,0.01133,,,2025-04-28
P-118969,20,grind_deburr,0.2,0.0026,,,2025-04-28
P-118969,30,press_brake,0.52,0.00516,,TS-0.125IN-2,2025-04-28
P-118969,40,hardware,0.25,0.00894,,,2025-04-28
P-118969,50,powder_coat,0.25,0.00064,,,2025-04-28
P-118969,60,inspection_pack,0.15,0.00874,,,2025-04-28
P-118970,10,laser,0.2,0.0222,,,2025-03-18
P-118970,20,grind_deburr,0.2,0.0011,,,2025-03-18
P-118970,30,press_brake,0.66,0.01704,,TS-20GA-1,2025-03-18
P-118970,40,hardware,0.25,0.02241,,,2025-03-18
P-118970,50,inspection_pack,0.15,0.00829,,,2025-03-18
P-118978,10,laser,0.2,0.04729,,,2025-09-27
P-118978,20,press_brake,0.66,0.0186,,TS-14GA-1,2025-09-27
P-118978,30,weld,0.5,0.08876,,,2025-09-27
P-118978,40,grind_deburr,0.2,0.00343,,,2025-09-27
P-118978,50,inspection_pack,0.15,0.00302,,,2025-09-27
P-118984,10,laser,0.2,0.04359,,,2025-04-29
P-118984,20,press_brake,0.66,0.02028,,TS-18GA-2,2025-04-29
P-118984,30,weld,0.5,0.15374,,,2025-04-29
P-118984,40,grind_deburr,0.2,0.00589,,,2025-04-29
P-118984,50,powder_coat,0.25,0.0077,,,2025-04-29
P-118984,60,assembly,0.3,0.07359,,,2025-04-29
P-118984,70,inspection_pack,0.15,0.00974,,,2025-04-29
P-118990,10,laser,0.2,0.08117,,,2025-03-21
P-118990,20,grind_deburr,0.2,0.00507,,,2025-03-21
P-118990,30,press_brake,1.29,0.09889,,TS-14GA-1,2025-03-21
P-118990,40,robotic_weld,1.2,0.064,,,2025-03-21
P-118990,50,grind_deburr,0.2,0.0063,,,2025-03-21
P-118990,60,inspection_pack,0.15,0.0075,,,2025-03-21
P-118991,10,laser,0.2,0.0059,,,2025-03-21
P-118991,20,grind_deburr,0.2,0.00274,,,2025-03-21
P-118991,30,press_brake,0.59,0.01032,,TS-11GA-3,2025-03-21
P-118991,40,hardware,0.25,0.02535,,,2025-03-21
P-118991,50,powder_coat,0.25,0.00225,,,2025-03-21
P-118991,60,inspection_pack,0.15,0.00571,,,2025-03-21
P-118992,10,laser,0.2,0.01838,,,2025-05-03
P-118992,20,grind_deburr,0.2,0.00178,,,2025-05-03
P-118992,30,press_brake,0.52,0.00516,,TS-16GA-3,2025-05-03
P-118992,40,inspection_pack,0.15,0.00448,,,2025-05-03
P-119000,10,laser,0.2,0.05458,,,2025-05-09
P-119000,20,grind_deburr,0.2,0.00384,,,2025-05-09
P-119000,30,press_brake,0.94,0.04704,,TS-16GA-2,2025-05-09
P-119000,40,inspection_pack,0.15,0.0056,,,2025-05-09
P-119003,10,laser,0.2,0.0096,,,2025-03-25
P-119003,20,grind_deburr,0.2,0.00069,,,2025-03-25
P-119003,30,press_brake,0.73,0.02076,,TS-20GA-1,2025-03-25
P-119003,40,hardware,0.25,0.02559,,,2025-03-25
P-119003,50,inspection_pack,0.15,0.00907,,,2025-03-25
P-119004,10,laser,0.2,0.00798,,,2025-08-22
P-119004,20,press_brake,0.66,0.0156,,TS-20GA-2,2025-08-22
P-119004,30,inspection_pack,0.15,0.00302,,,2025-08-22
P-119009,10,laser,0.2,0.01746,,,2025-03-25
P-119009,20,grind_deburr,0.2,0.00233,,,2025-03-25
P-119009,30,press_brake,0.87,0.03108,,TS-14GA-2,2025-03-25
P-119009,40,hardware,0.25,0.01739,,,2025-03-25
P-119009,50,inspection_pack,0.15,0.00325,,,2025-03-25
P-119013,10,laser,0.2,0.01283,,,2025-05-11
P-119013,20,press_brake,0.73,0.02076,,TS-11GA-1,2025-05-11
P-119013,30,inspection_pack,0.15,0.00482,,,2025-05-11
P-119018,10,laser,0.2,0.01573,,,2025-04-17
P-119018,20,press_brake,0.73,0.02076,,TS-18GA-3,2025-04-17
P-119018,30,outside_processing,0.0,0.0,V-1040,,2025-04-17
P-119018,40,inspection_pack,0.15,0.0093,,,2025-04-17
P-119023,10,laser,0.2,0.04984,,,2025-05-18
P-119023,20,grind_deburr,0.2,0.00288,,,2025-05-18
P-119023,30,press_brake,0.94,0.04356,,TS-14GA-1,2025-05-18
P-119023,40,hardware,0.25,0.01702,,,2025-05-18
P-119023,50,weld,0.5,0.0192,,,2025-05-18
P-119023,60,grind_deburr,0.2,0.00206,,,2025-05-18
P-119023,70,inspection_pack,0.15,0.00672,,,2025-05-18
P-119026,10,laser,0.2,0.00705,,,2025-05-23
P-119026,20,grind_deburr,0.2,0.00164,,,2025-05-23
P-119026,30,press_brake,0.59,0.01032,,TS-18GA-1,2025-05-23
P-119026,40,hardware,0.25,0.01604,,,2025-05-23
P-119026,50,powder_coat,0.25,0.00096,,,2025-05-23
P-119026,60,inspection_pack,0.15,0.00638,,,2025-05-23
P-119032,10,laser,0.2,0.01885,,,2025-04-22
P-119032,20,grind_deburr,0.2,0.00137,,,2025-04-22
P-119032,30,press_brake,0.73,0.02136,,TS-14GA-2,2025-04-22
P-119032,40,hardware,0.25,0.01273,,,2025-04-22
P-119032,50,powder_coat,0.25,0.00096,,,2025-04-22
P-119032,60,inspection_pack,0.15,0.00347,,,2025-04-22
P-119038,10,laser,0.2,0.02521,,,2025-05-09
P-119038,20,grind_deburr,0.2,0.00452,,,2025-05-09
P-119038,30,press_brake,0.87,0.03336,,TS-14GA-3,2025-05-09
P-119038,40,hardware,0.25,0.02302,,,2025-05-09
P-119038,50,powder_coat,0.25,0.00128,,,2025-05-09
P-119038,60,assembly,0.3,0.04979,,,2025-05-09
P-119038,70,inspection_pack,0.15,0.01031,,,2025-05-09
P-119051,10,laser,0.2,0.01295,,,2025-03-31
P-119051,20,grind_deburr,0.2,0.00178,,,2025-03-31
P-119051,30,press_brake,0.8,0.02652,,TS-20GA-3,2025-03-31
P-119051,40,hardware,0.25,0.02192,,,2025-03-31
P-119051,50,powder_coat,0.25,0.00096,,,2025-03-31
P-119051,60,inspection_pack,0.15,0.0065,,,2025-03-31
P-119056,10,laser,0.2,0.03307,,,2025-11-16
P-119056,20,grind_deburr,0.2,0.00507,,,2025-11-16
P-119056,30,press_brake,0.94,0.0468,,TS-16GA-3,2025-11-16
P-119056,40,weld,0.5,0.05381,,,2025-11-16
P-119056,50,grind_deburr,0.2,0.00397,,,2025-11-16
P-119056,60,powder_coat,0.25,0.00337,,,2025-11-16
P-119056,70,inspection_pack,0.15,0.00437,,,2025-11-16
P-119057,10,laser,0.2,0.01249,,,2025-04-01
P-119057,20,press_brake,0.94,0.03636,,TS-16GA-2,2025-04-01
P-119057,30,weld,0.5,0.01027,,,2025-04-01
P-119057,40,grind_deburr,0.2,0.00247,,,2025-04-01
P-119057,50,powder_coat,0.25,0.00257,,,2025-04-01
P-119057,60,inspection_pack,0.15,0.00795,,,2025-04-01
P-119063,10,laser,0.2,0.00752,,,2025-05-31
P-119063,20,grind_deburr,0.2,0.00178,,,2025-05-31
P-119063,30,press_brake,0.8,0.02592,,TS-16GA-3,2025-05-31
P-119063,40,weld,0.5,0.05772,,,2025-05-31
P-119063,50,grind_deburr,0.2,0.00069,,,2025-05-31
P-119063,60,powder_coat,0.25,0.0008,,,2025-05-31
P-119063,70,inspection_pack,0.15,0.01019,,,2025-05-31
P-119064,10,punch,0.5,0.00736,,,2025-05-06
P-119064,20,press_brake,0.94,0.0438,,TS-18GA-2,2025-05-06
P-119064,30,hardware,0.25,0.01543,,,2025-05-06
P-119064,40,weld,0.5,0.01775,,,2025-05-06
P-119064,50,grind_deburr,0.2,0.00507,,,2025-05-06
P-119064,60,powder_coat,0.25,0.00192,,,2025-05-06
P-119064,70,inspection_pack,0.15,0.00941,,,2025-05-06
P-119068,10,laser,0.2,0.01399,,,2025-04-03
P-119068,20,grind_deburr,0.2,0.00356,,,2025-04-03
P-119068,30,press_brake,0.8,0.02964,,TS-12GA-2,2025-04-03
P-119068,40,powder_coat,0.25,0.00401,,,2025-04-03
P-119068,50,inspection_pack,0.15,0.01008,,,2025-04-03
P-119072,10,laser,0.2,0.08186,,,2025-10-08
P-119072,20,press_brake,1.29,0.08953,,TS-12GA-3,2025-10-08
P-119072,30,hardware,0.25,0.0191,,,2025-10-08
P-119072,40,weld,0.5,0.25009,,,2025-10-08
P-119072,50,grind_deburr,0.2,0.00918,,,2025-10-08
P-119072,60,outside_processing,0.0,0.0,V-1040,,2025-10-08
P-119072,70,inspection_pack,0.15,0.00706,,,2025-10-08
P-119074,10,punch,0.5,0.00668,,,2025-09-02
P-119074,20,grind_deburr,0.2,0.00219,,,2025-09-02
P-119074,30,press_brake,0.59,0.01032,,TS-11GA-1,2025-09-02
P-119074,40,inspection_pack,0.15,0.00549,,,2025-09-02
P-119085,10,punch,0.5,0.00804,,,2025-08-23
P-119085,20,press_brake,0.87,0.03108,,TS-16GA-1,2025-08-23
P-119085,30,outside_processing,0.0,0.0,V-1077,,2025-08-23
P-119085,40,inspection_pack,0.15,0.00806,,,2025-08-23
P-119090,10,laser,0.2,0.02359,,,2025-04-07
P-119090,20,grind_deburr,0.2,0.00562,,,2025-04-07
P-119090,30,press_brake,0.94,0.05161,,TS-18GA-2,2025-04-07
P-119090,40,weld,0.5,0.15876,,,2025-04-07
P-119090,50,grind_deburr,0.2,0.00658,,,2025-04-07
P-119090,60,powder_coat,0.25,0.00401,,,2025-04-07
P-119090,70,inspection_pack,0.15,0.0084,,,2025-04-07
P-119098,10,laser,0.2,0.03261,,,2025-06-07
P-119098,20,grind_deburr,0.2,0.00548,,,2025-06-07
P-119098,30,press_brake,0.59,0.01212,,TS-20GA-2,2025-06-07
P-119098,40,inspection_pack,0.15,0.0065,,,2025-06-07
P-119106,10,laser,0.2,0.05064,,,2025-05-13
P-119106,20,grind_deburr,0.2,0.00329,,,2025-05-13
P-119106,30,press_brake,0.94,0.04404,,TS-18GA-3,2025-05-13
P-119106,40,robotic_weld,1.2,0.04325,,,2025-05-13
P-119106,50,grind_deburr,0.2,0.0037,,,2025-05-13
P-119106,60,powder_coat,0.25,0.00401,,,2025-05-13
P-119106,70,inspection_pack,0.15,0.00358,,,2025-05-13
P-119112,10,laser,0.2,0.00705,,,2025-05-20
P-119112,20,grind_deburr,0.2,0.00069,,,2025-05-20
P-119112,30,press_brake,0.52,0.00516,,TS-12GA-3,2025-05-20
P-119112,40,outside_processing,0.0,0.0,V-1040,,2025-05-20
P-119112,50,inspection_pack,0.15,0.00963,,,2025-05-20
P-119119,10,laser,0.2,0.02474,,,2025-10-11
P-119119,20,grind_deburr,0.2,0.00356,,,2025-10-11
P-119119,30,press_brake,0.87,0.0348,,TS-0.250IN-3,2025-10-11
P-119119,40,weld,0.5,0.05895,,,2025-10-11
P-119119,50,grind_deburr,0.2,0.00192,,,2025-10-11
P-119119,60,powder_coat,0.25,0.00225,,,2025-10-11
P-119119,70,inspection_pack,0.15,0.00314,,,2025-10-11
P-119123,10,laser,0.2,0.00786,,,2025-07-16
P-119123,20,grind_deburr,0.2,0.00247,,,2025-07-16
P-119123,30,press_brake,0.59,0.01032,,TS-20GA-3,2025-07-16
P-119123,40,hardware,0.25,0.00747,,,2025-07-16
P-119123,50,outside_processing,0.0,0.0,V-1040,,2025-07-16
P-119123,60,inspection_pack,0.15,0.00728,,,2025-07-16
P-119129,10,laser,0.2,0.05365,,,2025-07-04
P-119129,20,grind_deburr,0.2,0.00507,,,2025-07-04
P-119129,30,press_brake,0.66,0.0204,,TS-16GA-1,2025-07-04
P-119129,40,hardware,0.25,0.02265,,,2025-07-04
P-119129,50,weld,0.5,0.14101,,,2025-07-04
P-119129,60,grind_deburr,0.2,0.00946,,,2025-07-04
P-119129,70,assembly,0.3,0.07107,,,2025-07-04
P-119129,80,inspection_pack,0.15,0.00762,,,2025-07-04
P-119134,10,punch,0.5,0.00978,,,2025-04-11
P-119134,20,grind_deburr,0.2,0.00288,,,2025-04-11
P-119134,30,press_brake,0.87,0.03756,,TS-16GA-3,2025-04-11
P-119134,40,powder_coat,0.25,0.0061,,,2025-04-11
P-119134,50,inspection_pack,0.15,0.00515,,,2025-04-11
P-119141,10,laser,0.2,0.11378,,,2025-05-18
P-119141,20,press_brake,1.01,0.07225,,TS-0.250IN-1,2025-05-18
P-119141,30,weld,0.5,0.27343,,,2025-05-18
P-119141,40,grind_deburr,0.2,0.01713,,,2025-05-18
P-119141,50,powder_coat,0.25,0.00497,,,2025-05-18
P-119141,60,inspection_pack,0.15,0.00694,,,2025-05-18
P-119144,10,laser,0.2,0.00879,,,2025-04-11
P-119144,20,grind_deburr,0.2,0.00137,,,2025-04-11
P-119144,30,press_brake,0.66,0.01584,,TS-14GA-3,2025-04-11
P-119144,40,inspection_pack,0.15,0.00986,,,2025-04-11
P-119158,10,laser,0.2,0.03631,,,2025-05-23
P-119158,20,grind_deburr,0.2,0.00411,,,2025-05-23
P-119158,30,press_brake,0.73,0.02856,,TS-18GA-1,2025-05-23
P-119158,40,hardware,0.25,0.01922,,,2025-05-23
P-119158,50,weld,0.5,0.15597,,,2025-05-23
P-119158,60,grind_deburr,0.2,0.0026,,,2025-05-23
P-119158,70,press_brake,0.66,0.02148,,TS-18GA-1,2025-05-23
P-119158,80,inspection_pack,0.15,0.00818,,,2025-05-23
P-119161,10,laser,0.2,0.02,,,2025-05-21
P-119161,20,grind_deburr,0.2,0.00137,,,2025-05-21
P-119161,30,press_brake,0.8,0.02688,,TS-14GA-1,2025-05-21
P-119161,40,powder_coat,0.25,0.00128,,,2025-05-21
P-119161,50,inspection_pack,0.15,0.00493,,,2025-05-21
P-119166,10,laser,0.2,0.02336,,,2025-05-12
P-119166,20,press_brake,1.08,0.04884,,TS-18GA-1,2025-05-12
P-119166,30,powder_coat,0.25,0.00209,,,2025-05-12
P-119166,40,assembly,0.3,0.10047,,,2025-05-12
P-119166,50,inspection_pack,0.15,0.00594,,,2025-05-12
P-119173,10,laser,0.2,0.01931,,,2025-06-01
P-119173,20,press_brake,0.52,0.00516,,TS-12GA-2,2025-06-01
P-119173,30,hardware,0.25,0.02633,,,2025-06-01
P-119173,40,weld,0.5,0.02311,,,2025-06-01
P-119173,50,grind_deburr,0.2,0.00069,,,2025-06-01
P-119173,60,powder_coat,0.25,0.00176,,,2025-06-01
P-119173,70,inspection_pack,0.15,0.0065,,,2025-06-01
P-119176,10,laser,0.2,0.06163,,,2025-04-14
P-119176,20,grind_deburr,0.2,0.00493,,,2025-04-14
P-119176,30,press_brake,1.01,0.06253,,TS-0.125IN-3,2025-04-14
P-119176,40,hardware,0.25,0.02461,,,2025-04-14
P-119176,50,weld,0.5,0.17339,,,2025-04-14
P-119176,60,grind_deburr,0.2,0.01247,,,2025-04-14
P-119176,70,outside_processing,0.0,0.0,V-1040,,2025-04-14
P-119176,80,inspection_pack,0.15,0.00381,,,2025-04-14
P-119180,10,laser,0.2,0.06371,,,2025-06-11
P-119180,20,grind_deburr,0.2,0.0085,,,2025-06-11
P-119180,30,press_brake,1.36,0.10489,,TS-20GA-2,2025-06-11
P-119180,40,robotic_weld,1.2,0.08375,,,2025-06-11
P-119180,50,grind_deburr,0.2,0.00809,,,2025-06-11
P-119180,60,assembly,0.3,0.07798,,,2025-06-11
P-119180,70,inspection_pack,0.15,0.01008,,,2025-06-11
P-119182,10,punch,0.5,0.0124,,,2025-05-09
P-119182,20,grind_deburr,0.2,0.00644,,,2025-05-09
P-119182,30,press_brake,0.94,0.04464,,TS-16GA-3,2025-05-09
P-119182,40,hardware,0.25,0.01078,,,2025-05-09
P-119182,50,weld,0.5,0.12315,,,2025-05-09
P-119182,60,grind_deburr,0.2,0.00301,,,2025-05-09
P-119182,70,outside_processing,0.0,0.0,V-1077,,2025-05-09
P-119182,80,inspection_pack,0.15,0.00426,,,2025-05-09
P-119189,10,laser,0.2,0.03018,,,2025-05-18
P-119189,20,press_brake,0.59,0.01512,,TS-14GA-3,2025-05-18
P-119189,30,weld,0.5,0.17216,,,2025-05-18
P-119189,40,grind_deburr,0.2,0.00288,,,2025-05-18
P-119189,50,powder_coat,0.25,0.00449,,,2025-05-18
P-119189,60,inspection_pack,0.15,0.01042,,,2025-05-18
P-119196,10,laser,0.2,0.01653,,,2025-09-18
P-119196,20,grind_deburr,0.2,0.00274,,,2025-09-18
P-119196,30,press_brake,0.73,0.021,,TS-14GA-3,2025-09-18
P-119196,40,powder_coat,0.25,0.00144,,,2025-09-18
P-119196,50,outside_processing,0.0,0.0,V-1077,,2025-09-18
P-119196,60,inspection_pack,0.15,0.00403,,,2025-09-18
P-119202,10,laser,0.2,0.02868,,,2025-06-07
P-119202,20,grind_deburr,0.2,0.00726,,,2025-06-07
P-119202,30,press_brake,0.8,0.0318,,TS-20GA-2,2025-06-07
P-119202,40,hardware,0.25,0.02596,,,2025-06-07
P-119202,50,powder_coat,0.25,0.00706,,,2025-06-07
P-119202,60,inspection_pack,0.15,0.00773,,,2025-06-07
P-119209,10,laser,0.2,0.01318,,,2025-08-17
P-119209,20,grind_deburr,0.2,0.00219,,,2025-08-17
P-119209,30,press_brake,0.59,0.01032,,TS-16GA-2,2025-08-17
P-119209,40,hardware,0.25,0.02351,,,2025-08-17
P-119209,50,weld,0.5,0.01708,,,2025-08-17
P-119209,60,grind_deburr,0.2,0.0026,,,2025-08-17
P-119209,70,inspection_pack,0.15,0.00885,,,2025-08-17
P-119210,10,laser,0.2,0.02428,,,2025-05-20
P-119210,20,grind_deburr,0.2,0.00356,,,2025-05-20
P-119210,30,press_brake,1.15,0.07297,,TS-20GA-3,2025-05-20
P-119210,40,hardware,0.25,0.02278,,,2025-05-20
P-119210,50,powder_coat,0.25,0.00369,,,2025-05-20
P-119210,60,assembly,0.3,0.0884,,,2025-05-20
P-119210,70,inspection_pack,0.15,0.0056,,,2025-05-20
P-119215,10,laser,0.2,0.01041,,,2025-04-17
P-119215,20,grind_deburr,0.2,0.00219,,,2025-04-17
P-119215,30,press_brake,0.66,0.0156,,TS-16GA-3,2025-04-17
P-119215,40,hardware,0.25,0.02755,,,2025-04-17
P-119215,50,inspection_pack,0.15,0.0028,,,2025-04-17
P-119220,10,laser,0.2,0.05805,,,2025-05-31
P-119220,20,grind_deburr,0.2,0.00507,,,2025-05-31
P-119220,30,press_brake,1.01,0.05293,,TS-18GA-3,2025-05-31
P-119220,40,robotic_weld,1.2,0.03255,,,2025-05-31
P-119220,50,grind_deburr,0.2,0.00397,,,2025-05-31
P-119220,60,inspection_pack,0.15,0.00403,,,2025-05-31
P-119221,10,laser,0.2,0.01873,,,2025-04-18
P-119221,20,grind_deburr,0.2,0.00206,,,2025-04-18
P-119221,30,press_brake,0.66,0.0156,,TS-18GA-3,2025-04-18
P-119221,40,powder_coat,0.25,0.00112,,,2025-04-18
P-119221,50,inspection_pack,0.15,0.0075,,,2025-04-18
P-119228,10,laser,0.2,0.01122,,,2025-10-18
P-119228,20,grind_deburr,0.2,0.0011,,,2025-10-18
P-119228,30,press_brake,0.52,0.00516,,TS-12GA-2,2025-10-18
P-119228,40,inspection_pack,0.15,0.00627,,,2025-10-18
P-119236,10,laser,0.2,0.08233,,,2025-07-19
P-119236,20,grind_deburr,0.2,0.01562,,,2025-07-19
P-119236,30,press_brake,0.87,0.05173,,TS-0.125IN-2,2025-07-19
P-119236,40,powder_coat,0.25,0.01267,,,2025-07-19
P-119236,50,inspection_pack,0.15,0.00862,,,2025-07-19
P-119238,10,laser,0.2,0.01098,,,2025-07-27
P-119238,20,grind_deburr,0.2,0.00096,,,2025-07-27
P-119238,30,press_brake,0.52,0.00516,,TS-20GA-1,2025-07-27
P-119238,40,inspection_pack,0.15,0.00941,,,2025-07-27
P-119239,10,laser,0.2,0.02197,,,2025-06-05
P-119239,20,press_brake,0.8,0.03156,,TS-16GA-1,2025-06-05
P-119239,30,press_brake,0.73,0.0252,,TS-16GA-1,2025-06-05
P-119239,40,powder_coat,0.25,0.00401,,,2025-06-05
P-119239,50,inspection_pack,0.15,0.00694,,,2025-06-05
P-119241,10,punch,0.5,0.02964,,,2025-05-28
P-119241,20,grind_deburr,0.2,0.00493,,,2025-05-28
P-119241,30,press_brake,0.59,0.01428,,TS-14GA-3,2025-05-28
P-119241,40,hardware,0.25,0.01151,,,2025-05-28
P-119241,50,powder_coat,0.25,0.00642,,,2025-05-28
P-119241,60,inspection_pack,0.15,0.00538,,,2025-05-28
P-119247,10,laser,0.2,0.03087,,,2025-11-27
P-119247,20,grind_deburr,0.2,0.00397,,,2025-11-27
P-119247,30,press_brake,0.73,0.02508,,TS-18GA-3,2025-11-27
P-119247,40,hardware,0.25,0.01065,,,2025-11-27
P-119247,50,powder_coat,0.25,0.00257,,,2025-11-27
P-119247,60,inspection_pack,0.15,0.0028,,,2025-11-27
P-119252,10,punch,0.5,0.0093,,,2025-07-19
P-119252,20,grind_deburr,0.2,0.00247,,,2025-07-19
P-119252,30,press_brake,0.52,0.00516,,TS-11GA-3,2025-07-19
P-119252,40,hardware,0.25,0.0218,,,2025-07-19
P-119252,50,powder_coat,0.25,0.00241,,,2025-07-19
P-119252,60,inspection_pack,0.15,0.00594,,,2025-07-19
P-119259,10,laser,0.2,0.01919,,,2025-06-18
P-119259,20,press_brake,0.52,0.00516,,TS-12GA-1,2025-06-18
P-119259,30,weld,0.5,0.01865,,,2025-06-18
P-119259,40,grind_deburr,0.2,0.0011,,,2025-06-18
P-119259,50,inspection_pack,0.15,0.00728,,,2025-06-18
P-119264,10,laser,0.2,0.02833,,,2025-11-27
P-119264,20,press_brake,0.8,0.02748,,TS-20GA-1,2025-11-27
P-119264,30,outside_processing,0.0,0.0,V-1040,,2025-11-27
P-119264,40,inspection_pack,0.15,0.00448,,,2025-11-27
P-119266,10,laser,0.2,0.04035,,,2025-06-09
P-119266,20,press_brake,0.87,0.04224,,TS-20GA-2,2025-06-09
P-119266,30,inspection_pack,0.15,0.00493,,,2025-06-09
P-119274,10,laser,0.2,0.08117,,,2025-06-07
P-119274,20,grind_deburr,0.2,0.00781,,,2025-06-07
P-119274,30,press_brake,0.87,0.05017,,TS-14GA-1,2025-06-07
P-119274,40,weld,0.5,0.26461,,,2025-06-07
P-119274,50,grind_deburr,0.2,0.01494,,,2025-06-07
P-119274,60,inspection_pack,0.15,0.01008,,,2025-06-07
P-119275,10,laser,0.2,0.03642,,,2025-05-22
P-119275,20,grind_deburr,0.2,0.0048,,,2025-05-22
P-119275,30,press_brake,0.87,0.036,,TS-0.250IN-2,2025-05-22
P-119275,40,weld,0.5,0.03014,,,2025-05-22
P-119275,50,grind_deburr,0.2,0.00192,,,2025-05-22
P-119275,60,powder_coat,0.25,0.00529,,,2025-05-22
P-119275,70,inspection_pack,0.15,0.00392,,,2025-05-22
P-119283,10,punch,0.5,0.03623,,,2025-05-21
P-119283,20,press_brake,1.43,0.10165,,TS-20GA-1,2025-05-21
P-119283,30,outside_processing,0.0,0.0,V-1077,,2025-05-21
P-119283,40,inspection_pack,0.15,0.00683,,,2025-05-21
P-119289,10,laser,0.2,0.0133,,,2025-04-25
P-119289,20,grind_deburr,0.2,0.00288,,,2025-04-25
P-119289,30,press_brake,0.8,0.027,,TS-18GA-3,2025-04-25
P-119289,40,weld,0.5,0.07145,,,2025-04-25
P-119289,50,grind_deburr,0.2,0.00123,,,2025-04-25
P-119289,60,inspection_pack,0.15,0.00515,,,2025-04-25
P-119290,10,laser,0.2,0.03399,,,2025-04-29
P-119290,20,grind_deburr,0.2,0.01274,,,2025-04-29
P-119290,30,press_brake,1.08,0.07765,,TS-20GA-3,2025-04-29
P-119290,40,powder_coat,0.25,0.00513,,,2025-04-29
P-119290,50,assembly,0.3,0.10836,,,2025-04-29
P-119290,60,inspection_pack,0.15,0.00291,,,2025-04-29
P-119291,10,laser,0.2,0.03793,,,2025-04-28
P-119291,20,grind_deburr,0.2,0.00507,,,2025-04-28
P-119291,30,press_brake,0.8,0.03024,,TS-18GA-1,2025-04-28
P-119291,40,robotic_weld,1.2,0.01898,,,2025-04-28
P-119291,50,grind_deburr,0.2,0.00384,,,2025-04-28
P-119291,60,inspection_pack,0.15,0.00986,,,2025-04-28
P-119302,10,laser,0.2,0.01411,,,2025-05-20
P-119302,20,grind_deburr,0.2,0.00247,,,2025-05-20
P-119302,30,press_brake,0.59,0.01032,,TS-16GA-1,2025-05-20
P-119302,40,hardware,0.25,0.024,,,2025-05-20
P-119302,50,powder_coat,0.25,0.00273,,,2025-05-20
P-119302,60,inspection_pack,0.15,0.00325,,,2025-05-20
P-119303,10,laser,0.2,0.01966,,,2025-11-30
P-119303,20,press_brake,0.59,0.0108,,TS-20GA-2,2025-11-30
P-119303,30,hardware,0.25,0.00735,,,2025-11-30
P-119303,40,powder_coat,0.25,0.00257,,,2025-11-30
P-119303,50,inspection_pack,0.15,0.00728,,,2025-11-30
P-119305,10,laser,0.2,0.05307,,,2025-09-18
P-119305,20,press_brake,0.59,0.01572,,TS-0.125IN-3,2025-09-18
P-119305,30,hardware,0.25,0.02608,,,2025-09-18
P-119305,40,inspection_pack,0.15,0.01053,,,2025-09-18
P-119308,10,laser,0.2,0.03989,,,2025-04-29
P-119308,20,grind_deburr,0.2,0.00534,,,2025-04-29
P-119308,30,press_brake,1.22,0.07057,,TS-14GA-2,2025-04-29
P-119308,40,robotic_weld,1.2,0.03354,,,2025-04-29
P-119308,50,grind_deburr,0.2,0.0026,,,2025-04-29
P-119308,60,powder_coat,0.25,0.00465,,,2025-04-29
P-119308,70,assembly,0.3,0.02665,,,2025-04-29
P-119308,80,inspection_pack,0.15,0.01008,,,2025-04-29
P-119314,10,laser,0.2,0.06845,,,2025-04-29
P-119314,20,press_brake,1.08,0.06685,,TS-16GA-2,2025-04-29
P-119314,30,hardware,0.25,0.01298,,,2025-04-29
P-119314,40,outside_processing,0.0,0.0,V-1040,,2025-04-29
P-119314,50,inspection_pack,0.15,0.00784,,,2025-04-29
P-119315,10,laser,0.2,0.00648,,,2025-11-14
P-119315,20,grind_deburr,0.2,0.00069,,,2025-11-14
P-119315,30,press_brake,0.59,0.01056,,TS-14GA-3,2025-11-14
P-119315,40,weld,0.5,0.02333,,,2025-11-14
P-119315,50,grind_deburr,0.2,0.00219,,,2025-11-14
P-119315,60,outside_processing,0.0,0.0,V-1040,,2025-11-14
P-119315,70,inspection_pack,0.15,0.00403,,,2025-11-14
P-119316,10,laser,0.2,0.01642,,,2025-06-15
P-119316,20,grind_deburr,0.2,0.00151,,,2025-06-15
P-119316,30,press_brake,0.59,0.01032,,TS-11GA-1,2025-06-15
P-119316,40,hardware,0.25,0.01482,,,2025-06-15
P-119316,50,outside_processing,0.0,0.0,V-1040,,2025-06-15
P-119316,60,inspection_pack,0.15,0.01053,,,2025-06-15
P-119323,10,laser,0.2,0.01815,,,2025-06-20
P-119323,20,press_brake,0.52,0.00516,,TS-18GA-2,2025-06-20
P-119323,30,hardware,0.25,0.02045,,,2025-06-20
P-119323,40,powder_coat,0.25,0.0008,,,2025-06-20
P-119323,50,inspection_pack,0.15,0.00269,,,2025-06-20
P-119327,10,laser,0.2,0.01804,,,2025-06-03
P-119327,20,press_brake,0.59,0.01032,,TS-20GA-2,2025-06-03
P-119327,30,powder_coat,0.25,0.00144,,,2025-06-03
P-119327,40,inspection_pack,0.15,0.00986,,,2025-06-03
P-119334,10,laser,0.2,0.01758,,,2025-07-03
P-119334,20,press_brake,0.66,0.0156,,TS-18GA-2,2025-07-03
P-119334,30,hardware,0.25,0.02363,,,2025-07-03
P-119334,40,inspection_pack,0.15,0.0075,,,2025-07-03
P-119339,10,laser,0.2,0.05966,,,2025-05-26
P-119339,20,grind_deburr,0.2,0.01137,,,2025-05-26
P-119339,30,press_brake,0.87,0.04608,,TS-12GA-1,2025-05-26
P-119339,40,hardware,0.25,0.01739,,,2025-05-26
P-119339,50,robotic_weld,1.2,0.05462,,,2025-05-26
P-119339,60,grind_deburr,0.2,0.00973,,,2025-05-26
P-119339,70,assembly,0.3,0.04881,,,2025-05-26
P-119339,80,inspection_pack,0.15,0.00773,,,2025-05-26
P-119341,10,laser,0.2,0.00567,,,2025-05-02
P-119341,20,press_brake,0.66,0.0156,,TS-16GA-1,2025-05-02
P-119341,30,powder_coat,0.25,0.00144,,,2025-05-02
P-119341,40,inspection_pack,0.15,0.01042,,,2025-05-02
P-119348,10,laser,0.2,0.09401,,,2025-06-24
P-119348,20,grind_deburr,0.2,0.00904,,,2025-06-24
P-119348,30,press_brake,0.87,0.04872,,TS-14GA-1,2025-06-24
P-119348,40,hardware,0.25,0.02327,,,2025-06-24
P-119348,50,weld,0.5,0.2636,,,2025-06-24
P-119348,60,grind_deburr,0.2,0.00685,,,2025-06-24
P-119348,70,outside_processing,0.0,0.0,V-1040,,2025-06-24
P-119348,80,inspection_pack,0.15,0.0084,,,2025-06-24
P-119350,10,laser,0.2,0.0311,,,2025-06-16
P-119350,20,grind_deburr,0.2,0.00671,,,2025-06-16
P-119350,30,press_brake,0.94,0.05521,,TS-16GA-3,2025-06-16
P-119350,40,robotic_weld,1.2,0.06687,,,2025-06-16
P-119350,50,grind_deburr,0.2,0.01083,,,2025-06-16
P-119350,60,powder_coat,0.25,0.00914,,,2025-06-16
P-119350,70,inspection_pack,0.15,0.01053,,,2025-06-16
P-119351,10,laser,0.2,0.04382,,,2025-05-29
P-119351,20,grind_deburr,0.2,0.00548,,,2025-05-29
P-119351,30,press_brake,0.87,0.03876,,TS-16GA-2,2025-05-29
P-119351,40,inspection_pack,0.15,0.00885,,,2025-05-29
P-119355,10,laser,0.2,0.01804,,,2025-05-07
P-119355,20,grind_deburr,0.2,0.00233,,,2025-05-07
P-119355,30,press_brake,0.66,0.0156,,TS-0.125IN-1,2025-05-07
P-119355,40,hardware,0.25,0.01837,,,2025-05-07
P-119355,50,outside_processing,0.0,0.0,V-1040,,2025-05-07
P-119355,60,outside_processing,0.0,0.0,V-1077,,2025-05-07
P-119355,70,inspection_pack,0.15,0.00986,,,2025-05-07
P-119357,10,laser,0.2,0.00555,,,2025-06-15
P-119357,20,grind_deburr,0.2,0.00082,,,2025-06-15
P-119357,30,press_brake,0.66,0.0156,,TS-14GA-1,2025-06-15
P-119357,40,hardware,0.25,0.02571,,,2025-06-15
P-119357,50,outside_processing,0.0,0.0,V-1040,,2025-06-15
P-119357,60,inspection_pack,0.15,0.0047,,,2025-06-15
P-119365,10,laser,0.2,0.01804,,,2025-09-30
P-119365,20,press_brake,0.59,0.01032,,TS-11GA-1,2025-09-30
P-119365,30,hardware,0.25,0.01261,,,2025-09-30
P-119365,40,outside_processing,0.0,0.0,V-1040,,2025-09-30
P-119365,50,inspection_pack,0.15,0.00482,,,2025-09-30
P-119372,10,laser,0.2,0.01283,,,2025-07-05
P-119372,20,press_brake,0.73,0.02136,,TS-14GA-2,2025-07-05
P-119372,30,hardware,0.25,0.02755,,,2025-07-05
P-119372,40,inspection_pack,0.15,0.00347,,,2025-07-05
P-119374,10,laser,0.2,0.15529,,,2025-05-12
P-119374,20,grind_deburr,0.2,0.0063,,,2025-05-12
P-119374,30,press_brake,0.87,0.06745,,TS-20GA-2,2025-05-12
P-119374,40,hardware,0.25,0.01322,,,2025-05-12
P-119374,50,robotic_weld,1.2,0.05274,,,2025-05-12
P-119374,60,grind_deburr,0.2,0.01083,,,2025-05-12
P-119374,70,powder_coat,0.25,0.02358,,,2025-05-12
P-119374,80,inspection_pack,0.15,0.00986,,,2025-05-12
P-119377,10,laser,0.2,0.0089,,,2025-06-28
P-119377,20,grind_deburr,0.2,0.00151,,,2025-06-28
P-119377,30,press_brake,0.73,0.02076,,TS-20GA-1,2025-06-28
P-119377,40,powder_coat,0.25,0.00144,,,2025-06-28
P-119377,50,inspection_pack,0.15,0.00336,,,2025-06-28
P-119383,10,punch,0.5,0.03003,,,2025-07-02
P-119383,20,grind_deburr,0.2,0.00891,,,2025-07-02
P-119383,30,press_brake,0.73,0.0276,,TS-18GA-3,2025-07-02
P-119383,40,hardware,0.25,0.02706,,,2025-07-02
P-119383,50,outside_processing,0.0,0.0,V-1102,,2025-07-02
P-119383,60,inspection_pack,0.15,0.00526,,,2025-07-02
P-119390,10,laser,0.2,0.01353,,,2025-06-10
P-119390,20,grind_deburr,0.2,0.00274,,,2025-06-10
P-119390,30,press_brake,0.59,0.01032,,TS-14GA-2,2025-06-10
P-119390,40,powder_coat,0.25,0.0008,,,2025-06-10
P-119390,50,inspection_pack,0.15,0.00717,,,2025-06-10
P-119395,10,laser,0.2,0.00798,,,2025-07-23
P-119395,20,grind_deburr,0.2,0.00069,,,2025-07-23
P-119395,30,press_brake,0.52,0.00516,,TS-16GA-2,2025-07-23
P-119395,40,hardware,0.25,0.0191,,,2025-07-23
P-119395,50,powder_coat,0.25,0.00241,,,2025-07-23
P-119395,60,inspection_pack,0.15,0.00795,,,2025-07-23
P-119401,10,laser,0.2,0.00798,,,2025-07-05
P-119401,20,grind_deburr,0.2,0.00137,,,2025-07-05
P-119401,30,press_brake,0.52,0.00516,,TS-12GA-1,2025-07-05
P-119401,40,powder_coat,0.25,0.00241,,,2025-07-05
P-119401,50,inspection_pack,0.15,0.0084,,,2025-07-05
P-119409,10,laser,0.2,0.04001,,,2025-06-16
P-119409,20,grind_deburr,0.2,0.00274,,,2025-06-16
P-119409,30,press_brake,1.43,0.08977,,TS-20GA-2,2025-06-16
P-119409,40,hardware,0.25,0.01971,,,2025-06-16
P-119409,50,robotic_weld,1.2,0.04337,,,2025-06-16
P-119409,60,grind_deburr,0.2,0.00521,,,2025-06-16
P-119409,70,outside_processing,0.0,0.0,V-1040,,2025-06-16
P-119409,80,inspection_pack,0.15,0.01053,,,2025-06-16
P-119410,10,laser,0.2,0.02185,,,2025-06-21
P-119410,20,press_brake,0.73,0.0234,,TS-16GA-1,2025-06-21
P-119410,30,inspection_pack,0.15,0.00806,,,2025-06-21
P-119413,10,laser,0.2,0.00856,,,2025-06-08
P-119413,20,press_brake,0.66,0.0156,,TS-14GA-2,2025-06-08
P-119413,30,inspection_pack,0.15,0.00851,,,2025-06-08
P-119417,10,laser,0.2,0.01156,,,2025-05-15
P-119417,20,press_brake,0.73,0.02076,,TS-14GA-1,2025-05-15
P-119417,30,hardware,0.25,0.02669,,,2025-05-15
P-119417,40,weld,0.5,0.00837,,,2025-05-15
P-119417,50,grind_deburr,0.2,0.00082,,,2025-05-15
P-119417,60,inspection_pack,0.15,0.00784,,,2025-05-15
P-119420,10,punch,0.5,0.03787,,,2025-07-02
P-119420,20,grind_deburr,0.2,0.00507,,,2025-07-02
P-119420,30,press_brake,1.29,0.09193,,TS-18GA-2,2025-07-02
P-119420,40,outside_processing,0.0,0.0,V-1040,,2025-07-02
P-119420,50,inspection_pack,0.15,0.00493,,,2025-07-02
P-119424,10,laser,0.2,0.06244,,,2025-10-18
P-119424,20,grind_deburr,0.2,0.00617,,,2025-10-18
P-119424,30,press_brake,1.01,0.06133,,TS-16GA-3,2025-10-18
P-119424,40,hardware,0.25,0.0158,,,2025-10-18
P-119424,50,robotic_weld,1.2,0.07294,,,2025-10-18
P-119424,60,grind_deburr,0.2,0.00973,,,2025-10-18
P-119424,70,powder_coat,0.25,0.00321,,,2025-10-18
P-119424,80,assembly,0.3,0.08796,,,2025-10-18
P-119424,90,inspection_pack,0.15,0.00549,,,2025-10-18
P-119426,10,laser,0.2,0.08429,,,2025-07-17
P-119426,20,grind_deburr,0.2,0.01357,,,2025-07-17
P-119426,30,press_brake,1.01,0.06373,,TS-14GA-3,2025-07-17
P-119426,40,weld,0.5,0.11678,,,2025-07-17
P-119426,50,grind_deburr,0.2,0.01151,,,2025-07-17
P-119426,60,assembly,0.3,0.04552,,,2025-07-17
P-119426,70,inspection_pack,0.15,0.01031,,,2025-07-17
P-119434,10,laser,0.2,0.04509,,,2025-06-15
P-119434,20,grind_deburr,0.2,0.01329,,,2025-06-15
P-119434,30,press_brake,0.87,0.04728,,TS-18GA-2,2025-06-15
P-119434,40,robotic_weld,1.2,0.06808,,,2025-06-15
P-119434,50,grind_deburr,0.2,0.00877,,,2025-06-15
P-119434,60,powder_coat,0.25,0.00802,,,2025-06-15
P-119434,70,outside_processing,0.0,0.0,V-1077,,2025-06-15
P-119434,80,inspection_pack,0.15,0.00459,,,2025-06-15
P-119438,10,laser,0.2,0.0133,,,2025-07-15
P-119438,20,grind_deburr,0.2,0.00521,,,2025-07-15
P-119438,30,press_brake,0.87,0.03516,,TS-18GA-2,2025-07-15
P-119438,40,hardware,0.25,0.02069,,,2025-07-15
P-119438,50,outside_processing,0.0,0.0,V-1040,,2025-07-15
P-119438,60,inspection_pack,0.15,0.00974,,,2025-07-15
P-119442,10,laser,0.2,0.01318,,,2025-07-06
P-119442,20,press_brake,0.66,0.0156,,TS-14GA-1,2025-07-06
P-119442,30,powder_coat,0.25,0.00144,,,2025-07-06
P-119442,40,inspection_pack,0.15,0.00885,,,2025-07-06
P-119443,10,punch,0.5,0.00368,,,2025-05-21
P-119443,20,press_brake,0.73,0.02076,,TS-18GA-3,2025-05-21
P-119443,30,outside_processing,0.0,0.0,V-1040,,2025-05-21
P-119443,40,inspection_pack,0.15,0.00381,,,2025-05-21
P-119448,10,laser,0.2,0.00601,,,2025-06-18
P-119448,20,grind_deburr,0.2,0.00096,,,2025-06-18
P-119448,30,press_brake,0.8,0.02604,,TS-18GA-2,2025-06-18
P-119448,40,inspection_pack,0.15,0.00538,,,2025-06-18
P-119455,10,laser,0.2,0.00844,,,2025-06-15
P-119455,20,grind_deburr,0.2,0.00192,,,2025-06-15
P-119455,30,press_brake,0.52,0.00516,,TS-18GA-1,2025-06-15
P-119455,40,hardware,0.25,0.01445,,,2025-06-15
P-119455,50,outside_processing,0.0,0.0,V-1040,,2025-06-15
P-119455,60,outside_processing,0.0,0.0,V-1077,,2025-06-15
P-119455,70,inspection_pack,0.15,0.00918,,,2025-06-15
P-119461,10,punch,0.5,0.01482,,,2025-05-21
P-119461,20,press_brake,0.73,0.02256,,TS-16GA-1,2025-05-21
P-119461,30,powder_coat,0.25,0.00128,,,2025-05-21
P-119461,40,assembly,0.3,0.02248,,,2025-05-21
P-119461,50,inspection_pack,0.15,0.00661,,,2025-05-21
P-119463,10,punch,0.5,0.05521,,,2025-07-17
P-119463,20,grind_deburr,0.2,0.01206,,,2025-07-17
P-119463,30,press_brake,0.8,0.05353,,TS-18GA-1,2025-07-17
P-119463,40,weld,0.5,0.38239,,,2025-07-17
P-119463,50,grind_deburr,0.2,0.02521,,,2025-07-17
P-119463,60,press_brake,0.73,0.04272,,TS-18GA-1,2025-07-17
P-119463,70,powder_coat,0.25,0.02422,,,2025-07-17
P-119463,80,inspection_pack,0.15,0.00862,,,2025-07-17
P-119471,10,laser,0.2,0.02844,,,2025-09-15
P-119471,20,grind_deburr,0.2,0.00096,,,2025-09-15
P-119471,30,press_brake,0.94,0.039,,TS-16GA-2,2025-09-15
P-119471,40,hardware,0.25,0.00882,,,2025-09-15
P-119471,50,weld,0.5,0.08452,,,2025-09-15
P-119471,60,grind_deburr,0.2,0.0011,,,2025-09-15
P-119471,70,outside_processing,0.0,0.0,V-1077,,2025-09-15
P-119471,80,inspection_pack,0.15,0.00605,,,2025-09-15
P-119472,10,laser,0.2,0.02659,,,2025-06-22
P-119472,20,press_brake,0.87,0.03648,,TS-18GA-3,2025-06-22
P-119472,30,weld,0.5,0.03662,,,2025-06-22
P-119472,40,grind_deburr,0.2,0.00206,,,2025-06-22
P-119472,50,powder_coat,0.25,0.00353,,,2025-06-22
P-119472,60,inspection_pack,0.15,0.00482,,,2025-06-22
P-119479,10,laser,0.2,0.01723,,,2025-07-19
P-119479,20,grind_deburr,0.2,0.00233,,,2025-07-19
P-119479,30,press_brake,0.59,0.0108,,TS-16GA-1,2025-07-19
P-119479,40,hardware,0.25,0.02682,,,2025-07-19
P-119479,50,weld,0.5,0.0575,,,2025-07-19
P-119479,60,grind_deburr,0.2,0.0037,,,2025-07-19
P-119479,70,powder_coat,0.25,0.00112,,,2025-07-19
P-119479,80,inspection_pack,0.15,0.00907,,,2025-07-19
P-119484,10,laser,0.2,0.03157,,,2025-06-27
P-119484,20,grind_deburr,0.2,0.00562,,,2025-06-27
P-119484,30,press_brake,0.87,0.03552,,TS-18GA-1,2025-06-27
P-119484,40,powder_coat,0.25,0.00465,,,2025-06-27
P-119484,50,assembly,0.3,0.07996,,,2025-06-27
P-119484,60,inspection_pack,0.15,0.00851,,,2025-06-27
P-119487,10,laser,0.2,0.04047,,,2025-07-26
P-119487,20,press_brake,1.01,0.05029,,TS-16GA-3,2025-07-26
P-119487,30,hardware,0.25,0.01163,,,2025-07-26
P-119487,40,weld,0.5,0.11109,,,2025-07-26
P-119487,50,grind_deburr,0.2,0.0048,,,2025-07-26
P-119487,60,powder_coat,0.25,0.00433,,,2025-07-26
P-119487,70,inspection_pack,0.15,0.00426,,,2025-07-26
P-119493,10,laser,0.2,0.01954,,,2025-11-24
P-119493,20,press_brake,0.73,0.02076,,TS-12GA-1,2025-11-24
P-119493,30,weld,0.5,0.02021,,,2025-11-24
P-119493,40,grind_deburr,0.2,0.00206,,,2025-11-24
P-119493,50,outside_processing,0.0,0.0,V-1040,,2025-11-24
P-119493,60,inspection_pack,0.15,0.00269,,,2025-11-24
P-119497,10,laser,0.2,0.01179,,,2025-07-25
P-119497,20,grind_deburr,0.2,0.00274,,,2025-07-25
P-119497,30,press_brake,1.01,0.04152,,TS-18GA-1,2025-07-25
P-119497,40,hardware,0.25,0.02069,,,2025-07-25
P-119497,50,weld,0.5,0.03763,,,2025-07-25
P-119497,60,grind_deburr,0.2,0.00069,,,2025-07-25
P-119497,70,powder_coat,0.25,0.00144,,,2025-07-25
P-119497,80,inspection_pack,0.15,0.00448,,,2025-07-25
P-119504,10,laser,0.2,0.07493,,,2025-05-29
P-119504,20,grind_deburr,0.2,0.00918,,,2025-05-29
P-119504,30,press_brake,0.8,0.03924,,TS-11GA-3,2025-05-29
P-119504,40,powder_coat,0.25,0.00385,,,2025-05-29
P-119504,50,inspection_pack,0.15,0.00661,,,2025-05-29
P-119508,10,punch,0.5,0.00387,,,2025-05-29
P-119508,20,grind_deburr,0.2,0.00219,,,2025-05-29
P-119508,30,press_brake,0.52,0.00516,,TS-16GA-2,2025-05-29
P-119508,40,hardware,0.25,0.01739,,,2025-05-29
P-119508,50,inspection_pack,0.15,0.00829,,,2025-05-29
P-119513,10,laser,0.2,0.01411,,,2025-07-22
P-119513,20,grind_deburr,0.2,0.00247,,,2025-07-22
P-119513,30,press_brake,1.01,0.04152,,TS-14GA-1,2025-07-22
P-119513,40,hardware,0.25,0.02033,,,2025-07-22
P-119513,50,weld,0.5,0.03215,,,2025-07-22
P-119513,60,grind_deburr,0.2,0.00206,,,2025-07-22
P-119513,70,powder_coat,0.25,0.00241,,,2025-07-22
P-119513,80,inspection_pack,0.15,0.00426,,,2025-07-22
P-119520,10,laser,0.2,0.01237,,,2025-07-18
P-119520,20,press_brake,0.73,0.02076,,TS-0.125IN-2,2025-07-18
P-119520,30,powder_coat,0.25,0.00096,,,2025-07-18
P-119520,40,inspection_pack,0.15,0.00493,,,2025-07-18
P-119522,10,laser,0.2,0.08233,,,2025-07-28
P-119522,20,press_brake,1.29,0.11365,,TS-14GA-2,2025-07-28
P-119522,30,assembly,0.3,0.04069,,,2025-07-28
P-119522,40,inspection_pack,0.15,0.01008,,,2025-07-28
P-119525,10,laser,0.2,0.00775,,,2025-05-30
P-119525,20,grind_deburr,0.2,0.00164,,,2025-05-30
P-119525,30,press_brake,0.73,0.02076,,TS-16GA-2,2025-05-30
P-119525,40,hardware,0.25,0.02694,,,2025-05-30
P-119525,50,inspection_pack,0.15,0.00728,,,2025-05-30
P-119529,10,punch,0.5,0.00852,,,2025-06-02
P-119529,20,press_brake,0.8,0.02928,,TS-20GA-1,2025-06-02
P-119529,30,weld,0.5,0.01764,,,2025-06-02
P-119529,40,grind_deburr,0.2,0.00439,,,2025-06-02
P-119529,50,powder_coat,0.25,0.00385,,,2025-06-02
P-119529,60,inspection_pack,0.15,0.0028,,,2025-06-02
P-119536,10,laser,0.2,0.01596,,,2025-07-14
P-119536,20,grind_deburr,0.2,0.00082,,,2025-07-14
P-119536,30,press_brake,0.87,0.03216,,TS-14GA-3,2025-07-14
P-119536,40,outside_processing,0.0,0.0,V-1040,,2025-07-14
P-119536,50,inspection_pack,0.15,0.00325,,,2025-07-14
P-119540,10,laser,0.2,0.01457,,,2025-06-30
P-119540,20,grind_deburr,0.2,0.0011,,,2025-06-30
P-119540,30,press_brake,0.73,0.02076,,TS-12GA-3,2025-06-30
P-119540,40,hardware,0.25,0.018,,,2025-06-30
P-119540,50,inspection_pack,0.15,0.00594,,,2025-06-30
P-119543,10,laser,0.2,0.01919,,,2025-07-03
P-119543,20,press_brake,1.01,0.04812,,TS-12GA-1,2025-07-03
P-119543,30,weld,0.5,0.12304,,,2025-07-03
P-119543,40,grind_deburr,0.2,0.00548,,,2025-07-03
P-119543,50,inspection_pack,0.15,0.0093,,,2025-07-03
P-119547,10,laser,0.2,0.0163,,,2025-06-04
P-119547,20,grind_deburr,0.2,0.00219,,,2025-06-04
P-119547,30,press_brake,0.52,0.00516,,TS-11GA-2,2025-06-04
P-119547,40,hardware,0.25,0.00759,,,2025-06-04
P-119547,50,outside_processing,0.0,0.0,V-1077,,2025-06-04
P-119547,60,inspection_pack,0.15,0.00358,,,2025-06-04
P-119550,10,laser,0.2,0.13482,,,2025-06-03
P-119550,20,press_brake,1.22,0.11653,,TS-16GA-3,2025-06-03
P-119550,30,inspection_pack,0.15,0.00571,,,2025-06-03
P-119552,10,laser,0.2,0.01399,,,2025-07-30
P-119552,20,grind_deburr,0.2,0.00247,,,2025-07-30
P-119552,30,press_brake,0.73,0.02076,,TS-18GA-2,2025-07-30
P-119552,40,weld,0.5,0.04622,,,2025-07-30
P-119552,50,grind_deburr,0.2,0.00151,,,2025-07-30
P-119552,60,inspection_pack,0.15,0.00795,,,2025-07-30
P-119556,10,laser,0.2,0.01885,,,2025-07-30
P-119556,20,grind_deburr,0.2,0.0026,,,2025-07-30
P-119556,30,press_brake,0.59,0.0114,,TS-16GA-1,2025-07-30
P-119556,40,outside_processing,0.0,0.0,V-1040,,2025-07-30
P-119556,50,inspection_pack,0.15,0.00706,,,2025-07-30
P-119558,10,laser,0.2,0.17795,,,2025-07-13
P-119558,20,grind_deburr,0.2,0.02686,,,2025-07-13
P-119558,30,press_brake,1.43,0.15794,,TS-0.125IN-1,2025-07-13
P-119558,40,powder_coat,0.25,0.02615,,,2025-07-13
P-119558,50,inspection_pack,0.15,0.00762,,,2025-07-13
P-119563,10,punch,0.5,0.0061,,,2025-12-22
P-119563,20,grind_deburr,0.2,0.00164,,,2025-12-22
P-119563,30,press_brake,0.87,0.036,,TS-18GA-1,2025-12-22
P-119563,40,hardware,0.25,0.02914,,,2025-12-22
P-119563,50,weld,0.5,0.06442,,,2025-12-22
P-119563,60,grind_deburr,0.2,0.00493,,,2025-12-22
P-119563,70,inspection_pack,0.15,0.0093,,,2025-12-22
P-119573,10,laser,0.2,0.01734,,,2025-06-06
P-119573,20,press_brake,0.66,0.0156,,TS-18GA-2,2025-06-06
P-119573,30,hardware,0.25,0.01788,,,2025-06-06
P-119573,40,powder_coat,0.25,0.00128,,,2025-06-06
P-119573,50,inspection_pack,0.15,0.01064,,,2025-06-06
P-119575,10,laser,0.2,0.03989,,,2025-11-08
P-119575,20,grind_deburr,0.2,0.00411,,,2025-11-08
P-119575,30,press_brake,0.87,0.03732,,TS-16GA-2,2025-11-08
P-119575,40,powder_coat,0.25,0.00465,,,2025-11-08
P-119575,50,inspection_pack,0.15,0.00986,,,2025-11-08
P-119577,10,punch,0.5,0.00901,,,2025-11-18
P-119577,20,press_brake,0.94,0.04164,,TS-16GA-3,2025-11-18
P-119577,30,robotic_weld,1.2,0.03994,,,2025-11-18
P-119577,40,grind_deburr,0.2,0.00343,,,2025-11-18
P-119577,50,powder_coat,0.25,0.00529,,,2025-11-18
P-119577,60,inspection_pack,0.15,0.00448,,,2025-11-18
P-119580,10,punch,0.5,0.00998,,,2025-08-07
P-119580,20,grind_deburr,0.2,0.00356,,,2025-08-07
P-119580,30,press_brake,0.87,0.03516,,TS-16GA-3,2025-08-07
P-119580,40,weld,0.5,0.03372,,,2025-08-07
P-119580,50,grind_deburr,0.2,0.00466,,,2025-08-07
P-119580,60,assembly,0.3,0.10913,,,2025-08-07
P-119580,70,inspection_pack,0.15,0.01031,,,2025-08-07
P-119584,10,laser,0.2,0.01122,,,2025-06-09
P-119584,20,grind_deburr,0.2,0.00288,,,2025-06-09
P-119584,30,press_brake,0.59,0.01044,,TS-14GA-3,2025-06-09
P-119584,40,hardware,0.25,0.02571,,,2025-06-09
P-119584,50,inspection_pack,0.15,0.00526,,,2025-06-09
P-119585,10,punch,0.5,0.01831,,,2025-09-03
P-119585,20,grind_deburr,0.2,0.00315,,,2025-09-03
P-119585,30,press_brake,0.94,0.04296,,TS-12GA-2,2025-09-03
P-119585,40,robotic_weld,1.2,0.0437,,,2025-09-03
P-119585,50,grind_deburr,0.2,0.00206,,,2025-09-03
P-119585,60,press_brake,0.8,0.0306,,TS-12GA-2,2025-09-03
P-119585,70,outside_processing,0.0,0.0,V-1077,,2025-09-03
P-119585,80,inspection_pack,0.15,0.00874,,,2025-09-03
P-119586,10,laser,0.2,0.08348,,,2025-07-29
P-119586,20,grind_deburr,0.2,0.00904,,,2025-07-29
P-119586,30,press_brake,1.22,0.08293,,TS-20GA-3,2025-07-29
P-119586,40,weld,0.5,0.115,,,2025-07-29
P-119586,50,grind_deburr,0.2,0.01192,,,2025-07-29
P-119586,60,powder_coat,0.25,0.00545,,,2025-07-29
P-119586,70,inspection_pack,0.15,0.00392,,,2025-07-29
P-119592,10,laser,0.2,0.01457,,,2025-07-17
P-119592,20,grind_deburr,0.2,0.00466,,,2025-07-17
P-119592,30,press_brake,0.59,0.01176,,TS-18GA-1,2025-07-17
P-119592,40,inspection_pack,0.15,0.00806,,,2025-07-17
P-119600,10,laser,0.2,0.01607,,,2025-06-11
P-119600,20,grind_deburr,0.2,0.00233,,,2025-06-11
P-119600,30,press_brake,0.8,0.02748,,TS-12GA-2,2025-06-11
P-119600,40,powder_coat,0.25,0.00112,,,2025-06-11
P-119600,50,inspection_pack,0.15,0.0065,,,2025-06-11
P-119607,10,laser,0.2,0.04521,,,2025-08-23
P-119607,20,press_brake,0.87,0.03672,,TS-16GA-3,2025-08-23
P-119607,30,weld,0.5,0.13788,,,2025-08-23
P-119607,40,grind_deburr,0.2,0.00562,,,2025-08-23
P-119607,50,powder_coat,0.25,0.00176,,,2025-08-23
P-119607,60,outside_processing,0.0,0.0,V-1077,,2025-08-23
P-119607,70,inspection_pack,0.15,0.00986,,,2025-08-23
P-119612,10,laser,0.2,0.03099,,,2025-07-10
P-119612,20,press_brake,0.73,0.03024,,TS-18GA-2,2025-07-10
P-119612,30,weld,0.5,0.10283,,,2025-07-10
P-119612,40,grind_deburr,0.2,0.0048,,,2025-07-10
P-119612,50,press_brake,0.59,0.01512,,TS-18GA-2,2025-07-10
P-119612,60,powder_coat,0.25,0.00561,,,2025-07-10
P-119612,70,inspection_pack,0.15,0.00594,,,2025-07-10
P-119614,10,punch,0.5,0.02315,,,2025-07-08
P-119614,20,grind_deburr,0.2,0.00219,,,2025-07-08
P-119614,30,press_brake,0.66,0.01908,,TS-14GA-1,2025-07-08
P-119614,40,robotic_weld,1.2,0.04325,,,2025-07-08
P-119614,50,grind_deburr,0.2,0.00397,,,2025-07-08
P-119614,60,outside_processing,0.0,0.0,V-1040,,2025-07-08
P-119614,70,inspection_pack,0.15,0.00605,,,2025-07-08
P-119618,10,laser,0.2,0.02174,,,2025-08-06
P-119618,20,press_brake,0.8,0.02988,,TS-14GA-1,2025-08-06
P-119618,30,hardware,0.25,0.01359,,,2025-08-06
P-119618,40,outside_processing,0.0,0.0,V-1040,,2025-08-06
P-119618,50,inspection_pack,0.15,0.00874,,,2025-08-06
P-119626,10,laser,0.2,0.0148,,,2025-06-13
P-119626,20,grind_deburr,0.2,0.00192,,,2025-06-13
P-119626,30,press_brake,0.52,0.00516,,TS-14GA-1,2025-06-13
P-119626,40,hardware,0.25,0.01445,,,2025-06-13
P-119626,50,powder_coat,0.25,0.00176,,,2025-06-13
P-119626,60,inspection_pack,0.15,0.00437,,,2025-06-13
P-119640,10,punch,0.5,0.00639,,,2025-07-24
P-119640,20,grind_deburr,0.2,0.00178,,,2025-07-24
P-119640,30,press_brake,0.66,0.0156,,TS-14GA-1,2025-07-24
P-119640,40,inspection_pack,0.15,0.00851,,,2025-07-24
P-119643,10,laser,0.2,0.12858,,,2025-06-13
P-119643,20,grind_deburr,0.2,0.01165,,,2025-06-13
P-119643,30,press_brake,0.94,0.06829,,TS-18GA-2,2025-06-13
P-119643,40,inspection_pack,0.15,0.00482,,,2025-06-13
P-119651,10,laser,0.2,0.04382,,,2025-07-31
P-119651,20,grind_deburr,0.2,0.00726,,,2025-07-31
P-119651,30,press_brake,1.22,0.08437,,TS-12GA-2,2025-07-31
P-119651,40,hardware,0.25,0.01347,,,2025-07-31
P-119651,50,robotic_weld,1.2,0.08452,,,2025-07-31
P-119651,60,grind_deburr,0.2,0.0085,,,2025-07-31
P-119651,70,outside_processing,0.0,0.0,V-1040,,2025-07-31
P-119651,80,inspection_pack,0.15,0.00426,,,2025-07-31
P-119657,10,laser,0.2,0.01838,,,2025-07-08
P-119657,20,press_brake,0.8,0.02784,,TS-18GA-3,2025-07-08
P-119657,30,hardware,0.25,0.01776,,,2025-07-08
P-119657,40,weld,0.5,0.03997,,,2025-07-08
P-119657,50,grind_deburr,0.2,0.00356,,,2025-07-08
P-119657,60,outside_processing,0.0,0.0,V-1077,,2025-07-08
P-119657,70,inspection_pack,0.15,0.00672,,,2025-07-08
P-119660,10,laser,0.2,0.01203,,,2025-10-08
P-119660,20,press_brake,0.87,0.03408,,TS-20GA-3,2025-10-08
P-119660,30,powder_coat,0.25,0.00321,,,2025-10-08
P-119660,40,inspection_pack,0.15,0.00918,,,2025-10-08
P-119664,10,laser,0.2,0.02995,,,2025-08-13
P-119664,20,press_brake,1.01,0.05137,,TS-16GA-2,2025-08-13
P-119664,30,robotic_weld,1.2,0.03377,,,2025-08-13
P-119664,40,grind_deburr,0.2,0.00397,,,2025-08-13
P-119664,50,powder_coat,0.25,0.0069,,,2025-08-13
P-119664,60,assembly,0.3,0.06142,,,2025-08-13
P-119664,70,inspection_pack,0.15,0.00571,,,2025-08-13
P-119671,10,laser,0.2,0.0133,,,2025-06-18
P-119671,20,grind_deburr,0.2,0.00151,,,2025-06-18
P-119671,30,press_brake,0.59,0.01032,,TS-14GA-3,2025-06-18
P-119671,40,hardware,0.25,0.0229,,,2025-06-18
P-119671,50,inspection_pack,0.15,0.00784,,,2025-06-18
P-119675,10,punch,0.5,0.03032,,,2025-06-17
P-119675,20,grind_deburr,0.2,0.0085,,,2025-06-17
P-119675,30,press_brake,0.8,0.033,,TS-16GA-1,2025-06-17
P-119675,40,inspection_pack,0.15,0.00661,,,2025-06-17
P-119682,10,laser,0.2,0.02104,,,2025-06-17
P-119682,20,grind_deburr,0.2,0.00164,,,2025-06-17
P-119682,30,press_brake,0.87,0.03336,,TS-12GA-3,2025-06-17
P-119682,40,powder_coat,0.25,0.00209,,,2025-06-17
P-119682,50,assembly,0.3,0.06197,,,2025-06-17
P-119682,60,inspection_pack,0.15,0.0037,,,2025-06-17
P-119689,10,laser,0.2,0.02012,,,2025-06-17
P-119689,20,press_brake,0.66,0.01716,,TS-16GA-2,2025-06-17
P-119689,30,outside_processing,0.0,0.0,V-1102,,2025-06-17
P-119689,40,powder_coat,0.25,0.00209,,,2025-06-17
P-119689,50,inspection_pack,0.15,0.00974,,,2025-06-17
P-119695,10,laser,0.2,0.16639,,,2025-07-18
P-119695,20,grind_deburr,0.2,0.02179,,,2025-07-18
P-119695,30,press_brake,0.73,0.04284,,TS-20GA-3,2025-07-18
P-119695,40,press_brake,0.59,0.02148,,TS-20GA-3,2025-07-18
P-119695,50,inspection_pack,0.15,0.00941,,,2025-07-18
P-119696,10,punch,0.5,0.00959,,,2025-08-16
P-119696,20,grind_deburr,0.2,0.00411,,,2025-08-16
P-119696,30,press_brake,0.73,0.02628,,TS-0.250IN-1,2025-08-16
P-119696,40,inspection_pack,0.15,0.00392,,,2025-08-16
P-119698,10,laser,0.2,0.01827,,,2025-06-23
P-119698,20,grind_deburr,0.2,0.00082,,,2025-06-23
P-119698,30,press_brake,0.73,0.02076,,TS-18GA-3,2025-06-23
P-119698,40,hardware,0.25,0.01273,,,2025-06-23
P-119698,50,powder_coat,0.25,0.00209,,,2025-06-23
P-119698,60,inspection_pack,0.15,0.00672,,,2025-06-23
P-119706,10,punch,0.5,0.01792,,,2025-06-19
P-119706,20,press_brake,0.87,0.04872,,TS-20GA-3,2025-06-19
P-119706,30,hardware,0.25,0.02902,,,2025-06-19
P-119706,40,robotic_weld,1.2,0.0416,,,2025-06-19
P-119706,50,grind_deburr,0.2,0.00822,,,2025-06-19
P-119706,60,inspection_pack,0.15,0.00482,,,2025-06-19
P-119712,10,punch,0.5,0.00659,,,2025-06-20
P-119712,20,grind_deburr,0.2,0.00123,,,2025-06-20
P-119712,30,press_brake,0.87,0.03264,,TS-14GA-3,2025-06-20
P-119712,40,hardware,0.25,0.02388,,,2025-06-20
P-119712,50,weld,0.5,0.0307,,,2025-06-20
P-119712,60,grind_deburr,0.2,0.00164,,,2025-06-20
P-119712,70,powder_coat,0.25,0.00192,,,2025-06-20
P-119712,80,assembly,0.3,0.02281,,,2025-06-20
P-119712,90,inspection_pack,0.15,0.00358,,,2025-06-20
P-119720,10,laser,0.2,0.01515,,,2025-09-17
P-119720,20,press_brake,0.59,0.01032,,TS-14GA-2,2025-09-17
P-119720,30,hardware,0.25,0.01629,,,2025-09-17
P-119720,40,powder_coat,0.25,0.00225,,,2025-09-17
P-119720,50,inspection_pack,0.15,0.00526,,,2025-09-17
P-119730,10,laser,0.2,0.0074,,,2025-06-23
P-119730,20,press_brake,0.66,0.01656,,TS-14GA-2,2025-06-23
P-119730,30,hardware,0.25,0.02804,,,2025-06-23
P-119730,40,outside_processing,0.0,0.0,V-1040,,2025-06-23
P-119730,50,inspection_pack,0.15,0.00549,,,2025-06-23
P-119731,10,laser,0.2,0.00971,,,2025-07-20
P-119731,20,press_brake,1.01,0.04224,,TS-18GA-1,2025-07-20
P-119731,30,weld,0.5,0.01853,,,2025-07-20
P-119731,40,grind_deburr,0.2,0.00206,,,2025-07-20
P-119731,50,inspection_pack,0.15,0.00594,,,2025-07-20
P-119738,10,punch,0.5,0.01376,,,2025-07-31
P-119738,20,grind_deburr,0.2,0.00356,,,2025-07-31
P-119738,30,press_brake,0.87,0.03468,,TS-18GA-3,2025-07-31
P-119738,40,powder_coat,0.25,0.00433,,,2025-07-31
P-119738,50,outside_processing,0.0,0.0,V-1077,,2025-07-31
P-119738,60,inspection_pack,0.15,0.00347,,,2025-07-31
P-119742,10,laser,0.2,0.10233,,,2025-07-29
P-119742,20,grind_deburr,0.2,0.01768,,,2025-07-29
P-119742,30,press_brake,1.22,0.11125,,TS-16GA-1,2025-07-29
P-119742,40,hardware,0.25,0.01751,,,2025-07-29
P-119742,50,weld,0.5,0.13733,,,2025-07-29
P-119742,60,grind_deburr,0.2,0.00644,,,2025-07-29
P-119742,70,powder_coat,0.25,0.02182,,,2025-07-29
P-119742,80,inspection_pack,0.15,0.00504,,,2025-07-29
P-119750,10,punch,0.5,0.08001,,,2025-10-17
P-119750,20,grind_deburr,0.2,0.02316,,,2025-10-17
P-119750,30,press_brake,1.15,0.10045,,TS-20GA-2,2025-10-17
P-119750,40,hardware,0.25,0.02535,,,2025-10-17
P-119750,50,weld,0.5,0.47473,,,2025-10-17
P-119750,60,grind_deburr,0.2,0.01288,,,2025-10-17
P-119750,70,inspection_pack,0.15,0.00515,,,2025-10-17
P-119765,10,laser,0.2,0.02208,,,2025-07-19
P-119765,20,press_brake,0.73,0.02928,,TS-16GA-2,2025-07-19
P-119765,30,weld,0.5,0.12873,,,2025-07-19
P-119765,40,grind_deburr,0.2,0.01069,,,2025-07-19
P-119765,50,powder_coat,0.25,0.00433,,,2025-07-19
P-119765,60,inspection_pack,0.15,0.00739,,,2025-07-19
P-119773,10,laser,0.2,0.0185,,,2025-08-07
P-119773,20,grind_deburr,0.2,0.00178,,,2025-08-07
P-119773,30,press_brake,0.73,0.02076,,TS-18GA-1,2025-08-07
P-119773,40,hardware,0.25,0.01249,,,2025-08-07
P-119773,50,inspection_pack,0.15,0.00851,,,2025-08-07
P-119784,10,laser,0.2,0.00809,,,2025-07-21
P-119784,20,grind_deburr,0.2,0.00233,,,2025-07-21
P-119784,30,press_brake,0.52,0.00516,,TS-20GA-3,2025-07-21
P-119784,40,inspection_pack,0.15,0.00717,,,2025-07-21
P-119788,10,laser,0.2,0.0666,,,2025-07-22
P-119788,20,grind_deburr,0.2,0.01137,,,2025-07-22
P-119788,30,press_brake,0.73,0.03708,,TS-0.250IN-2,2025-07-22
P-119788,40,hardware,0.25,0.02608,,,2025-07-22
P-119788,50,weld,0.5,0.29989,,,2025-07-22
P-119788,60,grind_deburr,0.2,0.01041,,,2025-07-22
P-119788,70,assembly,0.3,0.06756,,,2025-07-22
P-119788,80,inspection_pack,0.15,0.0047,,,2025-07-22
P-119795,10,laser,0.2,0.07932,,,2025-08-02
P-119795,20,grind_deburr,0.2,0.00452,,,2025-08-02
P-119795,30,press_brake,0.8,0.03756,,TS-11GA-2,2025-08-02
P-119795,40,powder_coat,0.25,0.00995,,,2025-08-02
P-119795,50,inspection_pack,0.15,0.00874,,,2025-08-02
P-119803,10,laser,0.2,0.00971,,,2025-07-24
P-119803,20,grind_deburr,0.2,0.00151,,,2025-07-24
P-119803,30,press_brake,0.52,0.00516,,TS-14GA-2,2025-07-24
P-119803,40,hardware,0.25,0.024,,,2025-07-24
P-119803,50,robotic_weld,1.2,0.01688,,,2025-07-24
P-119803,60,grind_deburr,0.2,0.00233,,,2025-07-24
P-119803,70,powder_coat,0.25,0.00112,,,2025-07-24
P-119803,80,inspection_pack,0.15,0.00829,,,2025-07-24
P-119805,10,punch,0.5,0.02015,,,2025-11-27
P-119805,20,press_brake,0.73,0.03756,,TS-12GA-2,2025-11-27
P-119805,30,weld,0.5,0.08731,,,2025-11-27
P-119805,40,grind_deburr,0.2,0.01781,,,2025-11-27
P-119805,50,outside_processing,0.0,0.0,V-1077,,2025-11-27
P-119805,60,assembly,0.3,0.07283,,,2025-11-27
P-119805,70,inspection_pack,0.15,0.0065,,,2025-11-27
P-119812,10,laser,0.2,0.05088,,,2025-08-21
P-119812,20,grind_deburr,0.2,0.00685,,,2025-08-21
P-119812,30,press_brake,1.01,0.05365,,TS-16GA-2,2025-08-21
P-119812,40,assembly,0.3,0.10156,,,2025-08-21
P-119812,50,inspection_pack,0.15,0.00773,,,2025-08-21
P-119819,10,laser,0.2,0.0533,,,2025-06-30
P-119819,20,grind_deburr,0.2,0.01836,,,2025-06-30
P-119819,30,press_brake,0.66,0.027,,TS-18GA-1,2025-06-30
P-119819,40,hardware,0.25,0.01739,,,2025-06-30
P-119819,50,weld,0.5,0.38407,,,2025-06-30
P-119819,60,grind_deburr,0.2,0.0185,,,2025-06-30
P-119819,70,powder_coat,0.25,0.00914,,,2025-06-30
P-119819,80,assembly,0.3,0.02073,,,2025-06-30
P-119819,90,inspection_pack,0.15,0.00683,,,2025-06-30
P-119821,10,laser,0.2,0.09574,,,2025-07-23
P-119821,20,grind_deburr,0.2,0.00959,,,2025-07-23
P-119821,30,press_brake,1.15,0.07969,,TS-16GA-3,2025-07-23
P-119821,40,hardware,0.25,0.01298,,,2025-07-23
P-119821,50,inspection_pack,0.15,0.00437,,,2025-07-23
P-119828,10,laser,0.2,0.01283,,,2025-08-29
P-119828,20,grind_deburr,0.2,0.00219,,,2025-08-29
P-119828,30,press_brake,0.59,0.01032,,TS-16GA-3,2025-08-29
P-119828,40,hardware,0.25,0.01396,,,2025-08-29
P-119828,50,powder_coat,0.25,0.00225,,,2025-08-29
P-119828,60,inspection_pack,0.15,0.00963,,,2025-08-29
P-119829,10,laser,0.2,0.06325,,,2025-11-30
P-119829,20,grind_deburr,0.2,0.00397,,,2025-11-30
P-119829,30,press_brake,0.8,0.03552,,TS-14GA-1,2025-11-30
P-119829,40,hardware,0.25,0.02253,,,2025-11-30
P-119829,50,outside_processing,0.0,0.0,V-1077,,2025-11-30
P-119829,60,inspection_pack,0.15,0.00549,,,2025-11-30
P-119836,10,punch,0.5,0.0062,,,2025-07-26
P-119836,20,press_brake,0.59,0.01032,,TS-14GA-1,2025-07-26
P-119836,30,inspection_pack,0.15,0.00806,,,2025-07-26
P-119844,10,laser,0.2,0.02775,,,2025-09-01
P-119844,20,grind_deburr,0.2,0.00904,,,2025-09-01
P-119844,30,press_brake,0.66,0.02304,,TS-12GA-3,2025-09-01
P-119844,40,hardware,0.25,0.01922,,,2025-09-01
P-119844,50,powder_coat,0.25,0.00481,,,2025-09-01
P-119844,60,assembly,0.3,0.06307,,,2025-09-01
P-119844,70,inspection_pack,0.15,0.00874,,,2025-09-01
P-119847,10,laser,0.2,0.03157,,,2025-07-07
P-119847,20,grind_deburr,0.2,0.0048,,,2025-07-07
P-119847,30,press_brake,0.87,0.04452,,TS-14GA-3,2025-07-07
P-119847,40,weld,0.5,0.18935,,,2025-07-07
P-119847,50,grind_deburr,0.2,0.0122,,,2025-07-07
P-119847,60,inspection_pack,0.15,0.01042,,,2025-07-07
P-119852,10,laser,0.2,0.00856,,,2025-08-03
P-119852,20,grind_deburr,0.2,0.00233,,,2025-08-03
P-119852,30,press_brake,0.66,0.0156,,TS-14GA-1,2025-08-03
P-119852,40,inspection_pack,0.15,0.00918,,,2025-08-03
P-119861,10,laser,0.2,0.01179,,,2025-08-18
P-119861,20,press_brake,0.87,0.03432,,TS-14GA-1,2025-08-18
P-119861,30,inspection_pack,0.15,0.00773,,,2025-08-18
P-119869,10,laser,0.2,0.01792,,,2025-07-31
P-119869,20,press_brake,0.59,0.01032,,TS-0.125IN-3,2025-07-31
P-119869,30,inspection_pack,0.15,0.0047,,,2025-07-31
P-119876,10,laser,0.2,0.03353,,,2025-08-24
P-119876,20,grind_deburr,0.2,0.00178,,,2025-08-24
P-119876,30,press_brake,0.8,0.02904,,TS-11GA-3,2025-08-24
P-119876,40,assembly,0.3,0.07359,,,2025-08-24
P-119876,50,inspection_pack,0.15,0.00717,,,2025-08-24
P-119877,10,laser,0.2,0.05307,,,2025-07-15
P-119877,20,grind_deburr,0.2,0.00288,,,2025-07-15
P-119877,30,press_brake,1.22,0.07585,,TS-18GA-1,2025-07-15
P-119877,40,hardware,0.25,0.02192,,,2025-07-15
P-119877,50,robotic_weld,1.2,0.02185,,,2025-07-15
P-119877,60,grind_deburr,0.2,0.00356,,,2025-07-15
P-119877,70,assembly,0.3,0.09718,,,2025-07-15
P-119877,80,inspection_pack,0.15,0.01019,,,2025-07-15
P-119886,10,punch,0.5,0.01056,,,2025-07-16
P-119886,20,grind_deburr,0.2,0.00411,,,2025-07-16
P-119886,30,press_brake,0.59,0.01128,,TS-14GA-2,2025-07-16
P-119886,40,weld,0.5,0.09557,,,2025-07-16
P-119886,50,grind_deburr,0.2,0.00329,,,2025-07-16
P-119886,60,inspection_pack,0.15,0.00269,,,2025-07-16
P-119902,10,laser,0.2,0.01445,,,2025-07-16
P-119902,20,grind_deburr,0.2,0.00247,,,2025-07-16
P-119902,30,press_brake,0.52,0.00516,,TS-16GA-3,2025-07-16
P-119902,40,inspection_pack,0.15,0.00314,,,2025-07-16
P-119909,10,laser,0.2,0.10048,,,2025-10-17
P-119909,20,grind_deburr,0.2,0.0122,,,2025-10-17
P-119909,30,press_brake,0.94,0.05641,,TS-16GA-1,2025-10-17
P-119909,40,hardware,0.25,0.01151,,,2025-10-17
P-119909,50,weld,0.5,0.25098,,,2025-10-17
P-119909,60,grind_deburr,0.2,0.00822,,,2025-10-17
P-119909,70,outside_processing,0.0,0.0,V-1040,,2025-10-17
P-119909,80,assembly,0.3,0.05681,,,2025-10-17
P-119909,90,inspection_pack,0.15,0.00706,,,2025-10-17
P-119916,10,laser,0.2,0.01619,,,2025-12-22
P-119916,20,grind_deburr,0.2,0.00137,,,2025-12-22
P-119916,30,press_brake,0.66,0.0156,,TS-14GA-2,2025-12-22
P-119916,40,weld,0.5,0.01005,,,2025-12-22
P-119916,50,grind_deburr,0.2,0.00206,,,2025-12-22
P-119916,60,powder_coat,0.25,0.00128,,,2025-12-22
P-119916,70,inspection_pack,0.15,0.0075,,,2025-12-22
P-119919,10,laser,0.2,0.02683,,,2025-07-17
P-119919,20,grind_deburr,0.2,0.00562,,,2025-07-17
P-119919,30,press_brake,1.01,0.04824,,TS-14GA-1,2025-07-17
P-119919,40,weld,0.5,0.0949,,,2025-07-17
P-119919,50,grind_deburr,0.2,0.00617,,,2025-07-17
P-119919,60,inspection_pack,0.15,0.00594,,,2025-07-17
P-119920,10,punch,0.5,0.00688,,,2025-09-04
P-119920,20,press_brake,0.73,0.02076,,TS-16GA-2,2025-09-04
P-119920,30,hardware,0.25,0.00992,,,2025-09-04
P-119920,40,weld,0.5,0.05806,,,2025-09-04
P-119920,50,grind_deburr,0.2,0.00233,,,2025-09-04
P-119920,60,powder_coat,0.25,0.00241,,,2025-09-04
P-119920,70,inspection_pack,0.15,0.00437,,,2025-09-04
P-119923,10,laser,0.2,0.00809,,,2025-08-26
P-119923,20,press_brake,0.87,0.03204,,TS-12GA-3,2025-08-26
P-119923,30,powder_coat,0.25,0.00321,,,2025-08-26
P-119923,40,inspection_pack,0.15,0.00515,,,2025-08-26
P-119934,10,laser,0.2,0.02012,,,2025-08-29
P-119934,20,grind_deburr,0.2,0.00192,,,2025-08-29
P-119934,30,press_brake,0.87,0.0342,,TS-12GA-1,2025-08-29
P-119934,40,hardware,0.25,0.02057,,,2025-08-29
P-119934,50,inspection_pack,0.15,0.00538,,,2025-08-29
P-119937,10,laser,0.2,0.02081,,,2025-07-22
P-119937,20,grind_deburr,0.2,0.00206,,,2025-07-22
P-119937,30,press_brake,0.8,0.02976,,TS-18GA-2,2025-07-22
P-119937,40,hardware,0.25,0.01188,,,2025-07-22
P-119937,50,weld,0.5,0.06219,,,2025-07-22
P-119937,60,grind_deburr,0.2,0.00288,,,2025-07-22
P-119937,70,press_brake,0.73,0.02376,,TS-18GA-2,2025-07-22
P-119937,80,powder_coat,0.25,0.00176,,,2025-07-22
P-119937,90,inspection_pack,0.15,0.00437,,,2025-07-22
P-119943,10,laser,0.2,0.00798,,,2025-11-16
P-119943,20,grind_deburr,0.2,0.00082,,,2025-11-16
P-119943,30,press_brake,0.8,0.02592,,TS-16GA-3,2025-11-16
P-119943,40,weld,0.5,0.04097,,,2025-11-16
P-119943,50,grind_deburr,0.2,0.00274,,,2025-11-16
P-119943,60,powder_coat,0.25,0.0016,,,2025-11-16
P-119943,70,inspection_pack,0.15,0.00515,,,2025-11-16
P-119957,10,punch,0.5,0.02809,,,2025-09-10
P-119957,20,grind_deburr,0.2,0.00959,,,2025-09-10
P-119957,30,press_brake,0.59,0.01428,,TS-12GA-1,2025-09-10
P-119957,40,hardware,0.25,0.00955,,,2025-09-10
P-119957,50,powder_coat,0.25,0.00577,,,2025-09-10
P-119957,60,inspection_pack,0.15,0.00538,,,2025-09-10
P-119961,10,laser,0.2,0.00994,,,2025-09-07
P-119961,20,press_brake,0.73,0.02076,,TS-12GA-2,2025-09-07
P-119961,30,powder_coat,0.25,0.00209,,,2025-09-07
P-119961,40,inspection_pack,0.15,0.00806,,,2025-09-07
P-119966,10,laser,0.2,0.08857,,,2025-07-22
P-119966,20,press_brake,0.73,0.03276,,TS-20GA-3,2025-07-22
P-119966,30,hardware,0.25,0.01984,,,2025-07-22
P-119966,40,assembly,0.3,0.10584,,,2025-07-22
P-119966,50,inspection_pack,0.15,0.0028,,,2025-07-22
P-119971,10,laser,0.2,0.00902,,,2025-08-11
P-119971,20,press_brake,0.66,0.0156,,TS-18GA-1,2025-08-11
P-119971,30,inspection_pack,0.15,0.01031,,,2025-08-11
P-119973,10,punch,0.5,0.00717,,,2025-08-28
P-119973,20,press_brake,0.87,0.03516,,TS-18GA-1,2025-08-28
P-119973,30,hardware,0.25,0.02571,,,2025-08-28
P-119973,40,powder_coat,0.25,0.00385,,,2025-08-28
P-119973,50,inspection_pack,0.15,0.00269,,,2025-08-28
P-119979,10,laser,0.2,0.03099,,,2025-08-20
P-119979,20,grind_deburr,0.2,0.00548,,,2025-08-20
P-119979,30,press_brake,0.8,0.02964,,TS-16GA-3,2025-08-20
P-119979,40,hardware,0.25,0.00906,,,2025-08-20
P-119979,50,weld,0.5,0.08362,,,2025-08-20
P-119979,60,grind_deburr,0.2,0.00534,,,2025-08-20
P-119979,70,inspection_pack,0.15,0.00986,,,2025-08-20
P-119980,10,laser,0.2,0.00659,,,2025-09-17
P-119980,20,press_brake,0.66,0.0156,,TS-12GA-2,2025-09-17
P-119980,30,hardware,0.25,0.01322,,,2025-09-17
P-119980,40,inspection_pack,0.15,0.00784,,,2025-09-17
P-119983,10,laser,0.2,0.01168,,,2025-09-04
P-119983,20,grind_deburr,0.2,0.00274,,,2025-09-04
P-119983,30,press_brake,0.73,0.02076,,TS-16GA-1,2025-09-04
P-119983,40,hardware,0.25,0.02657,,,2025-09-04
P-119983,50,inspection_pack,0.15,0.00269,,,2025-09-04
P-119986,10,laser,0.2,0.01249,,,2025-09-20
P-119986,20,grind_deburr,0.2,0.0026,,,2025-09-20
P-119986,30,press_brake,0.59,0.01032,,TS-12GA-3,2025-09-20
P-119986,40,hardware,0.25,0.01127,,,2025-09-20
P-119986,50,powder_coat,0.25,0.00096,,,2025-09-20
P-119986,60,inspection_pack,0.15,0.00426,,,2025-09-20
P-119987,10,laser,0.2,0.01214,,,2025-10-09
P-119987,20,grind_deburr,0.2,0.00206,,,2025-10-09
P-119987,30,press_brake,0.94,0.03636,,TS-20GA-2,2025-10-09
P-119987,40,weld,0.5,0.05661,,,2025-10-09
P-119987,50,grind_deburr,0.2,0.00274,,,2025-10-09
P-119987,60,inspection_pack,0.15,0.00829,,,2025-10-09
P-120001,10,laser,0.2,0.07331,,,2025-10-05
P-120001,20,grind_deburr,0.2,0.01699,,,2025-10-05
P-120001,30,press_brake,0.94,0.07645,,TS-14GA-3,2025-10-05
P-120001,40,hardware,0.25,0.01127,,,2025-10-05
P-120001,50,robotic_weld,1.2,0.06389,,,2025-10-05
P-120001,60,grind_deburr,0.2,0.01836,,,2025-10-05
P-120001,70,outside_processing,0.0,0.0,V-1040,,2025-10-05
P-120001,80,inspection_pack,0.15,0.00638,,,2025-10-05
P-120002,10,laser,0.2,0.01457,,,2025-07-30
P-120002,20,grind_deburr,0.2,0.00164,,,2025-07-30
P-120002,30,press_brake,0.73,0.02292,,TS-0.125IN-3,2025-07-30
P-120002,40,hardware,0.25,0.01114,,,2025-07-30
P-120002,50,outside_processing,0.0,0.0,V-1040,,2025-07-30
P-120002,60,inspection_pack,0.15,0.00594,,,2025-07-30
P-120003,10,laser,0.2,0.03619,,,2025-08-20
P-120003,20,grind_deburr,0.2,0.0063,,,2025-08-20
P-120003,30,press_brake,0.73,0.02832,,TS-12GA-1,2025-08-20
P-120003,40,hardware,0.25,0.00869,,,2025-08-20
P-120003,50,weld,0.5,0.05404,,,2025-08-20
P-120003,60,grind_deburr,0.2,0.00274,,,2025-08-20
P-120003,70,inspection_pack,0.15,0.00683,,,2025-08-20
P-120005,10,laser,0.2,0.0185,,,2025-09-27
P-120005,20,grind_deburr,0.2,0.00123,,,2025-09-27
P-120005,30,press_brake,0.52,0.00516,,TS-14GA-2,2025-09-27
P-120005,40,powder_coat,0.25,0.00273,,,2025-09-27
P-120005,50,inspection_pack,0.15,0.00482,,,2025-09-27
P-120006,10,laser,0.2,0.0348,,,2025-08-01
P-120006,20,press_brake,1.36,0.09637,,TS-11GA-3,2025-08-01
P-120006,30,outside_processing,0.0,0.0,V-1040,,2025-08-01
P-120006,40,inspection_pack,0.15,0.00493,,,2025-08-01
P-120008,10,laser,0.2,0.02313,,,2025-09-04
P-120008,20,grind_deburr,0.2,0.00493,,,2025-09-04
P-120008,30,press_brake,0.73,0.02604,,TS-16GA-2,2025-09-04
P-120008,40,hardware,0.25,0.01947,,,2025-09-04
P-120008,50,robotic_weld,1.2,0.03961,,,2025-09-04
P-120008,60,grind_deburr,0.2,0.00589,,,2025-09-04
P-120008,70,powder_coat,0.25,0.00209,,,2025-09-04
P-120008,80,inspection_pack,0.15,0.00336,,,2025-09-04
P-120014,10,punch,0.5,0.02286,,,2025-09-12
P-120014,20,grind_deburr,0.2,0.00439,,,2025-09-12
P-120014,30,press_brake,1.01,0.05557,,TS-14GA-1,2025-09-12
P-120014,40,weld,0.5,0.07335,,,2025-09-12
P-120014,50,grind_deburr,0.2,0.01014,,,2025-09-12
P-120014,60,inspection_pack,0.15,0.00594,,,2025-09-12
P-120019,10,laser,0.2,0.0755,,,2025-09-01
P-120019,20,grind_deburr,0.2,0.00973,,,2025-09-01
P-120019,30,press_brake,0.66,0.0222,,TS-12GA-2,2025-09-01
P-120019,40,hardware,0.25,0.0289,,,2025-09-01
P-120019,50,powder_coat,0.25,0.00658,,,2025-09-01
P-120019,60,assembly,0.3,0.09005,,,2025-09-01
P-120019,70,inspection_pack,0.15,0.00997,,,2025-09-01
P-120024,10,laser,0.2,0.00717,,,2025-10-28
P-120024,20,press_brake,0.73,0.02076,,TS-18GA-2,2025-10-28
P-120024,30,robotic_weld,1.2,0.01368,,,2025-10-28
P-120024,40,grind_deburr,0.2,0.00247,,,2025-10-28
P-120024,50,outside_processing,0.0,0.0,V-1040,,2025-10-28
P-120024,60,inspection_pack,0.15,0.00515,,,2025-10-28
P-120032,10,laser,0.2,0.08129,,,2025-08-04
P-120032,20,grind_deburr,0.2,0.01014,,,2025-08-04
P-120032,30,press_brake,1.08,0.08329,,TS-0.125IN-1,2025-08-04
P-120032,40,hardware,0.25,0.00735,,,2025-08-04
P-120032,50,powder_coat,0.25,0.00834,,,2025-08-04
P-120032,60,assembly,0.3,0.0657,,,2025-08-04
P-120032,70,inspection_pack,0.15,0.00661,,,2025-08-04
P-120040,10,laser,0.2,0.01723,,,2025-08-29
P-120040,20,grind_deburr,0.2,0.00164,,,2025-08-29
P-120040,30,press_brake,0.52,0.00516,,TS-16GA-3,2025-08-29
P-120040,40,hardware,0.25,0.02571,,,2025-08-29
P-120040,50,inspection_pack,0.15,0.00784,,,2025-08-29
P-120047,10,laser,0.2,0.01087,,,2025-10-02
P-120047,20,grind_deburr,0.2,0.00123,,,2025-10-02
P-120047,30,press_brake,0.59,0.01032,,TS-14GA-3,2025-10-02
P-120047,40,outside_processing,0.0,0.0,V-1040,,2025-10-02
P-120047,50,inspection_pack,0.15,0.00549,,,2025-10-02
P-120050,10,punch,0.5,0.02286,,,2025-11-22
P-120050,20,press_brake,0.94,0.04488,,TS-14GA-1,2025-11-22
P-120050,30,weld,0.5,0.01998,,,2025-11-22
P-120050,40,grind_deburr,0.2,0.00178,,,2025-11-22
P-120050,50,inspection_pack,0.15,0.00806,,,2025-11-22
P-120053,10,laser,0.2,0.01873,,,2025-10-29
P-120053,20,grind_deburr,0.2,0.00288,,,2025-10-29
P-120053,30,press_brake,0.8,0.02832,,TS-20GA-2,2025-10-29
P-120053,40,powder_coat,0.25,0.00433,,,2025-10-29
P-120053,50,inspection_pack,0.15,0.00851,,,2025-10-29
P-120056,10,punch,0.5,0.04427,,,2025-09-23
P-120056,20,grind_deburr,0.2,0.00425,,,2025-09-23
P-120056,30,press_brake,0.73,0.0306,,TS-18GA-3,2025-09-23
P-120056,40,weld,0.5,0.07045,,,2025-09-23
P-120056,50,grind_deburr,0.2,0.00754,,,2025-09-23
P-120056,60,powder_coat,0.25,0.00658,,,2025-09-23
P-120056,70,inspection_pack,0.15,0.00963,,,2025-09-23
P-120058,10,laser,0.2,0.02139,,,2025-09-17
P-120058,20,grind_deburr,0.2,0.00699,,,2025-09-17
P-120058,30,press_brake,0.73,0.02556,,TS-0.125IN-3,2025-09-17
P-120058,40,hardware,0.25,0.01824,,,2025-09-17
P-120058,50,powder_coat,0.25,0.00337,,,2025-09-17
P-120058,60,assembly,0.3,0.10277,,,2025-09-17
P-120058,70,inspection_pack,0.15,0.0093,,,2025-09-17
P-120063,10,laser,0.2,0.0348,,,2025-09-11
P-120063,20,grind_deburr,0.2,0.00343,,,2025-09-11
P-120063,30,press_brake,0.73,0.02688,,TS-16GA-1,2025-09-11
P-120063,40,hardware,0.25,0.02143,,,2025-09-11
P-120063,50,powder_coat,0.25,0.00273,,,2025-09-11
P-120063,60,inspection_pack,0.15,0.00986,,,2025-09-11
P-120071,10,laser,0.2,0.01538,,,2025-10-03
P-120071,20,grind_deburr,0.2,0.00343,,,2025-10-03
P-120071,30,press_brake,0.8,0.02652,,TS-16GA-2,2025-10-03
P-120071,40,hardware,0.25,0.01678,,,2025-10-03
P-120071,50,powder_coat,0.25,0.00096,,,2025-10-03
P-120071,60,inspection_pack,0.15,0.0075,,,2025-10-03
P-120079,10,laser,0.2,0.04926,,,2025-09-03
P-120079,20,press_brake,0.73,0.02652,,TS-12GA-2,2025-09-03
P-120079,30,weld,0.5,0.03316,,,2025-09-03
P-120079,40,grind_deburr,0.2,0.00726,,,2025-09-03
P-120079,50,inspection_pack,0.15,0.00515,,,2025-09-03
P-120091,10,laser,0.2,0.06244,,,2025-09-15
P-120091,20,grind_deburr,0.2,0.0111,,,2025-09-15
P-120091,30,press_brake,0.94,0.05773,,TS-18GA-1,2025-09-15
P-120091,40,hardware,0.25,0.02437,,,2025-09-15
P-120091,50,assembly,0.3,0.06932,,,2025-09-15
P-120091,60,inspection_pack,0.15,0.0037,,,2025-09-15
P-120099,10,laser,0.2,0.02937,,,2025-09-10
P-120099,20,grind_deburr,0.2,0.00521,,,2025-09-10
P-120099,30,press_brake,0.66,0.01764,,TS-16GA-1,2025-09-10
P-120099,40,powder_coat,0.25,0.00176,,,2025-09-10
P-120099,50,outside_processing,0.0,0.0,V-1077,,2025-09-10
P-120099,60,assembly,0.3,0.04223,,,2025-09-10
P-120099,70,inspection_pack,0.15,0.00907,,,2025-09-10
P-120104,10,laser,0.2,0.01677,,,2025-08-11
P-120104,20,press_brake,0.66,0.0156,,TS-16GA-1,2025-08-11
P-120104,30,robotic_weld,1.2,0.01898,,,2025-08-11
P-120104,40,grind_deburr,0.2,0.00247,,,2025-08-11
P-120104,50,powder_coat,0.25,0.00241,,,2025-08-11
P-120104,60,inspection_pack,0.15,0.01042,,,2025-08-11
P-120109,10,punch,0.5,0.00504,,,2025-09-17
P-120109,20,grind_deburr,0.2,0.00137,,,2025-09-17
P-120109,30,press_brake,0.8,0.02616,,TS-11GA-2,2025-09-17
P-120109,40,powder_coat,0.25,0.00257,,,2025-09-17
P-120109,50,inspection_pack,0.15,0.00504,,,2025-09-17
P-120117,10,punch,0.5,0.06645,,,2025-09-28
P-120117,20,grind_deburr,0.2,0.01028,,,2025-09-28
P-120117,30,press_brake,0.66,0.02748,,TS-20GA-2,2025-09-28
P-120117,40,powder_coat,0.25,0.00481,,,2025-09-28
P-120117,50,assembly,0.3,0.02896,,,2025-09-28
P-120117,60,inspection_pack,0.15,0.00638,,,2025-09-28
P-120119,10,laser,0.2,0.04082,,,2025-09-30
P-120119,20,grind_deburr,0.2,0.00192,,,2025-09-30
P-120119,30,press_brake,0.66,0.01872,,TS-20GA-2,2025-09-30
P-120119,40,inspection_pack,0.15,0.00482,,,2025-09-30
P-120122,10,laser,0.2,0.03596,,,2025-10-10
P-120122,20,press_brake,1.22,0.07153,,TS-18GA-3,2025-10-10
P-120122,30,hardware,0.25,0.01188,,,2025-10-10
P-120122,40,inspection_pack,0.15,0.00829,,,2025-10-10
P-120129,10,punch,0.5,0.0123,,,2025-08-12
P-120129,20,grind_deburr,0.2,0.00726,,,2025-08-12
P-120129,30,press_brake,0.73,0.02868,,TS-16GA-2,2025-08-12
P-120129,40,press_brake,0.59,0.0144,,TS-16GA-2,2025-08-12
P-120129,50,powder_coat,0.25,0.00754,,,2025-08-12
P-120129,60,assembly,0.3,0.04179,,,2025-08-12
P-120129,70,inspection_pack,0.15,0.00627,,,2025-08-12
P-120132,10,punch,0.5,0.0432,,,2025-09-21
P-120132,20,grind_deburr,0.2,0.00822,,,2025-09-21
P-120132,30,press_brake,0.94,0.05869,,TS-16GA-1,2025-09-21
P-120132,40,hardware,0.25,0.00931,,,2025-09-21
P-120132,50,outside_processing,0.0,0.0,V-1077,,2025-09-21
P-120132,60,outside_processing,0.0,0.0,V-1077,,2025-09-21
P-120132,70,assembly,0.3,0.02764,,,2025-09-21
P-120132,80,inspection_pack,0.15,0.00806,,,2025-09-21
P-120134,10,laser,0.2,0.12904,,,2025-09-17
P-120134,20,press_brake,1.01,0.09025,,TS-18GA-3,2025-09-17
P-120134,30,hardware,0.25,0.02829,,,2025-09-17
P-120134,40,robotic_weld,1.2,0.1664,,,2025-09-17
P-120134,50,grind_deburr,0.2,0.02837,,,2025-09-17
P-120134,60,press_brake,0.8,0.05641,,TS-18GA-3,2025-09-17
P-120134,70,assembly,0.3,0.08972,,,2025-09-17
P-120134,80,inspection_pack,0.15,0.00269,,,2025-09-17
P-120135,10,laser,0.2,0.00902,,,2025-09-26
P-120135,20,grind_deburr,0.2,0.00069,,,2025-09-26
P-120135,30,press_brake,0.59,0.01032,,TS-18GA-1,2025-09-26
P-120135,40,robotic_weld,1.2,0.00783,,,2025-09-26
P-120135,50,grind_deburr,0.2,0.00219,,,2025-09-26
P-120135,60,inspection_pack,0.15,0.00963,,,2025-09-26
P-120139,10,laser,0.2,0.04371,,,2025-08-19
P-120139,20,grind_deburr,0.2,0.00233,,,2025-08-19
P-120139,30,press_brake,1.15,0.06241,,TS-16GA-2,2025-08-19
P-120139,40,weld,0.5,0.15106,,,2025-08-19
P-120139,50,grind_deburr,0.2,0.00439,,,2025-08-19
P-120139,60,powder_coat,0.25,0.00385,,,2025-08-19
P-120139,70,inspection_pack,0.15,0.00515,,,2025-08-19
P-120140,10,laser,0.2,0.02555,,,2025-08-14
P-120140,20,grind_deburr,0.2,0.00151,,,2025-08-14
P-120140,30,press_brake,1.01,0.04668,,TS-12GA-1,2025-08-14
P-120140,40,hardware,0.25,0.01935,,,2025-08-14
P-120140,50,weld,0.5,0.1102,,,2025-08-14
P-120140,60,grind_deburr,0.2,0.00288,,,2025-08-14
P-120140,70,inspection_pack,0.15,0.00549,,,2025-08-14
P-120147,10,punch,0.5,0.00746,,,2025-08-14
P-120147,20,grind_deburr,0.2,0.00288,,,2025-08-14
P-120147,30,press_brake,0.73,0.021,,TS-18GA-3,2025-08-14
P-120147,40,outside_processing,0.0,0.0,V-1040,,2025-08-14
P-120147,50,inspection_pack,0.15,0.00661,,,2025-08-14
P-120152,10,punch,0.5,0.03061,,,2025-09-21
P-120152,20,grind_deburr,0.2,0.0063,,,2025-09-21
P-120152,30,press_brake,0.87,0.04236,,TS-18GA-2,2025-09-21
P-120152,40,hardware,0.25,0.01873,,,2025-09-21
P-120152,50,robotic_weld,1.2,0.02328,,,2025-09-21
P-120152,60,grind_deburr,0.2,0.01041,,,2025-09-21
P-120152,70,inspection_pack,0.15,0.00773,,,2025-09-21
P-120160,10,punch,0.5,0.04533,,,2025-12-28
P-120160,20,press_brake,0.8,0.04356,,TS-16GA-1,2025-12-28
P-120160,30,powder_coat,0.25,0.01668,,,2025-12-28
P-120160,40,inspection_pack,0.15,0.00448,,,2025-12-28
P-120163,10,laser,0.2,0.01838,,,2025-08-18
P-120163,20,grind_deburr,0.2,0.00178,,,2025-08-18
P-120163,30,press_brake,0.52,0.00516,,TS-18GA-1,2025-08-18
P-120163,40,powder_coat,0.25,0.00176,,,2025-08-18
P-120163,50,inspection_pack,0.15,0.0037,,,2025-08-18
P-120167,10,laser,0.2,0.02047,,,2025-08-19
P-120167,20,grind_deburr,0.2,0.00466,,,2025-08-19
P-120167,30,press_brake,0.73,0.024,,TS-14GA-1,2025-08-19
P-120167,40,powder_coat,0.25,0.00433,,,2025-08-19
P-120167,50,assembly,0.3,0.09049,,,2025-08-19
P-120167,60,inspection_pack,0.15,0.00851,,,2025-08-19
P-120168,10,laser,0.2,0.02347,,,2025-08-19
P-120168,20,press_brake,0.66,0.01644,,TS-16GA-3,2025-08-19
P-120168,30,powder_coat,0.25,0.00337,,,2025-08-19
P-120168,40,inspection_pack,0.15,0.00526,,,2025-08-19
P-120172,10,laser,0.2,0.00682,,,2025-09-25
P-120172,20,grind_deburr,0.2,0.0011,,,2025-09-25
P-120172,30,press_brake,0.94,0.03636,,TS-16GA-2,2025-09-25
P-120172,40,hardware,0.25,0.02229,,,2025-09-25
P-120172,50,weld,0.5,0.00893,,,2025-09-25
P-120172,60,grind_deburr,0.2,0.00069,,,2025-09-25
P-120172,70,inspection_pack,0.15,0.00459,,,2025-09-25
P-120174,10,laser,0.2,0.01179,,,2025-10-13
P-120174,20,grind_deburr,0.2,0.00082,,,2025-10-13
P-120174,30,press_brake,0.52,0.00516,,TS-14GA-3,2025-10-13
P-120174,40,powder_coat,0.25,0.00096,,,2025-10-13
P-120174,50,inspection_pack,0.15,0.00403,,,2025-10-13
P-120183,10,laser,0.2,0.01908,,,2025-10-08
P-120183,20,grind_deburr,0.2,0.00315,,,2025-10-08
P-120183,30,press_brake,0.59,0.01092,,TS-16GA-1,2025-10-08
P-120183,40,hardware,0.25,0.02547,,,2025-10-08
P-120183,50,weld,0.5,0.05984,,,2025-10-08
P-120183,60,grind_deburr,0.2,0.00315,,,2025-10-08
P-120183,70,inspection_pack,0.15,0.0065,,,2025-10-08
P-120184,10,laser,0.2,0.06556,,,2025-08-20
P-120184,20,grind_deburr,0.2,0.01343,,,2025-08-20
P-120184,30,press_brake,1.15,0.08461,,TS-11GA-3,2025-08-20
P-120184,40,hardware,0.25,0.02253,,,2025-08-20
P-120184,50,inspection_pack,0.15,0.00571,,,2025-08-20
P-120189,10,punch,0.5,0.02325,,,2025-10-04
P-120189,20,grind_deburr,0.2,0.0037,,,2025-10-04
P-120189,30,press_brake,0.94,0.05581,,TS-20GA-2,2025-10-04
P-120189,40,powder_coat,0.25,0.00802,,,2025-10-04
P-120189,50,assembly,0.3,0.07436,,,2025-10-04
P-120189,60,inspection_pack,0.15,0.01042,,,2025-10-04
P-120193,10,laser,0.2,0.1147,,,2025-10-16
P-120193,20,grind_deburr,0.2,0.02467,,,2025-10-16
P-120193,30,press_brake,1.01,0.09025,,TS-14GA-3,2025-10-16
P-120193,40,hardware,0.25,0.02792,,,2025-10-16
P-120193,50,assembly,0.3,0.04914,,,2025-10-16
P-120193,60,inspection_pack,0.15,0.00414,,,2025-10-16
P-120194,10,laser,0.2,0.02683,,,2025-10-14
P-120194,20,grind_deburr,0.2,0.00343,,,2025-10-14
P-120194,30,press_brake,0.8,0.03252,,TS-14GA-1,2025-10-14
P-120194,40,hardware,0.25,0.0278,,,2025-10-14
P-120194,50,weld,0.5,0.02914,,,2025-10-14
P-120194,60,grind_deburr,0.2,0.00658,,,2025-10-14
P-120194,70,outside_processing,0.0,0.0,V-1040,,2025-10-14
P-120194,80,inspection_pack,0.15,0.00493,,,2025-10-14
P-120199,10,laser,0.2,0.02787,,,2025-08-22
P-120199,20,press_brake,0.59,0.01128,,TS-16GA-3,2025-08-22
P-120199,30,hardware,0.25,0.02816,,,2025-08-22
P-120199,40,weld,0.5,0.04432,,,2025-08-22
P-120199,50,grind_deburr,0.2,0.00466,,,2025-08-22
P-120199,60,powder_coat,0.25,0.00273,,,2025-08-22
P-120199,70,inspection_pack,0.15,0.00538,,,2025-08-22
P-120201,10,punch,0.5,0.02441,,,2025-09-15
P-120201,20,grind_deburr,0.2,0.00699,,,2025-09-15
P-120201,30,press_brake,0.8,0.03312,,TS-14GA-3,2025-09-15
P-120201,40,hardware,0.25,0.02792,,,2025-09-15
P-120201,50,weld,0.5,0.16334,,,2025-09-15
P-120201,60,grind_deburr,0.2,0.00548,,,2025-09-15
P-120201,70,outside_processing,0.0,0.0,V-1040,,2025-09-15
P-120201,80,outside_processing,0.0,0.0,V-1077,,2025-09-15
P-120201,90,inspection_pack,0.15,0.00784,,,2025-09-15
P-120203,10,laser,0.2,0.03376,,,2025-08-26
P-120203,20,grind_deburr,0.2,0.00671,,,2025-08-26
P-120203,30,press_brake,0.66,0.02196,,TS-0.125IN-3,2025-08-26
P-120203,40,hardware,0.25,0.0131,,,2025-08-26
P-120203,50,inspection_pack,0.15,0.00706,,,2025-08-26
P-120211,10,punch,0.5,0.00591,,,2025-09-15
P-120211,20,grind_deburr,0.2,0.0011,,,2025-09-15
P-120211,30,press_brake,0.59,0.01032,,TS-14GA-3,2025-09-15
P-120211,40,hardware,0.25,0.01029,,,2025-09-15
P-120211,50,outside_processing,0.0,0.0,V-1077,,2025-09-15
P-120211,60,inspection_pack,0.15,0.00605,,,2025-09-15
P-120217,10,laser,0.2,0.01954,,,2025-08-26
P-120217,20,grind_deburr,0.2,0.00233,,,2025-08-26
P-120217,30,press_brake,0.8,0.02604,,TS-12GA-1,2025-08-26
P-120217,40,outside_processing,0.0,0.0,V-1077,,2025-08-26
P-120217,50,inspection_pack,0.15,0.00538,,,2025-08-26
P-120226,10,laser,0.2,0.01075,,,2025-08-27
P-120226,20,grind_deburr,0.2,0.00192,,,2025-08-27
P-120226,30,press_brake,0.73,0.02076,,TS-20GA-2,2025-08-27
P-120226,40,hardware,0.25,0.00931,,,2025-08-27
P-120226,50,outside_processing,0.0,0.0,V-1040,,2025-08-27
P-120226,60,inspection_pack,0.15,0.0075,,,2025-08-27
P-120231,10,laser,0.2,0.0096,,,2025-10-01
P-120231,20,grind_deburr,0.2,0.00206,,,2025-10-01
P-120231,30,press_brake,0.73,0.02076,,TS-0.125IN-1,2025-10-01
P-120231,40,powder_coat,0.25,0.00176,,,2025-10-01
P-120231,50,inspection_pack,0.15,0.00504,,,2025-10-01
P-120234,10,punch,0.5,0.00446,,,2025-10-05
P-120234,20,grind_deburr,0.2,0.00178,,,2025-10-05
P-120234,30,press_brake,0.73,0.02208,,TS-0.250IN-2,2025-10-05
P-120234,40,hardware,0.25,0.02792,,,2025-10-05
P-120234,50,powder_coat,0.25,0.00144,,,2025-10-05
P-120234,60,inspection_pack,0.15,0.00549,,,2025-10-05
P-120237,10,laser,0.2,0.01422,,,2025-09-29
P-120237,20,press_brake,0.66,0.0156,,TS-18GA-2,2025-09-29
P-120237,30,powder_coat,0.25,0.00096,,,2025-09-29
P-120237,40,inspection_pack,0.15,0.00784,,,2025-09-29
P-120240,10,laser,0.2,0.00983,,,2025-09-30
P-120240,20,grind_deburr,0.2,0.00164,,,2025-09-30
P-120240,30,press_brake,0.66,0.0156,,TS-20GA-1,2025-09-30
P-120240,40,hardware,0.25,0.02829,,,2025-09-30
P-120240,50,inspection_pack,0.15,0.00515,,,2025-09-30
P-120246,10,punch,0.5,0.02083,,,2025-10-24
P-120246,20,grind_deburr,0.2,0.00918,,,2025-10-24
P-120246,30,press_brake,1.01,0.05689,,TS-0.125IN-1,2025-10-24
P-120246,40,hardware,0.25,0.02559,,,2025-10-24
P-120246,50,weld,0.5,0.09925,,,2025-10-24
P-120246,60,grind_deburr,0.2,0.00589,,,2025-10-24
P-120246,70,inspection_pack,0.15,0.00616,,,2025-10-24
P-120254,10,laser,0.2,0.05596,,,2025-10-26
P-120254,20,press_brake,0.59,0.01548,,TS-16GA-2,2025-10-26
P-120254,30,weld,0.5,0.26829,,,2025-10-26
P-120254,40,grind_deburr,0.2,0.00699,,,2025-10-26
P-120254,50,outside_processing,0.0,0.0,V-1102,,2025-10-26
P-120254,60,powder_coat,0.25,0.01043,,,2025-10-26
P-120254,70,inspection_pack,0.15,0.00918,,,2025-10-26
P-120262,10,laser,0.2,0.01445,,,2025-08-29
P-120262,20,grind_deburr,0.2,0.00233,,,2025-08-29
P-120262,30,press_brake,0.73,0.02076,,TS-14GA-2,2025-08-29
P-120262,40,inspection_pack,0.15,0.00437,,,2025-08-29
P-120267,10,laser,0.2,0.00844,,,2025-10-05
P-120267,20,grind_deburr,0.2,0.0011,,,2025-10-05
P-120267,30,press_brake,0.59,0.01104,,TS-12GA-2,2025-10-05
P-120267,40,hardware,0.25,0.02718,,,2025-10-05
P-120267,50,inspection_pack,0.15,0.0084,,,2025-10-05
P-120269,10,laser,0.2,0.15563,,,2025-10-06
P-120269,20,grind_deburr,0.2,0.01973,,,2025-10-06
P-120269,30,press_brake,1.01,0.09025,,TS-16GA-2,2025-10-06
P-120269,40,robotic_weld,1.2,0.18405,,,2025-10-06
P-120269,50,grind_deburr,0.2,0.02672,,,2025-10-06
P-120269,60,press_brake,0.87,0.06769,,TS-16GA-2,2025-10-06
P-120269,70,assembly,0.3,0.03345,,,2025-10-06
P-120269,80,inspection_pack,0.15,0.00795,,,2025-10-06
P-120271,10,laser,0.2,0.00659,,,2025-08-29
P-120271,20,grind_deburr,0.2,0.0011,,,2025-08-29
P-120271,30,press_brake,0.52,0.00516,,TS-18GA-2,2025-08-29
P-120271,40,hardware,0.25,0.01812,,,2025-08-29
P-120271,50,inspection_pack,0.15,0.00347,,,2025-08-29
P-120272,10,punch,0.5,0.02092,,,2025-10-16
P-120272,20,grind_deburr,0.2,0.00699,,,2025-10-16
P-120272,30,press_brake,1.01,0.05305,,TS-14GA-1,2025-10-16
P-120272,40,hardware,0.25,0.00784,,,2025-10-16
P-120272,50,weld,0.5,0.04153,,,2025-10-16
P-120272,60,grind_deburr,0.2,0.00589,,,2025-10-16
P-120272,70,powder_coat,0.25,0.00289,,,2025-10-16
P-120272,80,assembly,0.3,0.08906,,,2025-10-16
P-120272,90,inspection_pack,0.15,0.0093,,,2025-10-16
P-120285,10,laser,0.2,0.11366,,,2025-10-01
P-120285,20,grind_deburr,0.2,0.01919,,,2025-10-01
P-120285,30,press_brake,0.73,0.0366,,TS-16GA-2,2025-10-01
P-120285,40,weld,0.5,0.1093,,,2025-10-01
P-120285,50,grind_deburr,0.2,0.0063,,,2025-10-01
P-120285,60,press_brake,0.59,0.01824,,TS-16GA-2,2025-10-01
P-120285,70,inspection_pack,0.15,0.0047,,,2025-10-01
P-120293,10,laser,0.2,0.00925,,,2025-10-19
P-120293,20,grind_deburr,0.2,0.00096,,,2025-10-19
P-120293,30,press_brake,0.59,0.01032,,TS-16GA-3,2025-10-19
P-120293,40,inspection_pack,0.15,0.00627,,,2025-10-19
P-120301,10,laser,0.2,0.06221,,,2025-10-17
P-120301,20,press_brake,0.87,0.04716,,TS-16GA-1,2025-10-17
P-120301,30,weld,0.5,0.16915,,,2025-10-17
P-120301,40,grind_deburr,0.2,0.00589,,,2025-10-17
P-120301,50,inspection_pack,0.15,0.00437,,,2025-10-17
P-120317,10,laser,0.2,0.12176,,,2025-09-04
P-120317,20,grind_deburr,0.2,0.00836,,,2025-09-04
P-120317,30,press_brake,1.22,0.09781,,TS-12GA-2,2025-09-04
P-120317,40,weld,0.5,0.06989,,,2025-09-04
P-120317,50,grind_deburr,0.2,0.01165,,,2025-09-04
P-120317,60,powder_coat,0.25,0.01347,,,2025-09-04
P-120317,70,inspection_pack,0.15,0.01053,,,2025-09-04
P-120324,10,laser,0.2,0.00983,,,2025-12-20
P-120324,20,grind_deburr,0.2,0.00164,,,2025-12-20
P-120324,30,press_brake,0.66,0.0156,,TS-20GA-1,2025-12-20
P-120324,40,hardware,0.25,0.02131,,,2025-12-20
P-120324,50,powder_coat,0.25,0.0008,,,2025-12-20
P-120324,60,inspection_pack,0.15,0.00392,,,2025-12-20
P-120327,10,laser,0.2,0.02787,,,2025-10-03
P-120327,20,grind_deburr,0.2,0.00411,,,2025-10-03
P-120327,30,press_brake,0.87,0.04536,,TS-16GA-1,2025-10-03
P-120327,40,hardware,0.25,0.02767,,,2025-10-03
P-120327,50,robotic_weld,1.2,0.06201,,,2025-10-03
P-120327,60,grind_deburr,0.2,0.01014,,,2025-10-03
P-120327,70,inspection_pack,0.15,0.00459,,,2025-10-03
P-120335,10,punch,0.5,0.00368,,,2025-09-08
P-120335,20,grind_deburr,0.2,0.00192,,,2025-09-08
P-120335,30,press_brake,0.66,0.0156,,TS-18GA-3,2025-09-08
P-120335,40,hardware,0.25,0.018,,,2025-09-08
P-120335,50,inspection_pack,0.15,0.00997,,,2025-09-08
P-120336,10,laser,0.2,0.01492,,,2025-10-26
P-120336,20,press_brake,0.8,0.02784,,TS-11GA-1,2025-10-26
P-120336,30,hardware,0.25,0.01457,,,2025-10-26
P-120336,40,powder_coat,0.25,0.00273,,,2025-10-26
P-120336,50,assembly,0.3,0.08566,,,2025-10-26
P-120336,60,inspection_pack,0.15,0.00291,,,2025-10-26
P-120342,10,laser,0.2,0.00752,,,2025-11-02
P-120342,20,grind_deburr,0.2,0.00206,,,2025-11-02
P-120342,30,press_brake,0.52,0.00516,,TS-16GA-2,2025-11-02
P-120342,40,hardware,0.25,0.00955,,,2025-11-02
P-120342,50,powder_coat,0.25,0.00176,,,2025-11-02
P-120342,60,inspection_pack,0.15,0.00426,,,2025-11-02
P-120348,10,laser,0.2,0.017,,,2025-10-24
P-120348,20,grind_deburr,0.2,0.00123,,,2025-10-24
P-120348,30,press_brake,0.87,0.03156,,TS-14GA-2,2025-10-24
P-120348,40,hardware,0.25,0.02816,,,2025-10-24
P-120348,50,inspection_pack,0.15,0.00694,,,2025-10-24
P-120350,10,laser,0.2,0.04706,,,2025-09-12
P-120350,20,grind_deburr,0.2,0.00699,,,2025-09-12
P-120350,30,press_brake,0.87,0.03888,,TS-14GA-1,2025-09-12
P-120350,40,inspection_pack,0.15,0.00482,,,2025-09-12
P-120356,10,laser,0.2,0.01688,,,2025-10-14
P-120356,20,grind_deburr,0.2,0.00315,,,2025-10-14
P-120356,30,press_brake,1.08,0.04908,,TS-20GA-1,2025-10-14
P-120356,40,hardware,0.25,0.02902,,,2025-10-14
P-120356,50,weld,0.5,0.08284,,,2025-10-14
P-120356,60,grind_deburr,0.2,0.00192,,,2025-10-14
P-120356,70,outside_processing,0.0,0.0,V-1040,,2025-10-14
P-120356,80,assembly,0.3,0.10376,,,2025-10-14
P-120356,90,inspection_pack,0.15,0.00851,,,2025-10-14
P-120362,10,laser,0.2,0.04278,,,2025-09-12
P-120362,20,press_brake,0.59,0.012,,TS-16GA-2,2025-09-12
P-120362,30,robotic_weld,1.2,0.01887,,,2025-09-12
P-120362,40,grind_deburr,0.2,0.00603,,,2025-09-12
P-120362,50,powder_coat,0.25,0.00209,,,2025-09-12
P-120362,60,inspection_pack,0.15,0.00885,,,2025-09-12
P-120369,10,laser,0.2,0.01388,,,2025-11-02
P-120369,20,grind_deburr,0.2,0.00219,,,2025-11-02
P-120369,30,press_brake,0.59,0.01032,,TS-16GA-2,2025-11-02
P-120369,40,outside_processing,0.0,0.0,V-1040,,2025-11-02
P-120369,50,inspection_pack,0.15,0.00907,,,2025-11-02
P-120372,10,punch,0.5,0.05357,,,2025-10-28
P-120372,20,grind_deburr,0.2,0.01083,,,2025-10-28
P-120372,30,press_brake,1.22,0.11689,,TS-18GA-1,2025-10-28
P-120372,40,powder_coat,0.25,0.00706,,,2025-10-28
P-120372,50,assembly,0.3,0.0861,,,2025-10-28
P-120372,60,inspection_pack,0.15,0.0075,,,2025-10-28
P-120377,10,laser,0.2,0.0703,,,2025-10-21
P-120377,20,press_brake,0.73,0.03,,TS-11GA-2,2025-10-21
P-120377,30,powder_coat,0.25,0.01059,,,2025-10-21
P-120377,40,inspection_pack,0.15,0.00504,,,2025-10-21
P-120378,10,laser,0.2,0.04186,,,2025-11-07
P-120378,20,press_brake,0.8,0.03864,,TS-20GA-2,2025-11-07
P-120378,30,hardware,0.25,0.01298,,,2025-11-07
P-120378,40,weld,0.5,0.09892,,,2025-11-07
P-120378,50,grind_deburr,0.2,0.00452,,,2025-11-07
P-120378,60,inspection_pack,0.15,0.00448,,,2025-11-07
P-120379,10,punch,0.5,0.04795,,,2025-09-15
P-120379,20,grind_deburr,0.2,0.01768,,,2025-09-15
P-120379,30,press_brake,1.15,0.09661,,TS-11GA-2,2025-09-15
P-120379,40,hardware,0.25,0.00759,,,2025-09-15
P-120379,50,assembly,0.3,0.05462,,,2025-09-15
P-120379,60,inspection_pack,0.15,0.00571,,,2025-09-15
P-120380,10,laser,0.2,0.00543,,,2025-09-16
P-120380,20,grind_deburr,0.2,0.00164,,,2025-09-16
P-120380,30,press_brake,0.59,0.01032,,TS-18GA-2,2025-09-16
P-120380,40,hardware,0.25,0.02865,,,2025-09-16
P-120380,50,inspection_pack,0.15,0.00414,,,2025-09-16
P-120387,10,laser,0.2,0.0718,,,2025-10-26
P-120387,20,grind_deburr,0.2,0.00493,,,2025-10-26
P-120387,30,press_brake,0.59,0.01548,,TS-16GA-1,2025-10-26
P-120387,40,hardware,0.25,0.02767,,,2025-10-26
P-120387,50,inspection_pack,0.15,0.00862,,,2025-10-26
P-120394,10,laser,0.2,0.01064,,,2025-11-04
P-120394,20,press_brake,0.87,0.03492,,TS-14GA-1,2025-11-04
P-120394,30,outside_processing,0.0,0.0,V-1040,,2025-11-04
P-120394,40,inspection_pack,0.15,0.00874,,,2025-11-04
P-120397,10,laser,0.2,0.15772,,,2025-10-29
P-120397,20,grind_deburr,0.2,0.00918,,,2025-10-29
P-120397,30,press_brake,1.01,0.09025,,TS-14GA-3,2025-10-29
P-120397,40,robotic_weld,1.2,0.12888,,,2025-10-29
P-120397,50,grind_deburr,0.2,0.02165,,,2025-10-29
P-120397,60,outside_processing,0.0,0.0,V-1040,,2025-10-29
P-120397,70,inspection_pack,0.15,0.00728,,,2025-10-29
P-120404,10,laser,0.2,0.04868,,,2025-09-15
P-120404,20,grind_deburr,0.2,0.00658,,,2025-09-15
P-120404,30,press_brake,1.15,0.06601,,TS-14GA-3,2025-09-15
P-120404,40,weld,0.5,0.06688,,,2025-09-15
P-120404,50,grind_deburr,0.2,0.00644,,,2025-09-15
P-120404,60,inspection_pack,0.15,0.0084,,,2025-09-15
P-120407,10,laser,0.2,0.01075,,,2025-10-24
P-120407,20,grind_deburr,0.2,0.00247,,,2025-10-24
P-120407,30,press_brake,0.66,0.0156,,TS-20GA-2,2025-10-24
P-120407,40,hardware,0.25,0.00882,,,2025-10-24
P-120407,50,weld,0.5,0.02211,,,2025-10-24
P-120407,60,grind_deburr,0.2,0.00164,,,2025-10-24
P-120407,70,powder_coat,0.25,0.00257,,,2025-10-24
P-120407,80,inspection_pack,0.15,0.00818,,,2025-10-24
P-120409,10,punch,0.5,0.00872,,,2025-09-18
P-120409,20,grind_deburr,0.2,0.00247,,,2025-09-18
P-120409,30,press_brake,0.73,0.021,,TS-16GA-1,2025-09-18
P-120409,40,inspection_pack,0.15,0.00818,,,2025-09-18
P-120410,10,laser,0.2,0.00601,,,2025-11-11
P-120410,20,press_brake,0.73,0.02076,,TS-16GA-2,2025-11-11
P-120410,30,inspection_pack,0.15,0.00347,,,2025-11-11
P-120413,10,laser,0.2,0.04533,,,2025-11-04
P-120413,20,grind_deburr,0.2,0.02179,,,2025-11-04
P-120413,30,press_brake,1.29,0.11749,,TS-16GA-3,2025-11-04
P-120413,40,powder_coat,0.25,0.00914,,,2025-11-04
P-120413,50,inspection_pack,0.15,0.00493,,,2025-11-04
P-120414,10,laser,0.2,0.01341,,,2025-11-15
P-120414,20,grind_deburr,0.2,0.00206,,,2025-11-15
P-120414,30,press_brake,1.01,0.04236,,TS-16GA-3,2025-11-15
P-120414,40,weld,0.5,0.02021,,,2025-11-15
P-120414,50,grind_deburr,0.2,0.00178,,,2025-11-15
P-120414,60,powder_coat,0.25,0.00257,,,2025-11-15
P-120414,70,inspection_pack,0.15,0.00784,,,2025-11-15
P-120420,10,laser,0.2,0.09528,,,2025-10-22
P-120420,20,press_brake,0.73,0.03144,,TS-12GA-2,2025-10-22
P-120420,30,assembly,0.3,0.10694,,,2025-10-22
P-120420,40,inspection_pack,0.15,0.00381,,,2025-10-22
P-120426,10,punch,0.5,0.0093,,,2025-09-19
P-120426,20,grind_deburr,0.2,0.00356,,,2025-09-19
P-120426,30,press_brake,1.01,0.05149,,TS-11GA-3,2025-09-19
P-120426,40,hardware,0.25,0.02204,,,2025-09-19
P-120426,50,robotic_weld,1.2,0.01644,,,2025-09-19
P-120426,60,grind_deburr,0.2,0.00192,,,2025-09-19
P-120426,70,powder_coat,0.25,0.00305,,,2025-09-19
P-120426,80,inspection_pack,0.15,0.00627,,,2025-09-19
P-120429,10,laser,0.2,0.01457,,,2025-11-02
P-120429,20,grind_deburr,0.2,0.00151,,,2025-11-02
P-120429,30,press_brake,0.73,0.02088,,TS-16GA-3,2025-11-02
P-120429,40,inspection_pack,0.15,0.00325,,,2025-11-02
P-120433,10,laser,0.2,0.01966,,,2025-09-24
P-120433,20,grind_deburr,0.2,0.00151,,,2025-09-24
P-120433,30,press_brake,0.59,0.01032,,TS-11GA-1,2025-09-24
P-120433,40,outside_processing,0.0,0.0,V-1040,,2025-09-24
P-120433,50,inspection_pack,0.15,0.00426,,,2025-09-24
P-120438,10,laser,0.2,0.02116,,,2025-09-24
P-120438,20,grind_deburr,0.2,0.00301,,,2025-09-24
P-120438,30,press_brake,1.01,0.04356,,TS-14GA-3,2025-09-24
P-120438,40,hardware,0.25,0.0262,,,2025-09-24
P-120438,50,weld,0.5,0.07838,,,2025-09-24
P-120438,60,grind_deburr,0.2,0.00178,,,2025-09-24
P-120438,70,outside_processing,0.0,0.0,V-1040,,2025-09-24
P-120438,80,inspection_pack,0.15,0.01008,,,2025-09-24
P-120440,10,laser,0.2,0.06891,,,2025-10-31
P-120440,20,grind_deburr,0.2,0.00671,,,2025-10-31
P-120440,30,press_brake,0.73,0.0294,,TS-12GA-2,2025-10-31
P-120440,40,hardware,0.25,0.01984,,,2025-10-31
P-120440,50,robotic_weld,1.2,0.0213,,,2025-10-31
P-120440,60,grind_deburr,0.2,0.01096,,,2025-10-31
P-120440,70,press_brake,0.66,0.02208,,TS-12GA-2,2025-10-31
P-120440,80,powder_coat,0.25,0.00594,,,2025-10-31
P-120440,90,assembly,0.3,0.02007,,,2025-10-31
P-120440,100,inspection_pack,0.15,0.00392,,,2025-10-31
P-120444,10,laser,0.2,0.01457,,,2025-10-27
P-120444,20,grind_deburr,0.2,0.00219,,,2025-10-27
P-120444,30,press_brake,0.8,0.02592,,TS-11GA-3,2025-10-27
P-120444,40,hardware,0.25,0.00918,,,2025-10-27
P-120444,50,inspection_pack,0.15,0.00325,,,2025-10-27
P-120451,10,laser,0.2,0.07516,,,2025-11-14
P-120451,20,grind_deburr,0.2,0.01124,,,2025-11-14
P-120451,30,press_brake,0.73,0.0306,,TS-16GA-1,2025-11-14
P-120451,40,powder_coat,0.25,0.01011,,,2025-11-14
P-120451,50,inspection_pack,0.15,0.00896,,,2025-11-14
P-120457,10,laser,0.2,0.01179,,,2025-12-30
P-120457,20,press_brake,0.59,0.01032,,TS-20GA-3,2025-12-30
P-120457,30,powder_coat,0.25,0.00176,,,2025-12-30
P-120457,40,inspection_pack,0.15,0.0075,,,2025-12-30
P-120460,10,laser,0.2,0.00543,,,2025-09-26
P-120460,20,grind_deburr,0.2,0.0011,,,2025-09-26
P-120460,30,press_brake,0.59,0.01032,,TS-18GA-1,2025-09-26
P-120460,40,inspection_pack,0.15,0.0056,,,2025-09-26
P-120462,10,punch,0.5,0.04456,,,2025-09-29
P-120462,20,grind_deburr,0.2,0.01124,,,2025-09-29
P-120462,30,press_brake,0.94,0.05305,,TS-12GA-2,2025-09-29
P-120462,40,inspection_pack,0.15,0.00414,,,2025-09-29
P-120465,10,laser,0.2,0.03376,,,2025-09-30
P-120465,20,grind_deburr,0.2,0.00151,,,2025-09-30
P-120465,30,press_brake,1.29,0.07021,,TS-14GA-1,2025-09-30
P-120465,40,hardware,0.25,0.0278,,,2025-09-30
P-120465,50,weld,0.5,0.01731,,,2025-09-30
P-120465,60,grind_deburr,0.2,0.00192,,,2025-09-30
P-120465,70,powder_coat,0.25,0.00305,,,2025-09-30
P-120465,80,inspection_pack,0.15,0.00616,,,2025-09-30
P-120468,10,laser,0.2,0.01838,,,2025-11-20
P-120468,20,grind_deburr,0.2,0.00123,,,2025-11-20
P-120468,30,press_brake,0.87,0.03108,,TS-14GA-1,2025-11-20
P-120468,40,hardware,0.25,0.01335,,,2025-11-20
P-120468,50,weld,0.5,0.03305,,,2025-11-20
P-120468,60,grind_deburr,0.2,0.00274,,,2025-11-20
P-120468,70,powder_coat,0.25,0.00192,,,2025-11-20
P-120468,80,inspection_pack,0.15,0.00694,,,2025-11-20
P-120474,10,laser,0.2,0.00798,,,2025-11-24
P-120474,20,grind_deburr,0.2,0.00096,,,2025-11-24
P-120474,30,press_brake,0.73,0.02076,,TS-18GA-3,2025-11-24
P-120474,40,hardware,0.25,0.02388,,,2025-11-24
P-120474,50,inspection_pack,0.15,0.01019,,,2025-11-24
P-120481,10,laser,0.2,0.04267,,,2025-10-27
P-120481,20,grind_deburr,0.2,0.00315,,,2025-10-27
P-120481,30,press_brake,0.73,0.02472,,TS-16GA-1,2025-10-27
P-120481,40,hardware,0.25,0.0158,,,2025-10-27
P-120481,50,inspection_pack,0.15,0.00885,,,2025-10-27
P-120489,10,laser,0.2,0.01364,,,2025-10-01
P-120489,20,press_brake,0.59,0.01032,,TS-16GA-1,2025-10-01
P-120489,30,hardware,0.25,0.01139,,,2025-10-01
P-120489,40,powder_coat,0.25,0.00225,,,2025-10-01
P-120489,50,inspection_pack,0.15,0.00571,,,2025-10-01
P-120492,10,punch,0.5,0.00659,,,2025-11-07
P-120492,20,grind_deburr,0.2,0.00192,,,2025-11-07
P-120492,30,press_brake,0.66,0.0156,,TS-14GA-2,2025-11-07
P-120492,40,hardware,0.25,0.02412,,,2025-11-07
P-120492,50,inspection_pack,0.15,0.01053,,,2025-11-07
P-120498,10,laser,0.2,0.05145,,,2025-11-23
P-120498,20,grind_deburr,0.2,0.00699,,,2025-11-23
P-120498,30,press_brake,0.8,0.03432,,TS-16GA-2,2025-11-23
P-120498,40,powder_coat,0.25,0.00273,,,2025-11-23
P-120498,50,inspection_pack,0.15,0.0084,,,2025-11-23
P-120500,10,laser,0.2,0.01399,,,2025-10-06
P-120500,20,grind_deburr,0.2,0.0011,,,2025-10-06
P-120500,30,press_brake,0.52,0.00516,,TS-20GA-3,2025-10-06
P-120500,40,inspection_pack,0.15,0.00526,,,2025-10-06
P-120507,10,laser,0.2,0.0126,,,2025-10-03
P-120507,20,press_brake,0.73,0.02316,,TS-20GA-3,2025-10-03
P-120507,30,hardware,0.25,0.0109,,,2025-10-03
P-120507,40,inspection_pack,0.15,0.00448,,,2025-10-03
P-120515,10,laser,0.2,0.0259,,,2025-11-07
P-120515,20,press_brake,0.8,0.02832,,TS-18GA-3,2025-11-07
P-120515,30,powder_coat,0.25,0.00225,,,2025-11-07
P-120515,40,inspection_pack,0.15,0.00952,,,2025-11-07
P-120517,10,laser,0.2,0.01376,,,2025-11-20
P-120517,20,grind_deburr,0.2,0.0026,,,2025-11-20
P-120517,30,press_brake,0.87,0.03108,,TS-14GA-2,2025-11-20
P-120517,40,weld,0.5,0.03785,,,2025-11-20
P-120517,50,grind_deburr,0.2,0.00069,,,2025-11-20
P-120517,60,outside_processing,0.0,0.0,V-1040,,2025-11-20
P-120517,70,inspection_pack,0.15,0.00526,,,2025-11-20
P-120518,10,laser,0.2,0.01885,,,2025-10-06
P-120518,20,grind_deburr,0.2,0.00233,,,2025-10-06
P-120518,30,press_brake,1.01,0.04152,,TS-0.125IN-3,2025-10-06
P-120518,40,weld,0.5,0.02735,,,2025-10-06
P-120518,50,grind_deburr,0.2,0.00274,,,2025-10-06
P-120518,60,inspection_pack,0.15,0.00806,,,2025-10-06
P-120522,10,laser,0.2,0.01133,,,2025-12-03
P-120522,20,grind_deburr,0.2,0.00384,,,2025-12-03
P-120522,30,press_brake,0.87,0.033,,TS-12GA-2,2025-12-03
P-120522,40,hardware,0.25,0.01408,,,2025-12-03
P-120522,50,inspection_pack,0.15,0.00795,,,2025-12-03
P-120536,10,punch,0.5,0.00562,,,2025-11-29
P-120536,20,grind_deburr,0.2,0.00178,,,2025-11-29
P-120536,30,press_brake,0.66,0.01644,,TS-16GA-3,2025-11-29
P-120536,40,hardware,0.25,0.00967,,,2025-11-29
P-120536,50,weld,0.5,0.07525,,,2025-11-29
P-120536,60,grind_deburr,0.2,0.0037,,,2025-11-29
P-120536,70,outside_processing,0.0,0.0,V-1040,,2025-11-29
P-120536,80,inspection_pack,0.15,0.00672,,,2025-11-29
P-120542,10,laser,0.2,0.01734,,,2025-10-09
P-120542,20,grind_deburr,0.2,0.0011,,,2025-10-09
P-120542,30,press_brake,0.8,0.02796,,TS-12GA-2,2025-10-09
P-120542,40,powder_coat,0.25,0.00273,,,2025-10-09
P-120542,50,inspection_pack,0.15,0.00459,,,2025-10-09
P-120550,10,laser,0.2,0.03781,,,2025-11-10
P-120550,20,grind_deburr,0.2,0.00699,,,2025-11-10
P-120550,30,press_brake,0.73,0.0246,,TS-16GA-1,2025-11-10
P-120550,40,inspection_pack,0.15,0.00806,,,2025-11-10
P-120554,10,punch,0.5,0.01928,,,2025-12-24
P-120554,20,grind_deburr,0.2,0.0048,,,2025-12-24
P-120554,30,press_brake,0.66,0.02016,,TS-20GA-2,2025-12-24
P-120554,40,powder_coat,0.25,0.00545,,,2025-12-24
P-120554,50,assembly,0.3,0.02643,,,2025-12-24
P-120554,60,inspection_pack,0.15,0.0065,,,2025-12-24
P-120561,10,laser,0.2,0.08545,,,2025-11-19
P-120561,20,grind_deburr,0.2,0.0048,,,2025-11-19
P-120561,30,press_brake,0.8,0.03828,,TS-12GA-1,2025-11-19
P-120561,40,powder_coat,0.25,0.00962,,,2025-11-19
P-120561,50,inspection_pack,0.15,0.0047,,,2025-11-19
P-120565,10,laser,0.2,0.04845,,,2025-10-10
P-120565,20,press_brake,0.87,0.0402,,TS-14GA-3,2025-10-10
P-120565,30,weld,0.5,0.18355,,,2025-10-10
P-120565,40,grind_deburr,0.2,0.0037,,,2025-10-10
P-120565,50,press_brake,0.73,0.02676,,TS-14GA-3,2025-10-10
P-120565,60,inspection_pack,0.15,0.00414,,,2025-10-10
P-120568,10,laser,0.2,0.02324,,,2025-11-14
P-120568,20,press_brake,0.94,0.04752,,TS-16GA-1,2025-11-14
P-120568,30,hardware,0.25,0.02853,,,2025-11-14
P-120568,40,press_brake,0.8,0.03396,,TS-16GA-1,2025-11-14
P-120568,50,powder_coat,0.25,0.00529,,,2025-11-14
P-120568,60,inspection_pack,0.15,0.00627,,,2025-11-14
P-120569,10,laser,0.2,0.00567,,,2025-11-18
P-120569,20,grind_deburr,0.2,0.00082,,,2025-11-18
P-120569,30,press_brake,0.66,0.0156,,TS-14GA-2,2025-11-18
P-120569,40,hardware,0.25,0.01886,,,2025-11-18
P-120569,50,weld,0.5,0.0163,,,2025-11-18
P-120569,60,grind_deburr,0.2,0.00274,,,2025-11-18
P-120569,70,inspection_pack,0.15,0.00493,,,2025-11-18
P-120573,10,laser,0.2,0.08198,,,2025-12-09
P-120573,20,grind_deburr,0.2,0.00644,,,2025-12-09
P-120573,30,press_brake,1.22,0.11581,,TS-14GA-2,2025-12-09
P-120573,40,hardware,0.25,0.02388,,,2025-12-09
P-120573,50,outside_processing,0.0,0.0,V-1040,,2025-12-09
P-120573,60,inspection_pack,0.15,0.00717,,,2025-12-09
P-120578,10,laser,0.2,0.01885,,,2025-10-13
P-120578,20,grind_deburr,0.2,0.00096,,,2025-10-13
P-120578,30,press_brake,0.73,0.02076,,TS-0.125IN-3,2025-10-13
P-120578,40,hardware,0.25,0.01433,,,2025-10-13
P-120578,50,powder_coat,0.25,0.00273,,,2025-10-13
P-120578,60,inspection_pack,0.15,0.01019,,,2025-10-13
P-120579,10,laser,0.2,0.01203,,,2025-11-16
P-120579,20,grind_deburr,0.2,0.00096,,,2025-11-16
P-120579,30,press_brake,0.73,0.02076,,TS-20GA-2,2025-11-16
P-120579,40,robotic_weld,1.2,0.00486,,,2025-11-16
P-120579,50,grind_deburr,0.2,0.00233,,,2025-11-16
P-120579,60,outside_processing,0.0,0.0,V-1040,,2025-11-16
P-120579,70,inspection_pack,0.15,0.0037,,,2025-11-16
P-120586,10,punch,0.5,0.00775,,,2025-11-06
P-120586,20,grind_deburr,0.2,0.00178,,,2025-11-06
P-120586,30,press_brake,0.66,0.0156,,TS-0.250IN-3,2025-11-06
P-120586,40,outside_processing,0.0,0.0,V-1040,,2025-11-06
P-120586,50,inspection_pack,0.15,0.00594,,,2025-11-06
P-120590,10,laser,0.2,0.01445,,,2025-11-20
P-120590,20,grind_deburr,0.2,0.00206,,,2025-11-20
P-120590,30,press_brake,0.52,0.00516,,TS-0.125IN-1,2025-11-20
P-120590,40,hardware,0.25,0.024,,,2025-11-20
P-120590,50,weld,0.5,0.03428,,,2025-11-20
P-120590,60,grind_deburr,0.2,0.00151,,,2025-11-20
P-120590,70,outside_processing,0.0,0.0,V-1040,,2025-11-20
P-120590,80,inspection_pack,0.15,0.00291,,,2025-11-20
P-120594,10,laser,0.2,0.00809,,,2025-10-16
P-120594,20,press_brake,0.59,0.01032,,TS-20GA-1,2025-10-16
P-120594,30,powder_coat,0.25,0.00064,,,2025-10-16
P-120594,40,inspection_pack,0.15,0.00627,,,2025-10-16
P-120598,10,laser,0.2,0.04139,,,2025-10-15
P-120598,20,press_brake,1.15,0.05941,,TS-16GA-1,2025-10-15
P-120598,30,weld,0.5,0.09423,,,2025-10-15
P-120598,40,grind_deburr,0.2,0.00576,,,2025-10-15
P-120598,50,inspection_pack,0.15,0.00907,,,2025-10-15
P-120605,10,laser,0.2,0.03504,,,2025-11-19
P-120605,20,grind_deburr,0.2,0.00301,,,2025-11-19
P-120605,30,press_brake,0.73,0.02388,,TS-12GA-3,2025-11-19
P-120605,40,weld,0.5,0.02456,,,2025-11-19
P-120605,50,grind_deburr,0.2,0.00274,,,2025-11-19
P-120605,60,powder_coat,0.25,0.00353,,,2025-11-19
P-120605,70,inspection_pack,0.15,0.00325,,,2025-11-19
P-120606,10,laser,0.2,0.00937,,,2025-11-10
P-120606,20,grind_deburr,0.2,0.00082,,,2025-11-10
P-120606,30,press_brake,0.73,0.02076,,TS-18GA-1,2025-11-10
P-120606,40,outside_processing,0.0,0.0,V-1040,,2025-11-10
P-120606,50,inspection_pack,0.15,0.00683,,,2025-11-10
P-120614,10,laser,0.2,0.0059,,,2025-11-13
P-120614,20,grind_deburr,0.2,0.00082,,,2025-11-13
P-120614,30,press_brake,0.59,0.01032,,TS-16GA-3,2025-11-13
P-120614,40,hardware,0.25,0.00955,,,2025-11-13
P-120614,50,powder_coat,0.25,0.00176,,,2025-11-13
P-120614,60,inspection_pack,0.15,0.00694,,,2025-11-13
P-120624,10,laser,0.2,0.00497,,,2025-12-01
P-120624,20,grind_deburr,0.2,0.00233,,,2025-12-01
P-120624,30,press_brake,0.66,0.0156,,TS-18GA-2,2025-12-01
P-120624,40,weld,0.5,0.03093,,,2025-12-01
P-120624,50,grind_deburr,0.2,0.00069,,,2025-12-01
P-120624,60,inspection_pack,0.15,0.0065,,,2025-12-01
P-120627,10,laser,0.2,0.02868,,,2025-10-21
P-120627,20,press_brake,0.59,0.01248,,TS-0.250IN-2,2025-10-21
P-120627,30,hardware,0.25,0.01114,,,2025-10-21
P-120627,40,outside_processing,0.0,0.0,V-1040,,2025-10-21
P-120627,50,outside_processing,0.0,0.0,V-1077,,2025-10-21
P-120627,60,inspection_pack,0.15,0.00314,,,2025-10-21
P-120634,10,laser,0.2,0.06279,,,2025-11-30
P-120634,20,press_brake,0.8,0.0372,,TS-0.125IN-3,2025-11-30
P-120634,30,outside_processing,0.0,0.0,V-1077,,2025-11-30
P-120634,40,inspection_pack,0.15,0.00862,,,2025-11-30
P-120642,10,laser,0.2,0.02301,,,2025-12-20
P-120642,20,press_brake,0.66,0.01608,,TS-0.250IN-1,2025-12-20
P-120642,30,powder_coat,0.25,0.00192,,,2025-12-20
P-120642,40,inspection_pack,0.15,0.00706,,,2025-12-20
P-120644,10,laser,0.2,0.02671,,,2025-11-14
P-120644,20,grind_deburr,0.2,0.00973,,,2025-11-14
P-120644,30,press_brake,0.73,0.0294,,TS-14GA-2,2025-11-14
P-120644,40,powder_coat,0.25,0.00979,,,2025-11-14
P-120644,50,inspection_pack,0.15,0.00728,,,2025-11-14
P-120648,10,laser,0.2,0.06695,,,2025-11-14
P-120648,20,grind_deburr,0.2,0.01384,,,2025-11-14
P-120648,30,press_brake,1.29,0.09409,,TS-18GA-2,2025-11-14
P-120648,40,hardware,0.25,0.01984,,,2025-11-14
P-120648,50,weld,0.5,0.05906,,,2025-11-14
P-120648,60,grind_deburr,0.2,0.01261,,,2025-11-14
P-120648,70,powder_coat,0.25,0.01267,,,2025-11-14
P-120648,80,inspection_pack,0.15,0.00493,,,2025-11-14
P-120657,10,laser,0.2,0.00913,,,2025-11-14
P-120657,20,grind_deburr,0.2,0.00288,,,2025-11-14
P-120657,30,press_brake,0.66,0.01584,,TS-11GA-1,2025-11-14
P-120657,40,hardware,0.25,0.01457,,,2025-11-14
P-120657,50,weld,0.5,0.01094,,,2025-11-14
P-120657,60,grind_deburr,0.2,0.00219,,,2025-11-14
P-120657,70,inspection_pack,0.15,0.00414,,,2025-11-14
P-120660,10,laser,0.2,0.00578,,,2025-12-01
P-120660,20,grind_deburr,0.2,0.00206,,,2025-12-01
P-120660,30,press_brake,0.52,0.00516,,TS-16GA-3,2025-12-01
P-120660,40,outside_processing,0.0,0.0,V-1040,,2025-12-01
P-120660,50,inspection_pack,0.15,0.00706,,,2025-12-01
P-120668,10,laser,0.2,0.02671,,,2025-11-26
P-120668,20,grind_deburr,0.2,0.00315,,,2025-11-26
P-120668,30,press_brake,0.73,0.02256,,TS-18GA-1,2025-11-26
P-120668,40,inspection_pack,0.15,0.00728,,,2025-11-26
P-120670,10,laser,0.2,0.00844,,,2025-12-18
P-120670,20,grind_deburr,0.2,0.00206,,,2025-12-18
P-120670,30,press_brake,0.8,0.02592,,TS-18GA-3,2025-12-18
P-120670,40,weld,0.5,0.01485,,,2025-12-18
P-120670,50,grind_deburr,0.2,0.00206,,,2025-12-18
P-120670,60,powder_coat,0.25,0.00273,,,2025-12-18
P-120670,70,inspection_pack,0.15,0.0093,,,2025-12-18
P-120672,10,laser,0.2,0.03689,,,2025-10-22
P-120672,20,grind_deburr,0.2,0.00164,,,2025-10-22
P-120672,30,press_brake,1.15,0.06097,,TS-14GA-2,2025-10-22
P-120672,40,outside_processing,0.0,0.0,V-1040,,2025-10-22
P-120672,50,assembly,0.3,0.0272,,,2025-10-22
P-120672,60,inspection_pack,0.15,0.00829,,,2025-10-22
P-120677,10,laser,0.2,0.02949,,,2025-11-18
P-120677,20,grind_deburr,0.2,0.00247,,,2025-11-18
P-120677,30,press_brake,1.08,0.06109,,TS-12GA-3,2025-11-18
P-120677,40,weld,0.5,0.116,,,2025-11-18
P-120677,50,grind_deburr,0.2,0.00589,,,2025-11-18
P-120677,60,outside_processing,0.0,0.0,V-1077,,2025-11-18
P-120677,70,assembly,0.3,0.10595,,,2025-11-18
P-120677,80,inspection_pack,0.15,0.00403,,,2025-11-18
P-120683,10,laser,0.2,0.01711,,,2025-12-08
P-120683,20,grind_deburr,0.2,0.00219,,,2025-12-08
P-120683,30,press_brake,0.52,0.00516,,TS-16GA-2,2025-12-08
P-120683,40,hardware,0.25,0.02131,,,2025-12-08
P-120683,50,outside_processing,0.0,0.0,V-1077,,2025-12-08
P-120683,60,inspection_pack,0.15,0.00347,,,2025-12-08
P-120691,10,laser,0.2,0.01954,,,2025-11-27
P-120691,20,press_brake,0.59,0.01032,,TS-14GA-1,2025-11-27
P-120691,30,hardware,0.25,0.0289,,,2025-11-27
P-120691,40,inspection_pack,0.15,0.00437,,,2025-11-27
P-120693,10,laser,0.2,0.02289,,,2025-10-24
P-120693,20,grind_deburr,0.2,0.00904,,,2025-10-24
P-120693,30,press_brake,0.94,0.05269,,TS-18GA-3,2025-10-24
P-120693,40,weld,0.5,0.08005,,,2025-10-24
P-120693,50,grind_deburr,0.2,0.00918,,,2025-10-24
P-120693,60,powder_coat,0.25,0.0061,,,2025-10-24
P-120693,70,assembly,0.3,0.05199,,,2025-10-24
P-120693,80,inspection_pack,0.15,0.00997,,,2025-10-24
P-120697,10,laser,0.2,0.07828,,,2025-11-22
P-120697,20,press_brake,1.15,0.09805,,TS-16GA-3,2025-11-22
P-120697,30,hardware,0.25,0.01531,,,2025-11-22
P-120697,40,robotic_weld,1.2,0.05705,,,2025-11-22
P-120697,50,grind_deburr,0.2,0.01919,,,2025-11-22
P-120697,60,assembly,0.3,0.04661,,,2025-11-22
P-120697,70,inspection_pack,0.15,0.00818,,,2025-11-22
P-120701,10,laser,0.2,0.01237,,,2025-10-23
P-120701,20,grind_deburr,0.2,0.00206,,,2025-10-23
P-120701,30,press_brake,0.66,0.0156,,TS-18GA-2,2025-10-23
P-120701,40,hardware,0.25,0.02069,,,2025-10-23
P-120701,50,inspection_pack,0.15,0.00616,,,2025-10-23
P-120707,10,laser,0.2,0.01283,,,2025-11-27
P-120707,20,grind_deburr,0.2,0.00151,,,2025-11-27
P-120707,30,press_brake,0.66,0.0156,,TS-16GA-2,2025-11-27
P-120707,40,hardware,0.25,0.01384,,,2025-11-27
P-120707,50,powder_coat,0.25,0.00241,,,2025-11-27
P-120707,60,inspection_pack,0.15,0.00291,,,2025-11-27
P-120714,10,laser,0.2,0.03966,,,2025-11-24
P-120714,20,grind_deburr,0.2,0.00918,,,2025-11-24
P-120714,30,press_brake,0.66,0.02064,,TS-16GA-1,2025-11-24
P-120714,40,weld,0.5,0.06788,,,2025-11-24
P-120714,50,grind_deburr,0.2,0.0026,,,2025-11-24
P-120714,60,powder_coat,0.25,0.00674,,,2025-11-24
P-120714,70,inspection_pack,0.15,0.00952,,,2025-11-24
P-120715,10,laser,0.2,0.14789,,,2025-10-27
P-120715,20,grind_deburr,0.2,0.02124,,,2025-10-27
P-120715,30,press_brake,0.8,0.04908,,TS-16GA-2,2025-10-27
P-120715,40,weld,0.5,0.12147,,,2025-10-27
P-120715,50,grind_deburr,0.2,0.00891,,,2025-10-27
P-120715,60,outside_processing,0.0,0.0,V-1040,,2025-10-27
P-120715,70,inspection_pack,0.15,0.01053,,,2025-10-27
P-120723,10,laser,0.2,0.03874,,,2025-12-26
P-120723,20,grind_deburr,0.2,0.01357,,,2025-12-26
P-120723,30,press_brake,0.59,0.01548,,TS-18GA-2,2025-12-26
P-120723,40,hardware,0.25,0.0158,,,2025-12-26
P-120723,50,weld,0.5,0.20018,,,2025-12-26
P-120723,60,grind_deburr,0.2,0.00767,,,2025-12-26
P-120723,70,outside_processing,0.0,0.0,V-1040,,2025-12-26
P-120723,80,outside_processing,0.0,0.0,V-1077,,2025-12-26
P-120723,90,inspection_pack,0.15,0.00728,,,2025-12-26
P-120724,10,laser,0.2,0.02451,,,2025-10-27
P-120724,20,grind_deburr,0.2,0.00384,,,2025-10-27
P-120724,30,press_brake,1.15,0.05449,,TS-14GA-3,2025-10-27
P-120724,40,hardware,0.25,0.00955,,,2025-10-27
P-120724,50,weld,0.5,0.06565,,,2025-10-27
P-120724,60,grind_deburr,0.2,0.00397,,,2025-10-27
P-120724,70,powder_coat,0.25,0.00273,,,2025-10-27
P-120724,80,assembly,0.3,0.0635,,,2025-10-27
P-120724,90,inspection_pack,0.15,0.00482,,,2025-10-27
P-120732,10,laser,0.2,0.04093,,,2025-11-28
P-120732,20,grind_deburr,0.2,0.00521,,,2025-11-28
P-120732,30,press_brake,0.8,0.03,,TS-18GA-3,2025-11-28
P-120732,40,inspection_pack,0.15,0.00795,,,2025-11-28
P-120737,10,laser,0.2,0.01295,,,2025-10-27
P-120737,20,grind_deburr,0.2,0.00288,,,2025-10-27
P-120737,30,press_brake,0.59,0.01032,,TS-20GA-3,2025-10-27
P-120737,40,weld,0.5,0.03941,,,2025-10-27
P-120737,50,grind_deburr,0.2,0.00096,,,2025-10-27
P-120737,60,powder_coat,0.25,0.00176,,,2025-10-27
P-120737,70,inspection_pack,0.15,0.00773,,,2025-10-27
P-120744,10,punch,0.5,0.02334,,,2025-12-31
P-120744,20,grind_deburr,0.2,0.00507,,,2025-12-31
P-120744,30,press_brake,0.87,0.03816,,TS-12GA-2,2025-12-31
P-120744,40,weld,0.5,0.15586,,,2025-12-31
P-120744,50,grind_deburr,0.2,0.00493,,,2025-12-31
P-120744,60,outside_processing,0.0,0.0,V-1077,,2025-12-31
P-120744,70,inspection_pack,0.15,0.00784,,,2025-12-31
P-120746,10,punch,0.5,0.01966,,,2025-12-28
P-120746,20,grind_deburr,0.2,0.00493,,,2025-12-28
P-120746,30,press_brake,0.73,0.03156,,TS-18GA-3,2025-12-28
P-120746,40,powder_coat,0.25,0.00754,,,2025-12-28
P-120746,50,assembly,0.3,0.02654,,,2025-12-28
P-120746,60,inspection_pack,0.15,0.00459,,,2025-12-28
P-120752,10,laser,0.2,0.01145,,,2025-12-20
P-120752,20,grind_deburr,0.2,0.00219,,,2025-12-20
P-120752,30,press_brake,0.87,0.0312,,TS-14GA-1,2025-12-20
P-120752,40,hardware,0.25,0.0158,,,2025-12-20
P-120752,50,powder_coat,0.25,0.00144,,,2025-12-20
P-120752,60,inspection_pack,0.15,0.00728,,,2025-12-20
P-120753,10,laser,0.2,0.00821,,,2025-10-30
P-120753,20,grind_deburr,0.2,0.0011,,,2025-10-30
P-120753,30,press_brake,0.59,0.01092,,TS-20GA-1,2025-10-30
P-120753,40,powder_coat,0.25,0.00241,,,2025-10-30
P-120753,50,inspection_pack,0.15,0.00986,,,2025-10-30
P-120759,10,laser,0.2,0.02856,,,2025-11-28
P-120759,20,grind_deburr,0.2,0.0074,,,2025-11-28
P-120759,30,press_brake,1.01,0.05377,,TS-16GA-1,2025-11-28
P-120759,40,robotic_weld,1.2,0.05462,,,2025-11-28
P-120759,50,grind_deburr,0.2,0.00644,,,2025-11-28
P-120759,60,powder_coat,0.25,0.00385,,,2025-11-28
P-120759,70,assembly,0.3,0.05221,,,2025-11-28
P-120759,80,inspection_pack,0.15,0.0037,,,2025-11-28
P-120765,10,punch,0.5,0.01385,,,2025-11-23
P-120765,20,grind_deburr,0.2,0.00548,,,2025-11-23
P-120765,30,press_brake,1.01,0.05461,,TS-20GA-3,2025-11-23
P-120765,40,hardware,0.25,0.00882,,,2025-11-23
P-120765,50,press_brake,0.87,0.04092,,TS-20GA-3,2025-11-23
P-120765,60,outside_processing,0.0,0.0,V-1040,,2025-11-23
P-120765,70,inspection_pack,0.15,0.00874,,,2025-11-23
P-120768,10,laser,0.2,0.01457,,,2025-12-12
P-120768,20,press_brake,0.87,0.03492,,TS-0.250IN-3,2025-12-12
P-120768,30,hardware,0.25,0.02388,,,2025-12-12
P-120768,40,powder_coat,0.25,0.00321,,,2025-12-12
P-120768,50,inspection_pack,0.15,0.00515,,,2025-12-12
P-120772,10,laser,0.2,0.00578,,,2025-10-31
P-120772,20,grind_deburr,0.2,0.00219,,,2025-10-31
P-120772,30,press_brake,0.66,0.0156,,TS-14GA-3,2025-10-31
P-120772,40,hardware,0.25,0.02657,,,2025-10-31
P-120772,50,inspection_pack,0.15,0.00448,,,2025-10-31
P-120774,10,laser,0.2,0.01596,,,2025-11-28
P-120774,20,grind_deburr,0.2,0.00151,,,2025-11-28
P-120774,30,press_brake,0.73,0.02076,,TS-16GA-3,2025-11-28
P-120774,40,powder_coat,0.25,0.00209,,,2025-11-28
P-120774,50,inspection_pack,0.15,0.0028,,,2025-11-28
P-120781,10,laser,0.2,0.02937,,,2025-12-03
P-120781,20,grind_deburr,0.2,0.00671,,,2025-12-03
P-120781,30,press_brake,0.94,0.04368,,TS-20GA-1,2025-12-03
P-120781,40,robotic_weld,1.2,0.02803,,,2025-12-03
P-120781,50,grind_deburr,0.2,0.00713,,,2025-12-03
P-120781,60,inspection_pack,0.15,0.00582,,,2025-12-03
P-120783,10,laser,0.2,0.03434,,,2025-11-29
P-120783,20,grind_deburr,0.2,0.0074,,,2025-11-29
P-120783,30,press_brake,0.66,0.02208,,TS-16GA-3,2025-11-29
P-120783,40,hardware,0.25,0.02633,,,2025-11-29
P-120783,50,assembly,0.3,0.0499,,,2025-11-29
P-120783,60,inspection_pack,0.15,0.0065,,,2025-11-29
P-120789,10,laser,0.2,0.01075,,,2025-12-22
P-120789,20,press_brake,0.52,0.00516,,TS-16GA-3,2025-12-22
P-120789,30,hardware,0.25,0.01555,,,2025-12-22
P-120789,40,inspection_pack,0.15,0.00784,,,2025-12-22
P-120793,10,laser,0.2,0.01804,,,2025-12-01
P-120793,20,grind_deburr,0.2,0.00082,,,2025-12-01
P-120793,30,press_brake,0.73,0.02076,,TS-16GA-1,2025-12-01
P-120793,40,robotic_weld,1.2,0.01534,,,2025-12-01
P-120793,50,grind_deburr,0.2,0.00096,,,2025-12-01
P-120793,60,inspection_pack,0.15,0.00538,,,2025-12-01
P-120796,10,punch,0.5,0.00504,,,2025-12-09
P-120796,20,grind_deburr,0.2,0.0011,,,2025-12-09
P-120796,30,press_brake,0.66,0.0156,,TS-18GA-1,2025-12-09
P-120796,40,outside_processing,0.0,0.0,V-1077,,2025-12-09
P-120796,50,inspection_pack,0.15,0.00717,,,2025-12-09
P-120797,10,laser,0.2,0.01203,,,2025-12-21
P-120797,20,grind_deburr,0.2,0.0026,,,2025-12-21
P-120797,30,press_brake,0.87,0.03108,,TS-14GA-3,2025-12-21
P-120797,40,powder_coat,0.25,0.00241,,,2025-12-21
P-120797,50,inspection_pack,0.15,0.00314,,,2025-12-21
P-120799,10,laser,0.2,0.10129,,,2025-12-28
P-120799,20,grind_deburr,0.2,0.00356,,,2025-12-28
P-120799,30,press_brake,1.01,0.06733,,TS-20GA-2,2025-12-28
P-120799,40,weld,0.5,0.19817,,,2025-12-28
P-120799,50,grind_deburr,0.2,0.01453,,,2025-12-28
P-120799,60,outside_processing,0.0,0.0,V-1040,,2025-12-28
P-120799,70,inspection_pack,0.15,0.00448,,,2025-12-28
P-120805,10,punch,0.5,0.01288,,,2025-11-26
P-120805,20,grind_deburr,0.2,0.0048,,,2025-11-26
P-120805,30,press_brake,0.8,0.03468,,TS-20GA-3,2025-11-26
P-120805,40,hardware,0.25,0.01322,,,2025-11-26
P-120805,50,weld,0.5,0.15318,,,2025-11-26
P-120805,60,grind_deburr,0.2,0.00671,,,2025-11-26
P-120805,70,powder_coat,0.25,0.00642,,,2025-11-26
P-120805,80,inspection_pack,0.15,0.00358,,,2025-11-26
P-120807,10,laser,0.2,0.0148,,,2025-11-26
P-120807,20,grind_deburr,0.2,0.00082,,,2025-11-26
P-120807,30,press_brake,0.73,0.02076,,TS-11GA-3,2025-11-26
P-120807,40,hardware,0.25,0.0202,,,2025-11-26
P-120807,50,weld,0.5,0.05013,,,2025-11-26
P-120807,60,grind_deburr,0.2,0.00206,,,2025-11-26
P-120807,70,powder_coat,0.25,0.00176,,,2025-11-26
P-120807,80,inspection_pack,0.15,0.00459,,,2025-11-26
P-120810,10,laser,0.2,0.04163,,,2025-11-05
P-120810,20,press_brake,0.8,0.03348,,TS-11GA-2,2025-11-05
P-120810,30,hardware,0.25,0.0142,,,2025-11-05
P-120810,40,inspection_pack,0.15,0.00302,,,2025-11-05
P-120813,10,laser,0.2,0.01954,,,2025-12-22
P-120813,20,press_brake,0.8,0.02652,,TS-18GA-2,2025-12-22
P-120813,30,outside_processing,0.0,0.0,V-1040,,2025-12-22
P-120813,40,inspection_pack,0.15,0.00347,,,2025-12-22
P-120815,10,laser,0.2,0.01908,,,2025-11-05
P-120815,20,press_brake,0.66,0.0156,,TS-0.250IN-2,2025-11-05
P-120815,30,hardware,0.25,0.01996,,,2025-11-05
P-120815,40,powder_coat,0.25,0.00241,,,2025-11-05
P-120815,50,inspection_pack,0.15,0.00291,,,2025-11-05
P-120818,10,laser,0.2,0.01677,,,2025-12-19
P-120818,20,grind_deburr,0.2,0.00233,,,2025-12-19
P-120818,30,press_brake,0.8,0.02868,,TS-12GA-1,2025-12-19
P-120818,40,powder_coat,0.25,0.00449,,,2025-12-19
P-120818,50,inspection_pack,0.15,0.00963,,,2025-12-19
P-120826,10,laser,0.2,0.10661,,,2025-11-06
P-120826,20,grind_deburr,0.2,0.01795,,,2025-11-06
P-120826,30,press_brake,1.43,0.14497,,TS-16GA-1,2025-11-06
P-120826,40,weld,0.5,0.4141,,,2025-11-06
P-120826,50,grind_deburr,0.2,0.01055,,,2025-11-06
P-120826,60,powder_coat,0.25,0.01732,,,2025-11-06
P-120826,70,inspection_pack,0.15,0.00694,,,2025-11-06
P-120833,10,punch,0.5,0.00639,,,2025-11-05
P-120833,20,grind_deburr,0.2,0.00206,,,2025-11-05
P-120833,30,press_brake,0.73,0.02076,,TS-14GA-1,2025-11-05
P-120833,40,hardware,0.25,0.01616,,,2025-11-05
P-120833,50,outside_processing,0.0,0.0,V-1040,,2025-11-05
P-120833,60,inspection_pack,0.15,0.01008,,,2025-11-05
P-120839,10,laser,0.2,0.10696,,,2025-12-20
P-120839,20,grind_deburr,0.2,0.02275,,,2025-12-20
P-120839,30,press_brake,0.73,0.03996,,TS-16GA-2,2025-12-20
P-120839,40,hardware,0.25,0.02816,,,2025-12-20
P-120839,50,press_brake,0.66,0.03,,TS-16GA-2,2025-12-20
P-120839,60,powder_coat,0.25,0.01748,,,2025-12-20
P-120839,70,inspection_pack,0.15,0.00952,,,2025-12-20
P-120843,10,laser,0.2,0.01677,,,2025-11-06
P-120843,20,grind_deburr,0.2,0.0011,,,2025-11-06
P-120843,30,press_brake,0.73,0.02076,,TS-16GA-3,2025-11-06
P-120843,40,powder_coat,0.25,0.0016,,,2025-11-06
P-120843,50,inspection_pack,0.15,0.00885,,,2025-11-06
P-120848,10,laser,0.2,0.06151,,,2025-12-15
P-120848,20,press_brake,1.29,0.13537,,TS-14GA-1,2025-12-15
P-120848,30,robotic_weld,1.2,0.08276,,,2025-12-15
P-120848,40,grind_deburr,0.2,0.02686,,,2025-12-15
P-120848,50,powder_coat,0.25,0.01011,,,2025-12-15
P-120848,60,assembly,0.3,0.08884,,,2025-12-15
P-120848,70,inspection_pack,0.15,0.00997,,,2025-12-15
P-120851,10,laser,0.2,0.01029,,,2025-11-10
P-120851,20,grind_deburr,0.2,0.00123,,,2025-11-10
P-120851,30,press_brake,0.87,0.03492,,TS-11GA-1,2025-11-10
P-120851,40,outside_processing,0.0,0.0,V-1040,,2025-11-10
P-120851,50,inspection_pack,0.15,0.00426,,,2025-11-10
P-120853,10,laser,0.2,0.01376,,,2025-11-27
P-120853,20,grind_deburr,0.2,0.00288,,,2025-11-27
P-120853,30,press_brake,0.66,0.0156,,TS-18GA-3,2025-11-27
P-120853,40,powder_coat,0.25,0.00225,,,2025-11-27
P-120853,50,inspection_pack,0.15,0.0065,,,2025-11-27
P-120858,10,laser,0.2,0.03399,,,2025-12-02
P-120858,20,grind_deburr,0.2,0.01124,,,2025-12-02
P-120858,30,press_brake,0.94,0.05029,,TS-14GA-2,2025-12-02
P-120858,40,hardware,0.25,0.01714,,,2025-12-02
P-120858,50,weld,0.5,0.14358,,,2025-12-02
P-120858,60,grind_deburr,0.2,0.00507,,,2025-12-02
P-120858,70,inspection_pack,0.15,0.00605,,,2025-12-02
P-120864,10,punch,0.5,0.02848,,,2025-12-20
P-120864,20,press_brake,1.43,0.15794,,TS-20GA-2,2025-12-20
P-120864,30,powder_coat,0.25,0.02695,,,2025-12-20
P-120864,40,inspection_pack,0.15,0.00661,,,2025-12-20
P-120868,10,laser,0.2,0.1191,,,2026-01-03
P-120868,20,grind_deburr,0.2,0.00576,,,2026-01-03
P-120868,30,press_brake,0.94,0.07489,,TS-16GA-1,2026-01-03
P-120868,40,hardware,0.25,0.0131,,,2026-01-03
P-120868,50,press_brake,0.8,0.05353,,TS-16GA-1,2026-01-03
P-120868,60,outside_processing,0.0,0.0,V-1040,,2026-01-03
P-120868,70,inspection_pack,0.15,0.00515,,,2026-01-03
P-120869,10,laser,0.2,0.10557,,,2025-12-13
P-120869,20,grind_deburr,0.2,0.01658,,,2025-12-13
P-120869,30,press_brake,0.87,0.05389,,TS-0.125IN-1,2025-12-13
P-120869,40,weld,0.5,0.19047,,,2025-12-13
P-120869,50,grind_deburr,0.2,0.00932,,,2025-12-13
P-120869,60,outside_processing,0.0,0.0,V-1077,,2025-12-13
P-120869,70,assembly,0.3,0.07645,,,2025-12-13
P-120869,80,inspection_pack,0.15,0.00974,,,2025-12-13
P-120875,10,laser,0.2,0.01607,,,2025-12-03
P-120875,20,grind_deburr,0.2,0.00219,,,2025-12-03
P-120875,30,press_brake,0.59,0.01032,,TS-0.125IN-3,2025-12-03
P-120875,40,inspection_pack,0.15,0.00683,,,2025-12-03
P-120882,10,laser,0.2,0.04139,,,2025-12-05
P-120882,20,grind_deburr,0.2,0.00233,,,2025-12-05
P-120882,30,press_brake,0.87,0.03792,,TS-16GA-3,2025-12-05
P-120882,40,weld,0.5,0.11868,,,2025-12-05
P-120882,50,grind_deburr,0.2,0.00411,,,2025-12-05
P-120882,60,powder_coat,0.25,0.00497,,,2025-12-05
P-120882,70,assembly,0.3,0.09926,,,2025-12-05
P-120882,80,inspection_pack,0.15,0.00538,,,2025-12-05
P-120887,10,laser,0.2,0.01411,,,2025-12-19
P-120887,20,press_brake,0.8,0.02604,,TS-16GA-3,2025-12-19
P-120887,30,powder_coat,0.25,0.00096,,,2025-12-19
P-120887,40,inspection_pack,0.15,0.0084,,,2025-12-19
P-120893,10,laser,0.2,0.00798,,,2025-11-14
P-120893,20,press_brake,0.66,0.0156,,TS-16GA-2,2025-11-14
P-120893,30,hardware,0.25,0.02143,,,2025-11-14
P-120893,40,inspection_pack,0.15,0.00784,,,2025-11-14
P-120894,10,laser,0.2,0.0074,,,2025-11-11
P-120894,20,grind_deburr,0.2,0.0026,,,2025-11-11
P-120894,30,press_brake,0.66,0.0156,,TS-20GA-3,2025-11-11
P-120894,40,hardware,0.25,0.02045,,,2025-11-11
P-120894,50,inspection_pack,0.15,0.01031,,,2025-11-11
P-120895,10,punch,0.5,0.00639,,,2025-11-12
P-120895,20,grind_deburr,0.2,0.00452,,,2025-11-12
P-120895,30,press_brake,1.01,0.0486,,TS-14GA-3,2025-11-12
P-120895,40,hardware,0.25,0.01188,,,2025-11-12
P-120895,50,weld,0.5,0.02523,,,2025-11-12
P-120895,60,grind_deburr,0.2,0.00562,,,2025-11-12
P-120895,70,outside_processing,0.0,0.0,V-1077,,2025-11-12
P-120895,80,assembly,0.3,0.07469,,,2025-11-12
P-120895,90,inspection_pack,0.15,0.00683,,,2025-11-12
P-120899,10,laser,0.2,0.01862,,,2026-01-08
P-120899,20,grind_deburr,0.2,0.00644,,,2026-01-08
P-120899,30,press_brake,0.87,0.03804,,TS-20GA-3,2026-01-08
P-120899,40,hardware,0.25,0.02608,,,2026-01-08
P-120899,50,weld,0.5,0.02512,,,2026-01-08
P-120899,60,grind_deburr,0.2,0.00548,,,2026-01-08
P-120899,70,inspection_pack,0.15,0.00851,,,2026-01-08
P-120900,10,laser,0.2,0.10603,,,2025-12-30
P-120900,20,grind_deburr,0.2,0.00685,,,2025-12-30
P-120900,30,press_brake,0.66,0.02964,,TS-14GA-3,2025-12-30
P-120900,40,hardware,0.25,0.01347,,,2025-12-30
P-120900,50,assembly,0.3,0.01865,,,2025-12-30
P-120900,60,inspection_pack,0.15,0.00683,,,2025-12-30
P-120908,10,laser,0.2,0.02671,,,2026-01-01
P-120908,20,press_brake,0.73,0.0246,,TS-16GA-2,2026-01-01
P-120908,30,weld,0.5,0.0192,,,2026-01-01
P-120908,40,grind_deburr,0.2,0.00617,,,2026-01-01
P-120908,50,press_brake,0.66,0.01848,,TS-16GA-2,2026-01-01
P-120908,60,inspection_pack,0.15,0.00963,,,2026-01-01
P-120915,10,laser,0.2,0.01954,,,2026-01-06
P-120915,20,grind_deburr,0.2,0.00164,,,2026-01-06
P-120915,30,press_brake,0.73,0.02148,,TS-20GA-2,2026-01-06
P-120915,40,hardware,0.25,0.00869,,,2026-01-06
P-120915,50,inspection_pack,0.15,0.00896,,,2026-01-06
P-120919,10,punch,0.5,0.01579,,,2025-12-19
P-120919,20,grind_deburr,0.2,0.00411,,,2025-12-19
P-120919,30,press_brake,0.87,0.03708,,TS-16GA-1,2025-12-19
P-120919,40,hardware,0.25,0.00967,,,2025-12-19
P-120919,50,weld,0.5,0.1026,,,2025-12-19
P-120919,60,grind_deburr,0.2,0.00671,,,2025-12-19
P-120919,70,assembly,0.3,0.02062,,,2025-12-19
P-120919,80,inspection_pack,0.15,0.00325,,,2025-12-19
P-120923,10,laser,0.2,0.03515,,,2025-12-23
P-120923,20,grind_deburr,0.2,0.00836,,,2025-12-23
P-120923,30,press_brake,1.01,0.05749,,TS-14GA-1,2025-12-23
P-120923,40,hardware,0.25,0.0251,,,2025-12-23
P-120923,50,inspection_pack,0.15,0.01008,,,2025-12-23
P-120928,10,laser,0.2,0.00821,,,2025-11-13
P-120928,20,grind_deburr,0.2,0.00219,,,2025-11-13
P-120928,30,press_brake,0.59,0.01032,,TS-0.125IN-2,2025-11-13
P-120928,40,inspection_pack,0.15,0.00336,,,2025-11-13
P-120931,10,laser,0.2,0.00659,,,2025-12-11
P-120931,20,press_brake,0.52,0.00516,,TS-12GA-3,2025-12-11
P-120931,30,outside_processing,0.0,0.0,V-1040,,2025-12-11
P-120931,40,inspection_pack,0.15,0.00818,,,2025-12-11
P-120935,10,laser,0.2,0.01573,,,2025-12-05
P-120935,20,grind_deburr,0.2,0.00082,,,2025-12-05
P-120935,30,press_brake,0.59,0.01032,,TS-14GA-3,2025-12-05
P-120935,40,hardware,0.25,0.02057,,,2025-12-05
P-120935,50,inspection_pack,0.15,0.00918,,,2025-12-05
P-120943,10,laser,0.2,0.03203,,,2025-11-17
P-120943,20,press_brake,0.66,0.01692,,TS-16GA-2,2025-11-17
P-120943,30,powder_coat,0.25,0.00401,,,2025-11-17
P-120943,40,inspection_pack,0.15,0.00403,,,2025-11-17
P-120944,10,punch,0.5,0.00852,,,2025-12-10
P-120944,20,grind_deburr,0.2,0.00247,,,2025-12-10
P-120944,30,press_brake,0.52,0.00516,,TS-16GA-2,2025-12-10
P-120944,40,hardware,0.25,0.02669,,,2025-12-10
P-120944,50,outside_processing,0.0,0.0,V-1077,,2025-12-10
P-120944,60,inspection_pack,0.15,0.0047,,,2025-12-10
P-120950,10,laser,0.2,0.06926,,,2025-12-21
P-120950,20,grind_deburr,0.2,0.02138,,,2025-12-21
P-120950,30,press_brake,1.01,0.08629,,TS-14GA-2,2025-12-21
P-120950,40,hardware,0.25,0.02682,,,2025-12-21
P-120950,50,weld,0.5,0.15642,,,2025-12-21
P-120950,60,grind_deburr,0.2,0.02179,,,2025-12-21
P-120950,70,assembly,0.3,0.0986,,,2025-12-21
P-120950,80,inspection_pack,0.15,0.00448,,,2025-12-21
P-120953,10,laser,0.2,0.01862,,,2025-12-08
P-120953,20,press_brake,0.52,0.00516,,TS-14GA-1,2025-12-08
P-120953,30,hardware,0.25,0.02253,,,2025-12-08
P-120953,40,powder_coat,0.25,0.00257,,,2025-12-08
P-120953,50,inspection_pack,0.15,0.00829,,,2025-12-08
P-120958,10,laser,0.2,0.01006,,,2025-12-18
P-120958,20,grind_deburr,0.2,0.00219,,,2025-12-18
P-120958,30,press_brake,0.73,0.02076,,TS-12GA-3,2025-12-18
P-120958,40,powder_coat,0.25,0.0008,,,2025-12-18
P-120958,50,inspection_pack,0.15,0.0056,,,2025-12-18
P-120964,10,punch,0.5,0.00765,,,2025-11-19
P-120964,20,press_brake,0.59,0.01188,,TS-18GA-2,2025-11-19
P-120964,30,outside_processing,0.0,0.0,V-1040,,2025-11-19
P-120964,40,inspection_pack,0.15,0.00482,,,2025-11-19
P-120965,10,laser,0.2,0.01052,,,2025-11-17
P-120965,20,press_brake,0.66,0.0156,,TS-18GA-1,2025-11-17
P-120965,30,inspection_pack,0.15,0.00504,,,2025-11-17
P-120966,10,laser,0.2,0.03723,,,2025-12-15
P-120966,20,grind_deburr,0.2,0.00767,,,2025-12-15
P-120966,30,press_brake,0.66,0.01992,,TS-18GA-2,2025-12-15
P-120966,40,powder_coat,0.25,0.00353,,,2025-12-15
P-120966,50,assembly,0.3,0.02764,,,2025-12-15
P-120966,60,inspection_pack,0.15,0.00773,,,2025-12-15
P-120968,10,laser,0.2,0.01596,,,2026-01-15
P-120968,20,grind_deburr,0.2,0.00384,,,2026-01-15
P-120968,30,press_brake,1.08,0.05125,,TS-14GA-1,2026-01-15
P-120968,40,robotic_weld,1.2,0.02615,,,2026-01-15
P-120968,50,grind_deburr,0.2,0.00343,,,2026-01-15
P-120968,60,powder_coat,0.25,0.00128,,,2026-01-15
P-120968,70,inspection_pack,0.15,0.00829,,,2026-01-15
P-120970,10,laser,0.2,0.0133,,,2025-12-21
P-120970,20,grind_deburr,0.2,0.0011,,,2025-12-21
P-120970,30,press_brake,0.73,0.02076,,TS-18GA-3,2025-12-21
P-120970,40,powder_coat,0.25,0.00209,,,2025-12-21
P-120970,50,outside_processing,0.0,0.0,V-1077,,2025-12-21
P-120970,60,inspection_pack,0.15,0.00907,,,2025-12-21
P-120975,10,laser,0.2,0.02509,,,2026-01-06
P-120975,20,grind_deburr,0.2,0.00343,,,2026-01-06
P-120975,30,press_brake,0.59,0.01152,,TS-14GA-2,2026-01-06
P-120975,40,hardware,0.25,0.0158,,,2026-01-06
P-120975,50,inspection_pack,0.15,0.00302,,,2026-01-06
P-120976,10,laser,0.2,0.10418,,,2025-12-22
P-120976,20,press_brake,1.43,0.11317,,TS-18GA-3,2025-12-22
P-120976,30,powder_coat,0.25,0.00433,,,2025-12-22
P-120976,40,inspection_pack,0.15,0.0065,,,2025-12-22
P-120978,10,laser,0.2,0.05249,,,2025-12-26
P-120978,20,grind_deburr,0.2,0.00904,,,2025-12-26
P-120978,30,press_brake,1.22,0.08581,,TS-20GA-2,2025-12-26
P-120978,40,powder_coat,0.25,0.01171,,,2025-12-26
P-120978,50,inspection_pack,0.15,0.00526,,,2025-12-26
P-120986,10,laser,0.2,0.01804,,,2025-12-18
P-120986,20,grind_deburr,0.2,0.00356,,,2025-12-18
P-120986,30,press_brake,0.73,0.02604,,TS-14GA-3,2025-12-18
P-120986,40,powder_coat,0.25,0.00594,,,2025-12-18
P-120986,50,inspection_pack,0.15,0.00627,,,2025-12-18
P-120991,10,laser,0.2,0.00902,,,2025-12-22
P-120991,20,grind_deburr,0.2,0.00192,,,2025-12-22
P-120991,30,press_brake,0.8,0.02676,,TS-11GA-3,2025-12-22
P-120991,40,inspection_pack,0.15,0.00448,,,2025-12-22
P-120993,10,laser,0.2,0.03689,,,2025-11-24
P-120993,20,grind_deburr,0.2,0.00576,,,2025-11-24
P-120993,30,press_brake,0.87,0.042,,TS-18GA-2,2025-11-24
P-120993,40,hardware,0.25,0.01739,,,2025-11-24
P-120993,50,powder_coat,0.25,0.00626,,,2025-11-24
P-120993,60,inspection_pack,0.15,0.0047,,,2025-11-24
P-121000,10,laser,0.2,0.01388,,,2025-12-14
P-121000,20,press_brake,0.66,0.0156,,TS-12GA-1,2025-12-14
P-121000,30,hardware,0.25,0.02425,,,2025-12-14
P-121000,40,outside_processing,0.0,0.0,V-1040,,2025-12-14
P-121000,50,inspection_pack,0.15,0.00526,,,2025-12-14
P-121004,10,laser,0.2,0.04567,,,2026-01-13
P-121004,20,press_brake,0.87,0.03708,,TS-14GA-3,2026-01-13
P-121004,30,hardware,0.25,0.00918,,,2026-01-13
P-121004,40,weld,0.5,0.01842,,,2026-01-13
P-121004,50,grind_deburr,0.2,0.00685,,,2026-01-13
P-121004,60,powder_coat,0.25,0.00337,,,2026-01-13
P-121004,70,inspection_pack,0.15,0.00381,,,2026-01-13
P-121016,10,laser,0.2,0.0518,,,2026-01-06
P-121016,20,press_brake,1.15,0.06961,,TS-16GA-2,2026-01-06
P-121016,30,hardware,0.25,0.0229,,,2026-01-06
P-121016,40,robotic_weld,1.2,0.0672,,,2026-01-06
P-121016,50,grind_deburr,0.2,0.01,,,2026-01-06
P-121016,60,powder_coat,0.25,0.00369,,,2026-01-06
P-121016,70,assembly,0.3,0.04925,,,2026-01-06
P-121016,80,inspection_pack,0.15,0.01019,,,2026-01-06
P-121017,10,laser,0.2,0.02567,,,2025-12-15
P-121017,20,grind_deburr,0.2,0.00548,,,2025-12-15
P-121017,30,press_brake,0.73,0.02364,,TS-18GA-3,2025-12-15
P-121017,40,hardware,0.25,0.01727,,,2025-12-15
P-121017,50,outside_processing,0.0,0.0,V-1040,,2025-12-15
P-121017,60,inspection_pack,0.15,0.00806,,,2025-12-15
P-121020,10,laser,0.2,0.01133,,,2026-01-12
P-121020,20,grind_deburr,0.2,0.00343,,,2026-01-12
P-121020,30,press_brake,0.73,0.02124,,TS-14GA-3,2026-01-12
P-121020,40,hardware,0.25,0.0098,,,2026-01-12
P-121020,50,outside_processing,0.0,0.0,V-1040,,2026-01-12
P-121020,60,inspection_pack,0.15,0.00874,,,2026-01-12
P-121025,10,laser,0.2,0.00509,,,2026-01-03
P-121025,20,press_brake,0.52,0.00516,,TS-18GA-2,2026-01-03
P-121025,30,powder_coat,0.25,0.00128,,,2026-01-03
P-121025,40,inspection_pack,0.15,0.00538,,,2026-01-03
P-121030,10,laser,0.2,0.04278,,,2026-01-20
P-121030,20,grind_deburr,0.2,0.00466,,,2026-01-20
P-121030,30,press_brake,0.73,0.0258,,TS-20GA-3,2026-01-20
P-121030,40,inspection_pack,0.15,0.00336,,,2026-01-20
P-121031,10,laser,0.2,0.01122,,,2026-01-18
P-121031,20,grind_deburr,0.2,0.00411,,,2026-01-18
P-121031,30,press_brake,1.15,0.05797,,TS-14GA-2,2026-01-18
P-121031,40,outside_processing,0.0,0.0,V-1040,,2026-01-18
P-121031,50,assembly,0.3,0.09103,,,2026-01-18
P-121031,60,inspection_pack,0.15,0.0037,,,2026-01-18
P-121037,10,laser,0.2,0.01399,,,2025-11-24
P-121037,20,grind_deburr,0.2,0.00726,,,2025-11-24
P-121037,30,press_brake,1.01,0.05077,,TS-12GA-1,2025-11-24
P-121037,40,weld,0.5,0.03885,,,2025-11-24
P-121037,50,grind_deburr,0.2,0.0048,,,2025-11-24
P-121037,60,press_brake,0.8,0.03168,,TS-12GA-1,2025-11-24
P-121037,70,inspection_pack,0.15,0.0047,,,2025-11-24
P-121038,10,laser,0.2,0.01376,,,2026-01-20
P-121038,20,press_brake,0.73,0.02076,,TS-14GA-3,2026-01-20
P-121038,30,hardware,0.25,0.02559,,,2026-01-20
P-121038,40,powder_coat,0.25,0.00257,,,2026-01-20
P-121038,50,inspection_pack,0.15,0.00302,,,2026-01-20
P-121043,10,laser,0.2,0.01052,,,2025-12-15
P-121043,20,grind_deburr,0.2,0.00233,,,2025-12-15
P-121043,30,press_brake,0.87,0.03108,,TS-18GA-3,2025-12-15
P-121043,40,hardware,0.25,0.01678,,,2025-12-15
P-121043,50,outside_processing,0.0,0.0,V-1040,,2025-12-15
P-121043,60,inspection_pack,0.15,0.01019,,,2025-12-15
P-121046,10,laser,0.2,0.02232,,,2026-01-12
P-121046,20,grind_deburr,0.2,0.00822,,,2026-01-12
P-121046,30,press_brake,0.73,0.02748,,TS-16GA-2,2026-01-12
P-121046,40,press_brake,0.66,0.02064,,TS-16GA-2,2026-01-12
P-121046,50,assembly,0.3,0.051,,,2026-01-12
P-121046,60,inspection_pack,0.15,0.00941,,,2026-01-12
P-121054,10,laser,0.2,0.00532,,,2025-12-18
P-121054,20,grind_deburr,0.2,0.00192,,,2025-12-18
P-121054,30,press_brake,0.8,0.02592,,TS-14GA-3,2025-12-18
P-121054,40,hardware,0.25,0.00845,,,2025-12-18
P-121054,50,inspection_pack,0.15,0.00997,,,2025-12-18
P-121057,10,laser,0.2,0.02278,,,2026-01-06
P-121057,20,press_brake,1.01,0.04236,,TS-18GA-3,2026-01-06
P-121057,30,hardware,0.25,0.01629,,,2026-01-06
P-121057,40,weld,0.5,0.03785,,,2026-01-06
P-121057,50,grind_deburr,0.2,0.00082,,,2026-01-06
P-121057,60,outside_processing,0.0,0.0,V-1102,,2026-01-06
P-121057,70,powder_coat,0.25,0.00273,,,2026-01-06
P-121057,80,inspection_pack,0.15,0.0037,,,2026-01-06
P-121061,10,laser,0.2,0.02313,,,2025-12-17
P-121061,20,press_brake,0.8,0.02808,,TS-18GA-3,2025-12-17
P-121061,30,weld,0.5,0.0738,,,2025-12-17
P-121061,40,grind_deburr,0.2,0.00233,,,2025-12-17
P-121061,50,inspection_pack,0.15,0.00706,,,2025-12-17
P-121066,10,laser,0.2,0.0355,,,2025-11-26
P-121066,20,grind_deburr,0.2,0.00247,,,2025-11-26
P-121066,30,press_brake,0.8,0.03108,,TS-11GA-3,2025-11-26
P-121066,40,inspection_pack,0.15,0.00952,,,2025-11-26
P-121072,10,punch,0.5,0.00678,,,2026-01-18
P-121072,20,grind_deburr,0.2,0.00206,,,2026-01-18
P-121072,30,press_brake,0.59,0.01032,,TS-11GA-1,2026-01-18
P-121072,40,hardware,0.25,0.02633,,,2026-01-18
P-121072,50,weld,0.5,0.01798,,,2026-01-18
P-121072,60,grind_deburr,0.2,0.00151,,,2026-01-18
P-121072,70,outside_processing,0.0,0.0,V-1040,,2026-01-18
P-121072,80,inspection_pack,0.15,0.00907,,,2026-01-18
P-121075,10,laser,0.2,0.04001,,,2026-01-22
P-121075,20,grind_deburr,0.2,0.00713,,,2026-01-22
P-121075,30,press_brake,0.94,0.04368,,TS-12GA-1,2026-01-22
P-121075,40,hardware,0.25,0.0109,,,2026-01-22
P-121075,50,weld,0.5,0.09244,,,2026-01-22
P-121075,60,grind_deburr,0.2,0.00671,,,2026-01-22
P-121075,70,powder_coat,0.25,0.00658,,,2026-01-22
P-121075,80,inspection_pack,0.15,0.0075,,,2026-01-22
P-121078,10,laser,0.2,0.03284,,,2025-12-28
P-121078,20,press_brake,1.22,0.07453,,TS-20GA-3,2025-12-28
P-121078,30,hardware,0.25,0.02804,,,2025-12-28
P-121078,40,weld,0.5,0.19349,,,2025-12-28
P-121078,50,grind_deburr,0.2,0.00343,,,2025-12-28
P-121078,60,outside_processing,0.0,0.0,V-1040,,2025-12-28
P-121078,70,inspection_pack,0.15,0.00818,,,2025-12-28
P-121079,10,laser,0.2,0.0074,,,2025-12-01
P-121079,20,grind_deburr,0.2,0.0011,,,2025-12-01
P-121079,30,press_brake,0.87,0.03264,,TS-14GA-2,2025-12-01
P-121079,40,hardware,0.25,0.02865,,,2025-12-01
P-121079,50,powder_coat,0.25,0.00289,,,2025-12-01
P-121079,60,inspection_pack,0.15,0.00997,,,2025-12-01
P-121087,10,laser,0.2,0.04903,,,2025-12-02
P-121087,20,press_brake,1.08,0.06757,,TS-16GA-1,2025-12-02
P-121087,30,hardware,0.25,0.01188,,,2025-12-02
P-121087,40,robotic_weld,1.2,0.05319,,,2025-12-02
P-121087,50,grind_deburr,0.2,0.0063,,,2025-12-02
P-121087,60,powder_coat,0.25,0.00818,,,2025-12-02
P-121087,70,inspection_pack,0.15,0.00739,,,2025-12-02
P-121090,10,laser,0.2,0.00648,,,2025-12-03
P-121090,20,grind_deburr,0.2,0.00247,,,2025-12-03
P-121090,30,press_brake,0.73,0.02076,,TS-12GA-3,2025-12-03
P-121090,40,powder_coat,0.25,0.00225,,,2025-12-03
P-121090,50,inspection_pack,0.15,0.00773,,,2025-12-03
P-121095,10,laser,0.2,0.01573,,,2026-01-03
P-121095,20,grind_deburr,0.2,0.0037,,,2026-01-03
P-121095,30,press_brake,0.66,0.01944,,TS-16GA-1,2026-01-03
P-121095,40,outside_processing,0.0,0.0,V-1077,,2026-01-03
P-121095,50,assembly,0.3,0.0567,,,2026-01-03
P-121095,60,inspection_pack,0.15,0.00694,,,2026-01-03
P-121099,10,laser,0.2,0.01434,,,2025-12-03
P-121099,20,grind_deburr,0.2,0.00301,,,2025-12-03
P-121099,30,press_brake,1.01,0.04764,,TS-16GA-3,2025-12-03
P-121099,40,weld,0.5,0.11232,,,2025-12-03
P-121099,50,grind_deburr,0.2,0.00219,,,2025-12-03
P-121099,60,inspection_pack,0.15,0.00818,,,2025-12-03
P-121100,10,laser,0.2,0.0259,,,2025-12-31
P-121100,20,grind_deburr,0.2,0.00192,,,2025-12-31
P-121100,30,press_brake,0.8,0.02844,,TS-14GA-1,2025-12-31
P-121100,40,inspection_pack,0.15,0.0075,,,2025-12-31
P-121106,10,laser,0.2,0.05111,,,2026-01-09
P-121106,20,grind_deburr,0.2,0.00671,,,2026-01-09
P-121106,30,press_brake,1.01,0.05533,,TS-14GA-1,2026-01-09
P-121106,40,assembly,0.3,0.04332,,,2026-01-09
P-121106,50,inspection_pack,0.15,0.00549,,,2026-01-09
P-121114,10,laser,0.2,0.01561,,,2026-01-22
P-121114,20,grind_deburr,0.2,0.00397,,,2026-01-22
P-121114,30,press_brake,0.8,0.02904,,TS-16GA-1,2026-01-22
P-121114,40,weld,0.5,0.0872,,,2026-01-22
P-121114,50,grind_deburr,0.2,0.00219,,,2026-01-22
P-121114,60,outside_processing,0.0,0.0,V-1040,,2026-01-22
P-121114,70,inspection_pack,0.15,0.01064,,,2026-01-22
P-121121,10,laser,0.2,0.01434,,,2025-12-04
P-121121,20,press_brake,0.73,0.02172,,TS-16GA-3,2025-12-04
P-121121,30,outside_processing,0.0,0.0,V-1040,,2025-12-04
P-121121,40,inspection_pack,0.15,0.00829,,,2025-12-04
P-121126,10,laser,0.2,0.01954,,,2026-01-22
P-121126,20,grind_deburr,0.2,0.00219,,,2026-01-22
P-121126,30,press_brake,0.52,0.00516,,TS-14GA-2,2026-01-22
P-121126,40,inspection_pack,0.15,0.00627,,,2026-01-22
P-121129,10,punch,0.5,0.0063,,,2025-12-04
P-121129,20,press_brake,0.66,0.0156,,TS-18GA-3,2025-12-04
P-121129,30,hardware,0.25,0.01518,,,2025-12-04
P-121129,40,weld,0.5,0.00904,,,2025-12-04
P-121129,50,grind_deburr,0.2,0.00206,,,2025-12-04
P-121129,60,powder_coat,0.25,0.00176,,,2025-12-04
P-121129,70,inspection_pack,0.15,0.00549,,,2025-12-04
P-121137,10,laser,0.2,0.03584,,,2025-12-31
P-121137,20,grind_deburr,0.2,0.00493,,,2025-12-31
P-121137,30,press_brake,0.73,0.03084,,TS-11GA-1,2025-12-31
P-121137,40,robotic_weld,1.2,0.07757,,,2025-12-31
P-121137,50,grind_deburr,0.2,0.00726,,,2025-12-31
P-121137,60,inspection_pack,0.15,0.0084,,,2025-12-31
P-121141,10,laser,0.2,0.02868,,,2026-01-14
P-121141,20,grind_deburr,0.2,0.00425,,,2026-01-14
P-121141,30,press_brake,0.87,0.03672,,TS-20GA-1,2026-01-14
P-121141,40,robotic_weld,1.2,0.01523,,,2026-01-14
P-121141,50,grind_deburr,0.2,0.00315,,,2026-01-14
P-121141,60,powder_coat,0.25,0.00513,,,2026-01-14
P-121141,70,assembly,0.3,0.03422,,,2026-01-14
P-121141,80,inspection_pack,0.15,0.01008,,,2026-01-14
P-121148,10,laser,0.2,0.11702,,,2026-01-25
P-121148,20,grind_deburr,0.2,0.01576,,,2026-01-25
P-121148,30,press_brake,1.01,0.08941,,TS-12GA-3,2026-01-25
P-121148,40,hardware,0.25,0.01053,,,2026-01-25
P-121148,50,inspection_pack,0.15,0.00526,,,2026-01-25
P-121162,10,laser,0.2,0.04255,,,2025-12-04
P-121162,20,grind_deburr,0.2,0.00603,,,2025-12-04
P-121162,30,press_brake,0.66,0.01968,,TS-18GA-3,2025-12-04
P-121162,40,hardware,0.25,0.01029,,,2025-12-04
P-121162,50,outside_processing,0.0,0.0,V-1040,,2025-12-04
P-121162,60,inspection_pack,0.15,0.0065,,,2025-12-04
P-121165,10,laser,0.2,0.03584,,,2026-01-08
P-121165,20,press_brake,1.01,0.05029,,TS-20GA-2,2026-01-08
P-121165,30,robotic_weld,1.2,0.01291,,,2026-01-08
P-121165,40,grind_deburr,0.2,0.00233,,,2026-01-08
P-121165,50,press_brake,0.8,0.03144,,TS-20GA-2,2026-01-08
P-121165,60,assembly,0.3,0.10672,,,2026-01-08
P-121165,70,inspection_pack,0.15,0.00862,,,2026-01-08
P-121173,10,laser,0.2,0.01191,,,2026-01-31
P-121173,20,grind_deburr,0.2,0.00151,,,2026-01-31
P-121173,30,press_brake,0.52,0.00516,,TS-11GA-2,2026-01-31
P-121173,40,hardware,0.25,0.01714,,,2026-01-31
P-121173,50,powder_coat,0.25,0.0008,,,2026-01-31
P-121173,60,inspection_pack,0.15,0.0065,,,2026-01-31
P-121179,10,laser,0.2,0.01885,,,2025-12-30
P-121179,20,grind_deburr,0.2,0.00274,,,2025-12-30
P-121179,30,press_brake,1.22,0.07765,,TS-18GA-2,2025-12-30
P-121179,40,weld,0.5,0.19014,,,2025-12-30
P-121179,50,grind_deburr,0.2,0.0048,,,2025-12-30
P-121179,60,powder_coat,0.25,0.00401,,,2025-12-30
P-121179,70,inspection_pack,0.15,0.00549,,,2025-12-30
P-121183,10,laser,0.2,0.00578,,,2025-12-08
P-121183,20,press_brake,0.8,0.0264,,TS-14GA-2,2025-12-08
P-121183,30,weld,0.5,0.01362,,,2025-12-08
P-121183,40,grind_deburr,0.2,0.00096,,,2025-12-08
P-121183,50,inspection_pack,0.15,0.00515,,,2025-12-08
P-121191,10,laser,0.2,0.06741,,,2026-01-17
P-121191,20,grind_deburr,0.2,0.00822,,,2026-01-17
P-121191,30,press_brake,1.08,0.09505,,TS-14GA-1,2026-01-17
P-121191,40,weld,0.5,0.27387,,,2026-01-17
P-121191,50,grind_deburr,0.2,0.0085,,,2026-01-17
P-121191,60,powder_coat,0.25,0.00802,,,2026-01-17
P-121191,70,inspection_pack,0.15,0.01064,,,2026-01-17
P-121197,10,laser,0.2,0.00694,,,2026-02-04
P-121197,20,grind_deburr,0.2,0.00219,,,2026-02-04
P-121197,30,press_brake,0.66,0.0156,,TS-14GA-3,2026-02-04
P-121197,40,inspection_pack,0.15,0.00963,,,2026-02-04
P-121198,10,laser,0.2,0.01665,,,2026-01-06
P-121198,20,grind_deburr,0.2,0.00809,,,2026-01-06
P-121198,30,press_brake,0.94,0.04728,,TS-16GA-2,2026-01-06
P-121198,40,hardware,0.25,0.02302,,,2026-01-06
P-121198,50,outside_processing,0.0,0.0,V-1040,,2026-01-06
P-121198,60,assembly,0.3,0.06669,,,2026-01-06
P-121198,70,inspection_pack,0.15,0.00941,,,2026-01-06
P-121205,10,punch,0.5,0.0185,,,2025-12-09
P-121205,20,grind_deburr,0.2,0.00534,,,2025-12-09
P-121205,30,press_brake,0.87,0.03468,,TS-12GA-1,2025-12-09
P-121205,40,robotic_weld,1.2,0.02957,,,2025-12-09
P-121205,50,grind_deburr,0.2,0.00452,,,2025-12-09
P-121205,60,powder_coat,0.25,0.00321,,,2025-12-09
P-121205,70,inspection_pack,0.15,0.0056,,,2025-12-09
P-121220,10,laser,0.2,0.04567,,,2026-01-02
P-121220,20,press_brake,0.73,0.02676,,TS-12GA-3,2026-01-02
P-121220,30,outside_processing,0.0,0.0,V-1077,,2026-01-02
P-121220,40,inspection_pack,0.15,0.00616,,,2026-01-02
P-121226,10,punch,0.5,0.00756,,,2026-01-14
P-121226,20,grind_deburr,0.2,0.00069,,,2026-01-14
P-121226,30,press_brake,0.59,0.01032,,TS-18GA-1,2026-01-14
P-121226,40,hardware,0.25,0.0082,,,2026-01-14
P-121226,50,powder_coat,0.25,0.0008,,,2026-01-14
P-121226,60,inspection_pack,0.15,0.00347,,,2026-01-14
P-121233,10,laser,0.2,0.02868,,,2026-01-22
P-121233,20,grind_deburr,0.2,0.00439,,,2026-01-22
P-121233,30,press_brake,0.94,0.0426,,TS-16GA-3,2026-01-22
P-121233,40,press_brake,0.8,0.03048,,TS-16GA-3,2026-01-22
P-121233,50,powder_coat,0.25,0.00176,,,2026-01-22
P-121233,60,inspection_pack,0.15,0.0093,,,2026-01-22
P-121268,10,laser,0.2,0.00867,,,2026-01-20
P-121268,20,grind_deburr,0.2,0.00123,,,2026-01-20
P-121268,30,press_brake,0.8,0.02592,,TS-14GA-1,2026-01-20
P-121268,40,weld,0.5,0.00715,,,2026-01-20
P-121268,50,grind_deburr,0.2,0.00096,,,2026-01-20
P-121268,60,inspection_pack,0.15,0.00616,,,2026-01-20
P-121280,10,laser,0.2,0.04926,,,2025-12-17
P-121280,20,grind_deburr,0.2,0.01535,,,2025-12-17
P-121280,30,press_brake,0.94,0.06145,,TS-18GA-1,2025-12-17
P-121280,40,hardware,0.25,0.02265,,,2025-12-17
P-121280,50,inspection_pack,0.15,0.0093,,,2025-12-17
P-121281,10,laser,0.2,0.03492,,,2026-01-07
P-121281,20,grind_deburr,0.2,0.00836,,,2026-01-07
P-121281,30,press_brake,0.8,0.03504,,TS-18GA-1,2026-01-07
P-121281,40,weld,0.5,0.04097,,,2026-01-07
P-121281,50,grind_deburr,0.2,0.00329,,,2026-01-07
P-121281,60,powder_coat,0.25,0.00802,,,2026-01-07
P-121281,70,inspection_pack,0.15,0.00482,,,2026-01-07
P-121302,10,laser,0.2,0.05423,,,2026-01-21
P-121302,20,grind_deburr,0.2,0.00466,,,2026-01-21
P-121302,30,press_brake,0.66,0.02232,,TS-0.125IN-3,2026-01-21
P-121302,40,press_brake,0.59,0.01488,,TS-0.125IN-3,2026-01-21
P-121302,50,outside_processing,0.0,0.0,V-1077,,2026-01-21
P-121302,60,inspection_pack,0.15,0.00448,,,2026-01-21
P-121309,10,laser,0.2,0.00555,,,2026-01-31
P-121309,20,grind_deburr,0.2,0.00069,,,2026-01-31
P-121309,30,press_brake,0.59,0.01032,,TS-16GA-2,2026-01-31
P-121309,40,powder_coat,0.25,0.0016,,,2026-01-31
P-121309,50,inspection_pack,0.15,0.00717,,,2026-01-31
