sales_order_id,customer_id,order_date,customer_po
SO-61290,C10011,2022-11-16,PO671849
SO-61303,C10019,2022-11-17,PO451171
SO-61328,C12256,2022-11-18,PO190902
SO-61333,C10041,2022-11-21,PO936425
SO-61336,C10071,2022-11-21,PO106928
SO-61339,C10096,2022-11-21,PO388924
SO-61340,C10102,2022-11-21,PO106193
SO-61370,C10071,2022-11-23,PO438614
SO-61385,C10006,2022-11-28,PO664705
SO-61388,C10024,2022-11-28,PO869411
SO-61391,C10132,2022-11-28,PO371858
SO-61393,C10192,2022-11-28,PO748147
SO-61405,C10286,2022-11-29,PO265409
SO-61406,C10006,2022-11-30,PO423704
SO-61414,C10138,2022-11-30,PO774097
SO-61416,C10235,2022-11-30,PO501011
SO-61421,C10071,2022-12-01,PO567487
SO-61428,C10581,2022-12-01,PO749114
SO-61431,C10053,2022-12-02,PO225699
SO-61439,C10006,2022-12-05,PO588946
SO-61440,C10011,2022-12-05,PO978832
SO-61443,C10041,2022-12-05,PO501799
SO-61446,C10086,2022-12-05,PO175742
SO-61448,C10144,2022-12-05,PO717047
SO-61450,C10208,2022-12-05,PO815653
SO-61452,C10006,2022-12-06,PO519837
SO-61458,C10071,2022-12-06,PO530521
SO-61459,C10081,2022-12-06,PO145710
SO-61460,C10102,2022-12-06,PO994999
SO-61465,C13119,2022-12-06,PO753983
SO-61467,C10011,2022-12-07,PO193749
SO-61469,C10071,2022-12-07,PO958054
SO-61471,C10102,2022-12-07,PO575422
SO-61472,C10159,2022-12-07,PO658600
SO-61473,C10440,2022-12-07,PO169797
SO-61476,C10738,2022-12-07,PO770884
SO-61480,C10006,2022-12-08,PO573596
SO-61482,C10053,2022-12-08,PO570700
SO-61483,C10071,2022-12-08,PO504183
SO-61485,C10086,2022-12-08,PO943303
SO-61486,C10096,2022-12-08,PO639399
SO-61489,C10440,2022-12-08,PO670938
SO-61490,C12620,2022-12-08,PO175806
SO-61493,C10033,2022-12-09,PO265374
SO-61494,C10071,2022-12-09,PO436822
SO-61496,C10102,2022-12-09,PO115715
SO-61497,C10123,2022-12-09,PO536658
SO-61499,C10261,2022-12-09,PO126514
SO-61501,C10365,2022-12-09,PO279040
SO-61502,C10400,2022-12-09,PO146590
SO-61505,C10006,2022-12-12,PO223674
SO-61509,C10033,2022-12-12,PO936740
SO-61511,C10071,2022-12-12,PO866875
SO-61512,C10081,2022-12-12,PO208160
SO-61513,C10086,2022-12-12,PO323209
SO-61515,C10102,2022-12-12,PO373216
SO-61517,C10217,2022-12-12,PO606096
SO-61518,C10304,2022-12-12,PO862720
SO-61519,C10400,2022-12-12,PO315034
SO-61520,C10603,2022-12-12,PO346343
SO-61521,C10738,2022-12-12,PO392204
SO-61522,C10926,2022-12-12,PO758453
SO-61523,C12297,2022-12-12,PO939683
SO-61525,C10006,2022-12-13,PO498804
SO-61526,C10024,2022-12-13,PO545944
SO-61527,C10033,2022-12-13,PO448815
SO-61529,C10071,2022-12-13,PO656478
SO-61530,C10096,2022-12-13,PO373393
SO-61532,C10248,2022-12-13,PO651458
SO-61534,C10452,2022-12-13,PO696391
SO-61535,C10603,2022-12-13,PO823911
SO-61537,C10707,2022-12-13,PO280416
SO-61539,C11112,2022-12-13,PO879195
SO-61541,C11368,2022-12-13,PO284929
SO-61542,C11518,2022-12-13,PO240002
SO-61543,C10006,2022-12-14,PO290056
SO-61545,C10024,2022-12-14,PO867932
SO-61546,C10071,2022-12-14,PO952523
SO-61547,C10086,2022-12-14,PO728013
SO-61548,C10096,2022-12-14,PO391025
SO-61549,C10138,2022-12-14,PO545557
SO-61552,C10890,2022-12-14,PO978189
SO-61553,C10909,2022-12-14,PO951170
SO-61554,C10914,2022-12-14,PO775679
SO-61556,C10011,2022-12-15,PO972912
SO-61557,C10071,2022-12-15,PO812488
SO-61559,C10096,2022-12-15,PO470373
SO-61560,C10102,2022-12-15,PO127566
SO-61561,C10114,2022-12-15,PO646221
SO-61562,C10132,2022-12-15,PO181475
SO-61564,C10161,2022-12-15,PO771788
SO-61566,C10423,2022-12-15,PO249257
SO-61567,C10714,2022-12-15,PO342380
SO-61568,C10909,2022-12-15,PO814371
SO-61569,C11168,2022-12-15,PO290796
SO-61571,C11530,2022-12-15,PO341367
SO-61573,C11904,2022-12-15,PO913674
SO-61574,C10006,2022-12-16,PO913572
SO-61575,C10033,2022-12-16,PO822510
SO-61576,C10041,2022-12-16,PO607265
SO-61577,C10042,2022-12-16,PO377586
SO-61578,C10071,2022-12-16,PO468996
SO-61580,C10086,2022-12-16,PO866694
SO-61581,C10102,2022-12-16,PO883543
SO-61582,C10114,2022-12-16,PO760419
SO-61586,C10669,2022-12-16,PO364028
SO-61587,C10920,2022-12-16,PO832095
SO-61588,C11168,2022-12-16,PO843317
SO-61590,C12075,2022-12-16,PO786931
SO-61591,C12191,2022-12-16,PO664305
SO-61592,C10006,2022-12-19,PO289261
SO-61593,C10011,2022-12-19,PO329148
SO-61594,C10024,2022-12-19,PO454580
SO-61595,C10033,2022-12-19,PO691975
SO-61596,C10053,2022-12-19,PO197222
SO-61597,C10071,2022-12-19,PO258568
SO-61598,C10081,2022-12-19,PO971796
SO-61599,C10086,2022-12-19,PO320922
SO-61600,C10096,2022-12-19,PO513224
SO-61601,C10102,2022-12-19,PO389707
SO-61602,C10107,2022-12-19,PO181922
SO-61603,C10123,2022-12-19,PO618978
SO-61604,C10138,2022-12-19,PO197732
SO-61605,C10151,2022-12-19,PO165432
SO-61606,C10161,2022-12-19,PO826658
SO-61607,C10192,2022-12-19,PO635156
SO-61609,C10235,2022-12-19,PO452059
SO-61610,C10242,2022-12-19,PO328268
SO-61611,C10257,2022-12-19,PO402532
SO-61612,C10261,2022-12-19,PO322658
SO-61613,C10286,2022-12-19,PO404848
SO-61614,C10409,2022-12-19,PO552457
SO-61615,C11010,2022-12-19,PO734836
SO-61616,C11945,2022-12-19,PO313998
SO-61617,C12751,2022-12-19,PO557406
SO-61618,C12762,2022-12-19,PO276853
SO-61619,C10006,2022-12-20,PO738698
SO-61620,C10011,2022-12-20,PO351775
SO-61621,C10024,2022-12-20,PO546953
SO-61622,C10042,2022-12-20,PO728456
SO-61623,C10071,2022-12-20,PO740531
SO-61624,C10102,2022-12-20,PO503920
SO-61626,C10144,2022-12-20,PO372393
SO-61627,C10175,2022-12-20,PO482283
SO-61628,C10248,2022-12-20,PO438658
SO-61629,C10286,2022-12-20,PO150339
SO-61630,C10344,2022-12-20,PO702701
SO-61631,C10452,2022-12-20,PO936983
SO-61632,C10629,2022-12-20,PO675866
SO-61633,C10659,2022-12-20,PO464130
SO-61634,C10810,2022-12-20,PO286266
SO-61635,C12118,2022-12-20,PO181025
SO-61636,C10006,2022-12-21,PO298274
SO-61637,C10011,2022-12-21,PO583118
SO-61638,C10019,2022-12-21,PO877668
SO-61639,C10071,2022-12-21,PO355357
SO-61640,C10081,2022-12-21,PO786847
SO-61641,C10096,2022-12-21,PO743222
SO-61642,C10132,2022-12-21,PO663631
SO-61643,C10242,2022-12-21,PO721771
SO-61644,C10365,2022-12-21,PO170607
SO-61645,C10409,2022-12-21,PO837772
SO-61646,C10418,2022-12-21,PO212823
SO-61647,C10452,2022-12-21,PO987049
SO-61648,C10483,2022-12-21,PO586752
SO-61649,C11019,2022-12-21,PO243235
SO-61650,C12738,2022-12-21,PO665790
SO-61651,C12872,2022-12-21,PO565826
SO-61652,C12987,2022-12-21,PO723441
SO-61653,C10006,2022-12-22,PO203526
SO-61654,C10053,2022-12-22,PO591861
SO-61655,C10071,2022-12-22,PO640028
SO-61656,C10081,2022-12-22,PO546101
SO-61657,C10096,2022-12-22,PO430717
SO-61658,C10102,2022-12-22,PO661233
SO-61659,C10107,2022-12-22,PO251732
SO-61660,C10151,2022-12-22,PO650038
SO-61661,C10215,2022-12-22,PO403473
SO-61662,C10257,2022-12-22,PO487666
SO-61663,C10304,2022-12-22,PO476363
SO-61664,C10361,2022-12-22,PO591240
SO-61666,C10390,2022-12-22,PO875362
SO-61667,C10400,2022-12-22,PO524251
SO-61668,C10463,2022-12-22,PO514173
SO-61669,C10573,2022-12-22,PO731328
SO-61670,C10655,2022-12-22,PO700611
SO-61671,C10810,2022-12-22,PO531414
SO-61672,C10982,2022-12-22,PO148925
SO-61673,C11304,2022-12-22,PO669610
SO-61674,C11421,2022-12-22,PO976156
SO-61675,C11596,2022-12-22,PO200198
SO-61676,C12159,2022-12-22,PO574622
SO-61677,C12427,2022-12-22,PO455786
SO-61678,C10006,2023-01-03,PO934759
SO-61679,C10107,2023-01-03,PO419493
SO-61680,C10006,2023-01-04,PO912895
SO-61681,C10071,2023-01-04,PO735176
SO-61682,C10151,2023-01-04,PO561060
SO-61683,C10006,2023-01-05,PO170164
SO-61684,C10071,2023-01-05,PO549421
SO-61685,C10081,2023-01-05,PO304802
SO-61686,C10102,2023-01-05,PO124557
SO-61687,C10138,2023-01-05,PO176178
SO-61688,C10286,2023-01-05,PO447568
SO-61689,C10365,2023-01-05,PO723316
SO-61690,C10494,2023-01-05,PO655577
SO-61691,C10006,2023-01-06,PO355116
SO-61692,C10019,2023-01-06,PO623916
SO-61693,C10071,2023-01-06,PO639001
SO-61694,C10081,2023-01-06,PO419169
SO-61695,C10086,2023-01-06,PO294212
SO-61696,C10102,2023-01-06,PO422693
SO-61697,C10217,2023-01-06,PO941500
SO-61698,C10801,2023-01-06,PO960601
SO-61699,C13021,2023-01-06,PO635395
SO-61700,C10006,2023-01-09,PO139834
SO-61701,C10011,2023-01-09,PO601874
SO-61702,C10019,2023-01-09,PO541586
SO-61703,C10024,2023-01-09,PO315894
SO-61704,C10071,2023-01-09,PO433476
SO-61705,C10081,2023-01-09,PO661139
SO-61706,C10086,2023-01-09,PO338103
SO-61707,C10096,2023-01-09,PO440080
SO-61708,C10102,2023-01-09,PO799532
SO-61709,C10107,2023-01-09,PO167519
SO-61710,C10114,2023-01-09,PO136024
SO-61711,C10123,2023-01-09,PO998245
SO-61712,C10276,2023-01-09,PO350038
SO-61713,C10376,2023-01-09,PO970549
SO-61714,C10440,2023-01-09,PO128979
SO-61715,C10444,2023-01-09,PO649265
SO-61716,C10452,2023-01-09,PO831022
SO-61717,C10456,2023-01-09,PO291504
SO-61718,C11351,2023-01-09,PO684165
SO-61719,C11419,2023-01-09,PO539703
SO-61720,C11578,2023-01-09,PO638180
SO-61721,C10006,2023-01-10,PO453095
SO-61722,C10024,2023-01-10,PO392058
SO-61723,C10041,2023-01-10,PO906772
SO-61724,C10067,2023-01-10,PO795848
SO-61725,C10081,2023-01-10,PO116080
SO-61726,C10086,2023-01-10,PO963300
SO-61727,C10102,2023-01-10,PO539027
SO-61728,C10144,2023-01-10,PO628047
SO-61729,C10321,2023-01-10,PO614089
SO-61730,C10573,2023-01-10,PO201254
SO-61731,C10006,2023-01-11,PO580259
SO-61732,C10011,2023-01-11,PO438864
SO-61733,C10053,2023-01-11,PO724904
SO-61734,C10071,2023-01-11,PO596162
SO-61735,C10102,2023-01-11,PO622009
SO-61736,C10144,2023-01-11,PO185987
SO-61737,C10173,2023-01-11,PO160825
SO-61738,C10248,2023-01-11,PO180712
SO-61739,C10762,2023-01-11,PO145283
SO-61740,C10810,2023-01-11,PO112703
SO-61741,C10937,2023-01-11,PO182692
SO-61742,C12644,2023-01-11,PO319035
SO-61743,C10006,2023-01-12,PO684986
SO-61744,C10071,2023-01-12,PO818983
SO-61745,C10096,2023-01-12,PO720811
SO-61746,C10102,2023-01-12,PO907823
SO-61747,C10151,2023-01-12,PO440435
SO-61748,C10173,2023-01-12,PO673933
SO-61749,C10186,2023-01-12,PO719327
SO-61750,C10248,2023-01-12,PO462015
SO-61751,C10286,2023-01-12,PO216385
SO-61752,C10304,2023-01-12,PO822587
SO-61753,C10470,2023-01-12,PO723023
SO-61754,C10482,2023-01-12,PO707665
SO-61755,C10615,2023-01-12,PO523015
SO-61756,C11019,2023-01-12,PO874896
SO-61757,C11235,2023-01-12,PO316684
SO-61758,C11451,2023-01-12,PO414456
SO-61759,C12344,2023-01-12,PO736494
SO-61760,C10006,2023-01-13,PO140052
SO-61761,C10019,2023-01-13,PO858853
SO-61762,C10024,2023-01-13,PO254670
SO-61763,C10086,2023-01-13,PO625542
SO-61764,C10186,2023-01-13,PO450668
SO-61765,C10352,2023-01-13,PO331785
SO-61766,C10506,2023-01-13,PO451345
SO-61767,C10701,2023-01-13,PO279658
SO-61768,C12509,2023-01-13,PO874843
SO-61769,C10006,2023-01-16,PO302066
SO-61770,C10011,2023-01-16,PO229101
SO-61771,C10024,2023-01-16,PO391492
SO-61772,C10071,2023-01-16,PO918373
SO-61773,C10081,2023-01-16,PO849245
SO-61774,C10086,2023-01-16,PO806679
SO-61775,C10096,2023-01-16,PO515013
SO-61776,C10102,2023-01-16,PO535491
SO-61777,C10132,2023-01-16,PO906674
SO-61778,C10138,2023-01-16,PO712974
SO-61779,C10151,2023-01-16,PO872791
SO-61780,C10161,2023-01-16,PO619251
SO-61781,C10186,2023-01-16,PO844358
SO-61782,C10208,2023-01-16,PO314653
SO-61783,C10269,2023-01-16,PO936832
SO-61784,C10444,2023-01-16,PO908960
SO-61785,C10965,2023-01-16,PO805462
SO-61786,C11188,2023-01-16,PO314699
SO-61787,C11221,2023-01-16,PO657361
SO-61788,C11225,2023-01-16,PO646121
SO-61789,C11451,2023-01-16,PO348965
SO-61790,C11489,2023-01-16,PO632932
SO-61791,C11530,2023-01-16,PO231185
SO-61792,C11759,2023-01-16,PO394468
SO-61793,C10006,2023-01-17,PO796713
SO-61794,C10081,2023-01-17,PO873501
SO-61795,C10123,2023-01-17,PO599519
SO-61796,C10144,2023-01-17,PO489383
SO-61797,C10159,2023-01-17,PO322867
SO-61798,C10200,2023-01-17,PO702035
SO-61799,C10225,2023-01-17,PO591416
SO-61800,C10483,2023-01-17,PO898612
SO-61801,C10515,2023-01-17,PO740236
SO-61802,C10926,2023-01-17,PO718057
SO-61803,C11052,2023-01-17,PO953213
SO-61804,C11269,2023-01-17,PO161019
SO-61805,C10006,2023-01-18,PO847672
SO-61806,C10019,2023-01-18,PO323326
SO-61807,C10024,2023-01-18,PO247857
SO-61808,C10042,2023-01-18,PO260438
SO-61809,C10071,2023-01-18,PO882694
SO-61810,C10081,2023-01-18,PO537461
SO-61811,C10102,2023-01-18,PO600747
SO-61812,C10151,2023-01-18,PO482066
SO-61813,C10159,2023-01-18,PO362856
SO-61814,C10304,2023-01-18,PO303793
SO-61815,C10332,2023-01-18,PO275293
SO-61816,C10853,2023-01-18,PO485055
SO-61817,C11172,2023-01-18,PO977575
SO-61818,C11542,2023-01-18,PO807280
SO-61819,C10006,2023-01-19,PO539350
SO-61820,C10011,2023-01-19,PO123824
SO-61821,C10071,2023-01-19,PO660836
SO-61822,C10304,2023-01-19,PO369345
SO-61823,C10463,2023-01-19,PO914022
SO-61824,C10470,2023-01-19,PO895940
SO-61825,C10636,2023-01-19,PO206961
SO-61826,C11524,2023-01-19,PO540082
SO-61827,C11928,2023-01-19,PO966970
SO-61828,C12626,2023-01-19,PO486026
SO-61829,C10006,2023-01-20,PO252558
SO-61830,C10011,2023-01-20,PO923330
SO-61831,C10019,2023-01-20,PO335983
SO-61832,C10033,2023-01-20,PO592471
SO-61833,C10060,2023-01-20,PO101169
SO-61834,C10071,2023-01-20,PO907904
SO-61835,C10081,2023-01-20,PO267407
SO-61836,C10102,2023-01-20,PO534638
SO-61837,C10159,2023-01-20,PO487260
SO-61838,C10173,2023-01-20,PO685525
SO-61839,C10248,2023-01-20,PO167062
SO-61840,C10440,2023-01-20,PO819771
SO-61841,C10470,2023-01-20,PO764364
SO-61842,C10914,2023-01-20,PO887770
SO-61843,C11266,2023-01-20,PO557645
SO-61844,C11284,2023-01-20,PO714102
SO-61845,C10006,2023-01-23,PO368892
SO-61846,C10024,2023-01-23,PO497460
SO-61847,C10041,2023-01-23,PO844738
SO-61848,C10042,2023-01-23,PO898701
SO-61849,C10071,2023-01-23,PO838797
SO-61850,C10081,2023-01-23,PO981256
SO-61851,C10086,2023-01-23,PO439703
SO-61852,C10102,2023-01-23,PO827570
SO-61853,C10107,2023-01-23,PO382662
SO-61854,C10151,2023-01-23,PO535400
SO-61855,C10186,2023-01-23,PO352354
SO-61856,C10200,2023-01-23,PO855232
SO-61857,C10390,2023-01-23,PO592050
SO-61858,C10430,2023-01-23,PO849085
SO-61859,C10463,2023-01-23,PO182288
SO-61860,C10501,2023-01-23,PO897583
SO-61861,C10595,2023-01-23,PO938128
SO-61862,C10636,2023-01-23,PO122354
SO-61863,C10890,2023-01-23,PO118831
SO-61864,C11480,2023-01-23,PO260877
SO-61865,C12703,2023-01-23,PO808249
SO-61866,C13086,2023-01-23,PO426223
SO-61867,C10006,2023-01-24,PO468297
SO-61868,C10041,2023-01-24,PO857839
SO-61869,C10071,2023-01-24,PO151531
SO-61870,C10081,2023-01-24,PO530568
SO-61871,C10086,2023-01-24,PO294443
SO-61872,C10102,2023-01-24,PO298776
SO-61873,C10107,2023-01-24,PO362094
SO-61874,C10132,2023-01-24,PO241197
SO-61875,C10161,2023-01-24,PO379449
SO-61876,C10217,2023-01-24,PO121046
SO-61877,C10257,2023-01-24,PO655893
SO-61878,C10859,2023-01-24,PO916072
SO-61879,C11430,2023-01-24,PO544653
SO-61880,C10006,2023-01-25,PO583811
SO-61881,C10071,2023-01-25,PO705440
SO-61882,C10081,2023-01-25,PO933936
SO-61883,C10096,2023-01-25,PO469653
SO-61884,C10102,2023-01-25,PO549045
SO-61885,C10151,2023-01-25,PO376888
SO-61886,C10173,2023-01-25,PO967677
SO-61887,C10242,2023-01-25,PO469190
SO-61888,C10430,2023-01-25,PO931327
SO-61889,C10595,2023-01-25,PO365452
SO-61890,C10006,2023-01-26,PO969829
SO-61891,C10071,2023-01-26,PO626332
SO-61892,C10081,2023-01-26,PO646663
SO-61893,C10086,2023-01-26,PO951688
SO-61894,C10102,2023-01-26,PO507765
SO-61895,C10114,2023-01-26,PO283349
SO-61896,C10144,2023-01-26,PO249945
SO-61897,C10304,2023-01-26,PO670991
SO-61898,C13014,2023-01-26,PO651550
SO-61899,C10006,2023-01-27,PO881339
SO-61900,C10011,2023-01-27,PO629594
SO-61901,C10060,2023-01-27,PO228303
SO-61902,C10071,2023-01-27,PO362669
SO-61903,C10081,2023-01-27,PO446573
SO-61904,C10086,2023-01-27,PO206310
SO-61905,C10096,2023-01-27,PO647081
SO-61906,C10107,2023-01-27,PO246883
SO-61907,C10159,2023-01-27,PO989192
SO-61908,C10173,2023-01-27,PO199797
SO-61909,C10208,2023-01-27,PO380983
SO-61910,C10470,2023-01-27,PO738592
SO-61911,C11178,2023-01-27,PO410215
SO-61912,C11676,2023-01-27,PO655105
SO-61913,C12149,2023-01-27,PO548258
SO-61914,C10006,2023-01-30,PO195848
SO-61915,C10011,2023-01-30,PO139457
SO-61916,C10019,2023-01-30,PO957094
SO-61917,C10024,2023-01-30,PO162988
SO-61918,C10041,2023-01-30,PO748520
SO-61919,C10071,2023-01-30,PO675243
SO-61920,C10081,2023-01-30,PO165583
SO-61921,C10086,2023-01-30,PO369566
SO-61922,C10107,2023-01-30,PO503262
SO-61923,C10151,2023-01-30,PO180423
SO-61924,C10175,2023-01-30,PO825230
SO-61925,C10215,2023-01-30,PO896843
SO-61926,C10225,2023-01-30,PO920189
SO-61927,C10242,2023-01-30,PO288842
SO-61928,C10321,2023-01-30,PO861200
SO-61929,C10361,2023-01-30,PO192003
SO-61930,C10423,2023-01-30,PO500372
SO-61931,C10483,2023-01-30,PO728587
SO-61932,C10616,2023-01-30,PO230852
SO-61933,C10814,2023-01-30,PO202883
SO-61934,C11235,2023-01-30,PO468050
SO-61935,C10006,2023-01-31,PO287254
SO-61936,C10042,2023-01-31,PO660534
SO-61937,C10071,2023-01-31,PO746982
SO-61938,C10081,2023-01-31,PO706107
SO-61939,C10086,2023-01-31,PO574788
SO-61940,C10114,2023-01-31,PO649584
SO-61941,C10138,2023-01-31,PO259995
SO-61942,C10173,2023-01-31,PO481243
SO-61943,C10293,2023-01-31,PO657033
SO-61944,C10297,2023-01-31,PO528429
SO-61945,C10376,2023-01-31,PO335596
SO-61946,C10390,2023-01-31,PO250549
SO-61947,C10463,2023-01-31,PO800548
SO-61948,C11235,2023-01-31,PO768931
SO-61949,C10006,2023-02-01,PO605857
SO-61950,C10019,2023-02-01,PO977783
SO-61951,C10042,2023-02-01,PO448990
SO-61952,C10071,2023-02-01,PO351954
SO-61953,C10081,2023-02-01,PO534768
SO-61954,C10123,2023-02-01,PO814322
SO-61955,C10173,2023-02-01,PO200616
SO-61956,C10257,2023-02-01,PO967790
SO-61957,C10365,2023-02-01,PO380747
SO-61958,C10529,2023-02-01,PO861005
SO-61959,C10573,2023-02-01,PO782222
SO-61960,C10659,2023-02-01,PO814320
SO-61961,C13055,2023-02-01,PO391459
SO-61962,C10006,2023-02-02,PO879321
SO-61963,C10060,2023-02-02,PO848515
SO-61964,C10071,2023-02-02,PO291561
SO-61965,C10081,2023-02-02,PO855482
SO-61966,C10102,2023-02-02,PO981163
SO-61967,C10132,2023-02-02,PO385025
SO-61968,C10173,2023-02-02,PO449469
SO-61969,C10186,2023-02-02,PO493205
SO-61970,C10217,2023-02-02,PO475370
SO-61971,C10235,2023-02-02,PO587298
SO-61972,C10684,2023-02-02,PO234831
SO-61973,C10006,2023-02-03,PO244622
SO-61974,C10019,2023-02-03,PO867987
SO-61975,C10024,2023-02-03,PO550069
SO-61976,C10081,2023-02-03,PO180395
SO-61977,C10086,2023-02-03,PO442480
SO-61978,C10151,2023-02-03,PO964864
SO-61979,C10173,2023-02-03,PO376787
SO-61980,C10322,2023-02-03,PO502274
SO-61981,C10965,2023-02-03,PO580489
SO-61982,C11724,2023-02-03,PO908740
SO-61983,C10006,2023-02-06,PO963171
SO-61984,C10011,2023-02-06,PO328034
SO-61985,C10019,2023-02-06,PO841080
SO-61986,C10024,2023-02-06,PO677375
SO-61987,C10033,2023-02-06,PO926235
SO-61988,C10041,2023-02-06,PO834714
SO-61989,C10042,2023-02-06,PO297940
SO-61990,C10071,2023-02-06,PO522000
SO-61991,C10081,2023-02-06,PO603518
SO-61992,C10102,2023-02-06,PO975683
SO-61993,C10123,2023-02-06,PO412523
SO-61994,C10144,2023-02-06,PO830365
SO-61995,C10159,2023-02-06,PO172905
SO-61996,C10161,2023-02-06,PO833705
SO-61997,C10186,2023-02-06,PO154174
SO-61998,C10215,2023-02-06,PO464946
SO-61999,C10217,2023-02-06,PO762707
SO-62000,C10430,2023-02-06,PO885262
SO-62001,C10544,2023-02-06,PO600773
SO-62002,C11168,2023-02-06,PO181679
SO-62003,C11564,2023-02-06,PO226910
SO-62004,C11641,2023-02-06,PO857027
SO-62005,C12399,2023-02-06,PO995625
SO-62006,C10006,2023-02-07,PO306666
SO-62007,C10011,2023-02-07,PO438759
SO-62008,C10024,2023-02-07,PO137133
SO-62009,C10033,2023-02-07,PO715607
SO-62010,C10071,2023-02-07,PO254819
SO-62011,C10081,2023-02-07,PO759656
SO-62012,C10096,2023-02-07,PO487995
SO-62013,C10102,2023-02-07,PO363166
SO-62014,C10107,2023-02-07,PO389697
SO-62015,C10138,2023-02-07,PO747063
SO-62016,C10144,2023-02-07,PO505457
SO-62017,C10701,2023-02-07,PO356942
SO-62018,C10006,2023-02-08,PO951211
SO-62019,C10071,2023-02-08,PO186049
SO-62020,C10081,2023-02-08,PO688734
SO-62021,C10096,2023-02-08,PO136546
SO-62022,C10286,2023-02-08,PO364610
SO-62023,C10308,2023-02-08,PO634429
SO-62024,C10456,2023-02-08,PO813752
SO-62025,C10521,2023-02-08,PO878741
SO-62026,C10595,2023-02-08,PO702068
SO-62027,C11480,2023-02-08,PO168877
SO-62028,C10006,2023-02-09,PO264437
SO-62029,C10011,2023-02-09,PO847801
SO-62030,C10081,2023-02-09,PO418859
SO-62031,C10086,2023-02-09,PO854859
SO-62032,C10096,2023-02-09,PO896606
SO-62033,C10114,2023-02-09,PO440536
SO-62034,C10138,2023-02-09,PO919680
SO-62035,C11066,2023-02-09,PO388684
SO-62036,C10006,2023-02-10,PO839230
SO-62037,C10071,2023-02-10,PO378966
SO-62038,C10081,2023-02-10,PO919455
SO-62039,C10138,2023-02-10,PO738364
SO-62040,C10200,2023-02-10,PO871461
SO-62041,C10225,2023-02-10,PO614223
SO-62042,C10444,2023-02-10,PO950021
SO-62043,C10529,2023-02-10,PO270474
SO-62044,C11131,2023-02-10,PO386556
SO-62045,C11158,2023-02-10,PO894338
SO-62046,C11241,2023-02-10,PO290719
SO-62047,C13110,2023-02-10,PO693438
SO-62048,C10006,2023-02-13,PO993294
SO-62049,C10011,2023-02-13,PO516974
SO-62050,C10060,2023-02-13,PO114140
SO-62051,C10071,2023-02-13,PO663516
SO-62052,C10081,2023-02-13,PO288019
SO-62053,C10086,2023-02-13,PO472119
SO-62054,C10102,2023-02-13,PO964638
SO-62055,C10114,2023-02-13,PO304212
SO-62056,C10132,2023-02-13,PO248878
SO-62057,C10151,2023-02-13,PO130211
SO-62058,C10159,2023-02-13,PO312660
SO-62059,C10186,2023-02-13,PO945070
SO-62060,C10192,2023-02-13,PO495458
SO-62061,C10304,2023-02-13,PO100086
SO-62062,C10321,2023-02-13,PO505164
SO-62063,C10397,2023-02-13,PO254485
SO-62064,C10444,2023-02-13,PO615344
SO-62065,C10463,2023-02-13,PO364597
SO-62066,C10970,2023-02-13,PO205365
SO-62067,C10998,2023-02-13,PO289488
SO-62068,C11463,2023-02-13,PO106883
SO-62069,C11813,2023-02-13,PO777290
SO-62070,C10006,2023-02-14,PO259848
SO-62071,C10011,2023-02-14,PO108432
SO-62072,C10071,2023-02-14,PO893931
SO-62073,C10081,2023-02-14,PO336990
SO-62074,C10132,2023-02-14,PO444602
SO-62075,C10192,2023-02-14,PO188032
SO-62076,C10336,2023-02-14,PO775159
SO-62077,C10400,2023-02-14,PO140306
SO-62078,C10470,2023-02-14,PO356905
SO-62079,C11339,2023-02-14,PO842564
SO-62080,C11861,2023-02-14,PO543155
SO-62081,C10006,2023-02-15,PO350761
SO-62082,C10071,2023-02-15,PO843407
SO-62083,C10081,2023-02-15,PO486665
SO-62084,C10086,2023-02-15,PO901385
SO-62085,C10102,2023-02-15,PO606990
SO-62086,C10107,2023-02-15,PO124319
SO-62087,C10114,2023-02-15,PO801093
SO-62088,C10173,2023-02-15,PO946418
SO-62089,C10192,2023-02-15,PO435626
SO-62090,C11339,2023-02-15,PO517591
SO-62091,C11724,2023-02-15,PO290652
SO-62092,C10006,2023-02-16,PO904181
SO-62093,C10024,2023-02-16,PO845482
SO-62094,C10071,2023-02-16,PO330851
SO-62095,C10081,2023-02-16,PO919813
SO-62096,C10217,2023-02-16,PO632115
SO-62097,C10483,2023-02-16,PO602996
SO-62098,C10591,2023-02-16,PO145404
SO-62099,C10006,2023-02-17,PO363880
SO-62100,C10071,2023-02-17,PO985425
SO-62101,C10081,2023-02-17,PO560082
SO-62102,C10086,2023-02-17,PO397936
SO-62103,C10138,2023-02-17,PO480870
SO-62104,C10217,2023-02-17,PO493564
SO-62105,C10225,2023-02-17,PO143778
SO-62106,C10242,2023-02-17,PO777633
SO-62107,C10308,2023-02-17,PO505466
SO-62108,C11945,2023-02-17,PO472636
SO-62109,C12483,2023-02-17,PO769790
SO-62110,C12987,2023-02-17,PO243924
SO-62111,C10006,2023-02-20,PO272466
SO-62112,C10011,2023-02-20,PO503571
SO-62113,C10019,2023-02-20,PO522310
SO-62114,C10033,2023-02-20,PO197644
SO-62115,C10042,2023-02-20,PO880494
SO-62116,C10071,2023-02-20,PO452299
SO-62117,C10081,2023-02-20,PO848752
SO-62118,C10096,2023-02-20,PO418845
SO-62119,C10102,2023-02-20,PO651489
SO-62120,C10107,2023-02-20,PO791061
SO-62121,C10151,2023-02-20,PO937054
SO-62122,C10161,2023-02-20,PO994916
SO-62123,C10173,2023-02-20,PO750586
SO-62124,C10200,2023-02-20,PO554968
SO-62125,C10248,2023-02-20,PO209186
SO-62126,C10430,2023-02-20,PO940817
SO-62127,C10470,2023-02-20,PO724122
SO-62128,C10844,2023-02-20,PO811970
SO-62129,C10006,2023-02-21,PO904339
SO-62130,C10011,2023-02-21,PO776904
SO-62131,C10071,2023-02-21,PO277430
SO-62132,C10096,2023-02-21,PO399112
SO-62133,C10107,2023-02-21,PO445733
SO-62134,C10132,2023-02-21,PO172384
SO-62135,C10308,2023-02-21,PO255310
SO-62136,C10615,2023-02-21,PO870885
SO-62137,C11029,2023-02-21,PO440510
SO-62138,C10081,2023-02-22,PO627997
SO-62139,C10159,2023-02-22,PO939923
SO-62140,C10494,2023-02-22,PO804551
SO-62141,C10721,2023-02-22,PO799670
SO-62142,C10926,2023-02-22,PO859796
SO-62143,C10970,2023-02-22,PO903656
SO-62144,C10006,2023-02-23,PO264968
SO-62145,C10024,2023-02-23,PO304698
SO-62146,C10033,2023-02-23,PO676218
SO-62147,C10041,2023-02-23,PO278802
SO-62148,C10071,2023-02-23,PO375540
SO-62149,C10081,2023-02-23,PO984167
SO-62150,C10086,2023-02-23,PO604762
SO-62151,C10096,2023-02-23,PO569274
SO-62152,C10591,2023-02-23,PO909658
SO-62153,C10762,2023-02-23,PO599753
SO-62154,C11374,2023-02-23,PO153357
SO-62155,C10006,2023-02-24,PO325453
SO-62156,C10011,2023-02-24,PO299089
SO-62157,C10019,2023-02-24,PO439077
SO-62158,C10071,2023-02-24,PO939020
SO-62159,C10081,2023-02-24,PO884440
SO-62160,C10086,2023-02-24,PO209386
SO-62161,C10096,2023-02-24,PO116369
SO-62162,C10380,2023-02-24,PO364139
SO-62163,C10452,2023-02-24,PO337469
SO-62164,C10506,2023-02-24,PO438310
SO-62165,C10701,2023-02-24,PO257225
SO-62166,C12872,2023-02-24,PO394940
SO-62167,C10006,2023-02-27,PO925993
SO-62168,C10024,2023-02-27,PO184685
SO-62169,C10033,2023-02-27,PO632496
SO-62170,C10071,2023-02-27,PO474881
SO-62171,C10081,2023-02-27,PO394640
SO-62172,C10096,2023-02-27,PO711052
SO-62173,C10102,2023-02-27,PO337901
SO-62174,C10107,2023-02-27,PO673304
SO-62175,C10114,2023-02-27,PO512024
SO-62176,C10138,2023-02-27,PO825915
SO-62177,C10161,2023-02-27,PO717174
SO-62178,C10186,2023-02-27,PO479523
SO-62179,C10235,2023-02-27,PO637012
SO-62180,C10242,2023-02-27,PO755317
SO-62181,C10276,2023-02-27,PO326906
SO-62182,C10380,2023-02-27,PO547160
SO-62183,C11849,2023-02-27,PO811546
SO-62184,C12183,2023-02-27,PO462935
SO-62185,C12287,2023-02-27,PO198219
SO-62186,C10006,2023-02-28,PO829943
SO-62187,C10011,2023-02-28,PO559455
SO-62188,C10041,2023-02-28,PO154451
SO-62189,C10053,2023-02-28,PO360861
SO-62190,C10071,2023-02-28,PO991188
SO-62191,C10086,2023-02-28,PO699921
SO-62192,C10208,2023-02-28,PO203251
SO-62193,C10215,2023-02-28,PO304132
SO-62194,C10235,2023-02-28,PO195112
SO-62195,C10261,2023-02-28,PO527995
SO-62196,C10308,2023-02-28,PO440203
SO-62197,C11327,2023-02-28,PO800162
SO-62198,C10006,2023-03-01,PO315417
SO-62199,C10011,2023-03-01,PO878739
SO-62200,C10024,2023-03-01,PO628746
SO-62201,C10071,2023-03-01,PO365873
SO-62202,C10107,2023-03-01,PO504904
SO-62203,C10151,2023-03-01,PO558241
SO-62204,C10365,2023-03-01,PO481316
SO-62205,C11004,2023-03-01,PO528657
SO-62206,C10006,2023-03-02,PO465456
SO-62207,C10041,2023-03-02,PO908223
SO-62208,C10071,2023-03-02,PO804912
SO-62209,C10086,2023-03-02,PO319574
SO-62210,C10159,2023-03-02,PO412330
SO-62211,C10242,2023-03-02,PO194711
SO-62212,C10257,2023-03-02,PO621158
SO-62213,C10581,2023-03-02,PO586473
SO-62214,C10615,2023-03-02,PO215534
SO-62215,C10738,2023-03-02,PO707973
SO-62216,C12572,2023-03-02,PO916104
SO-62217,C10006,2023-03-03,PO179886
SO-62218,C10019,2023-03-03,PO727134
SO-62219,C10071,2023-03-03,PO215660
SO-62220,C10081,2023-03-03,PO963969
SO-62221,C10086,2023-03-03,PO807731
SO-62222,C10107,2023-03-03,PO584195
SO-62223,C10132,2023-03-03,PO979921
SO-62224,C10532,2023-03-03,PO213695
SO-62225,C11197,2023-03-03,PO191615
SO-62226,C11430,2023-03-03,PO654263
SO-62227,C10006,2023-03-06,PO617012
SO-62228,C10071,2023-03-06,PO830894
SO-62229,C10081,2023-03-06,PO547808
SO-62230,C10173,2023-03-06,PO350535
SO-62231,C10200,2023-03-06,PO638116
SO-62232,C10215,2023-03-06,PO595545
SO-62233,C10304,2023-03-06,PO770920
SO-62234,C10361,2023-03-06,PO441919
SO-62235,C10397,2023-03-06,PO855239
SO-62236,C10400,2023-03-06,PO725507
SO-62237,C10470,2023-03-06,PO187759
SO-62238,C10482,2023-03-06,PO228529
SO-62239,C10647,2023-03-06,PO151560
SO-62240,C10762,2023-03-06,PO677568
SO-62241,C10767,2023-03-06,PO662690
SO-62242,C10914,2023-03-06,PO712767
SO-62243,C11315,2023-03-06,PO902911
SO-62244,C11796,2023-03-06,PO131051
SO-62245,C12356,2023-03-06,PO692860
SO-62246,C10006,2023-03-07,PO283320
SO-62247,C10011,2023-03-07,PO579732
SO-62248,C10024,2023-03-07,PO775008
SO-62249,C10033,2023-03-07,PO294683
SO-62250,C10071,2023-03-07,PO753485
SO-62251,C10081,2023-03-07,PO347004
SO-62252,C10114,2023-03-07,PO916223
SO-62253,C10123,2023-03-07,PO516939
SO-62254,C10144,2023-03-07,PO469619
SO-62255,C12372,2023-03-07,PO812585
SO-62256,C10006,2023-03-08,PO776988
SO-62257,C10011,2023-03-08,PO937532
SO-62258,C10033,2023-03-08,PO602541
SO-62259,C10081,2023-03-08,PO647419
SO-62260,C10096,2023-03-08,PO137607
SO-62261,C10257,2023-03-08,PO605113
SO-62262,C10344,2023-03-08,PO839745
SO-62263,C10418,2023-03-08,PO618818
SO-62264,C11421,2023-03-08,PO949481
SO-62265,C12149,2023-03-08,PO749205
SO-62266,C10006,2023-03-09,PO321004
SO-62267,C10071,2023-03-09,PO351349
SO-62268,C10086,2023-03-09,PO442837
SO-62269,C10096,2023-03-09,PO899731
SO-62270,C10107,2023-03-09,PO719358
SO-62271,C10225,2023-03-09,PO777863
SO-62272,C10470,2023-03-09,PO956970
SO-62273,C11368,2023-03-09,PO927103
SO-62274,C11419,2023-03-09,PO426533
SO-62275,C10006,2023-03-10,PO105907
SO-62276,C10041,2023-03-10,PO754369
SO-62277,C10071,2023-03-10,PO607965
SO-62278,C10081,2023-03-10,PO973774
SO-62279,C10096,2023-03-10,PO240914
SO-62280,C10138,2023-03-10,PO175621
SO-62281,C10151,2023-03-10,PO900161
SO-62282,C10217,2023-03-10,PO405792
SO-62283,C10380,2023-03-10,PO134232
SO-62284,C10418,2023-03-10,PO109848
SO-62285,C10563,2023-03-10,PO915052
SO-62286,C10636,2023-03-10,PO858430
SO-62287,C10938,2023-03-10,PO975155
SO-62288,C11626,2023-03-10,PO888559
SO-62289,C13119,2023-03-10,PO724664
SO-62290,C10006,2023-03-13,PO781485
SO-62291,C10011,2023-03-13,PO479426
SO-62292,C10019,2023-03-13,PO189579
SO-62293,C10024,2023-03-13,PO304961
SO-62294,C10041,2023-03-13,PO412560
SO-62295,C10071,2023-03-13,PO976704
SO-62296,C10081,2023-03-13,PO845059
SO-62297,C10086,2023-03-13,PO162436
SO-62298,C10107,2023-03-13,PO320591
SO-62299,C10144,2023-03-13,PO335032
SO-62300,C10159,2023-03-13,PO853889
SO-62301,C10175,2023-03-13,PO398182
SO-62302,C10225,2023-03-13,PO433782
SO-62303,C10242,2023-03-13,PO535921
SO-62304,C10293,2023-03-13,PO498831
SO-62305,C10304,2023-03-13,PO458800
SO-62306,C10544,2023-03-13,PO115184
SO-62307,C11131,2023-03-13,PO925440
SO-62308,C11172,2023-03-13,PO684277
SO-62309,C11742,2023-03-13,PO667062
SO-62310,C13033,2023-03-13,PO472976
SO-62311,C13049,2023-03-13,PO242660
SO-62312,C10006,2023-03-14,PO143756
SO-62313,C10041,2023-03-14,PO693728
SO-62314,C10071,2023-03-14,PO150518
SO-62315,C10086,2023-03-14,PO274486
SO-62316,C10132,2023-03-14,PO959689
SO-62317,C10456,2023-03-14,PO731491
SO-62318,C10982,2023-03-14,PO650061
SO-62319,C11010,2023-03-14,PO935090
SO-62320,C13055,2023-03-14,PO129305
SO-62321,C10006,2023-03-15,PO113230
SO-62322,C10019,2023-03-15,PO886923
SO-62323,C10071,2023-03-15,PO145256
SO-62324,C10086,2023-03-15,PO111629
SO-62325,C10102,2023-03-15,PO426979
SO-62326,C10138,2023-03-15,PO686787
SO-62327,C10173,2023-03-15,PO582083
SO-62328,C10225,2023-03-15,PO995346
SO-62329,C10248,2023-03-15,PO792457
SO-62330,C10304,2023-03-15,PO157804
SO-62331,C10810,2023-03-15,PO743557
SO-62332,C10926,2023-03-15,PO328731
SO-62333,C11641,2023-03-15,PO365907
SO-62334,C10006,2023-03-16,PO893766
SO-62335,C10071,2023-03-16,PO779763
SO-62336,C10081,2023-03-16,PO586397
SO-62337,C10086,2023-03-16,PO271622
SO-62338,C10144,2023-03-16,PO533187
SO-62339,C10235,2023-03-16,PO464978
SO-62340,C10556,2023-03-16,PO755565
SO-62341,C11332,2023-03-16,PO356832
SO-62342,C11936,2023-03-16,PO817764
SO-62343,C12304,2023-03-16,PO524969
SO-62344,C10006,2023-03-17,PO330896
SO-62345,C10019,2023-03-17,PO285759
SO-62346,C10071,2023-03-17,PO669264
SO-62347,C10086,2023-03-17,PO273753
SO-62348,C10261,2023-03-17,PO553835
SO-62349,C10853,2023-03-17,PO900029
SO-62350,C11046,2023-03-17,PO413542
SO-62351,C11796,2023-03-17,PO350840
SO-62352,C10006,2023-03-20,PO422065
SO-62353,C10071,2023-03-20,PO230226
SO-62354,C10081,2023-03-20,PO999721
SO-62355,C10096,2023-03-20,PO254472
SO-62356,C10102,2023-03-20,PO888428
SO-62357,C10107,2023-03-20,PO611040
SO-62358,C10144,2023-03-20,PO678620
SO-62359,C10151,2023-03-20,PO358039
SO-62360,C10159,2023-03-20,PO973700
SO-62361,C10293,2023-03-20,PO684815
SO-62362,C10321,2023-03-20,PO355475
SO-62363,C10332,2023-03-20,PO449116
SO-62364,C10409,2023-03-20,PO727985
SO-62365,C10501,2023-03-20,PO435118
SO-62366,C10636,2023-03-20,PO503846
SO-62367,C10669,2023-03-20,PO919534
SO-62368,C10767,2023-03-20,PO901783
SO-62369,C10998,2023-03-20,PO256050
SO-62370,C12473,2023-03-20,PO567490
SO-62371,C12777,2023-03-20,PO175946
SO-62372,C10006,2023-03-21,PO243149
SO-62373,C10011,2023-03-21,PO350729
SO-62374,C10024,2023-03-21,PO474788
SO-62375,C10042,2023-03-21,PO834748
SO-62376,C10071,2023-03-21,PO498628
SO-62377,C10081,2023-03-21,PO111233
SO-62378,C10107,2023-03-21,PO337608
SO-62379,C10138,2023-03-21,PO349296
SO-62380,C10144,2023-03-21,PO127555
SO-62381,C10161,2023-03-21,PO873839
SO-62382,C10440,2023-03-21,PO123578
SO-62383,C10544,2023-03-21,PO999151
SO-62384,C11904,2023-03-21,PO907850
SO-62385,C12794,2023-03-21,PO680243
SO-62386,C13086,2023-03-21,PO158361
SO-62387,C10006,2023-03-22,PO935571
SO-62388,C10011,2023-03-22,PO249618
SO-62389,C10071,2023-03-22,PO256997
SO-62390,C10081,2023-03-22,PO504331
SO-62391,C10107,2023-03-22,PO900765
SO-62392,C10192,2023-03-22,PO266734
SO-62393,C10400,2023-03-22,PO883470
SO-62394,C10006,2023-03-23,PO425513
SO-62395,C10019,2023-03-23,PO427316
SO-62396,C10071,2023-03-23,PO461033
SO-62397,C10086,2023-03-23,PO678281
SO-62398,C10107,2023-03-23,PO645054
SO-62399,C10208,2023-03-23,PO275978
SO-62400,C11136,2023-03-23,PO321747
SO-62401,C11225,2023-03-23,PO411333
SO-62402,C12738,2023-03-23,PO104895
SO-62403,C10006,2023-03-24,PO966605
SO-62404,C10011,2023-03-24,PO421795
SO-62405,C10071,2023-03-24,PO172665
SO-62406,C10081,2023-03-24,PO582820
SO-62407,C10102,2023-03-24,PO663293
SO-62408,C10114,2023-03-24,PO303977
SO-62409,C10144,2023-03-24,PO529351
SO-62410,C10173,2023-03-24,PO248428
SO-62411,C10225,2023-03-24,PO191058
SO-62412,C10365,2023-03-24,PO838202
SO-62413,C10006,2023-03-27,PO316487
SO-62414,C10042,2023-03-27,PO893725
SO-62415,C10071,2023-03-27,PO968371
SO-62416,C10081,2023-03-27,PO633278
SO-62417,C10086,2023-03-27,PO325771
SO-62418,C10107,2023-03-27,PO196048
SO-62419,C10132,2023-03-27,PO265851
SO-62420,C10304,2023-03-27,PO161827
SO-62421,C10336,2023-03-27,PO875876
SO-62422,C10965,2023-03-27,PO612876
SO-62423,C11349,2023-03-27,PO241822
SO-62424,C10006,2023-03-28,PO469319
SO-62425,C10011,2023-03-28,PO224264
SO-62426,C10071,2023-03-28,PO932579
SO-62427,C10086,2023-03-28,PO284012
SO-62428,C10186,2023-03-28,PO856820
SO-62429,C11825,2023-03-28,PO703447
SO-62430,C12149,2023-03-28,PO361715
SO-62431,C12824,2023-03-28,PO244476
SO-62432,C10006,2023-03-29,PO301531
SO-62433,C10019,2023-03-29,PO688610
SO-62434,C10114,2023-03-29,PO640193
SO-62435,C10123,2023-03-29,PO512345
SO-62436,C10138,2023-03-29,PO290274
SO-62437,C10144,2023-03-29,PO532518
SO-62438,C10159,2023-03-29,PO531664
SO-62439,C10161,2023-03-29,PO932554
SO-62440,C10186,2023-03-29,PO839061
SO-62441,C10376,2023-03-29,PO133512
SO-62442,C10452,2023-03-29,PO727985
SO-62443,C10954,2023-03-29,PO593924
SO-62444,C11693,2023-03-29,PO243512
SO-62445,C12572,2023-03-29,PO359461
SO-62446,C12762,2023-03-29,PO268146
SO-62447,C10006,2023-03-30,PO216303
SO-62448,C10024,2023-03-30,PO580677
SO-62449,C10071,2023-03-30,PO721202
SO-62450,C10081,2023-03-30,PO213359
SO-62451,C10096,2023-03-30,PO988728
SO-62452,C10107,2023-03-30,PO965087
SO-62453,C10132,2023-03-30,PO447340
SO-62454,C10161,2023-03-30,PO218491
SO-62455,C10215,2023-03-30,PO138504
SO-62456,C10361,2023-03-30,PO326644
SO-62457,C11004,2023-03-30,PO293916
SO-62458,C10006,2023-03-31,PO222399
SO-62459,C10071,2023-03-31,PO863904
SO-62460,C10081,2023-03-31,PO593144
SO-62461,C10123,2023-03-31,PO956593
SO-62462,C10159,2023-03-31,PO488793
SO-62463,C10261,2023-03-31,PO726975
SO-62464,C10304,2023-03-31,PO846322
SO-62465,C10616,2023-03-31,PO449198
SO-62466,C10669,2023-03-31,PO971806
SO-62467,C11029,2023-03-31,PO123690
SO-62468,C12223,2023-03-31,PO476813
SO-62469,C12904,2023-03-31,PO349370
SO-62470,C12938,2023-03-31,PO149837
SO-62471,C10006,2023-04-03,PO566957
SO-62472,C10071,2023-04-03,PO198653
SO-62473,C10081,2023-04-03,PO580988
SO-62474,C10086,2023-04-03,PO994160
SO-62475,C10096,2023-04-03,PO698019
SO-62476,C10102,2023-04-03,PO850437
SO-62477,C10107,2023-04-03,PO950378
SO-62478,C10159,2023-04-03,PO858265
SO-62479,C10215,2023-04-03,PO796107
SO-62480,C10217,2023-04-03,PO309356
SO-62481,C10242,2023-04-03,PO396573
SO-62482,C10293,2023-04-03,PO809312
SO-62483,C10344,2023-04-03,PO761409
SO-62484,C10456,2023-04-03,PO815516
SO-62485,C10844,2023-04-03,PO985611
SO-62486,C11430,2023-04-03,PO350296
SO-62487,C12533,2023-04-03,PO684303
SO-62488,C10006,2023-04-04,PO868493
SO-62489,C10033,2023-04-04,PO645996
SO-62490,C10060,2023-04-04,PO904880
SO-62491,C10071,2023-04-04,PO976914
SO-62492,C10081,2023-04-04,PO452260
SO-62493,C10086,2023-04-04,PO106196
SO-62494,C10096,2023-04-04,PO760652
SO-62495,C10102,2023-04-04,PO463672
SO-62496,C10114,2023-04-04,PO285950
SO-62497,C10132,2023-04-04,PO429371
SO-62498,C10138,2023-04-04,PO517288
SO-62499,C10248,2023-04-04,PO706549
SO-62500,C11718,2023-04-04,PO713025
SO-62501,C10006,2023-04-05,PO849648
SO-62502,C10019,2023-04-05,PO913910
SO-62503,C10041,2023-04-05,PO264078
SO-62504,C10071,2023-04-05,PO326580
SO-62505,C10081,2023-04-05,PO515476
SO-62506,C10086,2023-04-05,PO611246
SO-62507,C10096,2023-04-05,PO238459
SO-62508,C10102,2023-04-05,PO737328
SO-62509,C10114,2023-04-05,PO702612
SO-62510,C10192,2023-04-05,PO560020
SO-62511,C12253,2023-04-05,PO635109
SO-62512,C10006,2023-04-06,PO994328
SO-62513,C10071,2023-04-06,PO112433
SO-62514,C10081,2023-04-06,PO571395
SO-62515,C10102,2023-04-06,PO673455
SO-62516,C10107,2023-04-06,PO355856
SO-62517,C10151,2023-04-06,PO192487
SO-62518,C10173,2023-04-06,PO210498
SO-62519,C10332,2023-04-06,PO781642
SO-62520,C10580,2023-04-06,PO218019
SO-62521,C11442,2023-04-06,PO260234
SO-62522,C11491,2023-04-06,PO911859
SO-62523,C12572,2023-04-06,PO568160
SO-62524,C10006,2023-04-07,PO861667
SO-62525,C10011,2023-04-07,PO548756
SO-62526,C10019,2023-04-07,PO648438
SO-62527,C10071,2023-04-07,PO435137
SO-62528,C10102,2023-04-07,PO906597
SO-62529,C10107,2023-04-07,PO352599
SO-62530,C10200,2023-04-07,PO452526
SO-62531,C10380,2023-04-07,PO590501
SO-62532,C12142,2023-04-07,PO931038
SO-62533,C10006,2023-04-10,PO557170
SO-62534,C10011,2023-04-10,PO134889
SO-62535,C10019,2023-04-10,PO476714
SO-62536,C10024,2023-04-10,PO413221
SO-62537,C10033,2023-04-10,PO918323
SO-62538,C10053,2023-04-10,PO444988
SO-62539,C10071,2023-04-10,PO995850
SO-62540,C10081,2023-04-10,PO370601
SO-62541,C10086,2023-04-10,PO294955
SO-62542,C10096,2023-04-10,PO718711
SO-62543,C10107,2023-04-10,PO624966
SO-62544,C10114,2023-04-10,PO392971
SO-62545,C10123,2023-04-10,PO164924
SO-62546,C10132,2023-04-10,PO274628
SO-62547,C10138,2023-04-10,PO603904
SO-62548,C10286,2023-04-10,PO808782
SO-62549,C10647,2023-04-10,PO826673
SO-62550,C10823,2023-04-10,PO715298
SO-62551,C11269,2023-04-10,PO588016
SO-62552,C11381,2023-04-10,PO715286
SO-62553,C10011,2023-04-11,PO451848
SO-62554,C10071,2023-04-11,PO180520
SO-62555,C10081,2023-04-11,PO976336
SO-62556,C10086,2023-04-11,PO623539
SO-62557,C10102,2023-04-11,PO287391
SO-62558,C10107,2023-04-11,PO957829
SO-62559,C10123,2023-04-11,PO806420
SO-62560,C10132,2023-04-11,PO416784
SO-62561,C10173,2023-04-11,PO104806
SO-62562,C10297,2023-04-11,PO260862
SO-62563,C11092,2023-04-11,PO876679
SO-62564,C10006,2023-04-12,PO802754
SO-62565,C10019,2023-04-12,PO780285
SO-62566,C10024,2023-04-12,PO349308
SO-62567,C10041,2023-04-12,PO103809
SO-62568,C10071,2023-04-12,PO157931
SO-62569,C10081,2023-04-12,PO846817
SO-62570,C10173,2023-04-12,PO138350
SO-62571,C10208,2023-04-12,PO483314
SO-62572,C10418,2023-04-12,PO203937
SO-62573,C11430,2023-04-12,PO991934
SO-62574,C10006,2023-04-13,PO441881
SO-62575,C10011,2023-04-13,PO155464
SO-62576,C10019,2023-04-13,PO551358
SO-62577,C10071,2023-04-13,PO924110
SO-62578,C10081,2023-04-13,PO451726
SO-62579,C10086,2023-04-13,PO674531
SO-62580,C10096,2023-04-13,PO578973
SO-62581,C10102,2023-04-13,PO873298
SO-62582,C10123,2023-04-13,PO771128
SO-62583,C10144,2023-04-13,PO621686
SO-62584,C10175,2023-04-13,PO100727
SO-62585,C10352,2023-04-13,PO439428
SO-62586,C10909,2023-04-13,PO269324
SO-62587,C11235,2023-04-13,PO666013
SO-62588,C10006,2023-04-14,PO681851
SO-62589,C10011,2023-04-14,PO695932
SO-62590,C10024,2023-04-14,PO818959
SO-62591,C10041,2023-04-14,PO335717
SO-62592,C10053,2023-04-14,PO258422
SO-62593,C10071,2023-04-14,PO132660
SO-62594,C10081,2023-04-14,PO786271
SO-62595,C10225,2023-04-14,PO538401
SO-62596,C10308,2023-04-14,PO497010
SO-62597,C10506,2023-04-14,PO947044
SO-62598,C10767,2023-04-14,PO367689
SO-62599,C11327,2023-04-14,PO835844
SO-62600,C10006,2023-04-17,PO234927
SO-62601,C10011,2023-04-17,PO366097
SO-62602,C10019,2023-04-17,PO897025
SO-62603,C10024,2023-04-17,PO983797
SO-62604,C10041,2023-04-17,PO487154
SO-62605,C10053,2023-04-17,PO555264
SO-62606,C10067,2023-04-17,PO621324
SO-62607,C10071,2023-04-17,PO304102
SO-62608,C10081,2023-04-17,PO718115
SO-62609,C10086,2023-04-17,PO508251
SO-62610,C10102,2023-04-17,PO422815
SO-62611,C10107,2023-04-17,PO469920
SO-62612,C10132,2023-04-17,PO799541
SO-62613,C10144,2023-04-17,PO958999
SO-62614,C10151,2023-04-17,PO541992
SO-62615,C10173,2023-04-17,PO313110
SO-62616,C10235,2023-04-17,PO491706
SO-62617,C10242,2023-04-17,PO800700
SO-62618,C10276,2023-04-17,PO629042
SO-62619,C10297,2023-04-17,PO738037
SO-62620,C10390,2023-04-17,PO727596
SO-62621,C10423,2023-04-17,PO998539
SO-62622,C10762,2023-04-17,PO579747
SO-62623,C10859,2023-04-17,PO361301
SO-62624,C11586,2023-04-17,PO109799
SO-62625,C11718,2023-04-17,PO505696
SO-62626,C12688,2023-04-17,PO257100
SO-62627,C10006,2023-04-18,PO517654
SO-62628,C10011,2023-04-18,PO469082
SO-62629,C10053,2023-04-18,PO977088
SO-62630,C10081,2023-04-18,PO981960
SO-62631,C10086,2023-04-18,PO771573
SO-62632,C10102,2023-04-18,PO777541
SO-62633,C10225,2023-04-18,PO679299
SO-62634,C10361,2023-04-18,PO898437
SO-62635,C10418,2023-04-18,PO911305
SO-62636,C10452,2023-04-18,PO972455
SO-62637,C10647,2023-04-18,PO475880
SO-62638,C11537,2023-04-18,PO104842
SO-62639,C11971,2023-04-18,PO882613
SO-62640,C10006,2023-04-19,PO462074
SO-62641,C10071,2023-04-19,PO515206
SO-62642,C10081,2023-04-19,PO425258
SO-62643,C10086,2023-04-19,PO975975
SO-62644,C10096,2023-04-19,PO781067
SO-62645,C10114,2023-04-19,PO807849
SO-62646,C10321,2023-04-19,PO264499
SO-62647,C10400,2023-04-19,PO938662
SO-62648,C10456,2023-04-19,PO570851
SO-62649,C10483,2023-04-19,PO591662
SO-62650,C10544,2023-04-19,PO946174
SO-62651,C10976,2023-04-19,PO587180
SO-62652,C11654,2023-04-19,PO256048
SO-62653,C10006,2023-04-20,PO298181
SO-62654,C10019,2023-04-20,PO925262
SO-62655,C10041,2023-04-20,PO138788
SO-62656,C10081,2023-04-20,PO940637
SO-62657,C10096,2023-04-20,PO181858
SO-62658,C10107,2023-04-20,PO950895
SO-62659,C10123,2023-04-20,PO427550
SO-62660,C10144,2023-04-20,PO308536
SO-62661,C10151,2023-04-20,PO362792
SO-62662,C10286,2023-04-20,PO767285
SO-62663,C10293,2023-04-20,PO260118
SO-62664,C10515,2023-04-20,PO982055
SO-62665,C10636,2023-04-20,PO983631
SO-62666,C10701,2023-04-20,PO519334
SO-62667,C10970,2023-04-20,PO236094
SO-62668,C11301,2023-04-20,PO266751
SO-62669,C10006,2023-04-21,PO227801
SO-62670,C10011,2023-04-21,PO501179
SO-62671,C10024,2023-04-21,PO943034
SO-62672,C10071,2023-04-21,PO116613
SO-62673,C10086,2023-04-21,PO664336
SO-62674,C10096,2023-04-21,PO476695
SO-62675,C10123,2023-04-21,PO867324
SO-62676,C10144,2023-04-21,PO380572
SO-62677,C10200,2023-04-21,PO702149
SO-62678,C10225,2023-04-21,PO125831
SO-62679,C10248,2023-04-21,PO578137
SO-62680,C10430,2023-04-21,PO395689
SO-62681,C10707,2023-04-21,PO167955
SO-62682,C10738,2023-04-21,PO859379
SO-62683,C10795,2023-04-21,PO525692
SO-62684,C10801,2023-04-21,PO166385
SO-62685,C11866,2023-04-21,PO117288
SO-62686,C10006,2023-04-24,PO349201
SO-62687,C10071,2023-04-24,PO223543
SO-62688,C10081,2023-04-24,PO829994
SO-62689,C10096,2023-04-24,PO160128
SO-62690,C10102,2023-04-24,PO402974
SO-62691,C10107,2023-04-24,PO762204
SO-62692,C10144,2023-04-24,PO986727
SO-62693,C10161,2023-04-24,PO158454
SO-62694,C10208,2023-04-24,PO646695
SO-62695,C10235,2023-04-24,PO331759
SO-62696,C10293,2023-04-24,PO825278
SO-62697,C10308,2023-04-24,PO381838
SO-62698,C10321,2023-04-24,PO933479
SO-62699,C10322,2023-04-24,PO890967
SO-62700,C10430,2023-04-24,PO591623
SO-62701,C12172,2023-04-24,PO822653
SO-62702,C12488,2023-04-24,PO959198
SO-62703,C10006,2023-04-25,PO449291
SO-62704,C10071,2023-04-25,PO975577
SO-62705,C10086,2023-04-25,PO225620
SO-62706,C10096,2023-04-25,PO835050
SO-62707,C10102,2023-04-25,PO976627
SO-62708,C10114,2023-04-25,PO980868
SO-62709,C10123,2023-04-25,PO218243
SO-62710,C10138,2023-04-25,PO785803
SO-62711,C10810,2023-04-25,PO388069
SO-62712,C12464,2023-04-25,PO877831
SO-62713,C10006,2023-04-26,PO108051
SO-62714,C10053,2023-04-26,PO673138
SO-62715,C10081,2023-04-26,PO113800
SO-62716,C10102,2023-04-26,PO836268
SO-62717,C10151,2023-04-26,PO594611
SO-62718,C10173,2023-04-26,PO282415
SO-62719,C10217,2023-04-26,PO429134
SO-62720,C10242,2023-04-26,PO971123
SO-62721,C10293,2023-04-26,PO824860
SO-62722,C10430,2023-04-26,PO411206
SO-62723,C10011,2023-04-27,PO767389
SO-62724,C10041,2023-04-27,PO233268
SO-62725,C10071,2023-04-27,PO119143
SO-62726,C10081,2023-04-27,PO952913
SO-62727,C10086,2023-04-27,PO975513
SO-62728,C10096,2023-04-27,PO677151
SO-62729,C10102,2023-04-27,PO132527
SO-62730,C10107,2023-04-27,PO112666
SO-62731,C10151,2023-04-27,PO597490
SO-62732,C10297,2023-04-27,PO874661
SO-62733,C10304,2023-04-27,PO306331
SO-62734,C10006,2023-04-28,PO777634
SO-62735,C10071,2023-04-28,PO272046
SO-62736,C10081,2023-04-28,PO289889
SO-62737,C10123,2023-04-28,PO215644
SO-62738,C10138,2023-04-28,PO721402
SO-62739,C10529,2023-04-28,PO438157
SO-62740,C12524,2023-04-28,PO404754
SO-62741,C10006,2023-05-01,PO664121
SO-62742,C10011,2023-05-01,PO539738
SO-62743,C10024,2023-05-01,PO392623
SO-62744,C10041,2023-05-01,PO898044
SO-62745,C10071,2023-05-01,PO893151
SO-62746,C10081,2023-05-01,PO192210
SO-62747,C10102,2023-05-01,PO473306
SO-62748,C10123,2023-05-01,PO256490
SO-62749,C10144,2023-05-01,PO814026
SO-62750,C10151,2023-05-01,PO378827
SO-62751,C10159,2023-05-01,PO811313
SO-62752,C10173,2023-05-01,PO175350
SO-62753,C10186,2023-05-01,PO519365
SO-62754,C10257,2023-05-01,PO338361
SO-62755,C10993,2023-05-01,PO345108
SO-62756,C11772,2023-05-01,PO791892
SO-62757,C10006,2023-05-02,PO631329
SO-62758,C10011,2023-05-02,PO760242
SO-62759,C10033,2023-05-02,PO282458
SO-62760,C10042,2023-05-02,PO256664
SO-62761,C10053,2023-05-02,PO297831
SO-62762,C10071,2023-05-02,PO159024
SO-62763,C10081,2023-05-02,PO717597
SO-62764,C10107,2023-05-02,PO748570
SO-62765,C10132,2023-05-02,PO883648
SO-62766,C10151,2023-05-02,PO994617
SO-62767,C10248,2023-05-02,PO271634
SO-62768,C10261,2023-05-02,PO737589
SO-62769,C10304,2023-05-02,PO678816
SO-62770,C10336,2023-05-02,PO728540
SO-62771,C11019,2023-05-02,PO874102
SO-62772,C11586,2023-05-02,PO696729
SO-62773,C10006,2023-05-03,PO607995
SO-62774,C10019,2023-05-03,PO367609
SO-62775,C10096,2023-05-03,PO313122
SO-62776,C10248,2023-05-03,PO864095
SO-62777,C10257,2023-05-03,PO651247
SO-62778,C10261,2023-05-03,PO923425
SO-62779,C10344,2023-05-03,PO774144
SO-62780,C11178,2023-05-03,PO824829
SO-62781,C10006,2023-05-04,PO117149
SO-62782,C10011,2023-05-04,PO329437
SO-62783,C10019,2023-05-04,PO689407
SO-62784,C10033,2023-05-04,PO877963
SO-62785,C10071,2023-05-04,PO449269
SO-62786,C10081,2023-05-04,PO677672
SO-62787,C10086,2023-05-04,PO820154
SO-62788,C10096,2023-05-04,PO581920
SO-62789,C10114,2023-05-04,PO526189
SO-62790,C10151,2023-05-04,PO569150
SO-62791,C10322,2023-05-04,PO129150
SO-62792,C10418,2023-05-04,PO506538
SO-62793,C10810,2023-05-04,PO666218
SO-62794,C10011,2023-05-05,PO666618
SO-62795,C10024,2023-05-05,PO778910
SO-62796,C10033,2023-05-05,PO534601
SO-62797,C10060,2023-05-05,PO324791
SO-62798,C10071,2023-05-05,PO678111
SO-62799,C10081,2023-05-05,PO756019
SO-62800,C10086,2023-05-05,PO194052
SO-62801,C10096,2023-05-05,PO558632
SO-62802,C10102,2023-05-05,PO885353
SO-62803,C10107,2023-05-05,PO110904
SO-62804,C10132,2023-05-05,PO412342
SO-62805,C10257,2023-05-05,PO571676
SO-62806,C10304,2023-05-05,PO420589
SO-62807,C10409,2023-05-05,PO717047
SO-62808,C10993,2023-05-05,PO252857
SO-62809,C11092,2023-05-05,PO237890
SO-62810,C11315,2023-05-05,PO311722
SO-62811,C10006,2023-05-08,PO352437
SO-62812,C10060,2023-05-08,PO898708
SO-62813,C10071,2023-05-08,PO698038
SO-62814,C10081,2023-05-08,PO256665
SO-62815,C10102,2023-05-08,PO590663
SO-62816,C10107,2023-05-08,PO389644
SO-62817,C10138,2023-05-08,PO475916
SO-62818,C10161,2023-05-08,PO387442
SO-62819,C10225,2023-05-08,PO222604
SO-62820,C10304,2023-05-08,PO366980
SO-62821,C10440,2023-05-08,PO360641
SO-62822,C10669,2023-05-08,PO333832
SO-62823,C10914,2023-05-08,PO288266
SO-62824,C11136,2023-05-08,PO588182
SO-62825,C11811,2023-05-08,PO884209
SO-62826,C10006,2023-05-09,PO110487
SO-62827,C10041,2023-05-09,PO176366
SO-62828,C10042,2023-05-09,PO915462
SO-62829,C10071,2023-05-09,PO649562
SO-62830,C10081,2023-05-09,PO453816
SO-62831,C10086,2023-05-09,PO303653
SO-62832,C10096,2023-05-09,PO329165
SO-62833,C10102,2023-05-09,PO589028
SO-62834,C10107,2023-05-09,PO421815
SO-62835,C10114,2023-05-09,PO543215
SO-62836,C10132,2023-05-09,PO514269
SO-62837,C10173,2023-05-09,PO380194
SO-62838,C10200,2023-05-09,PO247107
SO-62839,C10208,2023-05-09,PO209527
SO-62840,C10235,2023-05-09,PO757718
SO-62841,C11480,2023-05-09,PO195801
SO-62842,C10006,2023-05-10,PO825271
SO-62843,C10011,2023-05-10,PO530744
SO-62844,C10024,2023-05-10,PO605482
SO-62845,C10071,2023-05-10,PO120151
SO-62846,C10081,2023-05-10,PO808529
SO-62847,C10086,2023-05-10,PO795433
SO-62848,C10151,2023-05-10,PO908899
SO-62849,C10452,2023-05-10,PO622293
SO-62850,C11025,2023-05-10,PO114459
SO-62851,C10006,2023-05-11,PO875474
SO-62852,C10071,2023-05-11,PO373946
SO-62853,C10081,2023-05-11,PO287095
SO-62854,C10138,2023-05-11,PO183484
SO-62855,C10006,2023-05-12,PO464678
SO-62856,C10019,2023-05-12,PO225157
SO-62857,C10033,2023-05-12,PO644044
SO-62858,C10071,2023-05-12,PO409148
SO-62859,C10132,2023-05-12,PO693541
SO-62860,C10159,2023-05-12,PO469701
SO-62861,C10175,2023-05-12,PO470684
SO-62862,C10192,2023-05-12,PO991464
SO-62863,C10217,2023-05-12,PO174534
SO-62864,C10430,2023-05-12,PO451496
SO-62865,C11838,2023-05-12,PO789683
SO-62866,C10006,2023-05-15,PO159558
SO-62867,C10011,2023-05-15,PO733016
SO-62868,C10024,2023-05-15,PO369020
SO-62869,C10033,2023-05-15,PO908912
SO-62870,C10071,2023-05-15,PO188539
SO-62871,C10081,2023-05-15,PO148765
SO-62872,C10086,2023-05-15,PO609189
SO-62873,C10096,2023-05-15,PO738002
SO-62874,C10123,2023-05-15,PO194920
SO-62875,C10132,2023-05-15,PO254959
SO-62876,C10144,2023-05-15,PO949992
SO-62877,C10151,2023-05-15,PO352574
SO-62878,C10161,2023-05-15,PO896702
SO-62879,C10173,2023-05-15,PO379442
SO-62880,C10186,2023-05-15,PO300185
SO-62881,C10208,2023-05-15,PO329934
SO-62882,C10242,2023-05-15,PO470256
SO-62883,C10826,2023-05-15,PO415793
SO-62884,C10878,2023-05-15,PO751329
SO-62885,C12111,2023-05-15,PO423219
SO-62886,C10060,2023-05-16,PO790517
SO-62887,C10071,2023-05-16,PO105551
SO-62888,C10081,2023-05-16,PO686211
SO-62889,C10086,2023-05-16,PO856204
SO-62890,C10208,2023-05-16,PO876784
SO-62891,C10308,2023-05-16,PO368870
SO-62892,C10463,2023-05-16,PO454536
SO-62893,C10529,2023-05-16,PO246705
SO-62894,C10006,2023-05-17,PO593526
SO-62895,C10011,2023-05-17,PO182402
SO-62896,C10024,2023-05-17,PO782756
SO-62897,C10033,2023-05-17,PO809157
SO-62898,C10071,2023-05-17,PO653746
SO-62899,C10081,2023-05-17,PO712203
SO-62900,C10132,2023-05-17,PO502278
SO-62901,C10159,2023-05-17,PO353240
SO-62902,C10269,2023-05-17,PO997260
SO-62903,C10304,2023-05-17,PO764101
SO-62904,C10308,2023-05-17,PO178877
SO-62905,C10365,2023-05-17,PO255416
SO-62906,C10418,2023-05-17,PO488899
SO-62907,C10529,2023-05-17,PO331110
SO-62908,C10659,2023-05-17,PO885003
SO-62909,C13149,2023-05-17,PO515953
SO-62910,C10006,2023-05-18,PO483182
SO-62911,C10011,2023-05-18,PO318692
SO-62912,C10024,2023-05-18,PO777608
SO-62913,C10053,2023-05-18,PO781622
SO-62914,C10081,2023-05-18,PO607621
SO-62915,C10086,2023-05-18,PO914637
SO-62916,C10242,2023-05-18,PO938618
SO-62917,C10837,2023-05-18,PO435029
SO-62918,C11025,2023-05-18,PO763169
SO-62919,C10006,2023-05-19,PO152518
SO-62920,C10019,2023-05-19,PO118004
SO-62921,C10024,2023-05-19,PO593373
SO-62922,C10071,2023-05-19,PO298119
SO-62923,C10081,2023-05-19,PO457696
SO-62924,C10114,2023-05-19,PO601915
SO-62925,C10161,2023-05-19,PO257624
SO-62926,C10200,2023-05-19,PO522976
SO-62927,C10261,2023-05-19,PO527581
SO-62928,C10006,2023-05-22,PO470904
SO-62929,C10024,2023-05-22,PO436558
SO-62930,C10033,2023-05-22,PO798058
SO-62931,C10042,2023-05-22,PO911932
SO-62932,C10071,2023-05-22,PO475075
SO-62933,C10081,2023-05-22,PO521765
SO-62934,C10086,2023-05-22,PO450785
SO-62935,C10096,2023-05-22,PO370197
SO-62936,C10102,2023-05-22,PO238233
SO-62937,C10114,2023-05-22,PO637072
SO-62938,C10123,2023-05-22,PO269686
SO-62939,C10173,2023-05-22,PO958402
SO-62940,C10192,2023-05-22,PO921464
SO-62941,C10208,2023-05-22,PO614629
SO-62942,C10215,2023-05-22,PO750092
SO-62943,C10257,2023-05-22,PO502982
SO-62944,C10269,2023-05-22,PO349589
SO-62945,C10297,2023-05-22,PO486864
SO-62946,C10321,2023-05-22,PO765998
SO-62947,C10440,2023-05-22,PO776986
SO-62948,C10976,2023-05-22,PO979440
SO-62949,C11136,2023-05-22,PO550522
SO-62950,C11178,2023-05-22,PO550161
SO-62951,C11511,2023-05-22,PO317595
SO-62952,C10006,2023-05-23,PO120448
SO-62953,C10011,2023-05-23,PO408043
SO-62954,C10071,2023-05-23,PO894525
SO-62955,C10081,2023-05-23,PO574786
SO-62956,C10086,2023-05-23,PO425706
SO-62957,C10102,2023-05-23,PO384323
SO-62958,C10107,2023-05-23,PO722611
SO-62959,C10151,2023-05-23,PO607708
SO-62960,C10173,2023-05-23,PO112614
SO-62961,C10390,2023-05-23,PO683792
SO-62962,C10801,2023-05-23,PO957771
SO-62963,C11304,2023-05-23,PO258791
SO-62964,C10006,2023-05-24,PO983853
SO-62965,C10011,2023-05-24,PO448538
SO-62966,C10033,2023-05-24,PO374369
SO-62967,C10071,2023-05-24,PO426609
SO-62968,C10081,2023-05-24,PO961206
SO-62969,C10123,2023-05-24,PO366121
SO-62970,C10186,2023-05-24,PO927575
SO-62971,C10225,2023-05-24,PO342997
SO-62972,C10242,2023-05-24,PO392479
SO-62973,C10322,2023-05-24,PO449095
SO-62974,C10603,2023-05-24,PO996906
SO-62975,C10006,2023-05-25,PO869465
SO-62976,C10011,2023-05-25,PO334632
SO-62977,C10024,2023-05-25,PO916742
SO-62978,C10071,2023-05-25,PO378881
SO-62979,C10081,2023-05-25,PO450069
SO-62980,C10086,2023-05-25,PO906003
SO-62981,C10096,2023-05-25,PO580285
SO-62982,C10114,2023-05-25,PO905960
SO-62983,C10144,2023-05-25,PO839751
SO-62984,C10235,2023-05-25,PO257765
SO-62985,C10779,2023-05-25,PO984633
SO-62986,C11524,2023-05-25,PO223228
SO-62987,C11542,2023-05-25,PO112131
SO-62988,C12111,2023-05-25,PO228901
SO-62989,C10006,2023-05-26,PO721539
SO-62990,C10071,2023-05-26,PO979403
SO-62991,C10081,2023-05-26,PO900927
SO-62992,C10086,2023-05-26,PO723861
SO-62993,C10096,2023-05-26,PO746329
SO-62994,C10107,2023-05-26,PO444875
SO-62995,C10123,2023-05-26,PO457549
SO-62996,C10217,2023-05-26,PO568930
SO-62997,C10293,2023-05-26,PO358360
SO-62998,C10304,2023-05-26,PO860406
SO-62999,C10344,2023-05-26,PO247272
SO-63000,C10482,2023-05-26,PO901504
SO-63001,C11304,2023-05-26,PO405223
SO-63002,C11524,2023-05-26,PO873784
SO-63003,C11537,2023-05-26,PO718382
SO-63004,C12233,2023-05-26,PO215033
SO-63005,C10006,2023-05-30,PO852539
SO-63006,C10011,2023-05-30,PO348062
SO-63007,C10071,2023-05-30,PO183140
SO-63008,C10081,2023-05-30,PO578169
SO-63009,C10086,2023-05-30,PO789875
SO-63010,C10114,2023-05-30,PO512987
SO-63011,C10151,2023-05-30,PO763041
SO-63012,C10235,2023-05-30,PO562270
SO-63013,C10573,2023-05-30,PO119625
SO-63014,C11062,2023-05-30,PO249938
SO-63015,C12783,2023-05-30,PO737620
SO-63016,C10006,2023-05-31,PO550642
SO-63017,C10024,2023-05-31,PO203672
SO-63018,C10071,2023-05-31,PO503337
SO-63019,C10081,2023-05-31,PO726674
SO-63020,C10086,2023-05-31,PO559314
SO-63021,C10102,2023-05-31,PO409012
SO-63022,C10107,2023-05-31,PO131292
SO-63023,C10173,2023-05-31,PO907410
SO-63024,C10286,2023-05-31,PO169885
SO-63025,C10573,2023-05-31,PO163272
SO-63026,C10591,2023-05-31,PO373013
SO-63027,C10006,2023-06-01,PO660447
SO-63028,C10053,2023-06-01,PO729322
SO-63029,C10071,2023-06-01,PO785031
SO-63030,C10081,2023-06-01,PO394077
SO-63031,C10086,2023-06-01,PO665900
SO-63032,C10096,2023-06-01,PO298266
SO-63033,C10138,2023-06-01,PO438983
SO-63034,C10144,2023-06-01,PO139878
SO-63035,C10675,2023-06-01,PO517686
SO-63036,C11197,2023-06-01,PO194614
SO-63037,C10006,2023-06-02,PO146534
SO-63038,C10019,2023-06-02,PO502357
SO-63039,C10042,2023-06-02,PO972044
SO-63040,C10071,2023-06-02,PO638566
SO-63041,C10081,2023-06-02,PO753345
SO-63042,C10208,2023-06-02,PO115310
SO-63043,C10430,2023-06-02,PO964861
SO-63044,C12725,2023-06-02,PO691999
SO-63045,C10006,2023-06-05,PO350956
SO-63046,C10011,2023-06-05,PO755561
SO-63047,C10019,2023-06-05,PO253450
SO-63048,C10024,2023-06-05,PO171283
SO-63049,C10041,2023-06-05,PO731950
SO-63050,C10053,2023-06-05,PO376002
SO-63051,C10071,2023-06-05,PO673036
SO-63052,C10096,2023-06-05,PO623327
SO-63053,C10114,2023-06-05,PO882952
SO-63054,C10144,2023-06-05,PO522223
SO-63055,C10173,2023-06-05,PO990562
SO-63056,C10186,2023-06-05,PO836384
SO-63057,C10200,2023-06-05,PO304110
SO-63058,C10215,2023-06-05,PO675190
SO-63059,C10286,2023-06-05,PO453807
SO-63060,C10332,2023-06-05,PO711068
SO-63061,C10444,2023-06-05,PO114441
SO-63062,C12347,2023-06-05,PO463269
SO-63063,C10006,2023-06-06,PO359352
SO-63064,C10081,2023-06-06,PO337996
SO-63065,C10102,2023-06-06,PO673142
SO-63066,C10217,2023-06-06,PO567662
SO-63067,C10248,2023-06-06,PO863884
SO-63068,C10563,2023-06-06,PO843069
SO-63069,C10581,2023-06-06,PO141830
SO-63070,C10937,2023-06-06,PO812955
SO-63071,C11315,2023-06-06,PO536785
SO-63072,C11632,2023-06-06,PO796966
SO-63073,C10006,2023-06-07,PO149433
SO-63074,C10071,2023-06-07,PO143990
SO-63075,C10096,2023-06-07,PO703531
SO-63076,C10123,2023-06-07,PO187790
SO-63077,C10138,2023-06-07,PO233047
SO-63078,C10297,2023-06-07,PO569579
SO-63079,C10998,2023-06-07,PO258250
SO-63080,C11364,2023-06-07,PO284827
SO-63081,C12620,2023-06-07,PO722149
SO-63082,C10006,2023-06-08,PO864879
SO-63083,C10019,2023-06-08,PO538222
SO-63084,C10024,2023-06-08,PO881462
SO-63085,C10033,2023-06-08,PO524105
SO-63086,C10071,2023-06-08,PO576091
SO-63087,C10081,2023-06-08,PO738253
SO-63088,C10286,2023-06-08,PO833830
SO-63089,C10494,2023-06-08,PO979591
SO-63090,C13014,2023-06-08,PO713524
SO-63091,C10006,2023-06-09,PO749373
SO-63092,C10033,2023-06-09,PO354325
SO-63093,C10071,2023-06-09,PO209491
SO-63094,C10096,2023-06-09,PO287693
SO-63095,C10132,2023-06-09,PO238376
SO-63096,C10515,2023-06-09,PO558700
SO-63097,C11756,2023-06-09,PO153295
SO-63098,C11796,2023-06-09,PO844088
SO-63099,C10006,2023-06-12,PO974409
SO-63100,C10011,2023-06-12,PO552301
SO-63101,C10024,2023-06-12,PO780712
SO-63102,C10042,2023-06-12,PO285901
SO-63103,C10071,2023-06-12,PO912769
SO-63104,C10086,2023-06-12,PO753788
SO-63105,C10102,2023-06-12,PO685587
SO-63106,C10132,2023-06-12,PO676475
SO-63107,C10225,2023-06-12,PO275423
SO-63108,C10242,2023-06-12,PO432523
SO-63109,C10248,2023-06-12,PO986814
SO-63110,C10463,2023-06-12,PO456173
SO-63111,C10506,2023-06-12,PO874225
SO-63112,C10970,2023-06-12,PO974841
SO-63113,C11197,2023-06-12,PO630419
SO-63114,C11948,2023-06-12,PO911231
SO-63115,C12253,2023-06-12,PO211635
SO-63116,C12762,2023-06-12,PO195429
SO-63117,C12861,2023-06-12,PO406212
SO-63118,C10006,2023-06-13,PO350655
SO-63119,C10071,2023-06-13,PO410918
SO-63120,C10081,2023-06-13,PO309786
SO-63121,C10102,2023-06-13,PO260199
SO-63122,C10138,2023-06-13,PO824079
SO-63123,C10297,2023-06-13,PO963759
SO-63124,C10573,2023-06-13,PO279794
SO-63125,C10745,2023-06-13,PO912860
SO-63126,C11457,2023-06-13,PO597283
SO-63127,C10006,2023-06-14,PO817391
SO-63128,C10011,2023-06-14,PO134863
SO-63129,C10071,2023-06-14,PO941055
SO-63130,C10081,2023-06-14,PO904072
SO-63131,C10114,2023-06-14,PO830478
SO-63132,C10132,2023-06-14,PO279312
SO-63133,C10138,2023-06-14,PO559491
SO-63134,C10161,2023-06-14,PO810846
SO-63135,C10200,2023-06-14,PO546564
SO-63136,C10322,2023-06-14,PO121481
SO-63137,C10636,2023-06-14,PO424531
SO-63138,C11190,2023-06-14,PO258707
SO-63139,C11743,2023-06-14,PO484558
SO-63140,C10006,2023-06-15,PO873908
SO-63141,C10011,2023-06-15,PO189537
SO-63142,C10071,2023-06-15,PO210258
SO-63143,C10081,2023-06-15,PO429024
SO-63144,C10107,2023-06-15,PO373898
SO-63145,C10151,2023-06-15,PO447324
SO-63146,C10440,2023-06-15,PO588147
SO-63147,C10494,2023-06-15,PO103464
SO-63148,C10006,2023-06-16,PO873924
SO-63149,C10071,2023-06-16,PO309320
SO-63150,C10086,2023-06-16,PO858723
SO-63151,C10225,2023-06-16,PO242140
SO-63152,C10344,2023-06-16,PO425241
SO-63153,C10376,2023-06-16,PO634514
SO-63154,C10784,2023-06-16,PO999795
SO-63155,C11811,2023-06-16,PO244833
SO-63156,C10006,2023-06-19,PO713113
SO-63157,C10019,2023-06-19,PO170933
SO-63158,C10024,2023-06-19,PO465394
SO-63159,C10041,2023-06-19,PO505167
SO-63160,C10060,2023-06-19,PO942289
SO-63161,C10071,2023-06-19,PO956979
SO-63162,C10081,2023-06-19,PO211313
SO-63163,C10086,2023-06-19,PO700671
SO-63164,C10096,2023-06-19,PO852398
SO-63165,C10144,2023-06-19,PO981892
SO-63166,C10242,2023-06-19,PO749275
SO-63167,C10304,2023-06-19,PO105337
SO-63168,C10430,2023-06-19,PO548069
SO-63169,C10556,2023-06-19,PO223199
SO-63170,C10779,2023-06-19,PO633834
SO-63171,C12556,2023-06-19,PO740434
SO-63172,C10006,2023-06-20,PO310167
SO-63173,C10011,2023-06-20,PO215393
SO-63174,C10024,2023-06-20,PO858219
SO-63175,C10033,2023-06-20,PO828991
SO-63176,C10071,2023-06-20,PO508491
SO-63177,C10081,2023-06-20,PO196666
SO-63178,C10096,2023-06-20,PO847319
SO-63179,C10114,2023-06-20,PO922826
SO-63180,C10144,2023-06-20,PO579654
SO-63181,C10826,2023-06-20,PO845882
SO-63182,C11550,2023-06-20,PO210515
SO-63183,C12245,2023-06-20,PO991035
SO-63184,C10006,2023-06-21,PO445868
SO-63185,C10011,2023-06-21,PO498003
SO-63186,C10033,2023-06-21,PO921316
SO-63187,C10060,2023-06-21,PO486790
SO-63188,C10071,2023-06-21,PO910667
SO-63189,C10081,2023-06-21,PO394309
SO-63190,C10086,2023-06-21,PO626216
SO-63191,C10096,2023-06-21,PO130428
SO-63192,C10269,2023-06-21,PO976179
SO-63193,C10286,2023-06-21,PO596362
SO-63194,C10501,2023-06-21,PO526378
SO-63195,C11351,2023-06-21,PO191912
SO-63196,C11398,2023-06-21,PO886097
SO-63197,C12849,2023-06-21,PO894521
SO-63198,C10006,2023-06-22,PO270505
SO-63199,C10011,2023-06-22,PO854277
SO-63200,C10024,2023-06-22,PO107124
SO-63201,C10071,2023-06-22,PO272809
SO-63202,C10107,2023-06-22,PO237781
SO-63203,C10114,2023-06-22,PO477887
SO-63204,C10132,2023-06-22,PO709008
SO-63205,C10138,2023-06-22,PO564943
SO-63206,C10151,2023-06-22,PO725740
SO-63207,C10200,2023-06-22,PO544596
SO-63208,C10215,2023-06-22,PO283881
SO-63209,C10950,2023-06-22,PO842817
SO-63210,C10970,2023-06-22,PO569085
SO-63211,C11225,2023-06-22,PO665690
SO-63212,C10006,2023-06-23,PO682165
SO-63213,C10019,2023-06-23,PO756610
SO-63214,C10033,2023-06-23,PO144819
SO-63215,C10042,2023-06-23,PO244960
SO-63216,C10081,2023-06-23,PO712755
SO-63217,C10123,2023-06-23,PO976721
SO-63218,C10200,2023-06-23,PO418200
SO-63219,C10225,2023-06-23,PO987658
SO-63220,C10269,2023-06-23,PO156220
SO-63221,C10286,2023-06-23,PO665789
SO-63222,C10006,2023-06-26,PO875625
SO-63223,C10011,2023-06-26,PO130629
SO-63224,C10019,2023-06-26,PO128767
SO-63225,C10033,2023-06-26,PO810495
SO-63226,C10041,2023-06-26,PO235448
SO-63227,C10071,2023-06-26,PO766290
SO-63228,C10081,2023-06-26,PO953962
SO-63229,C10086,2023-06-26,PO364524
SO-63230,C10096,2023-06-26,PO339531
SO-63231,C10102,2023-06-26,PO207489
SO-63232,C10107,2023-06-26,PO911337
SO-63233,C10114,2023-06-26,PO738875
SO-63234,C10123,2023-06-26,PO602173
SO-63235,C10151,2023-06-26,PO819410
SO-63236,C10159,2023-06-26,PO651907
SO-63237,C10225,2023-06-26,PO864111
SO-63238,C10297,2023-06-26,PO128260
SO-63239,C12347,2023-06-26,PO779661
SO-63240,C10006,2023-06-27,PO547992
SO-63241,C10011,2023-06-27,PO156268
SO-63242,C10019,2023-06-27,PO710028
SO-63243,C10041,2023-06-27,PO216437
SO-63244,C10071,2023-06-27,PO200107
SO-63245,C10107,2023-06-27,PO222160
SO-63246,C10114,2023-06-27,PO376477
SO-63247,C10132,2023-06-27,PO587318
SO-63248,C10159,2023-06-27,PO243905
SO-63249,C10647,2023-06-27,PO423220
SO-63250,C11235,2023-06-27,PO190180
SO-63251,C11589,2023-06-27,PO434711
SO-63252,C12483,2023-06-27,PO358921
SO-63253,C10006,2023-06-28,PO578596
SO-63254,C10019,2023-06-28,PO696362
SO-63255,C10024,2023-06-28,PO370313
SO-63256,C10071,2023-06-28,PO125237
SO-63257,C10081,2023-06-28,PO574385
SO-63258,C10107,2023-06-28,PO687164
SO-63259,C10132,2023-06-28,PO836839
SO-63260,C10144,2023-06-28,PO134726
SO-63261,C10151,2023-06-28,PO528313
SO-63262,C10173,2023-06-28,PO873790
SO-63263,C10200,2023-06-28,PO228119
SO-63264,C10304,2023-06-28,PO519783
SO-63265,C10332,2023-06-28,PO672914
SO-63266,C10361,2023-06-28,PO646588
SO-63267,C10463,2023-06-28,PO891555
SO-63268,C10998,2023-06-28,PO525110
SO-63269,C11029,2023-06-28,PO192937
SO-63270,C12674,2023-06-28,PO450841
SO-63271,C10006,2023-06-29,PO175162
SO-63272,C10011,2023-06-29,PO534935
SO-63273,C10019,2023-06-29,PO986028
SO-63274,C10033,2023-06-29,PO777045
SO-63275,C10071,2023-06-29,PO382758
SO-63276,C10081,2023-06-29,PO280875
SO-63277,C10086,2023-06-29,PO323935
SO-63278,C10096,2023-06-29,PO257821
SO-63279,C10102,2023-06-29,PO381673
SO-63280,C10107,2023-06-29,PO134395
SO-63281,C10123,2023-06-29,PO605252
SO-63282,C10175,2023-06-29,PO346673
SO-63283,C10192,2023-06-29,PO301944
SO-63284,C10217,2023-06-29,PO470311
SO-63285,C10444,2023-06-29,PO515825
SO-63286,C11148,2023-06-29,PO864325
SO-63287,C10006,2023-06-30,PO434309
SO-63288,C10053,2023-06-30,PO701601
SO-63289,C10071,2023-06-30,PO234945
SO-63290,C10081,2023-06-30,PO703896
SO-63291,C10096,2023-06-30,PO490830
SO-63292,C10161,2023-06-30,PO506724
SO-63293,C10173,2023-06-30,PO299442
SO-63294,C10186,2023-06-30,PO850636
SO-63295,C10006,2023-07-03,PO416989
SO-63296,C10019,2023-07-03,PO750616
SO-63297,C10024,2023-07-03,PO312967
SO-63298,C10033,2023-07-03,PO835620
SO-63299,C10041,2023-07-03,PO353945
SO-63300,C10071,2023-07-03,PO585412
SO-63301,C10081,2023-07-03,PO340838
SO-63302,C10102,2023-07-03,PO462631
SO-63303,C10114,2023-07-03,PO487401
SO-63304,C10132,2023-07-03,PO933904
SO-63305,C10144,2023-07-03,PO858723
SO-63306,C10418,2023-07-03,PO338423
SO-63307,C10463,2023-07-03,PO575803
SO-63308,C10573,2023-07-03,PO680311
SO-63309,C11092,2023-07-03,PO312655
SO-63310,C11320,2023-07-03,PO205660
SO-63311,C11349,2023-07-03,PO651975
SO-63312,C11788,2023-07-03,PO504673
SO-63313,C10006,2023-07-05,PO575689
SO-63314,C10071,2023-07-05,PO686101
SO-63315,C10107,2023-07-05,PO612080
SO-63316,C10144,2023-07-05,PO968170
SO-63317,C10242,2023-07-05,PO414935
SO-63318,C10926,2023-07-05,PO385382
SO-63319,C10019,2023-07-06,PO794536
SO-63320,C10071,2023-07-06,PO357112
SO-63321,C10096,2023-07-06,PO128148
SO-63322,C10114,2023-07-06,PO104398
SO-63323,C10138,2023-07-06,PO215191
SO-63324,C10159,2023-07-06,PO800080
SO-63325,C10235,2023-07-06,PO596380
SO-63326,C10257,2023-07-06,PO498097
SO-63327,C10332,2023-07-06,PO556558
SO-63328,C11351,2023-07-06,PO994131
SO-63329,C11374,2023-07-06,PO966874
SO-63330,C12820,2023-07-06,PO959081
SO-63331,C10006,2023-07-07,PO240014
SO-63332,C10024,2023-07-07,PO252573
SO-63333,C10081,2023-07-07,PO956002
SO-63334,C10102,2023-07-07,PO561693
SO-63335,C10144,2023-07-07,PO221352
SO-63336,C10242,2023-07-07,PO738214
SO-63337,C10501,2023-07-07,PO822661
SO-63338,C10937,2023-07-07,PO254489
SO-63339,C12253,2023-07-07,PO479111
SO-63340,C10006,2023-07-10,PO287512
SO-63341,C10019,2023-07-10,PO925065
SO-63342,C10060,2023-07-10,PO578734
SO-63343,C10071,2023-07-10,PO523475
SO-63344,C10132,2023-07-10,PO597120
SO-63345,C10151,2023-07-10,PO752685
SO-63346,C10159,2023-07-10,PO155814
SO-63347,C10269,2023-07-10,PO299608
SO-63348,C10297,2023-07-10,PO695528
SO-63349,C10684,2023-07-10,PO433050
SO-63350,C11332,2023-07-10,PO690825
SO-63351,C11732,2023-07-10,PO761178
SO-63352,C12419,2023-07-10,PO619984
SO-63353,C12483,2023-07-10,PO944951
SO-63354,C10024,2023-07-11,PO143954
SO-63355,C10033,2023-07-11,PO817633
SO-63356,C10071,2023-07-11,PO498594
SO-63357,C10081,2023-07-11,PO894858
SO-63358,C10086,2023-07-11,PO446917
SO-63359,C10102,2023-07-11,PO689767
SO-63360,C10132,2023-07-11,PO771787
SO-63361,C10173,2023-07-11,PO256899
SO-63362,C10544,2023-07-11,PO870125
SO-63363,C10728,2023-07-11,PO517811
SO-63364,C10909,2023-07-11,PO816128
SO-63365,C10006,2023-07-12,PO628064
SO-63366,C10011,2023-07-12,PO244673
SO-63367,C10042,2023-07-12,PO611869
SO-63368,C10071,2023-07-12,PO844813
SO-63369,C10081,2023-07-12,PO416299
SO-63370,C10102,2023-07-12,PO825411
SO-63371,C10144,2023-07-12,PO934495
SO-63372,C10380,2023-07-12,PO805277
SO-63373,C10801,2023-07-12,PO466228
SO-63374,C11632,2023-07-12,PO649163
SO-63375,C11964,2023-07-12,PO568466
SO-63376,C10006,2023-07-13,PO449589
SO-63377,C10033,2023-07-13,PO262762
SO-63378,C10071,2023-07-13,PO648924
SO-63379,C10086,2023-07-13,PO567471
SO-63380,C10107,2023-07-13,PO759387
SO-63381,C10138,2023-07-13,PO320800
SO-63382,C10173,2023-07-13,PO989858
SO-63383,C10175,2023-07-13,PO831187
SO-63384,C10192,2023-07-13,PO646500
SO-63385,C10352,2023-07-13,PO857240
SO-63386,C10006,2023-07-14,PO449555
SO-63387,C10011,2023-07-14,PO630293
SO-63388,C10071,2023-07-14,PO183804
SO-63389,C10081,2023-07-14,PO525350
SO-63390,C10173,2023-07-14,PO606032
SO-63391,C10215,2023-07-14,PO951275
SO-63392,C10269,2023-07-14,PO812897
SO-63393,C10336,2023-07-14,PO982744
SO-63394,C10826,2023-07-14,PO990836
SO-63395,C10006,2023-07-17,PO451457
SO-63396,C10024,2023-07-17,PO270613
SO-63397,C10033,2023-07-17,PO186145
SO-63398,C10071,2023-07-17,PO340093
SO-63399,C10081,2023-07-17,PO204286
SO-63400,C10096,2023-07-17,PO438283
SO-63401,C10102,2023-07-17,PO328870
SO-63402,C10107,2023-07-17,PO603431
SO-63403,C10114,2023-07-17,PO135521
SO-63404,C10132,2023-07-17,PO979614
SO-63405,C10144,2023-07-17,PO778401
SO-63406,C10159,2023-07-17,PO881571
SO-63407,C10161,2023-07-17,PO194374
SO-63408,C10200,2023-07-17,PO163771
SO-63409,C10269,2023-07-17,PO897259
SO-63410,C10322,2023-07-17,PO298938
SO-63411,C10397,2023-07-17,PO376564
SO-63412,C10463,2023-07-17,PO882270
SO-63413,C10521,2023-07-17,PO913639
SO-63414,C10629,2023-07-17,PO348715
SO-63415,C11530,2023-07-17,PO846988
SO-63416,C13033,2023-07-17,PO560539
SO-63417,C10006,2023-07-18,PO986012
SO-63418,C10071,2023-07-18,PO374659
SO-63419,C10081,2023-07-18,PO446019
SO-63420,C10257,2023-07-18,PO996181
SO-63421,C10418,2023-07-18,PO762871
SO-63422,C11537,2023-07-18,PO973597
SO-63423,C10041,2023-07-19,PO691736
SO-63424,C10067,2023-07-19,PO641820
SO-63425,C10071,2023-07-19,PO598567
SO-63426,C10081,2023-07-19,PO410746
SO-63427,C10102,2023-07-19,PO206081
SO-63428,C10107,2023-07-19,PO930872
SO-63429,C10114,2023-07-19,PO617404
SO-63430,C10123,2023-07-19,PO841796
SO-63431,C11046,2023-07-19,PO281484
SO-63432,C11784,2023-07-19,PO549670
SO-63433,C10006,2023-07-20,PO483378
SO-63434,C10011,2023-07-20,PO842014
SO-63435,C10019,2023-07-20,PO105070
SO-63436,C10071,2023-07-20,PO559528
SO-63437,C10081,2023-07-20,PO810014
SO-63438,C10086,2023-07-20,PO841475
SO-63439,C10096,2023-07-20,PO438691
SO-63440,C10138,2023-07-20,PO555932
SO-63441,C10144,2023-07-20,PO888332
SO-63442,C10159,2023-07-20,PO426866
SO-63443,C10175,2023-07-20,PO599547
SO-63444,C10293,2023-07-20,PO749105
SO-63445,C10344,2023-07-20,PO760307
SO-63446,C12566,2023-07-20,PO954235
SO-63447,C12888,2023-07-20,PO969647
SO-63448,C10006,2023-07-21,PO770937
SO-63449,C10081,2023-07-21,PO981914
SO-63450,C10102,2023-07-21,PO940628
SO-63451,C10186,2023-07-21,PO536515
SO-63452,C10336,2023-07-21,PO291579
SO-63453,C10591,2023-07-21,PO168317
SO-63454,C10669,2023-07-21,PO296770
SO-63455,C10745,2023-07-21,PO240698
SO-63456,C10801,2023-07-21,PO954366
SO-63457,C10890,2023-07-21,PO101509
SO-63458,C12437,2023-07-21,PO612127
SO-63459,C12546,2023-07-21,PO285332
SO-63460,C10006,2023-07-24,PO970160
SO-63461,C10011,2023-07-24,PO806260
SO-63462,C10019,2023-07-24,PO806671
SO-63463,C10024,2023-07-24,PO759604
SO-63464,C10071,2023-07-24,PO698822
SO-63465,C10081,2023-07-24,PO227996
SO-63466,C10086,2023-07-24,PO275449
SO-63467,C10096,2023-07-24,PO355679
SO-63468,C10186,2023-07-24,PO882611
SO-63469,C10192,2023-07-24,PO945616
SO-63470,C10200,2023-07-24,PO169506
SO-63471,C10217,2023-07-24,PO118055
SO-63472,C10276,2023-07-24,PO285617
SO-63473,C10286,2023-07-24,PO507543
SO-63474,C10430,2023-07-24,PO744435
SO-63475,C10501,2023-07-24,PO202209
SO-63476,C11956,2023-07-24,PO700771
SO-63477,C10006,2023-07-25,PO449814
SO-63478,C10033,2023-07-25,PO819395
SO-63479,C10053,2023-07-25,PO833498
SO-63480,C10081,2023-07-25,PO568506
SO-63481,C10086,2023-07-25,PO171824
SO-63482,C10096,2023-07-25,PO911630
SO-63483,C10107,2023-07-25,PO383089
SO-63484,C10114,2023-07-25,PO904450
SO-63485,C10132,2023-07-25,PO212583
SO-63486,C10144,2023-07-25,PO827507
SO-63487,C10261,2023-07-25,PO305338
SO-63488,C10452,2023-07-25,PO403103
SO-63489,C10552,2023-07-25,PO958158
SO-63490,C10993,2023-07-25,PO351719
SO-63491,C12509,2023-07-25,PO521848
SO-63492,C10006,2023-07-26,PO883550
SO-63493,C10019,2023-07-26,PO498850
SO-63494,C10081,2023-07-26,PO985614
SO-63495,C10096,2023-07-26,PO939402
SO-63496,C10102,2023-07-26,PO475511
SO-63497,C10107,2023-07-26,PO445598
SO-63498,C10123,2023-07-26,PO650806
SO-63499,C10217,2023-07-26,PO730054
SO-63500,C10257,2023-07-26,PO967050
SO-63501,C10423,2023-07-26,PO447638
SO-63502,C12068,2023-07-26,PO410551
SO-63503,C10006,2023-07-27,PO119887
SO-63504,C10019,2023-07-27,PO478255
SO-63505,C10024,2023-07-27,PO966372
SO-63506,C10071,2023-07-27,PO800134
SO-63507,C10081,2023-07-27,PO657004
SO-63508,C10102,2023-07-27,PO474319
SO-63509,C10138,2023-07-27,PO953144
SO-63510,C10200,2023-07-27,PO767452
SO-63511,C12036,2023-07-27,PO477937
SO-63512,C10006,2023-07-28,PO319265
SO-63513,C10019,2023-07-28,PO961587
SO-63514,C10033,2023-07-28,PO935344
SO-63515,C10042,2023-07-28,PO421889
SO-63516,C10071,2023-07-28,PO365690
SO-63517,C10086,2023-07-28,PO999215
SO-63518,C10096,2023-07-28,PO768395
SO-63519,C10102,2023-07-28,PO250925
SO-63520,C10114,2023-07-28,PO961871
SO-63521,C10215,2023-07-28,PO658139
SO-63522,C10452,2023-07-28,PO531946
SO-63523,C10456,2023-07-28,PO142557
SO-63524,C10580,2023-07-28,PO477918
SO-63525,C10629,2023-07-28,PO498278
SO-63526,C10006,2023-07-31,PO465288
SO-63527,C10024,2023-07-31,PO276969
SO-63528,C10042,2023-07-31,PO464942
SO-63529,C10053,2023-07-31,PO705806
SO-63530,C10071,2023-07-31,PO744951
SO-63531,C10081,2023-07-31,PO705897
SO-63532,C10086,2023-07-31,PO553265
SO-63533,C10102,2023-07-31,PO780653
SO-63534,C10114,2023-07-31,PO581673
SO-63535,C10123,2023-07-31,PO954261
SO-63536,C10138,2023-07-31,PO248712
SO-63537,C10144,2023-07-31,PO229281
SO-63538,C10159,2023-07-31,PO918397
SO-63539,C10175,2023-07-31,PO902001
SO-63540,C10217,2023-07-31,PO495387
SO-63541,C10390,2023-07-31,PO746563
SO-63542,C10006,2023-08-01,PO836061
SO-63543,C10019,2023-08-01,PO982346
SO-63544,C10071,2023-08-01,PO214187
SO-63545,C10081,2023-08-01,PO865009
SO-63546,C10096,2023-08-01,PO144148
SO-63547,C10102,2023-08-01,PO785626
SO-63548,C10114,2023-08-01,PO127524
SO-63549,C10138,2023-08-01,PO500689
SO-63550,C10144,2023-08-01,PO549877
SO-63551,C10151,2023-08-01,PO315581
SO-63552,C10321,2023-08-01,PO329737
SO-63553,C10352,2023-08-01,PO710533
SO-63554,C10864,2023-08-01,PO304150
SO-63555,C10890,2023-08-01,PO353280
SO-63556,C10011,2023-08-02,PO517264
SO-63557,C10071,2023-08-02,PO857984
SO-63558,C10096,2023-08-02,PO926779
SO-63559,C10144,2023-08-02,PO612469
SO-63560,C10151,2023-08-02,PO859316
SO-63561,C10208,2023-08-02,PO725561
SO-63562,C10591,2023-08-02,PO891688
SO-63563,C12191,2023-08-02,PO135667
SO-63564,C10006,2023-08-03,PO557529
SO-63565,C10071,2023-08-03,PO545248
SO-63566,C10081,2023-08-03,PO470848
SO-63567,C12431,2023-08-03,PO116098
SO-63568,C10071,2023-08-04,PO820841
SO-63569,C10293,2023-08-04,PO107998
SO-63570,C10006,2023-08-07,PO887915
SO-63571,C10011,2023-08-07,PO526133
SO-63572,C10019,2023-08-07,PO315866
SO-63573,C10053,2023-08-07,PO210838
SO-63574,C10071,2023-08-07,PO940912
SO-63575,C10081,2023-08-07,PO370424
SO-63576,C10086,2023-08-07,PO156964
SO-63577,C10138,2023-08-07,PO612723
SO-63578,C10159,2023-08-07,PO502056
SO-63579,C10173,2023-08-07,PO108134
SO-63580,C10286,2023-08-07,PO314471
SO-63581,C10308,2023-08-07,PO872609
SO-63582,C11037,2023-08-07,PO561037
SO-63583,C11437,2023-08-07,PO300221
SO-63584,C13129,2023-08-07,PO935374
SO-63585,C10006,2023-08-08,PO912259
SO-63586,C10071,2023-08-08,PO631694
SO-63587,C10081,2023-08-08,PO393337
SO-63588,C10102,2023-08-08,PO706648
SO-63589,C10114,2023-08-08,PO758819
SO-63590,C10151,2023-08-08,PO304113
SO-63591,C10208,2023-08-08,PO957467
SO-63592,C10225,2023-08-08,PO443452
SO-63593,C12696,2023-08-08,PO205694
SO-63594,C10006,2023-08-09,PO982577
SO-63595,C10024,2023-08-09,PO162839
SO-63596,C10071,2023-08-09,PO531451
SO-63597,C10096,2023-08-09,PO319927
SO-63598,C10344,2023-08-09,PO808210
SO-63599,C10738,2023-08-09,PO297412
SO-63600,C11764,2023-08-09,PO222758
SO-63601,C10006,2023-08-10,PO373946
SO-63602,C10024,2023-08-10,PO414149
SO-63603,C10071,2023-08-10,PO713804
SO-63604,C10081,2023-08-10,PO141604
SO-63605,C10096,2023-08-10,PO989234
SO-63606,C10132,2023-08-10,PO784107
SO-63607,C10138,2023-08-10,PO456545
SO-63608,C10186,2023-08-10,PO910901
SO-63609,C10286,2023-08-10,PO940485
SO-63610,C10322,2023-08-10,PO485171
SO-63611,C11289,2023-08-10,PO878244
SO-63612,C10041,2023-08-11,PO217605
SO-63613,C10102,2023-08-11,PO328588
SO-63614,C10107,2023-08-11,PO601172
SO-63615,C10114,2023-08-11,PO920235
SO-63616,C10138,2023-08-11,PO871719
SO-63617,C10186,2023-08-11,PO210792
SO-63618,C10192,2023-08-11,PO369487
SO-63619,C10321,2023-08-11,PO629422
SO-63620,C10483,2023-08-11,PO416222
SO-63621,C10532,2023-08-11,PO499486
SO-63622,C10006,2023-08-14,PO856371
SO-63623,C10024,2023-08-14,PO677955
SO-63624,C10033,2023-08-14,PO112806
SO-63625,C10071,2023-08-14,PO841203
SO-63626,C10081,2023-08-14,PO455415
SO-63627,C10086,2023-08-14,PO664921
SO-63628,C10096,2023-08-14,PO428602
SO-63629,C10132,2023-08-14,PO638058
SO-63630,C10161,2023-08-14,PO636773
SO-63631,C10173,2023-08-14,PO409175
SO-63632,C10235,2023-08-14,PO288775
SO-63633,C10482,2023-08-14,PO304988
SO-63634,C10993,2023-08-14,PO708911
SO-63635,C12820,2023-08-14,PO449302
SO-63636,C10011,2023-08-15,PO175021
SO-63637,C10024,2023-08-15,PO519810
SO-63638,C10060,2023-08-15,PO850629
SO-63639,C10071,2023-08-15,PO165749
SO-63640,C10081,2023-08-15,PO657276
SO-63641,C10161,2023-08-15,PO910638
SO-63642,C10186,2023-08-15,PO483480
SO-63643,C10440,2023-08-15,PO447659
SO-63644,C11029,2023-08-15,PO509198
SO-63645,C12981,2023-08-15,PO990103
SO-63646,C10006,2023-08-16,PO610108
SO-63647,C10060,2023-08-16,PO883699
SO-63648,C10071,2023-08-16,PO570107
SO-63649,C10086,2023-08-16,PO745059
SO-63650,C10107,2023-08-16,PO650153
SO-63651,C10418,2023-08-16,PO944983
SO-63652,C10938,2023-08-16,PO418617
SO-63653,C11756,2023-08-16,PO331037
SO-63654,C12578,2023-08-16,PO556491
SO-63655,C10006,2023-08-17,PO642678
SO-63656,C10071,2023-08-17,PO815065
SO-63657,C10081,2023-08-17,PO605484
SO-63658,C10086,2023-08-17,PO642629
SO-63659,C10107,2023-08-17,PO494731
SO-63660,C10175,2023-08-17,PO937714
SO-63661,C10215,2023-08-17,PO848318
SO-63662,C10603,2023-08-17,PO275400
SO-63663,C10826,2023-08-17,PO910155
SO-63664,C11037,2023-08-17,PO669069
SO-63665,C10024,2023-08-18,PO693144
SO-63666,C10033,2023-08-18,PO555677
SO-63667,C10071,2023-08-18,PO525190
SO-63668,C10096,2023-08-18,PO833841
SO-63669,C10123,2023-08-18,PO689079
SO-63670,C10159,2023-08-18,PO204780
SO-63671,C10440,2023-08-18,PO531302
SO-63672,C10563,2023-08-18,PO160367
SO-63673,C12347,2023-08-18,PO295546
SO-63674,C10006,2023-08-21,PO861636
SO-63675,C10024,2023-08-21,PO357747
SO-63676,C10042,2023-08-21,PO272649
SO-63677,C10060,2023-08-21,PO526463
SO-63678,C10071,2023-08-21,PO907459
SO-63679,C10081,2023-08-21,PO504561
SO-63680,C10102,2023-08-21,PO692284
SO-63681,C10107,2023-08-21,PO281087
SO-63682,C10200,2023-08-21,PO964420
SO-63683,C10215,2023-08-21,PO315922
SO-63684,C10235,2023-08-21,PO242837
SO-63685,C10242,2023-08-21,PO946091
SO-63686,C10257,2023-08-21,PO136749
SO-63687,C10397,2023-08-21,PO832536
SO-63688,C10456,2023-08-21,PO333959
SO-63689,C10006,2023-08-22,PO142757
SO-63690,C10033,2023-08-22,PO198226
SO-63691,C10071,2023-08-22,PO702580
SO-63692,C10132,2023-08-22,PO463344
SO-63693,C10161,2023-08-22,PO183773
SO-63694,C10006,2023-08-23,PO424205
SO-63695,C10024,2023-08-23,PO747538
SO-63696,C10033,2023-08-23,PO960882
SO-63697,C10071,2023-08-23,PO590968
SO-63698,C10081,2023-08-23,PO502405
SO-63699,C10086,2023-08-23,PO961856
SO-63700,C10102,2023-08-23,PO656122
SO-63701,C10144,2023-08-23,PO518634
SO-63702,C10186,2023-08-23,PO914885
SO-63703,C10208,2023-08-23,PO423679
SO-63704,C10456,2023-08-23,PO654656
SO-63705,C10482,2023-08-23,PO660574
SO-63706,C10006,2023-08-24,PO696583
SO-63707,C10071,2023-08-24,PO299195
SO-63708,C10081,2023-08-24,PO719709
SO-63709,C10086,2023-08-24,PO622405
SO-63710,C10096,2023-08-24,PO600282
SO-63711,C10107,2023-08-24,PO813463
SO-63712,C10123,2023-08-24,PO240150
SO-63713,C10186,2023-08-24,PO767762
SO-63714,C10965,2023-08-24,PO523283
SO-63715,C11842,2023-08-24,PO929613
SO-63716,C11914,2023-08-24,PO277353
SO-63717,C10006,2023-08-25,PO152415
SO-63718,C10071,2023-08-25,PO595109
SO-63719,C10086,2023-08-25,PO316614
SO-63720,C10096,2023-08-25,PO170932
SO-63721,C10102,2023-08-25,PO717698
SO-63722,C10114,2023-08-25,PO663604
SO-63723,C10257,2023-08-25,PO683535
SO-63724,C11608,2023-08-25,PO787428
SO-63725,C10006,2023-08-28,PO361743
SO-63726,C10019,2023-08-28,PO841463
SO-63727,C10024,2023-08-28,PO814181
SO-63728,C10033,2023-08-28,PO898064
SO-63729,C10071,2023-08-28,PO958496
SO-63730,C10081,2023-08-28,PO331732
SO-63731,C10102,2023-08-28,PO996717
SO-63732,C10123,2023-08-28,PO757167
SO-63733,C10144,2023-08-28,PO966304
SO-63734,C10159,2023-08-28,PO466579
SO-63735,C10186,2023-08-28,PO580940
SO-63736,C10361,2023-08-28,PO250938
SO-63737,C10376,2023-08-28,PO299783
SO-63738,C10444,2023-08-28,PO373466
SO-63739,C11339,2023-08-28,PO799240
SO-63740,C12333,2023-08-28,PO309096
SO-63741,C12832,2023-08-28,PO582745
SO-63742,C10006,2023-08-29,PO512719
SO-63743,C10071,2023-08-29,PO169887
SO-63744,C10081,2023-08-29,PO782860
SO-63745,C10086,2023-08-29,PO284417
SO-63746,C10096,2023-08-29,PO634302
SO-63747,C10159,2023-08-29,PO536510
SO-63748,C10322,2023-08-29,PO441640
SO-63749,C10814,2023-08-29,PO764295
SO-63750,C10006,2023-08-30,PO172184
SO-63751,C10071,2023-08-30,PO505734
SO-63752,C10081,2023-08-30,PO707320
SO-63753,C10102,2023-08-30,PO258768
SO-63754,C10144,2023-08-30,PO266837
SO-63755,C10208,2023-08-30,PO562481
SO-63756,C10297,2023-08-30,PO884798
SO-63757,C10494,2023-08-30,PO200186
SO-63758,C10762,2023-08-30,PO134888
SO-63759,C10006,2023-08-31,PO444644
SO-63760,C10033,2023-08-31,PO946051
SO-63761,C10081,2023-08-31,PO473923
SO-63762,C10086,2023-08-31,PO634313
SO-63763,C10096,2023-08-31,PO980427
SO-63764,C10107,2023-08-31,PO423946
SO-63765,C10123,2023-08-31,PO689780
SO-63766,C10175,2023-08-31,PO145740
SO-63767,C10186,2023-08-31,PO167438
SO-63768,C10444,2023-08-31,PO686916
SO-63769,C10006,2023-09-01,PO346226
SO-63770,C10011,2023-09-01,PO168663
SO-63771,C10019,2023-09-01,PO104974
SO-63772,C10024,2023-09-01,PO183008
SO-63773,C10041,2023-09-01,PO874558
SO-63774,C10081,2023-09-01,PO699022
SO-63775,C10096,2023-09-01,PO902025
SO-63776,C10102,2023-09-01,PO548807
SO-63777,C10107,2023-09-01,PO926446
SO-63778,C10452,2023-09-01,PO180101
SO-63779,C10463,2023-09-01,PO628087
SO-63780,C10669,2023-09-01,PO697845
SO-63781,C11626,2023-09-01,PO478504
SO-63782,C10006,2023-09-05,PO829003
SO-63783,C10011,2023-09-05,PO947198
SO-63784,C10019,2023-09-05,PO724269
SO-63785,C10033,2023-09-05,PO593672
SO-63786,C10071,2023-09-05,PO421913
SO-63787,C10086,2023-09-05,PO780483
SO-63788,C10107,2023-09-05,PO890403
SO-63789,C10123,2023-09-05,PO461696
SO-63790,C10159,2023-09-05,PO220912
SO-63791,C10257,2023-09-05,PO388404
SO-63792,C10336,2023-09-05,PO227088
SO-63793,C10629,2023-09-05,PO376936
SO-63794,C10636,2023-09-05,PO185808
SO-63795,C10864,2023-09-05,PO998982
SO-63796,C11480,2023-09-05,PO285841
SO-63797,C12659,2023-09-05,PO826491
SO-63798,C10006,2023-09-06,PO847980
SO-63799,C10019,2023-09-06,PO839649
SO-63800,C10041,2023-09-06,PO903987
SO-63801,C10071,2023-09-06,PO473917
SO-63802,C10086,2023-09-06,PO740284
SO-63803,C10096,2023-09-06,PO540139
SO-63804,C10102,2023-09-06,PO599984
SO-63805,C10107,2023-09-06,PO993294
SO-63806,C10114,2023-09-06,PO422762
SO-63807,C10215,2023-09-06,PO787370
SO-63808,C10225,2023-09-06,PO143528
SO-63809,C10248,2023-09-06,PO148284
SO-63810,C10257,2023-09-06,PO268125
SO-63811,C11928,2023-09-06,PO542448
SO-63812,C10006,2023-09-07,PO203926
SO-63813,C10011,2023-09-07,PO844649
SO-63814,C10033,2023-09-07,PO464314
SO-63815,C10053,2023-09-07,PO380973
SO-63816,C10071,2023-09-07,PO498032
SO-63817,C10081,2023-09-07,PO872845
SO-63818,C10086,2023-09-07,PO502060
SO-63819,C10096,2023-09-07,PO457311
SO-63820,C10107,2023-09-07,PO845341
SO-63821,C10440,2023-09-07,PO812233
SO-63822,C11619,2023-09-07,PO841948
SO-63823,C10019,2023-09-08,PO749092
SO-63824,C10033,2023-09-08,PO884225
SO-63825,C10071,2023-09-08,PO543110
SO-63826,C10081,2023-09-08,PO275751
SO-63827,C10086,2023-09-08,PO345788
SO-63828,C10102,2023-09-08,PO622094
SO-63829,C10269,2023-09-08,PO176686
SO-63830,C10390,2023-09-08,PO335114
SO-63831,C10397,2023-09-08,PO766373
SO-63832,C10937,2023-09-08,PO212700
SO-63833,C11764,2023-09-08,PO423957
SO-63834,C10006,2023-09-11,PO575990
SO-63835,C10019,2023-09-11,PO482420
SO-63836,C10024,2023-09-11,PO566313
SO-63837,C10042,2023-09-11,PO181598
SO-63838,C10053,2023-09-11,PO640646
SO-63839,C10071,2023-09-11,PO172671
SO-63840,C10081,2023-09-11,PO883172
SO-63841,C10086,2023-09-11,PO218210
SO-63842,C10096,2023-09-11,PO125893
SO-63843,C10102,2023-09-11,PO653316
SO-63844,C10114,2023-09-11,PO397663
SO-63845,C10123,2023-09-11,PO555245
SO-63846,C10159,2023-09-11,PO199394
SO-63847,C10161,2023-09-11,PO121203
SO-63848,C10192,2023-09-11,PO753538
SO-63849,C10200,2023-09-11,PO538141
SO-63850,C10208,2023-09-11,PO389766
SO-63851,C10304,2023-09-11,PO249039
SO-63852,C10336,2023-09-11,PO544742
SO-63853,C10470,2023-09-11,PO704897
SO-63854,C10501,2023-09-11,PO403188
SO-63855,C10810,2023-09-11,PO100892
SO-63856,C11284,2023-09-11,PO757501
SO-63857,C11918,2023-09-11,PO367682
SO-63858,C10006,2023-09-12,PO733793
SO-63859,C10024,2023-09-12,PO262546
SO-63860,C10033,2023-09-12,PO816518
SO-63861,C10071,2023-09-12,PO405549
SO-63862,C10081,2023-09-12,PO223408
SO-63863,C10102,2023-09-12,PO875832
SO-63864,C10107,2023-09-12,PO284621
SO-63865,C10132,2023-09-12,PO175121
SO-63866,C10138,2023-09-12,PO653884
SO-63867,C10200,2023-09-12,PO948022
SO-63868,C10217,2023-09-12,PO903105
SO-63869,C11327,2023-09-12,PO338906
SO-63870,C11472,2023-09-12,PO977618
SO-63871,C10006,2023-09-13,PO688888
SO-63872,C10019,2023-09-13,PO107197
SO-63873,C10071,2023-09-13,PO984844
SO-63874,C10081,2023-09-13,PO547014
SO-63875,C10086,2023-09-13,PO954858
SO-63876,C10096,2023-09-13,PO599430
SO-63877,C10107,2023-09-13,PO863426
SO-63878,C10114,2023-09-13,PO928244
SO-63879,C10200,2023-09-13,PO222397
SO-63880,C10409,2023-09-13,PO973123
SO-63881,C10482,2023-09-13,PO441942
SO-63882,C10483,2023-09-13,PO584806
SO-63883,C10532,2023-09-13,PO356405
SO-63884,C10006,2023-09-14,PO977260
SO-63885,C10071,2023-09-14,PO574370
SO-63886,C10081,2023-09-14,PO895850
SO-63887,C10144,2023-09-14,PO196780
SO-63888,C10151,2023-09-14,PO863394
SO-63889,C10217,2023-09-14,PO269563
SO-63890,C10286,2023-09-14,PO497876
SO-63891,C10308,2023-09-14,PO646101
SO-63892,C10444,2023-09-14,PO706853
SO-63893,C10515,2023-09-14,PO392355
SO-63894,C10795,2023-09-14,PO271127
SO-63895,C11029,2023-09-14,PO946439
SO-63896,C11550,2023-09-14,PO175181
SO-63897,C12765,2023-09-14,PO954015
SO-63898,C10006,2023-09-15,PO226679
SO-63899,C10011,2023-09-15,PO894819
SO-63900,C10033,2023-09-15,PO168757
SO-63901,C10053,2023-09-15,PO205285
SO-63902,C10071,2023-09-15,PO957462
SO-63903,C10081,2023-09-15,PO904868
SO-63904,C10096,2023-09-15,PO147869
SO-63905,C10102,2023-09-15,PO285711
SO-63906,C10123,2023-09-15,PO727311
SO-63907,C10144,2023-09-15,PO341624
SO-63908,C10161,2023-09-15,PO290584
SO-63909,C10186,2023-09-15,PO498159
SO-63910,C10235,2023-09-15,PO564861
SO-63911,C10308,2023-09-15,PO553726
SO-63912,C10430,2023-09-15,PO288467
SO-63913,C10483,2023-09-15,PO510091
SO-63914,C11075,2023-09-15,PO856206
SO-63915,C11419,2023-09-15,PO783938
SO-63916,C10006,2023-09-18,PO144582
SO-63917,C10011,2023-09-18,PO293614
SO-63918,C10024,2023-09-18,PO372045
SO-63919,C10071,2023-09-18,PO934645
SO-63920,C10081,2023-09-18,PO976326
SO-63921,C10086,2023-09-18,PO524753
SO-63922,C10096,2023-09-18,PO193493
SO-63923,C10107,2023-09-18,PO672466
SO-63924,C10114,2023-09-18,PO793352
SO-63925,C10138,2023-09-18,PO653297
SO-63926,C10192,2023-09-18,PO380391
SO-63927,C10217,2023-09-18,PO757085
SO-63928,C10242,2023-09-18,PO791556
SO-63929,C10248,2023-09-18,PO333688
SO-63930,C10257,2023-09-18,PO504180
SO-63931,C10418,2023-09-18,PO331272
SO-63932,C10440,2023-09-18,PO908903
SO-63933,C10810,2023-09-18,PO520462
SO-63934,C11537,2023-09-18,PO634153
SO-63935,C12209,2023-09-18,PO153648
SO-63936,C10006,2023-09-19,PO643997
SO-63937,C10011,2023-09-19,PO859225
SO-63938,C10019,2023-09-19,PO605946
SO-63939,C10024,2023-09-19,PO534836
SO-63940,C10071,2023-09-19,PO593051
SO-63941,C10081,2023-09-19,PO876399
SO-63942,C10086,2023-09-19,PO716842
SO-63943,C10096,2023-09-19,PO901352
SO-63944,C10102,2023-09-19,PO123691
SO-63945,C10192,2023-09-19,PO956087
SO-63946,C10215,2023-09-19,PO219223
SO-63947,C10286,2023-09-19,PO761848
SO-63948,C10332,2023-09-19,PO490314
SO-63949,C11092,2023-09-19,PO924862
SO-63950,C10006,2023-09-20,PO728057
SO-63951,C10019,2023-09-20,PO838564
SO-63952,C10041,2023-09-20,PO529881
SO-63953,C10071,2023-09-20,PO319125
SO-63954,C10138,2023-09-20,PO799501
SO-63955,C10269,2023-09-20,PO642133
SO-63956,C10276,2023-09-20,PO514264
SO-63957,C10321,2023-09-20,PO847956
SO-63958,C10463,2023-09-20,PO298877
SO-63959,C10640,2023-09-20,PO566210
SO-63960,C11518,2023-09-20,PO676984
SO-63961,C10006,2023-09-21,PO734576
SO-63962,C10019,2023-09-21,PO644210
SO-63963,C10071,2023-09-21,PO982637
SO-63964,C10081,2023-09-21,PO572200
SO-63965,C10086,2023-09-21,PO527087
SO-63966,C10107,2023-09-21,PO478681
SO-63967,C10138,2023-09-21,PO960115
SO-63968,C10380,2023-09-21,PO689161
SO-63969,C10506,2023-09-21,PO792585
SO-63970,C10515,2023-09-21,PO826133
SO-63971,C10581,2023-09-21,PO680992
SO-63972,C10071,2023-09-22,PO296889
SO-63973,C10086,2023-09-22,PO983006
SO-63974,C10102,2023-09-22,PO717516
SO-63975,C10397,2023-09-22,PO919377
SO-63976,C10463,2023-09-22,PO126059
SO-63977,C10616,2023-09-22,PO632663
SO-63978,C10655,2023-09-22,PO209873
SO-63979,C10762,2023-09-22,PO962593
SO-63980,C12377,2023-09-22,PO321194
SO-63981,C10006,2023-09-25,PO912416
SO-63982,C10011,2023-09-25,PO657393
SO-63983,C10041,2023-09-25,PO946044
SO-63984,C10042,2023-09-25,PO417941
SO-63985,C10071,2023-09-25,PO547619
SO-63986,C10081,2023-09-25,PO493522
SO-63987,C10086,2023-09-25,PO763317
SO-63988,C10107,2023-09-25,PO753005
SO-63989,C10132,2023-09-25,PO767323
SO-63990,C10161,2023-09-25,PO511904
SO-63991,C10186,2023-09-25,PO585606
SO-63992,C10192,2023-09-25,PO606147
SO-63993,C10200,2023-09-25,PO501227
SO-63994,C10215,2023-09-25,PO721972
SO-63995,C10235,2023-09-25,PO265064
SO-63996,C10242,2023-09-25,PO416572
SO-63997,C10308,2023-09-25,PO523004
SO-63998,C11052,2023-09-25,PO653976
SO-63999,C11315,2023-09-25,PO601202
SO-64000,C12233,2023-09-25,PO675392
SO-64001,C13006,2023-09-25,PO501000
SO-64002,C10006,2023-09-26,PO495365
SO-64003,C10011,2023-09-26,PO825069
SO-64004,C10071,2023-09-26,PO856811
SO-64005,C10081,2023-09-26,PO950666
SO-64006,C10096,2023-09-26,PO499238
SO-64007,C10102,2023-09-26,PO458259
SO-64008,C10151,2023-09-26,PO818126
SO-64009,C10186,2023-09-26,PO982730
SO-64010,C10591,2023-09-26,PO842013
SO-64011,C10721,2023-09-26,PO316717
SO-64012,C10900,2023-09-26,PO919404
SO-64013,C10982,2023-09-26,PO528197
SO-64014,C11136,2023-09-26,PO476214
SO-64015,C11327,2023-09-26,PO218839
SO-64016,C12126,2023-09-26,PO362139
SO-64017,C10006,2023-09-27,PO479381
SO-64018,C10024,2023-09-27,PO231124
SO-64019,C10041,2023-09-27,PO592321
SO-64020,C10071,2023-09-27,PO166788
SO-64021,C10081,2023-09-27,PO987629
SO-64022,C10102,2023-09-27,PO211975
SO-64023,C10107,2023-09-27,PO213907
SO-64024,C10114,2023-09-27,PO521272
SO-64025,C10144,2023-09-27,PO303428
SO-64026,C10159,2023-09-27,PO535035
SO-64027,C10192,2023-09-27,PO307573
SO-64028,C10286,2023-09-27,PO421946
SO-64029,C10456,2023-09-27,PO320455
SO-64030,C11511,2023-09-27,PO469505
SO-64031,C11654,2023-09-27,PO822388
SO-64032,C10006,2023-09-28,PO831379
SO-64033,C10071,2023-09-28,PO251187
SO-64034,C10081,2023-09-28,PO854521
SO-64035,C10086,2023-09-28,PO790126
SO-64036,C10096,2023-09-28,PO646802
SO-64037,C10138,2023-09-28,PO322166
SO-64038,C10151,2023-09-28,PO852302
SO-64039,C10208,2023-09-28,PO652644
SO-64040,C10215,2023-09-28,PO207192
SO-64041,C10304,2023-09-28,PO768233
SO-64042,C10515,2023-09-28,PO443875
SO-64043,C10529,2023-09-28,PO235367
SO-64044,C11554,2023-09-28,PO331728
SO-64045,C10006,2023-09-29,PO866405
SO-64046,C10011,2023-09-29,PO666884
SO-64047,C10071,2023-09-29,PO867260
SO-64048,C10102,2023-09-29,PO319444
SO-64049,C10321,2023-09-29,PO544566
SO-64050,C10938,2023-09-29,PO256045
SO-64051,C11374,2023-09-29,PO450815
SO-64052,C12047,2023-09-29,PO289262
SO-64053,C12344,2023-09-29,PO900868
SO-64054,C10006,2023-10-02,PO480571
SO-64055,C10019,2023-10-02,PO397298
SO-64056,C10024,2023-10-02,PO687121
SO-64057,C10060,2023-10-02,PO411505
SO-64058,C10071,2023-10-02,PO707751
SO-64059,C10081,2023-10-02,PO939722
SO-64060,C10086,2023-10-02,PO445284
SO-64061,C10096,2023-10-02,PO968139
SO-64062,C10102,2023-10-02,PO143891
SO-64063,C10132,2023-10-02,PO530401
SO-64064,C10151,2023-10-02,PO375195
SO-64065,C10200,2023-10-02,PO596759
SO-64066,C10208,2023-10-02,PO416974
SO-64067,C10235,2023-10-02,PO184324
SO-64068,C10242,2023-10-02,PO450256
SO-64069,C10276,2023-10-02,PO963805
SO-64070,C10365,2023-10-02,PO554523
SO-64071,C10418,2023-10-02,PO216574
SO-64072,C10669,2023-10-02,PO291128
SO-64073,C10795,2023-10-02,PO356221
SO-64074,C11142,2023-10-02,PO865365
SO-64075,C11419,2023-10-02,PO106588
SO-64076,C10006,2023-10-03,PO405906
SO-64077,C10024,2023-10-03,PO276661
SO-64078,C10071,2023-10-03,PO574133
SO-64079,C10081,2023-10-03,PO118539
SO-64080,C10086,2023-10-03,PO427155
SO-64081,C10096,2023-10-03,PO996327
SO-64082,C10107,2023-10-03,PO842562
SO-64083,C10151,2023-10-03,PO619998
SO-64084,C10208,2023-10-03,PO690565
SO-64085,C10801,2023-10-03,PO258596
SO-64086,C11190,2023-10-03,PO255335
SO-64087,C10006,2023-10-04,PO193180
SO-64088,C10024,2023-10-04,PO681683
SO-64089,C10041,2023-10-04,PO845497
SO-64090,C10053,2023-10-04,PO521631
SO-64091,C10071,2023-10-04,PO779915
SO-64092,C10086,2023-10-04,PO437894
SO-64093,C10096,2023-10-04,PO825282
SO-64094,C10151,2023-10-04,PO408761
SO-64095,C10506,2023-10-04,PO518789
SO-64096,C10006,2023-10-05,PO103984
SO-64097,C10041,2023-10-05,PO270096
SO-64098,C10071,2023-10-05,PO290532
SO-64099,C10081,2023-10-05,PO847049
SO-64100,C10086,2023-10-05,PO754781
SO-64101,C10144,2023-10-05,PO877036
SO-64102,C10257,2023-10-05,PO191030
SO-64103,C10400,2023-10-05,PO654588
SO-64104,C11025,2023-10-05,PO608233
SO-64105,C11542,2023-10-05,PO897191
SO-64106,C12556,2023-10-05,PO776511
SO-64107,C10006,2023-10-06,PO313215
SO-64108,C10041,2023-10-06,PO313032
SO-64109,C10071,2023-10-06,PO967674
SO-64110,C10081,2023-10-06,PO583322
SO-64111,C10102,2023-10-06,PO265284
SO-64112,C10114,2023-10-06,PO181254
SO-64113,C10144,2023-10-06,PO706864
SO-64114,C10151,2023-10-06,PO810128
SO-64115,C10235,2023-10-06,PO852300
SO-64116,C10308,2023-10-06,PO550398
SO-64117,C10776,2023-10-06,PO476771
SO-64118,C10900,2023-10-06,PO991282
SO-64119,C12009,2023-10-06,PO610778
SO-64120,C12762,2023-10-06,PO458317
SO-64121,C10006,2023-10-09,PO117530
SO-64122,C10024,2023-10-09,PO430450
SO-64123,C10033,2023-10-09,PO572324
SO-64124,C10071,2023-10-09,PO794828
SO-64125,C10081,2023-10-09,PO463279
SO-64126,C10114,2023-10-09,PO581337
SO-64127,C10123,2023-10-09,PO623818
SO-64128,C10132,2023-10-09,PO921865
SO-64129,C10144,2023-10-09,PO889944
SO-64130,C10151,2023-10-09,PO910200
SO-64131,C10269,2023-10-09,PO329135
SO-64132,C10304,2023-10-09,PO768508
SO-64133,C10440,2023-10-09,PO166656
SO-64134,C10483,2023-10-09,PO700584
SO-64135,C12142,2023-10-09,PO668075
SO-64136,C12329,2023-10-09,PO785807
SO-64137,C12509,2023-10-09,PO979015
SO-64138,C10006,2023-10-10,PO540335
SO-64139,C10071,2023-10-10,PO745704
SO-64140,C10081,2023-10-10,PO465608
SO-64141,C10096,2023-10-10,PO272005
SO-64142,C10107,2023-10-10,PO846837
SO-64143,C10114,2023-10-10,PO401391
SO-64144,C10123,2023-10-10,PO953098
SO-64145,C10144,2023-10-10,PO115997
SO-64146,C10248,2023-10-10,PO996226
SO-64147,C10529,2023-10-10,PO938918
SO-64148,C10532,2023-10-10,PO256951
SO-64149,C10826,2023-10-10,PO307563
SO-64150,C11075,2023-10-10,PO295053
SO-64151,C11172,2023-10-10,PO487030
SO-64152,C11578,2023-10-10,PO437281
SO-64153,C12028,2023-10-10,PO833796
SO-64154,C10006,2023-10-11,PO265805
SO-64155,C10024,2023-10-11,PO762074
SO-64156,C10041,2023-10-11,PO803066
SO-64157,C10086,2023-10-11,PO965689
SO-64158,C10114,2023-10-11,PO284889
SO-64159,C10123,2023-10-11,PO326703
SO-64160,C10138,2023-10-11,PO176069
SO-64161,C10173,2023-10-11,PO308312
SO-64162,C10208,2023-10-11,PO659520
SO-64163,C10286,2023-10-11,PO202984
SO-64164,C11654,2023-10-11,PO966109
SO-64165,C10006,2023-10-12,PO947444
SO-64166,C10041,2023-10-12,PO757880
SO-64167,C10042,2023-10-12,PO292390
SO-64168,C10071,2023-10-12,PO613661
SO-64169,C10086,2023-10-12,PO776393
SO-64170,C10096,2023-10-12,PO834772
SO-64171,C10114,2023-10-12,PO104597
SO-64172,C10173,2023-10-12,PO967641
SO-64173,C10200,2023-10-12,PO833820
SO-64174,C10208,2023-10-12,PO172064
SO-64175,C10470,2023-10-12,PO971887
SO-64176,C10784,2023-10-12,PO383925
SO-64177,C10006,2023-10-13,PO454506
SO-64178,C10011,2023-10-13,PO954941
SO-64179,C10019,2023-10-13,PO117370
SO-64180,C10071,2023-10-13,PO259926
SO-64181,C10081,2023-10-13,PO461282
SO-64182,C10096,2023-10-13,PO701834
SO-64183,C10114,2023-10-13,PO497374
SO-64184,C10006,2023-10-16,PO374338
SO-64185,C10011,2023-10-16,PO710565
SO-64186,C10071,2023-10-16,PO684514
SO-64187,C10081,2023-10-16,PO758613
SO-64188,C10086,2023-10-16,PO716320
SO-64189,C10107,2023-10-16,PO614984
SO-64190,C10132,2023-10-16,PO835186
SO-64191,C10138,2023-10-16,PO347484
SO-64192,C10144,2023-10-16,PO317583
SO-64193,C10161,2023-10-16,PO127316
SO-64194,C10192,2023-10-16,PO806080
SO-64195,C10225,2023-10-16,PO874407
SO-64196,C10235,2023-10-16,PO697083
SO-64197,C10344,2023-10-16,PO125426
SO-64198,C10556,2023-10-16,PO579828
SO-64199,C10573,2023-10-16,PO376010
SO-64200,C10580,2023-10-16,PO422489
SO-64201,C10684,2023-10-16,PO386799
SO-64202,C10826,2023-10-16,PO851887
SO-64203,C10909,2023-10-16,PO268531
SO-64204,C11442,2023-10-16,PO714442
SO-64205,C11948,2023-10-16,PO999888
SO-64206,C11971,2023-10-16,PO726933
SO-64207,C12483,2023-10-16,PO570969
SO-64208,C10006,2023-10-17,PO976512
SO-64209,C10071,2023-10-17,PO940067
SO-64210,C10081,2023-10-17,PO888383
SO-64211,C10107,2023-10-17,PO797323
SO-64212,C10173,2023-10-17,PO355425
SO-64213,C11172,2023-10-17,PO847202
SO-64214,C11339,2023-10-17,PO226158
SO-64215,C10006,2023-10-18,PO459046
SO-64216,C10011,2023-10-18,PO632717
SO-64217,C10019,2023-10-18,PO155354
SO-64218,C10071,2023-10-18,PO470554
SO-64219,C10081,2023-10-18,PO599087
SO-64220,C10086,2023-10-18,PO261083
SO-64221,C10102,2023-10-18,PO311997
SO-64222,C10200,2023-10-18,PO303745
SO-64223,C10529,2023-10-18,PO789946
SO-64224,C10532,2023-10-18,PO333561
SO-64225,C10721,2023-10-18,PO644425
SO-64226,C10871,2023-10-18,PO133851
SO-64227,C11518,2023-10-18,PO430554
SO-64228,C11759,2023-10-18,PO802837
SO-64229,C10006,2023-10-19,PO637184
SO-64230,C10033,2023-10-19,PO184105
SO-64231,C10053,2023-10-19,PO594343
SO-64232,C10071,2023-10-19,PO551781
SO-64233,C10086,2023-10-19,PO562396
SO-64234,C10200,2023-10-19,PO678887
SO-64235,C10235,2023-10-19,PO584213
SO-64236,C10293,2023-10-19,PO104954
SO-64237,C10440,2023-10-19,PO909727
SO-64238,C10615,2023-10-19,PO994595
SO-64239,C10970,2023-10-19,PO971056
SO-64240,C11225,2023-10-19,PO399683
SO-64241,C11258,2023-10-19,PO619108
SO-64242,C11518,2023-10-19,PO946245
SO-64243,C11945,2023-10-19,PO756624
SO-64244,C11956,2023-10-19,PO939042
SO-64245,C10006,2023-10-20,PO974664
SO-64246,C10024,2023-10-20,PO230126
SO-64247,C10041,2023-10-20,PO897390
SO-64248,C10071,2023-10-20,PO776524
SO-64249,C10102,2023-10-20,PO810474
SO-64250,C10161,2023-10-20,PO691625
SO-64251,C10173,2023-10-20,PO477167
SO-64252,C10200,2023-10-20,PO726113
SO-64253,C10261,2023-10-20,PO599752
SO-64254,C10629,2023-10-20,PO553011
SO-64255,C10006,2023-10-23,PO151360
SO-64256,C10024,2023-10-23,PO280828
SO-64257,C10033,2023-10-23,PO742728
SO-64258,C10060,2023-10-23,PO563002
SO-64259,C10071,2023-10-23,PO698703
SO-64260,C10081,2023-10-23,PO503273
SO-64261,C10086,2023-10-23,PO362281
SO-64262,C10102,2023-10-23,PO643656
SO-64263,C10107,2023-10-23,PO246095
SO-64264,C10138,2023-10-23,PO372574
SO-64265,C10151,2023-10-23,PO299375
SO-64266,C10159,2023-10-23,PO412177
SO-64267,C10161,2023-10-23,PO809700
SO-64268,C10173,2023-10-23,PO691434
SO-64269,C10186,2023-10-23,PO823521
SO-64270,C10235,2023-10-23,PO321764
SO-64271,C10257,2023-10-23,PO730314
SO-64272,C10409,2023-10-23,PO796891
SO-64273,C10482,2023-10-23,PO560419
SO-64274,C10647,2023-10-23,PO841262
SO-64275,C10823,2023-10-23,PO391787
SO-64276,C10871,2023-10-23,PO186739
SO-64277,C11498,2023-10-23,PO216751
SO-64278,C12142,2023-10-23,PO623942
SO-64279,C12604,2023-10-23,PO363273
SO-64280,C10006,2023-10-24,PO873463
SO-64281,C10011,2023-10-24,PO781847
SO-64282,C10019,2023-10-24,PO858087
SO-64283,C10024,2023-10-24,PO645716
SO-64284,C10033,2023-10-24,PO914348
SO-64285,C10071,2023-10-24,PO805146
SO-64286,C10081,2023-10-24,PO317882
SO-64287,C10086,2023-10-24,PO877330
SO-64288,C10107,2023-10-24,PO228559
SO-64289,C10114,2023-10-24,PO197219
SO-64290,C10144,2023-10-24,PO347032
SO-64291,C10235,2023-10-24,PO894525
SO-64292,C10380,2023-10-24,PO652296
SO-64293,C10629,2023-10-24,PO885946
SO-64294,C10707,2023-10-24,PO231758
SO-64295,C11332,2023-10-24,PO650923
SO-64296,C11364,2023-10-24,PO489366
SO-64297,C10006,2023-10-25,PO107906
SO-64298,C10041,2023-10-25,PO142460
SO-64299,C10042,2023-10-25,PO188512
SO-64300,C10071,2023-10-25,PO318775
SO-64301,C10132,2023-10-25,PO794756
SO-64302,C10161,2023-10-25,PO313253
SO-64303,C10440,2023-10-25,PO217853
SO-64304,C10494,2023-10-25,PO983490
SO-64305,C11632,2023-10-25,PO893005
SO-64306,C12172,2023-10-25,PO893881
SO-64307,C10006,2023-10-26,PO996916
SO-64308,C10024,2023-10-26,PO727586
SO-64309,C10081,2023-10-26,PO483633
SO-64310,C10107,2023-10-26,PO803613
SO-64311,C10138,2023-10-26,PO121351
SO-64312,C10144,2023-10-26,PO211049
SO-64313,C10322,2023-10-26,PO404255
SO-64314,C10707,2023-10-26,PO476138
SO-64315,C11092,2023-10-26,PO525760
SO-64316,C12356,2023-10-26,PO649781
SO-64317,C12849,2023-10-26,PO962189
SO-64318,C10006,2023-10-27,PO559537
SO-64319,C10011,2023-10-27,PO847139
SO-64320,C10019,2023-10-27,PO669972
SO-64321,C10053,2023-10-27,PO999541
SO-64322,C10067,2023-10-27,PO233661
SO-64323,C10071,2023-10-27,PO894356
SO-64324,C10081,2023-10-27,PO306285
SO-64325,C10086,2023-10-27,PO976286
SO-64326,C10096,2023-10-27,PO324894
SO-64327,C10102,2023-10-27,PO520536
SO-64328,C10114,2023-10-27,PO860427
SO-64329,C10123,2023-10-27,PO887070
SO-64330,C10138,2023-10-27,PO796159
SO-64331,C10144,2023-10-27,PO543300
SO-64332,C10161,2023-10-27,PO210695
SO-64333,C10269,2023-10-27,PO725905
SO-64334,C10795,2023-10-27,PO212956
SO-64335,C12725,2023-10-27,PO569318
SO-64336,C10006,2023-10-30,PO624686
SO-64337,C10024,2023-10-30,PO592300
SO-64338,C10033,2023-10-30,PO716036
SO-64339,C10041,2023-10-30,PO546291
SO-64340,C10071,2023-10-30,PO931785
SO-64341,C10081,2023-10-30,PO227702
SO-64342,C10086,2023-10-30,PO890924
SO-64343,C10102,2023-10-30,PO220995
SO-64344,C10132,2023-10-30,PO782429
SO-64345,C10144,2023-10-30,PO510184
SO-64346,C10159,2023-10-30,PO765480
SO-64347,C10175,2023-10-30,PO114367
SO-64348,C10186,2023-10-30,PO482550
SO-64349,C10286,2023-10-30,PO373411
SO-64350,C10321,2023-10-30,PO546994
SO-64351,C10336,2023-10-30,PO434838
SO-64352,C10418,2023-10-30,PO311904
SO-64353,C10456,2023-10-30,PO156941
SO-64354,C10532,2023-10-30,PO181340
SO-64355,C10745,2023-10-30,PO514820
SO-64356,C12129,2023-10-30,PO236210
SO-64357,C12664,2023-10-30,PO390866
SO-64358,C10006,2023-10-31,PO217249
SO-64359,C10024,2023-10-31,PO165719
SO-64360,C10071,2023-10-31,PO177686
SO-64361,C10096,2023-10-31,PO180759
SO-64362,C10138,2023-10-31,PO576779
SO-64363,C10161,2023-10-31,PO305158
SO-64364,C10173,2023-10-31,PO174835
SO-64365,C10200,2023-10-31,PO106086
SO-64366,C10276,2023-10-31,PO226828
SO-64367,C10297,2023-10-31,PO794000
SO-64368,C10304,2023-10-31,PO774967
SO-64369,C10365,2023-10-31,PO292407
SO-64370,C10563,2023-10-31,PO947816
SO-64371,C11489,2023-10-31,PO604415
SO-64372,C12811,2023-10-31,PO543398
SO-64373,C13025,2023-10-31,PO298598
SO-64374,C10006,2023-11-01,PO611590
SO-64375,C10019,2023-11-01,PO532523
SO-64376,C10024,2023-11-01,PO875256
SO-64377,C10060,2023-11-01,PO566537
SO-64378,C10071,2023-11-01,PO943126
SO-64379,C10081,2023-11-01,PO329844
SO-64380,C10086,2023-11-01,PO391059
SO-64381,C10132,2023-11-01,PO857991
SO-64382,C10161,2023-11-01,PO641421
SO-64383,C10304,2023-11-01,PO315495
SO-64384,C10321,2023-11-01,PO183849
SO-64385,C11004,2023-11-01,PO179033
SO-64386,C12969,2023-11-01,PO205881
SO-64387,C10006,2023-11-02,PO705488
SO-64388,C10033,2023-11-02,PO809970
SO-64389,C10071,2023-11-02,PO751374
SO-64390,C10081,2023-11-02,PO764224
SO-64391,C10086,2023-11-02,PO827102
SO-64392,C10096,2023-11-02,PO908923
SO-64393,C10102,2023-11-02,PO712323
SO-64394,C10242,2023-11-02,PO843234
SO-64395,C10501,2023-11-02,PO192024
SO-64396,C10701,2023-11-02,PO475481
SO-64397,C10844,2023-11-02,PO658288
SO-64398,C11708,2023-11-02,PO949788
SO-64399,C12209,2023-11-02,PO880516
SO-64400,C10006,2023-11-03,PO158276
SO-64401,C10011,2023-11-03,PO999051
SO-64402,C10019,2023-11-03,PO773134
SO-64403,C10071,2023-11-03,PO270064
SO-64404,C10114,2023-11-03,PO987048
SO-64405,C10132,2023-11-03,PO580393
SO-64406,C10208,2023-11-03,PO156477
SO-64407,C10217,2023-11-03,PO418600
SO-64408,C10276,2023-11-03,PO488470
SO-64409,C10321,2023-11-03,PO460484
SO-64410,C10344,2023-11-03,PO589045
SO-64411,C10745,2023-11-03,PO407763
SO-64412,C11537,2023-11-03,PO146430
SO-64413,C10006,2023-11-06,PO202226
SO-64414,C10011,2023-11-06,PO263154
SO-64415,C10024,2023-11-06,PO782782
SO-64416,C10033,2023-11-06,PO387360
SO-64417,C10041,2023-11-06,PO464672
SO-64418,C10042,2023-11-06,PO105074
SO-64419,C10071,2023-11-06,PO320976
SO-64420,C10081,2023-11-06,PO159001
SO-64421,C10086,2023-11-06,PO344842
SO-64422,C10102,2023-11-06,PO246920
SO-64423,C10107,2023-11-06,PO567526
SO-64424,C10114,2023-11-06,PO398861
SO-64425,C10123,2023-11-06,PO897789
SO-64426,C10144,2023-11-06,PO712633
SO-64427,C10151,2023-11-06,PO930768
SO-64428,C10192,2023-11-06,PO583164
SO-64429,C10217,2023-11-06,PO654582
SO-64430,C10261,2023-11-06,PO682540
SO-64431,C10322,2023-11-06,PO320703
SO-64432,C10365,2023-11-06,PO827257
SO-64433,C10844,2023-11-06,PO999764
SO-64434,C10006,2023-11-07,PO186904
SO-64435,C10041,2023-11-07,PO722049
SO-64436,C10071,2023-11-07,PO625063
SO-64437,C10096,2023-11-07,PO739668
SO-64438,C10144,2023-11-07,PO139879
SO-64439,C10173,2023-11-07,PO910517
SO-64440,C10192,2023-11-07,PO485063
SO-64441,C10257,2023-11-07,PO559851
SO-64442,C10900,2023-11-07,PO694580
SO-64443,C11131,2023-11-07,PO593012
SO-64444,C11511,2023-11-07,PO149330
SO-64445,C10006,2023-11-08,PO675709
SO-64446,C10019,2023-11-08,PO759121
SO-64447,C10024,2023-11-08,PO768817
SO-64448,C10041,2023-11-08,PO608626
SO-64449,C10071,2023-11-08,PO360547
SO-64450,C10096,2023-11-08,PO392474
SO-64451,C10123,2023-11-08,PO119751
SO-64452,C10138,2023-11-08,PO939574
SO-64453,C10397,2023-11-08,PO706711
SO-64454,C10456,2023-11-08,PO902020
SO-64455,C10463,2023-11-08,PO499957
SO-64456,C10506,2023-11-08,PO839991
SO-64457,C10521,2023-11-08,PO873987
SO-64458,C11498,2023-11-08,PO840674
SO-64459,C10006,2023-11-09,PO391508
SO-64460,C10071,2023-11-09,PO241594
SO-64461,C10081,2023-11-09,PO543539
SO-64462,C10086,2023-11-09,PO946440
SO-64463,C10286,2023-11-09,PO260868
SO-64464,C10440,2023-11-09,PO944379
SO-64465,C11103,2023-11-09,PO729179
SO-64466,C10006,2023-11-10,PO246893
SO-64467,C10011,2023-11-10,PO782897
SO-64468,C10071,2023-11-10,PO337983
SO-64469,C10081,2023-11-10,PO242979
SO-64470,C10107,2023-11-10,PO973269
SO-64471,C10161,2023-11-10,PO121535
SO-64472,C10200,2023-11-10,PO649102
SO-64473,C10494,2023-11-10,PO992586
SO-64474,C10762,2023-11-10,PO927588
SO-64475,C11542,2023-11-10,PO740897
SO-64476,C10006,2023-11-13,PO601071
SO-64477,C10011,2023-11-13,PO466016
SO-64478,C10033,2023-11-13,PO259782
SO-64479,C10071,2023-11-13,PO904842
SO-64480,C10081,2023-11-13,PO714851
SO-64481,C10096,2023-11-13,PO385684
SO-64482,C10102,2023-11-13,PO985890
SO-64483,C10114,2023-11-13,PO243893
SO-64484,C10151,2023-11-13,PO683320
SO-64485,C10192,2023-11-13,PO209387
SO-64486,C10200,2023-11-13,PO722460
SO-64487,C10304,2023-11-13,PO936058
SO-64488,C10440,2023-11-13,PO809620
SO-64489,C10914,2023-11-13,PO584579
SO-64490,C11103,2023-11-13,PO382311
SO-64491,C10006,2023-11-14,PO446384
SO-64492,C10071,2023-11-14,PO770332
SO-64493,C10081,2023-11-14,PO227014
SO-64494,C10096,2023-11-14,PO652182
SO-64495,C10138,2023-11-14,PO979503
SO-64496,C10151,2023-11-14,PO763554
SO-64497,C10175,2023-11-14,PO866100
SO-64498,C10235,2023-11-14,PO763760
SO-64499,C10257,2023-11-14,PO277293
SO-64500,C10440,2023-11-14,PO410950
SO-64501,C11112,2023-11-14,PO639078
SO-64502,C11136,2023-11-14,PO120415
SO-64503,C12431,2023-11-14,PO639455
SO-64504,C10006,2023-11-15,PO803485
SO-64505,C10011,2023-11-15,PO823369
SO-64506,C10019,2023-11-15,PO196309
SO-64507,C10060,2023-11-15,PO306528
SO-64508,C10071,2023-11-15,PO217502
SO-64509,C10102,2023-11-15,PO164361
SO-64510,C10107,2023-11-15,PO797586
SO-64511,C10123,2023-11-15,PO248377
SO-64512,C10208,2023-11-15,PO744078
SO-64513,C10344,2023-11-15,PO507469
SO-64514,C10470,2023-11-15,PO724341
SO-64515,C10767,2023-11-15,PO147581
SO-64516,C10826,2023-11-15,PO233050
SO-64517,C11004,2023-11-15,PO966636
SO-64518,C10041,2023-11-16,PO221474
SO-64519,C10071,2023-11-16,PO921151
SO-64520,C10081,2023-11-16,PO121597
SO-64521,C10096,2023-11-16,PO105527
SO-64522,C10107,2023-11-16,PO998241
SO-64523,C10123,2023-11-16,PO688543
SO-64524,C10132,2023-11-16,PO707893
SO-64525,C10217,2023-11-16,PO260095
SO-64526,C10242,2023-11-16,PO182529
SO-64527,C10529,2023-11-16,PO277469
SO-64528,C11148,2023-11-16,PO142574
SO-64529,C11258,2023-11-16,PO141575
SO-64530,C11772,2023-11-16,PO213274
SO-64531,C10006,2023-11-17,PO875181
SO-64532,C10019,2023-11-17,PO103022
SO-64533,C10071,2023-11-17,PO958503
SO-64534,C10081,2023-11-17,PO287547
SO-64535,C10096,2023-11-17,PO571576
SO-64536,C10114,2023-11-17,PO182727
SO-64537,C10159,2023-11-17,PO358573
SO-64538,C10235,2023-11-17,PO913971
SO-64539,C10452,2023-11-17,PO997382
SO-64540,C10532,2023-11-17,PO261658
SO-64541,C10573,2023-11-17,PO653471
SO-64542,C10728,2023-11-17,PO534165
SO-64543,C11842,2023-11-17,PO579764
SO-64544,C10006,2023-11-20,PO829997
SO-64545,C10011,2023-11-20,PO506472
SO-64546,C10071,2023-11-20,PO802121
SO-64547,C10081,2023-11-20,PO904075
SO-64548,C10086,2023-11-20,PO488175
SO-64549,C10096,2023-11-20,PO346222
SO-64550,C10102,2023-11-20,PO254693
SO-64551,C10114,2023-11-20,PO869136
SO-64552,C10138,2023-11-20,PO598776
SO-64553,C10144,2023-11-20,PO226773
SO-64554,C10151,2023-11-20,PO246455
SO-64555,C10161,2023-11-20,PO175859
SO-64556,C10175,2023-11-20,PO831142
SO-64557,C10200,2023-11-20,PO165870
SO-64558,C10293,2023-11-20,PO678139
SO-64559,C10506,2023-11-20,PO479073
SO-64560,C10580,2023-11-20,PO281194
SO-64561,C10640,2023-11-20,PO695350
SO-64562,C11419,2023-11-20,PO166061
SO-64563,C10006,2023-11-21,PO780447
SO-64564,C10011,2023-11-21,PO308470
SO-64565,C10019,2023-11-21,PO993347
SO-64566,C10033,2023-11-21,PO170280
SO-64567,C10041,2023-11-21,PO875245
SO-64568,C10060,2023-11-21,PO390176
SO-64569,C10071,2023-11-21,PO292389
SO-64570,C10081,2023-11-21,PO684680
SO-64571,C10086,2023-11-21,PO436810
SO-64572,C10107,2023-11-21,PO118455
SO-64573,C10175,2023-11-21,PO873786
SO-64574,C10257,2023-11-21,PO943700
SO-64575,C10308,2023-11-21,PO880554
SO-64576,C10423,2023-11-21,PO811066
SO-64577,C10544,2023-11-21,PO286047
SO-64578,C10580,2023-11-21,PO725645
SO-64579,C10914,2023-11-21,PO305177
SO-64580,C11258,2023-11-21,PO720110
SO-64581,C11315,2023-11-21,PO203540
SO-64582,C11708,2023-11-21,PO157495
SO-64583,C11811,2023-11-21,PO700877
SO-64584,C10006,2023-11-22,PO311157
SO-64585,C10024,2023-11-22,PO908731
SO-64586,C10071,2023-11-22,PO423833
SO-64587,C10081,2023-11-22,PO472167
SO-64588,C10096,2023-11-22,PO428407
SO-64589,C10102,2023-11-22,PO873213
SO-64590,C10107,2023-11-22,PO848615
SO-64591,C10123,2023-11-22,PO956554
SO-64592,C10132,2023-11-22,PO526686
SO-64593,C10159,2023-11-22,PO471929
SO-64594,C10200,2023-11-22,PO255040
SO-64595,C10269,2023-11-22,PO264398
SO-64596,C10365,2023-11-22,PO759640
SO-64597,C10463,2023-11-22,PO677775
SO-64598,C10532,2023-11-22,PO809189
SO-64599,C11225,2023-11-22,PO383100
SO-64600,C10006,2023-11-27,PO743360
SO-64601,C10019,2023-11-27,PO392745
SO-64602,C10033,2023-11-27,PO270267
SO-64603,C10041,2023-11-27,PO145129
SO-64604,C10071,2023-11-27,PO975426
SO-64605,C10081,2023-11-27,PO247781
SO-64606,C10096,2023-11-27,PO553170
SO-64607,C10107,2023-11-27,PO539459
SO-64608,C10138,2023-11-27,PO829439
SO-64609,C10200,2023-11-27,PO639290
SO-64610,C10217,2023-11-27,PO389249
SO-64611,C10225,2023-11-27,PO642520
SO-64612,C10344,2023-11-27,PO772558
SO-64613,C10483,2023-11-27,PO460013
SO-64614,C10647,2023-11-27,PO952831
SO-64615,C10745,2023-11-27,PO199122
SO-64616,C10926,2023-11-27,PO978328
SO-64617,C11046,2023-11-27,PO581681
SO-64618,C11188,2023-11-27,PO112493
SO-64619,C12637,2023-11-27,PO248893
SO-64620,C13129,2023-11-27,PO299834
SO-64621,C10006,2023-11-28,PO311621
SO-64622,C10011,2023-11-28,PO389046
SO-64623,C10071,2023-11-28,PO574024
SO-64624,C10123,2023-11-28,PO944064
SO-64625,C10138,2023-11-28,PO951578
SO-64626,C10721,2023-11-28,PO146840
SO-64627,C11685,2023-11-28,PO806390
SO-64628,C12448,2023-11-28,PO143022
SO-64629,C10006,2023-11-29,PO888485
SO-64630,C10033,2023-11-29,PO748720
SO-64631,C10071,2023-11-29,PO243515
SO-64632,C10081,2023-11-29,PO254591
SO-64633,C10138,2023-11-29,PO531389
SO-64634,C10200,2023-11-29,PO670863
SO-64635,C10006,2023-11-30,PO989325
SO-64636,C10019,2023-11-30,PO349683
SO-64637,C10041,2023-11-30,PO734515
SO-64638,C10071,2023-11-30,PO733453
SO-64639,C10086,2023-11-30,PO559302
SO-64640,C10107,2023-11-30,PO123459
SO-64641,C10114,2023-11-30,PO433695
SO-64642,C10144,2023-11-30,PO398084
SO-64643,C10297,2023-11-30,PO621528
SO-64644,C11589,2023-11-30,PO968590
SO-64645,C12319,2023-11-30,PO375194
SO-64646,C10006,2023-12-01,PO340304
SO-64647,C10019,2023-12-01,PO996054
SO-64648,C10024,2023-12-01,PO702534
SO-64649,C10071,2023-12-01,PO813155
SO-64650,C10081,2023-12-01,PO635280
SO-64651,C10086,2023-12-01,PO428653
SO-64652,C10096,2023-12-01,PO827635
SO-64653,C10344,2023-12-01,PO846383
SO-64654,C11524,2023-12-01,PO346214
SO-64655,C10006,2023-12-04,PO324386
SO-64656,C10011,2023-12-04,PO346392
SO-64657,C10024,2023-12-04,PO580037
SO-64658,C10033,2023-12-04,PO263293
SO-64659,C10041,2023-12-04,PO273259
SO-64660,C10053,2023-12-04,PO160070
SO-64661,C10071,2023-12-04,PO301267
SO-64662,C10081,2023-12-04,PO199861
SO-64663,C10086,2023-12-04,PO703004
SO-64664,C10096,2023-12-04,PO859082
SO-64665,C10102,2023-12-04,PO414109
SO-64666,C10107,2023-12-04,PO315336
SO-64667,C10114,2023-12-04,PO703609
SO-64668,C10132,2023-12-04,PO693366
SO-64669,C10138,2023-12-04,PO478008
SO-64670,C10144,2023-12-04,PO606234
SO-64671,C10151,2023-12-04,PO964377
SO-64672,C10215,2023-12-04,PO596872
SO-64673,C10217,2023-12-04,PO447639
SO-64674,C10225,2023-12-04,PO369301
SO-64675,C10286,2023-12-04,PO361170
SO-64676,C10506,2023-12-04,PO290759
SO-64677,C10521,2023-12-04,PO243698
SO-64678,C10616,2023-12-04,PO159838
SO-64679,C10647,2023-12-04,PO872016
SO-64680,C10714,2023-12-04,PO385918
SO-64681,C10779,2023-12-04,PO521297
SO-64682,C11004,2023-12-04,PO263491
SO-64683,C11258,2023-12-04,PO804218
SO-64684,C11349,2023-12-04,PO869434
SO-64685,C11616,2023-12-04,PO341613
SO-64686,C11626,2023-12-04,PO115925
SO-64687,C11796,2023-12-04,PO714022
SO-64688,C10006,2023-12-05,PO290923
SO-64689,C10024,2023-12-05,PO143270
SO-64690,C10071,2023-12-05,PO808706
SO-64691,C10081,2023-12-05,PO367640
SO-64692,C10086,2023-12-05,PO352803
SO-64693,C10107,2023-12-05,PO428608
SO-64694,C10276,2023-12-05,PO994892
SO-64695,C10297,2023-12-05,PO918541
SO-64696,C10322,2023-12-05,PO256246
SO-64697,C10456,2023-12-05,PO250611
SO-64698,C10463,2023-12-05,PO478071
SO-64699,C10779,2023-12-05,PO266652
SO-64700,C12267,2023-12-05,PO463801
SO-64701,C12431,2023-12-05,PO231173
SO-64702,C13033,2023-12-05,PO889901
SO-64703,C10006,2023-12-06,PO154411
SO-64704,C10071,2023-12-06,PO901935
SO-64705,C10081,2023-12-06,PO639671
SO-64706,C10102,2023-12-06,PO745482
SO-64707,C10114,2023-12-06,PO899286
SO-64708,C10144,2023-12-06,PO889035
SO-64709,C10286,2023-12-06,PO584198
SO-64710,C10322,2023-12-06,PO453805
SO-64711,C10380,2023-12-06,PO654430
SO-64712,C10006,2023-12-07,PO147828
SO-64713,C10011,2023-12-07,PO224609
SO-64714,C10033,2023-12-07,PO411320
SO-64715,C10041,2023-12-07,PO839174
SO-64716,C10071,2023-12-07,PO936726
SO-64717,C10081,2023-12-07,PO392313
SO-64718,C10096,2023-12-07,PO726364
SO-64719,C10102,2023-12-07,PO792268
SO-64720,C10248,2023-12-07,PO601291
SO-64721,C10603,2023-12-07,PO942562
SO-64722,C11668,2023-12-07,PO801847
SO-64723,C12861,2023-12-07,PO374691
SO-64724,C10006,2023-12-08,PO116449
SO-64725,C10011,2023-12-08,PO481656
SO-64726,C10071,2023-12-08,PO211033
SO-64727,C10081,2023-12-08,PO585001
SO-64728,C10086,2023-12-08,PO745426
SO-64729,C10102,2023-12-08,PO145031
SO-64730,C10138,2023-12-08,PO291617
SO-64731,C10151,2023-12-08,PO753199
SO-64732,C10161,2023-12-08,PO164426
SO-64733,C10192,2023-12-08,PO918110
SO-64734,C10208,2023-12-08,PO381603
SO-64735,C10242,2023-12-08,PO516870
SO-64736,C10269,2023-12-08,PO412764
SO-64737,C10322,2023-12-08,PO771536
SO-64738,C10365,2023-12-08,PO912870
SO-64739,C10440,2023-12-08,PO109867
SO-64740,C10714,2023-12-08,PO664432
SO-64741,C10728,2023-12-08,PO316212
SO-64742,C10900,2023-12-08,PO361771
SO-64743,C11029,2023-12-08,PO350465
SO-64744,C11381,2023-12-08,PO763375
SO-64745,C11391,2023-12-08,PO690128
SO-64746,C11498,2023-12-08,PO987421
SO-64747,C10006,2023-12-11,PO436258
SO-64748,C10011,2023-12-11,PO477861
SO-64749,C10019,2023-12-11,PO466990
SO-64750,C10024,2023-12-11,PO222619
SO-64751,C10071,2023-12-11,PO406621
SO-64752,C10081,2023-12-11,PO517051
SO-64753,C10086,2023-12-11,PO125465
SO-64754,C10096,2023-12-11,PO368429
SO-64755,C10102,2023-12-11,PO227200
SO-64756,C10107,2023-12-11,PO863380
SO-64757,C10114,2023-12-11,PO718168
SO-64758,C10132,2023-12-11,PO967715
SO-64759,C10144,2023-12-11,PO754714
SO-64760,C10159,2023-12-11,PO760789
SO-64761,C10192,2023-12-11,PO349541
SO-64762,C10208,2023-12-11,PO187779
SO-64763,C10235,2023-12-11,PO999173
SO-64764,C10242,2023-12-11,PO611389
SO-64765,C10603,2023-12-11,PO118913
SO-64766,C10636,2023-12-11,PO852041
SO-64767,C10647,2023-12-11,PO456829
SO-64768,C10659,2023-12-11,PO940565
SO-64769,C10826,2023-12-11,PO992840
SO-64770,C11131,2023-12-11,PO362243
SO-64771,C11148,2023-12-11,PO685826
SO-64772,C12079,2023-12-11,PO303530
SO-64773,C10006,2023-12-12,PO158157
SO-64774,C10011,2023-12-12,PO635070
SO-64775,C10024,2023-12-12,PO589171
SO-64776,C10033,2023-12-12,PO664070
SO-64777,C10071,2023-12-12,PO464399
SO-64778,C10081,2023-12-12,PO417434
SO-64779,C10086,2023-12-12,PO880175
SO-64780,C10096,2023-12-12,PO417589
SO-64781,C10107,2023-12-12,PO705348
SO-64782,C10144,2023-12-12,PO124658
SO-64783,C10173,2023-12-12,PO260941
SO-64784,C10261,2023-12-12,PO748686
SO-64785,C10321,2023-12-12,PO320043
SO-64786,C10322,2023-12-12,PO169265
SO-64787,C10470,2023-12-12,PO223920
SO-64788,C10767,2023-12-12,PO861288
SO-64789,C10826,2023-12-12,PO753435
SO-64790,C11204,2023-12-12,PO985535
SO-64791,C12356,2023-12-12,PO646684
SO-64792,C10006,2023-12-13,PO498702
SO-64793,C10019,2023-12-13,PO240667
SO-64794,C10024,2023-12-13,PO218861
SO-64795,C10042,2023-12-13,PO713020
SO-64796,C10071,2023-12-13,PO561123
SO-64797,C10276,2023-12-13,PO760829
SO-64798,C10463,2023-12-13,PO923173
SO-64799,C10826,2023-12-13,PO516242
SO-64800,C11284,2023-12-13,PO411567
SO-64801,C10006,2023-12-14,PO157978
SO-64802,C10071,2023-12-14,PO475554
SO-64803,C10086,2023-12-14,PO376815
SO-64804,C10096,2023-12-14,PO579577
SO-64805,C10107,2023-12-14,PO342817
SO-64806,C10123,2023-12-14,PO392186
SO-64807,C10138,2023-12-14,PO265852
SO-64808,C10161,2023-12-14,PO572027
SO-64809,C10192,2023-12-14,PO642747
SO-64810,C10556,2023-12-14,PO886477
SO-64811,C10006,2023-12-15,PO885200
SO-64812,C10011,2023-12-15,PO435614
SO-64813,C10019,2023-12-15,PO571482
SO-64814,C10024,2023-12-15,PO939416
SO-64815,C10071,2023-12-15,PO361415
SO-64816,C10081,2023-12-15,PO217352
SO-64817,C10086,2023-12-15,PO400520
SO-64818,C10096,2023-12-15,PO115810
SO-64819,C10123,2023-12-15,PO857054
SO-64820,C10132,2023-12-15,PO491963
SO-64821,C10159,2023-12-15,PO407348
SO-64822,C10208,2023-12-15,PO495954
SO-64823,C12448,2023-12-15,PO401105
SO-64824,C10006,2023-12-18,PO318813
SO-64825,C10011,2023-12-18,PO958180
SO-64826,C10033,2023-12-18,PO709338
SO-64827,C10071,2023-12-18,PO463992
SO-64828,C10081,2023-12-18,PO939103
SO-64829,C10086,2023-12-18,PO490454
SO-64830,C10096,2023-12-18,PO321413
SO-64831,C10102,2023-12-18,PO859351
SO-64832,C10123,2023-12-18,PO351608
SO-64833,C10138,2023-12-18,PO687626
SO-64834,C10144,2023-12-18,PO923018
SO-64835,C10151,2023-12-18,PO311312
SO-64836,C10186,2023-12-18,PO299924
SO-64837,C10208,2023-12-18,PO473171
SO-64838,C10235,2023-12-18,PO547614
SO-64839,C10456,2023-12-18,PO103787
SO-64840,C10470,2023-12-18,PO952157
SO-64841,C10563,2023-12-18,PO879139
SO-64842,C10629,2023-12-18,PO553374
SO-64843,C10636,2023-12-18,PO397865
SO-64844,C10745,2023-12-18,PO677215
SO-64845,C10853,2023-12-18,PO656321
SO-64846,C11092,2023-12-18,PO218916
SO-64847,C11148,2023-12-18,PO940567
SO-64848,C11235,2023-12-18,PO966324
SO-64849,C12142,2023-12-18,PO879773
SO-64850,C12473,2023-12-18,PO999677
SO-64851,C10006,2023-12-19,PO801349
SO-64852,C10042,2023-12-19,PO262250
SO-64853,C10071,2023-12-19,PO395482
SO-64854,C10086,2023-12-19,PO993855
SO-64855,C10096,2023-12-19,PO624960
SO-64856,C10102,2023-12-19,PO464558
SO-64857,C10107,2023-12-19,PO966062
SO-64858,C10138,2023-12-19,PO379383
SO-64859,C10144,2023-12-19,PO886815
SO-64860,C10470,2023-12-19,PO447429
SO-64861,C10482,2023-12-19,PO258828
SO-64862,C10580,2023-12-19,PO726846
SO-64863,C10647,2023-12-19,PO540621
SO-64864,C10795,2023-12-19,PO640279
SO-64865,C10982,2023-12-19,PO217025
SO-64866,C11491,2023-12-19,PO799736
SO-64867,C12473,2023-12-19,PO252270
SO-64868,C10006,2023-12-20,PO276171
SO-64869,C10011,2023-12-20,PO955224
SO-64870,C10041,2023-12-20,PO641909
SO-64871,C10060,2023-12-20,PO494657
SO-64872,C10071,2023-12-20,PO831087
SO-64873,C10081,2023-12-20,PO598184
SO-64874,C10086,2023-12-20,PO140050
SO-64875,C10102,2023-12-20,PO279258
SO-64876,C10107,2023-12-20,PO173486
SO-64877,C10114,2023-12-20,PO373479
SO-64878,C10175,2023-12-20,PO290856
SO-64879,C10186,2023-12-20,PO840390
SO-64880,C10200,2023-12-20,PO317595
SO-64881,C10208,2023-12-20,PO830780
SO-64882,C10261,2023-12-20,PO666381
SO-64883,C10418,2023-12-20,PO933469
SO-64884,C10423,2023-12-20,PO130198
SO-64885,C10515,2023-12-20,PO304762
SO-64886,C10640,2023-12-20,PO730393
SO-64887,C11914,2023-12-20,PO372139
SO-64888,C12126,2023-12-20,PO693133
SO-64889,C10006,2023-12-21,PO965230
SO-64890,C10011,2023-12-21,PO242893
SO-64891,C10019,2023-12-21,PO426924
SO-64892,C10024,2023-12-21,PO779102
SO-64893,C10042,2023-12-21,PO615293
SO-64894,C10053,2023-12-21,PO761253
SO-64895,C10071,2023-12-21,PO320226
SO-64896,C10081,2023-12-21,PO672910
SO-64897,C10086,2023-12-21,PO244844
SO-64898,C10107,2023-12-21,PO456985
SO-64899,C10151,2023-12-21,PO870468
SO-64900,C10159,2023-12-21,PO560482
SO-64901,C10175,2023-12-21,PO190045
SO-64902,C10186,2023-12-21,PO852542
SO-64903,C10208,2023-12-21,PO148263
SO-64904,C10215,2023-12-21,PO718014
SO-64905,C10257,2023-12-21,PO132014
SO-64906,C10286,2023-12-21,PO454756
SO-64907,C10361,2023-12-21,PO377122
SO-64908,C10423,2023-12-21,PO312221
SO-64909,C10544,2023-12-21,PO684502
SO-64910,C10581,2023-12-21,PO916185
SO-64911,C11718,2023-12-21,PO300337
SO-64912,C11825,2023-12-21,PO524714
SO-64913,C10006,2023-12-22,PO701539
SO-64914,C10011,2023-12-22,PO158236
SO-64915,C10019,2023-12-22,PO827740
SO-64916,C10024,2023-12-22,PO270995
SO-64917,C10033,2023-12-22,PO933641
SO-64918,C10041,2023-12-22,PO274345
SO-64919,C10053,2023-12-22,PO295547
SO-64920,C10071,2023-12-22,PO301956
SO-64921,C10081,2023-12-22,PO353031
SO-64922,C10086,2023-12-22,PO333224
SO-64923,C10096,2023-12-22,PO362938
SO-64924,C10102,2023-12-22,PO279470
SO-64925,C10123,2023-12-22,PO114913
SO-64926,C10138,2023-12-22,PO130863
SO-64927,C10151,2023-12-22,PO253061
SO-64928,C10159,2023-12-22,PO454741
SO-64929,C10161,2023-12-22,PO634009
SO-64930,C10186,2023-12-22,PO353824
SO-64931,C10200,2023-12-22,PO737760
SO-64932,C10257,2023-12-22,PO420952
SO-64933,C10276,2023-12-22,PO664886
SO-64934,C10332,2023-12-22,PO439155
SO-64935,C10397,2023-12-22,PO185543
SO-64936,C10409,2023-12-22,PO789520
SO-64937,C10418,2023-12-22,PO623233
SO-64938,C10444,2023-12-22,PO381895
SO-64939,C10452,2023-12-22,PO344211
SO-64940,C10738,2023-12-22,PO257361
SO-64941,C11204,2023-12-22,PO926266
SO-64942,C12533,2023-12-22,PO791221
SO-64943,C12540,2023-12-22,PO532327
SO-64944,C12664,2023-12-22,PO677058
SO-64945,C12953,2023-12-22,PO276781
SO-64946,C13128,2023-12-22,PO498554
SO-64947,C10006,2024-01-02,PO502469
SO-64948,C10011,2024-01-02,PO509139
SO-64949,C10011,2024-01-03,PO386682
SO-64950,C10033,2024-01-03,PO732465
SO-64951,C10071,2024-01-03,PO162660
SO-64952,C10081,2024-01-03,PO776700
SO-64953,C10086,2024-01-03,PO233546
SO-64954,C10102,2024-01-03,PO798955
SO-64955,C10114,2024-01-03,PO361466
SO-64956,C10276,2024-01-03,PO796215
SO-64957,C11578,2024-01-03,PO513130
SO-64958,C10006,2024-01-04,PO510426
SO-64959,C10033,2024-01-04,PO152896
SO-64960,C10096,2024-01-04,PO868784
SO-64961,C10107,2024-01-04,PO920735
SO-64962,C10114,2024-01-04,PO218389
SO-64963,C10144,2024-01-04,PO377521
SO-64964,C10322,2024-01-04,PO313691
SO-64965,C10563,2024-01-04,PO330028
SO-64966,C10006,2024-01-05,PO345445
SO-64967,C10071,2024-01-05,PO831644
SO-64968,C10123,2024-01-05,PO713816
SO-64969,C10138,2024-01-05,PO769994
SO-64970,C10161,2024-01-05,PO702138
SO-64971,C10603,2024-01-05,PO591032
SO-64972,C10006,2024-01-08,PO265926
SO-64973,C10011,2024-01-08,PO958591
SO-64974,C10024,2024-01-08,PO605374
SO-64975,C10033,2024-01-08,PO845595
SO-64976,C10042,2024-01-08,PO611300
SO-64977,C10053,2024-01-08,PO162617
SO-64978,C10071,2024-01-08,PO699005
SO-64979,C10081,2024-01-08,PO273403
SO-64980,C10086,2024-01-08,PO150618
SO-64981,C10096,2024-01-08,PO311966
SO-64982,C10114,2024-01-08,PO783933
SO-64983,C10123,2024-01-08,PO292046
SO-64984,C10132,2024-01-08,PO556797
SO-64985,C10159,2024-01-08,PO220554
SO-64986,C10304,2024-01-08,PO710139
SO-64987,C10321,2024-01-08,PO696375
SO-64988,C10344,2024-01-08,PO663068
SO-64989,C10397,2024-01-08,PO645424
SO-64990,C10636,2024-01-08,PO993831
SO-64991,C10694,2024-01-08,PO215089
SO-64992,C10701,2024-01-08,PO177720
SO-64993,C10728,2024-01-08,PO498249
SO-64994,C10909,2024-01-08,PO893997
SO-64995,C11190,2024-01-08,PO694116
SO-64996,C11463,2024-01-08,PO553190
SO-64997,C11813,2024-01-08,PO445555
SO-64998,C11849,2024-01-08,PO766157
SO-64999,C10006,2024-01-09,PO663683
SO-65000,C10071,2024-01-09,PO410480
SO-65001,C10081,2024-01-09,PO182463
SO-65002,C10086,2024-01-09,PO232846
SO-65003,C10138,2024-01-09,PO976268
SO-65004,C10173,2024-01-09,PO605384
SO-65005,C10200,2024-01-09,PO635664
SO-65006,C10580,2024-01-09,PO192839
SO-65007,C11537,2024-01-09,PO887505
SO-65008,C11759,2024-01-09,PO939750
SO-65009,C12981,2024-01-09,PO724450
SO-65010,C10006,2024-01-10,PO422035
SO-65011,C10011,2024-01-10,PO676962
SO-65012,C10024,2024-01-10,PO525877
SO-65013,C10096,2024-01-10,PO811406
SO-65014,C10107,2024-01-10,PO875398
SO-65015,C10151,2024-01-10,PO604973
SO-65016,C10175,2024-01-10,PO667446
SO-65017,C10208,2024-01-10,PO245812
SO-65018,C12427,2024-01-10,PO675712
SO-65019,C10006,2024-01-11,PO774027
SO-65020,C10011,2024-01-11,PO519871
SO-65021,C10071,2024-01-11,PO789051
SO-65022,C10081,2024-01-11,PO918300
SO-65023,C10096,2024-01-11,PO378389
SO-65024,C10107,2024-01-11,PO832858
SO-65025,C10114,2024-01-11,PO697838
SO-65026,C10123,2024-01-11,PO805701
SO-65027,C10186,2024-01-11,PO886138
SO-65028,C10248,2024-01-11,PO936691
SO-65029,C11168,2024-01-11,PO734346
SO-65030,C10006,2024-01-12,PO362318
SO-65031,C10033,2024-01-12,PO300602
SO-65032,C10042,2024-01-12,PO744008
SO-65033,C10071,2024-01-12,PO202945
SO-65034,C10096,2024-01-12,PO511155
SO-65035,C10144,2024-01-12,PO439101
SO-65036,C10235,2024-01-12,PO218960
SO-65037,C10006,2024-01-15,PO958673
SO-65038,C10011,2024-01-15,PO928970
SO-65039,C10019,2024-01-15,PO750490
SO-65040,C10033,2024-01-15,PO184341
SO-65041,C10071,2024-01-15,PO423956
SO-65042,C10081,2024-01-15,PO883780
SO-65043,C10086,2024-01-15,PO275558
SO-65044,C10096,2024-01-15,PO876149
SO-65045,C10102,2024-01-15,PO343855
SO-65046,C10107,2024-01-15,PO884653
SO-65047,C10138,2024-01-15,PO277129
SO-65048,C10144,2024-01-15,PO426920
SO-65049,C10161,2024-01-15,PO508412
SO-65050,C10173,2024-01-15,PO354387
SO-65051,C10175,2024-01-15,PO521323
SO-65052,C10200,2024-01-15,PO456013
SO-65053,C10308,2024-01-15,PO142617
SO-65054,C10521,2024-01-15,PO502883
SO-65055,C10629,2024-01-15,PO394415
SO-65056,C10762,2024-01-15,PO701032
SO-65057,C10776,2024-01-15,PO237723
SO-65058,C11498,2024-01-15,PO726405
SO-65059,C11956,2024-01-15,PO575743
SO-65060,C11992,2024-01-15,PO661716
SO-65061,C12209,2024-01-15,PO523322
SO-65062,C10006,2024-01-16,PO781697
SO-65063,C10011,2024-01-16,PO699604
SO-65064,C10024,2024-01-16,PO442299
SO-65065,C10071,2024-01-16,PO535096
SO-65066,C10096,2024-01-16,PO584455
SO-65067,C10144,2024-01-16,PO479149
SO-65068,C10200,2024-01-16,PO710263
SO-65069,C10529,2024-01-16,PO392772
SO-65070,C10853,2024-01-16,PO739509
SO-65071,C12316,2024-01-16,PO717667
SO-65072,C12620,2024-01-16,PO301965
SO-65073,C10006,2024-01-17,PO646661
SO-65074,C10071,2024-01-17,PO501850
SO-65075,C10081,2024-01-17,PO221019
SO-65076,C10096,2024-01-17,PO769152
SO-65077,C10107,2024-01-17,PO146476
SO-65078,C10161,2024-01-17,PO465470
SO-65079,C10225,2024-01-17,PO318132
SO-65080,C10332,2024-01-17,PO909065
SO-65081,C11010,2024-01-17,PO756557
SO-65082,C10011,2024-01-18,PO135830
SO-65083,C10019,2024-01-18,PO642815
SO-65084,C10081,2024-01-18,PO868347
SO-65085,C10151,2024-01-18,PO280333
SO-65086,C10208,2024-01-18,PO991252
SO-65087,C10257,2024-01-18,PO327792
SO-65088,C10336,2024-01-18,PO306043
SO-65089,C10636,2024-01-18,PO827377
SO-65090,C10767,2024-01-18,PO995983
SO-65091,C11364,2024-01-18,PO407242
SO-65092,C10006,2024-01-19,PO820229
SO-65093,C10019,2024-01-19,PO656382
SO-65094,C10033,2024-01-19,PO133949
SO-65095,C10071,2024-01-19,PO670620
SO-65096,C10081,2024-01-19,PO733955
SO-65097,C10890,2024-01-19,PO200053
SO-65098,C11158,2024-01-19,PO186329
SO-65099,C12136,2024-01-19,PO544913
SO-65100,C10006,2024-01-22,PO458898
SO-65101,C10011,2024-01-22,PO395191
SO-65102,C10071,2024-01-22,PO968327
SO-65103,C10081,2024-01-22,PO265704
SO-65104,C10086,2024-01-22,PO883455
SO-65105,C10102,2024-01-22,PO880381
SO-65106,C10123,2024-01-22,PO192203
SO-65107,C10159,2024-01-22,PO722343
SO-65108,C10173,2024-01-22,PO999627
SO-65109,C10215,2024-01-22,PO464081
SO-65110,C10217,2024-01-22,PO483770
SO-65111,C10235,2024-01-22,PO220596
SO-65112,C10293,2024-01-22,PO702234
SO-65113,C10304,2024-01-22,PO318045
SO-65114,C10344,2024-01-22,PO195346
SO-65115,C10409,2024-01-22,PO344410
SO-65116,C10452,2024-01-22,PO873285
SO-65117,C10823,2024-01-22,PO971273
SO-65118,C12848,2024-01-22,PO865386
SO-65119,C10006,2024-01-23,PO172815
SO-65120,C10011,2024-01-23,PO853479
SO-65121,C10019,2024-01-23,PO186463
SO-65122,C10071,2024-01-23,PO934660
SO-65123,C10081,2024-01-23,PO849316
SO-65124,C10096,2024-01-23,PO779029
SO-65125,C10102,2024-01-23,PO401222
SO-65126,C10132,2024-01-23,PO696459
SO-65127,C10380,2024-01-23,PO273558
SO-65128,C10390,2024-01-23,PO376410
SO-65129,C10595,2024-01-23,PO673479
SO-65130,C10779,2024-01-23,PO689316
SO-65131,C13006,2024-01-23,PO113449
SO-65132,C10006,2024-01-24,PO960806
SO-65133,C10024,2024-01-24,PO728358
SO-65134,C10042,2024-01-24,PO383717
SO-65135,C10071,2024-01-24,PO337167
SO-65136,C10081,2024-01-24,PO634295
SO-65137,C10086,2024-01-24,PO782593
SO-65138,C10132,2024-01-24,PO618257
SO-65139,C10151,2024-01-24,PO592736
SO-65140,C10173,2024-01-24,PO404286
SO-65141,C10200,2024-01-24,PO411594
SO-65142,C10344,2024-01-24,PO856469
SO-65143,C10418,2024-01-24,PO796337
SO-65144,C10563,2024-01-24,PO906634
SO-65145,C10776,2024-01-24,PO619567
SO-65146,C10006,2024-01-25,PO308673
SO-65147,C10033,2024-01-25,PO956742
SO-65148,C10071,2024-01-25,PO482904
SO-65149,C10081,2024-01-25,PO740603
SO-65150,C10096,2024-01-25,PO223993
SO-65151,C10114,2024-01-25,PO221514
SO-65152,C10208,2024-01-25,PO267396
SO-65153,C10581,2024-01-25,PO783607
SO-65154,C10859,2024-01-25,PO209733
SO-65155,C11904,2024-01-25,PO440841
SO-65156,C10006,2024-01-26,PO562512
SO-65157,C10024,2024-01-26,PO777177
SO-65158,C10041,2024-01-26,PO733033
SO-65159,C10071,2024-01-26,PO104651
SO-65160,C10215,2024-01-26,PO218478
SO-65161,C11197,2024-01-26,PO693750
SO-65162,C10006,2024-01-29,PO365202
SO-65163,C10011,2024-01-29,PO354885
SO-65164,C10033,2024-01-29,PO459058
SO-65165,C10041,2024-01-29,PO396369
SO-65166,C10071,2024-01-29,PO351264
SO-65167,C10081,2024-01-29,PO767898
SO-65168,C10086,2024-01-29,PO537797
SO-65169,C10102,2024-01-29,PO783427
SO-65170,C10107,2024-01-29,PO102937
SO-65171,C10138,2024-01-29,PO486717
SO-65172,C10144,2024-01-29,PO705410
SO-65173,C10173,2024-01-29,PO736723
SO-65174,C10200,2024-01-29,PO367955
SO-65175,C10297,2024-01-29,PO711331
SO-65176,C10304,2024-01-29,PO132781
SO-65177,C10336,2024-01-29,PO387596
SO-65178,C10397,2024-01-29,PO424531
SO-65179,C10814,2024-01-29,PO602735
SO-65180,C10826,2024-01-29,PO298306
SO-65181,C11004,2024-01-29,PO539696
SO-65182,C11114,2024-01-29,PO629934
SO-65183,C11550,2024-01-29,PO264260
SO-65184,C11742,2024-01-29,PO130640
SO-65185,C10006,2024-01-30,PO506292
SO-65186,C10033,2024-01-30,PO365646
SO-65187,C10071,2024-01-30,PO591547
SO-65188,C10081,2024-01-30,PO563284
SO-65189,C10086,2024-01-30,PO456662
SO-65190,C10107,2024-01-30,PO250404
SO-65191,C10175,2024-01-30,PO781603
SO-65192,C10186,2024-01-30,PO923294
SO-65193,C10215,2024-01-30,PO848976
SO-65194,C10452,2024-01-30,PO421589
SO-65195,C11463,2024-01-30,PO152329
SO-65196,C10006,2024-01-31,PO232513
SO-65197,C10019,2024-01-31,PO507870
SO-65198,C10071,2024-01-31,PO633662
SO-65199,C10081,2024-01-31,PO335646
SO-65200,C10096,2024-01-31,PO529073
SO-65201,C10107,2024-01-31,PO183455
SO-65202,C10114,2024-01-31,PO511648
SO-65203,C10192,2024-01-31,PO219395
SO-65204,C10261,2024-01-31,PO705379
SO-65205,C11304,2024-01-31,PO426914
SO-65206,C11668,2024-01-31,PO580418
SO-65207,C12111,2024-01-31,PO922151
SO-65208,C10071,2024-02-01,PO132818
SO-65209,C10086,2024-02-01,PO761332
SO-65210,C10096,2024-02-01,PO926173
SO-65211,C10102,2024-02-01,PO489094
SO-65212,C10123,2024-02-01,PO808648
SO-65213,C10151,2024-02-01,PO637750
SO-65214,C10225,2024-02-01,PO925928
SO-65215,C10257,2024-02-01,PO775976
SO-65216,C12572,2024-02-01,PO995217
SO-65217,C12602,2024-02-01,PO623866
SO-65218,C10006,2024-02-02,PO253870
SO-65219,C10011,2024-02-02,PO752844
SO-65220,C10071,2024-02-02,PO587449
SO-65221,C10081,2024-02-02,PO586386
SO-65222,C10096,2024-02-02,PO564535
SO-65223,C10102,2024-02-02,PO142237
SO-65224,C10138,2024-02-02,PO553122
SO-65225,C11641,2024-02-02,PO807728
SO-65226,C13021,2024-02-02,PO701293
SO-65227,C10006,2024-02-05,PO539009
SO-65228,C10011,2024-02-05,PO386597
SO-65229,C10019,2024-02-05,PO363916
SO-65230,C10042,2024-02-05,PO648240
SO-65231,C10071,2024-02-05,PO770309
SO-65232,C10081,2024-02-05,PO915148
SO-65233,C10096,2024-02-05,PO687345
SO-65234,C10102,2024-02-05,PO536422
SO-65235,C10123,2024-02-05,PO882855
SO-65236,C10132,2024-02-05,PO926879
SO-65237,C10215,2024-02-05,PO286039
SO-65238,C10225,2024-02-05,PO953731
SO-65239,C10269,2024-02-05,PO539754
SO-65240,C10390,2024-02-05,PO857225
SO-65241,C10767,2024-02-05,PO760753
SO-65242,C10914,2024-02-05,PO874165
SO-65243,C11564,2024-02-05,PO857379
SO-65244,C13055,2024-02-05,PO471850
SO-65245,C10071,2024-02-06,PO405544
SO-65246,C10081,2024-02-06,PO236749
SO-65247,C10102,2024-02-06,PO620971
SO-65248,C10114,2024-02-06,PO223845
SO-65249,C10123,2024-02-06,PO987365
SO-65250,C10151,2024-02-06,PO492034
SO-65251,C10161,2024-02-06,PO115674
SO-65252,C10242,2024-02-06,PO324683
SO-65253,C10286,2024-02-06,PO121595
SO-65254,C11632,2024-02-06,PO813417
SO-65255,C11724,2024-02-06,PO109168
SO-65256,C11742,2024-02-06,PO424320
SO-65257,C12111,2024-02-06,PO768589
SO-65258,C10006,2024-02-07,PO844405
SO-65259,C10019,2024-02-07,PO909270
SO-65260,C10041,2024-02-07,PO524806
SO-65261,C10071,2024-02-07,PO882806
SO-65262,C10081,2024-02-07,PO273520
SO-65263,C10096,2024-02-07,PO796661
SO-65264,C10107,2024-02-07,PO193634
SO-65265,C10159,2024-02-07,PO659847
SO-65266,C10192,2024-02-07,PO304617
SO-65267,C10397,2024-02-07,PO178542
SO-65268,C10006,2024-02-08,PO761590
SO-65269,C10011,2024-02-08,PO618204
SO-65270,C10041,2024-02-08,PO833475
SO-65271,C10096,2024-02-08,PO960835
SO-65272,C10107,2024-02-08,PO894918
SO-65273,C10114,2024-02-08,PO375561
SO-65274,C10138,2024-02-08,PO585520
SO-65275,C10151,2024-02-08,PO399382
SO-65276,C10159,2024-02-08,PO326105
SO-65277,C10293,2024-02-08,PO558513
SO-65278,C10801,2024-02-08,PO150207
SO-65279,C10024,2024-02-09,PO522285
SO-65280,C10033,2024-02-09,PO579227
SO-65281,C10071,2024-02-09,PO725897
SO-65282,C10081,2024-02-09,PO999094
SO-65283,C10086,2024-02-09,PO709498
SO-65284,C10102,2024-02-09,PO804119
SO-65285,C10501,2024-02-09,PO124996
SO-65286,C10859,2024-02-09,PO989299
SO-65287,C11368,2024-02-09,PO107042
SO-65288,C10006,2024-02-12,PO228216
SO-65289,C10011,2024-02-12,PO103987
SO-65290,C10024,2024-02-12,PO218263
SO-65291,C10033,2024-02-12,PO406392
SO-65292,C10041,2024-02-12,PO139591
SO-65293,C10071,2024-02-12,PO298263
SO-65294,C10081,2024-02-12,PO361640
SO-65295,C10102,2024-02-12,PO888310
SO-65296,C10107,2024-02-12,PO313065
SO-65297,C10114,2024-02-12,PO313751
SO-65298,C10138,2024-02-12,PO774634
SO-65299,C10186,2024-02-12,PO357566
SO-65300,C10242,2024-02-12,PO184313
SO-65301,C10261,2024-02-12,PO506366
SO-65302,C10332,2024-02-12,PO649069
SO-65303,C10365,2024-02-12,PO290084
SO-65304,C10456,2024-02-12,PO883342
SO-65305,C10616,2024-02-12,PO343247
SO-65306,C11320,2024-02-12,PO221249
SO-65307,C11764,2024-02-12,PO972944
SO-65308,C10006,2024-02-13,PO934695
SO-65309,C10019,2024-02-13,PO218606
SO-65310,C10033,2024-02-13,PO442537
SO-65311,C10071,2024-02-13,PO535507
SO-65312,C10081,2024-02-13,PO590685
SO-65313,C10086,2024-02-13,PO596207
SO-65314,C10096,2024-02-13,PO850370
SO-65315,C10114,2024-02-13,PO339965
SO-65316,C10132,2024-02-13,PO560946
SO-65317,C10186,2024-02-13,PO576870
SO-65318,C10261,2024-02-13,PO368580
SO-65319,C10322,2024-02-13,PO171363
SO-65320,C11641,2024-02-13,PO208358
SO-65321,C10006,2024-02-14,PO750966
SO-65322,C10011,2024-02-14,PO208721
SO-65323,C10019,2024-02-14,PO937883
SO-65324,C10024,2024-02-14,PO579728
SO-65325,C10071,2024-02-14,PO596270
SO-65326,C10102,2024-02-14,PO305589
SO-65327,C10151,2024-02-14,PO370767
SO-65328,C10286,2024-02-14,PO447139
SO-65329,C10344,2024-02-14,PO551505
SO-65330,C10361,2024-02-14,PO710193
SO-65331,C11241,2024-02-14,PO483771
SO-65332,C10006,2024-02-15,PO533342
SO-65333,C10024,2024-02-15,PO786809
SO-65334,C10071,2024-02-15,PO492111
SO-65335,C10081,2024-02-15,PO993048
SO-65336,C10086,2024-02-15,PO689250
SO-65337,C10102,2024-02-15,PO113768
SO-65338,C10261,2024-02-15,PO531617
SO-65339,C10304,2024-02-15,PO608606
SO-65340,C10418,2024-02-15,PO293471
SO-65341,C10430,2024-02-15,PO148544
SO-65342,C11092,2024-02-15,PO240737
SO-65343,C10006,2024-02-16,PO937845
SO-65344,C10033,2024-02-16,PO415441
SO-65345,C10053,2024-02-16,PO565644
SO-65346,C10071,2024-02-16,PO385236
SO-65347,C10081,2024-02-16,PO411155
SO-65348,C10096,2024-02-16,PO905659
SO-65349,C10102,2024-02-16,PO890620
SO-65350,C10107,2024-02-16,PO134619
SO-65351,C10138,2024-02-16,PO657256
SO-65352,C10286,2024-02-16,PO138022
SO-65353,C10336,2024-02-16,PO288876
SO-65354,C10440,2024-02-16,PO869060
SO-65355,C10998,2024-02-16,PO706503
SO-65356,C11025,2024-02-16,PO758518
SO-65357,C13043,2024-02-16,PO233454
SO-65358,C10006,2024-02-19,PO730572
SO-65359,C10011,2024-02-19,PO195380
SO-65360,C10019,2024-02-19,PO550133
SO-65361,C10071,2024-02-19,PO395916
SO-65362,C10081,2024-02-19,PO139370
SO-65363,C10086,2024-02-19,PO475358
SO-65364,C10102,2024-02-19,PO535223
SO-65365,C10151,2024-02-19,PO695684
SO-65366,C10161,2024-02-19,PO583173
SO-65367,C10208,2024-02-19,PO197315
SO-65368,C10257,2024-02-19,PO801059
SO-65369,C10297,2024-02-19,PO685836
SO-65370,C10322,2024-02-19,PO743415
SO-65371,C10332,2024-02-19,PO764775
SO-65372,C10376,2024-02-19,PO529993
SO-65373,C10380,2024-02-19,PO474214
SO-65374,C10837,2024-02-19,PO108347
SO-65375,C11062,2024-02-19,PO384829
SO-65376,C11114,2024-02-19,PO733468
SO-65377,C11480,2024-02-19,PO986220
SO-65378,C11685,2024-02-19,PO318261
SO-65379,C10006,2024-02-20,PO759454
SO-65380,C10024,2024-02-20,PO859454
SO-65381,C10033,2024-02-20,PO978342
SO-65382,C10041,2024-02-20,PO304468
SO-65383,C10071,2024-02-20,PO203488
SO-65384,C10081,2024-02-20,PO310620
SO-65385,C10114,2024-02-20,PO824153
SO-65386,C10159,2024-02-20,PO736149
SO-65387,C10173,2024-02-20,PO608606
SO-65388,C10208,2024-02-20,PO398344
SO-65389,C10463,2024-02-20,PO585221
SO-65390,C10603,2024-02-20,PO627387
SO-65391,C11442,2024-02-20,PO970380
SO-65392,C10006,2024-02-21,PO457277
SO-65393,C10024,2024-02-21,PO247770
SO-65394,C10071,2024-02-21,PO262243
SO-65395,C10081,2024-02-21,PO176970
SO-65396,C10102,2024-02-21,PO764807
SO-65397,C10138,2024-02-21,PO383934
SO-65398,C10151,2024-02-21,PO615319
SO-65399,C10159,2024-02-21,PO810222
SO-65400,C11216,2024-02-21,PO293546
SO-65401,C12732,2024-02-21,PO628431
SO-65402,C10006,2024-02-22,PO321839
SO-65403,C10011,2024-02-22,PO143447
SO-65404,C10071,2024-02-22,PO377042
SO-65405,C10081,2024-02-22,PO763077
SO-65406,C10096,2024-02-22,PO968080
SO-65407,C10132,2024-02-22,PO523604
SO-65408,C10138,2024-02-22,PO832205
SO-65409,C10186,2024-02-22,PO781753
SO-65410,C10332,2024-02-22,PO689907
SO-65411,C11564,2024-02-22,PO787261
SO-65412,C12079,2024-02-22,PO715971
SO-65413,C10011,2024-02-23,PO179458
SO-65414,C10033,2024-02-23,PO780934
SO-65415,C10071,2024-02-23,PO551978
SO-65416,C10081,2024-02-23,PO921781
SO-65417,C10096,2024-02-23,PO223271
SO-65418,C10102,2024-02-23,PO404140
SO-65419,C10107,2024-02-23,PO476061
SO-65420,C10138,2024-02-23,PO964734
SO-65421,C10173,2024-02-23,PO874108
SO-65422,C10186,2024-02-23,PO128868
SO-65423,C10629,2024-02-23,PO104547
SO-65424,C12938,2024-02-23,PO841322
SO-65425,C12965,2024-02-23,PO167923
SO-65426,C10006,2024-02-26,PO643919
SO-65427,C10011,2024-02-26,PO462808
SO-65428,C10019,2024-02-26,PO390724
SO-65429,C10033,2024-02-26,PO889921
SO-65430,C10041,2024-02-26,PO772467
SO-65431,C10071,2024-02-26,PO746656
SO-65432,C10081,2024-02-26,PO335748
SO-65433,C10086,2024-02-26,PO307192
SO-65434,C10096,2024-02-26,PO293432
SO-65435,C10107,2024-02-26,PO119828
SO-65436,C10132,2024-02-26,PO243585
SO-65437,C10138,2024-02-26,PO891548
SO-65438,C10161,2024-02-26,PO268770
SO-65439,C10208,2024-02-26,PO985443
SO-65440,C10297,2024-02-26,PO247474
SO-65441,C11327,2024-02-26,PO564722
SO-65442,C11564,2024-02-26,PO113883
SO-65443,C12028,2024-02-26,PO958616
SO-65444,C12149,2024-02-26,PO288648
SO-65445,C10006,2024-02-27,PO143008
SO-65446,C10019,2024-02-27,PO323008
SO-65447,C10081,2024-02-27,PO731523
SO-65448,C10086,2024-02-27,PO604806
SO-65449,C10102,2024-02-27,PO255895
SO-65450,C10114,2024-02-27,PO600500
SO-65451,C10132,2024-02-27,PO131308
SO-65452,C10144,2024-02-27,PO666941
SO-65453,C10286,2024-02-27,PO917983
SO-65454,C11216,2024-02-27,PO220042
SO-65455,C11289,2024-02-27,PO197111
SO-65456,C10006,2024-02-28,PO161776
SO-65457,C10071,2024-02-28,PO230411
SO-65458,C10086,2024-02-28,PO891507
SO-65459,C10096,2024-02-28,PO807734
SO-65460,C10123,2024-02-28,PO875410
SO-65461,C10132,2024-02-28,PO210386
SO-65462,C10151,2024-02-28,PO791602
SO-65463,C10186,2024-02-28,PO915826
SO-65464,C10200,2024-02-28,PO842783
SO-65465,C10217,2024-02-28,PO206325
SO-65466,C10248,2024-02-28,PO379163
SO-65467,C10304,2024-02-28,PO210910
SO-65468,C11258,2024-02-28,PO124562
SO-65469,C11349,2024-02-28,PO381874
SO-65470,C10006,2024-02-29,PO963761
SO-65471,C10024,2024-02-29,PO897614
SO-65472,C10071,2024-02-29,PO935609
SO-65473,C10081,2024-02-29,PO923125
SO-65474,C10096,2024-02-29,PO153978
SO-65475,C10144,2024-02-29,PO648540
SO-65476,C10161,2024-02-29,PO582848
SO-65477,C10173,2024-02-29,PO165932
SO-65478,C10192,2024-02-29,PO356517
SO-65479,C10208,2024-02-29,PO558532
SO-65480,C10376,2024-02-29,PO956662
SO-65481,C11320,2024-02-29,PO557879
SO-65482,C11904,2024-02-29,PO475122
SO-65483,C13128,2024-02-29,PO369425
SO-65484,C10019,2024-03-01,PO211915
SO-65485,C10071,2024-03-01,PO458748
SO-65486,C10096,2024-03-01,PO792951
SO-65487,C10161,2024-03-01,PO605848
SO-65488,C10192,2024-03-01,PO173288
SO-65489,C10418,2024-03-01,PO856090
SO-65490,C10440,2024-03-01,PO324997
SO-65491,C10444,2024-03-01,PO985975
SO-65492,C10581,2024-03-01,PO324625
SO-65493,C10647,2024-03-01,PO823232
SO-65494,C11019,2024-03-01,PO559477
SO-65495,C12888,2024-03-01,PO192836
SO-65496,C13129,2024-03-01,PO127332
SO-65497,C10006,2024-03-04,PO308135
SO-65498,C10011,2024-03-04,PO365351
SO-65499,C10019,2024-03-04,PO795778
SO-65500,C10024,2024-03-04,PO123244
SO-65501,C10041,2024-03-04,PO351223
SO-65502,C10071,2024-03-04,PO291315
SO-65503,C10096,2024-03-04,PO726649
SO-65504,C10107,2024-03-04,PO203755
SO-65505,C10114,2024-03-04,PO143463
SO-65506,C10123,2024-03-04,PO930740
SO-65507,C10132,2024-03-04,PO207511
SO-65508,C10151,2024-03-04,PO729843
SO-65509,C10269,2024-03-04,PO997217
SO-65510,C10293,2024-03-04,PO478633
SO-65511,C10361,2024-03-04,PO237772
SO-65512,C10376,2024-03-04,PO168853
SO-65513,C10418,2024-03-04,PO358928
SO-65514,C10456,2024-03-04,PO599138
SO-65515,C10532,2024-03-04,PO737063
SO-65516,C10728,2024-03-04,PO111694
SO-65517,C11136,2024-03-04,PO258224
SO-65518,C11178,2024-03-04,PO587118
SO-65519,C11364,2024-03-04,PO148345
SO-65520,C11641,2024-03-04,PO917538
SO-65521,C10006,2024-03-05,PO532553
SO-65522,C10019,2024-03-05,PO279728
SO-65523,C10033,2024-03-05,PO519655
SO-65524,C10053,2024-03-05,PO697666
SO-65525,C10071,2024-03-05,PO461743
SO-65526,C10081,2024-03-05,PO348802
SO-65527,C10086,2024-03-05,PO357332
SO-65528,C10096,2024-03-05,PO281874
SO-65529,C10102,2024-03-05,PO796060
SO-65530,C10107,2024-03-05,PO304444
SO-65531,C10132,2024-03-05,PO226133
SO-65532,C10159,2024-03-05,PO352300
SO-65533,C10217,2024-03-05,PO317348
SO-65534,C10276,2024-03-05,PO436501
SO-65535,C10521,2024-03-05,PO885386
SO-65536,C10751,2024-03-05,PO709944
SO-65537,C10937,2024-03-05,PO652653
SO-65538,C11019,2024-03-05,PO977243
SO-65539,C12287,2024-03-05,PO729238
SO-65540,C10006,2024-03-06,PO130235
SO-65541,C10081,2024-03-06,PO934215
SO-65542,C10086,2024-03-06,PO277997
SO-65543,C10132,2024-03-06,PO682115
SO-65544,C10138,2024-03-06,PO406647
SO-65545,C10159,2024-03-06,PO830110
SO-65546,C10257,2024-03-06,PO572321
SO-65547,C10444,2024-03-06,PO527167
SO-65548,C10456,2024-03-06,PO523549
SO-65549,C11928,2024-03-06,PO633656
SO-65550,C10006,2024-03-07,PO536965
SO-65551,C10033,2024-03-07,PO496652
SO-65552,C10071,2024-03-07,PO417231
SO-65553,C10107,2024-03-07,PO793091
SO-65554,C10144,2024-03-07,PO517977
SO-65555,C10159,2024-03-07,PO393474
SO-65556,C10173,2024-03-07,PO490439
SO-65557,C10235,2024-03-07,PO173245
SO-65558,C10006,2024-03-08,PO514104
SO-65559,C10011,2024-03-08,PO575887
SO-65560,C10019,2024-03-08,PO327340
SO-65561,C10024,2024-03-08,PO499447
SO-65562,C10042,2024-03-08,PO726724
SO-65563,C10071,2024-03-08,PO828867
SO-65564,C10081,2024-03-08,PO311026
SO-65565,C10102,2024-03-08,PO178061
SO-65566,C10107,2024-03-08,PO399278
SO-65567,C10144,2024-03-08,PO776619
SO-65568,C10173,2024-03-08,PO585780
SO-65569,C10175,2024-03-08,PO248581
SO-65570,C10640,2024-03-08,PO748913
SO-65571,C12021,2024-03-08,PO792884
SO-65572,C12037,2024-03-08,PO340468
SO-65573,C10006,2024-03-11,PO711987
SO-65574,C10011,2024-03-11,PO928095
SO-65575,C10019,2024-03-11,PO524162
SO-65576,C10024,2024-03-11,PO873157
SO-65577,C10033,2024-03-11,PO687744
SO-65578,C10053,2024-03-11,PO695422
SO-65579,C10071,2024-03-11,PO215256
SO-65580,C10081,2024-03-11,PO829119
SO-65581,C10086,2024-03-11,PO297756
SO-65582,C10096,2024-03-11,PO840562
SO-65583,C10102,2024-03-11,PO140615
SO-65584,C10107,2024-03-11,PO489336
SO-65585,C10138,2024-03-11,PO608923
SO-65586,C10151,2024-03-11,PO349455
SO-65587,C10321,2024-03-11,PO103017
SO-65588,C10430,2024-03-11,PO467586
SO-65589,C10463,2024-03-11,PO216312
SO-65590,C10482,2024-03-11,PO799136
SO-65591,C10595,2024-03-11,PO339654
SO-65592,C10655,2024-03-11,PO264805
SO-65593,C11004,2024-03-11,PO896139
SO-65594,C11235,2024-03-11,PO208974
SO-65595,C10006,2024-03-12,PO217396
SO-65596,C10033,2024-03-12,PO423573
SO-65597,C10071,2024-03-12,PO533050
SO-65598,C10123,2024-03-12,PO934028
SO-65599,C10144,2024-03-12,PO544553
SO-65600,C10159,2024-03-12,PO713594
SO-65601,C10297,2024-03-12,PO794150
SO-65602,C10636,2024-03-12,PO279182
SO-65603,C10801,2024-03-12,PO674172
SO-65604,C11811,2024-03-12,PO661405
SO-65605,C12572,2024-03-12,PO559179
SO-65606,C10006,2024-03-13,PO945430
SO-65607,C10011,2024-03-13,PO180223
SO-65608,C10053,2024-03-13,PO779577
SO-65609,C10071,2024-03-13,PO445267
SO-65610,C10114,2024-03-13,PO659438
SO-65611,C10144,2024-03-13,PO667274
SO-65612,C10192,2024-03-13,PO855336
SO-65613,C11320,2024-03-13,PO190066
SO-65614,C12245,2024-03-13,PO184037
SO-65615,C12488,2024-03-13,PO860219
SO-65616,C10053,2024-03-14,PO926562
SO-65617,C10071,2024-03-14,PO734444
SO-65618,C10081,2024-03-14,PO767135
SO-65619,C10086,2024-03-14,PO659103
SO-65620,C10096,2024-03-14,PO841622
SO-65621,C10132,2024-03-14,PO831703
SO-65622,C10225,2024-03-14,PO154896
SO-65623,C10248,2024-03-14,PO971653
SO-65624,C10418,2024-03-14,PO651000
SO-65625,C11178,2024-03-14,PO805786
SO-65626,C12725,2024-03-14,PO967418
SO-65627,C10006,2024-03-15,PO530259
SO-65628,C10033,2024-03-15,PO234069
SO-65629,C10071,2024-03-15,PO127612
SO-65630,C10175,2024-03-15,PO884606
SO-65631,C10192,2024-03-15,PO821124
SO-65632,C10208,2024-03-15,PO549231
SO-65633,C10390,2024-03-15,PO896948
SO-65634,C11075,2024-03-15,PO321394
SO-65635,C11092,2024-03-15,PO537586
SO-65636,C11131,2024-03-15,PO442504
SO-65637,C12104,2024-03-15,PO493222
SO-65638,C12864,2024-03-15,PO249071
SO-65639,C10006,2024-03-18,PO492322
SO-65640,C10011,2024-03-18,PO410496
SO-65641,C10033,2024-03-18,PO805067
SO-65642,C10071,2024-03-18,PO661952
SO-65643,C10081,2024-03-18,PO604929
SO-65644,C10107,2024-03-18,PO809326
SO-65645,C10114,2024-03-18,PO246648
SO-65646,C10138,2024-03-18,PO574838
SO-65647,C10159,2024-03-18,PO660149
SO-65648,C10175,2024-03-18,PO311394
SO-65649,C10186,2024-03-18,PO130021
SO-65650,C10257,2024-03-18,PO391420
SO-65651,C10322,2024-03-18,PO349039
SO-65652,C10400,2024-03-18,PO177372
SO-65653,C10684,2024-03-18,PO402277
SO-65654,C10859,2024-03-18,PO343918
SO-65655,C11542,2024-03-18,PO719911
SO-65656,C11875,2024-03-18,PO833230
SO-65657,C12509,2024-03-18,PO204048
SO-65658,C12883,2024-03-18,PO355766
SO-65659,C10006,2024-03-19,PO178272
SO-65660,C10011,2024-03-19,PO499301
SO-65661,C10019,2024-03-19,PO608275
SO-65662,C10071,2024-03-19,PO654880
SO-65663,C10081,2024-03-19,PO553170
SO-65664,C10086,2024-03-19,PO182557
SO-65665,C10096,2024-03-19,PO292856
SO-65666,C10132,2024-03-19,PO583186
SO-65667,C10138,2024-03-19,PO133140
SO-65668,C10200,2024-03-19,PO204840
SO-65669,C10225,2024-03-19,PO727268
SO-65670,C10286,2024-03-19,PO275847
SO-65671,C10352,2024-03-19,PO315646
SO-65672,C10581,2024-03-19,PO789278
SO-65673,C11062,2024-03-19,PO866253
SO-65674,C11550,2024-03-19,PO498263
SO-65675,C11893,2024-03-19,PO127575
SO-65676,C10011,2024-03-20,PO868744
SO-65677,C10019,2024-03-20,PO504266
SO-65678,C10071,2024-03-20,PO648819
SO-65679,C10081,2024-03-20,PO928417
SO-65680,C10102,2024-03-20,PO737244
SO-65681,C10217,2024-03-20,PO790308
SO-65682,C10286,2024-03-20,PO123146
SO-65683,C10595,2024-03-20,PO935808
SO-65684,C11398,2024-03-20,PO310402
SO-65685,C13074,2024-03-20,PO571460
SO-65686,C10006,2024-03-21,PO517484
SO-65687,C10071,2024-03-21,PO189970
SO-65688,C10081,2024-03-21,PO121763
SO-65689,C10151,2024-03-21,PO492703
SO-65690,C10217,2024-03-21,PO339145
SO-65691,C10248,2024-03-21,PO164476
SO-65692,C10444,2024-03-21,PO597157
SO-65693,C10603,2024-03-21,PO612864
SO-65694,C10006,2024-03-22,PO242295
SO-65695,C10011,2024-03-22,PO152243
SO-65696,C10024,2024-03-22,PO262479
SO-65697,C10041,2024-03-22,PO980432
SO-65698,C10071,2024-03-22,PO887777
SO-65699,C10081,2024-03-22,PO505106
SO-65700,C10107,2024-03-22,PO669611
SO-65701,C10132,2024-03-22,PO897022
SO-65702,C10138,2024-03-22,PO476883
SO-65703,C10151,2024-03-22,PO255334
SO-65704,C10159,2024-03-22,PO745801
SO-65705,C10192,2024-03-22,PO338458
SO-65706,C10269,2024-03-22,PO489167
SO-65707,C11123,2024-03-22,PO793093
SO-65708,C11289,2024-03-22,PO953996
SO-65709,C10006,2024-03-25,PO610486
SO-65710,C10011,2024-03-25,PO647897
SO-65711,C10019,2024-03-25,PO379147
SO-65712,C10024,2024-03-25,PO274535
SO-65713,C10071,2024-03-25,PO573354
SO-65714,C10081,2024-03-25,PO848732
SO-65715,C10086,2024-03-25,PO392621
SO-65716,C10096,2024-03-25,PO382577
SO-65717,C10123,2024-03-25,PO774487
SO-65718,C10132,2024-03-25,PO832201
SO-65719,C10138,2024-03-25,PO220374
SO-65720,C10200,2024-03-25,PO692382
SO-65721,C10235,2024-03-25,PO678633
SO-65722,C10261,2024-03-25,PO528357
SO-65723,C10293,2024-03-25,PO889524
SO-65724,C10376,2024-03-25,PO954782
SO-65725,C10418,2024-03-25,PO187431
SO-65726,C10440,2024-03-25,PO932961
SO-65727,C10603,2024-03-25,PO316656
SO-65728,C10926,2024-03-25,PO398576
SO-65729,C11004,2024-03-25,PO990955
SO-65730,C11339,2024-03-25,PO467582
SO-65731,C11349,2024-03-25,PO340022
SO-65732,C11849,2024-03-25,PO995378
SO-65733,C10006,2024-03-26,PO306894
SO-65734,C10041,2024-03-26,PO526586
SO-65735,C10067,2024-03-26,PO620942
SO-65736,C10071,2024-03-26,PO620684
SO-65737,C10081,2024-03-26,PO545378
SO-65738,C10107,2024-03-26,PO372945
SO-65739,C10159,2024-03-26,PO966649
SO-65740,C10161,2024-03-26,PO495522
SO-65741,C10257,2024-03-26,PO957260
SO-65742,C10332,2024-03-26,PO759992
SO-65743,C10515,2024-03-26,PO159683
SO-65744,C10603,2024-03-26,PO329724
SO-65745,C11029,2024-03-26,PO576343
SO-65746,C10006,2024-03-27,PO118760
SO-65747,C10011,2024-03-27,PO917421
SO-65748,C10033,2024-03-27,PO521367
SO-65749,C10060,2024-03-27,PO139706
SO-65750,C10071,2024-03-27,PO160246
SO-65751,C10081,2024-03-27,PO615418
SO-65752,C10144,2024-03-27,PO238013
SO-65753,C10186,2024-03-27,PO374824
SO-65754,C10208,2024-03-27,PO297285
SO-65755,C10215,2024-03-27,PO857407
SO-65756,C10494,2024-03-27,PO655152
SO-65757,C10006,2024-03-28,PO452665
SO-65758,C10011,2024-03-28,PO574549
SO-65759,C10019,2024-03-28,PO360141
SO-65760,C10024,2024-03-28,PO370938
SO-65761,C10042,2024-03-28,PO897334
SO-65762,C10053,2024-03-28,PO223466
SO-65763,C10096,2024-03-28,PO279362
SO-65764,C10107,2024-03-28,PO942348
SO-65765,C10114,2024-03-28,PO579189
SO-65766,C10159,2024-03-28,PO841222
SO-65767,C10161,2024-03-28,PO404671
SO-65768,C10257,2024-03-28,PO892619
SO-65769,C10321,2024-03-28,PO304520
SO-65770,C10006,2024-03-29,PO395898
SO-65771,C10011,2024-03-29,PO565086
SO-65772,C10041,2024-03-29,PO475234
SO-65773,C10081,2024-03-29,PO941254
SO-65774,C10086,2024-03-29,PO728488
SO-65775,C10107,2024-03-29,PO113051
SO-65776,C10151,2024-03-29,PO681573
SO-65777,C10173,2024-03-29,PO591604
SO-65778,C10200,2024-03-29,PO150389
SO-65779,C10352,2024-03-29,PO196359
SO-65780,C10423,2024-03-29,PO877904
SO-65781,C11463,2024-03-29,PO638082
SO-65782,C10006,2024-04-01,PO337113
SO-65783,C10033,2024-04-01,PO536681
SO-65784,C10060,2024-04-01,PO345006
SO-65785,C10071,2024-04-01,PO957709
SO-65786,C10081,2024-04-01,PO503381
SO-65787,C10096,2024-04-01,PO772275
SO-65788,C10114,2024-04-01,PO140260
SO-65789,C10138,2024-04-01,PO238355
SO-65790,C10161,2024-04-01,PO874871
SO-65791,C10308,2024-04-01,PO258207
SO-65792,C10336,2024-04-01,PO394007
SO-65793,C10376,2024-04-01,PO674754
SO-65794,C10397,2024-04-01,PO819213
SO-65795,C10864,2024-04-01,PO310477
SO-65796,C11419,2024-04-01,PO327317
SO-65797,C13149,2024-04-01,PO270459
SO-65798,C10006,2024-04-02,PO523249
SO-65799,C10071,2024-04-02,PO503424
SO-65800,C10823,2024-04-02,PO816179
SO-65801,C11524,2024-04-02,PO674065
SO-65802,C10006,2024-04-03,PO746166
SO-65803,C10011,2024-04-03,PO356560
SO-65804,C10024,2024-04-03,PO222783
SO-65805,C10071,2024-04-03,PO369257
SO-65806,C10081,2024-04-03,PO606882
SO-65807,C10096,2024-04-03,PO717591
SO-65808,C10225,2024-04-03,PO989250
SO-65809,C10675,2024-04-03,PO805057
SO-65810,C10006,2024-04-04,PO146216
SO-65811,C10041,2024-04-04,PO757577
SO-65812,C10071,2024-04-04,PO676471
SO-65813,C10114,2024-04-04,PO870695
SO-65814,C10444,2024-04-04,PO467026
SO-65815,C10603,2024-04-04,PO475894
SO-65816,C10920,2024-04-04,PO853158
SO-65817,C11304,2024-04-04,PO896241
SO-65818,C10006,2024-04-05,PO405273
SO-65819,C10024,2024-04-05,PO411217
SO-65820,C10041,2024-04-05,PO226886
SO-65821,C10071,2024-04-05,PO741386
SO-65822,C10081,2024-04-05,PO433536
SO-65823,C10102,2024-04-05,PO248879
SO-65824,C10114,2024-04-05,PO220845
SO-65825,C10138,2024-04-05,PO436787
SO-65826,C10173,2024-04-05,PO133049
SO-65827,C10208,2024-04-05,PO173561
SO-65828,C10248,2024-04-05,PO761524
SO-65829,C10293,2024-04-05,PO903046
SO-65830,C10440,2024-04-05,PO826970
SO-65831,C10456,2024-04-05,PO779151
SO-65832,C10006,2024-04-08,PO165216
SO-65833,C10011,2024-04-08,PO896218
SO-65834,C10019,2024-04-08,PO656492
SO-65835,C10024,2024-04-08,PO239331
SO-65836,C10041,2024-04-08,PO444107
SO-65837,C10071,2024-04-08,PO370881
SO-65838,C10081,2024-04-08,PO555320
SO-65839,C10086,2024-04-08,PO623698
SO-65840,C10107,2024-04-08,PO600611
SO-65841,C10114,2024-04-08,PO471605
SO-65842,C10123,2024-04-08,PO282945
SO-65843,C10138,2024-04-08,PO287415
SO-65844,C10151,2024-04-08,PO229880
SO-65845,C10192,2024-04-08,PO604249
SO-65846,C10322,2024-04-08,PO484990
SO-65847,C10397,2024-04-08,PO720507
SO-65848,C10430,2024-04-08,PO678649
SO-65849,C10501,2024-04-08,PO480840
SO-65850,C10810,2024-04-08,PO861662
SO-65851,C12333,2024-04-08,PO748845
SO-65852,C12372,2024-04-08,PO233428
SO-65853,C10006,2024-04-09,PO576404
SO-65854,C10019,2024-04-09,PO431510
SO-65855,C10071,2024-04-09,PO666477
SO-65856,C10081,2024-04-09,PO321212
SO-65857,C10096,2024-04-09,PO378421
SO-65858,C10186,2024-04-09,PO613923
SO-65859,C10217,2024-04-09,PO885688
SO-65860,C10269,2024-04-09,PO174915
SO-65861,C10293,2024-04-09,PO506131
SO-65862,C10006,2024-04-10,PO444184
SO-65863,C10071,2024-04-10,PO807950
SO-65864,C10102,2024-04-10,PO194182
SO-65865,C10159,2024-04-10,PO715832
SO-65866,C10257,2024-04-10,PO762597
SO-65867,C10470,2024-04-10,PO233639
SO-65868,C10909,2024-04-10,PO994222
SO-65869,C11332,2024-04-10,PO467612
SO-65870,C10006,2024-04-11,PO734188
SO-65871,C10041,2024-04-11,PO718042
SO-65872,C10107,2024-04-11,PO962637
SO-65873,C10114,2024-04-11,PO475756
SO-65874,C10151,2024-04-11,PO997076
SO-65875,C10215,2024-04-11,PO708476
SO-65876,C10269,2024-04-11,PO108997
SO-65877,C10380,2024-04-11,PO438117
SO-65878,C10430,2024-04-11,PO841716
SO-65879,C10515,2024-04-11,PO527547
SO-65880,C10591,2024-04-11,PO688704
SO-65881,C10814,2024-04-11,PO425774
SO-65882,C12118,2024-04-11,PO847215
SO-65883,C12245,2024-04-11,PO602832
SO-65884,C10011,2024-04-12,PO879728
SO-65885,C10041,2024-04-12,PO189433
SO-65886,C10096,2024-04-12,PO233154
SO-65887,C10107,2024-04-12,PO134175
SO-65888,C10138,2024-04-12,PO478602
SO-65889,C10257,2024-04-12,PO931285
SO-65890,C10950,2024-04-12,PO865251
SO-65891,C10006,2024-04-15,PO744390
SO-65892,C10033,2024-04-15,PO890052
SO-65893,C10071,2024-04-15,PO648739
SO-65894,C10081,2024-04-15,PO602453
SO-65895,C10086,2024-04-15,PO448788
SO-65896,C10096,2024-04-15,PO420623
SO-65897,C10102,2024-04-15,PO786657
SO-65898,C10107,2024-04-15,PO398202
SO-65899,C10114,2024-04-15,PO293218
SO-65900,C10192,2024-04-15,PO898773
SO-65901,C10215,2024-04-15,PO102914
SO-65902,C10248,2024-04-15,PO869619
SO-65903,C10261,2024-04-15,PO585289
SO-65904,C10293,2024-04-15,PO331636
SO-65905,C10365,2024-04-15,PO500564
SO-65906,C10376,2024-04-15,PO123355
SO-65907,C10390,2024-04-15,PO427749
SO-65908,C10909,2024-04-15,PO782941
SO-65909,C10006,2024-04-16,PO630260
SO-65910,C10011,2024-04-16,PO481322
SO-65911,C10024,2024-04-16,PO633064
SO-65912,C10071,2024-04-16,PO957394
SO-65913,C10081,2024-04-16,PO949523
SO-65914,C10102,2024-04-16,PO571166
SO-65915,C10114,2024-04-16,PO788692
SO-65916,C10173,2024-04-16,PO189613
SO-65917,C10257,2024-04-16,PO964975
SO-65918,C10400,2024-04-16,PO421318
SO-65919,C10444,2024-04-16,PO945660
SO-65920,C10470,2024-04-16,PO821783
SO-65921,C10529,2024-04-16,PO301320
SO-65922,C10591,2024-04-16,PO948040
SO-65923,C10776,2024-04-16,PO753767
SO-65924,C10900,2024-04-16,PO792808
SO-65925,C10965,2024-04-16,PO911315
SO-65926,C11158,2024-04-16,PO535385
SO-65927,C10006,2024-04-17,PO225249
SO-65928,C10011,2024-04-17,PO256298
SO-65929,C10071,2024-04-17,PO646741
SO-65930,C10081,2024-04-17,PO237818
SO-65931,C10086,2024-04-17,PO113516
SO-65932,C10102,2024-04-17,PO748168
SO-65933,C10114,2024-04-17,PO193014
SO-65934,C10235,2024-04-17,PO218267
SO-65935,C10257,2024-04-17,PO198760
SO-65936,C10390,2024-04-17,PO699310
SO-65937,C10636,2024-04-17,PO399083
SO-65938,C11979,2024-04-17,PO554497
SO-65939,C10006,2024-04-18,PO916236
SO-65940,C10011,2024-04-18,PO800951
SO-65941,C10071,2024-04-18,PO791520
SO-65942,C10081,2024-04-18,PO806473
SO-65943,C10107,2024-04-18,PO717923
SO-65944,C10151,2024-04-18,PO202849
SO-65945,C10161,2024-04-18,PO686483
SO-65946,C10982,2024-04-18,PO566229
SO-65947,C10006,2024-04-19,PO304664
SO-65948,C10071,2024-04-19,PO521931
SO-65949,C10102,2024-04-19,PO952952
SO-65950,C10114,2024-04-19,PO841643
SO-65951,C10138,2024-04-19,PO767586
SO-65952,C10215,2024-04-19,PO230424
SO-65953,C10515,2024-04-19,PO838407
SO-65954,C10006,2024-04-22,PO186333
SO-65955,C10011,2024-04-22,PO159610
SO-65956,C10019,2024-04-22,PO604623
SO-65957,C10041,2024-04-22,PO636971
SO-65958,C10042,2024-04-22,PO930994
SO-65959,C10071,2024-04-22,PO152601
SO-65960,C10081,2024-04-22,PO345843
SO-65961,C10096,2024-04-22,PO246829
SO-65962,C10102,2024-04-22,PO743592
SO-65963,C10107,2024-04-22,PO794021
SO-65964,C10114,2024-04-22,PO221807
SO-65965,C10123,2024-04-22,PO240745
SO-65966,C10132,2024-04-22,PO179176
SO-65967,C10186,2024-04-22,PO557611
SO-65968,C10192,2024-04-22,PO756776
SO-65969,C10257,2024-04-22,PO879434
SO-65970,C10470,2024-04-22,PO556485
SO-65971,C10738,2024-04-22,PO718328
SO-65972,C11178,2024-04-22,PO841650
SO-65973,C11437,2024-04-22,PO932416
SO-65974,C11756,2024-04-22,PO349742
SO-65975,C10006,2024-04-23,PO849707
SO-65976,C10024,2024-04-23,PO489323
SO-65977,C10041,2024-04-23,PO404696
SO-65978,C10071,2024-04-23,PO215690
SO-65979,C10081,2024-04-23,PO816630
SO-65980,C10086,2024-04-23,PO749252
SO-65981,C10102,2024-04-23,PO741594
SO-65982,C10159,2024-04-23,PO348615
SO-65983,C10175,2024-04-23,PO873357
SO-65984,C10573,2024-04-23,PO998654
SO-65985,C10629,2024-04-23,PO408091
SO-65986,C11029,2024-04-23,PO529719
SO-65987,C11784,2024-04-23,PO618922
SO-65988,C12953,2024-04-23,PO490599
SO-65989,C12954,2024-04-23,PO559518
SO-65990,C10006,2024-04-24,PO254696
SO-65991,C10011,2024-04-24,PO675344
SO-65992,C10019,2024-04-24,PO603968
SO-65993,C10024,2024-04-24,PO301340
SO-65994,C10071,2024-04-24,PO783789
SO-65995,C10086,2024-04-24,PO694980
SO-65996,C10096,2024-04-24,PO592463
SO-65997,C10102,2024-04-24,PO657513
SO-65998,C10107,2024-04-24,PO516324
SO-65999,C10192,2024-04-24,PO574035
SO-66000,C10217,2024-04-24,PO268492
SO-66001,C10397,2024-04-24,PO645571
SO-66002,C11114,2024-04-24,PO167256
SO-66003,C10006,2024-04-25,PO881016
SO-66004,C10081,2024-04-25,PO913512
SO-66005,C10102,2024-04-25,PO941844
SO-66006,C10107,2024-04-25,PO830397
SO-66007,C10114,2024-04-25,PO342728
SO-66008,C10138,2024-04-25,PO636374
SO-66009,C10591,2024-04-25,PO661728
SO-66010,C13055,2024-04-25,PO523875
SO-66011,C10006,2024-04-26,PO555818
SO-66012,C10033,2024-04-26,PO480340
SO-66013,C10071,2024-04-26,PO703345
SO-66014,C10081,2024-04-26,PO361278
SO-66015,C10096,2024-04-26,PO901177
SO-66016,C10123,2024-04-26,PO968251
SO-66017,C10132,2024-04-26,PO870402
SO-66018,C10151,2024-04-26,PO835429
SO-66019,C10257,2024-04-26,PO272615
SO-66020,C10286,2024-04-26,PO271748
SO-66021,C10321,2024-04-26,PO408489
SO-66022,C10409,2024-04-26,PO874629
SO-66023,C10440,2024-04-26,PO597627
SO-66024,C10501,2024-04-26,PO625279
SO-66025,C10603,2024-04-26,PO267501
SO-66026,C10647,2024-04-26,PO989274
SO-66027,C10675,2024-04-26,PO341559
SO-66028,C10006,2024-04-29,PO979684
SO-66029,C10011,2024-04-29,PO259530
SO-66030,C10033,2024-04-29,PO937290
SO-66031,C10071,2024-04-29,PO478545
SO-66032,C10081,2024-04-29,PO647715
SO-66033,C10086,2024-04-29,PO329390
SO-66034,C10096,2024-04-29,PO718375
SO-66035,C10102,2024-04-29,PO130125
SO-66036,C10114,2024-04-29,PO111201
SO-66037,C10173,2024-04-29,PO255959
SO-66038,C10269,2024-04-29,PO739250
SO-66039,C10308,2024-04-29,PO281141
SO-66040,C10721,2024-04-29,PO101839
SO-66041,C11136,2024-04-29,PO512518
SO-66042,C11550,2024-04-29,PO208253
SO-66043,C11589,2024-04-29,PO864569
SO-66044,C12304,2024-04-29,PO427942
SO-66045,C12593,2024-04-29,PO542612
SO-66046,C10006,2024-04-30,PO515087
SO-66047,C10033,2024-04-30,PO127716
SO-66048,C10071,2024-04-30,PO441437
SO-66049,C10081,2024-04-30,PO349293
SO-66050,C10086,2024-04-30,PO290709
SO-66051,C10151,2024-04-30,PO282025
SO-66052,C10257,2024-04-30,PO676422
SO-66053,C12217,2024-04-30,PO235842
SO-66054,C10006,2024-05-01,PO359375
SO-66055,C10011,2024-05-01,PO309534
SO-66056,C10019,2024-05-01,PO796405
SO-66057,C10024,2024-05-01,PO285987
SO-66058,C10042,2024-05-01,PO830639
SO-66059,C10081,2024-05-01,PO782217
SO-66060,C10096,2024-05-01,PO196198
SO-66061,C10102,2024-05-01,PO295710
SO-66062,C10114,2024-05-01,PO533410
SO-66063,C10151,2024-05-01,PO187990
SO-66064,C10506,2024-05-01,PO648220
SO-66065,C10532,2024-05-01,PO776835
SO-66066,C10721,2024-05-01,PO540503
SO-66067,C10976,2024-05-01,PO392230
SO-66068,C13014,2024-05-01,PO117258
SO-66069,C10006,2024-05-02,PO385357
SO-66070,C10011,2024-05-02,PO871678
SO-66071,C10019,2024-05-02,PO444643
SO-66072,C10024,2024-05-02,PO922223
SO-66073,C10081,2024-05-02,PO824262
SO-66074,C10086,2024-05-02,PO290325
SO-66075,C10096,2024-05-02,PO489369
SO-66076,C10123,2024-05-02,PO259735
SO-66077,C10235,2024-05-02,PO547442
SO-66078,C10286,2024-05-02,PO745341
SO-66079,C10365,2024-05-02,PO882473
SO-66080,C12253,2024-05-02,PO563950
SO-66081,C10071,2024-05-03,PO881069
SO-66082,C10081,2024-05-03,PO369313
SO-66083,C10086,2024-05-03,PO773592
SO-66084,C10096,2024-05-03,PO332819
SO-66085,C10102,2024-05-03,PO850730
SO-66086,C10132,2024-05-03,PO530939
SO-66087,C10173,2024-05-03,PO408103
SO-66088,C10006,2024-05-06,PO579775
SO-66089,C10011,2024-05-06,PO294998
SO-66090,C10042,2024-05-06,PO701822
SO-66091,C10053,2024-05-06,PO125826
SO-66092,C10071,2024-05-06,PO700884
SO-66093,C10081,2024-05-06,PO826810
SO-66094,C10086,2024-05-06,PO418190
SO-66095,C10102,2024-05-06,PO937055
SO-66096,C10132,2024-05-06,PO805744
SO-66097,C10144,2024-05-06,PO630709
SO-66098,C10151,2024-05-06,PO203099
SO-66099,C10380,2024-05-06,PO662744
SO-66100,C10444,2024-05-06,PO157592
SO-66101,C10501,2024-05-06,PO946700
SO-66102,C10580,2024-05-06,PO380926
SO-66103,C10647,2024-05-06,PO568221
SO-66104,C10801,2024-05-06,PO933476
SO-66105,C10965,2024-05-06,PO558627
SO-66106,C11419,2024-05-06,PO274901
SO-66107,C12111,2024-05-06,PO884329
SO-66108,C12168,2024-05-06,PO667318
SO-66109,C12832,2024-05-06,PO181523
SO-66110,C10006,2024-05-07,PO379360
SO-66111,C10019,2024-05-07,PO723488
SO-66112,C10041,2024-05-07,PO983722
SO-66113,C10071,2024-05-07,PO438354
SO-66114,C10081,2024-05-07,PO772841
SO-66115,C10096,2024-05-07,PO788879
SO-66116,C10161,2024-05-07,PO519924
SO-66117,C10173,2024-05-07,PO287062
SO-66118,C10409,2024-05-07,PO763630
SO-66119,C10470,2024-05-07,PO999816
SO-66120,C10580,2024-05-07,PO267262
SO-66121,C10006,2024-05-08,PO422734
SO-66122,C10019,2024-05-08,PO779815
SO-66123,C10041,2024-05-08,PO598893
SO-66124,C10042,2024-05-08,PO249217
SO-66125,C10071,2024-05-08,PO419144
SO-66126,C10081,2024-05-08,PO523846
SO-66127,C10086,2024-05-08,PO709843
SO-66128,C10603,2024-05-08,PO930092
SO-66129,C11142,2024-05-08,PO284731
SO-66130,C10006,2024-05-09,PO571844
SO-66131,C10011,2024-05-09,PO340327
SO-66132,C10019,2024-05-09,PO661352
SO-66133,C10033,2024-05-09,PO455468
SO-66134,C10053,2024-05-09,PO974388
SO-66135,C10071,2024-05-09,PO448914
SO-66136,C10081,2024-05-09,PO711764
SO-66137,C10086,2024-05-09,PO236792
SO-66138,C10151,2024-05-09,PO418538
SO-66139,C10159,2024-05-09,PO538898
SO-66140,C10192,2024-05-09,PO204603
SO-66141,C10376,2024-05-09,PO846372
SO-66142,C10532,2024-05-09,PO616861
SO-66143,C10776,2024-05-09,PO961647
SO-66144,C10837,2024-05-09,PO588062
SO-66145,C11945,2024-05-09,PO549473
SO-66146,C12217,2024-05-09,PO213300
SO-66147,C10006,2024-05-10,PO986898
SO-66148,C10041,2024-05-10,PO404211
SO-66149,C10042,2024-05-10,PO826331
SO-66150,C10071,2024-05-10,PO782063
SO-66151,C10081,2024-05-10,PO994959
SO-66152,C10138,2024-05-10,PO704625
SO-66153,C10151,2024-05-10,PO278250
SO-66154,C10173,2024-05-10,PO415395
SO-66155,C10208,2024-05-10,PO470877
SO-66156,C10344,2024-05-10,PO146742
SO-66157,C10423,2024-05-10,PO734342
SO-66158,C10515,2024-05-10,PO251297
SO-66159,C10006,2024-05-13,PO904981
SO-66160,C10011,2024-05-13,PO556806
SO-66161,C10024,2024-05-13,PO617996
SO-66162,C10060,2024-05-13,PO887589
SO-66163,C10071,2024-05-13,PO377015
SO-66164,C10081,2024-05-13,PO324751
SO-66165,C10086,2024-05-13,PO861005
SO-66166,C10096,2024-05-13,PO554018
SO-66167,C10114,2024-05-13,PO970059
SO-66168,C10123,2024-05-13,PO756289
SO-66169,C10138,2024-05-13,PO367307
SO-66170,C10159,2024-05-13,PO330434
SO-66171,C10175,2024-05-13,PO558967
SO-66172,C10225,2024-05-13,PO507400
SO-66173,C10257,2024-05-13,PO785807
SO-66174,C10276,2024-05-13,PO919521
SO-66175,C10322,2024-05-13,PO128537
SO-66176,C10482,2024-05-13,PO100612
SO-66177,C10501,2024-05-13,PO194811
SO-66178,C10591,2024-05-13,PO916612
SO-66179,C11881,2024-05-13,PO892875
SO-66180,C12008,2024-05-13,PO562375
SO-66181,C12356,2024-05-13,PO202511
SO-66182,C10071,2024-05-14,PO376021
SO-66183,C10081,2024-05-14,PO857662
SO-66184,C10086,2024-05-14,PO185764
SO-66185,C10159,2024-05-14,PO270649
SO-66186,C10225,2024-05-14,PO476030
SO-66187,C10390,2024-05-14,PO710635
SO-66188,C10456,2024-05-14,PO583450
SO-66189,C10483,2024-05-14,PO647966
SO-66190,C12509,2024-05-14,PO919283
SO-66191,C12981,2024-05-14,PO954808
SO-66192,C10006,2024-05-15,PO534658
SO-66193,C10071,2024-05-15,PO805657
SO-66194,C10086,2024-05-15,PO195870
SO-66195,C10096,2024-05-15,PO201019
SO-66196,C10102,2024-05-15,PO589517
SO-66197,C10159,2024-05-15,PO635337
SO-66198,C10161,2024-05-15,PO477125
SO-66199,C10192,2024-05-15,PO386813
SO-66200,C10208,2024-05-15,PO570073
SO-66201,C10430,2024-05-15,PO773128
SO-66202,C10440,2024-05-15,PO224938
SO-66203,C12803,2024-05-15,PO427288
SO-66204,C10006,2024-05-16,PO459838
SO-66205,C10071,2024-05-16,PO542878
SO-66206,C10081,2024-05-16,PO702729
SO-66207,C10086,2024-05-16,PO703643
SO-66208,C10096,2024-05-16,PO916365
SO-66209,C10102,2024-05-16,PO922964
SO-66210,C10151,2024-05-16,PO192018
SO-66211,C10186,2024-05-16,PO841834
SO-66212,C12664,2024-05-16,PO412677
SO-66213,C10006,2024-05-17,PO685148
SO-66214,C10011,2024-05-17,PO422779
SO-66215,C10024,2024-05-17,PO714093
SO-66216,C10071,2024-05-17,PO147767
SO-66217,C10081,2024-05-17,PO125543
SO-66218,C10086,2024-05-17,PO458819
SO-66219,C10138,2024-05-17,PO422826
SO-66220,C10173,2024-05-17,PO449916
SO-66221,C10186,2024-05-17,PO996441
SO-66222,C10440,2024-05-17,PO353935
SO-66223,C10914,2024-05-17,PO969221
SO-66224,C12149,2024-05-17,PO284056
SO-66225,C10006,2024-05-20,PO980369
SO-66226,C10011,2024-05-20,PO962094
SO-66227,C10019,2024-05-20,PO200621
SO-66228,C10041,2024-05-20,PO609133
SO-66229,C10060,2024-05-20,PO998522
SO-66230,C10071,2024-05-20,PO718316
SO-66231,C10081,2024-05-20,PO807461
SO-66232,C10086,2024-05-20,PO704435
SO-66233,C10102,2024-05-20,PO681097
SO-66234,C10107,2024-05-20,PO186755
SO-66235,C10114,2024-05-20,PO188965
SO-66236,C10123,2024-05-20,PO608202
SO-66237,C10138,2024-05-20,PO141441
SO-66238,C10186,2024-05-20,PO422370
SO-66239,C10215,2024-05-20,PO410499
SO-66240,C10235,2024-05-20,PO295437
SO-66241,C10261,2024-05-20,PO887671
SO-66242,C10276,2024-05-20,PO215047
SO-66243,C10286,2024-05-20,PO511671
SO-66244,C10321,2024-05-20,PO133112
SO-66245,C10361,2024-05-20,PO281908
SO-66246,C10506,2024-05-20,PO324970
SO-66247,C10563,2024-05-20,PO107628
SO-66248,C10647,2024-05-20,PO411895
SO-66249,C11158,2024-05-20,PO198377
SO-66250,C11480,2024-05-20,PO172677
SO-66251,C11586,2024-05-20,PO344184
SO-66252,C12075,2024-05-20,PO430652
SO-66253,C10006,2024-05-21,PO805747
SO-66254,C10011,2024-05-21,PO903212
SO-66255,C10071,2024-05-21,PO559263
SO-66256,C10081,2024-05-21,PO225257
SO-66257,C10096,2024-05-21,PO187341
SO-66258,C10159,2024-05-21,PO926790
SO-66259,C10161,2024-05-21,PO788449
SO-66260,C10208,2024-05-21,PO233217
SO-66261,C10563,2024-05-21,PO943116
SO-66262,C10745,2024-05-21,PO616297
SO-66263,C10826,2024-05-21,PO898619
SO-66264,C10900,2024-05-21,PO355542
SO-66265,C11252,2024-05-21,PO190510
SO-66266,C11724,2024-05-21,PO591256
SO-66267,C11732,2024-05-21,PO541824
SO-66268,C10006,2024-05-22,PO961891
SO-66269,C10019,2024-05-22,PO769016
SO-66270,C10071,2024-05-22,PO744158
SO-66271,C10081,2024-05-22,PO209824
SO-66272,C10107,2024-05-22,PO193053
SO-66273,C10242,2024-05-22,PO402820
SO-66274,C10390,2024-05-22,PO789609
SO-66275,C10738,2024-05-22,PO214630
SO-66276,C10745,2024-05-22,PO656467
SO-66277,C11578,2024-05-22,PO367862
SO-66278,C11764,2024-05-22,PO265136
SO-66279,C12938,2024-05-22,PO762613
SO-66280,C10006,2024-05-23,PO950676
SO-66281,C10011,2024-05-23,PO205042
SO-66282,C10086,2024-05-23,PO580549
SO-66283,C10096,2024-05-23,PO701830
SO-66284,C10102,2024-05-23,PO227720
SO-66285,C10138,2024-05-23,PO275017
SO-66286,C10151,2024-05-23,PO562360
SO-66287,C10192,2024-05-23,PO638855
SO-66288,C10242,2024-05-23,PO991077
SO-66289,C10397,2024-05-23,PO641139
SO-66290,C10444,2024-05-23,PO467411
SO-66291,C10659,2024-05-23,PO673191
SO-66292,C10745,2024-05-23,PO482605
SO-66293,C10006,2024-05-24,PO895660
SO-66294,C10011,2024-05-24,PO735778
SO-66295,C10071,2024-05-24,PO423311
SO-66296,C10081,2024-05-24,PO652615
SO-66297,C10107,2024-05-24,PO475594
SO-66298,C10123,2024-05-24,PO794722
SO-66299,C10151,2024-05-24,PO941926
SO-66300,C10208,2024-05-24,PO880877
SO-66301,C10352,2024-05-24,PO793368
SO-66302,C10444,2024-05-24,PO865832
SO-66303,C11004,2024-05-24,PO674345
SO-66304,C11136,2024-05-24,PO319857
SO-66305,C11619,2024-05-24,PO359492
SO-66306,C10006,2024-05-28,PO607764
SO-66307,C10011,2024-05-28,PO594297
SO-66308,C10024,2024-05-28,PO524104
SO-66309,C10071,2024-05-28,PO488494
SO-66310,C10081,2024-05-28,PO938675
SO-66311,C10107,2024-05-28,PO931064
SO-66312,C10114,2024-05-28,PO946485
SO-66313,C10151,2024-05-28,PO597602
SO-66314,C10192,2024-05-28,PO115529
SO-66315,C10269,2024-05-28,PO173296
SO-66316,C11632,2024-05-28,PO118134
SO-66317,C10006,2024-05-29,PO945437
SO-66318,C10071,2024-05-29,PO880179
SO-66319,C10086,2024-05-29,PO809254
SO-66320,C10102,2024-05-29,PO555875
SO-66321,C10123,2024-05-29,PO537555
SO-66322,C10186,2024-05-29,PO154775
SO-66323,C10215,2024-05-29,PO882159
SO-66324,C10332,2024-05-29,PO492269
SO-66325,C10529,2024-05-29,PO911133
SO-66326,C11092,2024-05-29,PO361603
SO-66327,C12136,2024-05-29,PO484681
SO-66328,C10006,2024-05-30,PO346979
SO-66329,C10019,2024-05-30,PO112635
SO-66330,C10071,2024-05-30,PO757780
SO-66331,C10081,2024-05-30,PO683783
SO-66332,C10096,2024-05-30,PO914440
SO-66333,C10107,2024-05-30,PO858800
SO-66334,C10144,2024-05-30,PO796960
SO-66335,C10186,2024-05-30,PO889372
SO-66336,C10215,2024-05-30,PO519784
SO-66337,C10225,2024-05-30,PO281683
SO-66338,C10430,2024-05-30,PO568980
SO-66339,C13049,2024-05-30,PO948967
SO-66340,C10006,2024-05-31,PO287595
SO-66341,C10071,2024-05-31,PO294617
SO-66342,C10086,2024-05-31,PO741046
SO-66343,C10144,2024-05-31,PO128855
SO-66344,C10217,2024-05-31,PO654807
SO-66345,C10235,2024-05-31,PO880436
SO-66346,C10853,2024-05-31,PO278155
SO-66347,C11489,2024-05-31,PO442213
SO-66348,C12217,2024-05-31,PO327924
SO-66349,C12938,2024-05-31,PO292144
SO-66350,C10006,2024-06-03,PO361320
SO-66351,C10019,2024-06-03,PO904624
SO-66352,C10053,2024-06-03,PO351505
SO-66353,C10071,2024-06-03,PO736285
SO-66354,C10081,2024-06-03,PO593674
SO-66355,C10123,2024-06-03,PO743969
SO-66356,C10173,2024-06-03,PO423025
SO-66357,C10200,2024-06-03,PO231505
SO-66358,C10242,2024-06-03,PO129276
SO-66359,C10261,2024-06-03,PO931436
SO-66360,C10304,2024-06-03,PO128111
SO-66361,C10859,2024-06-03,PO648534
SO-66362,C11225,2024-06-03,PO531223
SO-66363,C11451,2024-06-03,PO460519
SO-66364,C10006,2024-06-04,PO543916
SO-66365,C10071,2024-06-04,PO616562
SO-66366,C10081,2024-06-04,PO709628
SO-66367,C10086,2024-06-04,PO102412
SO-66368,C10096,2024-06-04,PO482246
SO-66369,C10102,2024-06-04,PO802504
SO-66370,C10801,2024-06-04,PO456301
SO-66371,C10909,2024-06-04,PO701965
SO-66372,C11158,2024-06-04,PO348098
SO-66373,C10006,2024-06-05,PO712873
SO-66374,C10011,2024-06-05,PO949963
SO-66375,C10024,2024-06-05,PO110381
SO-66376,C10053,2024-06-05,PO270809
SO-66377,C10071,2024-06-05,PO111744
SO-66378,C10081,2024-06-05,PO621838
SO-66379,C10086,2024-06-05,PO912394
SO-66380,C10107,2024-06-05,PO531206
SO-66381,C10144,2024-06-05,PO222803
SO-66382,C10151,2024-06-05,PO164850
SO-66383,C10192,2024-06-05,PO942879
SO-66384,C10208,2024-06-05,PO601617
SO-66385,C10914,2024-06-05,PO323216
SO-66386,C12431,2024-06-05,PO415608
SO-66387,C10006,2024-06-06,PO484900
SO-66388,C10011,2024-06-06,PO875486
SO-66389,C10071,2024-06-06,PO507533
SO-66390,C10086,2024-06-06,PO496215
SO-66391,C10096,2024-06-06,PO275669
SO-66392,C10144,2024-06-06,PO616643
SO-66393,C10200,2024-06-06,PO729391
SO-66394,C10215,2024-06-06,PO486751
SO-66395,C10225,2024-06-06,PO577616
SO-66396,C10308,2024-06-06,PO508606
SO-66397,C10380,2024-06-06,PO665357
SO-66398,C10409,2024-06-06,PO597594
SO-66399,C10501,2024-06-06,PO782414
SO-66400,C10970,2024-06-06,PO617402
SO-66401,C11351,2024-06-06,PO685319
SO-66402,C11796,2024-06-06,PO650189
SO-66403,C12253,2024-06-06,PO217650
SO-66404,C10006,2024-06-07,PO389142
SO-66405,C10011,2024-06-07,PO741135
SO-66406,C10024,2024-06-07,PO533159
SO-66407,C10071,2024-06-07,PO863297
SO-66408,C10081,2024-06-07,PO762699
SO-66409,C10086,2024-06-07,PO761732
SO-66410,C10102,2024-06-07,PO352686
SO-66411,C10200,2024-06-07,PO339220
SO-66412,C10215,2024-06-07,PO796277
SO-66413,C10321,2024-06-07,PO346375
SO-66414,C10400,2024-06-07,PO538126
SO-66415,C10409,2024-06-07,PO970854
SO-66416,C10418,2024-06-07,PO451504
SO-66417,C10515,2024-06-07,PO230950
SO-66418,C11092,2024-06-07,PO114966
SO-66419,C11518,2024-06-07,PO313180
SO-66420,C13141,2024-06-07,PO667608
SO-66421,C10006,2024-06-10,PO931140
SO-66422,C10011,2024-06-10,PO279692
SO-66423,C10019,2024-06-10,PO369311
SO-66424,C10024,2024-06-10,PO410453
SO-66425,C10033,2024-06-10,PO447371
SO-66426,C10041,2024-06-10,PO347331
SO-66427,C10071,2024-06-10,PO173551
SO-66428,C10081,2024-06-10,PO734166
SO-66429,C10086,2024-06-10,PO110643
SO-66430,C10102,2024-06-10,PO672546
SO-66431,C10107,2024-06-10,PO824102
SO-66432,C10114,2024-06-10,PO491733
SO-66433,C10151,2024-06-10,PO229088
SO-66434,C10192,2024-06-10,PO286207
SO-66435,C10200,2024-06-10,PO946200
SO-66436,C10208,2024-06-10,PO851225
SO-66437,C10215,2024-06-10,PO834024
SO-66438,C10276,2024-06-10,PO116850
SO-66439,C10409,2024-06-10,PO601175
SO-66440,C10515,2024-06-10,PO866676
SO-66441,C10669,2024-06-10,PO283547
SO-66442,C11315,2024-06-10,PO577250
SO-66443,C11578,2024-06-10,PO454110
SO-66444,C11875,2024-06-10,PO463642
SO-66445,C11945,2024-06-10,PO403189
SO-66446,C12104,2024-06-10,PO415550
SO-66447,C12431,2024-06-10,PO400786
SO-66448,C12751,2024-06-10,PO998512
SO-66449,C12811,2024-06-10,PO257371
SO-66450,C10006,2024-06-11,PO295686
SO-66451,C10011,2024-06-11,PO830957
SO-66452,C10024,2024-06-11,PO716655
SO-66453,C10071,2024-06-11,PO374439
SO-66454,C10081,2024-06-11,PO404864
SO-66455,C10086,2024-06-11,PO603236
SO-66456,C10114,2024-06-11,PO207412
SO-66457,C10151,2024-06-11,PO839272
SO-66458,C11332,2024-06-11,PO545258
SO-66459,C11430,2024-06-11,PO110731
SO-66460,C11842,2024-06-11,PO827096
SO-66461,C12437,2024-06-11,PO652668
SO-66462,C10006,2024-06-12,PO947708
SO-66463,C10011,2024-06-12,PO188404
SO-66464,C10024,2024-06-12,PO303819
SO-66465,C10033,2024-06-12,PO233379
SO-66466,C10071,2024-06-12,PO581141
SO-66467,C10081,2024-06-12,PO956416
SO-66468,C10086,2024-06-12,PO351850
SO-66469,C10102,2024-06-12,PO202170
SO-66470,C10123,2024-06-12,PO280938
SO-66471,C10132,2024-06-12,PO542323
SO-66472,C10297,2024-06-12,PO983169
SO-66473,C10361,2024-06-12,PO387174
SO-66474,C10400,2024-06-12,PO165213
SO-66475,C11904,2024-06-12,PO310120
SO-66476,C10006,2024-06-13,PO899493
SO-66477,C10011,2024-06-13,PO840224
SO-66478,C10019,2024-06-13,PO283944
SO-66479,C10033,2024-06-13,PO712462
SO-66480,C10071,2024-06-13,PO988068
SO-66481,C10081,2024-06-13,PO279283
SO-66482,C10086,2024-06-13,PO975751
SO-66483,C10096,2024-06-13,PO397278
SO-66484,C10102,2024-06-13,PO831897
SO-66485,C10114,2024-06-13,PO441918
SO-66486,C10159,2024-06-13,PO457779
SO-66487,C10225,2024-06-13,PO368435
SO-66488,C10321,2024-06-13,PO179896
SO-66489,C10332,2024-06-13,PO723887
SO-66490,C10544,2024-06-13,PO294464
SO-66491,C10640,2024-06-13,PO519273
SO-66492,C10659,2024-06-13,PO219353
SO-66493,C10801,2024-06-13,PO431575
SO-66494,C10909,2024-06-13,PO215598
SO-66495,C10937,2024-06-13,PO692192
SO-66496,C10954,2024-06-13,PO322389
SO-66497,C10006,2024-06-14,PO285488
SO-66498,C10071,2024-06-14,PO251886
SO-66499,C10081,2024-06-14,PO414504
SO-66500,C10086,2024-06-14,PO995067
SO-66501,C10096,2024-06-14,PO931388
SO-66502,C10107,2024-06-14,PO344130
SO-66503,C10123,2024-06-14,PO958190
SO-66504,C10144,2024-06-14,PO874280
SO-66505,C10161,2024-06-14,PO161236
SO-66506,C10186,2024-06-14,PO741070
SO-66507,C10900,2024-06-14,PO874463
SO-66508,C10006,2024-06-17,PO958073
SO-66509,C10011,2024-06-17,PO539331
SO-66510,C10024,2024-06-17,PO645223
SO-66511,C10060,2024-06-17,PO762773
SO-66512,C10071,2024-06-17,PO173281
SO-66513,C10081,2024-06-17,PO131493
SO-66514,C10086,2024-06-17,PO244761
SO-66515,C10096,2024-06-17,PO826855
SO-66516,C10102,2024-06-17,PO802203
SO-66517,C10107,2024-06-17,PO918015
SO-66518,C10138,2024-06-17,PO651697
SO-66519,C10144,2024-06-17,PO334595
SO-66520,C10151,2024-06-17,PO771359
SO-66521,C10161,2024-06-17,PO897556
SO-66522,C10173,2024-06-17,PO678399
SO-66523,C10208,2024-06-17,PO601902
SO-66524,C10242,2024-06-17,PO623745
SO-66525,C10276,2024-06-17,PO982018
SO-66526,C10304,2024-06-17,PO369661
SO-66527,C10423,2024-06-17,PO179884
SO-66528,C10483,2024-06-17,PO444192
SO-66529,C10506,2024-06-17,PO585515
SO-66530,C10552,2024-06-17,PO223242
SO-66531,C10751,2024-06-17,PO710474
SO-66532,C10900,2024-06-17,PO731689
SO-66533,C10914,2024-06-17,PO640556
SO-66534,C12751,2024-06-17,PO981742
SO-66535,C10006,2024-06-18,PO824495
SO-66536,C10071,2024-06-18,PO108003
SO-66537,C10081,2024-06-18,PO193161
SO-66538,C10086,2024-06-18,PO420323
SO-66539,C10096,2024-06-18,PO790552
SO-66540,C10192,2024-06-18,PO609059
SO-66541,C10200,2024-06-18,PO740619
SO-66542,C10297,2024-06-18,PO716650
SO-66543,C10365,2024-06-18,PO848769
SO-66544,C10423,2024-06-18,PO379885
SO-66545,C11269,2024-06-18,PO845161
SO-66546,C11537,2024-06-18,PO652699
SO-66547,C10006,2024-06-19,PO950401
SO-66548,C10019,2024-06-19,PO440318
SO-66549,C10033,2024-06-19,PO621841
SO-66550,C10071,2024-06-19,PO447645
SO-66551,C10081,2024-06-19,PO975003
SO-66552,C10086,2024-06-19,PO521157
SO-66553,C10102,2024-06-19,PO671995
SO-66554,C10235,2024-06-19,PO295610
SO-66555,C10365,2024-06-19,PO250175
SO-66556,C11075,2024-06-19,PO361066
SO-66557,C12883,2024-06-19,PO344921
SO-66558,C10006,2024-06-20,PO564012
SO-66559,C10011,2024-06-20,PO974532
SO-66560,C10024,2024-06-20,PO395648
SO-66561,C10086,2024-06-20,PO956405
SO-66562,C10096,2024-06-20,PO773331
SO-66563,C10107,2024-06-20,PO566549
SO-66564,C10123,2024-06-20,PO757387
SO-66565,C10208,2024-06-20,PO349399
SO-66566,C10423,2024-06-20,PO766936
SO-66567,C10751,2024-06-20,PO606615
SO-66568,C10784,2024-06-20,PO526012
SO-66569,C10970,2024-06-20,PO604993
SO-66570,C10993,2024-06-20,PO287819
SO-66571,C11442,2024-06-20,PO883325
SO-66572,C11772,2024-06-20,PO850412
SO-66573,C11838,2024-06-20,PO801241
SO-66574,C10071,2024-06-21,PO858799
SO-66575,C10081,2024-06-21,PO207996
SO-66576,C10132,2024-06-21,PO161382
SO-66577,C10159,2024-06-21,PO775743
SO-66578,C10208,2024-06-21,PO659081
SO-66579,C10938,2024-06-21,PO289546
SO-66580,C10950,2024-06-21,PO364857
SO-66581,C11148,2024-06-21,PO700548
SO-66582,C12118,2024-06-21,PO243447
SO-66583,C12832,2024-06-21,PO700780
SO-66584,C13043,2024-06-21,PO301161
SO-66585,C10006,2024-06-24,PO245780
SO-66586,C10011,2024-06-24,PO578992
SO-66587,C10024,2024-06-24,PO246925
SO-66588,C10033,2024-06-24,PO358321
SO-66589,C10041,2024-06-24,PO333934
SO-66590,C10042,2024-06-24,PO344345
SO-66591,C10053,2024-06-24,PO604247
SO-66592,C10071,2024-06-24,PO731981
SO-66593,C10081,2024-06-24,PO247989
SO-66594,C10096,2024-06-24,PO605035
SO-66595,C10102,2024-06-24,PO577144
SO-66596,C10107,2024-06-24,PO855123
SO-66597,C10114,2024-06-24,PO290103
SO-66598,C10123,2024-06-24,PO803177
SO-66599,C10138,2024-06-24,PO532159
SO-66600,C10144,2024-06-24,PO695853
SO-66601,C10159,2024-06-24,PO388946
SO-66602,C10208,2024-06-24,PO345653
SO-66603,C10215,2024-06-24,PO838826
SO-66604,C10217,2024-06-24,PO907549
SO-66605,C10235,2024-06-24,PO838079
SO-66606,C10269,2024-06-24,PO313158
SO-66607,C10304,2024-06-24,PO123567
SO-66608,C10308,2024-06-24,PO954333
SO-66609,C10321,2024-06-24,PO314736
SO-66610,C10322,2024-06-24,PO494895
SO-66611,C10332,2024-06-24,PO489280
SO-66612,C10483,2024-06-24,PO618874
SO-66613,C10494,2024-06-24,PO457401
SO-66614,C10629,2024-06-24,PO662192
SO-66615,C10647,2024-06-24,PO593622
SO-66616,C10762,2024-06-24,PO236435
SO-66617,C11075,2024-06-24,PO728631
SO-66618,C11136,2024-06-24,PO697114
SO-66619,C11266,2024-06-24,PO639924
SO-66620,C12556,2024-06-24,PO965942
SO-66621,C12647,2024-06-24,PO941950
SO-66622,C10006,2024-06-25,PO142785
SO-66623,C10019,2024-06-25,PO288006
SO-66624,C10041,2024-06-25,PO940641
SO-66625,C10042,2024-06-25,PO333749
SO-66626,C10071,2024-06-25,PO778962
SO-66627,C10081,2024-06-25,PO687429
SO-66628,C10096,2024-06-25,PO651640
SO-66629,C10159,2024-06-25,PO604105
SO-66630,C10186,2024-06-25,PO415856
SO-66631,C10215,2024-06-25,PO905817
SO-66632,C10257,2024-06-25,PO675064
SO-66633,C10950,2024-06-25,PO663395
SO-66634,C11190,2024-06-25,PO410256
SO-66635,C11893,2024-06-25,PO137962
SO-66636,C10006,2024-06-26,PO763198
SO-66637,C10042,2024-06-26,PO814115
SO-66638,C10071,2024-06-26,PO111990
SO-66639,C10123,2024-06-26,PO927012
SO-66640,C10144,2024-06-26,PO891876
SO-66641,C10595,2024-06-26,PO981417
SO-66642,C10675,2024-06-26,PO760211
SO-66643,C10859,2024-06-26,PO832979
SO-66644,C10871,2024-06-26,PO118838
SO-66645,C13014,2024-06-26,PO762376
SO-66646,C10006,2024-06-27,PO481721
SO-66647,C10019,2024-06-27,PO267215
SO-66648,C10033,2024-06-27,PO528396
SO-66649,C10071,2024-06-27,PO158188
SO-66650,C10081,2024-06-27,PO923834
SO-66651,C10102,2024-06-27,PO443645
SO-66652,C10161,2024-06-27,PO615562
SO-66653,C10208,2024-06-27,PO887741
SO-66654,C10322,2024-06-27,PO983139
SO-66655,C10591,2024-06-27,PO564948
SO-66656,C10640,2024-06-27,PO594939
SO-66657,C12344,2024-06-27,PO535546
SO-66658,C10006,2024-06-28,PO265161
SO-66659,C10011,2024-06-28,PO500341
SO-66660,C10042,2024-06-28,PO133685
SO-66661,C10071,2024-06-28,PO367218
SO-66662,C10081,2024-06-28,PO511978
SO-66663,C10102,2024-06-28,PO389121
SO-66664,C10159,2024-06-28,PO286908
SO-66665,C10192,2024-06-28,PO376618
SO-66666,C10215,2024-06-28,PO638687
SO-66667,C10286,2024-06-28,PO620344
SO-66668,C10965,2024-06-28,PO627122
SO-66669,C12253,2024-06-28,PO305576
SO-66670,C10006,2024-07-01,PO186225
SO-66671,C10011,2024-07-01,PO493258
SO-66672,C10024,2024-07-01,PO941999
SO-66673,C10042,2024-07-01,PO251427
SO-66674,C10071,2024-07-01,PO215923
SO-66675,C10081,2024-07-01,PO210271
SO-66676,C10086,2024-07-01,PO895036
SO-66677,C10096,2024-07-01,PO891976
SO-66678,C10102,2024-07-01,PO186902
SO-66679,C10151,2024-07-01,PO515467
SO-66680,C10161,2024-07-01,PO590538
SO-66681,C10276,2024-07-01,PO683365
SO-66682,C10293,2024-07-01,PO799219
SO-66683,C10321,2024-07-01,PO784602
SO-66684,C10380,2024-07-01,PO619861
SO-66685,C10494,2024-07-01,PO295665
SO-66686,C10636,2024-07-01,PO825887
SO-66687,C10810,2024-07-01,PO385095
SO-66688,C11842,2024-07-01,PO892116
SO-66689,C10006,2024-07-02,PO941413
SO-66690,C10071,2024-07-02,PO406516
SO-66691,C10081,2024-07-02,PO442216
SO-66692,C10096,2024-07-02,PO610834
SO-66693,C10102,2024-07-02,PO281800
SO-66694,C10107,2024-07-02,PO340794
SO-66695,C10114,2024-07-02,PO490635
SO-66696,C10144,2024-07-02,PO324778
SO-66697,C10225,2024-07-02,PO769650
SO-66698,C10293,2024-07-02,PO317254
SO-66699,C10336,2024-07-02,PO363729
SO-66700,C11391,2024-07-02,PO507321
SO-66701,C12824,2024-07-02,PO729743
SO-66702,C10006,2024-07-03,PO844551
SO-66703,C10011,2024-07-03,PO600455
SO-66704,C10071,2024-07-03,PO724839
SO-66705,C10081,2024-07-03,PO900869
SO-66706,C10096,2024-07-03,PO334313
SO-66707,C10132,2024-07-03,PO907967
SO-66708,C10144,2024-07-03,PO177010
SO-66709,C10186,2024-07-03,PO640734
SO-66710,C10242,2024-07-03,PO356537
SO-66711,C10321,2024-07-03,PO211451
SO-66712,C10483,2024-07-03,PO341242
SO-66713,C10595,2024-07-03,PO121245
SO-66714,C11419,2024-07-03,PO162483
SO-66715,C12104,2024-07-03,PO691821
SO-66716,C10033,2024-07-05,PO876688
SO-66717,C10071,2024-07-05,PO707354
SO-66718,C10081,2024-07-05,PO288331
SO-66719,C10151,2024-07-05,PO347107
SO-66720,C10200,2024-07-05,PO191653
SO-66721,C12253,2024-07-05,PO111657
SO-66722,C10006,2024-07-08,PO857454
SO-66723,C10011,2024-07-08,PO292828
SO-66724,C10053,2024-07-08,PO625711
SO-66725,C10086,2024-07-08,PO903827
SO-66726,C10096,2024-07-08,PO346713
SO-66727,C10102,2024-07-08,PO909720
SO-66728,C10107,2024-07-08,PO917721
SO-66729,C10123,2024-07-08,PO220965
SO-66730,C10161,2024-07-08,PO893374
SO-66731,C10186,2024-07-08,PO688741
SO-66732,C10208,2024-07-08,PO435504
SO-66733,C10257,2024-07-08,PO470653
SO-66734,C10365,2024-07-08,PO952698
SO-66735,C10376,2024-07-08,PO633111
SO-66736,C10529,2024-07-08,PO335453
SO-66737,C10669,2024-07-08,PO697180
SO-66738,C10826,2024-07-08,PO689733
SO-66739,C10006,2024-07-09,PO821775
SO-66740,C10011,2024-07-09,PO264556
SO-66741,C10071,2024-07-09,PO201652
SO-66742,C10096,2024-07-09,PO981247
SO-66743,C10151,2024-07-09,PO854015
SO-66744,C10217,2024-07-09,PO519238
SO-66745,C10225,2024-07-09,PO949290
SO-66746,C10242,2024-07-09,PO429476
SO-66747,C10440,2024-07-09,PO393075
SO-66748,C10616,2024-07-09,PO382848
SO-66749,C10767,2024-07-09,PO650959
SO-66750,C11004,2024-07-09,PO531801
SO-66751,C12944,2024-07-09,PO311874
SO-66752,C10019,2024-07-10,PO849773
SO-66753,C10024,2024-07-10,PO371510
SO-66754,C10071,2024-07-10,PO859146
SO-66755,C10081,2024-07-10,PO327272
SO-66756,C10138,2024-07-10,PO814236
SO-66757,C10151,2024-07-10,PO897444
SO-66758,C10515,2024-07-10,PO462587
SO-66759,C10006,2024-07-11,PO439845
SO-66760,C10011,2024-07-11,PO900734
SO-66761,C10053,2024-07-11,PO431988
SO-66762,C10071,2024-07-11,PO861322
SO-66763,C10081,2024-07-11,PO285532
SO-66764,C10086,2024-07-11,PO650493
SO-66765,C12365,2024-07-11,PO956987
SO-66766,C10006,2024-07-12,PO964760
SO-66767,C10071,2024-07-12,PO588066
SO-66768,C10081,2024-07-12,PO101066
SO-66769,C10107,2024-07-12,PO373456
SO-66770,C10138,2024-07-12,PO659587
SO-66771,C10225,2024-07-12,PO682163
SO-66772,C10440,2024-07-12,PO330189
SO-66773,C10707,2024-07-12,PO731327
SO-66774,C11284,2024-07-12,PO778385
SO-66775,C12267,2024-07-12,PO225971
SO-66776,C10006,2024-07-15,PO579817
SO-66777,C10024,2024-07-15,PO707100
SO-66778,C10042,2024-07-15,PO438327
SO-66779,C10071,2024-07-15,PO394368
SO-66780,C10086,2024-07-15,PO550567
SO-66781,C10114,2024-07-15,PO276612
SO-66782,C10144,2024-07-15,PO363482
SO-66783,C10151,2024-07-15,PO582535
SO-66784,C10192,2024-07-15,PO752309
SO-66785,C10336,2024-07-15,PO347978
SO-66786,C10456,2024-07-15,PO810672
SO-66787,C10629,2024-07-15,PO882816
SO-66788,C10686,2024-07-15,PO492659
SO-66789,C10779,2024-07-15,PO742956
SO-66790,C11252,2024-07-15,PO386950
SO-66791,C12051,2024-07-15,PO580839
SO-66792,C12136,2024-07-15,PO100927
SO-66793,C10006,2024-07-16,PO662836
SO-66794,C10041,2024-07-16,PO358995
SO-66795,C10071,2024-07-16,PO976556
SO-66796,C10086,2024-07-16,PO882388
SO-66797,C10123,2024-07-16,PO921626
SO-66798,C10138,2024-07-16,PO925229
SO-66799,C10151,2024-07-16,PO728611
SO-66800,C10215,2024-07-16,PO845671
SO-66801,C10261,2024-07-16,PO608088
SO-66802,C10784,2024-07-16,PO726458
SO-66803,C11349,2024-07-16,PO368341
SO-66804,C11936,2024-07-16,PO192588
SO-66805,C10107,2024-07-17,PO507234
SO-66806,C10114,2024-07-17,PO653692
SO-66807,C10138,2024-07-17,PO307324
SO-66808,C11103,2024-07-17,PO462993
SO-66809,C10006,2024-07-18,PO719429
SO-66810,C10011,2024-07-18,PO591553
SO-66811,C10024,2024-07-18,PO814598
SO-66812,C10071,2024-07-18,PO983790
SO-66813,C10081,2024-07-18,PO553989
SO-66814,C10086,2024-07-18,PO365567
SO-66815,C10096,2024-07-18,PO133890
SO-66816,C10102,2024-07-18,PO395817
SO-66817,C10107,2024-07-18,PO341676
SO-66818,C10138,2024-07-18,PO310585
SO-66819,C10409,2024-07-18,PO811710
SO-66820,C10920,2024-07-18,PO178392
SO-66821,C11374,2024-07-18,PO876173
SO-66822,C10006,2024-07-19,PO926770
SO-66823,C10024,2024-07-19,PO140390
SO-66824,C10033,2024-07-19,PO821638
SO-66825,C10071,2024-07-19,PO821851
SO-66826,C10114,2024-07-19,PO221289
SO-66827,C10123,2024-07-19,PO253686
SO-66828,C10261,2024-07-19,PO731558
SO-66829,C10595,2024-07-19,PO844006
SO-66830,C10745,2024-07-19,PO211231
SO-66831,C10006,2024-07-22,PO446206
SO-66832,C10024,2024-07-22,PO832654
SO-66833,C10033,2024-07-22,PO417555
SO-66834,C10071,2024-07-22,PO922903
SO-66835,C10081,2024-07-22,PO196580
SO-66836,C10107,2024-07-22,PO936564
SO-66837,C10114,2024-07-22,PO583699
SO-66838,C10123,2024-07-22,PO236065
SO-66839,C10132,2024-07-22,PO447920
SO-66840,C10138,2024-07-22,PO403861
SO-66841,C10144,2024-07-22,PO555119
SO-66842,C10161,2024-07-22,PO154808
SO-66843,C10186,2024-07-22,PO724013
SO-66844,C10208,2024-07-22,PO560916
SO-66845,C10235,2024-07-22,PO861344
SO-66846,C10242,2024-07-22,PO260268
SO-66847,C10390,2024-07-22,PO974850
SO-66848,C10430,2024-07-22,PO674140
SO-66849,C10603,2024-07-22,PO344309
SO-66850,C10745,2024-07-22,PO160089
SO-66851,C10826,2024-07-22,PO507325
SO-66852,C11315,2024-07-22,PO497140
SO-66853,C11398,2024-07-22,PO815949
SO-66854,C11724,2024-07-22,PO904432
SO-66855,C10006,2024-07-23,PO243216
SO-66856,C10071,2024-07-23,PO341859
SO-66857,C10081,2024-07-23,PO861452
SO-66858,C10159,2024-07-23,PO770402
SO-66859,C10200,2024-07-23,PO148113
SO-66860,C10776,2024-07-23,PO213706
SO-66861,C11266,2024-07-23,PO876948
SO-66862,C13043,2024-07-23,PO598244
SO-66863,C10006,2024-07-24,PO225316
SO-66864,C10011,2024-07-24,PO963637
SO-66865,C10019,2024-07-24,PO610972
SO-66866,C10071,2024-07-24,PO577292
SO-66867,C10081,2024-07-24,PO573121
SO-66868,C10086,2024-07-24,PO120407
SO-66869,C10102,2024-07-24,PO982310
SO-66870,C10107,2024-07-24,PO968783
SO-66871,C10138,2024-07-24,PO729871
SO-66872,C10144,2024-07-24,PO986095
SO-66873,C10159,2024-07-24,PO230041
SO-66874,C10235,2024-07-24,PO627062
SO-66875,C10304,2024-07-24,PO730094
SO-66876,C10308,2024-07-24,PO731415
SO-66877,C12604,2024-07-24,PO882331
SO-66878,C10006,2024-07-25,PO873013
SO-66879,C10071,2024-07-25,PO939032
SO-66880,C10081,2024-07-25,PO559950
SO-66881,C10107,2024-07-25,PO444354
SO-66882,C10144,2024-07-25,PO798760
SO-66883,C10151,2024-07-25,PO554042
SO-66884,C10173,2024-07-25,PO835222
SO-66885,C12118,2024-07-25,PO602749
SO-66886,C12297,2024-07-25,PO164667
SO-66887,C10006,2024-07-26,PO298871
SO-66888,C10019,2024-07-26,PO525577
SO-66889,C10071,2024-07-26,PO548954
SO-66890,C10081,2024-07-26,PO674726
SO-66891,C10086,2024-07-26,PO119644
SO-66892,C10096,2024-07-26,PO298675
SO-66893,C10102,2024-07-26,PO905397
SO-66894,C10144,2024-07-26,PO875800
SO-66895,C10286,2024-07-26,PO838434
SO-66896,C10506,2024-07-26,PO301980
SO-66897,C10532,2024-07-26,PO234593
SO-66898,C11685,2024-07-26,PO341532
SO-66899,C11772,2024-07-26,PO441144
SO-66900,C10006,2024-07-29,PO335426
SO-66901,C10011,2024-07-29,PO775941
SO-66902,C10019,2024-07-29,PO668661
SO-66903,C10024,2024-07-29,PO641608
SO-66904,C10060,2024-07-29,PO722804
SO-66905,C10071,2024-07-29,PO134041
SO-66906,C10081,2024-07-29,PO902432
SO-66907,C10086,2024-07-29,PO325541
SO-66908,C10102,2024-07-29,PO411000
SO-66909,C10107,2024-07-29,PO326995
SO-66910,C10132,2024-07-29,PO651115
SO-66911,C10138,2024-07-29,PO911565
SO-66912,C10144,2024-07-29,PO833609
SO-66913,C10175,2024-07-29,PO373225
SO-66914,C10208,2024-07-29,PO540558
SO-66915,C10304,2024-07-29,PO532933
SO-66916,C10365,2024-07-29,PO607235
SO-66917,C10647,2024-07-29,PO904372
SO-66918,C10659,2024-07-29,PO394035
SO-66919,C10864,2024-07-29,PO424826
SO-66920,C11046,2024-07-29,PO707489
SO-66921,C11498,2024-07-29,PO536730
SO-66922,C12028,2024-07-29,PO100129
SO-66923,C13119,2024-07-29,PO616466
SO-66924,C10006,2024-07-30,PO762093
SO-66925,C10024,2024-07-30,PO490353
SO-66926,C10071,2024-07-30,PO888280
SO-66927,C10081,2024-07-30,PO895696
SO-66928,C10102,2024-07-30,PO977788
SO-66929,C10114,2024-07-30,PO672187
SO-66930,C10138,2024-07-30,PO275307
SO-66931,C10144,2024-07-30,PO902757
SO-66932,C10192,2024-07-30,PO179988
SO-66933,C10332,2024-07-30,PO496444
SO-66934,C12185,2024-07-30,PO175779
SO-66935,C12226,2024-07-30,PO312572
SO-66936,C10006,2024-07-31,PO423769
SO-66937,C10011,2024-07-31,PO550221
SO-66938,C10071,2024-07-31,PO255192
SO-66939,C10081,2024-07-31,PO859289
SO-66940,C10235,2024-07-31,PO651955
SO-66941,C10376,2024-07-31,PO787816
SO-66942,C10900,2024-07-31,PO592147
SO-66943,C11029,2024-07-31,PO508036
SO-66944,C12602,2024-07-31,PO921949
SO-66945,C10011,2024-08-01,PO550458
SO-66946,C10042,2024-08-01,PO774814
SO-66947,C10071,2024-08-01,PO439865
SO-66948,C10081,2024-08-01,PO879236
SO-66949,C10086,2024-08-01,PO554528
SO-66950,C10102,2024-08-01,PO420935
SO-66951,C10138,2024-08-01,PO560606
SO-66952,C10159,2024-08-01,PO898990
SO-66953,C10173,2024-08-01,PO994612
SO-66954,C10175,2024-08-01,PO956801
SO-66955,C10293,2024-08-01,PO267918
SO-66956,C10297,2024-08-01,PO739258
SO-66957,C10470,2024-08-01,PO549258
SO-66958,C10701,2024-08-01,PO180072
SO-66959,C10801,2024-08-01,PO301106
SO-66960,C10006,2024-08-02,PO925433
SO-66961,C10024,2024-08-02,PO182907
SO-66962,C10071,2024-08-02,PO949620
SO-66963,C10081,2024-08-02,PO559874
SO-66964,C10086,2024-08-02,PO722755
SO-66965,C10102,2024-08-02,PO662266
SO-66966,C10114,2024-08-02,PO981449
SO-66967,C10573,2024-08-02,PO927834
SO-66968,C10950,2024-08-02,PO974650
SO-66969,C10006,2024-08-05,PO453886
SO-66970,C10019,2024-08-05,PO371890
SO-66971,C10060,2024-08-05,PO923120
SO-66972,C10071,2024-08-05,PO173614
SO-66973,C10081,2024-08-05,PO956412
SO-66974,C10086,2024-08-05,PO774591
SO-66975,C10096,2024-08-05,PO367864
SO-66976,C10102,2024-08-05,PO449114
SO-66977,C10123,2024-08-05,PO616128
SO-66978,C10132,2024-08-05,PO643067
SO-66979,C10138,2024-08-05,PO521823
SO-66980,C10144,2024-08-05,PO166545
SO-66981,C10186,2024-08-05,PO559371
SO-66982,C10200,2024-08-05,PO619531
SO-66983,C10269,2024-08-05,PO847665
SO-66984,C10304,2024-08-05,PO818965
SO-66985,C10365,2024-08-05,PO997925
SO-66986,C10694,2024-08-05,PO690711
SO-66987,C11148,2024-08-05,PO799336
SO-66988,C11419,2024-08-05,PO319984
SO-66989,C11554,2024-08-05,PO151920
SO-66990,C12372,2024-08-05,PO481879
SO-66991,C12938,2024-08-05,PO872252
SO-66992,C10006,2024-08-06,PO553363
SO-66993,C10067,2024-08-06,PO407072
SO-66994,C10081,2024-08-06,PO652300
SO-66995,C10107,2024-08-06,PO703300
SO-66996,C10114,2024-08-06,PO417983
SO-66997,C10123,2024-08-06,PO175825
SO-66998,C10138,2024-08-06,PO983895
SO-66999,C10208,2024-08-06,PO946602
SO-67000,C10217,2024-08-06,PO850098
SO-67001,C10463,2024-08-06,PO741491
SO-67002,C10810,2024-08-06,PO358812
SO-67003,C11764,2024-08-06,PO424315
SO-67004,C10006,2024-08-07,PO246867
SO-67005,C10011,2024-08-07,PO500900
SO-67006,C10071,2024-08-07,PO907131
SO-67007,C10081,2024-08-07,PO611667
SO-67008,C10086,2024-08-07,PO604431
SO-67009,C10096,2024-08-07,PO613834
SO-67010,C10132,2024-08-07,PO357124
SO-67011,C10161,2024-08-07,PO247250
SO-67012,C10215,2024-08-07,PO545513
SO-67013,C10297,2024-08-07,PO449536
SO-67014,C10321,2024-08-07,PO679451
SO-67015,C10615,2024-08-07,PO289147
SO-67016,C10006,2024-08-08,PO408226
SO-67017,C10011,2024-08-08,PO318212
SO-67018,C10042,2024-08-08,PO628718
SO-67019,C10071,2024-08-08,PO399607
SO-67020,C10161,2024-08-08,PO655537
SO-67021,C10175,2024-08-08,PO150156
SO-67022,C10344,2024-08-08,PO487993
SO-67023,C10938,2024-08-08,PO309858
SO-67024,C11412,2024-08-08,PO117447
SO-67025,C11480,2024-08-08,PO253641
SO-67026,C10006,2024-08-09,PO178554
SO-67027,C10024,2024-08-09,PO356013
SO-67028,C10071,2024-08-09,PO846806
SO-67029,C10086,2024-08-09,PO859299
SO-67030,C10286,2024-08-09,PO331038
SO-67031,C10400,2024-08-09,PO195995
SO-67032,C12356,2024-08-09,PO421538
SO-67033,C10006,2024-08-12,PO264378
SO-67034,C10019,2024-08-12,PO747654
SO-67035,C10024,2024-08-12,PO855719
SO-67036,C10041,2024-08-12,PO356288
SO-67037,C10071,2024-08-12,PO757871
SO-67038,C10081,2024-08-12,PO799781
SO-67039,C10086,2024-08-12,PO896592
SO-67040,C10107,2024-08-12,PO726047
SO-67041,C10123,2024-08-12,PO848101
SO-67042,C10144,2024-08-12,PO337531
SO-67043,C10208,2024-08-12,PO271540
SO-67044,C10900,2024-08-12,PO515827
SO-67045,C11619,2024-08-12,PO869891
SO-67046,C10024,2024-08-13,PO488132
SO-67047,C10071,2024-08-13,PO796338
SO-67048,C10086,2024-08-13,PO107662
SO-67049,C10144,2024-08-13,PO432443
SO-67050,C10286,2024-08-13,PO492965
SO-67051,C10397,2024-08-13,PO768725
SO-67052,C10950,2024-08-13,PO557141
SO-67053,C11142,2024-08-13,PO986033
SO-67054,C12377,2024-08-13,PO744780
SO-67055,C10006,2024-08-14,PO157707
SO-67056,C10011,2024-08-14,PO829713
SO-67057,C10033,2024-08-14,PO555482
SO-67058,C10071,2024-08-14,PO518947
SO-67059,C10081,2024-08-14,PO554452
SO-67060,C10102,2024-08-14,PO556087
SO-67061,C10161,2024-08-14,PO134378
SO-67062,C10175,2024-08-14,PO876190
SO-67063,C10926,2024-08-14,PO582110
SO-67064,C10982,2024-08-14,PO349921
SO-67065,C10006,2024-08-15,PO331724
SO-67066,C10033,2024-08-15,PO407461
SO-67067,C10071,2024-08-15,PO182218
SO-67068,C10102,2024-08-15,PO814556
SO-67069,C10132,2024-08-15,PO626081
SO-67070,C10161,2024-08-15,PO784590
SO-67071,C10192,2024-08-15,PO201811
SO-67072,C10409,2024-08-15,PO508398
SO-67073,C10006,2024-08-16,PO566883
SO-67074,C10033,2024-08-16,PO781623
SO-67075,C10071,2024-08-16,PO756448
SO-67076,C10081,2024-08-16,PO752409
SO-67077,C10096,2024-08-16,PO842704
SO-67078,C10114,2024-08-16,PO473381
SO-67079,C10138,2024-08-16,PO330528
SO-67080,C10192,2024-08-16,PO846111
SO-67081,C10200,2024-08-16,PO588028
SO-67082,C10276,2024-08-16,PO724678
SO-67083,C10344,2024-08-16,PO194798
SO-67084,C10418,2024-08-16,PO335502
SO-67085,C10440,2024-08-16,PO203932
SO-67086,C10482,2024-08-16,PO557708
SO-67087,C10745,2024-08-16,PO883633
SO-67088,C12172,2024-08-16,PO789854
SO-67089,C10006,2024-08-19,PO831853
SO-67090,C10033,2024-08-19,PO786530
SO-67091,C10041,2024-08-19,PO785430
SO-67092,C10053,2024-08-19,PO754609
SO-67093,C10071,2024-08-19,PO431102
SO-67094,C10081,2024-08-19,PO282211
SO-67095,C10086,2024-08-19,PO862816
SO-67096,C10102,2024-08-19,PO246103
SO-67097,C10107,2024-08-19,PO882393
SO-67098,C10159,2024-08-19,PO215524
SO-67099,C10186,2024-08-19,PO160907
SO-67100,C10235,2024-08-19,PO337633
SO-67101,C10308,2024-08-19,PO168707
SO-67102,C10494,2024-08-19,PO167029
SO-67103,C10647,2024-08-19,PO903641
SO-67104,C10751,2024-08-19,PO431654
SO-67105,C10081,2024-08-20,PO412621
SO-67106,C10086,2024-08-20,PO150958
SO-67107,C10096,2024-08-20,PO256881
SO-67108,C10107,2024-08-20,PO441808
SO-67109,C10132,2024-08-20,PO466325
SO-67110,C10159,2024-08-20,PO829624
SO-67111,C10173,2024-08-20,PO909280
SO-67112,C10200,2024-08-20,PO486207
SO-67113,C10286,2024-08-20,PO103040
SO-67114,C10322,2024-08-20,PO976076
SO-67115,C10376,2024-08-20,PO749116
SO-67116,C10494,2024-08-20,PO430988
SO-67117,C11019,2024-08-20,PO169354
SO-67118,C10006,2024-08-21,PO656266
SO-67119,C10041,2024-08-21,PO767779
SO-67120,C10042,2024-08-21,PO270411
SO-67121,C10071,2024-08-21,PO201596
SO-67122,C10081,2024-08-21,PO631443
SO-67123,C10086,2024-08-21,PO949112
SO-67124,C10096,2024-08-21,PO262706
SO-67125,C10107,2024-08-21,PO379017
SO-67126,C10144,2024-08-21,PO515316
SO-67127,C10151,2024-08-21,PO531736
SO-67128,C10336,2024-08-21,PO104274
SO-67129,C11289,2024-08-21,PO572042
SO-67130,C11480,2024-08-21,PO499920
SO-67131,C10006,2024-08-22,PO752791
SO-67132,C10011,2024-08-22,PO359944
SO-67133,C10071,2024-08-22,PO205914
SO-67134,C10107,2024-08-22,PO135021
SO-67135,C10159,2024-08-22,PO552234
SO-67136,C10544,2024-08-22,PO385787
SO-67137,C10776,2024-08-22,PO125020
SO-67138,C10006,2024-08-23,PO366393
SO-67139,C10011,2024-08-23,PO720864
SO-67140,C10033,2024-08-23,PO707575
SO-67141,C10071,2024-08-23,PO206144
SO-67142,C10081,2024-08-23,PO693866
SO-67143,C10096,2024-08-23,PO139358
SO-67144,C10138,2024-08-23,PO637892
SO-67145,C10151,2024-08-23,PO997219
SO-67146,C10344,2024-08-23,PO759837
SO-67147,C10532,2024-08-23,PO226077
SO-67148,C10920,2024-08-23,PO629216
SO-67149,C10006,2024-08-26,PO534258
SO-67150,C10011,2024-08-26,PO441763
SO-67151,C10067,2024-08-26,PO925095
SO-67152,C10071,2024-08-26,PO812364
SO-67153,C10081,2024-08-26,PO389471
SO-67154,C10086,2024-08-26,PO629500
SO-67155,C10096,2024-08-26,PO964949
SO-67156,C10102,2024-08-26,PO755953
SO-67157,C10107,2024-08-26,PO454405
SO-67158,C10132,2024-08-26,PO567337
SO-67159,C10144,2024-08-26,PO536061
SO-67160,C10161,2024-08-26,PO762634
SO-67161,C10242,2024-08-26,PO749277
SO-67162,C10380,2024-08-26,PO536016
SO-67163,C10397,2024-08-26,PO444978
SO-67164,C10501,2024-08-26,PO999729
SO-67165,C10544,2024-08-26,PO203299
SO-67166,C10655,2024-08-26,PO148055
SO-67167,C10675,2024-08-26,PO590657
SO-67168,C11052,2024-08-26,PO104697
SO-67169,C11168,2024-08-26,PO823185
SO-67170,C11252,2024-08-26,PO685004
SO-67171,C10019,2024-08-27,PO540322
SO-67172,C10033,2024-08-27,PO445589
SO-67173,C10071,2024-08-27,PO562405
SO-67174,C10081,2024-08-27,PO745014
SO-67175,C10086,2024-08-27,PO636617
SO-67176,C10096,2024-08-27,PO955362
SO-67177,C10102,2024-08-27,PO495199
SO-67178,C10159,2024-08-27,PO572613
SO-67179,C10173,2024-08-27,PO666811
SO-67180,C10390,2024-08-27,PO759289
SO-67181,C10483,2024-08-27,PO400667
SO-67182,C11708,2024-08-27,PO792877
SO-67183,C12998,2024-08-27,PO829210
SO-67184,C10006,2024-08-28,PO215746
SO-67185,C10011,2024-08-28,PO326865
SO-67186,C10019,2024-08-28,PO520668
SO-67187,C10071,2024-08-28,PO985902
SO-67188,C10086,2024-08-28,PO728156
SO-67189,C10096,2024-08-28,PO755710
SO-67190,C10102,2024-08-28,PO129321
SO-67191,C10123,2024-08-28,PO198984
SO-67192,C10186,2024-08-28,PO655751
SO-67193,C10225,2024-08-28,PO332713
SO-67194,C10257,2024-08-28,PO520715
SO-67195,C10864,2024-08-28,PO299709
SO-67196,C11172,2024-08-28,PO896089
SO-67197,C11838,2024-08-28,PO600191
SO-67198,C10006,2024-08-29,PO565745
SO-67199,C10071,2024-08-29,PO433439
SO-67200,C10081,2024-08-29,PO295585
SO-67201,C10086,2024-08-29,PO532661
SO-67202,C10102,2024-08-29,PO766112
SO-67203,C10144,2024-08-29,PO723790
SO-67204,C10151,2024-08-29,PO543160
SO-67205,C10159,2024-08-29,PO677062
SO-67206,C10161,2024-08-29,PO108687
SO-67207,C10208,2024-08-29,PO826876
SO-67208,C10376,2024-08-29,PO268196
SO-67209,C10521,2024-08-29,PO910548
SO-67210,C10779,2024-08-29,PO228225
SO-67211,C11029,2024-08-29,PO946522
SO-67212,C11235,2024-08-29,PO396962
SO-67213,C11886,2024-08-29,PO146542
SO-67214,C12126,2024-08-29,PO962459
SO-67215,C12448,2024-08-29,PO934080
SO-67216,C10006,2024-08-30,PO487562
SO-67217,C10033,2024-08-30,PO583822
SO-67218,C10071,2024-08-30,PO479886
SO-67219,C10107,2024-08-30,PO133483
SO-67220,C10132,2024-08-30,PO918619
SO-67221,C10208,2024-08-30,PO928910
SO-67222,C10217,2024-08-30,PO280157
SO-67223,C10418,2024-08-30,PO829771
SO-67224,C11284,2024-08-30,PO590858
SO-67225,C11304,2024-08-30,PO802734
SO-67226,C11368,2024-08-30,PO936878
SO-67227,C11799,2024-08-30,PO773664
SO-67228,C10006,2024-09-03,PO172773
SO-67229,C10024,2024-09-03,PO616737
SO-67230,C10071,2024-09-03,PO970903
SO-67231,C10081,2024-09-03,PO340868
SO-67232,C10086,2024-09-03,PO370961
SO-67233,C10096,2024-09-03,PO371699
SO-67234,C10107,2024-09-03,PO325389
SO-67235,C10144,2024-09-03,PO410879
SO-67236,C10173,2024-09-03,PO406778
SO-67237,C10215,2024-09-03,PO402704
SO-67238,C10269,2024-09-03,PO567844
SO-67239,C10293,2024-09-03,PO696209
SO-67240,C11351,2024-09-03,PO848615
SO-67241,C11742,2024-09-03,PO956697
SO-67242,C11799,2024-09-03,PO860467
SO-67243,C12888,2024-09-03,PO391339
SO-67244,C10024,2024-09-04,PO328421
SO-67245,C10071,2024-09-04,PO104944
SO-67246,C10081,2024-09-04,PO410871
SO-67247,C10132,2024-09-04,PO835372
SO-67248,C10175,2024-09-04,PO424906
SO-67249,C10365,2024-09-04,PO367003
SO-67250,C10400,2024-09-04,PO534723
SO-67251,C10878,2024-09-04,PO620228
SO-67252,C11178,2024-09-04,PO697163
SO-67253,C11685,2024-09-04,PO930539
SO-67254,C11979,2024-09-04,PO535433
SO-67255,C10006,2024-09-05,PO367427
SO-67256,C10019,2024-09-05,PO619836
SO-67257,C10024,2024-09-05,PO921888
SO-67258,C10041,2024-09-05,PO616342
SO-67259,C10042,2024-09-05,PO504502
SO-67260,C10071,2024-09-05,PO608622
SO-67261,C10081,2024-09-05,PO711883
SO-67262,C10086,2024-09-05,PO241368
SO-67263,C10096,2024-09-05,PO388513
SO-67264,C10107,2024-09-05,PO975087
SO-67265,C10123,2024-09-05,PO571710
SO-67266,C10132,2024-09-05,PO953427
SO-67267,C10144,2024-09-05,PO109581
SO-67268,C10200,2024-09-05,PO896489
SO-67269,C10225,2024-09-05,PO593318
SO-67270,C10470,2024-09-05,PO914576
SO-67271,C10532,2024-09-05,PO842757
SO-67272,C12253,2024-09-05,PO694225
SO-67273,C13128,2024-09-05,PO903817
SO-67274,C10019,2024-09-06,PO309355
SO-67275,C10042,2024-09-06,PO304330
SO-67276,C10071,2024-09-06,PO880143
SO-67277,C10107,2024-09-06,PO643238
SO-67278,C10344,2024-09-06,PO865947
SO-67279,C10006,2024-09-09,PO168021
SO-67280,C10011,2024-09-09,PO138424
SO-67281,C10019,2024-09-09,PO352447
SO-67282,C10042,2024-09-09,PO439690
SO-67283,C10053,2024-09-09,PO445635
SO-67284,C10071,2024-09-09,PO707334
SO-67285,C10081,2024-09-09,PO872100
SO-67286,C10086,2024-09-09,PO424894
SO-67287,C10096,2024-09-09,PO947017
SO-67288,C10107,2024-09-09,PO785171
SO-67289,C10114,2024-09-09,PO563196
SO-67290,C10138,2024-09-09,PO954467
SO-67291,C10151,2024-09-09,PO345277
SO-67292,C10225,2024-09-09,PO772337
SO-67293,C10304,2024-09-09,PO544259
SO-67294,C10581,2024-09-09,PO357970
SO-67295,C10616,2024-09-09,PO198883
SO-67296,C11626,2024-09-09,PO956876
SO-67297,C12021,2024-09-09,PO271382
SO-67298,C12783,2024-09-09,PO173105
SO-67299,C10006,2024-09-10,PO444905
SO-67300,C10019,2024-09-10,PO500267
SO-67301,C10041,2024-09-10,PO215884
SO-67302,C10071,2024-09-10,PO603091
SO-67303,C10081,2024-09-10,PO532961
SO-67304,C10096,2024-09-10,PO370145
SO-67305,C10102,2024-09-10,PO466202
SO-67306,C10107,2024-09-10,PO170869
SO-67307,C10132,2024-09-10,PO410402
SO-67308,C10173,2024-09-10,PO532434
SO-67309,C10776,2024-09-10,PO620271
SO-67310,C10784,2024-09-10,PO294514
SO-67311,C10006,2024-09-11,PO100740
SO-67312,C10033,2024-09-11,PO858919
SO-67313,C10071,2024-09-11,PO846373
SO-67314,C10081,2024-09-11,PO235325
SO-67315,C10096,2024-09-11,PO159467
SO-67316,C10102,2024-09-11,PO699443
SO-67317,C10107,2024-09-11,PO569297
SO-67318,C10132,2024-09-11,PO765918
SO-67319,C10151,2024-09-11,PO227629
SO-67320,C10159,2024-09-11,PO793047
SO-67321,C10276,2024-09-11,PO554720
SO-67322,C11875,2024-09-11,PO914823
SO-67323,C10006,2024-09-12,PO359530
SO-67324,C10019,2024-09-12,PO858018
SO-67325,C10042,2024-09-12,PO651003
SO-67326,C10071,2024-09-12,PO281556
SO-67327,C10086,2024-09-12,PO997648
SO-67328,C10144,2024-09-12,PO909304
SO-67329,C10235,2024-09-12,PO320096
SO-67330,C10483,2024-09-12,PO334807
SO-67331,C12009,2024-09-12,PO339246
SO-67332,C12185,2024-09-12,PO234697
SO-67333,C12556,2024-09-12,PO397982
SO-67334,C10019,2024-09-13,PO459371
SO-67335,C10071,2024-09-13,PO592655
SO-67336,C10081,2024-09-13,PO543264
SO-67337,C10096,2024-09-13,PO143577
SO-67338,C10107,2024-09-13,PO855933
SO-67339,C10269,2024-09-13,PO452992
SO-67340,C11904,2024-09-13,PO984021
SO-67341,C10006,2024-09-16,PO866759
SO-67342,C10011,2024-09-16,PO698554
SO-67343,C10019,2024-09-16,PO138978
SO-67344,C10024,2024-09-16,PO492129
SO-67345,C10042,2024-09-16,PO446036
SO-67346,C10067,2024-09-16,PO660848
SO-67347,C10071,2024-09-16,PO824720
SO-67348,C10081,2024-09-16,PO637293
SO-67349,C10102,2024-09-16,PO666827
SO-67350,C10107,2024-09-16,PO110254
SO-67351,C10138,2024-09-16,PO620385
SO-67352,C10159,2024-09-16,PO608214
SO-67353,C10192,2024-09-16,PO497423
SO-67354,C10208,2024-09-16,PO315718
SO-67355,C10235,2024-09-16,PO886607
SO-67356,C10242,2024-09-16,PO719636
SO-67357,C10552,2024-09-16,PO333750
SO-67358,C10636,2024-09-16,PO546620
SO-67359,C10684,2024-09-16,PO247442
SO-67360,C10776,2024-09-16,PO485801
SO-67361,C11112,2024-09-16,PO456678
SO-67362,C12271,2024-09-16,PO685973
SO-67363,C12454,2024-09-16,PO181950
SO-67364,C10006,2024-09-17,PO556772
SO-67365,C10011,2024-09-17,PO233202
SO-67366,C10019,2024-09-17,PO166795
SO-67367,C10033,2024-09-17,PO748539
SO-67368,C10071,2024-09-17,PO524089
SO-67369,C10081,2024-09-17,PO100821
SO-67370,C10096,2024-09-17,PO110716
SO-67371,C10102,2024-09-17,PO162767
SO-67372,C10114,2024-09-17,PO508415
SO-67373,C10151,2024-09-17,PO420088
SO-67374,C10235,2024-09-17,PO526546
SO-67375,C10580,2024-09-17,PO214823
SO-67376,C10982,2024-09-17,PO419693
SO-67377,C11168,2024-09-17,PO815572
SO-67378,C12021,2024-09-17,PO915395
SO-67379,C10006,2024-09-18,PO387194
SO-67380,C10041,2024-09-18,PO115573
SO-67381,C10071,2024-09-18,PO213084
SO-67382,C10081,2024-09-18,PO285965
SO-67383,C10102,2024-09-18,PO484832
SO-67384,C10225,2024-09-18,PO306275
SO-67385,C10242,2024-09-18,PO875370
SO-67386,C10257,2024-09-18,PO300785
SO-67387,C10409,2024-09-18,PO853458
SO-67388,C10581,2024-09-18,PO685883
SO-67389,C10647,2024-09-18,PO288181
SO-67390,C10686,2024-09-18,PO400351
SO-67391,C11586,2024-09-18,PO945476
SO-67392,C10006,2024-09-19,PO130304
SO-67393,C10071,2024-09-19,PO787592
SO-67394,C10096,2024-09-19,PO377126
SO-67395,C10123,2024-09-19,PO719673
SO-67396,C10217,2024-09-19,PO652252
SO-67397,C10225,2024-09-19,PO110467
SO-67398,C10521,2024-09-19,PO275731
SO-67399,C11936,2024-09-19,PO856392
SO-67400,C12437,2024-09-19,PO318370
SO-67401,C10006,2024-09-20,PO947964
SO-67402,C10024,2024-09-20,PO863018
SO-67403,C10071,2024-09-20,PO101289
SO-67404,C10081,2024-09-20,PO553294
SO-67405,C10096,2024-09-20,PO903620
SO-67406,C10107,2024-09-20,PO821785
SO-67407,C10144,2024-09-20,PO483586
SO-67408,C10159,2024-09-20,PO846892
SO-67409,C10192,2024-09-20,PO948522
SO-67410,C10321,2024-09-20,PO453708
SO-67411,C10397,2024-09-20,PO518812
SO-67412,C11572,2024-09-20,PO556546
SO-67413,C12028,2024-09-20,PO662385
SO-67414,C10006,2024-09-23,PO787551
SO-67415,C10011,2024-09-23,PO765764
SO-67416,C10024,2024-09-23,PO225615
SO-67417,C10033,2024-09-23,PO146480
SO-67418,C10071,2024-09-23,PO455988
SO-67419,C10081,2024-09-23,PO603013
SO-67420,C10086,2024-09-23,PO179256
SO-67421,C10102,2024-09-23,PO655279
SO-67422,C10107,2024-09-23,PO605919
SO-67423,C10151,2024-09-23,PO865611
SO-67424,C10192,2024-09-23,PO236249
SO-67425,C10563,2024-09-23,PO228717
SO-67426,C10580,2024-09-23,PO224364
SO-67427,C10647,2024-09-23,PO478003
SO-67428,C10701,2024-09-23,PO652768
SO-67429,C10900,2024-09-23,PO692578
SO-67430,C10938,2024-09-23,PO276648
SO-67431,C11279,2024-09-23,PO837873
SO-67432,C12008,2024-09-23,PO891460
SO-67433,C12037,2024-09-23,PO747560
SO-67434,C12096,2024-09-23,PO133107
SO-67435,C12848,2024-09-23,PO312887
SO-67436,C10006,2024-09-24,PO696287
SO-67437,C10041,2024-09-24,PO709072
SO-67438,C10071,2024-09-24,PO926151
SO-67439,C10081,2024-09-24,PO195578
SO-67440,C10086,2024-09-24,PO387588
SO-67441,C10096,2024-09-24,PO643185
SO-67442,C10102,2024-09-24,PO489278
SO-67443,C10107,2024-09-24,PO964585
SO-67444,C10132,2024-09-24,PO700518
SO-67445,C10144,2024-09-24,PO524741
SO-67446,C10151,2024-09-24,PO458710
SO-67447,C10217,2024-09-24,PO197703
SO-67448,C10248,2024-09-24,PO831934
SO-67449,C10308,2024-09-24,PO480094
SO-67450,C10365,2024-09-24,PO288013
SO-67451,C10397,2024-09-24,PO437621
SO-67452,C10430,2024-09-24,PO141379
SO-67453,C10629,2024-09-24,PO214129
SO-67454,C10728,2024-09-24,PO949418
SO-67455,C11225,2024-09-24,PO674237
SO-67456,C10006,2024-09-25,PO324134
SO-67457,C10011,2024-09-25,PO187873
SO-67458,C10019,2024-09-25,PO567026
SO-67459,C10042,2024-09-25,PO984080
SO-67460,C10071,2024-09-25,PO723575
SO-67461,C10081,2024-09-25,PO787482
SO-67462,C10086,2024-09-25,PO873061
SO-67463,C10096,2024-09-25,PO925149
SO-67464,C10102,2024-09-25,PO295934
SO-67465,C10114,2024-09-25,PO272979
SO-67466,C10161,2024-09-25,PO494001
SO-67467,C10200,2024-09-25,PO316744
SO-67468,C10321,2024-09-25,PO583546
SO-67469,C10365,2024-09-25,PO590330
SO-67470,C11796,2024-09-25,PO103800
SO-67471,C12068,2024-09-25,PO402951
SO-67472,C10006,2024-09-26,PO529167
SO-67473,C10011,2024-09-26,PO963947
SO-67474,C10019,2024-09-26,PO501195
SO-67475,C10024,2024-09-26,PO129348
SO-67476,C10071,2024-09-26,PO994801
SO-67477,C10086,2024-09-26,PO803280
SO-67478,C10102,2024-09-26,PO766359
SO-67479,C10107,2024-09-26,PO801856
SO-67480,C10161,2024-09-26,PO674443
SO-67481,C10173,2024-09-26,PO484258
SO-67482,C10200,2024-09-26,PO815052
SO-67483,C10859,2024-09-26,PO859274
SO-67484,C10006,2024-09-27,PO685484
SO-67485,C10024,2024-09-27,PO949039
SO-67486,C10071,2024-09-27,PO486076
SO-67487,C10102,2024-09-27,PO891772
SO-67488,C10114,2024-09-27,PO444984
SO-67489,C10186,2024-09-27,PO958730
SO-67490,C10215,2024-09-27,PO479729
SO-67491,C10321,2024-09-27,PO648180
SO-67492,C10823,2024-09-27,PO953769
SO-67493,C10954,2024-09-27,PO526394
SO-67494,C11004,2024-09-27,PO575623
SO-67495,C12104,2024-09-27,PO522655
SO-67496,C10006,2024-09-30,PO272541
SO-67497,C10024,2024-09-30,PO469708
SO-67498,C10053,2024-09-30,PO271311
SO-67499,C10071,2024-09-30,PO387131
SO-67500,C10081,2024-09-30,PO317114
SO-67501,C10096,2024-09-30,PO528132
SO-67502,C10107,2024-09-30,PO932657
SO-67503,C10114,2024-09-30,PO286212
SO-67504,C10138,2024-09-30,PO470484
SO-67505,C10144,2024-09-30,PO657230
SO-67506,C10151,2024-09-30,PO321402
SO-67507,C10175,2024-09-30,PO647197
SO-67508,C10186,2024-09-30,PO143496
SO-67509,C10225,2024-09-30,PO585700
SO-67510,C10552,2024-09-30,PO392325
SO-67511,C11103,2024-09-30,PO137882
SO-67512,C11419,2024-09-30,PO861000
SO-67513,C10006,2024-10-01,PO545548
SO-67514,C10024,2024-10-01,PO520089
SO-67515,C10071,2024-10-01,PO778926
SO-67516,C10081,2024-10-01,PO932651
SO-67517,C10086,2024-10-01,PO172022
SO-67518,C10096,2024-10-01,PO391319
SO-67519,C10102,2024-10-01,PO381344
SO-67520,C10114,2024-10-01,PO405167
SO-67521,C10123,2024-10-01,PO186629
SO-67522,C10144,2024-10-01,PO865538
SO-67523,C10161,2024-10-01,PO102439
SO-67524,C10297,2024-10-01,PO695574
SO-67525,C10640,2024-10-01,PO548127
SO-67526,C11062,2024-10-01,PO402812
SO-67527,C11564,2024-10-01,PO738635
SO-67528,C10006,2024-10-02,PO645420
SO-67529,C10019,2024-10-02,PO882285
SO-67530,C10041,2024-10-02,PO973508
SO-67531,C10071,2024-10-02,PO248795
SO-67532,C10086,2024-10-02,PO904615
SO-67533,C10107,2024-10-02,PO330796
SO-67534,C10144,2024-10-02,PO148155
SO-67535,C10159,2024-10-02,PO437291
SO-67536,C10192,2024-10-02,PO785605
SO-67537,C10616,2024-10-02,PO615059
SO-67538,C11010,2024-10-02,PO646356
SO-67539,C11632,2024-10-02,PO650205
SO-67540,C11945,2024-10-02,PO623302
SO-67541,C12271,2024-10-02,PO447624
SO-67542,C10006,2024-10-03,PO778206
SO-67543,C10033,2024-10-03,PO103613
SO-67544,C10071,2024-10-03,PO934340
SO-67545,C10081,2024-10-03,PO900167
SO-67546,C10096,2024-10-03,PO832858
SO-67547,C10107,2024-10-03,PO814145
SO-67548,C10132,2024-10-03,PO147441
SO-67549,C10276,2024-10-03,PO170775
SO-67550,C10423,2024-10-03,PO249775
SO-67551,C10456,2024-10-03,PO499581
SO-67552,C11518,2024-10-03,PO917623
SO-67553,C12118,2024-10-03,PO380729
SO-67554,C12287,2024-10-03,PO244977
SO-67555,C12572,2024-10-03,PO701553
SO-67556,C10006,2024-10-04,PO845446
SO-67557,C10011,2024-10-04,PO339601
SO-67558,C10024,2024-10-04,PO587948
SO-67559,C10071,2024-10-04,PO286716
SO-67560,C10107,2024-10-04,PO308870
SO-67561,C10114,2024-10-04,PO752626
SO-67562,C10159,2024-10-04,PO601155
SO-67563,C10200,2024-10-04,PO866672
SO-67564,C10701,2024-10-04,PO724795
SO-67565,C11204,2024-10-04,PO860040
SO-67566,C11235,2024-10-04,PO967274
SO-67567,C10006,2024-10-07,PO359252
SO-67568,C10011,2024-10-07,PO281202
SO-67569,C10024,2024-10-07,PO589671
SO-67570,C10033,2024-10-07,PO424588
SO-67571,C10053,2024-10-07,PO607455
SO-67572,C10071,2024-10-07,PO846379
SO-67573,C10086,2024-10-07,PO995762
SO-67574,C10096,2024-10-07,PO831696
SO-67575,C10102,2024-10-07,PO695722
SO-67576,C10107,2024-10-07,PO959318
SO-67577,C10114,2024-10-07,PO183690
SO-67578,C10123,2024-10-07,PO272351
SO-67579,C10138,2024-10-07,PO745180
SO-67580,C10144,2024-10-07,PO756504
SO-67581,C10200,2024-10-07,PO139320
SO-67582,C10215,2024-10-07,PO422499
SO-67583,C10217,2024-10-07,PO649107
SO-67584,C10293,2024-10-07,PO981661
SO-67585,C10297,2024-10-07,PO666376
SO-67586,C10365,2024-10-07,PO787730
SO-67587,C10563,2024-10-07,PO314809
SO-67588,C10581,2024-10-07,PO833712
SO-67589,C10684,2024-10-07,PO587521
SO-67590,C10814,2024-10-07,PO565711
SO-67591,C10864,2024-10-07,PO559952
SO-67592,C10950,2024-10-07,PO148320
SO-67593,C10998,2024-10-07,PO760716
SO-67594,C11019,2024-10-07,PO900955
SO-67595,C12111,2024-10-07,PO526056
SO-67596,C12832,2024-10-07,PO992074
SO-67597,C10006,2024-10-08,PO226003
SO-67598,C10024,2024-10-08,PO825187
SO-67599,C10071,2024-10-08,PO629177
SO-67600,C10086,2024-10-08,PO436247
SO-67601,C10096,2024-10-08,PO974100
SO-67602,C10102,2024-10-08,PO909251
SO-67603,C10114,2024-10-08,PO900166
SO-67604,C10138,2024-10-08,PO476129
SO-67605,C10248,2024-10-08,PO491760
SO-67606,C10286,2024-10-08,PO536029
SO-67607,C10400,2024-10-08,PO392161
SO-67608,C10423,2024-10-08,PO127497
SO-67609,C10006,2024-10-09,PO133527
SO-67610,C10071,2024-10-09,PO410272
SO-67611,C10081,2024-10-09,PO178219
SO-67612,C10096,2024-10-09,PO383999
SO-67613,C10132,2024-10-09,PO248706
SO-67614,C10138,2024-10-09,PO693475
SO-67615,C10144,2024-10-09,PO171554
SO-67616,C10200,2024-10-09,PO934287
SO-67617,C10217,2024-10-09,PO847087
SO-67618,C10242,2024-10-09,PO954189
SO-67619,C10336,2024-10-09,PO789268
SO-67620,C10380,2024-10-09,PO329685
SO-67621,C10552,2024-10-09,PO736045
SO-67622,C10701,2024-10-09,PO851567
SO-67623,C11037,2024-10-09,PO322676
SO-67624,C11136,2024-10-09,PO494178
SO-67625,C11235,2024-10-09,PO509965
SO-67626,C11554,2024-10-09,PO440630
SO-67627,C12419,2024-10-09,PO254204
SO-67628,C10006,2024-10-10,PO268311
SO-67629,C10071,2024-10-10,PO739869
SO-67630,C10081,2024-10-10,PO950993
SO-67631,C10086,2024-10-10,PO964250
SO-67632,C10102,2024-10-10,PO100528
SO-67633,C10173,2024-10-10,PO337494
SO-67634,C10215,2024-10-10,PO930134
SO-67635,C10418,2024-10-10,PO842126
SO-67636,C10563,2024-10-10,PO731081
SO-67637,C11289,2024-10-10,PO928376
SO-67638,C12304,2024-10-10,PO596681
SO-67639,C12888,2024-10-10,PO831484
SO-67640,C10006,2024-10-11,PO555174
SO-67641,C10024,2024-10-11,PO949849
SO-67642,C10033,2024-10-11,PO692827
SO-67643,C10071,2024-10-11,PO490729
SO-67644,C10096,2024-10-11,PO452388
SO-67645,C10225,2024-10-11,PO831097
SO-67646,C10321,2024-10-11,PO660850
SO-67647,C11616,2024-10-11,PO413557
SO-67648,C12578,2024-10-11,PO690813
SO-67649,C10006,2024-10-14,PO268212
SO-67650,C10011,2024-10-14,PO315460
SO-67651,C10019,2024-10-14,PO471140
SO-67652,C10071,2024-10-14,PO797350
SO-67653,C10081,2024-10-14,PO622945
SO-67654,C10086,2024-10-14,PO341855
SO-67655,C10096,2024-10-14,PO463607
SO-67656,C10102,2024-10-14,PO885854
SO-67657,C10107,2024-10-14,PO712537
SO-67658,C10114,2024-10-14,PO485408
SO-67659,C10138,2024-10-14,PO721725
SO-67660,C10161,2024-10-14,PO341284
SO-67661,C10242,2024-10-14,PO655457
SO-67662,C10308,2024-10-14,PO809881
SO-67663,C10332,2024-10-14,PO763135
SO-67664,C10376,2024-10-14,PO613516
SO-67665,C10400,2024-10-14,PO448730
SO-67666,C10444,2024-10-14,PO775614
SO-67667,C10615,2024-10-14,PO287372
SO-67668,C10629,2024-10-14,PO414767
SO-67669,C10890,2024-10-14,PO866161
SO-67670,C11123,2024-10-14,PO882072
SO-67671,C11381,2024-10-14,PO268512
SO-67672,C11419,2024-10-14,PO386398
SO-67673,C12204,2024-10-14,PO749314
SO-67674,C10006,2024-10-15,PO509926
SO-67675,C10011,2024-10-15,PO980161
SO-67676,C10033,2024-10-15,PO422515
SO-67677,C10071,2024-10-15,PO551757
SO-67678,C10081,2024-10-15,PO452372
SO-67679,C10096,2024-10-15,PO350312
SO-67680,C10102,2024-10-15,PO805898
SO-67681,C10107,2024-10-15,PO424669
SO-67682,C10138,2024-10-15,PO155547
SO-67683,C10159,2024-10-15,PO219749
SO-67684,C10235,2024-10-15,PO732919
SO-67685,C10344,2024-10-15,PO312718
SO-67686,C10365,2024-10-15,PO409729
SO-67687,C10544,2024-10-15,PO838656
SO-67688,C10826,2024-10-15,PO985500
SO-67689,C10871,2024-10-15,PO415770
SO-67690,C11235,2024-10-15,PO643717
SO-67691,C11619,2024-10-15,PO570224
SO-67692,C12389,2024-10-15,PO274932
SO-67693,C12540,2024-10-15,PO894260
SO-67694,C10006,2024-10-16,PO875800
SO-67695,C10011,2024-10-16,PO766076
SO-67696,C10033,2024-10-16,PO951080
SO-67697,C10071,2024-10-16,PO360849
SO-67698,C10086,2024-10-16,PO835267
SO-67699,C10096,2024-10-16,PO168300
SO-67700,C10107,2024-10-16,PO857775
SO-67701,C10200,2024-10-16,PO317784
SO-67702,C10308,2024-10-16,PO427873
SO-67703,C10322,2024-10-16,PO420500
SO-67704,C10344,2024-10-16,PO105134
SO-67705,C10376,2024-10-16,PO660922
SO-67706,C12462,2024-10-16,PO474363
SO-67707,C10006,2024-10-17,PO613780
SO-67708,C10011,2024-10-17,PO531503
SO-67709,C10024,2024-10-17,PO126068
SO-67710,C10071,2024-10-17,PO137572
SO-67711,C10096,2024-10-17,PO182928
SO-67712,C10175,2024-10-17,PO826784
SO-67713,C10200,2024-10-17,PO120631
SO-67714,C10225,2024-10-17,PO941657
SO-67715,C10332,2024-10-17,PO707657
SO-67716,C10595,2024-10-17,PO707011
SO-67717,C10795,2024-10-17,PO847661
SO-67718,C10071,2024-10-18,PO317780
SO-67719,C10107,2024-10-18,PO857082
SO-67720,C10151,2024-10-18,PO682022
SO-67721,C10159,2024-10-18,PO400297
SO-67722,C10418,2024-10-18,PO687928
SO-67723,C10430,2024-10-18,PO206210
SO-67724,C10669,2024-10-18,PO469322
SO-67725,C11718,2024-10-18,PO811288
SO-67726,C12696,2024-10-18,PO502686
SO-67727,C13110,2024-10-18,PO582728
SO-67728,C10006,2024-10-21,PO694166
SO-67729,C10019,2024-10-21,PO447198
SO-67730,C10053,2024-10-21,PO760862
SO-67731,C10071,2024-10-21,PO992821
SO-67732,C10081,2024-10-21,PO116379
SO-67733,C10086,2024-10-21,PO311941
SO-67734,C10096,2024-10-21,PO902977
SO-67735,C10107,2024-10-21,PO760109
SO-67736,C10132,2024-10-21,PO327416
SO-67737,C10138,2024-10-21,PO294069
SO-67738,C10151,2024-10-21,PO544405
SO-67739,C10159,2024-10-21,PO357062
SO-67740,C10257,2024-10-21,PO720240
SO-67741,C10261,2024-10-21,PO418907
SO-67742,C10286,2024-10-21,PO161674
SO-67743,C10321,2024-10-21,PO286604
SO-67744,C10336,2024-10-21,PO960848
SO-67745,C10721,2024-10-21,PO240524
SO-67746,C10784,2024-10-21,PO713455
SO-67747,C11092,2024-10-21,PO299631
SO-67748,C11190,2024-10-21,PO975145
SO-67749,C11301,2024-10-21,PO755607
SO-67750,C11315,2024-10-21,PO405848
SO-67751,C11554,2024-10-21,PO290729
SO-67752,C12488,2024-10-21,PO767157
SO-67753,C10006,2024-10-22,PO749117
SO-67754,C10067,2024-10-22,PO706068
SO-67755,C10081,2024-10-22,PO964704
SO-67756,C10086,2024-10-22,PO294440
SO-67757,C10096,2024-10-22,PO570022
SO-67758,C10107,2024-10-22,PO466675
SO-67759,C10138,2024-10-22,PO136604
SO-67760,C10321,2024-10-22,PO552660
SO-67761,C10784,2024-10-22,PO375554
SO-67762,C11332,2024-10-22,PO780856
SO-67763,C10006,2024-10-23,PO263625
SO-67764,C10019,2024-10-23,PO621153
SO-67765,C10033,2024-10-23,PO623595
SO-67766,C10071,2024-10-23,PO297606
SO-67767,C10086,2024-10-23,PO415301
SO-67768,C10096,2024-10-23,PO663151
SO-67769,C10107,2024-10-23,PO935324
SO-67770,C10151,2024-10-23,PO319022
SO-67771,C10235,2024-10-23,PO856003
SO-67772,C10269,2024-10-23,PO749983
SO-67773,C10321,2024-10-23,PO738058
SO-67774,C10418,2024-10-23,PO437244
SO-67775,C10423,2024-10-23,PO670734
SO-67776,C10603,2024-10-23,PO919025
SO-67777,C10006,2024-10-24,PO125589
SO-67778,C10071,2024-10-24,PO834435
SO-67779,C10096,2024-10-24,PO752383
SO-67780,C10132,2024-10-24,PO242498
SO-67781,C10257,2024-10-24,PO670270
SO-67782,C10297,2024-10-24,PO524264
SO-67783,C11266,2024-10-24,PO338586
SO-67784,C12644,2024-10-24,PO477686
SO-67785,C10006,2024-10-25,PO910316
SO-67786,C10041,2024-10-25,PO644599
SO-67787,C10071,2024-10-25,PO734657
SO-67788,C10096,2024-10-25,PO294200
SO-67789,C10107,2024-10-25,PO625288
SO-67790,C10114,2024-10-25,PO622818
SO-67791,C10123,2024-10-25,PO571042
SO-67792,C10418,2024-10-25,PO914271
SO-67793,C10573,2024-10-25,PO131684
SO-67794,C11037,2024-10-25,PO833635
SO-67795,C11188,2024-10-25,PO696445
SO-67796,C12126,2024-10-25,PO600524
SO-67797,C12333,2024-10-25,PO246770
SO-67798,C12751,2024-10-25,PO210126
SO-67799,C10006,2024-10-28,PO738199
SO-67800,C10011,2024-10-28,PO575874
SO-67801,C10019,2024-10-28,PO318279
SO-67802,C10041,2024-10-28,PO320700
SO-67803,C10053,2024-10-28,PO158212
SO-67804,C10071,2024-10-28,PO782970
SO-67805,C10081,2024-10-28,PO392002
SO-67806,C10096,2024-10-28,PO952533
SO-67807,C10107,2024-10-28,PO525651
SO-67808,C10114,2024-10-28,PO938438
SO-67809,C10144,2024-10-28,PO249444
SO-67810,C10173,2024-10-28,PO322674
SO-67811,C10175,2024-10-28,PO943386
SO-67812,C10297,2024-10-28,PO121183
SO-67813,C10616,2024-10-28,PO190387
SO-67814,C10767,2024-10-28,PO616106
SO-67815,C10801,2024-10-28,PO989449
SO-67816,C11029,2024-10-28,PO954069
SO-67817,C11131,2024-10-28,PO891870
SO-67818,C11550,2024-10-28,PO623196
SO-67819,C12037,2024-10-28,PO984684
SO-67820,C12051,2024-10-28,PO240201
SO-67821,C12104,2024-10-28,PO150520
SO-67822,C12329,2024-10-28,PO535071
SO-67823,C12669,2024-10-28,PO630371
SO-67824,C10006,2024-10-29,PO491282
SO-67825,C10041,2024-10-29,PO657023
SO-67826,C10053,2024-10-29,PO778703
SO-67827,C10071,2024-10-29,PO570818
SO-67828,C10081,2024-10-29,PO818652
SO-67829,C10102,2024-10-29,PO509365
SO-67830,C10132,2024-10-29,PO241346
SO-67831,C10161,2024-10-29,PO385694
SO-67832,C11339,2024-10-29,PO211869
SO-67833,C11759,2024-10-29,PO857793
SO-67834,C12294,2024-10-29,PO981027
SO-67835,C10006,2024-10-30,PO949825
SO-67836,C10024,2024-10-30,PO855774
SO-67837,C10081,2024-10-30,PO256773
SO-67838,C10086,2024-10-30,PO379732
SO-67839,C10107,2024-10-30,PO741159
SO-67840,C10186,2024-10-30,PO422669
SO-67841,C10208,2024-10-30,PO510119
SO-67842,C10365,2024-10-30,PO787707
SO-67843,C10418,2024-10-30,PO364294
SO-67844,C10738,2024-10-30,PO578811
SO-67845,C10784,2024-10-30,PO207217
SO-67846,C10938,2024-10-30,PO271717
SO-67847,C12593,2024-10-30,PO748241
SO-67848,C10006,2024-10-31,PO798096
SO-67849,C10011,2024-10-31,PO237242
SO-67850,C10053,2024-10-31,PO753326
SO-67851,C10071,2024-10-31,PO906931
SO-67852,C10081,2024-10-31,PO330438
SO-67853,C10096,2024-10-31,PO108757
SO-67854,C10107,2024-10-31,PO631274
SO-67855,C10132,2024-10-31,PO294206
SO-67856,C10173,2024-10-31,PO814622
SO-67857,C10208,2024-10-31,PO459612
SO-67858,C10242,2024-10-31,PO254773
SO-67859,C10352,2024-10-31,PO746174
SO-67860,C10506,2024-10-31,PO878078
SO-67861,C12185,2024-10-31,PO674294
SO-67862,C10006,2024-11-01,PO719665
SO-67863,C10019,2024-11-01,PO963744
SO-67864,C10042,2024-11-01,PO922104
SO-67865,C10071,2024-11-01,PO227405
SO-67866,C10081,2024-11-01,PO754306
SO-67867,C10123,2024-11-01,PO538916
SO-67868,C10132,2024-11-01,PO146500
SO-67869,C10151,2024-11-01,PO326620
SO-67870,C10186,2024-11-01,PO267646
SO-67871,C10581,2024-11-01,PO669662
SO-67872,C11572,2024-11-01,PO627671
SO-67873,C10006,2024-11-04,PO169849
SO-67874,C10011,2024-11-04,PO476369
SO-67875,C10019,2024-11-04,PO131829
SO-67876,C10024,2024-11-04,PO402454
SO-67877,C10033,2024-11-04,PO406258
SO-67878,C10060,2024-11-04,PO297487
SO-67879,C10071,2024-11-04,PO635551
SO-67880,C10081,2024-11-04,PO788298
SO-67881,C10086,2024-11-04,PO288376
SO-67882,C10096,2024-11-04,PO202927
SO-67883,C10102,2024-11-04,PO966668
SO-67884,C10107,2024-11-04,PO583121
SO-67885,C10114,2024-11-04,PO782243
SO-67886,C10144,2024-11-04,PO932547
SO-67887,C10173,2024-11-04,PO507322
SO-67888,C10200,2024-11-04,PO127668
SO-67889,C10269,2024-11-04,PO936882
SO-67890,C10376,2024-11-04,PO154070
SO-67891,C10430,2024-11-04,PO352633
SO-67892,C10440,2024-11-04,PO983985
SO-67893,C10552,2024-11-04,PO386027
SO-67894,C10595,2024-11-04,PO432635
SO-67895,C11142,2024-11-04,PO215542
SO-67896,C11374,2024-11-04,PO918938
SO-67897,C11586,2024-11-04,PO506083
SO-67898,C11875,2024-11-04,PO511284
SO-67899,C12271,2024-11-04,PO704197
SO-67900,C12389,2024-11-04,PO685375
SO-67901,C10006,2024-11-05,PO685274
SO-67902,C10019,2024-11-05,PO975386
SO-67903,C10042,2024-11-05,PO357909
SO-67904,C10071,2024-11-05,PO999958
SO-67905,C10081,2024-11-05,PO673244
SO-67906,C10297,2024-11-05,PO279383
SO-67907,C10332,2024-11-05,PO614529
SO-67908,C10376,2024-11-05,PO405263
SO-67909,C10397,2024-11-05,PO182580
SO-67910,C10544,2024-11-05,PO825048
SO-67911,C11092,2024-11-05,PO432102
SO-67912,C11875,2024-11-05,PO808727
SO-67913,C12488,2024-11-05,PO534413
SO-67914,C10019,2024-11-06,PO330306
SO-67915,C10071,2024-11-06,PO704964
SO-67916,C10086,2024-11-06,PO451802
SO-67917,C10107,2024-11-06,PO920495
SO-67918,C10151,2024-11-06,PO871433
SO-67919,C10186,2024-11-06,PO751581
SO-67920,C10200,2024-11-06,PO753132
SO-67921,C10998,2024-11-06,PO654994
SO-67922,C11693,2024-11-06,PO115402
SO-67923,C10006,2024-11-07,PO704744
SO-67924,C10011,2024-11-07,PO658178
SO-67925,C10060,2024-11-07,PO658053
SO-67926,C10071,2024-11-07,PO487029
SO-67927,C10086,2024-11-07,PO751419
SO-67928,C10123,2024-11-07,PO438570
SO-67929,C10138,2024-11-07,PO160829
SO-67930,C10173,2024-11-07,PO102218
SO-67931,C10175,2024-11-07,PO767568
SO-67932,C10186,2024-11-07,PO235389
SO-67933,C10242,2024-11-07,PO495509
SO-67934,C10248,2024-11-07,PO893054
SO-67935,C10322,2024-11-07,PO344256
SO-67936,C10376,2024-11-07,PO733576
SO-67937,C10397,2024-11-07,PO321927
SO-67938,C10418,2024-11-07,PO356135
SO-67939,C10616,2024-11-07,PO445305
SO-67940,C10694,2024-11-07,PO842306
SO-67941,C10776,2024-11-07,PO940315
SO-67942,C10823,2024-11-07,PO828617
SO-67943,C10006,2024-11-08,PO749733
SO-67944,C10033,2024-11-08,PO795639
SO-67945,C10071,2024-11-08,PO930793
SO-67946,C10081,2024-11-08,PO712501
SO-67947,C10086,2024-11-08,PO998369
SO-67948,C10096,2024-11-08,PO337303
SO-67949,C10102,2024-11-08,PO247601
SO-67950,C10107,2024-11-08,PO631711
SO-67951,C10114,2024-11-08,PO822943
SO-67952,C10132,2024-11-08,PO173011
SO-67953,C10144,2024-11-08,PO758772
SO-67954,C10208,2024-11-08,PO494970
SO-67955,C11498,2024-11-08,PO436259
SO-67956,C11724,2024-11-08,PO490406
SO-67957,C11984,2024-11-08,PO662735
SO-67958,C12068,2024-11-08,PO532948
SO-67959,C10006,2024-11-11,PO298470
SO-67960,C10011,2024-11-11,PO309346
SO-67961,C10019,2024-11-11,PO161178
SO-67962,C10041,2024-11-11,PO947696
SO-67963,C10042,2024-11-11,PO952303
SO-67964,C10071,2024-11-11,PO616690
SO-67965,C10081,2024-11-11,PO489610
SO-67966,C10086,2024-11-11,PO928863
SO-67967,C10096,2024-11-11,PO284928
SO-67968,C10102,2024-11-11,PO307776
SO-67969,C10107,2024-11-11,PO487456
SO-67970,C10151,2024-11-11,PO500629
SO-67971,C10159,2024-11-11,PO485905
SO-67972,C10173,2024-11-11,PO500426
SO-67973,C10186,2024-11-11,PO405353
SO-67974,C10217,2024-11-11,PO844912
SO-67975,C10257,2024-11-11,PO310170
SO-67976,C10276,2024-11-11,PO548982
SO-67977,C10304,2024-11-11,PO288766
SO-67978,C10332,2024-11-11,PO737065
SO-67979,C10365,2024-11-11,PO722697
SO-67980,C10423,2024-11-11,PO176271
SO-67981,C10859,2024-11-11,PO916670
SO-67982,C10993,2024-11-11,PO419354
SO-67983,C11158,2024-11-11,PO726997
SO-67984,C11235,2024-11-11,PO547475
SO-67985,C11241,2024-11-11,PO940049
SO-67986,C11524,2024-11-11,PO270551
SO-67987,C11537,2024-11-11,PO110597
SO-67988,C11564,2024-11-11,PO242001
SO-67989,C10006,2024-11-12,PO438788
SO-67990,C10011,2024-11-12,PO511218
SO-67991,C10019,2024-11-12,PO764041
SO-67992,C10041,2024-11-12,PO807235
SO-67993,C10067,2024-11-12,PO211695
SO-67994,C10071,2024-11-12,PO539510
SO-67995,C10081,2024-11-12,PO179814
SO-67996,C10138,2024-11-12,PO728614
SO-67997,C10144,2024-11-12,PO507429
SO-67998,C10159,2024-11-12,PO539967
SO-67999,C12009,2024-11-12,PO180183
SO-68000,C12613,2024-11-12,PO754266
SO-68001,C12872,2024-11-12,PO292335
SO-68002,C10006,2024-11-13,PO864334
SO-68003,C10033,2024-11-13,PO726728
SO-68004,C10071,2024-11-13,PO633416
SO-68005,C10081,2024-11-13,PO737803
SO-68006,C10102,2024-11-13,PO822411
SO-68007,C10144,2024-11-13,PO200491
SO-68008,C10159,2024-11-13,PO305348
SO-68009,C10215,2024-11-13,PO353658
SO-68010,C10308,2024-11-13,PO796184
SO-68011,C10456,2024-11-13,PO476336
SO-68012,C10544,2024-11-13,PO391287
SO-68013,C12925,2024-11-13,PO735085
SO-68014,C10006,2024-11-14,PO911291
SO-68015,C10019,2024-11-14,PO749204
SO-68016,C10041,2024-11-14,PO761908
SO-68017,C10071,2024-11-14,PO911741
SO-68018,C10081,2024-11-14,PO297976
SO-68019,C10086,2024-11-14,PO814543
SO-68020,C10102,2024-11-14,PO490690
SO-68021,C10138,2024-11-14,PO476635
SO-68022,C10161,2024-11-14,PO993920
SO-68023,C10186,2024-11-14,PO938503
SO-68024,C10208,2024-11-14,PO272694
SO-68025,C10397,2024-11-14,PO830805
SO-68026,C10463,2024-11-14,PO673639
SO-68027,C10532,2024-11-14,PO707906
SO-68028,C11114,2024-11-14,PO290079
SO-68029,C11269,2024-11-14,PO693872
SO-68030,C10006,2024-11-15,PO864706
SO-68031,C10019,2024-11-15,PO261073
SO-68032,C10024,2024-11-15,PO329719
SO-68033,C10071,2024-11-15,PO139470
SO-68034,C10081,2024-11-15,PO838023
SO-68035,C10086,2024-11-15,PO288799
SO-68036,C10096,2024-11-15,PO817905
SO-68037,C10102,2024-11-15,PO775474
SO-68038,C10138,2024-11-15,PO585481
SO-68039,C10365,2024-11-15,PO785859
SO-68040,C10659,2024-11-15,PO385237
SO-68041,C10810,2024-11-15,PO581465
SO-68042,C11419,2024-11-15,PO175616
SO-68043,C10006,2024-11-18,PO439857
SO-68044,C10011,2024-11-18,PO369064
SO-68045,C10024,2024-11-18,PO711288
SO-68046,C10053,2024-11-18,PO648972
SO-68047,C10071,2024-11-18,PO666744
SO-68048,C10081,2024-11-18,PO975192
SO-68049,C10086,2024-11-18,PO217182
SO-68050,C10096,2024-11-18,PO289861
SO-68051,C10102,2024-11-18,PO990968
SO-68052,C10138,2024-11-18,PO300196
SO-68053,C10144,2024-11-18,PO630949
SO-68054,C10161,2024-11-18,PO668151
SO-68055,C10200,2024-11-18,PO804213
SO-68056,C10217,2024-11-18,PO691962
SO-68057,C10235,2024-11-18,PO607284
SO-68058,C10261,2024-11-18,PO201837
SO-68059,C10304,2024-11-18,PO702057
SO-68060,C10332,2024-11-18,PO817315
SO-68061,C10365,2024-11-18,PO926360
SO-68062,C10380,2024-11-18,PO743125
SO-68063,C10397,2024-11-18,PO256691
SO-68064,C10573,2024-11-18,PO475432
SO-68065,C10636,2024-11-18,PO497551
SO-68066,C10776,2024-11-18,PO794599
SO-68067,C11004,2024-11-18,PO742885
SO-68068,C11368,2024-11-18,PO596763
SO-68069,C11412,2024-11-18,PO642649
SO-68070,C11419,2024-11-18,PO986624
SO-68071,C11875,2024-11-18,PO378036
SO-68072,C12037,2024-11-18,PO837911
SO-68073,C12969,2024-11-18,PO487676
SO-68074,C10006,2024-11-19,PO900409
SO-68075,C10011,2024-11-19,PO165333
SO-68076,C10024,2024-11-19,PO366308
SO-68077,C10071,2024-11-19,PO168284
SO-68078,C10081,2024-11-19,PO439373
SO-68079,C10102,2024-11-19,PO210136
SO-68080,C10107,2024-11-19,PO603169
SO-68081,C10144,2024-11-19,PO574079
SO-68082,C10151,2024-11-19,PO941032
SO-68083,C10159,2024-11-19,PO575756
SO-68084,C10161,2024-11-19,PO392053
SO-68085,C10208,2024-11-19,PO542582
SO-68086,C10217,2024-11-19,PO437254
SO-68087,C10423,2024-11-19,PO708626
SO-68088,C10532,2024-11-19,PO924420
SO-68089,C10823,2024-11-19,PO363432
SO-68090,C10853,2024-11-19,PO194678
SO-68091,C12319,2024-11-19,PO665086
SO-68092,C10006,2024-11-20,PO714437
SO-68093,C10011,2024-11-20,PO591317
SO-68094,C10024,2024-11-20,PO619963
SO-68095,C10071,2024-11-20,PO191104
SO-68096,C10081,2024-11-20,PO651806
SO-68097,C10086,2024-11-20,PO549415
SO-68098,C10096,2024-11-20,PO208429
SO-68099,C10114,2024-11-20,PO651818
SO-68100,C10123,2024-11-20,PO197568
SO-68101,C10175,2024-11-20,PO994349
SO-68102,C10186,2024-11-20,PO661050
SO-68103,C10257,2024-11-20,PO597983
SO-68104,C10365,2024-11-20,PO441640
SO-68105,C10376,2024-11-20,PO329317
SO-68106,C10552,2024-11-20,PO805594
SO-68107,C10563,2024-11-20,PO252669
SO-68108,C10859,2024-11-20,PO392138
SO-68109,C11158,2024-11-20,PO986478
SO-68110,C11904,2024-11-20,PO939596
SO-68111,C12647,2024-11-20,PO853711
SO-68112,C10006,2024-11-21,PO602156
SO-68113,C10033,2024-11-21,PO597289
SO-68114,C10071,2024-11-21,PO541432
SO-68115,C10081,2024-11-21,PO572794
SO-68116,C10102,2024-11-21,PO287109
SO-68117,C10200,2024-11-21,PO621700
SO-68118,C10482,2024-11-21,PO305871
SO-68119,C10636,2024-11-21,PO423898
SO-68120,C11391,2024-11-21,PO586896
SO-68121,C10006,2024-11-22,PO117711
SO-68122,C10011,2024-11-22,PO873105
SO-68123,C10024,2024-11-22,PO917201
SO-68124,C10071,2024-11-22,PO992395
SO-68125,C10081,2024-11-22,PO915935
SO-68126,C10107,2024-11-22,PO845567
SO-68127,C10114,2024-11-22,PO690410
SO-68128,C10151,2024-11-22,PO900521
SO-68129,C10173,2024-11-22,PO661246
SO-68130,C10235,2024-11-22,PO823511
SO-68131,C10269,2024-11-22,PO214118
SO-68132,C10400,2024-11-22,PO980852
SO-68133,C11221,2024-11-22,PO833323
SO-68134,C10006,2024-11-25,PO942797
SO-68135,C10011,2024-11-25,PO977968
SO-68136,C10019,2024-11-25,PO296457
SO-68137,C10024,2024-11-25,PO102249
SO-68138,C10060,2024-11-25,PO684532
SO-68139,C10071,2024-11-25,PO218420
SO-68140,C10081,2024-11-25,PO382434
SO-68141,C10086,2024-11-25,PO192483
SO-68142,C10096,2024-11-25,PO302978
SO-68143,C10102,2024-11-25,PO308559
SO-68144,C10107,2024-11-25,PO384710
SO-68145,C10123,2024-11-25,PO623159
SO-68146,C10138,2024-11-25,PO792602
SO-68147,C10144,2024-11-25,PO338009
SO-68148,C10151,2024-11-25,PO708543
SO-68149,C10173,2024-11-25,PO354574
SO-68150,C10175,2024-11-25,PO239387
SO-68151,C10257,2024-11-25,PO452474
SO-68152,C10304,2024-11-25,PO864885
SO-68153,C10332,2024-11-25,PO855965
SO-68154,C10336,2024-11-25,PO333531
SO-68155,C10615,2024-11-25,PO630166
SO-68156,C10767,2024-11-25,PO224761
SO-68157,C10878,2024-11-25,PO235906
SO-68158,C11046,2024-11-25,PO217911
SO-68159,C11142,2024-11-25,PO723059
SO-68160,C11168,2024-11-25,PO723597
SO-68161,C11216,2024-11-25,PO272730
SO-68162,C11550,2024-11-25,PO200564
SO-68163,C12037,2024-11-25,PO287175
SO-68164,C12294,2024-11-25,PO733522
SO-68165,C12556,2024-11-25,PO711253
SO-68166,C10006,2024-11-26,PO901653
SO-68167,C10011,2024-11-26,PO303254
SO-68168,C10081,2024-11-26,PO466103
SO-68169,C10086,2024-11-26,PO551289
SO-68170,C10096,2024-11-26,PO370562
SO-68171,C10107,2024-11-26,PO698503
SO-68172,C10114,2024-11-26,PO965589
SO-68173,C10186,2024-11-26,PO801835
SO-68174,C10297,2024-11-26,PO900066
SO-68175,C10304,2024-11-26,PO392083
SO-68176,C10308,2024-11-26,PO213926
SO-68177,C10380,2024-11-26,PO469771
SO-68178,C10418,2024-11-26,PO694521
SO-68179,C10515,2024-11-26,PO125814
SO-68180,C10544,2024-11-26,PO846541
SO-68181,C10675,2024-11-26,PO522604
SO-68182,C10900,2024-11-26,PO294490
SO-68183,C11381,2024-11-26,PO294434
SO-68184,C11572,2024-11-26,PO932069
SO-68185,C11772,2024-11-26,PO119082
SO-68186,C12356,2024-11-26,PO447956
SO-68187,C10006,2024-11-27,PO372036
SO-68188,C10011,2024-11-27,PO213697
SO-68189,C10024,2024-11-27,PO411062
SO-68190,C10041,2024-11-27,PO666973
SO-68191,C10071,2024-11-27,PO275877
SO-68192,C10081,2024-11-27,PO213724
SO-68193,C10096,2024-11-27,PO679548
SO-68194,C10102,2024-11-27,PO969468
SO-68195,C10107,2024-11-27,PO360099
SO-68196,C10132,2024-11-27,PO112173
SO-68197,C10151,2024-11-27,PO861495
SO-68198,C10186,2024-11-27,PO954406
SO-68199,C10779,2024-11-27,PO710065
SO-68200,C10823,2024-11-27,PO984276
SO-68201,C10871,2024-11-27,PO301876
SO-68202,C11037,2024-11-27,PO515700
SO-68203,C11114,2024-11-27,PO393025
SO-68204,C12509,2024-11-27,PO193220
SO-68205,C12938,2024-11-27,PO323002
SO-68206,C10006,2024-12-02,PO272425
SO-68207,C10011,2024-12-02,PO269759
SO-68208,C10019,2024-12-02,PO612349
SO-68209,C10024,2024-12-02,PO114360
SO-68210,C10041,2024-12-02,PO323714
SO-68211,C10071,2024-12-02,PO620624
SO-68212,C10081,2024-12-02,PO681376
SO-68213,C10086,2024-12-02,PO401431
SO-68214,C10096,2024-12-02,PO602624
SO-68215,C10123,2024-12-02,PO288040
SO-68216,C10144,2024-12-02,PO218085
SO-68217,C10159,2024-12-02,PO300031
SO-68218,C10175,2024-12-02,PO397804
SO-68219,C10192,2024-12-02,PO598939
SO-68220,C10257,2024-12-02,PO822612
SO-68221,C10308,2024-12-02,PO242165
SO-68222,C10336,2024-12-02,PO789604
SO-68223,C10380,2024-12-02,PO477019
SO-68224,C10390,2024-12-02,PO115127
SO-68225,C10418,2024-12-02,PO512761
SO-68226,C10636,2024-12-02,PO762068
SO-68227,C10655,2024-12-02,PO951833
SO-68228,C11112,2024-12-02,PO135935
SO-68229,C11732,2024-12-02,PO981571
SO-68230,C11842,2024-12-02,PO573615
SO-68231,C12126,2024-12-02,PO448545
SO-68232,C12159,2024-12-02,PO748985
SO-68233,C10006,2024-12-03,PO535770
SO-68234,C10053,2024-12-03,PO138029
SO-68235,C10071,2024-12-03,PO885605
SO-68236,C10081,2024-12-03,PO965580
SO-68237,C10102,2024-12-03,PO237417
SO-68238,C10192,2024-12-03,PO801885
SO-68239,C10200,2024-12-03,PO137999
SO-68240,C10276,2024-12-03,PO795148
SO-68241,C10397,2024-12-03,PO421648
SO-68242,C10544,2024-12-03,PO922507
SO-68243,C10859,2024-12-03,PO777831
SO-68244,C10900,2024-12-03,PO972124
SO-68245,C11518,2024-12-03,PO742291
SO-68246,C12399,2024-12-03,PO142229
SO-68247,C13055,2024-12-03,PO330432
SO-68248,C10006,2024-12-04,PO798890
SO-68249,C10011,2024-12-04,PO501922
SO-68250,C10024,2024-12-04,PO620982
SO-68251,C10033,2024-12-04,PO264117
SO-68252,C10071,2024-12-04,PO984846
SO-68253,C10081,2024-12-04,PO586089
SO-68254,C10086,2024-12-04,PO509501
SO-68255,C10102,2024-12-04,PO338495
SO-68256,C10161,2024-12-04,PO345038
SO-68257,C10175,2024-12-04,PO509758
SO-68258,C10286,2024-12-04,PO722691
SO-68259,C11796,2024-12-04,PO872117
SO-68260,C12037,2024-12-04,PO935286
SO-68261,C12820,2024-12-04,PO219156
SO-68262,C10006,2024-12-05,PO936230
SO-68263,C10024,2024-12-05,PO815228
SO-68264,C10053,2024-12-05,PO569585
SO-68265,C10086,2024-12-05,PO351511
SO-68266,C10096,2024-12-05,PO147860
SO-68267,C10102,2024-12-05,PO553138
SO-68268,C10107,2024-12-05,PO429685
SO-68269,C10132,2024-12-05,PO231074
SO-68270,C10186,2024-12-05,PO230768
SO-68271,C10225,2024-12-05,PO435958
SO-68272,C10463,2024-12-05,PO709253
SO-68273,C11241,2024-12-05,PO106630
SO-68274,C11813,2024-12-05,PO158727
SO-68275,C11964,2024-12-05,PO384338
SO-68276,C10006,2024-12-06,PO818440
SO-68277,C10011,2024-12-06,PO335057
SO-68278,C10071,2024-12-06,PO741126
SO-68279,C10086,2024-12-06,PO730422
SO-68280,C10096,2024-12-06,PO937978
SO-68281,C10107,2024-12-06,PO896787
SO-68282,C10132,2024-12-06,PO154860
SO-68283,C10151,2024-12-06,PO318044
SO-68284,C10409,2024-12-06,PO330956
SO-68285,C11142,2024-12-06,PO543148
SO-68286,C11197,2024-12-06,PO145035
SO-68287,C12183,2024-12-06,PO901356
SO-68288,C12540,2024-12-06,PO376572
SO-68289,C10006,2024-12-09,PO935936
SO-68290,C10011,2024-12-09,PO743752
SO-68291,C10019,2024-12-09,PO912686
SO-68292,C10024,2024-12-09,PO511714
SO-68293,C10033,2024-12-09,PO947504
SO-68294,C10041,2024-12-09,PO108047
SO-68295,C10071,2024-12-09,PO455146
SO-68296,C10081,2024-12-09,PO715045
SO-68297,C10086,2024-12-09,PO308459
SO-68298,C10096,2024-12-09,PO648494
SO-68299,C10107,2024-12-09,PO346749
SO-68300,C10114,2024-12-09,PO875327
SO-68301,C10123,2024-12-09,PO523342
SO-68302,C10132,2024-12-09,PO170702
SO-68303,C10144,2024-12-09,PO399290
SO-68304,C10161,2024-12-09,PO512880
SO-68305,C10175,2024-12-09,PO448228
SO-68306,C10215,2024-12-09,PO363516
SO-68307,C10276,2024-12-09,PO821702
SO-68308,C10365,2024-12-09,PO543484
SO-68309,C10418,2024-12-09,PO786260
SO-68310,C10529,2024-12-09,PO589623
SO-68311,C10580,2024-12-09,PO791263
SO-68312,C10878,2024-12-09,PO635343
SO-68313,C11010,2024-12-09,PO393129
SO-68314,C11142,2024-12-09,PO187932
SO-68315,C11641,2024-12-09,PO439630
SO-68316,C12096,2024-12-09,PO409157
SO-68317,C10006,2024-12-10,PO138728
SO-68318,C10019,2024-12-10,PO849962
SO-68319,C10024,2024-12-10,PO766397
SO-68320,C10071,2024-12-10,PO520733
SO-68321,C10086,2024-12-10,PO523939
SO-68322,C10107,2024-12-10,PO962531
SO-68323,C10132,2024-12-10,PO708976
SO-68324,C10276,2024-12-10,PO734713
SO-68325,C10336,2024-12-10,PO314924
SO-68326,C10361,2024-12-10,PO490792
SO-68327,C10430,2024-12-10,PO779032
SO-68328,C11351,2024-12-10,PO794206
SO-68329,C12848,2024-12-10,PO135283
SO-68330,C12861,2024-12-10,PO523117
SO-68331,C10006,2024-12-11,PO977470
SO-68332,C10019,2024-12-11,PO859685
SO-68333,C10042,2024-12-11,PO159881
SO-68334,C10071,2024-12-11,PO968994
SO-68335,C10081,2024-12-11,PO237419
SO-68336,C10086,2024-12-11,PO688690
SO-68337,C10096,2024-12-11,PO317806
SO-68338,C10138,2024-12-11,PO111328
SO-68339,C10161,2024-12-11,PO998914
SO-68340,C10173,2024-12-11,PO737435
SO-68341,C10186,2024-12-11,PO818368
SO-68342,C10215,2024-12-11,PO996693
SO-68343,C10293,2024-12-11,PO746009
SO-68344,C10440,2024-12-11,PO437252
SO-68345,C10595,2024-12-11,PO440199
SO-68346,C10603,2024-12-11,PO389705
SO-68347,C10636,2024-12-11,PO224831
SO-68348,C11332,2024-12-11,PO106350
SO-68349,C12256,2024-12-11,PO830297
SO-68350,C10006,2024-12-12,PO139055
SO-68351,C10011,2024-12-12,PO471551
SO-68352,C10033,2024-12-12,PO716628
SO-68353,C10071,2024-12-12,PO388246
SO-68354,C10086,2024-12-12,PO345233
SO-68355,C10102,2024-12-12,PO116892
SO-68356,C10107,2024-12-12,PO926420
SO-68357,C10123,2024-12-12,PO599270
SO-68358,C10144,2024-12-12,PO786272
SO-68359,C10151,2024-12-12,PO873556
SO-68360,C10186,2024-12-12,PO940657
SO-68361,C10208,2024-12-12,PO169446
SO-68362,C10269,2024-12-12,PO646618
SO-68363,C10344,2024-12-12,PO223607
SO-68364,C10494,2024-12-12,PO484152
SO-68365,C10616,2024-12-12,PO516829
SO-68366,C10751,2024-12-12,PO728083
SO-68367,C11148,2024-12-12,PO227778
SO-68368,C11284,2024-12-12,PO938346
SO-68369,C12803,2024-12-12,PO196066
SO-68370,C10006,2024-12-13,PO699941
SO-68371,C10024,2024-12-13,PO746735
SO-68372,C10042,2024-12-13,PO375858
SO-68373,C10071,2024-12-13,PO417584
SO-68374,C10081,2024-12-13,PO544752
SO-68375,C10096,2024-12-13,PO340167
SO-68376,C10102,2024-12-13,PO191688
SO-68377,C10138,2024-12-13,PO815323
SO-68378,C10161,2024-12-13,PO544305
SO-68379,C10217,2024-12-13,PO353042
SO-68380,C10235,2024-12-13,PO855574
SO-68381,C10304,2024-12-13,PO810414
SO-68382,C10810,2024-12-13,PO866177
SO-68383,C12287,2024-12-13,PO490797
SO-68384,C10006,2024-12-16,PO994593
SO-68385,C10024,2024-12-16,PO759597
SO-68386,C10033,2024-12-16,PO577380
SO-68387,C10042,2024-12-16,PO816213
SO-68388,C10071,2024-12-16,PO943284
SO-68389,C10081,2024-12-16,PO295104
SO-68390,C10086,2024-12-16,PO844948
SO-68391,C10096,2024-12-16,PO118974
SO-68392,C10102,2024-12-16,PO215295
SO-68393,C10107,2024-12-16,PO560609
SO-68394,C10123,2024-12-16,PO826462
SO-68395,C10132,2024-12-16,PO379357
SO-68396,C10138,2024-12-16,PO779987
SO-68397,C10151,2024-12-16,PO212278
SO-68398,C10200,2024-12-16,PO978505
SO-68399,C10269,2024-12-16,PO694937
SO-68400,C10286,2024-12-16,PO676425
SO-68401,C10397,2024-12-16,PO469123
SO-68402,C10483,2024-12-16,PO527149
SO-68403,C10506,2024-12-16,PO340292
SO-68404,C10521,2024-12-16,PO242792
SO-68405,C10529,2024-12-16,PO147495
SO-68406,C10591,2024-12-16,PO575900
SO-68407,C10728,2024-12-16,PO689296
SO-68408,C10954,2024-12-16,PO271854
SO-68409,C11019,2024-12-16,PO669586
SO-68410,C11216,2024-12-16,PO907330
SO-68411,C11412,2024-12-16,PO630349
SO-68412,C12333,2024-12-16,PO612737
SO-68413,C12717,2024-12-16,PO196227
SO-68414,C10006,2024-12-17,PO887575
SO-68415,C10033,2024-12-17,PO136847
SO-68416,C10071,2024-12-17,PO116811
SO-68417,C10081,2024-12-17,PO358882
SO-68418,C10102,2024-12-17,PO953152
SO-68419,C10114,2024-12-17,PO615240
SO-68420,C10144,2024-12-17,PO822263
SO-68421,C10151,2024-12-17,PO795219
SO-68422,C10217,2024-12-17,PO219872
SO-68423,C10365,2024-12-17,PO105146
SO-68424,C10616,2024-12-17,PO698826
SO-68425,C10745,2024-12-17,PO945057
SO-68426,C10938,2024-12-17,PO583536
SO-68427,C11178,2024-12-17,PO437468
SO-68428,C12931,2024-12-17,PO593419
SO-68429,C10006,2024-12-18,PO257747
SO-68430,C10071,2024-12-18,PO489500
SO-68431,C10081,2024-12-18,PO677609
SO-68432,C10096,2024-12-18,PO627548
SO-68433,C10123,2024-12-18,PO837727
SO-68434,C10175,2024-12-18,PO422358
SO-68435,C10529,2024-12-18,PO224267
SO-68436,C10006,2024-12-19,PO832416
SO-68437,C10019,2024-12-19,PO301686
SO-68438,C10042,2024-12-19,PO757195
SO-68439,C10071,2024-12-19,PO703924
SO-68440,C10081,2024-12-19,PO459823
SO-68441,C10096,2024-12-19,PO657674
SO-68442,C10138,2024-12-19,PO350347
SO-68443,C10144,2024-12-19,PO850135
SO-68444,C10159,2024-12-19,PO834862
SO-68445,C10186,2024-12-19,PO810474
SO-68446,C10208,2024-12-19,PO256065
SO-68447,C10269,2024-12-19,PO835726
SO-68448,C10440,2024-12-19,PO768381
SO-68449,C10529,2024-12-19,PO629110
SO-68450,C10636,2024-12-19,PO745096
SO-68451,C10954,2024-12-19,PO294461
SO-68452,C11190,2024-12-19,PO286995
SO-68453,C11554,2024-12-19,PO330830
SO-68454,C12659,2024-12-19,PO566810
SO-68455,C12938,2024-12-19,PO328565
SO-68456,C10006,2024-12-20,PO646012
SO-68457,C10011,2024-12-20,PO443283
SO-68458,C10024,2024-12-20,PO368452
SO-68459,C10042,2024-12-20,PO168861
SO-68460,C10071,2024-12-20,PO486901
SO-68461,C10081,2024-12-20,PO129612
SO-68462,C10086,2024-12-20,PO389073
SO-68463,C10096,2024-12-20,PO379975
SO-68464,C10102,2024-12-20,PO572686
SO-68465,C10107,2024-12-20,PO180161
SO-68466,C10123,2024-12-20,PO528316
SO-68467,C10132,2024-12-20,PO984585
SO-68468,C10138,2024-12-20,PO146138
SO-68469,C10144,2024-12-20,PO802514
SO-68470,C10159,2024-12-20,PO474440
SO-68471,C10175,2024-12-20,PO329372
SO-68472,C10215,2024-12-20,PO141271
SO-68473,C10261,2024-12-20,PO421277
SO-68474,C10515,2024-12-20,PO649442
SO-68475,C10640,2024-12-20,PO881788
SO-68476,C10675,2024-12-20,PO442308
SO-68477,C10844,2024-12-20,PO131869
SO-68478,C10871,2024-12-20,PO687334
SO-68479,C10006,2024-12-23,PO563528
SO-68480,C10011,2024-12-23,PO319902
SO-68481,C10019,2024-12-23,PO959760
SO-68482,C10033,2024-12-23,PO888851
SO-68483,C10053,2024-12-23,PO828925
SO-68484,C10071,2024-12-23,PO897821
SO-68485,C10081,2024-12-23,PO839640
SO-68486,C10086,2024-12-23,PO378477
SO-68487,C10096,2024-12-23,PO937359
SO-68488,C10102,2024-12-23,PO841124
SO-68489,C10107,2024-12-23,PO380194
SO-68490,C10114,2024-12-23,PO560916
SO-68491,C10123,2024-12-23,PO264577
SO-68492,C10138,2024-12-23,PO436195
SO-68493,C10144,2024-12-23,PO765486
SO-68494,C10242,2024-12-23,PO390708
SO-68495,C10304,2024-12-23,PO642087
SO-68496,C10308,2024-12-23,PO457047
SO-68497,C10376,2024-12-23,PO403533
SO-68498,C10494,2024-12-23,PO747221
SO-68499,C10544,2024-12-23,PO648793
SO-68500,C10581,2024-12-23,PO491892
SO-68501,C10595,2024-12-23,PO512195
SO-68502,C10721,2024-12-23,PO509189
SO-68503,C10871,2024-12-23,PO506970
SO-68504,C11029,2024-12-23,PO100287
SO-68505,C11364,2024-12-23,PO150043
SO-68506,C11578,2024-12-23,PO599010
SO-68507,C11596,2024-12-23,PO274027
SO-68508,C12051,2024-12-23,PO672731
SO-68509,C12427,2024-12-23,PO700653
SO-68510,C12540,2024-12-23,PO816360
SO-68511,C12674,2024-12-23,PO153430
SO-68512,C10042,2025-01-02,PO823478
SO-68513,C10081,2025-01-02,PO810183
SO-68514,C10102,2025-01-02,PO870467
SO-68515,C10123,2025-01-02,PO514643
SO-68516,C10006,2025-01-03,PO982413
SO-68517,C10033,2025-01-03,PO858605
SO-68518,C10096,2025-01-03,PO520857
SO-68519,C10102,2025-01-03,PO208509
SO-68520,C10138,2025-01-03,PO381089
SO-68521,C10444,2025-01-03,PO503625
SO-68522,C10738,2025-01-03,PO636292
SO-68523,C10006,2025-01-06,PO281017
SO-68524,C10011,2025-01-06,PO890915
SO-68525,C10024,2025-01-06,PO733091
SO-68526,C10033,2025-01-06,PO733357
SO-68527,C10053,2025-01-06,PO665164
SO-68528,C10071,2025-01-06,PO119995
SO-68529,C10081,2025-01-06,PO672162
SO-68530,C10102,2025-01-06,PO172786
SO-68531,C10144,2025-01-06,PO459570
SO-68532,C10173,2025-01-06,PO469382
SO-68533,C10248,2025-01-06,PO695635
SO-68534,C10276,2025-01-06,PO520577
SO-68535,C10482,2025-01-06,PO523084
SO-68536,C10515,2025-01-06,PO950743
SO-68537,C10591,2025-01-06,PO300875
SO-68538,C10998,2025-01-06,PO472429
SO-68539,C12233,2025-01-06,PO616421
SO-68540,C10006,2025-01-07,PO286311
SO-68541,C10011,2025-01-07,PO262728
SO-68542,C10024,2025-01-07,PO636165
SO-68543,C10041,2025-01-07,PO462483
SO-68544,C10071,2025-01-07,PO309673
SO-68545,C10081,2025-01-07,PO336871
SO-68546,C10096,2025-01-07,PO428371
SO-68547,C10102,2025-01-07,PO115389
SO-68548,C10114,2025-01-07,PO238756
SO-68549,C10629,2025-01-07,PO663923
SO-68550,C11029,2025-01-07,PO305820
SO-68551,C11241,2025-01-07,PO600362
SO-68552,C10006,2025-01-08,PO361676
SO-68553,C10011,2025-01-08,PO477323
SO-68554,C10024,2025-01-08,PO794723
SO-68555,C10071,2025-01-08,PO118002
SO-68556,C10081,2025-01-08,PO702828
SO-68557,C10096,2025-01-08,PO605961
SO-68558,C10123,2025-01-08,PO895185
SO-68559,C10138,2025-01-08,PO257436
SO-68560,C10144,2025-01-08,PO815549
SO-68561,C10242,2025-01-08,PO325296
SO-68562,C10276,2025-01-08,PO830365
SO-68563,C10321,2025-01-08,PO532512
SO-68564,C10390,2025-01-08,PO637538
SO-68565,C10640,2025-01-08,PO214891
SO-68566,C10900,2025-01-08,PO329766
SO-68567,C10006,2025-01-09,PO731961
SO-68568,C10011,2025-01-09,PO325645
SO-68569,C10024,2025-01-09,PO828727
SO-68570,C10033,2025-01-09,PO560396
SO-68571,C10071,2025-01-09,PO650652
SO-68572,C10081,2025-01-09,PO371079
SO-68573,C10144,2025-01-09,PO522267
SO-68574,C10161,2025-01-09,PO266223
SO-68575,C10200,2025-01-09,PO406916
SO-68576,C10376,2025-01-09,PO338891
SO-68577,C10556,2025-01-09,PO961146
SO-68578,C10826,2025-01-09,PO613078
SO-68579,C11086,2025-01-09,PO911934
SO-68580,C10006,2025-01-10,PO370777
SO-68581,C10071,2025-01-10,PO437226
SO-68582,C10114,2025-01-10,PO436628
SO-68583,C10186,2025-01-10,PO334802
SO-68584,C10595,2025-01-10,PO691050
SO-68585,C10669,2025-01-10,PO963665
SO-68586,C10864,2025-01-10,PO158492
SO-68587,C11743,2025-01-10,PO308148
SO-68588,C10006,2025-01-13,PO170438
SO-68589,C10011,2025-01-13,PO981799
SO-68590,C10019,2025-01-13,PO487245
SO-68591,C10033,2025-01-13,PO650839
SO-68592,C10071,2025-01-13,PO704928
SO-68593,C10081,2025-01-13,PO720545
SO-68594,C10102,2025-01-13,PO437985
SO-68595,C10107,2025-01-13,PO607624
SO-68596,C10132,2025-01-13,PO457598
SO-68597,C10138,2025-01-13,PO291046
SO-68598,C10390,2025-01-13,PO887098
SO-68599,C10418,2025-01-13,PO383956
SO-68600,C10544,2025-01-13,PO371009
SO-68601,C10556,2025-01-13,PO171614
SO-68602,C10707,2025-01-13,PO616267
SO-68603,C10950,2025-01-13,PO818516
SO-68604,C11498,2025-01-13,PO942727
SO-68605,C10006,2025-01-14,PO653074
SO-68606,C10053,2025-01-14,PO730036
SO-68607,C10071,2025-01-14,PO382231
SO-68608,C10107,2025-01-14,PO477211
SO-68609,C10390,2025-01-14,PO602769
SO-68610,C10423,2025-01-14,PO404657
SO-68611,C10580,2025-01-14,PO668898
SO-68612,C11114,2025-01-14,PO671841
SO-68613,C12777,2025-01-14,PO394861
SO-68614,C10006,2025-01-15,PO675925
SO-68615,C10011,2025-01-15,PO633016
SO-68616,C10033,2025-01-15,PO549308
SO-68617,C10071,2025-01-15,PO342549
SO-68618,C10102,2025-01-15,PO487935
SO-68619,C10114,2025-01-15,PO603503
SO-68620,C10286,2025-01-15,PO504751
SO-68621,C10532,2025-01-15,PO694930
SO-68622,C10006,2025-01-16,PO854758
SO-68623,C10011,2025-01-16,PO163298
SO-68624,C10024,2025-01-16,PO966368
SO-68625,C10071,2025-01-16,PO671633
SO-68626,C10081,2025-01-16,PO995952
SO-68627,C10086,2025-01-16,PO922624
SO-68628,C10107,2025-01-16,PO527992
SO-68629,C10151,2025-01-16,PO970517
SO-68630,C10235,2025-01-16,PO596603
SO-68631,C11979,2025-01-16,PO202810
SO-68632,C13088,2025-01-16,PO708900
SO-68633,C10006,2025-01-17,PO856089
SO-68634,C10024,2025-01-17,PO221618
SO-68635,C10081,2025-01-17,PO976738
SO-68636,C10096,2025-01-17,PO398826
SO-68637,C10102,2025-01-17,PO221657
SO-68638,C10192,2025-01-17,PO240766
SO-68639,C10208,2025-01-17,PO562471
SO-68640,C10444,2025-01-17,PO102822
SO-68641,C10714,2025-01-17,PO778448
SO-68642,C11945,2025-01-17,PO144482
SO-68643,C10006,2025-01-20,PO195978
SO-68644,C10011,2025-01-20,PO668391
SO-68645,C10019,2025-01-20,PO361026
SO-68646,C10024,2025-01-20,PO348805
SO-68647,C10033,2025-01-20,PO167216
SO-68648,C10067,2025-01-20,PO342084
SO-68649,C10071,2025-01-20,PO120392
SO-68650,C10081,2025-01-20,PO333442
SO-68651,C10086,2025-01-20,PO480007
SO-68652,C10102,2025-01-20,PO605030
SO-68653,C10107,2025-01-20,PO629680
SO-68654,C10123,2025-01-20,PO929923
SO-68655,C10138,2025-01-20,PO845225
SO-68656,C10151,2025-01-20,PO699652
SO-68657,C10186,2025-01-20,PO932061
SO-68658,C10321,2025-01-20,PO910356
SO-68659,C10390,2025-01-20,PO444513
SO-68660,C10456,2025-01-20,PO507186
SO-68661,C11029,2025-01-20,PO613317
SO-68662,C11374,2025-01-20,PO202614
SO-68663,C11708,2025-01-20,PO315643
SO-68664,C11914,2025-01-20,PO354840
SO-68665,C12572,2025-01-20,PO520257
SO-68666,C12664,2025-01-20,PO888010
SO-68667,C10006,2025-01-21,PO105800
SO-68668,C10019,2025-01-21,PO466955
SO-68669,C10071,2025-01-21,PO927675
SO-68670,C10081,2025-01-21,PO295249
SO-68671,C10086,2025-01-21,PO851693
SO-68672,C10096,2025-01-21,PO115499
SO-68673,C10107,2025-01-21,PO968219
SO-68674,C10123,2025-01-21,PO434009
SO-68675,C10151,2025-01-21,PO756183
SO-68676,C10336,2025-01-21,PO600683
SO-68677,C10595,2025-01-21,PO779336
SO-68678,C10728,2025-01-21,PO857035
SO-68679,C11632,2025-01-21,PO391930
SO-68680,C13006,2025-01-21,PO384119
SO-68681,C10006,2025-01-22,PO112312
SO-68682,C10019,2025-01-22,PO491537
SO-68683,C10071,2025-01-22,PO250841
SO-68684,C10081,2025-01-22,PO918573
SO-68685,C10086,2025-01-22,PO289998
SO-68686,C10102,2025-01-22,PO853369
SO-68687,C10173,2025-01-22,PO126349
SO-68688,C10694,2025-01-22,PO756562
SO-68689,C12762,2025-01-22,PO543781
SO-68690,C10006,2025-01-23,PO834882
SO-68691,C10041,2025-01-23,PO642115
SO-68692,C10071,2025-01-23,PO520863
SO-68693,C10081,2025-01-23,PO973802
SO-68694,C10096,2025-01-23,PO779215
SO-68695,C10144,2025-01-23,PO935741
SO-68696,C10161,2025-01-23,PO288101
SO-68697,C10248,2025-01-23,PO369267
SO-68698,C10616,2025-01-23,PO656585
SO-68699,C10675,2025-01-23,PO482687
SO-68700,C11225,2025-01-23,PO735862
SO-68701,C12036,2025-01-23,PO226319
SO-68702,C12953,2025-01-23,PO877742
SO-68703,C10006,2025-01-24,PO557896
SO-68704,C10024,2025-01-24,PO933121
SO-68705,C10041,2025-01-24,PO768123
SO-68706,C10071,2025-01-24,PO860386
SO-68707,C10081,2025-01-24,PO395626
SO-68708,C10096,2025-01-24,PO177946
SO-68709,C10102,2025-01-24,PO452686
SO-68710,C10186,2025-01-24,PO135773
SO-68711,C10365,2025-01-24,PO179169
SO-68712,C10482,2025-01-24,PO426949
SO-68713,C10616,2025-01-24,PO134154
SO-68714,C11269,2025-01-24,PO390717
SO-68715,C10006,2025-01-27,PO974022
SO-68716,C10011,2025-01-27,PO546353
SO-68717,C10019,2025-01-27,PO422765
SO-68718,C10033,2025-01-27,PO406819
SO-68719,C10071,2025-01-27,PO154881
SO-68720,C10081,2025-01-27,PO671411
SO-68721,C10086,2025-01-27,PO501285
SO-68722,C10096,2025-01-27,PO588883
SO-68723,C10102,2025-01-27,PO340356
SO-68724,C10107,2025-01-27,PO976740
SO-68725,C10114,2025-01-27,PO115338
SO-68726,C10123,2025-01-27,PO731539
SO-68727,C10144,2025-01-27,PO230874
SO-68728,C10186,2025-01-27,PO196073
SO-68729,C10192,2025-01-27,PO368936
SO-68730,C10200,2025-01-27,PO439666
SO-68731,C10235,2025-01-27,PO351245
SO-68732,C10242,2025-01-27,PO964527
SO-68733,C10376,2025-01-27,PO407375
SO-68734,C10418,2025-01-27,PO200752
SO-68735,C10440,2025-01-27,PO454452
SO-68736,C10615,2025-01-27,PO208883
SO-68737,C10636,2025-01-27,PO896008
SO-68738,C11241,2025-01-27,PO993439
SO-68739,C11412,2025-01-27,PO214102
SO-68740,C11419,2025-01-27,PO845788
SO-68741,C11705,2025-01-27,PO628671
SO-68742,C12669,2025-01-27,PO454887
SO-68743,C10006,2025-01-28,PO852369
SO-68744,C10071,2025-01-28,PO470600
SO-68745,C10086,2025-01-28,PO698193
SO-68746,C10102,2025-01-28,PO419321
SO-68747,C10107,2025-01-28,PO656713
SO-68748,C10114,2025-01-28,PO964312
SO-68749,C10123,2025-01-28,PO311168
SO-68750,C10138,2025-01-28,PO800259
SO-68751,C10173,2025-01-28,PO354184
SO-68752,C12820,2025-01-28,PO507964
SO-68753,C10006,2025-01-29,PO765885
SO-68754,C10024,2025-01-29,PO790888
SO-68755,C10053,2025-01-29,PO723634
SO-68756,C10086,2025-01-29,PO510121
SO-68757,C10096,2025-01-29,PO390463
SO-68758,C10762,2025-01-29,PO387261
SO-68759,C11463,2025-01-29,PO381062
SO-68760,C12316,2025-01-29,PO762436
SO-68761,C10006,2025-01-30,PO765879
SO-68762,C10019,2025-01-30,PO395686
SO-68763,C10060,2025-01-30,PO185425
SO-68764,C10071,2025-01-30,PO573932
SO-68765,C10081,2025-01-30,PO280332
SO-68766,C10452,2025-01-30,PO669215
SO-68767,C10506,2025-01-30,PO832394
SO-68768,C10544,2025-01-30,PO701719
SO-68769,C10767,2025-01-30,PO459314
SO-68770,C11332,2025-01-30,PO543075
SO-68771,C11784,2025-01-30,PO427299
SO-68772,C10006,2025-01-31,PO136566
SO-68773,C10033,2025-01-31,PO278096
SO-68774,C10071,2025-01-31,PO372479
SO-68775,C10081,2025-01-31,PO793373
SO-68776,C10107,2025-01-31,PO453960
SO-68777,C10144,2025-01-31,PO552492
SO-68778,C10161,2025-01-31,PO940718
SO-68779,C10200,2025-01-31,PO377026
SO-68780,C10361,2025-01-31,PO571083
SO-68781,C10390,2025-01-31,PO963837
SO-68782,C10409,2025-01-31,PO454851
SO-68783,C10826,2025-01-31,PO197874
SO-68784,C10837,2025-01-31,PO338308
SO-68785,C11524,2025-01-31,PO285054
SO-68786,C11825,2025-01-31,PO484115
SO-68787,C11886,2025-01-31,PO115308
SO-68788,C12794,2025-01-31,PO250918
SO-68789,C10006,2025-02-03,PO236175
SO-68790,C10024,2025-02-03,PO630984
SO-68791,C10033,2025-02-03,PO748347
SO-68792,C10053,2025-02-03,PO601016
SO-68793,C10071,2025-02-03,PO336156
SO-68794,C10081,2025-02-03,PO230810
SO-68795,C10086,2025-02-03,PO506093
SO-68796,C10102,2025-02-03,PO774214
SO-68797,C10107,2025-02-03,PO484093
SO-68798,C10151,2025-02-03,PO528722
SO-68799,C10159,2025-02-03,PO530047
SO-68800,C10161,2025-02-03,PO773572
SO-68801,C10173,2025-02-03,PO436801
SO-68802,C10286,2025-02-03,PO117888
SO-68803,C10380,2025-02-03,PO718426
SO-68804,C10463,2025-02-03,PO654624
SO-68805,C10859,2025-02-03,PO120133
SO-68806,C11112,2025-02-03,PO254074
SO-68807,C10006,2025-02-04,PO609843
SO-68808,C10011,2025-02-04,PO598342
SO-68809,C10071,2025-02-04,PO716802
SO-68810,C10102,2025-02-04,PO927901
SO-68811,C10144,2025-02-04,PO452518
SO-68812,C10200,2025-02-04,PO954527
SO-68813,C10321,2025-02-04,PO172303
SO-68814,C10440,2025-02-04,PO930620
SO-68815,C13043,2025-02-04,PO443493
SO-68816,C10006,2025-02-05,PO698923
SO-68817,C10011,2025-02-05,PO406706
SO-68818,C10019,2025-02-05,PO852405
SO-68819,C10042,2025-02-05,PO620467
SO-68820,C10071,2025-02-05,PO489435
SO-68821,C10081,2025-02-05,PO581433
SO-68822,C10096,2025-02-05,PO296987
SO-68823,C10107,2025-02-05,PO987617
SO-68824,C10114,2025-02-05,PO626902
SO-68825,C10248,2025-02-05,PO343192
SO-68826,C10276,2025-02-05,PO198957
SO-68827,C10297,2025-02-05,PO492975
SO-68828,C10304,2025-02-05,PO849465
SO-68829,C10376,2025-02-05,PO424675
SO-68830,C10463,2025-02-05,PO306039
SO-68831,C10544,2025-02-05,PO138705
SO-68832,C11178,2025-02-05,PO133004
SO-68833,C12419,2025-02-05,PO471500
SO-68834,C10006,2025-02-06,PO619916
SO-68835,C10019,2025-02-06,PO457494
SO-68836,C10042,2025-02-06,PO980085
SO-68837,C10071,2025-02-06,PO989324
SO-68838,C10086,2025-02-06,PO454074
SO-68839,C10096,2025-02-06,PO502224
SO-68840,C10132,2025-02-06,PO145503
SO-68841,C10144,2025-02-06,PO167045
SO-68842,C10175,2025-02-06,PO442875
SO-68843,C10192,2025-02-06,PO230751
SO-68844,C10235,2025-02-06,PO964961
SO-68845,C10248,2025-02-06,PO252454
SO-68846,C10261,2025-02-06,PO938327
SO-68847,C10470,2025-02-06,PO187569
SO-68848,C10494,2025-02-06,PO478058
SO-68849,C10647,2025-02-06,PO955750
SO-68850,C11204,2025-02-06,PO600845
SO-68851,C12036,2025-02-06,PO662339
SO-68852,C10006,2025-02-07,PO532499
SO-68853,C10011,2025-02-07,PO371258
SO-68854,C10019,2025-02-07,PO446546
SO-68855,C10041,2025-02-07,PO930164
SO-68856,C10071,2025-02-07,PO204222
SO-68857,C10081,2025-02-07,PO144449
SO-68858,C10086,2025-02-07,PO883475
SO-68859,C10096,2025-02-07,PO636251
SO-68860,C10107,2025-02-07,PO726239
SO-68861,C10144,2025-02-07,PO977369
SO-68862,C10151,2025-02-07,PO939449
SO-68863,C10276,2025-02-07,PO310409
SO-68864,C10506,2025-02-07,PO529389
SO-68865,C11586,2025-02-07,PO335415
SO-68866,C12168,2025-02-07,PO108641
SO-68867,C10006,2025-02-10,PO516338
SO-68868,C10011,2025-02-10,PO388071
SO-68869,C10019,2025-02-10,PO169975
SO-68870,C10041,2025-02-10,PO348688
SO-68871,C10071,2025-02-10,PO926020
SO-68872,C10081,2025-02-10,PO620605
SO-68873,C10086,2025-02-10,PO450577
SO-68874,C10096,2025-02-10,PO420638
SO-68875,C10102,2025-02-10,PO261659
SO-68876,C10107,2025-02-10,PO552541
SO-68877,C10114,2025-02-10,PO919070
SO-68878,C10138,2025-02-10,PO348065
SO-68879,C10161,2025-02-10,PO344367
SO-68880,C10186,2025-02-10,PO980103
SO-68881,C10225,2025-02-10,PO323459
SO-68882,C10409,2025-02-10,PO522482
SO-68883,C10430,2025-02-10,PO893496
SO-68884,C11062,2025-02-10,PO234776
SO-68885,C11327,2025-02-10,PO612373
SO-68886,C11463,2025-02-10,PO248608
SO-68887,C12223,2025-02-10,PO910999
SO-68888,C12820,2025-02-10,PO538200
SO-68889,C10006,2025-02-11,PO522823
SO-68890,C10024,2025-02-11,PO872543
SO-68891,C10033,2025-02-11,PO136965
SO-68892,C10071,2025-02-11,PO232228
SO-68893,C10081,2025-02-11,PO694833
SO-68894,C10086,2025-02-11,PO472811
SO-68895,C10096,2025-02-11,PO272096
SO-68896,C10102,2025-02-11,PO289014
SO-68897,C10144,2025-02-11,PO891611
SO-68898,C10151,2025-02-11,PO551681
SO-68899,C10159,2025-02-11,PO874959
SO-68900,C10248,2025-02-11,PO694316
SO-68901,C10297,2025-02-11,PO186828
SO-68902,C10304,2025-02-11,PO631207
SO-68903,C10675,2025-02-11,PO219842
SO-68904,C10701,2025-02-11,PO267273
SO-68905,C10721,2025-02-11,PO563943
SO-68906,C12253,2025-02-11,PO615763
SO-68907,C13119,2025-02-11,PO491614
SO-68908,C10024,2025-02-12,PO205879
SO-68909,C10042,2025-02-12,PO920738
SO-68910,C10053,2025-02-12,PO738893
SO-68911,C10071,2025-02-12,PO946642
SO-68912,C10096,2025-02-12,PO296157
SO-68913,C10107,2025-02-12,PO359345
SO-68914,C10132,2025-02-12,PO906169
SO-68915,C10144,2025-02-12,PO169164
SO-68916,C10308,2025-02-12,PO479830
SO-68917,C10616,2025-02-12,PO422234
SO-68918,C12204,2025-02-12,PO523100
SO-68919,C10006,2025-02-13,PO298193
SO-68920,C10071,2025-02-13,PO551273
SO-68921,C10081,2025-02-13,PO183740
SO-68922,C10086,2025-02-13,PO169001
SO-68923,C10102,2025-02-13,PO632487
SO-68924,C10107,2025-02-13,PO998842
SO-68925,C10132,2025-02-13,PO444627
SO-68926,C10297,2025-02-13,PO800669
SO-68927,C10308,2025-02-13,PO164381
SO-68928,C10336,2025-02-13,PO463627
SO-68929,C10655,2025-02-13,PO319303
SO-68930,C10938,2025-02-13,PO169976
SO-68931,C11304,2025-02-13,PO378715
SO-68932,C10006,2025-02-14,PO202167
SO-68933,C10041,2025-02-14,PO535927
SO-68934,C10081,2025-02-14,PO879028
SO-68935,C10086,2025-02-14,PO701082
SO-68936,C10107,2025-02-14,PO374387
SO-68937,C10114,2025-02-14,PO443558
SO-68938,C10138,2025-02-14,PO920652
SO-68939,C10151,2025-02-14,PO921815
SO-68940,C10161,2025-02-14,PO644121
SO-68941,C10276,2025-02-14,PO819188
SO-68942,C12319,2025-02-14,PO100674
SO-68943,C12412,2025-02-14,PO102765
SO-68944,C10006,2025-02-17,PO298150
SO-68945,C10011,2025-02-17,PO112629
SO-68946,C10024,2025-02-17,PO142703
SO-68947,C10033,2025-02-17,PO321551
SO-68948,C10071,2025-02-17,PO901332
SO-68949,C10081,2025-02-17,PO782136
SO-68950,C10086,2025-02-17,PO349598
SO-68951,C10096,2025-02-17,PO342010
SO-68952,C10107,2025-02-17,PO710165
SO-68953,C10138,2025-02-17,PO500436
SO-68954,C10159,2025-02-17,PO806471
SO-68955,C10186,2025-02-17,PO785261
SO-68956,C10217,2025-02-17,PO279234
SO-68957,C10257,2025-02-17,PO802266
SO-68958,C10336,2025-02-17,PO375038
SO-68959,C10483,2025-02-17,PO137802
SO-68960,C10659,2025-02-17,PO955744
SO-68961,C10714,2025-02-17,PO460746
SO-68962,C10998,2025-02-17,PO535677
SO-68963,C11178,2025-02-17,PO688515
SO-68964,C11204,2025-02-17,PO228925
SO-68965,C11537,2025-02-17,PO856483
SO-68966,C11654,2025-02-17,PO758281
SO-68967,C13025,2025-02-17,PO637957
SO-68968,C10006,2025-02-18,PO913198
SO-68969,C10011,2025-02-18,PO859233
SO-68970,C10019,2025-02-18,PO884222
SO-68971,C10071,2025-02-18,PO260196
SO-68972,C10081,2025-02-18,PO535109
SO-68973,C10096,2025-02-18,PO226014
SO-68974,C10102,2025-02-18,PO780611
SO-68975,C10107,2025-02-18,PO786620
SO-68976,C10123,2025-02-18,PO967868
SO-68977,C10144,2025-02-18,PO185079
SO-68978,C10151,2025-02-18,PO601683
SO-68979,C10269,2025-02-18,PO150740
SO-68980,C10409,2025-02-18,PO122264
SO-68981,C10463,2025-02-18,PO982626
SO-68982,C10776,2025-02-18,PO816508
SO-68983,C11480,2025-02-18,PO995287
SO-68984,C11646,2025-02-18,PO117649
SO-68985,C12647,2025-02-18,PO742118
SO-68986,C10011,2025-02-19,PO691843
SO-68987,C10019,2025-02-19,PO346086
SO-68988,C10042,2025-02-19,PO275872
SO-68989,C10053,2025-02-19,PO393227
SO-68990,C10071,2025-02-19,PO609921
SO-68991,C10086,2025-02-19,PO657314
SO-68992,C10096,2025-02-19,PO165537
SO-68993,C10102,2025-02-19,PO346145
SO-68994,C10123,2025-02-19,PO637164
SO-68995,C10159,2025-02-19,PO858255
SO-68996,C10208,2025-02-19,PO161503
SO-68997,C10217,2025-02-19,PO250443
SO-68998,C10751,2025-02-19,PO279787
SO-68999,C11472,2025-02-19,PO876158
SO-69000,C10006,2025-02-20,PO464512
SO-69001,C10019,2025-02-20,PO983909
SO-69002,C10033,2025-02-20,PO881898
SO-69003,C10071,2025-02-20,PO449911
SO-69004,C10081,2025-02-20,PO910849
SO-69005,C10096,2025-02-20,PO574777
SO-69006,C10102,2025-02-20,PO331462
SO-69007,C10107,2025-02-20,PO320897
SO-69008,C10132,2025-02-20,PO749593
SO-69009,C10151,2025-02-20,PO356308
SO-69010,C10159,2025-02-20,PO529371
SO-69011,C10242,2025-02-20,PO916798
SO-69012,C10308,2025-02-20,PO819400
SO-69013,C10418,2025-02-20,PO475589
SO-69014,C10430,2025-02-20,PO303562
SO-69015,C10573,2025-02-20,PO281695
SO-69016,C11332,2025-02-20,PO779422
SO-69017,C11578,2025-02-20,PO164270
SO-69018,C10006,2025-02-21,PO644934
SO-69019,C10019,2025-02-21,PO673895
SO-69020,C10071,2025-02-21,PO132664
SO-69021,C10081,2025-02-21,PO958248
SO-69022,C10086,2025-02-21,PO445400
SO-69023,C10096,2025-02-21,PO933638
SO-69024,C10102,2025-02-21,PO361033
SO-69025,C10114,2025-02-21,PO172110
SO-69026,C10159,2025-02-21,PO480417
SO-69027,C10297,2025-02-21,PO324334
SO-69028,C11315,2025-02-21,PO772158
SO-69029,C11419,2025-02-21,PO462783
SO-69030,C11861,2025-02-21,PO445460
SO-69031,C10006,2025-02-24,PO815260
SO-69032,C10011,2025-02-24,PO162533
SO-69033,C10019,2025-02-24,PO192513
SO-69034,C10042,2025-02-24,PO444963
SO-69035,C10071,2025-02-24,PO595069
SO-69036,C10086,2025-02-24,PO781621
SO-69037,C10096,2025-02-24,PO755482
SO-69038,C10102,2025-02-24,PO385108
SO-69039,C10107,2025-02-24,PO192693
SO-69040,C10114,2025-02-24,PO405923
SO-69041,C10144,2025-02-24,PO951713
SO-69042,C10186,2025-02-24,PO357296
SO-69043,C10208,2025-02-24,PO195556
SO-69044,C10215,2025-02-24,PO669991
SO-69045,C10217,2025-02-24,PO137612
SO-69046,C10225,2025-02-24,PO420434
SO-69047,C10235,2025-02-24,PO153562
SO-69048,C10242,2025-02-24,PO135280
SO-69049,C10257,2025-02-24,PO408217
SO-69050,C10269,2025-02-24,PO731385
SO-69051,C10332,2025-02-24,PO585402
SO-69052,C10361,2025-02-24,PO868274
SO-69053,C10423,2025-02-24,PO295428
SO-69054,C10563,2025-02-24,PO723514
SO-69055,C10595,2025-02-24,PO558560
SO-69056,C10810,2025-02-24,PO684521
SO-69057,C10993,2025-02-24,PO269848
SO-69058,C11315,2025-02-24,PO890686
SO-69059,C11480,2025-02-24,PO509223
SO-69060,C13074,2025-02-24,PO935248
SO-69061,C10006,2025-02-25,PO486729
SO-69062,C10019,2025-02-25,PO345722
SO-69063,C10033,2025-02-25,PO506876
SO-69064,C10071,2025-02-25,PO868661
SO-69065,C10081,2025-02-25,PO350400
SO-69066,C10102,2025-02-25,PO814445
SO-69067,C10138,2025-02-25,PO969702
SO-69068,C11266,2025-02-25,PO803252
SO-69069,C11572,2025-02-25,PO234635
SO-69070,C12191,2025-02-25,PO875151
SO-69071,C12253,2025-02-25,PO199534
SO-69072,C10006,2025-02-26,PO966136
SO-69073,C10071,2025-02-26,PO678504
SO-69074,C10081,2025-02-26,PO170457
SO-69075,C11463,2025-02-26,PO639591
SO-69076,C12142,2025-02-26,PO758614
SO-69077,C12168,2025-02-26,PO861953
SO-69078,C10006,2025-02-27,PO234252
SO-69079,C10019,2025-02-27,PO464122
SO-69080,C10024,2025-02-27,PO782872
SO-69081,C10033,2025-02-27,PO662586
SO-69082,C10053,2025-02-27,PO180853
SO-69083,C10071,2025-02-27,PO665399
SO-69084,C10086,2025-02-27,PO698572
SO-69085,C10144,2025-02-27,PO558874
SO-69086,C10173,2025-02-27,PO877102
SO-69087,C10175,2025-02-27,PO358433
SO-69088,C10225,2025-02-27,PO626711
SO-69089,C10269,2025-02-27,PO186245
SO-69090,C10344,2025-02-27,PO124470
SO-69091,C11796,2025-02-27,PO184719
SO-69092,C10006,2025-02-28,PO515473
SO-69093,C10011,2025-02-28,PO306865
SO-69094,C10033,2025-02-28,PO436160
SO-69095,C10071,2025-02-28,PO305773
SO-69096,C10081,2025-02-28,PO174107
SO-69097,C10096,2025-02-28,PO567913
SO-69098,C10151,2025-02-28,PO884892
SO-69099,C10200,2025-02-28,PO754269
SO-69100,C10276,2025-02-28,PO139137
SO-69101,C10521,2025-02-28,PO581753
SO-69102,C11491,2025-02-28,PO370071
SO-69103,C11632,2025-02-28,PO377646
SO-69104,C12159,2025-02-28,PO897428
SO-69105,C10006,2025-03-03,PO586695
SO-69106,C10011,2025-03-03,PO406786
SO-69107,C10024,2025-03-03,PO928752
SO-69108,C10033,2025-03-03,PO100674
SO-69109,C10071,2025-03-03,PO114418
SO-69110,C10081,2025-03-03,PO979166
SO-69111,C10086,2025-03-03,PO522319
SO-69112,C10102,2025-03-03,PO861828
SO-69113,C10107,2025-03-03,PO604797
SO-69114,C10114,2025-03-03,PO670483
SO-69115,C10159,2025-03-03,PO456188
SO-69116,C10161,2025-03-03,PO808660
SO-69117,C10200,2025-03-03,PO578035
SO-69118,C10225,2025-03-03,PO675608
SO-69119,C10276,2025-03-03,PO597679
SO-69120,C10304,2025-03-03,PO618428
SO-69121,C10365,2025-03-03,PO306443
SO-69122,C10400,2025-03-03,PO478384
SO-69123,C10409,2025-03-03,PO484732
SO-69124,C10714,2025-03-03,PO558219
SO-69125,C10795,2025-03-03,PO410876
SO-69126,C11339,2025-03-03,PO829834
SO-69127,C12168,2025-03-03,PO446910
SO-69128,C10006,2025-03-04,PO254948
SO-69129,C10011,2025-03-04,PO839649
SO-69130,C10024,2025-03-04,PO833637
SO-69131,C10071,2025-03-04,PO280524
SO-69132,C10081,2025-03-04,PO210570
SO-69133,C10086,2025-03-04,PO594976
SO-69134,C10159,2025-03-04,PO157388
SO-69135,C10217,2025-03-04,PO460998
SO-69136,C10409,2025-03-04,PO575866
SO-69137,C10483,2025-03-04,PO542919
SO-69138,C10767,2025-03-04,PO255449
SO-69139,C10006,2025-03-05,PO960152
SO-69140,C10024,2025-03-05,PO201878
SO-69141,C10071,2025-03-05,PO773344
SO-69142,C10081,2025-03-05,PO132427
SO-69143,C10086,2025-03-05,PO453653
SO-69144,C10102,2025-03-05,PO804388
SO-69145,C10107,2025-03-05,PO645276
SO-69146,C10114,2025-03-05,PO497442
SO-69147,C10132,2025-03-05,PO745685
SO-69148,C10138,2025-03-05,PO354791
SO-69149,C10215,2025-03-05,PO157524
SO-69150,C10269,2025-03-05,PO949966
SO-69151,C10444,2025-03-05,PO433738
SO-69152,C10859,2025-03-05,PO638802
SO-69153,C12129,2025-03-05,PO809915
SO-69154,C10006,2025-03-06,PO439664
SO-69155,C10011,2025-03-06,PO351225
SO-69156,C10033,2025-03-06,PO790663
SO-69157,C10071,2025-03-06,PO288172
SO-69158,C10081,2025-03-06,PO325485
SO-69159,C10096,2025-03-06,PO152036
SO-69160,C10102,2025-03-06,PO869524
SO-69161,C10107,2025-03-06,PO174510
SO-69162,C10200,2025-03-06,PO115222
SO-69163,C10344,2025-03-06,PO913798
SO-69164,C10615,2025-03-06,PO721426
SO-69165,C10006,2025-03-07,PO138504
SO-69166,C10024,2025-03-07,PO137519
SO-69167,C10053,2025-03-07,PO483189
SO-69168,C10071,2025-03-07,PO823547
SO-69169,C10081,2025-03-07,PO653476
SO-69170,C10144,2025-03-07,PO151477
SO-69171,C10161,2025-03-07,PO790392
SO-69172,C10225,2025-03-07,PO536511
SO-69173,C11676,2025-03-07,PO250984
SO-69174,C10006,2025-03-10,PO583148
SO-69175,C10011,2025-03-10,PO578676
SO-69176,C10019,2025-03-10,PO699167
SO-69177,C10071,2025-03-10,PO851468
SO-69178,C10081,2025-03-10,PO595006
SO-69179,C10086,2025-03-10,PO624817
SO-69180,C10096,2025-03-10,PO343419
SO-69181,C10107,2025-03-10,PO307922
SO-69182,C10123,2025-03-10,PO568310
SO-69183,C10151,2025-03-10,PO814959
SO-69184,C10161,2025-03-10,PO312520
SO-69185,C10173,2025-03-10,PO496380
SO-69186,C10215,2025-03-10,PO637189
SO-69187,C10217,2025-03-10,PO291363
SO-69188,C10257,2025-03-10,PO905080
SO-69189,C10276,2025-03-10,PO504643
SO-69190,C10332,2025-03-10,PO625599
SO-69191,C10430,2025-03-10,PO947905
SO-69192,C10494,2025-03-10,PO758248
SO-69193,C10701,2025-03-10,PO498414
SO-69194,C10767,2025-03-10,PO727076
SO-69195,C11463,2025-03-10,PO273276
SO-69196,C11480,2025-03-10,PO333815
SO-69197,C11572,2025-03-10,PO230414
SO-69198,C11759,2025-03-10,PO371793
SO-69199,C12483,2025-03-10,PO817873
SO-69200,C10006,2025-03-11,PO595240
SO-69201,C10011,2025-03-11,PO642074
SO-69202,C10033,2025-03-11,PO705294
SO-69203,C10071,2025-03-11,PO687865
SO-69204,C10081,2025-03-11,PO238047
SO-69205,C10086,2025-03-11,PO601989
SO-69206,C10107,2025-03-11,PO501331
SO-69207,C10321,2025-03-11,PO171094
SO-69208,C10463,2025-03-11,PO106151
SO-69209,C10938,2025-03-11,PO392592
SO-69210,C10006,2025-03-12,PO498639
SO-69211,C10024,2025-03-12,PO221278
SO-69212,C10033,2025-03-12,PO562852
SO-69213,C10071,2025-03-12,PO771639
SO-69214,C10081,2025-03-12,PO310744
SO-69215,C10086,2025-03-12,PO932303
SO-69216,C10096,2025-03-12,PO915986
SO-69217,C10102,2025-03-12,PO658312
SO-69218,C10144,2025-03-12,PO461674
SO-69219,C10159,2025-03-12,PO359575
SO-69220,C10235,2025-03-12,PO754105
SO-69221,C10257,2025-03-12,PO893074
SO-69222,C10701,2025-03-12,PO512145
SO-69223,C10006,2025-03-13,PO296862
SO-69224,C10033,2025-03-13,PO996381
SO-69225,C10071,2025-03-13,PO739880
SO-69226,C10102,2025-03-13,PO144969
SO-69227,C10114,2025-03-13,PO128252
SO-69228,C10151,2025-03-13,PO160569
SO-69229,C10173,2025-03-13,PO323895
SO-69230,C10186,2025-03-13,PO468202
SO-69231,C10192,2025-03-13,PO477909
SO-69232,C10200,2025-03-13,PO437731
SO-69233,C10409,2025-03-13,PO302343
SO-69234,C10521,2025-03-13,PO720947
SO-69235,C10580,2025-03-13,PO539558
SO-69236,C11241,2025-03-13,PO372269
SO-69237,C12304,2025-03-13,PO489774
SO-69238,C10006,2025-03-14,PO351538
SO-69239,C10011,2025-03-14,PO823164
SO-69240,C10071,2025-03-14,PO913090
SO-69241,C10081,2025-03-14,PO825727
SO-69242,C10161,2025-03-14,PO991750
SO-69243,C10286,2025-03-14,PO912614
SO-69244,C10308,2025-03-14,PO597816
SO-69245,C10321,2025-03-14,PO244617
SO-69246,C10397,2025-03-14,PO633313
SO-69247,C10640,2025-03-14,PO452891
SO-69248,C10784,2025-03-14,PO699076
SO-69249,C11928,2025-03-14,PO476477
SO-69250,C10006,2025-03-17,PO988122
SO-69251,C10011,2025-03-17,PO421267
SO-69252,C10071,2025-03-17,PO617397
SO-69253,C10081,2025-03-17,PO652458
SO-69254,C10086,2025-03-17,PO472420
SO-69255,C10144,2025-03-17,PO304746
SO-69256,C10173,2025-03-17,PO592034
SO-69257,C10215,2025-03-17,PO922609
SO-69258,C10297,2025-03-17,PO595515
SO-69259,C10304,2025-03-17,PO123077
SO-69260,C10444,2025-03-17,PO122454
SO-69261,C10456,2025-03-17,PO864057
SO-69262,C10521,2025-03-17,PO736703
SO-69263,C10954,2025-03-17,PO782414
SO-69264,C11025,2025-03-17,PO134129
SO-69265,C11279,2025-03-17,PO817786
SO-69266,C11419,2025-03-17,PO810186
SO-69267,C11849,2025-03-17,PO848044
SO-69268,C11881,2025-03-17,PO135833
SO-69269,C11914,2025-03-17,PO680941
SO-69270,C12191,2025-03-17,PO672281
SO-69271,C12377,2025-03-17,PO955604
SO-69272,C10006,2025-03-18,PO775479
SO-69273,C10011,2025-03-18,PO833048
SO-69274,C10019,2025-03-18,PO209230
SO-69275,C10071,2025-03-18,PO315674
SO-69276,C10086,2025-03-18,PO577395
SO-69277,C10102,2025-03-18,PO444673
SO-69278,C10107,2025-03-18,PO635564
SO-69279,C10173,2025-03-18,PO695985
SO-69280,C10225,2025-03-18,PO814900
SO-69281,C10269,2025-03-18,PO684438
SO-69282,C10400,2025-03-18,PO591741
SO-69283,C10595,2025-03-18,PO574280
SO-69284,C11252,2025-03-18,PO186425
SO-69285,C11676,2025-03-18,PO752083
SO-69286,C10006,2025-03-19,PO698264
SO-69287,C10011,2025-03-19,PO127051
SO-69288,C10071,2025-03-19,PO113966
SO-69289,C10081,2025-03-19,PO769960
SO-69290,C10096,2025-03-19,PO515331
SO-69291,C10102,2025-03-19,PO619527
SO-69292,C10107,2025-03-19,PO504930
SO-69293,C10217,2025-03-19,PO840733
SO-69294,C10261,2025-03-19,PO152419
SO-69295,C10409,2025-03-19,PO169721
SO-69296,C10573,2025-03-19,PO713099
SO-69297,C11083,2025-03-19,PO158541
SO-69298,C11103,2025-03-19,PO101378
SO-69299,C13043,2025-03-19,PO197703
SO-69300,C10006,2025-03-20,PO970612
SO-69301,C10011,2025-03-20,PO293528
SO-69302,C10024,2025-03-20,PO181116
SO-69303,C10071,2025-03-20,PO539716
SO-69304,C10086,2025-03-20,PO748303
SO-69305,C10144,2025-03-20,PO958458
SO-69306,C10440,2025-03-20,PO382035
SO-69307,C10615,2025-03-20,PO665353
SO-69308,C10738,2025-03-20,PO707083
SO-69309,C10878,2025-03-20,PO425453
SO-69310,C10006,2025-03-21,PO135708
SO-69311,C10011,2025-03-21,PO444704
SO-69312,C10019,2025-03-21,PO100436
SO-69313,C10042,2025-03-21,PO854724
SO-69314,C10071,2025-03-21,PO747908
SO-69315,C10086,2025-03-21,PO703607
SO-69316,C10138,2025-03-21,PO685203
SO-69317,C10192,2025-03-21,PO717617
SO-69318,C11875,2025-03-21,PO618623
SO-69319,C10006,2025-03-24,PO644936
SO-69320,C10011,2025-03-24,PO737061
SO-69321,C10019,2025-03-24,PO339992
SO-69322,C10024,2025-03-24,PO330121
SO-69323,C10041,2025-03-24,PO939197
SO-69324,C10053,2025-03-24,PO850544
SO-69325,C10071,2025-03-24,PO548852
SO-69326,C10081,2025-03-24,PO623807
SO-69327,C10107,2025-03-24,PO357578
SO-69328,C10123,2025-03-24,PO382226
SO-69329,C10151,2025-03-24,PO176156
SO-69330,C10161,2025-03-24,PO443885
SO-69331,C10173,2025-03-24,PO845809
SO-69332,C10215,2025-03-24,PO623925
SO-69333,C10257,2025-03-24,PO994591
SO-69334,C10269,2025-03-24,PO405840
SO-69335,C10297,2025-03-24,PO824725
SO-69336,C10352,2025-03-24,PO598338
SO-69337,C10515,2025-03-24,PO902422
SO-69338,C11029,2025-03-24,PO334955
SO-69339,C11086,2025-03-24,PO678148
SO-69340,C11112,2025-03-24,PO881053
SO-69341,C11339,2025-03-24,PO241569
SO-69342,C11811,2025-03-24,PO975803
SO-69343,C10006,2025-03-25,PO603437
SO-69344,C10019,2025-03-25,PO689079
SO-69345,C10053,2025-03-25,PO655776
SO-69346,C10071,2025-03-25,PO416719
SO-69347,C10081,2025-03-25,PO610219
SO-69348,C10123,2025-03-25,PO328935
SO-69349,C10225,2025-03-25,PO331237
SO-69350,C10361,2025-03-25,PO734021
SO-69351,C10616,2025-03-25,PO604747
SO-69352,C11142,2025-03-25,PO336498
SO-69353,C10006,2025-03-26,PO244443
SO-69354,C10019,2025-03-26,PO858446
SO-69355,C10024,2025-03-26,PO259315
SO-69356,C10071,2025-03-26,PO534849
SO-69357,C10081,2025-03-26,PO929784
SO-69358,C10107,2025-03-26,PO363914
SO-69359,C10138,2025-03-26,PO579261
SO-69360,C10257,2025-03-26,PO734610
SO-69361,C10269,2025-03-26,PO719800
SO-69362,C10286,2025-03-26,PO819060
SO-69363,C10669,2025-03-26,PO575873
SO-69364,C10707,2025-03-26,PO655735
SO-69365,C11498,2025-03-26,PO548225
SO-69366,C11788,2025-03-26,PO906031
SO-69367,C12223,2025-03-26,PO574345
SO-69368,C12384,2025-03-26,PO205089
SO-69369,C10006,2025-03-27,PO543633
SO-69370,C10011,2025-03-27,PO786956
SO-69371,C10024,2025-03-27,PO304988
SO-69372,C10071,2025-03-27,PO217362
SO-69373,C10086,2025-03-27,PO308760
SO-69374,C10107,2025-03-27,PO302637
SO-69375,C10144,2025-03-27,PO566341
SO-69376,C10161,2025-03-27,PO295985
SO-69377,C10215,2025-03-27,PO656576
SO-69378,C10380,2025-03-27,PO437679
SO-69379,C10871,2025-03-27,PO949641
SO-69380,C11554,2025-03-27,PO158332
SO-69381,C12344,2025-03-27,PO264279
SO-69382,C12669,2025-03-27,PO385814
SO-69383,C10006,2025-03-28,PO813060
SO-69384,C10011,2025-03-28,PO287233
SO-69385,C10019,2025-03-28,PO308416
SO-69386,C10071,2025-03-28,PO951051
SO-69387,C10081,2025-03-28,PO497403
SO-69388,C10086,2025-03-28,PO797507
SO-69389,C10096,2025-03-28,PO513196
SO-69390,C10107,2025-03-28,PO396332
SO-69391,C10114,2025-03-28,PO525284
SO-69392,C10138,2025-03-28,PO193272
SO-69393,C10144,2025-03-28,PO615929
SO-69394,C10235,2025-03-28,PO121524
SO-69395,C10297,2025-03-28,PO936272
SO-69396,C10647,2025-03-28,PO937835
SO-69397,C10714,2025-03-28,PO637124
SO-69398,C11019,2025-03-28,PO417084
SO-69399,C11572,2025-03-28,PO757015
SO-69400,C10006,2025-03-31,PO325049
SO-69401,C10011,2025-03-31,PO296589
SO-69402,C10041,2025-03-31,PO136565
SO-69403,C10042,2025-03-31,PO203964
SO-69404,C10053,2025-03-31,PO507848
SO-69405,C10071,2025-03-31,PO938384
SO-69406,C10081,2025-03-31,PO288589
SO-69407,C10096,2025-03-31,PO998643
SO-69408,C10107,2025-03-31,PO411901
SO-69409,C10123,2025-03-31,PO927908
SO-69410,C10159,2025-03-31,PO764700
SO-69411,C10161,2025-03-31,PO960974
SO-69412,C10173,2025-03-31,PO930723
SO-69413,C10269,2025-03-31,PO585613
SO-69414,C10322,2025-03-31,PO354590
SO-69415,C11530,2025-03-31,PO988584
SO-69416,C11550,2025-03-31,PO755348
SO-69417,C12556,2025-03-31,PO878518
SO-69418,C10006,2025-04-01,PO114141
SO-69419,C10019,2025-04-01,PO937283
SO-69420,C10024,2025-04-01,PO593652
SO-69421,C10041,2025-04-01,PO389824
SO-69422,C10071,2025-04-01,PO479731
SO-69423,C10086,2025-04-01,PO269558
SO-69424,C10096,2025-04-01,PO984804
SO-69425,C10102,2025-04-01,PO413634
SO-69426,C10107,2025-04-01,PO181807
SO-69427,C10144,2025-04-01,PO899172
SO-69428,C10175,2025-04-01,PO418266
SO-69429,C10192,2025-04-01,PO957292
SO-69430,C10286,2025-04-01,PO512901
SO-69431,C10776,2025-04-01,PO189112
SO-69432,C10965,2025-04-01,PO994604
SO-69433,C11052,2025-04-01,PO338024
SO-69434,C11632,2025-04-01,PO597463
SO-69435,C12204,2025-04-01,PO612552
SO-69436,C13006,2025-04-01,PO575995
SO-69437,C10006,2025-04-02,PO524657
SO-69438,C10011,2025-04-02,PO904291
SO-69439,C10071,2025-04-02,PO223159
SO-69440,C10081,2025-04-02,PO733459
SO-69441,C10086,2025-04-02,PO173656
SO-69442,C10114,2025-04-02,PO398200
SO-69443,C10144,2025-04-02,PO740909
SO-69444,C10225,2025-04-02,PO454837
SO-69445,C10659,2025-04-02,PO654480
SO-69446,C10686,2025-04-02,PO545527
SO-69447,C10006,2025-04-03,PO592708
SO-69448,C10011,2025-04-03,PO422609
SO-69449,C10042,2025-04-03,PO223655
SO-69450,C10071,2025-04-03,PO782086
SO-69451,C10081,2025-04-03,PO873679
SO-69452,C10096,2025-04-03,PO345546
SO-69453,C10352,2025-04-03,PO184918
SO-69454,C10400,2025-04-03,PO977731
SO-69455,C10494,2025-04-03,PO905118
SO-69456,C10615,2025-04-03,PO506663
SO-69457,C10745,2025-04-03,PO747333
SO-69458,C10938,2025-04-03,PO938664
SO-69459,C11010,2025-04-03,PO772065
SO-69460,C11391,2025-04-03,PO770742
SO-69461,C12593,2025-04-03,PO558213
SO-69462,C10006,2025-04-04,PO257779
SO-69463,C10011,2025-04-04,PO229739
SO-69464,C10071,2025-04-04,PO908258
SO-69465,C10086,2025-04-04,PO379078
SO-69466,C10114,2025-04-04,PO758685
SO-69467,C10123,2025-04-04,PO207055
SO-69468,C10132,2025-04-04,PO552833
SO-69469,C10532,2025-04-04,PO273629
SO-69470,C10006,2025-04-07,PO365541
SO-69471,C10011,2025-04-07,PO892777
SO-69472,C10024,2025-04-07,PO649827
SO-69473,C10067,2025-04-07,PO132215
SO-69474,C10071,2025-04-07,PO591559
SO-69475,C10081,2025-04-07,PO712583
SO-69476,C10086,2025-04-07,PO200167
SO-69477,C10096,2025-04-07,PO661156
SO-69478,C10102,2025-04-07,PO593763
SO-69479,C10107,2025-04-07,PO882267
SO-69480,C10138,2025-04-07,PO713676
SO-69481,C10144,2025-04-07,PO936268
SO-69482,C10151,2025-04-07,PO829023
SO-69483,C10175,2025-04-07,PO885368
SO-69484,C10192,2025-04-07,PO175701
SO-69485,C10217,2025-04-07,PO423771
SO-69486,C10269,2025-04-07,PO349989
SO-69487,C10321,2025-04-07,PO867163
SO-69488,C10332,2025-04-07,PO119188
SO-69489,C10636,2025-04-07,PO563123
SO-69490,C10950,2025-04-07,PO844033
SO-69491,C11315,2025-04-07,PO531597
SO-69492,C12096,2025-04-07,PO124464
SO-69493,C12223,2025-04-07,PO209479
SO-69494,C10006,2025-04-08,PO750340
SO-69495,C10019,2025-04-08,PO689490
SO-69496,C10024,2025-04-08,PO700783
SO-69497,C10042,2025-04-08,PO308928
SO-69498,C10071,2025-04-08,PO872598
SO-69499,C10081,2025-04-08,PO430206
SO-69500,C10107,2025-04-08,PO254724
SO-69501,C10138,2025-04-08,PO568506
SO-69502,C10144,2025-04-08,PO173595
SO-69503,C10304,2025-04-08,PO785297
SO-69504,C10430,2025-04-08,PO956861
SO-69505,C10515,2025-04-08,PO230876
SO-69506,C10556,2025-04-08,PO417706
SO-69507,C11103,2025-04-08,PO555994
SO-69508,C11190,2025-04-08,PO700711
SO-69509,C11875,2025-04-08,PO705916
SO-69510,C12688,2025-04-08,PO504188
SO-69511,C10107,2025-04-09,PO891202
SO-69512,C10114,2025-04-09,PO965207
SO-69513,C10138,2025-04-09,PO787283
SO-69514,C10304,2025-04-09,PO350417
SO-69515,C10308,2025-04-09,PO276036
SO-69516,C10376,2025-04-09,PO408987
SO-69517,C10483,2025-04-09,PO970542
SO-69518,C11086,2025-04-09,PO284316
SO-69519,C11112,2025-04-09,PO927991
SO-69520,C11596,2025-04-09,PO545748
SO-69521,C11708,2025-04-09,PO780988
SO-69522,C11732,2025-04-09,PO934162
SO-69523,C11813,2025-04-09,PO904372
SO-69524,C10006,2025-04-10,PO238905
SO-69525,C10024,2025-04-10,PO326169
SO-69526,C10071,2025-04-10,PO788187
SO-69527,C10081,2025-04-10,PO321066
SO-69528,C10086,2025-04-10,PO985661
SO-69529,C10138,2025-04-10,PO774643
SO-69530,C10144,2025-04-10,PO118047
SO-69531,C10173,2025-04-10,PO860572
SO-69532,C10321,2025-04-10,PO908514
SO-69533,C10515,2025-04-10,PO803299
SO-69534,C12762,2025-04-10,PO199385
SO-69535,C10006,2025-04-11,PO878594
SO-69536,C10011,2025-04-11,PO634901
SO-69537,C10019,2025-04-11,PO773091
SO-69538,C10024,2025-04-11,PO775426
SO-69539,C10071,2025-04-11,PO191210
SO-69540,C10081,2025-04-11,PO880750
SO-69541,C10086,2025-04-11,PO366755
SO-69542,C10102,2025-04-11,PO942696
SO-69543,C10107,2025-04-11,PO622174
SO-69544,C10114,2025-04-11,PO668436
SO-69545,C10186,2025-04-11,PO577751
SO-69546,C10380,2025-04-11,PO453148
SO-69547,C10779,2025-04-11,PO567957
SO-69548,C11419,2025-04-11,PO479641
SO-69549,C12925,2025-04-11,PO542256
SO-69550,C10006,2025-04-14,PO173414
SO-69551,C10011,2025-04-14,PO218597
SO-69552,C10019,2025-04-14,PO524070
SO-69553,C10041,2025-04-14,PO383585
SO-69554,C10071,2025-04-14,PO392199
SO-69555,C10081,2025-04-14,PO180579
SO-69556,C10096,2025-04-14,PO675032
SO-69557,C10102,2025-04-14,PO204816
SO-69558,C10132,2025-04-14,PO268169
SO-69559,C10138,2025-04-14,PO675108
SO-69560,C10200,2025-04-14,PO201278
SO-69561,C10215,2025-04-14,PO724902
SO-69562,C10494,2025-04-14,PO573657
SO-69563,C10532,2025-04-14,PO928061
SO-69564,C10544,2025-04-14,PO494723
SO-69565,C10556,2025-04-14,PO620843
SO-69566,C11092,2025-04-14,PO993787
SO-69567,C12068,2025-04-14,PO429172
SO-69568,C12987,2025-04-14,PO293257
SO-69569,C13086,2025-04-14,PO578045
SO-69570,C10006,2025-04-15,PO305682
SO-69571,C10024,2025-04-15,PO354266
SO-69572,C10071,2025-04-15,PO287132
SO-69573,C10081,2025-04-15,PO625488
SO-69574,C10132,2025-04-15,PO549653
SO-69575,C10144,2025-04-15,PO944673
SO-69576,C10217,2025-04-15,PO985448
SO-69577,C10235,2025-04-15,PO739576
SO-69578,C10293,2025-04-15,PO463378
SO-69579,C10308,2025-04-15,PO226144
SO-69580,C10409,2025-04-15,PO905197
SO-69581,C10418,2025-04-15,PO210933
SO-69582,C10581,2025-04-15,PO214422
SO-69583,C10801,2025-04-15,PO145464
SO-69584,C10006,2025-04-16,PO994220
SO-69585,C10019,2025-04-16,PO669687
SO-69586,C10071,2025-04-16,PO764720
SO-69587,C10081,2025-04-16,PO727586
SO-69588,C10096,2025-04-16,PO251598
SO-69589,C10144,2025-04-16,PO229500
SO-69590,C10762,2025-04-16,PO160656
SO-69591,C10982,2025-04-16,PO715679
SO-69592,C10011,2025-04-17,PO400456
SO-69593,C10041,2025-04-17,PO145586
SO-69594,C10071,2025-04-17,PO860614
SO-69595,C10081,2025-04-17,PO292250
SO-69596,C10102,2025-04-17,PO546259
SO-69597,C10159,2025-04-17,PO255482
SO-69598,C10418,2025-04-17,PO894073
SO-69599,C11398,2025-04-17,PO831723
SO-69600,C11866,2025-04-17,PO464248
SO-69601,C10006,2025-04-18,PO866053
SO-69602,C10033,2025-04-18,PO299863
SO-69603,C10071,2025-04-18,PO717557
SO-69604,C10081,2025-04-18,PO480904
SO-69605,C10096,2025-04-18,PO490494
SO-69606,C10161,2025-04-18,PO940671
SO-69607,C10380,2025-04-18,PO676800
SO-69608,C11029,2025-04-18,PO696766
SO-69609,C12637,2025-04-18,PO519973
SO-69610,C10006,2025-04-21,PO848768
SO-69611,C10011,2025-04-21,PO522198
SO-69612,C10024,2025-04-21,PO417532
SO-69613,C10041,2025-04-21,PO345757
SO-69614,C10042,2025-04-21,PO622010
SO-69615,C10060,2025-04-21,PO134591
SO-69616,C10071,2025-04-21,PO377446
SO-69617,C10081,2025-04-21,PO362087
SO-69618,C10107,2025-04-21,PO769374
SO-69619,C10123,2025-04-21,PO551455
SO-69620,C10151,2025-04-21,PO925933
SO-69621,C10208,2025-04-21,PO286349
SO-69622,C10352,2025-04-21,PO151099
SO-69623,C10361,2025-04-21,PO257856
SO-69624,C10409,2025-04-21,PO197661
SO-69625,C10629,2025-04-21,PO648876
SO-69626,C10636,2025-04-21,PO758912
SO-69627,C10878,2025-04-21,PO825923
SO-69628,C10909,2025-04-21,PO924072
SO-69629,C11029,2025-04-21,PO286259
SO-69630,C11451,2025-04-21,PO714125
SO-69631,C11572,2025-04-21,PO666022
SO-69632,C11608,2025-04-21,PO728655
SO-69633,C11945,2025-04-21,PO621273
SO-69634,C10006,2025-04-22,PO597517
SO-69635,C10071,2025-04-22,PO359008
SO-69636,C10081,2025-04-22,PO974756
SO-69637,C10107,2025-04-22,PO109063
SO-69638,C10308,2025-04-22,PO787535
SO-69639,C11241,2025-04-22,PO464632
SO-69640,C11498,2025-04-22,PO268336
SO-69641,C10006,2025-04-23,PO222605
SO-69642,C10024,2025-04-23,PO936805
SO-69643,C10033,2025-04-23,PO204469
SO-69644,C10071,2025-04-23,PO669743
SO-69645,C10081,2025-04-23,PO234566
SO-69646,C10086,2025-04-23,PO274683
SO-69647,C10096,2025-04-23,PO442441
SO-69648,C10107,2025-04-23,PO835725
SO-69649,C10123,2025-04-23,PO237871
SO-69650,C10159,2025-04-23,PO820196
SO-69651,C10344,2025-04-23,PO225609
SO-69652,C10365,2025-04-23,PO687082
SO-69653,C10470,2025-04-23,PO299397
SO-69654,C10844,2025-04-23,PO335086
SO-69655,C10006,2025-04-24,PO927883
SO-69656,C10019,2025-04-24,PO794970
SO-69657,C10024,2025-04-24,PO624767
SO-69658,C10071,2025-04-24,PO490639
SO-69659,C10208,2025-04-24,PO258046
SO-69660,C10257,2025-04-24,PO404903
SO-69661,C10276,2025-04-24,PO620452
SO-69662,C10293,2025-04-24,PO420653
SO-69663,C10376,2025-04-24,PO245468
SO-69664,C10591,2025-04-24,PO433184
SO-69665,C10684,2025-04-24,PO345930
SO-69666,C10006,2025-04-25,PO582339
SO-69667,C10071,2025-04-25,PO201871
SO-69668,C10081,2025-04-25,PO849294
SO-69669,C10086,2025-04-25,PO314263
SO-69670,C10096,2025-04-25,PO627971
SO-69671,C10102,2025-04-25,PO477720
SO-69672,C10138,2025-04-25,PO587997
SO-69673,C10161,2025-04-25,PO519030
SO-69674,C10257,2025-04-25,PO607465
SO-69675,C10444,2025-04-25,PO543701
SO-69676,C11178,2025-04-25,PO444597
SO-69677,C11616,2025-04-25,PO836381
SO-69678,C10006,2025-04-28,PO831036
SO-69679,C10011,2025-04-28,PO987655
SO-69680,C10019,2025-04-28,PO899601
SO-69681,C10024,2025-04-28,PO795661
SO-69682,C10033,2025-04-28,PO662238
SO-69683,C10071,2025-04-28,PO925995
SO-69684,C10081,2025-04-28,PO423525
SO-69685,C10086,2025-04-28,PO299475
SO-69686,C10102,2025-04-28,PO925259
SO-69687,C10114,2025-04-28,PO279066
SO-69688,C10138,2025-04-28,PO291887
SO-69689,C10215,2025-04-28,PO634129
SO-69690,C10242,2025-04-28,PO319785
SO-69691,C10293,2025-04-28,PO102401
SO-69692,C10365,2025-04-28,PO900145
SO-69693,C10376,2025-04-28,PO232494
SO-69694,C10418,2025-04-28,PO915219
SO-69695,C10444,2025-04-28,PO189134
SO-69696,C10483,2025-04-28,PO902437
SO-69697,C10965,2025-04-28,PO202025
SO-69698,C10993,2025-04-28,PO485437
SO-69699,C11188,2025-04-28,PO567423
SO-69700,C11252,2025-04-28,PO396643
SO-69701,C12372,2025-04-28,PO637525
SO-69702,C10006,2025-04-29,PO947935
SO-69703,C10024,2025-04-29,PO466963
SO-69704,C10081,2025-04-29,PO954659
SO-69705,C10144,2025-04-29,PO650548
SO-69706,C10200,2025-04-29,PO858323
SO-69707,C10208,2025-04-29,PO843607
SO-69708,C10225,2025-04-29,PO745279
SO-69709,C10235,2025-04-29,PO698213
SO-69710,C10293,2025-04-29,PO316919
SO-69711,C10297,2025-04-29,PO242062
SO-69712,C10332,2025-04-29,PO710164
SO-69713,C10418,2025-04-29,PO762135
SO-69714,C10440,2025-04-29,PO591057
SO-69715,C10615,2025-04-29,PO859603
SO-69716,C10937,2025-04-29,PO779356
SO-69717,C10006,2025-04-30,PO668942
SO-69718,C10024,2025-04-30,PO777112
SO-69719,C10033,2025-04-30,PO519030
SO-69720,C10071,2025-04-30,PO469608
SO-69721,C10081,2025-04-30,PO738893
SO-69722,C10086,2025-04-30,PO490920
SO-69723,C10114,2025-04-30,PO386464
SO-69724,C10159,2025-04-30,PO794649
SO-69725,C10173,2025-04-30,PO973413
SO-69726,C10217,2025-04-30,PO366377
SO-69727,C10409,2025-04-30,PO697331
SO-69728,C10418,2025-04-30,PO528684
SO-69729,C10544,2025-04-30,PO393223
SO-69730,C10615,2025-04-30,PO940504
SO-69731,C11586,2025-04-30,PO453507
SO-69732,C12297,2025-04-30,PO816059
SO-69733,C10006,2025-05-01,PO214034
SO-69734,C10024,2025-05-01,PO736415
SO-69735,C10053,2025-05-01,PO317191
SO-69736,C10071,2025-05-01,PO200097
SO-69737,C10081,2025-05-01,PO425821
SO-69738,C10086,2025-05-01,PO907916
SO-69739,C10096,2025-05-01,PO707897
SO-69740,C10107,2025-05-01,PO790805
SO-69741,C10138,2025-05-01,PO687063
SO-69742,C10175,2025-05-01,PO762434
SO-69743,C10235,2025-05-01,PO543512
SO-69744,C10269,2025-05-01,PO232694
SO-69745,C10397,2025-05-01,PO986786
SO-69746,C10430,2025-05-01,PO777425
SO-69747,C10629,2025-05-01,PO136301
SO-69748,C11430,2025-05-01,PO893029
SO-69749,C11796,2025-05-01,PO276250
SO-69750,C12267,2025-05-01,PO375041
SO-69751,C10006,2025-05-02,PO304245
SO-69752,C10024,2025-05-02,PO139203
SO-69753,C10033,2025-05-02,PO398140
SO-69754,C10041,2025-05-02,PO388406
SO-69755,C10071,2025-05-02,PO695930
SO-69756,C10096,2025-05-02,PO292290
SO-69757,C10159,2025-05-02,PO758888
SO-69758,C10200,2025-05-02,PO318759
SO-69759,C10482,2025-05-02,PO837728
SO-69760,C10669,2025-05-02,PO526841
SO-69761,C11849,2025-05-02,PO598328
SO-69762,C12944,2025-05-02,PO820286
SO-69763,C10006,2025-05-05,PO711011
SO-69764,C10011,2025-05-05,PO546337
SO-69765,C10019,2025-05-05,PO487812
SO-69766,C10024,2025-05-05,PO697617
SO-69767,C10071,2025-05-05,PO894321
SO-69768,C10081,2025-05-05,PO231164
SO-69769,C10086,2025-05-05,PO212420
SO-69770,C10096,2025-05-05,PO846701
SO-69771,C10107,2025-05-05,PO699762
SO-69772,C10114,2025-05-05,PO319046
SO-69773,C10123,2025-05-05,PO305595
SO-69774,C10151,2025-05-05,PO760592
SO-69775,C10161,2025-05-05,PO196464
SO-69776,C10242,2025-05-05,PO633739
SO-69777,C10308,2025-05-05,PO581146
SO-69778,C10390,2025-05-05,PO193847
SO-69779,C10456,2025-05-05,PO279563
SO-69780,C10532,2025-05-05,PO717728
SO-69781,C10581,2025-05-05,PO130325
SO-69782,C10603,2025-05-05,PO889384
SO-69783,C11241,2025-05-05,PO619078
SO-69784,C11391,2025-05-05,PO970278
SO-69785,C11518,2025-05-05,PO754911
SO-69786,C11732,2025-05-05,PO113336
SO-69787,C13014,2025-05-05,PO957982
SO-69788,C10006,2025-05-06,PO413732
SO-69789,C10033,2025-05-06,PO622747
SO-69790,C10067,2025-05-06,PO835576
SO-69791,C10071,2025-05-06,PO633588
SO-69792,C10081,2025-05-06,PO452300
SO-69793,C10151,2025-05-06,PO272656
SO-69794,C10186,2025-05-06,PO949460
SO-69795,C10286,2025-05-06,PO817350
SO-69796,C10297,2025-05-06,PO378823
SO-69797,C10409,2025-05-06,PO535815
SO-69798,C10463,2025-05-06,PO738368
SO-69799,C10900,2025-05-06,PO995332
SO-69800,C11589,2025-05-06,PO359663
SO-69801,C11693,2025-05-06,PO324445
SO-69802,C10006,2025-05-07,PO683710
SO-69803,C10011,2025-05-07,PO803831
SO-69804,C10024,2025-05-07,PO448815
SO-69805,C10071,2025-05-07,PO985440
SO-69806,C10081,2025-05-07,PO341459
SO-69807,C10096,2025-05-07,PO173270
SO-69808,C10102,2025-05-07,PO269968
SO-69809,C10159,2025-05-07,PO688143
SO-69810,C10173,2025-05-07,PO447136
SO-69811,C10175,2025-05-07,PO874840
SO-69812,C10430,2025-05-07,PO687262
SO-69813,C10616,2025-05-07,PO298478
SO-69814,C11046,2025-05-07,PO386102
SO-69815,C11430,2025-05-07,PO190880
SO-69816,C10006,2025-05-08,PO268780
SO-69817,C10042,2025-05-08,PO812333
SO-69818,C10071,2025-05-08,PO354706
SO-69819,C10081,2025-05-08,PO241800
SO-69820,C10086,2025-05-08,PO936962
SO-69821,C10102,2025-05-08,PO329583
SO-69822,C10144,2025-05-08,PO316286
SO-69823,C10380,2025-05-08,PO400107
SO-69824,C10810,2025-05-08,PO514960
SO-69825,C11374,2025-05-08,PO339502
SO-69826,C11724,2025-05-08,PO651408
SO-69827,C12696,2025-05-08,PO596625
SO-69828,C10006,2025-05-09,PO656986
SO-69829,C10011,2025-05-09,PO908702
SO-69830,C10019,2025-05-09,PO952163
SO-69831,C10033,2025-05-09,PO338230
SO-69832,C10042,2025-05-09,PO951739
SO-69833,C10071,2025-05-09,PO851018
SO-69834,C10081,2025-05-09,PO504194
SO-69835,C10096,2025-05-09,PO971238
SO-69836,C10107,2025-05-09,PO891292
SO-69837,C10114,2025-05-09,PO913457
SO-69838,C10242,2025-05-09,PO836799
SO-69839,C10336,2025-05-09,PO413464
SO-69840,C10452,2025-05-09,PO258014
SO-69841,C10456,2025-05-09,PO863018
SO-69842,C10629,2025-05-09,PO669481
SO-69843,C10810,2025-05-09,PO418150
SO-69844,C10859,2025-05-09,PO112598
SO-69845,C11457,2025-05-09,PO974688
SO-69846,C10006,2025-05-12,PO965168
SO-69847,C10024,2025-05-12,PO986396
SO-69848,C10033,2025-05-12,PO834983
SO-69849,C10041,2025-05-12,PO217344
SO-69850,C10042,2025-05-12,PO791508
SO-69851,C10071,2025-05-12,PO888094
SO-69852,C10081,2025-05-12,PO568952
SO-69853,C10086,2025-05-12,PO844311
SO-69854,C10096,2025-05-12,PO699915
SO-69855,C10107,2025-05-12,PO899831
SO-69856,C10144,2025-05-12,PO788194
SO-69857,C10161,2025-05-12,PO205588
SO-69858,C10215,2025-05-12,PO406012
SO-69859,C10217,2025-05-12,PO256940
SO-69860,C10225,2025-05-12,PO188829
SO-69861,C10293,2025-05-12,PO881427
SO-69862,C10297,2025-05-12,PO604726
SO-69863,C10390,2025-05-12,PO395321
SO-69864,C10580,2025-05-12,PO767507
SO-69865,C10640,2025-05-12,PO497474
SO-69866,C10647,2025-05-12,PO124861
SO-69867,C10993,2025-05-12,PO217542
SO-69868,C10998,2025-05-12,PO865776
SO-69869,C11511,2025-05-12,PO372753
SO-69870,C12149,2025-05-12,PO418799
SO-69871,C10011,2025-05-13,PO847572
SO-69872,C10024,2025-05-13,PO478358
SO-69873,C10033,2025-05-13,PO454567
SO-69874,C10071,2025-05-13,PO533085
SO-69875,C10081,2025-05-13,PO693379
SO-69876,C10086,2025-05-13,PO620594
SO-69877,C10096,2025-05-13,PO917729
SO-69878,C10102,2025-05-13,PO431071
SO-69879,C10107,2025-05-13,PO803290
SO-69880,C10132,2025-05-13,PO835060
SO-69881,C10173,2025-05-13,PO653900
SO-69882,C10192,2025-05-13,PO323525
SO-69883,C10200,2025-05-13,PO502016
SO-69884,C10208,2025-05-13,PO418729
SO-69885,C10261,2025-05-13,PO372881
SO-69886,C10344,2025-05-13,PO753351
SO-69887,C10361,2025-05-13,PO512939
SO-69888,C10423,2025-05-13,PO974210
SO-69889,C10006,2025-05-14,PO656456
SO-69890,C10011,2025-05-14,PO203489
SO-69891,C10019,2025-05-14,PO587860
SO-69892,C10042,2025-05-14,PO653744
SO-69893,C10071,2025-05-14,PO555348
SO-69894,C10081,2025-05-14,PO457411
SO-69895,C10096,2025-05-14,PO140719
SO-69896,C10138,2025-05-14,PO810975
SO-69897,C10175,2025-05-14,PO961296
SO-69898,C10352,2025-05-14,PO576452
SO-69899,C10423,2025-05-14,PO253350
SO-69900,C11225,2025-05-14,PO999812
SO-69901,C11511,2025-05-14,PO556373
SO-69902,C12811,2025-05-14,PO145003
SO-69903,C10006,2025-05-15,PO421190
SO-69904,C10071,2025-05-15,PO688331
SO-69905,C10102,2025-05-15,PO383204
SO-69906,C10144,2025-05-15,PO675701
SO-69907,C10215,2025-05-15,PO679250
SO-69908,C10361,2025-05-15,PO359863
SO-69909,C10556,2025-05-15,PO843593
SO-69910,C10006,2025-05-16,PO148580
SO-69911,C10011,2025-05-16,PO381274
SO-69912,C10071,2025-05-16,PO944083
SO-69913,C10096,2025-05-16,PO124732
SO-69914,C10102,2025-05-16,PO934307
SO-69915,C10107,2025-05-16,PO431390
SO-69916,C10132,2025-05-16,PO384739
SO-69917,C10322,2025-05-16,PO435510
SO-69918,C11788,2025-05-16,PO507750
SO-69919,C11886,2025-05-16,PO340886
SO-69920,C11964,2025-05-16,PO163747
SO-69921,C10011,2025-05-19,PO767853
SO-69922,C10041,2025-05-19,PO769326
SO-69923,C10071,2025-05-19,PO693855
SO-69924,C10081,2025-05-19,PO604235
SO-69925,C10096,2025-05-19,PO971532
SO-69926,C10102,2025-05-19,PO394844
SO-69927,C10114,2025-05-19,PO772916
SO-69928,C10144,2025-05-19,PO367169
SO-69929,C10151,2025-05-19,PO631138
SO-69930,C10173,2025-05-19,PO664378
SO-69931,C10208,2025-05-19,PO828913
SO-69932,C10269,2025-05-19,PO629010
SO-69933,C10286,2025-05-19,PO722664
SO-69934,C10390,2025-05-19,PO529488
SO-69935,C10418,2025-05-19,PO749657
SO-69936,C10440,2025-05-19,PO226578
SO-69937,C10444,2025-05-19,PO735469
SO-69938,C10603,2025-05-19,PO803563
SO-69939,C10890,2025-05-19,PO374478
SO-69940,C11052,2025-05-19,PO630562
SO-69941,C11148,2025-05-19,PO690786
SO-69942,C11178,2025-05-19,PO420017
SO-69943,C11430,2025-05-19,PO717019
SO-69944,C12696,2025-05-19,PO577737
SO-69945,C10006,2025-05-20,PO220731
SO-69946,C10011,2025-05-20,PO885387
SO-69947,C10071,2025-05-20,PO987052
SO-69948,C10102,2025-05-20,PO363519
SO-69949,C10107,2025-05-20,PO114534
SO-69950,C10132,2025-05-20,PO695758
SO-69951,C10151,2025-05-20,PO698902
SO-69952,C10208,2025-05-20,PO214688
SO-69953,C10269,2025-05-20,PO557934
SO-69954,C10430,2025-05-20,PO129352
SO-69955,C10470,2025-05-20,PO238733
SO-69956,C10684,2025-05-20,PO753201
SO-69957,C11918,2025-05-20,PO292210
SO-69958,C10006,2025-05-21,PO996344
SO-69959,C10011,2025-05-21,PO620595
SO-69960,C10071,2025-05-21,PO803286
SO-69961,C10081,2025-05-21,PO591995
SO-69962,C10096,2025-05-21,PO532868
SO-69963,C10107,2025-05-21,PO141130
SO-69964,C10114,2025-05-21,PO167031
SO-69965,C10151,2025-05-21,PO606266
SO-69966,C10242,2025-05-21,PO413118
SO-69967,C10669,2025-05-21,PO911457
SO-69968,C10751,2025-05-21,PO764323
SO-69969,C10810,2025-05-21,PO972041
SO-69970,C10006,2025-05-22,PO168806
SO-69971,C10011,2025-05-22,PO811741
SO-69972,C10024,2025-05-22,PO562376
SO-69973,C10060,2025-05-22,PO920567
SO-69974,C10071,2025-05-22,PO391309
SO-69975,C10081,2025-05-22,PO765579
SO-69976,C10086,2025-05-22,PO255096
SO-69977,C10107,2025-05-22,PO262880
SO-69978,C10114,2025-05-22,PO486503
SO-69979,C10208,2025-05-22,PO261692
SO-69980,C10215,2025-05-22,PO822930
SO-69981,C10235,2025-05-22,PO689639
SO-69982,C10501,2025-05-22,PO613867
SO-69983,C10506,2025-05-22,PO146708
SO-69984,C10636,2025-05-22,PO616833
SO-69985,C11608,2025-05-22,PO188756
SO-69986,C10006,2025-05-23,PO182635
SO-69987,C10011,2025-05-23,PO288012
SO-69988,C10042,2025-05-23,PO818509
SO-69989,C10071,2025-05-23,PO425974
SO-69990,C10081,2025-05-23,PO897769
SO-69991,C10096,2025-05-23,PO818923
SO-69992,C10102,2025-05-23,PO505061
SO-69993,C10107,2025-05-23,PO476256
SO-69994,C10144,2025-05-23,PO864653
SO-69995,C10151,2025-05-23,PO446751
SO-69996,C10248,2025-05-23,PO300931
SO-69997,C10361,2025-05-23,PO565246
SO-69998,C10418,2025-05-23,PO694324
SO-69999,C10501,2025-05-23,PO161242
SO-70000,C10544,2025-05-23,PO556577
SO-70001,C12412,2025-05-23,PO493693
SO-70002,C12524,2025-05-23,PO104135
SO-70003,C12794,2025-05-23,PO936131
SO-70004,C12981,2025-05-23,PO377283
SO-70005,C10006,2025-05-27,PO724652
SO-70006,C10011,2025-05-27,PO154540
SO-70007,C10033,2025-05-27,PO489260
SO-70008,C10071,2025-05-27,PO345138
SO-70009,C10081,2025-05-27,PO652749
SO-70010,C10086,2025-05-27,PO465654
SO-70011,C10102,2025-05-27,PO698518
SO-70012,C10107,2025-05-27,PO643750
SO-70013,C10132,2025-05-27,PO244196
SO-70014,C10138,2025-05-27,PO560439
SO-70015,C10144,2025-05-27,PO451219
SO-70016,C10200,2025-05-27,PO540788
SO-70017,C10784,2025-05-27,PO161283
SO-70018,C11158,2025-05-27,PO297599
SO-70019,C11724,2025-05-27,PO208603
SO-70020,C12824,2025-05-27,PO918462
SO-70021,C12848,2025-05-27,PO178192
SO-70022,C10006,2025-05-28,PO125092
SO-70023,C10011,2025-05-28,PO683390
SO-70024,C10033,2025-05-28,PO352882
SO-70025,C10071,2025-05-28,PO213217
SO-70026,C10081,2025-05-28,PO237658
SO-70027,C10096,2025-05-28,PO242713
SO-70028,C10269,2025-05-28,PO859665
SO-70029,C10397,2025-05-28,PO355411
SO-70030,C11332,2025-05-28,PO965685
SO-70031,C11391,2025-05-28,PO883898
SO-70032,C11956,2025-05-28,PO539504
SO-70033,C10006,2025-05-29,PO113606
SO-70034,C10011,2025-05-29,PO740635
SO-70035,C10071,2025-05-29,PO162092
SO-70036,C10081,2025-05-29,PO968550
SO-70037,C10086,2025-05-29,PO510593
SO-70038,C10114,2025-05-29,PO933141
SO-70039,C10151,2025-05-29,PO417592
SO-70040,C10186,2025-05-29,PO963738
SO-70041,C10200,2025-05-29,PO544385
SO-70042,C10261,2025-05-29,PO353428
SO-70043,C12149,2025-05-29,PO260486
SO-70044,C10006,2025-05-30,PO841508
SO-70045,C10053,2025-05-30,PO130862
SO-70046,C10081,2025-05-30,PO245163
SO-70047,C10086,2025-05-30,PO260669
SO-70048,C10096,2025-05-30,PO123776
SO-70049,C10107,2025-05-30,PO899337
SO-70050,C10114,2025-05-30,PO571975
SO-70051,C10173,2025-05-30,PO383863
SO-70052,C10380,2025-05-30,PO210632
SO-70053,C10482,2025-05-30,PO197151
SO-70054,C10563,2025-05-30,PO403511
SO-70055,C11241,2025-05-30,PO980509
SO-70056,C11784,2025-05-30,PO498579
SO-70057,C10006,2025-06-02,PO598993
SO-70058,C10011,2025-06-02,PO809432
SO-70059,C10024,2025-06-02,PO383453
SO-70060,C10041,2025-06-02,PO207595
SO-70061,C10067,2025-06-02,PO338296
SO-70062,C10071,2025-06-02,PO841421
SO-70063,C10081,2025-06-02,PO210408
SO-70064,C10086,2025-06-02,PO400036
SO-70065,C10107,2025-06-02,PO894194
SO-70066,C10138,2025-06-02,PO277492
SO-70067,C10161,2025-06-02,PO132530
SO-70068,C10186,2025-06-02,PO684587
SO-70069,C10192,2025-06-02,PO105774
SO-70070,C10225,2025-06-02,PO325308
SO-70071,C10269,2025-06-02,PO853032
SO-70072,C10365,2025-06-02,PO558628
SO-70073,C10636,2025-06-02,PO231395
SO-70074,C10655,2025-06-02,PO648285
SO-70075,C10762,2025-06-02,PO756234
SO-70076,C11608,2025-06-02,PO113293
SO-70077,C12217,2025-06-02,PO263213
SO-70078,C10006,2025-06-03,PO696191
SO-70079,C10024,2025-06-03,PO788380
SO-70080,C10071,2025-06-03,PO501385
SO-70081,C10081,2025-06-03,PO774689
SO-70082,C10102,2025-06-03,PO830341
SO-70083,C10114,2025-06-03,PO245776
SO-70084,C10123,2025-06-03,PO548980
SO-70085,C10132,2025-06-03,PO833233
SO-70086,C10186,2025-06-03,PO262110
SO-70087,C10257,2025-06-03,PO602965
SO-70088,C11010,2025-06-03,PO718424
SO-70089,C10006,2025-06-04,PO584762
SO-70090,C10011,2025-06-04,PO599610
SO-70091,C10019,2025-06-04,PO997361
SO-70092,C10024,2025-06-04,PO124908
SO-70093,C10071,2025-06-04,PO481294
SO-70094,C10081,2025-06-04,PO609422
SO-70095,C10096,2025-06-04,PO684565
SO-70096,C10102,2025-06-04,PO373521
SO-70097,C10161,2025-06-04,PO436844
SO-70098,C10217,2025-06-04,PO802874
SO-70099,C10409,2025-06-04,PO867776
SO-70100,C11025,2025-06-04,PO837640
SO-70101,C11718,2025-06-04,PO955334
SO-70102,C11904,2025-06-04,PO259408
SO-70103,C12245,2025-06-04,PO844354
SO-70104,C12495,2025-06-04,PO176771
SO-70105,C10006,2025-06-05,PO616436
SO-70106,C10011,2025-06-05,PO682234
SO-70107,C10081,2025-06-05,PO369588
SO-70108,C10102,2025-06-05,PO608201
SO-70109,C10107,2025-06-05,PO409299
SO-70110,C10144,2025-06-05,PO927162
SO-70111,C10159,2025-06-05,PO159948
SO-70112,C10006,2025-06-06,PO465940
SO-70113,C10071,2025-06-06,PO927947
SO-70114,C10086,2025-06-06,PO570995
SO-70115,C10096,2025-06-06,PO666048
SO-70116,C10107,2025-06-06,PO771449
SO-70117,C10144,2025-06-06,PO438957
SO-70118,C10242,2025-06-06,PO892710
SO-70119,C10444,2025-06-06,PO741067
SO-70120,C10629,2025-06-06,PO595975
SO-70121,C10826,2025-06-06,PO801816
SO-70122,C11463,2025-06-06,PO472715
SO-70123,C10006,2025-06-09,PO946121
SO-70124,C10011,2025-06-09,PO153500
SO-70125,C10024,2025-06-09,PO852801
SO-70126,C10041,2025-06-09,PO135821
SO-70127,C10071,2025-06-09,PO420435
SO-70128,C10081,2025-06-09,PO316961
SO-70129,C10086,2025-06-09,PO346670
SO-70130,C10102,2025-06-09,PO975875
SO-70131,C10107,2025-06-09,PO221612
SO-70132,C10123,2025-06-09,PO583101
SO-70133,C10132,2025-06-09,PO248050
SO-70134,C10159,2025-06-09,PO899280
SO-70135,C10161,2025-06-09,PO910370
SO-70136,C10186,2025-06-09,PO271795
SO-70137,C10200,2025-06-09,PO546955
SO-70138,C10225,2025-06-09,PO821589
SO-70139,C10304,2025-06-09,PO205524
SO-70140,C10581,2025-06-09,PO612881
SO-70141,C10616,2025-06-09,PO953883
SO-70142,C10694,2025-06-09,PO840109
SO-70143,C10823,2025-06-09,PO906845
SO-70144,C11586,2025-06-09,PO504380
SO-70145,C12036,2025-06-09,PO465470
SO-70146,C12333,2025-06-09,PO908970
SO-70147,C10006,2025-06-10,PO125270
SO-70148,C10053,2025-06-10,PO193107
SO-70149,C10071,2025-06-10,PO809147
SO-70150,C10081,2025-06-10,PO734170
SO-70151,C10096,2025-06-10,PO897981
SO-70152,C10107,2025-06-10,PO803203
SO-70153,C10304,2025-06-10,PO362226
SO-70154,C10322,2025-06-10,PO147067
SO-70155,C10810,2025-06-10,PO167593
SO-70156,C12267,2025-06-10,PO525549
SO-70157,C10006,2025-06-11,PO455245
SO-70158,C10019,2025-06-11,PO891784
SO-70159,C10024,2025-06-11,PO931507
SO-70160,C10041,2025-06-11,PO503371
SO-70161,C10042,2025-06-11,PO482323
SO-70162,C10071,2025-06-11,PO852840
SO-70163,C10086,2025-06-11,PO989328
SO-70164,C10096,2025-06-11,PO791655
SO-70165,C10102,2025-06-11,PO548487
SO-70166,C10123,2025-06-11,PO372702
SO-70167,C10151,2025-06-11,PO171994
SO-70168,C10173,2025-06-11,PO793706
SO-70169,C10636,2025-06-11,PO108445
SO-70170,C10776,2025-06-11,PO754196
SO-70171,C10859,2025-06-11,PO536666
SO-70172,C11491,2025-06-11,PO123081
SO-70173,C11632,2025-06-11,PO231486
SO-70174,C12524,2025-06-11,PO938774
SO-70175,C10006,2025-06-12,PO510181
SO-70176,C10011,2025-06-12,PO659215
SO-70177,C10033,2025-06-12,PO424117
SO-70178,C10042,2025-06-12,PO389534
SO-70179,C10071,2025-06-12,PO642625
SO-70180,C10086,2025-06-12,PO719975
SO-70181,C10107,2025-06-12,PO545326
SO-70182,C10114,2025-06-12,PO139933
SO-70183,C10225,2025-06-12,PO206176
SO-70184,C10297,2025-06-12,PO946577
SO-70185,C10745,2025-06-12,PO744533
SO-70186,C11572,2025-06-12,PO235035
SO-70187,C12256,2025-06-12,PO426913
SO-70188,C10006,2025-06-13,PO375974
SO-70189,C10024,2025-06-13,PO302834
SO-70190,C10041,2025-06-13,PO489964
SO-70191,C10053,2025-06-13,PO311602
SO-70192,C10071,2025-06-13,PO615675
SO-70193,C10081,2025-06-13,PO745898
SO-70194,C10123,2025-06-13,PO354033
SO-70195,C10138,2025-06-13,PO633270
SO-70196,C10161,2025-06-13,PO172096
SO-70197,C10173,2025-06-13,PO230255
SO-70198,C10242,2025-06-13,PO792521
SO-70199,C10321,2025-06-13,PO510608
SO-70200,C10463,2025-06-13,PO586405
SO-70201,C10482,2025-06-13,PO911839
SO-70202,C11554,2025-06-13,PO781416
SO-70203,C10006,2025-06-16,PO117806
SO-70204,C10011,2025-06-16,PO380428
SO-70205,C10019,2025-06-16,PO252666
SO-70206,C10024,2025-06-16,PO718496
SO-70207,C10041,2025-06-16,PO949924
SO-70208,C10071,2025-06-16,PO486888
SO-70209,C10081,2025-06-16,PO167379
SO-70210,C10086,2025-06-16,PO153772
SO-70211,C10096,2025-06-16,PO302504
SO-70212,C10102,2025-06-16,PO985944
SO-70213,C10107,2025-06-16,PO691720
SO-70214,C10138,2025-06-16,PO743573
SO-70215,C10151,2025-06-16,PO350466
SO-70216,C10159,2025-06-16,PO826535
SO-70217,C10161,2025-06-16,PO363117
SO-70218,C10173,2025-06-16,PO224554
SO-70219,C10186,2025-06-16,PO786255
SO-70220,C10217,2025-06-16,PO858887
SO-70221,C10225,2025-06-16,PO660680
SO-70222,C10269,2025-06-16,PO236030
SO-70223,C10380,2025-06-16,PO534259
SO-70224,C10390,2025-06-16,PO496499
SO-70225,C10418,2025-06-16,PO962749
SO-70226,C10728,2025-06-16,PO490700
SO-70227,C10853,2025-06-16,PO699754
SO-70228,C10900,2025-06-16,PO141624
SO-70229,C11158,2025-06-16,PO587026
SO-70230,C11550,2025-06-16,PO917991
SO-70231,C11685,2025-06-16,PO111989
SO-70232,C11788,2025-06-16,PO625636
SO-70233,C12540,2025-06-16,PO505537
SO-70234,C10041,2025-06-17,PO789090
SO-70235,C10071,2025-06-17,PO852001
SO-70236,C10086,2025-06-17,PO814245
SO-70237,C10114,2025-06-17,PO687602
SO-70238,C10132,2025-06-17,PO250380
SO-70239,C10138,2025-06-17,PO731460
SO-70240,C10144,2025-06-17,PO907816
SO-70241,C10159,2025-06-17,PO675309
SO-70242,C10200,2025-06-17,PO482305
SO-70243,C10352,2025-06-17,PO943612
SO-70244,C10400,2025-06-17,PO710252
SO-70245,C10591,2025-06-17,PO593543
SO-70246,C10629,2025-06-17,PO285723
SO-70247,C10006,2025-06-18,PO249717
SO-70248,C10019,2025-06-18,PO916555
SO-70249,C10071,2025-06-18,PO413342
SO-70250,C10081,2025-06-18,PO674011
SO-70251,C10114,2025-06-18,PO322520
SO-70252,C10132,2025-06-18,PO720835
SO-70253,C10144,2025-06-18,PO531285
SO-70254,C10159,2025-06-18,PO473945
SO-70255,C10192,2025-06-18,PO371392
SO-70256,C10276,2025-06-18,PO754809
SO-70257,C10332,2025-06-18,PO903269
SO-70258,C10380,2025-06-18,PO240061
SO-70259,C10390,2025-06-18,PO163509
SO-70260,C10521,2025-06-18,PO325557
SO-70261,C10669,2025-06-18,PO337465
SO-70262,C11697,2025-06-18,PO811472
SO-70263,C12233,2025-06-18,PO479414
SO-70264,C13149,2025-06-18,PO918177
SO-70265,C10006,2025-06-19,PO355976
SO-70266,C10011,2025-06-19,PO714142
SO-70267,C10071,2025-06-19,PO415923
SO-70268,C10081,2025-06-19,PO448184
SO-70269,C10086,2025-06-19,PO644380
SO-70270,C10096,2025-06-19,PO651806
SO-70271,C10107,2025-06-19,PO810336
SO-70272,C10123,2025-06-19,PO330024
SO-70273,C10132,2025-06-19,PO752641
SO-70274,C10192,2025-06-19,PO300220
SO-70275,C10208,2025-06-19,PO444458
SO-70276,C10352,2025-06-19,PO985548
SO-70277,C12437,2025-06-19,PO120283
SO-70278,C10006,2025-06-20,PO364997
SO-70279,C10024,2025-06-20,PO775967
SO-70280,C10060,2025-06-20,PO379041
SO-70281,C10071,2025-06-20,PO938053
SO-70282,C10081,2025-06-20,PO450760
SO-70283,C10096,2025-06-20,PO131019
SO-70284,C10102,2025-06-20,PO234286
SO-70285,C10225,2025-06-20,PO419685
SO-70286,C10321,2025-06-20,PO159106
SO-70287,C10361,2025-06-20,PO414015
SO-70288,C10669,2025-06-20,PO839640
SO-70289,C11542,2025-06-20,PO220662
SO-70290,C11589,2025-06-20,PO863676
SO-70291,C11825,2025-06-20,PO592713
SO-70292,C10006,2025-06-23,PO797519
SO-70293,C10071,2025-06-23,PO963976
SO-70294,C10081,2025-06-23,PO657437
SO-70295,C10096,2025-06-23,PO842455
SO-70296,C10102,2025-06-23,PO902877
SO-70297,C10114,2025-06-23,PO144163
SO-70298,C10151,2025-06-23,PO885555
SO-70299,C10192,2025-06-23,PO384509
SO-70300,C10217,2025-06-23,PO195178
SO-70301,C10321,2025-06-23,PO652767
SO-70302,C10400,2025-06-23,PO654589
SO-70303,C10776,2025-06-23,PO504782
SO-70304,C10954,2025-06-23,PO617201
SO-70305,C10006,2025-06-24,PO236034
SO-70306,C10071,2025-06-24,PO624903
SO-70307,C10096,2025-06-24,PO744152
SO-70308,C10102,2025-06-24,PO997233
SO-70309,C10144,2025-06-24,PO531368
SO-70310,C10161,2025-06-24,PO879314
SO-70311,C10173,2025-06-24,PO549166
SO-70312,C10276,2025-06-24,PO495672
SO-70313,C10304,2025-06-24,PO624772
SO-70314,C10332,2025-06-24,PO603359
SO-70315,C10544,2025-06-24,PO611776
SO-70316,C10864,2025-06-24,PO630750
SO-70317,C10006,2025-06-25,PO636095
SO-70318,C10011,2025-06-25,PO548955
SO-70319,C10071,2025-06-25,PO647094
SO-70320,C10081,2025-06-25,PO734918
SO-70321,C10086,2025-06-25,PO602784
SO-70322,C10102,2025-06-25,PO547442
SO-70323,C10159,2025-06-25,PO406972
SO-70324,C10200,2025-06-25,PO514994
SO-70325,C10322,2025-06-25,PO596037
SO-70326,C10409,2025-06-25,PO677461
SO-70327,C10452,2025-06-25,PO929527
SO-70328,C10721,2025-06-25,PO540523
SO-70329,C10871,2025-06-25,PO509361
SO-70330,C11632,2025-06-25,PO866434
SO-70331,C10006,2025-06-26,PO996589
SO-70332,C10011,2025-06-26,PO222538
SO-70333,C10033,2025-06-26,PO255384
SO-70334,C10041,2025-06-26,PO825511
SO-70335,C10071,2025-06-26,PO771042
SO-70336,C10086,2025-06-26,PO413569
SO-70337,C10096,2025-06-26,PO127900
SO-70338,C10123,2025-06-26,PO604208
SO-70339,C10138,2025-06-26,PO131070
SO-70340,C10151,2025-06-26,PO917987
SO-70341,C10248,2025-06-26,PO673602
SO-70342,C10322,2025-06-26,PO826787
SO-70343,C10380,2025-06-26,PO459487
SO-70344,C10397,2025-06-26,PO614240
SO-70345,C11586,2025-06-26,PO697263
SO-70346,C12185,2025-06-26,PO540178
SO-70347,C10006,2025-06-27,PO175570
SO-70348,C10060,2025-06-27,PO421530
SO-70349,C10071,2025-06-27,PO593708
SO-70350,C10081,2025-06-27,PO719148
SO-70351,C10102,2025-06-27,PO689682
SO-70352,C10186,2025-06-27,PO722506
SO-70353,C10304,2025-06-27,PO230404
SO-70354,C10444,2025-06-27,PO371383
SO-70355,C10463,2025-06-27,PO970752
SO-70356,C10784,2025-06-27,PO720403
SO-70357,C11046,2025-06-27,PO440519
SO-70358,C11498,2025-06-27,PO475763
SO-70359,C12372,2025-06-27,PO852334
SO-70360,C10006,2025-06-30,PO186549
SO-70361,C10011,2025-06-30,PO698552
SO-70362,C10019,2025-06-30,PO649027
SO-70363,C10024,2025-06-30,PO499963
SO-70364,C10033,2025-06-30,PO470220
SO-70365,C10041,2025-06-30,PO569002
SO-70366,C10071,2025-06-30,PO225229
SO-70367,C10081,2025-06-30,PO127122
SO-70368,C10096,2025-06-30,PO199657
SO-70369,C10102,2025-06-30,PO389176
SO-70370,C10107,2025-06-30,PO580744
SO-70371,C10123,2025-06-30,PO636987
SO-70372,C10132,2025-06-30,PO810688
SO-70373,C10138,2025-06-30,PO522585
SO-70374,C10186,2025-06-30,PO432000
SO-70375,C10208,2025-06-30,PO368682
SO-70376,C10261,2025-06-30,PO420621
SO-70377,C10321,2025-06-30,PO900499
SO-70378,C10380,2025-06-30,PO944752
SO-70379,C11103,2025-06-30,PO885973
SO-70380,C11190,2025-06-30,PO559234
SO-70381,C11457,2025-06-30,PO978367
SO-70382,C11589,2025-06-30,PO233182
SO-70383,C11784,2025-06-30,PO336464
SO-70384,C12895,2025-06-30,PO240961
SO-70385,C10041,2025-07-01,PO673283
SO-70386,C10060,2025-07-01,PO593725
SO-70387,C10071,2025-07-01,PO746070
SO-70388,C10081,2025-07-01,PO301635
SO-70389,C10096,2025-07-01,PO428960
SO-70390,C10107,2025-07-01,PO621599
SO-70391,C10161,2025-07-01,PO320830
SO-70392,C10175,2025-07-01,PO638655
SO-70393,C10322,2025-07-01,PO647699
SO-70394,C10501,2025-07-01,PO430377
SO-70395,C10515,2025-07-01,PO747773
SO-70396,C11327,2025-07-01,PO528312
SO-70397,C10006,2025-07-02,PO306914
SO-70398,C10011,2025-07-02,PO927650
SO-70399,C10041,2025-07-02,PO365151
SO-70400,C10071,2025-07-02,PO539397
SO-70401,C10081,2025-07-02,PO269968
SO-70402,C10086,2025-07-02,PO843613
SO-70403,C10132,2025-07-02,PO522543
SO-70404,C10138,2025-07-02,PO664308
SO-70405,C10215,2025-07-02,PO598021
SO-70406,C10286,2025-07-02,PO452878
SO-70407,C10521,2025-07-02,PO815402
SO-70408,C11052,2025-07-02,PO677977
SO-70409,C11842,2025-07-02,PO662445
SO-70410,C12524,2025-07-02,PO929688
SO-70411,C10006,2025-07-03,PO718356
SO-70412,C10011,2025-07-03,PO390336
SO-70413,C10019,2025-07-03,PO197966
SO-70414,C10024,2025-07-03,PO164415
SO-70415,C10033,2025-07-03,PO677093
SO-70416,C10071,2025-07-03,PO523806
SO-70417,C10086,2025-07-03,PO368889
SO-70418,C10200,2025-07-03,PO651638
SO-70419,C10515,2025-07-03,PO266133
SO-70420,C10006,2025-07-07,PO248013
SO-70421,C10024,2025-07-07,PO722167
SO-70422,C10071,2025-07-07,PO797890
SO-70423,C10081,2025-07-07,PO478781
SO-70424,C10086,2025-07-07,PO744704
SO-70425,C10096,2025-07-07,PO462592
SO-70426,C10102,2025-07-07,PO969201
SO-70427,C10138,2025-07-07,PO992423
SO-70428,C10144,2025-07-07,PO194174
SO-70429,C10159,2025-07-07,PO861623
SO-70430,C10173,2025-07-07,PO453728
SO-70431,C10192,2025-07-07,PO277778
SO-70432,C10208,2025-07-07,PO556647
SO-70433,C10297,2025-07-07,PO601646
SO-70434,C10322,2025-07-07,PO560175
SO-70435,C10344,2025-07-07,PO474000
SO-70436,C10400,2025-07-07,PO295864
SO-70437,C10976,2025-07-07,PO626126
SO-70438,C11480,2025-07-07,PO651061
SO-70439,C10019,2025-07-08,PO599871
SO-70440,C10024,2025-07-08,PO798744
SO-70441,C10071,2025-07-08,PO456781
SO-70442,C10081,2025-07-08,PO823608
SO-70443,C10096,2025-07-08,PO334611
SO-70444,C10102,2025-07-08,PO558977
SO-70445,C10161,2025-07-08,PO439241
SO-70446,C10556,2025-07-08,PO689402
SO-70447,C10595,2025-07-08,PO916132
SO-70448,C11252,2025-07-08,PO680367
SO-70449,C11364,2025-07-08,PO363403
SO-70450,C11799,2025-07-08,PO668660
SO-70451,C10006,2025-07-09,PO638578
SO-70452,C10011,2025-07-09,PO759399
SO-70453,C10024,2025-07-09,PO525664
SO-70454,C10071,2025-07-09,PO760194
SO-70455,C10096,2025-07-09,PO500396
SO-70456,C10107,2025-07-09,PO884785
SO-70457,C10138,2025-07-09,PO673698
SO-70458,C10208,2025-07-09,PO888630
SO-70459,C10293,2025-07-09,PO820855
SO-70460,C10297,2025-07-09,PO138434
SO-70461,C10006,2025-07-10,PO477448
SO-70462,C10071,2025-07-10,PO504857
SO-70463,C10081,2025-07-10,PO564722
SO-70464,C10096,2025-07-10,PO665234
SO-70465,C10151,2025-07-10,PO373939
SO-70466,C10173,2025-07-10,PO626514
SO-70467,C10200,2025-07-10,PO567066
SO-70468,C10293,2025-07-10,PO641065
SO-70469,C12931,2025-07-10,PO972340
SO-70470,C10006,2025-07-11,PO929304
SO-70471,C10071,2025-07-11,PO284449
SO-70472,C10096,2025-07-11,PO486301
SO-70473,C10107,2025-07-11,PO972014
SO-70474,C10123,2025-07-11,PO431121
SO-70475,C10452,2025-07-11,PO699477
SO-70476,C10938,2025-07-11,PO435190
SO-70477,C11524,2025-07-11,PO477232
SO-70478,C10006,2025-07-14,PO851178
SO-70479,C10011,2025-07-14,PO478783
SO-70480,C10024,2025-07-14,PO870497
SO-70481,C10033,2025-07-14,PO853136
SO-70482,C10071,2025-07-14,PO549072
SO-70483,C10081,2025-07-14,PO689622
SO-70484,C10086,2025-07-14,PO611614
SO-70485,C10096,2025-07-14,PO981804
SO-70486,C10102,2025-07-14,PO266274
SO-70487,C10107,2025-07-14,PO449180
SO-70488,C10132,2025-07-14,PO359737
SO-70489,C10151,2025-07-14,PO350919
SO-70490,C10159,2025-07-14,PO503649
SO-70491,C10173,2025-07-14,PO331747
SO-70492,C10297,2025-07-14,PO655215
SO-70493,C10304,2025-07-14,PO964363
SO-70494,C10365,2025-07-14,PO163486
SO-70495,C10380,2025-07-14,PO891622
SO-70496,C10409,2025-07-14,PO454686
SO-70497,C10552,2025-07-14,PO256100
SO-70498,C10603,2025-07-14,PO917359
SO-70499,C11327,2025-07-14,PO452713
SO-70500,C11881,2025-07-14,PO313099
SO-70501,C10006,2025-07-15,PO194397
SO-70502,C10019,2025-07-15,PO581035
SO-70503,C10033,2025-07-15,PO557903
SO-70504,C10071,2025-07-15,PO182928
SO-70505,C10081,2025-07-15,PO927687
SO-70506,C10114,2025-07-15,PO317755
SO-70507,C10132,2025-07-15,PO154821
SO-70508,C10138,2025-07-15,PO441400
SO-70509,C10173,2025-07-15,PO228283
SO-70510,C10200,2025-07-15,PO275969
SO-70511,C10332,2025-07-15,PO905583
SO-70512,C10714,2025-07-15,PO236886
SO-70513,C11412,2025-07-15,PO128313
SO-70514,C11537,2025-07-15,PO736804
SO-70515,C12794,2025-07-15,PO143243
SO-70516,C10006,2025-07-16,PO926168
SO-70517,C10033,2025-07-16,PO527593
SO-70518,C10071,2025-07-16,PO217332
SO-70519,C10081,2025-07-16,PO911010
SO-70520,C10086,2025-07-16,PO447850
SO-70521,C10102,2025-07-16,PO364688
SO-70522,C10107,2025-07-16,PO491271
SO-70523,C10208,2025-07-16,PO227666
SO-70524,C10235,2025-07-16,PO260810
SO-70525,C10257,2025-07-16,PO993656
SO-70526,C10304,2025-07-16,PO727640
SO-70527,C10501,2025-07-16,PO125900
SO-70528,C11518,2025-07-16,PO595063
SO-70529,C10006,2025-07-17,PO615616
SO-70530,C10019,2025-07-17,PO100639
SO-70531,C10071,2025-07-17,PO277225
SO-70532,C10081,2025-07-17,PO693710
SO-70533,C10086,2025-07-17,PO776286
SO-70534,C10161,2025-07-17,PO317123
SO-70535,C10304,2025-07-17,PO242894
SO-70536,C10423,2025-07-17,PO272248
SO-70537,C10647,2025-07-17,PO233640
SO-70538,C10801,2025-07-17,PO608368
SO-70539,C12253,2025-07-17,PO402870
SO-70540,C12495,2025-07-17,PO932997
SO-70541,C12674,2025-07-17,PO347833
SO-70542,C10006,2025-07-18,PO776180
SO-70543,C10071,2025-07-18,PO763189
SO-70544,C10102,2025-07-18,PO702964
SO-70545,C10114,2025-07-18,PO930198
SO-70546,C10506,2025-07-18,PO589212
SO-70547,C11052,2025-07-18,PO689933
SO-70548,C11252,2025-07-18,PO616108
SO-70549,C11956,2025-07-18,PO196965
SO-70550,C12994,2025-07-18,PO943736
SO-70551,C10006,2025-07-21,PO253659
SO-70552,C10011,2025-07-21,PO966878
SO-70553,C10067,2025-07-21,PO896342
SO-70554,C10071,2025-07-21,PO741254
SO-70555,C10081,2025-07-21,PO343208
SO-70556,C10086,2025-07-21,PO847136
SO-70557,C10096,2025-07-21,PO965749
SO-70558,C10102,2025-07-21,PO786260
SO-70559,C10123,2025-07-21,PO854758
SO-70560,C10138,2025-07-21,PO169840
SO-70561,C10175,2025-07-21,PO402688
SO-70562,C10215,2025-07-21,PO351902
SO-70563,C10257,2025-07-21,PO624609
SO-70564,C10344,2025-07-21,PO518415
SO-70565,C10390,2025-07-21,PO673648
SO-70566,C10482,2025-07-21,PO437886
SO-70567,C10494,2025-07-21,PO999428
SO-70568,C10603,2025-07-21,PO983924
SO-70569,C11327,2025-07-21,PO177854
SO-70570,C10006,2025-07-22,PO498449
SO-70571,C10071,2025-07-22,PO653243
SO-70572,C10102,2025-07-22,PO727307
SO-70573,C10107,2025-07-22,PO782924
SO-70574,C10138,2025-07-22,PO217123
SO-70575,C10192,2025-07-22,PO815032
SO-70576,C10321,2025-07-22,PO337138
SO-70577,C10365,2025-07-22,PO348079
SO-70578,C10397,2025-07-22,PO912933
SO-70579,C11659,2025-07-22,PO240703
SO-70580,C12746,2025-07-22,PO229346
SO-70581,C10006,2025-07-23,PO980890
SO-70582,C10019,2025-07-23,PO541079
SO-70583,C10071,2025-07-23,PO207286
SO-70584,C10123,2025-07-23,PO980001
SO-70585,C10144,2025-07-23,PO188552
SO-70586,C10308,2025-07-23,PO292486
SO-70587,C10380,2025-07-23,PO674810
SO-70588,C10409,2025-07-23,PO728385
SO-70589,C10482,2025-07-23,PO111983
SO-70590,C10515,2025-07-23,PO805209
SO-70591,C10544,2025-07-23,PO207274
SO-70592,C11062,2025-07-23,PO477587
SO-70593,C10019,2025-07-24,PO173569
SO-70594,C10033,2025-07-24,PO222047
SO-70595,C10071,2025-07-24,PO349201
SO-70596,C10102,2025-07-24,PO285601
SO-70597,C10175,2025-07-24,PO807194
SO-70598,C10215,2025-07-24,PO452988
SO-70599,C10235,2025-07-24,PO446252
SO-70600,C10900,2025-07-24,PO678227
SO-70601,C12068,2025-07-24,PO175212
SO-70602,C10006,2025-07-25,PO725870
SO-70603,C10071,2025-07-25,PO392137
SO-70604,C10086,2025-07-25,PO964689
SO-70605,C10151,2025-07-25,PO174256
SO-70606,C10173,2025-07-25,PO451021
SO-70607,C10304,2025-07-25,PO892202
SO-70608,C10321,2025-07-25,PO533684
SO-70609,C11918,2025-07-25,PO848204
SO-70610,C12659,2025-07-25,PO882444
SO-70611,C10006,2025-07-28,PO706864
SO-70612,C10011,2025-07-28,PO498478
SO-70613,C10033,2025-07-28,PO407029
SO-70614,C10041,2025-07-28,PO387228
SO-70615,C10071,2025-07-28,PO381382
SO-70616,C10081,2025-07-28,PO298474
SO-70617,C10086,2025-07-28,PO216104
SO-70618,C10102,2025-07-28,PO467945
SO-70619,C10114,2025-07-28,PO892490
SO-70620,C10132,2025-07-28,PO833318
SO-70621,C10151,2025-07-28,PO374624
SO-70622,C10175,2025-07-28,PO246711
SO-70623,C10192,2025-07-28,PO776814
SO-70624,C10286,2025-07-28,PO257347
SO-70625,C10308,2025-07-28,PO661276
SO-70626,C10390,2025-07-28,PO273498
SO-70627,C10418,2025-07-28,PO752645
SO-70628,C10470,2025-07-28,PO927164
SO-70629,C10636,2025-07-28,PO131265
SO-70630,C10887,2025-07-28,PO947638
SO-70631,C10890,2025-07-28,PO440685
SO-70632,C10970,2025-07-28,PO447764
SO-70633,C11029,2025-07-28,PO590092
SO-70634,C11075,2025-07-28,PO709181
SO-70635,C11158,2025-07-28,PO872748
SO-70636,C11204,2025-07-28,PO580156
SO-70637,C12620,2025-07-28,PO107583
SO-70638,C10006,2025-07-29,PO455148
SO-70639,C10011,2025-07-29,PO255779
SO-70640,C10071,2025-07-29,PO992766
SO-70641,C10086,2025-07-29,PO689177
SO-70642,C10102,2025-07-29,PO806866
SO-70643,C10107,2025-07-29,PO621592
SO-70644,C10217,2025-07-29,PO335367
SO-70645,C10276,2025-07-29,PO798781
SO-70646,C10563,2025-07-29,PO593688
SO-70647,C10871,2025-07-29,PO384326
SO-70648,C11327,2025-07-29,PO879520
SO-70649,C10006,2025-07-30,PO599460
SO-70650,C10019,2025-07-30,PO554301
SO-70651,C10033,2025-07-30,PO323924
SO-70652,C10071,2025-07-30,PO913712
SO-70653,C10081,2025-07-30,PO744992
SO-70654,C10096,2025-07-30,PO309025
SO-70655,C10102,2025-07-30,PO472310
SO-70656,C10114,2025-07-30,PO552349
SO-70657,C10151,2025-07-30,PO404503
SO-70658,C10409,2025-07-30,PO792120
SO-70659,C10483,2025-07-30,PO954971
SO-70660,C10506,2025-07-30,PO931287
SO-70661,C10810,2025-07-30,PO610148
SO-70662,C10937,2025-07-30,PO218595
SO-70663,C12540,2025-07-30,PO516014
SO-70664,C10006,2025-07-31,PO640608
SO-70665,C10011,2025-07-31,PO210285
SO-70666,C10024,2025-07-31,PO482350
SO-70667,C10033,2025-07-31,PO317457
SO-70668,C10041,2025-07-31,PO381659
SO-70669,C10071,2025-07-31,PO551835
SO-70670,C10096,2025-07-31,PO679136
SO-70671,C10114,2025-07-31,PO469426
SO-70672,C10123,2025-07-31,PO461035
SO-70673,C10132,2025-07-31,PO533932
SO-70674,C10006,2025-08-01,PO869667
SO-70675,C10081,2025-08-01,PO239244
SO-70676,C10107,2025-08-01,PO393400
SO-70677,C10144,2025-08-01,PO974842
SO-70678,C10151,2025-08-01,PO598560
SO-70679,C10161,2025-08-01,PO390617
SO-70680,C10173,2025-08-01,PO690665
SO-70681,C10235,2025-08-01,PO219730
SO-70682,C10242,2025-08-01,PO328778
SO-70683,C10321,2025-08-01,PO750710
SO-70684,C12028,2025-08-01,PO222725
SO-70685,C12593,2025-08-01,PO412348
SO-70686,C13128,2025-08-01,PO820041
SO-70687,C10006,2025-08-04,PO969056
SO-70688,C10019,2025-08-04,PO168431
SO-70689,C10033,2025-08-04,PO601160
SO-70690,C10071,2025-08-04,PO243655
SO-70691,C10081,2025-08-04,PO395561
SO-70692,C10086,2025-08-04,PO676826
SO-70693,C10102,2025-08-04,PO716991
SO-70694,C10132,2025-08-04,PO248270
SO-70695,C10151,2025-08-04,PO476556
SO-70696,C10186,2025-08-04,PO991257
SO-70697,C10208,2025-08-04,PO628362
SO-70698,C10242,2025-08-04,PO689071
SO-70699,C10286,2025-08-04,PO661325
SO-70700,C10321,2025-08-04,PO464926
SO-70701,C10418,2025-08-04,PO627221
SO-70702,C10456,2025-08-04,PO852945
SO-70703,C10636,2025-08-04,PO152816
SO-70704,C10640,2025-08-04,PO160619
SO-70705,C10707,2025-08-04,PO856264
SO-70706,C10779,2025-08-04,PO983244
SO-70707,C10871,2025-08-04,PO206701
SO-70708,C11197,2025-08-04,PO514922
SO-70709,C11578,2025-08-04,PO512874
SO-70710,C11708,2025-08-04,PO138169
SO-70711,C12981,2025-08-04,PO619691
SO-70712,C10006,2025-08-05,PO414935
SO-70713,C10011,2025-08-05,PO971966
SO-70714,C10041,2025-08-05,PO373405
SO-70715,C10071,2025-08-05,PO922513
SO-70716,C10081,2025-08-05,PO121712
SO-70717,C10086,2025-08-05,PO380041
SO-70718,C10096,2025-08-05,PO840044
SO-70719,C10269,2025-08-05,PO756791
SO-70720,C10738,2025-08-05,PO972673
SO-70721,C10006,2025-08-06,PO538151
SO-70722,C10033,2025-08-06,PO845977
SO-70723,C10071,2025-08-06,PO308898
SO-70724,C10086,2025-08-06,PO598460
SO-70725,C10096,2025-08-06,PO609134
SO-70726,C10102,2025-08-06,PO739459
SO-70727,C10144,2025-08-06,PO263080
SO-70728,C10186,2025-08-06,PO969281
SO-70729,C10235,2025-08-06,PO301192
SO-70730,C10286,2025-08-06,PO268257
SO-70731,C10544,2025-08-06,PO386066
SO-70732,C10701,2025-08-06,PO715764
SO-70733,C11886,2025-08-06,PO307753
SO-70734,C12037,2025-08-06,PO960667
SO-70735,C12688,2025-08-06,PO985467
SO-70736,C10006,2025-08-07,PO374487
SO-70737,C10019,2025-08-07,PO787707
SO-70738,C10024,2025-08-07,PO401701
SO-70739,C10071,2025-08-07,PO159563
SO-70740,C10086,2025-08-07,PO522470
SO-70741,C10096,2025-08-07,PO946078
SO-70742,C10102,2025-08-07,PO132841
SO-70743,C10159,2025-08-07,PO713098
SO-70744,C10161,2025-08-07,PO777276
SO-70745,C10297,2025-08-07,PO738831
SO-70746,C10430,2025-08-07,PO287929
SO-70747,C10515,2025-08-07,PO741743
SO-70748,C11586,2025-08-07,PO620892
SO-70749,C12938,2025-08-07,PO896157
SO-70750,C13149,2025-08-07,PO799774
SO-70751,C10006,2025-08-08,PO377990
SO-70752,C10033,2025-08-08,PO457079
SO-70753,C10081,2025-08-08,PO858556
SO-70754,C10086,2025-08-08,PO342795
SO-70755,C10102,2025-08-08,PO607162
SO-70756,C10132,2025-08-08,PO668539
SO-70757,C10138,2025-08-08,PO928530
SO-70758,C10173,2025-08-08,PO896639
SO-70759,C10186,2025-08-08,PO456138
SO-70760,C10200,2025-08-08,PO839704
SO-70761,C10365,2025-08-08,PO682361
SO-70762,C10501,2025-08-08,PO306212
SO-70763,C10006,2025-08-11,PO679543
SO-70764,C10011,2025-08-11,PO127547
SO-70765,C10024,2025-08-11,PO592027
SO-70766,C10033,2025-08-11,PO916514
SO-70767,C10060,2025-08-11,PO878272
SO-70768,C10071,2025-08-11,PO918844
SO-70769,C10081,2025-08-11,PO385567
SO-70770,C10086,2025-08-11,PO169541
SO-70771,C10096,2025-08-11,PO589633
SO-70772,C10107,2025-08-11,PO213202
SO-70773,C10114,2025-08-11,PO773787
SO-70774,C10123,2025-08-11,PO167951
SO-70775,C10248,2025-08-11,PO875203
SO-70776,C10269,2025-08-11,PO665041
SO-70777,C10344,2025-08-11,PO991362
SO-70778,C11112,2025-08-11,PO258077
SO-70779,C11893,2025-08-11,PO660275
SO-70780,C12168,2025-08-11,PO974846
SO-70781,C12674,2025-08-11,PO505587
SO-70782,C10006,2025-08-12,PO233757
SO-70783,C10011,2025-08-12,PO771693
SO-70784,C10024,2025-08-12,PO330696
SO-70785,C10071,2025-08-12,PO339412
SO-70786,C10138,2025-08-12,PO689766
SO-70787,C11489,2025-08-12,PO899344
SO-70788,C12412,2025-08-12,PO858601
SO-70789,C10006,2025-08-13,PO650876
SO-70790,C10011,2025-08-13,PO544447
SO-70791,C10071,2025-08-13,PO647050
SO-70792,C10081,2025-08-13,PO766557
SO-70793,C10096,2025-08-13,PO150477
SO-70794,C10114,2025-08-13,PO224379
SO-70795,C10200,2025-08-13,PO875439
SO-70796,C10308,2025-08-13,PO709827
SO-70797,C10784,2025-08-13,PO594154
SO-70798,C10982,2025-08-13,PO905673
SO-70799,C11992,2025-08-13,PO380405
SO-70800,C12524,2025-08-13,PO818679
SO-70801,C10011,2025-08-14,PO901638
SO-70802,C10019,2025-08-14,PO962560
SO-70803,C10071,2025-08-14,PO427276
SO-70804,C10081,2025-08-14,PO786665
SO-70805,C10086,2025-08-14,PO377758
SO-70806,C10107,2025-08-14,PO519915
SO-70807,C10186,2025-08-14,PO463056
SO-70808,C11190,2025-08-14,PO102495
SO-70809,C11732,2025-08-14,PO152648
SO-70810,C10006,2025-08-15,PO652649
SO-70811,C10060,2025-08-15,PO680624
SO-70812,C10071,2025-08-15,PO322204
SO-70813,C10107,2025-08-15,PO890057
SO-70814,C10138,2025-08-15,PO849616
SO-70815,C10144,2025-08-15,PO314534
SO-70816,C10200,2025-08-15,PO802500
SO-70817,C10208,2025-08-15,PO909794
SO-70818,C10269,2025-08-15,PO515517
SO-70819,C10380,2025-08-15,PO857643
SO-70820,C10430,2025-08-15,PO369217
SO-70821,C10801,2025-08-15,PO166757
SO-70822,C11046,2025-08-15,PO498092
SO-70823,C10006,2025-08-18,PO200858
SO-70824,C10019,2025-08-18,PO356985
SO-70825,C10067,2025-08-18,PO214620
SO-70826,C10071,2025-08-18,PO153755
SO-70827,C10081,2025-08-18,PO965624
SO-70828,C10096,2025-08-18,PO640650
SO-70829,C10102,2025-08-18,PO923146
SO-70830,C10114,2025-08-18,PO306752
SO-70831,C10123,2025-08-18,PO966782
SO-70832,C10151,2025-08-18,PO762653
SO-70833,C10161,2025-08-18,PO370109
SO-70834,C10200,2025-08-18,PO141618
SO-70835,C10217,2025-08-18,PO356167
SO-70836,C10248,2025-08-18,PO619774
SO-70837,C10293,2025-08-18,PO888780
SO-70838,C10397,2025-08-18,PO845244
SO-70839,C10686,2025-08-18,PO107707
SO-70840,C11037,2025-08-18,PO994901
SO-70841,C11188,2025-08-18,PO174928
SO-70842,C12088,2025-08-18,PO499253
SO-70843,C12888,2025-08-18,PO647626
SO-70844,C10006,2025-08-19,PO660891
SO-70845,C10011,2025-08-19,PO195220
SO-70846,C10024,2025-08-19,PO799503
SO-70847,C10071,2025-08-19,PO105207
SO-70848,C10081,2025-08-19,PO492848
SO-70849,C10086,2025-08-19,PO371129
SO-70850,C10138,2025-08-19,PO223098
SO-70851,C10161,2025-08-19,PO738324
SO-70852,C10261,2025-08-19,PO756325
SO-70853,C10573,2025-08-19,PO649554
SO-70854,C11269,2025-08-19,PO882489
SO-70855,C12256,2025-08-19,PO868428
SO-70856,C10011,2025-08-20,PO214233
SO-70857,C10033,2025-08-20,PO800104
SO-70858,C10071,2025-08-20,PO207590
SO-70859,C10081,2025-08-20,PO549297
SO-70860,C10086,2025-08-20,PO855546
SO-70861,C10138,2025-08-20,PO961814
SO-70862,C10192,2025-08-20,PO870023
SO-70863,C10269,2025-08-20,PO108194
SO-70864,C10361,2025-08-20,PO665998
SO-70865,C10506,2025-08-20,PO973269
SO-70866,C10603,2025-08-20,PO100881
SO-70867,C10655,2025-08-20,PO861794
SO-70868,C10745,2025-08-20,PO254614
SO-70869,C11437,2025-08-20,PO456495
SO-70870,C11918,2025-08-20,PO890925
SO-70871,C10011,2025-08-21,PO773275
SO-70872,C10071,2025-08-21,PO213341
SO-70873,C10081,2025-08-21,PO137462
SO-70874,C10107,2025-08-21,PO579632
SO-70875,C10200,2025-08-21,PO154985
SO-70876,C10293,2025-08-21,PO882865
SO-70877,C10297,2025-08-21,PO278879
SO-70878,C10615,2025-08-21,PO294841
SO-70879,C10890,2025-08-21,PO105930
SO-70880,C10006,2025-08-22,PO226873
SO-70881,C10011,2025-08-22,PO886467
SO-70882,C10019,2025-08-22,PO911568
SO-70883,C10033,2025-08-22,PO525305
SO-70884,C10042,2025-08-22,PO371179
SO-70885,C10071,2025-08-22,PO325499
SO-70886,C10132,2025-08-22,PO513538
SO-70887,C10200,2025-08-22,PO569501
SO-70888,C10361,2025-08-22,PO643294
SO-70889,C10871,2025-08-22,PO681609
SO-70890,C11956,2025-08-22,PO339286
SO-70891,C12637,2025-08-22,PO825101
SO-70892,C10006,2025-08-25,PO312036
SO-70893,C10011,2025-08-25,PO736885
SO-70894,C10019,2025-08-25,PO502478
SO-70895,C10024,2025-08-25,PO152703
SO-70896,C10071,2025-08-25,PO314000
SO-70897,C10081,2025-08-25,PO388553
SO-70898,C10096,2025-08-25,PO533173
SO-70899,C10102,2025-08-25,PO159117
SO-70900,C10107,2025-08-25,PO933533
SO-70901,C10144,2025-08-25,PO553993
SO-70902,C10151,2025-08-25,PO736582
SO-70903,C10159,2025-08-25,PO675194
SO-70904,C10308,2025-08-25,PO198494
SO-70905,C10397,2025-08-25,PO219126
SO-70906,C10452,2025-08-25,PO450794
SO-70907,C10506,2025-08-25,PO289435
SO-70908,C10762,2025-08-25,PO417132
SO-70909,C10871,2025-08-25,PO663906
SO-70910,C11284,2025-08-25,PO219971
SO-70911,C11705,2025-08-25,PO342341
SO-70912,C12118,2025-08-25,PO901136
SO-70913,C12183,2025-08-25,PO141474
SO-70914,C10006,2025-08-26,PO401146
SO-70915,C10011,2025-08-26,PO571300
SO-70916,C10041,2025-08-26,PO833905
SO-70917,C10053,2025-08-26,PO428318
SO-70918,C10071,2025-08-26,PO673054
SO-70919,C10096,2025-08-26,PO329834
SO-70920,C10151,2025-08-26,PO164874
SO-70921,C10235,2025-08-26,PO474439
SO-70922,C10242,2025-08-26,PO854528
SO-70923,C10647,2025-08-26,PO377172
SO-70924,C10998,2025-08-26,PO944623
SO-70925,C11075,2025-08-26,PO940871
SO-70926,C10006,2025-08-27,PO794467
SO-70927,C10041,2025-08-27,PO744459
SO-70928,C10071,2025-08-27,PO826878
SO-70929,C10086,2025-08-27,PO941519
SO-70930,C10102,2025-08-27,PO884114
SO-70931,C10144,2025-08-27,PO890565
SO-70932,C10151,2025-08-27,PO253731
SO-70933,C10161,2025-08-27,PO139713
SO-70934,C10217,2025-08-27,PO894060
SO-70935,C10225,2025-08-27,PO487268
SO-70936,C10332,2025-08-27,PO166024
SO-70937,C10483,2025-08-27,PO729458
SO-70938,C10814,2025-08-27,PO934443
SO-70939,C11992,2025-08-27,PO316830
SO-70940,C10006,2025-08-28,PO500616
SO-70941,C10011,2025-08-28,PO448459
SO-70942,C10019,2025-08-28,PO384986
SO-70943,C10024,2025-08-28,PO103964
SO-70944,C10041,2025-08-28,PO647010
SO-70945,C10042,2025-08-28,PO649215
SO-70946,C10067,2025-08-28,PO212817
SO-70947,C10071,2025-08-28,PO680812
SO-70948,C10086,2025-08-28,PO572698
SO-70949,C10096,2025-08-28,PO251439
SO-70950,C10102,2025-08-28,PO698389
SO-70951,C10107,2025-08-28,PO669578
SO-70952,C10132,2025-08-28,PO175276
SO-70953,C10144,2025-08-28,PO186619
SO-70954,C10192,2025-08-28,PO705649
SO-70955,C10200,2025-08-28,PO564624
SO-70956,C10215,2025-08-28,PO828500
SO-70957,C10257,2025-08-28,PO897851
SO-70958,C10529,2025-08-28,PO832085
SO-70959,C10573,2025-08-28,PO555582
SO-70960,C10636,2025-08-28,PO438068
SO-70961,C10714,2025-08-28,PO123172
SO-70962,C12399,2025-08-28,PO138252
SO-70963,C10006,2025-08-29,PO348231
SO-70964,C10024,2025-08-29,PO273804
SO-70965,C10071,2025-08-29,PO824370
SO-70966,C10081,2025-08-29,PO830746
SO-70967,C10086,2025-08-29,PO154997
SO-70968,C10096,2025-08-29,PO590198
SO-70969,C10138,2025-08-29,PO228879
SO-70970,C10144,2025-08-29,PO143114
SO-70971,C10151,2025-08-29,PO392581
SO-70972,C10200,2025-08-29,PO574336
SO-70973,C10208,2025-08-29,PO616077
SO-70974,C10217,2025-08-29,PO937907
SO-70975,C10006,2025-09-02,PO590829
SO-70976,C10011,2025-09-02,PO634590
SO-70977,C10019,2025-09-02,PO970358
SO-70978,C10024,2025-09-02,PO333834
SO-70979,C10071,2025-09-02,PO397250
SO-70980,C10081,2025-09-02,PO476397
SO-70981,C10096,2025-09-02,PO944578
SO-70982,C10102,2025-09-02,PO863090
SO-70983,C10114,2025-09-02,PO841187
SO-70984,C10138,2025-09-02,PO926891
SO-70985,C10144,2025-09-02,PO114235
SO-70986,C10297,2025-09-02,PO443514
SO-70987,C10332,2025-09-02,PO936801
SO-70988,C10352,2025-09-02,PO241842
SO-70989,C10380,2025-09-02,PO389278
SO-70990,C10795,2025-09-02,PO701950
SO-70991,C10823,2025-09-02,PO702185
SO-70992,C10853,2025-09-02,PO347855
SO-70993,C12088,2025-09-02,PO940323
SO-70994,C12811,2025-09-02,PO660602
SO-70995,C10006,2025-09-03,PO718075
SO-70996,C10011,2025-09-03,PO455106
SO-70997,C10071,2025-09-03,PO695577
SO-70998,C10096,2025-09-03,PO191661
SO-70999,C10138,2025-09-03,PO337144
SO-71000,C10144,2025-09-03,PO644566
SO-71001,C10261,2025-09-03,PO436392
SO-71002,C10286,2025-09-03,PO743757
SO-71003,C10321,2025-09-03,PO415404
SO-71004,C10380,2025-09-03,PO114649
SO-71005,C10506,2025-09-03,PO220391
SO-71006,C11172,2025-09-03,PO386835
SO-71007,C10006,2025-09-04,PO900763
SO-71008,C10011,2025-09-04,PO522730
SO-71009,C10033,2025-09-04,PO321093
SO-71010,C10041,2025-09-04,PO749558
SO-71011,C10081,2025-09-04,PO665114
SO-71012,C10102,2025-09-04,PO629819
SO-71013,C10114,2025-09-04,PO263911
SO-71014,C10123,2025-09-04,PO327764
SO-71015,C10161,2025-09-04,PO674419
SO-71016,C10261,2025-09-04,PO875490
SO-71017,C11148,2025-09-04,PO899844
SO-71018,C11616,2025-09-04,PO697773
SO-71019,C12037,2025-09-04,PO691392
SO-71020,C12068,2025-09-04,PO360912
SO-71021,C12245,2025-09-04,PO275547
SO-71022,C10006,2025-09-05,PO329114
SO-71023,C10011,2025-09-05,PO948586
SO-71024,C10019,2025-09-05,PO225274
SO-71025,C10042,2025-09-05,PO874131
SO-71026,C10071,2025-09-05,PO728010
SO-71027,C10096,2025-09-05,PO703895
SO-71028,C10102,2025-09-05,PO930654
SO-71029,C10123,2025-09-05,PO231723
SO-71030,C10159,2025-09-05,PO586765
SO-71031,C10200,2025-09-05,PO234862
SO-71032,C10655,2025-09-05,PO393486
SO-71033,C11542,2025-09-05,PO687376
SO-71034,C10006,2025-09-08,PO561049
SO-71035,C10011,2025-09-08,PO636287
SO-71036,C10019,2025-09-08,PO272072
SO-71037,C10024,2025-09-08,PO427166
SO-71038,C10033,2025-09-08,PO506303
SO-71039,C10041,2025-09-08,PO421132
SO-71040,C10071,2025-09-08,PO276129
SO-71041,C10086,2025-09-08,PO619352
SO-71042,C10096,2025-09-08,PO336433
SO-71043,C10102,2025-09-08,PO814681
SO-71044,C10107,2025-09-08,PO881244
SO-71045,C10151,2025-09-08,PO209942
SO-71046,C10173,2025-09-08,PO430362
SO-71047,C10235,2025-09-08,PO683142
SO-71048,C10248,2025-09-08,PO608363
SO-71049,C10286,2025-09-08,PO129819
SO-71050,C10297,2025-09-08,PO822449
SO-71051,C10515,2025-09-08,PO582000
SO-71052,C10552,2025-09-08,PO991198
SO-71053,C10801,2025-09-08,PO880744
SO-71054,C11052,2025-09-08,PO344487
SO-71055,C11374,2025-09-08,PO816574
SO-71056,C12389,2025-09-08,PO885161
SO-71057,C10006,2025-09-09,PO317889
SO-71058,C10033,2025-09-09,PO206135
SO-71059,C10041,2025-09-09,PO619203
SO-71060,C10071,2025-09-09,PO143039
SO-71061,C10086,2025-09-09,PO159454
SO-71062,C10096,2025-09-09,PO531270
SO-71063,C10173,2025-09-09,PO181086
SO-71064,C10200,2025-09-09,PO825436
SO-71065,C10293,2025-09-09,PO786909
SO-71066,C10482,2025-09-09,PO552343
SO-71067,C12185,2025-09-09,PO199489
SO-71068,C13021,2025-09-09,PO267200
SO-71069,C10006,2025-09-10,PO472941
SO-71070,C10019,2025-09-10,PO103779
SO-71071,C10060,2025-09-10,PO527296
SO-71072,C10071,2025-09-10,PO702546
SO-71073,C10081,2025-09-10,PO686425
SO-71074,C10096,2025-09-10,PO808576
SO-71075,C10102,2025-09-10,PO550972
SO-71076,C10123,2025-09-10,PO719801
SO-71077,C10138,2025-09-10,PO585185
SO-71078,C10144,2025-09-10,PO618097
SO-71079,C10235,2025-09-10,PO151989
SO-71080,C10751,2025-09-10,PO898813
SO-71081,C11190,2025-09-10,PO575687
SO-71082,C11796,2025-09-10,PO549526
SO-71083,C10006,2025-09-11,PO394347
SO-71084,C10011,2025-09-11,PO158882
SO-71085,C10071,2025-09-11,PO782574
SO-71086,C10081,2025-09-11,PO445474
SO-71087,C10086,2025-09-11,PO308060
SO-71088,C10102,2025-09-11,PO203367
SO-71089,C10107,2025-09-11,PO342436
SO-71090,C10132,2025-09-11,PO884249
SO-71091,C10151,2025-09-11,PO479639
SO-71092,C10261,2025-09-11,PO119673
SO-71093,C10444,2025-09-11,PO871574
SO-71094,C10470,2025-09-11,PO354313
SO-71095,C11112,2025-09-11,PO842166
SO-71096,C11131,2025-09-11,PO513539
SO-71097,C10011,2025-09-12,PO841296
SO-71098,C10033,2025-09-12,PO804814
SO-71099,C10071,2025-09-12,PO603707
SO-71100,C10081,2025-09-12,PO242357
SO-71101,C10096,2025-09-12,PO477580
SO-71102,C10107,2025-09-12,PO306198
SO-71103,C10192,2025-09-12,PO940466
SO-71104,C10257,2025-09-12,PO401577
SO-71105,C10322,2025-09-12,PO870970
SO-71106,C10444,2025-09-12,PO280925
SO-71107,C10494,2025-09-12,PO131755
SO-71108,C11142,2025-09-12,PO688897
SO-71109,C11374,2025-09-12,PO247700
SO-71110,C10006,2025-09-15,PO562778
SO-71111,C10011,2025-09-15,PO975045
SO-71112,C10024,2025-09-15,PO466282
SO-71113,C10041,2025-09-15,PO444542
SO-71114,C10042,2025-09-15,PO569250
SO-71115,C10071,2025-09-15,PO486616
SO-71116,C10081,2025-09-15,PO249889
SO-71117,C10086,2025-09-15,PO696686
SO-71118,C10096,2025-09-15,PO535601
SO-71119,C10102,2025-09-15,PO906702
SO-71120,C10107,2025-09-15,PO514349
SO-71121,C10159,2025-09-15,PO370099
SO-71122,C10186,2025-09-15,PO276060
SO-71123,C10217,2025-09-15,PO920508
SO-71124,C10297,2025-09-15,PO278381
SO-71125,C10344,2025-09-15,PO254606
SO-71126,C10409,2025-09-15,PO334552
SO-71127,C10859,2025-09-15,PO232337
SO-71128,C10938,2025-09-15,PO313838
SO-71129,C10998,2025-09-15,PO324060
SO-71130,C11004,2025-09-15,PO309042
SO-71131,C11029,2025-09-15,PO926494
SO-71132,C11258,2025-09-15,PO312024
SO-71133,C12637,2025-09-15,PO807235
SO-71134,C10006,2025-09-16,PO571093
SO-71135,C10019,2025-09-16,PO949436
SO-71136,C10033,2025-09-16,PO171225
SO-71137,C10071,2025-09-16,PO816862
SO-71138,C10081,2025-09-16,PO639485
SO-71139,C10096,2025-09-16,PO176268
SO-71140,C10102,2025-09-16,PO286713
SO-71141,C10123,2025-09-16,PO247654
SO-71142,C10132,2025-09-16,PO930260
SO-71143,C10151,2025-09-16,PO952651
SO-71144,C10175,2025-09-16,PO778591
SO-71145,C10192,2025-09-16,PO348705
SO-71146,C10235,2025-09-16,PO590006
SO-71147,C10242,2025-09-16,PO405437
SO-71148,C10297,2025-09-16,PO727772
SO-71149,C10440,2025-09-16,PO832633
SO-71150,C10615,2025-09-16,PO681595
SO-71151,C10823,2025-09-16,PO756689
SO-71152,C11188,2025-09-16,PO127223
SO-71153,C11596,2025-09-16,PO373805
SO-71154,C11718,2025-09-16,PO624752
SO-71155,C12566,2025-09-16,PO468819
SO-71156,C10006,2025-09-17,PO365914
SO-71157,C10011,2025-09-17,PO944110
SO-71158,C10024,2025-09-17,PO419926
SO-71159,C10071,2025-09-17,PO594050
SO-71160,C10081,2025-09-17,PO655567
SO-71161,C10086,2025-09-17,PO290702
SO-71162,C10096,2025-09-17,PO553620
SO-71163,C10138,2025-09-17,PO292557
SO-71164,C10144,2025-09-17,PO174642
SO-71165,C10235,2025-09-17,PO209084
SO-71166,C10257,2025-09-17,PO180646
SO-71167,C10276,2025-09-17,PO716583
SO-71168,C10286,2025-09-17,PO853768
SO-71169,C10409,2025-09-17,PO845997
SO-71170,C10423,2025-09-17,PO616999
SO-71171,C10655,2025-09-17,PO586164
SO-71172,C11252,2025-09-17,PO967081
SO-71173,C10011,2025-09-18,PO355519
SO-71174,C10071,2025-09-18,PO560514
SO-71175,C10081,2025-09-18,PO604011
SO-71176,C10102,2025-09-18,PO255830
SO-71177,C10107,2025-09-18,PO619431
SO-71178,C10144,2025-09-18,PO355703
SO-71179,C10217,2025-09-18,PO100875
SO-71180,C10332,2025-09-18,PO831972
SO-71181,C10400,2025-09-18,PO771648
SO-71182,C10006,2025-09-19,PO247329
SO-71183,C10011,2025-09-19,PO305345
SO-71184,C10019,2025-09-19,PO445646
SO-71185,C10041,2025-09-19,PO130087
SO-71186,C10071,2025-09-19,PO348209
SO-71187,C10086,2025-09-19,PO321082
SO-71188,C10186,2025-09-19,PO275823
SO-71189,C10208,2025-09-19,PO148475
SO-71190,C10225,2025-09-19,PO882948
SO-71191,C10293,2025-09-19,PO817261
SO-71192,C10795,2025-09-19,PO752978
SO-71193,C11083,2025-09-19,PO312758
SO-71194,C10006,2025-09-22,PO505040
SO-71195,C10019,2025-09-22,PO562638
SO-71196,C10024,2025-09-22,PO333145
SO-71197,C10060,2025-09-22,PO289307
SO-71198,C10071,2025-09-22,PO753240
SO-71199,C10081,2025-09-22,PO750274
SO-71200,C10086,2025-09-22,PO692754
SO-71201,C10096,2025-09-22,PO142818
SO-71202,C10102,2025-09-22,PO404423
SO-71203,C10144,2025-09-22,PO498488
SO-71204,C10161,2025-09-22,PO865306
SO-71205,C10217,2025-09-22,PO529461
SO-71206,C10248,2025-09-22,PO661928
SO-71207,C10286,2025-09-22,PO595171
SO-71208,C10397,2025-09-22,PO184185
SO-71209,C10418,2025-09-22,PO953099
SO-71210,C10515,2025-09-22,PO125121
SO-71211,C10976,2025-09-22,PO662235
SO-71212,C11062,2025-09-22,PO895748
SO-71213,C11252,2025-09-22,PO928843
SO-71214,C11796,2025-09-22,PO207194
SO-71215,C11936,2025-09-22,PO332529
SO-71216,C12068,2025-09-22,PO708338
SO-71217,C12965,2025-09-22,PO777837
SO-71218,C13049,2025-09-22,PO646467
SO-71219,C13088,2025-09-22,PO423478
SO-71220,C10006,2025-09-23,PO947705
SO-71221,C10011,2025-09-23,PO420092
SO-71222,C10071,2025-09-23,PO229736
SO-71223,C10081,2025-09-23,PO120639
SO-71224,C10096,2025-09-23,PO960379
SO-71225,C10107,2025-09-23,PO146056
SO-71226,C10114,2025-09-23,PO224455
SO-71227,C10186,2025-09-23,PO893865
SO-71228,C10208,2025-09-23,PO919795
SO-71229,C10344,2025-09-23,PO598425
SO-71230,C10440,2025-09-23,PO272288
SO-71231,C10795,2025-09-23,PO328039
SO-71232,C11279,2025-09-23,PO613065
SO-71233,C12389,2025-09-23,PO946570
SO-71234,C10006,2025-09-24,PO434577
SO-71235,C10011,2025-09-24,PO788597
SO-71236,C10041,2025-09-24,PO469780
SO-71237,C10071,2025-09-24,PO322305
SO-71238,C10081,2025-09-24,PO410581
SO-71239,C10107,2025-09-24,PO250937
SO-71240,C10114,2025-09-24,PO806935
SO-71241,C10151,2025-09-24,PO362338
SO-71242,C10208,2025-09-24,PO541393
SO-71243,C10397,2025-09-24,PO289358
SO-71244,C10544,2025-09-24,PO168098
SO-71245,C10563,2025-09-24,PO917445
SO-71246,C11062,2025-09-24,PO696298
SO-71247,C12944,2025-09-24,PO474759
SO-71248,C10006,2025-09-25,PO497704
SO-71249,C10019,2025-09-25,PO979675
SO-71250,C10024,2025-09-25,PO531666
SO-71251,C10041,2025-09-25,PO538408
SO-71252,C10071,2025-09-25,PO136171
SO-71253,C10081,2025-09-25,PO876863
SO-71254,C10096,2025-09-25,PO468278
SO-71255,C10132,2025-09-25,PO421222
SO-71256,C10151,2025-09-25,PO991670
SO-71257,C10159,2025-09-25,PO208409
SO-71258,C10173,2025-09-25,PO252544
SO-71259,C10208,2025-09-25,PO545623
SO-71260,C10286,2025-09-25,PO752849
SO-71261,C10456,2025-09-25,PO594142
SO-71262,C10714,2025-09-25,PO442773
SO-71263,C11029,2025-09-25,PO802232
SO-71264,C11315,2025-09-25,PO945441
SO-71265,C11586,2025-09-25,PO408785
SO-71266,C12464,2025-09-25,PO489918
SO-71267,C10006,2025-09-26,PO127819
SO-71268,C10019,2025-09-26,PO270228
SO-71269,C10024,2025-09-26,PO719837
SO-71270,C10041,2025-09-26,PO831012
SO-71271,C10071,2025-09-26,PO820013
SO-71272,C10081,2025-09-26,PO653140
SO-71273,C10192,2025-09-26,PO213733
SO-71274,C10208,2025-09-26,PO512058
SO-71275,C10215,2025-09-26,PO298213
SO-71276,C10261,2025-09-26,PO524225
SO-71277,C10352,2025-09-26,PO945503
SO-71278,C11339,2025-09-26,PO932476
SO-71279,C13055,2025-09-26,PO177901
SO-71280,C10006,2025-09-29,PO337769
SO-71281,C10011,2025-09-29,PO963864
SO-71282,C10019,2025-09-29,PO580864
SO-71283,C10042,2025-09-29,PO853870
SO-71284,C10053,2025-09-29,PO875240
SO-71285,C10071,2025-09-29,PO795648
SO-71286,C10081,2025-09-29,PO648696
SO-71287,C10096,2025-09-29,PO835660
SO-71288,C10102,2025-09-29,PO866625
SO-71289,C10107,2025-09-29,PO778381
SO-71290,C10114,2025-09-29,PO433509
SO-71291,C10138,2025-09-29,PO194625
SO-71292,C10144,2025-09-29,PO721762
SO-71293,C10161,2025-09-29,PO411357
SO-71294,C10217,2025-09-29,PO822151
SO-71295,C10332,2025-09-29,PO613331
SO-71296,C10390,2025-09-29,PO323640
SO-71297,C10397,2025-09-29,PO457408
SO-71298,C10483,2025-09-29,PO543160
SO-71299,C10581,2025-09-29,PO240970
SO-71300,C10591,2025-09-29,PO422972
SO-71301,C10675,2025-09-29,PO118560
SO-71302,C10762,2025-09-29,PO557055
SO-71303,C10900,2025-09-29,PO291988
SO-71304,C10937,2025-09-29,PO917415
SO-71305,C11269,2025-09-29,PO842394
SO-71306,C11518,2025-09-29,PO359822
SO-71307,C12009,2025-09-29,PO995775
SO-71308,C12126,2025-09-29,PO746815
SO-71309,C12519,2025-09-29,PO626917
SO-71310,C12777,2025-09-29,PO578363
SO-71311,C10011,2025-09-30,PO509433
SO-71312,C10019,2025-09-30,PO777268
SO-71313,C10024,2025-09-30,PO745611
SO-71314,C10071,2025-09-30,PO785264
SO-71315,C10081,2025-09-30,PO790915
SO-71316,C10096,2025-09-30,PO734594
SO-71317,C10123,2025-09-30,PO818786
SO-71318,C10132,2025-09-30,PO296117
SO-71319,C10138,2025-09-30,PO371440
SO-71320,C10173,2025-09-30,PO104672
SO-71321,C10440,2025-09-30,PO750354
SO-71322,C10506,2025-09-30,PO191954
SO-71323,C10603,2025-09-30,PO459005
SO-71324,C11136,2025-09-30,PO345463
SO-71325,C10006,2025-10-01,PO373845
SO-71326,C10011,2025-10-01,PO649826
SO-71327,C10019,2025-10-01,PO690938
SO-71328,C10024,2025-10-01,PO449799
SO-71329,C10071,2025-10-01,PO117551
SO-71330,C10081,2025-10-01,PO125186
SO-71331,C10102,2025-10-01,PO153081
SO-71332,C10114,2025-10-01,PO377393
SO-71333,C10208,2025-10-01,PO816239
SO-71334,C10217,2025-10-01,PO638260
SO-71335,C10767,2025-10-01,PO812053
SO-71336,C10890,2025-10-01,PO693716
SO-71337,C11457,2025-10-01,PO823106
SO-71338,C12344,2025-10-01,PO536769
SO-71339,C12953,2025-10-01,PO991334
SO-71340,C10006,2025-10-02,PO149418
SO-71341,C10011,2025-10-02,PO497785
SO-71342,C10019,2025-10-02,PO503506
SO-71343,C10053,2025-10-02,PO859278
SO-71344,C10071,2025-10-02,PO710933
SO-71345,C10081,2025-10-02,PO918222
SO-71346,C10086,2025-10-02,PO621950
SO-71347,C10096,2025-10-02,PO455882
SO-71348,C10102,2025-10-02,PO427916
SO-71349,C10144,2025-10-02,PO472470
SO-71350,C10192,2025-10-02,PO718674
SO-71351,C10208,2025-10-02,PO536704
SO-71352,C10242,2025-10-02,PO571471
SO-71353,C10293,2025-10-02,PO906023
SO-71354,C10344,2025-10-02,PO392152
SO-71355,C10779,2025-10-02,PO472881
SO-71356,C11339,2025-10-02,PO718278
SO-71357,C10006,2025-10-03,PO653841
SO-71358,C10024,2025-10-03,PO320780
SO-71359,C10041,2025-10-03,PO548842
SO-71360,C10071,2025-10-03,PO462285
SO-71361,C10081,2025-10-03,PO903102
SO-71362,C10096,2025-10-03,PO628867
SO-71363,C10173,2025-10-03,PO840494
SO-71364,C10235,2025-10-03,PO138502
SO-71365,C10248,2025-10-03,PO604959
SO-71366,C10257,2025-10-03,PO451920
SO-71367,C10308,2025-10-03,PO134543
SO-71368,C10321,2025-10-03,PO345490
SO-71369,C10745,2025-10-03,PO116661
SO-71370,C12674,2025-10-03,PO326447
SO-71371,C10006,2025-10-06,PO297033
SO-71372,C10011,2025-10-06,PO793895
SO-71373,C10019,2025-10-06,PO391252
SO-71374,C10033,2025-10-06,PO330830
SO-71375,C10071,2025-10-06,PO378891
SO-71376,C10086,2025-10-06,PO141012
SO-71377,C10102,2025-10-06,PO601808
SO-71378,C10107,2025-10-06,PO859365
SO-71379,C10114,2025-10-06,PO160671
SO-71380,C10151,2025-10-06,PO584213
SO-71381,C10161,2025-10-06,PO667778
SO-71382,C10173,2025-10-06,PO721396
SO-71383,C10261,2025-10-06,PO366618
SO-71384,C10332,2025-10-06,PO896452
SO-71385,C10365,2025-10-06,PO216109
SO-71386,C10380,2025-10-06,PO646310
SO-71387,C10440,2025-10-06,PO707101
SO-71388,C10494,2025-10-06,PO875030
SO-71389,C10532,2025-10-06,PO402223
SO-71390,C10595,2025-10-06,PO954279
SO-71391,C11131,2025-10-06,PO395284
SO-71392,C11158,2025-10-06,PO569210
SO-71393,C11279,2025-10-06,PO423843
SO-71394,C12824,2025-10-06,PO717273
SO-71395,C10011,2025-10-07,PO663936
SO-71396,C10024,2025-10-07,PO158479
SO-71397,C10071,2025-10-07,PO139550
SO-71398,C10081,2025-10-07,PO716105
SO-71399,C10096,2025-10-07,PO686304
SO-71400,C10102,2025-10-07,PO868522
SO-71401,C10107,2025-10-07,PO993644
SO-71402,C10114,2025-10-07,PO756097
SO-71403,C10151,2025-10-07,PO572968
SO-71404,C10286,2025-10-07,PO686490
SO-71405,C10308,2025-10-07,PO473658
SO-71406,C10920,2025-10-07,PO756075
SO-71407,C11616,2025-10-07,PO739712
SO-71408,C12664,2025-10-07,PO583855
SO-71409,C10019,2025-10-08,PO658523
SO-71410,C10024,2025-10-08,PO103367
SO-71411,C10071,2025-10-08,PO770900
SO-71412,C10081,2025-10-08,PO405525
SO-71413,C10086,2025-10-08,PO351009
SO-71414,C10102,2025-10-08,PO803507
SO-71415,C10114,2025-10-08,PO861473
SO-71416,C10123,2025-10-08,PO692317
SO-71417,C10138,2025-10-08,PO224404
SO-71418,C10192,2025-10-08,PO308665
SO-71419,C10208,2025-10-08,PO300118
SO-71420,C10286,2025-10-08,PO371088
SO-71421,C11241,2025-10-08,PO532934
SO-71422,C10011,2025-10-09,PO413593
SO-71423,C10019,2025-10-09,PO371666
SO-71424,C10071,2025-10-09,PO934689
SO-71425,C10081,2025-10-09,PO846655
SO-71426,C10086,2025-10-09,PO775129
SO-71427,C10102,2025-10-09,PO307333
SO-71428,C10107,2025-10-09,PO794061
SO-71429,C10114,2025-10-09,PO677361
SO-71430,C10123,2025-10-09,PO782844
SO-71431,C10144,2025-10-09,PO884002
SO-71432,C10257,2025-10-09,PO294948
SO-71433,C10269,2025-10-09,PO967207
SO-71434,C10814,2025-10-09,PO484167
SO-71435,C10006,2025-10-10,PO587124
SO-71436,C10024,2025-10-10,PO824901
SO-71437,C10071,2025-10-10,PO151819
SO-71438,C10086,2025-10-10,PO324235
SO-71439,C10159,2025-10-10,PO559930
SO-71440,C10161,2025-10-10,PO522912
SO-71441,C10208,2025-10-10,PO678711
SO-71442,C10321,2025-10-10,PO691988
SO-71443,C10444,2025-10-10,PO517841
SO-71444,C10006,2025-10-13,PO645488
SO-71445,C10011,2025-10-13,PO513627
SO-71446,C10033,2025-10-13,PO968280
SO-71447,C10042,2025-10-13,PO305167
SO-71448,C10053,2025-10-13,PO429820
SO-71449,C10071,2025-10-13,PO582302
SO-71450,C10081,2025-10-13,PO282092
SO-71451,C10086,2025-10-13,PO342101
SO-71452,C10096,2025-10-13,PO884324
SO-71453,C10102,2025-10-13,PO332151
SO-71454,C10107,2025-10-13,PO469253
SO-71455,C10114,2025-10-13,PO809733
SO-71456,C10123,2025-10-13,PO566087
SO-71457,C10132,2025-10-13,PO770195
SO-71458,C10161,2025-10-13,PO229394
SO-71459,C10235,2025-10-13,PO133591
SO-71460,C10242,2025-10-13,PO667579
SO-71461,C10297,2025-10-13,PO930651
SO-71462,C10322,2025-10-13,PO457486
SO-71463,C10409,2025-10-13,PO890520
SO-71464,C10418,2025-10-13,PO524127
SO-71465,C10440,2025-10-13,PO199916
SO-71466,C10581,2025-10-13,PO838294
SO-71467,C10776,2025-10-13,PO198519
SO-71468,C11374,2025-10-13,PO332582
SO-71469,C11419,2025-10-13,PO509217
SO-71470,C10006,2025-10-14,PO665491
SO-71471,C10033,2025-10-14,PO895657
SO-71472,C10042,2025-10-14,PO199594
SO-71473,C10053,2025-10-14,PO311309
SO-71474,C10071,2025-10-14,PO705595
SO-71475,C10081,2025-10-14,PO385312
SO-71476,C10086,2025-10-14,PO452360
SO-71477,C10096,2025-10-14,PO924493
SO-71478,C10173,2025-10-14,PO728641
SO-71479,C10217,2025-10-14,PO278468
SO-71480,C10225,2025-10-14,PO145026
SO-71481,C10261,2025-10-14,PO457798
SO-71482,C10483,2025-10-14,PO817639
SO-71483,C10494,2025-10-14,PO969016
SO-71484,C11412,2025-10-14,PO808218
SO-71485,C11608,2025-10-14,PO605140
SO-71486,C11788,2025-10-14,PO986903
SO-71487,C10006,2025-10-15,PO100543
SO-71488,C10011,2025-10-15,PO405251
SO-71489,C10019,2025-10-15,PO243972
SO-71490,C10041,2025-10-15,PO993977
SO-71491,C10071,2025-10-15,PO337430
SO-71492,C10081,2025-10-15,PO376247
SO-71493,C10086,2025-10-15,PO427818
SO-71494,C10096,2025-10-15,PO668202
SO-71495,C10102,2025-10-15,PO845522
SO-71496,C10107,2025-10-15,PO503707
SO-71497,C10114,2025-10-15,PO807123
SO-71498,C10144,2025-10-15,PO417433
SO-71499,C10151,2025-10-15,PO374778
SO-71500,C10853,2025-10-15,PO105958
SO-71501,C10900,2025-10-15,PO116832
SO-71502,C11258,2025-10-15,PO188882
SO-71503,C11654,2025-10-15,PO161508
SO-71504,C11796,2025-10-15,PO155959
SO-71505,C10006,2025-10-16,PO650630
SO-71506,C10019,2025-10-16,PO629467
SO-71507,C10024,2025-10-16,PO118246
SO-71508,C10053,2025-10-16,PO589237
SO-71509,C10071,2025-10-16,PO976001
SO-71510,C10081,2025-10-16,PO164254
SO-71511,C10102,2025-10-16,PO334541
SO-71512,C10114,2025-10-16,PO126769
SO-71513,C10123,2025-10-16,PO280412
SO-71514,C10151,2025-10-16,PO458765
SO-71515,C10208,2025-10-16,PO817770
SO-71516,C10456,2025-10-16,PO924641
SO-71517,C12696,2025-10-16,PO427094
SO-71518,C10006,2025-10-17,PO680678
SO-71519,C10024,2025-10-17,PO839635
SO-71520,C10033,2025-10-17,PO357419
SO-71521,C10041,2025-10-17,PO469644
SO-71522,C10161,2025-10-17,PO477182
SO-71523,C10242,2025-10-17,PO457780
SO-71524,C10269,2025-10-17,PO757915
SO-71525,C10506,2025-10-17,PO403110
SO-71526,C10853,2025-10-17,PO589320
SO-71527,C10006,2025-10-20,PO427201
SO-71528,C10011,2025-10-20,PO652641
SO-71529,C10019,2025-10-20,PO535492
SO-71530,C10024,2025-10-20,PO964402
SO-71531,C10033,2025-10-20,PO671044
SO-71532,C10042,2025-10-20,PO314240
SO-71533,C10060,2025-10-20,PO588464
SO-71534,C10071,2025-10-20,PO241970
SO-71535,C10081,2025-10-20,PO884257
SO-71536,C10086,2025-10-20,PO313091
SO-71537,C10102,2025-10-20,PO287128
SO-71538,C10107,2025-10-20,PO779639
SO-71539,C10138,2025-10-20,PO515802
SO-71540,C10144,2025-10-20,PO125603
SO-71541,C10151,2025-10-20,PO707152
SO-71542,C10159,2025-10-20,PO624694
SO-71543,C10208,2025-10-20,PO585311
SO-71544,C10217,2025-10-20,PO273300
SO-71545,C10276,2025-10-20,PO982929
SO-71546,C10397,2025-10-20,PO737473
SO-71547,C10573,2025-10-20,PO907634
SO-71548,C11025,2025-10-20,PO548117
SO-71549,C11075,2025-10-20,PO667953
SO-71550,C11136,2025-10-20,PO330558
SO-71551,C11564,2025-10-20,PO880805
SO-71552,C12276,2025-10-20,PO390362
SO-71553,C10006,2025-10-21,PO727437
SO-71554,C10011,2025-10-21,PO248038
SO-71555,C10041,2025-10-21,PO745788
SO-71556,C10042,2025-10-21,PO331770
SO-71557,C10071,2025-10-21,PO149425
SO-71558,C10081,2025-10-21,PO348933
SO-71559,C10151,2025-10-21,PO835792
SO-71560,C10200,2025-10-21,PO904812
SO-71561,C10225,2025-10-21,PO657280
SO-71562,C10257,2025-10-21,PO396691
SO-71563,C10261,2025-10-21,PO526754
SO-71564,C10269,2025-10-21,PO168291
SO-71565,C10440,2025-10-21,PO696829
SO-71566,C10629,2025-10-21,PO342206
SO-71567,C11708,2025-10-21,PO631734
SO-71568,C10006,2025-10-22,PO116454
SO-71569,C10019,2025-10-22,PO971741
SO-71570,C10033,2025-10-22,PO317818
SO-71571,C10067,2025-10-22,PO733760
SO-71572,C10071,2025-10-22,PO659838
SO-71573,C10086,2025-10-22,PO375481
SO-71574,C10107,2025-10-22,PO358964
SO-71575,C10151,2025-10-22,PO951038
SO-71576,C10159,2025-10-22,PO162976
SO-71577,C10208,2025-10-22,PO428941
SO-71578,C10332,2025-10-22,PO100060
SO-71579,C10423,2025-10-22,PO835996
SO-71580,C10506,2025-10-22,PO113280
SO-71581,C10779,2025-10-22,PO645593
SO-71582,C11010,2025-10-22,PO460665
SO-71583,C10071,2025-10-23,PO992753
SO-71584,C10081,2025-10-23,PO774626
SO-71585,C10086,2025-10-23,PO295480
SO-71586,C10096,2025-10-23,PO971865
SO-71587,C10102,2025-10-23,PO498267
SO-71588,C10151,2025-10-23,PO118736
SO-71589,C10521,2025-10-23,PO911109
SO-71590,C10552,2025-10-23,PO432089
SO-71591,C10767,2025-10-23,PO750458
SO-71592,C11511,2025-10-23,PO314620
SO-71593,C10006,2025-10-24,PO605289
SO-71594,C10041,2025-10-24,PO666714
SO-71595,C10071,2025-10-24,PO246276
SO-71596,C10081,2025-10-24,PO509792
SO-71597,C10138,2025-10-24,PO653307
SO-71598,C10144,2025-10-24,PO946379
SO-71599,C10173,2025-10-24,PO916938
SO-71600,C10714,2025-10-24,PO208784
SO-71601,C11578,2025-10-24,PO985134
SO-71602,C10006,2025-10-27,PO127152
SO-71603,C10011,2025-10-27,PO292489
SO-71604,C10024,2025-10-27,PO191620
SO-71605,C10071,2025-10-27,PO424963
SO-71606,C10081,2025-10-27,PO939411
SO-71607,C10096,2025-10-27,PO115363
SO-71608,C10102,2025-10-27,PO486778
SO-71609,C10107,2025-10-27,PO769293
SO-71610,C10123,2025-10-27,PO375934
SO-71611,C10132,2025-10-27,PO825647
SO-71612,C10138,2025-10-27,PO366066
SO-71613,C10225,2025-10-27,PO300815
SO-71614,C10248,2025-10-27,PO742625
SO-71615,C10257,2025-10-27,PO681658
SO-71616,C10365,2025-10-27,PO844388
SO-71617,C10440,2025-10-27,PO458328
SO-71618,C10444,2025-10-27,PO226969
SO-71619,C10515,2025-10-27,PO470094
SO-71620,C10655,2025-10-27,PO145393
SO-71621,C11004,2025-10-27,PO128508
SO-71622,C11204,2025-10-27,PO228762
SO-71623,C10006,2025-10-28,PO896175
SO-71624,C10019,2025-10-28,PO252431
SO-71625,C10071,2025-10-28,PO688370
SO-71626,C10081,2025-10-28,PO985974
SO-71627,C10086,2025-10-28,PO125098
SO-71628,C10096,2025-10-28,PO419944
SO-71629,C10144,2025-10-28,PO212106
SO-71630,C10175,2025-10-28,PO755721
SO-71631,C10286,2025-10-28,PO357289
SO-71632,C10304,2025-10-28,PO514938
SO-71633,C10686,2025-10-28,PO489649
SO-71634,C10795,2025-10-28,PO446965
SO-71635,C10926,2025-10-28,PO662414
SO-71636,C11442,2025-10-28,PO172622
SO-71637,C12583,2025-10-28,PO277817
SO-71638,C10006,2025-10-29,PO609530
SO-71639,C10024,2025-10-29,PO251463
SO-71640,C10071,2025-10-29,PO451177
SO-71641,C10081,2025-10-29,PO983199
SO-71642,C10086,2025-10-29,PO101721
SO-71643,C10096,2025-10-29,PO776518
SO-71644,C10102,2025-10-29,PO947525
SO-71645,C10132,2025-10-29,PO814744
SO-71646,C10138,2025-10-29,PO611933
SO-71647,C10235,2025-10-29,PO235380
SO-71648,C10506,2025-10-29,PO619253
SO-71649,C11052,2025-10-29,PO421638
SO-71650,C10006,2025-10-30,PO863473
SO-71651,C10024,2025-10-30,PO420452
SO-71652,C10033,2025-10-30,PO744601
SO-71653,C10071,2025-10-30,PO782078
SO-71654,C10081,2025-10-30,PO565481
SO-71655,C10086,2025-10-30,PO252534
SO-71656,C10102,2025-10-30,PO906892
SO-71657,C10107,2025-10-30,PO283954
SO-71658,C10151,2025-10-30,PO968262
SO-71659,C10159,2025-10-30,PO139045
SO-71660,C10161,2025-10-30,PO904474
SO-71661,C10208,2025-10-30,PO108459
SO-71662,C10603,2025-10-30,PO437172
SO-71663,C10659,2025-10-30,PO712060
SO-71664,C10006,2025-10-31,PO200033
SO-71665,C10011,2025-10-31,PO424013
SO-71666,C10071,2025-10-31,PO150955
SO-71667,C10081,2025-10-31,PO890094
SO-71668,C10086,2025-10-31,PO296885
SO-71669,C10159,2025-10-31,PO103181
SO-71670,C10304,2025-10-31,PO238839
SO-71671,C10686,2025-10-31,PO708052
SO-71672,C11204,2025-10-31,PO434493
SO-71673,C11351,2025-10-31,PO329887
SO-71674,C10006,2025-11-03,PO370902
SO-71675,C10011,2025-11-03,PO556710
SO-71676,C10024,2025-11-03,PO973504
SO-71677,C10041,2025-11-03,PO604397
SO-71678,C10042,2025-11-03,PO669718
SO-71679,C10067,2025-11-03,PO390109
SO-71680,C10071,2025-11-03,PO565273
SO-71681,C10081,2025-11-03,PO643473
SO-71682,C10086,2025-11-03,PO242767
SO-71683,C10096,2025-11-03,PO477598
SO-71684,C10114,2025-11-03,PO285759
SO-71685,C10132,2025-11-03,PO426044
SO-71686,C10151,2025-11-03,PO898454
SO-71687,C10161,2025-11-03,PO627118
SO-71688,C10217,2025-11-03,PO652896
SO-71689,C10257,2025-11-03,PO549901
SO-71690,C10261,2025-11-03,PO430748
SO-71691,C10322,2025-11-03,PO327495
SO-71692,C10418,2025-11-03,PO235250
SO-71693,C10636,2025-11-03,PO746994
SO-71694,C10669,2025-11-03,PO141796
SO-71695,C10728,2025-11-03,PO663115
SO-71696,C10844,2025-11-03,PO776049
SO-71697,C10965,2025-11-03,PO768100
SO-71698,C11997,2025-11-03,PO446311
SO-71699,C12129,2025-11-03,PO419666
SO-71700,C10011,2025-11-04,PO325936
SO-71701,C10024,2025-11-04,PO910425
SO-71702,C10071,2025-11-04,PO263794
SO-71703,C10081,2025-11-04,PO982068
SO-71704,C10086,2025-11-04,PO841760
SO-71705,C10096,2025-11-04,PO685802
SO-71706,C10123,2025-11-04,PO408032
SO-71707,C10138,2025-11-04,PO842396
SO-71708,C10200,2025-11-04,PO179043
SO-71709,C10352,2025-11-04,PO100850
SO-71710,C10686,2025-11-04,PO122692
SO-71711,C10776,2025-11-04,PO195355
SO-71712,C11339,2025-11-04,PO318409
SO-71713,C11421,2025-11-04,PO204345
SO-71714,C11537,2025-11-04,PO933593
SO-71715,C10006,2025-11-05,PO352469
SO-71716,C10011,2025-11-05,PO716040
SO-71717,C10024,2025-11-05,PO807071
SO-71718,C10071,2025-11-05,PO238567
SO-71719,C10086,2025-11-05,PO270614
SO-71720,C10138,2025-11-05,PO436486
SO-71721,C10159,2025-11-05,PO385907
SO-71722,C10173,2025-11-05,PO248444
SO-71723,C10186,2025-11-05,PO265613
SO-71724,C10200,2025-11-05,PO422120
SO-71725,C10321,2025-11-05,PO169777
SO-71726,C10580,2025-11-05,PO533302
SO-71727,C13006,2025-11-05,PO564317
SO-71728,C10006,2025-11-06,PO368534
SO-71729,C10024,2025-11-06,PO157478
SO-71730,C10041,2025-11-06,PO456579
SO-71731,C10081,2025-11-06,PO987202
SO-71732,C10102,2025-11-06,PO396742
SO-71733,C10114,2025-11-06,PO637810
SO-71734,C10186,2025-11-06,PO211941
SO-71735,C10225,2025-11-06,PO249108
SO-71736,C10409,2025-11-06,PO934073
SO-71737,C10515,2025-11-06,PO442093
SO-71738,C10826,2025-11-06,PO367247
SO-71739,C11708,2025-11-06,PO126604
SO-71740,C12533,2025-11-06,PO565254
SO-71741,C13119,2025-11-06,PO352085
SO-71742,C10006,2025-11-07,PO577442
SO-71743,C10011,2025-11-07,PO505952
SO-71744,C10024,2025-11-07,PO151153
SO-71745,C10033,2025-11-07,PO933211
SO-71746,C10041,2025-11-07,PO235222
SO-71747,C10042,2025-11-07,PO407376
SO-71748,C10071,2025-11-07,PO979785
SO-71749,C10081,2025-11-07,PO307192
SO-71750,C10123,2025-11-07,PO833710
SO-71751,C10293,2025-11-07,PO104580
SO-71752,C11724,2025-11-07,PO851360
SO-71753,C11893,2025-11-07,PO601671
SO-71754,C10006,2025-11-10,PO896049
SO-71755,C10024,2025-11-10,PO699056
SO-71756,C10041,2025-11-10,PO347014
SO-71757,C10071,2025-11-10,PO206854
SO-71758,C10081,2025-11-10,PO710664
SO-71759,C10096,2025-11-10,PO894213
SO-71760,C10102,2025-11-10,PO431469
SO-71761,C10107,2025-11-10,PO319623
SO-71762,C10114,2025-11-10,PO727517
SO-71763,C10144,2025-11-10,PO977026
SO-71764,C10159,2025-11-10,PO624181
SO-71765,C10161,2025-11-10,PO521210
SO-71766,C10173,2025-11-10,PO325328
SO-71767,C10217,2025-11-10,PO815888
SO-71768,C10397,2025-11-10,PO814321
SO-71769,C10751,2025-11-10,PO398666
SO-71770,C10926,2025-11-10,PO638107
SO-71771,C11511,2025-11-10,PO901206
SO-71772,C12583,2025-11-10,PO205491
SO-71773,C13086,2025-11-10,PO247602
SO-71774,C10006,2025-11-11,PO309446
SO-71775,C10024,2025-11-11,PO354703
SO-71776,C10071,2025-11-11,PO627377
SO-71777,C10086,2025-11-11,PO781598
SO-71778,C10096,2025-11-11,PO542096
SO-71779,C10102,2025-11-11,PO503876
SO-71780,C10159,2025-11-11,PO622127
SO-71781,C10186,2025-11-11,PO280821
SO-71782,C10217,2025-11-11,PO548145
SO-71783,C10647,2025-11-11,PO255548
SO-71784,C11216,2025-11-11,PO266443
SO-71785,C11866,2025-11-11,PO473308
SO-71786,C12294,2025-11-11,PO754953
SO-71787,C12861,2025-11-11,PO874334
SO-71788,C10006,2025-11-12,PO511814
SO-71789,C10071,2025-11-12,PO623511
SO-71790,C10081,2025-11-12,PO842908
SO-71791,C10086,2025-11-12,PO576194
SO-71792,C10102,2025-11-12,PO299878
SO-71793,C10107,2025-11-12,PO263183
SO-71794,C10151,2025-11-12,PO383361
SO-71795,C10175,2025-11-12,PO959041
SO-71796,C10200,2025-11-12,PO193635
SO-71797,C10269,2025-11-12,PO510219
SO-71798,C10591,2025-11-12,PO521747
SO-71799,C11142,2025-11-12,PO170344
SO-71800,C11391,2025-11-12,PO169862
SO-71801,C10006,2025-11-13,PO461253
SO-71802,C10011,2025-11-13,PO598343
SO-71803,C10033,2025-11-13,PO146960
SO-71804,C10071,2025-11-13,PO432442
SO-71805,C10081,2025-11-13,PO574521
SO-71806,C10086,2025-11-13,PO669854
SO-71807,C10096,2025-11-13,PO207000
SO-71808,C10102,2025-11-13,PO967518
SO-71809,C10107,2025-11-13,PO613156
SO-71810,C10138,2025-11-13,PO954416
SO-71811,C10186,2025-11-13,PO370526
SO-71812,C10321,2025-11-13,PO874186
SO-71813,C10336,2025-11-13,PO602477
SO-71814,C10344,2025-11-13,PO862610
SO-71815,C10380,2025-11-13,PO444823
SO-71816,C10591,2025-11-13,PO219396
SO-71817,C11564,2025-11-13,PO709473
SO-71818,C11659,2025-11-13,PO713029
SO-71819,C12319,2025-11-13,PO547115
SO-71820,C12583,2025-11-13,PO856580
SO-71821,C12746,2025-11-13,PO863149
SO-71822,C10006,2025-11-14,PO928746
SO-71823,C10024,2025-11-14,PO839313
SO-71824,C10071,2025-11-14,PO151113
SO-71825,C10086,2025-11-14,PO964787
SO-71826,C10144,2025-11-14,PO563208
SO-71827,C10686,2025-11-14,PO636405
SO-71828,C11258,2025-11-14,PO971101
SO-71829,C10006,2025-11-17,PO799096
SO-71830,C10033,2025-11-17,PO171212
SO-71831,C10041,2025-11-17,PO402466
SO-71832,C10071,2025-11-17,PO296713
SO-71833,C10081,2025-11-17,PO572079
SO-71834,C10096,2025-11-17,PO988494
SO-71835,C10102,2025-11-17,PO513892
SO-71836,C10107,2025-11-17,PO123044
SO-71837,C10114,2025-11-17,PO726662
SO-71838,C10123,2025-11-17,PO993590
SO-71839,C10138,2025-11-17,PO872794
SO-71840,C10144,2025-11-17,PO495854
SO-71841,C10200,2025-11-17,PO713084
SO-71842,C10235,2025-11-17,PO903341
SO-71843,C10286,2025-11-17,PO539253
SO-71844,C10308,2025-11-17,PO970884
SO-71845,C10321,2025-11-17,PO298162
SO-71846,C10397,2025-11-17,PO370027
SO-71847,C10506,2025-11-17,PO386682
SO-71848,C10591,2025-11-17,PO822349
SO-71849,C10595,2025-11-17,PO417577
SO-71850,C10993,2025-11-17,PO803550
SO-71851,C11235,2025-11-17,PO319751
SO-71852,C11875,2025-11-17,PO423964
SO-71853,C11997,2025-11-17,PO352392
SO-71854,C10006,2025-11-18,PO171286
SO-71855,C10019,2025-11-18,PO747304
SO-71856,C10042,2025-11-18,PO233047
SO-71857,C10071,2025-11-18,PO900397
SO-71858,C10081,2025-11-18,PO937773
SO-71859,C10102,2025-11-18,PO915837
SO-71860,C10114,2025-11-18,PO661451
SO-71861,C10132,2025-11-18,PO906463
SO-71862,C10144,2025-11-18,PO620785
SO-71863,C10151,2025-11-18,PO471626
SO-71864,C10308,2025-11-18,PO161956
SO-71865,C10390,2025-11-18,PO611050
SO-71866,C10409,2025-11-18,PO862102
SO-71867,C10440,2025-11-18,PO621398
SO-71868,C11550,2025-11-18,PO221067
SO-71869,C10006,2025-11-19,PO115539
SO-71870,C10041,2025-11-19,PO714523
SO-71871,C10071,2025-11-19,PO956246
SO-71872,C10081,2025-11-19,PO146177
SO-71873,C10107,2025-11-19,PO861215
SO-71874,C10114,2025-11-19,PO541010
SO-71875,C10138,2025-11-19,PO316826
SO-71876,C10151,2025-11-19,PO387273
SO-71877,C10159,2025-11-19,PO660713
SO-71878,C10173,2025-11-19,PO722558
SO-71879,C10200,2025-11-19,PO782153
SO-71880,C10217,2025-11-19,PO859553
SO-71881,C10276,2025-11-19,PO903816
SO-71882,C10376,2025-11-19,PO985148
SO-71883,C10390,2025-11-19,PO692538
SO-71884,C10603,2025-11-19,PO866786
SO-71885,C10762,2025-11-19,PO155295
SO-71886,C10954,2025-11-19,PO772532
SO-71887,C10006,2025-11-20,PO371385
SO-71888,C10071,2025-11-20,PO412805
SO-71889,C10081,2025-11-20,PO292713
SO-71890,C10086,2025-11-20,PO142611
SO-71891,C10096,2025-11-20,PO229106
SO-71892,C10102,2025-11-20,PO442984
SO-71893,C10138,2025-11-20,PO273648
SO-71894,C10173,2025-11-20,PO738457
SO-71895,C10423,2025-11-20,PO511802
SO-71896,C10444,2025-11-20,PO444543
SO-71897,C10521,2025-11-20,PO333582
SO-71898,C10926,2025-11-20,PO549752
SO-71899,C11062,2025-11-20,PO837549
SO-71900,C12524,2025-11-20,PO952640
SO-71901,C12681,2025-11-20,PO818293
SO-71902,C10006,2025-11-21,PO675091
SO-71903,C10041,2025-11-21,PO619924
SO-71904,C10071,2025-11-21,PO400074
SO-71905,C10081,2025-11-21,PO891287
SO-71906,C10096,2025-11-21,PO437912
SO-71907,C10107,2025-11-21,PO524256
SO-71908,C10114,2025-11-21,PO734824
SO-71909,C10144,2025-11-21,PO895941
SO-71910,C10151,2025-11-21,PO802568
SO-71911,C10173,2025-11-21,PO458509
SO-71912,C10235,2025-11-21,PO896498
SO-71913,C10257,2025-11-21,PO700766
SO-71914,C10308,2025-11-21,PO563176
SO-71915,C10321,2025-11-21,PO479792
SO-71916,C10506,2025-11-21,PO215181
SO-71917,C10686,2025-11-21,PO654023
SO-71918,C12304,2025-11-21,PO825637
SO-71919,C12681,2025-11-21,PO702957
SO-71920,C10006,2025-11-24,PO658744
SO-71921,C10024,2025-11-24,PO544186
SO-71922,C10033,2025-11-24,PO795106
SO-71923,C10053,2025-11-24,PO883004
SO-71924,C10071,2025-11-24,PO619572
SO-71925,C10081,2025-11-24,PO235317
SO-71926,C10086,2025-11-24,PO774136
SO-71927,C10096,2025-11-24,PO858327
SO-71928,C10102,2025-11-24,PO244027
SO-71929,C10123,2025-11-24,PO830581
SO-71930,C10132,2025-11-24,PO143367
SO-71931,C10144,2025-11-24,PO523169
SO-71932,C10151,2025-11-24,PO385623
SO-71933,C10161,2025-11-24,PO335957
SO-71934,C10173,2025-11-24,PO291295
SO-71935,C10175,2025-11-24,PO244138
SO-71936,C10192,2025-11-24,PO700298
SO-71937,C10217,2025-11-24,PO338334
SO-71938,C10293,2025-11-24,PO242834
SO-71939,C10430,2025-11-24,PO431062
SO-71940,C10440,2025-11-24,PO208338
SO-71941,C10544,2025-11-24,PO310110
SO-71942,C10552,2025-11-24,PO160019
SO-71943,C10878,2025-11-24,PO423932
SO-71944,C10993,2025-11-24,PO393028
SO-71945,C11083,2025-11-24,PO589148
SO-71946,C11142,2025-11-24,PO294214
SO-71947,C12051,2025-11-24,PO477466
SO-71948,C13033,2025-11-24,PO444109
SO-71949,C10006,2025-11-25,PO623961
SO-71950,C10011,2025-11-25,PO821078
SO-71951,C10024,2025-11-25,PO283454
SO-71952,C10071,2025-11-25,PO973421
SO-71953,C10081,2025-11-25,PO853146
SO-71954,C10086,2025-11-25,PO536563
SO-71955,C10107,2025-11-25,PO763485
SO-71956,C10138,2025-11-25,PO605139
SO-71957,C10257,2025-11-25,PO807988
SO-71958,C10297,2025-11-25,PO467113
SO-71959,C10397,2025-11-25,PO729925
SO-71960,C10456,2025-11-25,PO929729
SO-71961,C10482,2025-11-25,PO797308
SO-71962,C10483,2025-11-25,PO974003
SO-71963,C10515,2025-11-25,PO682053
SO-71964,C10823,2025-11-25,PO501557
SO-71965,C10998,2025-11-25,PO379655
SO-71966,C11216,2025-11-25,PO256312
SO-71967,C11398,2025-11-25,PO815166
SO-71968,C12965,2025-11-25,PO225950
SO-71969,C10006,2025-11-26,PO377677
SO-71970,C10071,2025-11-26,PO145994
SO-71971,C10081,2025-11-26,PO495837
SO-71972,C10086,2025-11-26,PO690204
SO-71973,C10096,2025-11-26,PO737848
SO-71974,C10107,2025-11-26,PO120012
SO-71975,C10114,2025-11-26,PO216535
SO-71976,C10123,2025-11-26,PO536830
SO-71977,C10144,2025-11-26,PO918310
SO-71978,C10151,2025-11-26,PO470451
SO-71979,C10208,2025-11-26,PO830812
SO-71980,C10248,2025-11-26,PO227840
SO-71981,C10616,2025-11-26,PO996899
SO-71982,C10647,2025-11-26,PO450262
SO-71983,C11131,2025-11-26,PO435317
SO-71984,C12075,2025-11-26,PO613163
SO-71985,C12172,2025-11-26,PO869582
SO-71986,C10006,2025-12-01,PO657925
SO-71987,C10019,2025-12-01,PO479548
SO-71988,C10041,2025-12-01,PO857043
SO-71989,C10060,2025-12-01,PO528837
SO-71990,C10071,2025-12-01,PO655835
SO-71991,C10081,2025-12-01,PO490487
SO-71992,C10086,2025-12-01,PO342202
SO-71993,C10096,2025-12-01,PO751700
SO-71994,C10102,2025-12-01,PO460205
SO-71995,C10107,2025-12-01,PO489445
SO-71996,C10123,2025-12-01,PO202707
SO-71997,C10144,2025-12-01,PO372661
SO-71998,C10151,2025-12-01,PO258752
SO-71999,C10161,2025-12-01,PO645903
SO-72000,C10200,2025-12-01,PO751492
SO-72001,C10248,2025-12-01,PO946150
SO-72002,C10304,2025-12-01,PO166691
SO-72003,C10321,2025-12-01,PO350384
SO-72004,C10521,2025-12-01,PO507139
SO-72005,C10529,2025-12-01,PO165486
SO-72006,C10544,2025-12-01,PO907841
SO-72007,C10616,2025-12-01,PO498590
SO-72008,C10920,2025-12-01,PO811613
SO-72009,C11083,2025-12-01,PO938233
SO-72010,C11304,2025-12-01,PO345911
SO-72011,C11596,2025-12-01,PO719436
SO-72012,C12681,2025-12-01,PO235767
SO-72013,C10006,2025-12-02,PO743398
SO-72014,C10011,2025-12-02,PO237235
SO-72015,C10071,2025-12-02,PO795623
SO-72016,C10081,2025-12-02,PO600508
SO-72017,C10086,2025-12-02,PO678690
SO-72018,C10096,2025-12-02,PO993436
SO-72019,C10132,2025-12-02,PO515387
SO-72020,C10186,2025-12-02,PO422977
SO-72021,C10242,2025-12-02,PO876325
SO-72022,C10418,2025-12-02,PO478844
SO-72023,C10506,2025-12-02,PO414193
SO-72024,C11066,2025-12-02,PO981913
SO-72025,C12944,2025-12-02,PO406654
SO-72026,C10006,2025-12-03,PO917101
SO-72027,C10071,2025-12-03,PO135154
SO-72028,C10081,2025-12-03,PO845914
SO-72029,C10086,2025-12-03,PO705008
SO-72030,C10102,2025-12-03,PO326643
SO-72031,C10123,2025-12-03,PO249680
SO-72032,C10192,2025-12-03,PO295554
SO-72033,C11463,2025-12-03,PO433629
SO-72034,C12118,2025-12-03,PO955420
SO-72035,C10006,2025-12-04,PO354752
SO-72036,C10086,2025-12-04,PO891623
SO-72037,C10132,2025-12-04,PO329806
SO-72038,C10159,2025-12-04,PO432476
SO-72039,C10173,2025-12-04,PO209578
SO-72040,C10192,2025-12-04,PO989732
SO-72041,C10225,2025-12-04,PO464551
SO-72042,C10501,2025-12-04,PO208226
SO-72043,C11589,2025-12-04,PO835638
SO-72044,C10006,2025-12-05,PO916755
SO-72045,C10033,2025-12-05,PO307729
SO-72046,C10071,2025-12-05,PO892813
SO-72047,C10081,2025-12-05,PO886272
SO-72048,C10086,2025-12-05,PO899465
SO-72049,C10096,2025-12-05,PO179998
SO-72050,C10102,2025-12-05,PO546436
SO-72051,C10107,2025-12-05,PO766492
SO-72052,C10114,2025-12-05,PO704800
SO-72053,C10138,2025-12-05,PO867190
SO-72054,C10452,2025-12-05,PO438242
SO-72055,C10006,2025-12-08,PO758152
SO-72056,C10011,2025-12-08,PO803036
SO-72057,C10024,2025-12-08,PO543612
SO-72058,C10041,2025-12-08,PO133895
SO-72059,C10060,2025-12-08,PO842952
SO-72060,C10071,2025-12-08,PO348418
SO-72061,C10081,2025-12-08,PO717817
SO-72062,C10086,2025-12-08,PO464687
SO-72063,C10096,2025-12-08,PO785138
SO-72064,C10107,2025-12-08,PO181259
SO-72065,C10138,2025-12-08,PO959617
SO-72066,C10161,2025-12-08,PO911907
SO-72067,C10173,2025-12-08,PO256195
SO-72068,C10200,2025-12-08,PO917659
SO-72069,C10235,2025-12-08,PO706768
SO-72070,C10257,2025-12-08,PO909423
SO-72071,C10308,2025-12-08,PO235618
SO-72072,C10322,2025-12-08,PO368920
SO-72073,C10390,2025-12-08,PO115018
SO-72074,C10552,2025-12-08,PO624851
SO-72075,C10823,2025-12-08,PO695295
SO-72076,C11142,2025-12-08,PO766904
SO-72077,C11266,2025-12-08,PO815032
SO-72078,C11269,2025-12-08,PO793555
SO-72079,C11437,2025-12-08,PO508776
SO-72080,C11572,2025-12-08,PO326560
SO-72081,C11708,2025-12-08,PO992104
SO-72082,C12149,2025-12-08,PO945811
SO-72083,C12696,2025-12-08,PO553225
SO-72084,C10019,2025-12-09,PO120754
SO-72085,C10033,2025-12-09,PO779925
SO-72086,C10071,2025-12-09,PO533568
SO-72087,C10081,2025-12-09,PO302759
SO-72088,C10096,2025-12-09,PO989267
SO-72089,C10102,2025-12-09,PO970904
SO-72090,C10215,2025-12-09,PO582393
SO-72091,C10297,2025-12-09,PO600866
SO-72092,C10006,2025-12-10,PO917872
SO-72093,C10033,2025-12-10,PO204384
SO-72094,C10071,2025-12-10,PO661788
SO-72095,C10086,2025-12-10,PO829567
SO-72096,C10208,2025-12-10,PO345953
SO-72097,C10390,2025-12-10,PO237533
SO-72098,C11216,2025-12-10,PO273955
SO-72099,C12389,2025-12-10,PO940134
SO-72100,C10006,2025-12-11,PO488270
SO-72101,C10011,2025-12-11,PO513668
SO-72102,C10019,2025-12-11,PO818437
SO-72103,C10071,2025-12-11,PO685008
SO-72104,C10081,2025-12-11,PO642325
SO-72105,C10096,2025-12-11,PO410713
SO-72106,C10102,2025-12-11,PO564988
SO-72107,C10107,2025-12-11,PO118581
SO-72108,C10132,2025-12-11,PO662797
SO-72109,C10144,2025-12-11,PO163348
SO-72110,C10200,2025-12-11,PO320509
SO-72111,C10217,2025-12-11,PO989411
SO-72112,C10235,2025-12-11,PO720701
SO-72113,C10603,2025-12-11,PO195665
SO-72114,C10686,2025-12-11,PO508806
SO-72115,C11320,2025-12-11,PO165063
SO-72116,C10006,2025-12-12,PO678668
SO-72117,C10019,2025-12-12,PO740551
SO-72118,C10041,2025-12-12,PO772764
SO-72119,C10071,2025-12-12,PO607702
SO-72120,C10081,2025-12-12,PO850158
SO-72121,C10114,2025-12-12,PO442921
SO-72122,C10132,2025-12-12,PO142258
SO-72123,C10144,2025-12-12,PO290663
SO-72124,C10173,2025-12-12,PO410243
SO-72125,C10225,2025-12-12,PO209295
SO-72126,C10248,2025-12-12,PO445299
SO-72127,C10286,2025-12-12,PO886559
SO-72128,C10397,2025-12-12,PO300958
SO-72129,C10452,2025-12-12,PO655217
SO-72130,C11327,2025-12-12,PO229099
SO-72131,C10006,2025-12-15,PO318867
SO-72132,C10011,2025-12-15,PO995680
SO-72133,C10019,2025-12-15,PO422340
SO-72134,C10024,2025-12-15,PO667339
SO-72135,C10033,2025-12-15,PO491401
SO-72136,C10053,2025-12-15,PO778873
SO-72137,C10071,2025-12-15,PO513736
SO-72138,C10081,2025-12-15,PO984068
SO-72139,C10086,2025-12-15,PO425335
SO-72140,C10096,2025-12-15,PO272639
SO-72141,C10102,2025-12-15,PO409747
SO-72142,C10107,2025-12-15,PO435629
SO-72143,C10114,2025-12-15,PO677154
SO-72144,C10132,2025-12-15,PO747820
SO-72145,C10144,2025-12-15,PO853679
SO-72146,C10151,2025-12-15,PO272744
SO-72147,C10208,2025-12-15,PO265165
SO-72148,C10215,2025-12-15,PO906216
SO-72149,C10248,2025-12-15,PO390852
SO-72150,C10261,2025-12-15,PO338656
SO-72151,C10336,2025-12-15,PO759882
SO-72152,C10529,2025-12-15,PO107795
SO-72153,C10532,2025-12-15,PO755455
SO-72154,C10544,2025-12-15,PO678330
SO-72155,C10615,2025-12-15,PO324605
SO-72156,C10686,2025-12-15,PO783457
SO-72157,C11103,2025-12-15,PO513773
SO-72158,C11971,2025-12-15,PO677325
SO-72159,C12872,2025-12-15,PO376015
SO-72160,C12888,2025-12-15,PO345679
SO-72161,C10006,2025-12-16,PO705541
SO-72162,C10011,2025-12-16,PO640951
SO-72163,C10024,2025-12-16,PO722177
SO-72164,C10033,2025-12-16,PO676548
SO-72165,C10071,2025-12-16,PO733655
SO-72166,C10081,2025-12-16,PO209914
SO-72167,C10086,2025-12-16,PO942845
SO-72168,C10102,2025-12-16,PO814874
SO-72169,C10144,2025-12-16,PO642787
SO-72170,C10261,2025-12-16,PO305791
SO-72171,C10998,2025-12-16,PO524277
SO-72172,C11158,2025-12-16,PO461881
SO-72173,C11619,2025-12-16,PO871562
SO-72174,C11979,2025-12-16,PO226822
SO-72175,C12008,2025-12-16,PO607237
SO-72176,C12835,2025-12-16,PO497143
SO-72177,C10006,2025-12-17,PO448590
SO-72178,C10024,2025-12-17,PO361665
SO-72179,C10041,2025-12-17,PO145138
SO-72180,C10042,2025-12-17,PO576713
SO-72181,C10053,2025-12-17,PO204008
SO-72182,C10071,2025-12-17,PO516756
SO-72183,C10081,2025-12-17,PO735304
SO-72184,C10086,2025-12-17,PO293655
SO-72185,C10102,2025-12-17,PO208331
SO-72186,C10107,2025-12-17,PO899764
SO-72187,C10114,2025-12-17,PO491232
SO-72188,C10123,2025-12-17,PO175264
SO-72189,C10144,2025-12-17,PO280986
SO-72190,C10173,2025-12-17,PO326759
SO-72191,C10322,2025-12-17,PO710354
SO-72192,C10336,2025-12-17,PO697134
SO-72193,C10452,2025-12-17,PO873750
SO-72194,C10647,2025-12-17,PO239137
SO-72195,C11693,2025-12-17,PO723115
SO-72196,C12061,2025-12-17,PO439429
SO-72197,C10006,2025-12-18,PO646819
SO-72198,C10067,2025-12-18,PO633435
SO-72199,C10071,2025-12-18,PO937266
SO-72200,C10086,2025-12-18,PO918161
SO-72201,C10102,2025-12-18,PO788950
SO-72202,C10114,2025-12-18,PO849668
SO-72203,C10144,2025-12-18,PO862721
SO-72204,C10186,2025-12-18,PO608067
SO-72205,C10276,2025-12-18,PO481344
SO-72206,C10640,2025-12-18,PO502498
SO-72207,C10694,2025-12-18,PO672336
SO-72208,C10701,2025-12-18,PO656556
SO-72209,C10853,2025-12-18,PO258504
SO-72210,C12681,2025-12-18,PO999691
SO-72211,C10006,2025-12-19,PO505815
SO-72212,C10011,2025-12-19,PO503622
SO-72213,C10024,2025-12-19,PO463470
SO-72214,C10033,2025-12-19,PO276604
SO-72215,C10071,2025-12-19,PO452733
SO-72216,C10081,2025-12-19,PO588544
SO-72217,C10114,2025-12-19,PO432086
SO-72218,C10138,2025-12-19,PO318998
SO-72219,C10161,2025-12-19,PO159151
SO-72220,C10192,2025-12-19,PO914295
SO-72221,C10242,2025-12-19,PO139631
SO-72222,C10261,2025-12-19,PO834369
SO-72223,C10321,2025-12-19,PO935374
SO-72224,C10322,2025-12-19,PO765221
SO-72225,C10640,2025-12-19,PO385194
SO-72226,C10728,2025-12-19,PO620265
SO-72227,C11010,2025-12-19,PO698703
SO-72228,C12681,2025-12-19,PO426331
SO-72229,C10006,2025-12-22,PO878177
SO-72230,C10011,2025-12-22,PO188948
SO-72231,C10019,2025-12-22,PO192998
SO-72232,C10024,2025-12-22,PO372034
SO-72233,C10041,2025-12-22,PO483154
SO-72234,C10071,2025-12-22,PO328686
SO-72235,C10081,2025-12-22,PO683519
SO-72236,C10086,2025-12-22,PO110914
SO-72237,C10096,2025-12-22,PO255791
SO-72238,C10102,2025-12-22,PO883817
SO-72239,C10107,2025-12-22,PO756715
SO-72240,C10144,2025-12-22,PO458634
SO-72241,C10151,2025-12-22,PO625205
SO-72242,C10159,2025-12-22,PO376630
SO-72243,C10161,2025-12-22,PO387421
SO-72244,C10173,2025-12-22,PO927092
SO-72245,C10208,2025-12-22,PO346780
SO-72246,C10235,2025-12-22,PO773057
SO-72247,C10257,2025-12-22,PO678910
SO-72248,C10304,2025-12-22,PO384242
SO-72249,C10336,2025-12-22,PO185516
SO-72250,C10365,2025-12-22,PO860431
SO-72251,C10521,2025-12-22,PO111266
SO-72252,C10636,2025-12-22,PO733916
SO-72253,C10640,2025-12-22,PO662991
SO-72254,C10659,2025-12-22,PO862451
SO-72255,C10684,2025-12-22,PO189582
SO-72256,C10776,2025-12-22,PO259496
SO-72257,C10784,2025-12-22,PO742138
SO-72258,C10844,2025-12-22,PO483453
SO-72259,C11235,2025-12-22,PO771914
SO-72260,C11457,2025-12-22,PO613424
SO-72261,C11668,2025-12-22,PO602426
SO-72262,C11979,2025-12-22,PO760382
SO-72263,C12009,2025-12-22,PO722494
SO-72264,C12276,2025-12-22,PO924158
SO-72265,C13021,2025-12-22,PO567252
SO-72266,C10006,2025-12-23,PO532919
SO-72267,C10011,2025-12-23,PO361036
SO-72268,C10024,2025-12-23,PO698515
SO-72269,C10033,2025-12-23,PO100879
SO-72270,C10041,2025-12-23,PO633539
SO-72271,C10042,2025-12-23,PO279076
SO-72272,C10071,2025-12-23,PO312258
SO-72273,C10081,2025-12-23,PO444498
SO-72274,C10086,2025-12-23,PO884496
SO-72275,C10096,2025-12-23,PO592751
SO-72276,C10102,2025-12-23,PO596445
SO-72277,C10107,2025-12-23,PO790469
SO-72278,C10132,2025-12-23,PO169656
SO-72279,C10144,2025-12-23,PO682372
SO-72280,C10161,2025-12-23,PO291913
SO-72281,C10173,2025-12-23,PO225904
SO-72282,C10200,2025-12-23,PO216492
SO-72283,C10215,2025-12-23,PO455009
SO-72284,C10235,2025-12-23,PO392257
SO-72285,C10242,2025-12-23,PO121847
SO-72286,C10286,2025-12-23,PO924608
SO-72287,C10304,2025-12-23,PO923687
SO-72288,C10308,2025-12-23,PO266461
SO-72289,C10332,2025-12-23,PO780025
SO-72290,C10336,2025-12-23,PO992671
SO-72291,C10352,2025-12-23,PO546975
SO-72292,C10430,2025-12-23,PO672764
SO-72293,C10452,2025-12-23,PO696142
SO-72294,C10463,2025-12-23,PO898083
SO-72295,C10506,2025-12-23,PO757861
SO-72296,C11025,2025-12-23,PO162307
SO-72297,C11086,2025-12-23,PO789036
SO-72298,C11537,2025-12-23,PO440479
SO-72299,C11718,2025-12-23,PO189512
SO-72300,C11732,2025-12-23,PO851121
SO-72301,C11764,2025-12-23,PO166964
SO-72302,C12096,2025-12-23,PO662468
