shipment_id,job_id,ship_date,qty,promised_date,on_time,late_reason_code
SH-70000,J-2022-02558,2023-01-06,6,2023-01-10,True,
SH-70001,J-2022-02579,2023-01-09,10,2022-12-19,False,material
SH-70002,J-2022-02614,2023-01-09,4,2023-01-06,False,
SH-70003,J-2022-02623,2023-01-04,20,2023-01-10,True,
SH-70004,J-2022-02626,2023-01-09,3,2023-01-10,True,
SH-70005,J-2022-02640,2023-01-04,12,2023-01-09,True,
SH-70006,J-2022-02642,2023-01-20,62,2023-01-24,True,
SH-70007,J-2022-02700,2023-01-11,21,2023-01-17,True,
SH-70008,J-2022-02726,2023-01-11,500,2023-01-10,False,capacity
SH-70009,J-2022-02737,2023-01-03,43,2023-01-04,True,
SH-70010,J-2022-02750,2023-01-18,357,2023-01-13,False,other
SH-70011,J-2022-02756,2023-01-04,42,2023-01-04,True,
SH-70012,J-2022-02784,2023-01-03,7,2022-12-22,False,capacity
SH-70013,J-2022-02785,2023-01-05,5,2023-01-11,True,
SH-70014,J-2022-02786,2023-01-09,25,2023-01-10,True,
SH-70015,J-2022-02802,2023-01-12,17,2023-01-06,False,other
SH-70016,J-2022-02805,2023-01-16,32,2023-01-20,True,
SH-70017,J-2022-02815,2023-01-05,11,2023-01-11,True,
SH-70018,J-2022-02824,2023-01-10,7,2023-01-12,True,
SH-70019,J-2022-02828,2023-01-03,14,2023-01-10,True,
SH-70020,J-2022-02845,2023-01-10,95,2023-01-16,True,
SH-70021,J-2022-02846,2023-01-03,33,2023-01-10,True,
SH-70022,J-2022-02847,2023-01-04,69,2023-01-06,True,
SH-70023,J-2022-02857,2023-01-11,38,2023-01-13,True,
SH-70024,J-2022-02866,2023-01-16,31,2023-01-11,False,
SH-70025,J-2022-02869,2023-01-17,4,2023-01-19,True,
SH-70026,J-2022-02874,2023-01-06,22,2023-01-09,True,
SH-70027,J-2022-02878,2023-01-04,6,2023-01-11,True,
SH-70028,J-2022-02880,2023-01-05,3,2023-01-09,True,
SH-70029,J-2022-02882,2023-01-09,13,2023-01-12,True,
SH-70030,J-2022-02893,2023-01-04,44,2023-01-05,True,
SH-70031,J-2022-02895,2023-01-10,12,2023-01-12,True,
SH-70032,J-2022-02898,2023-01-04,216,2023-01-05,True,
SH-70033,J-2022-02899,2023-01-20,62,2023-01-25,True,
SH-70034,J-2022-02901,2023-01-04,213,2023-01-17,True,
SH-70035,J-2022-02903,2023-01-16,53,2023-01-19,True,
SH-70036,J-2022-02910,2023-01-04,20,2023-01-05,True,
SH-70037,J-2022-02913,2023-01-11,102,2023-01-20,True,
SH-70038,J-2022-02916,2023-01-11,19,2023-01-17,True,
SH-70039,J-2022-02922,2023-01-04,114,2023-01-24,True,
SH-70040,J-2022-02924,2023-01-04,79,2023-01-10,True,
SH-70041,J-2022-02926,2023-01-11,35,2023-01-17,True,
SH-70042,J-2022-02927,2023-01-13,48,2023-01-26,True,
SH-70043,J-2022-02930,2023-01-04,16,2023-01-11,True,
SH-70044,J-2022-02935,2023-01-05,9,2023-01-13,True,
SH-70045,J-2022-02943,2023-01-10,26,2023-01-16,True,
SH-70046,J-2022-02944,2023-01-11,51,2023-01-16,True,
SH-70047,J-2022-02950,2023-01-09,7,2023-01-03,False,
SH-70048,J-2022-02951,2023-01-11,289,2023-01-16,True,
SH-70049,J-2022-02954,2023-01-13,2,2023-01-26,True,
SH-70050,J-2022-02955,2023-01-10,43,2023-01-12,True,
SH-70051,J-2022-02960,2023-01-06,9,2023-01-17,True,
SH-70052,J-2022-02963,2023-01-10,30,2023-01-12,True,
SH-70053,J-2022-02966,2023-01-06,155,2023-01-19,True,
SH-70054,J-2022-02967,2023-01-20,33,2023-01-26,True,
SH-70055,J-2022-02969,2023-01-05,17,2023-01-10,True,
SH-70056,J-2022-02972,2023-01-13,129,2023-01-17,True,
SH-70057,J-2022-02973,2023-01-05,55,2023-01-10,True,
SH-70058,J-2022-02979,2023-01-05,4,2023-01-09,True,
SH-70059,J-2022-02985,2023-01-17,13,2023-01-24,True,
SH-70060,J-2022-02986,2023-01-16,10,2023-01-19,True,
SH-70061,J-2022-02989,2023-01-09,42,2023-01-12,True,
SH-70062,J-2022-02991,2023-01-09,17,2023-01-11,True,
SH-70063,J-2022-02995,2023-01-12,8,2023-01-17,True,
SH-70064,J-2022-02997,2023-01-17,215,2023-02-03,True,
SH-70065,J-2022-03000,2023-01-06,129,2023-01-11,True,
SH-70066,J-2022-03002,2023-01-09,12,2023-01-05,False,
SH-70067,J-2022-03005,2023-01-05,205,2023-01-03,False,other
SH-70068,J-2022-03006,2023-01-10,25,2023-01-12,True,
SH-70069,J-2022-03007,2023-01-23,114,2023-02-06,True,
SH-70070,J-2022-03009,2023-01-06,25,2023-01-10,True,
SH-70071,J-2022-03010,2023-01-03,33,2023-01-23,True,
SH-70072,J-2022-03011,2023-01-05,19,2023-01-25,True,
SH-70073,J-2022-03013,2023-01-13,300,2023-01-20,True,
SH-70074,J-2022-03014,2023-01-16,21,2023-01-18,True,
SH-70075,J-2022-03015,2023-01-16,7,2023-01-18,True,
SH-70076,J-2022-03017,2023-01-11,23,2023-01-10,False,
SH-70077,J-2022-03019,2023-01-03,3,2023-01-09,True,
SH-70078,J-2022-03020,2023-01-10,42,2023-01-12,True,
SH-70079,J-2022-03022,2023-01-18,23,2023-01-30,True,
SH-70080,J-2022-03023,2023-01-05,33,2023-01-11,True,
SH-70081,J-2022-03027,2023-01-05,27,2023-01-13,True,
SH-70082,J-2022-03029,2023-01-13,46,2023-02-08,True,
SH-70083,J-2022-03031,2023-01-03,1,2023-01-10,True,
SH-70084,J-2022-03034,2023-01-06,150,2023-01-17,True,
SH-70085,J-2022-03036,2023-01-13,32,2023-01-18,True,
SH-70086,J-2022-03040,2023-01-09,246,2023-01-16,True,
SH-70087,J-2022-03044,2023-01-06,49,2023-01-12,True,
SH-70088,J-2022-03048,2023-01-18,14,2023-01-19,True,
SH-70089,J-2022-03050,2023-01-11,26,2023-01-23,True,
SH-70090,J-2022-03052,2023-01-04,16,2023-01-06,True,
SH-70091,J-2022-03054,2023-01-04,22,2023-01-09,True,
SH-70092,J-2022-03056,2023-01-11,8,2023-01-17,True,
SH-70093,J-2022-03057,2023-01-18,4,2023-01-24,True,
SH-70094,J-2022-03058,2023-01-13,12,2023-01-18,True,
SH-70095,J-2022-03060,2023-01-03,12,2022-12-21,False,other
SH-70096,J-2022-03061,2023-01-23,17,2023-01-30,True,
SH-70097,J-2022-03063,2023-01-19,6,2023-01-20,True,
SH-70098,J-2022-03064,2023-01-11,22,2023-01-20,True,
SH-70099,J-2022-03066,2023-01-09,21,2023-01-20,True,
SH-70100,J-2022-03067,2023-01-03,9,2023-01-06,True,
SH-70101,J-2022-03068,2023-01-03,16,2023-01-10,True,
SH-70102,J-2022-03072,2023-01-16,77,2023-01-25,True,
SH-70103,J-2022-03074,2023-01-20,196,2023-01-20,True,
SH-70104,J-2022-03075,2023-01-13,39,2023-01-20,True,
SH-70105,J-2022-03078,2023-01-13,22,2023-01-25,True,
SH-70106,J-2022-03079,2023-01-09,454,2023-01-09,True,
SH-70107,J-2022-03081,2023-01-12,78,2023-01-19,True,
SH-70108,J-2022-03082,2023-01-10,10,2023-01-13,True,
SH-70109,J-2022-03090,2023-01-12,1,2023-01-19,True,
SH-70110,J-2022-03091,2023-01-06,45,2023-01-13,True,
SH-70111,J-2022-03092,2023-01-13,50,2023-01-23,True,
SH-70112,J-2022-03094,2023-01-26,2,2023-02-06,True,
SH-70113,J-2022-03098,2023-01-16,5,2023-01-23,True,
SH-70114,J-2022-03100,2023-01-10,28,2023-01-12,True,
SH-70115,J-2022-03101,2023-01-13,20,2023-01-16,True,
SH-70116,J-2022-03102,2023-01-17,17,2023-01-23,True,
SH-70117,J-2022-03104,2023-01-16,112,2023-01-30,True,
SH-70118,J-2022-03107,2023-01-12,7,2023-01-16,True,
SH-70119,J-2022-03110,2023-01-06,3,2023-01-11,True,
SH-70120,J-2022-03111,2023-01-10,80,2023-01-19,True,
SH-70121,J-2022-03113,2023-01-20,2,2023-01-26,True,
SH-70122,J-2022-03115,2023-01-03,5,2023-01-10,True,
SH-70123,J-2022-03116,2023-01-10,225,2023-01-25,True,
SH-70124,J-2022-03118,2023-01-23,86,2023-01-26,True,
SH-70125,J-2022-03120,2023-01-13,4,2023-01-20,True,
SH-70126,J-2022-03122,2023-01-11,43,2023-01-25,True,
SH-70127,J-2022-03124,2023-01-11,14,2023-01-10,False,capacity
SH-70128,J-2022-03125,2023-01-12,2,2023-01-12,True,
SH-70129,J-2022-03128,2023-01-05,95,2022-12-22,False,capacity
SH-70130,J-2022-03130,2023-01-09,14,2023-01-13,True,
SH-70131,J-2022-03132,2023-01-09,193,2023-01-12,True,
SH-70132,J-2022-03134,2023-01-25,65,2023-01-30,True,
SH-70133,J-2022-03135,2023-01-09,8,2023-01-20,True,
SH-70134,J-2022-03136,2023-01-13,98,2023-01-18,True,
SH-70135,J-2022-03138,2023-01-13,6,2023-01-17,True,
SH-70136,J-2022-03139,2023-01-11,60,2023-01-17,True,
SH-70137,J-2022-03141,2023-01-04,74,2023-01-06,True,
SH-70138,J-2022-03143,2023-01-05,20,2023-01-11,True,
SH-70139,J-2022-03145,2023-01-12,223,2023-01-18,True,
SH-70140,J-2022-03146,2023-01-13,4,2023-01-24,True,
SH-70141,J-2022-03148,2023-01-09,31,2023-01-11,True,
SH-70142,J-2022-03149,2023-01-10,12,2023-01-13,True,
SH-70143,J-2022-03150,2023-01-10,4,2023-01-16,True,
SH-70144,J-2022-03151,2023-01-11,11,2023-01-19,True,
SH-70145,J-2022-03152,2023-01-12,6,2023-01-18,True,
SH-70146,J-2022-03154,2023-01-10,18,2023-01-05,False,outside processing
SH-70147,J-2022-03155,2023-01-20,3,2023-01-27,True,
SH-70148,J-2022-03156,2023-01-11,3,2023-01-12,True,
SH-70149,J-2022-03157,2023-01-10,74,2023-01-13,True,
SH-70150,J-2022-03159,2023-01-24,51,2023-01-25,True,
SH-70151,J-2022-03160,2023-01-17,51,2023-01-24,True,
SH-70152,J-2022-03161,2023-01-20,129,2023-02-06,True,
SH-70153,J-2022-03162,2023-01-20,75,2023-01-26,True,
SH-70154,J-2022-03164,2023-01-10,459,2023-01-04,False,
SH-70155,J-2022-03165,2023-01-19,14,2023-01-25,True,
SH-70156,J-2022-03166,2023-01-13,357,2023-01-19,True,
SH-70157,J-2022-03167,2023-01-19,205,2023-01-24,True,
SH-70158,J-2022-03169,2023-01-05,4,2023-01-09,True,
SH-70159,J-2022-03170,2023-01-05,61,2023-01-04,False,
SH-70160,J-2022-03172,2023-01-18,77,2023-01-24,True,
SH-70161,J-2022-03174,2023-01-06,46,2023-01-12,True,
SH-70162,J-2022-03175,2023-01-11,106,2023-01-18,True,
SH-70163,J-2022-03176,2023-01-03,20,2023-01-06,True,
SH-70164,J-2022-03178,2023-01-09,184,2023-01-04,False,outside processing
SH-70165,J-2022-03180,2023-01-23,5,2023-01-27,True,
SH-70166,J-2022-03182,2023-01-04,18,2023-01-09,True,
SH-70167,J-2022-03183,2023-01-13,39,2023-01-25,True,
SH-70168,J-2022-03185,2023-01-04,14,2023-01-05,True,
SH-70169,J-2022-03186,2023-01-09,45,2023-01-16,True,
SH-70170,J-2022-03187,2023-01-11,2,2023-01-16,True,
SH-70171,J-2022-03188,2023-01-09,73,2023-01-11,True,
SH-70172,J-2022-03189,2023-01-10,26,2023-01-05,False,customer change
SH-70173,J-2022-03190,2023-01-17,63,2023-01-27,True,
SH-70174,J-2022-03192,2023-01-05,53,2023-01-12,True,
SH-70175,J-2022-03193,2023-01-24,12,2023-01-25,True,
SH-70176,J-2022-03195,2023-01-10,11,2023-01-31,True,
SH-70177,J-2022-03197,2023-01-04,6,2023-01-09,True,
SH-70178,J-2022-03198,2023-01-09,22,2023-01-09,True,
SH-70179,J-2022-03199,2023-01-05,74,2023-01-09,True,
SH-70180,J-2022-03200,2023-01-10,4,2023-01-27,True,
SH-70181,J-2022-03201,2023-01-16,19,2023-01-25,True,
SH-70182,J-2022-03202,2023-01-13,107,2023-01-24,True,
SH-70183,J-2022-03204,2023-01-19,6,2023-01-25,True,
SH-70184,J-2022-03206,2023-01-10,47,2023-01-16,True,
SH-70185,J-2022-03207,2023-01-10,33,2023-01-12,True,
SH-70186,J-2022-03208,2023-01-11,33,2023-01-13,True,
SH-70187,J-2022-03210,2023-01-20,39,2023-01-25,True,
SH-70188,J-2022-03211,2023-01-11,10,2023-01-06,False,quality
SH-70189,J-2022-03212,2023-01-23,22,2023-01-25,True,
SH-70190,J-2022-03214,2023-01-16,19,2023-01-27,True,
SH-70191,J-2022-03215,2023-01-03,126,2023-01-05,True,
SH-70192,J-2022-03216,2023-01-20,13,2023-01-30,True,
SH-70193,J-2022-03218,2023-01-03,1,2023-01-06,True,
SH-70194,J-2022-03220,2023-01-03,3,2023-01-09,True,
SH-70195,J-2022-03221,2023-01-23,208,2023-02-01,True,
SH-70196,J-2022-03223,2023-01-13,6,2023-01-23,True,
SH-70197,J-2022-03225,2023-01-12,19,2023-01-20,True,
SH-70198,J-2022-03227,2023-01-11,33,2023-01-10,False,capacity
SH-70199,J-2022-03228,2023-01-23,115,2023-01-26,True,
SH-70200,J-2022-03229,2023-01-05,12,2023-01-06,True,
SH-70201,J-2022-03231,2023-01-09,35,2023-01-12,True,
SH-70202,J-2022-03232,2023-01-09,4,2023-01-12,True,
SH-70203,J-2022-03233,2023-01-13,73,2023-01-24,True,
SH-70204,J-2022-03235,2023-01-11,29,2023-01-17,True,
SH-70205,J-2022-03236,2023-01-11,172,2023-01-10,False,
SH-70206,J-2022-03237,2023-01-16,20,2023-01-23,True,
SH-70207,J-2022-03238,2023-01-18,11,2023-02-07,True,
SH-70208,J-2022-03240,2023-01-12,27,2023-01-20,True,
SH-70209,J-2022-03242,2023-01-23,19,2023-01-26,True,
SH-70210,J-2022-03243,2023-01-23,312,2023-02-01,True,
SH-70211,J-2022-03244,2023-01-11,7,2023-01-12,True,
SH-70212,J-2022-03245,2023-01-17,43,2023-02-01,True,
SH-70213,J-2022-03247,2023-01-20,20,2023-01-26,True,
SH-70214,J-2022-03249,2023-01-17,72,2023-02-01,True,
SH-70215,J-2022-03251,2023-01-19,65,2023-01-23,True,
SH-70216,J-2022-03253,2023-01-11,3,2023-01-24,True,
SH-70217,J-2022-03254,2023-01-18,41,2023-01-27,True,
SH-70218,J-2022-03255,2023-01-16,4,2023-01-31,True,
SH-70219,J-2022-03256,2023-01-12,55,2023-01-17,True,
SH-70220,J-2022-03258,2023-01-16,10,2023-01-20,True,
SH-70221,J-2022-03259,2023-01-05,55,2023-01-06,True,
SH-70222,J-2022-03261,2023-01-12,44,2023-01-13,True,
SH-70223,J-2022-03263,2023-01-09,17,2023-01-10,True,
SH-70224,J-2022-03265,2023-01-13,11,2023-01-18,True,
SH-70225,J-2022-03267,2023-01-16,161,2023-01-23,True,
SH-70226,J-2022-03268,2023-01-12,62,2023-01-18,True,
SH-70227,J-2022-03270,2023-01-11,25,2023-01-20,True,
SH-70228,J-2022-03272,2023-01-19,30,2023-01-25,True,
SH-70229,J-2022-03273,2023-01-11,21,2023-01-17,True,
SH-70230,J-2022-03274,2023-01-16,8,2023-01-23,True,
SH-70231,J-2022-03276,2023-01-06,85,2023-01-05,False,other
SH-70232,J-2022-03277,2023-01-23,89,2023-01-27,True,
SH-70233,J-2022-03279,2023-01-10,27,2023-01-13,True,
SH-70234,J-2022-03280,2023-02-01,121,2023-01-27,False,
SH-70235,J-2022-03282,2023-01-06,35,2023-01-05,False,
SH-70236,J-2022-03284,2023-01-10,39,2023-01-09,False,
SH-70237,J-2022-03285,2023-01-06,15,2023-01-09,True,
SH-70238,J-2022-03286,2023-01-17,8,2023-01-13,False,
SH-70239,J-2022-03288,2023-01-16,42,2023-01-13,False,outside processing
SH-70240,J-2022-03289,2023-01-13,65,2023-01-25,True,
SH-70241,J-2022-03291,2023-01-16,59,2023-01-26,True,
SH-70242,J-2022-03292,2023-01-10,36,2023-01-12,True,
SH-70243,J-2022-03293,2023-01-13,16,2023-01-16,True,
SH-70244,J-2022-03294,2023-01-16,55,2023-01-30,True,
SH-70245,J-2022-03296,2023-01-20,17,2023-01-30,True,
SH-70246,J-2022-03298,2023-01-16,23,2023-01-17,True,
SH-70247,J-2022-03299,2023-01-18,45,2023-01-27,True,
SH-70248,J-2022-03301,2023-01-23,10,2023-01-13,False,
SH-70249,J-2022-03302,2023-01-24,95,2023-02-10,True,
SH-70250,J-2022-03304,2023-01-16,42,2023-01-18,True,
SH-70251,J-2022-03305,2023-01-10,56,2023-01-10,True,
SH-70252,J-2022-03306,2023-01-12,30,2023-01-09,False,
SH-70253,J-2022-03308,2023-01-16,254,2023-01-06,False,
SH-70254,J-2022-03309,2023-01-17,69,2023-01-24,True,
SH-70255,J-2022-03311,2023-01-11,28,2023-01-16,True,
SH-70256,J-2022-03312,2023-01-11,15,2023-01-18,True,
SH-70257,J-2022-03313,2023-01-16,14,2023-01-19,True,
SH-70258,J-2022-03314,2023-01-11,57,2023-01-17,True,
SH-70259,J-2022-03315,2023-01-13,66,2023-01-16,True,
SH-70260,J-2022-03317,2023-01-12,5,2023-01-17,True,
SH-70261,J-2022-03318,2023-01-09,42,2023-01-17,True,
SH-70262,J-2022-03320,2023-01-25,81,2023-02-01,True,
SH-70263,J-2022-03322,2023-01-13,39,2023-01-24,True,
SH-70264,J-2022-03323,2023-01-06,7,2023-01-10,True,
SH-70265,J-2022-03324,2023-01-27,26,2023-01-30,True,
SH-70266,J-2022-03325,2023-01-27,230,2023-01-30,True,
SH-70267,J-2022-03327,2023-01-06,16,2023-01-10,True,
SH-70268,J-2022-03329,2023-01-06,34,2023-01-09,True,
SH-70269,J-2022-03331,2023-01-19,13,2023-01-23,True,
SH-70270,J-2022-03333,2023-01-24,104,2023-02-13,True,
SH-70271,J-2022-03334,2023-01-20,87,2023-01-30,True,
SH-70272,J-2022-03335,2023-01-16,122,2023-01-19,True,
SH-70273,J-2022-03337,2023-02-03,18,2023-01-30,False,
SH-70274,J-2022-03338,2023-01-11,7,2023-01-12,True,
SH-70275,J-2022-03340,2023-01-13,4,2023-01-25,True,
SH-70276,J-2022-03342,2023-01-13,22,2023-01-20,True,
SH-70277,J-2022-03343,2023-01-24,7,2023-02-06,True,
SH-70278,J-2022-03344,2023-01-09,108,2023-01-06,False,
SH-70279,J-2022-03345,2023-01-19,391,2023-02-22,True,
SH-70280,J-2022-03347,2023-01-18,31,2023-01-24,True,
SH-70281,J-2022-03349,2023-01-20,10,2023-01-30,True,
SH-70282,J-2023-00002,2023-01-18,44,2023-01-26,True,
SH-70283,J-2023-00004,2023-01-23,120,2023-01-25,True,
SH-70284,J-2023-00006,2023-01-23,14,2023-01-31,True,
SH-70285,J-2023-00008,2023-01-12,97,2023-01-12,True,
SH-70286,J-2023-00009,2023-01-24,20,2023-02-13,True,
SH-70287,J-2023-00011,2023-01-31,41,2023-02-16,True,
SH-70288,J-2023-00013,2023-01-23,165,2023-01-24,True,
SH-70289,J-2023-00015,2023-01-11,127,2023-01-16,True,
SH-70290,J-2023-00016,2023-02-03,44,2023-02-02,False,capacity
SH-70291,J-2023-00018,2023-02-03,123,2023-02-03,True,
SH-70292,J-2023-00019,2023-01-23,26,2023-02-02,True,
SH-70293,J-2023-00020,2023-01-16,5,2023-01-27,True,
SH-70294,J-2023-00022,2023-01-18,23,2023-01-23,True,
SH-70295,J-2023-00023,2023-01-17,34,2023-01-25,True,
SH-70296,J-2023-00024,2023-01-13,1,2023-01-18,True,
SH-70297,J-2023-00026,2023-01-16,28,2023-01-17,True,
SH-70298,J-2023-00027,2023-01-19,13,2023-01-25,True,
SH-70299,J-2023-00029,2023-01-13,18,2023-01-20,True,
SH-70300,J-2023-00030,2023-01-13,4,2023-01-24,True,
SH-70301,J-2023-00031,2023-01-16,4,2023-01-18,True,
SH-70302,J-2023-00032,2023-01-18,44,2023-01-20,True,
SH-70303,J-2023-00033,2023-01-24,144,2023-02-03,True,
SH-70304,J-2023-00035,2023-01-16,13,2023-01-17,True,
SH-70305,J-2023-00036,2023-01-23,35,2023-02-03,True,
SH-70306,J-2023-00038,2023-01-18,12,2023-01-31,True,
SH-70307,J-2023-00039,2023-01-18,18,2023-01-26,True,
SH-70308,J-2023-00040,2023-01-17,14,2023-01-23,True,
SH-70309,J-2023-00041,2023-01-24,4,2023-02-09,True,
SH-70310,J-2023-00043,2023-01-23,66,2023-01-31,True,
SH-70311,J-2023-00045,2023-01-20,13,2023-01-31,True,
SH-70312,J-2023-00047,2023-01-12,32,2023-01-30,True,
SH-70313,J-2023-00048,2023-01-20,121,2023-01-27,True,
SH-70314,J-2023-00050,2023-01-25,2,2023-02-06,True,
SH-70315,J-2023-00051,2023-01-27,5,2023-02-06,True,
SH-70316,J-2023-00052,2023-01-24,5,2023-01-30,True,
SH-70317,J-2023-00053,2023-01-16,6,2023-01-23,True,
SH-70318,J-2023-00055,2023-02-07,75,2023-02-06,False,outside processing
SH-70319,J-2023-00057,2023-01-18,31,2023-01-25,True,
SH-70320,J-2023-00059,2023-01-18,9,2023-02-06,True,
SH-70321,J-2023-00061,2023-01-24,22,2023-02-03,True,
SH-70322,J-2023-00062,2023-01-17,10,2023-01-17,True,
SH-70323,J-2023-00064,2023-02-06,11,2023-01-31,False,
SH-70324,J-2023-00066,2023-01-26,304,2023-02-09,True,
SH-70325,J-2023-00067,2023-01-25,15,2023-01-17,False,capacity
SH-70326,J-2023-00068,2023-01-12,178,2023-01-17,True,
SH-70327,J-2023-00070,2023-01-30,424,2023-02-06,True,
SH-70328,J-2023-00071,2023-01-20,26,2023-01-27,True,
SH-70329,J-2023-00073,2023-01-26,40,2023-02-23,True,
SH-70330,J-2023-00075,2023-01-23,43,2023-02-01,True,
SH-70331,J-2023-00077,2023-01-24,30,2023-02-03,True,
SH-70332,J-2023-00079,2023-01-24,100,2023-02-03,True,
SH-70333,J-2023-00080,2023-01-24,24,2023-01-16,False,capacity
SH-70334,J-2023-00081,2023-01-17,9,2023-02-07,True,
SH-70335,J-2023-00082,2023-01-20,16,2023-01-25,True,
SH-70336,J-2023-00083,2023-01-25,12,2023-02-07,True,
SH-70337,J-2023-00084,2023-01-19,27,2023-02-09,True,
SH-70338,J-2023-00086,2023-01-24,10,2023-02-07,True,
SH-70339,J-2023-00087,2023-01-13,35,2023-01-17,True,
SH-70340,J-2023-00088,2023-01-25,2,2023-02-09,True,
SH-70341,J-2023-00089,2023-01-20,48,2023-01-25,True,
SH-70342,J-2023-00091,2023-01-24,37,2023-02-20,True,
SH-70343,J-2023-00092,2023-01-30,7,2023-02-07,True,
SH-70344,J-2023-00093,2023-01-18,78,2023-02-02,True,
SH-70345,J-2023-00094,2023-01-23,30,2023-02-03,True,
SH-70346,J-2023-00095,2023-01-19,12,2023-01-20,True,
SH-70347,J-2023-00097,2023-01-17,11,2023-01-20,True,
SH-70348,J-2023-00098,2023-01-24,24,2023-02-06,True,
SH-70349,J-2023-00100,2023-01-19,500,2023-01-20,True,
SH-70350,J-2023-00102,2023-01-24,9,2023-01-27,True,
SH-70351,J-2023-00103,2023-01-27,47,2023-02-02,True,
SH-70352,J-2023-00104,2023-01-17,2,2023-01-19,True,
SH-70353,J-2023-00106,2023-01-19,50,2023-01-31,True,
SH-70354,J-2023-00107,2023-01-24,57,2023-02-08,True,
SH-70355,J-2023-00109,2023-01-20,29,2023-01-31,True,
SH-70356,J-2023-00110,2023-01-19,151,2023-01-17,False,
SH-70357,J-2023-00111,2023-01-24,2,2023-02-10,True,
SH-70358,J-2023-00113,2023-01-24,4,2023-02-03,True,
SH-70359,J-2023-00115,2023-01-25,20,2023-02-02,True,
SH-70360,J-2023-00116,2023-01-30,8,2023-01-31,True,
SH-70361,J-2023-00118,2023-01-26,111,2023-02-16,True,
SH-70362,J-2023-00120,2023-01-20,63,2023-01-26,True,
SH-70363,J-2023-00121,2023-01-26,36,2023-01-26,True,
SH-70364,J-2023-00123,2023-01-23,104,2023-02-02,True,
SH-70365,J-2023-00124,2023-01-18,19,2023-02-13,True,
SH-70366,J-2023-00126,2023-02-01,56,2023-02-24,True,
SH-70367,J-2023-00127,2023-01-27,33,2023-02-09,True,
SH-70368,J-2023-00128,2023-01-20,47,2023-01-26,True,
SH-70369,J-2023-00130,2023-01-24,100,2023-02-09,True,
SH-70370,J-2023-00131,2023-01-25,219,2023-01-31,True,
SH-70371,J-2023-00132,2023-01-17,123,2023-01-30,True,
SH-70372,J-2023-00134,2023-01-17,33,2023-01-26,True,
SH-70373,J-2023-00135,2023-01-16,36,2023-01-18,True,
SH-70374,J-2023-00136,2023-01-17,135,2023-01-31,True,
SH-70375,J-2023-00138,2023-02-06,5,2023-02-09,True,
SH-70376,J-2023-00140,2023-01-25,15,2023-02-02,True,
SH-70377,J-2023-00141,2023-01-27,9,2023-02-20,True,
SH-70378,J-2023-00143,2023-02-02,165,2023-02-03,True,
SH-70379,J-2023-00145,2023-01-24,61,2023-02-02,True,
SH-70380,J-2023-00147,2023-01-27,17,2023-02-14,True,
SH-70381,J-2023-00149,2023-01-27,3,2023-02-08,True,
SH-70382,J-2023-00151,2023-01-27,7,2023-02-10,True,
SH-70383,J-2023-00153,2023-01-23,31,2023-02-01,True,
SH-70384,J-2023-00155,2023-01-18,6,2023-02-06,True,
SH-70385,J-2023-00157,2023-01-25,30,2023-01-30,True,
SH-70386,J-2023-00158,2023-01-23,48,2023-01-31,True,
SH-70387,J-2023-00160,2023-01-27,11,2023-02-03,True,
SH-70388,J-2023-00162,2023-01-26,41,2023-01-30,True,
SH-70389,J-2023-00163,2023-01-26,24,2023-02-07,True,
SH-70390,J-2023-00164,2023-01-26,8,2023-01-30,True,
SH-70391,J-2023-00166,2023-01-26,18,2023-02-02,True,
SH-70392,J-2023-00167,2023-02-01,10,2023-02-03,True,
SH-70393,J-2023-00169,2023-01-23,4,2023-01-30,True,
SH-70394,J-2023-00171,2023-01-25,14,2023-02-20,True,
SH-70395,J-2023-00172,2023-01-27,12,2023-02-02,True,
SH-70396,J-2023-00173,2023-02-02,7,2023-02-17,True,
SH-70397,J-2023-00174,2023-02-16,25,2023-02-20,True,
SH-70398,J-2023-00176,2023-01-24,86,2023-01-23,False,material
SH-70399,J-2023-00177,2023-01-24,47,2023-02-20,True,
SH-70400,J-2023-00179,2023-01-25,44,2023-01-30,True,
SH-70401,J-2023-00181,2023-01-25,25,2023-02-06,True,
SH-70402,J-2023-00182,2023-02-01,94,2023-02-06,True,
SH-70403,J-2023-00184,2023-01-27,4,2023-02-03,True,
SH-70404,J-2023-00186,2023-01-26,59,2023-01-20,False,other
SH-70405,J-2023-00187,2023-01-27,3,2023-01-31,True,
SH-70406,J-2023-00189,2023-01-30,10,2023-02-01,True,
SH-70407,J-2023-00190,2023-01-24,27,2023-02-02,True,
SH-70408,J-2023-00191,2023-01-20,80,2023-01-26,True,
SH-70409,J-2023-00192,2023-01-23,99,2023-02-02,True,
SH-70410,J-2023-00194,2023-01-19,12,2023-01-24,True,
SH-70411,J-2023-00196,2023-01-25,34,2023-02-06,True,
SH-70412,J-2023-00197,2023-01-24,22,2023-02-08,True,
SH-70413,J-2023-00198,2023-01-20,9,2023-01-30,True,
SH-70414,J-2023-00200,2023-01-24,4,2023-02-02,True,
SH-70415,J-2023-00202,2023-01-30,244,2023-01-20,False,capacity
SH-70416,J-2023-00203,2023-01-19,19,2023-01-26,True,
SH-70417,J-2023-00204,2023-01-23,24,2023-01-31,True,
SH-70418,J-2023-00205,2023-02-02,11,2023-02-13,True,
SH-70419,J-2023-00206,2023-01-27,93,2023-02-07,True,
SH-70420,J-2023-00208,2023-01-26,9,2023-01-20,False,capacity
SH-70421,J-2023-00210,2023-01-23,4,2023-01-31,True,
SH-70422,J-2023-00212,2023-01-20,5,2023-01-30,True,
SH-70423,J-2023-00214,2023-02-07,35,2023-02-16,True,
SH-70424,J-2023-00215,2023-01-27,15,2023-02-03,True,
SH-70425,J-2023-00216,2023-01-25,10,2023-02-01,True,
SH-70426,J-2023-00218,2023-01-30,15,2023-02-08,True,
SH-70427,J-2023-00219,2023-01-24,11,2023-02-01,True,
SH-70428,J-2023-00220,2023-01-25,51,2023-02-07,True,
SH-70429,J-2023-00221,2023-02-06,51,2023-02-14,True,
SH-70430,J-2023-00222,2023-01-26,141,2023-02-16,True,
SH-70431,J-2023-00223,2023-01-31,14,2023-01-31,True,
SH-70432,J-2023-00224,2023-01-24,46,2023-01-31,True,
SH-70433,J-2023-00225,2023-02-02,41,2023-02-02,True,
SH-70434,J-2023-00227,2023-02-09,22,2023-02-14,True,
SH-70435,J-2023-00228,2023-01-25,18,2023-01-31,True,
SH-70436,J-2023-00229,2023-02-09,41,2023-02-16,True,
SH-70437,J-2023-00231,2023-02-02,25,2023-02-15,True,
SH-70438,J-2023-00232,2023-02-08,36,2023-02-15,True,
SH-70439,J-2023-00233,2023-01-24,14,2023-02-14,True,
SH-70440,J-2023-00235,2023-01-27,5,2023-02-02,True,
SH-70441,J-2023-00237,2023-01-30,44,2023-02-15,True,
SH-70442,J-2023-00238,2023-01-27,114,2023-02-09,True,
SH-70443,J-2023-00239,2023-01-25,9,2023-02-09,True,
SH-70444,J-2023-00241,2023-02-06,45,2023-02-16,True,
SH-70445,J-2023-00243,2023-02-10,131,2023-02-15,True,
SH-70446,J-2023-00245,2023-02-16,25,2023-02-28,True,
SH-70447,J-2023-00246,2023-01-30,147,2023-02-24,True,
SH-70448,J-2023-00247,2023-01-25,53,2023-02-08,True,
SH-70449,J-2023-00248,2023-01-26,77,2023-02-24,True,
SH-70450,J-2023-00250,2023-01-25,15,2023-02-16,True,
SH-70451,J-2023-00251,2023-02-07,411,2023-02-03,False,
SH-70452,J-2023-00253,2023-01-27,19,2023-02-17,True,
SH-70453,J-2023-00255,2023-01-27,5,2023-02-06,True,
SH-70454,J-2023-00257,2023-01-27,13,2023-02-03,True,
SH-70455,J-2023-00258,2023-02-03,14,2023-02-10,True,
SH-70456,J-2023-00259,2023-02-10,9,2023-02-14,True,
SH-70457,J-2023-00261,2023-02-08,17,2023-02-21,True,
SH-70458,J-2023-00262,2023-01-27,25,2023-02-14,True,
SH-70459,J-2023-00263,2023-02-03,11,2023-01-26,False,capacity
SH-70460,J-2023-00264,2023-01-27,15,2023-01-26,False,
SH-70461,J-2023-00265,2023-01-26,230,2023-01-27,True,
SH-70462,J-2023-00267,2023-01-26,59,2023-02-23,True,
SH-70463,J-2023-00268,2023-01-25,5,2023-02-07,True,
SH-70464,J-2023-00269,2023-02-14,10,2023-02-16,True,
SH-70465,J-2023-00270,2023-01-27,28,2023-03-16,True,
SH-70466,J-2023-00272,2023-01-31,37,2023-02-08,True,
SH-70467,J-2023-00273,2023-01-27,9,2023-01-31,True,
SH-70468,J-2023-00274,2023-02-03,81,2023-02-16,True,
SH-70469,J-2023-00275,2023-02-02,241,2023-02-08,True,
SH-70470,J-2023-00276,2023-02-03,34,2023-02-07,True,
SH-70471,J-2023-00278,2023-01-26,8,2023-02-06,True,
SH-70472,J-2023-00279,2023-01-30,51,2023-02-02,True,
SH-70473,J-2023-00280,2023-02-03,4,2023-02-17,True,
SH-70474,J-2023-00281,2023-02-15,57,2023-02-17,True,
SH-70475,J-2023-00282,2023-02-02,34,2023-02-20,True,
SH-70476,J-2023-00284,2023-02-02,8,2023-02-06,True,
SH-70477,J-2023-00286,2023-01-26,19,2023-01-30,True,
SH-70478,J-2023-00287,2023-01-30,41,2023-02-08,True,
SH-70479,J-2023-00289,2023-02-02,14,2023-02-20,True,
SH-70480,J-2023-00290,2023-01-31,18,2023-01-31,True,
SH-70481,J-2023-00291,2023-02-08,21,2023-02-16,True,
SH-70482,J-2023-00292,2023-01-27,7,2023-02-27,True,
SH-70483,J-2023-00293,2023-01-27,11,2023-02-03,True,
SH-70484,J-2023-00295,2023-01-31,125,2023-02-13,True,
SH-70485,J-2023-00297,2023-01-27,35,2023-02-21,True,
SH-70486,J-2023-00298,2023-02-03,110,2023-03-03,True,
SH-70487,J-2023-00299,2023-01-27,93,2023-01-30,True,
SH-70488,J-2023-00300,2023-02-01,306,2023-02-10,True,
SH-70489,J-2023-00302,2023-02-14,244,2023-02-15,True,
SH-70490,J-2023-00303,2023-02-06,35,2023-02-15,True,
SH-70491,J-2023-00304,2023-01-31,4,2023-02-10,True,
SH-70492,J-2023-00305,2023-02-01,23,2023-02-06,True,
SH-70493,J-2023-00306,2023-02-01,24,2023-02-15,True,
SH-70494,J-2023-00307,2023-02-07,3,2023-02-09,True,
SH-70495,J-2023-00309,2023-01-31,138,2023-01-30,False,capacity
SH-70496,J-2023-00310,2023-02-06,5,2023-02-15,True,
SH-70497,J-2023-00312,2023-01-31,42,2023-02-07,True,
SH-70498,J-2023-00314,2023-01-30,3,2023-01-27,False,material
SH-70499,J-2023-00316,2023-01-26,31,2023-01-31,True,
SH-70500,J-2023-00317,2023-01-31,13,2023-02-09,True,
SH-70501,J-2023-00319,2023-02-02,34,2023-02-13,True,
SH-70502,J-2023-00321,2023-02-02,4,2023-02-09,True,
SH-70503,J-2023-00323,2023-02-02,31,2023-02-03,True,
SH-70504,J-2023-00325,2023-01-27,72,2023-02-10,True,
SH-70505,J-2023-00326,2023-01-26,29,2023-01-27,True,
SH-70506,J-2023-00328,2023-02-02,12,2023-03-15,True,
SH-70507,J-2023-00329,2023-02-07,1,2023-02-21,True,
SH-70508,J-2023-00331,2023-01-26,151,2023-02-01,True,
SH-70509,J-2023-00332,2023-02-03,1,2023-02-15,True,
SH-70510,J-2023-00333,2023-02-06,12,2023-03-10,True,
SH-70511,J-2023-00335,2023-02-10,132,2023-02-20,True,
SH-70512,J-2023-00336,2023-02-02,13,2023-02-13,True,
SH-70513,J-2023-00338,2023-01-31,48,2023-02-07,True,
SH-70514,J-2023-00340,2023-02-03,7,2023-02-13,True,
SH-70515,J-2023-00341,2023-02-08,16,2023-02-13,True,
SH-70516,J-2023-00343,2023-02-01,16,2023-02-07,True,
SH-70517,J-2023-00345,2023-02-01,8,2023-02-09,True,
SH-70518,J-2023-00347,2023-01-26,11,2023-02-01,True,
SH-70519,J-2023-00348,2023-02-03,4,2023-01-27,False,material
SH-70520,J-2023-00349,2023-02-01,12,2023-02-06,True,
SH-70521,J-2023-00350,2023-02-06,79,2023-02-24,True,
SH-70522,J-2023-00351,2023-02-08,21,2023-02-20,True,
SH-70523,J-2023-00353,2023-02-02,7,2023-02-02,True,
SH-70524,J-2023-00355,2023-01-31,30,2023-02-06,True,
SH-70525,J-2023-00357,2023-01-31,30,2023-01-30,False,
SH-70526,J-2023-00359,2023-02-10,57,2023-02-07,False,
SH-70527,J-2023-00360,2023-02-10,8,2023-02-21,True,
SH-70528,J-2023-00361,2023-02-02,19,2023-02-20,True,
SH-70529,J-2023-00363,2023-02-08,10,2023-02-17,True,
SH-70530,J-2023-00365,2023-02-07,28,2023-03-03,True,
SH-70531,J-2023-00367,2023-02-01,13,2023-02-07,True,
SH-70532,J-2023-00368,2023-02-14,44,2023-02-16,True,
SH-70533,J-2023-00369,2023-02-08,56,2023-02-21,True,
SH-70534,J-2023-00370,2023-02-02,24,2023-02-15,True,
SH-70535,J-2023-00372,2023-02-03,16,2023-02-01,False,material
SH-70536,J-2023-00373,2023-02-08,26,2023-02-15,True,
SH-70537,J-2023-00375,2023-02-01,7,2023-02-15,True,
SH-70538,J-2023-00376,2023-02-08,1,2023-01-31,False,other
SH-70539,J-2023-00378,2023-02-15,38,2023-02-17,True,
SH-70540,J-2023-00379,2023-02-01,20,2023-02-16,True,
SH-70541,J-2023-00381,2023-02-09,5,2023-02-15,True,
SH-70542,J-2023-00383,2023-02-01,47,2023-02-09,True,
SH-70543,J-2023-00385,2023-02-06,5,2023-02-10,True,
SH-70544,J-2023-00387,2023-02-15,259,2023-02-22,True,
SH-70545,J-2023-00388,2023-02-07,61,2023-02-01,False,
SH-70546,J-2023-00390,2023-02-01,44,2023-02-10,True,
SH-70547,J-2023-00391,2023-02-08,60,2023-02-22,True,
SH-70548,J-2023-00393,2023-02-02,261,2023-01-31,False,
SH-70549,J-2023-00394,2023-02-07,19,2023-02-23,True,
SH-70550,J-2023-00395,2023-01-31,52,2023-02-09,True,
SH-70551,J-2023-00397,2023-02-07,44,2023-02-24,True,
SH-70552,J-2023-00398,2023-02-03,60,2023-02-22,True,
SH-70553,J-2023-00400,2023-02-07,9,2023-02-13,True,
SH-70554,J-2023-00401,2023-02-03,5,2023-02-14,True,
SH-70555,J-2023-00403,2023-02-10,5,2023-02-23,True,
SH-70556,J-2023-00404,2023-02-01,2,2023-02-03,True,
SH-70557,J-2023-00405,2023-02-18,24,2023-03-08,True,
SH-70558,J-2023-00407,2023-02-13,20,2023-02-06,False,customer change
SH-70559,J-2023-00409,2023-02-13,29,2023-02-07,False,
SH-70560,J-2023-00410,2023-02-01,10,2023-02-15,True,
SH-70561,J-2023-00412,2023-02-03,7,2023-02-07,True,
SH-70562,J-2023-00414,2023-02-09,68,2023-02-03,False,
SH-70563,J-2023-00416,2023-02-03,66,2023-02-07,True,
SH-70564,J-2023-00417,2023-02-16,82,2023-02-24,True,
SH-70565,J-2023-00419,2023-02-06,6,2023-02-14,True,
SH-70566,J-2023-00421,2023-02-09,4,2023-02-17,True,
SH-70567,J-2023-00423,2023-02-09,192,2023-02-24,True,
SH-70568,J-2023-00425,2023-02-16,10,2023-02-24,True,
SH-70569,J-2023-00427,2023-02-01,13,2023-02-17,True,
SH-70570,J-2023-00428,2023-02-15,8,2023-02-21,True,
SH-70571,J-2023-00429,2023-02-09,70,2023-02-07,False,capacity
SH-70572,J-2023-00431,2023-02-03,14,2023-02-10,True,
SH-70573,J-2023-00433,2023-02-02,86,2023-02-03,True,
SH-70574,J-2023-00435,2023-02-01,7,2023-02-13,True,
SH-70575,J-2023-00437,2023-02-06,10,2023-02-17,True,
SH-70576,J-2023-00439,2023-02-14,141,2023-02-24,True,
SH-70577,J-2023-00441,2023-02-02,31,2023-02-02,True,
SH-70578,J-2023-00442,2023-02-06,1,2023-02-14,True,
SH-70579,J-2023-00443,2023-02-10,36,2023-03-06,True,
SH-70580,J-2023-00445,2023-02-10,68,2023-02-20,True,
SH-70581,J-2023-00447,2023-02-07,5,2023-02-13,True,
SH-70582,J-2023-00448,2023-02-20,27,2023-03-07,True,
SH-70583,J-2023-00449,2023-02-20,32,2023-03-13,True,
SH-70584,J-2023-00450,2023-02-06,61,2023-02-13,True,
SH-70585,J-2023-00451,2023-02-07,27,2023-02-13,True,
SH-70586,J-2023-00453,2023-02-10,8,2023-02-27,True,
SH-70587,J-2023-00454,2023-02-08,38,2023-02-15,True,
SH-70588,J-2023-00455,2023-02-13,35,2023-02-15,True,
SH-70589,J-2023-00457,2023-02-07,23,2023-02-15,True,
SH-70590,J-2023-00459,2023-02-07,25,2023-02-20,True,
SH-70591,J-2023-00460,2023-02-17,236,2023-02-27,True,
SH-70592,J-2023-00461,2023-02-16,23,2023-03-01,True,
SH-70593,J-2023-00462,2023-02-14,11,2023-02-21,True,
SH-70594,J-2023-00464,2023-02-15,3,2023-02-27,True,
SH-70595,J-2023-00465,2023-02-08,24,2023-02-21,True,
SH-70596,J-2023-00467,2023-02-13,20,2023-02-13,True,
SH-70597,J-2023-00469,2023-02-02,90,2023-02-03,True,
SH-70598,J-2023-00470,2023-02-09,25,2023-03-03,True,
SH-70599,J-2023-00472,2023-02-08,166,2023-02-09,True,
SH-70600,J-2023-00474,2023-02-07,36,2023-02-15,True,
SH-70601,J-2023-00476,2023-02-17,5,2023-02-27,True,
SH-70602,J-2023-00477,2023-02-10,196,2023-02-23,True,
SH-70603,J-2023-00478,2023-02-15,98,2023-02-22,True,
SH-70604,J-2023-00480,2023-02-03,36,2023-02-13,True,
SH-70605,J-2023-00481,2023-02-06,7,2023-02-07,True,
SH-70606,J-2023-00482,2023-02-16,18,2023-03-02,True,
SH-70607,J-2023-00484,2023-02-14,500,2023-02-28,True,
SH-70608,J-2023-00486,2023-02-10,17,2023-02-27,True,
SH-70609,J-2023-00488,2023-02-07,99,2023-02-24,True,
SH-70610,J-2023-00490,2023-02-14,27,2023-02-27,True,
SH-70611,J-2023-00491,2023-02-15,25,2023-02-17,True,
SH-70612,J-2023-00493,2023-02-10,6,2023-02-21,True,
SH-70613,J-2023-00494,2023-02-09,30,2023-02-21,True,
SH-70614,J-2023-00495,2023-02-06,27,2023-02-16,True,
SH-70615,J-2023-00496,2023-02-08,13,2023-02-17,True,
SH-70616,J-2023-00498,2023-02-18,10,2023-02-27,True,
SH-70617,J-2023-00499,2023-02-13,18,2023-02-27,True,
SH-70618,J-2023-00501,2023-02-28,46,2023-02-28,True,
SH-70619,J-2023-00503,2023-02-02,3,2023-02-08,True,
SH-70620,J-2023-00505,2023-02-06,3,2023-02-28,True,
SH-70621,J-2023-00506,2023-02-09,16,2023-02-17,True,
SH-70622,J-2023-00508,2023-02-07,17,2023-02-08,True,
SH-70623,J-2023-00510,2023-02-16,17,2023-03-06,True,
SH-70624,J-2023-00511,2023-02-14,15,2023-02-24,True,
SH-70625,J-2023-00512,2023-02-16,152,2023-03-06,True,
SH-70626,J-2023-00514,2023-02-16,142,2023-02-21,True,
SH-70627,J-2023-00516,2023-02-22,17,2023-02-14,False,
SH-70628,J-2023-00517,2023-02-07,24,2023-02-16,True,
SH-70629,J-2023-00519,2023-02-24,53,2023-02-28,True,
SH-70630,J-2023-00520,2023-02-16,40,2023-03-08,True,
SH-70631,J-2023-00521,2023-02-08,2,2023-02-15,True,
SH-70632,J-2023-00522,2023-02-16,47,2023-02-24,True,
SH-70633,J-2023-00523,2023-02-13,23,2023-02-28,True,
SH-70634,J-2023-00525,2023-02-20,21,2023-02-28,True,
SH-70635,J-2023-00527,2023-02-21,14,2023-02-21,True,
SH-70636,J-2023-00529,2023-02-16,7,2023-02-28,True,
SH-70637,J-2023-00531,2023-02-17,203,2023-02-22,True,
SH-70638,J-2023-00532,2023-02-17,24,2023-02-24,True,
SH-70639,J-2023-00533,2023-02-08,37,2023-02-15,True,
SH-70640,J-2023-00534,2023-02-15,19,2023-03-02,True,
SH-70641,J-2023-00536,2023-02-08,63,2023-02-17,True,
SH-70642,J-2023-00538,2023-02-09,28,2023-02-22,True,
SH-70643,J-2023-00539,2023-02-15,10,2023-02-22,True,
SH-70644,J-2023-00541,2023-02-10,57,2023-02-22,True,
SH-70645,J-2023-00543,2023-02-14,5,2023-02-24,True,
SH-70646,J-2023-00545,2023-02-13,34,2023-03-03,True,
SH-70647,J-2023-00546,2023-02-16,19,2023-03-01,True,
SH-70648,J-2023-00548,2023-02-17,126,2023-02-27,True,
SH-70649,J-2023-00549,2023-02-15,1,2023-02-21,True,
SH-70650,J-2023-00550,2023-02-09,39,2023-02-17,True,
SH-70651,J-2023-00552,2023-02-16,9,2023-03-14,True,
SH-70652,J-2023-00554,2023-02-17,98,2023-02-20,True,
SH-70653,J-2023-00555,2023-02-09,6,2023-02-14,True,
SH-70654,J-2023-00557,2023-02-15,48,2023-02-24,True,
SH-70655,J-2023-00558,2023-02-16,23,2023-03-02,True,
SH-70656,J-2023-00560,2023-02-10,34,2023-02-16,True,
SH-70657,J-2023-00562,2023-02-15,46,2023-03-02,True,
SH-70658,J-2023-00563,2023-02-16,314,2023-02-17,True,
SH-70659,J-2023-00564,2023-02-27,68,2023-03-02,True,
SH-70660,J-2023-00565,2023-02-09,11,2023-02-21,True,
SH-70661,J-2023-00566,2023-02-15,24,2023-03-08,True,
SH-70662,J-2023-00567,2023-02-18,15,2023-02-28,True,
SH-70663,J-2023-00569,2023-02-18,167,2023-02-10,False,capacity
SH-70664,J-2023-00570,2023-02-10,27,2023-02-24,True,
SH-70665,J-2023-00571,2023-02-18,18,2023-03-03,True,
SH-70666,J-2023-00572,2023-02-15,129,2023-02-28,True,
SH-70667,J-2023-00573,2023-02-18,21,2023-03-01,True,
SH-70668,J-2023-00574,2023-02-20,33,2023-02-21,True,
SH-70669,J-2023-00576,2023-02-13,22,2023-02-20,True,
SH-70670,J-2023-00577,2023-02-16,12,2023-03-08,True,
SH-70671,J-2023-00579,2023-02-09,51,2023-02-27,True,
SH-70672,J-2023-00580,2023-02-22,26,2023-03-03,True,
SH-70673,J-2023-00581,2023-02-16,8,2023-03-01,True,
SH-70674,J-2023-00582,2023-02-09,115,2023-03-07,True,
SH-70675,J-2023-00583,2023-02-22,69,2023-02-09,False,capacity
SH-70676,J-2023-00584,2023-02-13,21,2023-02-21,True,
SH-70677,J-2023-00585,2023-02-13,50,2023-02-20,True,
SH-70678,J-2023-00586,2023-02-16,35,2023-02-27,True,
SH-70679,J-2023-00588,2023-02-23,34,2023-03-06,True,
SH-70680,J-2023-00590,2023-02-10,93,2023-02-23,True,
SH-70681,J-2023-00592,2023-02-10,22,2023-02-16,True,
SH-70682,J-2023-00594,2023-02-16,37,2023-03-14,True,
SH-70683,J-2023-00595,2023-02-22,13,2023-02-23,True,
SH-70684,J-2023-00596,2023-03-01,30,2023-03-01,True,
SH-70685,J-2023-00598,2023-02-16,5,2023-03-07,True,
SH-70686,J-2023-00600,2023-02-09,4,2023-02-20,True,
SH-70687,J-2023-00602,2023-02-16,8,2023-02-24,True,
SH-70688,J-2023-00603,2023-02-14,3,2023-02-20,True,
SH-70689,J-2023-00604,2023-02-23,4,2023-02-23,True,
SH-70690,J-2023-00606,2023-02-15,16,2023-02-28,True,
SH-70691,J-2023-00607,2023-03-09,20,2023-03-06,False,capacity
SH-70692,J-2023-00608,2023-02-14,19,2023-02-22,True,
SH-70693,J-2023-00609,2023-02-15,22,2023-02-27,True,
SH-70694,J-2023-00610,2023-02-22,6,2023-03-06,True,
SH-70695,J-2023-00612,2023-02-23,39,2023-03-06,True,
SH-70696,J-2023-00614,2023-02-21,8,2023-03-06,True,
SH-70697,J-2023-00615,2023-02-18,96,2023-03-06,True,
SH-70698,J-2023-00616,2023-02-24,9,2023-03-06,True,
SH-70699,J-2023-00618,2023-02-24,30,2023-03-06,True,
SH-70700,J-2023-00620,2023-02-09,50,2023-02-10,True,
SH-70701,J-2023-00622,2023-02-09,37,2023-02-14,True,
SH-70702,J-2023-00623,2023-02-14,31,2023-02-23,True,
SH-70703,J-2023-00625,2023-02-16,25,2023-02-22,True,
SH-70704,J-2023-00626,2023-02-15,35,2023-02-13,False,other
SH-70705,J-2023-00627,2023-02-23,11,2023-03-06,True,
SH-70706,J-2023-00628,2023-02-17,6,2023-02-20,True,
SH-70707,J-2023-00629,2023-02-15,8,2023-02-22,True,
SH-70708,J-2023-00630,2023-02-20,6,2023-02-28,True,
SH-70709,J-2023-00632,2023-02-13,29,2023-02-20,True,
SH-70710,J-2023-00633,2023-02-15,45,2023-02-16,True,
SH-70711,J-2023-00634,2023-02-14,76,2023-02-15,True,
SH-70712,J-2023-00635,2023-02-24,4,2023-03-27,True,
SH-70713,J-2023-00636,2023-02-21,29,2023-03-06,True,
SH-70714,J-2023-00637,2023-02-13,404,2023-02-24,True,
SH-70715,J-2023-00638,2023-02-14,3,2023-02-21,True,
SH-70716,J-2023-00639,2023-02-16,3,2023-03-02,True,
SH-70717,J-2023-00640,2023-02-13,8,2023-02-20,True,
SH-70718,J-2023-00642,2023-02-22,13,2023-03-07,True,
SH-70719,J-2023-00644,2023-02-15,31,2023-03-03,True,
SH-70720,J-2023-00645,2023-02-17,79,2023-02-14,False,capacity
SH-70721,J-2023-00647,2023-02-16,6,2023-02-28,True,
SH-70722,J-2023-00649,2023-02-15,11,2023-02-21,True,
SH-70723,J-2023-00650,2023-02-10,58,2023-02-21,True,
SH-70724,J-2023-00652,2023-02-18,135,2023-02-28,True,
SH-70725,J-2023-00654,2023-02-15,73,2023-03-01,True,
SH-70726,J-2023-00655,2023-02-21,38,2023-03-01,True,
SH-70727,J-2023-00656,2023-02-13,9,2023-02-23,True,
SH-70728,J-2023-00657,2023-02-14,31,2023-02-17,True,
SH-70729,J-2023-00658,2023-02-22,53,2023-03-08,True,
SH-70730,J-2023-00659,2023-02-23,15,2023-03-02,True,
SH-70731,J-2023-00661,2023-02-17,25,2023-02-17,True,
SH-70732,J-2023-00662,2023-02-23,30,2023-03-10,True,
SH-70733,J-2023-00664,2023-02-20,84,2023-03-08,True,
SH-70734,J-2023-00665,2023-02-20,47,2023-03-08,True,
SH-70735,J-2023-00667,2023-02-14,20,2023-03-09,True,
SH-70736,J-2023-00669,2023-02-17,19,2023-02-27,True,
SH-70737,J-2023-00670,2023-02-18,183,2023-03-14,True,
SH-70738,J-2023-00671,2023-02-20,46,2023-03-01,True,
SH-70739,J-2023-00672,2023-03-01,14,2023-03-09,True,
SH-70740,J-2023-00674,2023-02-20,141,2023-02-28,True,
SH-70741,J-2023-00676,2023-02-15,10,2023-03-03,True,
SH-70742,J-2023-00678,2023-02-15,19,2023-02-23,True,
SH-70743,J-2023-00679,2023-03-14,99,2023-03-09,False,material
SH-70744,J-2023-00681,2023-02-14,16,2023-02-17,True,
SH-70745,J-2023-00683,2023-02-18,12,2023-03-09,True,
SH-70746,J-2023-00684,2023-02-17,26,2023-02-28,True,
SH-70747,J-2023-00685,2023-02-18,49,2023-03-21,True,
SH-70748,J-2023-00686,2023-02-16,18,2023-02-16,True,
SH-70749,J-2023-00687,2023-02-16,8,2023-02-27,True,
SH-70750,J-2023-00688,2023-02-20,6,2023-03-06,True,
SH-70751,J-2023-00689,2023-02-16,29,2023-03-13,True,
SH-70752,J-2023-00690,2023-02-23,5,2023-03-10,True,
SH-70753,J-2023-00692,2023-02-24,280,2023-03-21,True,
SH-70754,J-2023-00693,2023-02-17,13,2023-02-24,True,
SH-70755,J-2023-00694,2023-02-16,12,2023-03-07,True,
SH-70756,J-2023-00695,2023-02-23,23,2023-03-03,True,
SH-70757,J-2023-00697,2023-02-21,8,2023-02-28,True,
SH-70758,J-2023-00698,2023-02-21,36,2023-02-27,True,
SH-70759,J-2023-00700,2023-02-15,37,2023-02-21,True,
SH-70760,J-2023-00701,2023-02-23,9,2023-03-03,True,
SH-70761,J-2023-00702,2023-02-21,56,2023-02-28,True,
SH-70762,J-2023-00703,2023-02-22,10,2023-03-02,True,
SH-70763,J-2023-00705,2023-02-23,15,2023-02-24,True,
SH-70764,J-2023-00706,2023-02-22,23,2023-02-27,True,
SH-70765,J-2023-00708,2023-02-20,58,2023-02-27,True,
SH-70766,J-2023-00710,2023-02-24,18,2023-03-06,True,
SH-70767,J-2023-00711,2023-02-23,6,2023-02-28,True,
SH-70768,J-2023-00712,2023-02-17,4,2023-02-22,True,
SH-70769,J-2023-00713,2023-03-01,6,2023-03-13,True,
SH-70770,J-2023-00714,2023-02-23,37,2023-03-07,True,
SH-70771,J-2023-00716,2023-02-17,44,2023-03-01,True,
SH-70772,J-2023-00718,2023-02-21,75,2023-03-07,True,
SH-70773,J-2023-00720,2023-02-27,9,2023-03-13,True,
SH-70774,J-2023-00722,2023-03-01,10,2023-03-13,True,
SH-70775,J-2023-00724,2023-02-22,16,2023-03-06,True,
SH-70776,J-2023-00725,2023-02-22,30,2023-03-01,True,
SH-70777,J-2023-00727,2023-03-07,4,2023-03-15,True,
SH-70778,J-2023-00728,2023-02-15,31,2023-02-17,True,
SH-70779,J-2023-00729,2023-03-15,5,2023-03-27,True,
SH-70780,J-2023-00731,2023-02-18,12,2023-02-28,True,
SH-70781,J-2023-00732,2023-02-21,6,2023-02-28,True,
SH-70782,J-2023-00733,2023-02-28,11,2023-03-01,True,
SH-70783,J-2023-00735,2023-03-06,11,2023-03-15,True,
SH-70784,J-2023-00737,2023-02-24,164,2023-03-06,True,
SH-70785,J-2023-00738,2023-02-24,53,2023-03-13,True,
SH-70786,J-2023-00739,2023-02-21,63,2023-03-01,True,
SH-70787,J-2023-00740,2023-02-21,20,2023-03-06,True,
SH-70788,J-2023-00741,2023-03-10,8,2023-03-28,True,
SH-70789,J-2023-00742,2023-02-23,428,2023-02-20,False,
SH-70790,J-2023-00743,2023-03-10,15,2023-03-13,True,
SH-70791,J-2023-00744,2023-03-13,29,2023-03-13,True,
SH-70792,J-2023-00745,2023-03-06,2,2023-03-13,True,
SH-70793,J-2023-00746,2023-02-23,54,2023-03-14,True,
SH-70794,J-2023-00748,2023-02-28,13,2023-03-14,True,
SH-70795,J-2023-00749,2023-02-21,5,2023-03-14,True,
SH-70796,J-2023-00750,2023-02-23,7,2023-03-13,True,
SH-70797,J-2023-00751,2023-02-27,31,2023-03-14,True,
SH-70798,J-2023-00753,2023-02-21,175,2023-03-07,True,
SH-70799,J-2023-00754,2023-02-17,28,2023-02-28,True,
SH-70800,J-2023-00756,2023-02-24,220,2023-03-14,True,
SH-70801,J-2023-00758,2023-03-06,41,2023-03-14,True,
SH-70802,J-2023-00759,2023-02-24,23,2023-03-07,True,
SH-70803,J-2023-00761,2023-02-23,7,2023-03-08,True,
SH-70804,J-2023-00762,2023-03-09,38,2023-03-14,True,
SH-70805,J-2023-00763,2023-03-07,198,2023-03-14,True,
SH-70806,J-2023-00764,2023-02-23,92,2023-03-14,True,
SH-70807,J-2023-00765,2023-02-21,46,2023-03-01,True,
SH-70808,J-2023-00766,2023-02-24,45,2023-03-15,True,
SH-70809,J-2023-00768,2023-03-14,5,2023-03-15,True,
SH-70810,J-2023-00769,2023-03-03,5,2023-03-15,True,
SH-70811,J-2023-00770,2023-03-01,3,2023-03-10,True,
SH-70812,J-2023-00772,2023-02-22,34,2023-02-23,True,
SH-70813,J-2023-00774,2023-02-22,61,2023-03-08,True,
SH-70814,J-2023-00776,2023-02-27,88,2023-04-10,True,
SH-70815,J-2023-00778,2023-02-23,49,2023-03-09,True,
SH-70816,J-2023-00779,2023-02-20,6,2023-03-01,True,
SH-70817,J-2023-00780,2023-02-21,24,2023-03-01,True,
SH-70818,J-2023-00782,2023-03-13,19,2023-03-15,True,
SH-70819,J-2023-00784,2023-02-24,66,2023-03-02,True,
SH-70820,J-2023-00786,2023-02-24,18,2023-03-02,True,
SH-70821,J-2023-00787,2023-02-21,12,2023-02-22,True,
SH-70822,J-2023-00789,2023-02-24,37,2023-03-16,True,
SH-70823,J-2023-00790,2023-02-22,28,2023-03-06,True,
SH-70824,J-2023-00792,2023-02-23,78,2023-03-16,True,
SH-70825,J-2023-00794,2023-02-22,20,2023-03-07,True,
SH-70826,J-2023-00796,2023-02-22,29,2023-02-22,True,
SH-70827,J-2023-00798,2023-02-23,7,2023-03-15,True,
SH-70828,J-2023-00800,2023-03-14,93,2023-03-16,True,
SH-70829,J-2023-00801,2023-02-24,32,2023-03-20,True,
SH-70830,J-2023-00802,2023-02-23,5,2023-03-10,True,
SH-70831,J-2023-00803,2023-02-27,14,2023-02-24,False,outside processing
SH-70832,J-2023-00804,2023-02-28,53,2023-03-21,True,
SH-70833,J-2023-00806,2023-03-07,76,2023-03-20,True,
SH-70834,J-2023-00807,2023-02-24,7,2023-03-08,True,
SH-70835,J-2023-00809,2023-03-01,15,2023-03-16,True,
SH-70836,J-2023-00811,2023-02-27,32,2023-03-14,True,
SH-70837,J-2023-00812,2023-02-23,53,2023-03-10,True,
SH-70838,J-2023-00814,2023-02-28,64,2023-04-04,True,
SH-70839,J-2023-00816,2023-03-15,69,2023-03-20,True,
SH-70840,J-2023-00818,2023-02-28,81,2023-04-03,True,
SH-70841,J-2023-00819,2023-03-03,18,2023-03-08,True,
SH-70842,J-2023-00820,2023-03-02,257,2023-03-10,True,
SH-70843,J-2023-00821,2023-03-08,86,2023-03-17,True,
SH-70844,J-2023-00823,2023-02-23,6,2023-03-06,True,
SH-70845,J-2023-00824,2023-02-23,7,2023-02-24,True,
SH-70846,J-2023-00826,2023-02-27,3,2023-03-08,True,
SH-70847,J-2023-00827,2023-02-24,17,2023-03-14,True,
SH-70848,J-2023-00829,2023-03-03,29,2023-03-14,True,
SH-70849,J-2023-00831,2023-03-06,4,2023-03-10,True,
SH-70850,J-2023-00833,2023-02-27,37,2023-04-04,True,
SH-70851,J-2023-00835,2023-02-27,69,2023-03-10,True,
SH-70852,J-2023-00836,2023-03-07,55,2023-03-06,False,
SH-70853,J-2023-00838,2023-03-01,16,2023-03-13,True,
SH-70854,J-2023-00840,2023-02-28,13,2023-02-28,True,
SH-70855,J-2023-00842,2023-03-08,49,2023-03-06,False,capacity
SH-70856,J-2023-00843,2023-03-03,380,2023-03-10,True,
SH-70857,J-2023-00845,2023-03-02,73,2023-03-16,True,
SH-70858,J-2023-00847,2023-03-06,3,2023-03-22,True,
SH-70859,J-2023-00848,2023-03-01,45,2023-03-07,True,
SH-70860,J-2023-00849,2023-02-28,67,2023-03-07,True,
SH-70861,J-2023-00850,2023-02-27,44,2023-03-17,True,
SH-70862,J-2023-00852,2023-02-27,45,2023-03-30,True,
SH-70863,J-2023-00854,2023-03-08,6,2023-03-20,True,
SH-70864,J-2023-00856,2023-02-22,6,2023-02-28,True,
SH-70865,J-2023-00857,2023-02-27,79,2023-03-02,True,
SH-70866,J-2023-00858,2023-02-28,1,2023-03-09,True,
SH-70867,J-2023-00860,2023-03-03,48,2023-03-20,True,
SH-70868,J-2023-00862,2023-03-06,47,2023-03-20,True,
SH-70869,J-2023-00864,2023-03-01,19,2023-03-27,True,
SH-70870,J-2023-00866,2023-02-27,17,2023-03-29,True,
SH-70871,J-2023-00867,2023-03-27,47,2023-03-21,False,
SH-70872,J-2023-00869,2023-02-24,22,2023-02-28,True,
SH-70873,J-2023-00871,2023-03-01,67,2023-03-08,True,
SH-70874,J-2023-00873,2023-02-27,2,2023-03-15,True,
SH-70875,J-2023-00875,2023-03-10,8,2023-03-22,True,
SH-70876,J-2023-00876,2023-03-02,38,2023-03-15,True,
SH-70877,J-2023-00878,2023-03-06,44,2023-03-20,True,
SH-70878,J-2023-00880,2023-02-27,8,2023-03-14,True,
SH-70879,J-2023-00882,2023-03-03,8,2023-03-21,True,
SH-70880,J-2023-00883,2023-02-24,63,2023-03-01,True,
SH-70881,J-2023-00884,2023-02-27,22,2023-03-02,True,
SH-70882,J-2023-00885,2023-02-24,8,2023-03-08,True,
SH-70883,J-2023-00887,2023-02-28,92,2023-03-02,True,
SH-70884,J-2023-00889,2023-03-02,14,2023-03-09,True,
SH-70885,J-2023-00891,2023-03-06,56,2023-03-15,True,
SH-70886,J-2023-00892,2023-03-02,8,2023-03-14,True,
SH-70887,J-2023-00894,2023-03-23,71,2023-03-29,True,
SH-70888,J-2023-00895,2023-02-28,13,2023-03-03,True,
SH-70889,J-2023-00896,2023-02-28,15,2023-03-23,True,
SH-70890,J-2023-00897,2023-03-15,3,2023-03-16,True,
SH-70891,J-2023-00899,2023-03-10,21,2023-03-23,True,
SH-70892,J-2023-00900,2023-03-09,31,2023-03-23,True,
SH-70893,J-2023-00902,2023-02-28,2,2023-03-09,True,
SH-70894,J-2023-00903,2023-03-01,2,2023-03-20,True,
SH-70895,J-2023-00905,2023-03-06,15,2023-03-22,True,
SH-70896,J-2023-00906,2023-02-28,10,2023-03-02,True,
SH-70897,J-2023-00908,2023-03-06,2,2023-04-10,True,
SH-70898,J-2023-00910,2023-03-17,66,2023-03-30,True,
SH-70899,J-2023-00911,2023-03-23,10,2023-04-18,True,
SH-70900,J-2023-00913,2023-03-17,179,2023-03-30,True,
SH-70901,J-2023-00915,2023-03-14,27,2023-03-17,True,
SH-70902,J-2023-00916,2023-03-09,7,2023-03-17,True,
SH-70903,J-2023-00918,2023-03-03,73,2023-03-16,True,
SH-70904,J-2023-00920,2023-03-08,32,2023-03-24,True,
SH-70905,J-2023-00922,2023-03-03,54,2023-03-13,True,
SH-70906,J-2023-00924,2023-03-01,11,2023-03-10,True,
SH-70907,J-2023-00926,2023-03-10,143,2023-03-24,True,
SH-70908,J-2023-00927,2023-03-22,24,2023-04-04,True,
SH-70909,J-2023-00929,2023-03-02,115,2023-03-16,True,
SH-70910,J-2023-00931,2023-03-07,11,2023-03-17,True,
SH-70911,J-2023-00932,2023-03-10,1,2023-04-04,True,
SH-70912,J-2023-00933,2023-03-01,29,2023-03-13,True,
SH-70913,J-2023-00934,2023-03-09,66,2023-03-07,False,
SH-70914,J-2023-00936,2023-03-07,83,2023-03-20,True,
SH-70915,J-2023-00938,2023-03-07,41,2023-03-17,True,
SH-70916,J-2023-00939,2023-03-09,2,2023-03-17,True,
SH-70917,J-2023-00940,2023-03-02,97,2023-03-13,True,
SH-70918,J-2023-00942,2023-03-20,18,2023-03-23,True,
SH-70919,J-2023-00944,2023-03-07,28,2023-03-21,True,
SH-70920,J-2023-00945,2023-03-03,36,2023-03-27,True,
SH-70921,J-2023-00946,2023-03-07,131,2023-03-27,True,
SH-70922,J-2023-00947,2023-03-02,17,2023-03-10,True,
SH-70923,J-2023-00949,2023-03-29,22,2023-04-07,True,
SH-70924,J-2023-00950,2023-03-16,2,2023-03-27,True,
SH-70925,J-2023-00951,2023-03-13,73,2023-04-03,True,
SH-70926,J-2023-00952,2023-03-02,2,2023-03-08,True,
SH-70927,J-2023-00953,2023-03-28,34,2023-04-07,True,
SH-70928,J-2023-00955,2023-03-09,31,2023-03-21,True,
SH-70929,J-2023-00956,2023-03-07,172,2023-03-13,True,
SH-70930,J-2023-00957,2023-03-07,17,2023-03-24,True,
SH-70931,J-2023-00959,2023-03-03,69,2023-03-03,True,
SH-70932,J-2023-00960,2023-03-01,8,2023-03-07,True,
SH-70933,J-2023-00961,2023-03-08,8,2023-03-14,True,
SH-70934,J-2023-00962,2023-03-03,4,2023-03-13,True,
SH-70935,J-2023-00964,2023-03-02,53,2023-03-03,True,
SH-70936,J-2023-00965,2023-03-03,105,2023-03-09,True,
SH-70937,J-2023-00967,2023-03-03,5,2023-03-08,True,
SH-70938,J-2023-00969,2023-03-08,50,2023-03-31,True,
SH-70939,J-2023-00970,2023-03-20,2,2023-03-30,True,
SH-70940,J-2023-00971,2023-03-03,20,2023-03-16,True,
SH-70941,J-2023-00972,2023-03-07,2,2023-03-21,True,
SH-70942,J-2023-00973,2023-03-20,46,2023-03-24,True,
SH-70943,J-2023-00975,2023-03-02,9,2023-03-07,True,
SH-70944,J-2023-00977,2023-03-06,6,2023-03-16,True,
SH-70945,J-2023-00978,2023-03-03,48,2023-03-22,True,
SH-70946,J-2023-00979,2023-03-03,4,2023-03-14,True,
SH-70947,J-2023-00981,2023-03-03,18,2023-03-09,True,
SH-70948,J-2023-00983,2023-03-21,88,2023-03-27,True,
SH-70949,J-2023-00985,2023-03-10,9,2023-04-04,True,
SH-70950,J-2023-00986,2023-03-06,7,2023-03-09,True,
SH-70951,J-2023-00987,2023-03-08,17,2023-03-06,False,
SH-70952,J-2023-00989,2023-03-15,9,2023-03-24,True,
SH-70953,J-2023-00990,2023-03-14,468,2023-03-28,True,
SH-70954,J-2023-00991,2023-03-06,83,2023-03-16,True,
SH-70955,J-2023-00992,2023-03-06,29,2023-03-09,True,
SH-70956,J-2023-00994,2023-03-20,160,2023-03-28,True,
SH-70957,J-2023-00996,2023-03-03,19,2023-03-15,True,
SH-70958,J-2023-00997,2023-03-06,59,2023-03-24,True,
SH-70959,J-2023-00999,2023-03-06,45,2023-03-15,True,
SH-70960,J-2023-01000,2023-03-15,18,2023-03-28,True,
SH-70961,J-2023-01001,2023-03-15,6,2023-03-28,True,
SH-70962,J-2023-01002,2023-03-08,10,2023-04-03,True,
SH-70963,J-2023-01003,2023-03-09,43,2023-03-22,True,
SH-70964,J-2023-01005,2023-03-03,72,2023-03-08,True,
SH-70965,J-2023-01006,2023-03-07,14,2023-03-30,True,
SH-70966,J-2023-01008,2023-03-13,16,2023-03-28,True,
SH-70967,J-2023-01009,2023-03-14,307,2023-03-16,True,
SH-70968,J-2023-01010,2023-03-07,14,2023-03-23,True,
SH-70969,J-2023-01011,2023-03-10,103,2023-03-16,True,
SH-70970,J-2023-01012,2023-03-09,71,2023-03-31,True,
SH-70971,J-2023-01014,2023-03-22,96,2023-03-28,True,
SH-70972,J-2023-01015,2023-03-08,13,2023-03-23,True,
SH-70973,J-2023-01016,2023-03-09,41,2023-04-03,True,
SH-70974,J-2023-01017,2023-03-15,17,2023-03-30,True,
SH-70975,J-2023-01018,2023-03-09,30,2023-03-09,True,
SH-70976,J-2023-01020,2023-03-08,3,2023-04-13,True,
SH-70977,J-2023-01021,2023-03-23,76,2023-03-30,True,
SH-70978,J-2023-01023,2023-03-07,4,2023-03-13,True,
SH-70979,J-2023-01024,2023-03-22,60,2023-04-11,True,
SH-70980,J-2023-01025,2023-03-22,21,2023-04-05,True,
SH-70981,J-2023-01026,2023-03-08,20,2023-03-17,True,
SH-70982,J-2023-01028,2023-03-13,1,2023-03-21,True,
SH-70983,J-2023-01030,2023-03-10,27,2023-03-21,True,
SH-70984,J-2023-01032,2023-03-15,124,2023-03-23,True,
SH-70985,J-2023-01033,2023-03-09,68,2023-03-29,True,
SH-70986,J-2023-01034,2023-03-15,60,2023-04-06,True,
SH-70987,J-2023-01035,2023-03-09,19,2023-03-15,True,
SH-70988,J-2023-01037,2023-03-15,29,2023-03-30,True,
SH-70989,J-2023-01038,2023-03-20,5,2023-03-22,True,
SH-70990,J-2023-01039,2023-03-08,38,2023-03-14,True,
SH-70991,J-2023-01041,2023-03-10,98,2023-03-17,True,
SH-70992,J-2023-01042,2023-04-26,500,2023-03-22,False,capacity
SH-70993,J-2023-01044,2023-03-09,20,2023-03-23,True,
SH-70994,J-2023-01046,2023-03-16,52,2023-03-28,True,
SH-70995,J-2023-01047,2023-03-15,243,2023-03-17,True,
SH-70996,J-2023-01049,2023-03-09,20,2023-03-31,True,
SH-70997,J-2023-01051,2023-03-09,28,2023-03-23,True,
SH-70998,J-2023-01052,2023-03-09,29,2023-03-27,True,
SH-70999,J-2023-01053,2023-03-16,38,2023-03-29,True,
SH-71000,J-2023-01055,2023-03-15,26,2023-03-22,True,
SH-71001,J-2023-01057,2023-03-10,12,2023-03-24,True,
SH-71002,J-2023-01058,2023-03-10,17,2023-03-23,True,
SH-71003,J-2023-01060,2023-03-22,6,2023-04-17,True,
SH-71004,J-2023-01062,2023-03-22,65,2023-04-03,True,
SH-71005,J-2023-01063,2023-03-21,58,2023-04-03,True,
SH-71006,J-2023-01065,2023-03-15,1,2023-04-07,True,
SH-71007,J-2023-01066,2023-03-15,8,2023-04-04,True,
SH-71008,J-2023-01067,2023-03-16,21,2023-03-24,True,
SH-71009,J-2023-01068,2023-03-20,83,2023-03-24,True,
SH-71010,J-2023-01070,2023-03-15,3,2023-04-07,True,
SH-71011,J-2023-01072,2023-03-24,22,2023-04-06,True,
SH-71012,J-2023-01073,2023-03-09,4,2023-03-15,True,
SH-71013,J-2023-01074,2023-03-15,20,2023-03-23,True,
SH-71014,J-2023-01075,2023-03-21,500,2023-03-22,True,
SH-71015,J-2023-01077,2023-03-15,8,2023-03-17,True,
SH-71016,J-2023-01078,2023-03-15,50,2023-04-06,True,
SH-71017,J-2023-01080,2023-03-09,210,2023-03-10,True,
SH-71018,J-2023-01082,2023-03-10,6,2023-03-29,True,
SH-71019,J-2023-01084,2023-03-09,27,2023-03-15,True,
SH-71020,J-2023-01086,2023-03-14,37,2023-03-29,True,
SH-71021,J-2023-01087,2023-03-22,197,2023-04-13,True,
SH-71022,J-2023-01088,2023-03-22,43,2023-04-04,True,
SH-71023,J-2023-01089,2023-03-20,28,2023-04-04,True,
SH-71024,J-2023-01090,2023-03-15,51,2023-04-03,True,
SH-71025,J-2023-01091,2023-03-16,6,2023-03-30,True,
SH-71026,J-2023-01093,2023-03-17,191,2023-03-24,True,
SH-71027,J-2023-01095,2023-03-10,16,2023-03-24,True,
SH-71028,J-2023-01096,2023-03-15,10,2023-04-06,True,
SH-71029,J-2023-01098,2023-03-15,98,2023-04-04,True,
SH-71030,J-2023-01099,2023-03-16,19,2023-04-20,True,
SH-71031,J-2023-01100,2023-03-27,180,2023-03-28,True,
SH-71032,J-2023-01101,2023-03-23,8,2023-04-07,True,
SH-71033,J-2023-01102,2023-03-15,12,2023-03-24,True,
SH-71034,J-2023-01103,2023-03-20,107,2023-03-22,True,
SH-71035,J-2023-01105,2023-03-17,16,2023-03-23,True,
SH-71036,J-2023-01107,2023-03-14,166,2023-03-15,True,
SH-71037,J-2023-01108,2023-03-13,75,2023-04-04,True,
SH-71038,J-2023-01110,2023-03-22,23,2023-04-13,True,
SH-71039,J-2023-01112,2023-03-15,41,2023-03-22,True,
SH-71040,J-2023-01114,2023-03-20,7,2023-03-24,True,
SH-71041,J-2023-01115,2023-03-15,12,2023-03-30,True,
SH-71042,J-2023-01117,2023-03-15,149,2023-03-16,True,
SH-71043,J-2023-01119,2023-03-17,74,2023-03-21,True,
SH-71044,J-2023-01121,2023-03-29,6,2023-04-07,True,
SH-71045,J-2023-01122,2023-03-22,258,2023-03-29,True,
SH-71046,J-2023-01123,2023-03-17,24,2023-03-20,True,
SH-71047,J-2023-01124,2023-04-05,129,2023-04-06,True,
SH-71048,J-2023-01126,2023-03-15,21,2023-04-03,True,
SH-71049,J-2023-01128,2023-03-20,94,2023-03-28,True,
SH-71050,J-2023-01130,2023-03-17,4,2023-04-03,True,
SH-71051,J-2023-01132,2023-03-24,8,2023-04-06,True,
SH-71052,J-2023-01134,2023-03-28,46,2023-03-29,True,
SH-71053,J-2023-01135,2023-03-27,15,2023-04-06,True,
SH-71054,J-2023-01137,2023-03-24,420,2023-03-28,True,
SH-71055,J-2023-01139,2023-03-20,38,2023-03-17,False,capacity
SH-71056,J-2023-01140,2023-03-23,9,2023-04-07,True,
SH-71057,J-2023-01141,2023-03-27,165,2023-04-06,True,
SH-71058,J-2023-01142,2023-03-22,42,2023-03-29,True,
SH-71059,J-2023-01143,2023-03-20,24,2023-03-17,False,capacity
SH-71060,J-2023-01145,2023-03-17,24,2023-03-28,True,
SH-71061,J-2023-01147,2023-03-20,27,2023-03-27,True,
SH-71062,J-2023-01148,2023-03-24,8,2023-04-06,True,
SH-71063,J-2023-01149,2023-03-22,27,2023-03-21,False,other
SH-71064,J-2023-01150,2023-03-17,10,2023-03-21,True,
SH-71065,J-2023-01151,2023-03-22,97,2023-04-06,True,
SH-71066,J-2023-01152,2023-03-17,26,2023-03-20,True,
SH-71067,J-2023-01154,2023-03-15,29,2023-03-17,True,
SH-71068,J-2023-01155,2023-03-31,388,2023-03-30,False,material
SH-71069,J-2023-01157,2023-03-22,44,2023-03-30,True,
SH-71070,J-2023-01158,2023-03-22,69,2023-04-05,True,
SH-71071,J-2023-01160,2023-03-24,6,2023-04-04,True,
SH-71072,J-2023-01162,2023-03-22,10,2023-04-10,True,
SH-71073,J-2023-01164,2023-03-20,16,2023-03-27,True,
SH-71074,J-2023-01166,2023-03-31,238,2023-03-28,False,other
SH-71075,J-2023-01167,2023-03-21,33,2023-03-29,True,
SH-71076,J-2023-01169,2023-03-16,71,2023-03-23,True,
SH-71077,J-2023-01171,2023-04-04,14,2023-05-26,True,
SH-71078,J-2023-01173,2023-03-28,32,2023-04-10,True,
SH-71079,J-2023-01175,2023-03-20,2,2023-03-20,True,
SH-71080,J-2023-01177,2023-03-28,65,2023-03-27,False,other
SH-71081,J-2023-01178,2023-03-21,8,2023-03-23,True,
SH-71082,J-2023-01179,2023-03-22,19,2023-04-14,True,
SH-71083,J-2023-01181,2023-03-17,10,2023-03-30,True,
SH-71084,J-2023-01182,2023-03-27,40,2023-04-10,True,
SH-71085,J-2023-01183,2023-03-17,24,2023-03-17,True,
SH-71086,J-2023-01185,2023-04-07,4,2023-04-13,True,
SH-71087,J-2023-01186,2023-03-30,41,2023-04-10,True,
SH-71088,J-2023-01187,2023-03-22,36,2023-03-28,True,
SH-71089,J-2023-01188,2023-03-27,132,2023-04-04,True,
SH-71090,J-2023-01190,2023-04-10,36,2023-04-19,True,
SH-71091,J-2023-01192,2023-03-21,11,2023-03-27,True,
SH-71092,J-2023-01194,2023-03-30,20,2023-04-13,True,
SH-71093,J-2023-01196,2023-03-30,15,2023-03-30,True,
SH-71094,J-2023-01197,2023-03-27,23,2023-04-25,True,
SH-71095,J-2023-01198,2023-04-03,95,2023-04-10,True,
SH-71096,J-2023-01199,2023-03-29,27,2023-03-23,False,capacity
SH-71097,J-2023-01201,2023-03-27,73,2023-04-13,True,
SH-71098,J-2023-01202,2023-03-17,9,2023-03-22,True,
SH-71099,J-2023-01204,2023-03-30,87,2023-04-07,True,
SH-71100,J-2023-01206,2023-03-17,53,2023-03-21,True,
SH-71101,J-2023-01208,2023-03-17,14,2023-03-27,True,
SH-71102,J-2023-01209,2023-03-23,34,2023-03-21,False,capacity
SH-71103,J-2023-01210,2023-03-22,3,2023-03-22,True,
SH-71104,J-2023-01212,2023-03-22,45,2023-04-14,True,
SH-71105,J-2023-01213,2023-03-23,14,2023-04-11,True,
SH-71106,J-2023-01214,2023-03-28,13,2023-04-11,True,
SH-71107,J-2023-01215,2023-03-29,6,2023-04-11,True,
SH-71108,J-2023-01217,2023-03-28,120,2023-04-05,True,
SH-71109,J-2023-01219,2023-04-03,13,2023-04-03,True,
SH-71110,J-2023-01220,2023-03-24,78,2023-04-04,True,
SH-71111,J-2023-01222,2023-03-23,14,2023-04-05,True,
SH-71112,J-2023-01224,2023-03-31,6,2023-04-06,True,
SH-71113,J-2023-01226,2023-04-03,264,2023-04-19,True,
SH-71114,J-2023-01227,2023-03-22,234,2023-03-29,True,
SH-71115,J-2023-01228,2023-03-21,123,2023-03-29,True,
SH-71116,J-2023-01230,2023-03-29,9,2023-04-10,True,
SH-71117,J-2023-01232,2023-03-22,19,2023-04-11,True,
SH-71118,J-2023-01234,2023-03-24,21,2023-03-23,False,other
SH-71119,J-2023-01235,2023-03-22,18,2023-04-19,True,
SH-71120,J-2023-01237,2023-03-22,56,2023-04-18,True,
SH-71121,J-2023-01238,2023-03-21,131,2023-03-27,True,
SH-71122,J-2023-01239,2023-03-21,7,2023-03-23,True,
SH-71123,J-2023-01240,2023-03-21,13,2023-03-22,True,
SH-71124,J-2023-01242,2023-03-22,9,2023-03-24,True,
SH-71125,J-2023-01244,2023-04-07,9,2023-04-12,True,
SH-71126,J-2023-01245,2023-03-29,53,2023-04-11,True,
SH-71127,J-2023-01247,2023-03-24,27,2023-04-07,True,
SH-71128,J-2023-01248,2023-03-23,21,2023-03-30,True,
SH-71129,J-2023-01249,2023-03-23,18,2023-03-30,True,
SH-71130,J-2023-01251,2023-03-28,16,2023-04-06,True,
SH-71131,J-2023-01253,2023-03-28,57,2023-04-13,True,
SH-71132,J-2023-01255,2023-03-23,7,2023-03-31,True,
SH-71133,J-2023-01256,2023-03-27,4,2023-04-19,True,
SH-71134,J-2023-01258,2023-03-28,40,2023-04-03,True,
SH-71135,J-2023-01260,2023-03-29,15,2023-04-18,True,
SH-71136,J-2023-01261,2023-03-23,3,2023-04-04,True,
SH-71137,J-2023-01262,2023-04-03,183,2023-04-07,True,
SH-71138,J-2023-01263,2023-03-31,11,2023-04-14,True,
SH-71139,J-2023-01265,2023-03-22,12,2023-03-31,True,
SH-71140,J-2023-01266,2023-03-28,28,2023-03-31,True,
SH-71141,J-2023-01267,2023-03-23,177,2023-04-18,True,
SH-71142,J-2023-01268,2023-03-27,25,2023-04-14,True,
SH-71143,J-2023-01270,2023-03-23,11,2023-04-11,True,
SH-71144,J-2023-01271,2023-04-14,51,2023-05-09,True,
SH-71145,J-2023-01272,2023-04-06,12,2023-04-14,True,
SH-71146,J-2023-01273,2023-03-28,35,2023-05-12,True,
SH-71147,J-2023-01275,2023-03-30,74,2023-04-06,True,
SH-71148,J-2023-01276,2023-03-23,92,2023-03-30,True,
SH-71149,J-2023-01278,2023-03-27,102,2023-04-03,True,
SH-71150,J-2023-01280,2023-03-24,60,2023-03-24,True,
SH-71151,J-2023-01282,2023-03-24,48,2023-04-04,True,
SH-71152,J-2023-01283,2023-03-29,26,2023-04-20,True,
SH-71153,J-2023-01285,2023-04-04,11,2023-04-17,True,
SH-71154,J-2023-01287,2023-03-24,13,2023-04-06,True,
SH-71155,J-2023-01289,2023-04-05,15,2023-04-17,True,
SH-71156,J-2023-01290,2023-04-03,8,2023-04-06,True,
SH-71157,J-2023-01291,2023-03-29,17,2023-04-11,True,
SH-71158,J-2023-01292,2023-03-28,15,2023-04-10,True,
SH-71159,J-2023-01293,2023-03-31,220,2023-04-17,True,
SH-71160,J-2023-01295,2023-03-22,94,2023-04-11,True,
SH-71161,J-2023-01297,2023-03-24,49,2023-04-03,True,
SH-71162,J-2023-01298,2023-03-24,101,2023-04-03,True,
SH-71163,J-2023-01299,2023-04-04,21,2023-04-21,True,
SH-71164,J-2023-01300,2023-03-29,35,2023-04-17,True,
SH-71165,J-2023-01301,2023-03-29,14,2023-06-06,True,
SH-71166,J-2023-01303,2023-04-03,13,2023-04-28,True,
SH-71167,J-2023-01305,2023-03-31,2,2023-04-19,True,
SH-71168,J-2023-01306,2023-03-27,4,2023-04-03,True,
SH-71169,J-2023-01307,2023-03-27,31,2023-04-03,True,
SH-71170,J-2023-01308,2023-04-04,85,2023-04-11,True,
SH-71171,J-2023-01310,2023-03-28,35,2023-04-10,True,
SH-71172,J-2023-01311,2023-03-29,93,2023-04-19,True,
SH-71173,J-2023-01312,2023-03-28,44,2023-05-04,True,
SH-71174,J-2023-01313,2023-03-30,24,2023-04-11,True,
SH-71175,J-2023-01314,2023-04-03,28,2023-04-18,True,
SH-71176,J-2023-01315,2023-03-29,25,2023-04-26,True,
SH-71177,J-2023-01317,2023-03-28,50,2023-04-18,True,
SH-71178,J-2023-01319,2023-03-29,188,2023-04-11,True,
SH-71179,J-2023-01321,2023-03-29,3,2023-04-13,True,
SH-71180,J-2023-01323,2023-04-03,55,2023-04-14,True,
SH-71181,J-2023-01324,2023-03-30,80,2023-04-10,True,
SH-71182,J-2023-01325,2023-03-30,169,2023-03-28,False,
SH-71183,J-2023-01327,2023-04-04,72,2023-04-18,True,
SH-71184,J-2023-01329,2023-03-30,11,2023-04-11,True,
SH-71185,J-2023-01330,2023-03-29,428,2023-04-17,True,
SH-71186,J-2023-01331,2023-03-28,32,2023-04-05,True,
SH-71187,J-2023-01332,2023-03-29,13,2023-04-19,True,
SH-71188,J-2023-01333,2023-04-13,28,2023-04-19,True,
SH-71189,J-2023-01335,2023-03-24,22,2023-03-30,True,
SH-71190,J-2023-01336,2023-04-10,31,2023-04-19,True,
SH-71191,J-2023-01337,2023-04-12,42,2023-04-19,True,
SH-71192,J-2023-01339,2023-04-06,35,2023-04-19,True,
SH-71193,J-2023-01341,2023-03-30,43,2023-04-04,True,
SH-71194,J-2023-01342,2023-03-30,47,2023-04-19,True,
SH-71195,J-2023-01344,2023-03-27,4,2023-04-28,True,
SH-71196,J-2023-01346,2023-03-28,79,2023-04-11,True,
SH-71197,J-2023-01347,2023-04-06,25,2023-04-20,True,
SH-71198,J-2023-01348,2023-03-28,23,2023-03-29,True,
SH-71199,J-2023-01350,2023-03-30,14,2023-04-10,True,
SH-71200,J-2023-01351,2023-03-30,2,2023-03-30,True,
SH-71201,J-2023-01353,2023-03-28,8,2023-04-06,True,
SH-71202,J-2023-01354,2023-04-13,274,2023-04-20,True,
SH-71203,J-2023-01355,2023-04-03,6,2023-04-12,True,
SH-71204,J-2023-01356,2023-04-03,13,2023-04-13,True,
SH-71205,J-2023-01358,2023-04-07,74,2023-04-20,True,
SH-71206,J-2023-01359,2023-03-30,108,2023-04-06,True,
SH-71207,J-2023-01360,2023-03-29,7,2023-03-31,True,
SH-71208,J-2023-01362,2023-03-28,16,2023-03-30,True,
SH-71209,J-2023-01363,2023-03-31,3,2023-04-14,True,
SH-71210,J-2023-01365,2023-03-29,7,2023-05-04,True,
SH-71211,J-2023-01367,2023-03-31,7,2023-04-19,True,
SH-71212,J-2023-01369,2023-03-30,38,2023-04-14,True,
SH-71213,J-2023-01371,2023-04-13,23,2023-04-21,True,
SH-71214,J-2023-01373,2023-04-14,2,2023-04-26,True,
SH-71215,J-2023-01374,2023-04-05,20,2023-04-21,True,
SH-71216,J-2023-01375,2023-03-29,40,2023-04-21,True,
SH-71217,J-2023-01376,2023-03-29,33,2023-03-31,True,
SH-71218,J-2023-01378,2023-04-14,500,2023-04-07,False,material
SH-71219,J-2023-01379,2023-03-29,25,2023-04-13,True,
SH-71220,J-2023-01380,2023-03-31,13,2023-04-07,True,
SH-71221,J-2023-01381,2023-04-05,30,2023-04-18,True,
SH-71222,J-2023-01382,2023-04-04,19,2023-04-12,True,
SH-71223,J-2023-01383,2023-04-12,5,2023-04-17,True,
SH-71224,J-2023-01385,2023-04-10,6,2023-05-04,True,
SH-71225,J-2023-01387,2023-04-05,24,2023-04-19,True,
SH-71226,J-2023-01389,2023-04-07,38,2023-05-04,True,
SH-71227,J-2023-01391,2023-03-31,8,2023-04-26,True,
SH-71228,J-2023-01392,2023-04-04,6,2023-04-10,True,
SH-71229,J-2023-01394,2023-03-30,10,2023-04-05,True,
SH-71230,J-2023-01395,2023-04-03,57,2023-04-04,True,
SH-71231,J-2023-01397,2023-04-13,5,2023-04-26,True,
SH-71232,J-2023-01398,2023-04-11,23,2023-04-24,True,
SH-71233,J-2023-01400,2023-04-05,93,2023-04-14,True,
SH-71234,J-2023-01402,2023-04-10,7,2023-04-24,True,
SH-71235,J-2023-01403,2023-03-30,48,2023-03-31,True,
SH-71236,J-2023-01405,2023-04-11,7,2023-04-13,True,
SH-71237,J-2023-01407,2023-03-31,39,2023-04-10,True,
SH-71238,J-2023-01408,2023-04-03,46,2023-04-03,True,
SH-71239,J-2023-01410,2023-04-03,3,2023-04-13,True,
SH-71240,J-2023-01412,2023-04-17,170,2023-04-25,True,
SH-71241,J-2023-01413,2023-04-05,53,2023-04-11,True,
SH-71242,J-2023-01415,2023-04-04,17,2023-04-13,True,
SH-71243,J-2023-01416,2023-04-04,54,2023-04-11,True,
SH-71244,J-2023-01418,2023-04-12,42,2023-04-13,True,
SH-71245,J-2023-01419,2023-04-25,19,2023-04-25,True,
SH-71246,J-2023-01420,2023-04-06,402,2023-04-11,True,
SH-71247,J-2023-01422,2023-04-03,6,2023-04-25,True,
SH-71248,J-2023-01424,2023-04-04,10,2023-04-06,True,
SH-71249,J-2023-01426,2023-04-04,79,2023-04-12,True,
SH-71250,J-2023-01427,2023-04-10,190,2023-04-21,True,
SH-71251,J-2023-01429,2023-04-04,22,2023-04-19,True,
SH-71252,J-2023-01430,2023-03-31,10,2023-04-12,True,
SH-71253,J-2023-01431,2023-04-07,10,2023-04-27,True,
SH-71254,J-2023-01432,2023-04-05,9,2023-04-17,True,
SH-71255,J-2023-01434,2023-04-17,26,2023-04-26,True,
SH-71256,J-2023-01435,2023-04-05,3,2023-04-07,True,
SH-71257,J-2023-01437,2023-04-05,98,2023-04-18,True,
SH-71258,J-2023-01438,2023-04-06,9,2023-04-21,True,
SH-71259,J-2023-01440,2023-04-28,1,2023-04-10,False,capacity
SH-71260,J-2023-01441,2023-04-07,6,2023-04-21,True,
SH-71261,J-2023-01443,2023-04-06,145,2023-04-19,True,
SH-71262,J-2023-01445,2023-04-13,21,2023-04-26,True,
SH-71263,J-2023-01446,2023-04-03,197,2023-04-06,True,
SH-71264,J-2023-01447,2023-04-07,17,2023-05-01,True,
SH-71265,J-2023-01448,2023-04-15,69,2023-04-25,True,
SH-71266,J-2023-01449,2023-04-12,22,2023-05-08,True,
SH-71267,J-2023-01451,2023-04-05,29,2023-05-08,True,
SH-71268,J-2023-01453,2023-04-04,22,2023-04-13,True,
SH-71269,J-2023-01455,2023-04-05,2,2023-04-13,True,
SH-71270,J-2023-01456,2023-04-14,58,2023-04-27,True,
SH-71271,J-2023-01458,2023-04-07,104,2023-05-01,True,
SH-71272,J-2023-01460,2023-04-14,4,2023-04-27,True,
SH-71273,J-2023-01461,2023-04-13,83,2023-04-18,True,
SH-71274,J-2023-01463,2023-04-06,43,2023-04-07,True,
SH-71275,J-2023-01465,2023-04-05,37,2023-04-07,True,
SH-71276,J-2023-01466,2023-04-10,1,2023-04-28,True,
SH-71277,J-2023-01468,2023-04-07,65,2023-04-21,True,
SH-71278,J-2023-01469,2023-04-11,18,2023-04-21,True,
SH-71279,J-2023-01471,2023-04-14,5,2023-04-17,True,
SH-71280,J-2023-01473,2023-04-11,17,2023-04-13,True,
SH-71281,J-2023-01475,2023-04-05,3,2023-04-26,True,
SH-71282,J-2023-01477,2023-04-07,34,2023-05-02,True,
SH-71283,J-2023-01479,2023-04-07,10,2023-04-21,True,
SH-71284,J-2023-01481,2023-04-11,9,2023-04-14,True,
SH-71285,J-2023-01482,2023-04-06,9,2023-04-14,True,
SH-71286,J-2023-01483,2023-04-07,33,2023-04-21,True,
SH-71287,J-2023-01484,2023-04-11,10,2023-04-19,True,
SH-71288,J-2023-01485,2023-04-05,22,2023-04-24,True,
SH-71289,J-2023-01487,2023-04-18,43,2023-04-20,True,
SH-71290,J-2023-01488,2023-04-07,37,2023-04-07,True,
SH-71291,J-2023-01490,2023-04-07,56,2023-04-28,True,
SH-71292,J-2023-01491,2023-04-06,11,2023-04-17,True,
SH-71293,J-2023-01493,2023-04-11,8,2023-04-12,True,
SH-71294,J-2023-01495,2023-04-18,40,2023-04-24,True,
SH-71295,J-2023-01496,2023-04-14,6,2023-05-08,True,
SH-71296,J-2023-01497,2023-04-13,11,2023-04-25,True,
SH-71297,J-2023-01498,2023-04-11,34,2023-05-05,True,
SH-71298,J-2023-01500,2023-04-07,46,2023-04-10,True,
SH-71299,J-2023-01501,2023-04-07,31,2023-04-24,True,
SH-71300,J-2023-01502,2023-04-06,79,2023-04-17,True,
SH-71301,J-2023-01504,2023-04-11,10,2023-04-25,True,
SH-71302,J-2023-01505,2023-04-10,106,2023-04-07,False,capacity
SH-71303,J-2023-01507,2023-04-21,23,2023-04-14,False,material
SH-71304,J-2023-01508,2023-04-10,50,2023-04-27,True,
SH-71305,J-2023-01510,2023-04-15,29,2023-04-17,True,
SH-71306,J-2023-01512,2023-04-12,8,2023-04-25,True,
SH-71307,J-2023-01514,2023-04-13,90,2023-04-27,True,
SH-71308,J-2023-01516,2023-04-12,6,2023-04-28,True,
SH-71309,J-2023-01517,2023-04-05,13,2023-04-11,True,
SH-71310,J-2023-01518,2023-04-10,28,2023-05-09,True,
SH-71311,J-2023-01519,2023-04-07,16,2023-04-26,True,
SH-71312,J-2023-01520,2023-04-10,11,2023-05-09,True,
SH-71313,J-2023-01522,2023-04-11,22,2023-04-18,True,
SH-71314,J-2023-01523,2023-04-12,5,2023-04-21,True,
SH-71315,J-2023-01524,2023-04-10,57,2023-04-26,True,
SH-71316,J-2023-01525,2023-04-18,10,2023-04-19,True,
SH-71317,J-2023-01526,2023-04-20,6,2023-05-01,True,
SH-71318,J-2023-01527,2023-04-17,22,2023-05-01,True,
SH-71319,J-2023-01528,2023-04-10,8,2023-04-21,True,
SH-71320,J-2023-01530,2023-04-12,51,2023-05-02,True,
SH-71321,J-2023-01532,2023-04-14,4,2023-05-17,True,
SH-71322,J-2023-01534,2023-04-12,12,2023-04-17,True,
SH-71323,J-2023-01535,2023-04-20,4,2023-05-10,True,
SH-71324,J-2023-01537,2023-04-27,77,2023-04-27,True,
SH-71325,J-2023-01538,2023-04-07,12,2023-04-11,True,
SH-71326,J-2023-01539,2023-04-17,10,2023-05-05,True,
SH-71327,J-2023-01540,2023-04-13,13,2023-04-20,True,
SH-71328,J-2023-01541,2023-04-26,9,2023-05-02,True,
SH-71329,J-2023-01542,2023-04-25,16,2023-05-03,True,
SH-71330,J-2023-01544,2023-04-18,215,2023-04-28,True,
SH-71331,J-2023-01545,2023-04-14,68,2023-05-01,True,
SH-71332,J-2023-01547,2023-04-18,14,2023-05-04,True,
SH-71333,J-2023-01548,2023-04-10,30,2023-04-21,True,
SH-71334,J-2023-01549,2023-04-10,26,2023-04-12,True,
SH-71335,J-2023-01550,2023-04-12,28,2023-05-04,True,
SH-71336,J-2023-01552,2023-04-17,5,2023-05-02,True,
SH-71337,J-2023-01554,2023-04-11,92,2023-04-25,True,
SH-71338,J-2023-01556,2023-04-27,83,2023-04-24,False,other
SH-71339,J-2023-01557,2023-04-17,69,2023-05-02,True,
SH-71340,J-2023-01559,2023-04-14,85,2023-05-01,True,
SH-71341,J-2023-01560,2023-04-12,24,2023-04-26,True,
SH-71342,J-2023-01561,2023-04-19,5,2023-05-04,True,
SH-71343,J-2023-01562,2023-04-21,234,2023-05-03,True,
SH-71344,J-2023-01564,2023-04-12,5,2023-05-01,True,
SH-71345,J-2023-01565,2023-04-10,6,2023-05-30,True,
SH-71346,J-2023-01567,2023-04-11,34,2023-04-20,True,
SH-71347,J-2023-01568,2023-04-11,132,2023-04-21,True,
SH-71348,J-2023-01569,2023-04-21,53,2023-04-25,True,
SH-71349,J-2023-01570,2023-04-11,26,2023-04-19,True,
SH-71350,J-2023-01572,2023-04-14,21,2023-04-19,True,
SH-71351,J-2023-01573,2023-04-17,19,2023-04-26,True,
SH-71352,J-2023-01575,2023-04-12,31,2023-04-19,True,
SH-71353,J-2023-01577,2023-04-11,35,2023-04-24,True,
SH-71354,J-2023-01578,2023-04-21,30,2023-05-03,True,
SH-71355,J-2023-01580,2023-04-14,32,2023-05-04,True,
SH-71356,J-2023-01582,2023-04-17,120,2023-04-20,True,
SH-71357,J-2023-01584,2023-04-19,3,2023-04-20,True,
SH-71358,J-2023-01585,2023-04-13,5,2023-05-04,True,
SH-71359,J-2023-01586,2023-04-14,47,2023-05-08,True,
SH-71360,J-2023-01588,2023-04-13,144,2023-04-20,True,
SH-71361,J-2023-01590,2023-04-11,4,2023-04-13,True,
SH-71362,J-2023-01592,2023-04-13,6,2023-04-27,True,
SH-71363,J-2023-01593,2023-04-18,59,2023-05-12,True,
SH-71364,J-2023-01595,2023-04-10,6,2023-04-27,True,
SH-71365,J-2023-01596,2023-04-17,5,2023-05-02,True,
SH-71366,J-2023-01598,2023-04-11,15,2023-04-12,True,
SH-71367,J-2023-01600,2023-04-11,30,2023-04-21,True,
SH-71368,J-2023-01601,2023-04-24,1,2023-05-11,True,
SH-71369,J-2023-01602,2023-04-10,15,2023-04-12,True,
SH-71370,J-2023-01604,2023-04-12,54,2023-04-14,True,
SH-71371,J-2023-01606,2023-04-13,10,2023-05-01,True,
SH-71372,J-2023-01608,2023-04-12,11,2023-04-24,True,
SH-71373,J-2023-01609,2023-04-21,5,2023-05-01,True,
SH-71374,J-2023-01611,2023-04-19,6,2023-05-02,True,
SH-71375,J-2023-01613,2023-04-18,16,2023-05-02,True,
SH-71376,J-2023-01614,2023-04-15,171,2023-04-13,False,
SH-71377,J-2023-01615,2023-04-13,33,2023-04-21,True,
SH-71378,J-2023-01617,2023-04-26,2,2023-05-05,True,
SH-71379,J-2023-01619,2023-04-14,111,2023-04-24,True,
SH-71380,J-2023-01621,2023-04-19,24,2023-04-13,False,
SH-71381,J-2023-01622,2023-04-17,10,2023-04-27,True,
SH-71382,J-2023-01623,2023-04-20,5,2023-04-19,False,capacity
SH-71383,J-2023-01625,2023-04-19,53,2023-05-04,True,
SH-71384,J-2023-01627,2023-04-19,8,2023-05-08,True,
SH-71385,J-2023-01629,2023-04-13,23,2023-05-03,True,
SH-71386,J-2023-01630,2023-04-20,45,2023-05-08,True,
SH-71387,J-2023-01631,2023-04-28,6,2023-05-16,True,
SH-71388,J-2023-01633,2023-04-21,21,2023-04-24,True,
SH-71389,J-2023-01634,2023-04-15,40,2023-04-24,True,
SH-71390,J-2023-01635,2023-04-13,107,2023-04-24,True,
SH-71391,J-2023-01637,2023-04-18,4,2023-05-02,True,
SH-71392,J-2023-01639,2023-04-12,27,2023-04-28,True,
SH-71393,J-2023-01640,2023-04-14,10,2023-05-08,True,
SH-71394,J-2023-01642,2023-04-18,5,2023-05-04,True,
SH-71395,J-2023-01643,2023-04-13,53,2023-04-18,True,
SH-71396,J-2023-01644,2023-04-18,53,2023-05-11,True,
SH-71397,J-2023-01646,2023-04-14,11,2023-04-24,True,
SH-71398,J-2023-01648,2023-04-18,82,2023-05-16,True,
SH-71399,J-2023-01649,2023-04-14,8,2023-05-01,True,
SH-71400,J-2023-01651,2023-04-20,81,2023-05-08,True,
SH-71401,J-2023-01653,2023-04-21,29,2023-05-05,True,
SH-71402,J-2023-01654,2023-04-19,9,2023-04-24,True,
SH-71403,J-2023-01656,2023-04-15,18,2023-04-18,True,
SH-71404,J-2023-01658,2023-04-26,8,2023-05-08,True,
SH-71405,J-2023-01659,2023-04-20,18,2023-05-11,True,
SH-71406,J-2023-01660,2023-04-26,18,2023-05-24,True,
SH-71407,J-2023-01662,2023-04-20,7,2023-05-08,True,
SH-71408,J-2023-01664,2023-04-27,77,2023-05-08,True,
SH-71409,J-2023-01665,2023-04-26,103,2023-06-16,True,
SH-71410,J-2023-01667,2023-04-21,4,2023-05-03,True,
SH-71411,J-2023-01668,2023-04-14,21,2023-05-03,True,
SH-71412,J-2023-01669,2023-04-21,25,2023-05-08,True,
SH-71413,J-2023-01670,2023-04-14,9,2023-04-18,True,
SH-71414,J-2023-01672,2023-04-17,9,2023-05-01,True,
SH-71415,J-2023-01674,2023-04-20,16,2023-05-02,True,
SH-71416,J-2023-01675,2023-05-04,10,2023-05-26,True,
SH-71417,J-2023-01677,2023-04-24,153,2023-05-09,True,
SH-71418,J-2023-01678,2023-04-26,12,2023-04-27,True,
SH-71419,J-2023-01679,2023-04-20,5,2023-04-27,True,
SH-71420,J-2023-01680,2023-04-13,14,2023-04-17,True,
SH-71421,J-2023-01682,2023-04-15,42,2023-04-20,True,
SH-71422,J-2023-01684,2023-04-14,6,2023-04-24,True,
SH-71423,J-2023-01685,2023-04-19,500,2023-04-17,False,other
SH-71424,J-2023-01687,2023-04-19,25,2023-05-09,True,
SH-71425,J-2023-01689,2023-04-26,28,2023-05-08,True,
SH-71426,J-2023-01690,2023-04-18,128,2023-05-01,True,
SH-71427,J-2023-01692,2023-04-27,7,2023-05-03,True,
SH-71428,J-2023-01693,2023-04-20,90,2023-05-22,True,
SH-71429,J-2023-01694,2023-04-18,74,2023-04-19,True,
SH-71430,J-2023-01695,2023-04-18,38,2023-05-03,True,
SH-71431,J-2023-01697,2023-04-26,17,2023-05-10,True,
SH-71432,J-2023-01698,2023-04-19,42,2023-05-09,True,
SH-71433,J-2023-01699,2023-05-03,6,2023-05-10,True,
SH-71434,J-2023-01700,2023-04-24,15,2023-04-25,True,
SH-71435,J-2023-01702,2023-04-17,38,2023-05-09,True,
SH-71436,J-2023-01704,2023-04-17,30,2023-04-26,True,
SH-71437,J-2023-01705,2023-04-20,26,2023-05-04,True,
SH-71438,J-2023-01706,2023-04-27,200,2023-05-12,True,
SH-71439,J-2023-01707,2023-04-17,8,2023-04-19,True,
SH-71440,J-2023-01709,2023-04-18,32,2023-05-11,True,
SH-71441,J-2023-01710,2023-04-24,51,2023-05-10,True,
SH-71442,J-2023-01711,2023-04-20,36,2023-05-30,True,
SH-71443,J-2023-01712,2023-04-18,13,2023-04-28,True,
SH-71444,J-2023-01713,2023-04-18,58,2023-04-21,True,
SH-71445,J-2023-01714,2023-05-08,15,2023-05-11,True,
SH-71446,J-2023-01716,2023-04-20,29,2023-05-02,True,
SH-71447,J-2023-01717,2023-04-19,60,2023-05-08,True,
SH-71448,J-2023-01719,2023-04-19,1,2023-05-01,True,
SH-71449,J-2023-01721,2023-05-02,286,2023-05-11,True,
SH-71450,J-2023-01723,2023-04-28,10,2023-05-11,True,
SH-71451,J-2023-01724,2023-04-28,36,2023-05-12,True,
SH-71452,J-2023-01725,2023-04-21,159,2023-05-09,True,
SH-71453,J-2023-01726,2023-05-02,1,2023-04-28,False,
SH-71454,J-2023-01728,2023-04-26,32,2023-05-08,True,
SH-71455,J-2023-01730,2023-04-27,22,2023-05-12,True,
SH-71456,J-2023-01731,2023-04-19,14,2023-04-28,True,
SH-71457,J-2023-01733,2023-05-03,299,2023-05-05,True,
SH-71458,J-2023-01735,2023-04-26,58,2023-05-02,True,
SH-71459,J-2023-01737,2023-05-01,20,2023-05-12,True,
SH-71460,J-2023-01738,2023-04-20,10,2023-04-24,True,
SH-71461,J-2023-01740,2023-05-01,45,2023-05-16,True,
SH-71462,J-2023-01741,2023-04-26,21,2023-04-27,True,
SH-71463,J-2023-01743,2023-04-19,3,2023-04-24,True,
SH-71464,J-2023-01745,2023-04-21,225,2023-05-11,True,
SH-71465,J-2023-01747,2023-04-19,46,2023-04-27,True,
SH-71466,J-2023-01749,2023-04-19,64,2023-05-09,True,
SH-71467,J-2023-01751,2023-04-25,89,2023-05-04,True,
SH-71468,J-2023-01753,2023-04-20,30,2023-04-25,True,
SH-71469,J-2023-01755,2023-04-25,11,2023-05-23,True,
SH-71470,J-2023-01756,2023-05-09,12,2023-06-06,True,
SH-71471,J-2023-01758,2023-04-28,34,2023-05-05,True,
SH-71472,J-2023-01760,2023-04-20,4,2023-05-01,True,
SH-71473,J-2023-01762,2023-04-26,122,2023-05-10,True,
SH-71474,J-2023-01764,2023-04-20,8,2023-05-04,True,
SH-71475,J-2023-01766,2023-04-28,201,2023-05-02,True,
SH-71476,J-2023-01767,2023-04-27,121,2023-05-23,True,
SH-71477,J-2023-01769,2023-05-03,23,2023-05-23,True,
SH-71478,J-2023-01770,2023-04-25,96,2023-04-24,False,
SH-71479,J-2023-01771,2023-05-03,7,2023-05-12,True,
SH-71480,J-2023-01772,2023-04-25,3,2023-05-02,True,
SH-71481,J-2023-01773,2023-05-05,118,2023-05-05,True,
SH-71482,J-2023-01774,2023-05-03,64,2023-05-15,True,
SH-71483,J-2023-01776,2023-04-26,26,2023-05-09,True,
SH-71484,J-2023-01778,2023-04-26,44,2023-05-03,True,
SH-71485,J-2023-01779,2023-05-03,125,2023-05-08,True,
SH-71486,J-2023-01781,2023-04-24,36,2023-05-01,True,
SH-71487,J-2023-01782,2023-04-20,49,2023-04-25,True,
SH-71488,J-2023-01784,2023-05-01,124,2023-05-23,True,
SH-71489,J-2023-01786,2023-05-17,9,2023-06-20,True,
SH-71490,J-2023-01788,2023-04-26,3,2023-05-01,True,
SH-71491,J-2023-01789,2023-05-03,268,2023-05-12,True,
SH-71492,J-2023-01791,2023-04-28,9,2023-05-15,True,
SH-71493,J-2023-01793,2023-04-25,15,2023-05-04,True,
SH-71494,J-2023-01795,2023-05-01,12,2023-05-17,True,
SH-71495,J-2023-01796,2023-05-09,227,2023-05-15,True,
SH-71496,J-2023-01797,2023-05-08,50,2023-05-26,True,
SH-71497,J-2023-01799,2023-04-26,80,2023-05-08,True,
SH-71498,J-2023-01800,2023-04-21,2,2023-05-01,True,
SH-71499,J-2023-01801,2023-04-24,5,2023-05-19,True,
SH-71500,J-2023-01802,2023-04-20,11,2023-04-25,True,
SH-71501,J-2023-01804,2023-04-21,26,2023-04-28,True,
SH-71502,J-2023-01805,2023-04-27,66,2023-05-11,True,
SH-71503,J-2023-01806,2023-04-20,49,2023-04-26,True,
SH-71504,J-2023-01808,2023-04-27,14,2023-04-25,False,
SH-71505,J-2023-01810,2023-05-04,36,2023-05-19,True,
SH-71506,J-2023-01812,2023-05-10,7,2023-05-18,True,
SH-71507,J-2023-01814,2023-04-24,40,2023-04-25,True,
SH-71508,J-2023-01815,2023-04-25,39,2023-05-15,True,
SH-71509,J-2023-01817,2023-04-26,65,2023-05-05,True,
SH-71510,J-2023-01818,2023-04-20,63,2023-04-25,True,
SH-71511,J-2023-01820,2023-05-05,12,2023-05-15,True,
SH-71512,J-2023-01821,2023-04-28,17,2023-05-30,True,
SH-71513,J-2023-01823,2023-04-26,50,2023-05-12,True,
SH-71514,J-2023-01825,2023-04-27,24,2023-05-23,True,
SH-71515,J-2023-01826,2023-04-25,351,2023-05-02,True,
SH-71516,J-2023-01827,2023-04-24,35,2023-05-08,True,
SH-71517,J-2023-01828,2023-04-28,63,2023-05-05,True,
SH-71518,J-2023-01829,2023-05-08,15,2023-05-16,True,
SH-71519,J-2023-01831,2023-05-03,63,2023-05-16,True,
SH-71520,J-2023-01833,2023-05-03,21,2023-05-16,True,
SH-71521,J-2023-01835,2023-05-01,201,2023-05-16,True,
SH-71522,J-2023-01837,2023-04-27,8,2023-05-16,True,
SH-71523,J-2023-01838,2023-04-27,20,2023-05-09,True,
SH-71524,J-2023-01839,2023-05-05,37,2023-05-08,True,
SH-71525,J-2023-01840,2023-04-24,43,2023-05-18,True,
SH-71526,J-2023-01841,2023-05-01,7,2023-05-17,True,
SH-71527,J-2023-01843,2023-04-27,29,2023-06-12,True,
SH-71528,J-2023-01844,2023-04-26,18,2023-05-04,True,
SH-71529,J-2023-01846,2023-04-25,3,2023-04-28,True,
SH-71530,J-2023-01847,2023-04-27,3,2023-05-10,True,
SH-71531,J-2023-01849,2023-05-08,35,2023-06-01,True,
SH-71532,J-2023-01851,2023-04-26,11,2023-05-04,True,
SH-71533,J-2023-01852,2023-05-01,5,2023-05-24,True,
SH-71534,J-2023-01853,2023-04-28,11,2023-05-16,True,
SH-71535,J-2023-01854,2023-04-28,1,2023-05-24,True,
SH-71536,J-2023-01856,2023-05-04,14,2023-05-05,True,
SH-71537,J-2023-01857,2023-04-26,7,2023-05-11,True,
SH-71538,J-2023-01858,2023-04-25,77,2023-05-03,True,
SH-71539,J-2023-01860,2023-05-08,2,2023-05-22,True,
SH-71540,J-2023-01862,2023-04-25,3,2023-05-09,True,
SH-71541,J-2023-01863,2023-05-03,17,2023-05-17,True,
SH-71542,J-2023-01864,2023-04-27,25,2023-05-03,True,
SH-71543,J-2023-01865,2023-05-03,49,2023-05-26,True,
SH-71544,J-2023-01867,2023-04-26,30,2023-05-05,True,
SH-71545,J-2023-01868,2023-04-26,56,2023-05-08,True,
SH-71546,J-2023-01870,2023-05-02,9,2023-05-03,True,
SH-71547,J-2023-01871,2023-05-01,9,2023-05-17,True,
SH-71548,J-2023-01872,2023-04-26,32,2023-04-28,True,
SH-71549,J-2023-01873,2023-05-05,95,2023-05-09,True,
SH-71550,J-2023-01874,2023-04-26,11,2023-05-08,True,
SH-71551,J-2023-01875,2023-04-24,16,2023-04-26,True,
SH-71552,J-2023-01876,2023-05-01,46,2023-05-16,True,
SH-71553,J-2023-01878,2023-04-27,31,2023-06-02,True,
SH-71554,J-2023-01880,2023-05-04,62,2023-05-15,True,
SH-71555,J-2023-01881,2023-05-05,73,2023-05-04,False,
SH-71556,J-2023-01882,2023-04-26,31,2023-05-11,True,
SH-71557,J-2023-01884,2023-05-03,500,2023-05-04,True,
SH-71558,J-2023-01885,2023-05-01,15,2023-05-12,True,
SH-71559,J-2023-01887,2023-05-02,46,2023-05-11,True,
SH-71560,J-2023-01888,2023-04-25,18,2023-04-28,True,
SH-71561,J-2023-01890,2023-04-27,13,2023-05-08,True,
SH-71562,J-2023-01892,2023-05-03,30,2023-05-10,True,
SH-71563,J-2023-01893,2023-05-01,8,2023-06-05,True,
SH-71564,J-2023-01895,2023-05-10,62,2023-05-17,True,
SH-71565,J-2023-01897,2023-04-28,2,2023-05-17,True,
SH-71566,J-2023-01898,2023-04-27,107,2023-05-02,True,
SH-71567,J-2023-01899,2023-04-25,68,2023-05-01,True,
SH-71568,J-2023-01901,2023-05-02,1,2023-05-10,True,
SH-71569,J-2023-01902,2023-04-27,8,2023-05-05,True,
SH-71570,J-2023-01904,2023-04-27,62,2023-05-25,True,
SH-71571,J-2023-01906,2023-05-01,24,2023-05-17,True,
SH-71572,J-2023-01908,2023-05-12,17,2023-06-08,True,
SH-71573,J-2023-01909,2023-05-02,41,2023-05-11,True,
SH-71574,J-2023-01910,2023-05-22,7,2023-06-08,True,
SH-71575,J-2023-01911,2023-05-10,19,2023-05-12,True,
SH-71576,J-2023-01912,2023-05-02,6,2023-05-15,True,
SH-71577,J-2023-01914,2023-05-03,193,2023-05-02,False,capacity
SH-71578,J-2023-01916,2023-05-04,27,2023-05-19,True,
SH-71579,J-2023-01917,2023-04-26,23,2023-05-05,True,
SH-71580,J-2023-01918,2023-05-11,6,2023-05-24,True,
SH-71581,J-2023-01919,2023-05-02,48,2023-05-17,True,
SH-71582,J-2023-01920,2023-05-10,15,2023-05-18,True,
SH-71583,J-2023-01921,2023-05-09,58,2023-05-25,True,
SH-71584,J-2023-01922,2023-05-09,5,2023-05-15,True,
SH-71585,J-2023-01923,2023-05-02,5,2023-05-11,True,
SH-71586,J-2023-01924,2023-05-02,7,2023-05-08,True,
SH-71587,J-2023-01925,2023-05-22,47,2023-05-22,True,
SH-71588,J-2023-01926,2023-04-27,59,2023-05-11,True,
SH-71589,J-2023-01928,2023-05-02,4,2023-05-23,True,
SH-71590,J-2023-01929,2023-05-01,21,2023-05-16,True,
SH-71591,J-2023-01930,2023-05-05,16,2023-05-08,True,
SH-71592,J-2023-01931,2023-05-01,20,2023-05-19,True,
SH-71593,J-2023-01932,2023-04-27,3,2023-05-01,True,
SH-71594,J-2023-01934,2023-05-04,51,2023-05-22,True,
SH-71595,J-2023-01936,2023-04-28,27,2023-05-08,True,
SH-71596,J-2023-01938,2023-05-08,108,2023-05-03,False,other
SH-71597,J-2023-01940,2023-05-11,10,2023-05-22,True,
SH-71598,J-2023-01942,2023-05-01,271,2023-05-05,True,
SH-71599,J-2023-01943,2023-05-02,29,2023-05-19,True,
SH-71600,J-2023-01945,2023-05-02,84,2023-05-22,True,
SH-71601,J-2023-01946,2023-05-01,44,2023-05-10,True,
SH-71602,J-2023-01947,2023-05-01,3,2023-05-10,True,
SH-71603,J-2023-01948,2023-05-02,58,2023-06-20,True,
SH-71604,J-2023-01949,2023-05-08,3,2023-04-28,False,
SH-71605,J-2023-01951,2023-05-08,29,2023-05-03,False,other
SH-71606,J-2023-01953,2023-05-03,32,2023-05-23,True,
SH-71607,J-2023-01955,2023-05-04,25,2023-05-24,True,
SH-71608,J-2023-01957,2023-05-10,18,2023-05-15,True,
SH-71609,J-2023-01959,2023-05-03,7,2023-05-25,True,
SH-71610,J-2023-01960,2023-05-04,14,2023-06-13,True,
SH-71611,J-2023-01962,2023-04-28,120,2023-05-08,True,
SH-71612,J-2023-01964,2023-05-10,95,2023-05-08,False,
SH-71613,J-2023-01966,2023-05-10,39,2023-05-01,False,other
SH-71614,J-2023-01968,2023-05-16,6,2023-05-23,True,
SH-71615,J-2023-01970,2023-05-01,2,2023-05-10,True,
SH-71616,J-2023-01971,2023-05-04,219,2023-05-04,True,
SH-71617,J-2023-01973,2023-05-16,6,2023-05-22,True,
SH-71618,J-2023-01974,2023-05-09,160,2023-05-11,True,
SH-71619,J-2023-01975,2023-05-09,21,2023-06-02,True,
SH-71620,J-2023-01977,2023-04-28,11,2023-05-02,True,
SH-71621,J-2023-01978,2023-05-01,71,2023-05-12,True,
SH-71622,J-2023-01980,2023-05-17,10,2023-05-24,True,
SH-71623,J-2023-01981,2023-05-04,12,2023-05-18,True,
SH-71624,J-2023-01982,2023-05-05,4,2023-05-23,True,
SH-71625,J-2023-01984,2023-05-05,8,2023-05-11,True,
SH-71626,J-2023-01985,2023-05-10,10,2023-05-23,True,
SH-71627,J-2023-01986,2023-04-28,13,2023-05-17,True,
SH-71628,J-2023-01987,2023-05-02,23,2023-05-03,True,
SH-71629,J-2023-01989,2023-05-01,6,2023-05-16,True,
SH-71630,J-2023-01991,2023-05-08,105,2023-05-18,True,
SH-71631,J-2023-01993,2023-05-01,22,2023-05-02,True,
SH-71632,J-2023-01994,2023-05-02,63,2023-05-10,True,
SH-71633,J-2023-01995,2023-05-01,8,2023-05-08,True,
SH-71634,J-2023-01996,2023-05-04,26,2023-05-11,True,
SH-71635,J-2023-01998,2023-05-10,3,2023-05-15,True,
SH-71636,J-2023-01999,2023-05-05,33,2023-06-08,True,
SH-71637,J-2023-02000,2023-05-01,25,2023-05-04,True,
SH-71638,J-2023-02001,2023-05-03,8,2023-05-26,True,
SH-71639,J-2023-02003,2023-05-10,36,2023-05-17,True,
SH-71640,J-2023-02005,2023-05-03,10,2023-05-03,True,
SH-71641,J-2023-02007,2023-05-09,3,2023-05-16,True,
SH-71642,J-2023-02008,2023-05-05,90,2023-05-24,True,
SH-71643,J-2023-02009,2023-05-10,6,2023-05-17,True,
SH-71644,J-2023-02011,2023-05-02,37,2023-05-05,True,
SH-71645,J-2023-02013,2023-05-18,23,2023-05-30,True,
SH-71646,J-2023-02014,2023-05-04,124,2023-05-08,True,
SH-71647,J-2023-02015,2023-05-05,83,2023-05-08,True,
SH-71648,J-2023-02016,2023-05-02,11,2023-05-11,True,
SH-71649,J-2023-02018,2023-05-11,63,2023-05-25,True,
SH-71650,J-2023-02019,2023-05-09,56,2023-05-15,True,
SH-71651,J-2023-02021,2023-05-11,17,2023-05-25,True,
SH-71652,J-2023-02022,2023-05-03,38,2023-05-11,True,
SH-71653,J-2023-02023,2023-05-08,26,2023-05-11,True,
SH-71654,J-2023-02024,2023-05-03,11,2023-05-12,True,
SH-71655,J-2023-02025,2023-05-15,85,2023-05-30,True,
SH-71656,J-2023-02027,2023-05-08,7,2023-05-17,True,
SH-71657,J-2023-02029,2023-05-05,44,2023-05-15,True,
SH-71658,J-2023-02030,2023-05-11,28,2023-06-02,True,
SH-71659,J-2023-02032,2023-05-05,92,2023-05-23,True,
SH-71660,J-2023-02034,2023-05-05,4,2023-05-26,True,
SH-71661,J-2023-02035,2023-05-05,23,2023-05-12,True,
SH-71662,J-2023-02037,2023-05-04,30,2023-05-04,True,
SH-71663,J-2023-02039,2023-05-11,3,2023-05-25,True,
SH-71664,J-2023-02040,2023-05-22,51,2023-05-26,True,
SH-71665,J-2023-02041,2023-05-22,56,2023-05-26,True,
SH-71666,J-2023-02042,2023-05-15,46,2023-05-17,True,
SH-71667,J-2023-02043,2023-05-04,469,2023-05-05,True,
SH-71668,J-2023-02044,2023-05-04,9,2023-06-05,True,
SH-71669,J-2023-02046,2023-05-11,15,2023-05-08,False,capacity
SH-71670,J-2023-02048,2023-05-05,10,2023-05-09,True,
SH-71671,J-2023-02049,2023-05-10,8,2023-05-18,True,
SH-71672,J-2023-02051,2023-05-18,125,2023-05-10,False,other
SH-71673,J-2023-02053,2023-05-05,11,2023-05-08,True,
SH-71674,J-2023-02055,2023-05-05,26,2023-05-15,True,
SH-71675,J-2023-02057,2023-05-09,92,2023-05-30,True,
SH-71676,J-2023-02059,2023-05-05,19,2023-05-18,True,
SH-71677,J-2023-02061,2023-05-11,28,2023-06-05,True,
SH-71678,J-2023-02063,2023-05-05,12,2023-05-22,True,
SH-71679,J-2023-02065,2023-05-19,5,2023-05-31,True,
SH-71680,J-2023-02066,2023-05-08,11,2023-05-23,True,
SH-71681,J-2023-02067,2023-05-04,9,2023-05-15,True,
SH-71682,J-2023-02068,2023-05-10,129,2023-06-05,True,
SH-71683,J-2023-02069,2023-05-24,36,2023-05-30,True,
SH-71684,J-2023-02071,2023-05-12,139,2023-05-30,True,
SH-71685,J-2023-02072,2023-05-08,25,2023-06-09,True,
SH-71686,J-2023-02073,2023-05-10,17,2023-05-22,True,
SH-71687,J-2023-02075,2023-05-04,33,2023-06-15,True,
SH-71688,J-2023-02076,2023-05-09,5,2023-05-17,True,
SH-71689,J-2023-02077,2023-05-04,37,2023-05-22,True,
SH-71690,J-2023-02079,2023-05-09,11,2023-06-05,True,
SH-71691,J-2023-02081,2023-05-10,83,2023-05-18,True,
SH-71692,J-2023-02083,2023-05-05,2,2023-05-26,True,
SH-71693,J-2023-02085,2023-05-12,14,2023-05-17,True,
SH-71694,J-2023-02087,2023-05-16,8,2023-05-24,True,
SH-71695,J-2023-02089,2023-05-22,35,2023-05-31,True,
SH-71696,J-2023-02091,2023-05-19,36,2023-05-31,True,
SH-71697,J-2023-02092,2023-05-08,18,2023-05-17,True,
SH-71698,J-2023-02094,2023-05-11,45,2023-05-30,True,
SH-71699,J-2023-02096,2023-05-18,13,2023-05-16,False,capacity
SH-71700,J-2023-02098,2023-05-08,23,2023-05-16,True,
SH-71701,J-2023-02099,2023-05-17,3,2023-05-10,False,other
SH-71702,J-2023-02101,2023-05-05,7,2023-05-10,True,
SH-71703,J-2023-02103,2023-05-10,65,2023-05-23,True,
SH-71704,J-2023-02105,2023-05-09,20,2023-05-24,True,
SH-71705,J-2023-02106,2023-05-11,127,2023-05-24,True,
SH-71706,J-2023-02108,2023-05-16,21,2023-05-08,False,
SH-71707,J-2023-02110,2023-05-11,243,2023-05-23,True,
SH-71708,J-2023-02112,2023-05-05,76,2023-05-25,True,
SH-71709,J-2023-02114,2023-05-05,109,2023-05-17,True,
SH-71710,J-2023-02115,2023-05-09,29,2023-05-22,True,
SH-71711,J-2023-02116,2023-05-15,34,2023-06-05,True,
SH-71712,J-2023-02117,2023-05-12,115,2023-06-01,True,
SH-71713,J-2023-02119,2023-05-19,238,2023-05-19,True,
SH-71714,J-2023-02121,2023-05-22,19,2023-06-01,True,
SH-71715,J-2023-02122,2023-05-10,7,2023-05-18,True,
SH-71716,J-2023-02124,2023-05-09,4,2023-05-18,True,
SH-71717,J-2023-02125,2023-05-10,41,2023-05-17,True,
SH-71718,J-2023-02126,2023-05-11,31,2023-06-06,True,
SH-71719,J-2023-02128,2023-05-15,29,2023-06-02,True,
SH-71720,J-2023-02130,2023-05-18,3,2023-05-30,True,
SH-71721,J-2023-02132,2023-05-12,204,2023-06-14,True,
SH-71722,J-2023-02133,2023-05-08,2,2023-05-18,True,
SH-71723,J-2023-02135,2023-05-08,3,2023-05-12,True,
SH-71724,J-2023-02136,2023-05-16,244,2023-05-31,True,
SH-71725,J-2023-02137,2023-05-16,91,2023-05-18,True,
SH-71726,J-2023-02138,2023-05-12,18,2023-05-25,True,
SH-71727,J-2023-02139,2023-05-26,5,2023-06-16,True,
SH-71728,J-2023-02141,2023-05-12,7,2023-06-01,True,
SH-71729,J-2023-02142,2023-05-10,13,2023-05-18,True,
SH-71730,J-2023-02143,2023-05-12,76,2023-06-05,True,
SH-71731,J-2023-02144,2023-05-09,36,2023-05-23,True,
SH-71732,J-2023-02146,2023-05-24,56,2023-06-02,True,
SH-71733,J-2023-02147,2023-05-17,32,2023-06-16,True,
SH-71734,J-2023-02148,2023-05-19,75,2023-06-05,True,
SH-71735,J-2023-02150,2023-05-12,130,2023-05-24,True,
SH-71736,J-2023-02151,2023-05-11,21,2023-06-06,True,
SH-71737,J-2023-02152,2023-05-12,11,2023-05-16,True,
SH-71738,J-2023-02154,2023-05-12,67,2023-05-25,True,
SH-71739,J-2023-02155,2023-05-19,22,2023-05-19,True,
SH-71740,J-2023-02156,2023-05-11,17,2023-06-01,True,
SH-71741,J-2023-02157,2023-05-19,500,2023-06-01,True,
SH-71742,J-2023-02159,2023-05-17,121,2023-05-18,True,
SH-71743,J-2023-02161,2023-05-17,82,2023-06-21,True,
SH-71744,J-2023-02162,2023-05-12,33,2023-06-06,True,
SH-71745,J-2023-02163,2023-05-17,10,2023-06-12,True,
SH-71746,J-2023-02164,2023-05-18,38,2023-05-31,True,
SH-71747,J-2023-02165,2023-06-06,53,2023-06-15,True,
SH-71748,J-2023-02166,2023-05-12,19,2023-05-17,True,
SH-71749,J-2023-02168,2023-05-12,26,2023-05-31,True,
SH-71750,J-2023-02170,2023-05-11,45,2023-05-17,True,
SH-71751,J-2023-02171,2023-05-19,85,2023-06-02,True,
SH-71752,J-2023-02173,2023-05-17,38,2023-06-02,True,
SH-71753,J-2023-02174,2023-05-11,21,2023-05-12,True,
SH-71754,J-2023-02176,2023-05-19,18,2023-06-09,True,
SH-71755,J-2023-02178,2023-05-15,39,2023-06-21,True,
SH-71756,J-2023-02179,2023-05-15,26,2023-05-12,False,
SH-71757,J-2023-02180,2023-05-11,48,2023-06-08,True,
SH-71758,J-2023-02181,2023-05-15,30,2023-06-07,True,
SH-71759,J-2023-02183,2023-05-15,13,2023-05-22,True,
SH-71760,J-2023-02185,2023-05-15,24,2023-06-21,True,
SH-71761,J-2023-02186,2023-05-12,19,2023-05-22,True,
SH-71762,J-2023-02188,2023-05-15,7,2023-06-09,True,
SH-71763,J-2023-02189,2023-05-12,4,2023-05-22,True,
SH-71764,J-2023-02191,2023-05-12,10,2023-06-01,True,
SH-71765,J-2023-02192,2023-05-15,44,2023-06-01,True,
SH-71766,J-2023-02194,2023-05-17,58,2023-05-16,False,customer change
SH-71767,J-2023-02195,2023-05-23,5,2023-05-31,True,
SH-71768,J-2023-02196,2023-05-16,216,2023-06-08,True,
SH-71769,J-2023-02198,2023-05-12,86,2023-05-25,True,
SH-71770,J-2023-02200,2023-05-12,2,2023-05-23,True,
SH-71771,J-2023-02201,2023-05-15,5,2023-05-22,True,
SH-71772,J-2023-02203,2023-05-24,52,2023-06-06,True,
SH-71773,J-2023-02204,2023-05-12,12,2023-05-18,True,
SH-71774,J-2023-02205,2023-05-12,58,2023-05-25,True,
SH-71775,J-2023-02206,2023-05-19,19,2023-05-24,True,
SH-71776,J-2023-02208,2023-05-17,12,2023-06-06,True,
SH-71777,J-2023-02210,2023-05-17,26,2023-05-17,True,
SH-71778,J-2023-02212,2023-05-16,23,2023-05-31,True,
SH-71779,J-2023-02213,2023-05-16,54,2023-06-08,True,
SH-71780,J-2023-02215,2023-05-17,40,2023-06-06,True,
SH-71781,J-2023-02217,2023-05-16,104,2023-05-16,True,
SH-71782,J-2023-02218,2023-05-15,79,2023-05-24,True,
SH-71783,J-2023-02220,2023-05-18,209,2023-05-30,True,
SH-71784,J-2023-02222,2023-05-17,35,2023-06-23,True,
SH-71785,J-2023-02224,2023-05-15,2,2023-06-01,True,
SH-71786,J-2023-02226,2023-05-19,14,2023-06-07,True,
SH-71787,J-2023-02227,2023-05-16,28,2023-05-30,True,
SH-71788,J-2023-02229,2023-05-25,23,2023-06-07,True,
SH-71789,J-2023-02230,2023-05-15,193,2023-05-17,True,
SH-71790,J-2023-02231,2023-05-31,14,2023-05-25,False,capacity
SH-71791,J-2023-02233,2023-05-17,11,2023-06-12,True,
SH-71792,J-2023-02234,2023-05-25,14,2023-05-24,False,capacity
SH-71793,J-2023-02235,2023-05-15,6,2023-05-30,True,
SH-71794,J-2023-02236,2023-05-16,20,2023-06-02,True,
SH-71795,J-2023-02238,2023-06-08,54,2023-06-06,False,capacity
SH-71796,J-2023-02240,2023-05-19,36,2023-05-30,True,
SH-71797,J-2023-02242,2023-05-16,13,2023-05-16,True,
SH-71798,J-2023-02243,2023-05-24,10,2023-05-26,True,
SH-71799,J-2023-02244,2023-05-31,63,2023-06-08,True,
SH-71800,J-2023-02245,2023-05-18,54,2023-05-24,True,
SH-71801,J-2023-02246,2023-05-19,2,2023-05-31,True,
SH-71802,J-2023-02248,2023-05-17,9,2023-06-13,True,
SH-71803,J-2023-02249,2023-05-30,500,2023-05-25,False,other
SH-71804,J-2023-02251,2023-05-17,6,2023-05-31,True,
SH-71805,J-2023-02253,2023-05-22,29,2023-06-05,True,
SH-71806,J-2023-02255,2023-05-17,29,2023-05-26,True,
SH-71807,J-2023-02257,2023-05-19,50,2023-06-05,True,
SH-71808,J-2023-02258,2023-05-18,9,2023-05-31,True,
SH-71809,J-2023-02259,2023-06-05,18,2023-06-09,True,
SH-71810,J-2023-02261,2023-05-19,20,2023-06-08,True,
SH-71811,J-2023-02263,2023-05-17,12,2023-05-26,True,
SH-71812,J-2023-02265,2023-05-25,50,2023-06-05,True,
SH-71813,J-2023-02267,2023-05-19,4,2023-06-12,True,
SH-71814,J-2023-02269,2023-05-23,9,2023-06-08,True,
SH-71815,J-2023-02271,2023-05-25,26,2023-06-07,True,
SH-71816,J-2023-02273,2023-05-31,24,2023-06-12,True,
SH-71817,J-2023-02274,2023-05-23,40,2023-06-08,True,
SH-71818,J-2023-02275,2023-05-22,25,2023-06-05,True,
SH-71819,J-2023-02277,2023-05-17,45,2023-06-20,True,
SH-71820,J-2023-02279,2023-05-19,117,2023-06-16,True,
SH-71821,J-2023-02280,2023-05-17,4,2023-05-22,True,
SH-71822,J-2023-02282,2023-05-18,7,2023-05-31,True,
SH-71823,J-2023-02283,2023-05-26,40,2023-06-13,True,
SH-71824,J-2023-02284,2023-05-24,82,2023-05-30,True,
SH-71825,J-2023-02285,2023-06-01,63,2023-06-13,True,
SH-71826,J-2023-02287,2023-06-02,17,2023-06-16,True,
SH-71827,J-2023-02289,2023-05-23,3,2023-06-06,True,
SH-71828,J-2023-02290,2023-05-30,49,2023-06-13,True,
SH-71829,J-2023-02291,2023-05-26,13,2023-06-13,True,
SH-71830,J-2023-02293,2023-05-31,98,2023-06-06,True,
SH-71831,J-2023-02295,2023-05-19,26,2023-06-02,True,
SH-71832,J-2023-02296,2023-05-18,26,2023-05-30,True,
SH-71833,J-2023-02298,2023-05-22,54,2023-05-23,True,
SH-71834,J-2023-02299,2023-05-25,26,2023-06-15,True,
SH-71835,J-2023-02301,2023-05-25,2,2023-06-05,True,
SH-71836,J-2023-02302,2023-05-19,13,2023-06-02,True,
SH-71837,J-2023-02304,2023-05-19,27,2023-05-30,True,
SH-71838,J-2023-02305,2023-06-13,3,2023-06-16,True,
SH-71839,J-2023-02306,2023-05-25,13,2023-05-31,True,
SH-71840,J-2023-02307,2023-05-23,311,2023-06-01,True,
SH-71841,J-2023-02308,2023-05-30,14,2023-06-13,True,
SH-71842,J-2023-02309,2023-05-18,243,2023-05-23,True,
SH-71843,J-2023-02310,2023-05-25,47,2023-06-06,True,
SH-71844,J-2023-02311,2023-05-26,12,2023-06-13,True,
SH-71845,J-2023-02313,2023-05-19,39,2023-06-01,True,
SH-71846,J-2023-02314,2023-05-19,235,2023-05-31,True,
SH-71847,J-2023-02316,2023-06-01,6,2023-06-12,True,
SH-71848,J-2023-02318,2023-05-18,7,2023-05-23,True,
SH-71849,J-2023-02319,2023-06-02,253,2023-06-13,True,
SH-71850,J-2023-02320,2023-05-23,58,2023-06-01,True,
SH-71851,J-2023-02322,2023-06-02,10,2023-06-16,True,
SH-71852,J-2023-02324,2023-06-06,54,2023-06-13,True,
SH-71853,J-2023-02325,2023-05-24,28,2023-06-05,True,
SH-71854,J-2023-02327,2023-05-22,48,2023-05-31,True,
SH-71855,J-2023-02328,2023-05-24,56,2023-06-15,True,
SH-71856,J-2023-02330,2023-05-26,94,2023-06-09,True,
SH-71857,J-2023-02332,2023-06-01,7,2023-06-14,True,
SH-71858,J-2023-02334,2023-06-02,7,2023-06-16,True,
SH-71859,J-2023-02336,2023-05-23,153,2023-06-22,True,
SH-71860,J-2023-02337,2023-05-23,15,2023-05-31,True,
SH-71861,J-2023-02338,2023-05-24,124,2023-06-01,True,
SH-71862,J-2023-02340,2023-06-02,20,2023-06-22,True,
SH-71863,J-2023-02341,2023-05-24,33,2023-06-01,True,
SH-71864,J-2023-02342,2023-06-12,6,2023-06-15,True,
SH-71865,J-2023-02343,2023-05-23,24,2023-06-15,True,
SH-71866,J-2023-02344,2023-05-24,14,2023-06-02,True,
SH-71867,J-2023-02346,2023-06-07,360,2023-05-30,False,other
SH-71868,J-2023-02348,2023-05-19,12,2023-05-23,True,
SH-71869,J-2023-02350,2023-06-07,16,2023-06-08,True,
SH-71870,J-2023-02351,2023-05-24,14,2023-06-09,True,
SH-71871,J-2023-02353,2023-05-31,13,2023-06-15,True,
SH-71872,J-2023-02355,2023-05-23,5,2023-06-26,True,
SH-71873,J-2023-02357,2023-06-09,28,2023-06-15,True,
SH-71874,J-2023-02358,2023-05-23,4,2023-06-06,True,
SH-71875,J-2023-02359,2023-05-25,28,2023-05-31,True,
SH-71876,J-2023-02360,2023-06-01,10,2023-06-15,True,
SH-71877,J-2023-02361,2023-05-25,38,2023-06-21,True,
SH-71878,J-2023-02363,2023-05-25,5,2023-07-14,True,
SH-71879,J-2023-02365,2023-06-02,194,2023-06-16,True,
SH-71880,J-2023-02367,2023-05-26,39,2023-06-22,True,
SH-71881,J-2023-02369,2023-06-01,13,2023-06-06,True,
SH-71882,J-2023-02370,2023-05-24,29,2023-06-02,True,
SH-71883,J-2023-02372,2023-05-31,9,2023-06-02,True,
SH-71884,J-2023-02373,2023-05-31,17,2023-06-02,True,
SH-71885,J-2023-02374,2023-06-09,27,2023-06-16,True,
SH-71886,J-2023-02376,2023-05-26,31,2023-05-31,True,
SH-71887,J-2023-02378,2023-05-30,89,2023-06-15,True,
SH-71888,J-2023-02379,2023-05-30,7,2023-06-21,True,
SH-71889,J-2023-02380,2023-06-09,29,2023-06-19,True,
SH-71890,J-2023-02381,2023-06-02,21,2023-06-20,True,
SH-71891,J-2023-02383,2023-06-05,34,2023-06-19,True,
SH-71892,J-2023-02385,2023-05-31,109,2023-06-12,True,
SH-71893,J-2023-02386,2023-06-01,30,2023-06-05,True,
SH-71894,J-2023-02388,2023-06-08,3,2023-06-19,True,
SH-71895,J-2023-02390,2023-05-31,9,2023-06-16,True,
SH-71896,J-2023-02391,2023-06-08,53,2023-06-09,True,
SH-71897,J-2023-02392,2023-06-07,14,2023-07-07,True,
SH-71898,J-2023-02393,2023-06-02,79,2023-06-21,True,
SH-71899,J-2023-02394,2023-05-30,70,2023-06-09,True,
SH-71900,J-2023-02396,2023-06-14,5,2023-06-21,True,
SH-71901,J-2023-02397,2023-05-31,8,2023-05-30,False,
SH-71902,J-2023-02398,2023-06-13,101,2023-06-21,True,
SH-71903,J-2023-02400,2023-05-26,43,2023-06-06,True,
SH-71904,J-2023-02402,2023-06-15,19,2023-06-20,True,
SH-71905,J-2023-02404,2023-06-01,139,2023-06-07,True,
SH-71906,J-2023-02405,2023-05-25,23,2023-05-26,True,
SH-71907,J-2023-02406,2023-05-30,8,2023-06-19,True,
SH-71908,J-2023-02407,2023-05-31,20,2023-06-12,True,
SH-71909,J-2023-02409,2023-06-12,25,2023-06-20,True,
SH-71910,J-2023-02410,2023-05-26,20,2023-06-08,True,
SH-71911,J-2023-02411,2023-06-01,75,2023-06-23,True,
SH-71912,J-2023-02412,2023-06-09,24,2023-06-14,True,
SH-71913,J-2023-02413,2023-06-07,23,2023-06-20,True,
SH-71914,J-2023-02414,2023-06-06,171,2023-06-12,True,
SH-71915,J-2023-02416,2023-05-25,13,2023-06-05,True,
SH-71916,J-2023-02417,2023-06-08,2,2023-06-20,True,
SH-71917,J-2023-02419,2023-06-07,44,2023-06-20,True,
SH-71918,J-2023-02421,2023-06-01,42,2023-06-13,True,
SH-71919,J-2023-02422,2023-05-30,51,2023-05-31,True,
SH-71920,J-2023-02424,2023-05-30,1,2023-06-09,True,
SH-71921,J-2023-02425,2023-06-07,47,2023-06-20,True,
SH-71922,J-2023-02427,2023-06-08,136,2023-06-08,True,
SH-71923,J-2023-02428,2023-05-26,18,2023-05-31,True,
SH-71924,J-2023-02430,2023-05-31,59,2023-05-26,False,other
SH-71925,J-2023-02432,2023-06-01,163,2023-06-07,True,
SH-71926,J-2023-02434,2023-06-07,69,2023-06-22,True,
SH-71927,J-2023-02435,2023-06-02,10,2023-06-22,True,
SH-71928,J-2023-02437,2023-05-26,24,2023-06-07,True,
SH-71929,J-2023-02439,2023-06-01,48,2023-06-14,True,
SH-71930,J-2023-02441,2023-06-01,51,2023-05-30,False,other
SH-71931,J-2023-02443,2023-06-02,7,2023-06-16,True,
SH-71932,J-2023-02445,2023-06-01,44,2023-05-30,False,other
SH-71933,J-2023-02446,2023-06-15,25,2023-06-23,True,
SH-71934,J-2023-02447,2023-06-07,16,2023-07-11,True,
SH-71935,J-2023-02449,2023-06-13,95,2023-06-19,True,
SH-71936,J-2023-02450,2023-05-31,8,2023-05-31,True,
SH-71937,J-2023-02452,2023-06-01,62,2023-06-07,True,
SH-71938,J-2023-02453,2023-06-07,33,2023-06-21,True,
SH-71939,J-2023-02454,2023-06-13,51,2023-06-14,True,
SH-71940,J-2023-02456,2023-06-07,144,2023-06-28,True,
SH-71941,J-2023-02457,2023-06-01,22,2023-06-15,True,
SH-71942,J-2023-02459,2023-06-05,2,2023-05-30,False,
SH-71943,J-2023-02461,2023-05-31,19,2023-06-19,True,
SH-71944,J-2023-02463,2023-05-31,4,2023-06-12,True,
SH-71945,J-2023-02464,2023-06-08,14,2023-06-14,True,
SH-71946,J-2023-02466,2023-06-07,10,2023-06-13,True,
SH-71947,J-2023-02467,2023-06-01,7,2023-06-06,True,
SH-71948,J-2023-02468,2023-06-02,339,2023-07-03,True,
SH-71949,J-2023-02469,2023-06-02,11,2023-06-27,True,
SH-71950,J-2023-02471,2023-06-02,10,2023-06-19,True,
SH-71951,J-2023-02473,2023-06-02,33,2023-06-08,True,
SH-71952,J-2023-02475,2023-06-01,18,2023-06-08,True,
SH-71953,J-2023-02476,2023-06-01,16,2023-06-09,True,
SH-71954,J-2023-02478,2023-06-02,114,2023-06-08,True,
SH-71955,J-2023-02479,2023-06-06,35,2023-06-14,True,
SH-71956,J-2023-02481,2023-06-07,22,2023-07-05,True,
SH-71957,J-2023-02483,2023-06-05,37,2023-06-22,True,
SH-71958,J-2023-02485,2023-06-02,2,2023-06-15,True,
SH-71959,J-2023-02487,2023-06-05,17,2023-06-12,True,
SH-71960,J-2023-02488,2023-06-12,4,2023-06-22,True,
SH-71961,J-2023-02490,2023-06-01,29,2023-05-31,False,capacity
SH-71962,J-2023-02491,2023-06-05,35,2023-06-23,True,
SH-71963,J-2023-02493,2023-06-05,61,2023-06-06,True,
SH-71964,J-2023-02495,2023-06-05,12,2023-06-21,True,
SH-71965,J-2023-02497,2023-06-01,78,2023-06-06,True,
SH-71966,J-2023-02499,2023-06-07,3,2023-06-16,True,
SH-71967,J-2023-02500,2023-05-31,2,2023-06-09,True,
SH-71968,J-2023-02501,2023-06-05,93,2023-07-03,True,
SH-71969,J-2023-02503,2023-06-12,5,2023-06-19,True,
SH-71970,J-2023-02505,2023-06-08,21,2023-06-15,True,
SH-71971,J-2023-02507,2023-06-07,6,2023-06-20,True,
SH-71972,J-2023-02509,2023-06-02,146,2023-06-16,True,
SH-71973,J-2023-02511,2023-06-07,31,2023-06-23,True,
SH-71974,J-2023-02513,2023-06-20,33,2023-06-23,True,
SH-71975,J-2023-02515,2023-05-31,12,2023-06-13,True,
SH-71976,J-2023-02516,2023-06-01,22,2023-06-09,True,
SH-71977,J-2023-02518,2023-06-02,13,2023-06-30,True,
SH-71978,J-2023-02520,2023-06-09,393,2023-06-12,True,
SH-71979,J-2023-02521,2023-06-15,50,2023-06-20,True,
SH-71980,J-2023-02522,2023-06-06,134,2023-06-07,True,
SH-71981,J-2023-02523,2023-06-07,29,2023-06-29,True,
SH-71982,J-2023-02524,2023-06-07,20,2023-06-22,True,
SH-71983,J-2023-02526,2023-06-08,141,2023-06-15,True,
SH-71984,J-2023-02528,2023-06-07,11,2023-06-15,True,
SH-71985,J-2023-02530,2023-06-02,3,2023-06-13,True,
SH-71986,J-2023-02532,2023-06-02,17,2023-06-06,True,
SH-71987,J-2023-02533,2023-06-06,17,2023-06-12,True,
SH-71988,J-2023-02534,2023-06-07,20,2023-06-19,True,
SH-71989,J-2023-02535,2023-06-05,135,2023-06-02,False,outside processing
SH-71990,J-2023-02537,2023-06-15,114,2023-06-26,True,
SH-71991,J-2023-02538,2023-06-07,14,2023-06-23,True,
SH-71992,J-2023-02539,2023-06-07,18,2023-06-28,True,
SH-71993,J-2023-02540,2023-06-02,37,2023-06-13,True,
SH-71994,J-2023-02541,2023-06-02,21,2023-06-20,True,
SH-71995,J-2023-02543,2023-06-05,7,2023-06-12,True,
SH-71996,J-2023-02544,2023-06-07,18,2023-06-07,True,
SH-71997,J-2023-02546,2023-06-02,91,2023-06-29,True,
SH-71998,J-2023-02548,2023-06-12,9,2023-06-12,True,
SH-71999,J-2023-02549,2023-06-14,43,2023-06-26,True,
SH-72000,J-2023-02551,2023-06-09,14,2023-06-07,False,
SH-72001,J-2023-02553,2023-06-06,21,2023-06-21,True,
SH-72002,J-2023-02555,2023-06-16,128,2023-06-30,True,
SH-72003,J-2023-02557,2023-06-19,10,2023-06-27,True,
SH-72004,J-2023-02558,2023-06-06,37,2023-06-13,True,
SH-72005,J-2023-02560,2023-06-06,14,2023-06-13,True,
SH-72006,J-2023-02561,2023-06-09,7,2023-06-22,True,
SH-72007,J-2023-02563,2023-06-01,6,2023-06-08,True,
SH-72008,J-2023-02564,2023-06-08,22,2023-07-06,True,
SH-72009,J-2023-02566,2023-06-07,36,2023-06-14,True,
SH-72010,J-2023-02567,2023-06-05,13,2023-06-16,True,
SH-72011,J-2023-02569,2023-06-09,135,2023-06-20,True,
SH-72012,J-2023-02570,2023-06-06,61,2023-06-15,True,
SH-72013,J-2023-02572,2023-06-09,143,2023-06-16,True,
SH-72014,J-2023-02574,2023-06-07,94,2023-06-14,True,
SH-72015,J-2023-02576,2023-06-07,36,2023-06-23,True,
SH-72016,J-2023-02578,2023-06-12,47,2023-06-14,True,
SH-72017,J-2023-02580,2023-06-14,22,2023-06-23,True,
SH-72018,J-2023-02582,2023-06-06,16,2023-06-07,True,
SH-72019,J-2023-02584,2023-06-07,10,2023-07-06,True,
SH-72020,J-2023-02586,2023-06-28,25,2023-06-28,True,
SH-72021,J-2023-02587,2023-06-14,17,2023-06-26,True,
SH-72022,J-2023-02588,2023-06-20,39,2023-07-05,True,
SH-72023,J-2023-02590,2023-06-07,21,2023-07-07,True,
SH-72024,J-2023-02592,2023-06-12,33,2023-07-07,True,
SH-72025,J-2023-02594,2023-06-12,5,2023-06-15,True,
SH-72026,J-2023-02595,2023-06-27,72,2023-06-30,True,
SH-72027,J-2023-02597,2023-06-09,76,2023-06-28,True,
SH-72028,J-2023-02598,2023-06-16,248,2023-06-16,True,
SH-72029,J-2023-02600,2023-06-16,20,2023-06-29,True,
SH-72030,J-2023-02601,2023-06-09,35,2023-07-17,True,
SH-72031,J-2023-02602,2023-06-09,21,2023-06-22,True,
SH-72032,J-2023-02604,2023-06-14,36,2023-06-21,True,
SH-72033,J-2023-02606,2023-06-12,23,2023-06-20,True,
SH-72034,J-2023-02608,2023-06-07,17,2023-06-12,True,
SH-72035,J-2023-02609,2023-06-09,268,2023-06-27,True,
SH-72036,J-2023-02611,2023-06-09,30,2023-06-13,True,
SH-72037,J-2023-02612,2023-06-12,57,2023-06-30,True,
SH-72038,J-2023-02614,2023-06-14,17,2023-06-29,True,
SH-72039,J-2023-02616,2023-06-13,27,2023-07-05,True,
SH-72040,J-2023-02617,2023-06-22,7,2023-06-29,True,
SH-72041,J-2023-02618,2023-06-16,41,2023-07-03,True,
SH-72042,J-2023-02620,2023-06-13,16,2023-06-08,False,capacity
SH-72043,J-2023-02622,2023-06-19,129,2023-07-12,True,
SH-72044,J-2023-02623,2023-06-15,109,2023-06-09,False,
SH-72045,J-2023-02625,2023-06-09,123,2023-07-21,True,
SH-72046,J-2023-02627,2023-06-15,4,2023-06-21,True,
SH-72047,J-2023-02629,2023-06-09,44,2023-06-29,True,
SH-72048,J-2023-02630,2023-06-16,81,2023-07-06,True,
SH-72049,J-2023-02631,2023-06-16,2,2023-06-26,True,
SH-72050,J-2023-02632,2023-06-08,21,2023-06-21,True,
SH-72051,J-2023-02634,2023-06-23,5,2023-07-03,True,
SH-72052,J-2023-02636,2023-06-09,31,2023-06-30,True,
SH-72053,J-2023-02637,2023-06-20,33,2023-07-03,True,
SH-72054,J-2023-02639,2023-06-07,6,2023-06-13,True,
SH-72055,J-2023-02641,2023-06-14,6,2023-06-29,True,
SH-72056,J-2023-02643,2023-06-08,21,2023-06-19,True,
SH-72057,J-2023-02644,2023-06-09,50,2023-06-28,True,
SH-72058,J-2023-02646,2023-06-08,10,2023-06-14,True,
SH-72059,J-2023-02648,2023-06-14,32,2023-06-27,True,
SH-72060,J-2023-02650,2023-06-20,61,2023-06-26,True,
SH-72061,J-2023-02651,2023-06-27,25,2023-07-03,True,
SH-72062,J-2023-02653,2023-06-15,88,2023-07-03,True,
SH-72063,J-2023-02655,2023-06-13,12,2023-07-03,True,
SH-72064,J-2023-02657,2023-06-09,75,2023-06-26,True,
SH-72065,J-2023-02659,2023-06-08,48,2023-06-12,True,
SH-72066,J-2023-02660,2023-06-19,97,2023-07-03,True,
SH-72067,J-2023-02662,2023-06-13,9,2023-06-09,False,outside processing
SH-72068,J-2023-02663,2023-06-19,6,2023-07-03,True,
SH-72069,J-2023-02664,2023-06-07,1,2023-06-16,True,
SH-72070,J-2023-02665,2023-06-16,153,2023-06-20,True,
SH-72071,J-2023-02666,2023-06-13,10,2023-07-05,True,
SH-72072,J-2023-02668,2023-06-09,6,2023-06-21,True,
SH-72073,J-2023-02670,2023-06-08,7,2023-06-12,True,
SH-72074,J-2023-02671,2023-06-14,15,2023-07-10,True,
SH-72075,J-2023-02673,2023-06-12,52,2023-06-28,True,
SH-72076,J-2023-02674,2023-06-12,21,2023-06-20,True,
SH-72077,J-2023-02676,2023-06-15,33,2023-07-05,True,
SH-72078,J-2023-02677,2023-06-27,63,2023-07-19,True,
SH-72079,J-2023-02678,2023-06-20,23,2023-06-27,True,
SH-72080,J-2023-02680,2023-06-14,30,2023-07-07,True,
SH-72081,J-2023-02681,2023-06-19,4,2023-06-27,True,
SH-72082,J-2023-02682,2023-06-12,13,2023-06-26,True,
SH-72083,J-2023-02683,2023-07-03,88,2023-07-06,True,
SH-72084,J-2023-02685,2023-06-14,15,2023-06-21,True,
SH-72085,J-2023-02687,2023-06-29,31,2023-07-10,True,
SH-72086,J-2023-02688,2023-06-13,10,2023-07-06,True,
SH-72087,J-2023-02689,2023-06-26,27,2023-07-06,True,
SH-72088,J-2023-02690,2023-06-19,34,2023-06-28,True,
SH-72089,J-2023-02692,2023-06-16,17,2023-06-28,True,
SH-72090,J-2023-02693,2023-07-07,31,2023-06-22,False,capacity
SH-72091,J-2023-02695,2023-06-21,86,2023-07-06,True,
SH-72092,J-2023-02697,2023-06-14,29,2023-06-23,True,
SH-72093,J-2023-02699,2023-06-13,11,2023-06-14,True,
SH-72094,J-2023-02701,2023-07-14,29,2023-07-07,False,
SH-72095,J-2023-02703,2023-06-22,6,2023-07-07,True,
SH-72096,J-2023-02704,2023-06-13,1,2023-06-23,True,
SH-72097,J-2023-02705,2023-06-26,80,2023-07-07,True,
SH-72098,J-2023-02706,2023-06-26,33,2023-06-23,False,capacity
SH-72099,J-2023-02708,2023-06-15,25,2023-07-05,True,
SH-72100,J-2023-02710,2023-06-14,14,2023-07-03,True,
SH-72101,J-2023-02711,2023-06-14,23,2023-06-22,True,
SH-72102,J-2023-02712,2023-06-19,11,2023-06-16,False,outside processing
SH-72103,J-2023-02714,2023-06-13,20,2023-07-05,True,
SH-72104,J-2023-02716,2023-06-14,82,2023-06-22,True,
SH-72105,J-2023-02718,2023-06-23,6,2023-06-29,True,
SH-72106,J-2023-02719,2023-06-12,4,2023-06-22,True,
SH-72107,J-2023-02721,2023-06-20,3,2023-06-22,True,
SH-72108,J-2023-02723,2023-06-19,24,2023-07-06,True,
SH-72109,J-2023-02724,2023-06-14,22,2023-06-28,True,
SH-72110,J-2023-02725,2023-07-06,256,2023-06-30,False,capacity
SH-72111,J-2023-02726,2023-06-16,56,2023-07-07,True,
SH-72112,J-2023-02727,2023-06-16,77,2023-06-19,True,
SH-72113,J-2023-02729,2023-06-23,19,2023-06-30,True,
SH-72114,J-2023-02731,2023-06-22,5,2023-06-28,True,
SH-72115,J-2023-02732,2023-06-22,69,2023-07-10,True,
SH-72116,J-2023-02734,2023-06-19,11,2023-07-18,True,
SH-72117,J-2023-02735,2023-06-23,155,2023-07-11,True,
SH-72118,J-2023-02736,2023-06-16,11,2023-06-26,True,
SH-72119,J-2023-02738,2023-06-19,13,2023-07-03,True,
SH-72120,J-2023-02739,2023-06-19,33,2023-07-26,True,
SH-72121,J-2023-02740,2023-06-20,16,2023-07-03,True,
SH-72122,J-2023-02742,2023-06-22,10,2023-07-03,True,
SH-72123,J-2023-02744,2023-06-21,65,2023-07-06,True,
SH-72124,J-2023-02745,2023-06-29,5,2023-06-30,True,
SH-72125,J-2023-02747,2023-06-16,23,2023-07-07,True,
SH-72126,J-2023-02748,2023-06-23,95,2023-07-06,True,
SH-72127,J-2023-02750,2023-07-11,135,2023-07-11,True,
SH-72128,J-2023-02752,2023-06-22,14,2023-07-19,True,
SH-72129,J-2023-02754,2023-06-28,15,2023-06-29,True,
SH-72130,J-2023-02755,2023-06-20,38,2023-07-13,True,
SH-72131,J-2023-02757,2023-06-22,16,2023-07-07,True,
SH-72132,J-2023-02759,2023-06-16,3,2023-07-05,True,
SH-72133,J-2023-02761,2023-06-28,24,2023-07-03,True,
SH-72134,J-2023-02763,2023-06-20,35,2023-07-12,True,
SH-72135,J-2023-02765,2023-06-19,76,2023-07-13,True,
SH-72136,J-2023-02767,2023-06-19,26,2023-07-26,True,
SH-72137,J-2023-02768,2023-06-16,21,2023-06-16,True,
SH-72138,J-2023-02770,2023-06-19,16,2023-07-14,True,
SH-72139,J-2023-02771,2023-06-22,13,2023-07-03,True,
SH-72140,J-2023-02772,2023-06-29,2,2023-06-29,True,
SH-72141,J-2023-02774,2023-06-30,111,2023-07-11,True,
SH-72142,J-2023-02776,2023-06-16,20,2023-06-21,True,
SH-72143,J-2023-02778,2023-06-26,242,2023-07-11,True,
SH-72144,J-2023-02779,2023-06-15,21,2023-06-26,True,
SH-72145,J-2023-02780,2023-06-21,17,2023-07-05,True,
SH-72146,J-2023-02782,2023-06-19,33,2023-06-21,True,
SH-72147,J-2023-02783,2023-06-19,20,2023-06-27,True,
SH-72148,J-2023-02785,2023-06-19,14,2023-07-05,True,
SH-72149,J-2023-02787,2023-07-14,12,2023-07-28,True,
SH-72150,J-2023-02789,2023-06-26,140,2023-07-05,True,
SH-72151,J-2023-02791,2023-06-20,4,2023-07-05,True,
SH-72152,J-2023-02792,2023-06-28,17,2023-07-12,True,
SH-72153,J-2023-02793,2023-06-20,24,2023-06-23,True,
SH-72154,J-2023-02794,2023-06-19,8,2023-06-20,True,
SH-72155,J-2023-02795,2023-06-19,6,2023-06-29,True,
SH-72156,J-2023-02796,2023-06-28,35,2023-07-07,True,
SH-72157,J-2023-02798,2023-07-10,89,2023-07-13,True,
SH-72158,J-2023-02800,2023-06-28,367,2023-06-21,False,capacity
SH-72159,J-2023-02802,2023-06-26,45,2023-07-13,True,
SH-72160,J-2023-02803,2023-06-23,50,2023-07-03,True,
SH-72161,J-2023-02804,2023-06-20,11,2023-07-03,True,
SH-72162,J-2023-02806,2023-06-29,262,2023-07-14,True,
SH-72163,J-2023-02807,2023-07-03,11,2023-07-13,True,
SH-72164,J-2023-02809,2023-06-23,10,2023-07-13,True,
SH-72165,J-2023-02811,2023-06-21,19,2023-07-10,True,
SH-72166,J-2023-02812,2023-06-28,24,2023-06-28,True,
SH-72167,J-2023-02813,2023-06-22,7,2023-06-22,True,
SH-72168,J-2023-02814,2023-06-26,183,2023-07-17,True,
SH-72169,J-2023-02815,2023-06-21,3,2023-06-30,True,
SH-72170,J-2023-02817,2023-06-19,65,2023-06-28,True,
SH-72171,J-2023-02818,2023-07-05,24,2023-07-20,True,
SH-72172,J-2023-02820,2023-06-26,73,2023-07-07,True,
SH-72173,J-2023-02821,2023-06-28,2,2023-07-14,True,
SH-72174,J-2023-02823,2023-06-21,3,2023-06-29,True,
SH-72175,J-2023-02824,2023-06-26,154,2023-07-20,True,
SH-72176,J-2023-02825,2023-06-27,411,2023-07-13,True,
SH-72177,J-2023-02826,2023-06-28,38,2023-07-03,True,
SH-72178,J-2023-02828,2023-06-26,65,2023-06-26,True,
SH-72179,J-2023-02830,2023-06-21,12,2023-07-11,True,
SH-72180,J-2023-02832,2023-06-28,81,2023-07-14,True,
SH-72181,J-2023-02833,2023-07-07,113,2023-06-28,False,capacity
SH-72182,J-2023-02834,2023-06-22,1,2023-07-10,True,
SH-72183,J-2023-02836,2023-06-29,15,2023-07-13,True,
SH-72184,J-2023-02837,2023-06-21,32,2023-06-27,True,
SH-72185,J-2023-02839,2023-06-23,56,2023-07-10,True,
SH-72186,J-2023-02841,2023-06-22,6,2023-07-19,True,
SH-72187,J-2023-02842,2023-06-27,24,2023-07-10,True,
SH-72188,J-2023-02843,2023-07-07,15,2023-07-17,True,
SH-72189,J-2023-02844,2023-06-23,4,2023-07-03,True,
SH-72190,J-2023-02846,2023-06-26,33,2023-07-26,True,
SH-72191,J-2023-02847,2023-06-27,12,2023-07-05,True,
SH-72192,J-2023-02849,2023-06-30,19,2023-07-10,True,
SH-72193,J-2023-02850,2023-06-22,53,2023-06-26,True,
SH-72194,J-2023-02851,2023-06-26,24,2023-07-05,True,
SH-72195,J-2023-02852,2023-06-23,181,2023-07-03,True,
SH-72196,J-2023-02854,2023-07-07,39,2023-07-18,True,
SH-72197,J-2023-02855,2023-07-03,64,2023-07-18,True,
SH-72198,J-2023-02856,2023-06-29,108,2023-07-18,True,
SH-72199,J-2023-02858,2023-07-06,43,2023-07-24,True,
SH-72200,J-2023-02860,2023-06-27,22,2023-08-03,True,
SH-72201,J-2023-02862,2023-06-30,120,2023-07-18,True,
SH-72202,J-2023-02864,2023-06-22,34,2023-07-10,True,
SH-72203,J-2023-02866,2023-06-28,212,2023-07-26,True,
SH-72204,J-2023-02867,2023-07-05,32,2023-06-30,False,other
SH-72205,J-2023-02869,2023-06-27,30,2023-07-07,True,
SH-72206,J-2023-02870,2023-06-26,30,2023-07-11,True,
SH-72207,J-2023-02872,2023-06-30,9,2023-07-13,True,
SH-72208,J-2023-02873,2023-06-29,47,2023-07-05,True,
SH-72209,J-2023-02875,2023-07-03,1,2023-07-18,True,
SH-72210,J-2023-02876,2023-06-29,33,2023-07-25,True,
SH-72211,J-2023-02878,2023-07-14,5,2023-07-18,True,
SH-72212,J-2023-02880,2023-06-30,131,2023-07-03,True,
SH-72213,J-2023-02882,2023-07-03,30,2023-07-10,True,
SH-72214,J-2023-02884,2023-07-06,17,2023-07-03,False,material
SH-72215,J-2023-02886,2023-07-03,71,2023-07-13,True,
SH-72216,J-2023-02888,2023-07-05,12,2023-07-21,True,
SH-72217,J-2023-02889,2023-06-26,36,2023-07-28,True,
SH-72218,J-2023-02890,2023-07-10,17,2023-07-19,True,
SH-72219,J-2023-02892,2023-06-23,23,2023-06-26,True,
SH-72220,J-2023-02893,2023-06-23,156,2023-07-05,True,
SH-72221,J-2023-02894,2023-06-30,21,2023-07-19,True,
SH-72222,J-2023-02895,2023-07-10,163,2023-07-19,True,
SH-72223,J-2023-02897,2023-06-27,4,2023-07-25,True,
SH-72224,J-2023-02899,2023-07-05,66,2023-07-05,True,
SH-72225,J-2023-02901,2023-06-26,77,2023-07-10,True,
SH-72226,J-2023-02903,2023-06-29,35,2023-07-14,True,
SH-72227,J-2023-02904,2023-07-05,31,2023-07-19,True,
SH-72228,J-2023-02905,2023-06-29,26,2023-07-17,True,
SH-72229,J-2023-02906,2023-06-27,10,2023-07-11,True,
SH-72230,J-2023-02907,2023-07-19,22,2023-07-19,True,
SH-72231,J-2023-02909,2023-06-23,55,2023-07-05,True,
SH-72232,J-2023-02910,2023-06-30,19,2023-07-12,True,
SH-72233,J-2023-02911,2023-07-03,11,2023-07-11,True,
SH-72234,J-2023-02912,2023-06-29,15,2023-07-19,True,
SH-72235,J-2023-02913,2023-07-13,42,2023-07-20,True,
SH-72236,J-2023-02915,2023-07-06,42,2023-08-01,True,
SH-72237,J-2023-02916,2023-07-03,21,2023-07-28,True,
SH-72238,J-2023-02918,2023-06-27,17,2023-07-06,True,
SH-72239,J-2023-02920,2023-07-05,75,2023-06-29,False,
SH-72240,J-2023-02922,2023-07-14,19,2023-07-20,True,
SH-72241,J-2023-02924,2023-06-27,11,2023-07-20,True,
SH-72242,J-2023-02925,2023-07-10,51,2023-07-25,True,
SH-72243,J-2023-02927,2023-06-23,18,2023-07-06,True,
SH-72244,J-2023-02928,2023-06-28,20,2023-07-14,True,
SH-72245,J-2023-02929,2023-07-03,6,2023-07-25,True,
SH-72246,J-2023-02931,2023-06-30,3,2023-07-20,True,
SH-72247,J-2023-02932,2023-07-03,3,2023-07-10,True,
SH-72248,J-2023-02933,2023-07-12,62,2023-07-21,True,
SH-72249,J-2023-02935,2023-07-06,8,2023-07-25,True,
SH-72250,J-2023-02936,2023-07-07,126,2023-07-11,True,
SH-72251,J-2023-02937,2023-07-03,40,2023-07-14,True,
SH-72252,J-2023-02938,2023-07-14,19,2023-07-21,True,
SH-72253,J-2023-02940,2023-07-11,3,2023-07-21,True,
SH-72254,J-2023-02942,2023-06-30,14,2023-07-11,True,
SH-72255,J-2023-02943,2023-06-28,73,2023-07-12,True,
SH-72256,J-2023-02944,2023-07-13,18,2023-07-27,True,
SH-72257,J-2023-02946,2023-06-28,2,2023-06-30,True,
SH-72258,J-2023-02948,2023-06-28,42,2023-07-10,True,
SH-72259,J-2023-02950,2023-07-06,191,2023-07-10,True,
SH-72260,J-2023-02951,2023-07-05,8,2023-07-20,True,
SH-72261,J-2023-02953,2023-07-10,10,2023-07-19,True,
SH-72262,J-2023-02955,2023-06-29,28,2023-07-28,True,
SH-72263,J-2023-02957,2023-07-10,8,2023-06-30,False,other
SH-72264,J-2023-02959,2023-06-29,4,2023-07-11,True,
SH-72265,J-2023-02960,2023-07-11,3,2023-07-21,True,
SH-72266,J-2023-02962,2023-07-03,16,2023-07-14,True,
SH-72267,J-2023-02963,2023-06-29,23,2023-07-12,True,
SH-72268,J-2023-02965,2023-07-25,54,2023-07-24,False,
SH-72269,J-2023-02966,2023-07-06,21,2023-07-18,True,
SH-72270,J-2023-02968,2023-07-07,49,2023-07-21,True,
SH-72271,J-2023-02970,2023-07-07,12,2023-07-24,True,
SH-72272,J-2023-02971,2023-06-30,193,2023-06-29,False,
SH-72273,J-2023-02973,2023-07-24,448,2023-07-26,True,
SH-72274,J-2023-02975,2023-07-07,142,2023-07-13,True,
SH-72275,J-2023-02976,2023-07-24,74,2023-07-21,False,other
SH-72276,J-2023-02977,2023-06-29,31,2023-07-13,True,
SH-72277,J-2023-02978,2023-07-11,101,2023-07-20,True,
SH-72278,J-2023-02979,2023-07-03,16,2023-07-21,True,
SH-72279,J-2023-02981,2023-07-11,2,2023-08-03,True,
SH-72280,J-2023-02983,2023-07-05,54,2023-08-01,True,
SH-72281,J-2023-02985,2023-07-05,126,2023-07-28,True,
SH-72282,J-2023-02987,2023-07-03,8,2023-07-28,True,
SH-72283,J-2023-02989,2023-07-03,12,2023-07-13,True,
SH-72284,J-2023-02990,2023-07-17,40,2023-07-17,True,
SH-72285,J-2023-02991,2023-07-10,23,2023-07-14,True,
SH-72286,J-2023-02993,2023-07-05,258,2023-06-30,False,
SH-72287,J-2023-02995,2023-07-05,99,2023-07-18,True,
SH-72288,J-2023-02996,2023-07-06,29,2023-07-18,True,
SH-72289,J-2023-02997,2023-07-05,29,2023-07-06,True,
SH-72290,J-2023-02998,2023-06-30,77,2023-07-20,True,
SH-72291,J-2023-03000,2023-07-12,10,2023-07-24,True,
SH-72292,J-2023-03002,2023-06-30,9,2023-07-13,True,
SH-72293,J-2023-03004,2023-07-12,3,2023-07-25,True,
SH-72294,J-2023-03005,2023-07-20,35,2023-07-25,True,
SH-72295,J-2023-03007,2023-07-10,72,2023-07-31,True,
SH-72296,J-2023-03009,2023-06-30,26,2023-07-26,True,
SH-72297,J-2023-03011,2023-07-05,24,2023-07-24,True,
SH-72298,J-2023-03012,2023-07-10,7,2023-07-19,True,
SH-72299,J-2023-03013,2023-07-03,19,2023-07-17,True,
SH-72300,J-2023-03014,2023-07-18,40,2023-07-12,False,
SH-72301,J-2023-03016,2023-07-10,8,2023-07-21,True,
SH-72302,J-2023-03018,2023-07-10,17,2023-07-20,True,
SH-72303,J-2023-03019,2023-07-03,7,2023-07-25,True,
SH-72304,J-2023-03020,2023-07-07,63,2023-07-19,True,
SH-72305,J-2023-03021,2023-07-10,6,2023-07-19,True,
SH-72306,J-2023-03023,2023-07-11,15,2023-07-26,True,
SH-72307,J-2023-03025,2023-07-07,39,2023-07-24,True,
SH-72308,J-2023-03027,2023-07-17,70,2023-07-20,True,
SH-72309,J-2023-03028,2023-07-11,75,2023-07-25,True,
SH-72310,J-2023-03030,2023-07-21,74,2023-07-26,True,
SH-72311,J-2023-03031,2023-07-11,18,2023-07-26,True,
SH-72312,J-2023-03033,2023-07-13,89,2023-07-25,True,
SH-72313,J-2023-03035,2023-07-18,202,2023-07-11,False,other
SH-72314,J-2023-03037,2023-07-07,162,2023-07-12,True,
SH-72315,J-2023-03039,2023-07-13,110,2023-08-04,True,
SH-72316,J-2023-03040,2023-07-10,59,2023-07-13,True,
SH-72317,J-2023-03041,2023-07-06,10,2023-08-04,True,
SH-72318,J-2023-03042,2023-06-29,6,2023-07-03,True,
SH-72319,J-2023-03043,2023-07-12,27,2023-07-24,True,
SH-72320,J-2023-03045,2023-07-10,72,2023-07-17,True,
SH-72321,J-2023-03047,2023-07-12,19,2023-07-18,True,
SH-72322,J-2023-03049,2023-07-12,78,2023-07-31,True,
SH-72323,J-2023-03050,2023-07-11,28,2023-07-31,True,
SH-72324,J-2023-03051,2023-07-10,93,2023-07-21,True,
SH-72325,J-2023-03052,2023-07-11,5,2023-07-27,True,
SH-72326,J-2023-03053,2023-07-11,65,2023-07-24,True,
SH-72327,J-2023-03054,2023-07-07,6,2023-07-13,True,
SH-72328,J-2023-03055,2023-07-10,26,2023-07-17,True,
SH-72329,J-2023-03056,2023-07-20,37,2023-07-27,True,
SH-72330,J-2023-03057,2023-07-17,22,2023-07-27,True,
SH-72331,J-2023-03059,2023-07-15,6,2023-07-11,False,
SH-72332,J-2023-03060,2023-07-12,65,2023-08-10,True,
SH-72333,J-2023-03062,2023-07-20,39,2023-07-31,True,
SH-72334,J-2023-03064,2023-07-11,72,2023-07-13,True,
SH-72335,J-2023-03066,2023-07-07,40,2023-07-07,True,
SH-72336,J-2023-03067,2023-07-05,3,2023-07-13,True,
SH-72337,J-2023-03068,2023-07-20,9,2023-08-07,True,
SH-72338,J-2023-03070,2023-07-17,500,2023-07-20,True,
SH-72339,J-2023-03071,2023-07-05,15,2023-07-07,True,
SH-72340,J-2023-03073,2023-07-03,25,2023-07-14,True,
SH-72341,J-2023-03075,2023-07-21,8,2023-07-27,True,
SH-72342,J-2023-03077,2023-07-05,1,2023-07-07,True,
SH-72343,J-2023-03079,2023-07-10,240,2023-07-14,True,
SH-72344,J-2023-03080,2023-07-12,142,2023-07-28,True,
SH-72345,J-2023-03082,2023-07-03,8,2023-07-10,True,
SH-72346,J-2023-03084,2023-07-06,52,2023-07-13,True,
SH-72347,J-2023-03085,2023-07-12,49,2023-07-28,True,
SH-72348,J-2023-03086,2023-07-07,35,2023-07-14,True,
SH-72349,J-2023-03088,2023-07-21,198,2023-07-18,False,capacity
SH-72350,J-2023-03090,2023-07-10,29,2023-07-13,True,
SH-72351,J-2023-03091,2023-07-18,204,2023-07-11,False,other
SH-72352,J-2023-03093,2023-07-19,172,2023-07-12,False,capacity
SH-72353,J-2023-03094,2023-07-05,132,2023-07-10,True,
SH-72354,J-2023-03095,2023-07-11,13,2023-07-14,True,
SH-72355,J-2023-03096,2023-07-12,6,2023-07-28,True,
SH-72356,J-2023-03097,2023-07-11,7,2023-07-20,True,
SH-72357,J-2023-03098,2023-07-05,4,2023-07-07,True,
SH-72358,J-2023-03099,2023-07-11,1,2023-08-10,True,
SH-72359,J-2023-03100,2023-07-12,7,2023-08-21,True,
SH-72360,J-2023-03102,2023-07-06,4,2023-07-17,True,
SH-72361,J-2023-03104,2023-07-06,15,2023-07-12,True,
SH-72362,J-2023-03105,2023-07-10,7,2023-07-20,True,
SH-72363,J-2023-03107,2023-07-19,468,2023-07-19,True,
SH-72364,J-2023-03108,2023-07-06,7,2023-07-07,True,
SH-72365,J-2023-03109,2023-07-13,25,2023-07-28,True,
SH-72366,J-2023-03111,2023-07-06,50,2023-07-07,True,
SH-72367,J-2023-03113,2023-07-07,6,2023-07-10,True,
SH-72368,J-2023-03115,2023-07-10,42,2023-07-17,True,
SH-72369,J-2023-03116,2023-08-01,52,2023-08-16,True,
SH-72370,J-2023-03118,2023-07-21,12,2023-07-24,True,
SH-72371,J-2023-03120,2023-07-11,19,2023-07-24,True,
SH-72372,J-2023-03121,2023-07-11,3,2023-07-20,True,
SH-72373,J-2023-03122,2023-07-10,2,2023-08-04,True,
SH-72374,J-2023-03124,2023-07-24,11,2023-08-07,True,
SH-72375,J-2023-03126,2023-07-12,3,2023-07-28,True,
SH-72376,J-2023-03127,2023-07-11,32,2023-07-21,True,
SH-72377,J-2023-03128,2023-07-17,21,2023-08-10,True,
SH-72378,J-2023-03129,2023-07-06,28,2023-07-12,True,
SH-72379,J-2023-03130,2023-07-11,5,2023-07-20,True,
SH-72380,J-2023-03131,2023-07-10,12,2023-07-18,True,
SH-72381,J-2023-03133,2023-07-13,21,2023-07-25,True,
SH-72382,J-2023-03134,2023-07-18,15,2023-08-02,True,
SH-72383,J-2023-03136,2023-07-12,1,2023-08-04,True,
SH-72384,J-2023-03137,2023-07-12,55,2023-08-01,True,
SH-72385,J-2023-03138,2023-07-28,6,2023-08-01,True,
SH-72386,J-2023-03139,2023-07-10,44,2023-07-21,True,
SH-72387,J-2023-03140,2023-07-12,25,2023-07-18,True,
SH-72388,J-2023-03141,2023-07-17,97,2023-08-01,True,
SH-72389,J-2023-03142,2023-07-06,84,2023-07-19,True,
SH-72390,J-2023-03144,2023-07-18,3,2023-07-25,True,
SH-72391,J-2023-03145,2023-07-17,6,2023-08-03,True,
SH-72392,J-2023-03146,2023-07-13,42,2023-07-31,True,
SH-72393,J-2023-03147,2023-07-12,44,2023-07-21,True,
SH-72394,J-2023-03148,2023-07-24,12,2023-08-01,True,
SH-72395,J-2023-03150,2023-07-14,7,2023-07-18,True,
SH-72396,J-2023-03152,2023-07-18,8,2023-07-20,True,
SH-72397,J-2023-03154,2023-07-19,70,2023-08-01,True,
SH-72398,J-2023-03156,2023-07-11,48,2023-08-07,True,
SH-72399,J-2023-03158,2023-07-14,26,2023-07-26,True,
SH-72400,J-2023-03159,2023-07-25,109,2023-08-01,True,
SH-72401,J-2023-03160,2023-07-26,320,2023-08-01,True,
SH-72402,J-2023-03162,2023-07-26,35,2023-08-02,True,
SH-72403,J-2023-03164,2023-07-15,53,2023-07-11,False,capacity
SH-72404,J-2023-03166,2023-07-11,110,2023-07-31,True,
SH-72405,J-2023-03167,2023-07-13,11,2023-07-21,True,
SH-72406,J-2023-03168,2023-07-13,40,2023-07-18,True,
SH-72407,J-2023-03170,2023-08-03,46,2023-08-03,True,
SH-72408,J-2023-03172,2023-07-14,3,2023-08-11,True,
SH-72409,J-2023-03173,2023-07-31,9,2023-08-03,True,
SH-72410,J-2023-03174,2023-07-13,55,2023-07-19,True,
SH-72411,J-2023-03176,2023-07-21,18,2023-07-25,True,
SH-72412,J-2023-03177,2023-07-12,45,2023-07-13,True,
SH-72413,J-2023-03179,2023-07-19,28,2023-08-11,True,
SH-72414,J-2023-03181,2023-07-31,85,2023-08-04,True,
SH-72415,J-2023-03182,2023-07-24,11,2023-08-09,True,
SH-72416,J-2023-03183,2023-08-01,11,2023-08-04,True,
SH-72417,J-2023-03184,2023-07-18,58,2023-08-08,True,
SH-72418,J-2023-03185,2023-07-19,7,2023-08-07,True,
SH-72419,J-2023-03186,2023-07-18,13,2023-08-04,True,
SH-72420,J-2023-03188,2023-07-13,58,2023-08-25,True,
SH-72421,J-2023-03189,2023-07-18,109,2023-07-26,True,
SH-72422,J-2023-03191,2023-07-18,5,2023-07-26,True,
SH-72423,J-2023-03193,2023-07-14,20,2023-07-27,True,
SH-72424,J-2023-03194,2023-07-24,88,2023-08-04,True,
SH-72425,J-2023-03195,2023-07-14,4,2023-07-25,True,
SH-72426,J-2023-03196,2023-07-13,11,2023-07-26,True,
SH-72427,J-2023-03197,2023-07-18,10,2023-07-27,True,
SH-72428,J-2023-03198,2023-07-19,3,2023-08-09,True,
SH-72429,J-2023-03200,2023-07-26,9,2023-08-04,True,
SH-72430,J-2023-03201,2023-07-14,175,2023-07-31,True,
SH-72431,J-2023-03203,2023-07-13,5,2023-08-01,True,
SH-72432,J-2023-03205,2023-08-01,13,2023-07-28,False,capacity
SH-72433,J-2023-03207,2023-07-19,12,2023-07-31,True,
SH-72434,J-2023-03209,2023-07-20,36,2023-08-08,True,
SH-72435,J-2023-03210,2023-07-19,87,2023-08-02,True,
SH-72436,J-2023-03211,2023-07-15,29,2023-07-25,True,
SH-72437,J-2023-03213,2023-07-18,32,2023-07-18,True,
SH-72438,J-2023-03214,2023-07-26,2,2023-08-21,True,
SH-72439,J-2023-03215,2023-07-17,46,2023-07-25,True,
SH-72440,J-2023-03216,2023-07-19,6,2023-08-02,True,
SH-72441,J-2023-03218,2023-07-24,61,2023-08-07,True,
SH-72442,J-2023-03219,2023-07-26,19,2023-07-24,False,
SH-72443,J-2023-03220,2023-07-27,13,2023-08-07,True,
SH-72444,J-2023-03221,2023-07-19,13,2023-07-25,True,
SH-72445,J-2023-03222,2023-07-17,15,2023-07-19,True,
SH-72446,J-2023-03224,2023-07-20,64,2023-08-04,True,
SH-72447,J-2023-03226,2023-07-13,29,2023-07-25,True,
SH-72448,J-2023-03228,2023-07-20,25,2023-08-10,True,
SH-72449,J-2023-03230,2023-08-15,294,2023-07-25,False,capacity
SH-72450,J-2023-03231,2023-07-18,77,2023-08-04,True,
SH-72451,J-2023-03232,2023-07-19,43,2023-07-27,True,
SH-72452,J-2023-03234,2023-07-18,12,2023-07-19,True,
SH-72453,J-2023-03235,2023-07-24,26,2023-07-28,True,
SH-72454,J-2023-03237,2023-07-18,10,2023-08-08,True,
SH-72455,J-2023-03238,2023-07-27,65,2023-08-08,True,
SH-72456,J-2023-03239,2023-07-24,44,2023-07-21,False,
SH-72457,J-2023-03241,2023-07-17,11,2023-08-03,True,
SH-72458,J-2023-03242,2023-07-19,2,2023-07-25,True,
SH-72459,J-2023-03244,2023-07-19,4,2023-08-01,True,
SH-72460,J-2023-03245,2023-07-28,30,2023-08-08,True,
SH-72461,J-2023-03247,2023-07-19,40,2023-08-07,True,
SH-72462,J-2023-03248,2023-07-19,20,2023-07-27,True,
SH-72463,J-2023-03249,2023-07-25,10,2023-07-20,False,capacity
SH-72464,J-2023-03250,2023-08-02,24,2023-08-09,True,
SH-72465,J-2023-03252,2023-07-19,23,2023-07-24,True,
SH-72466,J-2023-03253,2023-07-18,21,2023-07-26,True,
SH-72467,J-2023-03254,2023-07-19,77,2023-08-11,True,
SH-72468,J-2023-03256,2023-07-31,4,2023-08-09,True,
SH-72469,J-2023-03258,2023-07-19,221,2023-07-21,True,
SH-72470,J-2023-03259,2023-07-31,103,2023-08-09,True,
SH-72471,J-2023-03261,2023-07-21,10,2023-07-26,True,
SH-72472,J-2023-03262,2023-07-26,59,2023-07-19,False,capacity
SH-72473,J-2023-03264,2023-07-21,4,2023-07-28,True,
SH-72474,J-2023-03265,2023-07-25,69,2023-07-31,True,
SH-72475,J-2023-03267,2023-07-19,15,2023-08-01,True,
SH-72476,J-2023-03268,2023-07-25,252,2023-07-20,False,capacity
SH-72477,J-2023-03270,2023-07-20,9,2023-07-31,True,
SH-72478,J-2023-03272,2023-07-18,34,2023-07-21,True,
SH-72479,J-2023-03273,2023-08-03,6,2023-08-10,True,
SH-72480,J-2023-03274,2023-07-18,15,2023-07-27,True,
SH-72481,J-2023-03275,2023-08-01,45,2023-08-02,True,
SH-72482,J-2023-03277,2023-07-26,52,2023-08-10,True,
SH-72483,J-2023-03279,2023-07-21,41,2023-07-31,True,
SH-72484,J-2023-03281,2023-07-21,16,2023-07-27,True,
SH-72485,J-2023-03282,2023-07-26,20,2023-08-16,True,
SH-72486,J-2023-03284,2023-08-10,14,2023-08-24,True,
SH-72487,J-2023-03285,2023-07-27,13,2023-08-10,True,
SH-72488,J-2023-03287,2023-07-24,102,2023-08-02,True,
SH-72489,J-2023-03289,2023-07-27,267,2023-08-18,True,
SH-72490,J-2023-03290,2023-08-04,78,2023-09-05,True,
SH-72491,J-2023-03292,2023-07-21,15,2023-07-27,True,
SH-72492,J-2023-03294,2023-08-17,127,2023-08-11,False,
SH-72493,J-2023-03296,2023-07-28,11,2023-08-11,True,
SH-72494,J-2023-03297,2023-07-20,60,2023-08-14,True,
SH-72495,J-2023-03299,2023-07-19,3,2023-07-28,True,
SH-72496,J-2023-03301,2023-07-21,67,2023-08-01,True,
SH-72497,J-2023-03302,2023-07-24,16,2023-08-02,True,
SH-72498,J-2023-03303,2023-07-20,138,2023-07-24,True,
SH-72499,J-2023-03304,2023-07-26,38,2023-08-17,True,
SH-72500,J-2023-03305,2023-07-24,4,2023-07-31,True,
SH-72501,J-2023-03306,2023-07-20,3,2023-08-03,True,
SH-72502,J-2023-03308,2023-07-25,157,2023-07-31,True,
SH-72503,J-2023-03309,2023-07-26,41,2023-08-04,True,
SH-72504,J-2023-03310,2023-07-20,91,2023-08-24,True,
SH-72505,J-2023-03312,2023-07-31,6,2023-08-14,True,
SH-72506,J-2023-03313,2023-07-26,7,2023-08-07,True,
SH-72507,J-2023-03315,2023-07-28,44,2023-08-17,True,
SH-72508,J-2023-03316,2023-07-27,39,2023-09-12,True,
SH-72509,J-2023-03317,2023-07-25,13,2023-08-04,True,
SH-72510,J-2023-03319,2023-07-24,22,2023-08-09,True,
SH-72511,J-2023-03320,2023-07-24,13,2023-08-01,True,
SH-72512,J-2023-03321,2023-08-02,11,2023-08-08,True,
SH-72513,J-2023-03323,2023-07-27,24,2023-08-14,True,
SH-72514,J-2023-03324,2023-07-25,58,2023-07-24,False,outside processing
SH-72515,J-2023-03326,2023-07-27,138,2023-08-07,True,
SH-72516,J-2023-03327,2023-07-21,9,2023-07-21,True,
SH-72517,J-2023-03329,2023-07-28,209,2023-08-14,True,
SH-72518,J-2023-03331,2023-08-01,19,2023-08-07,True,
SH-72519,J-2023-03332,2023-08-01,162,2023-07-31,False,capacity
SH-72520,J-2023-03333,2023-07-28,45,2023-08-03,True,
SH-72521,J-2023-03334,2023-07-24,26,2023-08-16,True,
SH-72522,J-2023-03335,2023-07-31,49,2023-07-31,True,
SH-72523,J-2023-03337,2023-07-20,14,2023-07-26,True,
SH-72524,J-2023-03339,2023-07-20,121,2023-07-25,True,
SH-72525,J-2023-03340,2023-08-01,193,2023-08-14,True,
SH-72526,J-2023-03341,2023-07-26,33,2023-08-02,True,
SH-72527,J-2023-03342,2023-08-01,47,2023-08-22,True,
SH-72528,J-2023-03344,2023-07-26,28,2023-08-08,True,
SH-72529,J-2023-03345,2023-07-26,56,2023-07-27,True,
SH-72530,J-2023-03346,2023-08-04,5,2023-08-01,False,material
SH-72531,J-2023-03347,2023-07-26,18,2023-08-02,True,
SH-72532,J-2023-03349,2023-07-26,20,2023-08-08,True,
SH-72533,J-2023-03351,2023-08-07,10,2023-08-17,True,
SH-72534,J-2023-03352,2023-07-26,16,2023-08-08,True,
SH-72535,J-2023-03353,2023-07-26,30,2023-08-09,True,
SH-72536,J-2023-03355,2023-07-24,14,2023-08-16,True,
SH-72537,J-2023-03357,2023-08-14,9,2023-08-16,True,
SH-72538,J-2023-03359,2023-07-27,4,2023-08-17,True,
SH-72539,J-2023-03361,2023-08-09,12,2023-08-23,True,
SH-72540,J-2023-03363,2023-07-26,7,2023-08-04,True,
SH-72541,J-2023-03365,2023-08-10,11,2023-08-03,False,material
SH-72542,J-2023-03367,2023-08-09,101,2023-08-08,False,other
SH-72543,J-2023-03368,2023-08-01,11,2023-08-16,True,
SH-72544,J-2023-03369,2023-07-24,7,2023-08-21,True,
SH-72545,J-2023-03370,2023-08-01,31,2023-08-21,True,
SH-72546,J-2023-03372,2023-08-08,10,2023-08-21,True,
SH-72547,J-2023-03373,2023-07-26,26,2023-08-11,True,
SH-72548,J-2023-03374,2023-08-04,19,2023-08-14,True,
SH-72549,J-2023-03376,2023-08-03,104,2023-07-26,False,material
SH-72550,J-2023-03378,2023-07-25,101,2023-07-31,True,
SH-72551,J-2023-03380,2023-07-26,49,2023-08-09,True,
SH-72552,J-2023-03382,2023-08-01,62,2023-07-28,False,capacity
SH-72553,J-2023-03384,2023-07-27,31,2023-08-22,True,
SH-72554,J-2023-03385,2023-07-27,4,2023-08-08,True,
SH-72555,J-2023-03386,2023-08-01,16,2023-08-17,True,
SH-72556,J-2023-03387,2023-08-14,12,2023-08-21,True,
SH-72557,J-2023-03388,2023-08-05,27,2023-08-08,True,
SH-72558,J-2023-03389,2023-08-14,12,2023-08-22,True,
SH-72559,J-2023-03390,2023-07-26,3,2023-08-15,True,
SH-72560,J-2023-03392,2023-08-14,500,2023-08-16,True,
SH-72561,J-2023-03394,2023-07-27,72,2023-08-29,True,
SH-72562,J-2023-03395,2023-08-14,6,2023-08-14,True,
SH-72563,J-2023-03396,2023-07-31,74,2023-08-10,True,
SH-72564,J-2023-03398,2023-08-02,15,2023-08-31,True,
SH-72565,J-2023-03400,2023-07-26,4,2023-07-28,True,
SH-72566,J-2023-03401,2023-08-03,139,2023-08-02,False,customer change
SH-72567,J-2023-03403,2023-07-26,58,2023-08-29,True,
SH-72568,J-2023-03405,2023-07-27,44,2023-08-23,True,
SH-72569,J-2023-03407,2023-07-28,35,2023-09-05,True,
SH-72570,J-2023-03409,2023-07-27,26,2023-08-17,True,
SH-72571,J-2023-03410,2023-08-04,69,2023-08-22,True,
SH-72572,J-2023-03411,2023-08-10,25,2023-08-18,True,
SH-72573,J-2023-03412,2023-07-31,221,2023-08-07,True,
SH-72574,J-2023-03413,2023-08-01,7,2023-08-15,True,
SH-72575,J-2023-03415,2023-07-28,18,2023-08-10,True,
SH-72576,J-2023-03417,2023-08-11,9,2023-08-18,True,
SH-72577,J-2023-03418,2023-08-01,11,2023-08-14,True,
SH-72578,J-2023-03420,2023-08-01,62,2023-08-10,True,
SH-72579,J-2023-03422,2023-08-02,13,2023-07-31,False,capacity
SH-72580,J-2023-03423,2023-08-10,316,2023-08-09,False,other
SH-72581,J-2023-03424,2023-08-03,13,2023-08-11,True,
SH-72582,J-2023-03426,2023-07-27,3,2023-08-02,True,
SH-72583,J-2023-03427,2023-07-28,52,2023-08-10,True,
SH-72584,J-2023-03428,2023-08-02,36,2023-08-23,True,
SH-72585,J-2023-03429,2023-08-01,3,2023-08-09,True,
SH-72586,J-2023-03430,2023-08-03,125,2023-08-08,True,
SH-72587,J-2023-03431,2023-08-10,104,2023-08-08,False,
SH-72588,J-2023-03432,2023-07-27,14,2023-08-01,True,
SH-72589,J-2023-03434,2023-08-15,44,2023-08-21,True,
SH-72590,J-2023-03436,2023-08-01,24,2023-08-29,True,
SH-72591,J-2023-03437,2023-08-03,18,2023-08-29,True,
SH-72592,J-2023-03439,2023-08-04,16,2023-08-23,True,
SH-72593,J-2023-03440,2023-07-28,4,2023-07-28,True,
SH-72594,J-2023-03441,2023-08-01,242,2023-07-28,False,other
SH-72595,J-2023-03442,2023-08-02,68,2023-09-08,True,
SH-72596,J-2023-03443,2023-07-28,25,2023-08-10,True,
SH-72597,J-2023-03444,2023-07-31,91,2023-08-11,True,
SH-72598,J-2023-03446,2023-08-15,2,2023-08-21,True,
SH-72599,J-2023-03448,2023-08-15,4,2023-08-24,True,
SH-72600,J-2023-03449,2023-08-01,31,2023-08-11,True,
SH-72601,J-2023-03451,2023-08-07,7,2023-08-17,True,
SH-72602,J-2023-03452,2023-07-27,14,2023-07-28,True,
SH-72603,J-2023-03453,2023-08-01,6,2023-08-09,True,
SH-72604,J-2023-03454,2023-07-27,16,2023-08-07,True,
SH-72605,J-2023-03455,2023-08-10,90,2023-08-02,False,capacity
SH-72606,J-2023-03457,2023-08-03,2,2023-08-16,True,
SH-72607,J-2023-03458,2023-08-01,15,2023-08-14,True,
SH-72608,J-2023-03460,2023-08-01,68,2023-08-28,True,
SH-72609,J-2023-03461,2023-08-08,162,2023-08-15,True,
SH-72610,J-2023-03462,2023-07-28,14,2023-08-03,True,
SH-72611,J-2023-03464,2023-08-02,17,2023-08-21,True,
SH-72612,J-2023-03465,2023-07-28,34,2023-08-18,True,
SH-72613,J-2023-03466,2023-08-09,293,2023-08-17,True,
SH-72614,J-2023-03468,2023-08-21,242,2023-08-22,True,
SH-72615,J-2023-03469,2023-08-02,10,2023-08-09,True,
SH-72616,J-2023-03470,2023-08-01,235,2023-08-15,True,
SH-72617,J-2023-03472,2023-08-10,16,2023-08-15,True,
SH-72618,J-2023-03473,2023-08-10,10,2023-08-10,True,
SH-72619,J-2023-03475,2023-07-28,13,2023-08-02,True,
SH-72620,J-2023-03477,2023-08-01,10,2023-08-09,True,
SH-72621,J-2023-03478,2023-08-04,4,2023-08-15,True,
SH-72622,J-2023-03480,2023-07-28,5,2023-08-08,True,
SH-72623,J-2023-03481,2023-08-03,6,2023-09-05,True,
SH-72624,J-2023-03483,2023-08-04,5,2023-08-22,True,
SH-72625,J-2023-03485,2023-08-03,9,2023-08-04,True,
SH-72626,J-2023-03487,2023-08-05,91,2023-08-02,False,capacity
SH-72627,J-2023-03489,2023-08-03,68,2023-08-02,False,
SH-72628,J-2023-03491,2023-08-11,1,2023-09-28,True,
SH-72629,J-2023-03493,2023-08-03,13,2023-08-18,True,
SH-72630,J-2023-03495,2023-08-02,47,2023-08-11,True,
SH-72631,J-2023-03497,2023-08-04,46,2023-08-07,True,
SH-72632,J-2023-03499,2023-08-02,19,2023-08-09,True,
SH-72633,J-2023-03500,2023-07-31,5,2023-08-02,True,
SH-72634,J-2023-03501,2023-08-02,21,2023-08-15,True,
SH-72635,J-2023-03503,2023-08-07,32,2023-08-15,True,
SH-72636,J-2023-03504,2023-08-09,28,2023-08-15,True,
SH-72637,J-2023-03506,2023-08-18,47,2023-08-14,False,
SH-72638,J-2023-03508,2023-08-09,54,2023-08-03,False,
SH-72639,J-2023-03509,2023-08-04,22,2023-09-05,True,
SH-72640,J-2023-03511,2023-08-03,250,2023-08-11,True,
SH-72641,J-2023-03512,2023-08-07,51,2023-08-15,True,
SH-72642,J-2023-03513,2023-08-01,28,2023-08-24,True,
SH-72643,J-2023-03515,2023-07-31,68,2023-08-04,True,
SH-72644,J-2023-03517,2023-08-01,44,2023-08-15,True,
SH-72645,J-2023-03519,2023-08-14,1,2023-09-01,True,
SH-72646,J-2023-03521,2023-08-14,10,2023-08-24,True,
SH-72647,J-2023-03523,2023-08-02,42,2023-08-15,True,
SH-72648,J-2023-03525,2023-08-01,17,2023-08-28,True,
SH-72649,J-2023-03526,2023-08-03,7,2023-09-13,True,
SH-72650,J-2023-03528,2023-08-07,20,2023-08-24,True,
SH-72651,J-2023-03530,2023-08-14,2,2023-08-03,False,capacity
SH-72652,J-2023-03532,2023-08-03,46,2023-08-11,True,
SH-72653,J-2023-03534,2023-08-09,1,2023-08-17,True,
SH-72654,J-2023-03535,2023-08-05,55,2023-08-16,True,
SH-72655,J-2023-03537,2023-08-07,53,2023-09-06,True,
SH-72656,J-2023-03538,2023-08-23,7,2023-08-25,True,
SH-72657,J-2023-03540,2023-08-02,2,2023-08-11,True,
SH-72658,J-2023-03541,2023-08-04,16,2023-08-21,True,
SH-72659,J-2023-03542,2023-08-10,80,2023-08-23,True,
SH-72660,J-2023-03544,2023-08-03,12,2023-08-23,True,
SH-72661,J-2023-03546,2023-08-10,365,2023-08-11,True,
SH-72662,J-2023-03548,2023-08-15,33,2023-08-17,True,
SH-72663,J-2023-03550,2023-08-14,5,2023-08-07,False,capacity
SH-72664,J-2023-03552,2023-08-03,14,2023-08-11,True,
SH-72665,J-2023-03553,2023-08-01,24,2023-08-09,True,
SH-72666,J-2023-03555,2023-08-01,17,2023-08-11,True,
SH-72667,J-2023-03557,2023-08-07,19,2023-08-21,True,
SH-72668,J-2023-03558,2023-08-10,7,2023-08-31,True,
SH-72669,J-2023-03559,2023-08-08,54,2023-09-06,True,
SH-72670,J-2023-03560,2023-08-23,20,2023-09-08,True,
SH-72671,J-2023-03562,2023-08-15,31,2023-08-30,True,
SH-72672,J-2023-03564,2023-08-21,158,2023-08-21,True,
SH-72673,J-2023-03566,2023-08-04,2,2023-08-09,True,
SH-72674,J-2023-03567,2023-08-10,35,2023-08-14,True,
SH-72675,J-2023-03568,2023-08-16,91,2023-08-24,True,
SH-72676,J-2023-03570,2023-08-03,34,2023-08-23,True,
SH-72677,J-2023-03571,2023-08-10,13,2023-08-08,False,material
SH-72678,J-2023-03573,2023-08-11,40,2023-08-17,True,
SH-72679,J-2023-03575,2023-08-10,32,2023-08-23,True,
SH-72680,J-2023-03577,2023-08-04,150,2023-08-14,True,
SH-72681,J-2023-03578,2023-08-04,44,2023-08-11,True,
SH-72682,J-2023-03580,2023-08-08,72,2023-08-22,True,
SH-72683,J-2023-03582,2023-08-11,4,2023-09-08,True,
SH-72684,J-2023-03584,2023-08-07,79,2023-08-17,True,
SH-72685,J-2023-03585,2023-08-11,126,2023-09-08,True,
SH-72686,J-2023-03586,2023-08-08,37,2023-08-09,True,
SH-72687,J-2023-03587,2023-08-05,15,2023-08-09,True,
SH-72688,J-2023-03588,2023-08-09,6,2023-08-18,True,
SH-72689,J-2023-03589,2023-08-24,40,2023-08-28,True,
SH-72690,J-2023-03590,2023-08-14,9,2023-08-29,True,
SH-72691,J-2023-03592,2023-08-16,3,2023-08-21,True,
SH-72692,J-2023-03593,2023-08-10,134,2023-08-21,True,
SH-72693,J-2023-03594,2023-08-17,14,2023-08-17,True,
SH-72694,J-2023-03595,2023-08-08,60,2023-08-21,True,
SH-72695,J-2023-03597,2023-08-14,63,2023-08-29,True,
SH-72696,J-2023-03599,2023-08-03,9,2023-08-04,True,
SH-72697,J-2023-03601,2023-08-16,17,2023-08-28,True,
SH-72698,J-2023-03602,2023-08-14,20,2023-08-24,True,
SH-72699,J-2023-03603,2023-08-16,136,2023-08-21,True,
SH-72700,J-2023-03605,2023-08-15,59,2023-08-25,True,
SH-72701,J-2023-03607,2023-08-11,143,2023-08-28,True,
SH-72702,J-2023-03609,2023-08-08,11,2023-08-21,True,
SH-72703,J-2023-03611,2023-08-08,31,2023-08-10,True,
SH-72704,J-2023-03613,2023-08-10,121,2023-08-25,True,
SH-72705,J-2023-03615,2023-08-21,45,2023-08-29,True,
SH-72706,J-2023-03617,2023-08-11,13,2023-09-13,True,
SH-72707,J-2023-03619,2023-08-21,9,2023-08-29,True,
SH-72708,J-2023-03620,2023-08-10,104,2023-08-22,True,
SH-72709,J-2023-03621,2023-08-16,2,2023-08-30,True,
SH-72710,J-2023-03623,2023-08-15,98,2023-08-29,True,
SH-72711,J-2023-03624,2023-08-08,34,2023-09-14,True,
SH-72712,J-2023-03626,2023-08-14,36,2023-08-23,True,
SH-72713,J-2023-03628,2023-08-11,21,2023-08-18,True,
SH-72714,J-2023-03629,2023-08-16,56,2023-08-14,False,other
SH-72715,J-2023-03631,2023-08-22,16,2023-08-23,True,
SH-72716,J-2023-03633,2023-08-11,18,2023-08-15,True,
SH-72717,J-2023-03635,2023-08-18,199,2023-08-11,False,outside processing
SH-72718,J-2023-03637,2023-08-08,5,2023-08-15,True,
SH-72719,J-2023-03638,2023-08-18,2,2023-08-30,True,
SH-72720,J-2023-03639,2023-08-23,41,2023-08-30,True,
SH-72721,J-2023-03640,2023-08-10,38,2023-08-24,True,
SH-72722,J-2023-03642,2023-08-10,30,2023-08-25,True,
SH-72723,J-2023-03643,2023-08-15,49,2023-09-01,True,
SH-72724,J-2023-03644,2023-08-11,58,2023-09-05,True,
SH-72725,J-2023-03645,2023-08-08,23,2023-08-25,True,
SH-72726,J-2023-03646,2023-08-11,47,2023-09-07,True,
SH-72727,J-2023-03648,2023-08-07,13,2023-09-12,True,
SH-72728,J-2023-03650,2023-08-10,11,2023-08-22,True,
SH-72729,J-2023-03652,2023-08-09,18,2023-08-14,True,
SH-72730,J-2023-03654,2023-08-10,70,2023-08-28,True,
SH-72731,J-2023-03656,2023-08-17,5,2023-08-25,True,
SH-72732,J-2023-03658,2023-09-08,18,2023-09-05,False,material
SH-72733,J-2023-03660,2023-08-22,13,2023-09-05,True,
SH-72734,J-2023-03662,2023-08-11,4,2023-08-22,True,
SH-72735,J-2023-03663,2023-08-18,20,2023-08-28,True,
SH-72736,J-2023-03665,2023-08-18,9,2023-09-05,True,
SH-72737,J-2023-03666,2023-08-29,4,2023-09-05,True,
SH-72738,J-2023-03667,2023-08-15,114,2023-08-21,True,
SH-72739,J-2023-03668,2023-08-10,12,2023-08-22,True,
SH-72740,J-2023-03669,2023-08-11,13,2023-09-11,True,
SH-72741,J-2023-03671,2023-08-10,12,2023-08-21,True,
SH-72742,J-2023-03673,2023-08-22,180,2023-09-05,True,
SH-72743,J-2023-03675,2023-08-17,224,2023-10-26,True,
SH-72744,J-2023-03677,2023-08-11,61,2023-08-22,True,
SH-72745,J-2023-03679,2023-08-18,27,2023-08-30,True,
SH-72746,J-2023-03681,2023-08-16,30,2023-08-31,True,
SH-72747,J-2023-03682,2023-08-11,130,2023-08-21,True,
SH-72748,J-2023-03683,2023-08-21,22,2023-08-17,False,
SH-72749,J-2023-03684,2023-08-28,198,2023-09-05,True,
SH-72750,J-2023-03686,2023-08-16,42,2023-09-01,True,
SH-72751,J-2023-03688,2023-08-21,7,2023-09-05,True,
SH-72752,J-2023-03689,2023-08-17,47,2023-08-31,True,
SH-72753,J-2023-03690,2023-08-25,3,2023-08-31,True,
SH-72754,J-2023-03691,2023-08-15,39,2023-08-29,True,
SH-72755,J-2023-03692,2023-08-18,5,2023-08-24,True,
SH-72756,J-2023-03694,2023-08-16,20,2023-08-17,True,
SH-72757,J-2023-03696,2023-08-31,8,2023-09-11,True,
SH-72758,J-2023-03698,2023-08-14,137,2023-08-24,True,
SH-72759,J-2023-03699,2023-08-18,65,2023-09-06,True,
SH-72760,J-2023-03700,2023-08-24,3,2023-08-29,True,
SH-72761,J-2023-03702,2023-08-11,76,2023-08-30,True,
SH-72762,J-2023-03704,2023-08-28,11,2023-09-01,True,
SH-72763,J-2023-03705,2023-08-30,14,2023-09-15,True,
SH-72764,J-2023-03707,2023-08-15,20,2023-09-06,True,
SH-72765,J-2023-03709,2023-08-15,56,2023-08-15,True,
SH-72766,J-2023-03710,2023-08-14,22,2023-09-06,True,
SH-72767,J-2023-03711,2023-08-14,18,2023-09-14,True,
SH-72768,J-2023-03712,2023-08-22,373,2023-09-07,True,
SH-72769,J-2023-03714,2023-08-25,2,2023-09-19,True,
SH-72770,J-2023-03715,2023-08-22,51,2023-08-18,False,quality
SH-72771,J-2023-03716,2023-08-23,50,2023-08-29,True,
SH-72772,J-2023-03718,2023-08-18,3,2023-09-14,True,
SH-72773,J-2023-03719,2023-08-30,249,2023-09-05,True,
SH-72774,J-2023-03720,2023-08-21,3,2023-08-29,True,
SH-72775,J-2023-03721,2023-08-23,92,2023-08-30,True,
SH-72776,J-2023-03722,2023-08-15,8,2023-08-16,True,
SH-72777,J-2023-03724,2023-08-15,33,2023-08-17,True,
SH-72778,J-2023-03725,2023-08-18,34,2023-09-05,True,
SH-72779,J-2023-03727,2023-08-25,182,2023-08-16,False,
SH-72780,J-2023-03729,2023-09-05,144,2023-08-30,False,capacity
SH-72781,J-2023-03731,2023-08-17,5,2023-08-30,True,
SH-72782,J-2023-03732,2023-08-21,61,2023-09-01,True,
SH-72783,J-2023-03734,2023-08-16,25,2023-08-25,True,
SH-72784,J-2023-03735,2023-08-23,125,2023-08-23,True,
SH-72785,J-2023-03737,2023-08-24,82,2023-08-30,True,
SH-72786,J-2023-03739,2023-08-29,91,2023-09-15,True,
SH-72787,J-2023-03741,2023-09-07,7,2023-09-26,True,
SH-72788,J-2023-03742,2023-08-16,69,2023-08-22,True,
SH-72789,J-2023-03744,2023-08-30,14,2023-09-11,True,
SH-72790,J-2023-03746,2023-08-22,98,2023-09-11,True,
SH-72791,J-2023-03747,2023-08-22,17,2023-08-28,True,
SH-72792,J-2023-03748,2023-08-21,36,2023-09-01,True,
SH-72793,J-2023-03749,2023-08-18,10,2023-09-12,True,
SH-72794,J-2023-03751,2023-08-18,76,2023-09-08,True,
SH-72795,J-2023-03753,2023-08-25,46,2023-09-21,True,
SH-72796,J-2023-03754,2023-08-22,74,2023-09-29,True,
SH-72797,J-2023-03755,2023-09-01,12,2023-09-12,True,
SH-72798,J-2023-03756,2023-08-22,17,2023-09-12,True,
SH-72799,J-2023-03758,2023-08-24,7,2023-09-05,True,
SH-72800,J-2023-03759,2023-08-18,37,2023-08-18,True,
SH-72801,J-2023-03760,2023-08-25,15,2023-10-02,True,
SH-72802,J-2023-03761,2023-08-21,15,2023-08-28,True,
SH-72803,J-2023-03762,2023-08-24,69,2023-08-18,False,
SH-72804,J-2023-03764,2023-08-17,12,2023-09-21,True,
SH-72805,J-2023-03766,2023-08-31,30,2023-09-12,True,
SH-72806,J-2023-03767,2023-08-31,5,2023-09-12,True,
SH-72807,J-2023-03769,2023-08-17,12,2023-08-30,True,
SH-72808,J-2023-03771,2023-08-24,7,2023-09-05,True,
SH-72809,J-2023-03772,2023-08-22,10,2023-09-12,True,
SH-72810,J-2023-03773,2023-08-16,17,2023-08-31,True,
SH-72811,J-2023-03775,2023-08-30,4,2023-09-13,True,
SH-72812,J-2023-03777,2023-08-30,67,2023-09-13,True,
SH-72813,J-2023-03779,2023-08-31,23,2023-09-05,True,
SH-72814,J-2023-03781,2023-08-28,61,2023-09-14,True,
SH-72815,J-2023-03782,2023-08-30,386,2023-08-30,True,
SH-72816,J-2023-03783,2023-09-06,51,2023-08-31,False,other
SH-72817,J-2023-03784,2023-08-21,39,2023-09-06,True,
SH-72818,J-2023-03785,2023-09-06,114,2023-09-13,True,
SH-72819,J-2023-03787,2023-08-21,41,2023-09-06,True,
SH-72820,J-2023-03789,2023-08-31,238,2023-08-21,False,outside processing
SH-72821,J-2023-03790,2023-08-25,4,2023-08-28,True,
SH-72822,J-2023-03791,2023-08-24,6,2023-08-30,True,
SH-72823,J-2023-03793,2023-08-22,4,2023-09-12,True,
SH-72824,J-2023-03794,2023-09-11,156,2023-09-05,False,capacity
SH-72825,J-2023-03796,2023-08-25,7,2023-09-05,True,
SH-72826,J-2023-03798,2023-08-31,67,2023-09-06,True,
SH-72827,J-2023-03799,2023-08-22,44,2023-09-11,True,
SH-72828,J-2023-03800,2023-08-21,130,2023-09-06,True,
SH-72829,J-2023-03802,2023-08-30,14,2023-09-14,True,
SH-72830,J-2023-03804,2023-08-29,7,2023-09-14,True,
SH-72831,J-2023-03805,2023-09-05,26,2023-10-03,True,
SH-72832,J-2023-03807,2023-08-24,18,2023-08-29,True,
SH-72833,J-2023-03809,2023-08-29,23,2023-09-13,True,
SH-72834,J-2023-03811,2023-09-25,90,2023-10-09,True,
SH-72835,J-2023-03812,2023-08-25,7,2023-08-31,True,
SH-72836,J-2023-03813,2023-08-30,37,2023-09-05,True,
SH-72837,J-2023-03815,2023-08-24,299,2023-09-15,True,
SH-72838,J-2023-03816,2023-08-23,39,2023-09-06,True,
SH-72839,J-2023-03818,2023-08-31,8,2023-09-15,True,
SH-72840,J-2023-03820,2023-08-31,5,2023-09-19,True,
SH-72841,J-2023-03821,2023-08-30,1,2023-09-14,True,
SH-72842,J-2023-03822,2023-08-31,6,2023-09-15,True,
SH-72843,J-2023-03823,2023-08-25,8,2023-08-24,False,capacity
SH-72844,J-2023-03824,2023-09-13,177,2023-09-01,False,other
SH-72845,J-2023-03825,2023-08-28,51,2023-10-09,True,
SH-72846,J-2023-03827,2023-08-25,34,2023-09-06,True,
SH-72847,J-2023-03828,2023-09-13,61,2023-09-18,True,
SH-72848,J-2023-03830,2023-08-29,37,2023-09-14,True,
SH-72849,J-2023-03831,2023-08-29,43,2023-09-12,True,
SH-72850,J-2023-03833,2023-09-14,9,2023-09-25,True,
SH-72851,J-2023-03834,2023-08-30,14,2023-09-22,True,
SH-72852,J-2023-03835,2023-09-01,27,2023-09-19,True,
SH-72853,J-2023-03837,2023-08-24,66,2023-09-14,True,
SH-72854,J-2023-03839,2023-08-31,55,2023-09-05,True,
SH-72855,J-2023-03841,2023-08-23,9,2023-08-25,True,
SH-72856,J-2023-03843,2023-08-24,31,2023-09-18,True,
SH-72857,J-2023-03844,2023-08-24,8,2023-08-31,True,
SH-72858,J-2023-03846,2023-08-24,18,2023-08-29,True,
SH-72859,J-2023-03848,2023-08-28,63,2023-09-27,True,
SH-72860,J-2023-03849,2023-08-25,11,2023-09-19,True,
SH-72861,J-2023-03850,2023-09-06,4,2023-08-30,False,
SH-72862,J-2023-03852,2023-09-11,24,2023-08-30,False,
SH-72863,J-2023-03853,2023-08-25,14,2023-10-02,True,
SH-72864,J-2023-03854,2023-08-23,66,2023-09-05,True,
SH-72865,J-2023-03856,2023-08-28,19,2023-09-12,True,
SH-72866,J-2023-03858,2023-09-01,158,2023-09-19,True,
SH-72867,J-2023-03860,2023-08-29,12,2023-09-12,True,
SH-72868,J-2023-03862,2023-08-24,13,2023-09-05,True,
SH-72869,J-2023-03863,2023-09-08,1,2023-09-19,True,
SH-72870,J-2023-03864,2023-08-25,38,2023-08-28,True,
SH-72871,J-2023-03866,2023-09-12,168,2023-09-20,True,
SH-72872,J-2023-03867,2023-08-25,9,2023-09-15,True,
SH-72873,J-2023-03869,2023-08-28,68,2023-08-31,True,
SH-72874,J-2023-03871,2023-08-31,8,2023-09-20,True,
SH-72875,J-2023-03873,2023-08-30,26,2023-08-29,False,
SH-72876,J-2023-03875,2023-09-12,359,2023-09-29,True,
SH-72877,J-2023-03877,2023-08-28,14,2023-09-19,True,
SH-72878,J-2023-03879,2023-08-30,109,2023-09-19,True,
SH-72879,J-2023-03880,2023-09-12,34,2023-09-25,True,
SH-72880,J-2023-03882,2023-08-31,14,2023-09-06,True,
SH-72881,J-2023-03884,2023-09-01,202,2023-09-15,True,
SH-72882,J-2023-03886,2023-09-05,8,2023-09-19,True,
SH-72883,J-2023-03887,2023-09-11,14,2023-09-20,True,
SH-72884,J-2023-03888,2023-08-30,148,2023-09-22,True,
SH-72885,J-2023-03889,2023-09-13,17,2023-09-21,True,
SH-72886,J-2023-03890,2023-09-13,43,2023-09-15,True,
SH-72887,J-2023-03892,2023-09-05,127,2023-09-19,True,
SH-72888,J-2023-03893,2023-08-25,5,2023-08-30,True,
SH-72889,J-2023-03895,2023-08-30,12,2023-09-11,True,
SH-72890,J-2023-03897,2023-08-29,47,2023-09-06,True,
SH-72891,J-2023-03899,2023-09-05,51,2023-09-07,True,
SH-72892,J-2023-03900,2023-08-28,5,2023-09-21,True,
SH-72893,J-2023-03902,2023-08-31,47,2023-09-15,True,
SH-72894,J-2023-03904,2023-09-12,35,2023-09-12,True,
SH-72895,J-2023-03905,2023-09-05,40,2023-09-18,True,
SH-72896,J-2023-03907,2023-09-26,49,2023-10-16,True,
SH-72897,J-2023-03908,2023-08-29,35,2023-09-08,True,
SH-72898,J-2023-03910,2023-08-30,27,2023-09-11,True,
SH-72899,J-2023-03912,2023-08-30,8,2023-09-07,True,
SH-72900,J-2023-03913,2023-08-31,97,2023-09-08,True,
SH-72901,J-2023-03915,2023-08-31,10,2023-09-07,True,
SH-72902,J-2023-03916,2023-09-14,238,2023-09-27,True,
SH-72903,J-2023-03917,2023-08-31,11,2023-10-12,True,
SH-72904,J-2023-03918,2023-09-20,148,2023-09-19,False,material
SH-72905,J-2023-03919,2023-08-30,21,2023-08-31,True,
SH-72906,J-2023-03920,2023-09-01,7,2023-09-21,True,
SH-72907,J-2023-03921,2023-09-11,23,2023-09-18,True,
SH-72908,J-2023-03922,2023-08-30,17,2023-09-05,True,
SH-72909,J-2023-03924,2023-08-31,14,2023-09-14,True,
SH-72910,J-2023-03926,2023-08-30,48,2023-09-11,True,
SH-72911,J-2023-03927,2023-09-11,13,2023-09-14,True,
SH-72912,J-2023-03929,2023-08-29,39,2023-08-31,True,
SH-72913,J-2023-03931,2023-09-12,114,2023-09-26,True,
SH-72914,J-2023-03932,2023-09-14,2,2023-09-20,True,
SH-72915,J-2023-03934,2023-09-08,59,2023-09-19,True,
SH-72916,J-2023-03936,2023-09-05,26,2023-10-05,True,
SH-72917,J-2023-03937,2023-09-13,61,2023-09-26,True,
SH-72918,J-2023-03938,2023-09-25,18,2023-09-26,True,
SH-72919,J-2023-03939,2023-09-07,5,2023-09-22,True,
SH-72920,J-2023-03941,2023-09-07,55,2023-09-20,True,
SH-72921,J-2023-03942,2023-08-31,14,2023-09-12,True,
SH-72922,J-2023-03943,2023-09-12,38,2023-09-07,False,
SH-72923,J-2023-03945,2023-09-12,170,2023-09-06,False,
SH-72924,J-2023-03947,2023-08-31,50,2023-09-07,True,
SH-72925,J-2023-03949,2023-09-01,17,2023-09-12,True,
SH-72926,J-2023-03950,2023-09-01,6,2023-09-28,True,
SH-72927,J-2023-03951,2023-09-12,26,2023-09-12,True,
SH-72928,J-2023-03953,2023-09-21,55,2023-09-07,False,
SH-72929,J-2023-03955,2023-09-07,45,2023-10-11,True,
SH-72930,J-2023-03957,2023-09-07,50,2023-09-21,True,
SH-72931,J-2023-03958,2023-09-08,38,2023-09-22,True,
SH-72932,J-2023-03960,2023-09-07,37,2023-09-26,True,
SH-72933,J-2023-03962,2023-09-05,2,2023-10-03,True,
SH-72934,J-2023-03963,2023-09-11,163,2023-09-19,True,
SH-72935,J-2023-03965,2023-09-14,28,2023-10-09,True,
SH-72936,J-2023-03966,2023-09-05,49,2023-09-15,True,
SH-72937,J-2023-03968,2023-09-07,30,2023-09-21,True,
SH-72938,J-2023-03970,2023-09-05,16,2023-09-28,True,
SH-72939,J-2023-03971,2023-09-06,25,2023-11-02,True,
SH-72940,J-2023-03972,2023-09-12,93,2023-10-02,True,
SH-72941,J-2023-03974,2023-09-07,17,2023-09-25,True,
SH-72942,J-2023-03975,2023-09-07,26,2023-10-06,True,
SH-72943,J-2023-03976,2023-09-12,33,2023-09-20,True,
SH-72944,J-2023-03978,2023-09-08,7,2023-09-18,True,
SH-72945,J-2023-03980,2023-09-07,8,2023-09-21,True,
SH-72946,J-2023-03981,2023-09-01,5,2023-10-09,True,
SH-72947,J-2023-03983,2023-09-05,26,2023-09-20,True,
SH-72948,J-2023-03984,2023-09-13,12,2023-09-27,True,
SH-72949,J-2023-03985,2023-09-08,5,2023-09-28,True,
SH-72950,J-2023-03986,2023-09-05,13,2023-09-11,True,
SH-72951,J-2023-03987,2023-09-07,11,2023-09-28,True,
SH-72952,J-2023-03989,2023-09-05,36,2023-09-11,True,
SH-72953,J-2023-03991,2023-09-18,18,2023-10-04,True,
SH-72954,J-2023-03992,2023-09-21,123,2023-09-22,True,
SH-72955,J-2023-03994,2023-09-01,36,2023-09-14,True,
SH-72956,J-2023-03996,2023-09-08,8,2023-09-21,True,
SH-72957,J-2023-03998,2023-09-12,80,2023-09-14,True,
SH-72958,J-2023-03999,2023-09-12,253,2023-09-27,True,
SH-72959,J-2023-04001,2023-09-08,48,2023-09-19,True,
SH-72960,J-2023-04003,2023-09-07,55,2023-10-04,True,
SH-72961,J-2023-04005,2023-09-11,57,2023-09-21,True,
SH-72962,J-2023-04007,2023-09-06,12,2023-09-19,True,
SH-72963,J-2023-04008,2023-09-07,9,2023-09-12,True,
SH-72964,J-2023-04010,2023-09-25,6,2023-09-29,True,
SH-72965,J-2023-04012,2023-09-08,50,2023-09-15,True,
SH-72966,J-2023-04014,2023-09-08,110,2023-09-29,True,
SH-72967,J-2023-04016,2023-09-11,16,2023-09-22,True,
SH-72968,J-2023-04017,2023-09-26,20,2023-09-29,True,
SH-72969,J-2023-04018,2023-09-08,15,2023-09-20,True,
SH-72970,J-2023-04020,2023-09-06,12,2023-09-13,True,
SH-72971,J-2023-04022,2023-09-11,8,2023-09-20,True,
SH-72972,J-2023-04023,2023-09-21,88,2023-09-25,True,
SH-72973,J-2023-04025,2023-09-13,35,2023-09-25,True,
SH-72974,J-2023-04027,2023-09-14,22,2023-10-02,True,
SH-72975,J-2023-04029,2023-09-08,37,2023-09-18,True,
SH-72976,J-2023-04030,2023-09-20,8,2023-10-02,True,
SH-72977,J-2023-04032,2023-09-08,34,2023-09-11,True,
SH-72978,J-2023-04033,2023-09-11,7,2023-09-12,True,
SH-72979,J-2023-04035,2023-09-15,89,2023-09-25,True,
SH-72980,J-2023-04037,2023-09-07,54,2023-09-08,True,
SH-72981,J-2023-04038,2023-09-08,14,2023-09-19,True,
SH-72982,J-2023-04040,2023-09-12,6,2023-09-25,True,
SH-72983,J-2023-04042,2023-09-11,21,2023-09-18,True,
SH-72984,J-2023-04043,2023-09-11,36,2023-10-12,True,
SH-72985,J-2023-04045,2023-09-08,5,2023-09-20,True,
SH-72986,J-2023-04047,2023-09-11,17,2023-09-22,True,
SH-72987,J-2023-04049,2023-09-14,25,2023-09-28,True,
SH-72988,J-2023-04050,2023-09-08,74,2023-09-13,True,
SH-72989,J-2023-04052,2023-09-15,22,2023-10-16,True,
SH-72990,J-2023-04053,2023-09-15,201,2023-10-13,True,
SH-72991,J-2023-04054,2023-09-26,133,2023-09-26,True,
SH-72992,J-2023-04055,2023-09-12,35,2023-09-15,True,
SH-72993,J-2023-04057,2023-09-14,25,2023-09-20,True,
SH-72994,J-2023-04058,2023-09-08,18,2023-09-27,True,
SH-72995,J-2023-04060,2023-09-12,8,2023-09-28,True,
SH-72996,J-2023-04061,2023-09-12,17,2023-09-19,True,
SH-72997,J-2023-04062,2023-09-12,38,2023-09-22,True,
SH-72998,J-2023-04064,2023-09-26,145,2023-10-10,True,
SH-72999,J-2023-04066,2023-09-13,61,2023-09-22,True,
SH-73000,J-2023-04068,2023-09-20,27,2023-09-19,False,
SH-73001,J-2023-04069,2023-09-20,4,2023-09-20,True,
SH-73002,J-2023-04070,2023-09-18,15,2023-09-27,True,
SH-73003,J-2023-04072,2023-09-15,1,2023-10-04,True,
SH-73004,J-2023-04074,2023-09-08,7,2023-10-02,True,
SH-73005,J-2023-04075,2023-09-14,63,2023-10-02,True,
SH-73006,J-2023-04076,2023-09-12,36,2023-09-25,True,
SH-73007,J-2023-04077,2023-09-11,14,2023-09-20,True,
SH-73008,J-2023-04079,2023-09-08,23,2023-09-28,True,
SH-73009,J-2023-04080,2023-09-14,13,2023-10-11,True,
SH-73010,J-2023-04082,2023-09-18,58,2023-09-20,True,
SH-73011,J-2023-04083,2023-09-14,9,2023-10-17,True,
SH-73012,J-2023-04084,2023-09-14,34,2023-10-06,True,
SH-73013,J-2023-04086,2023-09-20,373,2023-10-02,True,
SH-73014,J-2023-04087,2023-09-20,5,2023-09-15,False,capacity
SH-73015,J-2023-04088,2023-09-14,106,2023-09-20,True,
SH-73016,J-2023-04090,2023-09-19,11,2023-09-27,True,
SH-73017,J-2023-04091,2023-09-13,21,2023-09-20,True,
SH-73018,J-2023-04093,2023-09-28,17,2023-09-21,False,material
SH-73019,J-2023-04095,2023-09-12,8,2023-10-05,True,
SH-73020,J-2023-04097,2023-09-08,14,2023-09-15,True,
SH-73021,J-2023-04099,2023-10-02,13,2023-10-04,True,
SH-73022,J-2023-04100,2023-09-13,43,2023-09-29,True,
SH-73023,J-2023-04102,2023-09-25,4,2023-10-04,True,
SH-73024,J-2023-04103,2023-09-13,15,2023-10-06,True,
SH-73025,J-2023-04105,2023-09-18,28,2023-09-22,True,
SH-73026,J-2023-04106,2023-09-14,67,2023-09-14,True,
SH-73027,J-2023-04108,2023-09-13,73,2023-09-28,True,
SH-73028,J-2023-04110,2023-09-20,38,2023-10-05,True,
SH-73029,J-2023-04112,2023-09-19,54,2023-09-29,True,
SH-73030,J-2023-04113,2023-09-20,18,2023-09-14,False,capacity
SH-73031,J-2023-04114,2023-09-13,16,2023-09-21,True,
SH-73032,J-2023-04115,2023-09-12,42,2023-09-25,True,
SH-73033,J-2023-04116,2023-09-18,137,2023-09-26,True,
SH-73034,J-2023-04118,2023-09-14,16,2023-10-09,True,
SH-73035,J-2023-04119,2023-09-13,7,2023-09-14,True,
SH-73036,J-2023-04121,2023-09-29,3,2023-10-11,True,
SH-73037,J-2023-04123,2023-09-12,5,2023-09-21,True,
SH-73038,J-2023-04124,2023-09-18,57,2023-10-17,True,
SH-73039,J-2023-04125,2023-09-13,24,2023-09-26,True,
SH-73040,J-2023-04127,2023-09-13,70,2023-09-28,True,
SH-73041,J-2023-04129,2023-09-22,40,2023-09-28,True,
SH-73042,J-2023-04131,2023-09-26,68,2023-10-06,True,
SH-73043,J-2023-04132,2023-09-18,34,2023-10-03,True,
SH-73044,J-2023-04133,2023-09-14,10,2023-09-29,True,
SH-73045,J-2023-04135,2023-09-26,13,2023-09-28,True,
SH-73046,J-2023-04136,2023-09-14,88,2023-10-17,True,
SH-73047,J-2023-04137,2023-10-04,5,2023-10-18,True,
SH-73048,J-2023-04139,2023-09-18,69,2023-10-05,True,
SH-73049,J-2023-04140,2023-09-29,3,2023-10-06,True,
SH-73050,J-2023-04141,2023-09-21,8,2023-10-19,True,
SH-73051,J-2023-04143,2023-09-15,11,2023-10-20,True,
SH-73052,J-2023-04145,2023-09-15,33,2023-09-26,True,
SH-73053,J-2023-04146,2023-09-14,20,2023-10-09,True,
SH-73054,J-2023-04148,2023-10-05,16,2023-10-09,True,
SH-73055,J-2023-04149,2023-09-12,22,2023-09-15,True,
SH-73056,J-2023-04151,2023-09-20,55,2023-09-27,True,
SH-73057,J-2023-04153,2023-09-21,17,2023-10-16,True,
SH-73058,J-2023-04155,2023-09-21,74,2023-10-09,True,
SH-73059,J-2023-04156,2023-09-27,94,2023-10-04,True,
SH-73060,J-2023-04158,2023-09-13,18,2023-09-18,True,
SH-73061,J-2023-04159,2023-09-26,7,2023-10-06,True,
SH-73062,J-2023-04161,2023-09-15,15,2023-09-25,True,
SH-73063,J-2023-04162,2023-10-12,235,2023-10-17,True,
SH-73064,J-2023-04163,2023-09-20,33,2023-09-25,True,
SH-73065,J-2023-04165,2023-09-20,1,2023-10-12,True,
SH-73066,J-2023-04167,2023-09-25,60,2023-09-20,False,
SH-73067,J-2023-04169,2023-09-19,4,2023-10-02,True,
SH-73068,J-2023-04171,2023-09-22,205,2023-10-02,True,
SH-73069,J-2023-04172,2023-10-04,7,2023-10-11,True,
SH-73070,J-2023-04174,2023-10-03,17,2023-10-09,True,
SH-73071,J-2023-04175,2023-09-19,32,2023-10-02,True,
SH-73072,J-2023-04176,2023-09-15,7,2023-09-19,True,
SH-73073,J-2023-04178,2023-09-14,10,2023-09-25,True,
SH-73074,J-2023-04179,2023-09-18,36,2023-09-20,True,
SH-73075,J-2023-04181,2023-09-18,53,2023-09-26,True,
SH-73076,J-2023-04182,2023-09-18,28,2023-10-05,True,
SH-73077,J-2023-04184,2023-10-11,5,2023-10-09,False,material
SH-73078,J-2023-04186,2023-09-19,13,2023-09-28,True,
SH-73079,J-2023-04188,2023-09-20,13,2023-09-29,True,
SH-73080,J-2023-04189,2023-09-15,5,2023-09-25,True,
SH-73081,J-2023-04191,2023-09-18,56,2023-10-02,True,
SH-73082,J-2023-04193,2023-09-19,22,2023-09-29,True,
SH-73083,J-2023-04195,2023-09-28,47,2023-09-25,False,
SH-73084,J-2023-04197,2023-09-22,36,2023-10-10,True,
SH-73085,J-2023-04198,2023-09-15,14,2023-09-25,True,
SH-73086,J-2023-04199,2023-09-26,54,2023-09-28,True,
SH-73087,J-2023-04200,2023-10-04,3,2023-10-09,True,
SH-73088,J-2023-04202,2023-09-15,61,2023-09-27,True,
SH-73089,J-2023-04203,2023-09-18,12,2023-09-27,True,
SH-73090,J-2023-04204,2023-09-15,25,2023-09-29,True,
SH-73091,J-2023-04205,2023-09-20,29,2023-09-28,True,
SH-73092,J-2023-04206,2023-09-20,42,2023-10-04,True,
SH-73093,J-2023-04208,2023-09-18,60,2023-10-03,True,
SH-73094,J-2023-04210,2023-09-19,31,2023-10-04,True,
SH-73095,J-2023-04211,2023-09-19,17,2023-10-02,True,
SH-73096,J-2023-04213,2023-09-22,10,2023-09-29,True,
SH-73097,J-2023-04215,2023-09-28,4,2023-10-02,True,
SH-73098,J-2023-04217,2023-09-28,221,2023-10-10,True,
SH-73099,J-2023-04219,2023-09-15,15,2023-09-18,True,
SH-73100,J-2023-04221,2023-09-20,52,2023-09-26,True,
SH-73101,J-2023-04223,2023-09-15,5,2023-09-19,True,
SH-73102,J-2023-04224,2023-09-18,47,2023-10-11,True,
SH-73103,J-2023-04226,2023-09-27,4,2023-10-10,True,
SH-73104,J-2023-04227,2023-10-03,54,2023-10-06,True,
SH-73105,J-2023-04228,2023-09-14,23,2023-10-06,True,
SH-73106,J-2023-04229,2023-10-05,31,2023-10-10,True,
SH-73107,J-2023-04231,2023-09-18,6,2023-09-28,True,
SH-73108,J-2023-04232,2023-09-25,65,2023-09-27,True,
SH-73109,J-2023-04234,2023-09-18,35,2023-10-04,True,
SH-73110,J-2023-04235,2023-09-19,81,2023-10-17,True,
SH-73111,J-2023-04236,2023-09-19,20,2023-10-18,True,
SH-73112,J-2023-04237,2023-10-02,203,2023-10-11,True,
SH-73113,J-2023-04239,2023-09-18,84,2023-09-27,True,
SH-73114,J-2023-04240,2023-09-26,173,2023-10-09,True,
SH-73115,J-2023-04241,2023-09-27,11,2023-09-29,True,
SH-73116,J-2023-04243,2023-09-22,24,2023-10-09,True,
SH-73117,J-2023-04244,2023-09-19,2,2023-10-18,True,
SH-73118,J-2023-04245,2023-09-22,8,2023-10-05,True,
SH-73119,J-2023-04247,2023-09-21,59,2023-10-05,True,
SH-73120,J-2023-04249,2023-09-29,5,2023-10-09,True,
SH-73121,J-2023-04251,2023-09-26,5,2023-10-17,True,
SH-73122,J-2023-04253,2023-09-19,3,2023-09-28,True,
SH-73123,J-2023-04254,2023-09-19,55,2023-09-25,True,
SH-73124,J-2023-04256,2023-09-25,57,2023-10-03,True,
SH-73125,J-2023-04258,2023-09-22,54,2023-10-12,True,
SH-73126,J-2023-04259,2023-09-21,10,2023-10-16,True,
SH-73127,J-2023-04261,2023-09-20,11,2023-10-02,True,
SH-73128,J-2023-04262,2023-10-03,381,2023-10-03,True,
SH-73129,J-2023-04263,2023-10-06,1,2023-10-19,True,
SH-73130,J-2023-04265,2023-09-27,1,2023-10-12,True,
SH-73131,J-2023-04266,2023-09-29,3,2023-10-12,True,
SH-73132,J-2023-04268,2023-09-27,9,2023-10-05,True,
SH-73133,J-2023-04270,2023-10-03,98,2023-10-12,True,
SH-73134,J-2023-04271,2023-09-19,15,2023-10-05,True,
SH-73135,J-2023-04272,2023-10-06,12,2023-10-12,True,
SH-73136,J-2023-04273,2023-09-22,105,2023-09-25,True,
SH-73137,J-2023-04275,2023-09-26,20,2023-10-05,True,
SH-73138,J-2023-04276,2023-09-21,32,2023-10-05,True,
SH-73139,J-2023-04278,2023-09-27,40,2023-09-28,True,
SH-73140,J-2023-04280,2023-09-25,18,2023-10-03,True,
SH-73141,J-2023-04281,2023-09-21,23,2023-10-10,True,
SH-73142,J-2023-04283,2023-10-05,33,2023-10-13,True,
SH-73143,J-2023-04284,2023-09-29,500,2023-10-04,True,
SH-73144,J-2023-04285,2023-09-25,12,2023-10-16,True,
SH-73145,J-2023-04286,2023-10-04,2,2023-10-04,True,
SH-73146,J-2023-04287,2023-10-04,44,2023-10-13,True,
SH-73147,J-2023-04288,2023-09-20,12,2023-09-22,True,
SH-73148,J-2023-04290,2023-10-02,1,2023-10-13,True,
SH-73149,J-2023-04292,2023-09-27,25,2023-10-06,True,
SH-73150,J-2023-04294,2023-09-29,8,2023-10-13,True,
SH-73151,J-2023-04295,2023-09-27,15,2023-10-11,True,
SH-73152,J-2023-04296,2023-09-20,52,2023-10-09,True,
SH-73153,J-2023-04298,2023-09-26,17,2023-10-13,True,
SH-73154,J-2023-04299,2023-09-25,35,2023-10-16,True,
SH-73155,J-2023-04300,2023-09-21,63,2023-09-26,True,
SH-73156,J-2023-04302,2023-09-22,32,2023-10-06,True,
SH-73157,J-2023-04303,2023-09-25,4,2023-10-09,True,
SH-73158,J-2023-04305,2023-09-29,49,2023-09-27,False,other
SH-73159,J-2023-04307,2023-09-28,72,2023-09-29,True,
SH-73160,J-2023-04308,2023-10-02,6,2023-10-13,True,
SH-73161,J-2023-04309,2023-10-11,31,2023-11-10,True,
SH-73162,J-2023-04310,2023-09-27,15,2023-10-16,True,
SH-73163,J-2023-04311,2023-09-26,74,2023-10-03,True,
SH-73164,J-2023-04312,2023-09-21,20,2023-10-13,True,
SH-73165,J-2023-04314,2023-09-27,33,2023-10-18,True,
SH-73166,J-2023-04315,2023-09-22,14,2023-10-05,True,
SH-73167,J-2023-04317,2023-09-27,27,2023-10-09,True,
SH-73168,J-2023-04319,2023-10-12,30,2023-10-12,True,
SH-73169,J-2023-04321,2023-10-02,3,2023-10-16,True,
SH-73170,J-2023-04322,2023-09-26,12,2023-10-23,True,
SH-73171,J-2023-04324,2023-09-28,23,2023-10-10,True,
SH-73172,J-2023-04325,2023-09-25,10,2023-10-03,True,
SH-73173,J-2023-04327,2023-09-27,30,2023-10-03,True,
SH-73174,J-2023-04328,2023-10-10,4,2023-10-23,True,
SH-73175,J-2023-04329,2023-09-27,67,2023-10-09,True,
SH-73176,J-2023-04331,2023-09-28,8,2023-10-09,True,
SH-73177,J-2023-04333,2023-10-03,267,2023-10-09,True,
SH-73178,J-2023-04334,2023-10-02,32,2023-10-16,True,
SH-73179,J-2023-04335,2023-10-06,135,2023-10-11,True,
SH-73180,J-2023-04336,2023-09-22,97,2023-10-02,True,
SH-73181,J-2023-04337,2023-10-04,63,2023-10-16,True,
SH-73182,J-2023-04338,2023-09-25,29,2023-09-25,True,
SH-73183,J-2023-04340,2023-10-31,28,2023-10-25,False,
SH-73184,J-2023-04342,2023-10-04,57,2023-10-16,True,
SH-73185,J-2023-04344,2023-09-26,27,2023-10-11,True,
SH-73186,J-2023-04345,2023-09-22,84,2023-10-02,True,
SH-73187,J-2023-04346,2023-09-26,58,2023-10-13,True,
SH-73188,J-2023-04347,2023-10-02,101,2023-10-16,True,
SH-73189,J-2023-04349,2023-09-27,22,2023-10-11,True,
SH-73190,J-2023-04351,2023-09-28,10,2023-10-09,True,
SH-73191,J-2023-04353,2023-10-09,44,2023-10-16,True,
SH-73192,J-2023-04354,2023-09-27,61,2023-09-26,False,outside processing
SH-73193,J-2023-04356,2023-09-25,117,2023-10-09,True,
SH-73194,J-2023-04357,2023-09-28,78,2023-10-09,True,
SH-73195,J-2023-04359,2023-10-04,11,2023-10-16,True,
SH-73196,J-2023-04361,2023-09-29,17,2023-10-05,True,
SH-73197,J-2023-04363,2023-10-04,25,2023-10-09,True,
SH-73198,J-2023-04364,2023-09-22,141,2023-10-02,True,
SH-73199,J-2023-04365,2023-09-26,22,2023-09-25,False,
SH-73200,J-2023-04367,2023-09-27,94,2023-11-03,True,
SH-73201,J-2023-04369,2023-10-04,72,2023-10-16,True,
SH-73202,J-2023-04370,2023-09-20,8,2023-09-26,True,
SH-73203,J-2023-04371,2023-10-04,14,2023-10-16,True,
SH-73204,J-2023-04372,2023-09-26,4,2023-10-16,True,
SH-73205,J-2023-04373,2023-09-25,116,2023-10-04,True,
SH-73206,J-2023-04374,2023-09-29,39,2023-10-09,True,
SH-73207,J-2023-04376,2023-10-04,2,2023-10-17,True,
SH-73208,J-2023-04377,2023-09-22,5,2023-10-03,True,
SH-73209,J-2023-04378,2023-10-04,107,2023-10-17,True,
SH-73210,J-2023-04380,2023-09-26,18,2023-10-03,True,
SH-73211,J-2023-04382,2023-09-25,7,2023-10-10,True,
SH-73212,J-2023-04383,2023-09-22,21,2023-10-03,True,
SH-73213,J-2023-04384,2023-10-10,14,2023-10-10,True,
SH-73214,J-2023-04386,2023-09-27,177,2023-10-19,True,
SH-73215,J-2023-04387,2023-10-02,104,2023-10-12,True,
SH-73216,J-2023-04389,2023-10-16,12,2023-11-16,True,
SH-73217,J-2023-04391,2023-10-03,8,2023-10-06,True,
SH-73218,J-2023-04392,2023-10-11,57,2023-10-17,True,
SH-73219,J-2023-04394,2023-10-02,83,2023-10-11,True,
SH-73220,J-2023-04396,2023-09-29,42,2023-10-13,True,
SH-73221,J-2023-04398,2023-09-26,8,2023-10-04,True,
SH-73222,J-2023-04400,2023-10-06,71,2023-10-19,True,
SH-73223,J-2023-04401,2023-09-26,9,2023-10-27,True,
SH-73224,J-2023-04402,2023-09-26,16,2023-10-11,True,
SH-73225,J-2023-04404,2023-09-27,15,2023-09-26,False,material
SH-73226,J-2023-04406,2023-10-05,21,2023-10-18,True,
SH-73227,J-2023-04407,2023-09-26,12,2023-10-12,True,
SH-73228,J-2023-04408,2023-09-26,36,2023-09-28,True,
SH-73229,J-2023-04409,2023-09-22,3,2023-09-29,True,
SH-73230,J-2023-04411,2023-09-29,29,2023-10-02,True,
SH-73231,J-2023-04412,2023-10-11,21,2023-10-18,True,
SH-73232,J-2023-04413,2023-09-28,15,2023-10-11,True,
SH-73233,J-2023-04414,2023-09-25,13,2023-09-26,True,
SH-73234,J-2023-04415,2023-10-09,5,2023-10-18,True,
SH-73235,J-2023-04416,2023-09-29,17,2023-10-02,True,
SH-73236,J-2023-04418,2023-10-11,36,2023-10-18,True,
SH-73237,J-2023-04419,2023-09-27,7,2023-09-27,True,
SH-73238,J-2023-04421,2023-09-26,19,2023-10-16,True,
SH-73239,J-2023-04422,2023-10-12,10,2023-10-17,True,
SH-73240,J-2023-04424,2023-09-29,145,2023-10-13,True,
SH-73241,J-2023-04426,2023-10-02,5,2023-10-09,True,
SH-73242,J-2023-04428,2023-10-02,32,2023-10-02,True,
SH-73243,J-2023-04429,2023-10-09,3,2023-10-19,True,
SH-73244,J-2023-04431,2023-10-03,14,2023-10-06,True,
SH-73245,J-2023-04433,2023-09-27,3,2023-10-05,True,
SH-73246,J-2023-04435,2023-09-28,19,2023-10-05,True,
SH-73247,J-2023-04436,2023-10-04,22,2023-10-11,True,
SH-73248,J-2023-04438,2023-10-02,26,2023-10-02,True,
SH-73249,J-2023-04440,2023-09-29,31,2023-10-02,True,
SH-73250,J-2023-04441,2023-10-04,53,2023-10-09,True,
SH-73251,J-2023-04442,2023-09-27,105,2023-09-29,True,
SH-73252,J-2023-04444,2023-09-27,19,2023-10-06,True,
SH-73253,J-2023-04445,2023-10-04,29,2023-10-20,True,
SH-73254,J-2023-04446,2023-10-04,28,2023-10-11,True,
SH-73255,J-2023-04447,2023-09-28,110,2023-10-11,True,
SH-73256,J-2023-04449,2023-10-05,28,2023-10-20,True,
SH-73257,J-2023-04451,2023-10-02,15,2023-10-11,True,
SH-73258,J-2023-04453,2023-10-19,210,2023-10-16,False,capacity
SH-73259,J-2023-04454,2023-10-16,272,2023-10-09,False,other
SH-73260,J-2023-04456,2023-09-28,55,2023-09-29,True,
SH-73261,J-2023-04457,2023-10-06,108,2023-10-23,True,
SH-73262,J-2023-04458,2023-10-05,288,2023-10-18,True,
SH-73263,J-2023-04460,2023-10-04,158,2023-10-12,True,
SH-73264,J-2023-04461,2023-10-11,19,2023-10-26,True,
SH-73265,J-2023-04463,2023-09-29,2,2023-10-02,True,
SH-73266,J-2023-04464,2023-10-05,18,2023-10-26,True,
SH-73267,J-2023-04466,2023-10-11,6,2023-10-24,True,
SH-73268,J-2023-04468,2023-10-10,6,2023-10-16,True,
SH-73269,J-2023-04469,2023-09-29,1,2023-10-03,True,
SH-73270,J-2023-04470,2023-10-03,13,2023-10-03,True,
SH-73271,J-2023-04472,2023-09-28,28,2023-10-20,True,
SH-73272,J-2023-04473,2023-10-05,51,2023-10-18,True,
SH-73273,J-2023-04475,2023-09-29,9,2023-10-09,True,
SH-73274,J-2023-04477,2023-10-04,66,2023-10-16,True,
SH-73275,J-2023-04478,2023-10-13,12,2023-10-23,True,
SH-73276,J-2023-04480,2023-10-17,172,2023-10-17,True,
SH-73277,J-2023-04481,2023-10-17,156,2023-10-16,False,capacity
SH-73278,J-2023-04482,2023-10-05,10,2023-10-23,True,
SH-73279,J-2023-04483,2023-10-20,75,2023-11-06,True,
SH-73280,J-2023-04485,2023-09-29,27,2023-10-16,True,
SH-73281,J-2023-04487,2023-10-06,31,2023-11-27,True,
SH-73282,J-2023-04489,2023-10-18,12,2023-10-23,True,
SH-73283,J-2023-04490,2023-10-05,33,2023-10-23,True,
SH-73284,J-2023-04492,2023-10-13,3,2023-10-11,False,other
SH-73285,J-2023-04494,2023-10-05,38,2023-10-09,True,
SH-73286,J-2023-04496,2023-10-17,41,2023-10-23,True,
SH-73287,J-2023-04497,2023-10-05,8,2023-10-09,True,
SH-73288,J-2023-04498,2023-10-18,85,2023-11-29,True,
SH-73289,J-2023-04500,2023-10-11,15,2023-10-24,True,
SH-73290,J-2023-04502,2023-10-04,88,2023-10-05,True,
SH-73291,J-2023-04504,2023-10-05,10,2023-10-09,True,
SH-73292,J-2023-04506,2023-10-03,9,2023-10-17,True,
SH-73293,J-2023-04507,2023-10-10,25,2023-10-13,True,
SH-73294,J-2023-04508,2023-10-03,56,2023-10-06,True,
SH-73295,J-2023-04510,2023-10-05,68,2023-10-04,False,capacity
SH-73296,J-2023-04511,2023-10-11,96,2023-10-10,False,capacity
SH-73297,J-2023-04512,2023-10-05,13,2023-10-06,True,
SH-73298,J-2023-04514,2023-10-18,130,2023-10-30,True,
SH-73299,J-2023-04516,2023-10-13,195,2023-11-06,True,
SH-73300,J-2023-04518,2023-10-03,17,2023-10-03,True,
SH-73301,J-2023-04520,2023-10-10,10,2023-10-11,True,
SH-73302,J-2023-04522,2023-09-29,34,2023-10-04,True,
SH-73303,J-2023-04524,2023-10-12,57,2023-10-13,True,
SH-73304,J-2023-04526,2023-10-06,30,2023-10-10,True,
SH-73305,J-2023-04528,2023-10-11,4,2023-10-24,True,
SH-73306,J-2023-04529,2023-10-09,5,2023-10-26,True,
SH-73307,J-2023-04531,2023-10-09,68,2023-10-20,True,
SH-73308,J-2023-04533,2023-10-11,3,2023-10-16,True,
SH-73309,J-2023-04534,2023-10-20,30,2023-10-30,True,
SH-73310,J-2023-04536,2023-10-06,17,2023-10-05,False,capacity
SH-73311,J-2023-04538,2023-10-05,14,2023-11-06,True,
SH-73312,J-2023-04540,2023-10-10,35,2023-10-19,True,
SH-73313,J-2023-04541,2023-10-05,22,2023-10-23,True,
SH-73314,J-2023-04542,2023-10-06,6,2023-10-16,True,
SH-73315,J-2023-04543,2023-10-05,42,2023-10-11,True,
SH-73316,J-2023-04545,2023-10-13,19,2023-10-24,True,
SH-73317,J-2023-04546,2023-10-13,29,2023-10-25,True,
SH-73318,J-2023-04548,2023-09-29,7,2023-10-03,True,
SH-73319,J-2023-04550,2023-10-24,32,2023-11-02,True,
SH-73320,J-2023-04552,2023-10-09,50,2023-10-18,True,
SH-73321,J-2023-04554,2023-10-16,39,2023-10-04,False,capacity
SH-73322,J-2023-04556,2023-10-20,17,2023-10-25,True,
SH-73323,J-2023-04558,2023-10-13,8,2023-10-25,True,
SH-73324,J-2023-04560,2023-10-23,14,2023-10-25,True,
SH-73325,J-2023-04561,2023-10-04,67,2023-10-06,True,
SH-73326,J-2023-04562,2023-10-11,84,2023-10-25,True,
SH-73327,J-2023-04564,2023-10-05,59,2023-10-05,True,
SH-73328,J-2023-04565,2023-10-03,43,2023-10-04,True,
SH-73329,J-2023-04566,2023-10-20,23,2023-10-25,True,
SH-73330,J-2023-04567,2023-10-03,26,2023-10-12,True,
SH-73331,J-2023-04568,2023-10-12,20,2023-11-07,True,
SH-73332,J-2023-04569,2023-10-09,9,2023-10-12,True,
SH-73333,J-2023-04570,2023-10-16,15,2023-10-12,False,
SH-73334,J-2023-04572,2023-10-23,22,2023-10-26,True,
SH-73335,J-2023-04573,2023-10-13,45,2023-10-19,True,
SH-73336,J-2023-04575,2023-10-05,7,2023-10-17,True,
SH-73337,J-2023-04577,2023-10-04,100,2023-10-12,True,
SH-73338,J-2023-04578,2023-10-10,15,2023-10-18,True,
SH-73339,J-2023-04580,2023-10-11,13,2023-10-13,True,
SH-73340,J-2023-04582,2023-10-03,4,2023-10-04,True,
SH-73341,J-2023-04583,2023-10-16,135,2023-10-26,True,
SH-73342,J-2023-04584,2023-10-09,32,2023-10-18,True,
SH-73343,J-2023-04585,2023-10-03,22,2023-10-06,True,
SH-73344,J-2023-04586,2023-10-11,11,2023-10-19,True,
SH-73345,J-2023-04588,2023-10-18,429,2023-10-16,False,capacity
SH-73346,J-2023-04589,2023-10-12,9,2023-10-31,True,
SH-73347,J-2023-04591,2023-10-03,82,2023-10-05,True,
SH-73348,J-2023-04593,2023-10-10,83,2023-10-16,True,
SH-73349,J-2023-04595,2023-10-11,262,2023-11-01,True,
SH-73350,J-2023-04596,2023-10-09,19,2023-10-27,True,
SH-73351,J-2023-04597,2023-10-04,13,2023-10-05,True,
SH-73352,J-2023-04599,2023-10-11,38,2023-10-25,True,
SH-73353,J-2023-04601,2023-10-13,51,2023-10-27,True,
SH-73354,J-2023-04603,2023-10-11,29,2023-10-27,True,
SH-73355,J-2023-04604,2023-10-11,93,2023-10-05,False,
SH-73356,J-2023-04606,2023-10-09,67,2023-10-13,True,
SH-73357,J-2023-04607,2023-10-11,10,2023-10-27,True,
SH-73358,J-2023-04609,2023-10-13,3,2023-10-06,False,capacity
SH-73359,J-2023-04611,2023-10-19,25,2023-10-23,True,
SH-73360,J-2023-04612,2023-10-12,31,2023-10-25,True,
SH-73361,J-2023-04613,2023-10-16,10,2023-10-27,True,
SH-73362,J-2023-04614,2023-10-11,131,2023-10-16,True,
SH-73363,J-2023-04616,2023-10-03,8,2023-10-06,True,
SH-73364,J-2023-04618,2023-10-04,42,2023-10-06,True,
SH-73365,J-2023-04620,2023-10-30,26,2023-11-07,True,
SH-73366,J-2023-04621,2023-10-13,38,2023-10-26,True,
SH-73367,J-2023-04622,2023-10-09,2,2023-10-18,True,
SH-73368,J-2023-04623,2023-10-12,54,2023-10-17,True,
SH-73369,J-2023-04625,2023-10-05,8,2023-10-11,True,
SH-73370,J-2023-04626,2023-10-16,5,2023-10-30,True,
SH-73371,J-2023-04628,2023-10-10,83,2023-10-23,True,
SH-73372,J-2023-04629,2023-10-05,2,2023-10-11,True,
SH-73373,J-2023-04631,2023-10-06,6,2023-10-16,True,
SH-73374,J-2023-04633,2023-10-12,10,2023-10-24,True,
SH-73375,J-2023-04635,2023-10-10,33,2023-10-16,True,
SH-73376,J-2023-04637,2023-10-11,28,2023-11-01,True,
SH-73377,J-2023-04638,2023-10-10,9,2023-10-24,True,
SH-73378,J-2023-04640,2023-10-25,7,2023-10-30,True,
SH-73379,J-2023-04642,2023-10-05,17,2023-10-11,True,
SH-73380,J-2023-04644,2023-10-23,46,2023-10-26,True,
SH-73381,J-2023-04646,2023-10-11,20,2023-10-23,True,
SH-73382,J-2023-04647,2023-10-12,22,2023-10-19,True,
SH-73383,J-2023-04649,2023-10-04,7,2023-10-06,True,
SH-73384,J-2023-04650,2023-10-09,27,2023-10-16,True,
SH-73385,J-2023-04651,2023-10-11,36,2023-10-23,True,
SH-73386,J-2023-04653,2023-10-06,34,2023-10-16,True,
SH-73387,J-2023-04654,2023-10-11,37,2023-10-18,True,
SH-73388,J-2023-04655,2023-10-11,24,2023-10-11,True,
SH-73389,J-2023-04657,2023-10-06,8,2023-10-16,True,
SH-73390,J-2023-04658,2023-10-20,11,2023-10-30,True,
SH-73391,J-2023-04660,2023-10-13,47,2023-10-25,True,
SH-73392,J-2023-04662,2023-10-05,9,2023-10-11,True,
SH-73393,J-2023-04663,2023-10-12,12,2023-10-18,True,
SH-73394,J-2023-04664,2023-10-20,93,2023-10-11,False,other
SH-73395,J-2023-04666,2023-10-12,10,2023-10-24,True,
SH-73396,J-2023-04668,2023-10-18,14,2023-10-13,False,outside processing
SH-73397,J-2023-04670,2023-10-20,86,2023-10-30,True,
SH-73398,J-2023-04672,2023-10-12,21,2023-11-06,True,
SH-73399,J-2023-04673,2023-10-09,29,2023-10-19,True,
SH-73400,J-2023-04675,2023-10-09,14,2023-10-17,True,
SH-73401,J-2023-04676,2023-10-12,19,2023-10-19,True,
SH-73402,J-2023-04678,2023-10-17,4,2023-10-30,True,
SH-73403,J-2023-04679,2023-10-18,43,2023-10-30,True,
SH-73404,J-2023-04680,2023-10-23,19,2023-10-30,True,
SH-73405,J-2023-04681,2023-10-06,202,2023-10-16,True,
SH-73406,J-2023-04682,2023-10-23,37,2023-11-01,True,
SH-73407,J-2023-04683,2023-10-06,5,2023-10-12,True,
SH-73408,J-2023-04685,2023-10-11,6,2023-10-23,True,
SH-73409,J-2023-04687,2023-10-19,4,2023-10-24,True,
SH-73410,J-2023-04689,2023-10-16,15,2023-11-07,True,
SH-73411,J-2023-04691,2023-10-16,51,2023-10-18,True,
SH-73412,J-2023-04692,2023-10-16,12,2023-10-24,True,
SH-73413,J-2023-04693,2023-10-13,32,2023-10-17,True,
SH-73414,J-2023-04694,2023-10-11,3,2023-10-11,True,
SH-73415,J-2023-04695,2023-10-11,12,2023-10-25,True,
SH-73416,J-2023-04696,2023-10-18,65,2023-10-31,True,
SH-73417,J-2023-04697,2023-10-09,4,2023-10-09,True,
SH-73418,J-2023-04698,2023-10-11,15,2023-10-11,True,
SH-73419,J-2023-04699,2023-10-12,14,2023-11-02,True,
SH-73420,J-2023-04701,2023-10-13,42,2023-10-25,True,
SH-73421,J-2023-04703,2023-10-18,24,2023-11-01,True,
SH-73422,J-2023-04705,2023-10-17,134,2023-10-27,True,
SH-73423,J-2023-04707,2023-10-24,32,2023-11-08,True,
SH-73424,J-2023-04708,2023-10-12,17,2023-11-06,True,
SH-73425,J-2023-04710,2023-10-11,500,2023-10-10,False,
SH-73426,J-2023-04711,2023-10-13,4,2023-10-10,False,material
SH-73427,J-2023-04712,2023-10-06,5,2023-10-12,True,
SH-73428,J-2023-04713,2023-10-09,127,2023-10-13,True,
SH-73429,J-2023-04714,2023-10-11,58,2023-10-16,True,
SH-73430,J-2023-04716,2023-10-10,89,2023-10-23,True,
SH-73431,J-2023-04717,2023-10-16,57,2023-10-16,True,
SH-73432,J-2023-04719,2023-10-16,31,2023-11-06,True,
SH-73433,J-2023-04720,2023-10-12,22,2023-10-30,True,
SH-73434,J-2023-04721,2023-10-13,12,2023-10-23,True,
SH-73435,J-2023-04723,2023-10-19,9,2023-11-07,True,
SH-73436,J-2023-04725,2023-11-09,18,2023-11-30,True,
SH-73437,J-2023-04727,2023-10-18,75,2023-11-01,True,
SH-73438,J-2023-04729,2023-10-25,31,2023-10-24,False,
SH-73439,J-2023-04731,2023-10-12,39,2023-10-23,True,
SH-73440,J-2023-04732,2023-10-13,33,2023-10-31,True,
SH-73441,J-2023-04733,2023-10-10,45,2023-10-12,True,
SH-73442,J-2023-04735,2023-10-25,58,2023-11-02,True,
SH-73443,J-2023-04737,2023-10-13,7,2023-10-26,True,
SH-73444,J-2023-04739,2023-10-12,19,2023-10-20,True,
SH-73445,J-2023-04740,2023-10-18,13,2023-11-08,True,
SH-73446,J-2023-04741,2023-10-18,114,2023-10-16,False,
SH-73447,J-2023-04742,2023-10-24,88,2023-11-03,True,
SH-73448,J-2023-04744,2023-10-12,76,2023-10-31,True,
SH-73449,J-2023-04745,2023-10-13,29,2023-10-17,True,
SH-73450,J-2023-04746,2023-10-12,9,2023-10-27,True,
SH-73451,J-2023-04748,2023-10-11,75,2023-10-26,True,
SH-73452,J-2023-04749,2023-10-25,13,2023-11-20,True,
SH-73453,J-2023-04751,2023-10-24,3,2023-11-06,True,
SH-73454,J-2023-04753,2023-10-20,18,2023-11-03,True,
SH-73455,J-2023-04754,2023-10-16,38,2023-11-08,True,
SH-73456,J-2023-04755,2023-10-30,30,2023-11-03,True,
SH-73457,J-2023-04756,2023-10-19,34,2023-10-26,True,
SH-73458,J-2023-04758,2023-10-17,118,2023-10-27,True,
SH-73459,J-2023-04760,2023-10-10,28,2023-10-16,True,
SH-73460,J-2023-04762,2023-10-12,15,2023-10-27,True,
SH-73461,J-2023-04764,2023-10-19,29,2023-10-23,True,
SH-73462,J-2023-04765,2023-10-13,29,2023-11-01,True,
SH-73463,J-2023-04766,2023-10-24,17,2023-11-06,True,
SH-73464,J-2023-04768,2023-10-13,34,2023-10-26,True,
SH-73465,J-2023-04770,2023-10-16,21,2023-10-31,True,
SH-73466,J-2023-04772,2023-10-16,16,2023-10-31,True,
SH-73467,J-2023-04774,2023-10-12,36,2023-10-26,True,
SH-73468,J-2023-04776,2023-10-13,37,2023-10-13,True,
SH-73469,J-2023-04777,2023-11-02,12,2023-11-06,True,
SH-73470,J-2023-04778,2023-10-18,6,2023-11-22,True,
SH-73471,J-2023-04779,2023-10-13,3,2023-10-31,True,
SH-73472,J-2023-04781,2023-10-12,36,2023-10-17,True,
SH-73473,J-2023-04783,2023-10-16,11,2023-10-26,True,
SH-73474,J-2023-04784,2023-10-18,20,2023-10-31,True,
SH-73475,J-2023-04786,2023-10-20,32,2023-10-24,True,
SH-73476,J-2023-04788,2023-10-27,135,2023-11-13,True,
SH-73477,J-2023-04789,2023-10-25,351,2023-10-19,False,capacity
SH-73478,J-2023-04791,2023-10-18,19,2023-11-06,True,
SH-73479,J-2023-04793,2023-10-13,9,2023-10-23,True,
SH-73480,J-2023-04794,2023-10-16,2,2023-10-25,True,
SH-73481,J-2023-04796,2023-10-25,9,2023-11-06,True,
SH-73482,J-2023-04798,2023-10-16,13,2023-10-18,True,
SH-73483,J-2023-04800,2023-10-16,41,2023-11-13,True,
SH-73484,J-2023-04801,2023-10-19,24,2023-11-13,True,
SH-73485,J-2023-04802,2023-10-26,18,2023-11-03,True,
SH-73486,J-2023-04804,2023-11-02,117,2023-11-06,True,
SH-73487,J-2023-04806,2023-10-19,82,2023-10-27,True,
SH-73488,J-2023-04807,2023-10-16,5,2023-11-02,True,
SH-73489,J-2023-04808,2023-10-13,102,2023-10-24,True,
SH-73490,J-2023-04810,2023-10-16,24,2023-10-31,True,
SH-73491,J-2023-04811,2023-10-16,16,2023-11-01,True,
SH-73492,J-2023-04813,2023-10-25,49,2023-10-16,False,other
SH-73493,J-2023-04815,2023-10-31,8,2023-11-07,True,
SH-73494,J-2023-04816,2023-10-20,3,2023-11-01,True,
SH-73495,J-2023-04817,2023-10-16,31,2023-11-17,True,
SH-73496,J-2023-04818,2023-10-19,44,2023-10-30,True,
SH-73497,J-2023-04819,2023-10-18,7,2023-10-27,True,
SH-73498,J-2023-04821,2023-10-19,8,2023-11-08,True,
SH-73499,J-2023-04823,2023-10-24,441,2023-10-20,False,
SH-73500,J-2023-04825,2023-10-25,8,2023-11-08,True,
SH-73501,J-2023-04827,2023-10-19,16,2023-10-24,True,
SH-73502,J-2023-04829,2023-10-12,6,2023-10-17,True,
SH-73503,J-2023-04831,2023-10-13,14,2023-10-24,True,
SH-73504,J-2023-04832,2023-10-13,174,2023-10-24,True,
SH-73505,J-2023-04834,2023-10-24,104,2023-10-31,True,
SH-73506,J-2023-04835,2023-10-23,11,2023-10-27,True,
SH-73507,J-2023-04836,2023-10-19,12,2023-11-01,True,
SH-73508,J-2023-04838,2023-10-16,9,2023-10-25,True,
SH-73509,J-2023-04840,2023-10-27,49,2023-11-08,True,
SH-73510,J-2023-04841,2023-10-20,4,2023-10-30,True,
SH-73511,J-2023-04843,2023-10-23,50,2023-11-01,True,
SH-73512,J-2023-04844,2023-10-17,52,2023-10-17,True,
SH-73513,J-2023-04845,2023-10-18,14,2023-10-25,True,
SH-73514,J-2023-04846,2023-10-24,18,2023-11-06,True,
SH-73515,J-2023-04848,2023-11-01,39,2023-11-09,True,
SH-73516,J-2023-04850,2023-10-30,47,2023-11-08,True,
SH-73517,J-2023-04851,2023-11-03,7,2023-11-08,True,
SH-73518,J-2023-04853,2023-10-20,25,2023-11-06,True,
SH-73519,J-2023-04855,2023-10-19,126,2023-11-03,True,
SH-73520,J-2023-04857,2023-10-23,266,2023-10-20,False,
SH-73521,J-2023-04859,2023-10-18,18,2023-11-02,True,
SH-73522,J-2023-04860,2023-10-26,49,2023-11-08,True,
SH-73523,J-2023-04862,2023-10-20,17,2023-10-27,True,
SH-73524,J-2023-04864,2023-10-18,37,2023-10-24,True,
SH-73525,J-2023-04866,2023-10-19,28,2023-10-20,True,
SH-73526,J-2023-04867,2023-10-24,71,2023-11-16,True,
SH-73527,J-2023-04868,2023-10-23,317,2023-11-08,True,
SH-73528,J-2023-04869,2023-10-23,6,2023-10-26,True,
SH-73529,J-2023-04871,2023-10-30,7,2023-11-16,True,
SH-73530,J-2023-04872,2023-10-26,181,2023-10-26,True,
SH-73531,J-2023-04874,2023-10-27,13,2023-11-14,True,
SH-73532,J-2023-04875,2023-11-07,21,2023-11-10,True,
SH-73533,J-2023-04877,2023-10-26,81,2023-11-09,True,
SH-73534,J-2023-04878,2023-10-20,11,2023-10-18,False,other
SH-73535,J-2023-04880,2023-11-06,9,2023-11-09,True,
SH-73536,J-2023-04882,2023-10-18,30,2023-10-26,True,
SH-73537,J-2023-04884,2023-10-23,46,2023-10-31,True,
SH-73538,J-2023-04886,2023-10-19,73,2023-11-03,True,
SH-73539,J-2023-04888,2023-10-30,28,2023-11-10,True,
SH-73540,J-2023-04889,2023-10-18,10,2023-10-31,True,
SH-73541,J-2023-04891,2023-10-31,16,2023-11-10,True,
SH-73542,J-2023-04893,2023-10-20,18,2023-10-23,True,
SH-73543,J-2023-04894,2023-11-02,7,2023-11-17,True,
SH-73544,J-2023-04895,2023-10-25,34,2023-11-21,True,
SH-73545,J-2023-04896,2023-10-17,18,2023-10-23,True,
SH-73546,J-2023-04898,2023-10-19,38,2023-11-07,True,
SH-73547,J-2023-04900,2023-10-31,48,2023-10-31,True,
SH-73548,J-2023-04901,2023-10-26,84,2023-11-09,True,
SH-73549,J-2023-04902,2023-10-24,15,2023-11-02,True,
SH-73550,J-2023-04904,2023-10-26,3,2023-11-13,True,
SH-73551,J-2023-04905,2023-11-02,77,2023-10-30,False,material
SH-73552,J-2023-04906,2023-11-01,5,2023-11-09,True,
SH-73553,J-2023-04907,2023-10-31,60,2023-11-13,True,
SH-73554,J-2023-04909,2023-10-30,32,2023-11-13,True,
SH-73555,J-2023-04910,2023-11-03,4,2023-11-13,True,
SH-73556,J-2023-04911,2023-10-26,4,2023-11-13,True,
SH-73557,J-2023-04912,2023-10-24,89,2023-11-07,True,
SH-73558,J-2023-04913,2023-10-31,258,2023-10-24,False,
SH-73559,J-2023-04914,2023-10-30,10,2023-11-06,True,
SH-73560,J-2023-04916,2023-10-25,98,2023-11-15,True,
SH-73561,J-2023-04918,2023-10-19,10,2023-10-20,True,
SH-73562,J-2023-04919,2023-11-15,5,2023-11-28,True,
SH-73563,J-2023-04920,2023-10-23,35,2023-10-30,True,
SH-73564,J-2023-04921,2023-11-02,29,2023-11-29,True,
SH-73565,J-2023-04922,2023-10-19,71,2023-10-25,True,
SH-73566,J-2023-04923,2023-10-23,113,2023-10-20,False,
SH-73567,J-2023-04924,2023-11-09,385,2023-11-08,False,capacity
SH-73568,J-2023-04926,2023-10-26,3,2023-12-11,True,
SH-73569,J-2023-04927,2023-10-20,70,2023-11-01,True,
SH-73570,J-2023-04928,2023-10-19,32,2023-11-03,True,
SH-73571,J-2023-04929,2023-10-27,38,2023-11-14,True,
SH-73572,J-2023-04931,2023-10-26,17,2023-10-25,False,outside processing
SH-73573,J-2023-04933,2023-10-19,70,2023-10-31,True,
SH-73574,J-2023-04935,2023-10-30,74,2023-11-13,True,
SH-73575,J-2023-04937,2023-10-26,7,2023-11-13,True,
SH-73576,J-2023-04939,2023-10-24,9,2023-11-09,True,
SH-73577,J-2023-04940,2023-11-06,6,2023-11-13,True,
SH-73578,J-2023-04942,2023-10-24,89,2023-10-27,True,
SH-73579,J-2023-04944,2023-10-20,36,2023-10-24,True,
SH-73580,J-2023-04946,2023-10-25,16,2023-11-10,True,
SH-73581,J-2023-04947,2023-11-02,25,2023-11-22,True,
SH-73582,J-2023-04948,2023-10-23,66,2023-11-03,True,
SH-73583,J-2023-04949,2023-10-24,15,2023-10-26,True,
SH-73584,J-2023-04950,2023-11-01,24,2023-11-08,True,
SH-73585,J-2023-04952,2023-10-24,30,2023-11-07,True,
SH-73586,J-2023-04954,2023-11-09,36,2023-11-10,True,
SH-73587,J-2023-04956,2023-10-24,43,2023-11-01,True,
SH-73588,J-2023-04957,2023-11-07,59,2023-11-20,True,
SH-73589,J-2023-04958,2023-11-07,71,2023-11-15,True,
SH-73590,J-2023-04960,2023-10-27,146,2023-11-08,True,
SH-73591,J-2023-04961,2023-10-30,76,2023-11-16,True,
SH-73592,J-2023-04962,2023-10-24,21,2023-11-15,True,
SH-73593,J-2023-04964,2023-11-07,406,2023-11-14,True,
SH-73594,J-2023-04966,2023-10-24,30,2023-11-01,True,
SH-73595,J-2023-04967,2023-11-03,4,2023-11-08,True,
SH-73596,J-2023-04968,2023-11-07,11,2023-11-03,False,other
SH-73597,J-2023-04969,2023-11-02,15,2023-10-31,False,
SH-73598,J-2023-04971,2023-10-25,25,2023-11-01,True,
SH-73599,J-2023-04972,2023-10-25,10,2023-11-02,True,
SH-73600,J-2023-04973,2023-10-31,18,2023-11-02,True,
SH-73601,J-2023-04975,2023-10-26,44,2023-11-14,True,
SH-73602,J-2023-04976,2023-10-27,35,2023-11-13,True,
SH-73603,J-2023-04978,2023-10-23,43,2023-10-25,True,
SH-73604,J-2023-04980,2023-10-26,14,2023-11-01,True,
SH-73605,J-2023-04981,2023-10-27,9,2023-11-09,True,
SH-73606,J-2023-04983,2023-11-10,25,2023-11-14,True,
SH-73607,J-2023-04984,2023-11-14,75,2023-11-17,True,
SH-73608,J-2023-04985,2023-11-20,500,2023-11-16,False,capacity
SH-73609,J-2023-04987,2023-10-25,1,2023-11-02,True,
SH-73610,J-2023-04988,2023-10-24,13,2023-10-25,True,
SH-73611,J-2023-04989,2023-11-09,90,2023-11-08,False,capacity
SH-73612,J-2023-04990,2023-11-10,42,2023-11-16,True,
SH-73613,J-2023-04992,2023-11-02,202,2023-11-02,True,
SH-73614,J-2023-04994,2023-10-26,63,2023-11-09,True,
SH-73615,J-2023-04996,2023-11-08,311,2023-11-16,True,
SH-73616,J-2023-04998,2023-11-03,3,2023-11-16,True,
SH-73617,J-2023-04999,2023-10-27,36,2023-11-07,True,
SH-73618,J-2023-05001,2023-11-03,242,2023-11-10,True,
SH-73619,J-2023-05002,2023-11-01,82,2023-12-01,True,
SH-73620,J-2023-05004,2023-10-25,45,2023-11-13,True,
SH-73621,J-2023-05006,2023-11-07,15,2023-11-09,True,
SH-73622,J-2023-05007,2023-11-13,168,2023-11-16,True,
SH-73623,J-2023-05008,2023-11-16,9,2023-11-16,True,
SH-73624,J-2023-05009,2023-11-16,20,2023-11-27,True,
SH-73625,J-2023-05011,2023-10-30,23,2023-11-03,True,
SH-73626,J-2023-05012,2023-11-01,150,2023-11-10,True,
SH-73627,J-2023-05014,2023-10-31,91,2023-11-06,True,
SH-73628,J-2023-05016,2023-11-03,5,2023-11-15,True,
SH-73629,J-2023-05018,2023-10-31,35,2023-11-10,True,
SH-73630,J-2023-05019,2023-10-30,4,2023-10-31,True,
SH-73631,J-2023-05021,2023-10-25,113,2023-10-31,True,
SH-73632,J-2023-05023,2023-11-02,50,2023-11-20,True,
SH-73633,J-2023-05025,2023-11-02,10,2023-11-16,True,
SH-73634,J-2023-05027,2023-11-01,70,2023-11-03,True,
SH-73635,J-2023-05028,2023-10-26,213,2023-10-31,True,
SH-73636,J-2023-05030,2023-11-09,84,2023-12-12,True,
SH-73637,J-2023-05031,2023-11-01,34,2023-11-28,True,
SH-73638,J-2023-05033,2023-11-03,18,2023-11-13,True,
SH-73639,J-2023-05034,2023-11-03,6,2023-11-13,True,
SH-73640,J-2023-05036,2023-11-15,500,2023-11-10,False,
SH-73641,J-2023-05037,2023-10-31,10,2023-11-07,True,
SH-73642,J-2023-05038,2023-11-03,28,2023-11-06,True,
SH-73643,J-2023-05040,2023-10-31,12,2023-10-27,False,
SH-73644,J-2023-05041,2023-10-31,282,2023-11-06,True,
SH-73645,J-2023-05043,2023-10-26,6,2023-10-30,True,
SH-73646,J-2023-05045,2023-11-17,4,2023-11-28,True,
SH-73647,J-2023-05046,2023-11-08,36,2023-11-10,True,
SH-73648,J-2023-05047,2023-11-02,27,2023-11-06,True,
SH-73649,J-2023-05048,2023-11-07,11,2023-11-17,True,
SH-73650,J-2023-05049,2023-12-05,39,2023-12-06,True,
SH-73651,J-2023-05051,2023-10-31,12,2023-11-13,True,
SH-73652,J-2023-05052,2023-11-03,14,2023-11-06,True,
SH-73653,J-2023-05053,2023-11-13,26,2023-11-15,True,
SH-73654,J-2023-05055,2023-10-30,15,2023-10-30,True,
SH-73655,J-2023-05056,2023-11-01,2,2023-11-06,True,
SH-73656,J-2023-05058,2023-11-01,65,2023-11-14,True,
SH-73657,J-2023-05059,2023-11-10,4,2023-11-13,True,
SH-73658,J-2023-05061,2023-11-10,78,2023-11-22,True,
SH-73659,J-2023-05062,2023-11-01,3,2023-11-13,True,
SH-73660,J-2023-05064,2023-10-30,32,2023-10-30,True,
SH-73661,J-2023-05065,2023-10-31,64,2023-10-27,False,material
SH-73662,J-2023-05067,2023-11-07,61,2023-11-03,False,other
SH-73663,J-2023-05068,2023-11-28,373,2023-11-15,False,capacity
SH-73664,J-2023-05069,2023-11-07,4,2023-11-21,True,
SH-73665,J-2023-05070,2023-11-16,18,2023-12-14,True,
SH-73666,J-2023-05072,2023-11-06,169,2023-11-06,True,
SH-73667,J-2023-05074,2023-11-01,15,2023-11-17,True,
SH-73668,J-2023-05076,2023-10-26,14,2023-11-02,True,
SH-73669,J-2023-05077,2023-11-01,20,2023-11-06,True,
SH-73670,J-2023-05078,2023-11-07,73,2023-11-21,True,
SH-73671,J-2023-05080,2023-10-30,52,2023-10-27,False,capacity
SH-73672,J-2023-05081,2023-10-26,12,2023-11-01,True,
SH-73673,J-2023-05082,2023-11-01,47,2023-11-17,True,
SH-73674,J-2023-05083,2023-11-08,17,2023-11-21,True,
SH-73675,J-2023-05085,2023-11-01,21,2023-11-07,True,
SH-73676,J-2023-05087,2023-11-07,6,2023-11-10,True,
SH-73677,J-2023-05089,2023-11-03,94,2023-11-15,True,
SH-73678,J-2023-05090,2023-11-08,4,2023-11-07,False,material
SH-73679,J-2023-05091,2023-10-31,17,2023-11-02,True,
SH-73680,J-2023-05092,2023-11-07,10,2023-11-16,True,
SH-73681,J-2023-05094,2023-11-09,8,2023-11-16,True,
SH-73682,J-2023-05095,2023-11-01,67,2023-11-07,True,
SH-73683,J-2023-05096,2023-11-09,4,2023-11-14,True,
SH-73684,J-2023-05097,2023-11-07,500,2023-11-07,True,
SH-73685,J-2023-05099,2023-10-27,18,2023-11-01,True,
SH-73686,J-2023-05101,2023-11-13,33,2023-11-20,True,
SH-73687,J-2023-05102,2023-11-07,5,2023-11-15,True,
SH-73688,J-2023-05104,2023-11-08,71,2023-11-07,False,material
SH-73689,J-2023-05106,2023-11-07,210,2023-11-13,True,
SH-73690,J-2023-05108,2023-11-08,77,2023-11-22,True,
SH-73691,J-2023-05109,2023-11-09,6,2023-11-21,True,
SH-73692,J-2023-05111,2023-11-01,5,2023-11-10,True,
SH-73693,J-2023-05112,2023-11-08,10,2023-11-09,True,
SH-73694,J-2023-05114,2023-11-09,36,2023-11-27,True,
SH-73695,J-2023-05115,2023-11-08,39,2023-11-14,True,
SH-73696,J-2023-05116,2023-11-15,24,2023-11-22,True,
SH-73697,J-2023-05117,2023-11-07,4,2023-11-15,True,
SH-73698,J-2023-05118,2023-10-31,53,2023-11-02,True,
SH-73699,J-2023-05119,2023-10-31,16,2023-11-09,True,
SH-73700,J-2023-05120,2023-11-21,18,2023-11-22,True,
SH-73701,J-2023-05121,2023-11-07,110,2023-11-08,True,
SH-73702,J-2023-05123,2023-11-07,3,2023-11-22,True,
SH-73703,J-2023-05125,2023-11-10,2,2023-11-14,True,
SH-73704,J-2023-05126,2023-12-04,3,2023-12-04,True,
SH-73705,J-2023-05128,2023-12-04,18,2023-12-05,True,
SH-73706,J-2023-05130,2023-11-07,8,2023-11-21,True,
SH-73707,J-2023-05132,2023-11-14,6,2023-11-28,True,
SH-73708,J-2023-05133,2023-11-01,27,2023-11-09,True,
SH-73709,J-2023-05135,2023-11-07,65,2023-11-09,True,
SH-73710,J-2023-05136,2023-11-08,79,2023-11-10,True,
SH-73711,J-2023-05137,2023-11-09,22,2023-11-16,True,
SH-73712,J-2023-05138,2023-11-09,42,2023-11-16,True,
SH-73713,J-2023-05139,2023-11-13,23,2023-11-27,True,
SH-73714,J-2023-05140,2023-11-09,22,2023-11-27,True,
SH-73715,J-2023-05141,2023-10-31,17,2023-11-02,True,
SH-73716,J-2023-05143,2023-11-16,29,2023-11-27,True,
SH-73717,J-2023-05144,2023-11-14,8,2023-11-21,True,
SH-73718,J-2023-05146,2023-11-07,61,2023-11-21,True,
SH-73719,J-2023-05148,2023-11-10,16,2023-11-28,True,
SH-73720,J-2023-05150,2023-11-09,8,2023-12-04,True,
SH-73721,J-2023-05152,2023-12-01,4,2023-11-21,False,other
SH-73722,J-2023-05154,2023-11-07,4,2023-11-20,True,
SH-73723,J-2023-05156,2023-11-01,14,2023-11-02,True,
SH-73724,J-2023-05158,2023-12-06,33,2023-12-01,False,
SH-73725,J-2023-05160,2023-11-17,77,2023-11-20,True,
SH-73726,J-2023-05162,2023-11-02,2,2023-11-09,True,
SH-73727,J-2023-05164,2023-11-16,336,2023-11-28,True,
SH-73728,J-2023-05165,2023-11-06,49,2023-11-10,True,
SH-73729,J-2023-05167,2023-11-07,43,2023-11-20,True,
SH-73730,J-2023-05168,2023-11-14,20,2023-11-28,True,
SH-73731,J-2023-05169,2023-11-02,22,2023-11-13,True,
SH-73732,J-2023-05171,2023-11-07,3,2023-11-16,True,
SH-73733,J-2023-05172,2023-11-22,30,2023-11-30,True,
SH-73734,J-2023-05174,2023-11-01,37,2023-11-08,True,
SH-73735,J-2023-05175,2023-11-10,47,2023-11-28,True,
SH-73736,J-2023-05177,2023-11-10,21,2023-12-06,True,
SH-73737,J-2023-05178,2023-11-21,36,2023-11-28,True,
SH-73738,J-2023-05179,2023-11-17,1,2023-11-30,True,
SH-73739,J-2023-05181,2023-11-15,42,2023-11-28,True,
SH-73740,J-2023-05182,2023-11-13,27,2023-11-27,True,
SH-73741,J-2023-05184,2023-11-10,408,2023-11-13,True,
SH-73742,J-2023-05186,2023-11-20,19,2023-11-28,True,
SH-73743,J-2023-05188,2023-11-22,49,2023-11-28,True,
SH-73744,J-2023-05190,2023-12-11,255,2023-12-04,False,
SH-73745,J-2023-05191,2023-11-09,9,2023-11-15,True,
SH-73746,J-2023-05192,2023-11-03,43,2023-11-08,True,
SH-73747,J-2023-05194,2023-11-14,84,2023-11-20,True,
SH-73748,J-2023-05196,2023-11-09,41,2023-11-28,True,
SH-73749,J-2023-05198,2023-11-09,48,2023-11-27,True,
SH-73750,J-2023-05200,2023-11-10,12,2023-11-21,True,
SH-73751,J-2023-05202,2023-11-28,105,2023-11-29,True,
SH-73752,J-2023-05203,2023-11-08,34,2023-11-29,True,
SH-73753,J-2023-05204,2023-11-02,70,2023-11-08,True,
SH-73754,J-2023-05205,2023-11-16,62,2023-11-13,False,capacity
SH-73755,J-2023-05207,2023-11-14,75,2023-11-28,True,
SH-73756,J-2023-05209,2023-11-06,36,2023-11-08,True,
SH-73757,J-2023-05210,2023-11-10,29,2023-11-27,True,
SH-73758,J-2023-05212,2023-11-14,21,2023-11-29,True,
SH-73759,J-2023-05214,2023-11-22,36,2023-12-15,True,
SH-73760,J-2023-05216,2023-11-20,26,2023-11-22,True,
SH-73761,J-2023-05217,2023-11-16,26,2023-11-13,False,
SH-73762,J-2023-05218,2023-11-03,13,2023-11-14,True,
SH-73763,J-2023-05219,2023-11-08,21,2023-11-20,True,
SH-73764,J-2023-05220,2023-11-22,5,2023-11-28,True,
SH-73765,J-2023-05222,2023-11-29,18,2023-11-28,False,outside processing
SH-73766,J-2023-05224,2023-11-07,35,2023-11-20,True,
SH-73767,J-2023-05225,2023-11-29,10,2023-11-29,True,
SH-73768,J-2023-05226,2023-11-09,10,2023-11-13,True,
SH-73769,J-2023-05228,2023-11-09,3,2023-11-17,True,
SH-73770,J-2023-05230,2023-11-21,6,2023-11-22,True,
SH-73771,J-2023-05232,2023-11-15,25,2023-11-10,False,capacity
SH-73772,J-2023-05234,2023-11-07,26,2023-11-16,True,
SH-73773,J-2023-05236,2023-11-07,12,2023-11-20,True,
SH-73774,J-2023-05237,2023-11-10,69,2023-11-20,True,
SH-73775,J-2023-05238,2023-11-09,8,2023-11-17,True,
SH-73776,J-2023-05240,2023-11-14,14,2023-11-29,True,
SH-73777,J-2023-05241,2023-12-05,14,2023-12-05,True,
SH-73778,J-2023-05243,2023-11-07,17,2023-11-21,True,
SH-73779,J-2023-05244,2023-11-10,32,2023-11-20,True,
SH-73780,J-2023-05246,2023-11-10,11,2023-11-17,True,
SH-73781,J-2023-05248,2023-11-06,132,2023-11-08,True,
SH-73782,J-2023-05249,2023-11-09,12,2023-12-04,True,
SH-73783,J-2023-05251,2023-11-08,74,2023-11-16,True,
SH-73784,J-2023-05252,2023-11-08,6,2023-11-15,True,
SH-73785,J-2023-05253,2023-11-07,25,2023-11-08,True,
SH-73786,J-2023-05255,2023-12-05,25,2023-12-04,False,capacity
SH-73787,J-2023-05256,2023-12-05,14,2023-12-08,True,
SH-73788,J-2023-05258,2023-11-08,16,2023-11-16,True,
SH-73789,J-2023-05260,2023-11-06,48,2023-11-09,True,
SH-73790,J-2023-05262,2023-12-04,25,2023-12-06,True,
SH-73791,J-2023-05264,2023-11-06,23,2023-11-06,True,
SH-73792,J-2023-05265,2023-11-03,2,2023-11-09,True,
SH-73793,J-2023-05266,2023-12-01,5,2023-11-29,False,capacity
SH-73794,J-2023-05267,2023-11-09,31,2023-11-14,True,
SH-73795,J-2023-05268,2023-11-08,28,2023-11-14,True,
SH-73796,J-2023-05269,2023-11-14,7,2023-11-21,True,
SH-73797,J-2023-05270,2023-12-04,18,2023-11-30,False,
SH-73798,J-2023-05272,2023-11-13,8,2023-11-22,True,
SH-73799,J-2023-05273,2023-11-09,4,2023-11-14,True,
SH-73800,J-2023-05274,2023-11-20,23,2023-12-12,True,
SH-73801,J-2023-05276,2023-11-13,54,2023-11-30,True,
SH-73802,J-2023-05277,2023-11-21,8,2023-11-30,True,
SH-73803,J-2023-05279,2023-11-06,40,2023-11-09,True,
SH-73804,J-2023-05281,2023-11-20,48,2023-11-10,False,capacity
SH-73805,J-2023-05282,2023-11-20,61,2023-11-21,True,
SH-73806,J-2023-05283,2023-11-07,9,2023-11-10,True,
SH-73807,J-2023-05284,2023-11-09,13,2023-11-10,True,
SH-73808,J-2023-05285,2023-11-28,98,2023-11-29,True,
SH-73809,J-2023-05286,2023-11-14,61,2023-12-01,True,
SH-73810,J-2023-05287,2023-11-15,172,2023-12-06,True,
SH-73811,J-2023-05289,2023-11-16,29,2023-11-22,True,
SH-73812,J-2023-05290,2023-11-14,14,2023-11-17,True,
SH-73813,J-2023-05291,2023-12-07,24,2024-01-05,True,
SH-73814,J-2023-05292,2023-11-20,105,2023-11-20,True,
SH-73815,J-2023-05294,2023-11-27,4,2023-12-01,True,
SH-73816,J-2023-05296,2023-11-08,20,2023-11-20,True,
SH-73817,J-2023-05297,2023-11-10,32,2023-11-28,True,
SH-73818,J-2023-05299,2023-11-30,159,2023-12-01,True,
SH-73819,J-2023-05301,2023-11-03,54,2023-11-15,True,
SH-73820,J-2023-05302,2023-11-14,25,2023-11-29,True,
SH-73821,J-2023-05303,2023-11-17,144,2023-11-15,False,material
SH-73822,J-2023-05304,2023-11-10,9,2023-11-28,True,
SH-73823,J-2023-05306,2023-11-17,25,2023-12-01,True,
SH-73824,J-2023-05308,2023-11-28,12,2023-11-29,True,
SH-73825,J-2023-05309,2023-11-21,13,2023-12-14,True,
SH-73826,J-2023-05311,2023-11-10,4,2023-11-22,True,
SH-73827,J-2023-05313,2023-11-15,50,2023-11-27,True,
SH-73828,J-2023-05314,2023-11-21,21,2023-11-22,True,
SH-73829,J-2023-05315,2023-11-21,17,2023-12-19,True,
SH-73830,J-2023-05316,2023-11-09,28,2023-11-16,True,
SH-73831,J-2023-05318,2023-11-14,20,2023-11-27,True,
SH-73832,J-2023-05320,2023-12-01,4,2023-12-04,True,
SH-73833,J-2023-05322,2023-12-06,134,2023-12-04,False,
SH-73834,J-2023-05323,2023-12-15,157,2023-12-04,False,capacity
SH-73835,J-2023-05324,2023-11-16,125,2023-12-06,True,
SH-73836,J-2023-05326,2023-11-29,305,2023-11-30,True,
SH-73837,J-2023-05327,2023-12-06,3,2023-12-04,False,other
SH-73838,J-2023-05328,2023-11-14,30,2023-11-20,True,
SH-73839,J-2023-05329,2023-11-28,166,2023-12-05,True,
SH-73840,J-2023-05330,2023-12-06,22,2023-12-08,True,
SH-73841,J-2023-05332,2023-11-08,54,2023-11-13,True,
SH-73842,J-2023-05333,2023-11-14,9,2023-12-07,True,
SH-73843,J-2023-05335,2023-11-08,2,2023-11-13,True,
SH-73844,J-2023-05336,2023-11-30,6,2023-12-05,True,
SH-73845,J-2023-05337,2023-12-08,28,2023-12-14,True,
SH-73846,J-2023-05338,2023-12-01,18,2023-12-05,True,
SH-73847,J-2023-05340,2023-11-08,16,2023-11-10,True,
SH-73848,J-2023-05341,2023-12-01,1,2023-12-07,True,
SH-73849,J-2023-05343,2023-11-13,177,2023-11-20,True,
SH-73850,J-2023-05345,2023-11-16,500,2023-12-01,True,
SH-73851,J-2023-05346,2023-11-29,10,2023-11-29,True,
SH-73852,J-2023-05347,2023-11-29,20,2023-12-01,True,
SH-73853,J-2023-05349,2023-11-10,3,2023-11-20,True,
SH-73854,J-2023-05351,2023-11-14,160,2023-11-30,True,
SH-73855,J-2023-05352,2023-11-21,37,2023-12-08,True,
SH-73856,J-2023-05354,2023-11-17,67,2023-11-29,True,
SH-73857,J-2023-05356,2023-11-27,38,2023-11-27,True,
SH-73858,J-2023-05358,2023-11-21,80,2023-12-06,True,
SH-73859,J-2023-05360,2023-11-10,13,2023-11-21,True,
SH-73860,J-2023-05361,2023-12-12,76,2023-12-15,True,
SH-73861,J-2023-05363,2023-12-11,33,2023-12-06,False,
SH-73862,J-2023-05365,2023-11-22,24,2023-12-06,True,
SH-73863,J-2023-05366,2023-12-08,8,2023-12-06,False,material
SH-73864,J-2023-05367,2023-11-14,24,2023-11-30,True,
SH-73865,J-2023-05369,2023-11-16,61,2023-12-11,True,
SH-73866,J-2023-05371,2023-11-13,93,2023-11-27,True,
SH-73867,J-2023-05372,2023-11-27,47,2023-11-28,True,
SH-73868,J-2023-05374,2023-11-15,54,2023-12-11,True,
SH-73869,J-2023-05375,2023-11-21,126,2023-12-04,True,
SH-73870,J-2023-05376,2023-12-06,11,2023-12-18,True,
SH-73871,J-2023-05377,2023-11-29,22,2023-12-06,True,
SH-73872,J-2023-05379,2023-11-13,15,2023-11-17,True,
SH-73873,J-2023-05380,2023-11-13,42,2023-11-20,True,
SH-73874,J-2023-05382,2023-11-27,107,2023-12-06,True,
SH-73875,J-2023-05383,2023-11-22,37,2023-11-28,True,
SH-73876,J-2023-05384,2023-12-04,48,2023-12-05,True,
SH-73877,J-2023-05386,2023-12-04,16,2023-12-06,True,
SH-73878,J-2023-05388,2023-11-13,92,2023-11-20,True,
SH-73879,J-2023-05390,2023-11-15,15,2023-11-30,True,
SH-73880,J-2023-05391,2023-11-22,59,2023-11-22,True,
SH-73881,J-2023-05392,2023-11-22,16,2023-12-06,True,
SH-73882,J-2023-05394,2023-11-22,15,2023-12-06,True,
SH-73883,J-2023-05396,2023-11-27,103,2023-11-29,True,
SH-73884,J-2023-05397,2023-12-11,18,2023-12-15,True,
SH-73885,J-2023-05398,2023-11-21,20,2024-01-09,True,
SH-73886,J-2023-05400,2023-12-01,46,2023-11-13,False,
SH-73887,J-2023-05401,2023-11-14,14,2023-11-21,True,
SH-73888,J-2023-05403,2023-12-06,30,2023-12-08,True,
SH-73889,J-2023-05405,2023-11-14,7,2023-12-04,True,
SH-73890,J-2023-05407,2023-11-15,55,2023-11-22,True,
SH-73891,J-2023-05409,2023-11-21,16,2023-12-07,True,
SH-73892,J-2023-05411,2023-11-27,40,2023-11-28,True,
SH-73893,J-2023-05413,2023-11-15,25,2023-12-06,True,
SH-73894,J-2023-05415,2023-12-11,14,2023-12-13,True,
SH-73895,J-2023-05417,2023-11-13,7,2023-11-21,True,
SH-73896,J-2023-05419,2023-11-14,22,2023-12-05,True,
SH-73897,J-2023-05421,2023-11-22,2,2023-11-22,True,
SH-73898,J-2023-05423,2023-11-10,9,2023-11-21,True,
SH-73899,J-2023-05425,2023-12-11,15,2023-12-07,False,capacity
SH-73900,J-2023-05426,2023-11-10,29,2023-11-21,True,
SH-73901,J-2023-05428,2023-11-13,5,2023-11-17,True,
SH-73902,J-2023-05430,2023-11-29,29,2023-11-30,True,
SH-73903,J-2023-05431,2023-12-11,35,2023-12-01,False,capacity
SH-73904,J-2023-05432,2023-11-21,63,2023-12-01,True,
SH-73905,J-2023-05433,2023-11-14,14,2023-11-14,True,
SH-73906,J-2023-05434,2023-11-15,6,2023-11-28,True,
SH-73907,J-2023-05435,2023-11-21,58,2023-11-22,True,
SH-73908,J-2023-05436,2023-12-05,90,2023-12-15,True,
SH-73909,J-2023-05438,2023-12-13,34,2024-01-08,True,
SH-73910,J-2023-05440,2023-11-28,12,2023-11-29,True,
SH-73911,J-2023-05442,2023-11-16,2,2023-11-22,True,
SH-73912,J-2023-05443,2023-11-28,498,2023-12-14,True,
SH-73913,J-2023-05445,2023-12-13,92,2023-12-21,True,
SH-73914,J-2023-05447,2023-11-15,83,2023-11-30,True,
SH-73915,J-2023-05448,2023-12-07,35,2023-12-08,True,
SH-73916,J-2023-05449,2023-11-28,23,2023-11-27,False,customer change
SH-73917,J-2023-05450,2023-12-13,329,2023-12-22,True,
SH-73918,J-2023-05452,2023-11-10,18,2023-11-17,True,
SH-73919,J-2023-05453,2023-11-20,25,2023-12-11,True,
SH-73920,J-2023-05454,2023-11-16,90,2023-12-07,True,
SH-73921,J-2023-05455,2023-11-14,4,2023-11-14,True,
SH-73922,J-2023-05457,2023-11-20,6,2023-12-06,True,
SH-73923,J-2023-05459,2023-11-30,189,2023-11-30,True,
SH-73924,J-2023-05461,2023-12-15,3,2024-01-02,True,
SH-73925,J-2023-05463,2023-11-15,11,2023-11-30,True,
SH-73926,J-2023-05464,2023-11-14,61,2023-11-17,True,
SH-73927,J-2023-05466,2023-11-13,20,2023-11-16,True,
SH-73928,J-2023-05467,2023-11-15,17,2023-11-27,True,
SH-73929,J-2023-05469,2023-11-14,18,2023-11-16,True,
SH-73930,J-2023-05470,2023-12-06,35,2023-12-18,True,
SH-73931,J-2023-05471,2023-12-01,67,2023-12-07,True,
SH-73932,J-2023-05473,2023-11-28,32,2023-12-01,True,
SH-73933,J-2023-05474,2023-12-06,2,2023-12-05,False,
SH-73934,J-2023-05476,2023-11-28,18,2023-11-29,True,
SH-73935,J-2023-05478,2023-11-27,18,2023-12-07,True,
SH-73936,J-2023-05479,2023-12-04,90,2023-12-05,True,
SH-73937,J-2023-05480,2023-11-20,68,2023-12-05,True,
SH-73938,J-2023-05482,2023-12-05,220,2023-12-11,True,
SH-73939,J-2023-05483,2023-11-15,32,2023-11-16,True,
SH-73940,J-2023-05485,2023-11-20,34,2023-11-29,True,
SH-73941,J-2023-05487,2023-12-11,1,2023-12-18,True,
SH-73942,J-2023-05488,2023-11-22,37,2023-11-17,False,
SH-73943,J-2023-05490,2023-12-01,35,2023-11-16,False,capacity
SH-73944,J-2023-05491,2023-12-01,11,2023-12-07,True,
SH-73945,J-2023-05492,2023-11-20,119,2023-12-05,True,
SH-73946,J-2023-05494,2023-11-27,10,2024-01-02,True,
SH-73947,J-2023-05495,2023-11-16,20,2023-12-06,True,
SH-73948,J-2023-05497,2023-12-01,9,2023-12-08,True,
SH-73949,J-2023-05498,2023-12-04,8,2023-12-04,True,
SH-73950,J-2023-05500,2023-12-08,36,2023-12-13,True,
SH-73951,J-2023-05502,2023-12-01,11,2023-12-08,True,
SH-73952,J-2023-05504,2023-11-22,9,2023-12-04,True,
SH-73953,J-2023-05506,2023-11-27,67,2023-11-29,True,
SH-73954,J-2023-05508,2023-11-17,20,2023-11-27,True,
SH-73955,J-2023-05510,2023-11-28,218,2023-12-12,True,
SH-73956,J-2023-05512,2023-12-04,7,2023-11-29,False,capacity
SH-73957,J-2023-05513,2023-12-05,38,2023-12-11,True,
SH-73958,J-2023-05514,2023-11-20,61,2023-11-28,True,
SH-73959,J-2023-05516,2023-11-21,88,2023-11-21,True,
SH-73960,J-2023-05518,2023-11-16,25,2023-11-17,True,
SH-73961,J-2023-05520,2023-11-29,17,2023-11-28,False,material
SH-73962,J-2023-05521,2023-11-17,18,2023-11-20,True,
SH-73963,J-2023-05523,2023-11-29,1,2023-12-13,True,
SH-73964,J-2023-05524,2023-12-08,23,2023-12-20,True,
SH-73965,J-2023-05525,2023-11-17,139,2023-11-29,True,
SH-73966,J-2023-05527,2023-12-12,5,2023-12-13,True,
SH-73967,J-2023-05529,2023-11-29,25,2023-12-11,True,
SH-73968,J-2023-05530,2023-11-20,163,2023-11-29,True,
SH-73969,J-2023-05531,2023-11-21,12,2023-12-06,True,
SH-73970,J-2023-05533,2023-12-08,5,2023-12-13,True,
SH-73971,J-2023-05535,2023-12-05,44,2023-12-18,True,
SH-73972,J-2023-05537,2023-12-04,13,2023-12-07,True,
SH-73973,J-2023-05538,2023-11-27,9,2023-12-07,True,
SH-73974,J-2023-05540,2023-12-06,17,2023-12-13,True,
SH-73975,J-2023-05541,2023-12-05,194,2023-12-05,True,
SH-73976,J-2023-05542,2023-11-22,19,2023-12-13,True,
SH-73977,J-2023-05544,2023-12-04,86,2023-12-11,True,
SH-73978,J-2023-05546,2023-12-06,33,2023-12-15,True,
SH-73979,J-2023-05548,2023-12-01,9,2023-11-20,False,
SH-73980,J-2023-05549,2023-11-22,13,2023-12-04,True,
SH-73981,J-2023-05550,2023-11-30,182,2023-12-01,True,
SH-73982,J-2023-05552,2023-11-27,21,2024-01-03,True,
SH-73983,J-2023-05553,2023-12-05,102,2023-12-14,True,
SH-73984,J-2023-05554,2023-11-17,32,2023-11-27,True,
SH-73985,J-2023-05555,2023-12-05,58,2023-12-11,True,
SH-73986,J-2023-05557,2023-12-06,61,2023-12-21,True,
SH-73987,J-2023-05558,2023-12-11,37,2023-12-22,True,
SH-73988,J-2023-05559,2023-11-21,22,2023-12-20,True,
SH-73989,J-2023-05561,2023-12-06,58,2023-12-15,True,
SH-73990,J-2023-05562,2023-11-22,145,2023-12-08,True,
SH-73991,J-2023-05563,2023-12-04,14,2023-12-12,True,
SH-73992,J-2023-05565,2023-11-29,7,2023-12-06,True,
SH-73993,J-2023-05566,2023-11-29,144,2023-12-08,True,
SH-73994,J-2023-05568,2023-12-06,16,2023-12-15,True,
SH-73995,J-2023-05570,2023-11-27,88,2023-12-04,True,
SH-73996,J-2023-05572,2023-11-29,12,2023-12-01,True,
SH-73997,J-2023-05573,2023-12-05,3,2023-12-12,True,
SH-73998,J-2023-05574,2023-12-04,64,2023-12-05,True,
SH-73999,J-2023-05575,2023-11-22,95,2023-12-13,True,
SH-74000,J-2023-05576,2023-12-11,25,2023-12-15,True,
SH-74001,J-2023-05578,2023-12-08,26,2023-12-15,True,
SH-74002,J-2023-05580,2023-11-21,4,2023-12-14,True,
SH-74003,J-2023-05582,2023-11-30,15,2023-12-04,True,
SH-74004,J-2023-05584,2023-11-20,54,2023-11-29,True,
SH-74005,J-2023-05586,2023-12-05,34,2023-12-15,True,
SH-74006,J-2023-05588,2023-11-21,20,2023-11-28,True,
SH-74007,J-2023-05589,2023-12-05,43,2023-12-07,True,
SH-74008,J-2023-05590,2023-11-30,47,2023-12-14,True,
SH-74009,J-2023-05592,2023-11-22,8,2023-11-27,True,
SH-74010,J-2023-05593,2023-12-05,29,2023-12-13,True,
SH-74011,J-2023-05594,2023-11-30,5,2023-12-18,True,
SH-74012,J-2023-05595,2023-11-30,8,2023-12-21,True,
SH-74013,J-2023-05597,2023-11-21,88,2023-12-13,True,
SH-74014,J-2023-05599,2023-12-01,10,2023-12-08,True,
SH-74015,J-2023-05600,2023-12-05,35,2023-12-20,True,
SH-74016,J-2023-05601,2023-12-06,13,2023-12-18,True,
SH-74017,J-2023-05603,2023-12-11,20,2023-12-18,True,
SH-74018,J-2023-05604,2023-11-30,18,2023-12-04,True,
SH-74019,J-2023-05605,2023-12-05,7,2023-12-05,True,
SH-74020,J-2023-05606,2023-11-28,22,2023-12-11,True,
SH-74021,J-2023-05608,2023-11-29,22,2023-12-13,True,
SH-74022,J-2023-05610,2023-12-05,18,2023-12-14,True,
SH-74023,J-2023-05612,2023-11-28,12,2023-12-12,True,
SH-74024,J-2023-05614,2023-12-11,77,2023-12-18,True,
SH-74025,J-2023-05615,2023-11-28,31,2024-01-02,True,
SH-74026,J-2023-05617,2023-12-04,66,2023-12-01,False,outside processing
SH-74027,J-2023-05618,2023-12-11,21,2023-12-13,True,
SH-74028,J-2023-05619,2023-11-30,22,2024-01-04,True,
SH-74029,J-2023-05620,2023-11-29,6,2023-12-05,True,
SH-74030,J-2023-05621,2023-12-11,10,2023-12-19,True,
SH-74031,J-2023-05622,2023-11-30,25,2023-12-01,True,
SH-74032,J-2023-05624,2023-12-01,9,2023-12-12,True,
SH-74033,J-2023-05625,2023-12-15,98,2023-12-06,False,material
SH-74034,J-2023-05626,2023-12-05,67,2023-12-18,True,
SH-74035,J-2023-05628,2023-11-30,65,2023-12-20,True,
SH-74036,J-2023-05630,2023-12-01,15,2023-12-08,True,
SH-74037,J-2023-05631,2023-11-29,79,2023-12-07,True,
SH-74038,J-2023-05632,2023-12-13,22,2023-12-11,False,
SH-74039,J-2023-05633,2023-11-29,208,2023-12-07,True,
SH-74040,J-2023-05635,2023-12-07,10,2023-12-21,True,
SH-74041,J-2023-05636,2023-12-18,126,2024-01-10,True,
SH-74042,J-2023-05638,2023-12-06,119,2023-12-13,True,
SH-74043,J-2023-05640,2023-11-30,13,2023-12-14,True,
SH-74044,J-2023-05641,2023-12-01,27,2023-11-29,False,
SH-74045,J-2023-05642,2023-11-28,19,2023-12-06,True,
SH-74046,J-2023-05643,2023-11-30,7,2023-12-18,True,
SH-74047,J-2023-05644,2023-11-30,21,2023-12-13,True,
SH-74048,J-2023-05645,2023-11-22,9,2023-12-19,True,
SH-74049,J-2023-05646,2023-12-05,88,2023-12-06,True,
SH-74050,J-2023-05648,2023-12-06,16,2023-11-30,False,
SH-74051,J-2023-05650,2023-12-01,12,2023-12-07,True,
SH-74052,J-2023-05652,2023-12-11,52,2023-11-30,False,
SH-74053,J-2023-05653,2023-12-19,246,2024-01-04,True,
SH-74054,J-2023-05654,2023-12-04,6,2023-12-14,True,
SH-74055,J-2023-05656,2023-12-04,96,2023-12-11,True,
SH-74056,J-2023-05658,2023-12-06,26,2023-12-20,True,
SH-74057,J-2023-05659,2023-12-08,12,2023-12-08,True,
SH-74058,J-2023-05661,2023-12-08,6,2023-12-15,True,
SH-74059,J-2023-05662,2023-12-12,24,2023-12-20,True,
SH-74060,J-2023-05663,2023-11-29,6,2023-12-04,True,
SH-74061,J-2023-05664,2023-12-04,5,2023-11-30,False,
SH-74062,J-2023-05666,2023-12-06,57,2024-01-24,True,
SH-74063,J-2023-05667,2023-12-08,5,2023-12-20,True,
SH-74064,J-2023-05668,2023-12-04,5,2023-12-11,True,
SH-74065,J-2023-05669,2023-12-01,77,2023-12-06,True,
SH-74066,J-2023-05670,2023-11-29,8,2023-12-11,True,
SH-74067,J-2023-05672,2023-12-14,22,2023-12-20,True,
SH-74068,J-2023-05673,2023-11-30,23,2023-12-15,True,
SH-74069,J-2023-05675,2023-11-30,9,2024-01-02,True,
SH-74070,J-2023-05677,2023-12-06,3,2023-12-14,True,
SH-74071,J-2023-05678,2023-11-30,43,2023-12-21,True,
SH-74072,J-2023-05680,2023-12-08,13,2023-12-21,True,
SH-74073,J-2023-05681,2023-11-30,24,2023-12-12,True,
SH-74074,J-2023-05682,2023-11-30,10,2023-12-15,True,
SH-74075,J-2023-05683,2023-12-04,33,2023-12-07,True,
SH-74076,J-2023-05685,2023-11-30,113,2023-12-05,True,
SH-74077,J-2023-05686,2023-12-07,71,2023-12-12,True,
SH-74078,J-2023-05687,2023-12-07,26,2023-12-11,True,
SH-74079,J-2023-05688,2023-12-04,19,2023-12-14,True,
SH-74080,J-2023-05690,2023-11-30,104,2023-12-15,True,
SH-74081,J-2023-05692,2023-12-04,42,2023-12-19,True,
SH-74082,J-2023-05694,2023-12-05,3,2023-12-13,True,
SH-74083,J-2023-05695,2023-11-29,50,2023-12-07,True,
SH-74084,J-2023-05696,2023-12-12,10,2023-12-21,True,
SH-74085,J-2023-05697,2023-12-04,40,2023-12-04,True,
SH-74086,J-2023-05699,2023-12-01,16,2023-12-11,True,
SH-74087,J-2023-05700,2023-12-06,41,2023-12-21,True,
SH-74088,J-2023-05701,2023-11-30,37,2023-12-07,True,
SH-74089,J-2023-05703,2023-11-29,9,2023-12-11,True,
SH-74090,J-2023-05704,2023-11-29,61,2023-12-01,True,
SH-74091,J-2023-05705,2023-12-06,40,2023-12-22,True,
SH-74092,J-2023-05707,2023-12-19,28,2024-01-05,True,
SH-74093,J-2023-05709,2023-12-07,36,2023-12-18,True,
SH-74094,J-2023-05710,2023-12-01,31,2023-11-30,False,
SH-74095,J-2023-05712,2023-12-13,4,2023-12-22,True,
SH-74096,J-2023-05714,2023-11-30,29,2023-12-22,True,
SH-74097,J-2023-05716,2023-12-01,151,2023-12-15,True,
SH-74098,J-2023-05717,2023-12-07,20,2023-12-15,True,
SH-74099,J-2023-05718,2023-12-15,95,2023-12-22,True,
SH-74100,J-2023-05719,2023-12-06,33,2023-12-20,True,
SH-74101,J-2023-05720,2023-11-29,25,2024-01-02,True,
SH-74102,J-2023-05722,2023-12-12,3,2023-12-19,True,
SH-74103,J-2023-05723,2023-11-29,10,2023-12-12,True,
SH-74104,J-2023-05724,2023-11-29,18,2023-12-04,True,
SH-74105,J-2023-05725,2023-12-01,30,2023-12-18,True,
SH-74106,J-2023-05727,2023-12-06,3,2023-12-18,True,
SH-74107,J-2023-05729,2023-12-07,68,2024-01-09,True,
SH-74108,J-2023-05730,2023-12-15,74,2023-12-22,True,
SH-74109,J-2023-05731,2023-12-04,93,2023-12-13,True,
SH-74110,J-2023-05732,2023-12-19,4,2023-12-22,True,
SH-74111,J-2023-05733,2023-12-20,123,2024-01-03,True,
SH-74112,J-2023-05734,2023-12-19,29,2023-12-19,True,
SH-74113,J-2023-05736,2023-12-05,102,2023-12-18,True,
SH-74114,J-2023-05737,2023-12-08,6,2023-12-20,True,
SH-74115,J-2023-05738,2023-11-30,4,2023-12-11,True,
SH-74116,J-2023-05739,2023-11-30,20,2023-12-18,True,
SH-74117,J-2023-05741,2023-11-30,5,2023-12-19,True,
SH-74118,J-2023-05743,2023-12-05,115,2023-12-11,True,
SH-74119,J-2023-05744,2023-12-08,86,2024-01-02,True,
SH-74120,J-2023-05746,2023-12-06,59,2024-01-02,True,
SH-74121,J-2023-05748,2023-12-07,54,2023-12-21,True,
SH-74122,J-2023-05749,2023-12-07,24,2023-12-19,True,
SH-74123,J-2023-05751,2023-12-01,10,2023-12-13,True,
SH-74124,J-2023-05752,2023-12-11,12,2023-12-18,True,
SH-74125,J-2023-05753,2023-12-11,33,2023-12-18,True,
SH-74126,J-2023-05754,2023-12-06,24,2023-12-14,True,
SH-74127,J-2023-05756,2023-12-01,105,2023-12-05,True,
SH-74128,J-2023-05757,2023-12-08,28,2024-01-02,True,
SH-74129,J-2023-05758,2023-12-21,34,2024-01-05,True,
SH-74130,J-2023-05759,2023-12-08,62,2023-12-21,True,
SH-74131,J-2023-05760,2023-12-13,7,2024-01-02,True,
SH-74132,J-2023-05762,2023-12-08,10,2023-12-15,True,
SH-74133,J-2023-05764,2023-12-08,12,2024-01-12,True,
SH-74134,J-2023-05766,2023-12-04,11,2024-01-17,True,
SH-74135,J-2023-05767,2023-12-06,251,2024-01-17,True,
SH-74136,J-2023-05769,2023-12-22,154,2023-12-05,False,capacity
SH-74137,J-2023-05771,2023-12-20,12,2024-01-02,True,
SH-74138,J-2023-05773,2023-12-01,7,2023-12-12,True,
SH-74139,J-2023-05775,2023-12-05,13,2023-12-18,True,
SH-74140,J-2023-05776,2023-11-30,19,2023-12-12,True,
SH-74141,J-2023-05778,2023-12-04,21,2023-12-06,True,
SH-74142,J-2023-05780,2023-12-05,7,2023-12-19,True,
SH-74143,J-2023-05781,2023-12-01,4,2024-01-08,True,
SH-74144,J-2023-05782,2023-12-06,4,2024-01-04,True,
SH-74145,J-2023-05783,2023-12-07,36,2023-12-14,True,
SH-74146,J-2023-05785,2023-12-08,24,2023-12-22,True,
SH-74147,J-2023-05787,2023-12-05,8,2023-12-12,True,
SH-74148,J-2023-05788,2023-12-07,72,2024-01-19,True,
SH-74149,J-2023-05790,2023-12-20,86,2024-01-03,True,
SH-74150,J-2023-05792,2023-12-13,4,2024-01-03,True,
SH-74151,J-2023-05794,2023-12-04,10,2023-12-08,True,
SH-74152,J-2023-05796,2023-12-13,176,2024-01-03,True,
SH-74153,J-2023-05798,2023-12-07,34,2023-12-19,True,
SH-74154,J-2023-05799,2023-12-06,11,2023-12-13,True,
SH-74155,J-2023-05800,2023-12-07,5,2023-12-21,True,
SH-74156,J-2023-05801,2023-12-04,2,2023-12-06,True,
SH-74157,J-2023-05802,2023-12-06,5,2023-12-18,True,
SH-74158,J-2023-05804,2023-12-13,37,2024-01-04,True,
SH-74159,J-2023-05805,2023-12-06,11,2024-01-02,True,
SH-74160,J-2023-05806,2023-12-08,11,2023-12-20,True,
SH-74161,J-2023-05807,2023-12-11,14,2023-12-20,True,
SH-74162,J-2023-05808,2023-12-21,86,2024-01-02,True,
SH-74163,J-2023-05810,2023-12-06,211,2023-12-19,True,
SH-74164,J-2023-05811,2023-12-15,4,2023-12-14,False,customer change
SH-74165,J-2023-05813,2023-12-15,22,2024-01-19,True,
SH-74166,J-2023-05814,2023-12-06,6,2024-01-04,True,
SH-74167,J-2023-05816,2023-12-05,20,2023-12-08,True,
SH-74168,J-2023-05817,2023-12-05,11,2023-12-14,True,
SH-74169,J-2023-05818,2023-12-13,18,2023-12-20,True,
SH-74170,J-2023-05820,2023-12-20,246,2024-01-05,True,
SH-74171,J-2023-05822,2023-12-08,17,2023-12-07,False,
SH-74172,J-2023-05823,2023-12-05,10,2023-12-14,True,
SH-74173,J-2023-05825,2024-01-03,84,2024-01-05,True,
SH-74174,J-2023-05826,2023-12-14,59,2024-01-18,True,
SH-74175,J-2023-05827,2023-12-05,2,2023-12-07,True,
SH-74176,J-2023-05828,2023-12-15,12,2023-12-15,True,
SH-74177,J-2023-05830,2023-12-07,4,2023-12-18,True,
SH-74178,J-2023-05832,2023-12-08,51,2023-12-13,True,
SH-74179,J-2023-05834,2023-12-20,41,2024-01-11,True,
SH-74180,J-2023-05835,2024-01-02,162,2024-01-11,True,
SH-74181,J-2023-05837,2023-12-06,7,2023-12-07,True,
SH-74182,J-2023-05839,2023-12-05,19,2023-12-07,True,
SH-74183,J-2023-05840,2023-12-08,11,2023-12-19,True,
SH-74184,J-2023-05842,2023-12-11,7,2023-12-11,True,
SH-74185,J-2023-05844,2023-12-18,26,2024-01-10,True,
SH-74186,J-2023-05845,2024-01-05,10,2024-01-10,True,
SH-74187,J-2023-05847,2023-12-13,64,2024-01-02,True,
SH-74188,J-2023-05848,2023-12-20,30,2024-01-16,True,
SH-74189,J-2023-05850,2023-12-14,123,2024-01-02,True,
SH-74190,J-2023-05852,2024-01-05,1,2024-01-09,True,
SH-74191,J-2023-05853,2023-12-22,25,2024-01-15,True,
SH-74192,J-2023-05854,2023-12-11,180,2023-12-08,False,
SH-74193,J-2023-05856,2023-12-12,22,2023-12-13,True,
SH-74194,J-2023-05858,2023-12-13,7,2023-12-21,True,
SH-74195,J-2023-05859,2023-12-13,9,2024-01-05,True,
SH-74196,J-2023-05860,2023-12-08,9,2023-12-12,True,
SH-74197,J-2023-05861,2023-12-18,17,2024-01-17,True,
SH-74198,J-2023-05862,2024-01-09,24,2024-01-05,False,capacity
SH-74199,J-2023-05864,2023-12-12,58,2024-01-02,True,
SH-74200,J-2023-05866,2023-12-11,11,2023-12-11,True,
SH-74201,J-2023-05868,2023-12-22,17,2023-12-13,False,
SH-74202,J-2023-05870,2023-12-07,25,2023-12-18,True,
SH-74203,J-2023-05871,2023-12-11,14,2023-12-08,False,capacity
SH-74204,J-2023-05872,2023-12-21,94,2024-01-09,True,
SH-74205,J-2023-05874,2023-12-18,500,2024-01-12,True,
SH-74206,J-2023-05876,2023-12-13,46,2023-12-11,False,other
SH-74207,J-2023-05878,2023-12-13,7,2024-01-09,True,
SH-74208,J-2023-05880,2023-12-21,40,2024-01-09,True,
SH-74209,J-2023-05882,2023-12-07,6,2023-12-11,True,
SH-74210,J-2023-05883,2023-12-18,45,2024-01-09,True,
SH-74211,J-2023-05885,2023-12-22,126,2023-12-20,False,capacity
SH-74212,J-2023-05887,2023-12-20,34,2023-12-21,True,
SH-74213,J-2023-05889,2023-12-11,64,2023-12-22,True,
SH-74214,J-2023-05891,2023-12-13,7,2024-01-05,True,
SH-74215,J-2023-05893,2023-12-20,107,2024-01-16,True,
SH-74216,J-2023-05894,2023-12-13,1,2023-12-22,True,
SH-74217,J-2023-05896,2023-12-08,5,2023-12-18,True,
SH-74218,J-2023-05898,2023-12-14,18,2024-01-12,True,
SH-74219,J-2023-05900,2023-12-11,64,2023-12-13,True,
SH-74220,J-2023-05902,2023-12-20,23,2024-01-02,True,
SH-74221,J-2023-05903,2023-12-21,113,2024-01-09,True,
SH-74222,J-2023-05904,2023-12-13,49,2024-01-18,True,
SH-74223,J-2023-05905,2023-12-15,150,2023-12-22,True,
SH-74224,J-2023-05906,2024-01-03,33,2024-01-09,True,
SH-74225,J-2023-05908,2023-12-12,87,2023-12-20,True,
SH-74226,J-2023-05909,2023-12-14,241,2023-12-11,False,
SH-74227,J-2023-05910,2023-12-08,15,2023-12-18,True,
SH-74228,J-2023-05912,2023-12-22,11,2024-01-02,True,
SH-74229,J-2023-05914,2023-12-13,35,2024-02-05,True,
SH-74230,J-2023-05916,2023-12-11,3,2023-12-18,True,
SH-74231,J-2023-05917,2023-12-13,15,2024-01-09,True,
SH-74232,J-2023-05919,2023-12-12,12,2023-12-13,True,
SH-74233,J-2023-05921,2023-12-07,11,2023-12-14,True,
SH-74234,J-2023-05922,2023-12-21,30,2024-01-10,True,
SH-74235,J-2023-05924,2023-12-11,2,2024-01-12,True,
SH-74236,J-2023-05925,2023-12-14,27,2024-01-09,True,
SH-74237,J-2023-05926,2023-12-15,6,2023-12-15,True,
SH-74238,J-2023-05927,2023-12-14,63,2024-01-03,True,
SH-74239,J-2023-05929,2023-12-18,69,2024-01-10,True,
SH-74240,J-2023-05931,2023-12-15,10,2023-12-20,True,
SH-74241,J-2023-05932,2023-12-14,16,2024-01-12,True,
SH-74242,J-2023-05933,2023-12-18,9,2024-01-19,True,
SH-74243,J-2023-05935,2023-12-08,133,2023-12-21,True,
SH-74244,J-2023-05937,2023-12-13,18,2024-01-10,True,
SH-74245,J-2023-05938,2023-12-13,15,2024-01-09,True,
SH-74246,J-2023-05940,2024-01-05,2,2024-01-10,True,
SH-74247,J-2023-05942,2023-12-18,31,2023-12-22,True,
SH-74248,J-2023-05943,2023-12-14,36,2023-12-14,True,
SH-74249,J-2023-05945,2023-12-11,25,2024-01-05,True,
SH-74250,J-2023-05946,2023-12-15,42,2024-01-10,True,
SH-74251,J-2023-05947,2023-12-11,29,2023-12-14,True,
SH-74252,J-2023-05949,2023-12-14,31,2023-12-18,True,
SH-74253,J-2023-05951,2023-12-11,7,2024-01-04,True,
SH-74254,J-2023-05953,2023-12-18,11,2024-01-05,True,
SH-74255,J-2023-05955,2023-12-13,1,2024-01-02,True,
SH-74256,J-2023-05957,2023-12-14,87,2024-01-10,True,
SH-74257,J-2023-05959,2023-12-13,28,2024-01-04,True,
SH-74258,J-2023-05960,2023-12-14,50,2024-01-02,True,
SH-74259,J-2023-05962,2023-12-18,41,2024-01-08,True,
SH-74260,J-2023-05963,2024-01-02,64,2024-01-03,True,
SH-74261,J-2023-05965,2024-01-03,68,2024-01-19,True,
SH-74262,J-2023-05967,2023-12-22,32,2024-01-11,True,
SH-74263,J-2023-05968,2023-12-18,26,2024-01-25,True,
SH-74264,J-2023-05970,2023-12-20,4,2024-01-18,True,
SH-74265,J-2023-05971,2024-01-08,19,2024-01-10,True,
SH-74266,J-2023-05972,2023-12-12,239,2023-12-15,True,
SH-74267,J-2023-05973,2023-12-19,18,2023-12-19,True,
SH-74268,J-2023-05974,2023-12-13,31,2024-01-09,True,
SH-74269,J-2023-05976,2023-12-22,69,2024-01-18,True,
SH-74270,J-2023-05978,2024-01-03,54,2023-12-20,False,other
SH-74271,J-2023-05979,2024-01-04,42,2024-01-10,True,
SH-74272,J-2023-05981,2023-12-15,1,2024-01-16,True,
SH-74273,J-2023-05983,2023-12-18,6,2024-01-05,True,
SH-74274,J-2023-05984,2023-12-15,21,2023-12-21,True,
SH-74275,J-2023-05986,2023-12-12,16,2023-12-14,True,
SH-74276,J-2023-05988,2023-12-14,9,2024-01-05,True,
SH-74277,J-2023-05990,2023-12-21,9,2024-01-05,True,
SH-74278,J-2023-05992,2023-12-22,11,2024-01-11,True,
SH-74279,J-2023-05993,2023-12-13,3,2023-12-21,True,
SH-74280,J-2023-05994,2023-12-15,10,2023-12-22,True,
SH-74281,J-2023-05996,2023-12-20,77,2024-01-12,True,
SH-74282,J-2023-05998,2023-12-14,8,2024-01-10,True,
SH-74283,J-2023-06000,2023-12-14,31,2024-01-02,True,
SH-74284,J-2023-06001,2023-12-21,4,2024-01-19,True,
SH-74285,J-2023-06003,2023-12-13,313,2024-01-03,True,
SH-74286,J-2023-06005,2023-12-22,15,2024-01-04,True,
SH-74287,J-2023-06007,2024-01-02,36,2024-01-04,True,
SH-74288,J-2023-06009,2023-12-14,22,2024-01-11,True,
SH-74289,J-2023-06011,2023-12-14,99,2024-01-16,True,
SH-74290,J-2023-06013,2023-12-15,34,2023-12-15,True,
SH-74291,J-2023-06015,2023-12-15,13,2024-01-15,True,
SH-74292,J-2023-06016,2023-12-15,17,2024-01-12,True,
SH-74293,J-2023-06018,2023-12-14,14,2024-01-10,True,
SH-74294,J-2023-06020,2023-12-19,37,2024-01-10,True,
SH-74295,J-2023-06022,2023-12-21,71,2024-01-15,True,
SH-74296,J-2023-06023,2023-12-15,11,2023-12-18,True,
SH-74297,J-2023-06025,2023-12-15,18,2024-01-19,True,
SH-74298,J-2023-06026,2024-01-05,54,2024-01-23,True,
SH-74299,J-2023-06027,2024-01-09,241,2024-01-08,False,capacity
SH-74300,J-2023-06028,2023-12-21,11,2024-01-15,True,
SH-74301,J-2023-06029,2023-12-15,3,2024-01-17,True,
SH-74302,J-2023-06030,2023-12-15,8,2024-01-25,True,
SH-74303,J-2023-06031,2024-01-12,10,2024-01-23,True,
SH-74304,J-2023-06033,2024-01-02,19,2024-01-12,True,
SH-74305,J-2023-06035,2023-12-19,9,2024-01-02,True,
SH-74306,J-2023-06037,2023-12-21,8,2024-01-04,True,
SH-74307,J-2023-06038,2023-12-20,108,2024-01-02,True,
SH-74308,J-2023-06039,2023-12-15,19,2023-12-15,True,
SH-74309,J-2023-06040,2023-12-12,57,2023-12-15,True,
SH-74310,J-2023-06042,2023-12-14,111,2024-01-08,True,
SH-74311,J-2023-06044,2023-12-21,30,2024-01-15,True,
SH-74312,J-2023-06045,2024-01-02,9,2024-01-02,True,
SH-74313,J-2023-06046,2023-12-13,70,2024-01-03,True,
SH-74314,J-2023-06047,2024-01-11,17,2024-01-19,True,
SH-74315,J-2023-06049,2023-12-22,14,2023-12-22,True,
SH-74316,J-2023-06050,2023-12-22,56,2023-12-14,False,quality
SH-74317,J-2023-06051,2023-12-19,301,2024-01-02,True,
SH-74318,J-2023-06052,2023-12-21,22,2024-01-09,True,
SH-74319,J-2023-06054,2023-12-22,75,2024-01-10,True,
SH-74320,J-2023-06056,2024-01-02,3,2024-01-11,True,
SH-74321,J-2023-06058,2023-12-20,450,2023-12-20,True,
SH-74322,J-2023-06059,2023-12-18,127,2023-12-19,True,
SH-74323,J-2023-06060,2023-12-14,39,2023-12-15,True,
SH-74324,J-2023-06062,2024-01-04,16,2024-01-09,True,
SH-74325,J-2023-06063,2024-01-10,164,2024-01-18,True,
SH-74326,J-2023-06065,2024-01-11,10,2024-01-18,True,
SH-74327,J-2023-06067,2023-12-22,3,2024-01-08,True,
SH-74328,J-2023-06069,2023-12-21,114,2024-01-05,True,
SH-74329,J-2023-06070,2023-12-18,11,2023-12-15,False,outside processing
SH-74330,J-2023-06071,2024-01-12,31,2024-01-19,True,
SH-74331,J-2023-06073,2023-12-18,8,2023-12-22,True,
SH-74332,J-2023-06074,2024-01-23,72,2024-01-30,True,
SH-74333,J-2023-06076,2024-01-08,33,2024-01-16,True,
SH-74334,J-2023-06077,2024-01-04,5,2024-01-15,True,
SH-74335,J-2023-06078,2024-01-05,14,2024-01-18,True,
SH-74336,J-2023-06080,2023-12-21,132,2024-01-03,True,
SH-74337,J-2023-06081,2023-12-20,3,2024-01-03,True,
SH-74338,J-2023-06082,2023-12-20,16,2024-01-02,True,
SH-74339,J-2023-06083,2023-12-21,20,2024-01-11,True,
SH-74340,J-2023-06085,2023-12-19,15,2023-12-18,False,capacity
SH-74341,J-2023-06087,2023-12-15,22,2023-12-19,True,
SH-74342,J-2023-06089,2023-12-18,91,2023-12-19,True,
SH-74343,J-2023-06091,2024-01-12,57,2024-01-16,True,
SH-74344,J-2023-06093,2024-01-16,70,2024-01-16,True,
SH-74345,J-2023-06095,2024-01-03,35,2024-01-16,True,
SH-74346,J-2023-06096,2024-01-08,53,2024-01-16,True,
SH-74347,J-2023-06097,2023-12-19,29,2024-01-04,True,
SH-74348,J-2023-06099,2023-12-21,125,2024-01-04,True,
SH-74349,J-2023-06101,2024-01-09,21,2024-01-16,True,
SH-74350,J-2023-06102,2024-01-05,4,2024-01-19,True,
SH-74351,J-2023-06103,2023-12-20,6,2024-01-02,True,
SH-74352,J-2023-06105,2024-01-18,92,2024-01-22,True,
SH-74353,J-2023-06107,2024-01-04,2,2024-01-02,False,capacity
SH-74354,J-2023-06109,2024-01-05,20,2024-01-09,True,
SH-74355,J-2023-06111,2023-12-20,7,2024-01-03,True,
SH-74356,J-2023-06113,2023-12-15,218,2023-12-20,True,
SH-74357,J-2023-06115,2024-01-15,51,2024-01-22,True,
SH-74358,J-2023-06117,2024-01-08,18,2024-01-17,True,
SH-74359,J-2023-06119,2024-01-05,128,2024-01-12,True,
SH-74360,J-2023-06121,2024-01-08,66,2024-01-12,True,
SH-74361,J-2023-06123,2024-01-12,167,2024-01-17,True,
SH-74362,J-2023-06124,2024-01-05,17,2024-01-17,True,
SH-74363,J-2023-06126,2024-01-10,32,2024-01-17,True,
SH-74364,J-2023-06128,2024-01-05,49,2024-01-15,True,
SH-74365,J-2023-06129,2024-01-09,18,2024-01-15,True,
SH-74366,J-2023-06130,2023-12-22,28,2024-01-24,True,
SH-74367,J-2023-06132,2023-12-22,19,2024-01-03,True,
SH-74368,J-2023-06133,2023-12-20,27,2023-12-20,True,
SH-74369,J-2023-06135,2024-01-02,6,2024-01-15,True,
SH-74370,J-2023-06136,2023-12-22,13,2023-12-20,False,
SH-74371,J-2023-06137,2023-12-20,44,2024-01-04,True,
SH-74372,J-2023-06139,2023-12-18,74,2023-12-21,True,
SH-74373,J-2023-06140,2024-01-02,17,2024-01-08,True,
SH-74374,J-2023-06141,2024-01-18,4,2024-01-17,False,
SH-74375,J-2023-06143,2024-01-02,77,2024-01-16,True,
SH-74376,J-2023-06145,2023-12-21,23,2024-01-10,True,
SH-74377,J-2023-06146,2024-01-15,65,2024-01-18,True,
SH-74378,J-2023-06147,2023-12-22,10,2024-01-22,True,
SH-74379,J-2023-06149,2024-01-11,17,2024-01-10,False,
SH-74380,J-2023-06150,2024-01-09,31,2024-01-15,True,
SH-74381,J-2023-06152,2023-12-14,5,2023-12-18,True,
SH-74382,J-2023-06154,2024-01-16,5,2024-01-29,True,
SH-74383,J-2023-06156,2024-01-03,52,2024-01-08,True,
SH-74384,J-2023-06158,2024-01-03,32,2024-01-09,True,
SH-74385,J-2023-06160,2023-12-21,34,2024-01-09,True,
SH-74386,J-2023-06161,2024-01-20,2,2024-01-23,True,
SH-74387,J-2023-06162,2024-01-02,8,2024-01-11,True,
SH-74388,J-2023-06164,2024-01-05,2,2024-01-18,True,
SH-74389,J-2023-06166,2024-01-11,6,2024-01-24,True,
SH-74390,J-2023-06168,2024-01-12,60,2024-01-18,True,
SH-74391,J-2023-06170,2023-12-22,14,2024-01-12,True,
SH-74392,J-2023-06172,2023-12-21,30,2024-01-08,True,
SH-74393,J-2023-06174,2024-01-05,27,2024-01-12,True,
SH-74394,J-2023-06176,2023-12-21,51,2024-01-16,True,
SH-74395,J-2023-06178,2023-12-21,107,2024-01-17,True,
SH-74396,J-2023-06179,2024-01-15,52,2024-01-11,False,material
SH-74397,J-2023-06180,2023-12-22,69,2024-01-12,True,
SH-74398,J-2023-06181,2023-12-21,31,2024-01-10,True,
SH-74399,J-2023-06183,2024-01-19,19,2024-01-22,True,
SH-74400,J-2023-06184,2024-01-03,8,2024-01-05,True,
SH-74401,J-2023-06185,2024-01-04,22,2024-01-11,True,
SH-74402,J-2023-06186,2023-12-21,37,2024-01-02,True,
SH-74403,J-2023-06188,2024-01-02,15,2023-12-22,False,capacity
SH-74404,J-2023-06189,2024-01-02,4,2024-01-08,True,
SH-74405,J-2023-06191,2024-01-03,19,2024-01-03,True,
SH-74406,J-2023-06192,2024-01-04,31,2024-01-10,True,
SH-74407,J-2023-06194,2024-01-11,29,2024-01-12,True,
SH-74408,J-2023-06195,2024-01-19,9,2024-01-22,True,
SH-74409,J-2023-06196,2023-12-20,5,2023-12-22,True,
SH-74410,J-2023-06197,2024-01-05,50,2024-01-10,True,
SH-74411,J-2023-06199,2024-01-16,40,2024-01-24,True,
SH-74412,J-2023-06201,2024-01-10,26,2024-01-19,True,
SH-74413,J-2023-06202,2024-01-12,77,2024-01-22,True,
SH-74414,J-2023-06203,2024-01-25,2,2024-01-30,True,
SH-74415,J-2023-06204,2024-01-02,40,2024-01-08,True,
SH-74416,J-2023-06205,2024-01-04,69,2024-01-17,True,
SH-74417,J-2023-06207,2024-01-04,21,2024-01-17,True,
SH-74418,J-2023-06208,2024-01-09,4,2024-01-11,True,
SH-74419,J-2023-06209,2024-01-09,28,2024-01-15,True,
SH-74420,J-2023-06210,2024-01-04,11,2024-01-10,True,
SH-74421,J-2023-06212,2024-01-29,77,2024-02-02,True,
SH-74422,J-2023-06214,2024-01-20,162,2024-01-23,True,
SH-74423,J-2023-06215,2024-01-15,5,2024-01-22,True,
SH-74424,J-2023-06217,2023-12-22,8,2024-01-03,True,
SH-74425,J-2023-06218,2024-01-12,104,2024-01-16,True,
SH-74426,J-2023-06220,2023-12-22,11,2024-01-03,True,
SH-74427,J-2023-06221,2024-01-04,20,2024-01-12,True,
SH-74428,J-2023-06223,2024-01-04,330,2024-01-03,False,other
SH-74429,J-2023-06224,2024-01-11,89,2024-01-15,True,
SH-74430,J-2023-06226,2024-01-02,16,2024-01-17,True,
SH-74431,J-2023-06227,2024-01-12,135,2024-01-11,False,outside processing
SH-74432,J-2023-06228,2024-01-04,142,2023-12-22,False,
SH-74433,J-2023-06230,2024-01-08,19,2024-01-11,True,
SH-74434,J-2023-06232,2024-01-15,42,2024-01-16,True,
SH-74435,J-2023-06234,2024-01-12,35,2024-01-23,True,
SH-74436,J-2023-06236,2024-01-26,28,2024-01-23,False,
SH-74437,J-2023-06237,2024-01-05,26,2024-01-10,True,
SH-74438,J-2023-06239,2024-01-09,8,2024-01-09,True,
SH-74439,J-2023-06240,2024-01-11,12,2024-01-22,True,
SH-74440,J-2023-06242,2024-01-05,50,2024-01-18,True,
SH-74441,J-2023-06244,2024-01-19,354,2024-01-22,True,
SH-74442,J-2023-06245,2024-01-12,2,2024-01-17,True,
SH-74443,J-2023-06247,2024-01-23,23,2024-01-23,True,
SH-74444,J-2023-06248,2024-01-17,178,2024-01-18,True,
SH-74445,J-2023-06250,2024-01-30,98,2024-02-05,True,
SH-74446,J-2023-06252,2024-01-05,7,2024-01-04,False,capacity
SH-74447,J-2023-06253,2024-01-02,51,2024-01-04,True,
SH-74448,J-2023-06255,2024-01-03,3,2024-01-15,True,
SH-74449,J-2023-06257,2023-12-22,17,2024-01-09,True,
SH-74450,J-2023-06259,2023-12-20,9,2024-01-02,True,
SH-74451,J-2023-06261,2023-12-21,90,2023-12-22,True,
SH-74452,J-2023-06262,2024-01-08,9,2024-01-11,True,
SH-74453,J-2023-06264,2024-01-11,32,2024-01-17,True,
SH-74454,J-2023-06265,2024-01-03,6,2024-01-09,True,
SH-74455,J-2023-06266,2024-01-12,8,2024-01-23,True,
SH-74456,J-2023-06267,2024-01-10,4,2024-01-15,True,
SH-74457,J-2023-06268,2024-01-26,182,2024-01-30,True,
SH-74458,J-2023-06269,2024-01-10,66,2024-01-17,True,
SH-74459,J-2023-06270,2024-01-09,21,2024-01-12,True,
SH-74460,J-2023-06272,2024-01-02,19,2024-01-09,True,
SH-74461,J-2023-06273,2024-01-08,21,2024-01-15,True,
SH-74462,J-2023-06275,2024-01-19,35,2024-01-23,True,
SH-74463,J-2023-06276,2024-01-15,21,2024-01-15,True,
SH-74464,J-2023-06278,2024-01-05,32,2024-01-11,True,
SH-74465,J-2023-06280,2023-12-22,9,2023-12-22,True,
SH-74466,J-2023-06281,2024-01-04,4,2024-01-12,True,
SH-74467,J-2023-06282,2024-01-19,263,2024-01-15,False,capacity
SH-74468,J-2023-06283,2024-01-04,12,2024-01-04,True,
SH-74469,J-2023-06285,2024-01-09,11,2024-01-10,True,
SH-74470,J-2023-06286,2023-12-22,20,2024-01-05,True,
SH-74471,J-2023-06288,2024-01-04,3,2024-01-04,True,
SH-74472,J-2023-06289,2024-01-03,32,2024-01-10,True,
SH-74473,J-2023-06290,2024-01-09,75,2024-01-05,False,
SH-74474,J-2023-06291,2024-01-29,17,2024-01-31,True,
SH-74475,J-2023-06292,2024-01-08,19,2024-01-12,True,
SH-74476,J-2023-06294,2024-01-09,21,2024-01-15,True,
SH-74477,J-2023-06296,2024-01-15,18,2024-01-17,True,
SH-74478,J-2023-06298,2024-01-11,120,2024-01-17,True,
SH-74479,J-2023-06299,2024-01-31,49,2024-02-08,True,
SH-74480,J-2023-06300,2024-01-18,9,2024-01-23,True,
SH-74481,J-2023-06301,2024-01-02,22,2024-01-05,True,
SH-74482,J-2023-06302,2024-01-23,26,2024-01-25,True,
SH-74483,J-2023-06304,2024-01-09,13,2024-01-17,True,
SH-74484,J-2023-06305,2024-01-18,7,2024-01-25,True,
SH-74485,J-2023-06306,2024-01-10,414,2024-01-16,True,
SH-74486,J-2023-06307,2024-01-08,36,2024-01-11,True,
SH-74487,J-2023-06309,2024-01-23,37,2024-01-30,True,
SH-74488,J-2023-06311,2024-01-20,4,2024-01-26,True,
SH-74489,J-2023-06312,2024-01-09,9,2024-01-11,True,
SH-74490,J-2023-06314,2024-01-12,13,2024-01-22,True,
SH-74491,J-2023-06316,2024-01-11,192,2024-01-15,True,
SH-74492,J-2023-06318,2024-01-09,103,2024-01-11,True,
SH-74493,J-2023-06319,2024-01-11,500,2024-01-16,True,
SH-74494,J-2023-06320,2024-01-08,52,2024-01-11,True,
SH-74495,J-2023-06321,2024-01-23,12,2024-01-25,True,
SH-74496,J-2023-06322,2024-01-08,118,2024-01-11,True,
SH-74497,J-2023-06323,2024-01-09,12,2024-01-09,True,
SH-74498,J-2023-06325,2024-01-24,58,2024-01-25,True,
SH-74499,J-2023-06327,2024-01-11,44,2024-01-12,True,
SH-74500,J-2023-06329,2024-01-16,83,2024-01-18,True,
SH-74501,J-2023-06331,2024-01-20,68,2024-01-25,True,
SH-74502,J-2023-06332,2024-01-19,91,2024-01-23,True,
SH-74503,J-2023-06333,2024-01-09,39,2024-01-11,True,
SH-74504,J-2023-06334,2024-01-18,10,2024-01-24,True,
SH-74505,J-2023-06336,2024-01-10,8,2024-01-16,True,
SH-74506,J-2023-06338,2024-01-18,23,2024-01-25,True,
SH-74507,J-2023-06340,2024-01-22,28,2024-01-23,True,
SH-74508,J-2023-06342,2024-01-23,18,2024-01-25,True,
SH-74509,J-2023-06344,2024-01-23,10,2024-01-24,True,
SH-74510,J-2023-06345,2024-02-02,26,2024-02-16,True,
SH-74511,J-2023-06346,2024-01-03,6,2024-01-04,True,
SH-74512,J-2023-06347,2024-01-03,6,2024-01-04,True,
SH-74513,J-2023-06348,2024-01-22,64,2024-01-26,True,
SH-74514,J-2023-06349,2024-01-29,86,2024-02-02,True,
SH-74515,J-2023-06351,2024-01-08,5,2024-01-11,True,
SH-74516,J-2023-06353,2024-01-08,41,2024-01-12,True,
SH-74517,J-2023-06355,2024-01-05,76,2024-01-08,True,
SH-74518,J-2023-06356,2024-01-12,6,2024-01-22,True,
SH-74519,J-2023-06357,2024-01-18,17,2024-01-26,True,
SH-74520,J-2023-06358,2024-01-20,86,2024-01-26,True,
SH-74521,J-2023-06360,2024-01-08,19,2024-01-12,True,
SH-74522,J-2023-06361,2024-01-23,7,2024-01-26,True,
SH-74523,J-2023-06363,2024-01-09,51,2024-01-10,True,
SH-74524,J-2023-06365,2024-01-16,12,2024-01-16,True,
SH-74525,J-2023-06367,2024-01-11,62,2024-01-16,True,
SH-74526,J-2023-06368,2024-01-03,13,2024-01-08,True,
SH-74527,J-2023-06369,2024-01-24,24,2024-01-26,True,
SH-74528,J-2023-06370,2024-01-02,21,2024-01-05,True,
SH-74529,J-2023-06372,2024-01-04,45,2024-01-04,True,
SH-74530,J-2023-06374,2024-01-25,500,2024-02-05,True,
SH-74531,J-2023-06376,2024-01-18,500,2024-01-12,False,
SH-74532,J-2023-06378,2024-01-05,12,2024-01-08,True,
SH-74533,J-2023-06380,2024-01-22,64,2024-01-25,True,
SH-74534,J-2023-06382,2024-01-03,16,2024-01-09,True,
SH-74535,J-2023-06384,2024-01-29,47,2024-02-12,True,
SH-74536,J-2023-06385,2024-01-18,125,2024-01-19,True,
SH-74537,J-2023-06386,2024-01-08,10,2024-01-12,True,
SH-74538,J-2023-06387,2024-01-18,31,2024-01-22,True,
SH-74539,J-2023-06388,2024-01-23,6,2024-01-26,True,
SH-74540,J-2023-06390,2024-01-22,29,2024-01-26,True,
SH-74541,J-2023-06391,2024-01-22,16,2024-01-26,True,
SH-74542,J-2023-06393,2024-01-18,3,2024-01-19,True,
SH-74543,J-2023-06395,2024-01-24,6,2024-02-02,True,
SH-74544,J-2023-06396,2024-01-22,43,2024-01-26,True,
SH-74545,J-2023-06398,2024-01-16,3,2024-01-17,True,
SH-74546,J-2023-06399,2024-01-11,11,2024-01-08,False,
SH-74547,J-2023-06400,2024-01-12,6,2024-01-16,True,
SH-74548,J-2023-06402,2024-01-09,76,2024-01-15,True,
SH-74549,J-2023-06404,2024-01-18,8,2024-01-23,True,
SH-74550,J-2023-06405,2024-01-09,15,2024-01-15,True,
SH-74551,J-2023-06407,2024-01-20,17,2024-01-25,True,
SH-74552,J-2023-06408,2024-01-23,9,2024-01-29,True,
SH-74553,J-2023-06409,2024-01-22,47,2024-01-24,True,
SH-74554,J-2023-06411,2024-01-11,5,2024-01-17,True,
SH-74555,J-2023-06413,2024-01-24,35,2024-01-26,True,
SH-74556,J-2023-06415,2024-01-04,6,2024-01-05,True,
SH-74557,J-2023-06416,2024-01-12,3,2024-01-15,True,
SH-74558,J-2023-06417,2024-01-10,69,2024-01-23,True,
SH-74559,J-2023-06418,2024-01-10,7,2024-01-30,True,
SH-74560,J-2023-06420,2024-01-18,74,2024-01-29,True,
SH-74561,J-2023-06421,2024-01-24,80,2024-01-30,True,
SH-74562,J-2023-06422,2024-01-25,45,2024-01-31,True,
SH-74563,J-2023-06423,2024-01-10,65,2024-01-15,True,
SH-74564,J-2023-06425,2024-01-18,25,2024-01-22,True,
SH-74565,J-2023-06427,2024-01-23,19,2024-01-24,True,
SH-74566,J-2023-06428,2024-01-18,33,2024-01-29,True,
SH-74567,J-2023-06429,2024-01-11,25,2024-01-22,True,
SH-74568,J-2023-06431,2024-01-10,12,2024-01-12,True,
SH-74569,J-2023-06433,2024-01-04,109,2024-01-08,True,
SH-74570,J-2023-06434,2024-01-24,14,2024-01-29,True,
SH-74571,J-2023-06435,2024-01-11,38,2024-01-15,True,
SH-74572,J-2023-06436,2024-01-08,96,2024-01-12,True,
SH-74573,J-2023-06437,2024-01-18,22,2024-01-23,True,
SH-74574,J-2023-06438,2024-01-31,20,2024-02-20,True,
SH-74575,J-2023-06440,2024-01-15,19,2024-01-18,True,
SH-74576,J-2023-06442,2024-01-11,54,2024-01-24,True,
SH-74577,J-2023-06444,2024-01-11,16,2024-01-17,True,
SH-74578,J-2023-06446,2024-01-20,34,2024-01-24,True,
SH-74579,J-2023-06448,2024-01-26,87,2024-01-29,True,
SH-74580,J-2023-06449,2024-01-17,264,2024-01-25,True,
SH-74581,J-2023-06450,2024-01-18,84,2024-01-22,True,
SH-74582,J-2023-06451,2024-01-20,45,2024-01-24,True,
SH-74583,J-2023-06452,2024-01-24,25,2024-01-30,True,
SH-74584,J-2023-06454,2024-01-09,39,2024-01-17,True,
SH-74585,J-2023-06456,2024-01-10,22,2024-01-15,True,
SH-74586,J-2023-06458,2024-01-11,10,2024-01-15,True,
SH-74587,J-2023-06460,2024-01-12,5,2024-01-23,True,
SH-74588,J-2023-06461,2024-01-11,13,2024-01-16,True,
SH-74589,J-2023-06462,2024-01-11,109,2024-01-24,True,
SH-74590,J-2023-06463,2024-01-18,159,2024-01-22,True,
SH-74591,J-2023-06465,2024-01-26,58,2024-02-01,True,
SH-74592,J-2023-06467,2024-01-10,26,2024-01-15,True,
SH-74593,J-2023-06469,2024-01-18,22,2024-01-23,True,
SH-74594,J-2023-06471,2024-01-29,18,2024-02-02,True,
SH-74595,J-2023-06473,2024-01-20,34,2024-01-29,True,
SH-74596,J-2023-06474,2024-01-11,101,2024-01-17,True,
SH-74597,J-2024-00001,2024-01-11,28,2024-01-17,True,
SH-74598,J-2024-00002,2024-01-20,7,2024-01-30,True,
SH-74599,J-2024-00003,2024-02-01,126,2024-02-09,True,
SH-74600,J-2024-00005,2024-01-22,24,2024-01-31,True,
SH-74601,J-2024-00007,2024-01-25,77,2024-01-30,True,
SH-74602,J-2024-00009,2024-01-23,19,2024-01-11,False,
SH-74603,J-2024-00010,2024-01-18,7,2024-01-25,True,
SH-74604,J-2024-00012,2024-01-09,8,2024-01-11,True,
SH-74605,J-2024-00013,2024-01-25,56,2024-01-30,True,
SH-74606,J-2024-00014,2024-01-08,3,2024-01-10,True,
SH-74607,J-2024-00015,2024-01-08,13,2024-01-11,True,
SH-74608,J-2024-00016,2024-01-25,74,2024-01-31,True,
SH-74609,J-2024-00017,2024-01-08,60,2024-01-12,True,
SH-74610,J-2024-00019,2024-01-24,49,2024-02-01,True,
SH-74611,J-2024-00021,2024-02-01,55,2024-02-08,True,
SH-74612,J-2024-00023,2024-01-20,136,2024-01-25,True,
SH-74613,J-2024-00024,2024-01-23,20,2024-01-30,True,
SH-74614,J-2024-00026,2024-02-13,11,2024-02-21,True,
SH-74615,J-2024-00028,2024-02-05,12,2024-02-01,False,
SH-74616,J-2024-00029,2024-01-23,44,2024-01-26,True,
SH-74617,J-2024-00030,2024-01-23,28,2024-02-01,True,
SH-74618,J-2024-00032,2024-01-10,14,2024-01-12,True,
SH-74619,J-2024-00033,2024-01-23,144,2024-01-25,True,
SH-74620,J-2024-00035,2024-01-31,12,2024-02-09,True,
SH-74621,J-2024-00037,2024-01-11,5,2024-01-16,True,
SH-74622,J-2024-00039,2024-01-19,6,2024-01-22,True,
SH-74623,J-2024-00040,2024-02-01,40,2024-02-02,True,
SH-74624,J-2024-00042,2024-01-20,9,2024-01-24,True,
SH-74625,J-2024-00044,2024-01-23,82,2024-01-25,True,
SH-74626,J-2024-00045,2024-01-17,43,2024-01-18,True,
SH-74627,J-2024-00047,2024-01-12,115,2024-01-15,True,
SH-74628,J-2024-00049,2024-01-24,83,2024-02-05,True,
SH-74629,J-2024-00050,2024-02-05,345,2024-03-06,True,
SH-74630,J-2024-00051,2024-01-29,24,2024-02-05,True,
SH-74631,J-2024-00053,2024-02-02,12,2024-02-13,True,
SH-74632,J-2024-00055,2024-01-15,52,2024-01-15,True,
SH-74633,J-2024-00056,2024-01-29,47,2024-01-31,True,
SH-74634,J-2024-00057,2024-01-24,27,2024-01-15,False,
SH-74635,J-2024-00059,2024-01-24,68,2024-01-29,True,
SH-74636,J-2024-00060,2024-01-16,88,2024-01-12,False,
SH-74637,J-2024-00061,2024-01-18,10,2024-01-22,True,
SH-74638,J-2024-00062,2024-01-25,10,2024-02-01,True,
SH-74639,J-2024-00064,2024-01-29,70,2024-01-30,True,
SH-74640,J-2024-00065,2024-02-01,35,2024-02-09,True,
SH-74641,J-2024-00066,2024-01-30,226,2024-02-06,True,
SH-74642,J-2024-00068,2024-01-25,5,2024-01-26,True,
SH-74643,J-2024-00069,2024-01-22,23,2024-01-26,True,
SH-74644,J-2024-00071,2024-01-23,6,2024-01-29,True,
SH-74645,J-2024-00073,2024-01-29,71,2024-02-05,True,
SH-74646,J-2024-00075,2024-01-16,187,2024-02-13,True,
SH-74647,J-2024-00076,2024-01-16,6,2024-01-16,True,
SH-74648,J-2024-00078,2024-01-17,254,2024-01-15,False,quality
SH-74649,J-2024-00080,2024-01-29,1,2024-02-06,True,
SH-74650,J-2024-00082,2024-01-23,31,2024-01-29,True,
SH-74651,J-2024-00084,2024-01-22,63,2024-01-25,True,
SH-74652,J-2024-00085,2024-01-10,4,2024-01-12,True,
SH-74653,J-2024-00087,2024-01-24,122,2024-02-05,True,
SH-74654,J-2024-00089,2024-01-19,43,2024-01-18,False,capacity
SH-74655,J-2024-00090,2024-01-16,4,2024-01-26,True,
SH-74656,J-2024-00092,2024-01-30,18,2024-01-30,True,
SH-74657,J-2024-00094,2024-02-05,54,2024-02-13,True,
SH-74658,J-2024-00095,2024-02-08,36,2024-02-07,False,
SH-74659,J-2024-00097,2024-01-26,6,2024-02-01,True,
SH-74660,J-2024-00098,2024-01-31,5,2024-02-09,True,
SH-74661,J-2024-00099,2024-01-31,50,2024-02-06,True,
SH-74662,J-2024-00100,2024-01-22,8,2024-01-22,True,
SH-74663,J-2024-00101,2024-01-16,6,2024-01-17,True,
SH-74664,J-2024-00102,2024-01-23,25,2024-01-29,True,
SH-74665,J-2024-00103,2024-01-12,6,2024-01-17,True,
SH-74666,J-2024-00105,2024-01-18,96,2024-01-23,True,
SH-74667,J-2024-00107,2024-01-30,16,2024-02-13,True,
SH-74668,J-2024-00108,2024-02-07,20,2024-02-16,True,
SH-74669,J-2024-00109,2024-02-01,15,2024-01-30,False,capacity
SH-74670,J-2024-00111,2024-01-16,24,2024-01-16,True,
SH-74671,J-2024-00112,2024-01-20,5,2024-01-24,True,
SH-74672,J-2024-00113,2024-01-25,6,2024-01-24,False,
SH-74673,J-2024-00114,2024-01-12,25,2024-01-26,True,
SH-74674,J-2024-00116,2024-01-26,193,2024-01-26,True,
SH-74675,J-2024-00117,2024-02-02,36,2024-02-21,True,
SH-74676,J-2024-00118,2024-01-20,6,2024-01-25,True,
SH-74677,J-2024-00119,2024-01-16,13,2024-01-18,True,
SH-74678,J-2024-00120,2024-01-24,100,2024-02-06,True,
SH-74679,J-2024-00122,2024-02-01,11,2024-02-07,True,
SH-74680,J-2024-00123,2024-01-22,12,2024-01-30,True,
SH-74681,J-2024-00124,2024-01-22,50,2024-02-22,True,
SH-74682,J-2024-00126,2024-01-26,43,2024-01-29,True,
SH-74683,J-2024-00128,2024-01-24,1,2024-01-25,True,
SH-74684,J-2024-00129,2024-01-31,4,2024-02-08,True,
SH-74685,J-2024-00130,2024-01-30,75,2024-02-02,True,
SH-74686,J-2024-00131,2024-02-02,20,2024-02-08,True,
SH-74687,J-2024-00133,2024-01-23,5,2024-01-25,True,
SH-74688,J-2024-00135,2024-01-26,20,2024-02-01,True,
SH-74689,J-2024-00136,2024-01-29,15,2024-02-08,True,
SH-74690,J-2024-00138,2024-01-24,44,2024-01-17,False,
SH-74691,J-2024-00139,2024-01-29,19,2024-01-31,True,
SH-74692,J-2024-00141,2024-01-26,45,2024-02-08,True,
SH-74693,J-2024-00143,2024-01-24,30,2024-01-18,False,quality
SH-74694,J-2024-00144,2024-02-13,7,2024-02-09,False,
SH-74695,J-2024-00145,2024-01-24,9,2024-01-25,True,
SH-74696,J-2024-00147,2024-01-25,39,2024-01-25,True,
SH-74697,J-2024-00149,2024-01-26,7,2024-02-01,True,
SH-74698,J-2024-00150,2024-01-30,154,2024-01-23,False,other
SH-74699,J-2024-00151,2024-01-20,8,2024-01-29,True,
SH-74700,J-2024-00152,2024-01-29,9,2024-02-19,True,
SH-74701,J-2024-00153,2024-01-26,12,2024-01-31,True,
SH-74702,J-2024-00154,2024-01-24,3,2024-02-02,True,
SH-74703,J-2024-00156,2024-01-31,112,2024-02-06,True,
SH-74704,J-2024-00158,2024-01-19,12,2024-01-22,True,
SH-74705,J-2024-00159,2024-01-29,9,2024-02-09,True,
SH-74706,J-2024-00160,2024-01-24,35,2024-01-26,True,
SH-74707,J-2024-00162,2024-01-31,23,2024-02-08,True,
SH-74708,J-2024-00163,2024-01-26,25,2024-02-01,True,
SH-74709,J-2024-00164,2024-01-24,28,2024-01-31,True,
SH-74710,J-2024-00166,2024-01-18,144,2024-01-19,True,
SH-74711,J-2024-00167,2024-01-19,48,2024-01-19,True,
SH-74712,J-2024-00169,2024-01-31,41,2024-02-12,True,
SH-74713,J-2024-00170,2024-01-26,20,2024-02-08,True,
SH-74714,J-2024-00172,2024-02-02,140,2024-02-13,True,
SH-74715,J-2024-00174,2024-01-23,78,2024-01-29,True,
SH-74716,J-2024-00176,2024-01-19,28,2024-01-23,True,
SH-74717,J-2024-00178,2024-01-23,9,2024-01-23,True,
SH-74718,J-2024-00180,2024-02-02,157,2024-02-14,True,
SH-74719,J-2024-00182,2024-01-26,6,2024-02-01,True,
SH-74720,J-2024-00184,2024-01-25,14,2024-01-30,True,
SH-74721,J-2024-00185,2024-02-07,40,2024-02-20,True,
SH-74722,J-2024-00186,2024-01-18,56,2024-01-22,True,
SH-74723,J-2024-00188,2024-01-18,15,2024-01-23,True,
SH-74724,J-2024-00190,2024-01-24,6,2024-01-29,True,
SH-74725,J-2024-00192,2024-01-31,68,2024-02-13,True,
SH-74726,J-2024-00194,2024-02-05,61,2024-02-15,True,
SH-74727,J-2024-00195,2024-01-24,19,2024-01-25,True,
SH-74728,J-2024-00197,2024-01-29,29,2024-02-06,True,
SH-74729,J-2024-00199,2024-01-29,116,2024-02-01,True,
SH-74730,J-2024-00201,2024-01-30,31,2024-02-07,True,
SH-74731,J-2024-00203,2024-02-02,29,2024-02-19,True,
SH-74732,J-2024-00205,2024-02-05,68,2024-02-12,True,
SH-74733,J-2024-00206,2024-01-29,91,2024-02-05,True,
SH-74734,J-2024-00208,2024-01-31,22,2024-02-12,True,
SH-74735,J-2024-00210,2024-01-29,500,2024-02-02,True,
SH-74736,J-2024-00211,2024-01-29,6,2024-02-05,True,
SH-74737,J-2024-00212,2024-02-08,72,2024-02-16,True,
SH-74738,J-2024-00214,2024-01-31,6,2024-02-05,True,
SH-74739,J-2024-00215,2024-01-24,4,2024-01-29,True,
SH-74740,J-2024-00216,2024-01-24,89,2024-02-07,True,
SH-74741,J-2024-00217,2024-01-22,59,2024-01-29,True,
SH-74742,J-2024-00219,2024-01-26,17,2024-01-30,True,
SH-74743,J-2024-00221,2024-02-01,65,2024-02-12,True,
SH-74744,J-2024-00222,2024-01-25,68,2024-02-01,True,
SH-74745,J-2024-00224,2024-01-24,38,2024-02-01,True,
SH-74746,J-2024-00226,2024-02-05,249,2024-02-06,True,
SH-74747,J-2024-00227,2024-02-14,167,2024-02-19,True,
SH-74748,J-2024-00229,2024-01-25,27,2024-01-26,True,
SH-74749,J-2024-00231,2024-02-08,256,2024-02-13,True,
SH-74750,J-2024-00233,2024-01-26,4,2024-02-01,True,
SH-74751,J-2024-00235,2024-02-02,96,2024-02-06,True,
SH-74752,J-2024-00236,2024-01-23,26,2024-01-22,False,capacity
SH-74753,J-2024-00238,2024-02-01,17,2024-02-08,True,
SH-74754,J-2024-00240,2024-01-23,13,2024-01-23,True,
SH-74755,J-2024-00241,2024-01-29,8,2024-02-15,True,
SH-74756,J-2024-00243,2024-02-05,19,2024-02-13,True,
SH-74757,J-2024-00245,2024-02-08,13,2024-02-13,True,
SH-74758,J-2024-00247,2024-02-05,155,2024-02-13,True,
SH-74759,J-2024-00249,2024-02-07,113,2024-02-13,True,
SH-74760,J-2024-00250,2024-01-22,30,2024-01-24,True,
SH-74761,J-2024-00251,2024-01-30,16,2024-02-05,True,
SH-74762,J-2024-00252,2024-01-22,16,2024-01-26,True,
SH-74763,J-2024-00253,2024-01-25,109,2024-01-31,True,
SH-74764,J-2024-00254,2024-01-26,286,2024-01-31,True,
SH-74765,J-2024-00256,2024-01-30,4,2024-02-06,True,
SH-74766,J-2024-00257,2024-01-26,34,2024-01-31,True,
SH-74767,J-2024-00259,2024-02-02,57,2024-02-14,True,
SH-74768,J-2024-00260,2024-02-02,308,2024-02-08,True,
SH-74769,J-2024-00261,2024-02-01,102,2024-01-31,False,capacity
SH-74770,J-2024-00263,2024-01-24,44,2024-01-26,True,
SH-74771,J-2024-00264,2024-01-23,7,2024-01-26,True,
SH-74772,J-2024-00266,2024-02-06,4,2024-02-07,True,
SH-74773,J-2024-00268,2024-02-05,51,2024-01-26,False,capacity
SH-74774,J-2024-00270,2024-02-07,28,2024-02-14,True,
SH-74775,J-2024-00272,2024-02-01,39,2024-02-01,True,
SH-74776,J-2024-00273,2024-01-29,74,2024-03-01,True,
SH-74777,J-2024-00274,2024-01-29,14,2024-02-06,True,
SH-74778,J-2024-00275,2024-01-24,4,2024-02-05,True,
SH-74779,J-2024-00277,2024-02-02,21,2024-02-02,True,
SH-74780,J-2024-00279,2024-02-05,9,2024-01-29,False,other
SH-74781,J-2024-00280,2024-01-29,10,2024-02-01,True,
SH-74782,J-2024-00281,2024-01-23,15,2024-01-26,True,
SH-74783,J-2024-00282,2024-01-29,28,2024-02-01,True,
SH-74784,J-2024-00284,2024-01-31,74,2024-02-09,True,
SH-74785,J-2024-00285,2024-01-30,13,2024-02-07,True,
SH-74786,J-2024-00286,2024-01-30,38,2024-02-09,True,
SH-74787,J-2024-00287,2024-01-31,44,2024-02-12,True,
SH-74788,J-2024-00289,2024-02-20,85,2024-02-29,True,
SH-74789,J-2024-00290,2024-02-08,101,2024-02-19,True,
SH-74790,J-2024-00291,2024-02-06,51,2024-02-19,True,
SH-74791,J-2024-00293,2024-02-06,100,2024-02-14,True,
SH-74792,J-2024-00294,2024-02-08,45,2024-02-16,True,
SH-74793,J-2024-00295,2024-02-02,38,2024-02-29,True,
SH-74794,J-2024-00296,2024-02-01,47,2024-02-09,True,
SH-74795,J-2024-00298,2024-02-06,53,2024-02-05,False,
SH-74796,J-2024-00299,2024-02-01,16,2024-02-07,True,
SH-74797,J-2024-00300,2024-02-13,39,2024-02-19,True,
SH-74798,J-2024-00301,2024-01-29,25,2024-02-12,True,
SH-74799,J-2024-00303,2024-02-09,18,2024-02-09,True,
SH-74800,J-2024-00304,2024-02-07,56,2024-02-20,True,
SH-74801,J-2024-00306,2024-01-30,8,2024-02-07,True,
SH-74802,J-2024-00308,2024-02-02,16,2024-02-08,True,
SH-74803,J-2024-00310,2024-02-13,47,2024-02-14,True,
SH-74804,J-2024-00312,2024-01-26,131,2024-02-02,True,
SH-74805,J-2024-00314,2024-01-31,16,2024-02-08,True,
SH-74806,J-2024-00315,2024-02-02,14,2024-02-12,True,
SH-74807,J-2024-00316,2024-02-07,10,2024-02-28,True,
SH-74808,J-2024-00318,2024-01-30,4,2024-02-06,True,
SH-74809,J-2024-00320,2024-02-08,74,2024-03-07,True,
SH-74810,J-2024-00321,2024-01-29,22,2024-02-05,True,
SH-74811,J-2024-00322,2024-02-08,89,2024-03-06,True,
SH-74812,J-2024-00324,2024-01-25,13,2024-02-02,True,
SH-74813,J-2024-00326,2024-01-26,190,2024-02-05,True,
SH-74814,J-2024-00327,2024-02-02,13,2024-02-20,True,
SH-74815,J-2024-00329,2024-02-02,4,2024-02-09,True,
SH-74816,J-2024-00331,2024-02-08,19,2024-02-19,True,
SH-74817,J-2024-00333,2024-01-26,18,2024-01-30,True,
SH-74818,J-2024-00334,2024-02-08,49,2024-02-19,True,
SH-74819,J-2024-00336,2024-01-31,7,2024-02-12,True,
SH-74820,J-2024-00337,2024-02-02,16,2024-02-15,True,
SH-74821,J-2024-00338,2024-01-31,24,2024-02-02,True,
SH-74822,J-2024-00339,2024-02-08,43,2024-02-23,True,
SH-74823,J-2024-00340,2024-02-12,7,2024-02-19,True,
SH-74824,J-2024-00341,2024-02-07,63,2024-02-28,True,
SH-74825,J-2024-00342,2024-02-02,25,2024-02-13,True,
SH-74826,J-2024-00343,2024-02-06,4,2024-02-19,True,
SH-74827,J-2024-00344,2024-01-31,12,2024-02-14,True,
SH-74828,J-2024-00345,2024-01-30,37,2024-02-05,True,
SH-74829,J-2024-00346,2024-02-06,500,2024-02-05,False,
SH-74830,J-2024-00347,2024-02-08,19,2024-02-21,True,
SH-74831,J-2024-00349,2024-02-07,57,2024-02-21,True,
SH-74832,J-2024-00350,2024-02-22,80,2024-02-20,False,quality
SH-74833,J-2024-00351,2024-02-13,37,2024-03-01,True,
SH-74834,J-2024-00352,2024-02-02,52,2024-01-31,False,
SH-74835,J-2024-00354,2024-02-21,26,2024-02-22,True,
SH-74836,J-2024-00356,2024-01-30,52,2024-02-06,True,
SH-74837,J-2024-00357,2024-01-29,4,2024-02-06,True,
SH-74838,J-2024-00359,2024-02-02,21,2024-02-19,True,
SH-74839,J-2024-00361,2024-02-07,32,2024-02-16,True,
SH-74840,J-2024-00362,2024-02-12,500,2024-02-20,True,
SH-74841,J-2024-00364,2024-02-07,52,2024-02-14,True,
SH-74842,J-2024-00365,2024-02-08,399,2024-02-16,True,
SH-74843,J-2024-00367,2024-01-31,31,2024-02-05,True,
SH-74844,J-2024-00369,2024-01-31,21,2024-02-19,True,
SH-74845,J-2024-00370,2024-02-09,124,2024-02-20,True,
SH-74846,J-2024-00372,2024-02-14,58,2024-02-20,True,
SH-74847,J-2024-00373,2024-02-13,12,2024-02-21,True,
SH-74848,J-2024-00374,2024-02-13,67,2024-02-05,False,other
SH-74849,J-2024-00375,2024-02-13,82,2024-02-28,True,
SH-74850,J-2024-00376,2024-02-05,5,2024-02-09,True,
SH-74851,J-2024-00377,2024-02-09,29,2024-02-21,True,
SH-74852,J-2024-00378,2024-02-08,18,2024-02-19,True,
SH-74853,J-2024-00380,2024-01-30,4,2024-01-30,True,
SH-74854,J-2024-00381,2024-02-06,29,2024-02-05,False,capacity
SH-74855,J-2024-00382,2024-01-29,9,2024-02-02,True,
SH-74856,J-2024-00383,2024-02-07,19,2024-02-19,True,
SH-74857,J-2024-00385,2024-02-02,78,2024-02-15,True,
SH-74858,J-2024-00386,2024-02-02,22,2024-02-16,True,
SH-74859,J-2024-00388,2024-02-05,34,2024-02-09,True,
SH-74860,J-2024-00389,2024-02-07,36,2024-02-13,True,
SH-74861,J-2024-00390,2024-02-08,47,2024-02-21,True,
SH-74862,J-2024-00391,2024-02-07,8,2024-02-20,True,
SH-74863,J-2024-00392,2024-02-09,119,2024-02-28,True,
SH-74864,J-2024-00394,2024-02-02,14,2024-02-15,True,
SH-74865,J-2024-00396,2024-01-30,8,2024-02-05,True,
SH-74866,J-2024-00398,2024-02-02,72,2024-02-20,True,
SH-74867,J-2024-00400,2024-02-16,51,2024-02-22,True,
SH-74868,J-2024-00402,2024-02-02,7,2024-02-01,False,capacity
SH-74869,J-2024-00404,2024-02-14,73,2024-02-22,True,
SH-74870,J-2024-00405,2024-02-13,35,2024-03-12,True,
SH-74871,J-2024-00407,2024-02-05,55,2024-02-14,True,
SH-74872,J-2024-00409,2024-02-02,29,2024-02-16,True,
SH-74873,J-2024-00410,2024-02-08,2,2024-02-28,True,
SH-74874,J-2024-00411,2024-02-06,27,2024-02-05,False,capacity
SH-74875,J-2024-00413,2024-02-09,40,2024-02-21,True,
SH-74876,J-2024-00415,2024-02-02,21,2024-02-16,True,
SH-74877,J-2024-00417,2024-02-02,18,2024-02-14,True,
SH-74878,J-2024-00418,2024-02-06,314,2024-02-02,False,capacity
SH-74879,J-2024-00419,2024-01-31,8,2024-02-05,True,
SH-74880,J-2024-00420,2024-02-20,2,2024-03-08,True,
SH-74881,J-2024-00421,2024-02-16,42,2024-02-23,True,
SH-74882,J-2024-00422,2024-02-21,3,2024-02-26,True,
SH-74883,J-2024-00423,2024-02-27,40,2024-03-04,True,
SH-74884,J-2024-00425,2024-02-08,2,2024-02-22,True,
SH-74885,J-2024-00427,2024-02-05,18,2024-02-22,True,
SH-74886,J-2024-00429,2024-02-12,53,2024-02-26,True,
SH-74887,J-2024-00430,2024-02-09,10,2024-03-01,True,
SH-74888,J-2024-00431,2024-02-08,6,2024-02-23,True,
SH-74889,J-2024-00433,2024-02-06,30,2024-02-14,True,
SH-74890,J-2024-00434,2024-02-14,88,2024-02-26,True,
SH-74891,J-2024-00435,2024-02-14,500,2024-02-08,False,capacity
SH-74892,J-2024-00437,2024-02-07,51,2024-02-12,True,
SH-74893,J-2024-00439,2024-02-21,5,2024-02-26,True,
SH-74894,J-2024-00440,2024-02-06,26,2024-02-19,True,
SH-74895,J-2024-00441,2024-02-13,3,2024-03-11,True,
SH-74896,J-2024-00442,2024-02-09,38,2024-02-22,True,
SH-74897,J-2024-00443,2024-02-09,29,2024-03-22,True,
SH-74898,J-2024-00445,2024-02-12,9,2024-02-06,False,capacity
SH-74899,J-2024-00447,2024-02-23,27,2024-03-05,True,
SH-74900,J-2024-00449,2024-02-14,35,2024-02-19,True,
SH-74901,J-2024-00450,2024-02-07,259,2024-02-19,True,
SH-74902,J-2024-00452,2024-01-31,2,2024-02-05,True,
SH-74903,J-2024-00453,2024-02-08,15,2024-02-28,True,
SH-74904,J-2024-00455,2024-02-09,89,2024-02-21,True,
SH-74905,J-2024-00457,2024-02-15,8,2024-02-26,True,
SH-74906,J-2024-00459,2024-02-16,15,2024-02-14,False,
SH-74907,J-2024-00461,2024-02-09,1,2024-02-26,True,
SH-74908,J-2024-00462,2024-02-05,42,2024-02-15,True,
SH-74909,J-2024-00463,2024-02-07,1,2024-02-21,True,
SH-74910,J-2024-00465,2024-02-09,16,2024-02-26,True,
SH-74911,J-2024-00466,2024-02-06,6,2024-02-06,True,
SH-74912,J-2024-00467,2024-02-12,105,2024-02-28,True,
SH-74913,J-2024-00469,2024-02-16,30,2024-02-15,False,
SH-74914,J-2024-00470,2024-02-07,5,2024-02-20,True,
SH-74915,J-2024-00471,2024-02-23,7,2024-02-27,True,
SH-74916,J-2024-00473,2024-02-12,80,2024-02-15,True,
SH-74917,J-2024-00475,2024-02-06,15,2024-02-13,True,
SH-74918,J-2024-00477,2024-02-12,10,2024-02-23,True,
SH-74919,J-2024-00479,2024-02-06,7,2024-02-15,True,
SH-74920,J-2024-00480,2024-02-15,6,2024-02-26,True,
SH-74921,J-2024-00481,2024-02-02,153,2024-02-13,True,
SH-74922,J-2024-00482,2024-02-09,20,2024-02-15,True,
SH-74923,J-2024-00484,2024-02-13,21,2024-02-07,False,
SH-74924,J-2024-00486,2024-02-13,102,2024-02-22,True,
SH-74925,J-2024-00487,2024-02-12,8,2024-02-21,True,
SH-74926,J-2024-00489,2024-02-09,17,2024-02-20,True,
SH-74927,J-2024-00491,2024-02-08,7,2024-02-19,True,
SH-74928,J-2024-00492,2024-02-07,29,2024-02-28,True,
SH-74929,J-2024-00493,2024-02-06,21,2024-02-14,True,
SH-74930,J-2024-00494,2024-02-28,38,2024-02-28,True,
SH-74931,J-2024-00496,2024-02-09,31,2024-03-11,True,
SH-74932,J-2024-00497,2024-02-07,14,2024-02-23,True,
SH-74933,J-2024-00499,2024-02-09,10,2024-02-22,True,
SH-74934,J-2024-00500,2024-02-08,13,2024-02-27,True,
SH-74935,J-2024-00501,2024-02-08,100,2024-02-15,True,
SH-74936,J-2024-00502,2024-02-08,24,2024-02-21,True,
SH-74937,J-2024-00503,2024-02-08,9,2024-02-26,True,
SH-74938,J-2024-00505,2024-02-08,34,2024-02-19,True,
SH-74939,J-2024-00506,2024-02-08,2,2024-02-22,True,
SH-74940,J-2024-00508,2024-02-06,29,2024-02-07,True,
SH-74941,J-2024-00510,2024-02-08,13,2024-02-13,True,
SH-74942,J-2024-00511,2024-02-13,8,2024-02-22,True,
SH-74943,J-2024-00513,2024-02-06,3,2024-02-12,True,
SH-74944,J-2024-00514,2024-02-07,46,2024-02-08,True,
SH-74945,J-2024-00516,2024-02-12,16,2024-02-28,True,
SH-74946,J-2024-00517,2024-02-21,128,2024-02-13,False,
SH-74947,J-2024-00518,2024-02-09,31,2024-02-23,True,
SH-74948,J-2024-00520,2024-02-08,22,2024-02-19,True,
SH-74949,J-2024-00522,2024-02-08,59,2024-03-01,True,
SH-74950,J-2024-00524,2024-02-08,3,2024-02-16,True,
SH-74951,J-2024-00526,2024-03-01,440,2024-03-11,True,
SH-74952,J-2024-00528,2024-02-09,15,2024-02-28,True,
SH-74953,J-2024-00529,2024-02-09,48,2024-02-26,True,
SH-74954,J-2024-00531,2024-02-08,8,2024-02-08,True,
SH-74955,J-2024-00532,2024-02-20,87,2024-03-01,True,
SH-74956,J-2024-00534,2024-02-09,12,2024-02-08,False,other
SH-74957,J-2024-00536,2024-02-12,37,2024-03-01,True,
SH-74958,J-2024-00537,2024-02-15,30,2024-03-06,True,
SH-74959,J-2024-00539,2024-02-09,11,2024-03-01,True,
SH-74960,J-2024-00540,2024-02-08,21,2024-02-19,True,
SH-74961,J-2024-00542,2024-02-22,81,2024-03-04,True,
SH-74962,J-2024-00544,2024-02-20,4,2024-03-04,True,
SH-74963,J-2024-00545,2024-02-23,24,2024-03-04,True,
SH-74964,J-2024-00547,2024-02-29,30,2024-03-04,True,
SH-74965,J-2024-00548,2024-02-16,152,2024-03-04,True,
SH-74966,J-2024-00549,2024-02-09,19,2024-02-20,True,
SH-74967,J-2024-00550,2024-02-13,31,2024-02-28,True,
SH-74968,J-2024-00551,2024-02-14,83,2024-02-27,True,
SH-74969,J-2024-00553,2024-02-13,5,2024-03-14,True,
SH-74970,J-2024-00554,2024-02-09,21,2024-02-26,True,
SH-74971,J-2024-00556,2024-02-12,8,2024-02-22,True,
SH-74972,J-2024-00558,2024-02-16,18,2024-02-26,True,
SH-74973,J-2024-00559,2024-02-14,122,2024-03-15,True,
SH-74974,J-2024-00561,2024-02-09,2,2024-02-19,True,
SH-74975,J-2024-00563,2024-02-08,3,2024-02-14,True,
SH-74976,J-2024-00564,2024-02-09,34,2024-03-14,True,
SH-74977,J-2024-00565,2024-02-28,106,2024-03-04,True,
SH-74978,J-2024-00567,2024-02-14,17,2024-02-20,True,
SH-74979,J-2024-00568,2024-02-15,24,2024-02-19,True,
SH-74980,J-2024-00569,2024-02-20,33,2024-02-21,True,
SH-74981,J-2024-00570,2024-02-08,16,2024-02-13,True,
SH-74982,J-2024-00571,2024-02-15,312,2024-03-04,True,
SH-74983,J-2024-00572,2024-02-21,50,2024-03-18,True,
SH-74984,J-2024-00573,2024-02-15,51,2024-02-26,True,
SH-74985,J-2024-00575,2024-02-16,53,2024-02-20,True,
SH-74986,J-2024-00577,2024-02-13,52,2024-03-13,True,
SH-74987,J-2024-00579,2024-02-20,12,2024-02-14,False,capacity
SH-74988,J-2024-00580,2024-02-27,163,2024-03-05,True,
SH-74989,J-2024-00581,2024-02-15,136,2024-02-27,True,
SH-74990,J-2024-00582,2024-02-14,29,2024-02-28,True,
SH-74991,J-2024-00583,2024-02-12,37,2024-02-14,True,
SH-74992,J-2024-00585,2024-02-15,40,2024-03-12,True,
SH-74993,J-2024-00586,2024-02-12,60,2024-02-12,True,
SH-74994,J-2024-00588,2024-02-12,119,2024-02-22,True,
SH-74995,J-2024-00589,2024-02-15,67,2024-02-29,True,
SH-74996,J-2024-00590,2024-02-17,62,2024-02-14,False,customer change
SH-74997,J-2024-00591,2024-02-12,6,2024-02-26,True,
SH-74998,J-2024-00592,2024-02-15,14,2024-02-26,True,
SH-74999,J-2024-00594,2024-02-15,62,2024-03-06,True,
SH-75000,J-2024-00596,2024-02-15,14,2024-02-22,True,
SH-75001,J-2024-00598,2024-02-16,21,2024-02-26,True,
SH-75002,J-2024-00599,2024-02-15,83,2024-02-29,True,
SH-75003,J-2024-00600,2024-02-16,2,2024-02-28,True,
SH-75004,J-2024-00601,2024-02-15,106,2024-02-28,True,
SH-75005,J-2024-00603,2024-02-20,1,2024-03-14,True,
SH-75006,J-2024-00605,2024-02-14,36,2024-02-21,True,
SH-75007,J-2024-00607,2024-02-15,10,2024-03-08,True,
SH-75008,J-2024-00609,2024-02-15,55,2024-02-29,True,
SH-75009,J-2024-00610,2024-02-23,4,2024-03-21,True,
SH-75010,J-2024-00611,2024-02-19,46,2024-02-26,True,
SH-75011,J-2024-00613,2024-02-09,20,2024-02-27,True,
SH-75012,J-2024-00614,2024-02-23,8,2024-03-06,True,
SH-75013,J-2024-00616,2024-02-13,17,2024-02-22,True,
SH-75014,J-2024-00617,2024-02-13,74,2024-02-14,True,
SH-75015,J-2024-00618,2024-02-21,6,2024-02-29,True,
SH-75016,J-2024-00619,2024-02-13,16,2024-02-19,True,
SH-75017,J-2024-00620,2024-02-13,2,2024-02-19,True,
SH-75018,J-2024-00622,2024-02-22,77,2024-03-07,True,
SH-75019,J-2024-00624,2024-02-21,5,2024-02-29,True,
SH-75020,J-2024-00626,2024-03-01,67,2024-03-18,True,
SH-75021,J-2024-00628,2024-02-20,43,2024-02-26,True,
SH-75022,J-2024-00629,2024-02-16,7,2024-02-27,True,
SH-75023,J-2024-00630,2024-02-27,2,2024-02-22,False,outside processing
SH-75024,J-2024-00632,2024-02-22,163,2024-02-23,True,
SH-75025,J-2024-00633,2024-02-21,4,2024-03-01,True,
SH-75026,J-2024-00634,2024-02-15,88,2024-02-20,True,
SH-75027,J-2024-00635,2024-02-15,70,2024-02-27,True,
SH-75028,J-2024-00636,2024-02-19,98,2024-03-14,True,
SH-75029,J-2024-00638,2024-02-19,5,2024-02-29,True,
SH-75030,J-2024-00640,2024-02-14,20,2024-02-20,True,
SH-75031,J-2024-00642,2024-02-15,14,2024-03-14,True,
SH-75032,J-2024-00643,2024-02-27,6,2024-03-08,True,
SH-75033,J-2024-00644,2024-02-21,18,2024-03-11,True,
SH-75034,J-2024-00645,2024-02-19,46,2024-03-11,True,
SH-75035,J-2024-00646,2024-02-15,9,2024-02-29,True,
SH-75036,J-2024-00647,2024-03-05,17,2024-03-11,True,
SH-75037,J-2024-00648,2024-02-27,9,2024-03-11,True,
SH-75038,J-2024-00649,2024-02-20,117,2024-02-28,True,
SH-75039,J-2024-00651,2024-02-26,11,2024-03-26,True,
SH-75040,J-2024-00652,2024-02-15,9,2024-02-29,True,
SH-75041,J-2024-00653,2024-03-07,112,2024-03-11,True,
SH-75042,J-2024-00654,2024-03-11,19,2024-03-11,True,
SH-75043,J-2024-00656,2024-02-16,78,2024-02-29,True,
SH-75044,J-2024-00657,2024-02-27,500,2024-03-06,True,
SH-75045,J-2024-00658,2024-02-22,13,2024-03-06,True,
SH-75046,J-2024-00659,2024-02-21,44,2024-03-21,True,
SH-75047,J-2024-00660,2024-03-08,7,2024-03-11,True,
SH-75048,J-2024-00661,2024-02-15,8,2024-03-08,True,
SH-75049,J-2024-00662,2024-03-06,39,2024-03-11,True,
SH-75050,J-2024-00664,2024-02-20,108,2024-02-28,True,
SH-75051,J-2024-00666,2024-02-22,26,2024-02-29,True,
SH-75052,J-2024-00667,2024-02-21,102,2024-03-07,True,
SH-75053,J-2024-00669,2024-02-21,5,2024-03-07,True,
SH-75054,J-2024-00671,2024-02-28,7,2024-02-26,False,other
SH-75055,J-2024-00672,2024-02-21,33,2024-02-27,True,
SH-75056,J-2024-00673,2024-02-29,2,2024-03-11,True,
SH-75057,J-2024-00675,2024-03-04,7,2024-03-11,True,
SH-75058,J-2024-00677,2024-02-14,5,2024-02-21,True,
SH-75059,J-2024-00679,2024-02-16,22,2024-02-27,True,
SH-75060,J-2024-00680,2024-03-05,32,2024-03-12,True,
SH-75061,J-2024-00681,2024-02-16,19,2024-03-05,True,
SH-75062,J-2024-00683,2024-02-22,61,2024-03-26,True,
SH-75063,J-2024-00684,2024-02-27,27,2024-03-11,True,
SH-75064,J-2024-00685,2024-03-04,57,2024-03-12,True,
SH-75065,J-2024-00686,2024-03-04,95,2024-03-01,False,quality
SH-75066,J-2024-00687,2024-02-20,34,2024-03-08,True,
SH-75067,J-2024-00689,2024-03-07,7,2024-03-12,True,
SH-75068,J-2024-00690,2024-02-17,37,2024-02-28,True,
SH-75069,J-2024-00691,2024-02-17,18,2024-02-22,True,
SH-75070,J-2024-00693,2024-02-21,198,2024-02-21,True,
SH-75071,J-2024-00695,2024-02-26,3,2024-03-15,True,
SH-75072,J-2024-00697,2024-02-15,13,2024-02-21,True,
SH-75073,J-2024-00699,2024-02-16,58,2024-02-28,True,
SH-75074,J-2024-00701,2024-02-26,6,2024-03-12,True,
SH-75075,J-2024-00702,2024-02-26,13,2024-03-26,True,
SH-75076,J-2024-00704,2024-02-21,164,2024-02-20,False,capacity
SH-75077,J-2024-00706,2024-03-15,27,2024-03-12,False,capacity
SH-75078,J-2024-00707,2024-02-16,25,2024-02-23,True,
SH-75079,J-2024-00708,2024-02-20,202,2024-02-19,False,capacity
SH-75080,J-2024-00710,2024-02-19,5,2024-02-27,True,
SH-75081,J-2024-00711,2024-02-19,69,2024-03-06,True,
SH-75082,J-2024-00713,2024-02-22,39,2024-03-06,True,
SH-75083,J-2024-00714,2024-03-08,9,2024-03-13,True,
SH-75084,J-2024-00716,2024-02-22,22,2024-03-26,True,
SH-75085,J-2024-00717,2024-02-21,10,2024-03-22,True,
SH-75086,J-2024-00718,2024-02-20,110,2024-02-22,True,
SH-75087,J-2024-00720,2024-02-20,44,2024-02-23,True,
SH-75088,J-2024-00721,2024-02-20,14,2024-02-26,True,
SH-75089,J-2024-00723,2024-02-21,77,2024-03-15,True,
SH-75090,J-2024-00725,2024-02-21,13,2024-03-08,True,
SH-75091,J-2024-00726,2024-02-21,26,2024-03-07,True,
SH-75092,J-2024-00728,2024-02-19,7,2024-03-08,True,
SH-75093,J-2024-00729,2024-02-22,4,2024-02-21,False,capacity
SH-75094,J-2024-00731,2024-02-22,2,2024-03-05,True,
SH-75095,J-2024-00733,2024-03-12,150,2024-03-20,True,
SH-75096,J-2024-00735,2024-02-22,19,2024-03-07,True,
SH-75097,J-2024-00737,2024-02-22,4,2024-03-11,True,
SH-75098,J-2024-00739,2024-03-04,8,2024-03-14,True,
SH-75099,J-2024-00741,2024-03-06,29,2024-03-14,True,
SH-75100,J-2024-00742,2024-03-04,6,2024-03-14,True,
SH-75101,J-2024-00743,2024-02-20,112,2024-03-07,True,
SH-75102,J-2024-00745,2024-02-21,57,2024-02-26,True,
SH-75103,J-2024-00747,2024-02-22,48,2024-03-26,True,
SH-75104,J-2024-00748,2024-02-23,20,2024-02-28,True,
SH-75105,J-2024-00750,2024-02-21,24,2024-02-23,True,
SH-75106,J-2024-00751,2024-02-22,32,2024-03-04,True,
SH-75107,J-2024-00753,2024-03-02,28,2024-02-29,False,
SH-75108,J-2024-00755,2024-03-05,16,2024-03-06,True,
SH-75109,J-2024-00757,2024-02-26,19,2024-03-15,True,
SH-75110,J-2024-00758,2024-02-22,149,2024-02-29,True,
SH-75111,J-2024-00760,2024-02-22,21,2024-03-15,True,
SH-75112,J-2024-00762,2024-03-06,55,2024-03-25,True,
SH-75113,J-2024-00764,2024-02-27,18,2024-03-06,True,
SH-75114,J-2024-00765,2024-02-26,13,2024-03-08,True,
SH-75115,J-2024-00767,2024-03-01,25,2024-03-12,True,
SH-75116,J-2024-00768,2024-02-27,7,2024-03-15,True,
SH-75117,J-2024-00770,2024-03-01,17,2024-03-12,True,
SH-75118,J-2024-00771,2024-02-27,21,2024-03-12,True,
SH-75119,J-2024-00773,2024-02-28,7,2024-03-12,True,
SH-75120,J-2024-00775,2024-02-26,2,2024-04-05,True,
SH-75121,J-2024-00777,2024-02-20,18,2024-02-22,True,
SH-75122,J-2024-00779,2024-02-28,112,2024-03-01,True,
SH-75123,J-2024-00780,2024-02-22,7,2024-02-27,True,
SH-75124,J-2024-00781,2024-02-23,31,2024-03-04,True,
SH-75125,J-2024-00783,2024-02-20,3,2024-02-26,True,
SH-75126,J-2024-00784,2024-03-13,35,2024-03-21,True,
SH-75127,J-2024-00785,2024-02-27,20,2024-03-06,True,
SH-75128,J-2024-00787,2024-02-22,8,2024-02-27,True,
SH-75129,J-2024-00788,2024-02-21,107,2024-03-05,True,
SH-75130,J-2024-00789,2024-02-23,56,2024-03-19,True,
SH-75131,J-2024-00790,2024-03-15,4,2024-03-18,True,
SH-75132,J-2024-00792,2024-02-27,26,2024-03-12,True,
SH-75133,J-2024-00794,2024-03-06,4,2024-03-18,True,
SH-75134,J-2024-00795,2024-02-26,281,2024-03-08,True,
SH-75135,J-2024-00796,2024-02-26,11,2024-02-27,True,
SH-75136,J-2024-00797,2024-03-07,4,2024-03-27,True,
SH-75137,J-2024-00799,2024-03-08,42,2024-03-18,True,
SH-75138,J-2024-00800,2024-02-29,180,2024-03-21,True,
SH-75139,J-2024-00802,2024-02-26,18,2024-03-04,True,
SH-75140,J-2024-00804,2024-02-23,14,2024-03-12,True,
SH-75141,J-2024-00805,2024-03-01,7,2024-03-11,True,
SH-75142,J-2024-00807,2024-02-26,79,2024-03-05,True,
SH-75143,J-2024-00808,2024-03-05,132,2024-03-18,True,
SH-75144,J-2024-00809,2024-03-01,12,2024-03-19,True,
SH-75145,J-2024-00811,2024-02-28,84,2024-03-21,True,
SH-75146,J-2024-00812,2024-02-26,9,2024-03-13,True,
SH-75147,J-2024-00813,2024-02-29,5,2024-03-05,True,
SH-75148,J-2024-00815,2024-02-21,12,2024-02-28,True,
SH-75149,J-2024-00816,2024-02-29,17,2024-03-11,True,
SH-75150,J-2024-00817,2024-02-22,17,2024-03-06,True,
SH-75151,J-2024-00818,2024-03-12,23,2024-03-18,True,
SH-75152,J-2024-00819,2024-03-07,25,2024-03-21,True,
SH-75153,J-2024-00821,2024-03-08,30,2024-03-18,True,
SH-75154,J-2024-00823,2024-02-26,11,2024-03-08,True,
SH-75155,J-2024-00824,2024-02-28,85,2024-03-04,True,
SH-75156,J-2024-00826,2024-02-23,231,2024-03-05,True,
SH-75157,J-2024-00827,2024-02-26,9,2024-02-26,True,
SH-75158,J-2024-00829,2024-02-27,6,2024-03-07,True,
SH-75159,J-2024-00831,2024-02-26,19,2024-02-27,True,
SH-75160,J-2024-00833,2024-03-08,64,2024-03-19,True,
SH-75161,J-2024-00834,2024-02-28,34,2024-02-29,True,
SH-75162,J-2024-00836,2024-03-05,26,2024-03-19,True,
SH-75163,J-2024-00838,2024-03-04,21,2024-03-19,True,
SH-75164,J-2024-00840,2024-02-29,9,2024-03-12,True,
SH-75165,J-2024-00841,2024-03-01,4,2024-03-18,True,
SH-75166,J-2024-00842,2024-02-23,26,2024-03-05,True,
SH-75167,J-2024-00843,2024-02-26,46,2024-03-13,True,
SH-75168,J-2024-00845,2024-03-01,14,2024-03-15,True,
SH-75169,J-2024-00847,2024-03-05,52,2024-03-19,True,
SH-75170,J-2024-00849,2024-02-27,9,2024-03-19,True,
SH-75171,J-2024-00850,2024-02-28,59,2024-02-26,False,customer change
SH-75172,J-2024-00852,2024-03-08,18,2024-03-05,False,outside processing
SH-75173,J-2024-00853,2024-03-01,9,2024-03-13,True,
SH-75174,J-2024-00855,2024-02-29,13,2024-03-22,True,
SH-75175,J-2024-00856,2024-02-27,14,2024-03-14,True,
SH-75176,J-2024-00857,2024-02-29,48,2024-03-12,True,
SH-75177,J-2024-00858,2024-02-28,10,2024-03-19,True,
SH-75178,J-2024-00859,2024-03-20,19,2024-03-20,True,
SH-75179,J-2024-00861,2024-02-28,147,2024-03-14,True,
SH-75180,J-2024-00863,2024-02-26,17,2024-02-29,True,
SH-75181,J-2024-00865,2024-02-28,2,2024-03-18,True,
SH-75182,J-2024-00867,2024-03-06,2,2024-03-20,True,
SH-75183,J-2024-00869,2024-02-28,23,2024-03-14,True,
SH-75184,J-2024-00871,2024-02-28,37,2024-03-15,True,
SH-75185,J-2024-00873,2024-02-27,84,2024-02-28,True,
SH-75186,J-2024-00874,2024-03-07,3,2024-03-11,True,
SH-75187,J-2024-00876,2024-03-01,16,2024-03-07,True,
SH-75188,J-2024-00878,2024-02-28,60,2024-04-08,True,
SH-75189,J-2024-00879,2024-03-06,41,2024-03-08,True,
SH-75190,J-2024-00880,2024-03-01,15,2024-03-15,True,
SH-75191,J-2024-00881,2024-03-13,106,2024-03-21,True,
SH-75192,J-2024-00882,2024-03-07,16,2024-03-21,True,
SH-75193,J-2024-00884,2024-02-27,3,2024-03-12,True,
SH-75194,J-2024-00885,2024-03-04,19,2024-03-07,True,
SH-75195,J-2024-00886,2024-03-01,36,2024-03-12,True,
SH-75196,J-2024-00888,2024-03-08,8,2024-03-19,True,
SH-75197,J-2024-00890,2024-03-01,6,2024-03-13,True,
SH-75198,J-2024-00891,2024-03-06,49,2024-03-19,True,
SH-75199,J-2024-00893,2024-03-12,10,2024-03-22,True,
SH-75200,J-2024-00894,2024-03-05,41,2024-03-12,True,
SH-75201,J-2024-00896,2024-03-05,181,2024-03-08,True,
SH-75202,J-2024-00897,2024-03-19,5,2024-03-22,True,
SH-75203,J-2024-00899,2024-03-07,3,2024-03-06,False,material
SH-75204,J-2024-00900,2024-03-08,13,2024-03-26,True,
SH-75205,J-2024-00901,2024-03-01,6,2024-03-15,True,
SH-75206,J-2024-00903,2024-03-08,29,2024-03-14,True,
SH-75207,J-2024-00905,2024-03-08,2,2024-03-21,True,
SH-75208,J-2024-00907,2024-03-07,37,2024-03-25,True,
SH-75209,J-2024-00909,2024-03-01,22,2024-03-20,True,
SH-75210,J-2024-00911,2024-03-12,88,2024-03-18,True,
SH-75211,J-2024-00913,2024-03-08,21,2024-03-19,True,
SH-75212,J-2024-00914,2024-03-01,7,2024-03-20,True,
SH-75213,J-2024-00915,2024-02-28,7,2024-03-15,True,
SH-75214,J-2024-00916,2024-03-06,8,2024-03-28,True,
SH-75215,J-2024-00917,2024-02-29,291,2024-03-01,True,
SH-75216,J-2024-00919,2024-03-07,44,2024-03-13,True,
SH-75217,J-2024-00921,2024-03-11,24,2024-03-21,True,
SH-75218,J-2024-00923,2024-03-08,46,2024-03-06,False,material
SH-75219,J-2024-00925,2024-03-04,37,2024-03-11,True,
SH-75220,J-2024-00926,2024-03-08,9,2024-03-25,True,
SH-75221,J-2024-00928,2024-03-07,14,2024-03-25,True,
SH-75222,J-2024-00929,2024-03-19,214,2024-03-25,True,
SH-75223,J-2024-00931,2024-03-04,10,2024-03-18,True,
SH-75224,J-2024-00933,2024-03-04,72,2024-03-08,True,
SH-75225,J-2024-00935,2024-03-21,14,2024-03-25,True,
SH-75226,J-2024-00936,2024-03-01,32,2024-03-20,True,
SH-75227,J-2024-00937,2024-03-08,36,2024-03-13,True,
SH-75228,J-2024-00938,2024-03-04,11,2024-03-01,False,capacity
SH-75229,J-2024-00940,2024-03-06,57,2024-03-19,True,
SH-75230,J-2024-00942,2024-03-11,26,2024-03-26,True,
SH-75231,J-2024-00944,2024-03-06,30,2024-03-11,True,
SH-75232,J-2024-00946,2024-03-11,9,2024-04-05,True,
SH-75233,J-2024-00947,2024-03-22,204,2024-03-25,True,
SH-75234,J-2024-00948,2024-03-06,6,2024-03-22,True,
SH-75235,J-2024-00950,2024-03-06,16,2024-04-02,True,
SH-75236,J-2024-00952,2024-03-15,145,2024-03-25,True,
SH-75237,J-2024-00954,2024-03-15,108,2024-03-25,True,
SH-75238,J-2024-00956,2024-03-19,23,2024-03-25,True,
SH-75239,J-2024-00958,2024-03-01,175,2024-04-02,True,
SH-75240,J-2024-00960,2024-03-07,22,2024-03-15,True,
SH-75241,J-2024-00961,2024-03-05,14,2024-03-11,True,
SH-75242,J-2024-00962,2024-03-01,39,2024-03-01,True,
SH-75243,J-2024-00963,2024-03-01,47,2024-03-13,True,
SH-75244,J-2024-00964,2024-02-29,30,2024-03-05,True,
SH-75245,J-2024-00966,2024-03-01,32,2024-03-18,True,
SH-75246,J-2024-00967,2024-03-05,10,2024-03-04,False,
SH-75247,J-2024-00968,2024-03-07,6,2024-03-26,True,
SH-75248,J-2024-00970,2024-03-11,9,2024-03-19,True,
SH-75249,J-2024-00972,2024-03-11,15,2024-03-28,True,
SH-75250,J-2024-00974,2024-03-05,10,2024-03-06,True,
SH-75251,J-2024-00976,2024-03-01,17,2024-03-06,True,
SH-75252,J-2024-00977,2024-03-18,52,2024-03-26,True,
SH-75253,J-2024-00978,2024-03-18,45,2024-03-26,True,
SH-75254,J-2024-00979,2024-03-13,24,2024-03-26,True,
SH-75255,J-2024-00981,2024-03-04,36,2024-03-20,True,
SH-75256,J-2024-00982,2024-03-11,113,2024-03-19,True,
SH-75257,J-2024-00983,2024-03-18,4,2024-03-21,True,
SH-75258,J-2024-00984,2024-03-06,14,2024-03-27,True,
SH-75259,J-2024-00985,2024-03-13,129,2024-03-13,True,
SH-75260,J-2024-00986,2024-03-06,57,2024-03-20,True,
SH-75261,J-2024-00987,2024-03-06,49,2024-03-26,True,
SH-75262,J-2024-00989,2024-03-05,38,2024-03-25,True,
SH-75263,J-2024-00991,2024-03-14,82,2024-03-29,True,
SH-75264,J-2024-00992,2024-03-06,55,2024-03-13,True,
SH-75265,J-2024-00993,2024-03-07,80,2024-03-15,True,
SH-75266,J-2024-00995,2024-03-08,25,2024-03-07,False,capacity
SH-75267,J-2024-00996,2024-03-07,36,2024-03-29,True,
SH-75268,J-2024-00997,2024-03-12,169,2024-03-21,True,
SH-75269,J-2024-00998,2024-03-04,6,2024-03-20,True,
SH-75270,J-2024-00999,2024-03-06,5,2024-03-18,True,
SH-75271,J-2024-01000,2024-03-07,31,2024-03-19,True,
SH-75272,J-2024-01002,2024-03-14,2,2024-03-27,True,
SH-75273,J-2024-01003,2024-03-12,84,2024-03-07,False,
SH-75274,J-2024-01004,2024-03-06,17,2024-03-13,True,
SH-75275,J-2024-01006,2024-03-12,432,2024-03-14,True,
SH-75276,J-2024-01008,2024-03-14,3,2024-03-08,False,
SH-75277,J-2024-01009,2024-03-19,281,2024-03-28,True,
SH-75278,J-2024-01011,2024-03-05,17,2024-03-08,True,
SH-75279,J-2024-01013,2024-03-08,3,2024-04-04,True,
SH-75280,J-2024-01015,2024-03-07,36,2024-03-26,True,
SH-75281,J-2024-01016,2024-03-20,300,2024-03-28,True,
SH-75282,J-2024-01017,2024-03-04,209,2024-03-21,True,
SH-75283,J-2024-01019,2024-03-07,18,2024-03-18,True,
SH-75284,J-2024-01020,2024-03-08,17,2024-03-22,True,
SH-75285,J-2024-01022,2024-03-12,13,2024-03-14,True,
SH-75286,J-2024-01024,2024-03-08,95,2024-04-09,True,
SH-75287,J-2024-01026,2024-03-06,15,2024-03-27,True,
SH-75288,J-2024-01027,2024-03-08,22,2024-03-18,True,
SH-75289,J-2024-01029,2024-03-07,37,2024-03-26,True,
SH-75290,J-2024-01030,2024-03-08,19,2024-03-19,True,
SH-75291,J-2024-01032,2024-03-28,57,2024-04-11,True,
SH-75292,J-2024-01034,2024-03-19,89,2024-03-28,True,
SH-75293,J-2024-01036,2024-03-12,137,2024-04-04,True,
SH-75294,J-2024-01037,2024-03-19,51,2024-03-28,True,
SH-75295,J-2024-01038,2024-03-08,10,2024-03-08,True,
SH-75296,J-2024-01040,2024-03-07,11,2024-04-02,True,
SH-75297,J-2024-01041,2024-03-14,12,2024-03-22,True,
SH-75298,J-2024-01043,2024-03-14,244,2024-03-12,False,other
SH-75299,J-2024-01044,2024-03-21,43,2024-03-29,True,
SH-75300,J-2024-01045,2024-03-08,123,2024-04-01,True,
SH-75301,J-2024-01046,2024-03-11,17,2024-03-22,True,
SH-75302,J-2024-01048,2024-03-11,33,2024-03-29,True,
SH-75303,J-2024-01050,2024-03-05,102,2024-03-19,True,
SH-75304,J-2024-01052,2024-03-12,12,2024-03-29,True,
SH-75305,J-2024-01053,2024-03-12,42,2024-03-19,True,
SH-75306,J-2024-01055,2024-03-27,25,2024-03-29,True,
SH-75307,J-2024-01056,2024-03-20,17,2024-03-29,True,
SH-75308,J-2024-01057,2024-03-07,12,2024-03-20,True,
SH-75309,J-2024-01058,2024-03-07,5,2024-03-19,True,
SH-75310,J-2024-01059,2024-03-15,316,2024-03-20,True,
SH-75311,J-2024-01061,2024-03-13,29,2024-03-29,True,
SH-75312,J-2024-01062,2024-04-09,82,2024-04-15,True,
SH-75313,J-2024-01063,2024-03-18,335,2024-04-01,True,
SH-75314,J-2024-01064,2024-03-08,17,2024-03-25,True,
SH-75315,J-2024-01066,2024-03-19,7,2024-04-01,True,
SH-75316,J-2024-01068,2024-03-08,5,2024-03-18,True,
SH-75317,J-2024-01069,2024-03-15,57,2024-03-20,True,
SH-75318,J-2024-01070,2024-03-15,48,2024-03-25,True,
SH-75319,J-2024-01072,2024-03-07,18,2024-03-12,True,
SH-75320,J-2024-01073,2024-03-19,36,2024-04-01,True,
SH-75321,J-2024-01075,2024-03-13,12,2024-04-10,True,
SH-75322,J-2024-01076,2024-03-19,42,2024-04-01,True,
SH-75323,J-2024-01078,2024-03-13,252,2024-03-20,True,
SH-75324,J-2024-01080,2024-03-19,6,2024-03-25,True,
SH-75325,J-2024-01081,2024-03-27,76,2024-04-01,True,
SH-75326,J-2024-01082,2024-03-13,23,2024-04-04,True,
SH-75327,J-2024-01084,2024-03-08,9,2024-03-19,True,
SH-75328,J-2024-01086,2024-03-12,27,2024-03-25,True,
SH-75329,J-2024-01087,2024-03-27,95,2024-04-01,True,
SH-75330,J-2024-01088,2024-03-19,20,2024-04-01,True,
SH-75331,J-2024-01089,2024-03-19,14,2024-04-02,True,
SH-75332,J-2024-01090,2024-03-26,91,2024-04-01,True,
SH-75333,J-2024-01091,2024-04-04,38,2024-04-01,False,
SH-75334,J-2024-01092,2024-03-08,10,2024-03-18,True,
SH-75335,J-2024-01093,2024-03-08,16,2024-03-18,True,
SH-75336,J-2024-01094,2024-03-13,58,2024-03-26,True,
SH-75337,J-2024-01096,2024-03-26,12,2024-04-01,True,
SH-75338,J-2024-01098,2024-03-08,62,2024-03-11,True,
SH-75339,J-2024-01099,2024-03-13,43,2024-03-18,True,
SH-75340,J-2024-01101,2024-03-15,7,2024-03-21,True,
SH-75341,J-2024-01103,2024-03-18,20,2024-03-20,True,
SH-75342,J-2024-01105,2024-03-11,103,2024-03-19,True,
SH-75343,J-2024-01107,2024-03-12,11,2024-04-08,True,
SH-75344,J-2024-01109,2024-03-08,15,2024-03-13,True,
SH-75345,J-2024-01110,2024-03-25,31,2024-04-02,True,
SH-75346,J-2024-01111,2024-03-28,35,2024-04-03,True,
SH-75347,J-2024-01112,2024-03-15,60,2024-03-26,True,
SH-75348,J-2024-01113,2024-03-22,29,2024-03-11,False,
SH-75349,J-2024-01115,2024-03-18,136,2024-03-11,False,
SH-75350,J-2024-01116,2024-03-13,44,2024-03-26,True,
SH-75351,J-2024-01117,2024-03-19,13,2024-04-11,True,
SH-75352,J-2024-01119,2024-03-13,29,2024-03-21,True,
SH-75353,J-2024-01120,2024-03-15,96,2024-04-11,True,
SH-75354,J-2024-01122,2024-03-21,18,2024-04-01,True,
SH-75355,J-2024-01124,2024-03-15,8,2024-03-14,False,
SH-75356,J-2024-01125,2024-03-18,14,2024-03-28,True,
SH-75357,J-2024-01127,2024-03-18,90,2024-04-02,True,
SH-75358,J-2024-01128,2024-03-18,14,2024-04-02,True,
SH-75359,J-2024-01129,2024-03-26,5,2024-04-02,True,
SH-75360,J-2024-01130,2024-03-27,10,2024-04-02,True,
SH-75361,J-2024-01131,2024-03-12,22,2024-03-25,True,
SH-75362,J-2024-01133,2024-03-22,59,2024-03-20,False,capacity
SH-75363,J-2024-01135,2024-03-13,10,2024-03-27,True,
SH-75364,J-2024-01137,2024-03-13,8,2024-03-27,True,
SH-75365,J-2024-01138,2024-03-15,23,2024-03-15,True,
SH-75366,J-2024-01139,2024-03-13,52,2024-03-26,True,
SH-75367,J-2024-01141,2024-03-14,16,2024-03-12,False,capacity
SH-75368,J-2024-01143,2024-03-11,18,2024-03-13,True,
SH-75369,J-2024-01144,2024-03-19,118,2024-04-10,True,
SH-75370,J-2024-01146,2024-03-14,95,2024-03-15,True,
SH-75371,J-2024-01147,2024-03-13,33,2024-04-03,True,
SH-75372,J-2024-01148,2024-03-15,57,2024-03-25,True,
SH-75373,J-2024-01149,2024-03-22,57,2024-04-18,True,
SH-75374,J-2024-01150,2024-03-22,6,2024-03-29,True,
SH-75375,J-2024-01152,2024-03-18,10,2024-03-18,True,
SH-75376,J-2024-01154,2024-03-19,195,2024-03-18,False,capacity
SH-75377,J-2024-01156,2024-03-13,6,2024-03-29,True,
SH-75378,J-2024-01158,2024-03-13,11,2024-03-21,True,
SH-75379,J-2024-01159,2024-03-20,34,2024-04-04,True,
SH-75380,J-2024-01160,2024-03-25,24,2024-04-04,True,
SH-75381,J-2024-01161,2024-03-14,96,2024-03-21,True,
SH-75382,J-2024-01163,2024-03-15,2,2024-03-28,True,
SH-75383,J-2024-01165,2024-03-18,282,2024-03-28,True,
SH-75384,J-2024-01167,2024-03-13,5,2024-03-18,True,
SH-75385,J-2024-01168,2024-03-15,64,2024-03-18,True,
SH-75386,J-2024-01170,2024-03-15,10,2024-03-28,True,
SH-75387,J-2024-01172,2024-03-19,86,2024-04-03,True,
SH-75388,J-2024-01173,2024-03-14,110,2024-03-22,True,
SH-75389,J-2024-01175,2024-03-19,32,2024-03-19,True,
SH-75390,J-2024-01177,2024-03-19,12,2024-04-30,True,
SH-75391,J-2024-01178,2024-03-18,272,2024-03-14,False,
SH-75392,J-2024-01179,2024-03-18,6,2024-03-18,True,
SH-75393,J-2024-01180,2024-03-21,8,2024-04-05,True,
SH-75394,J-2024-01182,2024-03-20,7,2024-04-05,True,
SH-75395,J-2024-01184,2024-04-03,20,2024-03-29,False,capacity
SH-75396,J-2024-01185,2024-03-15,15,2024-04-18,True,
SH-75397,J-2024-01187,2024-03-18,43,2024-03-25,True,
SH-75398,J-2024-01189,2024-03-15,21,2024-03-29,True,
SH-75399,J-2024-01190,2024-03-19,29,2024-04-24,True,
SH-75400,J-2024-01191,2024-03-14,5,2024-03-20,True,
SH-75401,J-2024-01192,2024-03-19,24,2024-04-16,True,
SH-75402,J-2024-01194,2024-03-22,29,2024-03-25,True,
SH-75403,J-2024-01196,2024-03-18,32,2024-03-20,True,
SH-75404,J-2024-01198,2024-03-18,9,2024-03-27,True,
SH-75405,J-2024-01199,2024-03-21,32,2024-04-05,True,
SH-75406,J-2024-01200,2024-03-29,52,2024-04-02,True,
SH-75407,J-2024-01202,2024-03-29,6,2024-04-08,True,
SH-75408,J-2024-01203,2024-03-15,132,2024-03-28,True,
SH-75409,J-2024-01205,2024-03-13,17,2024-03-15,True,
SH-75410,J-2024-01207,2024-03-19,41,2024-05-01,True,
SH-75411,J-2024-01208,2024-03-19,184,2024-03-29,True,
SH-75412,J-2024-01209,2024-03-22,6,2024-04-08,True,
SH-75413,J-2024-01210,2024-03-21,9,2024-03-26,True,
SH-75414,J-2024-01212,2024-03-14,10,2024-03-15,True,
SH-75415,J-2024-01213,2024-03-21,81,2024-04-01,True,
SH-75416,J-2024-01214,2024-03-14,27,2024-04-08,True,
SH-75417,J-2024-01215,2024-03-21,2,2024-04-02,True,
SH-75418,J-2024-01217,2024-03-14,22,2024-03-25,True,
SH-75419,J-2024-01219,2024-03-22,34,2024-04-25,True,
SH-75420,J-2024-01220,2024-03-27,11,2024-04-04,True,
SH-75421,J-2024-01221,2024-03-13,33,2024-03-15,True,
SH-75422,J-2024-01223,2024-03-19,9,2024-03-29,True,
SH-75423,J-2024-01225,2024-03-18,10,2024-03-28,True,
SH-75424,J-2024-01226,2024-03-26,20,2024-04-08,True,
SH-75425,J-2024-01227,2024-03-21,110,2024-04-12,True,
SH-75426,J-2024-01228,2024-03-29,493,2024-04-05,True,
SH-75427,J-2024-01229,2024-03-21,46,2024-04-01,True,
SH-75428,J-2024-01230,2024-03-18,492,2024-03-20,True,
SH-75429,J-2024-01231,2024-03-25,40,2024-04-01,True,
SH-75430,J-2024-01232,2024-03-20,7,2024-04-17,True,
SH-75431,J-2024-01234,2024-03-22,10,2024-04-01,True,
SH-75432,J-2024-01235,2024-03-21,17,2024-03-25,True,
SH-75433,J-2024-01237,2024-03-18,11,2024-03-19,True,
SH-75434,J-2024-01238,2024-03-14,10,2024-03-25,True,
SH-75435,J-2024-01239,2024-04-09,7,2024-04-08,False,capacity
SH-75436,J-2024-01241,2024-03-28,12,2024-04-03,True,
SH-75437,J-2024-01243,2024-03-14,24,2024-03-25,True,
SH-75438,J-2024-01245,2024-03-18,14,2024-03-26,True,
SH-75439,J-2024-01247,2024-03-14,9,2024-03-25,True,
SH-75440,J-2024-01248,2024-03-25,12,2024-04-08,True,
SH-75441,J-2024-01250,2024-03-19,4,2024-04-01,True,
SH-75442,J-2024-01252,2024-03-20,38,2024-04-08,True,
SH-75443,J-2024-01254,2024-03-19,26,2024-03-29,True,
SH-75444,J-2024-01256,2024-03-21,12,2024-03-26,True,
SH-75445,J-2024-01258,2024-03-26,2,2024-04-11,True,
SH-75446,J-2024-01259,2024-03-18,5,2024-03-27,True,
SH-75447,J-2024-01261,2024-03-19,26,2024-04-03,True,
SH-75448,J-2024-01263,2024-03-28,45,2024-04-10,True,
SH-75449,J-2024-01264,2024-03-20,44,2024-04-09,True,
SH-75450,J-2024-01266,2024-03-21,43,2024-03-27,True,
SH-75451,J-2024-01268,2024-03-20,36,2024-04-12,True,
SH-75452,J-2024-01270,2024-04-04,2,2024-04-09,True,
SH-75453,J-2024-01272,2024-03-19,33,2024-03-27,True,
SH-75454,J-2024-01274,2024-03-14,34,2024-03-20,True,
SH-75455,J-2024-01275,2024-03-29,64,2024-04-03,True,
SH-75456,J-2024-01277,2024-03-25,15,2024-03-28,True,
SH-75457,J-2024-01278,2024-03-26,73,2024-04-03,True,
SH-75458,J-2024-01280,2024-03-25,34,2024-03-29,True,
SH-75459,J-2024-01282,2024-03-21,3,2024-04-01,True,
SH-75460,J-2024-01283,2024-03-20,76,2024-03-29,True,
SH-75461,J-2024-01285,2024-03-25,33,2024-03-25,True,
SH-75462,J-2024-01286,2024-03-28,7,2024-04-10,True,
SH-75463,J-2024-01288,2024-04-03,6,2024-04-10,True,
SH-75464,J-2024-01290,2024-03-19,18,2024-04-02,True,
SH-75465,J-2024-01291,2024-04-02,5,2024-04-10,True,
SH-75466,J-2024-01293,2024-03-21,16,2024-04-01,True,
SH-75467,J-2024-01294,2024-03-20,79,2024-04-03,True,
SH-75468,J-2024-01295,2024-03-28,15,2024-04-03,True,
SH-75469,J-2024-01296,2024-03-20,55,2024-03-28,True,
SH-75470,J-2024-01297,2024-04-02,137,2024-03-27,False,capacity
SH-75471,J-2024-01299,2024-03-27,19,2024-04-24,True,
SH-75472,J-2024-01300,2024-03-22,29,2024-04-16,True,
SH-75473,J-2024-01301,2024-04-01,31,2024-04-09,True,
SH-75474,J-2024-01302,2024-03-27,38,2024-04-11,True,
SH-75475,J-2024-01304,2024-03-22,5,2024-04-11,True,
SH-75476,J-2024-01306,2024-03-21,7,2024-04-11,True,
SH-75477,J-2024-01307,2024-03-22,66,2024-03-29,True,
SH-75478,J-2024-01309,2024-03-19,25,2024-03-21,True,
SH-75479,J-2024-01310,2024-03-26,35,2024-04-11,True,
SH-75480,J-2024-01311,2024-03-22,59,2024-04-04,True,
SH-75481,J-2024-01312,2024-03-22,21,2024-04-04,True,
SH-75482,J-2024-01313,2024-03-21,17,2024-04-16,True,
SH-75483,J-2024-01315,2024-03-20,10,2024-03-25,True,
SH-75484,J-2024-01316,2024-04-01,24,2024-04-19,True,
SH-75485,J-2024-01317,2024-03-28,31,2024-03-28,True,
SH-75486,J-2024-01319,2024-03-25,5,2024-04-05,True,
SH-75487,J-2024-01321,2024-03-25,96,2024-04-08,True,
SH-75488,J-2024-01323,2024-03-20,2,2024-03-29,True,
SH-75489,J-2024-01325,2024-03-19,11,2024-03-25,True,
SH-75490,J-2024-01327,2024-03-20,4,2024-03-29,True,
SH-75491,J-2024-01328,2024-04-02,13,2024-04-12,True,
SH-75492,J-2024-01330,2024-03-29,9,2024-04-12,True,
SH-75493,J-2024-01332,2024-03-25,43,2024-04-09,True,
SH-75494,J-2024-01334,2024-04-05,24,2024-04-18,True,
SH-75495,J-2024-01335,2024-04-02,23,2024-04-01,False,
SH-75496,J-2024-01336,2024-03-21,40,2024-04-03,True,
SH-75497,J-2024-01338,2024-03-26,11,2024-04-12,True,
SH-75498,J-2024-01340,2024-04-03,13,2024-03-27,False,capacity
SH-75499,J-2024-01342,2024-03-26,110,2024-03-27,True,
SH-75500,J-2024-01343,2024-03-28,76,2024-04-01,True,
SH-75501,J-2024-01345,2024-03-22,53,2024-03-28,True,
SH-75502,J-2024-01347,2024-03-27,5,2024-04-02,True,
SH-75503,J-2024-01348,2024-03-22,1,2024-04-16,True,
SH-75504,J-2024-01350,2024-03-25,9,2024-04-18,True,
SH-75505,J-2024-01351,2024-03-22,7,2024-04-02,True,
SH-75506,J-2024-01353,2024-03-22,42,2024-04-19,True,
SH-75507,J-2024-01355,2024-03-20,19,2024-04-11,True,
SH-75508,J-2024-01356,2024-03-29,21,2024-04-17,True,
SH-75509,J-2024-01358,2024-03-26,17,2024-04-10,True,
SH-75510,J-2024-01359,2024-03-27,75,2024-03-22,False,
SH-75511,J-2024-01361,2024-04-05,25,2024-04-15,True,
SH-75512,J-2024-01362,2024-03-27,9,2024-03-27,True,
SH-75513,J-2024-01363,2024-03-27,12,2024-04-18,True,
SH-75514,J-2024-01365,2024-03-28,4,2024-04-05,True,
SH-75515,J-2024-01366,2024-03-27,13,2024-04-03,True,
SH-75516,J-2024-01368,2024-04-04,20,2024-04-24,True,
SH-75517,J-2024-01369,2024-03-28,92,2024-04-15,True,
SH-75518,J-2024-01370,2024-04-10,4,2024-04-25,True,
SH-75519,J-2024-01371,2024-03-22,50,2024-04-01,True,
SH-75520,J-2024-01373,2024-03-22,28,2024-04-01,True,
SH-75521,J-2024-01375,2024-03-22,25,2024-04-03,True,
SH-75522,J-2024-01376,2024-03-20,22,2024-04-03,True,
SH-75523,J-2024-01377,2024-03-21,34,2024-04-09,True,
SH-75524,J-2024-01378,2024-03-21,33,2024-03-27,True,
SH-75525,J-2024-01380,2024-03-26,11,2024-05-03,True,
SH-75526,J-2024-01382,2024-04-01,23,2024-04-15,True,
SH-75527,J-2024-01384,2024-03-22,19,2024-04-12,True,
SH-75528,J-2024-01386,2024-03-21,10,2024-04-08,True,
SH-75529,J-2024-01387,2024-03-25,52,2024-04-02,True,
SH-75530,J-2024-01389,2024-03-22,23,2024-04-03,True,
SH-75531,J-2024-01390,2024-03-27,33,2024-04-04,True,
SH-75532,J-2024-01392,2024-03-27,17,2024-04-19,True,
SH-75533,J-2024-01393,2024-03-30,10,2024-04-16,True,
SH-75534,J-2024-01395,2024-03-25,90,2024-04-02,True,
SH-75535,J-2024-01396,2024-03-25,9,2024-04-11,True,
SH-75536,J-2024-01397,2024-04-11,41,2024-04-16,True,
SH-75537,J-2024-01399,2024-03-27,6,2024-04-01,True,
SH-75538,J-2024-01400,2024-03-30,28,2024-04-16,True,
SH-75539,J-2024-01401,2024-03-22,8,2024-04-26,True,
SH-75540,J-2024-01403,2024-03-29,127,2024-04-04,True,
SH-75541,J-2024-01404,2024-04-03,21,2024-04-15,True,
SH-75542,J-2024-01406,2024-04-04,5,2024-04-16,True,
SH-75543,J-2024-01408,2024-03-26,63,2024-04-16,True,
SH-75544,J-2024-01409,2024-03-26,187,2024-04-11,True,
SH-75545,J-2024-01410,2024-04-02,24,2024-04-09,True,
SH-75546,J-2024-01412,2024-04-12,5,2024-04-26,True,
SH-75547,J-2024-01413,2024-03-26,42,2024-04-09,True,
SH-75548,J-2024-01415,2024-04-09,17,2024-04-17,True,
SH-75549,J-2024-01417,2024-03-28,11,2024-04-16,True,
SH-75550,J-2024-01419,2024-03-30,44,2024-04-04,True,
SH-75551,J-2024-01421,2024-04-19,4,2024-05-01,True,
SH-75552,J-2024-01422,2024-04-17,47,2024-04-17,True,
SH-75553,J-2024-01424,2024-03-26,42,2024-04-03,True,
SH-75554,J-2024-01425,2024-04-02,22,2024-04-04,True,
SH-75555,J-2024-01426,2024-03-28,1,2024-04-09,True,
SH-75556,J-2024-01428,2024-03-26,136,2024-03-28,True,
SH-75557,J-2024-01429,2024-04-02,18,2024-05-03,True,
SH-75558,J-2024-01431,2024-03-30,93,2024-04-15,True,
SH-75559,J-2024-01433,2024-04-01,21,2024-04-08,True,
SH-75560,J-2024-01434,2024-04-05,27,2024-04-08,True,
SH-75561,J-2024-01435,2024-03-28,36,2024-04-11,True,
SH-75562,J-2024-01436,2024-04-04,74,2024-04-18,True,
SH-75563,J-2024-01437,2024-03-29,15,2024-04-12,True,
SH-75564,J-2024-01438,2024-04-04,12,2024-04-16,True,
SH-75565,J-2024-01440,2024-04-02,9,2024-04-11,True,
SH-75566,J-2024-01441,2024-04-05,38,2024-04-10,True,
SH-75567,J-2024-01442,2024-03-29,82,2024-04-05,True,
SH-75568,J-2024-01443,2024-03-29,217,2024-04-12,True,
SH-75569,J-2024-01445,2024-04-10,22,2024-04-09,False,other
SH-75570,J-2024-01446,2024-04-02,35,2024-04-15,True,
SH-75571,J-2024-01448,2024-04-02,5,2024-04-12,True,
SH-75572,J-2024-01450,2024-04-02,122,2024-04-12,True,
SH-75573,J-2024-01451,2024-04-01,5,2024-04-15,True,
SH-75574,J-2024-01453,2024-03-29,21,2024-03-29,True,
SH-75575,J-2024-01455,2024-03-29,3,2024-04-12,True,
SH-75576,J-2024-01457,2024-04-02,9,2024-04-16,True,
SH-75577,J-2024-01458,2024-04-02,3,2024-04-01,False,capacity
SH-75578,J-2024-01459,2024-03-27,20,2024-04-02,True,
SH-75579,J-2024-01461,2024-03-28,32,2024-04-22,True,
SH-75580,J-2024-01462,2024-04-10,25,2024-04-25,True,
SH-75581,J-2024-01464,2024-04-10,28,2024-04-23,True,
SH-75582,J-2024-01466,2024-04-03,255,2024-04-15,True,
SH-75583,J-2024-01467,2024-04-03,11,2024-04-18,True,
SH-75584,J-2024-01469,2024-03-29,46,2024-04-11,True,
SH-75585,J-2024-01470,2024-04-01,47,2024-04-19,True,
SH-75586,J-2024-01472,2024-04-12,21,2024-04-24,True,
SH-75587,J-2024-01474,2024-04-24,57,2024-04-22,False,capacity
SH-75588,J-2024-01476,2024-04-02,60,2024-04-09,True,
SH-75589,J-2024-01477,2024-04-09,38,2024-04-08,False,material
SH-75590,J-2024-01479,2024-04-02,14,2024-04-09,True,
SH-75591,J-2024-01481,2024-04-01,25,2024-04-15,True,
SH-75592,J-2024-01483,2024-04-05,18,2024-04-12,True,
SH-75593,J-2024-01485,2024-04-05,12,2024-04-24,True,
SH-75594,J-2024-01487,2024-04-02,16,2024-04-15,True,
SH-75595,J-2024-01488,2024-04-02,31,2024-04-12,True,
SH-75596,J-2024-01489,2024-04-02,67,2024-04-15,True,
SH-75597,J-2024-01491,2024-04-15,94,2024-04-22,True,
SH-75598,J-2024-01493,2024-04-24,17,2024-04-23,False,capacity
SH-75599,J-2024-01495,2024-04-05,12,2024-04-22,True,
SH-75600,J-2024-01497,2024-04-04,40,2024-05-02,True,
SH-75601,J-2024-01499,2024-04-05,162,2024-04-18,True,
SH-75602,J-2024-01500,2024-04-02,36,2024-04-17,True,
SH-75603,J-2024-01502,2024-04-11,343,2024-04-15,True,
SH-75604,J-2024-01504,2024-04-03,4,2024-04-10,True,
SH-75605,J-2024-01506,2024-03-29,47,2024-04-12,True,
SH-75606,J-2024-01507,2024-04-04,74,2024-04-12,True,
SH-75607,J-2024-01508,2024-04-01,30,2024-04-11,True,
SH-75608,J-2024-01510,2024-04-04,45,2024-04-18,True,
SH-75609,J-2024-01512,2024-03-28,21,2024-04-04,True,
SH-75610,J-2024-01514,2024-04-02,9,2024-04-16,True,
SH-75611,J-2024-01515,2024-04-04,15,2024-04-30,True,
SH-75612,J-2024-01516,2024-03-27,19,2024-03-29,True,
SH-75613,J-2024-01517,2024-04-02,4,2024-04-03,True,
SH-75614,J-2024-01519,2024-04-03,7,2024-04-15,True,
SH-75615,J-2024-01521,2024-04-04,85,2024-04-11,True,
SH-75616,J-2024-01523,2024-04-05,7,2024-04-17,True,
SH-75617,J-2024-01525,2024-04-04,35,2024-04-24,True,
SH-75618,J-2024-01526,2024-04-16,4,2024-04-23,True,
SH-75619,J-2024-01527,2024-04-05,75,2024-04-17,True,
SH-75620,J-2024-01528,2024-04-02,9,2024-04-01,False,other
SH-75621,J-2024-01529,2024-04-04,137,2024-04-16,True,
SH-75622,J-2024-01531,2024-04-02,63,2024-04-23,True,
SH-75623,J-2024-01533,2024-04-12,24,2024-04-23,True,
SH-75624,J-2024-01534,2024-04-19,4,2024-04-23,True,
SH-75625,J-2024-01536,2024-03-29,13,2024-04-02,True,
SH-75626,J-2024-01538,2024-04-16,446,2024-04-19,True,
SH-75627,J-2024-01539,2024-04-22,71,2024-04-23,True,
SH-75628,J-2024-01541,2024-04-04,49,2024-04-23,True,
SH-75629,J-2024-01542,2024-04-11,382,2024-04-09,False,
SH-75630,J-2024-01543,2024-04-08,3,2024-04-19,True,
SH-75631,J-2024-01544,2024-04-08,87,2024-04-11,True,
SH-75632,J-2024-01545,2024-04-03,280,2024-04-12,True,
SH-75633,J-2024-01546,2024-04-15,1,2024-04-24,True,
SH-75634,J-2024-01548,2024-04-03,3,2024-04-17,True,
SH-75635,J-2024-01549,2024-04-04,67,2024-04-12,True,
SH-75636,J-2024-01551,2024-04-03,88,2024-04-12,True,
SH-75637,J-2024-01553,2024-04-03,169,2024-04-17,True,
SH-75638,J-2024-01555,2024-04-17,74,2024-04-15,False,
SH-75639,J-2024-01557,2024-04-04,26,2024-04-18,True,
SH-75640,J-2024-01558,2024-04-09,16,2024-04-24,True,
SH-75641,J-2024-01559,2024-04-03,57,2024-04-17,True,
SH-75642,J-2024-01561,2024-04-02,25,2024-04-05,True,
SH-75643,J-2024-01562,2024-04-05,5,2024-04-05,True,
SH-75644,J-2024-01564,2024-04-10,3,2024-04-24,True,
SH-75645,J-2024-01565,2024-04-11,32,2024-04-24,True,
SH-75646,J-2024-01566,2024-04-04,69,2024-04-16,True,
SH-75647,J-2024-01568,2024-04-12,4,2024-04-29,True,
SH-75648,J-2024-01569,2024-04-02,1,2024-04-12,True,
SH-75649,J-2024-01571,2024-04-12,5,2024-04-18,True,
SH-75650,J-2024-01572,2024-04-09,139,2024-04-25,True,
SH-75651,J-2024-01573,2024-04-04,13,2024-04-19,True,
SH-75652,J-2024-01574,2024-04-22,135,2024-05-15,True,
SH-75653,J-2024-01576,2024-04-10,37,2024-04-19,True,
SH-75654,J-2024-01577,2024-04-09,12,2024-04-18,True,
SH-75655,J-2024-01579,2024-04-05,8,2024-04-23,True,
SH-75656,J-2024-01581,2024-04-04,57,2024-04-22,True,
SH-75657,J-2024-01582,2024-04-08,43,2024-04-16,True,
SH-75658,J-2024-01583,2024-04-08,61,2024-04-12,True,
SH-75659,J-2024-01584,2024-04-12,5,2024-04-09,False,other
SH-75660,J-2024-01585,2024-04-12,3,2024-04-23,True,
SH-75661,J-2024-01587,2024-04-03,12,2024-04-19,True,
SH-75662,J-2024-01588,2024-04-05,38,2024-04-18,True,
SH-75663,J-2024-01590,2024-04-12,28,2024-04-25,True,
SH-75664,J-2024-01592,2024-04-05,34,2024-04-12,True,
SH-75665,J-2024-01593,2024-04-09,58,2024-04-12,True,
SH-75666,J-2024-01595,2024-04-05,54,2024-04-05,True,
SH-75667,J-2024-01597,2024-04-12,91,2024-04-26,True,
SH-75668,J-2024-01598,2024-05-03,70,2024-05-17,True,
SH-75669,J-2024-01600,2024-04-10,17,2024-04-30,True,
SH-75670,J-2024-01601,2024-04-08,78,2024-04-12,True,
SH-75671,J-2024-01603,2024-04-10,46,2024-04-19,True,
SH-75672,J-2024-01604,2024-04-04,12,2024-04-26,True,
SH-75673,J-2024-01606,2024-04-09,27,2024-04-22,True,
SH-75674,J-2024-01607,2024-04-12,73,2024-04-24,True,
SH-75675,J-2024-01608,2024-04-05,32,2024-04-19,True,
SH-75676,J-2024-01609,2024-04-09,14,2024-04-17,True,
SH-75677,J-2024-01611,2024-04-17,263,2024-04-05,False,capacity
SH-75678,J-2024-01612,2024-04-09,247,2024-04-24,True,
SH-75679,J-2024-01613,2024-04-09,4,2024-04-15,True,
SH-75680,J-2024-01615,2024-04-05,52,2024-04-24,True,
SH-75681,J-2024-01617,2024-04-19,83,2024-04-22,True,
SH-75682,J-2024-01619,2024-04-09,7,2024-04-15,True,
SH-75683,J-2024-01620,2024-04-04,25,2024-04-12,True,
SH-75684,J-2024-01622,2024-04-09,39,2024-04-24,True,
SH-75685,J-2024-01624,2024-04-04,4,2024-04-08,True,
SH-75686,J-2024-01625,2024-04-17,35,2024-04-15,False,capacity
SH-75687,J-2024-01626,2024-04-22,5,2024-05-09,True,
SH-75688,J-2024-01627,2024-04-05,44,2024-04-19,True,
SH-75689,J-2024-01629,2024-04-05,2,2024-04-17,True,
SH-75690,J-2024-01631,2024-04-17,17,2024-04-11,False,capacity
SH-75691,J-2024-01632,2024-04-12,53,2024-04-23,True,
SH-75692,J-2024-01633,2024-04-22,22,2024-05-03,True,
SH-75693,J-2024-01634,2024-04-04,6,2024-04-05,True,
SH-75694,J-2024-01635,2024-05-01,500,2024-05-08,True,
SH-75695,J-2024-01636,2024-04-05,52,2024-04-11,True,
SH-75696,J-2024-01638,2024-04-17,32,2024-04-09,False,material
SH-75697,J-2024-01640,2024-04-23,5,2024-04-29,True,
SH-75698,J-2024-01641,2024-04-22,7,2024-05-15,True,
SH-75699,J-2024-01642,2024-04-10,5,2024-04-12,True,
SH-75700,J-2024-01644,2024-04-10,5,2024-04-30,True,
SH-75701,J-2024-01646,2024-04-09,92,2024-04-18,True,
SH-75702,J-2024-01648,2024-04-09,185,2024-04-11,True,
SH-75703,J-2024-01650,2024-04-18,20,2024-04-24,True,
SH-75704,J-2024-01651,2024-04-04,42,2024-04-26,True,
SH-75705,J-2024-01652,2024-04-10,65,2024-05-10,True,
SH-75706,J-2024-01654,2024-04-09,6,2024-04-16,True,
SH-75707,J-2024-01656,2024-04-11,12,2024-04-22,True,
SH-75708,J-2024-01657,2024-04-08,26,2024-04-25,True,
SH-75709,J-2024-01659,2024-04-12,103,2024-05-03,True,
SH-75710,J-2024-01661,2024-04-09,36,2024-04-11,True,
SH-75711,J-2024-01663,2024-04-15,14,2024-04-25,True,
SH-75712,J-2024-01665,2024-04-17,9,2024-05-01,True,
SH-75713,J-2024-01667,2024-04-08,4,2024-04-17,True,
SH-75714,J-2024-01668,2024-04-10,101,2024-04-12,True,
SH-75715,J-2024-01669,2024-04-24,5,2024-05-03,True,
SH-75716,J-2024-01671,2024-04-09,74,2024-04-25,True,
SH-75717,J-2024-01673,2024-04-19,20,2024-04-19,True,
SH-75718,J-2024-01675,2024-04-10,26,2024-04-17,True,
SH-75719,J-2024-01676,2024-04-18,42,2024-04-11,False,capacity
SH-75720,J-2024-01678,2024-04-12,9,2024-05-01,True,
SH-75721,J-2024-01680,2024-04-12,112,2024-04-24,True,
SH-75722,J-2024-01682,2024-04-26,124,2024-05-06,True,
SH-75723,J-2024-01683,2024-04-10,167,2024-04-25,True,
SH-75724,J-2024-01684,2024-04-15,6,2024-04-23,True,
SH-75725,J-2024-01686,2024-04-10,57,2024-05-01,True,
SH-75726,J-2024-01687,2024-04-09,39,2024-04-30,True,
SH-75727,J-2024-01689,2024-04-16,18,2024-04-26,True,
SH-75728,J-2024-01691,2024-04-24,4,2024-04-19,False,capacity
SH-75729,J-2024-01693,2024-04-16,41,2024-04-25,True,
SH-75730,J-2024-01695,2024-04-15,297,2024-04-15,True,
SH-75731,J-2024-01697,2024-04-30,23,2024-05-03,True,
SH-75732,J-2024-01699,2024-04-09,7,2024-04-19,True,
SH-75733,J-2024-01700,2024-04-16,5,2024-04-30,True,
SH-75734,J-2024-01701,2024-04-16,11,2024-04-30,True,
SH-75735,J-2024-01702,2024-04-12,140,2024-04-19,True,
SH-75736,J-2024-01703,2024-04-10,5,2024-04-19,True,
SH-75737,J-2024-01705,2024-04-12,14,2024-04-22,True,
SH-75738,J-2024-01707,2024-04-10,1,2024-04-19,True,
SH-75739,J-2024-01708,2024-04-25,136,2024-06-03,True,
SH-75740,J-2024-01709,2024-04-15,7,2024-04-29,True,
SH-75741,J-2024-01710,2024-04-12,13,2024-04-19,True,
SH-75742,J-2024-01711,2024-04-18,72,2024-04-19,True,
SH-75743,J-2024-01713,2024-04-15,32,2024-04-25,True,
SH-75744,J-2024-01715,2024-04-10,12,2024-04-11,True,
SH-75745,J-2024-01716,2024-04-12,47,2024-04-22,True,
SH-75746,J-2024-01717,2024-04-11,9,2024-04-12,True,
SH-75747,J-2024-01718,2024-04-12,11,2024-05-06,True,
SH-75748,J-2024-01719,2024-04-10,5,2024-04-22,True,
SH-75749,J-2024-01720,2024-04-12,10,2024-05-13,True,
SH-75750,J-2024-01721,2024-04-23,13,2024-05-03,True,
SH-75751,J-2024-01722,2024-04-23,3,2024-04-23,True,
SH-75752,J-2024-01723,2024-04-19,6,2024-04-29,True,
SH-75753,J-2024-01725,2024-04-12,131,2024-05-07,True,
SH-75754,J-2024-01727,2024-04-22,60,2024-04-30,True,
SH-75755,J-2024-01729,2024-04-30,12,2024-05-07,True,
SH-75756,J-2024-01731,2024-04-12,3,2024-05-06,True,
SH-75757,J-2024-01732,2024-04-24,16,2024-05-06,True,
SH-75758,J-2024-01733,2024-04-23,46,2024-04-17,False,capacity
SH-75759,J-2024-01734,2024-04-15,9,2024-04-24,True,
SH-75760,J-2024-01736,2024-04-19,24,2024-04-26,True,
SH-75761,J-2024-01737,2024-04-11,22,2024-04-12,True,
SH-75762,J-2024-01738,2024-04-23,230,2024-04-29,True,
SH-75763,J-2024-01740,2024-04-17,62,2024-05-16,True,
SH-75764,J-2024-01742,2024-04-15,12,2024-04-22,True,
SH-75765,J-2024-01743,2024-04-16,81,2024-04-24,True,
SH-75766,J-2024-01744,2024-04-11,17,2024-04-19,True,
SH-75767,J-2024-01745,2024-04-30,64,2024-05-06,True,
SH-75768,J-2024-01746,2024-04-26,4,2024-05-06,True,
SH-75769,J-2024-01748,2024-04-15,13,2024-04-22,True,
SH-75770,J-2024-01750,2024-04-16,90,2024-05-10,True,
SH-75771,J-2024-01752,2024-04-12,2,2024-04-22,True,
SH-75772,J-2024-01753,2024-04-12,156,2024-05-07,True,
SH-75773,J-2024-01755,2024-04-19,219,2024-04-29,True,
SH-75774,J-2024-01756,2024-04-17,9,2024-05-03,True,
SH-75775,J-2024-01757,2024-04-17,28,2024-04-29,True,
SH-75776,J-2024-01759,2024-04-16,10,2024-04-17,True,
SH-75777,J-2024-01761,2024-04-24,54,2024-05-06,True,
SH-75778,J-2024-01763,2024-04-16,90,2024-05-02,True,
SH-75779,J-2024-01764,2024-04-15,15,2024-04-29,True,
SH-75780,J-2024-01765,2024-04-16,35,2024-05-16,True,
SH-75781,J-2024-01766,2024-04-15,39,2024-04-30,True,
SH-75782,J-2024-01768,2024-04-22,62,2024-05-07,True,
SH-75783,J-2024-01770,2024-04-17,16,2024-04-24,True,
SH-75784,J-2024-01772,2024-04-17,22,2024-04-17,True,
SH-75785,J-2024-01774,2024-04-22,34,2024-04-25,True,
SH-75786,J-2024-01775,2024-04-23,10,2024-04-19,False,capacity
SH-75787,J-2024-01776,2024-04-15,25,2024-05-01,True,
SH-75788,J-2024-01778,2024-04-12,62,2024-04-30,True,
SH-75789,J-2024-01780,2024-04-18,4,2024-04-26,True,
SH-75790,J-2024-01781,2024-04-16,19,2024-05-31,True,
SH-75791,J-2024-01782,2024-04-25,23,2024-04-29,True,
SH-75792,J-2024-01784,2024-04-17,116,2024-04-17,True,
SH-75793,J-2024-01786,2024-04-16,4,2024-05-13,True,
SH-75794,J-2024-01788,2024-04-12,12,2024-04-17,True,
SH-75795,J-2024-01789,2024-04-15,17,2024-04-19,True,
SH-75796,J-2024-01790,2024-04-25,12,2024-05-10,True,
SH-75797,J-2024-01792,2024-04-17,1,2024-04-24,True,
SH-75798,J-2024-01793,2024-04-19,35,2024-04-25,True,
SH-75799,J-2024-01795,2024-04-17,149,2024-05-01,True,
SH-75800,J-2024-01797,2024-04-18,17,2024-05-06,True,
SH-75801,J-2024-01798,2024-04-16,15,2024-04-17,True,
SH-75802,J-2024-01799,2024-04-18,24,2024-05-02,True,
SH-75803,J-2024-01800,2024-05-06,2,2024-05-09,True,
SH-75804,J-2024-01802,2024-05-01,38,2024-05-09,True,
SH-75805,J-2024-01804,2024-04-23,5,2024-04-29,True,
SH-75806,J-2024-01805,2024-04-18,7,2024-05-07,True,
SH-75807,J-2024-01807,2024-04-26,24,2024-05-07,True,
SH-75808,J-2024-01809,2024-04-24,43,2024-04-29,True,
SH-75809,J-2024-01811,2024-05-02,41,2024-06-04,True,
SH-75810,J-2024-01813,2024-04-18,500,2024-04-29,True,
SH-75811,J-2024-01814,2024-05-01,13,2024-05-03,True,
SH-75812,J-2024-01815,2024-04-29,62,2024-05-08,True,
SH-75813,J-2024-01816,2024-04-17,7,2024-04-23,True,
SH-75814,J-2024-01817,2024-04-25,86,2024-05-08,True,
SH-75815,J-2024-01819,2024-04-22,136,2024-04-22,True,
SH-75816,J-2024-01820,2024-04-22,5,2024-05-01,True,
SH-75817,J-2024-01822,2024-04-17,29,2024-05-02,True,
SH-75818,J-2024-01824,2024-04-18,147,2024-05-03,True,
SH-75819,J-2024-01825,2024-04-19,7,2024-05-14,True,
SH-75820,J-2024-01827,2024-04-18,26,2024-04-30,True,
SH-75821,J-2024-01829,2024-04-23,46,2024-05-07,True,
SH-75822,J-2024-01830,2024-04-24,54,2024-05-17,True,
SH-75823,J-2024-01831,2024-04-29,19,2024-05-01,True,
SH-75824,J-2024-01833,2024-04-19,60,2024-04-25,True,
SH-75825,J-2024-01834,2024-04-23,40,2024-05-20,True,
SH-75826,J-2024-01836,2024-04-26,10,2024-05-08,True,
SH-75827,J-2024-01837,2024-04-18,14,2024-05-01,True,
SH-75828,J-2024-01839,2024-05-07,23,2024-05-14,True,
SH-75829,J-2024-01840,2024-04-23,86,2024-04-29,True,
SH-75830,J-2024-01842,2024-04-24,37,2024-05-16,True,
SH-75831,J-2024-01844,2024-04-25,6,2024-05-03,True,
SH-75832,J-2024-01846,2024-04-25,17,2024-05-07,True,
SH-75833,J-2024-01848,2024-04-23,6,2024-05-07,True,
SH-75834,J-2024-01850,2024-04-26,29,2024-05-07,True,
SH-75835,J-2024-01851,2024-05-01,16,2024-05-13,True,
SH-75836,J-2024-01853,2024-04-19,68,2024-04-23,True,
SH-75837,J-2024-01855,2024-04-22,7,2024-04-30,True,
SH-75838,J-2024-01856,2024-04-18,81,2024-05-13,True,
SH-75839,J-2024-01858,2024-04-26,10,2024-05-02,True,
SH-75840,J-2024-01859,2024-04-23,11,2024-05-06,True,
SH-75841,J-2024-01861,2024-04-23,37,2024-05-06,True,
SH-75842,J-2024-01862,2024-04-24,17,2024-05-13,True,
SH-75843,J-2024-01863,2024-05-03,121,2024-05-13,True,
SH-75844,J-2024-01865,2024-05-02,7,2024-05-14,True,
SH-75845,J-2024-01866,2024-04-23,6,2024-05-10,True,
SH-75846,J-2024-01867,2024-04-22,28,2024-04-23,True,
SH-75847,J-2024-01869,2024-04-24,4,2024-06-06,True,
SH-75848,J-2024-01870,2024-05-06,117,2024-05-14,True,
SH-75849,J-2024-01872,2024-04-23,63,2024-05-06,True,
SH-75850,J-2024-01873,2024-04-25,8,2024-04-29,True,
SH-75851,J-2024-01875,2024-05-14,248,2024-05-15,True,
SH-75852,J-2024-01876,2024-04-26,2,2024-05-09,True,
SH-75853,J-2024-01878,2024-04-22,19,2024-05-03,True,
SH-75854,J-2024-01879,2024-04-24,17,2024-05-03,True,
SH-75855,J-2024-01881,2024-04-18,5,2024-04-24,True,
SH-75856,J-2024-01882,2024-05-01,48,2024-05-17,True,
SH-75857,J-2024-01884,2024-04-24,4,2024-04-24,True,
SH-75858,J-2024-01885,2024-04-29,5,2024-05-07,True,
SH-75859,J-2024-01887,2024-05-01,21,2024-05-14,True,
SH-75860,J-2024-01889,2024-05-03,2,2024-05-14,True,
SH-75861,J-2024-01890,2024-04-22,29,2024-05-02,True,
SH-75862,J-2024-01891,2024-04-26,32,2024-05-16,True,
SH-75863,J-2024-01892,2024-05-01,35,2024-05-14,True,
SH-75864,J-2024-01893,2024-05-08,22,2024-05-03,False,material
SH-75865,J-2024-01894,2024-04-24,12,2024-05-06,True,
SH-75866,J-2024-01896,2024-04-23,12,2024-05-16,True,
SH-75867,J-2024-01897,2024-04-29,9,2024-05-06,True,
SH-75868,J-2024-01899,2024-05-10,51,2024-05-15,True,
SH-75869,J-2024-01901,2024-04-22,21,2024-05-08,True,
SH-75870,J-2024-01903,2024-04-22,51,2024-05-08,True,
SH-75871,J-2024-01905,2024-04-29,59,2024-06-05,True,
SH-75872,J-2024-01906,2024-04-23,25,2024-05-15,True,
SH-75873,J-2024-01907,2024-04-23,30,2024-05-06,True,
SH-75874,J-2024-01909,2024-04-25,33,2024-05-10,True,
SH-75875,J-2024-01910,2024-05-02,101,2024-05-21,True,
SH-75876,J-2024-01912,2024-04-25,23,2024-05-16,True,
SH-75877,J-2024-01913,2024-04-29,3,2024-05-03,True,
SH-75878,J-2024-01915,2024-04-23,74,2024-04-25,True,
SH-75879,J-2024-01917,2024-04-26,17,2024-05-01,True,
SH-75880,J-2024-01918,2024-04-24,6,2024-05-03,True,
SH-75881,J-2024-01919,2024-04-25,8,2024-04-25,True,
SH-75882,J-2024-01920,2024-04-26,48,2024-05-07,True,
SH-75883,J-2024-01922,2024-05-13,58,2024-05-16,True,
SH-75884,J-2024-01923,2024-04-23,3,2024-04-26,True,
SH-75885,J-2024-01925,2024-04-23,181,2024-05-01,True,
SH-75886,J-2024-01927,2024-04-25,27,2024-05-06,True,
SH-75887,J-2024-01928,2024-04-23,8,2024-05-29,True,
SH-75888,J-2024-01930,2024-04-24,37,2024-05-07,True,
SH-75889,J-2024-01931,2024-04-24,150,2024-05-02,True,
SH-75890,J-2024-01933,2024-04-29,39,2024-05-16,True,
SH-75891,J-2024-01934,2024-05-03,48,2024-05-16,True,
SH-75892,J-2024-01936,2024-04-26,15,2024-05-03,True,
SH-75893,J-2024-01938,2024-04-29,1,2024-05-03,True,
SH-75894,J-2024-01939,2024-05-01,48,2024-05-29,True,
SH-75895,J-2024-01941,2024-04-29,32,2024-05-14,True,
SH-75896,J-2024-01942,2024-05-10,54,2024-05-17,True,
SH-75897,J-2024-01944,2024-05-01,6,2024-05-13,True,
SH-75898,J-2024-01946,2024-04-26,5,2024-05-10,True,
SH-75899,J-2024-01947,2024-05-03,18,2024-05-17,True,
SH-75900,J-2024-01948,2024-05-13,29,2024-05-17,True,
SH-75901,J-2024-01950,2024-04-25,20,2024-05-03,True,
SH-75902,J-2024-01951,2024-05-01,4,2024-05-01,True,
SH-75903,J-2024-01953,2024-04-26,24,2024-05-17,True,
SH-75904,J-2024-01954,2024-04-30,28,2024-05-06,True,
SH-75905,J-2024-01956,2024-04-29,10,2024-05-08,True,
SH-75906,J-2024-01957,2024-05-01,34,2024-05-15,True,
SH-75907,J-2024-01958,2024-04-30,18,2024-05-14,True,
SH-75908,J-2024-01959,2024-04-26,28,2024-04-26,True,
SH-75909,J-2024-01960,2024-04-26,25,2024-05-28,True,
SH-75910,J-2024-01961,2024-05-02,54,2024-06-04,True,
SH-75911,J-2024-01962,2024-04-25,30,2024-05-06,True,
SH-75912,J-2024-01963,2024-04-25,135,2024-05-14,True,
SH-75913,J-2024-01965,2024-05-14,30,2024-05-20,True,
SH-75914,J-2024-01967,2024-05-01,8,2024-05-23,True,
SH-75915,J-2024-01969,2024-04-25,5,2024-05-07,True,
SH-75916,J-2024-01971,2024-05-06,193,2024-05-23,True,
SH-75917,J-2024-01973,2024-04-30,14,2024-05-13,True,
SH-75918,J-2024-01975,2024-05-07,11,2024-05-24,True,
SH-75919,J-2024-01976,2024-04-25,13,2024-05-07,True,
SH-75920,J-2024-01977,2024-05-06,63,2024-05-21,True,
SH-75921,J-2024-01978,2024-04-24,131,2024-04-30,True,
SH-75922,J-2024-01979,2024-04-26,29,2024-05-06,True,
SH-75923,J-2024-01980,2024-04-26,6,2024-05-06,True,
SH-75924,J-2024-01981,2024-05-06,43,2024-05-20,True,
SH-75925,J-2024-01982,2024-05-06,6,2024-05-17,True,
SH-75926,J-2024-01984,2024-05-01,84,2024-05-09,True,
SH-75927,J-2024-01985,2024-05-14,23,2024-05-07,False,capacity
SH-75928,J-2024-01986,2024-05-03,44,2024-05-14,True,
SH-75929,J-2024-01987,2024-05-02,25,2024-05-14,True,
SH-75930,J-2024-01989,2024-04-30,101,2024-05-06,True,
SH-75931,J-2024-01991,2024-04-29,7,2024-05-16,True,
SH-75932,J-2024-01993,2024-05-06,89,2024-05-20,True,
SH-75933,J-2024-01994,2024-05-06,46,2024-05-13,True,
SH-75934,J-2024-01996,2024-04-26,25,2024-05-09,True,
SH-75935,J-2024-01998,2024-05-08,7,2024-05-20,True,
SH-75936,J-2024-01999,2024-05-06,111,2024-05-20,True,
SH-75937,J-2024-02000,2024-04-26,28,2024-05-28,True,
SH-75938,J-2024-02001,2024-05-01,22,2024-05-28,True,
SH-75939,J-2024-02002,2024-05-07,50,2024-05-21,True,
SH-75940,J-2024-02003,2024-05-13,22,2024-05-21,True,
SH-75941,J-2024-02005,2024-05-06,500,2024-05-24,True,
SH-75942,J-2024-02006,2024-05-06,33,2024-06-07,True,
SH-75943,J-2024-02007,2024-05-10,7,2024-05-09,False,capacity
SH-75944,J-2024-02009,2024-05-01,11,2024-05-20,True,
SH-75945,J-2024-02010,2024-05-01,30,2024-06-20,True,
SH-75946,J-2024-02011,2024-05-10,3,2024-05-21,True,
SH-75947,J-2024-02012,2024-04-30,2,2024-05-06,True,
SH-75948,J-2024-02014,2024-05-01,18,2024-05-14,True,
SH-75949,J-2024-02015,2024-05-20,5,2024-05-21,True,
SH-75950,J-2024-02016,2024-04-30,71,2024-05-07,True,
SH-75951,J-2024-02018,2024-05-01,77,2024-05-21,True,
SH-75952,J-2024-02020,2024-04-29,29,2024-05-07,True,
SH-75953,J-2024-02021,2024-04-29,427,2024-05-08,True,
SH-75954,J-2024-02023,2024-05-13,129,2024-05-21,True,
SH-75955,J-2024-02024,2024-05-07,116,2024-05-15,True,
SH-75956,J-2024-02025,2024-05-03,132,2024-05-02,False,capacity
SH-75957,J-2024-02026,2024-05-07,39,2024-05-24,True,
SH-75958,J-2024-02027,2024-05-13,32,2024-05-20,True,
SH-75959,J-2024-02028,2024-05-09,20,2024-05-22,True,
SH-75960,J-2024-02030,2024-04-29,43,2024-05-21,True,
SH-75961,J-2024-02032,2024-05-03,48,2024-05-28,True,
SH-75962,J-2024-02033,2024-05-13,498,2024-05-28,True,
SH-75963,J-2024-02035,2024-05-08,17,2024-06-03,True,
SH-75964,J-2024-02037,2024-05-10,23,2024-05-16,True,
SH-75965,J-2024-02038,2024-04-26,4,2024-04-30,True,
SH-75966,J-2024-02040,2024-05-10,326,2024-06-06,True,
SH-75967,J-2024-02041,2024-05-20,95,2024-06-05,True,
SH-75968,J-2024-02042,2024-05-14,43,2024-05-22,True,
SH-75969,J-2024-02044,2024-04-30,12,2024-05-13,True,
SH-75970,J-2024-02046,2024-05-07,37,2024-05-08,True,
SH-75971,J-2024-02048,2024-05-01,11,2024-05-06,True,
SH-75972,J-2024-02049,2024-05-03,14,2024-05-20,True,
SH-75973,J-2024-02050,2024-05-14,10,2024-05-23,True,
SH-75974,J-2024-02052,2024-05-08,58,2024-06-10,True,
SH-75975,J-2024-02053,2024-05-01,9,2024-05-03,True,
SH-75976,J-2024-02055,2024-05-14,31,2024-05-23,True,
SH-75977,J-2024-02057,2024-05-09,152,2024-05-16,True,
SH-75978,J-2024-02059,2024-05-10,2,2024-05-20,True,
SH-75979,J-2024-02060,2024-05-21,27,2024-05-24,True,
SH-75980,J-2024-02061,2024-05-03,20,2024-05-14,True,
SH-75981,J-2024-02062,2024-05-07,31,2024-05-17,True,
SH-75982,J-2024-02064,2024-05-06,9,2024-05-10,True,
SH-75983,J-2024-02065,2024-05-02,2,2024-05-23,True,
SH-75984,J-2024-02067,2024-05-10,16,2024-05-16,True,
SH-75985,J-2024-02069,2024-05-21,219,2024-05-08,False,capacity
SH-75986,J-2024-02070,2024-05-13,23,2024-05-21,True,
SH-75987,J-2024-02071,2024-05-01,71,2024-05-07,True,
SH-75988,J-2024-02072,2024-05-06,12,2024-05-13,True,
SH-75989,J-2024-02074,2024-05-20,4,2024-05-24,True,
SH-75990,J-2024-02076,2024-05-03,5,2024-05-17,True,
SH-75991,J-2024-02078,2024-05-10,9,2024-05-16,True,
SH-75992,J-2024-02079,2024-05-01,53,2024-05-03,True,
SH-75993,J-2024-02080,2024-05-16,9,2024-05-24,True,
SH-75994,J-2024-02081,2024-05-06,48,2024-05-14,True,
SH-75995,J-2024-02082,2024-05-07,36,2024-05-30,True,
SH-75996,J-2024-02083,2024-05-02,90,2024-05-30,True,
SH-75997,J-2024-02085,2024-05-10,146,2024-05-14,True,
SH-75998,J-2024-02087,2024-05-08,55,2024-05-02,False,capacity
SH-75999,J-2024-02088,2024-05-06,31,2024-05-15,True,
SH-76000,J-2024-02090,2024-05-06,58,2024-05-08,True,
SH-76001,J-2024-02092,2024-05-08,69,2024-05-09,True,
SH-76002,J-2024-02094,2024-05-02,13,2024-05-08,True,
SH-76003,J-2024-02095,2024-05-14,4,2024-05-30,True,
SH-76004,J-2024-02096,2024-05-09,15,2024-05-20,True,
SH-76005,J-2024-02098,2024-05-08,13,2024-05-15,True,
SH-76006,J-2024-02099,2024-05-08,46,2024-05-28,True,
SH-76007,J-2024-02101,2024-05-07,87,2024-06-06,True,
SH-76008,J-2024-02103,2024-05-06,22,2024-05-14,True,
SH-76009,J-2024-02105,2024-05-07,9,2024-05-16,True,
SH-76010,J-2024-02106,2024-05-03,30,2024-05-13,True,
SH-76011,J-2024-02108,2024-05-16,34,2024-05-13,False,
SH-76012,J-2024-02110,2024-05-03,18,2024-05-03,True,
SH-76013,J-2024-02111,2024-05-15,3,2024-05-07,False,capacity
SH-76014,J-2024-02113,2024-05-07,22,2024-05-30,True,
SH-76015,J-2024-02114,2024-05-03,34,2024-05-06,True,
SH-76016,J-2024-02115,2024-05-10,68,2024-05-21,True,
SH-76017,J-2024-02117,2024-05-03,95,2024-05-21,True,
SH-76018,J-2024-02119,2024-05-14,33,2024-06-06,True,
SH-76019,J-2024-02121,2024-05-16,92,2024-05-28,True,
SH-76020,J-2024-02122,2024-05-07,6,2024-05-20,True,
SH-76021,J-2024-02124,2024-05-03,16,2024-05-09,True,
SH-76022,J-2024-02125,2024-05-02,32,2024-05-07,True,
SH-76023,J-2024-02127,2024-05-07,109,2024-05-13,True,
SH-76024,J-2024-02129,2024-05-15,19,2024-05-07,False,
SH-76025,J-2024-02130,2024-05-20,72,2024-05-28,True,
SH-76026,J-2024-02132,2024-05-16,14,2024-05-17,True,
SH-76027,J-2024-02134,2024-05-13,10,2024-05-17,True,
SH-76028,J-2024-02135,2024-05-01,28,2024-05-09,True,
SH-76029,J-2024-02137,2024-05-10,23,2024-05-20,True,
SH-76030,J-2024-02139,2024-06-05,500,2024-05-16,False,
SH-76031,J-2024-02141,2024-05-10,9,2024-05-23,True,
SH-76032,J-2024-02142,2024-05-03,24,2024-05-06,True,
SH-76033,J-2024-02143,2024-05-31,2,2024-06-06,True,
SH-76034,J-2024-02144,2024-05-20,31,2024-05-29,True,
SH-76035,J-2024-02145,2024-05-07,31,2024-05-06,False,
SH-76036,J-2024-02147,2024-05-24,17,2024-05-29,True,
SH-76037,J-2024-02149,2024-05-08,100,2024-05-14,True,
SH-76038,J-2024-02151,2024-05-02,56,2024-05-21,True,
SH-76039,J-2024-02152,2024-05-07,147,2024-05-23,True,
SH-76040,J-2024-02153,2024-05-07,47,2024-05-20,True,
SH-76041,J-2024-02155,2024-05-17,115,2024-05-29,True,
SH-76042,J-2024-02157,2024-05-14,8,2024-05-30,True,
SH-76043,J-2024-02159,2024-05-09,31,2024-05-21,True,
SH-76044,J-2024-02160,2024-05-15,18,2024-05-30,True,
SH-76045,J-2024-02161,2024-05-07,29,2024-05-16,True,
SH-76046,J-2024-02162,2024-05-14,38,2024-05-15,True,
SH-76047,J-2024-02164,2024-05-30,31,2024-05-30,True,
SH-76048,J-2024-02166,2024-05-13,207,2024-05-17,True,
SH-76049,J-2024-02167,2024-05-14,15,2024-05-30,True,
SH-76050,J-2024-02169,2024-05-08,3,2024-05-21,True,
SH-76051,J-2024-02170,2024-05-08,229,2024-05-15,True,
SH-76052,J-2024-02171,2024-05-08,32,2024-05-29,True,
SH-76053,J-2024-02172,2024-05-09,12,2024-05-10,True,
SH-76054,J-2024-02174,2024-05-08,20,2024-05-08,True,
SH-76055,J-2024-02175,2024-05-10,7,2024-05-22,True,
SH-76056,J-2024-02176,2024-05-08,70,2024-05-20,True,
SH-76057,J-2024-02177,2024-05-10,7,2024-05-16,True,
SH-76058,J-2024-02179,2024-05-03,5,2024-05-10,True,
SH-76059,J-2024-02180,2024-05-17,101,2024-05-30,True,
SH-76060,J-2024-02181,2024-05-23,500,2024-05-15,False,
SH-76061,J-2024-02182,2024-05-07,11,2024-05-22,True,
SH-76062,J-2024-02183,2024-05-06,87,2024-05-10,True,
SH-76063,J-2024-02185,2024-05-08,66,2024-05-08,True,
SH-76064,J-2024-02186,2024-05-13,73,2024-05-21,True,
SH-76065,J-2024-02187,2024-05-16,19,2024-05-31,True,
SH-76066,J-2024-02188,2024-05-21,14,2024-05-31,True,
SH-76067,J-2024-02190,2024-06-04,12,2024-05-31,False,
SH-76068,J-2024-02192,2024-05-06,33,2024-05-13,True,
SH-76069,J-2024-02194,2024-05-21,2,2024-05-31,True,
SH-76070,J-2024-02195,2024-05-17,3,2024-05-31,True,
SH-76071,J-2024-02197,2024-05-14,33,2024-05-31,True,
SH-76072,J-2024-02198,2024-05-07,9,2024-05-15,True,
SH-76073,J-2024-02199,2024-05-20,21,2024-05-31,True,
SH-76074,J-2024-02201,2024-05-08,6,2024-05-17,True,
SH-76075,J-2024-02203,2024-05-22,42,2024-05-24,True,
SH-76076,J-2024-02204,2024-05-07,18,2024-05-10,True,
SH-76077,J-2024-02205,2024-05-14,17,2024-06-03,True,
SH-76078,J-2024-02207,2024-05-16,3,2024-05-17,True,
SH-76079,J-2024-02209,2024-05-22,34,2024-06-05,True,
SH-76080,J-2024-02211,2024-05-14,70,2024-06-05,True,
SH-76081,J-2024-02212,2024-05-13,10,2024-05-17,True,
SH-76082,J-2024-02213,2024-05-14,30,2024-06-10,True,
SH-76083,J-2024-02214,2024-05-14,3,2024-05-23,True,
SH-76084,J-2024-02216,2024-05-15,32,2024-05-20,True,
SH-76085,J-2024-02217,2024-05-10,25,2024-05-24,True,
SH-76086,J-2024-02219,2024-05-15,11,2024-06-26,True,
SH-76087,J-2024-02221,2024-05-14,5,2024-06-25,True,
SH-76088,J-2024-02222,2024-05-14,130,2024-06-03,True,
SH-76089,J-2024-02224,2024-05-17,13,2024-05-23,True,
SH-76090,J-2024-02225,2024-05-14,95,2024-05-28,True,
SH-76091,J-2024-02227,2024-05-15,30,2024-05-20,True,
SH-76092,J-2024-02228,2024-05-15,42,2024-06-11,True,
SH-76093,J-2024-02230,2024-05-15,16,2024-05-22,True,
SH-76094,J-2024-02232,2024-05-17,10,2024-06-11,True,
SH-76095,J-2024-02234,2024-05-14,33,2024-05-30,True,
SH-76096,J-2024-02236,2024-05-14,10,2024-05-24,True,
SH-76097,J-2024-02237,2024-05-14,56,2024-05-28,True,
SH-76098,J-2024-02238,2024-05-15,51,2024-05-31,True,
SH-76099,J-2024-02240,2024-05-15,6,2024-05-22,True,
SH-76100,J-2024-02242,2024-05-10,92,2024-05-20,True,
SH-76101,J-2024-02243,2024-05-09,37,2024-05-23,True,
SH-76102,J-2024-02245,2024-05-20,117,2024-06-04,True,
SH-76103,J-2024-02246,2024-05-21,10,2024-05-21,True,
SH-76104,J-2024-02247,2024-05-14,29,2024-06-11,True,
SH-76105,J-2024-02249,2024-05-10,9,2024-05-20,True,
SH-76106,J-2024-02250,2024-05-21,49,2024-06-04,True,
SH-76107,J-2024-02251,2024-05-15,8,2024-05-24,True,
SH-76108,J-2024-02253,2024-05-20,17,2024-06-03,True,
SH-76109,J-2024-02254,2024-05-15,44,2024-06-04,True,
SH-76110,J-2024-02256,2024-05-17,29,2024-06-10,True,
SH-76111,J-2024-02258,2024-05-15,24,2024-06-06,True,
SH-76112,J-2024-02259,2024-05-21,21,2024-06-04,True,
SH-76113,J-2024-02260,2024-05-29,212,2024-06-04,True,
SH-76114,J-2024-02262,2024-05-13,119,2024-05-23,True,
SH-76115,J-2024-02263,2024-05-10,2,2024-05-28,True,
SH-76116,J-2024-02264,2024-05-14,26,2024-05-24,True,
SH-76117,J-2024-02265,2024-06-12,45,2024-05-31,False,capacity
SH-76118,J-2024-02267,2024-05-15,48,2024-06-11,True,
SH-76119,J-2024-02268,2024-05-16,5,2024-05-23,True,
SH-76120,J-2024-02269,2024-05-14,6,2024-06-13,True,
SH-76121,J-2024-02271,2024-05-14,26,2024-05-14,True,
SH-76122,J-2024-02272,2024-05-16,184,2024-07-02,True,
SH-76123,J-2024-02274,2024-05-22,14,2024-05-23,True,
SH-76124,J-2024-02275,2024-06-11,105,2024-07-03,True,
SH-76125,J-2024-02276,2024-05-21,254,2024-06-06,True,
SH-76126,J-2024-02278,2024-05-15,373,2024-06-12,True,
SH-76127,J-2024-02280,2024-05-20,17,2024-05-15,False,other
SH-76128,J-2024-02282,2024-05-22,66,2024-06-11,True,
SH-76129,J-2024-02284,2024-05-15,4,2024-05-24,True,
SH-76130,J-2024-02286,2024-05-14,41,2024-05-30,True,
SH-76131,J-2024-02288,2024-05-28,12,2024-06-06,True,
SH-76132,J-2024-02290,2024-05-15,13,2024-06-27,True,
SH-76133,J-2024-02291,2024-06-04,64,2024-06-06,True,
SH-76134,J-2024-02293,2024-05-22,7,2024-06-10,True,
SH-76135,J-2024-02294,2024-05-14,19,2024-05-23,True,
SH-76136,J-2024-02296,2024-05-14,58,2024-05-15,True,
SH-76137,J-2024-02298,2024-06-14,53,2024-06-19,True,
SH-76138,J-2024-02299,2024-05-16,20,2024-05-24,True,
SH-76139,J-2024-02300,2024-05-21,51,2024-06-05,True,
SH-76140,J-2024-02302,2024-05-17,170,2024-06-13,True,
SH-76141,J-2024-02304,2024-05-21,90,2024-06-03,True,
SH-76142,J-2024-02306,2024-05-14,15,2024-05-31,True,
SH-76143,J-2024-02308,2024-05-16,66,2024-06-19,True,
SH-76144,J-2024-02310,2024-05-15,14,2024-05-31,True,
SH-76145,J-2024-02312,2024-05-30,110,2024-06-07,True,
SH-76146,J-2024-02313,2024-05-22,8,2024-06-03,True,
SH-76147,J-2024-02315,2024-05-15,8,2024-06-03,True,
SH-76148,J-2024-02316,2024-05-28,6,2024-05-17,False,other
SH-76149,J-2024-02318,2024-05-21,8,2024-05-29,True,
SH-76150,J-2024-02319,2024-05-24,6,2024-06-12,True,
SH-76151,J-2024-02321,2024-05-28,85,2024-07-01,True,
SH-76152,J-2024-02322,2024-05-15,13,2024-05-24,True,
SH-76153,J-2024-02324,2024-05-28,19,2024-05-29,True,
SH-76154,J-2024-02326,2024-05-22,170,2024-06-06,True,
SH-76155,J-2024-02328,2024-05-24,302,2024-05-31,True,
SH-76156,J-2024-02330,2024-05-24,8,2024-06-10,True,
SH-76157,J-2024-02332,2024-05-17,14,2024-06-05,True,
SH-76158,J-2024-02333,2024-05-15,78,2024-05-20,True,
SH-76159,J-2024-02335,2024-05-22,21,2024-05-23,True,
SH-76160,J-2024-02337,2024-05-23,270,2024-06-28,True,
SH-76161,J-2024-02338,2024-05-28,128,2024-06-10,True,
SH-76162,J-2024-02339,2024-05-14,47,2024-06-18,True,
SH-76163,J-2024-02340,2024-05-24,9,2024-05-28,True,
SH-76164,J-2024-02341,2024-05-24,27,2024-06-03,True,
SH-76165,J-2024-02343,2024-05-16,34,2024-05-24,True,
SH-76166,J-2024-02345,2024-05-20,62,2024-06-04,True,
SH-76167,J-2024-02347,2024-05-16,47,2024-05-21,True,
SH-76168,J-2024-02349,2024-05-24,22,2024-06-06,True,
SH-76169,J-2024-02350,2024-05-21,77,2024-05-30,True,
SH-76170,J-2024-02351,2024-05-24,16,2024-06-26,True,
SH-76171,J-2024-02353,2024-05-29,59,2024-06-03,True,
SH-76172,J-2024-02355,2024-05-23,500,2024-05-29,True,
SH-76173,J-2024-02356,2024-05-20,9,2024-05-28,True,
SH-76174,J-2024-02358,2024-05-20,6,2024-05-28,True,
SH-76175,J-2024-02360,2024-05-17,87,2024-06-04,True,
SH-76176,J-2024-02361,2024-05-23,11,2024-06-06,True,
SH-76177,J-2024-02362,2024-05-21,4,2024-06-05,True,
SH-76178,J-2024-02363,2024-05-28,121,2024-05-30,True,
SH-76179,J-2024-02365,2024-05-20,62,2024-06-04,True,
SH-76180,J-2024-02367,2024-06-04,32,2024-06-11,True,
SH-76181,J-2024-02369,2024-06-11,176,2024-06-12,True,
SH-76182,J-2024-02370,2024-06-05,27,2024-06-28,True,
SH-76183,J-2024-02371,2024-05-31,1,2024-06-11,True,
SH-76184,J-2024-02372,2024-06-03,114,2024-06-11,True,
SH-76185,J-2024-02374,2024-06-03,36,2024-06-11,True,
SH-76186,J-2024-02376,2024-06-10,4,2024-06-11,True,
SH-76187,J-2024-02378,2024-05-31,16,2024-06-07,True,
SH-76188,J-2024-02379,2024-05-30,24,2024-06-05,True,
SH-76189,J-2024-02381,2024-05-24,87,2024-06-04,True,
SH-76190,J-2024-02382,2024-05-21,55,2024-06-11,True,
SH-76191,J-2024-02383,2024-05-28,61,2024-06-11,True,
SH-76192,J-2024-02384,2024-05-16,31,2024-05-23,True,
SH-76193,J-2024-02385,2024-05-23,62,2024-06-04,True,
SH-76194,J-2024-02387,2024-05-20,21,2024-06-03,True,
SH-76195,J-2024-02389,2024-05-24,8,2024-05-30,True,
SH-76196,J-2024-02391,2024-05-31,154,2024-06-11,True,
SH-76197,J-2024-02392,2024-06-03,47,2024-05-28,False,material
SH-76198,J-2024-02393,2024-05-28,34,2024-06-12,True,
SH-76199,J-2024-02395,2024-05-20,9,2024-06-10,True,
SH-76200,J-2024-02396,2024-05-30,5,2024-06-27,True,
SH-76201,J-2024-02398,2024-05-30,14,2024-06-06,True,
SH-76202,J-2024-02400,2024-05-24,9,2024-05-29,True,
SH-76203,J-2024-02401,2024-05-22,69,2024-05-29,True,
SH-76204,J-2024-02403,2024-05-24,5,2024-06-12,True,
SH-76205,J-2024-02404,2024-06-03,43,2024-06-12,True,
SH-76206,J-2024-02405,2024-06-06,8,2024-06-12,True,
SH-76207,J-2024-02407,2024-05-20,135,2024-05-22,True,
SH-76208,J-2024-02408,2024-05-22,146,2024-05-31,True,
SH-76209,J-2024-02410,2024-06-04,5,2024-06-05,True,
SH-76210,J-2024-02412,2024-05-22,17,2024-06-03,True,
SH-76211,J-2024-02414,2024-05-22,29,2024-06-18,True,
SH-76212,J-2024-02415,2024-05-23,13,2024-06-18,True,
SH-76213,J-2024-02417,2024-05-30,26,2024-06-12,True,
SH-76214,J-2024-02419,2024-05-28,3,2024-06-13,True,
SH-76215,J-2024-02420,2024-05-28,381,2024-06-06,True,
SH-76216,J-2024-02421,2024-05-21,30,2024-05-24,True,
SH-76217,J-2024-02422,2024-06-12,109,2024-06-13,True,
SH-76218,J-2024-02424,2024-05-29,14,2024-06-13,True,
SH-76219,J-2024-02426,2024-06-06,24,2024-06-12,True,
SH-76220,J-2024-02427,2024-06-06,89,2024-06-03,False,capacity
SH-76221,J-2024-02428,2024-05-20,41,2024-05-22,True,
SH-76222,J-2024-02429,2024-05-24,44,2024-06-17,True,
SH-76223,J-2024-02431,2024-05-30,48,2024-06-17,True,
SH-76224,J-2024-02433,2024-05-30,25,2024-06-10,True,
SH-76225,J-2024-02435,2024-05-24,24,2024-06-14,True,
SH-76226,J-2024-02436,2024-05-22,5,2024-06-03,True,
SH-76227,J-2024-02438,2024-05-23,10,2024-06-07,True,
SH-76228,J-2024-02439,2024-05-29,5,2024-06-03,True,
SH-76229,J-2024-02440,2024-05-24,50,2024-06-04,True,
SH-76230,J-2024-02442,2024-05-23,27,2024-06-03,True,
SH-76231,J-2024-02444,2024-05-22,74,2024-06-11,True,
SH-76232,J-2024-02446,2024-05-21,147,2024-05-23,True,
SH-76233,J-2024-02448,2024-05-20,13,2024-06-17,True,
SH-76234,J-2024-02449,2024-05-29,57,2024-06-03,True,
SH-76235,J-2024-02451,2024-05-31,8,2024-06-13,True,
SH-76236,J-2024-02453,2024-05-29,14,2024-06-14,True,
SH-76237,J-2024-02455,2024-05-31,7,2024-06-17,True,
SH-76238,J-2024-02457,2024-05-29,85,2024-06-03,True,
SH-76239,J-2024-02459,2024-05-29,222,2024-06-10,True,
SH-76240,J-2024-02460,2024-05-29,33,2024-06-04,True,
SH-76241,J-2024-02461,2024-05-22,14,2024-06-10,True,
SH-76242,J-2024-02462,2024-06-10,18,2024-06-11,True,
SH-76243,J-2024-02463,2024-05-31,24,2024-06-10,True,
SH-76244,J-2024-02465,2024-06-04,83,2024-06-17,True,
SH-76245,J-2024-02467,2024-05-24,6,2024-06-03,True,
SH-76246,J-2024-02468,2024-05-21,77,2024-05-29,True,
SH-76247,J-2024-02470,2024-06-04,14,2024-06-17,True,
SH-76248,J-2024-02471,2024-05-24,2,2024-06-20,True,
SH-76249,J-2024-02472,2024-06-04,88,2024-06-17,True,
SH-76250,J-2024-02474,2024-05-24,38,2024-06-19,True,
SH-76251,J-2024-02476,2024-05-30,500,2024-06-14,True,
SH-76252,J-2024-02478,2024-05-24,4,2024-06-11,True,
SH-76253,J-2024-02480,2024-05-29,7,2024-06-04,True,
SH-76254,J-2024-02482,2024-06-12,18,2024-07-17,True,
SH-76255,J-2024-02483,2024-05-24,30,2024-06-05,True,
SH-76256,J-2024-02485,2024-06-03,41,2024-05-31,False,material
SH-76257,J-2024-02486,2024-06-17,8,2024-06-18,True,
SH-76258,J-2024-02488,2024-05-23,104,2024-05-29,True,
SH-76259,J-2024-02490,2024-05-30,212,2024-06-04,True,
SH-76260,J-2024-02491,2024-05-30,9,2024-06-07,True,
SH-76261,J-2024-02492,2024-06-06,16,2024-06-18,True,
SH-76262,J-2024-02494,2024-05-30,43,2024-06-21,True,
SH-76263,J-2024-02495,2024-05-28,25,2024-05-29,True,
SH-76264,J-2024-02497,2024-05-28,23,2024-06-06,True,
SH-76265,J-2024-02499,2024-05-24,14,2024-06-05,True,
SH-76266,J-2024-02500,2024-06-04,62,2024-06-14,True,
SH-76267,J-2024-02502,2024-06-07,230,2024-06-18,True,
SH-76268,J-2024-02504,2024-06-21,17,2024-06-21,True,
SH-76269,J-2024-02505,2024-05-22,125,2024-05-28,True,
SH-76270,J-2024-02507,2024-05-22,85,2024-05-29,True,
SH-76271,J-2024-02509,2024-05-30,32,2024-06-11,True,
SH-76272,J-2024-02510,2024-05-30,44,2024-06-11,True,
SH-76273,J-2024-02511,2024-05-31,28,2024-06-13,True,
SH-76274,J-2024-02512,2024-06-10,135,2024-06-07,False,
SH-76275,J-2024-02514,2024-05-28,11,2024-06-13,True,
SH-76276,J-2024-02516,2024-05-31,14,2024-06-13,True,
SH-76277,J-2024-02517,2024-06-04,19,2024-06-24,True,
SH-76278,J-2024-02518,2024-05-23,12,2024-05-24,True,
SH-76279,J-2024-02520,2024-05-30,32,2024-06-12,True,
SH-76280,J-2024-02522,2024-05-31,23,2024-06-12,True,
SH-76281,J-2024-02523,2024-05-30,52,2024-06-06,True,
SH-76282,J-2024-02525,2024-06-04,13,2024-06-18,True,
SH-76283,J-2024-02526,2024-05-31,122,2024-06-07,True,
SH-76284,J-2024-02528,2024-05-31,12,2024-06-10,True,
SH-76285,J-2024-02530,2024-06-03,5,2024-06-11,True,
SH-76286,J-2024-02532,2024-05-24,36,2024-05-28,True,
SH-76287,J-2024-02533,2024-05-24,7,2024-05-29,True,
SH-76288,J-2024-02535,2024-06-03,110,2024-06-06,True,
SH-76289,J-2024-02537,2024-05-30,21,2024-06-05,True,
SH-76290,J-2024-02538,2024-05-30,16,2024-06-11,True,
SH-76291,J-2024-02540,2024-06-03,6,2024-06-13,True,
SH-76292,J-2024-02542,2024-05-31,18,2024-06-14,True,
SH-76293,J-2024-02544,2024-06-10,104,2024-06-11,True,
SH-76294,J-2024-02545,2024-05-24,21,2024-06-14,True,
SH-76295,J-2024-02547,2024-05-24,54,2024-06-05,True,
SH-76296,J-2024-02549,2024-06-03,42,2024-06-05,True,
SH-76297,J-2024-02550,2024-06-12,75,2024-06-19,True,
SH-76298,J-2024-02552,2024-05-30,22,2024-05-31,True,
SH-76299,J-2024-02553,2024-05-31,6,2024-06-10,True,
SH-76300,J-2024-02554,2024-05-28,5,2024-06-10,True,
SH-76301,J-2024-02555,2024-05-30,48,2024-06-14,True,
SH-76302,J-2024-02556,2024-05-31,26,2024-06-13,True,
SH-76303,J-2024-02557,2024-05-29,25,2024-06-07,True,
SH-76304,J-2024-02558,2024-05-31,1,2024-06-13,True,
SH-76305,J-2024-02560,2024-06-06,14,2024-06-11,True,
SH-76306,J-2024-02562,2024-06-05,18,2024-07-09,True,
SH-76307,J-2024-02564,2024-06-03,10,2024-06-14,True,
SH-76308,J-2024-02566,2024-05-28,28,2024-05-29,True,
SH-76309,J-2024-02567,2024-05-30,500,2024-06-19,True,
SH-76310,J-2024-02568,2024-06-10,91,2024-06-20,True,
SH-76311,J-2024-02569,2024-05-31,10,2024-06-18,True,
SH-76312,J-2024-02570,2024-06-03,8,2024-05-29,False,other
SH-76313,J-2024-02571,2024-06-04,15,2024-06-18,True,
SH-76314,J-2024-02572,2024-05-28,5,2024-06-03,True,
SH-76315,J-2024-02573,2024-06-04,10,2024-06-14,True,
SH-76316,J-2024-02575,2024-06-17,9,2024-06-24,True,
SH-76317,J-2024-02576,2024-06-06,12,2024-06-21,True,
SH-76318,J-2024-02577,2024-06-10,239,2024-06-14,True,
SH-76319,J-2024-02578,2024-06-05,112,2024-06-27,True,
SH-76320,J-2024-02580,2024-05-29,15,2024-05-31,True,
SH-76321,J-2024-02581,2024-06-07,34,2024-06-13,True,
SH-76322,J-2024-02583,2024-06-03,32,2024-06-12,True,
SH-76323,J-2024-02585,2024-05-31,12,2024-06-20,True,
SH-76324,J-2024-02587,2024-06-03,45,2024-06-07,True,
SH-76325,J-2024-02588,2024-06-03,101,2024-05-31,False,capacity
SH-76326,J-2024-02590,2024-06-17,500,2024-06-14,False,
SH-76327,J-2024-02591,2024-06-05,23,2024-07-05,True,
SH-76328,J-2024-02593,2024-06-10,73,2024-06-21,True,
SH-76329,J-2024-02595,2024-06-03,12,2024-07-03,True,
SH-76330,J-2024-02596,2024-05-30,1,2024-06-11,True,
SH-76331,J-2024-02598,2024-05-30,28,2024-06-10,True,
SH-76332,J-2024-02599,2024-05-31,98,2024-06-14,True,
SH-76333,J-2024-02600,2024-06-10,22,2024-06-10,True,
SH-76334,J-2024-02601,2024-06-12,16,2024-07-02,True,
SH-76335,J-2024-02603,2024-06-04,69,2024-06-12,True,
SH-76336,J-2024-02604,2024-05-30,44,2024-05-31,True,
SH-76337,J-2024-02605,2024-06-03,72,2024-06-12,True,
SH-76338,J-2024-02607,2024-06-11,86,2024-06-26,True,
SH-76339,J-2024-02608,2024-05-31,27,2024-06-17,True,
SH-76340,J-2024-02609,2024-06-04,208,2024-06-05,True,
SH-76341,J-2024-02611,2024-05-31,19,2024-06-17,True,
SH-76342,J-2024-02612,2024-06-20,68,2024-06-24,True,
SH-76343,J-2024-02613,2024-06-04,6,2024-06-17,True,
SH-76344,J-2024-02614,2024-05-29,12,2024-06-14,True,
SH-76345,J-2024-02616,2024-06-04,14,2024-06-11,True,
SH-76346,J-2024-02618,2024-07-15,201,2024-06-04,False,
SH-76347,J-2024-02619,2024-06-04,28,2024-06-10,True,
SH-76348,J-2024-02620,2024-05-30,27,2024-06-03,True,
SH-76349,J-2024-02622,2024-05-31,3,2024-06-11,True,
SH-76350,J-2024-02623,2024-06-04,121,2024-06-11,True,
SH-76351,J-2024-02624,2024-06-03,13,2024-06-13,True,
SH-76352,J-2024-02625,2024-05-31,26,2024-06-14,True,
SH-76353,J-2024-02626,2024-06-11,9,2024-07-15,True,
SH-76354,J-2024-02628,2024-06-17,48,2024-06-25,True,
SH-76355,J-2024-02630,2024-06-04,47,2024-07-18,True,
SH-76356,J-2024-02631,2024-06-05,17,2024-06-20,True,
SH-76357,J-2024-02633,2024-06-10,100,2024-06-25,True,
SH-76358,J-2024-02634,2024-06-04,20,2024-06-21,True,
SH-76359,J-2024-02635,2024-06-10,69,2024-06-05,False,
SH-76360,J-2024-02637,2024-06-03,195,2024-06-05,True,
SH-76361,J-2024-02639,2024-06-03,22,2024-06-12,True,
SH-76362,J-2024-02640,2024-06-19,3,2024-06-27,True,
SH-76363,J-2024-02641,2024-06-04,36,2024-06-12,True,
SH-76364,J-2024-02642,2024-06-05,59,2024-06-25,True,
SH-76365,J-2024-02644,2024-06-07,15,2024-06-26,True,
SH-76366,J-2024-02646,2024-06-05,147,2024-07-08,True,
SH-76367,J-2024-02648,2024-06-04,17,2024-06-19,True,
SH-76368,J-2024-02650,2024-06-24,8,2024-07-16,True,
SH-76369,J-2024-02652,2024-06-04,11,2024-06-19,True,
SH-76370,J-2024-02654,2024-06-03,36,2024-06-05,True,
SH-76371,J-2024-02655,2024-06-11,93,2024-06-12,True,
SH-76372,J-2024-02657,2024-06-10,8,2024-06-13,True,
SH-76373,J-2024-02658,2024-06-07,8,2024-06-13,True,
SH-76374,J-2024-02659,2024-06-05,7,2024-08-29,True,
SH-76375,J-2024-02661,2024-05-31,2,2024-06-05,True,
SH-76376,J-2024-02662,2024-06-12,15,2024-06-19,True,
SH-76377,J-2024-02664,2024-06-10,3,2024-06-20,True,
SH-76378,J-2024-02666,2024-06-14,10,2024-06-26,True,
SH-76379,J-2024-02667,2024-06-13,41,2024-06-25,True,
SH-76380,J-2024-02668,2024-06-05,177,2024-06-06,True,
SH-76381,J-2024-02669,2024-06-05,23,2024-06-10,True,
SH-76382,J-2024-02670,2024-06-06,17,2024-06-14,True,
SH-76383,J-2024-02671,2024-06-10,48,2024-06-20,True,
SH-76384,J-2024-02673,2024-06-10,27,2024-06-13,True,
SH-76385,J-2024-02675,2024-06-06,13,2024-06-18,True,
SH-76386,J-2024-02677,2024-06-05,55,2024-06-20,True,
SH-76387,J-2024-02678,2024-06-05,7,2024-06-20,True,
SH-76388,J-2024-02680,2024-06-04,2,2024-06-06,True,
SH-76389,J-2024-02681,2024-06-05,39,2024-06-25,True,
SH-76390,J-2024-02683,2024-06-19,361,2024-06-14,False,capacity
SH-76391,J-2024-02684,2024-06-05,26,2024-06-17,True,
SH-76392,J-2024-02686,2024-06-10,113,2024-06-17,True,
SH-76393,J-2024-02688,2024-06-04,2,2024-06-13,True,
SH-76394,J-2024-02689,2024-06-07,4,2024-06-19,True,
SH-76395,J-2024-02691,2024-06-05,7,2024-06-14,True,
SH-76396,J-2024-02693,2024-06-04,16,2024-06-24,True,
SH-76397,J-2024-02695,2024-06-06,17,2024-06-18,True,
SH-76398,J-2024-02697,2024-06-06,228,2024-06-07,True,
SH-76399,J-2024-02699,2024-06-25,9,2024-06-27,True,
SH-76400,J-2024-02700,2024-06-12,16,2024-06-28,True,
SH-76401,J-2024-02702,2024-06-10,2,2024-06-21,True,
SH-76402,J-2024-02704,2024-06-04,14,2024-06-11,True,
SH-76403,J-2024-02706,2024-06-05,6,2024-06-19,True,
SH-76404,J-2024-02708,2024-06-05,17,2024-07-05,True,
SH-76405,J-2024-02709,2024-06-05,28,2024-06-11,True,
SH-76406,J-2024-02711,2024-06-24,74,2024-06-28,True,
SH-76407,J-2024-02713,2024-06-17,216,2024-06-28,True,
SH-76408,J-2024-02715,2024-06-06,24,2024-06-20,True,
SH-76409,J-2024-02716,2024-06-06,13,2024-06-14,True,
SH-76410,J-2024-02718,2024-06-04,3,2024-06-12,True,
SH-76411,J-2024-02720,2024-06-10,61,2024-06-20,True,
SH-76412,J-2024-02721,2024-06-11,181,2024-06-10,False,
SH-76413,J-2024-02723,2024-06-10,13,2024-06-17,True,
SH-76414,J-2024-02724,2024-06-17,23,2024-06-28,True,
SH-76415,J-2024-02726,2024-06-07,157,2024-06-24,True,
SH-76416,J-2024-02727,2024-06-06,36,2024-06-18,True,
SH-76417,J-2024-02728,2024-06-26,47,2024-06-25,False,
SH-76418,J-2024-02729,2024-06-17,18,2024-06-20,True,
SH-76419,J-2024-02730,2024-06-12,25,2024-06-19,True,
SH-76420,J-2024-02731,2024-06-07,35,2024-06-17,True,
SH-76421,J-2024-02733,2024-06-12,15,2024-07-01,True,
SH-76422,J-2024-02735,2024-06-11,8,2024-06-28,True,
SH-76423,J-2024-02737,2024-06-10,18,2024-07-08,True,
SH-76424,J-2024-02738,2024-06-10,11,2024-06-17,True,
SH-76425,J-2024-02739,2024-06-18,9,2024-06-25,True,
SH-76426,J-2024-02741,2024-06-10,74,2024-06-28,True,
SH-76427,J-2024-02742,2024-06-07,13,2024-06-17,True,
SH-76428,J-2024-02744,2024-06-20,7,2024-07-01,True,
SH-76429,J-2024-02746,2024-06-10,11,2024-06-21,True,
SH-76430,J-2024-02748,2024-06-14,53,2024-07-01,True,
SH-76431,J-2024-02750,2024-06-18,6,2024-06-26,True,
SH-76432,J-2024-02752,2024-06-12,83,2024-07-02,True,
SH-76433,J-2024-02754,2024-06-12,53,2024-06-19,True,
SH-76434,J-2024-02756,2024-06-19,8,2024-06-26,True,
SH-76435,J-2024-02757,2024-06-13,13,2024-06-14,True,
SH-76436,J-2024-02759,2024-06-06,17,2024-06-18,True,
SH-76437,J-2024-02761,2024-06-07,52,2024-06-07,True,
SH-76438,J-2024-02762,2024-06-11,41,2024-06-24,True,
SH-76439,J-2024-02764,2024-06-10,5,2024-07-03,True,
SH-76440,J-2024-02765,2024-06-10,44,2024-06-21,True,
SH-76441,J-2024-02767,2024-06-10,20,2024-06-18,True,
SH-76442,J-2024-02769,2024-06-10,144,2024-07-01,True,
SH-76443,J-2024-02770,2024-06-18,6,2024-07-02,True,
SH-76444,J-2024-02771,2024-06-12,235,2024-06-26,True,
SH-76445,J-2024-02773,2024-06-12,15,2024-06-20,True,
SH-76446,J-2024-02774,2024-06-12,22,2024-06-28,True,
SH-76447,J-2024-02776,2024-06-12,9,2024-07-01,True,
SH-76448,J-2024-02778,2024-06-17,6,2024-06-24,True,
SH-76449,J-2024-02780,2024-06-13,42,2024-06-18,True,
SH-76450,J-2024-02782,2024-06-12,13,2024-06-24,True,
SH-76451,J-2024-02784,2024-06-11,13,2024-06-19,True,
SH-76452,J-2024-02786,2024-06-20,21,2024-07-19,True,
SH-76453,J-2024-02788,2024-06-11,18,2024-06-13,True,
SH-76454,J-2024-02790,2024-06-12,10,2024-06-28,True,
SH-76455,J-2024-02791,2024-06-14,126,2024-07-03,True,
SH-76456,J-2024-02793,2024-06-07,11,2024-06-14,True,
SH-76457,J-2024-02795,2024-06-20,121,2024-07-03,True,
SH-76458,J-2024-02796,2024-06-18,17,2024-07-03,True,
SH-76459,J-2024-02798,2024-06-11,44,2024-06-11,True,
SH-76460,J-2024-02799,2024-06-11,23,2024-06-26,True,
SH-76461,J-2024-02800,2024-06-20,17,2024-06-19,False,material
SH-76462,J-2024-02801,2024-06-21,49,2024-07-10,True,
SH-76463,J-2024-02802,2024-06-21,46,2024-07-17,True,
SH-76464,J-2024-02804,2024-06-12,17,2024-06-19,True,
SH-76465,J-2024-02805,2024-07-16,23,2024-07-11,False,capacity
SH-76466,J-2024-02807,2024-06-07,13,2024-06-11,True,
SH-76467,J-2024-02809,2024-06-10,55,2024-06-11,True,
SH-76468,J-2024-02810,2024-06-10,17,2024-06-13,True,
SH-76469,J-2024-02812,2024-06-13,17,2024-06-12,False,
SH-76470,J-2024-02814,2024-06-20,47,2024-07-03,True,
SH-76471,J-2024-02816,2024-06-13,5,2024-06-12,False,
SH-76472,J-2024-02818,2024-06-13,108,2024-06-21,True,
SH-76473,J-2024-02820,2024-06-10,48,2024-06-12,True,
SH-76474,J-2024-02821,2024-06-19,25,2024-06-27,True,
SH-76475,J-2024-02823,2024-06-17,8,2024-06-20,True,
SH-76476,J-2024-02825,2024-06-12,51,2024-06-20,True,
SH-76477,J-2024-02827,2024-06-19,20,2024-06-28,True,
SH-76478,J-2024-02829,2024-07-10,278,2024-07-05,False,
SH-76479,J-2024-02831,2024-06-12,5,2024-06-20,True,
SH-76480,J-2024-02833,2024-06-25,75,2024-06-27,True,
SH-76481,J-2024-02835,2024-06-13,16,2024-07-03,True,
SH-76482,J-2024-02837,2024-06-12,31,2024-06-20,True,
SH-76483,J-2024-02838,2024-06-20,25,2024-07-05,True,
SH-76484,J-2024-02840,2024-06-17,91,2024-07-01,True,
SH-76485,J-2024-02842,2024-06-24,145,2024-07-05,True,
SH-76486,J-2024-02843,2024-06-14,44,2024-07-03,True,
SH-76487,J-2024-02844,2024-06-17,13,2024-06-24,True,
SH-76488,J-2024-02846,2024-06-11,10,2024-06-21,True,
SH-76489,J-2024-02847,2024-06-20,79,2024-07-05,True,
SH-76490,J-2024-02849,2024-06-24,6,2024-07-11,True,
SH-76491,J-2024-02851,2024-06-18,13,2024-06-24,True,
SH-76492,J-2024-02852,2024-06-12,8,2024-06-13,True,
SH-76493,J-2024-02854,2024-06-21,23,2024-06-21,True,
SH-76494,J-2024-02856,2024-06-13,78,2024-06-20,True,
SH-76495,J-2024-02858,2024-06-13,26,2024-07-05,True,
SH-76496,J-2024-02860,2024-06-21,260,2024-07-22,True,
SH-76497,J-2024-02862,2024-06-21,55,2024-06-25,True,
SH-76498,J-2024-02863,2024-06-27,63,2024-07-08,True,
SH-76499,J-2024-02864,2024-06-17,71,2024-06-26,True,
SH-76500,J-2024-02865,2024-06-14,137,2024-07-02,True,
SH-76501,J-2024-02867,2024-06-20,16,2024-07-01,True,
SH-76502,J-2024-02869,2024-07-03,7,2024-07-08,True,
SH-76503,J-2024-02871,2024-06-28,460,2024-07-01,True,
SH-76504,J-2024-02872,2024-06-18,13,2024-07-08,True,
SH-76505,J-2024-02874,2024-06-14,90,2024-07-15,True,
SH-76506,J-2024-02876,2024-07-15,35,2024-07-05,False,other
SH-76507,J-2024-02878,2024-06-14,200,2024-07-08,True,
SH-76508,J-2024-02879,2024-06-21,12,2024-07-08,True,
SH-76509,J-2024-02880,2024-06-17,12,2024-06-26,True,
SH-76510,J-2024-02881,2024-06-12,212,2024-06-17,True,
SH-76511,J-2024-02883,2024-06-17,26,2024-06-14,False,
SH-76512,J-2024-02885,2024-06-19,5,2024-07-01,True,
SH-76513,J-2024-02887,2024-06-18,31,2024-07-24,True,
SH-76514,J-2024-02888,2024-06-18,77,2024-06-28,True,
SH-76515,J-2024-02889,2024-06-17,28,2024-07-02,True,
SH-76516,J-2024-02890,2024-06-13,8,2024-06-19,True,
SH-76517,J-2024-02892,2024-06-26,20,2024-07-08,True,
SH-76518,J-2024-02893,2024-06-20,65,2024-07-09,True,
SH-76519,J-2024-02894,2024-07-11,6,2024-07-26,True,
SH-76520,J-2024-02895,2024-07-08,229,2024-07-24,True,
SH-76521,J-2024-02896,2024-06-20,23,2024-07-10,True,
SH-76522,J-2024-02898,2024-06-19,63,2024-07-01,True,
SH-76523,J-2024-02900,2024-06-20,27,2024-07-05,True,
SH-76524,J-2024-02901,2024-06-18,37,2024-06-27,True,
SH-76525,J-2024-02903,2024-06-17,5,2024-06-28,True,
SH-76526,J-2024-02904,2024-06-19,5,2024-06-21,True,
SH-76527,J-2024-02906,2024-06-13,16,2024-06-14,True,
SH-76528,J-2024-02907,2024-06-21,71,2024-06-28,True,
SH-76529,J-2024-02908,2024-06-18,35,2024-07-12,True,
SH-76530,J-2024-02910,2024-06-20,139,2024-06-24,True,
SH-76531,J-2024-02911,2024-06-20,14,2024-07-03,True,
SH-76532,J-2024-02913,2024-06-21,98,2024-07-29,True,
SH-76533,J-2024-02915,2024-06-20,24,2024-06-28,True,
SH-76534,J-2024-02916,2024-06-17,12,2024-06-25,True,
SH-76535,J-2024-02918,2024-06-27,27,2024-07-15,True,
SH-76536,J-2024-02919,2024-06-21,53,2024-07-01,True,
SH-76537,J-2024-02920,2024-06-26,171,2024-06-17,False,
SH-76538,J-2024-02921,2024-06-13,3,2024-06-26,True,
SH-76539,J-2024-02923,2024-06-21,137,2024-07-09,True,
SH-76540,J-2024-02924,2024-06-14,32,2024-06-21,True,
SH-76541,J-2024-02925,2024-06-14,97,2024-06-24,True,
SH-76542,J-2024-02926,2024-06-21,188,2024-07-09,True,
SH-76543,J-2024-02928,2024-06-27,49,2024-07-01,True,
SH-76544,J-2024-02930,2024-06-14,5,2024-06-24,True,
SH-76545,J-2024-02932,2024-06-18,6,2024-06-28,True,
SH-76546,J-2024-02933,2024-06-19,5,2024-06-28,True,
SH-76547,J-2024-02935,2024-06-18,6,2024-06-18,True,
SH-76548,J-2024-02937,2024-06-27,38,2024-07-12,True,
SH-76549,J-2024-02938,2024-06-26,87,2024-07-08,True,
SH-76550,J-2024-02940,2024-06-26,12,2024-07-10,True,
SH-76551,J-2024-02941,2024-06-17,9,2024-06-25,True,
SH-76552,J-2024-02943,2024-06-18,59,2024-07-03,True,
SH-76553,J-2024-02944,2024-06-20,41,2024-06-27,True,
SH-76554,J-2024-02945,2024-07-01,27,2024-06-28,False,capacity
SH-76555,J-2024-02947,2024-06-19,41,2024-06-25,True,
SH-76556,J-2024-02949,2024-06-20,5,2024-07-03,True,
SH-76557,J-2024-02951,2024-06-19,10,2024-06-25,True,
SH-76558,J-2024-02953,2024-06-26,1,2024-07-11,True,
SH-76559,J-2024-02955,2024-06-20,69,2024-07-02,True,
SH-76560,J-2024-02957,2024-06-28,7,2024-07-10,True,
SH-76561,J-2024-02958,2024-06-18,102,2024-07-01,True,
SH-76562,J-2024-02959,2024-06-18,37,2024-06-28,True,
SH-76563,J-2024-02960,2024-06-26,7,2024-07-10,True,
SH-76564,J-2024-02962,2024-06-14,15,2024-06-18,True,
SH-76565,J-2024-02964,2024-06-27,82,2024-07-10,True,
SH-76566,J-2024-02965,2024-06-17,10,2024-06-20,True,
SH-76567,J-2024-02966,2024-06-26,23,2024-07-10,True,
SH-76568,J-2024-02967,2024-06-26,19,2024-06-28,True,
SH-76569,J-2024-02969,2024-06-27,274,2024-07-08,True,
SH-76570,J-2024-02970,2024-06-27,78,2024-06-19,False,other
SH-76571,J-2024-02972,2024-06-18,23,2024-06-19,True,
SH-76572,J-2024-02973,2024-06-26,12,2024-07-11,True,
SH-76573,J-2024-02974,2024-06-26,74,2024-06-26,True,
SH-76574,J-2024-02976,2024-07-11,74,2024-07-11,True,
SH-76575,J-2024-02978,2024-06-20,16,2024-06-26,True,
SH-76576,J-2024-02979,2024-07-12,24,2024-07-11,False,other
SH-76577,J-2024-02980,2024-06-25,3,2024-07-01,True,
SH-76578,J-2024-02982,2024-06-18,20,2024-07-05,True,
SH-76579,J-2024-02984,2024-06-27,139,2024-07-11,True,
SH-76580,J-2024-02985,2024-06-18,16,2024-07-15,True,
SH-76581,J-2024-02987,2024-06-19,51,2024-06-19,True,
SH-76582,J-2024-02988,2024-06-25,96,2024-06-26,True,
SH-76583,J-2024-02989,2024-06-20,10,2024-07-03,True,
SH-76584,J-2024-02990,2024-06-26,7,2024-07-05,True,
SH-76585,J-2024-02991,2024-06-27,4,2024-07-02,True,
SH-76586,J-2024-02993,2024-06-28,64,2024-07-11,True,
SH-76587,J-2024-02995,2024-06-19,20,2024-06-19,True,
SH-76588,J-2024-02997,2024-06-21,41,2024-07-18,True,
SH-76589,J-2024-02998,2024-06-18,1,2024-06-21,True,
SH-76590,J-2024-03000,2024-06-28,27,2024-07-12,True,
SH-76591,J-2024-03002,2024-06-18,17,2024-06-21,True,
SH-76592,J-2024-03003,2024-06-20,48,2024-06-20,True,
SH-76593,J-2024-03004,2024-06-20,20,2024-06-27,True,
SH-76594,J-2024-03005,2024-06-27,47,2024-07-11,True,
SH-76595,J-2024-03007,2024-06-24,25,2024-06-24,True,
SH-76596,J-2024-03008,2024-06-20,11,2024-06-24,True,
SH-76597,J-2024-03010,2024-06-20,71,2024-06-24,True,
SH-76598,J-2024-03011,2024-06-26,189,2024-07-09,True,
SH-76599,J-2024-03012,2024-07-11,9,2024-08-01,True,
SH-76600,J-2024-03013,2024-06-27,20,2024-07-05,True,
SH-76601,J-2024-03015,2024-07-01,5,2024-07-08,True,
SH-76602,J-2024-03016,2024-06-26,47,2024-07-10,True,
SH-76603,J-2024-03018,2024-06-25,71,2024-07-05,True,
SH-76604,J-2024-03019,2024-06-26,23,2024-06-27,True,
SH-76605,J-2024-03021,2024-06-21,72,2024-07-02,True,
SH-76606,J-2024-03022,2024-06-27,10,2024-07-02,True,
SH-76607,J-2024-03023,2024-07-08,272,2024-07-03,False,capacity
SH-76608,J-2024-03024,2024-07-19,1,2024-07-12,False,capacity
SH-76609,J-2024-03026,2024-06-20,29,2024-07-10,True,
SH-76610,J-2024-03028,2024-06-20,53,2024-06-27,True,
SH-76611,J-2024-03030,2024-07-08,33,2024-07-08,True,
SH-76612,J-2024-03031,2024-06-26,215,2024-07-02,True,
SH-76613,J-2024-03032,2024-06-27,97,2024-07-09,True,
SH-76614,J-2024-03034,2024-06-27,14,2024-07-09,True,
SH-76615,J-2024-03035,2024-06-25,235,2024-06-28,True,
SH-76616,J-2024-03036,2024-06-27,71,2024-07-12,True,
SH-76617,J-2024-03038,2024-07-03,9,2024-07-15,True,
SH-76618,J-2024-03039,2024-06-27,22,2024-07-12,True,
SH-76619,J-2024-03041,2024-06-20,31,2024-06-24,True,
SH-76620,J-2024-03043,2024-06-26,120,2024-07-11,True,
SH-76621,J-2024-03044,2024-06-24,78,2024-06-21,False,capacity
SH-76622,J-2024-03046,2024-07-23,8,2024-07-15,False,other
SH-76623,J-2024-03048,2024-06-24,7,2024-06-28,True,
SH-76624,J-2024-03049,2024-06-27,3,2024-07-15,True,
SH-76625,J-2024-03051,2024-06-26,32,2024-07-08,True,
SH-76626,J-2024-03053,2024-06-27,23,2024-07-15,True,
SH-76627,J-2024-03054,2024-06-26,18,2024-07-11,True,
SH-76628,J-2024-03055,2024-06-25,32,2024-07-01,True,
SH-76629,J-2024-03057,2024-06-26,17,2024-06-25,False,material
SH-76630,J-2024-03059,2024-06-27,88,2024-07-10,True,
SH-76631,J-2024-03061,2024-06-26,39,2024-07-09,True,
SH-76632,J-2024-03063,2024-07-02,119,2024-07-16,True,
SH-76633,J-2024-03065,2024-07-09,21,2024-07-19,True,
SH-76634,J-2024-03066,2024-07-15,63,2024-07-16,True,
SH-76635,J-2024-03067,2024-07-10,4,2024-07-16,True,
SH-76636,J-2024-03069,2024-07-05,5,2024-07-01,False,other
SH-76637,J-2024-03070,2024-06-21,3,2024-06-25,True,
SH-76638,J-2024-03072,2024-07-23,33,2024-08-07,True,
SH-76639,J-2024-03074,2024-07-03,16,2024-07-11,True,
SH-76640,J-2024-03075,2024-06-20,11,2024-07-08,True,
SH-76641,J-2024-03076,2024-06-20,2,2024-06-21,True,
SH-76642,J-2024-03077,2024-07-05,34,2024-07-18,True,
SH-76643,J-2024-03078,2024-07-12,174,2024-07-16,True,
SH-76644,J-2024-03079,2024-07-03,129,2024-07-09,True,
SH-76645,J-2024-03080,2024-06-26,9,2024-07-08,True,
SH-76646,J-2024-03081,2024-06-25,39,2024-06-28,True,
SH-76647,J-2024-03083,2024-06-24,32,2024-07-02,True,
SH-76648,J-2024-03085,2024-07-10,17,2024-07-12,True,
SH-76649,J-2024-03087,2024-06-26,51,2024-07-09,True,
SH-76650,J-2024-03088,2024-06-19,40,2024-06-21,True,
SH-76651,J-2024-03090,2024-06-28,17,2024-07-17,True,
SH-76652,J-2024-03091,2024-07-16,56,2024-07-31,True,
SH-76653,J-2024-03093,2024-07-01,21,2024-07-02,True,
SH-76654,J-2024-03095,2024-06-26,8,2024-07-09,True,
SH-76655,J-2024-03096,2024-06-21,11,2024-06-21,True,
SH-76656,J-2024-03098,2024-06-27,164,2024-07-15,True,
SH-76657,J-2024-03099,2024-06-25,69,2024-07-01,True,
SH-76658,J-2024-03100,2024-06-28,66,2024-07-16,True,
SH-76659,J-2024-03102,2024-06-27,30,2024-07-25,True,
SH-76660,J-2024-03104,2024-07-03,45,2024-07-10,True,
SH-76661,J-2024-03106,2024-06-26,89,2024-07-10,True,
SH-76662,J-2024-03107,2024-07-02,142,2024-07-12,True,
SH-76663,J-2024-03108,2024-06-26,49,2024-07-10,True,
SH-76664,J-2024-03109,2024-06-26,37,2024-07-05,True,
SH-76665,J-2024-03110,2024-06-25,9,2024-06-26,True,
SH-76666,J-2024-03111,2024-07-12,225,2024-07-16,True,
SH-76667,J-2024-03112,2024-06-25,40,2024-07-02,True,
SH-76668,J-2024-03114,2024-07-09,11,2024-07-18,True,
SH-76669,J-2024-03115,2024-06-24,3,2024-06-24,True,
SH-76670,J-2024-03117,2024-07-10,15,2024-07-16,True,
SH-76671,J-2024-03118,2024-07-05,153,2024-07-22,True,
SH-76672,J-2024-03119,2024-07-01,23,2024-07-03,True,
SH-76673,J-2024-03121,2024-07-02,8,2024-07-22,True,
SH-76674,J-2024-03123,2024-07-10,77,2024-07-11,True,
SH-76675,J-2024-03124,2024-07-01,190,2024-07-05,True,
SH-76676,J-2024-03126,2024-06-28,11,2024-07-09,True,
SH-76677,J-2024-03128,2024-06-26,35,2024-07-11,True,
SH-76678,J-2024-03130,2024-07-16,63,2024-07-10,False,material
SH-76679,J-2024-03132,2024-07-12,275,2024-07-26,True,
SH-76680,J-2024-03134,2024-07-12,51,2024-07-08,False,
SH-76681,J-2024-03136,2024-07-12,58,2024-07-09,False,capacity
SH-76682,J-2024-03137,2024-07-09,58,2024-07-17,True,
SH-76683,J-2024-03139,2024-07-03,69,2024-07-12,True,
SH-76684,J-2024-03140,2024-07-05,31,2024-07-10,True,
SH-76685,J-2024-03141,2024-06-28,35,2024-07-03,True,
SH-76686,J-2024-03142,2024-06-26,3,2024-07-08,True,
SH-76687,J-2024-03143,2024-07-02,22,2024-07-17,True,
SH-76688,J-2024-03145,2024-06-25,59,2024-06-24,False,material
SH-76689,J-2024-03147,2024-06-25,45,2024-07-03,True,
SH-76690,J-2024-03148,2024-07-03,22,2024-07-09,True,
SH-76691,J-2024-03149,2024-06-28,21,2024-07-09,True,
SH-76692,J-2024-03150,2024-06-27,49,2024-07-03,True,
SH-76693,J-2024-03151,2024-06-21,106,2024-06-27,True,
SH-76694,J-2024-03152,2024-06-26,10,2024-07-05,True,
SH-76695,J-2024-03153,2024-07-15,21,2024-07-08,False,capacity
SH-76696,J-2024-03155,2024-07-03,27,2024-07-10,True,
SH-76697,J-2024-03157,2024-07-09,52,2024-07-18,True,
SH-76698,J-2024-03158,2024-07-16,17,2024-07-19,True,
SH-76699,J-2024-03159,2024-07-09,8,2024-07-18,True,
SH-76700,J-2024-03160,2024-07-05,15,2024-07-19,True,
SH-76701,J-2024-03162,2024-07-11,4,2024-07-15,True,
SH-76702,J-2024-03163,2024-07-31,138,2024-07-19,False,
SH-76703,J-2024-03164,2024-07-09,77,2024-07-19,True,
SH-76704,J-2024-03165,2024-07-16,120,2024-07-25,True,
SH-76705,J-2024-03166,2024-07-12,41,2024-07-05,False,
SH-76706,J-2024-03168,2024-07-01,15,2024-07-05,True,
SH-76707,J-2024-03169,2024-07-11,24,2024-07-19,True,
SH-76708,J-2024-03171,2024-07-02,129,2024-07-12,True,
SH-76709,J-2024-03173,2024-07-05,9,2024-07-19,True,
SH-76710,J-2024-03175,2024-07-16,2,2024-07-19,True,
SH-76711,J-2024-03177,2024-07-05,48,2024-07-19,True,
SH-76712,J-2024-03179,2024-07-05,9,2024-07-19,True,
SH-76713,J-2024-03180,2024-07-11,44,2024-07-23,True,
SH-76714,J-2024-03181,2024-07-05,8,2024-07-17,True,
SH-76715,J-2024-03183,2024-07-05,50,2024-07-16,True,
SH-76716,J-2024-03185,2024-06-26,30,2024-06-28,True,
SH-76717,J-2024-03186,2024-06-27,28,2024-07-08,True,
SH-76718,J-2024-03188,2024-06-27,27,2024-07-08,True,
SH-76719,J-2024-03190,2024-06-28,26,2024-07-02,True,
SH-76720,J-2024-03191,2024-06-25,13,2024-07-03,True,
SH-76721,J-2024-03192,2024-07-09,4,2024-07-22,True,
SH-76722,J-2024-03193,2024-07-02,66,2024-07-18,True,
SH-76723,J-2024-03194,2024-07-11,5,2024-07-23,True,
SH-76724,J-2024-03195,2024-08-01,500,2024-07-22,False,
SH-76725,J-2024-03196,2024-07-10,5,2024-07-12,True,
SH-76726,J-2024-03197,2024-07-03,3,2024-07-12,True,
SH-76727,J-2024-03199,2024-07-03,18,2024-07-17,True,
SH-76728,J-2024-03200,2024-06-28,7,2024-07-08,True,
SH-76729,J-2024-03201,2024-07-08,44,2024-07-22,True,
SH-76730,J-2024-03203,2024-07-01,20,2024-07-12,True,
SH-76731,J-2024-03205,2024-07-03,43,2024-07-12,True,
SH-76732,J-2024-03206,2024-06-27,28,2024-07-05,True,
SH-76733,J-2024-03207,2024-06-27,26,2024-07-08,True,
SH-76734,J-2024-03208,2024-07-05,2,2024-07-16,True,
SH-76735,J-2024-03210,2024-07-15,122,2024-07-29,True,
SH-76736,J-2024-03212,2024-07-05,136,2024-07-16,True,
SH-76737,J-2024-03213,2024-07-02,424,2024-07-05,True,
SH-76738,J-2024-03215,2024-07-15,97,2024-07-23,True,
SH-76739,J-2024-03216,2024-07-10,25,2024-07-19,True,
SH-76740,J-2024-03218,2024-07-16,62,2024-08-08,True,
SH-76741,J-2024-03220,2024-06-27,7,2024-07-19,True,
SH-76742,J-2024-03221,2024-07-05,22,2024-07-23,True,
SH-76743,J-2024-03223,2024-08-01,4,2024-08-07,True,
SH-76744,J-2024-03225,2024-07-12,15,2024-07-19,True,
SH-76745,J-2024-03227,2024-07-02,47,2024-07-15,True,
SH-76746,J-2024-03228,2024-07-02,12,2024-07-16,True,
SH-76747,J-2024-03230,2024-07-05,103,2024-07-16,True,
SH-76748,J-2024-03232,2024-07-03,1,2024-07-08,True,
SH-76749,J-2024-03234,2024-07-01,211,2024-07-01,True,
SH-76750,J-2024-03236,2024-07-08,6,2024-07-12,True,
SH-76751,J-2024-03238,2024-07-02,18,2024-07-02,True,
SH-76752,J-2024-03239,2024-07-16,31,2024-07-23,True,
SH-76753,J-2024-03241,2024-07-11,33,2024-07-16,True,
SH-76754,J-2024-03243,2024-07-03,144,2024-07-29,True,
SH-76755,J-2024-03245,2024-07-22,11,2024-07-23,True,
SH-76756,J-2024-03246,2024-07-10,6,2024-07-09,False,capacity
SH-76757,J-2024-03247,2024-06-27,16,2024-07-18,True,
SH-76758,J-2024-03249,2024-07-15,23,2024-07-25,True,
SH-76759,J-2024-03250,2024-07-11,53,2024-07-23,True,
SH-76760,J-2024-03251,2024-07-09,49,2024-07-26,True,
SH-76761,J-2024-03252,2024-07-11,4,2024-07-23,True,
SH-76762,J-2024-03254,2024-07-12,256,2024-07-16,True,
SH-76763,J-2024-03255,2024-07-10,29,2024-07-16,True,
SH-76764,J-2024-03256,2024-07-05,61,2024-07-18,True,
SH-76765,J-2024-03257,2024-07-02,48,2024-07-16,True,
SH-76766,J-2024-03258,2024-07-12,20,2024-07-15,True,
SH-76767,J-2024-03260,2024-07-09,17,2024-07-18,True,
SH-76768,J-2024-03261,2024-07-09,86,2024-07-09,True,
SH-76769,J-2024-03263,2024-07-01,31,2024-07-09,True,
SH-76770,J-2024-03264,2024-07-01,3,2024-07-03,True,
SH-76771,J-2024-03265,2024-07-16,4,2024-07-29,True,
SH-76772,J-2024-03267,2024-07-11,17,2024-07-17,True,
SH-76773,J-2024-03268,2024-07-17,20,2024-07-23,True,
SH-76774,J-2024-03269,2024-07-05,44,2024-07-18,True,
SH-76775,J-2024-03271,2024-07-08,33,2024-07-12,True,
SH-76776,J-2024-03273,2024-07-15,129,2024-08-13,True,
SH-76777,J-2024-03275,2024-07-02,8,2024-07-11,True,
SH-76778,J-2024-03277,2024-07-11,2,2024-07-03,False,capacity
SH-76779,J-2024-03279,2024-07-02,41,2024-07-12,True,
SH-76780,J-2024-03280,2024-07-12,4,2024-07-12,True,
SH-76781,J-2024-03282,2024-07-02,1,2024-07-12,True,
SH-76782,J-2024-03284,2024-07-15,39,2024-07-30,True,
SH-76783,J-2024-03286,2024-07-11,30,2024-07-29,True,
SH-76784,J-2024-03287,2024-07-03,8,2024-07-17,True,
SH-76785,J-2024-03288,2024-07-16,8,2024-07-25,True,
SH-76786,J-2024-03290,2024-07-11,16,2024-07-24,True,
SH-76787,J-2024-03291,2024-07-03,38,2024-07-05,True,
SH-76788,J-2024-03293,2024-07-03,24,2024-07-16,True,
SH-76789,J-2024-03295,2024-07-12,64,2024-07-24,True,
SH-76790,J-2024-03296,2024-07-01,37,2024-07-02,True,
SH-76791,J-2024-03297,2024-07-10,214,2024-07-22,True,
SH-76792,J-2024-03298,2024-07-17,5,2024-07-31,True,
SH-76793,J-2024-03299,2024-07-05,19,2024-07-11,True,
SH-76794,J-2024-03300,2024-07-17,26,2024-07-23,True,
SH-76795,J-2024-03302,2024-07-02,36,2024-07-12,True,
SH-76796,J-2024-03303,2024-07-09,8,2024-07-24,True,
SH-76797,J-2024-03304,2024-07-01,14,2024-07-11,True,
SH-76798,J-2024-03305,2024-07-16,5,2024-07-25,True,
SH-76799,J-2024-03306,2024-07-16,40,2024-08-06,True,
SH-76800,J-2024-03308,2024-07-08,56,2024-07-19,True,
SH-76801,J-2024-03309,2024-07-03,15,2024-07-16,True,
SH-76802,J-2024-03311,2024-07-10,112,2024-07-12,True,
SH-76803,J-2024-03312,2024-07-03,120,2024-07-12,True,
SH-76804,J-2024-03314,2024-07-10,35,2024-07-30,True,
SH-76805,J-2024-03315,2024-07-02,4,2024-07-05,True,
SH-76806,J-2024-03317,2024-07-02,18,2024-07-09,True,
SH-76807,J-2024-03318,2024-07-05,7,2024-07-24,True,
SH-76808,J-2024-03320,2024-07-05,6,2024-08-05,True,
SH-76809,J-2024-03322,2024-07-22,94,2024-07-19,False,
SH-76810,J-2024-03324,2024-07-05,5,2024-07-23,True,
SH-76811,J-2024-03325,2024-07-09,51,2024-07-11,True,
SH-76812,J-2024-03326,2024-07-29,27,2024-08-06,True,
SH-76813,J-2024-03327,2024-07-31,500,2024-07-26,False,outside processing
SH-76814,J-2024-03329,2024-07-12,1,2024-07-26,True,
SH-76815,J-2024-03330,2024-07-16,8,2024-08-12,True,
SH-76816,J-2024-03331,2024-07-16,23,2024-07-22,True,
SH-76817,J-2024-03333,2024-07-08,5,2024-07-17,True,
SH-76818,J-2024-03334,2024-07-10,10,2024-07-10,True,
SH-76819,J-2024-03336,2024-07-05,23,2024-07-17,True,
SH-76820,J-2024-03338,2024-07-10,5,2024-07-22,True,
SH-76821,J-2024-03340,2024-07-16,60,2024-07-29,True,
SH-76822,J-2024-03342,2024-07-18,45,2024-07-29,True,
SH-76823,J-2024-03344,2024-07-05,7,2024-07-23,True,
SH-76824,J-2024-03345,2024-07-08,332,2024-07-10,True,
SH-76825,J-2024-03346,2024-07-11,14,2024-07-18,True,
SH-76826,J-2024-03348,2024-07-16,49,2024-07-29,True,
SH-76827,J-2024-03350,2024-07-15,228,2024-08-01,True,
SH-76828,J-2024-03352,2024-07-12,38,2024-07-24,True,
SH-76829,J-2024-03353,2024-07-19,13,2024-07-29,True,
SH-76830,J-2024-03355,2024-07-16,9,2024-08-01,True,
SH-76831,J-2024-03356,2024-07-16,21,2024-08-13,True,
SH-76832,J-2024-03357,2024-07-11,113,2024-07-23,True,
SH-76833,J-2024-03359,2024-07-08,7,2024-07-16,True,
SH-76834,J-2024-03361,2024-07-11,24,2024-07-24,True,
SH-76835,J-2024-03362,2024-07-15,97,2024-07-31,True,
SH-76836,J-2024-03363,2024-07-11,12,2024-07-24,True,
SH-76837,J-2024-03365,2024-07-12,76,2024-07-17,True,
SH-76838,J-2024-03367,2024-07-09,7,2024-07-10,True,
SH-76839,J-2024-03369,2024-08-07,165,2024-07-30,False,capacity
SH-76840,J-2024-03370,2024-07-29,24,2024-07-23,False,other
SH-76841,J-2024-03372,2024-07-11,159,2024-07-16,True,
SH-76842,J-2024-03373,2024-07-08,48,2024-07-09,True,
SH-76843,J-2024-03375,2024-07-17,27,2024-07-30,True,
SH-76844,J-2024-03376,2024-07-29,83,2024-08-09,True,
SH-76845,J-2024-03378,2024-07-19,50,2024-07-30,True,
SH-76846,J-2024-03380,2024-07-10,62,2024-07-17,True,
SH-76847,J-2024-03381,2024-07-16,27,2024-07-16,True,
SH-76848,J-2024-03383,2024-07-09,7,2024-07-17,True,
SH-76849,J-2024-03384,2024-07-11,8,2024-07-29,True,
SH-76850,J-2024-03385,2024-07-19,3,2024-07-30,True,
SH-76851,J-2024-03386,2024-07-25,11,2024-07-30,True,
SH-76852,J-2024-03387,2024-07-19,7,2024-07-09,False,outside processing
SH-76853,J-2024-03389,2024-07-16,6,2024-07-12,False,
SH-76854,J-2024-03391,2024-07-12,37,2024-07-30,True,
SH-76855,J-2024-03393,2024-07-16,11,2024-08-06,True,
SH-76856,J-2024-03395,2024-07-12,26,2024-07-26,True,
SH-76857,J-2024-03396,2024-07-09,7,2024-07-24,True,
SH-76858,J-2024-03398,2024-07-09,10,2024-07-16,True,
SH-76859,J-2024-03400,2024-07-23,4,2024-08-15,True,
SH-76860,J-2024-03401,2024-07-19,14,2024-08-06,True,
SH-76861,J-2024-03402,2024-07-19,11,2024-07-29,True,
SH-76862,J-2024-03403,2024-07-16,60,2024-07-30,True,
SH-76863,J-2024-03405,2024-07-11,44,2024-07-23,True,
SH-76864,J-2024-03406,2024-07-16,22,2024-07-25,True,
SH-76865,J-2024-03408,2024-07-16,12,2024-07-17,True,
SH-76866,J-2024-03410,2024-07-19,9,2024-07-22,True,
SH-76867,J-2024-03411,2024-07-18,123,2024-07-31,True,
SH-76868,J-2024-03413,2024-07-30,20,2024-07-24,False,
SH-76869,J-2024-03415,2024-07-24,311,2024-07-09,False,
SH-76870,J-2024-03416,2024-07-11,10,2024-07-22,True,
SH-76871,J-2024-03418,2024-07-16,3,2024-07-25,True,
SH-76872,J-2024-03419,2024-07-26,107,2024-07-31,True,
SH-76873,J-2024-03420,2024-08-01,316,2024-08-09,True,
SH-76874,J-2024-03422,2024-07-18,16,2024-08-05,True,
SH-76875,J-2024-03423,2024-07-16,19,2024-07-29,True,
SH-76876,J-2024-03424,2024-07-24,17,2024-07-31,True,
SH-76877,J-2024-03425,2024-07-09,99,2024-07-17,True,
SH-76878,J-2024-03426,2024-07-18,23,2024-07-26,True,
SH-76879,J-2024-03428,2024-07-12,15,2024-07-29,True,
SH-76880,J-2024-03430,2024-07-11,51,2024-07-19,True,
SH-76881,J-2024-03431,2024-07-10,104,2024-07-11,True,
SH-76882,J-2024-03433,2024-07-09,5,2024-07-19,True,
SH-76883,J-2024-03434,2024-07-18,45,2024-07-30,True,
SH-76884,J-2024-03435,2024-08-07,3,2024-08-01,False,
SH-76885,J-2024-03436,2024-07-19,17,2024-08-12,True,
SH-76886,J-2024-03437,2024-07-15,5,2024-07-23,True,
SH-76887,J-2024-03439,2024-07-15,14,2024-07-25,True,
SH-76888,J-2024-03440,2024-07-18,35,2024-08-01,True,
SH-76889,J-2024-03441,2024-07-18,36,2024-08-01,True,
SH-76890,J-2024-03442,2024-07-11,10,2024-08-02,True,
SH-76891,J-2024-03444,2024-07-17,33,2024-07-25,True,
SH-76892,J-2024-03445,2024-07-08,15,2024-07-11,True,
SH-76893,J-2024-03446,2024-07-16,4,2024-07-25,True,
SH-76894,J-2024-03447,2024-07-10,6,2024-07-22,True,
SH-76895,J-2024-03449,2024-07-23,43,2024-07-25,True,
SH-76896,J-2024-03451,2024-07-11,32,2024-07-22,True,
SH-76897,J-2024-03452,2024-07-15,38,2024-07-19,True,
SH-76898,J-2024-03453,2024-07-23,31,2024-07-30,True,
SH-76899,J-2024-03454,2024-08-01,130,2024-07-26,False,capacity
SH-76900,J-2024-03456,2024-07-11,32,2024-08-14,True,
SH-76901,J-2024-03458,2024-07-16,64,2024-07-23,True,
SH-76902,J-2024-03459,2024-07-23,17,2024-07-26,True,
SH-76903,J-2024-03461,2024-07-18,10,2024-07-17,False,customer change
SH-76904,J-2024-03462,2024-07-15,175,2024-07-24,True,
SH-76905,J-2024-03463,2024-07-12,32,2024-07-16,True,
SH-76906,J-2024-03465,2024-07-29,6,2024-08-06,True,
SH-76907,J-2024-03467,2024-07-24,8,2024-07-23,False,capacity
SH-76908,J-2024-03469,2024-07-19,51,2024-08-21,True,
SH-76909,J-2024-03470,2024-07-22,64,2024-07-31,True,
SH-76910,J-2024-03472,2024-07-18,165,2024-08-01,True,
SH-76911,J-2024-03474,2024-08-02,96,2024-08-05,True,
SH-76912,J-2024-03476,2024-07-22,36,2024-08-05,True,
SH-76913,J-2024-03478,2024-07-22,39,2024-07-18,False,capacity
SH-76914,J-2024-03479,2024-07-15,113,2024-07-16,True,
SH-76915,J-2024-03480,2024-07-23,4,2024-07-26,True,
SH-76916,J-2024-03481,2024-08-05,6,2024-08-06,True,
SH-76917,J-2024-03482,2024-07-23,13,2024-08-05,True,
SH-76918,J-2024-03484,2024-07-11,7,2024-07-22,True,
SH-76919,J-2024-03485,2024-07-24,62,2024-07-19,False,
SH-76920,J-2024-03486,2024-08-01,500,2024-08-05,True,
SH-76921,J-2024-03487,2024-07-18,27,2024-08-02,True,
SH-76922,J-2024-03489,2024-07-25,39,2024-08-05,True,
SH-76923,J-2024-03490,2024-08-02,118,2024-08-21,True,
SH-76924,J-2024-03492,2024-07-24,4,2024-07-26,True,
SH-76925,J-2024-03493,2024-07-16,71,2024-07-12,False,capacity
SH-76926,J-2024-03495,2024-07-23,42,2024-09-05,True,
SH-76927,J-2024-03497,2024-07-19,8,2024-08-05,True,
SH-76928,J-2024-03499,2024-07-19,8,2024-08-12,True,
SH-76929,J-2024-03500,2024-07-18,8,2024-07-30,True,
SH-76930,J-2024-03501,2024-07-23,4,2024-08-08,True,
SH-76931,J-2024-03503,2024-07-18,30,2024-07-22,True,
SH-76932,J-2024-03504,2024-07-22,26,2024-07-18,False,other
SH-76933,J-2024-03505,2024-07-29,7,2024-07-31,True,
SH-76934,J-2024-03507,2024-07-18,22,2024-07-24,True,
SH-76935,J-2024-03509,2024-07-25,259,2024-08-06,True,
SH-76936,J-2024-03511,2024-07-30,7,2024-07-26,False,other
SH-76937,J-2024-03512,2024-07-18,65,2024-08-07,True,
SH-76938,J-2024-03513,2024-07-15,58,2024-07-19,True,
SH-76939,J-2024-03514,2024-07-22,105,2024-07-25,True,
SH-76940,J-2024-03516,2024-07-23,68,2024-07-24,True,
SH-76941,J-2024-03518,2024-07-15,21,2024-07-18,True,
SH-76942,J-2024-03520,2024-07-22,11,2024-07-17,False,capacity
SH-76943,J-2024-03522,2024-07-29,1,2024-08-07,True,
SH-76944,J-2024-03524,2024-07-22,62,2024-08-01,True,
SH-76945,J-2024-03525,2024-07-16,10,2024-07-26,True,
SH-76946,J-2024-03527,2024-07-19,55,2024-08-07,True,
SH-76947,J-2024-03528,2024-07-23,14,2024-08-13,True,
SH-76948,J-2024-03530,2024-07-24,154,2024-08-08,True,
SH-76949,J-2024-03532,2024-07-16,23,2024-07-30,True,
SH-76950,J-2024-03534,2024-07-16,6,2024-07-22,True,
SH-76951,J-2024-03535,2024-07-19,1,2024-07-31,True,
SH-76952,J-2024-03536,2024-07-17,6,2024-07-19,True,
SH-76953,J-2024-03537,2024-07-22,59,2024-07-19,False,customer change
SH-76954,J-2024-03539,2024-07-23,6,2024-08-08,True,
SH-76955,J-2024-03540,2024-07-22,44,2024-07-29,True,
SH-76956,J-2024-03541,2024-07-16,17,2024-08-06,True,
SH-76957,J-2024-03542,2024-07-29,5,2024-08-09,True,
SH-76958,J-2024-03543,2024-07-22,4,2024-07-26,True,
SH-76959,J-2024-03544,2024-07-31,3,2024-08-09,True,
SH-76960,J-2024-03545,2024-07-18,27,2024-07-26,True,
SH-76961,J-2024-03546,2024-07-18,8,2024-08-13,True,
SH-76962,J-2024-03547,2024-07-25,5,2024-08-09,True,
SH-76963,J-2024-03548,2024-07-18,15,2024-07-18,True,
SH-76964,J-2024-03550,2024-07-19,6,2024-08-14,True,
SH-76965,J-2024-03552,2024-07-18,115,2024-07-31,True,
SH-76966,J-2024-03554,2024-07-25,84,2024-08-02,True,
SH-76967,J-2024-03555,2024-07-26,20,2024-08-20,True,
SH-76968,J-2024-03557,2024-07-19,20,2024-08-19,True,
SH-76969,J-2024-03559,2024-07-31,4,2024-08-07,True,
SH-76970,J-2024-03561,2024-07-18,4,2024-08-01,True,
SH-76971,J-2024-03563,2024-07-22,15,2024-07-31,True,
SH-76972,J-2024-03564,2024-08-02,5,2024-08-12,True,
SH-76973,J-2024-03566,2024-07-19,57,2024-08-13,True,
SH-76974,J-2024-03567,2024-07-19,11,2024-07-30,True,
SH-76975,J-2024-03569,2024-07-22,6,2024-07-29,True,
SH-76976,J-2024-03570,2024-07-18,5,2024-08-02,True,
SH-76977,J-2024-03572,2024-07-23,16,2024-08-12,True,
SH-76978,J-2024-03573,2024-07-25,66,2024-07-30,True,
SH-76979,J-2024-03574,2024-08-02,146,2024-08-12,True,
SH-76980,J-2024-03575,2024-08-07,60,2024-08-23,True,
SH-76981,J-2024-03577,2024-08-01,39,2024-08-19,True,
SH-76982,J-2024-03579,2024-07-19,5,2024-08-02,True,
SH-76983,J-2024-03580,2024-07-22,16,2024-07-22,True,
SH-76984,J-2024-03581,2024-07-26,25,2024-08-13,True,
SH-76985,J-2024-03583,2024-07-22,77,2024-08-05,True,
SH-76986,J-2024-03584,2024-07-24,28,2024-07-31,True,
SH-76987,J-2024-03586,2024-08-01,100,2024-07-26,False,capacity
SH-76988,J-2024-03588,2024-07-31,147,2024-08-15,True,
SH-76989,J-2024-03589,2024-07-19,15,2024-08-21,True,
SH-76990,J-2024-03590,2024-07-26,86,2024-08-01,True,
SH-76991,J-2024-03592,2024-07-22,28,2024-07-22,True,
SH-76992,J-2024-03594,2024-07-31,28,2024-08-13,True,
SH-76993,J-2024-03595,2024-08-05,54,2024-08-16,True,
SH-76994,J-2024-03596,2024-07-29,29,2024-08-13,True,
SH-76995,J-2024-03597,2024-07-24,40,2024-07-25,True,
SH-76996,J-2024-03598,2024-07-19,52,2024-08-05,True,
SH-76997,J-2024-03599,2024-07-29,8,2024-08-06,True,
SH-76998,J-2024-03601,2024-07-25,36,2024-08-06,True,
SH-76999,J-2024-03602,2024-07-19,24,2024-07-30,True,
SH-77000,J-2024-03603,2024-07-31,56,2024-08-16,True,
SH-77001,J-2024-03605,2024-08-02,21,2024-08-14,True,
SH-77002,J-2024-03606,2024-07-29,9,2024-08-14,True,
SH-77003,J-2024-03608,2024-07-22,16,2024-07-23,True,
SH-77004,J-2024-03609,2024-07-24,91,2024-08-06,True,
SH-77005,J-2024-03611,2024-07-26,54,2024-08-12,True,
SH-77006,J-2024-03613,2024-07-26,32,2024-07-30,True,
SH-77007,J-2024-03615,2024-07-24,26,2024-08-13,True,
SH-77008,J-2024-03617,2024-07-29,7,2024-08-06,True,
SH-77009,J-2024-03619,2024-07-31,72,2024-08-07,True,
SH-77010,J-2024-03620,2024-07-25,45,2024-08-14,True,
SH-77011,J-2024-03622,2024-07-29,68,2024-07-31,True,
SH-77012,J-2024-03624,2024-08-01,7,2024-08-15,True,
SH-77013,J-2024-03626,2024-07-25,11,2024-07-26,True,
SH-77014,J-2024-03628,2024-07-29,20,2024-08-15,True,
SH-77015,J-2024-03629,2024-07-31,7,2024-08-16,True,
SH-77016,J-2024-03630,2024-07-31,20,2024-08-08,True,
SH-77017,J-2024-03632,2024-08-01,6,2024-08-12,True,
SH-77018,J-2024-03633,2024-07-23,6,2024-08-20,True,
SH-77019,J-2024-03634,2024-07-25,10,2024-08-14,True,
SH-77020,J-2024-03635,2024-07-22,14,2024-08-07,True,
SH-77021,J-2024-03636,2024-08-01,37,2024-08-12,True,
SH-77022,J-2024-03637,2024-07-31,5,2024-08-14,True,
SH-77023,J-2024-03639,2024-07-23,25,2024-07-29,True,
SH-77024,J-2024-03641,2024-07-24,63,2024-07-26,True,
SH-77025,J-2024-03643,2024-07-31,17,2024-08-02,True,
SH-77026,J-2024-03644,2024-08-16,104,2024-08-14,False,
SH-77027,J-2024-03646,2024-08-12,15,2024-09-12,True,
SH-77028,J-2024-03648,2024-07-31,22,2024-08-08,True,
SH-77029,J-2024-03649,2024-07-26,87,2024-07-26,True,
SH-77030,J-2024-03651,2024-08-05,20,2024-09-10,True,
SH-77031,J-2024-03653,2024-08-06,10,2024-08-19,True,
SH-77032,J-2024-03654,2024-07-25,29,2024-08-02,True,
SH-77033,J-2024-03656,2024-09-03,300,2024-08-19,False,capacity
SH-77034,J-2024-03658,2024-08-02,5,2024-08-08,True,
SH-77035,J-2024-03660,2024-08-02,104,2024-08-19,True,
SH-77036,J-2024-03661,2024-07-25,6,2024-08-06,True,
SH-77037,J-2024-03662,2024-08-08,48,2024-08-19,True,
SH-77038,J-2024-03663,2024-08-05,63,2024-08-22,True,
SH-77039,J-2024-03664,2024-07-25,16,2024-08-05,True,
SH-77040,J-2024-03666,2024-07-25,86,2024-08-07,True,
SH-77041,J-2024-03667,2024-07-31,39,2024-08-12,True,
SH-77042,J-2024-03669,2024-08-19,7,2024-08-22,True,
SH-77043,J-2024-03671,2024-07-29,25,2024-08-05,True,
SH-77044,J-2024-03672,2024-07-31,2,2024-07-31,True,
SH-77045,J-2024-03673,2024-07-29,11,2024-08-05,True,
SH-77046,J-2024-03674,2024-08-01,8,2024-08-12,True,
SH-77047,J-2024-03676,2024-08-07,3,2024-08-05,False,
SH-77048,J-2024-03678,2024-07-26,28,2024-08-06,True,
SH-77049,J-2024-03679,2024-08-07,58,2024-08-19,True,
SH-77050,J-2024-03680,2024-07-31,17,2024-08-09,True,
SH-77051,J-2024-03681,2024-07-31,9,2024-07-26,False,other
SH-77052,J-2024-03682,2024-08-08,7,2024-08-14,True,
SH-77053,J-2024-03684,2024-08-05,15,2024-08-19,True,
SH-77054,J-2024-03685,2024-07-31,99,2024-07-31,True,
SH-77055,J-2024-03687,2024-08-02,16,2024-08-20,True,
SH-77056,J-2024-03688,2024-08-07,8,2024-09-04,True,
SH-77057,J-2024-03689,2024-08-01,20,2024-08-12,True,
SH-77058,J-2024-03690,2024-07-26,22,2024-08-05,True,
SH-77059,J-2024-03691,2024-08-01,13,2024-08-16,True,
SH-77060,J-2024-03692,2024-07-31,10,2024-08-08,True,
SH-77061,J-2024-03694,2024-07-31,500,2024-08-06,True,
SH-77062,J-2024-03696,2024-08-13,79,2024-08-20,True,
SH-77063,J-2024-03697,2024-07-26,77,2024-08-14,True,
SH-77064,J-2024-03699,2024-07-31,3,2024-08-09,True,
SH-77065,J-2024-03701,2024-08-02,62,2024-08-27,True,
SH-77066,J-2024-03703,2024-07-31,13,2024-08-13,True,
SH-77067,J-2024-03705,2024-08-05,32,2024-08-20,True,
SH-77068,J-2024-03707,2024-07-29,32,2024-08-15,True,
SH-77069,J-2024-03709,2024-07-29,32,2024-08-06,True,
SH-77070,J-2024-03710,2024-07-31,11,2024-08-12,True,
SH-77071,J-2024-03711,2024-08-12,3,2024-08-21,True,
SH-77072,J-2024-03712,2024-08-05,12,2024-08-21,True,
SH-77073,J-2024-03713,2024-08-06,18,2024-08-15,True,
SH-77074,J-2024-03715,2024-08-02,19,2024-08-21,True,
SH-77075,J-2024-03716,2024-08-08,64,2024-08-20,True,
SH-77076,J-2024-03718,2024-07-31,100,2024-08-13,True,
SH-77077,J-2024-03720,2024-08-12,39,2024-08-08,False,material
SH-77078,J-2024-03722,2024-08-09,52,2024-08-21,True,
SH-77079,J-2024-03723,2024-08-05,89,2024-08-20,True,
SH-77080,J-2024-03725,2024-08-06,13,2024-08-21,True,
SH-77081,J-2024-03727,2024-08-06,157,2024-08-23,True,
SH-77082,J-2024-03728,2024-08-09,18,2024-08-22,True,
SH-77083,J-2024-03729,2024-08-12,172,2024-08-21,True,
SH-77084,J-2024-03730,2024-08-01,69,2024-08-16,True,
SH-77085,J-2024-03732,2024-07-29,35,2024-08-01,True,
SH-77086,J-2024-03733,2024-07-31,20,2024-08-07,True,
SH-77087,J-2024-03734,2024-07-31,187,2024-08-08,True,
SH-77088,J-2024-03735,2024-08-07,21,2024-09-05,True,
SH-77089,J-2024-03737,2024-08-14,49,2024-09-09,True,
SH-77090,J-2024-03738,2024-08-16,302,2024-08-05,False,
SH-77091,J-2024-03740,2024-08-02,5,2024-08-28,True,
SH-77092,J-2024-03742,2024-08-14,103,2024-08-12,False,
SH-77093,J-2024-03744,2024-08-08,3,2024-08-19,True,
SH-77094,J-2024-03746,2024-07-31,12,2024-08-08,True,
SH-77095,J-2024-03747,2024-08-07,58,2024-08-20,True,
SH-77096,J-2024-03748,2024-07-29,35,2024-08-19,True,
SH-77097,J-2024-03750,2024-07-31,71,2024-08-08,True,
SH-77098,J-2024-03751,2024-08-09,45,2024-08-23,True,
SH-77099,J-2024-03753,2024-08-07,7,2024-08-15,True,
SH-77100,J-2024-03754,2024-08-09,11,2024-08-08,False,
SH-77101,J-2024-03756,2024-08-05,29,2024-08-30,True,
SH-77102,J-2024-03757,2024-08-01,10,2024-08-05,True,
SH-77103,J-2024-03758,2024-08-07,22,2024-08-15,True,
SH-77104,J-2024-03760,2024-08-02,167,2024-08-02,True,
SH-77105,J-2024-03762,2024-08-20,15,2024-09-04,True,
SH-77106,J-2024-03764,2024-08-05,28,2024-08-23,True,
SH-77107,J-2024-03766,2024-08-05,7,2024-08-16,True,
SH-77108,J-2024-03768,2024-08-05,28,2024-08-21,True,
SH-77109,J-2024-03769,2024-08-09,46,2024-08-13,True,
SH-77110,J-2024-03771,2024-08-05,37,2024-08-23,True,
SH-77111,J-2024-03773,2024-08-05,10,2024-08-14,True,
SH-77112,J-2024-03775,2024-07-31,3,2024-08-01,True,
SH-77113,J-2024-03776,2024-08-26,37,2024-08-23,False,
SH-77114,J-2024-03778,2024-08-02,49,2024-08-07,True,
SH-77115,J-2024-03779,2024-07-31,5,2024-08-08,True,
SH-77116,J-2024-03780,2024-08-02,18,2024-08-22,True,
SH-77117,J-2024-03781,2024-08-08,12,2024-08-22,True,
SH-77118,J-2024-03782,2024-08-13,16,2024-08-20,True,
SH-77119,J-2024-03784,2024-08-06,71,2024-08-20,True,
SH-77120,J-2024-03786,2024-08-02,22,2024-08-14,True,
SH-77121,J-2024-03788,2024-08-09,5,2024-08-14,True,
SH-77122,J-2024-03790,2024-08-13,22,2024-08-26,True,
SH-77123,J-2024-03791,2024-08-12,17,2024-08-19,True,
SH-77124,J-2024-03792,2024-08-14,29,2024-09-09,True,
SH-77125,J-2024-03793,2024-08-14,59,2024-08-26,True,
SH-77126,J-2024-03794,2024-08-08,22,2024-08-26,True,
SH-77127,J-2024-03795,2024-08-08,16,2024-08-20,True,
SH-77128,J-2024-03797,2024-08-06,96,2024-08-27,True,
SH-77129,J-2024-03798,2024-08-05,3,2024-08-19,True,
SH-77130,J-2024-03799,2024-08-06,130,2024-08-02,False,capacity
SH-77131,J-2024-03800,2024-08-07,345,2024-08-12,True,
SH-77132,J-2024-03801,2024-08-06,27,2024-08-21,True,
SH-77133,J-2024-03803,2024-08-05,65,2024-08-29,True,
SH-77134,J-2024-03805,2024-08-05,16,2024-08-15,True,
SH-77135,J-2024-03806,2024-08-05,45,2024-08-12,True,
SH-77136,J-2024-03807,2024-08-07,43,2024-09-04,True,
SH-77137,J-2024-03808,2024-08-14,10,2024-08-22,True,
SH-77138,J-2024-03810,2024-08-19,2,2024-08-26,True,
SH-77139,J-2024-03812,2024-08-08,3,2024-08-19,True,
SH-77140,J-2024-03813,2024-08-05,8,2024-08-23,True,
SH-77141,J-2024-03814,2024-08-01,35,2024-08-19,True,
SH-77142,J-2024-03815,2024-08-02,180,2024-08-12,True,
SH-77143,J-2024-03817,2024-08-01,6,2024-08-05,True,
SH-77144,J-2024-03818,2024-08-06,16,2024-08-07,True,
SH-77145,J-2024-03819,2024-08-09,25,2024-08-23,True,
SH-77146,J-2024-03821,2024-08-09,8,2024-08-26,True,
SH-77147,J-2024-03822,2024-08-05,31,2024-09-10,True,
SH-77148,J-2024-03824,2024-08-07,15,2024-08-16,True,
SH-77149,J-2024-03826,2024-08-06,2,2024-08-08,True,
SH-77150,J-2024-03828,2024-08-05,63,2024-08-20,True,
SH-77151,J-2024-03830,2024-08-09,69,2024-08-19,True,
SH-77152,J-2024-03832,2024-08-09,4,2024-08-27,True,
SH-77153,J-2024-03833,2024-08-07,92,2024-08-16,True,
SH-77154,J-2024-03835,2024-08-05,18,2024-08-22,True,
SH-77155,J-2024-03837,2024-08-19,6,2024-08-28,True,
SH-77156,J-2024-03839,2024-08-16,87,2024-08-14,False,
SH-77157,J-2024-03841,2024-08-14,296,2024-09-13,True,
SH-77158,J-2024-03842,2024-08-02,29,2024-08-15,True,
SH-77159,J-2024-03844,2024-08-07,17,2024-08-22,True,
SH-77160,J-2024-03845,2024-08-05,15,2024-08-13,True,
SH-77161,J-2024-03846,2024-08-12,178,2024-08-13,True,
SH-77162,J-2024-03847,2024-08-09,241,2024-08-15,True,
SH-77163,J-2024-03848,2024-08-05,16,2024-09-05,True,
SH-77164,J-2024-03849,2024-08-05,18,2024-08-20,True,
SH-77165,J-2024-03850,2024-08-07,21,2024-08-08,True,
SH-77166,J-2024-03851,2024-08-05,182,2024-08-19,True,
SH-77167,J-2024-03852,2024-08-26,12,2024-08-28,True,
SH-77168,J-2024-03854,2024-08-06,15,2024-08-26,True,
SH-77169,J-2024-03856,2024-08-14,42,2024-09-04,True,
SH-77170,J-2024-03857,2024-08-13,192,2024-08-20,True,
SH-77171,J-2024-03859,2024-08-13,57,2024-08-20,True,
SH-77172,J-2024-03860,2024-08-20,99,2024-08-21,True,
SH-77173,J-2024-03862,2024-08-12,34,2024-08-30,True,
SH-77174,J-2024-03864,2024-08-09,15,2024-08-26,True,
SH-77175,J-2024-03865,2024-08-05,10,2024-08-26,True,
SH-77176,J-2024-03866,2024-08-06,21,2024-08-23,True,
SH-77177,J-2024-03867,2024-08-14,19,2024-08-28,True,
SH-77178,J-2024-03869,2024-08-12,79,2024-09-04,True,
SH-77179,J-2024-03871,2024-08-08,9,2024-08-14,True,
SH-77180,J-2024-03872,2024-08-02,12,2024-08-13,True,
SH-77181,J-2024-03873,2024-08-13,6,2024-08-20,True,
SH-77182,J-2024-03875,2024-08-14,91,2024-08-29,True,
SH-77183,J-2024-03877,2024-08-08,17,2024-08-07,False,customer change
SH-77184,J-2024-03879,2024-08-07,27,2024-08-19,True,
SH-77185,J-2024-03880,2024-08-14,43,2024-08-26,True,
SH-77186,J-2024-03881,2024-08-12,16,2024-08-15,True,
SH-77187,J-2024-03883,2024-08-23,2,2024-08-29,True,
SH-77188,J-2024-03885,2024-08-13,60,2024-08-26,True,
SH-77189,J-2024-03886,2024-08-13,265,2024-08-27,True,
SH-77190,J-2024-03888,2024-08-13,18,2024-09-03,True,
SH-77191,J-2024-03889,2024-08-16,35,2024-08-29,True,
SH-77192,J-2024-03891,2024-08-09,98,2024-08-15,True,
SH-77193,J-2024-03893,2024-08-14,4,2024-08-07,False,capacity
SH-77194,J-2024-03894,2024-08-13,21,2024-08-20,True,
SH-77195,J-2024-03896,2024-08-16,7,2024-08-30,True,
SH-77196,J-2024-03898,2024-08-23,27,2024-09-13,True,
SH-77197,J-2024-03900,2024-08-07,9,2024-08-22,True,
SH-77198,J-2024-03901,2024-08-16,122,2024-08-08,False,capacity
SH-77199,J-2024-03902,2024-08-12,9,2024-08-16,True,
SH-77200,J-2024-03904,2024-08-09,5,2024-08-26,True,
SH-77201,J-2024-03906,2024-08-12,20,2024-08-20,True,
SH-77202,J-2024-03907,2024-08-12,7,2024-08-23,True,
SH-77203,J-2024-03908,2024-08-16,13,2024-09-03,True,
SH-77204,J-2024-03910,2024-08-13,36,2024-08-20,True,
SH-77205,J-2024-03911,2024-08-20,15,2024-09-04,True,
SH-77206,J-2024-03912,2024-08-23,388,2024-08-26,True,
SH-77207,J-2024-03914,2024-08-09,3,2024-08-27,True,
SH-77208,J-2024-03915,2024-08-20,12,2024-08-29,True,
SH-77209,J-2024-03917,2024-08-20,145,2024-09-04,True,
SH-77210,J-2024-03918,2024-08-09,157,2024-08-12,True,
SH-77211,J-2024-03919,2024-08-09,16,2024-08-13,True,
SH-77212,J-2024-03921,2024-08-16,24,2024-09-12,True,
SH-77213,J-2024-03922,2024-08-08,70,2024-08-13,True,
SH-77214,J-2024-03923,2024-08-12,4,2024-08-22,True,
SH-77215,J-2024-03925,2024-08-14,175,2024-08-28,True,
SH-77216,J-2024-03927,2024-08-12,49,2024-08-22,True,
SH-77217,J-2024-03929,2024-08-12,131,2024-08-19,True,
SH-77218,J-2024-03930,2024-08-13,20,2024-08-27,True,
SH-77219,J-2024-03931,2024-08-15,16,2024-09-03,True,
SH-77220,J-2024-03932,2024-08-16,53,2024-08-21,True,
SH-77221,J-2024-03933,2024-08-20,10,2024-08-27,True,
SH-77222,J-2024-03934,2024-08-14,77,2024-08-28,True,
SH-77223,J-2024-03935,2024-08-27,35,2024-09-05,True,
SH-77224,J-2024-03936,2024-08-16,3,2024-09-05,True,
SH-77225,J-2024-03938,2024-08-13,24,2024-08-28,True,
SH-77226,J-2024-03940,2024-08-12,17,2024-08-19,True,
SH-77227,J-2024-03941,2024-08-27,20,2024-09-10,True,
SH-77228,J-2024-03943,2024-08-16,113,2024-08-27,True,
SH-77229,J-2024-03945,2024-08-09,35,2024-08-27,True,
SH-77230,J-2024-03947,2024-08-12,11,2024-08-20,True,
SH-77231,J-2024-03949,2024-08-12,39,2024-08-26,True,
SH-77232,J-2024-03951,2024-08-27,6,2024-09-10,True,
SH-77233,J-2024-03952,2024-08-09,17,2024-08-30,True,
SH-77234,J-2024-03953,2024-08-15,20,2024-09-05,True,
SH-77235,J-2024-03955,2024-08-14,39,2024-09-09,True,
SH-77236,J-2024-03957,2024-08-09,13,2024-08-14,True,
SH-77237,J-2024-03958,2024-08-30,15,2024-09-04,True,
SH-77238,J-2024-03960,2024-08-12,6,2024-08-27,True,
SH-77239,J-2024-03962,2024-08-19,161,2024-08-14,False,
SH-77240,J-2024-03963,2024-08-19,26,2024-09-04,True,
SH-77241,J-2024-03965,2024-08-14,75,2024-08-16,True,
SH-77242,J-2024-03966,2024-08-09,17,2024-08-20,True,
SH-77243,J-2024-03968,2024-08-13,82,2024-08-21,True,
SH-77244,J-2024-03969,2024-08-13,22,2024-08-26,True,
SH-77245,J-2024-03971,2024-08-19,71,2024-09-05,True,
SH-77246,J-2024-03972,2024-08-14,19,2024-09-03,True,
SH-77247,J-2024-03973,2024-08-15,21,2024-08-20,True,
SH-77248,J-2024-03974,2024-08-16,25,2024-08-21,True,
SH-77249,J-2024-03976,2024-08-13,84,2024-08-30,True,
SH-77250,J-2024-03978,2024-08-16,4,2024-09-03,True,
SH-77251,J-2024-03979,2024-08-27,54,2024-09-04,True,
SH-77252,J-2024-03981,2024-08-23,47,2024-09-30,True,
SH-77253,J-2024-03982,2024-08-14,55,2024-08-19,True,
SH-77254,J-2024-03984,2024-08-15,70,2024-09-09,True,
SH-77255,J-2024-03985,2024-08-16,2,2024-08-13,False,
SH-77256,J-2024-03986,2024-08-14,5,2024-09-03,True,
SH-77257,J-2024-03988,2024-08-29,143,2024-09-12,True,
SH-77258,J-2024-03990,2024-08-20,5,2024-09-04,True,
SH-77259,J-2024-03991,2024-08-16,44,2024-08-16,True,
SH-77260,J-2024-03993,2024-08-15,11,2024-08-26,True,
SH-77261,J-2024-03995,2024-08-14,61,2024-08-22,True,
SH-77262,J-2024-03997,2024-08-27,29,2024-09-06,True,
SH-77263,J-2024-03998,2024-08-13,10,2024-08-14,True,
SH-77264,J-2024-03999,2024-08-21,36,2024-09-18,True,
SH-77265,J-2024-04000,2024-08-16,4,2024-08-29,True,
SH-77266,J-2024-04002,2024-08-27,10,2024-09-03,True,
SH-77267,J-2024-04003,2024-08-26,37,2024-08-22,False,
SH-77268,J-2024-04004,2024-08-20,268,2024-08-20,True,
SH-77269,J-2024-04006,2024-08-14,16,2024-08-20,True,
SH-77270,J-2024-04008,2024-09-05,26,2024-09-06,True,
SH-77271,J-2024-04009,2024-08-15,72,2024-08-22,True,
SH-77272,J-2024-04010,2024-08-26,7,2024-09-03,True,
SH-77273,J-2024-04011,2024-08-22,182,2024-08-27,True,
SH-77274,J-2024-04012,2024-08-14,36,2024-08-28,True,
SH-77275,J-2024-04013,2024-08-26,13,2024-08-30,True,
SH-77276,J-2024-04015,2024-08-15,10,2024-09-11,True,
SH-77277,J-2024-04016,2024-08-15,22,2024-08-30,True,
SH-77278,J-2024-04018,2024-08-23,10,2024-08-30,True,
SH-77279,J-2024-04020,2024-08-21,81,2024-09-16,True,
SH-77280,J-2024-04021,2024-08-14,7,2024-08-26,True,
SH-77281,J-2024-04022,2024-08-16,23,2024-09-04,True,
SH-77282,J-2024-04024,2024-08-26,120,2024-09-03,True,
SH-77283,J-2024-04026,2024-08-15,72,2024-09-04,True,
SH-77284,J-2024-04028,2024-08-15,25,2024-09-03,True,
SH-77285,J-2024-04029,2024-08-23,17,2024-09-12,True,
SH-77286,J-2024-04030,2024-08-14,10,2024-08-26,True,
SH-77287,J-2024-04031,2024-08-19,5,2024-09-12,True,
SH-77288,J-2024-04033,2024-08-21,31,2024-09-12,True,
SH-77289,J-2024-04034,2024-08-19,35,2024-09-05,True,
SH-77290,J-2024-04036,2024-09-04,205,2024-09-19,True,
SH-77291,J-2024-04037,2024-08-23,26,2024-09-10,True,
SH-77292,J-2024-04039,2024-08-26,156,2024-09-10,True,
SH-77293,J-2024-04041,2024-08-21,104,2024-08-26,True,
SH-77294,J-2024-04043,2024-08-27,136,2024-09-12,True,
SH-77295,J-2024-04044,2024-08-16,40,2024-08-21,True,
SH-77296,J-2024-04046,2024-08-19,102,2024-09-11,True,
SH-77297,J-2024-04047,2024-08-30,9,2024-09-05,True,
SH-77298,J-2024-04049,2024-08-19,111,2024-08-20,True,
SH-77299,J-2024-04050,2024-08-15,15,2024-08-20,True,
SH-77300,J-2024-04051,2024-08-21,46,2024-08-29,True,
SH-77301,J-2024-04053,2024-08-20,7,2024-08-26,True,
SH-77302,J-2024-04054,2024-08-26,3,2024-09-10,True,
SH-77303,J-2024-04055,2024-08-21,89,2024-09-06,True,
SH-77304,J-2024-04057,2024-08-23,51,2024-09-18,True,
SH-77305,J-2024-04058,2024-08-26,46,2024-09-11,True,
SH-77306,J-2024-04060,2024-08-16,23,2024-09-11,True,
SH-77307,J-2024-04061,2024-08-27,54,2024-09-11,True,
SH-77308,J-2024-04062,2024-09-11,326,2024-09-12,True,
SH-77309,J-2024-04064,2024-08-22,36,2024-09-04,True,
SH-77310,J-2024-04066,2024-08-26,78,2024-09-11,True,
SH-77311,J-2024-04067,2024-08-20,4,2024-08-28,True,
SH-77312,J-2024-04069,2024-08-19,5,2024-09-03,True,
SH-77313,J-2024-04071,2024-09-11,11,2024-09-12,True,
SH-77314,J-2024-04073,2024-08-21,2,2024-09-09,True,
SH-77315,J-2024-04074,2024-08-20,74,2024-09-10,True,
SH-77316,J-2024-04076,2024-08-19,12,2024-08-29,True,
SH-77317,J-2024-04077,2024-09-10,447,2024-09-25,True,
SH-77318,J-2024-04079,2024-08-27,85,2024-09-16,True,
SH-77319,J-2024-04080,2024-08-21,21,2024-09-17,True,
SH-77320,J-2024-04082,2024-08-20,22,2024-09-04,True,
SH-77321,J-2024-04083,2024-08-21,159,2024-09-16,True,
SH-77322,J-2024-04084,2024-08-30,5,2024-09-16,True,
SH-77323,J-2024-04085,2024-08-19,37,2024-08-23,True,
SH-77324,J-2024-04086,2024-08-28,73,2024-09-06,True,
SH-77325,J-2024-04088,2024-08-26,6,2024-09-16,True,
SH-77326,J-2024-04090,2024-09-04,18,2024-09-13,True,
SH-77327,J-2024-04091,2024-09-09,2,2024-09-19,True,
SH-77328,J-2024-04092,2024-08-19,20,2024-09-09,True,
SH-77329,J-2024-04093,2024-08-22,3,2024-09-03,True,
SH-77330,J-2024-04094,2024-09-06,13,2024-09-13,True,
SH-77331,J-2024-04096,2024-08-21,54,2024-09-09,True,
SH-77332,J-2024-04097,2024-08-20,3,2024-08-29,True,
SH-77333,J-2024-04098,2024-08-27,19,2024-09-13,True,
SH-77334,J-2024-04099,2024-08-27,26,2024-09-20,True,
SH-77335,J-2024-04101,2024-08-26,3,2024-09-13,True,
SH-77336,J-2024-04102,2024-08-20,33,2024-08-26,True,
SH-77337,J-2024-04104,2024-08-30,28,2024-09-12,True,
SH-77338,J-2024-04105,2024-08-22,16,2024-09-03,True,
SH-77339,J-2024-04106,2024-08-30,20,2024-09-16,True,
SH-77340,J-2024-04107,2024-09-04,10,2024-09-06,True,
SH-77341,J-2024-04109,2024-08-29,111,2024-09-13,True,
SH-77342,J-2024-04110,2024-08-22,11,2024-08-26,True,
SH-77343,J-2024-04112,2024-08-28,84,2024-09-05,True,
SH-77344,J-2024-04114,2024-08-26,33,2024-08-28,True,
SH-77345,J-2024-04116,2024-09-06,19,2024-09-25,True,
SH-77346,J-2024-04117,2024-08-23,22,2024-09-03,True,
SH-77347,J-2024-04118,2024-08-28,28,2024-09-16,True,
SH-77348,J-2024-04120,2024-08-29,51,2024-09-16,True,
SH-77349,J-2024-04122,2024-09-06,11,2024-09-16,True,
SH-77350,J-2024-04124,2024-09-06,9,2024-09-05,False,capacity
SH-77351,J-2024-04125,2024-08-21,15,2024-09-03,True,
SH-77352,J-2024-04126,2024-08-26,87,2024-09-13,True,
SH-77353,J-2024-04128,2024-08-20,7,2024-08-26,True,
SH-77354,J-2024-04129,2024-08-23,10,2024-08-26,True,
SH-77355,J-2024-04131,2024-09-03,14,2024-10-09,True,
SH-77356,J-2024-04133,2024-08-22,2,2024-09-04,True,
SH-77357,J-2024-04135,2024-08-28,58,2024-09-09,True,
SH-77358,J-2024-04137,2024-08-30,16,2024-09-05,True,
SH-77359,J-2024-04138,2024-09-04,39,2024-08-23,False,other
SH-77360,J-2024-04139,2024-08-26,7,2024-09-06,True,
SH-77361,J-2024-04140,2024-08-26,19,2024-09-03,True,
SH-77362,J-2024-04141,2024-08-26,47,2024-09-09,True,
SH-77363,J-2024-04142,2024-08-23,102,2024-08-28,True,
SH-77364,J-2024-04144,2024-09-05,2,2024-08-29,False,capacity
SH-77365,J-2024-04145,2024-08-29,15,2024-09-10,True,
SH-77366,J-2024-04147,2024-09-09,7,2024-09-04,False,
SH-77367,J-2024-04149,2024-08-27,15,2024-08-26,False,material
SH-77368,J-2024-04151,2024-09-05,10,2024-09-04,False,
SH-77369,J-2024-04153,2024-09-13,464,2024-09-10,False,outside processing
SH-77370,J-2024-04155,2024-08-27,24,2024-09-12,True,
SH-77371,J-2024-04156,2024-09-06,12,2024-09-09,True,
SH-77372,J-2024-04157,2024-08-29,58,2024-09-09,True,
SH-77373,J-2024-04159,2024-08-27,150,2024-09-17,True,
SH-77374,J-2024-04161,2024-09-04,15,2024-08-30,False,
SH-77375,J-2024-04162,2024-08-26,8,2024-09-05,True,
SH-77376,J-2024-04164,2024-08-22,24,2024-09-03,True,
SH-77377,J-2024-04165,2024-08-28,10,2024-09-10,True,
SH-77378,J-2024-04167,2024-08-29,5,2024-09-12,True,
SH-77379,J-2024-04168,2024-08-28,47,2024-09-17,True,
SH-77380,J-2024-04170,2024-09-06,15,2024-09-23,True,
SH-77381,J-2024-04172,2024-08-22,28,2024-09-09,True,
SH-77382,J-2024-04173,2024-08-27,19,2024-09-19,True,
SH-77383,J-2024-04174,2024-08-26,5,2024-09-03,True,
SH-77384,J-2024-04176,2024-08-23,29,2024-08-27,True,
SH-77385,J-2024-04177,2024-09-12,500,2024-09-10,False,quality
SH-77386,J-2024-04178,2024-08-29,35,2024-09-10,True,
SH-77387,J-2024-04179,2024-08-29,19,2024-09-12,True,
SH-77388,J-2024-04181,2024-08-23,21,2024-09-05,True,
SH-77389,J-2024-04183,2024-09-10,13,2024-09-10,True,
SH-77390,J-2024-04184,2024-08-23,20,2024-08-26,True,
SH-77391,J-2024-04185,2024-08-26,6,2024-08-27,True,
SH-77392,J-2024-04186,2024-08-29,29,2024-09-06,True,
SH-77393,J-2024-04188,2024-08-27,10,2024-08-26,False,capacity
SH-77394,J-2024-04190,2024-09-11,16,2024-09-05,False,capacity
SH-77395,J-2024-04191,2024-09-05,4,2024-09-17,True,
SH-77396,J-2024-04193,2024-09-03,63,2024-09-24,True,
SH-77397,J-2024-04195,2024-09-05,14,2024-10-01,True,
SH-77398,J-2024-04197,2024-08-26,5,2024-09-06,True,
SH-77399,J-2024-04199,2024-09-12,13,2024-09-20,True,
SH-77400,J-2024-04200,2024-08-27,52,2024-09-05,True,
SH-77401,J-2024-04201,2024-08-28,14,2024-09-11,True,
SH-77402,J-2024-04203,2024-08-28,9,2024-08-28,True,
SH-77403,J-2024-04204,2024-09-09,7,2024-09-20,True,
SH-77404,J-2024-04205,2024-08-27,13,2024-09-05,True,
SH-77405,J-2024-04206,2024-08-28,17,2024-09-16,True,
SH-77406,J-2024-04208,2024-09-05,37,2024-09-19,True,
SH-77407,J-2024-04209,2024-09-16,500,2024-09-12,False,capacity
SH-77408,J-2024-04211,2024-08-27,37,2024-09-05,True,
SH-77409,J-2024-04212,2024-08-29,79,2024-09-30,True,
SH-77410,J-2024-04214,2024-08-27,40,2024-08-29,True,
SH-77411,J-2024-04215,2024-08-27,42,2024-09-06,True,
SH-77412,J-2024-04217,2024-08-28,33,2024-09-11,True,
SH-77413,J-2024-04218,2024-09-05,47,2024-09-10,True,
SH-77414,J-2024-04219,2024-08-28,16,2024-09-06,True,
SH-77415,J-2024-04220,2024-08-28,75,2024-09-17,True,
SH-77416,J-2024-04222,2024-08-28,5,2024-09-13,True,
SH-77417,J-2024-04224,2024-08-30,58,2024-09-18,True,
SH-77418,J-2024-04225,2024-09-11,20,2024-09-11,True,
SH-77419,J-2024-04226,2024-08-30,21,2024-09-12,True,
SH-77420,J-2024-04228,2024-09-18,1,2024-09-23,True,
SH-77421,J-2024-04229,2024-09-10,36,2024-09-18,True,
SH-77422,J-2024-04230,2024-09-23,19,2024-09-23,True,
SH-77423,J-2024-04231,2024-09-10,133,2024-09-03,False,capacity
SH-77424,J-2024-04232,2024-09-04,45,2024-10-10,True,
SH-77425,J-2024-04234,2024-08-28,35,2024-09-16,True,
SH-77426,J-2024-04235,2024-09-09,13,2024-09-23,True,
SH-77427,J-2024-04237,2024-09-13,172,2024-09-24,True,
SH-77428,J-2024-04238,2024-09-06,66,2024-09-23,True,
SH-77429,J-2024-04240,2024-08-28,5,2024-08-29,True,
SH-77430,J-2024-04241,2024-09-12,500,2024-09-13,True,
SH-77431,J-2024-04243,2024-09-12,8,2024-09-20,True,
SH-77432,J-2024-04244,2024-09-03,9,2024-09-16,True,
SH-77433,J-2024-04246,2024-09-09,152,2024-09-03,False,capacity
SH-77434,J-2024-04248,2024-09-13,7,2024-09-11,False,capacity
SH-77435,J-2024-04250,2024-09-13,29,2024-10-14,True,
SH-77436,J-2024-04252,2024-09-09,14,2024-09-17,True,
SH-77437,J-2024-04253,2024-08-30,23,2024-09-13,True,
SH-77438,J-2024-04255,2024-08-30,9,2024-09-17,True,
SH-77439,J-2024-04256,2024-09-05,23,2024-09-16,True,
SH-77440,J-2024-04258,2024-09-04,6,2024-09-13,True,
SH-77441,J-2024-04260,2024-09-03,10,2024-09-11,True,
SH-77442,J-2024-04262,2024-08-29,7,2024-09-04,True,
SH-77443,J-2024-04264,2024-09-23,15,2024-10-09,True,
SH-77444,J-2024-04265,2024-08-30,7,2024-09-23,True,
SH-77445,J-2024-04266,2024-09-04,18,2024-09-18,True,
SH-77446,J-2024-04267,2024-09-04,129,2024-09-25,True,
SH-77447,J-2024-04268,2024-09-03,64,2024-09-13,True,
SH-77448,J-2024-04270,2024-09-13,47,2024-10-11,True,
SH-77449,J-2024-04271,2024-09-06,37,2024-09-10,True,
SH-77450,J-2024-04273,2024-09-04,29,2024-09-12,True,
SH-77451,J-2024-04274,2024-09-12,282,2024-09-24,True,
SH-77452,J-2024-04276,2024-08-30,33,2024-09-11,True,
SH-77453,J-2024-04277,2024-09-04,8,2024-09-25,True,
SH-77454,J-2024-04279,2024-09-13,10,2024-09-24,True,
SH-77455,J-2024-04280,2024-09-05,5,2024-09-17,True,
SH-77456,J-2024-04281,2024-09-03,5,2024-09-12,True,
SH-77457,J-2024-04282,2024-09-05,11,2024-09-18,True,
SH-77458,J-2024-04284,2024-09-04,106,2024-09-10,True,
SH-77459,J-2024-04286,2024-09-05,10,2024-09-11,True,
SH-77460,J-2024-04287,2024-09-06,18,2024-09-17,True,
SH-77461,J-2024-04288,2024-09-05,4,2024-09-09,True,
SH-77462,J-2024-04290,2024-09-10,33,2024-09-24,True,
SH-77463,J-2024-04292,2024-09-04,485,2024-09-03,False,capacity
SH-77464,J-2024-04293,2024-09-23,45,2024-09-24,True,
SH-77465,J-2024-04294,2024-09-03,8,2024-09-10,True,
SH-77466,J-2024-04295,2024-09-03,31,2024-09-16,True,
SH-77467,J-2024-04296,2024-09-04,19,2024-09-16,True,
SH-77468,J-2024-04297,2024-09-04,75,2024-09-06,True,
SH-77469,J-2024-04299,2024-09-05,13,2024-09-17,True,
SH-77470,J-2024-04300,2024-09-05,46,2024-09-20,True,
SH-77471,J-2024-04302,2024-09-16,22,2024-09-18,True,
SH-77472,J-2024-04304,2024-09-04,107,2024-09-17,True,
SH-77473,J-2024-04305,2024-09-17,500,2024-09-30,True,
SH-77474,J-2024-04306,2024-09-04,4,2024-09-11,True,
SH-77475,J-2024-04307,2024-09-17,10,2024-09-20,True,
SH-77476,J-2024-04309,2024-09-05,4,2024-09-17,True,
SH-77477,J-2024-04310,2024-09-09,8,2024-10-02,True,
SH-77478,J-2024-04312,2024-09-18,45,2024-09-25,True,
SH-77479,J-2024-04313,2024-09-03,16,2024-09-17,True,
SH-77480,J-2024-04314,2024-09-05,13,2024-09-12,True,
SH-77481,J-2024-04315,2024-09-06,9,2024-09-24,True,
SH-77482,J-2024-04316,2024-09-13,196,2024-09-24,True,
SH-77483,J-2024-04318,2024-09-10,63,2024-09-30,True,
SH-77484,J-2024-04319,2024-09-13,63,2024-09-05,False,other
SH-77485,J-2024-04320,2024-09-13,98,2024-09-27,True,
SH-77486,J-2024-04322,2024-09-13,95,2024-09-13,True,
SH-77487,J-2024-04324,2024-08-30,8,2024-09-04,True,
SH-77488,J-2024-04326,2024-09-10,11,2024-09-05,False,other
SH-77489,J-2024-04327,2024-09-05,12,2024-09-12,True,
SH-77490,J-2024-04328,2024-09-13,15,2024-09-30,True,
SH-77491,J-2024-04329,2024-09-05,29,2024-09-11,True,
SH-77492,J-2024-04331,2024-09-19,134,2024-09-27,True,
SH-77493,J-2024-04333,2024-09-10,54,2024-09-23,True,
SH-77494,J-2024-04335,2024-09-06,38,2024-09-18,True,
SH-77495,J-2024-04336,2024-09-09,47,2024-09-23,True,
SH-77496,J-2024-04338,2024-09-06,87,2024-09-25,True,
SH-77497,J-2024-04340,2024-09-13,8,2024-09-25,True,
SH-77498,J-2024-04341,2024-09-18,55,2024-09-26,True,
SH-77499,J-2024-04342,2024-09-23,462,2024-09-19,False,capacity
SH-77500,J-2024-04343,2024-09-10,3,2024-09-06,False,
SH-77501,J-2024-04345,2024-09-05,46,2024-09-19,True,
SH-77502,J-2024-04347,2024-09-09,8,2024-09-17,True,
SH-77503,J-2024-04348,2024-09-09,39,2024-10-11,True,
SH-77504,J-2024-04349,2024-09-06,44,2024-09-18,True,
SH-77505,J-2024-04351,2024-09-26,122,2024-10-04,True,
SH-77506,J-2024-04352,2024-09-09,268,2024-09-17,True,
SH-77507,J-2024-04354,2024-09-10,3,2024-09-19,True,
SH-77508,J-2024-04355,2024-09-06,6,2024-09-13,True,
SH-77509,J-2024-04357,2024-09-18,92,2024-09-24,True,
SH-77510,J-2024-04359,2024-09-13,69,2024-09-09,False,other
SH-77511,J-2024-04360,2024-09-05,7,2024-09-16,True,
SH-77512,J-2024-04362,2024-09-04,26,2024-09-06,True,
SH-77513,J-2024-04363,2024-09-06,6,2024-09-18,True,
SH-77514,J-2024-04364,2024-09-18,93,2024-09-17,False,outside processing
SH-77515,J-2024-04365,2024-09-19,25,2024-09-27,True,
SH-77516,J-2024-04367,2024-09-09,85,2024-09-16,True,
SH-77517,J-2024-04369,2024-09-12,373,2024-09-19,True,
SH-77518,J-2024-04370,2024-09-25,411,2024-09-20,False,capacity
SH-77519,J-2024-04371,2024-09-05,24,2024-09-11,True,
SH-77520,J-2024-04372,2024-09-25,41,2024-09-16,False,capacity
SH-77521,J-2024-04373,2024-09-09,23,2024-09-19,True,
SH-77522,J-2024-04374,2024-10-04,3,2024-09-27,False,capacity
SH-77523,J-2024-04375,2024-09-27,245,2024-09-27,True,
SH-77524,J-2024-04376,2024-09-13,40,2024-09-27,True,
SH-77525,J-2024-04377,2024-09-18,4,2024-10-04,True,
SH-77526,J-2024-04379,2024-09-06,20,2024-09-13,True,
SH-77527,J-2024-04381,2024-09-09,112,2024-09-10,True,
SH-77528,J-2024-04383,2024-09-18,1,2024-09-24,True,
SH-77529,J-2024-04384,2024-09-16,123,2024-09-06,False,other
SH-77530,J-2024-04386,2024-09-19,20,2024-10-04,True,
SH-77531,J-2024-04387,2024-09-09,2,2024-09-20,True,
SH-77532,J-2024-04389,2024-09-20,7,2024-09-30,True,
SH-77533,J-2024-04391,2024-09-11,56,2024-09-11,True,
SH-77534,J-2024-04392,2024-09-19,219,2024-09-25,True,
SH-77535,J-2024-04394,2024-09-09,10,2024-10-17,True,
SH-77536,J-2024-04396,2024-09-27,5,2024-09-24,False,
SH-77537,J-2024-04398,2024-09-05,23,2024-09-11,True,
SH-77538,J-2024-04399,2024-09-05,6,2024-09-09,True,
SH-77539,J-2024-04401,2024-09-10,103,2024-09-18,True,
SH-77540,J-2024-04402,2024-09-30,355,2024-09-24,False,other
SH-77541,J-2024-04403,2024-09-19,156,2024-09-18,False,other
SH-77542,J-2024-04405,2024-09-24,46,2024-09-19,False,capacity
SH-77543,J-2024-04407,2024-09-12,6,2024-09-25,True,
SH-77544,J-2024-04409,2024-09-24,4,2024-09-30,True,
SH-77545,J-2024-04410,2024-09-06,6,2024-09-16,True,
SH-77546,J-2024-04412,2024-09-27,41,2024-09-30,True,
SH-77547,J-2024-04413,2024-09-12,6,2024-09-19,True,
SH-77548,J-2024-04414,2024-09-05,86,2024-09-19,True,
SH-77549,J-2024-04415,2024-09-10,145,2024-09-09,False,
SH-77550,J-2024-04417,2024-09-18,14,2024-09-26,True,
SH-77551,J-2024-04419,2024-09-11,11,2024-09-20,True,
SH-77552,J-2024-04420,2024-09-17,42,2024-09-20,True,
SH-77553,J-2024-04422,2024-09-26,8,2024-10-01,True,
SH-77554,J-2024-04424,2024-10-04,26,2024-10-01,False,
SH-77555,J-2024-04426,2024-09-16,78,2024-10-01,True,
SH-77556,J-2024-04428,2024-09-19,64,2024-09-17,False,
SH-77557,J-2024-04429,2024-09-10,63,2024-09-25,True,
SH-77558,J-2024-04431,2024-09-25,108,2024-09-30,True,
SH-77559,J-2024-04432,2024-09-10,139,2024-09-23,True,
SH-77560,J-2024-04433,2024-09-06,13,2024-09-17,True,
SH-77561,J-2024-04434,2024-09-19,38,2024-09-27,True,
SH-77562,J-2024-04436,2024-09-12,21,2024-09-20,True,
SH-77563,J-2024-04437,2024-10-03,36,2024-10-07,True,
SH-77564,J-2024-04439,2024-09-10,15,2024-09-11,True,
SH-77565,J-2024-04441,2024-09-18,13,2024-09-24,True,
SH-77566,J-2024-04442,2024-09-18,196,2024-09-24,True,
SH-77567,J-2024-04443,2024-09-24,156,2024-09-19,False,capacity
SH-77568,J-2024-04444,2024-09-10,14,2024-09-09,False,other
SH-77569,J-2024-04445,2024-09-13,12,2024-10-01,True,
SH-77570,J-2024-04447,2024-09-30,83,2024-10-14,True,
SH-77571,J-2024-04448,2024-09-20,32,2024-09-30,True,
SH-77572,J-2024-04449,2024-09-12,125,2024-09-19,True,
SH-77573,J-2024-04451,2024-09-12,80,2024-09-19,True,
SH-77574,J-2024-04452,2024-09-23,3,2024-10-02,True,
SH-77575,J-2024-04453,2024-09-20,23,2024-09-18,False,capacity
SH-77576,J-2024-04454,2024-09-16,13,2024-09-30,True,
SH-77577,J-2024-04456,2024-09-13,12,2024-10-04,True,
SH-77578,J-2024-04458,2024-09-23,60,2024-09-25,True,
SH-77579,J-2024-04459,2024-09-24,45,2024-10-02,True,
SH-77580,J-2024-04460,2024-09-27,27,2024-10-03,True,
SH-77581,J-2024-04461,2024-09-19,9,2024-09-18,False,capacity
SH-77582,J-2024-04463,2024-09-12,168,2024-09-20,True,
SH-77583,J-2024-04465,2024-09-16,47,2024-09-11,False,capacity
SH-77584,J-2024-04466,2024-09-18,264,2024-09-23,True,
SH-77585,J-2024-04468,2024-09-24,22,2024-09-18,False,
SH-77586,J-2024-04469,2024-09-30,18,2024-09-26,False,
SH-77587,J-2024-04470,2024-09-12,29,2024-09-19,True,
SH-77588,J-2024-04472,2024-10-01,25,2024-10-04,True,
SH-77589,J-2024-04473,2024-09-20,60,2024-09-23,True,
SH-77590,J-2024-04475,2024-09-17,221,2024-09-24,True,
SH-77591,J-2024-04477,2024-09-26,59,2024-10-03,True,
SH-77592,J-2024-04479,2024-09-24,109,2024-09-26,True,
SH-77593,J-2024-04481,2024-09-16,12,2024-09-19,True,
SH-77594,J-2024-04482,2024-09-13,52,2024-09-19,True,
SH-77595,J-2024-04483,2024-09-16,79,2024-09-19,True,
SH-77596,J-2024-04485,2024-09-23,6,2024-09-25,True,
SH-77597,J-2024-04487,2024-09-25,11,2024-10-02,True,
SH-77598,J-2024-04489,2024-09-16,8,2024-09-19,True,
SH-77599,J-2024-04491,2024-09-25,86,2024-10-03,True,
SH-77600,J-2024-04492,2024-09-23,23,2024-10-03,True,
SH-77601,J-2024-04493,2024-09-30,28,2024-10-14,True,
SH-77602,J-2024-04495,2024-10-02,5,2024-10-03,True,
SH-77603,J-2024-04497,2024-09-16,5,2024-09-19,True,
SH-77604,J-2024-04498,2024-10-01,68,2024-10-03,True,
SH-77605,J-2024-04500,2024-09-20,286,2024-09-20,True,
SH-77606,J-2024-04501,2024-09-16,3,2024-09-13,False,
SH-77607,J-2024-04503,2024-09-23,3,2024-10-01,True,
SH-77608,J-2024-04505,2024-09-19,51,2024-09-27,True,
SH-77609,J-2024-04507,2024-09-16,16,2024-09-25,True,
SH-77610,J-2024-04508,2024-09-17,172,2024-09-23,True,
SH-77611,J-2024-04509,2024-09-19,36,2024-09-26,True,
SH-77612,J-2024-04511,2024-10-04,9,2024-10-04,True,
SH-77613,J-2024-04513,2024-09-18,33,2024-10-01,True,
SH-77614,J-2024-04515,2024-09-23,7,2024-10-04,True,
SH-77615,J-2024-04517,2024-10-01,254,2024-10-09,True,
SH-77616,J-2024-04519,2024-09-23,17,2024-10-07,True,
SH-77617,J-2024-04520,2024-09-18,82,2024-09-24,True,
SH-77618,J-2024-04522,2024-10-14,88,2024-10-16,True,
SH-77619,J-2024-04523,2024-09-30,190,2024-09-24,False,
SH-77620,J-2024-04525,2024-09-25,19,2024-10-17,True,
SH-77621,J-2024-04526,2024-09-26,39,2024-10-07,True,
SH-77622,J-2024-04527,2024-09-30,8,2024-10-04,True,
SH-77623,J-2024-04529,2024-09-24,218,2024-09-13,False,quality
SH-77624,J-2024-04531,2024-09-16,24,2024-09-18,True,
SH-77625,J-2024-04532,2024-10-03,25,2024-10-16,True,
SH-77626,J-2024-04534,2024-09-27,3,2024-10-09,True,
SH-77627,J-2024-04536,2024-09-18,12,2024-09-18,True,
SH-77628,J-2024-04538,2024-10-01,28,2024-09-30,False,capacity
SH-77629,J-2024-04540,2024-09-23,69,2024-09-18,False,capacity
SH-77630,J-2024-04541,2024-09-24,15,2024-09-30,True,
SH-77631,J-2024-04542,2024-10-04,22,2024-10-14,True,
SH-77632,J-2024-04543,2024-09-27,14,2024-09-26,False,outside processing
SH-77633,J-2024-04545,2024-09-13,52,2024-09-13,True,
SH-77634,J-2024-04547,2024-09-13,5,2024-09-16,True,
SH-77635,J-2024-04548,2024-09-20,18,2024-10-09,True,
SH-77636,J-2024-04550,2024-09-25,13,2024-10-07,True,
SH-77637,J-2024-04552,2024-09-23,14,2024-09-20,False,
SH-77638,J-2024-04554,2024-09-16,10,2024-09-18,True,
SH-77639,J-2024-04556,2024-09-25,75,2024-09-24,False,
SH-77640,J-2024-04558,2024-10-02,98,2024-10-09,True,
SH-77641,J-2024-04560,2024-10-02,85,2024-10-07,True,
SH-77642,J-2024-04562,2024-09-30,46,2024-10-17,True,
SH-77643,J-2024-04563,2024-09-12,222,2024-09-23,True,
SH-77644,J-2024-04565,2024-09-13,8,2024-09-16,True,
SH-77645,J-2024-04567,2024-09-13,86,2024-09-18,True,
SH-77646,J-2024-04568,2024-10-03,13,2024-10-09,True,
SH-77647,J-2024-04569,2024-09-24,116,2024-09-24,True,
SH-77648,J-2024-04571,2024-10-03,78,2024-10-04,True,
SH-77649,J-2024-04573,2024-09-18,4,2024-09-24,True,
SH-77650,J-2024-04575,2024-09-25,27,2024-10-08,True,
SH-77651,J-2024-04576,2024-10-01,11,2024-10-10,True,
SH-77652,J-2024-04577,2024-09-13,24,2024-09-19,True,
SH-77653,J-2024-04579,2024-09-13,41,2024-09-18,True,
SH-77654,J-2024-04581,2024-10-07,44,2024-10-08,True,
SH-77655,J-2024-04582,2024-09-23,23,2024-10-01,True,
SH-77656,J-2024-04584,2024-09-19,27,2024-10-04,True,
SH-77657,J-2024-04585,2024-10-01,33,2024-10-02,True,
SH-77658,J-2024-04587,2024-10-01,10,2024-10-08,True,
SH-77659,J-2024-04588,2024-09-26,8,2024-10-07,True,
SH-77660,J-2024-04589,2024-09-18,25,2024-09-26,True,
SH-77661,J-2024-04590,2024-09-16,24,2024-09-18,True,
SH-77662,J-2024-04591,2024-09-23,10,2024-09-30,True,
SH-77663,J-2024-04593,2024-09-25,22,2024-10-09,True,
SH-77664,J-2024-04595,2024-10-08,5,2024-10-09,True,
SH-77665,J-2024-04596,2024-09-25,85,2024-09-27,True,
SH-77666,J-2024-04598,2024-10-01,85,2024-10-04,True,
SH-77667,J-2024-04599,2024-10-08,10,2024-10-11,True,
SH-77668,J-2024-04600,2024-09-18,26,2024-09-17,False,
SH-77669,J-2024-04602,2024-09-18,10,2024-09-25,True,
SH-77670,J-2024-04604,2024-09-30,70,2024-10-10,True,
SH-77671,J-2024-04605,2024-09-26,6,2024-10-02,True,
SH-77672,J-2024-04607,2024-10-01,130,2024-11-04,True,
SH-77673,J-2024-04608,2024-09-25,1,2024-10-09,True,
SH-77674,J-2024-04610,2024-09-18,12,2024-09-19,True,
SH-77675,J-2024-04612,2024-09-23,12,2024-09-23,True,
SH-77676,J-2024-04614,2024-09-23,9,2024-09-30,True,
SH-77677,J-2024-04616,2024-09-25,4,2024-09-24,False,material
SH-77678,J-2024-04618,2024-10-04,3,2024-10-10,True,
SH-77679,J-2024-04620,2024-10-03,56,2024-10-10,True,
SH-77680,J-2024-04622,2024-10-08,18,2024-10-14,True,
SH-77681,J-2024-04624,2024-10-04,47,2024-10-10,True,
SH-77682,J-2024-04626,2024-09-25,25,2024-10-02,True,
SH-77683,J-2024-04628,2024-10-03,32,2024-10-09,True,
SH-77684,J-2024-04629,2024-09-26,26,2024-10-03,True,
SH-77685,J-2024-04630,2024-09-23,251,2024-09-20,False,capacity
SH-77686,J-2024-04631,2024-09-27,36,2024-09-30,True,
SH-77687,J-2024-04632,2024-10-04,1,2024-10-17,True,
SH-77688,J-2024-04634,2024-09-18,38,2024-09-30,True,
SH-77689,J-2024-04635,2024-09-24,115,2024-09-30,True,
SH-77690,J-2024-04637,2024-10-03,67,2024-09-26,False,capacity
SH-77691,J-2024-04639,2024-09-27,6,2024-10-04,True,
SH-77692,J-2024-04640,2024-09-24,4,2024-09-30,True,
SH-77693,J-2024-04642,2024-09-24,2,2024-10-01,True,
SH-77694,J-2024-04644,2024-09-20,17,2024-09-20,True,
SH-77695,J-2024-04646,2024-10-01,57,2024-10-04,True,
SH-77696,J-2024-04647,2024-09-25,8,2024-10-04,True,
SH-77697,J-2024-04649,2024-09-20,1,2024-09-25,True,
SH-77698,J-2024-04651,2024-10-01,2,2024-10-04,True,
SH-77699,J-2024-04652,2024-09-25,18,2024-10-18,True,
SH-77700,J-2024-04654,2024-09-20,29,2024-09-24,True,
SH-77701,J-2024-04655,2024-09-26,16,2024-10-18,True,
SH-77702,J-2024-04657,2024-09-20,5,2024-09-25,True,
SH-77703,J-2024-04658,2024-10-04,34,2024-10-07,True,
SH-77704,J-2024-04659,2024-10-01,5,2024-10-09,True,
SH-77705,J-2024-04661,2024-10-02,34,2024-10-10,True,
SH-77706,J-2024-04662,2024-09-19,30,2024-10-04,True,
SH-77707,J-2024-04663,2024-09-24,1,2024-10-01,True,
SH-77708,J-2024-04664,2024-10-02,29,2024-10-04,True,
SH-77709,J-2024-04666,2024-10-02,9,2024-10-07,True,
SH-77710,J-2024-04668,2024-09-25,19,2024-10-02,True,
SH-77711,J-2024-04670,2024-10-02,260,2024-10-07,True,
SH-77712,J-2024-04671,2024-10-01,22,2024-10-07,True,
SH-77713,J-2024-04672,2024-09-30,16,2024-10-14,True,
SH-77714,J-2024-04674,2024-10-02,22,2024-10-11,True,
SH-77715,J-2024-04676,2024-09-25,80,2024-10-14,True,
SH-77716,J-2024-04677,2024-09-23,10,2024-10-02,True,
SH-77717,J-2024-04679,2024-10-14,28,2024-10-22,True,
SH-77718,J-2024-04680,2024-10-01,8,2024-10-10,True,
SH-77719,J-2024-04681,2024-09-23,34,2024-09-24,True,
SH-77720,J-2024-04683,2024-10-10,18,2024-10-23,True,
SH-77721,J-2024-04684,2024-10-04,34,2024-10-14,True,
SH-77722,J-2024-04686,2024-10-04,47,2024-10-14,True,
SH-77723,J-2024-04688,2024-09-18,8,2024-09-20,True,
SH-77724,J-2024-04689,2024-10-08,82,2024-10-14,True,
SH-77725,J-2024-04690,2024-09-30,26,2024-10-08,True,
SH-77726,J-2024-04692,2024-10-04,8,2024-10-14,True,
SH-77727,J-2024-04694,2024-10-09,25,2024-10-15,True,
SH-77728,J-2024-04695,2024-09-26,63,2024-10-02,True,
SH-77729,J-2024-04697,2024-09-27,20,2024-10-03,True,
SH-77730,J-2024-04699,2024-10-01,38,2024-10-03,True,
SH-77731,J-2024-04700,2024-09-30,17,2024-10-07,True,
SH-77732,J-2024-04701,2024-09-25,172,2024-10-03,True,
SH-77733,J-2024-04703,2024-10-03,46,2024-10-14,True,
SH-77734,J-2024-04705,2024-10-07,20,2024-10-15,True,
SH-77735,J-2024-04707,2024-10-03,1,2024-10-18,True,
SH-77736,J-2024-04709,2024-10-04,111,2024-10-15,True,
SH-77737,J-2024-04711,2024-09-27,82,2024-10-03,True,
SH-77738,J-2024-04713,2024-09-25,35,2024-10-09,True,
SH-77739,J-2024-04715,2024-09-24,201,2024-09-26,True,
SH-77740,J-2024-04716,2024-10-01,21,2024-10-15,True,
SH-77741,J-2024-04718,2024-10-14,2,2024-10-15,True,
SH-77742,J-2024-04720,2024-09-26,10,2024-10-14,True,
SH-77743,J-2024-04721,2024-10-01,8,2024-10-29,True,
SH-77744,J-2024-04722,2024-10-07,145,2024-10-01,False,material
SH-77745,J-2024-04723,2024-09-30,142,2024-10-15,True,
SH-77746,J-2024-04724,2024-09-26,7,2024-10-08,True,
SH-77747,J-2024-04726,2024-09-26,39,2024-10-02,True,
SH-77748,J-2024-04727,2024-09-25,47,2024-10-02,True,
SH-77749,J-2024-04729,2024-10-04,4,2024-10-21,True,
SH-77750,J-2024-04730,2024-09-27,23,2024-10-03,True,
SH-77751,J-2024-04732,2024-10-01,89,2024-10-07,True,
SH-77752,J-2024-04734,2024-09-25,107,2024-10-01,True,
SH-77753,J-2024-04735,2024-09-25,16,2024-10-04,True,
SH-77754,J-2024-04736,2024-10-09,13,2024-10-22,True,
SH-77755,J-2024-04737,2024-10-04,427,2024-10-11,True,
SH-77756,J-2024-04738,2024-10-10,75,2024-10-23,True,
SH-77757,J-2024-04739,2024-10-09,95,2024-10-16,True,
SH-77758,J-2024-04741,2024-10-01,18,2024-10-02,True,
SH-77759,J-2024-04742,2024-10-17,153,2024-10-16,False,quality
SH-77760,J-2024-04743,2024-10-07,70,2024-10-16,True,
SH-77761,J-2024-04744,2024-10-10,11,2024-10-08,False,
SH-77762,J-2024-04745,2024-09-27,56,2024-10-02,True,
SH-77763,J-2024-04747,2024-09-30,33,2024-10-03,True,
SH-77764,J-2024-04748,2024-10-09,33,2024-10-23,True,
SH-77765,J-2024-04749,2024-10-04,38,2024-10-14,True,
SH-77766,J-2024-04750,2024-10-07,13,2024-10-22,True,
SH-77767,J-2024-04752,2024-10-09,76,2024-10-24,True,
SH-77768,J-2024-04754,2024-09-24,52,2024-09-30,True,
SH-77769,J-2024-04756,2024-10-04,31,2024-10-09,True,
SH-77770,J-2024-04757,2024-09-26,11,2024-10-10,True,
SH-77771,J-2024-04759,2024-09-24,14,2024-09-25,True,
SH-77772,J-2024-04760,2024-10-04,16,2024-10-09,True,
SH-77773,J-2024-04762,2024-10-11,5,2024-10-17,True,
SH-77774,J-2024-04764,2024-09-25,78,2024-10-21,True,
SH-77775,J-2024-04766,2024-10-08,120,2024-10-23,True,
SH-77776,J-2024-04768,2024-10-08,9,2024-10-15,True,
SH-77777,J-2024-04770,2024-09-30,20,2024-10-10,True,
SH-77778,J-2024-04772,2024-09-27,62,2024-10-07,True,
SH-77779,J-2024-04773,2024-10-04,5,2024-10-09,True,
SH-77780,J-2024-04775,2024-09-25,16,2024-09-30,True,
SH-77781,J-2024-04777,2024-10-08,69,2024-10-15,True,
SH-77782,J-2024-04779,2024-10-10,12,2024-10-28,True,
SH-77783,J-2024-04780,2024-10-10,11,2024-10-18,True,
SH-77784,J-2024-04781,2024-10-03,65,2024-10-17,True,
SH-77785,J-2024-04782,2024-10-07,30,2024-10-14,True,
SH-77786,J-2024-04784,2024-10-10,24,2024-10-23,True,
SH-77787,J-2024-04786,2024-10-15,47,2024-10-18,True,
SH-77788,J-2024-04787,2024-10-08,19,2024-10-21,True,
SH-77789,J-2024-04789,2024-10-08,4,2024-10-24,True,
SH-77790,J-2024-04791,2024-10-07,116,2024-10-16,True,
SH-77791,J-2024-04793,2024-10-15,7,2024-10-23,True,
SH-77792,J-2024-04794,2024-10-01,23,2024-09-30,False,material
SH-77793,J-2024-04795,2024-10-03,1,2024-10-15,True,
SH-77794,J-2024-04796,2024-10-07,56,2024-10-18,True,
SH-77795,J-2024-04798,2024-09-27,13,2024-10-07,True,
SH-77796,J-2024-04800,2024-10-07,7,2024-10-29,True,
SH-77797,J-2024-04802,2024-09-30,28,2024-10-03,True,
SH-77798,J-2024-04804,2024-10-10,101,2024-10-21,True,
SH-77799,J-2024-04806,2024-10-03,59,2024-10-08,True,
SH-77800,J-2024-04807,2024-10-03,33,2024-10-14,True,
SH-77801,J-2024-04808,2024-10-01,36,2024-10-14,True,
SH-77802,J-2024-04809,2024-10-07,98,2024-10-15,True,
SH-77803,J-2024-04810,2024-10-10,22,2024-10-16,True,
SH-77804,J-2024-04811,2024-09-30,54,2024-09-27,False,
SH-77805,J-2024-04812,2024-10-03,135,2024-10-14,True,
SH-77806,J-2024-04813,2024-10-08,5,2024-10-18,True,
SH-77807,J-2024-04814,2024-10-10,42,2024-10-29,True,
SH-77808,J-2024-04816,2024-10-03,470,2024-10-01,False,
SH-77809,J-2024-04817,2024-10-01,38,2024-10-07,True,
SH-77810,J-2024-04819,2024-10-03,37,2024-10-09,True,
SH-77811,J-2024-04821,2024-10-02,53,2024-10-14,True,
SH-77812,J-2024-04822,2024-09-25,30,2024-10-01,True,
SH-77813,J-2024-04823,2024-10-10,7,2024-10-24,True,
SH-77814,J-2024-04824,2024-09-30,36,2024-10-07,True,
SH-77815,J-2024-04826,2024-10-07,20,2024-10-09,True,
SH-77816,J-2024-04828,2024-10-01,31,2024-09-30,False,capacity
SH-77817,J-2024-04830,2024-10-01,16,2024-10-07,True,
SH-77818,J-2024-04832,2024-10-08,10,2024-10-23,True,
SH-77819,J-2024-04833,2024-10-07,68,2024-10-14,True,
SH-77820,J-2024-04835,2024-10-07,4,2024-10-16,True,
SH-77821,J-2024-04836,2024-10-02,97,2024-10-07,True,
SH-77822,J-2024-04837,2024-10-16,289,2024-10-09,False,material
SH-77823,J-2024-04839,2024-10-07,20,2024-10-18,True,
SH-77824,J-2024-04841,2024-10-10,21,2024-10-25,True,
SH-77825,J-2024-04843,2024-10-01,40,2024-10-03,True,
SH-77826,J-2024-04844,2024-09-27,96,2024-10-07,True,
SH-77827,J-2024-04846,2024-10-10,61,2024-10-17,True,
SH-77828,J-2024-04847,2024-10-04,21,2024-10-14,True,
SH-77829,J-2024-04848,2024-10-07,37,2024-10-22,True,
SH-77830,J-2024-04850,2024-10-16,20,2024-10-21,True,
SH-77831,J-2024-04852,2024-10-24,178,2024-10-21,False,capacity
SH-77832,J-2024-04854,2024-09-27,10,2024-09-30,True,
SH-77833,J-2024-04856,2024-09-27,63,2024-09-27,True,
SH-77834,J-2024-04857,2024-10-09,27,2024-10-21,True,
SH-77835,J-2024-04858,2024-10-04,79,2024-10-14,True,
SH-77836,J-2024-04859,2024-10-16,18,2024-10-22,True,
SH-77837,J-2024-04861,2024-10-08,13,2024-10-15,True,
SH-77838,J-2024-04862,2024-10-03,15,2024-10-08,True,
SH-77839,J-2024-04864,2024-10-21,30,2024-10-22,True,
SH-77840,J-2024-04865,2024-10-01,10,2024-10-09,True,
SH-77841,J-2024-04866,2024-10-07,124,2024-10-16,True,
SH-77842,J-2024-04867,2024-10-07,301,2024-11-04,True,
SH-77843,J-2024-04868,2024-10-10,19,2024-10-23,True,
SH-77844,J-2024-04870,2024-10-07,63,2024-10-14,True,
SH-77845,J-2024-04872,2024-10-09,42,2024-10-21,True,
SH-77846,J-2024-04874,2024-10-15,67,2024-10-25,True,
SH-77847,J-2024-04876,2024-10-03,11,2024-10-09,True,
SH-77848,J-2024-04878,2024-10-14,107,2024-11-01,True,
SH-77849,J-2024-04880,2024-10-03,245,2024-10-08,True,
SH-77850,J-2024-04881,2024-10-09,9,2024-10-18,True,
SH-77851,J-2024-04882,2024-10-17,4,2024-10-30,True,
SH-77852,J-2024-04883,2024-10-08,37,2024-10-15,True,
SH-77853,J-2024-04885,2024-10-03,17,2024-10-08,True,
SH-77854,J-2024-04886,2024-10-03,69,2024-10-08,True,
SH-77855,J-2024-04888,2024-10-08,26,2024-10-10,True,
SH-77856,J-2024-04889,2024-10-15,94,2024-10-30,True,
SH-77857,J-2024-04891,2024-10-04,173,2024-10-10,True,
SH-77858,J-2024-04893,2024-10-03,6,2024-10-08,True,
SH-77859,J-2024-04895,2024-10-10,91,2024-10-10,True,
SH-77860,J-2024-04897,2024-10-18,22,2024-10-29,True,
SH-77861,J-2024-04898,2024-10-09,13,2024-10-28,True,
SH-77862,J-2024-04900,2024-10-01,16,2024-10-09,True,
SH-77863,J-2024-04902,2024-10-08,241,2024-10-09,True,
SH-77864,J-2024-04903,2024-10-07,23,2024-10-16,True,
SH-77865,J-2024-04905,2024-10-10,83,2024-10-09,False,capacity
SH-77866,J-2024-04906,2024-09-30,2,2024-10-04,True,
SH-77867,J-2024-04907,2024-10-02,220,2024-10-07,True,
SH-77868,J-2024-04908,2024-10-07,23,2024-10-16,True,
SH-77869,J-2024-04909,2024-10-10,11,2024-10-18,True,
SH-77870,J-2024-04911,2024-10-07,41,2024-10-16,True,
SH-77871,J-2024-04913,2024-10-17,305,2024-10-04,False,capacity
SH-77872,J-2024-04915,2024-10-04,19,2024-10-10,True,
SH-77873,J-2024-04917,2024-10-16,12,2024-10-23,True,
SH-77874,J-2024-04919,2024-10-09,29,2024-10-16,True,
SH-77875,J-2024-04920,2024-10-07,43,2024-10-10,True,
SH-77876,J-2024-04922,2024-10-04,37,2024-11-07,True,
SH-77877,J-2024-04923,2024-10-01,39,2024-10-08,True,
SH-77878,J-2024-04924,2024-10-16,11,2024-10-23,True,
SH-77879,J-2024-04925,2024-10-16,78,2024-10-14,False,capacity
SH-77880,J-2024-04926,2024-10-11,17,2024-10-24,True,
SH-77881,J-2024-04927,2024-10-08,32,2024-10-23,True,
SH-77882,J-2024-04928,2024-10-02,3,2024-10-04,True,
SH-77883,J-2024-04930,2024-10-08,57,2024-10-10,True,
SH-77884,J-2024-04931,2024-10-04,23,2024-10-14,True,
SH-77885,J-2024-04933,2024-10-15,19,2024-10-10,False,
SH-77886,J-2024-04934,2024-10-07,26,2024-10-10,True,
SH-77887,J-2024-04935,2024-10-18,13,2024-10-24,True,
SH-77888,J-2024-04937,2024-10-07,20,2024-10-16,True,
SH-77889,J-2024-04938,2024-10-09,94,2024-10-15,True,
SH-77890,J-2024-04940,2024-10-07,30,2024-10-14,True,
SH-77891,J-2024-04941,2024-10-15,51,2024-10-24,True,
SH-77892,J-2024-04943,2024-10-24,23,2024-11-06,True,
SH-77893,J-2024-04944,2024-10-02,28,2024-10-08,True,
SH-77894,J-2024-04945,2024-10-17,117,2024-10-25,True,
SH-77895,J-2024-04947,2024-10-10,23,2024-10-24,True,
SH-77896,J-2024-04949,2024-10-10,13,2024-10-22,True,
SH-77897,J-2024-04950,2024-10-09,26,2024-10-11,True,
SH-77898,J-2024-04951,2024-10-10,15,2024-11-07,True,
SH-77899,J-2024-04953,2024-10-28,330,2024-11-11,True,
SH-77900,J-2024-04954,2024-10-08,19,2024-10-23,True,
SH-77901,J-2024-04955,2024-10-10,49,2024-10-25,True,
SH-77902,J-2024-04956,2024-10-09,10,2024-10-11,True,
SH-77903,J-2024-04958,2024-10-09,36,2024-10-21,True,
SH-77904,J-2024-04960,2024-10-07,4,2024-10-16,True,
SH-77905,J-2024-04961,2024-10-03,19,2024-10-08,True,
SH-77906,J-2024-04962,2024-10-09,13,2024-10-16,True,
SH-77907,J-2024-04964,2024-10-11,6,2024-10-21,True,
SH-77908,J-2024-04966,2024-10-15,64,2024-10-28,True,
SH-77909,J-2024-04968,2024-10-07,23,2024-10-16,True,
SH-77910,J-2024-04969,2024-10-08,55,2024-10-15,True,
SH-77911,J-2024-04970,2024-10-09,20,2024-10-08,False,
SH-77912,J-2024-04971,2024-10-11,14,2024-10-10,False,
SH-77913,J-2024-04972,2024-10-16,129,2024-10-07,False,outside processing
SH-77914,J-2024-04973,2024-10-08,4,2024-10-10,True,
SH-77915,J-2024-04974,2024-10-10,13,2024-10-18,True,
SH-77916,J-2024-04975,2024-10-16,111,2024-10-28,True,
SH-77917,J-2024-04976,2024-10-03,11,2024-10-09,True,
SH-77918,J-2024-04978,2024-10-08,9,2024-10-17,True,
SH-77919,J-2024-04979,2024-10-04,20,2024-10-07,True,
SH-77920,J-2024-04980,2024-10-14,204,2024-10-28,True,
SH-77921,J-2024-04982,2024-10-11,13,2024-10-08,False,capacity
SH-77922,J-2024-04984,2024-10-09,4,2024-10-21,True,
SH-77923,J-2024-04985,2024-10-04,16,2024-10-15,True,
SH-77924,J-2024-04986,2024-10-04,3,2024-10-08,True,
SH-77925,J-2024-04988,2024-10-04,5,2024-10-14,True,
SH-77926,J-2024-04990,2024-10-15,2,2024-11-04,True,
SH-77927,J-2024-04992,2024-10-09,63,2024-10-21,True,
SH-77928,J-2024-04993,2024-10-08,37,2024-10-28,True,
SH-77929,J-2024-04995,2024-10-04,46,2024-10-07,True,
SH-77930,J-2024-04997,2024-10-07,53,2024-10-14,True,
SH-77931,J-2024-04999,2024-10-09,7,2024-10-29,True,
SH-77932,J-2024-05001,2024-10-10,35,2024-10-24,True,
SH-77933,J-2024-05003,2024-10-11,119,2024-10-28,True,
SH-77934,J-2024-05004,2024-10-10,10,2024-10-18,True,
SH-77935,J-2024-05006,2024-10-16,12,2024-10-16,True,
SH-77936,J-2024-05008,2024-10-10,83,2024-10-25,True,
SH-77937,J-2024-05010,2024-10-08,18,2024-10-16,True,
SH-77938,J-2024-05011,2024-10-21,10,2024-10-29,True,
SH-77939,J-2024-05013,2024-10-29,4,2024-11-01,True,
SH-77940,J-2024-05014,2024-10-03,9,2024-10-10,True,
SH-77941,J-2024-05016,2024-10-23,276,2024-11-04,True,
SH-77942,J-2024-05018,2024-10-11,20,2024-10-08,False,capacity
SH-77943,J-2024-05019,2024-10-10,28,2024-10-15,True,
SH-77944,J-2024-05020,2024-10-04,17,2024-10-07,True,
SH-77945,J-2024-05022,2024-10-07,3,2024-10-15,True,
SH-77946,J-2024-05024,2024-10-24,13,2024-10-30,True,
SH-77947,J-2024-05026,2024-10-08,16,2024-10-22,True,
SH-77948,J-2024-05027,2024-10-17,58,2024-10-23,True,
SH-77949,J-2024-05029,2024-10-04,31,2024-10-30,True,
SH-77950,J-2024-05030,2024-10-25,19,2024-11-01,True,
SH-77951,J-2024-05032,2024-10-04,31,2024-10-09,True,
SH-77952,J-2024-05034,2024-10-11,16,2024-10-10,False,other
SH-77953,J-2024-05035,2024-10-17,2,2024-10-25,True,
SH-77954,J-2024-05037,2024-10-17,9,2024-10-21,True,
SH-77955,J-2024-05039,2024-10-25,54,2024-10-16,False,
SH-77956,J-2024-05041,2024-10-17,7,2024-10-30,True,
SH-77957,J-2024-05042,2024-10-08,23,2024-10-24,True,
SH-77958,J-2024-05043,2024-10-25,219,2024-10-30,True,
SH-77959,J-2024-05044,2024-10-22,62,2024-10-29,True,
SH-77960,J-2024-05045,2024-10-21,12,2024-10-29,True,
SH-77961,J-2024-05046,2024-10-16,4,2024-10-23,True,
SH-77962,J-2024-05047,2024-10-10,24,2024-10-15,True,
SH-77963,J-2024-05049,2024-10-15,3,2024-10-30,True,
SH-77964,J-2024-05051,2024-10-09,102,2024-10-16,True,
SH-77965,J-2024-05053,2024-10-21,14,2024-10-17,False,
SH-77966,J-2024-05055,2024-10-18,72,2024-10-30,True,
SH-77967,J-2024-05056,2024-10-08,14,2024-10-18,True,
SH-77968,J-2024-05057,2024-10-24,237,2024-10-30,True,
SH-77969,J-2024-05058,2024-10-09,3,2024-10-14,True,
SH-77970,J-2024-05059,2024-10-10,24,2024-11-05,True,
SH-77971,J-2024-05060,2024-10-18,5,2024-11-18,True,
SH-77972,J-2024-05061,2024-10-25,44,2024-10-31,True,
SH-77973,J-2024-05063,2024-10-09,134,2024-10-21,True,
SH-77974,J-2024-05065,2024-10-30,25,2024-11-12,True,
SH-77975,J-2024-05066,2024-10-09,12,2024-10-14,True,
SH-77976,J-2024-05067,2024-10-09,37,2024-10-24,True,
SH-77977,J-2024-05069,2024-10-11,41,2024-10-21,True,
SH-77978,J-2024-05070,2024-10-18,336,2024-10-22,True,
SH-77979,J-2024-05072,2024-10-10,9,2024-10-23,True,
SH-77980,J-2024-05073,2024-10-11,38,2024-10-21,True,
SH-77981,J-2024-05075,2024-10-08,77,2024-10-10,True,
SH-77982,J-2024-05076,2024-10-28,9,2024-11-06,True,
SH-77983,J-2024-05078,2024-10-16,5,2024-10-23,True,
SH-77984,J-2024-05079,2024-10-15,5,2024-11-12,True,
SH-77985,J-2024-05080,2024-10-08,6,2024-10-11,True,
SH-77986,J-2024-05081,2024-10-18,61,2024-11-01,True,
SH-77987,J-2024-05083,2024-10-17,2,2024-10-24,True,
SH-77988,J-2024-05084,2024-10-28,16,2024-11-01,True,
SH-77989,J-2024-05085,2024-10-21,37,2024-11-01,True,
SH-77990,J-2024-05086,2024-10-15,18,2024-10-22,True,
SH-77991,J-2024-05088,2024-10-17,18,2024-11-01,True,
SH-77992,J-2024-05090,2024-10-21,29,2024-11-04,True,
SH-77993,J-2024-05091,2024-10-22,25,2024-11-01,True,
SH-77994,J-2024-05092,2024-10-29,13,2024-11-01,True,
SH-77995,J-2024-05094,2024-10-11,57,2024-10-28,True,
SH-77996,J-2024-05096,2024-10-12,13,2024-11-04,True,
SH-77997,J-2024-05097,2024-10-30,3,2024-12-04,True,
SH-77998,J-2024-05098,2024-10-11,8,2024-10-29,True,
SH-77999,J-2024-05100,2024-10-22,156,2024-10-31,True,
SH-78000,J-2024-05102,2024-10-18,9,2024-11-01,True,
SH-78001,J-2024-05104,2024-10-10,500,2024-10-18,True,
SH-78002,J-2024-05105,2024-10-17,8,2024-10-18,True,
SH-78003,J-2024-05107,2024-10-09,20,2024-10-15,True,
SH-78004,J-2024-05108,2024-10-10,13,2024-10-16,True,
SH-78005,J-2024-05109,2024-10-18,122,2024-10-29,True,
SH-78006,J-2024-05110,2024-10-28,4,2024-11-27,True,
SH-78007,J-2024-05112,2024-10-18,8,2024-10-21,True,
SH-78008,J-2024-05114,2024-10-30,23,2024-10-22,False,outside processing
SH-78009,J-2024-05115,2024-10-17,14,2024-10-21,True,
SH-78010,J-2024-05116,2024-10-24,38,2024-11-04,True,
SH-78011,J-2024-05117,2024-10-28,26,2024-11-18,True,
SH-78012,J-2024-05119,2024-10-23,19,2024-10-30,True,
SH-78013,J-2024-05121,2024-10-15,82,2024-10-22,True,
SH-78014,J-2024-05122,2024-10-15,7,2024-10-21,True,
SH-78015,J-2024-05123,2024-10-15,5,2024-10-14,False,
SH-78016,J-2024-05124,2024-10-15,8,2024-10-22,True,
SH-78017,J-2024-05125,2024-10-15,4,2024-10-18,True,
SH-78018,J-2024-05127,2024-10-21,1,2024-11-06,True,
SH-78019,J-2024-05128,2024-10-15,19,2024-10-21,True,
SH-78020,J-2024-05130,2024-10-15,4,2024-10-16,True,
SH-78021,J-2024-05132,2024-10-11,11,2024-10-23,True,
SH-78022,J-2024-05133,2024-10-21,18,2024-11-05,True,
SH-78023,J-2024-05135,2024-10-11,6,2024-10-16,True,
SH-78024,J-2024-05137,2024-10-30,120,2024-11-04,True,
SH-78025,J-2024-05139,2024-10-22,59,2024-10-21,False,capacity
SH-78026,J-2024-05140,2024-10-21,117,2024-10-14,False,
SH-78027,J-2024-05142,2024-10-24,68,2024-10-29,True,
SH-78028,J-2024-05143,2024-10-15,13,2024-10-16,True,
SH-78029,J-2024-05145,2024-11-05,18,2024-11-04,False,material
SH-78030,J-2024-05146,2024-10-16,60,2024-10-16,True,
SH-78031,J-2024-05147,2024-11-01,47,2024-11-04,True,
SH-78032,J-2024-05148,2024-10-15,14,2024-11-01,True,
SH-78033,J-2024-05149,2024-10-14,17,2024-10-11,False,other
SH-78034,J-2024-05151,2024-10-15,6,2024-10-24,True,
SH-78035,J-2024-05153,2024-10-30,29,2024-11-04,True,
SH-78036,J-2024-05155,2024-10-30,28,2024-11-18,True,
SH-78037,J-2024-05157,2024-10-15,8,2024-11-06,True,
SH-78038,J-2024-05158,2024-10-29,14,2024-10-17,False,
SH-78039,J-2024-05160,2024-11-05,90,2024-11-04,False,capacity
SH-78040,J-2024-05162,2024-10-21,47,2024-11-05,True,
SH-78041,J-2024-05163,2024-10-31,29,2024-11-15,True,
SH-78042,J-2024-05164,2024-10-25,193,2024-10-11,False,
SH-78043,J-2024-05165,2024-10-17,22,2024-11-18,True,
SH-78044,J-2024-05167,2024-10-28,49,2024-11-04,True,
SH-78045,J-2024-05169,2024-10-25,11,2024-11-07,True,
SH-78046,J-2024-05170,2024-10-18,8,2024-10-28,True,
SH-78047,J-2024-05171,2024-10-16,15,2024-10-22,True,
SH-78048,J-2024-05173,2024-10-10,33,2024-10-14,True,
SH-78049,J-2024-05175,2024-10-14,10,2024-10-14,True,
SH-78050,J-2024-05177,2024-10-28,6,2024-10-15,False,
SH-78051,J-2024-05179,2024-10-15,4,2024-10-24,True,
SH-78052,J-2024-05181,2024-10-17,97,2024-10-24,True,
SH-78053,J-2024-05183,2024-10-17,12,2024-10-28,True,
SH-78054,J-2024-05185,2024-10-15,21,2024-10-29,True,
SH-78055,J-2024-05186,2024-10-21,17,2024-10-29,True,
SH-78056,J-2024-05187,2024-10-29,130,2024-11-07,True,
SH-78057,J-2024-05188,2024-10-11,3,2024-10-22,True,
SH-78058,J-2024-05189,2024-10-22,73,2024-10-31,True,
SH-78059,J-2024-05190,2024-10-18,12,2024-10-18,True,
SH-78060,J-2024-05192,2024-10-17,77,2024-10-30,True,
SH-78061,J-2024-05194,2024-10-18,28,2024-10-29,True,
SH-78062,J-2024-05196,2024-10-28,9,2024-11-01,True,
SH-78063,J-2024-05197,2024-10-23,6,2024-11-20,True,
SH-78064,J-2024-05199,2024-10-23,2,2024-11-06,True,
SH-78065,J-2024-05200,2024-10-17,13,2024-10-24,True,
SH-78066,J-2024-05201,2024-10-28,49,2024-11-05,True,
SH-78067,J-2024-05203,2024-10-29,50,2024-11-06,True,
SH-78068,J-2024-05204,2024-10-21,40,2024-10-18,False,capacity
SH-78069,J-2024-05206,2024-10-16,8,2024-10-23,True,
SH-78070,J-2024-05207,2024-10-17,21,2024-11-07,True,
SH-78071,J-2024-05208,2024-10-30,29,2024-11-08,True,
SH-78072,J-2024-05209,2024-10-16,42,2024-10-22,True,
SH-78073,J-2024-05210,2024-10-17,6,2024-10-23,True,
SH-78074,J-2024-05211,2024-10-17,10,2024-10-16,False,capacity
SH-78075,J-2024-05213,2024-10-14,31,2024-10-16,True,
SH-78076,J-2024-05215,2024-10-24,13,2024-10-21,False,
SH-78077,J-2024-05217,2024-10-15,3,2024-10-23,True,
SH-78078,J-2024-05219,2024-10-25,5,2024-11-07,True,
SH-78079,J-2024-05220,2024-10-14,6,2024-10-28,True,
SH-78080,J-2024-05221,2024-10-17,10,2024-10-23,True,
SH-78081,J-2024-05222,2024-10-28,13,2024-10-28,True,
SH-78082,J-2024-05224,2024-10-25,65,2024-11-08,True,
SH-78083,J-2024-05225,2024-10-23,25,2024-11-06,True,
SH-78084,J-2024-05227,2024-10-21,113,2024-11-15,True,
SH-78085,J-2024-05229,2024-10-17,34,2024-10-24,True,
SH-78086,J-2024-05231,2024-10-28,95,2024-10-24,False,material
SH-78087,J-2024-05232,2024-10-22,23,2024-10-31,True,
SH-78088,J-2024-05233,2024-10-24,49,2024-11-05,True,
SH-78089,J-2024-05235,2024-10-24,61,2024-10-30,True,
SH-78090,J-2024-05236,2024-10-18,71,2024-10-18,True,
SH-78091,J-2024-05237,2024-10-29,14,2024-10-25,False,outside processing
SH-78092,J-2024-05239,2024-10-18,40,2024-10-29,True,
SH-78093,J-2024-05241,2024-10-29,304,2024-11-11,True,
SH-78094,J-2024-05242,2024-10-17,115,2024-10-30,True,
SH-78095,J-2024-05243,2024-10-15,32,2024-10-17,True,
SH-78096,J-2024-05244,2024-10-16,20,2024-10-18,True,
SH-78097,J-2024-05245,2024-10-25,14,2024-11-13,True,
SH-78098,J-2024-05246,2024-10-17,25,2024-11-04,True,
SH-78099,J-2024-05247,2024-10-31,121,2024-11-06,True,
SH-78100,J-2024-05248,2024-10-28,14,2024-11-01,True,
SH-78101,J-2024-05249,2024-10-23,14,2024-11-01,True,
SH-78102,J-2024-05251,2024-10-25,10,2024-11-07,True,
SH-78103,J-2024-05253,2024-10-18,128,2024-11-15,True,
SH-78104,J-2024-05254,2024-10-31,27,2024-11-21,True,
SH-78105,J-2024-05255,2024-10-25,65,2024-11-01,True,
SH-78106,J-2024-05256,2024-10-28,108,2024-11-14,True,
SH-78107,J-2024-05257,2024-10-28,25,2024-11-01,True,
SH-78108,J-2024-05259,2024-10-25,16,2024-10-25,True,
SH-78109,J-2024-05261,2024-10-28,56,2024-11-06,True,
SH-78110,J-2024-05262,2024-10-25,30,2024-11-12,True,
SH-78111,J-2024-05263,2024-10-23,193,2024-11-15,True,
SH-78112,J-2024-05264,2024-10-21,38,2024-11-04,True,
SH-78113,J-2024-05266,2024-10-17,36,2024-10-22,True,
SH-78114,J-2024-05268,2024-10-21,46,2024-10-28,True,
SH-78115,J-2024-05270,2024-10-18,25,2024-10-21,True,
SH-78116,J-2024-05271,2024-10-22,9,2024-10-30,True,
SH-78117,J-2024-05273,2024-10-23,9,2024-11-01,True,
SH-78118,J-2024-05274,2024-10-23,4,2024-10-28,True,
SH-78119,J-2024-05276,2024-11-01,17,2024-11-11,True,
SH-78120,J-2024-05277,2024-10-23,12,2024-11-04,True,
SH-78121,J-2024-05278,2024-10-23,11,2024-10-28,True,
SH-78122,J-2024-05280,2024-10-24,24,2024-11-04,True,
SH-78123,J-2024-05281,2024-10-29,170,2024-11-08,True,
SH-78124,J-2024-05283,2024-10-29,91,2024-11-13,True,
SH-78125,J-2024-05285,2024-10-23,2,2024-11-04,True,
SH-78126,J-2024-05287,2024-10-18,7,2024-10-29,True,
SH-78127,J-2024-05288,2024-10-29,27,2024-11-11,True,
SH-78128,J-2024-05289,2024-10-22,149,2024-10-21,False,
SH-78129,J-2024-05291,2024-10-22,64,2024-10-28,True,
SH-78130,J-2024-05293,2024-10-29,22,2024-11-11,True,
SH-78131,J-2024-05295,2024-11-07,77,2024-11-11,True,
SH-78132,J-2024-05296,2024-10-28,146,2024-10-28,True,
SH-78133,J-2024-05298,2024-11-08,24,2024-11-11,True,
SH-78134,J-2024-05300,2024-10-23,39,2024-10-31,True,
SH-78135,J-2024-05301,2024-11-01,53,2024-10-28,False,
SH-78136,J-2024-05302,2024-10-17,8,2024-10-22,True,
SH-78137,J-2024-05304,2024-11-08,79,2024-11-11,True,
SH-78138,J-2024-05305,2024-10-24,37,2024-10-28,True,
SH-78139,J-2024-05307,2024-11-13,113,2024-11-11,False,outside processing
SH-78140,J-2024-05308,2024-10-18,16,2024-10-18,True,
SH-78141,J-2024-05309,2024-10-29,5,2024-11-12,True,
SH-78142,J-2024-05311,2024-10-28,3,2024-11-07,True,
SH-78143,J-2024-05313,2024-10-25,120,2024-10-21,False,capacity
SH-78144,J-2024-05315,2024-11-01,9,2024-10-29,False,material
SH-78145,J-2024-05316,2024-10-25,76,2024-11-06,True,
SH-78146,J-2024-05318,2024-10-23,17,2024-11-08,True,
SH-78147,J-2024-05319,2024-10-30,28,2024-11-15,True,
SH-78148,J-2024-05320,2024-10-22,19,2024-10-29,True,
SH-78149,J-2024-05321,2024-10-18,11,2024-10-29,True,
SH-78150,J-2024-05322,2024-11-01,5,2024-11-05,True,
SH-78151,J-2024-05323,2024-11-01,22,2024-10-29,False,capacity
SH-78152,J-2024-05324,2024-10-25,34,2024-10-22,False,capacity
SH-78153,J-2024-05326,2024-10-28,7,2024-11-04,True,
SH-78154,J-2024-05327,2024-10-23,4,2024-11-01,True,
SH-78155,J-2024-05328,2024-10-28,58,2024-11-05,True,
SH-78156,J-2024-05329,2024-10-21,61,2024-10-29,True,
SH-78157,J-2024-05330,2024-11-05,333,2024-11-12,True,
SH-78158,J-2024-05331,2024-10-25,55,2024-11-12,True,
SH-78159,J-2024-05332,2024-10-31,9,2024-10-22,False,capacity
SH-78160,J-2024-05333,2024-10-29,23,2024-11-06,True,
SH-78161,J-2024-05335,2024-10-28,42,2024-11-12,True,
SH-78162,J-2024-05337,2024-10-22,261,2024-10-28,True,
SH-78163,J-2024-05338,2024-10-18,25,2024-10-21,True,
SH-78164,J-2024-05340,2024-10-18,16,2024-10-23,True,
SH-78165,J-2024-05341,2024-10-25,8,2024-11-12,True,
SH-78166,J-2024-05343,2024-10-28,15,2024-11-07,True,
SH-78167,J-2024-05345,2024-11-01,53,2024-11-13,True,
SH-78168,J-2024-05347,2024-10-22,59,2024-10-29,True,
SH-78169,J-2024-05348,2024-10-22,9,2024-10-23,True,
SH-78170,J-2024-05349,2024-10-24,4,2024-11-04,True,
SH-78171,J-2024-05350,2024-10-28,15,2024-11-04,True,
SH-78172,J-2024-05352,2024-10-29,3,2024-11-06,True,
SH-78173,J-2024-05353,2024-10-25,317,2024-11-06,True,
SH-78174,J-2024-05354,2024-10-30,6,2024-11-13,True,
SH-78175,J-2024-05355,2024-11-11,3,2024-11-13,True,
SH-78176,J-2024-05357,2024-10-24,19,2024-11-05,True,
SH-78177,J-2024-05359,2024-11-18,41,2024-11-21,True,
SH-78178,J-2024-05360,2024-11-04,23,2024-11-06,True,
SH-78179,J-2024-05362,2024-10-30,11,2024-11-11,True,
SH-78180,J-2024-05363,2024-10-31,5,2024-10-31,True,
SH-78181,J-2024-05365,2024-10-30,58,2024-11-14,True,
SH-78182,J-2024-05367,2024-10-29,14,2024-11-21,True,
SH-78183,J-2024-05369,2024-10-21,13,2024-10-28,True,
SH-78184,J-2024-05371,2024-10-28,7,2024-10-24,False,capacity
SH-78185,J-2024-05372,2024-10-24,5,2024-10-23,False,
SH-78186,J-2024-05374,2024-10-29,19,2024-11-07,True,
SH-78187,J-2024-05376,2024-10-23,9,2024-10-25,True,
SH-78188,J-2024-05377,2024-10-29,12,2024-11-18,True,
SH-78189,J-2024-05379,2024-11-04,1,2024-11-11,True,
SH-78190,J-2024-05380,2024-10-24,200,2024-10-31,True,
SH-78191,J-2024-05382,2024-11-01,23,2024-11-08,True,
SH-78192,J-2024-05383,2024-11-07,7,2024-11-15,True,
SH-78193,J-2024-05384,2024-11-07,64,2024-11-15,True,
SH-78194,J-2024-05386,2024-11-01,4,2024-11-01,True,
SH-78195,J-2024-05388,2024-10-31,30,2024-11-15,True,
SH-78196,J-2024-05390,2024-10-23,16,2024-10-25,True,
SH-78197,J-2024-05391,2024-10-24,21,2024-11-01,True,
SH-78198,J-2024-05392,2024-10-28,16,2024-11-18,True,
SH-78199,J-2024-05393,2024-10-30,18,2024-11-08,True,
SH-78200,J-2024-05394,2024-11-04,111,2024-11-06,True,
SH-78201,J-2024-05396,2024-10-30,10,2024-11-15,True,
SH-78202,J-2024-05398,2024-11-01,30,2024-11-15,True,
SH-78203,J-2024-05400,2024-10-30,9,2024-11-20,True,
SH-78204,J-2024-05401,2024-10-29,9,2024-11-12,True,
SH-78205,J-2024-05402,2024-10-23,36,2024-10-30,True,
SH-78206,J-2024-05403,2024-10-30,25,2024-11-08,True,
SH-78207,J-2024-05405,2024-11-06,3,2024-11-18,True,
SH-78208,J-2024-05406,2024-11-05,5,2024-11-04,False,
SH-78209,J-2024-05407,2024-10-30,45,2024-11-11,True,
SH-78210,J-2024-05408,2024-10-29,12,2024-11-08,True,
SH-78211,J-2024-05410,2024-11-07,31,2024-11-14,True,
SH-78212,J-2024-05412,2024-10-28,6,2024-11-04,True,
SH-78213,J-2024-05414,2024-10-29,209,2024-10-30,True,
SH-78214,J-2024-05415,2024-11-08,14,2024-12-04,True,
SH-78215,J-2024-05416,2024-10-31,18,2024-11-13,True,
SH-78216,J-2024-05417,2024-10-25,38,2024-11-07,True,
SH-78217,J-2024-05419,2024-10-25,18,2024-11-11,True,
SH-78218,J-2024-05421,2024-10-25,26,2024-11-08,True,
SH-78219,J-2024-05422,2024-11-11,2,2024-11-19,True,
SH-78220,J-2024-05423,2024-10-25,7,2024-10-28,True,
SH-78221,J-2024-05424,2024-10-31,11,2024-11-18,True,
SH-78222,J-2024-05425,2024-11-15,2,2024-11-18,True,
SH-78223,J-2024-05426,2024-11-07,158,2024-11-18,True,
SH-78224,J-2024-05428,2024-10-30,72,2024-11-01,True,
SH-78225,J-2024-05430,2024-11-04,12,2024-11-11,True,
SH-78226,J-2024-05432,2024-10-31,17,2024-11-21,True,
SH-78227,J-2024-05433,2024-11-12,15,2024-12-03,True,
SH-78228,J-2024-05434,2024-11-01,58,2024-11-15,True,
SH-78229,J-2024-05436,2024-10-25,1,2024-10-30,True,
SH-78230,J-2024-05437,2024-10-30,141,2024-11-14,True,
SH-78231,J-2024-05438,2024-10-29,104,2024-11-13,True,
SH-78232,J-2024-05439,2024-11-06,4,2024-11-18,True,
SH-78233,J-2024-05440,2024-10-29,73,2024-11-12,True,
SH-78234,J-2024-05441,2024-10-29,48,2024-11-25,True,
SH-78235,J-2024-05443,2024-11-08,13,2024-11-26,True,
SH-78236,J-2024-05444,2024-11-08,500,2024-11-13,True,
SH-78237,J-2024-05445,2024-10-31,128,2024-11-08,True,
SH-78238,J-2024-05447,2024-10-25,11,2024-10-30,True,
SH-78239,J-2024-05449,2024-11-04,71,2024-11-12,True,
SH-78240,J-2024-05451,2024-11-04,65,2024-11-27,True,
SH-78241,J-2024-05452,2024-11-04,7,2024-12-05,True,
SH-78242,J-2024-05453,2024-11-07,58,2024-12-16,True,
SH-78243,J-2024-05454,2024-10-28,12,2024-11-14,True,
SH-78244,J-2024-05455,2024-10-25,19,2024-10-29,True,
SH-78245,J-2024-05456,2024-11-07,63,2024-12-10,True,
SH-78246,J-2024-05458,2024-10-28,120,2024-11-05,True,
SH-78247,J-2024-05460,2024-10-31,119,2024-11-06,True,
SH-78248,J-2024-05462,2024-10-28,30,2024-11-05,True,
SH-78249,J-2024-05463,2024-11-20,36,2024-11-05,False,capacity
SH-78250,J-2024-05464,2024-10-30,15,2024-11-13,True,
SH-78251,J-2024-05466,2024-11-04,40,2024-11-14,True,
SH-78252,J-2024-05467,2024-11-01,4,2024-11-19,True,
SH-78253,J-2024-05469,2024-11-04,22,2024-11-14,True,
SH-78254,J-2024-05470,2024-11-04,11,2024-11-22,True,
SH-78255,J-2024-05472,2024-12-04,7,2024-11-27,False,capacity
SH-78256,J-2024-05474,2024-11-15,13,2024-11-20,True,
SH-78257,J-2024-05475,2024-11-14,12,2024-11-20,True,
SH-78258,J-2024-05476,2024-11-04,11,2024-11-13,True,
SH-78259,J-2024-05478,2024-11-01,42,2024-12-02,True,
SH-78260,J-2024-05479,2024-11-11,38,2024-11-07,False,capacity
SH-78261,J-2024-05480,2024-10-30,28,2024-11-11,True,
SH-78262,J-2024-05482,2024-11-01,199,2024-11-20,True,
SH-78263,J-2024-05483,2024-10-30,3,2024-11-19,True,
SH-78264,J-2024-05485,2024-11-06,21,2024-11-20,True,
SH-78265,J-2024-05487,2024-11-01,12,2024-11-07,True,
SH-78266,J-2024-05489,2024-10-29,12,2024-10-31,True,
SH-78267,J-2024-05491,2024-11-01,10,2024-11-26,True,
SH-78268,J-2024-05492,2024-11-08,1,2024-11-13,True,
SH-78269,J-2024-05494,2024-11-08,38,2024-11-14,True,
SH-78270,J-2024-05495,2024-10-29,33,2024-11-11,True,
SH-78271,J-2024-05496,2024-10-30,13,2024-11-11,True,
SH-78272,J-2024-05498,2024-10-29,25,2024-11-18,True,
SH-78273,J-2024-05500,2024-11-07,49,2024-11-14,True,
SH-78274,J-2024-05501,2024-11-01,117,2024-11-14,True,
SH-78275,J-2024-05502,2024-11-05,105,2024-10-31,False,
SH-78276,J-2024-05503,2024-10-31,22,2024-11-21,True,
SH-78277,J-2024-05504,2024-10-31,49,2024-11-20,True,
SH-78278,J-2024-05506,2024-11-07,79,2024-11-26,True,
SH-78279,J-2024-05507,2024-11-07,120,2024-11-21,True,
SH-78280,J-2024-05508,2024-11-07,62,2024-11-18,True,
SH-78281,J-2024-05510,2024-11-08,47,2024-11-11,True,
SH-78282,J-2024-05512,2024-11-04,32,2024-11-11,True,
SH-78283,J-2024-05514,2024-11-08,34,2024-11-04,False,capacity
SH-78284,J-2024-05516,2024-11-01,64,2024-11-18,True,
SH-78285,J-2024-05518,2024-11-21,22,2024-11-22,True,
SH-78286,J-2024-05519,2024-11-08,13,2024-12-02,True,
SH-78287,J-2024-05521,2024-10-31,29,2024-11-06,True,
SH-78288,J-2024-05523,2024-11-12,65,2024-11-15,True,
SH-78289,J-2024-05524,2024-11-04,58,2024-11-27,True,
SH-78290,J-2024-05526,2024-11-14,2,2024-12-06,True,
SH-78291,J-2024-05527,2024-11-13,13,2024-11-22,True,
SH-78292,J-2024-05529,2024-10-31,88,2024-10-31,True,
SH-78293,J-2024-05531,2024-11-15,50,2024-11-22,True,
SH-78294,J-2024-05533,2024-11-06,42,2024-11-13,True,
SH-78295,J-2024-05534,2024-10-29,20,2024-11-05,True,
SH-78296,J-2024-05535,2024-11-05,28,2024-11-27,True,
SH-78297,J-2024-05537,2024-11-06,31,2024-11-15,True,
SH-78298,J-2024-05539,2024-11-11,32,2024-11-22,True,
SH-78299,J-2024-05540,2024-11-06,10,2024-11-01,False,other
SH-78300,J-2024-05542,2024-11-04,39,2024-11-19,True,
SH-78301,J-2024-05543,2024-11-06,7,2024-11-26,True,
SH-78302,J-2024-05545,2024-11-06,91,2024-11-21,True,
SH-78303,J-2024-05546,2024-11-06,18,2024-11-21,True,
SH-78304,J-2024-05547,2024-10-30,15,2024-11-01,True,
SH-78305,J-2024-05549,2024-10-30,41,2024-11-01,True,
SH-78306,J-2024-05551,2024-11-06,8,2024-11-20,True,
SH-78307,J-2024-05552,2024-11-05,140,2024-11-15,True,
SH-78308,J-2024-05554,2024-10-31,23,2024-11-11,True,
SH-78309,J-2024-05556,2024-11-05,15,2024-11-14,True,
SH-78310,J-2024-05558,2024-11-08,52,2024-11-12,True,
SH-78311,J-2024-05560,2024-11-06,1,2024-11-18,True,
SH-78312,J-2024-05561,2024-11-07,5,2024-11-05,False,
SH-78313,J-2024-05563,2024-11-04,409,2024-11-26,True,
SH-78314,J-2024-05564,2024-11-07,59,2024-11-27,True,
SH-78315,J-2024-05566,2024-11-06,6,2024-11-18,True,
SH-78316,J-2024-05567,2024-11-08,9,2024-11-18,True,
SH-78317,J-2024-05569,2024-11-06,15,2024-11-12,True,
SH-78318,J-2024-05571,2024-11-04,30,2024-11-06,True,
SH-78319,J-2024-05572,2024-11-08,7,2024-11-18,True,
SH-78320,J-2024-05573,2024-11-04,100,2024-11-04,True,
SH-78321,J-2024-05574,2024-11-01,8,2024-11-19,True,
SH-78322,J-2024-05575,2024-11-19,14,2024-11-25,True,
SH-78323,J-2024-05577,2024-11-22,5,2024-11-25,True,
SH-78324,J-2024-05578,2024-11-20,22,2024-11-25,True,
SH-78325,J-2024-05579,2024-11-11,135,2024-11-18,True,
SH-78326,J-2024-05581,2024-11-05,32,2024-11-19,True,
SH-78327,J-2024-05582,2024-11-12,4,2024-11-18,True,
SH-78328,J-2024-05584,2024-11-04,5,2024-11-11,True,
SH-78329,J-2024-05585,2024-11-05,55,2024-11-11,True,
SH-78330,J-2024-05587,2024-11-12,66,2024-11-15,True,
SH-78331,J-2024-05588,2024-11-06,13,2024-11-12,True,
SH-78332,J-2024-05590,2024-11-07,4,2024-12-04,True,
SH-78333,J-2024-05591,2024-11-13,234,2024-11-11,False,
SH-78334,J-2024-05592,2024-11-19,210,2024-11-25,True,
SH-78335,J-2024-05593,2024-11-04,16,2024-11-21,True,
SH-78336,J-2024-05594,2024-11-06,28,2024-11-21,True,
SH-78337,J-2024-05596,2024-11-06,204,2024-11-13,True,
SH-78338,J-2024-05598,2024-11-04,39,2024-11-22,True,
SH-78339,J-2024-05600,2024-11-08,36,2024-11-20,True,
SH-78340,J-2024-05602,2024-11-04,57,2024-11-06,True,
SH-78341,J-2024-05603,2024-11-07,7,2024-11-18,True,
SH-78342,J-2024-05604,2024-11-05,8,2024-11-06,True,
SH-78343,J-2024-05605,2024-11-01,37,2024-11-12,True,
SH-78344,J-2024-05607,2024-11-06,21,2024-11-15,True,
SH-78345,J-2024-05609,2024-11-19,40,2024-11-12,False,
SH-78346,J-2024-05610,2024-11-12,123,2024-11-06,False,capacity
SH-78347,J-2024-05611,2024-10-31,44,2024-11-04,True,
SH-78348,J-2024-05612,2024-11-07,41,2024-11-19,True,
SH-78349,J-2024-05613,2024-11-08,47,2024-11-21,True,
SH-78350,J-2024-05614,2024-11-07,19,2024-11-13,True,
SH-78351,J-2024-05615,2024-12-10,13,2024-12-09,False,
SH-78352,J-2024-05616,2024-11-07,42,2024-11-06,False,
SH-78353,J-2024-05618,2024-11-04,28,2024-11-07,True,
SH-78354,J-2024-05620,2024-11-12,124,2024-12-04,True,
SH-78355,J-2024-05622,2024-11-14,69,2024-11-21,True,
SH-78356,J-2024-05624,2024-11-15,22,2024-11-27,True,
SH-78357,J-2024-05625,2024-11-13,47,2024-11-15,True,
SH-78358,J-2024-05627,2024-11-13,28,2024-11-15,True,
SH-78359,J-2024-05628,2024-11-18,4,2024-11-21,True,
SH-78360,J-2024-05629,2024-11-07,252,2024-11-12,True,
SH-78361,J-2024-05631,2024-11-06,61,2024-11-14,True,
SH-78362,J-2024-05632,2024-11-08,36,2024-11-20,True,
SH-78363,J-2024-05634,2024-11-11,72,2024-11-27,True,
SH-78364,J-2024-05636,2024-11-11,103,2024-11-13,True,
SH-78365,J-2024-05637,2024-11-14,9,2024-11-26,True,
SH-78366,J-2024-05638,2024-11-14,18,2024-11-13,False,capacity
SH-78367,J-2024-05639,2024-11-11,18,2024-11-19,True,
SH-78368,J-2024-05640,2024-11-05,37,2024-11-20,True,
SH-78369,J-2024-05641,2024-11-14,53,2024-11-27,True,
SH-78370,J-2024-05642,2024-11-15,120,2024-11-27,True,
SH-78371,J-2024-05644,2024-11-14,9,2024-11-27,True,
SH-78372,J-2024-05645,2024-11-08,14,2024-11-19,True,
SH-78373,J-2024-05647,2024-11-18,6,2024-11-13,False,
SH-78374,J-2024-05648,2024-11-19,5,2024-12-02,True,
SH-78375,J-2024-05650,2024-11-07,36,2024-12-06,True,
SH-78376,J-2024-05651,2024-11-05,79,2024-12-12,True,
SH-78377,J-2024-05652,2024-11-13,25,2024-11-21,True,
SH-78378,J-2024-05654,2024-11-12,17,2024-11-14,True,
SH-78379,J-2024-05656,2024-11-15,144,2024-12-11,True,
SH-78380,J-2024-05657,2024-11-12,35,2024-12-04,True,
SH-78381,J-2024-05659,2024-11-21,2,2024-12-02,True,
SH-78382,J-2024-05661,2024-11-13,15,2024-11-06,False,capacity
SH-78383,J-2024-05663,2024-11-13,20,2024-11-22,True,
SH-78384,J-2024-05664,2024-11-05,73,2024-11-11,True,
SH-78385,J-2024-05666,2024-11-08,5,2024-11-26,True,
SH-78386,J-2024-05667,2024-11-21,187,2024-11-22,True,
SH-78387,J-2024-05669,2024-11-06,5,2024-11-21,True,
SH-78388,J-2024-05670,2024-11-07,28,2024-11-19,True,
SH-78389,J-2024-05671,2024-11-04,44,2024-11-11,True,
SH-78390,J-2024-05673,2024-11-22,212,2024-12-03,True,
SH-78391,J-2024-05675,2024-11-06,23,2024-11-08,True,
SH-78392,J-2024-05676,2024-11-11,54,2024-11-21,True,
SH-78393,J-2024-05677,2024-11-12,196,2024-11-12,True,
SH-78394,J-2024-05678,2024-12-06,3,2024-12-06,True,
SH-78395,J-2024-05680,2024-11-11,13,2024-12-02,True,
SH-78396,J-2024-05681,2024-11-21,38,2024-11-26,True,
SH-78397,J-2024-05682,2024-11-08,2,2024-11-18,True,
SH-78398,J-2024-05684,2024-11-12,21,2024-12-12,True,
SH-78399,J-2024-05685,2024-11-08,5,2024-11-20,True,
SH-78400,J-2024-05687,2024-11-11,14,2024-12-17,True,
SH-78401,J-2024-05688,2024-11-08,32,2024-11-20,True,
SH-78402,J-2024-05689,2024-11-21,174,2024-12-03,True,
SH-78403,J-2024-05690,2024-11-12,21,2024-11-12,True,
SH-78404,J-2024-05691,2024-11-26,4,2024-11-26,True,
SH-78405,J-2024-05693,2024-11-12,9,2024-11-26,True,
SH-78406,J-2024-05695,2024-11-18,31,2024-11-19,True,
SH-78407,J-2024-05697,2024-11-20,31,2024-12-04,True,
SH-78408,J-2024-05699,2024-11-14,76,2024-11-21,True,
SH-78409,J-2024-05700,2024-11-15,16,2024-11-19,True,
SH-78410,J-2024-05702,2024-11-15,98,2024-11-18,True,
SH-78411,J-2024-05704,2024-11-11,6,2024-11-25,True,
SH-78412,J-2024-05705,2024-11-07,4,2024-11-18,True,
SH-78413,J-2024-05707,2024-12-10,41,2024-12-04,False,
SH-78414,J-2024-05708,2024-11-12,101,2024-11-25,True,
SH-78415,J-2024-05710,2024-11-12,33,2024-11-22,True,
SH-78416,J-2024-05711,2024-11-12,23,2024-12-02,True,
SH-78417,J-2024-05713,2024-11-12,23,2024-12-12,True,
SH-78418,J-2024-05715,2024-11-07,2,2024-11-11,True,
SH-78419,J-2024-05717,2024-11-08,92,2024-11-12,True,
SH-78420,J-2024-05719,2024-11-07,3,2024-11-08,True,
SH-78421,J-2024-05720,2024-11-27,80,2024-12-04,True,
SH-78422,J-2024-05721,2024-11-12,121,2024-11-25,True,
SH-78423,J-2024-05723,2024-11-22,68,2024-12-05,True,
SH-78424,J-2024-05725,2024-11-08,15,2024-11-20,True,
SH-78425,J-2024-05727,2024-11-13,37,2024-11-22,True,
SH-78426,J-2024-05729,2024-11-15,57,2024-12-05,True,
SH-78427,J-2024-05730,2024-11-12,5,2024-12-16,True,
SH-78428,J-2024-05732,2024-11-19,68,2024-12-02,True,
SH-78429,J-2024-05734,2024-11-19,113,2024-11-11,False,
SH-78430,J-2024-05736,2024-11-27,4,2024-12-04,True,
SH-78431,J-2024-05737,2024-11-15,13,2024-12-03,True,
SH-78432,J-2024-05738,2024-11-12,16,2024-11-27,True,
SH-78433,J-2024-05739,2024-11-18,29,2024-12-12,True,
SH-78434,J-2024-05740,2024-11-12,8,2024-11-20,True,
SH-78435,J-2024-05742,2024-11-27,74,2024-12-04,True,
SH-78436,J-2024-05744,2024-11-26,37,2024-11-27,True,
SH-78437,J-2024-05746,2024-11-27,4,2024-12-04,True,
SH-78438,J-2024-05747,2024-11-14,8,2024-12-04,True,
SH-78439,J-2024-05748,2024-11-12,4,2024-11-21,True,
SH-78440,J-2024-05749,2024-11-13,10,2024-12-19,True,
SH-78441,J-2024-05751,2024-11-14,48,2024-11-20,True,
SH-78442,J-2024-05753,2024-12-02,13,2024-11-22,False,other
SH-78443,J-2024-05755,2024-11-13,11,2024-11-26,True,
SH-78444,J-2024-05757,2024-11-12,128,2024-11-13,True,
SH-78445,J-2024-05758,2024-11-19,39,2024-11-14,False,
SH-78446,J-2024-05760,2024-11-08,27,2024-11-12,True,
SH-78447,J-2024-05762,2024-11-14,2,2024-11-26,True,
SH-78448,J-2024-05763,2024-11-18,47,2024-12-17,True,
SH-78449,J-2024-05765,2024-11-21,2,2024-11-25,True,
SH-78450,J-2024-05767,2024-11-11,22,2024-11-19,True,
SH-78451,J-2024-05769,2024-11-13,122,2024-11-26,True,
SH-78452,J-2024-05770,2024-11-25,13,2024-11-27,True,
SH-78453,J-2024-05772,2024-11-21,50,2024-12-10,True,
SH-78454,J-2024-05773,2024-11-14,15,2024-11-22,True,
SH-78455,J-2024-05774,2024-11-15,44,2024-11-21,True,
SH-78456,J-2024-05776,2024-11-13,16,2024-11-15,True,
SH-78457,J-2024-05778,2024-11-15,42,2024-11-27,True,
SH-78458,J-2024-05780,2024-11-20,24,2024-12-06,True,
SH-78459,J-2024-05782,2024-11-21,19,2024-11-20,False,capacity
SH-78460,J-2024-05783,2024-11-21,26,2024-12-04,True,
SH-78461,J-2024-05785,2024-11-20,32,2024-12-06,True,
SH-78462,J-2024-05786,2024-12-14,18,2024-12-17,True,
SH-78463,J-2024-05787,2024-11-19,36,2024-11-13,False,capacity
SH-78464,J-2024-05789,2024-11-13,59,2024-12-20,True,
SH-78465,J-2024-05791,2024-11-22,112,2024-12-02,True,
SH-78466,J-2024-05792,2024-12-09,34,2024-12-10,True,
SH-78467,J-2024-05793,2024-11-19,88,2024-11-22,True,
SH-78468,J-2024-05795,2024-11-19,3,2024-12-05,True,
SH-78469,J-2024-05796,2024-11-13,20,2024-12-03,True,
SH-78470,J-2024-05797,2024-11-13,33,2024-12-06,True,
SH-78471,J-2024-05798,2024-11-19,43,2024-11-18,False,other
SH-78472,J-2024-05799,2024-11-14,10,2024-11-15,True,
SH-78473,J-2024-05801,2024-11-21,2,2024-11-26,True,
SH-78474,J-2024-05802,2024-11-20,121,2024-12-10,True,
SH-78475,J-2024-05804,2024-11-22,42,2024-12-09,True,
SH-78476,J-2024-05806,2024-11-13,23,2024-11-21,True,
SH-78477,J-2024-05808,2024-11-18,22,2024-12-04,True,
SH-78478,J-2024-05809,2024-11-12,49,2024-11-18,True,
SH-78479,J-2024-05811,2024-11-25,68,2024-12-09,True,
SH-78480,J-2024-05812,2024-11-13,12,2024-11-21,True,
SH-78481,J-2024-05814,2024-11-25,296,2024-12-05,True,
SH-78482,J-2024-05815,2024-11-26,17,2024-11-27,True,
SH-78483,J-2024-05816,2025-01-02,500,2025-01-02,True,
SH-78484,J-2024-05818,2024-12-02,14,2024-12-03,True,
SH-78485,J-2024-05820,2024-12-05,15,2024-12-09,True,
SH-78486,J-2024-05821,2024-11-19,9,2024-11-22,True,
SH-78487,J-2024-05823,2024-12-05,74,2024-12-11,True,
SH-78488,J-2024-05825,2024-11-13,30,2024-11-15,True,
SH-78489,J-2024-05826,2024-12-04,76,2024-12-05,True,
SH-78490,J-2024-05828,2024-11-18,235,2024-11-22,True,
SH-78491,J-2024-05829,2024-12-04,16,2024-12-05,True,
SH-78492,J-2024-05831,2024-11-20,39,2024-12-04,True,
SH-78493,J-2024-05832,2024-11-14,106,2024-11-18,True,
SH-78494,J-2024-05834,2024-11-20,41,2024-12-18,True,
SH-78495,J-2024-05836,2024-12-05,65,2024-12-10,True,
SH-78496,J-2024-05838,2024-11-27,13,2024-11-26,False,capacity
SH-78497,J-2024-05840,2024-11-26,458,2024-11-18,False,material
SH-78498,J-2024-05841,2024-11-13,17,2024-11-25,True,
SH-78499,J-2024-05843,2024-11-26,8,2024-12-03,True,
SH-78500,J-2024-05844,2024-12-02,42,2024-12-05,True,
SH-78501,J-2024-05845,2024-12-10,90,2024-12-10,True,
SH-78502,J-2024-05846,2024-12-13,57,2024-12-10,False,capacity
SH-78503,J-2024-05848,2024-12-12,22,2024-12-13,True,
SH-78504,J-2024-05849,2024-11-27,53,2024-12-02,True,
SH-78505,J-2024-05851,2025-01-14,10,2025-01-14,True,
SH-78506,J-2024-05853,2024-12-20,321,2024-12-10,False,
SH-78507,J-2024-05855,2024-12-03,4,2024-12-10,True,
SH-78508,J-2024-05857,2024-12-06,15,2024-12-10,True,
SH-78509,J-2024-05859,2024-11-27,89,2025-01-06,True,
SH-78510,J-2024-05861,2024-11-18,10,2024-12-03,True,
SH-78511,J-2024-05862,2024-11-20,15,2024-11-21,True,
SH-78512,J-2024-05864,2025-01-07,11,2025-01-07,True,
SH-78513,J-2024-05866,2024-11-18,24,2024-11-19,True,
SH-78514,J-2024-05867,2024-11-26,56,2024-12-05,True,
SH-78515,J-2024-05869,2024-11-18,111,2024-11-18,True,
SH-78516,J-2024-05871,2024-11-20,15,2024-11-27,True,
SH-78517,J-2024-05872,2024-11-22,2,2024-11-25,True,
SH-78518,J-2024-05873,2024-12-11,30,2024-12-11,True,
SH-78519,J-2024-05875,2024-12-12,8,2024-12-12,True,
SH-78520,J-2024-05876,2024-11-18,7,2024-12-06,True,
SH-78521,J-2024-05877,2024-11-19,54,2024-11-27,True,
SH-78522,J-2024-05879,2024-12-21,500,2024-12-11,False,capacity
SH-78523,J-2024-05880,2024-11-27,126,2024-12-03,True,
SH-78524,J-2024-05881,2024-12-03,20,2024-12-04,True,
SH-78525,J-2024-05883,2024-12-10,46,2024-12-11,True,
SH-78526,J-2024-05884,2024-11-19,9,2024-11-27,True,
SH-78527,J-2024-05886,2024-12-02,4,2024-12-06,True,
SH-78528,J-2024-05888,2024-11-20,35,2024-12-13,True,
SH-78529,J-2024-05890,2024-11-19,40,2024-11-18,False,capacity
SH-78530,J-2024-05891,2024-12-12,28,2024-12-17,True,
SH-78531,J-2024-05893,2024-11-20,197,2024-11-21,True,
SH-78532,J-2024-05894,2024-11-25,10,2024-11-27,True,
SH-78533,J-2024-05895,2024-11-20,188,2024-11-18,False,other
SH-78534,J-2024-05897,2024-11-22,42,2024-11-27,True,
SH-78535,J-2024-05899,2024-12-03,22,2024-12-04,True,
SH-78536,J-2024-05901,2024-11-18,45,2024-11-18,True,
SH-78537,J-2024-05902,2024-11-18,58,2024-11-15,False,capacity
SH-78538,J-2024-05903,2024-12-04,44,2024-12-04,True,
SH-78539,J-2024-05905,2024-11-27,293,2024-11-27,True,
SH-78540,J-2024-05907,2024-11-27,25,2024-11-27,True,
SH-78541,J-2024-05908,2024-12-06,7,2024-12-11,True,
SH-78542,J-2024-05910,2024-11-20,16,2024-11-19,False,other
SH-78543,J-2024-05912,2024-11-21,500,2024-11-18,False,material
SH-78544,J-2024-05913,2024-11-25,48,2024-12-11,True,
SH-78545,J-2024-05914,2024-12-16,254,2024-12-16,True,
SH-78546,J-2024-05916,2025-01-15,47,2025-01-10,False,
SH-78547,J-2024-05918,2024-11-22,131,2024-11-19,False,
SH-78548,J-2024-05920,2024-11-27,137,2024-11-25,False,capacity
SH-78549,J-2024-05922,2024-12-20,24,2025-01-08,True,
SH-78550,J-2024-05923,2024-11-19,68,2024-12-02,True,
SH-78551,J-2024-05924,2024-11-19,16,2024-11-25,True,
SH-78552,J-2024-05925,2024-11-21,15,2024-11-25,True,
SH-78553,J-2024-05926,2024-11-26,50,2024-12-02,True,
SH-78554,J-2024-05927,2024-11-18,12,2024-11-25,True,
SH-78555,J-2024-05929,2024-12-16,8,2024-12-17,True,
SH-78556,J-2024-05930,2024-12-04,20,2024-12-09,True,
SH-78557,J-2024-05932,2024-12-12,183,2024-12-06,False,
SH-78558,J-2024-05934,2024-11-25,294,2024-12-02,True,
SH-78559,J-2024-05936,2024-11-20,42,2024-11-20,True,
SH-78560,J-2024-05937,2024-12-12,2,2024-12-16,True,
SH-78561,J-2024-05939,2024-11-22,9,2024-11-26,True,
SH-78562,J-2024-05940,2024-11-22,115,2024-11-27,True,
SH-78563,J-2024-05942,2024-12-02,76,2024-12-03,True,
SH-78564,J-2024-05943,2024-12-11,86,2024-12-16,True,
SH-78565,J-2024-05945,2024-11-26,4,2024-12-02,True,
SH-78566,J-2024-05947,2024-12-09,25,2024-12-12,True,
SH-78567,J-2024-05949,2024-11-25,19,2024-11-21,False,other
SH-78568,J-2024-05950,2024-12-14,11,2024-12-12,False,customer change
SH-78569,J-2024-05952,2024-11-26,17,2024-11-26,True,
SH-78570,J-2024-05954,2024-11-21,72,2024-12-05,True,
SH-78571,J-2024-05956,2024-12-05,272,2024-12-10,True,
SH-78572,J-2024-05957,2024-11-27,63,2024-12-02,True,
SH-78573,J-2024-05958,2024-11-21,115,2024-11-18,False,capacity
SH-78574,J-2024-05960,2024-12-11,130,2024-12-13,True,
SH-78575,J-2024-05962,2024-11-20,162,2024-11-26,True,
SH-78576,J-2024-05963,2024-12-11,75,2024-12-12,True,
SH-78577,J-2024-05964,2024-12-05,13,2024-12-12,True,
SH-78578,J-2024-05965,2024-12-02,12,2024-12-04,True,
SH-78579,J-2024-05966,2024-11-21,45,2024-12-02,True,
SH-78580,J-2024-05967,2024-12-18,22,2024-12-17,False,material
SH-78581,J-2024-05968,2024-11-27,2,2024-12-03,True,
SH-78582,J-2024-05970,2024-12-05,80,2024-12-06,True,
SH-78583,J-2024-05971,2024-12-04,100,2024-12-09,True,
SH-78584,J-2024-05973,2024-11-27,13,2024-11-27,True,
SH-78585,J-2024-05975,2024-11-25,133,2024-11-27,True,
SH-78586,J-2024-05977,2024-11-22,11,2024-11-27,True,
SH-78587,J-2024-05978,2024-12-05,246,2024-12-03,False,
SH-78588,J-2024-05980,2024-11-26,17,2024-12-05,True,
SH-78589,J-2024-05982,2024-12-04,90,2024-12-04,True,
SH-78590,J-2024-05984,2024-12-06,9,2024-12-11,True,
SH-78591,J-2024-05985,2024-12-12,3,2024-12-13,True,
SH-78592,J-2024-05986,2024-12-11,23,2024-12-17,True,
SH-78593,J-2024-05987,2024-12-05,33,2024-12-13,True,
SH-78594,J-2024-05989,2024-12-09,46,2024-12-09,True,
SH-78595,J-2024-05990,2024-11-22,11,2024-11-25,True,
SH-78596,J-2024-05991,2024-11-22,126,2024-12-02,True,
SH-78597,J-2024-05992,2024-12-11,10,2024-12-13,True,
SH-78598,J-2024-05994,2024-11-22,5,2024-12-05,True,
SH-78599,J-2024-05996,2024-11-20,8,2024-11-27,True,
SH-78600,J-2024-05998,2024-12-03,15,2024-11-20,False,
SH-78601,J-2024-06000,2024-12-14,15,2024-12-16,True,
SH-78602,J-2024-06001,2024-12-06,38,2024-12-09,True,
SH-78603,J-2024-06002,2024-12-02,37,2024-12-05,True,
SH-78604,J-2024-06004,2024-12-11,14,2024-12-09,False,capacity
SH-78605,J-2024-06005,2024-11-27,8,2024-12-02,True,
SH-78606,J-2024-06007,2024-12-04,12,2024-12-05,True,
SH-78607,J-2024-06009,2024-11-19,9,2024-12-09,True,
SH-78608,J-2024-06011,2024-12-11,13,2024-12-12,True,
SH-78609,J-2024-06013,2024-12-05,20,2024-12-06,True,
SH-78610,J-2024-06015,2024-11-18,16,2024-11-20,True,
SH-78611,J-2024-06016,2024-12-04,25,2024-12-11,True,
SH-78612,J-2024-06018,2024-12-02,19,2024-12-10,True,
SH-78613,J-2024-06020,2024-11-18,39,2024-11-21,True,
SH-78614,J-2024-06021,2024-12-09,74,2024-12-06,False,
SH-78615,J-2024-06023,2024-12-11,74,2024-12-16,True,
SH-78616,J-2024-06025,2024-12-04,26,2024-12-03,False,customer change
SH-78617,J-2024-06027,2024-11-25,15,2024-11-25,True,
SH-78618,J-2024-06028,2024-12-17,220,2024-12-16,False,outside processing
SH-78619,J-2024-06029,2025-01-07,1,2025-01-02,False,capacity
SH-78620,J-2024-06030,2024-11-27,2,2024-12-03,True,
SH-78621,J-2024-06032,2024-12-12,58,2024-12-13,True,
SH-78622,J-2024-06033,2025-01-03,359,2024-12-23,False,capacity
SH-78623,J-2024-06035,2024-12-06,72,2024-12-10,True,
SH-78624,J-2024-06036,2024-11-20,10,2024-11-25,True,
SH-78625,J-2024-06037,2024-11-25,59,2024-12-03,True,
SH-78626,J-2024-06039,2024-12-10,207,2024-12-05,False,customer change
SH-78627,J-2024-06041,2024-11-21,18,2024-12-09,True,
SH-78628,J-2024-06042,2024-12-11,71,2024-12-13,True,
SH-78629,J-2024-06043,2024-12-19,407,2025-01-03,True,
SH-78630,J-2024-06044,2024-12-09,82,2024-12-10,True,
SH-78631,J-2024-06046,2024-11-26,60,2024-12-04,True,
SH-78632,J-2024-06047,2024-12-18,38,2024-12-17,False,capacity
SH-78633,J-2024-06049,2024-12-02,6,2024-12-06,True,
SH-78634,J-2024-06051,2024-12-14,6,2024-12-17,True,
SH-78635,J-2024-06052,2024-12-03,41,2024-12-06,True,
SH-78636,J-2024-06054,2024-12-18,7,2024-12-17,False,capacity
SH-78637,J-2024-06055,2024-11-27,9,2024-12-03,True,
SH-78638,J-2024-06056,2024-12-13,2,2024-12-16,True,
SH-78639,J-2024-06058,2025-01-04,377,2024-12-18,False,capacity
SH-78640,J-2024-06059,2025-01-02,15,2024-12-20,False,
SH-78641,J-2024-06061,2024-12-06,29,2024-12-10,True,
SH-78642,J-2024-06063,2024-12-04,45,2024-11-27,False,capacity
SH-78643,J-2024-06065,2024-12-03,205,2024-12-04,True,
SH-78644,J-2024-06066,2024-12-06,142,2024-12-10,True,
SH-78645,J-2024-06068,2024-12-19,3,2024-12-23,True,
SH-78646,J-2024-06070,2024-11-27,1,2024-12-04,True,
SH-78647,J-2024-06071,2024-11-27,78,2024-12-02,True,
SH-78648,J-2024-06073,2024-12-11,19,2024-12-11,True,
SH-78649,J-2024-06074,2024-12-09,12,2024-12-11,True,
SH-78650,J-2024-06075,2024-12-19,85,2024-12-19,True,
SH-78651,J-2024-06076,2024-12-09,17,2024-12-10,True,
SH-78652,J-2024-06078,2024-11-20,19,2024-11-22,True,
SH-78653,J-2024-06080,2024-11-25,28,2024-11-22,False,capacity
SH-78654,J-2024-06081,2024-12-17,6,2024-12-23,True,
SH-78655,J-2024-06082,2024-12-11,30,2024-12-13,True,
SH-78656,J-2024-06083,2025-01-03,12,2024-12-20,False,
SH-78657,J-2024-06084,2024-12-10,67,2024-12-11,True,
SH-78658,J-2024-06085,2024-11-25,117,2024-11-27,True,
SH-78659,J-2024-06086,2025-01-02,13,2024-12-20,False,material
SH-78660,J-2024-06088,2025-01-06,21,2025-01-02,False,customer change
SH-78661,J-2024-06090,2024-11-26,66,2024-11-25,False,
SH-78662,J-2024-06092,2024-11-25,4,2024-11-22,False,capacity
SH-78663,J-2024-06093,2025-01-03,28,2025-01-02,False,customer change
SH-78664,J-2024-06094,2024-12-04,2,2024-12-04,True,
SH-78665,J-2024-06095,2024-12-11,71,2024-12-11,True,
SH-78666,J-2024-06096,2024-11-27,61,2024-12-09,True,
SH-78667,J-2024-06098,2024-12-18,5,2024-12-18,True,
SH-78668,J-2024-06099,2024-12-06,75,2024-12-11,True,
SH-78669,J-2024-06101,2024-12-12,16,2024-12-18,True,
SH-78670,J-2024-06102,2024-12-03,65,2024-11-26,False,
SH-78671,J-2024-06103,2024-12-16,5,2024-12-18,True,
SH-78672,J-2024-06104,2024-12-05,35,2024-12-06,True,
SH-78673,J-2024-06106,2024-12-04,34,2024-12-04,True,
SH-78674,J-2024-06108,2024-12-17,116,2024-12-20,True,
SH-78675,J-2024-06110,2024-12-11,11,2024-12-16,True,
SH-78676,J-2024-06111,2025-01-02,28,2024-12-20,False,
SH-78677,J-2024-06113,2024-11-27,15,2024-12-05,True,
SH-78678,J-2024-06114,2024-12-10,133,2024-12-09,False,capacity
SH-78679,J-2024-06116,2024-12-04,90,2024-12-06,True,
SH-78680,J-2024-06118,2024-12-13,13,2024-12-18,True,
SH-78681,J-2024-06120,2024-12-06,16,2024-12-04,False,
SH-78682,J-2024-06122,2024-12-04,19,2024-12-10,True,
SH-78683,J-2024-06123,2024-11-25,8,2024-11-26,True,
SH-78684,J-2024-06124,2024-12-18,61,2024-12-18,True,
SH-78685,J-2024-06126,2024-12-09,9,2024-12-11,True,
SH-78686,J-2024-06127,2024-12-11,20,2024-12-12,True,
SH-78687,J-2024-06129,2024-12-23,2,2025-01-02,True,
SH-78688,J-2024-06131,2024-11-21,5,2024-11-22,True,
SH-78689,J-2024-06133,2024-12-20,25,2024-12-19,False,
SH-78690,J-2024-06134,2024-11-22,56,2024-11-27,True,
SH-78691,J-2024-06135,2024-12-05,39,2024-12-13,True,
SH-78692,J-2024-06136,2024-12-03,20,2024-12-05,True,
SH-78693,J-2024-06138,2024-12-11,29,2024-12-16,True,
SH-78694,J-2024-06139,2024-12-05,9,2024-12-05,True,
SH-78695,J-2024-06141,2024-12-13,4,2024-12-12,False,capacity
SH-78696,J-2024-06142,2024-12-12,17,2024-12-19,True,
SH-78697,J-2024-06144,2025-01-13,224,2025-01-10,False,capacity
SH-78698,J-2024-06146,2024-11-27,57,2024-11-25,False,other
SH-78699,J-2024-06148,2024-12-05,8,2024-12-10,True,
SH-78700,J-2024-06150,2024-12-17,5,2024-12-09,False,capacity
SH-78701,J-2024-06151,2024-12-19,36,2024-12-20,True,
SH-78702,J-2024-06153,2024-12-16,39,2025-01-02,True,
SH-78703,J-2024-06155,2025-01-11,7,2025-01-03,False,
SH-78704,J-2024-06156,2024-12-05,30,2024-12-05,True,
SH-78705,J-2024-06158,2024-12-17,45,2024-12-17,True,
SH-78706,J-2024-06160,2024-12-19,22,2024-12-20,True,
SH-78707,J-2024-06161,2024-12-09,55,2024-12-02,False,capacity
SH-78708,J-2024-06163,2024-12-11,2,2024-12-12,True,
SH-78709,J-2024-06165,2024-12-19,175,2024-12-20,True,
SH-78710,J-2024-06166,2024-12-03,482,2024-12-02,False,capacity
SH-78711,J-2024-06167,2024-12-12,20,2024-12-18,True,
SH-78712,J-2024-06168,2024-12-06,26,2024-12-09,True,
SH-78713,J-2024-06170,2024-12-09,14,2024-12-17,True,
SH-78714,J-2024-06171,2025-01-04,90,2024-12-23,False,
SH-78715,J-2024-06173,2024-12-05,154,2024-12-09,True,
SH-78716,J-2024-06174,2024-12-10,202,2024-12-04,False,capacity
SH-78717,J-2024-06175,2024-12-11,35,2024-12-17,True,
SH-78718,J-2024-06177,2024-12-18,55,2024-12-19,True,
SH-78719,J-2024-06178,2024-12-17,43,2024-12-13,False,capacity
SH-78720,J-2024-06179,2025-01-03,36,2024-12-20,False,
SH-78721,J-2024-06180,2024-12-02,39,2024-12-04,True,
SH-78722,J-2024-06181,2024-11-26,62,2024-11-27,True,
SH-78723,J-2024-06183,2025-01-15,6,2025-01-15,True,
SH-78724,J-2024-06185,2024-12-11,32,2024-12-16,True,
SH-78725,J-2024-06187,2025-01-04,49,2024-12-23,False,outside processing
SH-78726,J-2024-06189,2024-12-14,20,2024-12-12,False,capacity
SH-78727,J-2024-06191,2024-11-26,69,2024-12-02,True,
SH-78728,J-2024-06193,2024-11-26,13,2024-12-03,True,
SH-78729,J-2024-06194,2024-12-03,53,2024-12-05,True,
SH-78730,J-2024-06196,2024-12-03,11,2024-12-10,True,
SH-78731,J-2024-06198,2024-12-16,13,2024-12-23,True,
SH-78732,J-2024-06199,2024-12-12,26,2024-12-18,True,
SH-78733,J-2024-06201,2024-12-04,25,2024-12-09,True,
SH-78734,J-2024-06203,2024-11-27,39,2024-12-02,True,
SH-78735,J-2024-06204,2024-12-04,28,2024-12-13,True,
SH-78736,J-2024-06205,2025-01-04,75,2025-01-03,False,
SH-78737,J-2024-06207,2024-12-20,84,2025-01-02,True,
SH-78738,J-2024-06208,2025-01-08,13,2025-01-02,False,customer change
SH-78739,J-2024-06210,2025-01-08,46,2025-01-06,False,capacity
SH-78740,J-2024-06212,2024-12-14,28,2024-12-13,False,capacity
SH-78741,J-2024-06213,2024-12-17,18,2024-12-18,True,
SH-78742,J-2024-06215,2025-01-15,132,2025-01-13,False,capacity
SH-78743,J-2024-06216,2024-12-04,44,2024-12-10,True,
SH-78744,J-2024-06218,2024-12-17,17,2024-12-19,True,
SH-78745,J-2024-06219,2025-01-17,83,2025-01-09,False,
SH-78746,J-2024-06221,2025-01-07,58,2025-01-02,False,capacity
SH-78747,J-2024-06223,2024-12-11,18,2024-12-11,True,
SH-78748,J-2024-06225,2024-12-09,128,2024-12-16,True,
SH-78749,J-2024-06226,2024-12-05,309,2024-12-10,True,
SH-78750,J-2024-06228,2024-12-10,58,2024-12-12,True,
SH-78751,J-2024-06229,2024-12-09,9,2024-12-13,True,
SH-78752,J-2024-06230,2025-01-24,32,2025-01-22,False,
SH-78753,J-2024-06232,2025-01-22,21,2025-01-22,True,
SH-78754,J-2024-06234,2024-12-04,345,2024-12-03,False,other
SH-78755,J-2024-06235,2024-11-27,1,2024-12-13,True,
SH-78756,J-2024-06237,2025-01-17,94,2025-01-17,True,
SH-78757,J-2024-06239,2025-01-15,9,2025-01-13,False,material
SH-78758,J-2024-06241,2024-12-03,46,2024-12-09,True,
SH-78759,J-2024-06242,2024-12-03,4,2024-12-10,True,
SH-78760,J-2024-06243,2024-12-11,35,2024-12-16,True,
SH-78761,J-2024-06244,2024-12-11,51,2024-12-12,True,
SH-78762,J-2024-06246,2024-12-09,23,2024-12-11,True,
SH-78763,J-2024-06248,2024-12-11,10,2024-12-11,True,
SH-78764,J-2024-06249,2024-12-14,47,2024-12-16,True,
SH-78765,J-2024-06250,2024-12-16,7,2024-12-18,True,
SH-78766,J-2024-06251,2024-12-17,19,2024-12-18,True,
SH-78767,J-2024-06253,2024-12-20,102,2025-01-08,True,
SH-78768,J-2024-06254,2024-12-10,59,2024-12-11,True,
SH-78769,J-2024-06255,2024-12-02,42,2024-12-03,True,
SH-78770,J-2024-06256,2025-01-02,16,2024-12-16,False,other
SH-78771,J-2024-06258,2024-12-05,21,2024-12-05,True,
SH-78772,J-2024-06259,2024-12-13,62,2024-12-12,False,
SH-78773,J-2024-06261,2024-12-05,7,2024-12-06,True,
SH-78774,J-2024-06263,2025-01-06,15,2025-01-07,True,
SH-78775,J-2024-06265,2024-12-12,16,2024-12-18,True,
SH-78776,J-2024-06266,2025-01-03,31,2025-01-03,True,
SH-78777,J-2024-06267,2025-01-07,47,2025-01-03,False,outside processing
SH-78778,J-2024-06268,2024-12-11,9,2024-12-13,True,
SH-78779,J-2024-06269,2024-12-12,14,2024-12-17,True,
SH-78780,J-2024-06271,2025-01-02,46,2024-12-13,False,other
SH-78781,J-2024-06272,2025-01-06,38,2025-01-02,False,
SH-78782,J-2024-06273,2024-12-19,46,2024-12-20,True,
SH-78783,J-2024-06274,2024-12-14,12,2024-12-17,True,
SH-78784,J-2024-06276,2025-01-11,500,2025-01-03,False,capacity
SH-78785,J-2024-06277,2025-01-08,7,2025-01-08,True,
SH-78786,J-2024-06278,2025-01-14,107,2025-01-13,False,other
SH-78787,J-2024-06280,2025-01-07,5,2025-01-03,False,capacity
SH-78788,J-2024-06281,2024-12-17,28,2025-01-07,True,
SH-78789,J-2024-06282,2025-01-07,5,2025-01-07,True,
SH-78790,J-2024-06284,2024-12-05,15,2024-12-20,True,
SH-78791,J-2024-06286,2024-12-06,2,2024-12-12,True,
SH-78792,J-2024-06287,2024-12-11,2,2024-12-18,True,
SH-78793,J-2024-06288,2025-01-08,18,2025-01-10,True,
SH-78794,J-2024-06290,2024-12-19,9,2024-12-20,True,
SH-78795,J-2024-06292,2024-12-12,86,2024-12-16,True,
SH-78796,J-2024-06294,2024-12-06,26,2024-12-06,True,
SH-78797,J-2024-06296,2025-01-13,225,2025-01-03,False,capacity
SH-78798,J-2024-06298,2024-12-18,73,2024-12-18,True,
SH-78799,J-2024-06300,2024-12-05,16,2024-12-03,False,capacity
SH-78800,J-2024-06302,2025-01-11,13,2025-01-09,False,capacity
SH-78801,J-2024-06303,2024-12-12,59,2024-12-17,True,
SH-78802,J-2024-06305,2024-12-16,55,2024-12-16,True,
SH-78803,J-2024-06307,2024-12-17,6,2024-12-11,False,
SH-78804,J-2024-06309,2024-12-18,65,2024-12-16,False,
SH-78805,J-2024-06311,2024-12-16,4,2024-12-19,True,
SH-78806,J-2024-06312,2024-12-20,183,2025-01-06,True,
SH-78807,J-2024-06314,2024-12-18,32,2024-12-17,False,capacity
SH-78808,J-2024-06316,2024-12-17,11,2024-12-18,True,
SH-78809,J-2024-06317,2025-01-07,38,2025-01-03,False,capacity
SH-78810,J-2024-06318,2024-12-13,256,2024-12-13,True,
SH-78811,J-2024-06319,2025-01-02,41,2024-12-19,False,capacity
SH-78812,J-2024-06320,2025-01-02,4,2025-01-06,True,
SH-78813,J-2024-06322,2024-12-06,95,2024-12-12,True,
SH-78814,J-2024-06324,2024-12-09,32,2024-12-05,False,capacity
SH-78815,J-2024-06325,2025-01-15,32,2025-01-15,True,
SH-78816,J-2024-06326,2025-01-10,26,2025-01-06,False,capacity
SH-78817,J-2024-06328,2025-01-02,3,2024-12-17,False,quality
SH-78818,J-2024-06330,2025-01-02,4,2025-01-03,True,
SH-78819,J-2024-06332,2025-01-03,60,2024-12-23,False,capacity
SH-78820,J-2024-06333,2025-01-17,3,2025-01-14,False,
SH-78821,J-2024-06334,2024-12-20,11,2025-01-06,True,
SH-78822,J-2024-06335,2025-01-02,6,2025-01-06,True,
SH-78823,J-2024-06337,2024-12-04,34,2024-12-06,True,
SH-78824,J-2024-06338,2025-01-06,106,2025-01-06,True,
SH-78825,J-2024-06340,2024-12-04,45,2024-12-16,True,
SH-78826,J-2024-06342,2024-12-04,32,2024-12-04,True,
SH-78827,J-2024-06343,2025-01-17,16,2025-01-13,False,
SH-78828,J-2024-06345,2025-01-02,12,2025-01-06,True,
SH-78829,J-2024-06347,2024-12-12,15,2024-12-12,True,
SH-78830,J-2024-06348,2024-12-17,19,2024-12-18,True,
SH-78831,J-2024-06350,2024-12-23,95,2024-12-12,False,other
SH-78832,J-2024-06351,2024-12-17,55,2024-12-17,True,
SH-78833,J-2024-06352,2024-12-20,10,2025-01-06,True,
SH-78834,J-2024-06353,2024-12-18,7,2024-12-16,False,other
SH-78835,J-2024-06354,2025-01-10,11,2024-12-23,False,quality
SH-78836,J-2024-06356,2024-12-03,21,2024-12-04,True,
SH-78837,J-2024-06357,2024-12-23,4,2025-01-02,True,
SH-78838,J-2024-06359,2024-12-13,41,2024-12-17,True,
SH-78839,J-2024-06361,2025-01-02,18,2025-01-07,True,
SH-78840,J-2024-06362,2025-01-08,29,2025-01-07,False,capacity
SH-78841,J-2024-06363,2025-01-07,13,2025-01-03,False,
SH-78842,J-2024-06365,2025-01-10,35,2025-01-02,False,capacity
SH-78843,J-2024-06367,2024-12-12,22,2024-12-10,False,capacity
SH-78844,J-2024-06369,2025-01-16,9,2025-01-09,False,capacity
SH-78845,J-2024-06370,2025-01-07,19,2025-01-07,True,
SH-78846,J-2024-06372,2024-12-10,6,2024-12-09,False,quality
SH-78847,J-2024-06374,2025-01-08,8,2025-01-09,True,
SH-78848,J-2024-06375,2024-12-11,8,2024-12-16,True,
SH-78849,J-2024-06376,2025-01-07,11,2025-01-07,True,
SH-78850,J-2024-06377,2024-12-09,61,2024-12-17,True,
SH-78851,J-2024-06378,2024-12-06,20,2024-12-09,True,
SH-78852,J-2024-06379,2025-01-08,34,2025-01-07,False,capacity
SH-78853,J-2024-06381,2025-01-30,10,2025-01-31,True,
SH-78854,J-2024-06382,2025-01-07,20,2025-01-08,True,
SH-78855,J-2024-06384,2025-01-16,5,2025-01-07,False,capacity
SH-78856,J-2024-06386,2024-12-11,17,2024-12-17,True,
SH-78857,J-2024-06388,2024-12-12,20,2024-12-13,True,
SH-78858,J-2024-06389,2025-01-10,7,2025-01-07,False,
SH-78859,J-2024-06390,2024-12-04,44,2024-12-05,True,
SH-78860,J-2024-06391,2024-12-18,197,2024-12-18,True,
SH-78861,J-2024-06392,2024-12-10,160,2024-12-05,False,capacity
SH-78862,J-2024-06394,2025-01-11,14,2025-01-03,False,capacity
SH-78863,J-2024-06395,2025-01-15,118,2025-01-13,False,
SH-78864,J-2024-06396,2025-01-09,4,2025-01-08,False,capacity
SH-78865,J-2024-06398,2025-01-06,114,2025-01-06,True,
SH-78866,J-2024-06399,2024-12-19,14,2024-12-23,True,
SH-78867,J-2024-06401,2024-12-20,45,2024-12-16,False,other
SH-78868,J-2024-06403,2024-12-19,6,2024-12-19,True,
SH-78869,J-2024-06405,2025-01-16,5,2025-01-10,False,capacity
SH-78870,J-2024-06406,2025-01-07,8,2025-01-03,False,
SH-78871,J-2024-06407,2024-12-19,23,2024-12-23,True,
SH-78872,J-2024-06408,2024-12-05,1,2024-12-19,True,
SH-78873,J-2024-06409,2024-12-23,11,2024-12-17,False,capacity
SH-78874,J-2024-06410,2025-01-09,65,2025-01-07,False,
SH-78875,J-2024-06411,2024-12-06,63,2024-12-11,True,
SH-78876,J-2024-06413,2024-12-17,28,2024-12-17,True,
SH-78877,J-2024-06414,2024-12-18,4,2024-12-19,True,
SH-78878,J-2024-06415,2024-12-19,4,2024-12-19,True,
SH-78879,J-2024-06416,2025-01-22,74,2025-01-20,False,outside processing
SH-78880,J-2024-06418,2024-12-18,35,2024-12-16,False,outside processing
SH-78881,J-2024-06420,2025-01-04,4,2025-01-06,True,
SH-78882,J-2024-06422,2025-01-20,54,2025-01-17,False,capacity
SH-78883,J-2024-06423,2025-01-02,21,2024-12-17,False,capacity
SH-78884,J-2024-06424,2024-12-12,152,2024-12-19,True,
SH-78885,J-2024-06426,2024-12-18,12,2024-12-18,True,
SH-78886,J-2024-06427,2024-12-19,17,2024-12-18,False,capacity
SH-78887,J-2024-06428,2025-01-02,8,2025-01-03,True,
SH-78888,J-2024-06430,2024-12-18,27,2024-12-18,True,
SH-78889,J-2024-06431,2025-01-02,4,2025-01-02,True,
SH-78890,J-2024-06433,2025-01-04,43,2025-01-06,True,
SH-78891,J-2024-06435,2025-02-11,13,2025-02-12,True,
SH-78892,J-2024-06437,2024-12-11,17,2024-12-16,True,
SH-78893,J-2024-06438,2025-01-21,25,2025-01-08,False,capacity
SH-78894,J-2024-06440,2025-01-13,5,2025-01-08,False,capacity
SH-78895,J-2024-06442,2025-01-16,29,2025-01-13,False,capacity
SH-78896,J-2024-06444,2025-01-16,9,2025-01-08,False,capacity
SH-78897,J-2024-06445,2024-12-19,45,2024-12-19,True,
SH-78898,J-2024-06446,2024-12-21,42,2024-12-23,True,
SH-78899,J-2024-06448,2025-01-09,119,2025-01-08,False,capacity
SH-78900,J-2024-06449,2024-12-06,13,2025-01-29,True,
SH-78901,J-2024-06450,2024-12-20,2,2025-01-02,True,
SH-78902,J-2024-06451,2024-12-18,82,2024-12-13,False,
SH-78903,J-2024-06452,2024-12-05,63,2024-12-09,True,
SH-78904,J-2024-06454,2024-12-09,22,2024-12-11,True,
SH-78905,J-2024-06455,2024-12-13,99,2024-12-11,False,capacity
SH-78906,J-2024-06456,2025-01-07,166,2025-01-09,True,
SH-78907,J-2024-06457,2025-01-10,63,2025-01-13,True,
SH-78908,J-2024-06459,2024-12-12,102,2024-12-19,True,
SH-78909,J-2024-06460,2025-01-18,54,2025-01-17,False,
SH-78910,J-2024-06461,2024-12-16,64,2025-01-06,True,
SH-78911,J-2024-06463,2025-01-28,12,2025-01-17,False,capacity
SH-78912,J-2024-06464,2024-12-12,81,2024-12-17,True,
SH-78913,J-2024-06466,2025-01-16,29,2025-01-16,True,
SH-78914,J-2024-06468,2024-12-17,39,2024-12-17,True,
SH-78915,J-2024-06470,2024-12-20,17,2024-12-23,True,
SH-78916,J-2024-06471,2024-12-14,31,2024-12-23,True,
SH-78917,J-2024-06472,2024-12-12,28,2024-12-17,True,
SH-78918,J-2024-06473,2025-02-11,4,2025-02-10,False,capacity
SH-78919,J-2024-06474,2025-01-15,36,2025-01-14,False,capacity
SH-78920,J-2024-06475,2024-12-18,48,2024-12-17,False,
SH-78921,J-2024-06477,2024-12-11,76,2024-12-23,True,
SH-78922,J-2024-06478,2025-01-15,6,2025-01-16,True,
SH-78923,J-2024-06480,2024-12-06,35,2024-12-12,True,
SH-78924,J-2024-06482,2025-01-13,26,2025-01-09,False,capacity
SH-78925,J-2024-06484,2025-01-14,5,2025-01-10,False,
SH-78926,J-2024-06486,2024-12-13,11,2024-12-17,True,
SH-78927,J-2024-06487,2025-01-14,54,2025-01-09,False,capacity
SH-78928,J-2024-06489,2025-01-10,6,2025-01-13,True,
SH-78929,J-2024-06490,2024-12-14,9,2024-12-17,True,
SH-78930,J-2024-06492,2025-02-07,11,2025-02-04,False,capacity
SH-78931,J-2024-06493,2025-01-27,22,2025-01-23,False,quality
SH-78932,J-2024-06494,2025-01-10,23,2025-01-09,False,
SH-78933,J-2024-06495,2025-01-13,3,2025-01-06,False,capacity
SH-78934,J-2024-06496,2024-12-10,18,2024-12-17,True,
SH-78935,J-2024-06498,2025-01-04,7,2025-01-06,True,
SH-78936,J-2024-06499,2025-01-03,12,2025-01-02,False,material
SH-78937,J-2024-06501,2024-12-20,4,2025-01-08,True,
SH-78938,J-2024-06503,2025-01-11,9,2025-01-03,False,capacity
SH-78939,J-2024-06504,2025-01-17,26,2025-01-10,False,
SH-78940,J-2024-06505,2025-01-10,40,2024-12-20,False,
SH-78941,J-2024-06506,2024-12-17,12,2024-12-19,True,
SH-78942,J-2024-06507,2024-12-09,5,2024-12-13,True,
SH-78943,J-2024-06509,2025-01-14,34,2025-01-07,False,capacity
SH-78944,J-2024-06511,2024-12-11,20,2024-12-11,True,
SH-78945,J-2024-06512,2024-12-19,9,2024-12-19,True,
SH-78946,J-2024-06514,2024-12-06,22,2024-12-10,True,
SH-78947,J-2024-06515,2025-01-03,17,2024-12-20,False,capacity
SH-78948,J-2024-06517,2024-12-21,10,2024-12-18,False,capacity
SH-78949,J-2024-06519,2024-12-18,2,2025-01-02,True,
SH-78950,J-2024-06521,2024-12-19,256,2024-12-12,False,capacity
SH-78951,J-2024-06523,2024-12-09,38,2024-12-11,True,
SH-78952,J-2024-06525,2025-01-10,9,2025-01-14,True,
SH-78953,J-2024-06526,2025-01-02,21,2025-01-03,True,
SH-78954,J-2024-06528,2024-12-12,33,2024-12-20,True,
SH-78955,J-2024-06529,2025-01-03,17,2024-12-23,False,
SH-78956,J-2024-06531,2024-12-18,42,2024-12-13,False,customer change
SH-78957,J-2024-06533,2025-01-09,9,2025-01-08,False,
SH-78958,J-2024-06534,2025-01-15,39,2025-01-15,True,
SH-78959,J-2024-06535,2025-01-13,16,2025-01-13,True,
SH-78960,J-2024-06537,2024-12-19,31,2025-01-02,True,
SH-78961,J-2024-06539,2025-01-14,16,2025-01-06,False,capacity
SH-78962,J-2024-06540,2025-01-11,29,2025-01-09,False,material
SH-78963,J-2024-06541,2025-01-16,50,2025-01-14,False,customer change
SH-78964,J-2024-06542,2024-12-10,8,2024-12-11,True,
SH-78965,J-2024-06544,2025-01-13,18,2025-01-13,True,
SH-78966,J-2024-06545,2025-01-16,12,2025-01-13,False,capacity
SH-78967,J-2024-06546,2024-12-20,4,2025-01-06,True,
SH-78968,J-2024-06548,2025-01-09,39,2025-01-08,False,
SH-78969,J-2024-06550,2025-01-09,3,2025-01-06,False,capacity
SH-78970,J-2024-06551,2024-12-20,67,2024-12-19,False,
SH-78971,J-2024-06553,2025-01-23,50,2025-01-22,False,
SH-78972,J-2024-06554,2025-01-27,5,2025-01-14,False,capacity
SH-78973,J-2024-06556,2024-12-20,64,2025-01-02,True,
SH-78974,J-2024-06557,2025-01-07,17,2025-01-03,False,capacity
SH-78975,J-2024-06558,2025-01-14,15,2025-01-13,False,material
SH-78976,J-2024-06560,2025-01-15,168,2025-01-07,False,capacity
SH-78977,J-2024-06562,2024-12-17,34,2024-12-13,False,capacity
SH-78978,J-2024-06563,2024-12-21,70,2025-01-06,True,
SH-78979,J-2024-06564,2025-01-17,32,2025-01-15,False,outside processing
SH-78980,J-2024-06565,2024-12-14,89,2024-12-20,True,
SH-78981,J-2024-06567,2025-01-07,45,2025-01-08,True,
SH-78982,J-2024-06569,2025-01-02,28,2025-01-07,True,
SH-78983,J-2024-06570,2024-12-20,4,2025-01-02,True,
SH-78984,J-2024-06572,2025-01-10,151,2025-01-14,True,
SH-78985,J-2024-06573,2025-01-10,21,2025-01-09,False,
SH-78986,J-2024-06574,2024-12-20,7,2024-12-20,True,
SH-78987,J-2024-06576,2024-12-16,54,2024-12-23,True,
SH-78988,J-2024-06577,2025-01-21,3,2025-01-17,False,outside processing
SH-78989,J-2024-06579,2024-12-12,30,2024-12-17,True,
SH-78990,J-2024-06580,2024-12-19,163,2024-12-18,False,
SH-78991,J-2024-06582,2025-01-21,18,2025-01-22,True,
SH-78992,J-2024-06584,2025-01-09,8,2025-01-08,False,capacity
SH-78993,J-2024-06585,2025-01-14,171,2025-01-14,True,
SH-78994,J-2024-06586,2024-12-20,98,2024-12-17,False,capacity
SH-78995,J-2024-06587,2025-01-21,26,2025-01-15,False,
SH-78996,J-2024-06588,2025-01-04,8,2025-01-03,False,
SH-78997,J-2024-06589,2025-01-17,19,2025-01-20,True,
SH-78998,J-2024-06591,2025-01-09,76,2025-01-10,True,
SH-78999,J-2024-06592,2024-12-19,27,2024-12-13,False,material
SH-79000,J-2024-06593,2025-01-07,9,2025-01-03,False,
SH-79001,J-2024-06594,2025-01-15,12,2025-01-08,False,other
SH-79002,J-2024-06595,2024-12-13,18,2024-12-23,True,
SH-79003,J-2024-06596,2024-12-19,27,2024-12-16,False,other
SH-79004,J-2024-06597,2024-12-12,3,2024-12-16,True,
SH-79005,J-2024-06599,2025-01-09,10,2025-01-10,True,
SH-79006,J-2024-06600,2025-01-04,34,2025-01-03,False,capacity
SH-79007,J-2024-06602,2024-12-12,12,2024-12-18,True,
SH-79008,J-2024-06604,2024-12-19,38,2025-01-03,True,
SH-79009,J-2024-06605,2024-12-21,52,2024-12-23,True,
SH-79010,J-2024-06607,2025-01-13,24,2025-01-10,False,capacity
SH-79011,J-2024-06608,2025-01-31,23,2025-01-22,False,
SH-79012,J-2024-06610,2024-12-20,16,2024-12-18,False,capacity
SH-79013,J-2024-06612,2025-02-05,160,2025-01-29,False,
SH-79014,J-2024-06614,2025-01-09,62,2025-01-02,False,
SH-79015,J-2024-06616,2024-12-19,55,2024-12-19,True,
SH-79016,J-2024-06618,2025-01-07,10,2024-12-23,False,capacity
SH-79017,J-2024-06620,2025-01-24,4,2025-01-15,False,outside processing
SH-79018,J-2024-06621,2025-01-16,23,2025-01-13,False,customer change
SH-79019,J-2024-06622,2025-01-07,45,2024-12-23,False,capacity
SH-79020,J-2024-06623,2025-01-08,8,2025-01-15,True,
SH-79021,J-2024-06624,2024-12-12,14,2024-12-16,True,
SH-79022,J-2024-06625,2025-01-15,13,2025-01-10,False,capacity
SH-79023,J-2024-06626,2025-01-28,11,2025-01-22,False,customer change
SH-79024,J-2024-06627,2025-01-07,10,2025-01-08,True,
SH-79025,J-2024-06629,2025-01-30,73,2025-01-29,False,capacity
SH-79026,J-2024-06631,2025-01-08,57,2025-01-07,False,capacity
SH-79027,J-2024-06632,2024-12-18,35,2025-01-07,True,
SH-79028,J-2024-06633,2024-12-21,17,2024-12-23,True,
SH-79029,J-2024-06635,2025-02-04,10,2025-02-04,True,
SH-79030,J-2024-06637,2024-12-12,6,2024-12-13,True,
SH-79031,J-2024-06639,2025-01-02,18,2024-12-23,False,capacity
SH-79032,J-2024-06640,2025-02-06,26,2025-01-22,False,
SH-79033,J-2024-06642,2024-12-11,17,2024-12-16,True,
SH-79034,J-2024-06644,2025-01-22,26,2025-01-15,False,
SH-79035,J-2024-06645,2024-12-11,21,2024-12-13,True,
SH-79036,J-2024-06646,2025-01-03,17,2025-01-02,False,capacity
SH-79037,J-2024-06647,2025-01-22,23,2025-01-21,False,capacity
SH-79038,J-2024-06649,2025-01-15,5,2025-01-16,True,
SH-79039,J-2024-06650,2025-01-10,116,2025-01-09,False,
SH-79040,J-2024-06652,2025-01-09,23,2025-01-09,True,
SH-79041,J-2024-06654,2024-12-19,32,2024-12-19,True,
SH-79042,J-2024-06656,2025-01-17,57,2025-01-10,False,
SH-79043,J-2024-06657,2025-01-23,71,2025-01-17,False,customer change
SH-79044,J-2024-06658,2025-01-16,60,2025-01-09,False,
SH-79045,J-2024-06659,2025-01-06,67,2025-01-03,False,capacity
SH-79046,J-2024-06660,2025-01-13,29,2025-01-10,False,capacity
SH-79047,J-2024-06662,2025-01-28,95,2025-01-23,False,
SH-79048,J-2024-06663,2024-12-18,70,2024-12-19,True,
SH-79049,J-2024-06665,2025-01-24,8,2025-01-20,False,
SH-79050,J-2024-06666,2025-02-05,2,2025-01-28,False,capacity
SH-79051,J-2024-06667,2025-01-03,31,2025-01-03,True,
SH-79052,J-2024-06668,2025-01-03,28,2024-12-17,False,capacity
SH-79053,J-2024-06669,2024-12-20,133,2025-01-02,True,
SH-79054,J-2024-06670,2025-01-30,63,2025-01-24,False,capacity
SH-79055,J-2024-06672,2025-01-14,6,2025-01-14,True,
SH-79056,J-2024-06673,2025-01-06,37,2025-01-06,True,
SH-79057,J-2024-06675,2025-01-21,30,2025-01-17,False,
SH-79058,J-2024-06676,2025-01-13,10,2025-01-10,False,capacity
SH-79059,J-2024-06677,2025-01-14,14,2025-01-09,False,capacity
SH-79060,J-2024-06679,2025-01-29,12,2025-01-17,False,
SH-79061,J-2024-06680,2025-01-28,24,2025-01-17,False,capacity
SH-79062,J-2024-06681,2025-01-07,8,2025-01-06,False,
SH-79063,J-2024-06682,2025-02-05,97,2025-01-24,False,
SH-79064,J-2024-06684,2025-02-01,4,2025-01-23,False,
SH-79065,J-2024-06686,2025-01-10,7,2025-01-03,False,
SH-79066,J-2024-06687,2025-01-07,25,2025-01-03,False,
SH-79067,J-2024-06688,2024-12-18,14,2024-12-23,True,
SH-79068,J-2024-06690,2025-01-14,15,2025-01-14,True,
SH-79069,J-2024-06692,2024-12-19,18,2024-12-19,True,
SH-79070,J-2024-06694,2025-01-22,101,2025-01-17,False,
SH-79071,J-2024-06695,2025-01-27,68,2025-01-20,False,capacity
SH-79072,J-2024-06696,2025-01-09,171,2025-01-03,False,material
SH-79073,J-2024-06698,2025-02-03,82,2025-01-31,False,
SH-79074,J-2024-06700,2025-01-23,315,2025-01-17,False,material
SH-79075,J-2024-06702,2025-01-10,31,2025-01-08,False,capacity
SH-79076,J-2024-06703,2025-01-27,41,2025-01-17,False,capacity
SH-79077,J-2024-06705,2025-01-18,236,2025-01-23,True,
SH-79078,J-2024-06706,2025-01-14,113,2025-01-03,False,other
SH-79079,J-2024-06707,2025-01-08,104,2025-01-09,True,
SH-79080,J-2024-06709,2025-01-06,18,2025-01-03,False,material
SH-79081,J-2024-06711,2025-01-11,20,2025-01-06,False,
SH-79082,J-2024-06713,2024-12-18,18,2024-12-19,True,
SH-79083,J-2024-06714,2025-02-01,46,2025-01-23,False,
SH-79084,J-2024-06716,2025-01-31,38,2025-01-28,False,quality
SH-79085,J-2024-06718,2025-01-08,17,2025-01-06,False,
SH-79086,J-2024-06720,2025-01-28,27,2025-01-17,False,
SH-79087,J-2024-06721,2025-01-16,156,2025-01-10,False,
SH-79088,J-2024-06723,2025-01-18,71,2025-01-14,False,material
SH-79089,J-2024-06725,2025-01-07,26,2025-01-08,True,
SH-79090,J-2024-06726,2025-02-05,2,2025-01-29,False,
SH-79091,J-2024-06727,2025-01-07,9,2025-01-06,False,
SH-79092,J-2024-06728,2025-01-07,1,2025-01-08,True,
SH-79093,J-2024-06729,2025-01-31,179,2025-01-20,False,
SH-79094,J-2024-06730,2025-01-27,22,2025-01-23,False,capacity
SH-79095,J-2024-06731,2025-01-15,65,2025-01-15,True,
SH-79096,J-2024-06733,2025-01-08,4,2025-01-07,False,capacity
SH-79097,J-2024-06735,2025-01-14,35,2025-01-14,True,
SH-79098,J-2024-06737,2025-01-14,16,2025-01-14,True,
SH-79099,J-2024-06738,2025-02-17,84,2025-02-05,False,customer change
SH-79100,J-2024-06739,2025-01-08,22,2025-01-08,True,
SH-79101,J-2024-06741,2024-12-18,38,2024-12-19,True,
SH-79102,J-2024-06743,2024-12-19,74,2024-12-19,True,
SH-79103,J-2024-06744,2025-01-15,141,2025-01-16,True,
SH-79104,J-2024-06746,2025-01-27,500,2025-01-20,False,capacity
SH-79105,J-2024-06747,2025-02-06,15,2025-01-31,False,capacity
SH-79106,J-2024-06748,2025-01-17,21,2025-01-13,False,capacity
SH-79107,J-2024-06750,2025-01-14,72,2025-01-13,False,
SH-79108,J-2024-06751,2025-01-15,252,2025-01-14,False,capacity
SH-79109,J-2024-06752,2025-02-04,363,2025-01-23,False,
SH-79110,J-2024-06754,2025-01-21,73,2025-01-22,True,
SH-79111,J-2024-06756,2025-01-14,15,2025-01-07,False,
SH-79112,J-2024-06758,2025-01-08,4,2025-01-07,False,outside processing
SH-79113,J-2024-06760,2025-01-16,13,2025-01-16,True,
SH-79114,J-2024-06762,2024-12-18,15,2025-01-02,True,
SH-79115,J-2024-06764,2025-01-21,8,2025-01-21,True,
SH-79116,J-2024-06765,2025-01-21,7,2025-01-17,False,capacity
SH-79117,J-2024-06766,2025-01-15,50,2025-01-07,False,
SH-79118,J-2024-06767,2025-01-09,3,2025-01-09,True,
SH-79119,J-2024-06768,2025-01-28,20,2025-01-21,False,capacity
SH-79120,J-2024-06769,2025-01-22,13,2025-01-20,False,capacity
SH-79121,J-2024-06771,2025-01-11,173,2025-01-02,False,capacity
SH-79122,J-2024-06773,2025-01-21,238,2025-01-20,False,customer change
SH-79123,J-2024-06775,2024-12-18,42,2024-12-19,True,
SH-79124,J-2024-06776,2025-01-15,15,2025-01-14,False,
SH-79125,J-2024-06778,2025-01-18,26,2025-01-17,False,
SH-79126,J-2024-06779,2025-01-24,143,2025-01-17,False,capacity
SH-79127,J-2024-06781,2025-01-09,36,2025-01-10,True,
SH-79128,J-2024-06782,2025-01-17,15,2025-01-13,False,
SH-79129,J-2024-06783,2024-12-20,89,2025-01-03,True,
SH-79130,J-2024-06785,2025-01-13,32,2025-01-13,True,
SH-79131,J-2024-06787,2025-01-29,10,2025-01-24,False,
SH-79132,J-2024-06789,2025-01-10,9,2025-01-10,True,
SH-79133,J-2024-06791,2025-01-14,35,2025-01-14,True,
SH-79134,J-2024-06792,2025-01-17,3,2025-01-22,True,
SH-79135,J-2024-06793,2025-01-09,36,2025-01-13,True,
SH-79136,J-2024-06794,2025-01-02,39,2025-01-06,True,
SH-79137,J-2024-06795,2025-01-09,56,2025-01-10,True,
SH-79138,J-2024-06797,2025-01-08,5,2025-01-07,False,
SH-79139,J-2024-06799,2025-01-15,25,2025-01-16,True,
SH-79140,J-2024-06801,2025-01-16,23,2025-01-16,True,
SH-79141,J-2024-06802,2025-01-31,9,2025-01-22,False,
SH-79142,J-2024-06804,2025-01-07,19,2025-01-03,False,
SH-79143,J-2024-06806,2025-02-04,30,2025-01-30,False,material
SH-79144,J-2024-06807,2025-01-28,20,2025-01-23,False,capacity
SH-79145,J-2024-06808,2025-01-15,36,2025-01-10,False,other
SH-79146,J-2024-06810,2025-01-28,131,2025-01-23,False,
SH-79147,J-2024-06811,2025-01-29,61,2025-01-22,False,capacity
SH-79148,J-2024-06813,2025-01-17,6,2025-01-13,False,
SH-79149,J-2024-06815,2024-12-20,12,2025-01-03,True,
SH-79150,J-2024-06817,2025-01-21,8,2025-01-14,False,capacity
SH-79151,J-2024-06819,2025-02-11,106,2025-01-27,False,capacity
SH-79152,J-2024-06820,2025-01-11,22,2025-01-09,False,capacity
SH-79153,J-2024-06821,2025-01-31,49,2025-01-22,False,capacity
SH-79154,J-2024-06823,2025-01-15,25,2025-01-15,True,
SH-79155,J-2024-06825,2025-02-01,45,2025-01-22,False,outside processing
SH-79156,J-2024-06827,2024-12-20,14,2024-12-23,True,
SH-79157,J-2024-06829,2025-01-10,58,2025-01-08,False,
SH-79158,J-2024-06831,2025-01-15,11,2025-01-14,False,customer change
SH-79159,J-2024-06832,2025-01-15,48,2025-01-15,True,
SH-79160,J-2024-06834,2025-01-20,19,2025-01-20,True,
SH-79161,J-2024-06835,2025-01-13,19,2025-01-06,False,capacity
SH-79162,J-2024-06837,2025-01-31,1,2025-01-22,False,outside processing
SH-79163,J-2024-06839,2025-01-22,28,2025-01-22,True,
SH-79164,J-2024-06840,2025-01-24,67,2025-01-15,False,customer change
SH-79165,J-2024-06842,2025-01-30,19,2025-01-22,False,customer change
SH-79166,J-2024-06844,2025-01-08,29,2025-01-09,True,
SH-79167,J-2024-06845,2025-01-10,217,2025-01-09,False,capacity
SH-79168,J-2024-06847,2025-02-15,11,2025-02-14,False,capacity
SH-79169,J-2024-06848,2025-01-15,14,2025-01-15,True,
SH-79170,J-2024-06850,2025-01-09,79,2024-12-23,False,material
SH-79171,J-2024-06851,2025-01-31,3,2025-01-23,False,capacity
SH-79172,J-2024-06853,2025-01-15,18,2025-01-15,True,
SH-79173,J-2024-06854,2025-01-20,45,2025-01-16,False,material
SH-79174,J-2024-06856,2024-12-20,20,2025-01-03,True,
SH-79175,J-2024-06858,2025-01-30,48,2025-01-23,False,capacity
SH-79176,J-2024-06860,2025-01-27,88,2025-01-17,False,capacity
SH-79177,J-2024-06861,2025-01-30,462,2025-01-23,False,capacity
SH-79178,J-2024-06862,2025-01-16,8,2025-01-15,False,capacity
SH-79179,J-2024-06864,2024-12-23,8,2024-12-23,True,
SH-79180,J-2024-06866,2024-12-20,2,2025-01-06,True,
SH-79181,J-2024-06868,2025-01-18,24,2025-01-15,False,outside processing
SH-79182,J-2024-06870,2025-01-18,72,2025-01-17,False,capacity
SH-79183,J-2024-06872,2025-01-14,49,2025-01-15,True,
SH-79184,J-2024-06874,2025-01-14,198,2025-01-13,False,
SH-79185,J-2024-06876,2025-01-21,62,2025-01-21,True,
SH-79186,J-2024-06878,2025-01-31,49,2025-01-29,False,
SH-79187,J-2024-06879,2025-02-01,183,2025-01-27,False,material
SH-79188,J-2024-06880,2025-02-07,116,2025-02-07,True,
SH-79189,J-2024-06881,2025-01-15,21,2025-01-16,True,
SH-79190,J-2024-06882,2025-01-15,7,2025-01-16,True,
SH-79191,J-2024-06884,2025-02-05,6,2025-02-04,False,capacity
SH-79192,J-2024-06885,2025-02-04,20,2025-01-28,False,
SH-79193,J-2024-06886,2025-01-21,188,2025-01-13,False,capacity
SH-79194,J-2024-06888,2025-01-16,27,2025-01-16,True,
SH-79195,J-2024-06889,2025-01-13,31,2025-01-14,True,
SH-79196,J-2024-06891,2025-01-22,119,2025-01-17,False,material
SH-79197,J-2024-06892,2025-01-27,6,2025-01-21,False,
SH-79198,J-2024-06893,2025-02-19,2,2025-02-18,False,
SH-79199,J-2024-06894,2025-01-31,101,2025-01-22,False,
SH-79200,J-2024-06896,2025-01-29,8,2025-01-27,False,
SH-79201,J-2024-06897,2025-01-17,159,2025-01-13,False,capacity
SH-79202,J-2024-06899,2025-01-02,21,2025-01-02,True,
SH-79203,J-2024-06900,2025-01-28,54,2025-01-17,False,capacity
SH-79204,J-2024-06901,2025-01-15,35,2025-01-14,False,
SH-79205,J-2024-06903,2025-01-29,62,2025-01-22,False,customer change
SH-79206,J-2024-06905,2025-01-08,17,2025-01-02,False,other
SH-79207,J-2024-06906,2025-01-02,2,2025-01-06,True,
SH-79208,J-2024-06908,2025-01-24,4,2025-01-16,False,
SH-79209,J-2024-06910,2025-01-14,12,2025-01-14,True,
SH-79210,J-2024-06911,2025-02-06,267,2025-01-29,False,customer change
SH-79211,J-2024-06913,2025-01-24,117,2025-01-23,False,capacity
SH-79212,J-2024-06915,2025-01-14,7,2025-01-13,False,capacity
SH-79213,J-2024-06916,2025-01-20,70,2025-01-17,False,outside processing
SH-79214,J-2024-06918,2025-01-27,19,2025-01-21,False,material
SH-79215,J-2024-06919,2025-01-02,11,2025-01-15,True,
SH-79216,J-2024-06920,2025-02-03,22,2025-02-03,True,
SH-79217,J-2024-06922,2025-01-20,20,2025-01-17,False,capacity
SH-79218,J-2024-06924,2025-01-23,5,2025-01-15,False,capacity
SH-79219,J-2024-06926,2025-01-20,7,2025-01-20,True,
SH-79220,J-2024-06927,2025-01-14,248,2025-01-13,False,
SH-79221,J-2024-06929,2025-01-18,18,2025-01-17,False,capacity
SH-79222,J-2024-06930,2025-02-05,35,2025-01-28,False,
SH-79223,J-2024-06932,2025-02-14,75,2025-02-17,True,
SH-79224,J-2024-06934,2025-01-15,112,2025-01-13,False,capacity
SH-79225,J-2024-06935,2025-01-14,433,2025-01-08,False,
SH-79226,J-2024-06936,2025-01-10,49,2025-01-09,False,
SH-79227,J-2024-06938,2025-01-03,6,2025-01-08,True,
SH-79228,J-2024-06940,2025-01-31,363,2025-01-28,False,
SH-79229,J-2024-06941,2025-01-13,1,2025-01-10,False,material
SH-79230,J-2024-06943,2025-01-15,17,2025-01-17,True,
SH-79231,J-2024-06944,2025-01-25,66,2025-01-29,True,
SH-79232,J-2024-06945,2025-01-29,24,2025-01-27,False,
SH-79233,J-2024-06946,2025-01-09,43,2025-01-13,True,
SH-79234,J-2024-06947,2025-02-12,18,2025-02-06,False,capacity
SH-79235,J-2024-06948,2025-01-09,9,2025-01-15,True,
SH-79236,J-2024-06949,2025-01-13,48,2025-01-10,False,capacity
SH-79237,J-2024-06950,2025-01-21,62,2025-01-14,False,
SH-79238,J-2024-06951,2025-02-07,64,2025-02-05,False,
SH-79239,J-2024-06952,2025-01-28,74,2025-01-23,False,capacity
SH-79240,J-2024-06953,2025-01-29,25,2025-01-27,False,
SH-79241,J-2024-06955,2025-02-07,3,2025-02-03,False,
SH-79242,J-2024-06956,2025-02-20,8,2025-02-18,False,capacity
SH-79243,J-2024-06958,2025-01-02,13,2025-01-03,True,
SH-79244,J-2024-06960,2025-01-30,133,2025-01-23,False,
SH-79245,J-2024-06962,2025-01-22,5,2025-01-20,False,
SH-79246,J-2024-06964,2025-02-14,25,2025-02-10,False,
SH-79247,J-2024-06965,2025-01-21,13,2025-01-21,True,
SH-79248,J-2024-06967,2025-01-16,143,2025-01-17,True,
SH-79249,J-2024-06969,2025-01-16,39,2025-01-14,False,
SH-79250,J-2024-06971,2025-02-10,33,2025-01-28,False,material
SH-79251,J-2024-06972,2025-01-31,5,2025-01-22,False,capacity
SH-79252,J-2024-06973,2025-02-04,4,2025-01-30,False,customer change
SH-79253,J-2024-06974,2025-01-29,34,2025-01-24,False,
SH-79254,J-2024-06975,2025-01-03,7,2025-01-06,True,
SH-79255,J-2024-06977,2025-01-23,500,2025-01-15,False,quality
SH-79256,J-2024-06979,2025-01-24,34,2025-01-22,False,material
SH-79257,J-2024-06981,2025-01-16,1,2025-01-14,False,
SH-79258,J-2024-06982,2025-01-06,42,2025-01-09,True,
SH-79259,J-2024-06983,2025-02-05,3,2025-01-24,False,capacity
SH-79260,J-2024-06985,2025-01-27,21,2025-01-23,False,capacity
SH-79261,J-2024-06987,2025-02-06,9,2025-02-03,False,
SH-79262,J-2024-06988,2025-01-06,32,2025-01-06,True,
SH-79263,J-2024-06989,2025-02-19,9,2025-02-10,False,capacity
SH-79264,J-2024-06991,2025-01-15,2,2025-01-13,False,material
SH-79265,J-2024-06993,2025-01-28,21,2025-01-17,False,outside processing
SH-79266,J-2024-06994,2025-01-24,13,2025-01-21,False,
SH-79267,J-2024-06995,2025-01-30,18,2025-01-21,False,capacity
SH-79268,J-2024-06996,2025-01-22,110,2025-01-22,True,
SH-79269,J-2024-06998,2025-01-14,17,2025-01-13,False,material
SH-79270,J-2024-07000,2025-02-05,58,2025-01-23,False,outside processing
SH-79271,J-2024-07001,2025-01-07,91,2025-01-17,True,
SH-79272,J-2024-07003,2025-01-15,59,2025-01-14,False,capacity
SH-79273,J-2024-07005,2025-01-23,51,2025-01-28,True,
SH-79274,J-2024-07006,2025-01-30,13,2025-01-28,False,material
SH-79275,J-2024-07008,2025-01-18,19,2025-01-17,False,capacity
SH-79276,J-2024-07009,2025-01-22,27,2025-01-21,False,quality
SH-79277,J-2024-07011,2025-01-24,21,2025-01-23,False,capacity
SH-79278,J-2024-07013,2025-01-09,14,2025-01-09,True,
SH-79279,J-2024-07014,2025-01-29,82,2025-01-24,False,
SH-79280,J-2024-07016,2025-01-16,219,2025-01-15,False,outside processing
SH-79281,J-2024-07017,2025-01-09,33,2025-01-08,False,other
SH-79282,J-2024-07018,2025-01-25,96,2025-01-22,False,
SH-79283,J-2024-07019,2025-01-07,5,2025-01-10,True,
SH-79284,J-2024-07020,2025-01-30,8,2025-01-24,False,
SH-79285,J-2024-07022,2025-02-01,38,2025-01-29,False,capacity
SH-79286,J-2024-07024,2025-01-17,25,2025-01-21,True,
SH-79287,J-2024-07026,2025-01-18,46,2025-01-16,False,
SH-79288,J-2024-07027,2025-01-08,61,2025-01-07,False,
SH-79289,J-2024-07028,2025-01-16,33,2025-01-08,False,
SH-79290,J-2024-07029,2025-01-17,37,2025-01-13,False,capacity
SH-79291,J-2024-07031,2025-01-28,15,2025-01-22,False,other
SH-79292,J-2024-07032,2025-01-08,2,2025-01-09,True,
SH-79293,J-2024-07034,2025-01-07,8,2025-01-10,True,
SH-79294,J-2024-07036,2025-01-16,57,2025-01-14,False,
SH-79295,J-2024-07037,2025-01-21,83,2025-01-15,False,material
SH-79296,J-2024-07039,2025-02-01,44,2025-01-29,False,capacity
SH-79297,J-2024-07040,2025-01-28,107,2025-01-23,False,capacity
SH-79298,J-2024-07042,2025-02-06,24,2025-01-29,False,outside processing
SH-79299,J-2024-07043,2025-01-31,5,2025-01-29,False,customer change
SH-79300,J-2024-07045,2025-02-06,41,2025-02-06,True,
SH-79301,J-2024-07047,2025-01-21,49,2025-01-09,False,other
SH-79302,J-2024-07049,2025-02-13,44,2025-02-12,False,capacity
SH-79303,J-2024-07051,2025-02-14,17,2025-01-31,False,
SH-79304,J-2024-07053,2025-01-23,26,2025-01-22,False,material
SH-79305,J-2024-07055,2025-02-01,40,2025-01-28,False,capacity
SH-79306,J-2024-07056,2025-01-15,16,2025-01-15,True,
SH-79307,J-2024-07058,2025-01-28,17,2025-01-21,False,capacity
SH-79308,J-2024-07060,2025-01-24,8,2025-01-22,False,capacity
SH-79309,J-2024-07061,2025-01-16,21,2025-01-15,False,
SH-79310,J-2024-07063,2025-01-21,500,2025-01-17,False,capacity
SH-79311,J-2024-07065,2025-01-06,20,2025-01-10,True,
SH-79312,J-2024-07066,2025-02-04,94,2025-01-29,False,customer change
SH-79313,J-2024-07067,2025-01-31,16,2025-01-29,False,outside processing
SH-79314,J-2024-07069,2025-02-06,56,2025-01-29,False,capacity
SH-79315,J-2024-07070,2025-01-22,18,2025-01-21,False,
SH-79316,J-2024-07072,2025-02-10,21,2025-01-29,False,customer change
SH-79317,J-2024-07073,2025-01-23,4,2025-01-22,False,
SH-79318,J-2024-07074,2025-02-07,19,2025-01-29,False,
SH-79319,J-2024-07076,2025-01-16,4,2025-01-15,False,
SH-79320,J-2024-07078,2025-01-23,62,2025-01-21,False,
SH-79321,J-2024-07079,2025-01-27,81,2025-01-21,False,capacity
SH-79322,J-2024-07081,2025-01-22,266,2025-01-21,False,capacity
SH-79323,J-2024-07082,2025-01-17,18,2025-01-17,True,
SH-79324,J-2024-07083,2025-01-29,21,2025-01-24,False,capacity
SH-79325,J-2024-07085,2025-02-12,30,2025-01-29,False,
SH-79326,J-2024-07087,2025-01-29,11,2025-01-22,False,capacity
SH-79327,J-2024-07088,2025-01-10,64,2025-01-08,False,
SH-79328,J-2024-07090,2025-02-06,19,2025-01-29,False,capacity
SH-79329,J-2024-07092,2025-01-28,13,2025-01-20,False,other
SH-79330,J-2024-07093,2025-02-10,13,2025-02-06,False,capacity
SH-79331,J-2024-07094,2025-01-23,7,2025-01-22,False,
SH-79332,J-2024-07096,2025-01-18,8,2025-01-16,False,capacity
SH-79333,J-2024-07098,2025-01-24,31,2025-01-16,False,quality
SH-79334,J-2024-07099,2025-01-31,10,2025-01-22,False,capacity
SH-79335,J-2024-07101,2025-02-07,81,2025-01-29,False,capacity
SH-79336,J-2024-07102,2025-02-19,212,2025-02-10,False,capacity
SH-79337,J-2024-07104,2025-02-10,6,2025-01-29,False,
SH-79338,J-2024-07105,2025-02-01,11,2025-01-22,False,capacity
SH-79339,J-2024-07106,2025-01-04,31,2025-01-07,True,
SH-79340,J-2024-07107,2025-02-05,5,2025-01-29,False,capacity
SH-79341,J-2024-07109,2025-01-27,53,2025-01-22,False,
SH-79342,J-2024-07111,2025-02-05,75,2025-01-29,False,material
SH-79343,J-2024-07113,2025-01-28,39,2025-01-29,True,
SH-79344,J-2024-07115,2025-01-31,19,2025-01-23,False,capacity
SH-79345,J-2024-07117,2025-01-04,2,2025-01-08,True,
SH-79346,J-2024-07118,2025-02-19,95,2025-01-29,False,
SH-79347,J-2024-07120,2025-01-23,13,2025-01-22,False,
SH-79348,J-2024-07122,2025-01-15,31,2025-01-15,True,
SH-79349,J-2024-07124,2025-01-21,8,2025-01-17,False,
SH-79350,J-2024-07126,2025-01-06,23,2025-01-08,True,
SH-79351,J-2024-07127,2025-02-05,19,2025-01-27,False,capacity
SH-79352,J-2024-07129,2025-02-06,8,2025-02-05,False,capacity
SH-79353,J-2024-07131,2025-01-17,41,2025-01-16,False,material
SH-79354,J-2024-07133,2025-02-11,21,2025-02-11,True,
SH-79355,J-2024-07134,2025-02-10,13,2025-02-03,False,
SH-79356,J-2024-07136,2025-01-16,10,2025-01-16,True,
SH-79357,J-2025-00001,2025-01-31,500,2025-01-27,False,capacity
SH-79358,J-2025-00003,2025-01-24,149,2025-01-23,False,capacity
SH-79359,J-2025-00004,2025-01-08,5,2025-01-09,True,
SH-79360,J-2025-00005,2025-01-09,5,2025-01-10,True,
SH-79361,J-2025-00007,2025-01-24,3,2025-01-22,False,
SH-79362,J-2025-00009,2025-01-09,20,2025-01-17,True,
SH-79363,J-2025-00010,2025-01-18,7,2025-01-14,False,
SH-79364,J-2025-00012,2025-02-15,5,2025-02-13,False,capacity
SH-79365,J-2025-00013,2025-01-29,11,2025-01-24,False,capacity
SH-79366,J-2025-00014,2025-01-30,23,2025-01-23,False,material
SH-79367,J-2025-00015,2025-02-12,48,2025-02-07,False,capacity
SH-79368,J-2025-00017,2025-02-07,337,2025-02-03,False,capacity
SH-79369,J-2025-00019,2025-01-20,110,2025-01-20,True,
SH-79370,J-2025-00021,2025-02-07,39,2025-02-03,False,
SH-79371,J-2025-00022,2025-02-10,37,2025-02-03,False,
SH-79372,J-2025-00023,2025-02-17,314,2025-02-03,False,capacity
SH-79373,J-2025-00025,2025-02-05,21,2025-01-23,False,material
SH-79374,J-2025-00027,2025-01-30,71,2025-01-27,False,material
SH-79375,J-2025-00029,2025-02-07,26,2025-02-03,False,quality
SH-79376,J-2025-00030,2025-01-22,14,2025-01-16,False,
SH-79377,J-2025-00031,2025-01-29,3,2025-01-29,True,
SH-79378,J-2025-00032,2025-01-30,51,2025-01-24,False,capacity
SH-79379,J-2025-00034,2025-02-05,18,2025-02-04,False,capacity
SH-79380,J-2025-00036,2025-02-03,4,2025-02-03,True,
SH-79381,J-2025-00037,2025-01-09,20,2025-01-13,True,
SH-79382,J-2025-00038,2025-01-22,22,2025-01-20,False,
SH-79383,J-2025-00040,2025-01-28,4,2025-01-20,False,capacity
SH-79384,J-2025-00041,2025-01-27,33,2025-01-23,False,capacity
SH-79385,J-2025-00043,2025-01-23,109,2025-01-21,False,capacity
SH-79386,J-2025-00044,2025-02-07,19,2025-02-03,False,outside processing
SH-79387,J-2025-00045,2025-02-05,11,2025-02-03,False,material
SH-79388,J-2025-00046,2025-02-11,23,2025-02-04,False,capacity
SH-79389,J-2025-00048,2025-02-01,135,2025-01-28,False,capacity
SH-79390,J-2025-00050,2025-02-19,22,2025-02-20,True,
SH-79391,J-2025-00052,2025-02-03,37,2025-01-23,False,
SH-79392,J-2025-00054,2025-02-11,48,2025-02-06,False,
SH-79393,J-2025-00056,2025-01-30,145,2025-01-21,False,outside processing
SH-79394,J-2025-00057,2025-01-24,5,2025-01-15,False,
SH-79395,J-2025-00059,2025-02-01,21,2025-01-31,False,capacity
SH-79396,J-2025-00060,2025-01-28,13,2025-01-23,False,
SH-79397,J-2025-00062,2025-01-29,34,2025-01-27,False,capacity
SH-79398,J-2025-00063,2025-01-31,92,2025-01-28,False,
SH-79399,J-2025-00064,2025-01-09,14,2025-01-15,True,
SH-79400,J-2025-00065,2025-02-19,16,2025-02-04,False,capacity
SH-79401,J-2025-00066,2025-02-01,23,2025-01-30,False,customer change
SH-79402,J-2025-00067,2025-01-23,21,2025-01-22,False,capacity
SH-79403,J-2025-00068,2025-02-25,11,2025-02-19,False,customer change
SH-79404,J-2025-00069,2025-02-05,13,2025-02-03,False,
SH-79405,J-2025-00070,2025-02-10,12,2025-02-10,True,
SH-79406,J-2025-00072,2025-01-14,42,2025-01-14,True,
SH-79407,J-2025-00073,2025-01-23,110,2025-01-22,False,capacity
SH-79408,J-2025-00075,2025-02-08,200,2025-01-30,False,
SH-79409,J-2025-00076,2025-02-05,121,2025-02-06,True,
SH-79410,J-2025-00077,2025-01-27,13,2025-01-22,False,
SH-79411,J-2025-00079,2025-01-29,103,2025-01-22,False,capacity
SH-79412,J-2025-00080,2025-02-04,14,2025-01-24,False,
SH-79413,J-2025-00081,2025-02-03,34,2025-01-31,False,capacity
SH-79414,J-2025-00082,2025-01-11,9,2025-01-16,True,
SH-79415,J-2025-00083,2025-01-31,48,2025-01-29,False,capacity
SH-79416,J-2025-00084,2025-02-07,45,2025-01-30,False,
SH-79417,J-2025-00085,2025-02-04,2,2025-02-11,True,
SH-79418,J-2025-00087,2025-02-05,50,2025-02-04,False,other
SH-79419,J-2025-00088,2025-01-15,19,2025-01-15,True,
SH-79420,J-2025-00089,2025-02-06,11,2025-02-05,False,capacity
SH-79421,J-2025-00091,2025-01-30,28,2025-01-23,False,capacity
SH-79422,J-2025-00092,2025-01-14,33,2025-01-17,True,
SH-79423,J-2025-00094,2025-02-05,21,2025-02-04,False,material
SH-79424,J-2025-00095,2025-02-12,34,2025-02-06,False,
SH-79425,J-2025-00096,2025-02-04,23,2025-02-03,False,capacity
SH-79426,J-2025-00098,2025-01-29,2,2025-01-28,False,
SH-79427,J-2025-00100,2025-01-28,85,2025-01-23,False,capacity
SH-79428,J-2025-00102,2025-02-05,82,2025-02-03,False,
SH-79429,J-2025-00103,2025-02-05,15,2025-02-05,True,
SH-79430,J-2025-00104,2025-02-19,8,2025-02-18,False,quality
SH-79431,J-2025-00105,2025-01-28,135,2025-01-23,False,material
SH-79432,J-2025-00107,2025-02-05,33,2025-01-27,False,capacity
SH-79433,J-2025-00108,2025-02-07,49,2025-02-07,True,
SH-79434,J-2025-00110,2025-02-12,334,2025-02-06,False,
SH-79435,J-2025-00112,2025-02-14,45,2025-02-06,False,capacity
SH-79436,J-2025-00113,2025-01-29,111,2025-01-24,False,customer change
SH-79437,J-2025-00114,2025-02-19,16,2025-02-06,False,
SH-79438,J-2025-00116,2025-02-01,24,2025-01-31,False,capacity
SH-79439,J-2025-00117,2025-02-19,46,2025-02-07,False,capacity
SH-79440,J-2025-00118,2025-01-31,8,2025-01-30,False,material
SH-79441,J-2025-00119,2025-01-29,8,2025-01-24,False,capacity
SH-79442,J-2025-00121,2025-02-18,114,2025-02-07,False,
SH-79443,J-2025-00122,2025-02-03,52,2025-01-30,False,
SH-79444,J-2025-00123,2025-02-07,13,2025-02-10,True,
SH-79445,J-2025-00124,2025-02-13,14,2025-02-07,False,
SH-79446,J-2025-00126,2025-02-15,1,2025-02-14,False,capacity
SH-79447,J-2025-00127,2025-02-19,16,2025-02-07,False,
SH-79448,J-2025-00129,2025-02-11,3,2025-02-10,False,customer change
SH-79449,J-2025-00130,2025-02-06,4,2025-02-07,True,
SH-79450,J-2025-00132,2025-02-11,38,2025-02-11,True,
SH-79451,J-2025-00134,2025-01-29,64,2025-01-28,False,capacity
SH-79452,J-2025-00136,2025-01-17,19,2025-01-21,True,
SH-79453,J-2025-00137,2025-02-01,54,2025-01-27,False,
SH-79454,J-2025-00139,2025-02-13,22,2025-02-10,False,
SH-79455,J-2025-00141,2025-02-11,30,2025-02-11,True,
SH-79456,J-2025-00143,2025-02-03,13,2025-02-03,True,
SH-79457,J-2025-00145,2025-01-23,269,2025-01-27,True,
SH-79458,J-2025-00147,2025-02-04,171,2025-01-29,False,capacity
SH-79459,J-2025-00149,2025-01-31,54,2025-01-31,True,
SH-79460,J-2025-00150,2025-02-13,20,2025-02-13,True,
SH-79461,J-2025-00151,2025-02-07,17,2025-02-10,True,
SH-79462,J-2025-00153,2025-02-04,73,2025-01-30,False,
SH-79463,J-2025-00155,2025-02-13,5,2025-02-12,False,
SH-79464,J-2025-00157,2025-02-04,96,2025-01-27,False,capacity
SH-79465,J-2025-00159,2025-01-16,35,2025-01-17,True,
SH-79466,J-2025-00161,2025-02-13,6,2025-02-13,True,
SH-79467,J-2025-00163,2025-01-22,34,2025-01-24,True,
SH-79468,J-2025-00164,2025-02-05,40,2025-02-05,True,
SH-79469,J-2025-00166,2025-01-17,3,2025-01-17,True,
SH-79470,J-2025-00167,2025-01-29,45,2025-01-27,False,capacity
SH-79471,J-2025-00169,2025-02-13,51,2025-02-12,False,
SH-79472,J-2025-00170,2025-02-04,30,2025-02-03,False,
SH-79473,J-2025-00172,2025-01-31,27,2025-01-30,False,capacity
SH-79474,J-2025-00173,2025-03-07,23,2025-03-03,False,
SH-79475,J-2025-00174,2025-02-26,1,2025-02-13,False,capacity
SH-79476,J-2025-00175,2025-02-21,33,2025-02-12,False,capacity
SH-79477,J-2025-00177,2025-02-04,11,2025-02-04,True,
SH-79478,J-2025-00178,2025-02-06,2,2025-01-30,False,
SH-79479,J-2025-00179,2025-02-13,11,2025-02-10,False,
SH-79480,J-2025-00181,2025-01-21,10,2025-01-24,True,
SH-79481,J-2025-00182,2025-01-31,106,2025-01-27,False,material
SH-79482,J-2025-00184,2025-02-19,60,2025-02-12,False,capacity
SH-79483,J-2025-00186,2025-02-21,61,2025-02-11,False,quality
SH-79484,J-2025-00187,2025-02-04,5,2025-01-28,False,
SH-79485,J-2025-00188,2025-02-06,3,2025-02-03,False,capacity
SH-79486,J-2025-00189,2025-03-01,1,2025-02-25,False,customer change
SH-79487,J-2025-00191,2025-02-12,4,2025-02-12,True,
SH-79488,J-2025-00192,2025-02-25,112,2025-02-11,False,capacity
SH-79489,J-2025-00194,2025-02-11,55,2025-02-04,False,capacity
SH-79490,J-2025-00195,2025-01-16,176,2025-01-22,True,
SH-79491,J-2025-00197,2025-02-07,26,2025-02-10,True,
SH-79492,J-2025-00198,2025-01-20,23,2025-01-23,True,
SH-79493,J-2025-00200,2025-02-08,56,2025-02-05,False,outside processing
SH-79494,J-2025-00202,2025-02-19,11,2025-02-12,False,material
SH-79495,J-2025-00204,2025-02-10,480,2025-02-06,False,other
SH-79496,J-2025-00205,2025-02-19,20,2025-02-13,False,capacity
SH-79497,J-2025-00207,2025-01-21,17,2025-01-22,True,
SH-79498,J-2025-00209,2025-02-12,36,2025-02-07,False,
SH-79499,J-2025-00211,2025-02-06,4,2025-01-29,False,
SH-79500,J-2025-00212,2025-01-28,500,2025-01-22,False,capacity
SH-79501,J-2025-00214,2025-02-11,65,2025-02-06,False,capacity
SH-79502,J-2025-00216,2025-02-19,10,2025-02-14,False,
SH-79503,J-2025-00217,2025-02-03,104,2025-01-30,False,capacity
SH-79504,J-2025-00218,2025-02-24,111,2025-02-17,False,capacity
SH-79505,J-2025-00219,2025-02-06,40,2025-02-07,True,
SH-79506,J-2025-00221,2025-02-05,2,2025-02-05,True,
SH-79507,J-2025-00222,2025-01-22,10,2025-01-21,False,
SH-79508,J-2025-00223,2025-03-12,28,2025-03-10,False,capacity
SH-79509,J-2025-00224,2025-02-03,114,2025-02-03,True,
SH-79510,J-2025-00226,2025-02-18,3,2025-02-13,False,
SH-79511,J-2025-00228,2025-02-20,24,2025-02-13,False,
SH-79512,J-2025-00230,2025-02-20,47,2025-02-18,False,capacity
SH-79513,J-2025-00232,2025-02-04,5,2025-02-04,True,
SH-79514,J-2025-00233,2025-02-04,10,2025-02-04,True,
SH-79515,J-2025-00235,2025-02-20,19,2025-02-12,False,
SH-79516,J-2025-00236,2025-02-08,67,2025-02-10,True,
SH-79517,J-2025-00237,2025-02-07,29,2025-01-31,False,capacity
SH-79518,J-2025-00239,2025-02-25,164,2025-02-19,False,
SH-79519,J-2025-00241,2025-02-19,35,2025-02-13,False,capacity
SH-79520,J-2025-00243,2025-01-23,32,2025-01-28,True,
SH-79521,J-2025-00244,2025-02-01,77,2025-01-30,False,capacity
SH-79522,J-2025-00246,2025-02-07,163,2025-01-28,False,quality
SH-79523,J-2025-00248,2025-02-18,39,2025-02-18,True,
SH-79524,J-2025-00250,2025-02-20,73,2025-02-21,True,
SH-79525,J-2025-00252,2025-01-31,23,2025-01-30,False,outside processing
SH-79526,J-2025-00253,2025-02-10,17,2025-02-05,False,capacity
SH-79527,J-2025-00255,2025-02-11,11,2025-02-07,False,capacity
SH-79528,J-2025-00257,2025-02-20,21,2025-02-14,False,customer change
SH-79529,J-2025-00258,2025-03-08,17,2025-02-27,False,capacity
SH-79530,J-2025-00260,2025-02-20,13,2025-02-14,False,
SH-79531,J-2025-00261,2025-02-19,15,2025-02-03,False,capacity
SH-79532,J-2025-00262,2025-02-19,35,2025-02-14,False,
SH-79533,J-2025-00264,2025-02-07,73,2025-02-11,True,
SH-79534,J-2025-00265,2025-01-24,31,2025-01-28,True,
SH-79535,J-2025-00266,2025-02-15,75,2025-02-14,False,capacity
SH-79536,J-2025-00268,2025-02-24,19,2025-02-17,False,material
SH-79537,J-2025-00269,2025-01-24,10,2025-01-29,True,
SH-79538,J-2025-00271,2025-02-05,39,2025-02-04,False,
SH-79539,J-2025-00273,2025-02-21,62,2025-02-27,True,
SH-79540,J-2025-00274,2025-01-24,500,2025-01-28,True,
SH-79541,J-2025-00275,2025-02-11,19,2025-02-12,True,
SH-79542,J-2025-00277,2025-03-07,183,2025-02-19,False,
SH-79543,J-2025-00278,2025-02-21,6,2025-02-17,False,
SH-79544,J-2025-00279,2025-02-13,5,2025-02-10,False,
SH-79545,J-2025-00280,2025-02-12,18,2025-02-13,True,
SH-79546,J-2025-00282,2025-03-03,178,2025-02-17,False,capacity
SH-79547,J-2025-00284,2025-03-07,97,2025-03-07,True,
SH-79548,J-2025-00286,2025-02-06,43,2025-02-04,False,capacity
SH-79549,J-2025-00287,2025-01-28,58,2025-01-27,False,
SH-79550,J-2025-00289,2025-02-04,9,2025-02-04,True,
SH-79551,J-2025-00290,2025-02-24,500,2025-02-10,False,capacity
SH-79552,J-2025-00292,2025-02-07,27,2025-02-10,True,
SH-79553,J-2025-00293,2025-02-26,3,2025-02-17,False,capacity
SH-79554,J-2025-00295,2025-02-11,12,2025-02-10,False,capacity
SH-79555,J-2025-00296,2025-02-03,33,2025-02-03,True,
SH-79556,J-2025-00298,2025-02-05,220,2025-02-04,False,
SH-79557,J-2025-00299,2025-02-04,16,2025-02-04,True,
SH-79558,J-2025-00300,2025-01-29,40,2025-01-27,False,outside processing
SH-79559,J-2025-00302,2025-02-06,16,2025-01-29,False,capacity
SH-79560,J-2025-00303,2025-02-25,27,2025-02-25,True,
SH-79561,J-2025-00305,2025-02-07,38,2025-01-30,False,
SH-79562,J-2025-00307,2025-02-27,48,2025-02-17,False,capacity
SH-79563,J-2025-00308,2025-02-24,20,2025-02-17,False,capacity
SH-79564,J-2025-00309,2025-02-17,262,2025-02-12,False,customer change
SH-79565,J-2025-00310,2025-02-10,21,2025-02-07,False,capacity
SH-79566,J-2025-00312,2025-02-11,28,2025-02-10,False,capacity
SH-79567,J-2025-00314,2025-02-03,21,2025-02-04,True,
SH-79568,J-2025-00315,2025-02-26,7,2025-02-21,False,capacity
SH-79569,J-2025-00316,2025-02-22,92,2025-02-21,False,capacity
SH-79570,J-2025-00317,2025-02-05,27,2025-02-11,True,
SH-79571,J-2025-00319,2025-02-04,74,2025-01-30,False,
SH-79572,J-2025-00320,2025-02-08,161,2025-02-05,False,capacity
SH-79573,J-2025-00322,2025-02-27,6,2025-02-18,False,
SH-79574,J-2025-00324,2025-02-13,11,2025-02-11,False,
SH-79575,J-2025-00326,2025-02-20,8,2025-02-11,False,capacity
SH-79576,J-2025-00327,2025-02-05,10,2025-02-04,False,
SH-79577,J-2025-00329,2025-02-08,21,2025-02-05,False,
SH-79578,J-2025-00331,2025-02-05,6,2025-02-11,True,
SH-79579,J-2025-00332,2025-02-24,47,2025-02-18,False,
SH-79580,J-2025-00333,2025-02-11,6,2025-02-11,True,
SH-79581,J-2025-00335,2025-02-21,27,2025-02-18,False,
SH-79582,J-2025-00337,2025-02-12,33,2025-02-12,True,
SH-79583,J-2025-00339,2025-02-06,62,2025-02-04,False,customer change
SH-79584,J-2025-00341,2025-02-05,31,2025-02-05,True,
SH-79585,J-2025-00342,2025-02-10,18,2025-02-05,False,capacity
SH-79586,J-2025-00343,2025-02-27,5,2025-02-25,False,
SH-79587,J-2025-00344,2025-01-29,47,2025-01-28,False,capacity
SH-79588,J-2025-00345,2025-02-21,93,2025-02-18,False,
SH-79589,J-2025-00346,2025-03-01,15,2025-02-19,False,capacity
SH-79590,J-2025-00348,2025-02-15,31,2025-02-11,False,capacity
SH-79591,J-2025-00349,2025-02-19,28,2025-02-17,False,
SH-79592,J-2025-00350,2025-02-11,42,2025-02-10,False,
SH-79593,J-2025-00352,2025-02-27,15,2025-03-05,True,
SH-79594,J-2025-00354,2025-02-15,17,2025-02-13,False,
SH-79595,J-2025-00355,2025-02-12,17,2025-02-12,True,
SH-79596,J-2025-00357,2025-02-21,19,2025-02-21,True,
SH-79597,J-2025-00359,2025-02-18,261,2025-01-28,False,material
SH-79598,J-2025-00361,2025-02-21,2,2025-02-19,False,capacity
SH-79599,J-2025-00363,2025-02-10,17,2025-02-06,False,material
SH-79600,J-2025-00364,2025-02-15,12,2025-02-17,True,
SH-79601,J-2025-00365,2025-02-11,18,2025-02-06,False,material
SH-79602,J-2025-00367,2025-02-11,27,2025-02-06,False,
SH-79603,J-2025-00369,2025-02-20,2,2025-02-20,True,
SH-79604,J-2025-00370,2025-02-28,17,2025-02-20,False,capacity
SH-79605,J-2025-00372,2025-02-24,17,2025-02-14,False,
SH-79606,J-2025-00374,2025-02-19,29,2025-02-14,False,capacity
SH-79607,J-2025-00375,2025-02-21,80,2025-02-20,False,
SH-79608,J-2025-00377,2025-02-11,14,2025-02-10,False,capacity
SH-79609,J-2025-00379,2025-02-25,156,2025-02-20,False,other
SH-79610,J-2025-00380,2025-02-18,201,2025-02-10,False,capacity
SH-79611,J-2025-00382,2025-02-26,99,2025-02-26,True,
SH-79612,J-2025-00383,2025-02-15,42,2025-02-12,False,
SH-79613,J-2025-00385,2025-03-11,2,2025-03-06,False,
SH-79614,J-2025-00386,2025-02-14,5,2025-02-17,True,
SH-79615,J-2025-00387,2025-03-01,4,2025-02-25,False,capacity
SH-79616,J-2025-00388,2025-02-26,44,2025-02-24,False,
SH-79617,J-2025-00389,2025-02-12,10,2025-02-12,True,
SH-79618,J-2025-00390,2025-02-14,29,2025-02-10,False,
SH-79619,J-2025-00391,2025-02-25,16,2025-02-21,False,material
SH-79620,J-2025-00393,2025-02-18,273,2025-02-14,False,capacity
SH-79621,J-2025-00394,2025-02-25,25,2025-02-14,False,material
SH-79622,J-2025-00396,2025-02-13,6,2025-02-14,True,
SH-79623,J-2025-00398,2025-02-27,77,2025-03-06,True,
SH-79624,J-2025-00399,2025-02-11,3,2025-02-12,True,
SH-79625,J-2025-00400,2025-02-26,146,2025-02-21,False,capacity
SH-79626,J-2025-00401,2025-02-22,52,2025-02-14,False,
SH-79627,J-2025-00402,2025-02-24,8,2025-02-21,False,capacity
SH-79628,J-2025-00403,2025-02-13,76,2025-02-14,True,
SH-79629,J-2025-00404,2025-02-13,23,2025-02-14,True,
SH-79630,J-2025-00406,2025-02-13,4,2025-02-14,True,
SH-79631,J-2025-00408,2025-02-18,34,2025-02-21,True,
SH-79632,J-2025-00410,2025-02-28,21,2025-02-27,False,
SH-79633,J-2025-00412,2025-02-19,9,2025-02-18,False,capacity
SH-79634,J-2025-00413,2025-02-27,12,2025-02-17,False,capacity
SH-79635,J-2025-00415,2025-01-30,12,2025-02-04,True,
SH-79636,J-2025-00416,2025-02-27,6,2025-02-25,False,other
SH-79637,J-2025-00417,2025-02-27,58,2025-02-24,False,capacity
SH-79638,J-2025-00418,2025-02-28,164,2025-02-24,False,capacity
SH-79639,J-2025-00420,2025-02-24,221,2025-02-17,False,
SH-79640,J-2025-00422,2025-02-27,98,2025-02-24,False,material
SH-79641,J-2025-00424,2025-02-28,35,2025-02-24,False,capacity
SH-79642,J-2025-00425,2025-02-20,13,2025-02-21,True,
SH-79643,J-2025-00427,2025-02-18,54,2025-02-14,False,
SH-79644,J-2025-00429,2025-02-11,5,2025-02-06,False,material
SH-79645,J-2025-00430,2025-02-12,26,2025-01-31,False,quality
SH-79646,J-2025-00431,2025-02-12,25,2025-02-12,True,
SH-79647,J-2025-00433,2025-02-12,21,2025-02-13,True,
SH-79648,J-2025-00434,2025-02-12,31,2025-02-12,True,
SH-79649,J-2025-00436,2025-02-18,20,2025-02-12,False,capacity
SH-79650,J-2025-00438,2025-02-18,96,2025-02-18,True,
SH-79651,J-2025-00439,2025-03-04,122,2025-02-25,False,
SH-79652,J-2025-00441,2025-01-31,10,2025-01-31,True,
SH-79653,J-2025-00443,2025-02-28,23,2025-02-24,False,quality
SH-79654,J-2025-00445,2025-02-28,9,2025-02-24,False,other
SH-79655,J-2025-00447,2025-02-25,82,2025-02-24,False,material
SH-79656,J-2025-00449,2025-03-04,33,2025-02-18,False,
SH-79657,J-2025-00451,2025-02-19,1,2025-02-20,True,
SH-79658,J-2025-00453,2025-02-13,15,2025-02-12,False,quality
SH-79659,J-2025-00454,2025-02-06,4,2025-02-06,True,
SH-79660,J-2025-00455,2025-02-18,53,2025-02-18,True,
SH-79661,J-2025-00457,2025-02-19,21,2025-02-18,False,capacity
SH-79662,J-2025-00459,2025-02-13,14,2025-02-06,False,capacity
SH-79663,J-2025-00460,2025-02-28,7,2025-02-26,False,capacity
SH-79664,J-2025-00462,2025-02-22,15,2025-02-18,False,
SH-79665,J-2025-00463,2025-01-29,40,2025-02-04,True,
SH-79666,J-2025-00465,2025-02-01,6,2025-02-05,True,
SH-79667,J-2025-00467,2025-02-12,20,2025-02-19,True,
SH-79668,J-2025-00469,2025-02-11,490,2025-02-10,False,capacity
SH-79669,J-2025-00470,2025-02-12,96,2025-02-10,False,capacity
SH-79670,J-2025-00472,2025-02-11,20,2025-02-12,True,
SH-79671,J-2025-00474,2025-02-18,5,2025-02-13,False,capacity
SH-79672,J-2025-00476,2025-02-20,7,2025-02-21,True,
SH-79673,J-2025-00477,2025-02-07,5,2025-02-05,False,capacity
SH-79674,J-2025-00478,2025-02-13,31,2025-02-12,False,capacity
SH-79675,J-2025-00479,2025-02-25,138,2025-02-20,False,
SH-79676,J-2025-00480,2025-02-06,14,2025-02-11,True,
SH-79677,J-2025-00481,2025-02-21,57,2025-02-17,False,
SH-79678,J-2025-00483,2025-02-05,113,2025-02-04,False,
SH-79679,J-2025-00484,2025-03-08,15,2025-03-03,False,
SH-79680,J-2025-00486,2025-02-04,28,2025-02-06,True,
SH-79681,J-2025-00487,2025-02-15,33,2025-02-12,False,quality
SH-79682,J-2025-00489,2025-02-27,82,2025-02-25,False,capacity
SH-79683,J-2025-00490,2025-02-20,22,2025-02-25,True,
SH-79684,J-2025-00492,2025-02-28,47,2025-02-20,False,capacity
SH-79685,J-2025-00493,2025-02-19,11,2025-02-12,False,capacity
SH-79686,J-2025-00495,2025-03-12,49,2025-03-10,False,material
SH-79687,J-2025-00497,2025-02-01,77,2025-02-05,True,
SH-79688,J-2025-00499,2025-02-13,103,2025-02-07,False,capacity
SH-79689,J-2025-00500,2025-03-05,10,2025-03-04,False,capacity
SH-79690,J-2025-00501,2025-03-06,38,2025-03-06,True,
SH-79691,J-2025-00503,2025-03-15,62,2025-03-13,False,capacity
SH-79692,J-2025-00504,2025-03-04,168,2025-02-25,False,capacity
SH-79693,J-2025-00506,2025-02-11,63,2025-02-10,False,
SH-79694,J-2025-00507,2025-03-08,14,2025-03-14,True,
SH-79695,J-2025-00509,2025-02-17,12,2025-02-12,False,quality
SH-79696,J-2025-00510,2025-02-17,45,2025-02-12,False,
SH-79697,J-2025-00512,2025-03-05,51,2025-02-28,False,material
SH-79698,J-2025-00514,2025-02-26,12,2025-02-26,True,
SH-79699,J-2025-00515,2025-02-25,154,2025-02-20,False,capacity
SH-79700,J-2025-00516,2025-02-20,14,2025-02-21,True,
SH-79701,J-2025-00517,2025-03-07,78,2025-02-27,False,customer change
SH-79702,J-2025-00519,2025-02-14,19,2025-02-13,False,capacity
SH-79703,J-2025-00521,2025-02-04,3,2025-02-05,True,
SH-79704,J-2025-00522,2025-02-25,9,2025-02-28,True,
SH-79705,J-2025-00524,2025-02-19,7,2025-02-19,True,
SH-79706,J-2025-00526,2025-02-20,4,2025-02-24,True,
SH-79707,J-2025-00527,2025-02-17,32,2025-02-13,False,capacity
SH-79708,J-2025-00528,2025-02-19,20,2025-02-17,False,capacity
SH-79709,J-2025-00529,2025-03-01,141,2025-02-28,False,
SH-79710,J-2025-00531,2025-02-21,51,2025-02-13,False,
SH-79711,J-2025-00533,2025-02-28,77,2025-02-25,False,
SH-79712,J-2025-00534,2025-02-26,23,2025-02-27,True,
SH-79713,J-2025-00536,2025-02-25,179,2025-02-25,True,
SH-79714,J-2025-00537,2025-02-13,42,2025-03-04,True,
SH-79715,J-2025-00539,2025-02-08,132,2025-02-06,False,capacity
SH-79716,J-2025-00540,2025-02-06,10,2025-02-07,True,
SH-79717,J-2025-00542,2025-02-13,17,2025-02-14,True,
SH-79718,J-2025-00543,2025-03-05,9,2025-03-05,True,
SH-79719,J-2025-00545,2025-02-05,14,2025-02-07,True,
SH-79720,J-2025-00547,2025-03-03,54,2025-02-28,False,other
SH-79721,J-2025-00549,2025-03-19,9,2025-02-28,False,outside processing
SH-79722,J-2025-00550,2025-02-28,14,2025-02-25,False,capacity
SH-79723,J-2025-00552,2025-02-13,8,2025-02-19,True,
SH-79724,J-2025-00554,2025-02-04,9,2025-02-10,True,
SH-79725,J-2025-00556,2025-02-26,87,2025-02-27,True,
SH-79726,J-2025-00558,2025-02-14,35,2025-02-14,True,
SH-79727,J-2025-00560,2025-02-12,84,2025-02-20,True,
SH-79728,J-2025-00561,2025-03-04,63,2025-03-04,True,
SH-79729,J-2025-00563,2025-02-14,20,2025-02-27,True,
SH-79730,J-2025-00565,2025-02-27,17,2025-02-18,False,quality
SH-79731,J-2025-00567,2025-03-14,55,2025-03-12,False,
SH-79732,J-2025-00568,2025-02-12,17,2025-02-10,False,other
SH-79733,J-2025-00569,2025-02-06,38,2025-02-07,True,
SH-79734,J-2025-00570,2025-02-07,79,2025-02-07,True,
SH-79735,J-2025-00572,2025-02-19,13,2025-02-14,False,capacity
SH-79736,J-2025-00573,2025-02-19,9,2025-02-19,True,
SH-79737,J-2025-00574,2025-03-05,177,2025-03-04,False,capacity
SH-79738,J-2025-00575,2025-02-27,84,2025-02-26,False,capacity
SH-79739,J-2025-00576,2025-02-21,26,2025-02-26,True,
SH-79740,J-2025-00578,2025-03-07,3,2025-03-03,False,capacity
SH-79741,J-2025-00579,2025-02-21,88,2025-02-13,False,capacity
SH-79742,J-2025-00581,2025-03-13,25,2025-03-12,False,capacity
SH-79743,J-2025-00582,2025-03-13,169,2025-03-03,False,
SH-79744,J-2025-00583,2025-02-22,41,2025-02-20,False,capacity
SH-79745,J-2025-00584,2025-02-19,35,2025-02-17,False,
SH-79746,J-2025-00586,2025-03-14,1,2025-03-12,False,outside processing
SH-79747,J-2025-00588,2025-02-25,52,2025-02-21,False,capacity
SH-79748,J-2025-00589,2025-02-19,3,2025-02-17,False,capacity
SH-79749,J-2025-00591,2025-02-27,21,2025-02-25,False,capacity
SH-79750,J-2025-00592,2025-03-01,42,2025-02-28,False,capacity
SH-79751,J-2025-00593,2025-02-28,11,2025-02-21,False,
SH-79752,J-2025-00594,2025-02-27,43,2025-02-17,False,capacity
SH-79753,J-2025-00595,2025-02-19,19,2025-02-19,True,
SH-79754,J-2025-00597,2025-03-19,141,2025-03-13,False,outside processing
SH-79755,J-2025-00599,2025-02-27,28,2025-02-25,False,other
SH-79756,J-2025-00600,2025-02-17,19,2025-02-11,False,capacity
SH-79757,J-2025-00602,2025-02-07,44,2025-02-07,True,
SH-79758,J-2025-00604,2025-02-26,107,2025-02-26,True,
SH-79759,J-2025-00605,2025-03-03,33,2025-02-25,False,capacity
SH-79760,J-2025-00607,2025-02-20,162,2025-02-20,True,
SH-79761,J-2025-00608,2025-02-27,32,2025-02-24,False,
SH-79762,J-2025-00609,2025-02-10,18,2025-02-10,True,
SH-79763,J-2025-00610,2025-03-12,7,2025-03-05,False,
SH-79764,J-2025-00612,2025-03-11,13,2025-03-07,False,outside processing
SH-79765,J-2025-00613,2025-02-13,357,2025-02-07,False,material
SH-79766,J-2025-00615,2025-02-27,2,2025-02-28,True,
SH-79767,J-2025-00617,2025-02-19,127,2025-02-12,False,capacity
SH-79768,J-2025-00618,2025-02-07,25,2025-02-11,True,
SH-79769,J-2025-00620,2025-02-28,11,2025-02-21,False,capacity
SH-79770,J-2025-00622,2025-02-27,4,2025-02-25,False,
SH-79771,J-2025-00624,2025-03-07,33,2025-03-13,True,
SH-79772,J-2025-00625,2025-03-05,29,2025-02-19,False,
SH-79773,J-2025-00626,2025-02-26,6,2025-02-21,False,capacity
SH-79774,J-2025-00628,2025-03-03,32,2025-03-06,True,
SH-79775,J-2025-00630,2025-02-27,2,2025-02-25,False,capacity
SH-79776,J-2025-00631,2025-03-12,46,2025-03-04,False,
SH-79777,J-2025-00632,2025-02-14,25,2025-02-24,True,
SH-79778,J-2025-00633,2025-03-05,33,2025-03-05,True,
SH-79779,J-2025-00635,2025-03-05,2,2025-03-04,False,capacity
SH-79780,J-2025-00636,2025-03-07,53,2025-03-05,False,
SH-79781,J-2025-00637,2025-03-20,1,2025-03-19,False,customer change
SH-79782,J-2025-00639,2025-03-18,19,2025-03-05,False,other
SH-79783,J-2025-00640,2025-02-26,66,2025-03-05,True,
SH-79784,J-2025-00641,2025-03-18,68,2025-03-18,True,
SH-79785,J-2025-00642,2025-03-05,31,2025-03-05,True,
SH-79786,J-2025-00644,2025-02-14,9,2025-02-13,False,customer change
SH-79787,J-2025-00646,2025-02-28,4,2025-02-19,False,capacity
SH-79788,J-2025-00648,2025-02-28,319,2025-02-25,False,customer change
SH-79789,J-2025-00650,2025-02-19,22,2025-02-19,True,
SH-79790,J-2025-00652,2025-02-25,7,2025-02-26,True,
SH-79791,J-2025-00653,2025-03-06,14,2025-03-05,False,
SH-79792,J-2025-00655,2025-02-22,17,2025-02-13,False,
SH-79793,J-2025-00657,2025-03-03,34,2025-03-10,True,
SH-79794,J-2025-00659,2025-03-07,42,2025-03-05,False,capacity
SH-79795,J-2025-00661,2025-03-07,3,2025-03-05,False,capacity
SH-79796,J-2025-00663,2025-03-13,33,2025-03-14,True,
SH-79797,J-2025-00665,2025-02-28,8,2025-02-26,False,customer change
SH-79798,J-2025-00666,2025-02-26,244,2025-02-19,False,outside processing
SH-79799,J-2025-00668,2025-02-24,31,2025-02-26,True,
SH-79800,J-2025-00670,2025-03-06,398,2025-02-21,False,customer change
SH-79801,J-2025-00671,2025-03-13,31,2025-03-14,True,
SH-79802,J-2025-00672,2025-03-04,6,2025-03-03,False,
SH-79803,J-2025-00673,2025-03-11,85,2025-03-06,False,capacity
SH-79804,J-2025-00674,2025-03-22,87,2025-03-11,False,
SH-79805,J-2025-00675,2025-02-24,7,2025-02-26,True,
SH-79806,J-2025-00677,2025-03-04,20,2025-03-03,False,
SH-79807,J-2025-00678,2025-03-05,49,2025-03-04,False,capacity
SH-79808,J-2025-00680,2025-02-28,9,2025-02-18,False,capacity
SH-79809,J-2025-00682,2025-03-11,70,2025-03-06,False,
SH-79810,J-2025-00683,2025-03-18,16,2025-03-06,False,
SH-79811,J-2025-00684,2025-03-06,36,2025-03-05,False,
SH-79812,J-2025-00685,2025-02-27,14,2025-02-25,False,outside processing
SH-79813,J-2025-00686,2025-02-27,99,2025-03-14,True,
SH-79814,J-2025-00687,2025-03-14,59,2025-03-06,False,
SH-79815,J-2025-00689,2025-03-21,11,2025-03-20,False,
SH-79816,J-2025-00690,2025-03-07,11,2025-03-12,True,
SH-79817,J-2025-00692,2025-03-07,61,2025-03-06,False,capacity
SH-79818,J-2025-00694,2025-02-19,27,2025-02-21,True,
SH-79819,J-2025-00696,2025-03-03,13,2025-02-28,False,capacity
SH-79820,J-2025-00697,2025-03-21,116,2025-03-21,True,
SH-79821,J-2025-00699,2025-02-26,62,2025-02-28,True,
SH-79822,J-2025-00701,2025-03-18,118,2025-03-07,False,
SH-79823,J-2025-00702,2025-02-27,135,2025-02-28,True,
SH-79824,J-2025-00704,2025-03-04,15,2025-03-03,False,material
SH-79825,J-2025-00706,2025-02-11,9,2025-02-13,True,
SH-79826,J-2025-00707,2025-03-06,17,2025-03-07,True,
SH-79827,J-2025-00708,2025-03-13,52,2025-03-12,False,capacity
SH-79828,J-2025-00710,2025-03-01,153,2025-02-21,False,
SH-79829,J-2025-00712,2025-02-26,14,2025-02-21,False,
SH-79830,J-2025-00714,2025-02-21,56,2025-02-26,True,
SH-79831,J-2025-00716,2025-02-26,65,2025-02-26,True,
SH-79832,J-2025-00718,2025-03-03,10,2025-03-07,True,
SH-79833,J-2025-00720,2025-02-25,28,2025-02-26,True,
SH-79834,J-2025-00721,2025-03-22,42,2025-03-07,False,
SH-79835,J-2025-00722,2025-03-01,58,2025-02-28,False,capacity
SH-79836,J-2025-00724,2025-03-05,15,2025-03-05,True,
SH-79837,J-2025-00725,2025-02-17,43,2025-02-19,True,
SH-79838,J-2025-00726,2025-03-04,16,2025-03-03,False,
SH-79839,J-2025-00728,2025-02-25,11,2025-02-25,True,
SH-79840,J-2025-00729,2025-03-10,189,2025-02-27,False,
SH-79841,J-2025-00730,2025-02-22,122,2025-02-19,False,other
SH-79842,J-2025-00732,2025-03-15,67,2025-03-10,False,capacity
SH-79843,J-2025-00734,2025-03-25,40,2025-03-24,False,capacity
SH-79844,J-2025-00735,2025-03-10,34,2025-03-10,True,
SH-79845,J-2025-00736,2025-03-04,13,2025-03-04,True,
SH-79846,J-2025-00738,2025-03-21,122,2025-03-10,False,material
SH-79847,J-2025-00739,2025-03-11,94,2025-03-11,True,
SH-79848,J-2025-00741,2025-03-13,7,2025-03-14,True,
SH-79849,J-2025-00743,2025-02-21,51,2025-02-19,False,
SH-79850,J-2025-00744,2025-03-13,12,2025-03-10,False,
SH-79851,J-2025-00745,2025-03-11,32,2025-03-10,False,
SH-79852,J-2025-00747,2025-03-11,36,2025-03-06,False,material
SH-79853,J-2025-00749,2025-03-06,15,2025-03-06,True,
SH-79854,J-2025-00750,2025-03-12,15,2025-03-12,True,
SH-79855,J-2025-00751,2025-02-26,9,2025-02-27,True,
SH-79856,J-2025-00752,2025-03-14,15,2025-03-14,True,
SH-79857,J-2025-00753,2025-03-11,5,2025-03-05,False,capacity
SH-79858,J-2025-00755,2025-03-05,5,2025-03-05,True,
SH-79859,J-2025-00757,2025-02-28,5,2025-02-27,False,outside processing
SH-79860,J-2025-00758,2025-02-27,22,2025-02-27,True,
SH-79861,J-2025-00760,2025-03-25,11,2025-03-18,False,
SH-79862,J-2025-00761,2025-03-04,7,2025-03-03,False,
SH-79863,J-2025-00762,2025-03-11,9,2025-03-10,False,capacity
SH-79864,J-2025-00764,2025-03-07,7,2025-03-10,True,
SH-79865,J-2025-00765,2025-03-12,39,2025-03-07,False,capacity
SH-79866,J-2025-00766,2025-02-25,32,2025-02-24,False,
SH-79867,J-2025-00768,2025-03-06,29,2025-03-03,False,
SH-79868,J-2025-00770,2025-02-26,3,2025-02-25,False,capacity
SH-79869,J-2025-00772,2025-03-21,31,2025-03-18,False,other
SH-79870,J-2025-00773,2025-03-12,37,2025-03-10,False,
SH-79871,J-2025-00774,2025-03-04,42,2025-02-28,False,quality
SH-79872,J-2025-00775,2025-03-14,30,2025-03-10,False,capacity
SH-79873,J-2025-00776,2025-03-05,4,2025-03-04,False,
SH-79874,J-2025-00777,2025-02-14,16,2025-02-20,True,
SH-79875,J-2025-00779,2025-04-07,10,2025-04-02,False,
SH-79876,J-2025-00780,2025-03-20,14,2025-03-06,False,
SH-79877,J-2025-00782,2025-02-25,4,2025-02-28,True,
SH-79878,J-2025-00784,2025-03-10,10,2025-03-05,False,
SH-79879,J-2025-00785,2025-03-04,117,2025-03-04,True,
SH-79880,J-2025-00786,2025-03-07,40,2025-03-06,False,capacity
SH-79881,J-2025-00787,2025-03-14,23,2025-03-17,True,
SH-79882,J-2025-00789,2025-02-28,51,2025-02-27,False,
SH-79883,J-2025-00791,2025-03-07,77,2025-03-05,False,capacity
SH-79884,J-2025-00792,2025-02-14,12,2025-02-18,True,
SH-79885,J-2025-00793,2025-03-05,8,2025-03-11,True,
SH-79886,J-2025-00795,2025-03-04,47,2025-03-03,False,capacity
SH-79887,J-2025-00796,2025-02-14,25,2025-02-18,True,
SH-79888,J-2025-00798,2025-03-11,25,2025-03-07,False,customer change
SH-79889,J-2025-00799,2025-03-14,128,2025-03-11,False,capacity
SH-79890,J-2025-00801,2025-03-13,65,2025-03-07,False,
SH-79891,J-2025-00803,2025-03-01,220,2025-03-07,True,
SH-79892,J-2025-00805,2025-03-01,24,2025-02-28,False,
SH-79893,J-2025-00807,2025-03-14,19,2025-03-11,False,capacity
SH-79894,J-2025-00808,2025-03-05,60,2025-03-06,True,
SH-79895,J-2025-00810,2025-02-28,236,2025-02-27,False,capacity
SH-79896,J-2025-00812,2025-02-22,72,2025-02-27,True,
SH-79897,J-2025-00813,2025-03-11,15,2025-03-06,False,
SH-79898,J-2025-00815,2025-02-26,120,2025-02-27,True,
SH-79899,J-2025-00816,2025-02-26,31,2025-02-18,False,capacity
SH-79900,J-2025-00818,2025-02-26,217,2025-02-27,True,
SH-79901,J-2025-00820,2025-02-28,5,2025-02-26,False,capacity
SH-79902,J-2025-00822,2025-03-11,68,2025-03-11,True,
SH-79903,J-2025-00824,2025-03-11,33,2025-03-05,False,
SH-79904,J-2025-00826,2025-03-03,12,2025-03-03,True,
SH-79905,J-2025-00827,2025-03-26,120,2025-03-14,False,
SH-79906,J-2025-00829,2025-02-15,5,2025-02-18,True,
SH-79907,J-2025-00831,2025-03-12,107,2025-03-11,False,capacity
SH-79908,J-2025-00832,2025-02-19,4,2025-02-19,True,
SH-79909,J-2025-00834,2025-03-13,14,2025-03-13,True,
SH-79910,J-2025-00836,2025-02-28,1,2025-02-28,True,
SH-79911,J-2025-00838,2025-03-05,7,2025-03-04,False,capacity
SH-79912,J-2025-00840,2025-03-12,272,2025-03-03,False,
SH-79913,J-2025-00842,2025-03-12,20,2025-03-10,False,other
SH-79914,J-2025-00843,2025-03-05,14,2025-03-05,True,
SH-79915,J-2025-00845,2025-03-11,28,2025-03-11,True,
SH-79916,J-2025-00847,2025-02-19,3,2025-02-24,True,
SH-79917,J-2025-00849,2025-03-13,4,2025-03-13,True,
SH-79918,J-2025-00850,2025-02-25,2,2025-02-26,True,
SH-79919,J-2025-00851,2025-02-18,87,2025-02-19,True,
SH-79920,J-2025-00852,2025-02-19,48,2025-02-19,True,
SH-79921,J-2025-00853,2025-03-14,29,2025-03-13,False,capacity
SH-79922,J-2025-00855,2025-03-07,9,2025-03-10,True,
SH-79923,J-2025-00856,2025-03-07,20,2025-03-17,True,
SH-79924,J-2025-00857,2025-03-04,24,2025-03-03,False,
SH-79925,J-2025-00859,2025-03-04,21,2025-02-27,False,capacity
SH-79926,J-2025-00860,2025-03-17,25,2025-03-17,True,
SH-79927,J-2025-00862,2025-03-19,23,2025-03-20,True,
SH-79928,J-2025-00864,2025-02-17,6,2025-02-24,True,
SH-79929,J-2025-00866,2025-03-27,12,2025-03-13,False,customer change
SH-79930,J-2025-00868,2025-03-12,44,2025-03-20,True,
SH-79931,J-2025-00870,2025-03-06,8,2025-03-06,True,
SH-79932,J-2025-00872,2025-04-03,12,2025-04-02,False,capacity
SH-79933,J-2025-00874,2025-03-13,13,2025-03-13,True,
SH-79934,J-2025-00876,2025-02-27,48,2025-02-27,True,
SH-79935,J-2025-00877,2025-03-21,262,2025-03-19,False,capacity
SH-79936,J-2025-00879,2025-03-07,43,2025-03-10,True,
SH-79937,J-2025-00880,2025-03-13,81,2025-03-14,True,
SH-79938,J-2025-00881,2025-03-14,14,2025-03-14,True,
SH-79939,J-2025-00883,2025-03-18,8,2025-03-18,True,
SH-79940,J-2025-00885,2025-03-06,21,2025-03-04,False,customer change
SH-79941,J-2025-00887,2025-03-12,9,2025-03-11,False,
SH-79942,J-2025-00889,2025-03-18,12,2025-03-14,False,capacity
SH-79943,J-2025-00891,2025-02-28,12,2025-02-28,True,
SH-79944,J-2025-00893,2025-03-08,27,2025-03-06,False,material
SH-79945,J-2025-00894,2025-03-10,5,2025-03-05,False,
SH-79946,J-2025-00896,2025-03-19,38,2025-03-14,False,
SH-79947,J-2025-00898,2025-03-20,79,2025-03-07,False,capacity
SH-79948,J-2025-00900,2025-03-05,39,2025-03-03,False,other
SH-79949,J-2025-00902,2025-03-12,3,2025-03-10,False,
SH-79950,J-2025-00903,2025-03-10,17,2025-03-05,False,other
SH-79951,J-2025-00905,2025-03-01,46,2025-03-03,True,
SH-79952,J-2025-00906,2025-03-06,22,2025-03-05,False,
SH-79953,J-2025-00907,2025-03-27,11,2025-03-17,False,outside processing
SH-79954,J-2025-00909,2025-04-02,48,2025-03-31,False,customer change
SH-79955,J-2025-00910,2025-03-06,39,2025-03-07,True,
SH-79956,J-2025-00912,2025-03-12,18,2025-03-11,False,
SH-79957,J-2025-00913,2025-03-25,22,2025-03-25,True,
SH-79958,J-2025-00914,2025-02-27,19,2025-02-26,False,
SH-79959,J-2025-00916,2025-03-12,97,2025-03-11,False,
SH-79960,J-2025-00917,2025-02-25,4,2025-02-24,False,capacity
SH-79961,J-2025-00918,2025-02-21,138,2025-02-25,True,
SH-79962,J-2025-00919,2025-03-07,43,2025-03-18,True,
SH-79963,J-2025-00920,2025-02-26,15,2025-03-06,True,
SH-79964,J-2025-00922,2025-03-21,16,2025-03-20,False,quality
SH-79965,J-2025-00924,2025-03-06,35,2025-03-07,True,
SH-79966,J-2025-00926,2025-03-10,4,2025-03-18,True,
SH-79967,J-2025-00927,2025-03-13,51,2025-03-14,True,
SH-79968,J-2025-00928,2025-03-17,23,2025-03-18,True,
SH-79969,J-2025-00929,2025-03-05,11,2025-03-04,False,capacity
SH-79970,J-2025-00931,2025-03-18,39,2025-03-17,False,material
SH-79971,J-2025-00932,2025-03-03,17,2025-03-03,True,
SH-79972,J-2025-00934,2025-03-03,49,2025-03-13,True,
SH-79973,J-2025-00935,2025-03-20,136,2025-03-19,False,
SH-79974,J-2025-00937,2025-02-20,12,2025-02-26,True,
SH-79975,J-2025-00939,2025-03-11,23,2025-03-12,True,
SH-79976,J-2025-00941,2025-03-12,12,2025-03-12,True,
SH-79977,J-2025-00943,2025-03-27,96,2025-03-31,True,
SH-79978,J-2025-00944,2025-03-21,2,2025-03-17,False,capacity
SH-79979,J-2025-00945,2025-04-04,23,2025-03-27,False,other
SH-79980,J-2025-00946,2025-03-06,81,2025-03-03,False,
SH-79981,J-2025-00948,2025-03-24,55,2025-03-17,False,capacity
SH-79982,J-2025-00949,2025-04-07,32,2025-03-28,False,other
SH-79983,J-2025-00950,2025-03-06,63,2025-03-03,False,
SH-79984,J-2025-00951,2025-03-01,42,2025-02-28,False,
SH-79985,J-2025-00953,2025-03-13,31,2025-03-13,True,
SH-79986,J-2025-00954,2025-03-19,8,2025-03-25,True,
SH-79987,J-2025-00956,2025-03-19,333,2025-03-18,False,capacity
SH-79988,J-2025-00958,2025-03-08,500,2025-04-07,True,
SH-79989,J-2025-00959,2025-03-13,12,2025-03-11,False,capacity
SH-79990,J-2025-00960,2025-04-03,36,2025-04-04,True,
SH-79991,J-2025-00961,2025-02-24,77,2025-02-24,True,
SH-79992,J-2025-00963,2025-03-13,63,2025-03-13,True,
SH-79993,J-2025-00965,2025-03-17,14,2025-03-18,True,
SH-79994,J-2025-00967,2025-03-01,49,2025-03-05,True,
SH-79995,J-2025-00968,2025-03-12,124,2025-03-06,False,capacity
SH-79996,J-2025-00970,2025-02-24,29,2025-02-25,True,
SH-79997,J-2025-00971,2025-03-29,62,2025-03-25,False,
SH-79998,J-2025-00973,2025-03-19,62,2025-03-19,True,
SH-79999,J-2025-00975,2025-03-20,4,2025-03-18,False,capacity
SH-80000,J-2025-00976,2025-03-25,7,2025-03-18,False,
SH-80001,J-2025-00977,2025-03-12,13,2025-03-05,False,
SH-80002,J-2025-00978,2025-03-20,26,2025-03-20,True,
SH-80003,J-2025-00980,2025-03-19,13,2025-03-20,True,
SH-80004,J-2025-00982,2025-03-26,21,2025-03-24,False,
SH-80005,J-2025-00983,2025-03-07,11,2025-03-10,True,
SH-80006,J-2025-00985,2025-02-21,13,2025-02-27,True,
SH-80007,J-2025-00987,2025-03-10,23,2025-03-12,True,
SH-80008,J-2025-00989,2025-03-20,7,2025-03-21,True,
SH-80009,J-2025-00990,2025-03-17,39,2025-03-11,False,outside processing
SH-80010,J-2025-00991,2025-03-07,43,2025-03-04,False,other
SH-80011,J-2025-00993,2025-03-31,11,2025-04-01,True,
SH-80012,J-2025-00994,2025-03-11,19,2025-03-12,True,
SH-80013,J-2025-00996,2025-03-12,137,2025-03-10,False,outside processing
SH-80014,J-2025-00997,2025-03-15,8,2025-03-13,False,
SH-80015,J-2025-00998,2025-02-25,66,2025-02-25,True,
SH-80016,J-2025-00999,2025-02-22,3,2025-02-28,True,
SH-80017,J-2025-01000,2025-02-27,49,2025-02-25,False,capacity
SH-80018,J-2025-01002,2025-03-19,32,2025-03-20,True,
SH-80019,J-2025-01004,2025-03-11,14,2025-03-11,True,
SH-80020,J-2025-01005,2025-02-27,7,2025-02-26,False,
SH-80021,J-2025-01007,2025-04-09,29,2025-04-08,False,capacity
SH-80022,J-2025-01008,2025-03-20,3,2025-03-17,False,capacity
SH-80023,J-2025-01009,2025-03-11,16,2025-03-06,False,
SH-80024,J-2025-01010,2025-03-19,5,2025-03-20,True,
SH-80025,J-2025-01012,2025-03-13,66,2025-03-17,True,
SH-80026,J-2025-01014,2025-03-12,2,2025-03-06,False,capacity
SH-80027,J-2025-01016,2025-03-12,15,2025-03-06,False,material
SH-80028,J-2025-01018,2025-02-28,3,2025-03-03,True,
SH-80029,J-2025-01020,2025-03-07,105,2025-03-07,True,
SH-80030,J-2025-01022,2025-03-12,8,2025-03-13,True,
SH-80031,J-2025-01024,2025-02-26,1,2025-03-11,True,
SH-80032,J-2025-01026,2025-03-07,34,2025-03-06,False,capacity
SH-80033,J-2025-01028,2025-02-26,5,2025-02-28,True,
SH-80034,J-2025-01029,2025-03-25,2,2025-03-20,False,
SH-80035,J-2025-01031,2025-03-03,3,2025-03-07,True,
SH-80036,J-2025-01033,2025-03-29,42,2025-03-26,False,
SH-80037,J-2025-01034,2025-03-13,4,2025-03-11,False,
SH-80038,J-2025-01035,2025-03-17,35,2025-03-17,True,
SH-80039,J-2025-01036,2025-03-22,475,2025-03-20,False,
SH-80040,J-2025-01037,2025-02-26,7,2025-02-27,True,
SH-80041,J-2025-01038,2025-03-12,5,2025-03-07,False,capacity
SH-80042,J-2025-01040,2025-03-13,73,2025-03-07,False,other
SH-80043,J-2025-01041,2025-03-15,221,2025-03-11,False,material
SH-80044,J-2025-01043,2025-04-01,24,2025-03-31,False,material
SH-80045,J-2025-01044,2025-03-20,28,2025-03-19,False,capacity
SH-80046,J-2025-01046,2025-03-27,17,2025-03-21,False,quality
SH-80047,J-2025-01047,2025-03-19,3,2025-03-18,False,capacity
SH-80048,J-2025-01049,2025-03-14,50,2025-03-17,True,
SH-80049,J-2025-01051,2025-03-20,5,2025-03-17,False,
SH-80050,J-2025-01052,2025-02-27,26,2025-03-04,True,
SH-80051,J-2025-01053,2025-03-12,150,2025-03-14,True,
SH-80052,J-2025-01054,2025-03-26,2,2025-03-27,True,
SH-80053,J-2025-01055,2025-03-04,9,2025-03-17,True,
SH-80054,J-2025-01057,2025-03-05,439,2025-03-03,False,
SH-80055,J-2025-01058,2025-04-01,9,2025-03-21,False,
SH-80056,J-2025-01059,2025-02-28,81,2025-02-27,False,
SH-80057,J-2025-01060,2025-03-14,5,2025-03-19,True,
SH-80058,J-2025-01061,2025-02-27,12,2025-03-12,True,
SH-80059,J-2025-01063,2025-03-08,52,2025-02-28,False,
SH-80060,J-2025-01064,2025-03-15,209,2025-03-14,False,material
SH-80061,J-2025-01066,2025-03-27,61,2025-03-21,False,
SH-80062,J-2025-01067,2025-03-13,16,2025-03-11,False,other
SH-80063,J-2025-01068,2025-03-18,20,2025-03-14,False,capacity
SH-80064,J-2025-01070,2025-03-12,32,2025-03-11,False,outside processing
SH-80065,J-2025-01071,2025-02-26,143,2025-02-27,True,
SH-80066,J-2025-01073,2025-04-02,48,2025-04-03,True,
SH-80067,J-2025-01075,2025-03-03,26,2025-03-05,True,
SH-80068,J-2025-01077,2025-03-10,17,2025-03-05,False,quality
SH-80069,J-2025-01078,2025-03-15,14,2025-03-13,False,
SH-80070,J-2025-01079,2025-03-07,10,2025-03-10,True,
SH-80071,J-2025-01081,2025-03-28,22,2025-03-24,False,capacity
SH-80072,J-2025-01083,2025-03-07,7,2025-03-05,False,
SH-80073,J-2025-01084,2025-03-17,53,2025-03-17,True,
SH-80074,J-2025-01085,2025-03-13,57,2025-03-10,False,capacity
SH-80075,J-2025-01086,2025-03-12,19,2025-03-10,False,capacity
SH-80076,J-2025-01088,2025-03-20,5,2025-03-20,True,
SH-80077,J-2025-01089,2025-03-19,4,2025-03-18,False,
SH-80078,J-2025-01091,2025-03-06,23,2025-03-05,False,capacity
SH-80079,J-2025-01093,2025-03-13,23,2025-03-10,False,capacity
SH-80080,J-2025-01094,2025-03-12,9,2025-03-11,False,capacity
SH-80081,J-2025-01096,2025-04-08,23,2025-04-09,True,
SH-80082,J-2025-01098,2025-03-04,84,2025-03-05,True,
SH-80083,J-2025-01100,2025-03-25,14,2025-03-25,True,
SH-80084,J-2025-01101,2025-03-27,2,2025-03-24,False,
SH-80085,J-2025-01103,2025-02-27,23,2025-02-28,True,
SH-80086,J-2025-01104,2025-03-15,18,2025-03-17,True,
SH-80087,J-2025-01105,2025-03-19,135,2025-03-12,False,other
SH-80088,J-2025-01107,2025-03-22,495,2025-03-24,True,
SH-80089,J-2025-01108,2025-03-25,12,2025-03-24,False,capacity
SH-80090,J-2025-01110,2025-03-26,83,2025-03-26,True,
SH-80091,J-2025-01111,2025-03-13,25,2025-03-14,True,
SH-80092,J-2025-01113,2025-03-06,9,2025-03-11,True,
SH-80093,J-2025-01114,2025-03-14,9,2025-03-12,False,
SH-80094,J-2025-01115,2025-03-25,26,2025-03-21,False,capacity
SH-80095,J-2025-01116,2025-03-19,23,2025-03-17,False,quality
SH-80096,J-2025-01117,2025-03-13,3,2025-03-14,True,
SH-80097,J-2025-01118,2025-03-20,42,2025-03-26,True,
SH-80098,J-2025-01120,2025-03-27,4,2025-03-24,False,
SH-80099,J-2025-01122,2025-04-08,46,2025-03-24,False,capacity
SH-80100,J-2025-01123,2025-03-21,69,2025-03-17,False,other
SH-80101,J-2025-01125,2025-03-22,9,2025-03-24,True,
SH-80102,J-2025-01127,2025-03-14,51,2025-03-27,True,
SH-80103,J-2025-01129,2025-03-18,426,2025-03-17,False,capacity
SH-80104,J-2025-01130,2025-02-27,35,2025-03-04,True,
SH-80105,J-2025-01131,2025-03-07,75,2025-03-13,True,
SH-80106,J-2025-01132,2025-03-21,9,2025-03-17,False,quality
SH-80107,J-2025-01134,2025-03-10,6,2025-03-07,False,outside processing
SH-80108,J-2025-01135,2025-03-20,36,2025-03-19,False,material
SH-80109,J-2025-01137,2025-03-13,7,2025-03-20,True,
SH-80110,J-2025-01139,2025-03-19,41,2025-03-21,True,
SH-80111,J-2025-01140,2025-03-21,21,2025-03-17,False,capacity
SH-80112,J-2025-01142,2025-03-18,35,2025-03-18,True,
SH-80113,J-2025-01143,2025-03-20,6,2025-03-20,True,
SH-80114,J-2025-01145,2025-03-05,36,2025-03-05,True,
SH-80115,J-2025-01147,2025-03-05,22,2025-03-14,True,
SH-80116,J-2025-01148,2025-03-07,26,2025-03-03,False,
SH-80117,J-2025-01149,2025-03-18,3,2025-03-18,True,
SH-80118,J-2025-01150,2025-03-04,7,2025-03-04,True,
SH-80119,J-2025-01152,2025-03-21,4,2025-03-21,True,
SH-80120,J-2025-01153,2025-03-22,11,2025-03-24,True,
SH-80121,J-2025-01155,2025-04-09,80,2025-04-11,True,
SH-80122,J-2025-01157,2025-03-25,68,2025-03-25,True,
SH-80123,J-2025-01158,2025-03-19,20,2025-03-19,True,
SH-80124,J-2025-01159,2025-03-13,108,2025-03-19,True,
SH-80125,J-2025-01160,2025-03-27,5,2025-03-26,False,
SH-80126,J-2025-01162,2025-03-06,72,2025-03-05,False,
SH-80127,J-2025-01163,2025-03-06,47,2025-03-07,True,
SH-80128,J-2025-01165,2025-03-26,127,2025-03-28,True,
SH-80129,J-2025-01166,2025-03-13,2,2025-03-14,True,
SH-80130,J-2025-01167,2025-03-20,15,2025-03-21,True,
SH-80131,J-2025-01169,2025-03-15,19,2025-03-13,False,capacity
SH-80132,J-2025-01171,2025-03-10,29,2025-03-19,True,
SH-80133,J-2025-01173,2025-03-05,120,2025-03-07,True,
SH-80134,J-2025-01175,2025-03-27,130,2025-03-26,False,other
SH-80135,J-2025-01177,2025-03-18,37,2025-03-18,True,
SH-80136,J-2025-01179,2025-03-28,19,2025-03-26,False,quality
SH-80137,J-2025-01181,2025-03-18,6,2025-03-19,True,
SH-80138,J-2025-01183,2025-03-27,5,2025-03-27,True,
SH-80139,J-2025-01185,2025-03-12,96,2025-03-07,False,
SH-80140,J-2025-01186,2025-03-27,23,2025-03-28,True,
SH-80141,J-2025-01188,2025-03-13,12,2025-03-13,True,
SH-80142,J-2025-01190,2025-03-19,13,2025-03-28,True,
SH-80143,J-2025-01191,2025-03-24,54,2025-03-25,True,
SH-80144,J-2025-01192,2025-03-20,13,2025-03-19,False,capacity
SH-80145,J-2025-01194,2025-03-28,2,2025-03-28,True,
SH-80146,J-2025-01196,2025-03-26,5,2025-03-20,False,capacity
SH-80147,J-2025-01197,2025-03-21,11,2025-03-28,True,
SH-80148,J-2025-01198,2025-03-06,7,2025-03-05,False,outside processing
SH-80149,J-2025-01200,2025-03-13,18,2025-03-20,True,
SH-80150,J-2025-01202,2025-03-25,7,2025-03-27,True,
SH-80151,J-2025-01203,2025-04-01,7,2025-04-01,True,
SH-80152,J-2025-01205,2025-04-01,25,2025-04-07,True,
SH-80153,J-2025-01207,2025-03-13,15,2025-04-01,True,
SH-80154,J-2025-01208,2025-03-11,225,2025-03-06,False,outside processing
SH-80155,J-2025-01209,2025-03-25,234,2025-03-26,True,
SH-80156,J-2025-01211,2025-03-19,44,2025-03-19,True,
SH-80157,J-2025-01213,2025-03-31,2,2025-03-31,True,
SH-80158,J-2025-01215,2025-04-22,5,2025-04-30,True,
SH-80159,J-2025-01216,2025-03-22,61,2025-03-28,True,
SH-80160,J-2025-01218,2025-03-31,68,2025-04-02,True,
SH-80161,J-2025-01219,2025-03-18,1,2025-03-18,True,
SH-80162,J-2025-01221,2025-03-22,50,2025-03-24,True,
SH-80163,J-2025-01222,2025-04-03,18,2025-03-24,False,
SH-80164,J-2025-01223,2025-03-07,189,2025-03-06,False,capacity
SH-80165,J-2025-01224,2025-03-13,196,2025-03-13,True,
SH-80166,J-2025-01225,2025-03-08,81,2025-03-18,True,
SH-80167,J-2025-01227,2025-03-14,59,2025-03-07,False,
SH-80168,J-2025-01228,2025-03-22,14,2025-03-26,True,
SH-80169,J-2025-01229,2025-03-26,170,2025-03-26,True,
SH-80170,J-2025-01231,2025-03-13,14,2025-03-14,True,
SH-80171,J-2025-01232,2025-03-28,26,2025-03-27,False,capacity
SH-80172,J-2025-01233,2025-03-24,27,2025-03-07,False,material
SH-80173,J-2025-01235,2025-03-18,37,2025-03-14,False,outside processing
SH-80174,J-2025-01237,2025-03-14,86,2025-03-14,True,
SH-80175,J-2025-01239,2025-03-08,19,2025-03-06,False,capacity
SH-80176,J-2025-01240,2025-03-17,31,2025-03-17,True,
SH-80177,J-2025-01241,2025-03-20,399,2025-03-21,True,
SH-80178,J-2025-01242,2025-03-19,3,2025-03-25,True,
SH-80179,J-2025-01244,2025-04-02,84,2025-04-02,True,
SH-80180,J-2025-01246,2025-03-17,52,2025-03-17,True,
SH-80181,J-2025-01247,2025-03-12,88,2025-03-12,True,
SH-80182,J-2025-01248,2025-04-07,9,2025-03-31,False,capacity
SH-80183,J-2025-01249,2025-03-11,3,2025-03-12,True,
SH-80184,J-2025-01251,2025-03-06,11,2025-03-12,True,
SH-80185,J-2025-01252,2025-04-01,18,2025-04-02,True,
SH-80186,J-2025-01254,2025-03-22,18,2025-03-24,True,
SH-80187,J-2025-01256,2025-03-18,32,2025-03-17,False,capacity
SH-80188,J-2025-01258,2025-03-24,8,2025-03-24,True,
SH-80189,J-2025-01259,2025-03-25,321,2025-03-24,False,
SH-80190,J-2025-01261,2025-03-25,36,2025-03-17,False,
SH-80191,J-2025-01262,2025-04-03,12,2025-04-09,True,
SH-80192,J-2025-01264,2025-03-19,9,2025-03-26,True,
SH-80193,J-2025-01265,2025-03-06,56,2025-03-11,True,
SH-80194,J-2025-01266,2025-03-18,318,2025-03-17,False,
SH-80195,J-2025-01267,2025-03-27,89,2025-03-31,True,
SH-80196,J-2025-01268,2025-03-26,14,2025-03-28,True,
SH-80197,J-2025-01269,2025-03-18,15,2025-03-14,False,quality
SH-80198,J-2025-01270,2025-03-14,33,2025-03-12,False,other
SH-80199,J-2025-01272,2025-04-04,42,2025-04-07,True,
SH-80200,J-2025-01273,2025-03-19,26,2025-03-19,True,
SH-80201,J-2025-01275,2025-03-11,27,2025-03-11,True,
SH-80202,J-2025-01276,2025-03-15,64,2025-03-11,False,other
SH-80203,J-2025-01277,2025-03-28,50,2025-03-31,True,
SH-80204,J-2025-01279,2025-03-05,71,2025-03-07,True,
SH-80205,J-2025-01280,2025-03-31,28,2025-04-02,True,
SH-80206,J-2025-01281,2025-03-21,5,2025-03-24,True,
SH-80207,J-2025-01282,2025-03-27,4,2025-03-27,True,
SH-80208,J-2025-01283,2025-03-22,13,2025-03-24,True,
SH-80209,J-2025-01284,2025-03-25,7,2025-03-25,True,
SH-80210,J-2025-01286,2025-03-19,4,2025-03-19,True,
SH-80211,J-2025-01287,2025-03-05,21,2025-03-07,True,
SH-80212,J-2025-01289,2025-03-24,2,2025-03-26,True,
SH-80213,J-2025-01291,2025-04-01,15,2025-04-03,True,
SH-80214,J-2025-01292,2025-03-20,50,2025-03-18,False,
SH-80215,J-2025-01293,2025-03-20,109,2025-04-01,True,
SH-80216,J-2025-01295,2025-03-25,15,2025-03-24,False,
SH-80217,J-2025-01296,2025-03-20,15,2025-03-18,False,capacity
SH-80218,J-2025-01298,2025-03-10,4,2025-03-10,True,
SH-80219,J-2025-01300,2025-03-26,15,2025-03-25,False,capacity
SH-80220,J-2025-01301,2025-03-29,72,2025-03-28,False,
SH-80221,J-2025-01303,2025-03-08,16,2025-03-12,True,
SH-80222,J-2025-01305,2025-04-01,17,2025-04-01,True,
SH-80223,J-2025-01306,2025-03-26,7,2025-03-18,False,capacity
SH-80224,J-2025-01308,2025-03-19,23,2025-03-21,True,
SH-80225,J-2025-01310,2025-03-15,12,2025-03-17,True,
SH-80226,J-2025-01312,2025-04-01,44,2025-04-04,True,
SH-80227,J-2025-01313,2025-04-03,6,2025-04-07,True,
SH-80228,J-2025-01314,2025-03-08,4,2025-03-11,True,
SH-80229,J-2025-01315,2025-03-12,73,2025-03-20,True,
SH-80230,J-2025-01316,2025-03-20,45,2025-03-21,True,
SH-80231,J-2025-01318,2025-03-19,5,2025-03-19,True,
SH-80232,J-2025-01319,2025-03-26,14,2025-03-25,False,
SH-80233,J-2025-01321,2025-03-26,125,2025-03-27,True,
SH-80234,J-2025-01323,2025-03-31,44,2025-04-02,True,
SH-80235,J-2025-01324,2025-03-19,24,2025-03-25,True,
SH-80236,J-2025-01326,2025-03-25,18,2025-03-24,False,
SH-80237,J-2025-01328,2025-04-22,9,2025-04-21,False,customer change
SH-80238,J-2025-01329,2025-04-10,118,2025-04-02,False,
SH-80239,J-2025-01331,2025-04-10,22,2025-04-11,True,
SH-80240,J-2025-01332,2025-04-10,50,2025-05-02,True,
SH-80241,J-2025-01333,2025-03-20,7,2025-04-02,True,
SH-80242,J-2025-01334,2025-04-03,5,2025-04-08,True,
SH-80243,J-2025-01336,2025-04-01,10,2025-04-02,True,
SH-80244,J-2025-01337,2025-03-20,25,2025-03-21,True,
SH-80245,J-2025-01339,2025-04-08,3,2025-04-03,False,material
SH-80246,J-2025-01341,2025-04-09,382,2025-03-31,False,
SH-80247,J-2025-01343,2025-03-28,154,2025-04-21,True,
SH-80248,J-2025-01345,2025-03-28,5,2025-03-21,False,other
SH-80249,J-2025-01346,2025-03-28,52,2025-03-28,True,
SH-80250,J-2025-01348,2025-03-13,40,2025-03-14,True,
SH-80251,J-2025-01349,2025-03-27,36,2025-04-07,True,
SH-80252,J-2025-01350,2025-03-26,107,2025-03-24,False,capacity
SH-80253,J-2025-01351,2025-04-08,94,2025-04-09,True,
SH-80254,J-2025-01353,2025-03-25,4,2025-03-25,True,
SH-80255,J-2025-01355,2025-03-24,55,2025-04-03,True,
SH-80256,J-2025-01357,2025-03-18,15,2025-03-20,True,
SH-80257,J-2025-01358,2025-04-02,14,2025-03-31,False,capacity
SH-80258,J-2025-01360,2025-03-26,22,2025-03-25,False,capacity
SH-80259,J-2025-01362,2025-03-28,6,2025-04-07,True,
SH-80260,J-2025-01363,2025-04-01,49,2025-04-02,True,
SH-80261,J-2025-01364,2025-03-19,51,2025-03-20,True,
SH-80262,J-2025-01365,2025-04-02,3,2025-04-03,True,
SH-80263,J-2025-01367,2025-03-11,9,2025-03-18,True,
SH-80264,J-2025-01368,2025-04-07,78,2025-04-09,True,
SH-80265,J-2025-01370,2025-04-07,38,2025-04-04,False,
SH-80266,J-2025-01371,2025-04-01,157,2025-04-04,True,
SH-80267,J-2025-01372,2025-03-25,60,2025-03-14,False,
SH-80268,J-2025-01373,2025-04-01,55,2025-03-28,False,
SH-80269,J-2025-01375,2025-03-26,9,2025-04-10,True,
SH-80270,J-2025-01376,2025-04-09,9,2025-04-14,True,
SH-80271,J-2025-01378,2025-03-20,118,2025-04-01,True,
SH-80272,J-2025-01379,2025-03-27,6,2025-04-10,True,
SH-80273,J-2025-01380,2025-03-13,59,2025-03-21,True,
SH-80274,J-2025-01381,2025-03-20,44,2025-03-21,True,
SH-80275,J-2025-01383,2025-03-20,4,2025-03-28,True,
SH-80276,J-2025-01384,2025-04-03,7,2025-04-08,True,
SH-80277,J-2025-01385,2025-03-22,9,2025-03-24,True,
SH-80278,J-2025-01387,2025-03-26,16,2025-03-24,False,capacity
SH-80279,J-2025-01389,2025-03-13,8,2025-03-17,True,
SH-80280,J-2025-01391,2025-03-29,8,2025-04-01,True,
SH-80281,J-2025-01393,2025-04-03,7,2025-04-04,True,
SH-80282,J-2025-01395,2025-03-15,33,2025-03-14,False,capacity
SH-80283,J-2025-01397,2025-04-01,27,2025-03-31,False,capacity
SH-80284,J-2025-01398,2025-04-08,30,2025-04-07,False,
SH-80285,J-2025-01399,2025-03-25,19,2025-03-24,False,capacity
SH-80286,J-2025-01400,2025-03-18,15,2025-03-19,True,
SH-80287,J-2025-01401,2025-04-02,20,2025-04-02,True,
SH-80288,J-2025-01403,2025-03-28,24,2025-04-01,True,
SH-80289,J-2025-01404,2025-04-18,17,2025-04-17,False,
SH-80290,J-2025-01405,2025-03-15,8,2025-03-18,True,
SH-80291,J-2025-01406,2025-04-07,12,2025-04-07,True,
SH-80292,J-2025-01407,2025-03-21,9,2025-03-24,True,
SH-80293,J-2025-01409,2025-03-28,94,2025-03-24,False,customer change
SH-80294,J-2025-01410,2025-03-22,9,2025-03-20,False,capacity
SH-80295,J-2025-01412,2025-03-24,122,2025-04-15,True,
SH-80296,J-2025-01414,2025-03-29,145,2025-03-27,False,
SH-80297,J-2025-01416,2025-03-27,15,2025-03-28,True,
SH-80298,J-2025-01417,2025-04-04,15,2025-04-07,True,
SH-80299,J-2025-01419,2025-04-14,28,2025-04-23,True,
SH-80300,J-2025-01420,2025-04-09,47,2025-04-01,False,capacity
SH-80301,J-2025-01422,2025-03-20,5,2025-03-28,True,
SH-80302,J-2025-01423,2025-04-02,11,2025-04-04,True,
SH-80303,J-2025-01424,2025-04-01,16,2025-04-11,True,
SH-80304,J-2025-01425,2025-03-25,51,2025-03-25,True,
SH-80305,J-2025-01426,2025-03-31,82,2025-03-24,False,other
SH-80306,J-2025-01427,2025-03-28,26,2025-03-27,False,
SH-80307,J-2025-01429,2025-03-25,16,2025-03-25,True,
SH-80308,J-2025-01430,2025-03-29,22,2025-03-31,True,
SH-80309,J-2025-01431,2025-04-01,40,2025-04-03,True,
SH-80310,J-2025-01433,2025-03-26,62,2025-04-03,True,
SH-80311,J-2025-01435,2025-03-14,22,2025-03-17,True,
SH-80312,J-2025-01437,2025-04-03,73,2025-04-08,True,
SH-80313,J-2025-01439,2025-03-25,11,2025-03-26,True,
SH-80314,J-2025-01440,2025-03-27,20,2025-04-01,True,
SH-80315,J-2025-01442,2025-04-07,66,2025-04-09,True,
SH-80316,J-2025-01444,2025-04-01,2,2025-03-31,False,
SH-80317,J-2025-01445,2025-04-04,130,2025-03-28,False,
SH-80318,J-2025-01447,2025-04-01,82,2025-04-03,True,
SH-80319,J-2025-01448,2025-03-25,9,2025-03-25,True,
SH-80320,J-2025-01450,2025-03-26,310,2025-03-25,False,
SH-80321,J-2025-01452,2025-04-08,17,2025-04-10,True,
SH-80322,J-2025-01453,2025-03-27,66,2025-04-01,True,
SH-80323,J-2025-01455,2025-03-25,201,2025-03-25,True,
SH-80324,J-2025-01456,2025-04-17,74,2025-04-11,False,capacity
SH-80325,J-2025-01457,2025-03-25,5,2025-04-03,True,
SH-80326,J-2025-01459,2025-03-28,33,2025-03-26,False,capacity
SH-80327,J-2025-01461,2025-04-02,8,2025-04-07,True,
SH-80328,J-2025-01463,2025-03-22,48,2025-03-25,True,
SH-80329,J-2025-01464,2025-03-26,15,2025-03-18,False,
SH-80330,J-2025-01466,2025-04-02,12,2025-04-03,True,
SH-80331,J-2025-01467,2025-04-08,103,2025-04-09,True,
SH-80332,J-2025-01468,2025-04-04,500,2025-04-02,False,capacity
SH-80333,J-2025-01470,2025-04-01,33,2025-04-04,True,
SH-80334,J-2025-01472,2025-04-01,13,2025-04-09,True,
SH-80335,J-2025-01474,2025-04-04,14,2025-04-09,True,
SH-80336,J-2025-01475,2025-03-27,65,2025-03-26,False,capacity
SH-80337,J-2025-01476,2025-03-26,145,2025-03-26,True,
SH-80338,J-2025-01477,2025-04-10,4,2025-04-18,True,
SH-80339,J-2025-01478,2025-03-27,26,2025-03-26,False,
SH-80340,J-2025-01480,2025-03-24,57,2025-04-02,True,
SH-80341,J-2025-01482,2025-04-02,82,2025-04-04,True,
SH-80342,J-2025-01483,2025-03-24,73,2025-03-25,True,
SH-80343,J-2025-01485,2025-04-07,28,2025-04-09,True,
SH-80344,J-2025-01486,2025-04-07,64,2025-04-10,True,
SH-80345,J-2025-01488,2025-04-09,55,2025-04-07,False,
SH-80346,J-2025-01490,2025-04-02,4,2025-04-04,True,
SH-80347,J-2025-01492,2025-03-19,193,2025-03-20,True,
SH-80348,J-2025-01493,2025-04-09,10,2025-04-16,True,
SH-80349,J-2025-01494,2025-03-29,6,2025-03-28,False,material
SH-80350,J-2025-01495,2025-04-01,49,2025-04-07,True,
SH-80351,J-2025-01497,2025-04-03,9,2025-04-04,True,
SH-80352,J-2025-01498,2025-03-28,92,2025-04-10,True,
SH-80353,J-2025-01499,2025-03-27,26,2025-03-20,False,quality
SH-80354,J-2025-01500,2025-04-01,28,2025-04-03,True,
SH-80355,J-2025-01501,2025-05-01,15,2025-05-02,True,
SH-80356,J-2025-01502,2025-04-01,15,2025-03-28,False,
SH-80357,J-2025-01503,2025-03-22,18,2025-04-04,True,
SH-80358,J-2025-01505,2025-04-10,63,2025-04-11,True,
SH-80359,J-2025-01506,2025-04-10,39,2025-04-11,True,
SH-80360,J-2025-01508,2025-03-19,37,2025-03-24,True,
SH-80361,J-2025-01509,2025-04-14,55,2025-04-11,False,
SH-80362,J-2025-01511,2025-04-02,14,2025-04-02,True,
SH-80363,J-2025-01512,2025-04-10,37,2025-04-11,True,
SH-80364,J-2025-01513,2025-04-07,49,2025-04-11,True,
SH-80365,J-2025-01514,2025-04-09,7,2025-04-11,True,
SH-80366,J-2025-01516,2025-03-25,23,2025-03-26,True,
SH-80367,J-2025-01518,2025-04-04,6,2025-04-09,True,
SH-80368,J-2025-01520,2025-04-14,2,2025-04-15,True,
SH-80369,J-2025-01522,2025-04-14,3,2025-04-18,True,
SH-80370,J-2025-01523,2025-04-14,159,2025-04-07,False,
SH-80371,J-2025-01524,2025-03-28,24,2025-04-07,True,
SH-80372,J-2025-01526,2025-04-08,15,2025-04-09,True,
SH-80373,J-2025-01528,2025-03-26,75,2025-03-27,True,
SH-80374,J-2025-01529,2025-04-15,24,2025-04-14,False,
SH-80375,J-2025-01531,2025-04-10,49,2025-04-10,True,
SH-80376,J-2025-01533,2025-04-08,10,2025-04-02,False,
SH-80377,J-2025-01535,2025-04-08,21,2025-04-09,True,
SH-80378,J-2025-01537,2025-03-26,11,2025-04-02,True,
SH-80379,J-2025-01538,2025-03-27,8,2025-03-27,True,
SH-80380,J-2025-01540,2025-04-09,3,2025-04-15,True,
SH-80381,J-2025-01541,2025-04-03,39,2025-04-07,True,
SH-80382,J-2025-01542,2025-04-04,25,2025-04-29,True,
SH-80383,J-2025-01543,2025-03-24,36,2025-03-31,True,
SH-80384,J-2025-01544,2025-04-09,33,2025-04-17,True,
SH-80385,J-2025-01545,2025-04-09,51,2025-04-08,False,outside processing
SH-80386,J-2025-01546,2025-04-11,129,2025-04-14,True,
SH-80387,J-2025-01547,2025-03-21,74,2025-04-04,True,
SH-80388,J-2025-01548,2025-03-22,8,2025-03-24,True,
SH-80389,J-2025-01550,2025-04-09,32,2025-04-14,True,
SH-80390,J-2025-01551,2025-04-07,25,2025-04-04,False,capacity
SH-80391,J-2025-01553,2025-04-03,9,2025-04-04,True,
SH-80392,J-2025-01555,2025-04-03,12,2025-04-07,True,
SH-80393,J-2025-01556,2025-03-27,15,2025-03-26,False,capacity
SH-80394,J-2025-01557,2025-03-28,16,2025-04-25,True,
SH-80395,J-2025-01558,2025-03-28,11,2025-04-02,True,
SH-80396,J-2025-01560,2025-05-07,22,2025-05-01,False,
SH-80397,J-2025-01561,2025-04-02,33,2025-04-03,True,
SH-80398,J-2025-01562,2025-03-28,12,2025-03-31,True,
SH-80399,J-2025-01564,2025-03-31,24,2025-04-16,True,
SH-80400,J-2025-01566,2025-04-04,75,2025-04-02,False,other
SH-80401,J-2025-01567,2025-04-10,20,2025-05-07,True,
SH-80402,J-2025-01569,2025-03-31,129,2025-04-16,True,
SH-80403,J-2025-01571,2025-04-01,18,2025-04-01,True,
SH-80404,J-2025-01573,2025-03-21,16,2025-03-24,True,
SH-80405,J-2025-01575,2025-04-18,8,2025-04-18,True,
SH-80406,J-2025-01576,2025-04-19,21,2025-04-25,True,
SH-80407,J-2025-01578,2025-03-31,15,2025-04-03,True,
SH-80408,J-2025-01579,2025-04-02,89,2025-04-03,True,
SH-80409,J-2025-01581,2025-04-10,27,2025-04-15,True,
SH-80410,J-2025-01582,2025-04-08,54,2025-04-07,False,quality
SH-80411,J-2025-01583,2025-04-11,15,2025-04-10,False,
SH-80412,J-2025-01585,2025-04-09,31,2025-04-08,False,capacity
SH-80413,J-2025-01587,2025-03-29,49,2025-03-28,False,
SH-80414,J-2025-01588,2025-03-25,52,2025-03-26,True,
SH-80415,J-2025-01589,2025-04-14,6,2025-04-18,True,
SH-80416,J-2025-01591,2025-04-02,12,2025-04-04,True,
SH-80417,J-2025-01592,2025-04-02,7,2025-04-03,True,
SH-80418,J-2025-01593,2025-03-28,17,2025-04-11,True,
SH-80419,J-2025-01595,2025-04-11,11,2025-04-15,True,
SH-80420,J-2025-01596,2025-04-14,178,2025-04-15,True,
SH-80421,J-2025-01598,2025-03-27,47,2025-04-01,True,
SH-80422,J-2025-01600,2025-03-22,13,2025-04-01,True,
SH-80423,J-2025-01602,2025-03-31,64,2025-04-07,True,
SH-80424,J-2025-01603,2025-04-02,30,2025-04-14,True,
SH-80425,J-2025-01604,2025-03-27,129,2025-04-04,True,
SH-80426,J-2025-01606,2025-04-07,20,2025-04-09,True,
SH-80427,J-2025-01607,2025-03-29,17,2025-04-08,True,
SH-80428,J-2025-01609,2025-03-27,28,2025-04-02,True,
SH-80429,J-2025-01610,2025-04-03,40,2025-04-14,True,
SH-80430,J-2025-01611,2025-04-15,33,2025-04-17,True,
SH-80431,J-2025-01612,2025-03-28,29,2025-04-15,True,
SH-80432,J-2025-01614,2025-04-14,171,2025-04-24,True,
SH-80433,J-2025-01615,2025-04-02,63,2025-04-22,True,
SH-80434,J-2025-01617,2025-04-03,52,2025-04-09,True,
SH-80435,J-2025-01618,2025-04-10,34,2025-04-16,True,
SH-80436,J-2025-01619,2025-04-01,81,2025-05-05,True,
SH-80437,J-2025-01620,2025-04-25,500,2025-04-17,False,capacity
SH-80438,J-2025-01622,2025-04-11,18,2025-04-16,True,
SH-80439,J-2025-01624,2025-04-14,28,2025-04-16,True,
SH-80440,J-2025-01626,2025-04-09,154,2025-04-16,True,
SH-80441,J-2025-01627,2025-04-04,17,2025-04-18,True,
SH-80442,J-2025-01628,2025-04-16,47,2025-04-21,True,
SH-80443,J-2025-01630,2025-03-27,7,2025-03-28,True,
SH-80444,J-2025-01631,2025-04-24,15,2025-04-30,True,
SH-80445,J-2025-01632,2025-03-26,23,2025-03-28,True,
SH-80446,J-2025-01633,2025-04-17,34,2025-04-21,True,
SH-80447,J-2025-01634,2025-03-28,39,2025-04-10,True,
SH-80448,J-2025-01635,2025-03-27,22,2025-03-28,True,
SH-80449,J-2025-01637,2025-03-24,37,2025-04-02,True,
SH-80450,J-2025-01638,2025-04-21,12,2025-04-29,True,
SH-80451,J-2025-01640,2025-04-09,22,2025-04-08,False,
SH-80452,J-2025-01641,2025-04-08,23,2025-04-09,True,
SH-80453,J-2025-01642,2025-04-09,33,2025-04-11,True,
SH-80454,J-2025-01643,2025-03-26,16,2025-03-27,True,
SH-80455,J-2025-01644,2025-04-11,4,2025-04-18,True,
SH-80456,J-2025-01645,2025-04-02,32,2025-04-15,True,
SH-80457,J-2025-01646,2025-03-27,12,2025-04-07,True,
SH-80458,J-2025-01648,2025-04-01,34,2025-04-02,True,
SH-80459,J-2025-01649,2025-04-22,32,2025-04-24,True,
SH-80460,J-2025-01650,2025-04-09,40,2025-04-17,True,
SH-80461,J-2025-01651,2025-04-08,28,2025-04-09,True,
SH-80462,J-2025-01652,2025-04-21,129,2025-04-28,True,
SH-80463,J-2025-01653,2025-04-10,3,2025-04-15,True,
SH-80464,J-2025-01655,2025-04-16,38,2025-04-18,True,
SH-80465,J-2025-01657,2025-04-18,3,2025-04-23,True,
SH-80466,J-2025-01659,2025-04-09,17,2025-04-10,True,
SH-80467,J-2025-01661,2025-04-10,45,2025-04-16,True,
SH-80468,J-2025-01662,2025-04-03,75,2025-03-28,False,
SH-80469,J-2025-01663,2025-04-16,18,2025-04-22,True,
SH-80470,J-2025-01664,2025-04-09,157,2025-04-11,True,
SH-80471,J-2025-01665,2025-04-14,80,2025-04-11,False,capacity
SH-80472,J-2025-01666,2025-03-31,5,2025-04-07,True,
SH-80473,J-2025-01667,2025-03-28,21,2025-03-28,True,
SH-80474,J-2025-01668,2025-04-22,73,2025-04-23,True,
SH-80475,J-2025-01669,2025-04-09,208,2025-04-10,True,
SH-80476,J-2025-01670,2025-04-29,26,2025-05-05,True,
SH-80477,J-2025-01671,2025-04-04,1,2025-04-08,True,
SH-80478,J-2025-01673,2025-04-01,7,2025-04-24,True,
SH-80479,J-2025-01674,2025-05-12,35,2025-05-09,False,customer change
SH-80480,J-2025-01676,2025-04-16,12,2025-04-16,True,
SH-80481,J-2025-01678,2025-04-02,45,2025-04-10,True,
SH-80482,J-2025-01680,2025-04-23,3,2025-04-24,True,
SH-80483,J-2025-01682,2025-03-29,63,2025-03-31,True,
SH-80484,J-2025-01683,2025-04-11,43,2025-04-15,True,
SH-80485,J-2025-01685,2025-04-14,99,2025-04-21,True,
SH-80486,J-2025-01687,2025-04-04,9,2025-04-07,True,
SH-80487,J-2025-01689,2025-03-28,275,2025-03-31,True,
SH-80488,J-2025-01691,2025-04-10,86,2025-04-11,True,
SH-80489,J-2025-01693,2025-04-15,25,2025-04-17,True,
SH-80490,J-2025-01695,2025-04-07,73,2025-04-08,True,
SH-80491,J-2025-01697,2025-04-15,2,2025-04-21,True,
SH-80492,J-2025-01698,2025-04-04,22,2025-04-07,True,
SH-80493,J-2025-01699,2025-04-02,48,2025-04-01,False,
SH-80494,J-2025-01701,2025-04-09,19,2025-04-08,False,capacity
SH-80495,J-2025-01703,2025-04-25,21,2025-04-29,True,
SH-80496,J-2025-01704,2025-04-30,17,2025-05-05,True,
SH-80497,J-2025-01705,2025-04-09,16,2025-04-18,True,
SH-80498,J-2025-01706,2025-04-22,29,2025-04-21,False,capacity
SH-80499,J-2025-01707,2025-04-18,19,2025-04-25,True,
SH-80500,J-2025-01708,2025-04-18,33,2025-04-22,True,
SH-80501,J-2025-01710,2025-04-09,24,2025-04-24,True,
SH-80502,J-2025-01712,2025-04-01,70,2025-04-01,True,
SH-80503,J-2025-01714,2025-04-14,27,2025-04-14,True,
SH-80504,J-2025-01715,2025-03-31,49,2025-04-01,True,
SH-80505,J-2025-01717,2025-04-11,42,2025-04-18,True,
SH-80506,J-2025-01719,2025-04-11,4,2025-04-15,True,
SH-80507,J-2025-01721,2025-04-09,21,2025-04-17,True,
SH-80508,J-2025-01722,2025-04-18,158,2025-04-23,True,
SH-80509,J-2025-01723,2025-03-31,8,2025-04-09,True,
SH-80510,J-2025-01724,2025-04-09,24,2025-04-21,True,
SH-80511,J-2025-01725,2025-04-10,11,2025-04-21,True,
SH-80512,J-2025-01726,2025-04-22,4,2025-04-29,True,
SH-80513,J-2025-01728,2025-04-04,6,2025-04-15,True,
SH-80514,J-2025-01729,2025-04-11,39,2025-04-14,True,
SH-80515,J-2025-01731,2025-04-11,20,2025-04-17,True,
SH-80516,J-2025-01732,2025-04-11,19,2025-04-16,True,
SH-80517,J-2025-01734,2025-04-08,35,2025-04-09,True,
SH-80518,J-2025-01736,2025-04-23,15,2025-05-05,True,
SH-80519,J-2025-01738,2025-04-11,12,2025-04-15,True,
SH-80520,J-2025-01740,2025-04-16,272,2025-04-23,True,
SH-80521,J-2025-01741,2025-04-07,35,2025-04-14,True,
SH-80522,J-2025-01742,2025-04-09,12,2025-04-11,True,
SH-80523,J-2025-01744,2025-04-30,2,2025-05-07,True,
SH-80524,J-2025-01746,2025-05-01,94,2025-05-02,True,
SH-80525,J-2025-01747,2025-04-10,30,2025-04-29,True,
SH-80526,J-2025-01748,2025-04-16,35,2025-04-29,True,
SH-80527,J-2025-01750,2025-04-08,289,2025-04-07,False,
SH-80528,J-2025-01751,2025-04-09,49,2025-04-04,False,capacity
SH-80529,J-2025-01752,2025-04-09,14,2025-04-17,True,
SH-80530,J-2025-01753,2025-04-01,18,2025-04-07,True,
SH-80531,J-2025-01755,2025-04-04,21,2025-04-07,True,
SH-80532,J-2025-01757,2025-04-11,14,2025-04-10,False,
SH-80533,J-2025-01758,2025-04-21,112,2025-04-24,True,
SH-80534,J-2025-01759,2025-04-09,22,2025-04-17,True,
SH-80535,J-2025-01760,2025-04-14,23,2025-04-24,True,
SH-80536,J-2025-01761,2025-04-29,35,2025-05-05,True,
SH-80537,J-2025-01763,2025-04-23,2,2025-04-25,True,
SH-80538,J-2025-01764,2025-04-10,52,2025-04-09,False,capacity
SH-80539,J-2025-01765,2025-04-17,33,2025-04-24,True,
SH-80540,J-2025-01767,2025-04-17,5,2025-04-22,True,
SH-80541,J-2025-01768,2025-04-17,39,2025-04-21,True,
SH-80542,J-2025-01770,2025-04-14,3,2025-04-15,True,
SH-80543,J-2025-01772,2025-04-10,2,2025-04-14,True,
SH-80544,J-2025-01774,2025-04-15,9,2025-04-18,True,
SH-80545,J-2025-01776,2025-04-04,22,2025-04-25,True,
SH-80546,J-2025-01777,2025-04-04,90,2025-04-03,False,
SH-80547,J-2025-01778,2025-04-25,26,2025-04-29,True,
SH-80548,J-2025-01780,2025-04-30,10,2025-05-02,True,
SH-80549,J-2025-01782,2025-04-04,133,2025-04-03,False,capacity
SH-80550,J-2025-01784,2025-04-10,21,2025-04-09,False,capacity
SH-80551,J-2025-01786,2025-04-09,40,2025-04-15,True,
SH-80552,J-2025-01788,2025-04-18,6,2025-04-17,False,
SH-80553,J-2025-01789,2025-04-17,2,2025-04-16,False,material
SH-80554,J-2025-01790,2025-04-18,77,2025-04-22,True,
SH-80555,J-2025-01792,2025-04-18,11,2025-04-25,True,
SH-80556,J-2025-01794,2025-04-24,148,2025-04-25,True,
SH-80557,J-2025-01795,2025-04-22,19,2025-04-25,True,
SH-80558,J-2025-01796,2025-04-16,63,2025-04-18,True,
SH-80559,J-2025-01797,2025-04-16,26,2025-04-21,True,
SH-80560,J-2025-01798,2025-04-29,124,2025-04-25,False,
SH-80561,J-2025-01800,2025-04-16,181,2025-04-16,True,
SH-80562,J-2025-01801,2025-04-28,11,2025-05-01,True,
SH-80563,J-2025-01803,2025-05-01,18,2025-05-15,True,
SH-80564,J-2025-01804,2025-04-18,183,2025-04-18,True,
SH-80565,J-2025-01805,2025-04-18,7,2025-04-18,True,
SH-80566,J-2025-01806,2025-04-16,26,2025-04-22,True,
SH-80567,J-2025-01807,2025-04-30,6,2025-05-06,True,
SH-80568,J-2025-01808,2025-04-04,18,2025-04-08,True,
SH-80569,J-2025-01810,2025-04-11,21,2025-04-18,True,
SH-80570,J-2025-01811,2025-04-25,22,2025-04-28,True,
SH-80571,J-2025-01812,2025-04-17,110,2025-04-28,True,
SH-80572,J-2025-01813,2025-04-09,64,2025-04-08,False,
SH-80573,J-2025-01814,2025-04-14,8,2025-04-18,True,
SH-80574,J-2025-01815,2025-04-17,1,2025-04-21,True,
SH-80575,J-2025-01816,2025-04-09,9,2025-04-16,True,
SH-80576,J-2025-01817,2025-04-17,14,2025-04-28,True,
SH-80577,J-2025-01818,2025-04-09,36,2025-04-14,True,
SH-80578,J-2025-01819,2025-04-04,6,2025-04-15,True,
SH-80579,J-2025-01820,2025-04-17,8,2025-04-18,True,
SH-80580,J-2025-01822,2025-04-22,1,2025-04-28,True,
SH-80581,J-2025-01824,2025-04-14,42,2025-04-16,True,
SH-80582,J-2025-01825,2025-04-03,10,2025-04-07,True,
SH-80583,J-2025-01826,2025-04-10,35,2025-04-23,True,
SH-80584,J-2025-01827,2025-04-16,385,2025-04-16,True,
SH-80585,J-2025-01829,2025-04-28,11,2025-04-16,False,capacity
SH-80586,J-2025-01830,2025-04-17,353,2025-04-14,False,
SH-80587,J-2025-01831,2025-04-28,45,2025-05-02,True,
SH-80588,J-2025-01832,2025-04-21,14,2025-04-28,True,
SH-80589,J-2025-01834,2025-04-14,61,2025-04-10,False,quality
SH-80590,J-2025-01836,2025-04-18,5,2025-04-24,True,
SH-80591,J-2025-01838,2025-04-16,50,2025-04-16,True,
SH-80592,J-2025-01839,2025-04-15,23,2025-04-15,True,
SH-80593,J-2025-01841,2025-04-23,30,2025-04-29,True,
SH-80594,J-2025-01843,2025-04-23,16,2025-04-22,False,
SH-80595,J-2025-01844,2025-04-24,42,2025-05-12,True,
SH-80596,J-2025-01846,2025-04-19,1,2025-04-28,True,
SH-80597,J-2025-01848,2025-04-19,41,2025-04-29,True,
SH-80598,J-2025-01849,2025-04-17,10,2025-04-18,True,
SH-80599,J-2025-01850,2025-04-16,20,2025-04-23,True,
SH-80600,J-2025-01852,2025-04-10,112,2025-04-22,True,
SH-80601,J-2025-01853,2025-04-14,16,2025-04-18,True,
SH-80602,J-2025-01854,2025-04-16,34,2025-04-15,False,
SH-80603,J-2025-01855,2025-04-19,5,2025-04-21,True,
SH-80604,J-2025-01857,2025-05-01,28,2025-05-08,True,
SH-80605,J-2025-01858,2025-04-29,78,2025-05-08,True,
SH-80606,J-2025-01860,2025-04-23,11,2025-04-29,True,
SH-80607,J-2025-01861,2025-04-21,8,2025-04-23,True,
SH-80608,J-2025-01863,2025-04-19,53,2025-04-29,True,
SH-80609,J-2025-01865,2025-04-14,185,2025-04-22,True,
SH-80610,J-2025-01866,2025-04-17,4,2025-05-06,True,
SH-80611,J-2025-01867,2025-04-21,26,2025-04-25,True,
SH-80612,J-2025-01868,2025-04-16,19,2025-04-11,False,capacity
SH-80613,J-2025-01869,2025-04-23,61,2025-04-29,True,
SH-80614,J-2025-01870,2025-04-17,207,2025-04-24,True,
SH-80615,J-2025-01872,2025-04-11,18,2025-04-21,True,
SH-80616,J-2025-01874,2025-04-24,117,2025-04-25,True,
SH-80617,J-2025-01875,2025-04-21,147,2025-04-23,True,
SH-80618,J-2025-01876,2025-04-23,37,2025-04-30,True,
SH-80619,J-2025-01878,2025-04-16,46,2025-04-21,True,
SH-80620,J-2025-01879,2025-04-19,5,2025-04-28,True,
SH-80621,J-2025-01880,2025-04-25,2,2025-04-21,False,
SH-80622,J-2025-01882,2025-05-02,11,2025-04-30,False,
SH-80623,J-2025-01883,2025-04-24,83,2025-04-28,True,
SH-80624,J-2025-01885,2025-04-25,10,2025-04-28,True,
SH-80625,J-2025-01886,2025-04-22,21,2025-04-25,True,
SH-80626,J-2025-01888,2025-05-07,15,2025-05-16,True,
SH-80627,J-2025-01890,2025-04-18,31,2025-04-17,False,
SH-80628,J-2025-01892,2025-04-28,224,2025-05-01,True,
SH-80629,J-2025-01893,2025-04-22,79,2025-04-25,True,
SH-80630,J-2025-01895,2025-04-22,2,2025-04-24,True,
SH-80631,J-2025-01896,2025-04-09,41,2025-04-18,True,
SH-80632,J-2025-01898,2025-04-10,2,2025-04-17,True,
SH-80633,J-2025-01900,2025-04-17,43,2025-04-30,True,
SH-80634,J-2025-01901,2025-04-24,26,2025-04-25,True,
SH-80635,J-2025-01902,2025-04-14,12,2025-04-22,True,
SH-80636,J-2025-01903,2025-04-23,184,2025-04-30,True,
SH-80637,J-2025-01904,2025-05-02,31,2025-05-01,False,
SH-80638,J-2025-01905,2025-04-23,95,2025-04-25,True,
SH-80639,J-2025-01907,2025-04-24,62,2025-04-25,True,
SH-80640,J-2025-01908,2025-05-02,17,2025-05-02,True,
SH-80641,J-2025-01910,2025-04-21,7,2025-04-21,True,
SH-80642,J-2025-01912,2025-04-25,9,2025-05-05,True,
SH-80643,J-2025-01913,2025-04-28,43,2025-04-23,False,
SH-80644,J-2025-01914,2025-04-23,108,2025-04-29,True,
SH-80645,J-2025-01915,2025-04-09,6,2025-04-15,True,
SH-80646,J-2025-01916,2025-04-24,10,2025-05-02,True,
SH-80647,J-2025-01918,2025-04-23,23,2025-05-07,True,
SH-80648,J-2025-01920,2025-04-16,3,2025-04-22,True,
SH-80649,J-2025-01922,2025-04-22,4,2025-04-23,True,
SH-80650,J-2025-01924,2025-04-25,117,2025-05-07,True,
SH-80651,J-2025-01926,2025-04-24,3,2025-04-28,True,
SH-80652,J-2025-01927,2025-04-18,9,2025-04-22,True,
SH-80653,J-2025-01929,2025-04-17,67,2025-04-22,True,
SH-80654,J-2025-01931,2025-04-22,67,2025-04-23,True,
SH-80655,J-2025-01933,2025-04-19,150,2025-04-22,True,
SH-80656,J-2025-01935,2025-04-30,34,2025-05-16,True,
SH-80657,J-2025-01937,2025-04-18,40,2025-04-25,True,
SH-80658,J-2025-01938,2025-05-06,22,2025-05-05,False,capacity
SH-80659,J-2025-01940,2025-05-07,10,2025-05-21,True,
SH-80660,J-2025-01942,2025-04-17,16,2025-04-18,True,
SH-80661,J-2025-01943,2025-05-13,19,2025-05-19,True,
SH-80662,J-2025-01944,2025-04-30,3,2025-05-07,True,
SH-80663,J-2025-01946,2025-05-01,14,2025-05-08,True,
SH-80664,J-2025-01948,2025-04-29,35,2025-04-30,True,
SH-80665,J-2025-01949,2025-04-24,223,2025-05-01,True,
SH-80666,J-2025-01950,2025-04-16,47,2025-04-15,False,other
SH-80667,J-2025-01951,2025-05-05,7,2025-05-07,True,
SH-80668,J-2025-01952,2025-04-30,64,2025-05-05,True,
SH-80669,J-2025-01954,2025-04-19,7,2025-04-21,True,
SH-80670,J-2025-01956,2025-04-15,26,2025-04-21,True,
SH-80671,J-2025-01957,2025-04-22,2,2025-04-28,True,
SH-80672,J-2025-01959,2025-05-06,22,2025-05-08,True,
SH-80673,J-2025-01960,2025-04-23,4,2025-05-02,True,
SH-80674,J-2025-01961,2025-04-29,33,2025-04-25,False,other
SH-80675,J-2025-01963,2025-04-24,17,2025-04-25,True,
SH-80676,J-2025-01964,2025-04-18,14,2025-05-07,True,
SH-80677,J-2025-01966,2025-04-17,5,2025-04-21,True,
SH-80678,J-2025-01967,2025-04-15,37,2025-04-15,True,
SH-80679,J-2025-01969,2025-04-30,25,2025-05-05,True,
SH-80680,J-2025-01970,2025-04-17,85,2025-04-29,True,
SH-80681,J-2025-01971,2025-04-25,7,2025-04-30,True,
SH-80682,J-2025-01972,2025-04-23,13,2025-04-24,True,
SH-80683,J-2025-01974,2025-04-18,55,2025-04-24,True,
SH-80684,J-2025-01976,2025-04-25,11,2025-04-28,True,
SH-80685,J-2025-01978,2025-04-25,5,2025-05-08,True,
SH-80686,J-2025-01979,2025-05-02,176,2025-04-22,False,capacity
SH-80687,J-2025-01980,2025-04-30,245,2025-05-06,True,
SH-80688,J-2025-01981,2025-04-14,9,2025-04-18,True,
SH-80689,J-2025-01982,2025-04-22,47,2025-04-29,True,
SH-80690,J-2025-01983,2025-04-22,197,2025-04-24,True,
SH-80691,J-2025-01985,2025-04-21,36,2025-04-17,False,capacity
SH-80692,J-2025-01986,2025-04-28,16,2025-04-29,True,
SH-80693,J-2025-01987,2025-04-10,11,2025-04-17,True,
SH-80694,J-2025-01988,2025-05-02,16,2025-05-06,True,
SH-80695,J-2025-01989,2025-04-18,39,2025-04-28,True,
SH-80696,J-2025-01991,2025-05-02,74,2025-05-08,True,
SH-80697,J-2025-01993,2025-04-25,2,2025-04-29,True,
SH-80698,J-2025-01995,2025-04-15,4,2025-04-16,True,
SH-80699,J-2025-01997,2025-04-24,59,2025-04-25,True,
SH-80700,J-2025-01999,2025-04-22,32,2025-04-23,True,
SH-80701,J-2025-02001,2025-04-23,3,2025-04-30,True,
SH-80702,J-2025-02002,2025-04-24,53,2025-04-29,True,
SH-80703,J-2025-02003,2025-04-24,18,2025-04-28,True,
SH-80704,J-2025-02005,2025-04-22,3,2025-04-24,True,
SH-80705,J-2025-02007,2025-05-05,5,2025-05-07,True,
SH-80706,J-2025-02008,2025-05-02,58,2025-05-07,True,
SH-80707,J-2025-02010,2025-04-18,131,2025-04-23,True,
SH-80708,J-2025-02012,2025-05-09,2,2025-05-12,True,
SH-80709,J-2025-02014,2025-04-24,42,2025-05-07,True,
SH-80710,J-2025-02015,2025-04-18,158,2025-05-06,True,
SH-80711,J-2025-02016,2025-05-08,1,2025-05-19,True,
SH-80712,J-2025-02018,2025-04-29,143,2025-04-30,True,
SH-80713,J-2025-02019,2025-04-24,186,2025-04-24,True,
SH-80714,J-2025-02020,2025-04-19,26,2025-04-29,True,
SH-80715,J-2025-02022,2025-04-19,25,2025-04-30,True,
SH-80716,J-2025-02023,2025-04-25,3,2025-05-06,True,
SH-80717,J-2025-02025,2025-04-28,72,2025-05-01,True,
SH-80718,J-2025-02027,2025-04-24,19,2025-04-18,False,capacity
SH-80719,J-2025-02028,2025-04-23,37,2025-04-24,True,
SH-80720,J-2025-02029,2025-04-15,27,2025-04-21,True,
SH-80721,J-2025-02031,2025-04-23,3,2025-05-02,True,
SH-80722,J-2025-02033,2025-04-23,86,2025-05-01,True,
SH-80723,J-2025-02034,2025-04-28,103,2025-04-30,True,
SH-80724,J-2025-02036,2025-04-29,65,2025-04-30,True,
SH-80725,J-2025-02038,2025-04-29,35,2025-05-01,True,
SH-80726,J-2025-02040,2025-04-25,28,2025-05-02,True,
SH-80727,J-2025-02042,2025-04-25,7,2025-05-02,True,
SH-80728,J-2025-02044,2025-05-02,19,2025-05-08,True,
SH-80729,J-2025-02046,2025-04-28,24,2025-05-01,True,
SH-80730,J-2025-02047,2025-04-23,13,2025-04-29,True,
SH-80731,J-2025-02049,2025-04-17,31,2025-04-18,True,
SH-80732,J-2025-02050,2025-04-29,11,2025-05-01,True,
SH-80733,J-2025-02051,2025-04-24,69,2025-04-25,True,
SH-80734,J-2025-02053,2025-05-06,7,2025-05-06,True,
SH-80735,J-2025-02054,2025-05-07,19,2025-05-16,True,
SH-80736,J-2025-02055,2025-04-22,36,2025-04-25,True,
SH-80737,J-2025-02057,2025-05-13,5,2025-05-09,False,
SH-80738,J-2025-02059,2025-05-02,70,2025-05-07,True,
SH-80739,J-2025-02060,2025-05-07,226,2025-05-09,True,
SH-80740,J-2025-02062,2025-05-01,35,2025-05-16,True,
SH-80741,J-2025-02064,2025-04-19,36,2025-04-29,True,
SH-80742,J-2025-02066,2025-04-17,7,2025-04-18,True,
SH-80743,J-2025-02067,2025-04-25,7,2025-04-29,True,
SH-80744,J-2025-02069,2025-04-29,28,2025-05-02,True,
SH-80745,J-2025-02071,2025-05-02,18,2025-04-30,False,other
SH-80746,J-2025-02072,2025-04-24,6,2025-05-01,True,
SH-80747,J-2025-02073,2025-05-19,15,2025-05-19,True,
SH-80748,J-2025-02074,2025-05-13,9,2025-05-09,False,
SH-80749,J-2025-02076,2025-04-30,1,2025-05-09,True,
SH-80750,J-2025-02078,2025-06-03,48,2025-06-06,True,
SH-80751,J-2025-02080,2025-05-07,33,2025-05-20,True,
SH-80752,J-2025-02081,2025-04-23,8,2025-04-28,True,
SH-80753,J-2025-02082,2025-05-07,29,2025-05-23,True,
SH-80754,J-2025-02083,2025-04-17,7,2025-04-18,True,
SH-80755,J-2025-02084,2025-04-17,29,2025-04-22,True,
SH-80756,J-2025-02085,2025-04-23,16,2025-04-25,True,
SH-80757,J-2025-02086,2025-04-23,65,2025-05-12,True,
SH-80758,J-2025-02087,2025-05-07,43,2025-05-12,True,
SH-80759,J-2025-02089,2025-04-28,30,2025-04-28,True,
SH-80760,J-2025-02090,2025-04-30,6,2025-05-06,True,
SH-80761,J-2025-02091,2025-05-01,1,2025-05-06,True,
SH-80762,J-2025-02093,2025-05-05,25,2025-05-08,True,
SH-80763,J-2025-02095,2025-04-22,115,2025-04-24,True,
SH-80764,J-2025-02097,2025-04-18,54,2025-04-21,True,
SH-80765,J-2025-02099,2025-04-30,23,2025-04-30,True,
SH-80766,J-2025-02100,2025-05-21,103,2025-05-27,True,
SH-80767,J-2025-02101,2025-04-28,48,2025-05-01,True,
SH-80768,J-2025-02102,2025-05-12,5,2025-05-20,True,
SH-80769,J-2025-02103,2025-04-25,81,2025-04-29,True,
SH-80770,J-2025-02104,2025-05-09,301,2025-05-12,True,
SH-80771,J-2025-02106,2025-04-25,20,2025-04-28,True,
SH-80772,J-2025-02108,2025-05-01,16,2025-05-21,True,
SH-80773,J-2025-02109,2025-04-25,14,2025-05-08,True,
SH-80774,J-2025-02111,2025-05-09,134,2025-05-12,True,
SH-80775,J-2025-02113,2025-05-02,45,2025-05-06,True,
SH-80776,J-2025-02115,2025-05-07,28,2025-05-20,True,
SH-80777,J-2025-02116,2025-04-21,16,2025-04-23,True,
SH-80778,J-2025-02117,2025-04-25,35,2025-05-08,True,
SH-80779,J-2025-02119,2025-04-25,29,2025-04-29,True,
SH-80780,J-2025-02121,2025-04-30,61,2025-04-28,False,
SH-80781,J-2025-02122,2025-05-14,72,2025-05-22,True,
SH-80782,J-2025-02123,2025-05-01,55,2025-05-08,True,
SH-80783,J-2025-02124,2025-04-22,89,2025-04-23,True,
SH-80784,J-2025-02126,2025-05-01,6,2025-05-06,True,
SH-80785,J-2025-02127,2025-04-29,36,2025-05-06,True,
SH-80786,J-2025-02128,2025-05-23,81,2025-05-30,True,
SH-80787,J-2025-02129,2025-04-29,207,2025-05-02,True,
SH-80788,J-2025-02130,2025-04-29,82,2025-05-13,True,
SH-80789,J-2025-02131,2025-04-30,500,2025-05-14,True,
SH-80790,J-2025-02133,2025-04-29,9,2025-05-05,True,
SH-80791,J-2025-02135,2025-05-01,65,2025-05-02,True,
SH-80792,J-2025-02137,2025-04-28,82,2025-05-01,True,
SH-80793,J-2025-02139,2025-05-01,25,2025-05-06,True,
SH-80794,J-2025-02141,2025-04-19,9,2025-04-30,True,
SH-80795,J-2025-02142,2025-04-21,23,2025-05-05,True,
SH-80796,J-2025-02143,2025-04-19,16,2025-04-23,True,
SH-80797,J-2025-02145,2025-04-28,32,2025-04-25,False,capacity
SH-80798,J-2025-02147,2025-05-15,19,2025-05-19,True,
SH-80799,J-2025-02149,2025-04-24,2,2025-05-01,True,
SH-80800,J-2025-02150,2025-04-23,17,2025-04-30,True,
SH-80801,J-2025-02151,2025-04-29,60,2025-04-28,False,
SH-80802,J-2025-02152,2025-04-22,9,2025-04-22,True,
SH-80803,J-2025-02153,2025-04-22,12,2025-04-29,True,
SH-80804,J-2025-02154,2025-05-12,233,2025-05-06,False,capacity
SH-80805,J-2025-02155,2025-04-29,16,2025-04-25,False,
SH-80806,J-2025-02156,2025-05-01,17,2025-05-08,True,
SH-80807,J-2025-02158,2025-04-21,16,2025-04-25,True,
SH-80808,J-2025-02160,2025-05-01,79,2025-05-06,True,
SH-80809,J-2025-02162,2025-05-01,23,2025-05-06,True,
SH-80810,J-2025-02163,2025-05-08,6,2025-05-14,True,
SH-80811,J-2025-02165,2025-05-07,43,2025-05-14,True,
SH-80812,J-2025-02167,2025-04-29,10,2025-04-30,True,
SH-80813,J-2025-02169,2025-04-28,131,2025-04-30,True,
SH-80814,J-2025-02170,2025-04-24,3,2025-04-30,True,
SH-80815,J-2025-02171,2025-05-13,18,2025-05-14,True,
SH-80816,J-2025-02172,2025-05-14,21,2025-05-14,True,
SH-80817,J-2025-02173,2025-04-18,48,2025-04-23,True,
SH-80818,J-2025-02174,2025-04-29,47,2025-05-02,True,
SH-80819,J-2025-02176,2025-04-29,19,2025-05-01,True,
SH-80820,J-2025-02178,2025-04-25,17,2025-05-09,True,
SH-80821,J-2025-02180,2025-04-22,23,2025-04-23,True,
SH-80822,J-2025-02182,2025-05-07,110,2025-05-15,True,
SH-80823,J-2025-02184,2025-04-30,3,2025-05-08,True,
SH-80824,J-2025-02186,2025-05-02,83,2025-05-12,True,
SH-80825,J-2025-02187,2025-04-23,132,2025-04-24,True,
SH-80826,J-2025-02188,2025-05-01,123,2025-05-06,True,
SH-80827,J-2025-02189,2025-04-21,11,2025-04-28,True,
SH-80828,J-2025-02191,2025-05-02,10,2025-05-12,True,
SH-80829,J-2025-02193,2025-04-30,29,2025-05-27,True,
SH-80830,J-2025-02195,2025-04-23,32,2025-04-29,True,
SH-80831,J-2025-02196,2025-04-28,32,2025-04-29,True,
SH-80832,J-2025-02197,2025-04-25,6,2025-04-29,True,
SH-80833,J-2025-02198,2025-04-29,19,2025-05-05,True,
SH-80834,J-2025-02199,2025-05-06,5,2025-05-06,True,
SH-80835,J-2025-02200,2025-05-07,5,2025-04-25,False,other
SH-80836,J-2025-02201,2025-05-01,34,2025-04-29,False,capacity
SH-80837,J-2025-02202,2025-04-24,70,2025-05-15,True,
SH-80838,J-2025-02204,2025-05-05,232,2025-04-30,False,
SH-80839,J-2025-02205,2025-05-13,34,2025-05-22,True,
SH-80840,J-2025-02206,2025-04-30,16,2025-05-20,True,
SH-80841,J-2025-02208,2025-05-06,23,2025-05-09,True,
SH-80842,J-2025-02210,2025-04-23,26,2025-04-24,True,
SH-80843,J-2025-02211,2025-05-16,33,2025-05-30,True,
SH-80844,J-2025-02213,2025-04-24,23,2025-04-30,True,
SH-80845,J-2025-02214,2025-05-14,105,2025-05-15,True,
SH-80846,J-2025-02216,2025-04-28,15,2025-04-30,True,
SH-80847,J-2025-02218,2025-04-29,60,2025-05-13,True,
SH-80848,J-2025-02219,2025-05-08,9,2025-05-19,True,
SH-80849,J-2025-02220,2025-05-22,13,2025-05-22,True,
SH-80850,J-2025-02222,2025-04-29,28,2025-05-01,True,
SH-80851,J-2025-02223,2025-04-23,86,2025-04-25,True,
SH-80852,J-2025-02225,2025-05-06,53,2025-05-08,True,
SH-80853,J-2025-02227,2025-05-21,33,2025-05-22,True,
SH-80854,J-2025-02228,2025-04-29,44,2025-04-30,True,
SH-80855,J-2025-02229,2025-05-07,83,2025-05-12,True,
SH-80856,J-2025-02230,2025-05-07,2,2025-05-12,True,
SH-80857,J-2025-02232,2025-05-08,121,2025-05-20,True,
SH-80858,J-2025-02233,2025-04-30,23,2025-05-12,True,
SH-80859,J-2025-02235,2025-05-07,21,2025-05-13,True,
SH-80860,J-2025-02236,2025-04-25,32,2025-05-06,True,
SH-80861,J-2025-02238,2025-05-01,17,2025-05-02,True,
SH-80862,J-2025-02239,2025-05-02,3,2025-05-12,True,
SH-80863,J-2025-02240,2025-04-30,20,2025-05-09,True,
SH-80864,J-2025-02241,2025-05-13,500,2025-05-06,False,capacity
SH-80865,J-2025-02242,2025-05-15,23,2025-05-20,True,
SH-80866,J-2025-02243,2025-05-01,3,2025-05-13,True,
SH-80867,J-2025-02244,2025-05-05,291,2025-05-16,True,
SH-80868,J-2025-02246,2025-05-06,4,2025-05-14,True,
SH-80869,J-2025-02247,2025-05-16,157,2025-04-30,False,capacity
SH-80870,J-2025-02248,2025-05-05,21,2025-05-06,True,
SH-80871,J-2025-02250,2025-05-15,10,2025-05-27,True,
SH-80872,J-2025-02251,2025-05-13,9,2025-05-21,True,
SH-80873,J-2025-02252,2025-05-12,54,2025-05-14,True,
SH-80874,J-2025-02253,2025-05-08,10,2025-06-06,True,
SH-80875,J-2025-02255,2025-04-30,6,2025-05-07,True,
SH-80876,J-2025-02256,2025-05-19,2,2025-05-20,True,
SH-80877,J-2025-02258,2025-04-29,15,2025-05-06,True,
SH-80878,J-2025-02259,2025-05-06,59,2025-05-09,True,
SH-80879,J-2025-02261,2025-05-07,18,2025-05-20,True,
SH-80880,J-2025-02263,2025-04-30,32,2025-05-08,True,
SH-80881,J-2025-02265,2025-05-15,84,2025-05-19,True,
SH-80882,J-2025-02266,2025-05-08,28,2025-05-07,False,
SH-80883,J-2025-02267,2025-04-28,106,2025-05-02,True,
SH-80884,J-2025-02269,2025-05-02,5,2025-05-07,True,
SH-80885,J-2025-02270,2025-04-30,16,2025-05-01,True,
SH-80886,J-2025-02272,2025-05-07,11,2025-05-13,True,
SH-80887,J-2025-02274,2025-05-16,10,2025-05-22,True,
SH-80888,J-2025-02275,2025-05-07,10,2025-05-16,True,
SH-80889,J-2025-02277,2025-04-29,4,2025-04-29,True,
SH-80890,J-2025-02279,2025-05-07,95,2025-05-16,True,
SH-80891,J-2025-02281,2025-05-02,9,2025-05-09,True,
SH-80892,J-2025-02283,2025-05-07,160,2025-05-16,True,
SH-80893,J-2025-02285,2025-05-14,130,2025-05-07,False,
SH-80894,J-2025-02286,2025-05-15,367,2025-05-08,False,outside processing
SH-80895,J-2025-02288,2025-05-07,500,2025-05-08,True,
SH-80896,J-2025-02290,2025-05-15,49,2025-05-21,True,
SH-80897,J-2025-02292,2025-05-14,123,2025-05-21,True,
SH-80898,J-2025-02294,2025-05-12,40,2025-05-16,True,
SH-80899,J-2025-02295,2025-05-15,26,2025-05-22,True,
SH-80900,J-2025-02297,2025-05-05,13,2025-05-08,True,
SH-80901,J-2025-02299,2025-05-08,10,2025-06-13,True,
SH-80902,J-2025-02301,2025-04-29,37,2025-05-08,True,
SH-80903,J-2025-02303,2025-05-05,17,2025-05-13,True,
SH-80904,J-2025-02305,2025-05-07,14,2025-05-22,True,
SH-80905,J-2025-02306,2025-05-01,125,2025-05-02,True,
SH-80906,J-2025-02308,2025-05-07,33,2025-05-15,True,
SH-80907,J-2025-02309,2025-05-12,45,2025-05-19,True,
SH-80908,J-2025-02310,2025-05-19,30,2025-05-22,True,
SH-80909,J-2025-02312,2025-05-20,57,2025-05-28,True,
SH-80910,J-2025-02313,2025-05-22,9,2025-05-23,True,
SH-80911,J-2025-02315,2025-05-19,8,2025-05-21,True,
SH-80912,J-2025-02317,2025-05-07,35,2025-05-15,True,
SH-80913,J-2025-02318,2025-05-16,97,2025-05-22,True,
SH-80914,J-2025-02320,2025-05-08,63,2025-05-14,True,
SH-80915,J-2025-02321,2025-05-01,17,2025-05-12,True,
SH-80916,J-2025-02323,2025-05-21,5,2025-05-23,True,
SH-80917,J-2025-02324,2025-05-05,13,2025-05-09,True,
SH-80918,J-2025-02326,2025-05-05,43,2025-05-06,True,
SH-80919,J-2025-02327,2025-05-15,84,2025-05-19,True,
SH-80920,J-2025-02328,2025-05-09,86,2025-05-22,True,
SH-80921,J-2025-02329,2025-06-04,301,2025-06-16,True,
SH-80922,J-2025-02330,2025-05-05,31,2025-05-20,True,
SH-80923,J-2025-02332,2025-05-05,27,2025-05-27,True,
SH-80924,J-2025-02334,2025-05-13,48,2025-05-05,False,
SH-80925,J-2025-02336,2025-05-19,59,2025-05-20,True,
SH-80926,J-2025-02338,2025-05-09,3,2025-05-23,True,
SH-80927,J-2025-02339,2025-05-14,439,2025-05-21,True,
SH-80928,J-2025-02340,2025-05-27,16,2025-06-02,True,
SH-80929,J-2025-02342,2025-05-12,34,2025-05-23,True,
SH-80930,J-2025-02344,2025-05-28,52,2025-06-09,True,
SH-80931,J-2025-02345,2025-05-16,105,2025-05-05,False,outside processing
SH-80932,J-2025-02347,2025-05-09,5,2025-05-14,True,
SH-80933,J-2025-02349,2025-05-05,7,2025-05-30,True,
SH-80934,J-2025-02350,2025-05-09,24,2025-05-22,True,
SH-80935,J-2025-02351,2025-05-15,5,2025-05-27,True,
SH-80936,J-2025-02352,2025-05-27,18,2025-05-27,True,
SH-80937,J-2025-02354,2025-05-07,5,2025-05-19,True,
SH-80938,J-2025-02355,2025-05-05,16,2025-05-14,True,
SH-80939,J-2025-02357,2025-05-19,6,2025-05-20,True,
SH-80940,J-2025-02358,2025-05-02,28,2025-05-20,True,
SH-80941,J-2025-02360,2025-05-13,123,2025-06-20,True,
SH-80942,J-2025-02362,2025-05-08,27,2025-05-12,True,
SH-80943,J-2025-02363,2025-05-09,393,2025-05-22,True,
SH-80944,J-2025-02364,2025-05-15,88,2025-06-03,True,
SH-80945,J-2025-02366,2025-05-16,2,2025-05-22,True,
SH-80946,J-2025-02367,2025-05-05,106,2025-05-16,True,
SH-80947,J-2025-02369,2025-05-12,3,2025-05-28,True,
SH-80948,J-2025-02370,2025-05-08,70,2025-05-27,True,
SH-80949,J-2025-02371,2025-05-21,64,2025-05-23,True,
SH-80950,J-2025-02373,2025-05-02,20,2025-05-12,True,
SH-80951,J-2025-02374,2025-05-07,10,2025-05-15,True,
SH-80952,J-2025-02376,2025-05-02,63,2025-05-05,True,
SH-80953,J-2025-02378,2025-05-09,9,2025-05-23,True,
SH-80954,J-2025-02379,2025-05-06,4,2025-05-07,True,
SH-80955,J-2025-02381,2025-05-21,32,2025-06-10,True,
SH-80956,J-2025-02383,2025-05-08,36,2025-05-30,True,
SH-80957,J-2025-02385,2025-05-22,126,2025-05-28,True,
SH-80958,J-2025-02386,2025-05-20,17,2025-05-27,True,
SH-80959,J-2025-02387,2025-05-05,41,2025-05-12,True,
SH-80960,J-2025-02388,2025-05-12,28,2025-05-19,True,
SH-80961,J-2025-02390,2025-05-16,4,2025-05-27,True,
SH-80962,J-2025-02392,2025-05-07,61,2025-05-20,True,
SH-80963,J-2025-02394,2025-05-08,58,2025-05-22,True,
SH-80964,J-2025-02396,2025-05-06,337,2025-05-19,True,
SH-80965,J-2025-02398,2025-05-08,168,2025-05-23,True,
SH-80966,J-2025-02400,2025-05-08,61,2025-05-19,True,
SH-80967,J-2025-02401,2025-05-05,38,2025-05-12,True,
SH-80968,J-2025-02403,2025-05-21,6,2025-05-27,True,
SH-80969,J-2025-02404,2025-05-09,19,2025-05-19,True,
SH-80970,J-2025-02405,2025-05-15,5,2025-05-19,True,
SH-80971,J-2025-02407,2025-05-28,483,2025-06-02,True,
SH-80972,J-2025-02409,2025-05-19,22,2025-05-28,True,
SH-80973,J-2025-02410,2025-05-14,12,2025-05-28,True,
SH-80974,J-2025-02411,2025-05-12,31,2025-05-16,True,
SH-80975,J-2025-02413,2025-05-05,47,2025-05-07,True,
SH-80976,J-2025-02415,2025-05-07,62,2025-05-21,True,
SH-80977,J-2025-02417,2025-05-14,16,2025-05-13,False,customer change
SH-80978,J-2025-02418,2025-05-12,500,2025-05-20,True,
SH-80979,J-2025-02420,2025-05-13,27,2025-05-20,True,
SH-80980,J-2025-02421,2025-05-20,35,2025-06-02,True,
SH-80981,J-2025-02422,2025-05-23,19,2025-05-23,True,
SH-80982,J-2025-02424,2025-05-19,16,2025-05-28,True,
SH-80983,J-2025-02426,2025-05-13,21,2025-05-19,True,
SH-80984,J-2025-02428,2025-05-14,5,2025-05-21,True,
SH-80985,J-2025-02430,2025-05-15,35,2025-05-20,True,
SH-80986,J-2025-02432,2025-05-09,129,2025-05-19,True,
SH-80987,J-2025-02434,2025-05-05,30,2025-05-13,True,
SH-80988,J-2025-02436,2025-05-15,9,2025-05-14,False,capacity
SH-80989,J-2025-02438,2025-05-29,100,2025-06-02,True,
SH-80990,J-2025-02439,2025-05-16,59,2025-05-29,True,
SH-80991,J-2025-02440,2025-05-06,35,2025-05-09,True,
SH-80992,J-2025-02441,2025-06-10,4,2025-06-27,True,
SH-80993,J-2025-02443,2025-06-02,5,2025-06-06,True,
SH-80994,J-2025-02445,2025-05-07,11,2025-05-06,False,
SH-80995,J-2025-02447,2025-05-27,96,2025-05-29,True,
SH-80996,J-2025-02448,2025-05-19,13,2025-05-20,True,
SH-80997,J-2025-02450,2025-05-23,127,2025-05-29,True,
SH-80998,J-2025-02452,2025-05-07,9,2025-05-14,True,
SH-80999,J-2025-02454,2025-05-13,56,2025-05-19,True,
SH-81000,J-2025-02456,2025-05-09,4,2025-05-19,True,
SH-81001,J-2025-02458,2025-05-20,14,2025-05-27,True,
SH-81002,J-2025-02460,2025-05-12,15,2025-05-20,True,
SH-81003,J-2025-02461,2025-05-14,10,2025-05-29,True,
SH-81004,J-2025-02463,2025-05-20,12,2025-05-21,True,
SH-81005,J-2025-02465,2025-05-16,30,2025-06-05,True,
SH-81006,J-2025-02467,2025-05-27,5,2025-05-28,True,
SH-81007,J-2025-02469,2025-05-13,9,2025-05-06,False,material
SH-81008,J-2025-02471,2025-05-06,75,2025-05-07,True,
SH-81009,J-2025-02473,2025-05-06,42,2025-05-06,True,
SH-81010,J-2025-02475,2025-05-21,8,2025-05-27,True,
SH-81011,J-2025-02476,2025-05-07,16,2025-05-09,True,
SH-81012,J-2025-02478,2025-05-20,5,2025-05-28,True,
SH-81013,J-2025-02479,2025-05-07,18,2025-05-14,True,
SH-81014,J-2025-02481,2025-05-09,41,2025-05-19,True,
SH-81015,J-2025-02483,2025-05-19,13,2025-05-30,True,
SH-81016,J-2025-02485,2025-05-15,25,2025-05-16,True,
SH-81017,J-2025-02487,2025-05-09,2,2025-05-15,True,
SH-81018,J-2025-02489,2025-05-15,14,2025-05-20,True,
SH-81019,J-2025-02491,2025-05-29,88,2025-06-05,True,
SH-81020,J-2025-02492,2025-05-08,126,2025-05-20,True,
SH-81021,J-2025-02494,2025-05-20,6,2025-05-28,True,
SH-81022,J-2025-02496,2025-05-20,14,2025-06-04,True,
SH-81023,J-2025-02497,2025-05-13,36,2025-05-20,True,
SH-81024,J-2025-02498,2025-05-16,31,2025-05-12,False,capacity
SH-81025,J-2025-02499,2025-05-09,14,2025-05-27,True,
SH-81026,J-2025-02500,2025-05-07,22,2025-05-21,True,
SH-81027,J-2025-02501,2025-06-02,21,2025-06-11,True,
SH-81028,J-2025-02502,2025-05-16,17,2025-05-19,True,
SH-81029,J-2025-02504,2025-05-20,34,2025-05-30,True,
SH-81030,J-2025-02506,2025-05-19,5,2025-05-28,True,
SH-81031,J-2025-02508,2025-05-23,23,2025-05-30,True,
SH-81032,J-2025-02509,2025-05-15,9,2025-05-20,True,
SH-81033,J-2025-02511,2025-05-09,29,2025-05-12,True,
SH-81034,J-2025-02513,2025-05-12,44,2025-05-20,True,
SH-81035,J-2025-02514,2025-05-22,51,2025-05-20,False,
SH-81036,J-2025-02516,2025-05-21,59,2025-05-19,False,capacity
SH-81037,J-2025-02518,2025-05-16,78,2025-05-19,True,
SH-81038,J-2025-02519,2025-05-28,41,2025-06-02,True,
SH-81039,J-2025-02520,2025-05-19,5,2025-06-02,True,
SH-81040,J-2025-02521,2025-06-10,20,2025-06-19,True,
SH-81041,J-2025-02523,2025-05-14,10,2025-06-06,True,
SH-81042,J-2025-02525,2025-05-28,19,2025-06-19,True,
SH-81043,J-2025-02526,2025-05-13,196,2025-05-13,True,
SH-81044,J-2025-02528,2025-05-15,66,2025-05-21,True,
SH-81045,J-2025-02529,2025-05-09,221,2025-05-23,True,
SH-81046,J-2025-02530,2025-05-12,17,2025-05-29,True,
SH-81047,J-2025-02531,2025-05-14,15,2025-05-20,True,
SH-81048,J-2025-02533,2025-05-19,10,2025-06-02,True,
SH-81049,J-2025-02535,2025-05-13,5,2025-05-20,True,
SH-81050,J-2025-02537,2025-05-15,10,2025-05-28,True,
SH-81051,J-2025-02538,2025-05-28,41,2025-06-03,True,
SH-81052,J-2025-02539,2025-05-14,25,2025-05-22,True,
SH-81053,J-2025-02540,2025-05-13,12,2025-05-20,True,
SH-81054,J-2025-02542,2025-05-21,15,2025-05-27,True,
SH-81055,J-2025-02543,2025-05-13,158,2025-05-23,True,
SH-81056,J-2025-02544,2025-06-05,59,2025-06-17,True,
SH-81057,J-2025-02546,2025-05-22,150,2025-05-27,True,
SH-81058,J-2025-02548,2025-05-13,21,2025-05-19,True,
SH-81059,J-2025-02550,2025-05-07,4,2025-05-14,True,
SH-81060,J-2025-02552,2025-05-13,22,2025-05-19,True,
SH-81061,J-2025-02554,2025-06-05,31,2025-06-13,True,
SH-81062,J-2025-02555,2025-05-14,1,2025-05-22,True,
SH-81063,J-2025-02556,2025-05-13,6,2025-05-20,True,
SH-81064,J-2025-02557,2025-05-22,38,2025-05-28,True,
SH-81065,J-2025-02558,2025-06-10,8,2025-07-01,True,
SH-81066,J-2025-02559,2025-05-27,73,2025-05-28,True,
SH-81067,J-2025-02561,2025-05-12,15,2025-05-23,True,
SH-81068,J-2025-02562,2025-05-16,3,2025-05-21,True,
SH-81069,J-2025-02563,2025-05-27,2,2025-06-02,True,
SH-81070,J-2025-02565,2025-06-02,189,2025-06-13,True,
SH-81071,J-2025-02566,2025-05-28,77,2025-06-03,True,
SH-81072,J-2025-02568,2025-05-28,14,2025-06-03,True,
SH-81073,J-2025-02570,2025-05-29,4,2025-06-04,True,
SH-81074,J-2025-02572,2025-05-29,16,2025-06-03,True,
SH-81075,J-2025-02574,2025-05-14,24,2025-06-05,True,
SH-81076,J-2025-02576,2025-05-20,146,2025-06-03,True,
SH-81077,J-2025-02577,2025-05-15,54,2025-05-20,True,
SH-81078,J-2025-02579,2025-05-27,6,2025-05-30,True,
SH-81079,J-2025-02580,2025-06-04,98,2025-06-09,True,
SH-81080,J-2025-02581,2025-05-22,14,2025-06-03,True,
SH-81081,J-2025-02582,2025-05-23,7,2025-05-27,True,
SH-81082,J-2025-02583,2025-06-03,134,2025-06-06,True,
SH-81083,J-2025-02585,2025-05-12,3,2025-05-20,True,
SH-81084,J-2025-02587,2025-05-16,81,2025-06-03,True,
SH-81085,J-2025-02588,2025-05-16,35,2025-05-22,True,
SH-81086,J-2025-02589,2025-05-08,8,2025-05-14,True,
SH-81087,J-2025-02591,2025-05-21,45,2025-05-27,True,
SH-81088,J-2025-02592,2025-05-14,9,2025-05-19,True,
SH-81089,J-2025-02594,2025-06-02,44,2025-06-11,True,
SH-81090,J-2025-02596,2025-05-16,35,2025-06-03,True,
SH-81091,J-2025-02598,2025-05-14,38,2025-05-23,True,
SH-81092,J-2025-02600,2025-05-23,3,2025-05-28,True,
SH-81093,J-2025-02602,2025-05-16,32,2025-06-10,True,
SH-81094,J-2025-02604,2025-05-14,18,2025-06-18,True,
SH-81095,J-2025-02605,2025-05-13,11,2025-05-21,True,
SH-81096,J-2025-02607,2025-05-23,6,2025-05-29,True,
SH-81097,J-2025-02608,2025-06-02,93,2025-06-03,True,
SH-81098,J-2025-02609,2025-05-13,47,2025-05-20,True,
SH-81099,J-2025-02610,2025-05-30,6,2025-06-04,True,
SH-81100,J-2025-02611,2025-05-23,38,2025-06-04,True,
SH-81101,J-2025-02612,2025-05-16,14,2025-05-22,True,
SH-81102,J-2025-02613,2025-05-30,18,2025-06-04,True,
SH-81103,J-2025-02615,2025-05-15,10,2025-05-23,True,
SH-81104,J-2025-02617,2025-05-16,76,2025-05-14,False,capacity
SH-81105,J-2025-02619,2025-05-08,16,2025-05-14,True,
SH-81106,J-2025-02621,2025-05-27,4,2025-05-30,True,
SH-81107,J-2025-02622,2025-05-19,86,2025-05-22,True,
SH-81108,J-2025-02623,2025-05-16,7,2025-05-29,True,
SH-81109,J-2025-02624,2025-05-14,13,2025-05-21,True,
SH-81110,J-2025-02625,2025-05-30,22,2025-06-10,True,
SH-81111,J-2025-02627,2025-05-27,23,2025-05-29,True,
SH-81112,J-2025-02628,2025-05-22,95,2025-05-27,True,
SH-81113,J-2025-02629,2025-05-29,6,2025-05-20,False,outside processing
SH-81114,J-2025-02630,2025-05-30,18,2025-06-05,True,
SH-81115,J-2025-02632,2025-05-29,9,2025-06-04,True,
SH-81116,J-2025-02633,2025-05-22,68,2025-06-06,True,
SH-81117,J-2025-02635,2025-05-19,1,2025-05-29,True,
SH-81118,J-2025-02637,2025-06-03,129,2025-06-09,True,
SH-81119,J-2025-02639,2025-05-12,46,2025-05-13,True,
SH-81120,J-2025-02641,2025-05-28,10,2025-06-12,True,
SH-81121,J-2025-02643,2025-05-20,500,2025-05-23,True,
SH-81122,J-2025-02644,2025-06-06,6,2025-06-05,False,material
SH-81123,J-2025-02646,2025-05-23,17,2025-06-16,True,
SH-81124,J-2025-02648,2025-05-13,28,2025-05-15,True,
SH-81125,J-2025-02650,2025-05-28,6,2025-06-13,True,
SH-81126,J-2025-02651,2025-05-15,7,2025-05-22,True,
SH-81127,J-2025-02652,2025-05-20,5,2025-05-22,True,
SH-81128,J-2025-02654,2025-05-27,2,2025-05-30,True,
SH-81129,J-2025-02656,2025-05-13,66,2025-05-14,True,
SH-81130,J-2025-02657,2025-05-23,61,2025-06-06,True,
SH-81131,J-2025-02659,2025-05-30,23,2025-06-09,True,
SH-81132,J-2025-02661,2025-05-19,13,2025-05-22,True,
SH-81133,J-2025-02663,2025-06-02,5,2025-06-06,True,
SH-81134,J-2025-02664,2025-05-20,206,2025-06-02,True,
SH-81135,J-2025-02665,2025-05-16,9,2025-05-30,True,
SH-81136,J-2025-02667,2025-05-15,214,2025-05-22,True,
SH-81137,J-2025-02669,2025-05-28,20,2025-06-02,True,
SH-81138,J-2025-02671,2025-05-23,8,2025-06-03,True,
SH-81139,J-2025-02672,2025-05-29,14,2025-06-03,True,
SH-81140,J-2025-02673,2025-06-03,16,2025-06-02,False,
SH-81141,J-2025-02674,2025-06-03,14,2025-06-09,True,
SH-81142,J-2025-02675,2025-05-21,8,2025-06-03,True,
SH-81143,J-2025-02676,2025-05-29,41,2025-06-05,True,
SH-81144,J-2025-02677,2025-05-28,69,2025-05-29,True,
SH-81145,J-2025-02678,2025-06-02,20,2025-06-16,True,
SH-81146,J-2025-02680,2025-05-30,4,2025-06-09,True,
SH-81147,J-2025-02681,2025-06-04,35,2025-06-10,True,
SH-81148,J-2025-02682,2025-05-15,52,2025-05-15,True,
SH-81149,J-2025-02684,2025-05-20,50,2025-05-21,True,
SH-81150,J-2025-02685,2025-05-30,275,2025-06-05,True,
SH-81151,J-2025-02686,2025-05-21,46,2025-05-28,True,
SH-81152,J-2025-02688,2025-05-22,51,2025-05-30,True,
SH-81153,J-2025-02689,2025-06-09,31,2025-06-17,True,
SH-81154,J-2025-02690,2025-06-10,6,2025-06-09,False,outside processing
SH-81155,J-2025-02692,2025-05-23,23,2025-05-29,True,
SH-81156,J-2025-02694,2025-05-23,31,2025-06-09,True,
SH-81157,J-2025-02696,2025-05-16,54,2025-06-04,True,
SH-81158,J-2025-02697,2025-05-29,77,2025-06-06,True,
SH-81159,J-2025-02698,2025-05-28,5,2025-06-02,True,
SH-81160,J-2025-02699,2025-05-23,22,2025-06-09,True,
SH-81161,J-2025-02701,2025-05-21,78,2025-05-20,False,other
SH-81162,J-2025-02702,2025-06-13,10,2025-06-23,True,
SH-81163,J-2025-02703,2025-05-27,9,2025-05-30,True,
SH-81164,J-2025-02704,2025-05-30,51,2025-06-06,True,
SH-81165,J-2025-02706,2025-05-30,371,2025-05-30,True,
SH-81166,J-2025-02708,2025-05-22,12,2025-06-03,True,
SH-81167,J-2025-02710,2025-06-04,39,2025-06-09,True,
SH-81168,J-2025-02711,2025-05-16,50,2025-05-16,True,
SH-81169,J-2025-02712,2025-05-30,7,2025-06-03,True,
SH-81170,J-2025-02713,2025-05-21,7,2025-05-28,True,
SH-81171,J-2025-02715,2025-05-20,10,2025-05-29,True,
SH-81172,J-2025-02717,2025-05-22,25,2025-05-30,True,
SH-81173,J-2025-02718,2025-05-15,4,2025-05-21,True,
SH-81174,J-2025-02719,2025-05-22,127,2025-05-27,True,
SH-81175,J-2025-02720,2025-05-29,30,2025-05-27,False,capacity
SH-81176,J-2025-02721,2025-06-04,20,2025-06-10,True,
SH-81177,J-2025-02723,2025-06-13,69,2025-06-17,True,
SH-81178,J-2025-02724,2025-05-19,16,2025-05-22,True,
SH-81179,J-2025-02725,2025-05-21,12,2025-05-30,True,
SH-81180,J-2025-02726,2025-06-06,396,2025-06-10,True,
SH-81181,J-2025-02727,2025-06-04,6,2025-06-10,True,
SH-81182,J-2025-02729,2025-05-22,27,2025-05-22,True,
SH-81183,J-2025-02730,2025-06-10,10,2025-06-12,True,
SH-81184,J-2025-02731,2025-06-06,44,2025-06-10,True,
SH-81185,J-2025-02732,2025-05-15,43,2025-05-19,True,
SH-81186,J-2025-02734,2025-05-22,21,2025-05-23,True,
SH-81187,J-2025-02735,2025-06-05,16,2025-06-10,True,
SH-81188,J-2025-02737,2025-05-28,41,2025-05-30,True,
SH-81189,J-2025-02739,2025-05-28,8,2025-05-29,True,
SH-81190,J-2025-02740,2025-05-22,3,2025-06-10,True,
SH-81191,J-2025-02742,2025-05-29,4,2025-05-29,True,
SH-81192,J-2025-02743,2025-05-23,14,2025-05-21,False,
SH-81193,J-2025-02745,2025-06-11,59,2025-06-19,True,
SH-81194,J-2025-02746,2025-05-28,17,2025-06-02,True,
SH-81195,J-2025-02747,2025-05-21,26,2025-05-21,True,
SH-81196,J-2025-02748,2025-06-12,2,2025-06-11,False,customer change
SH-81197,J-2025-02749,2025-05-23,19,2025-05-30,True,
SH-81198,J-2025-02750,2025-05-23,30,2025-05-30,True,
SH-81199,J-2025-02752,2025-06-03,131,2025-06-06,True,
SH-81200,J-2025-02754,2025-05-30,75,2025-06-10,True,
SH-81201,J-2025-02756,2025-05-30,69,2025-06-04,True,
SH-81202,J-2025-02757,2025-05-23,6,2025-05-29,True,
SH-81203,J-2025-02758,2025-05-30,37,2025-06-03,True,
SH-81204,J-2025-02759,2025-06-10,25,2025-06-11,True,
SH-81205,J-2025-02761,2025-05-23,23,2025-05-29,True,
SH-81206,J-2025-02763,2025-05-28,5,2025-05-28,True,
SH-81207,J-2025-02765,2025-05-22,60,2025-05-28,True,
SH-81208,J-2025-02766,2025-05-21,3,2025-05-28,True,
SH-81209,J-2025-02768,2025-05-28,46,2025-06-06,True,
SH-81210,J-2025-02770,2025-06-09,72,2025-06-11,True,
SH-81211,J-2025-02772,2025-06-06,78,2025-06-11,True,
SH-81212,J-2025-02774,2025-05-27,17,2025-06-03,True,
SH-81213,J-2025-02775,2025-05-22,6,2025-06-03,True,
SH-81214,J-2025-02776,2025-05-28,17,2025-06-05,True,
SH-81215,J-2025-02778,2025-05-19,14,2025-05-22,True,
SH-81216,J-2025-02779,2025-06-05,7,2025-06-12,True,
SH-81217,J-2025-02780,2025-06-02,182,2025-06-12,True,
SH-81218,J-2025-02781,2025-06-02,416,2025-06-09,True,
SH-81219,J-2025-02782,2025-05-30,96,2025-06-05,True,
SH-81220,J-2025-02784,2025-05-23,20,2025-06-05,True,
SH-81221,J-2025-02785,2025-06-05,18,2025-06-13,True,
SH-81222,J-2025-02786,2025-05-29,3,2025-06-06,True,
SH-81223,J-2025-02787,2025-05-30,32,2025-06-10,True,
SH-81224,J-2025-02789,2025-06-06,19,2025-06-17,True,
SH-81225,J-2025-02790,2025-06-02,2,2025-06-12,True,
SH-81226,J-2025-02791,2025-06-10,15,2025-06-17,True,
SH-81227,J-2025-02793,2025-05-29,2,2025-06-05,True,
SH-81228,J-2025-02794,2025-06-02,156,2025-06-12,True,
SH-81229,J-2025-02795,2025-05-30,4,2025-06-03,True,
SH-81230,J-2025-02796,2025-05-27,44,2025-05-29,True,
SH-81231,J-2025-02797,2025-06-02,20,2025-06-12,True,
SH-81232,J-2025-02799,2025-06-05,108,2025-06-11,True,
SH-81233,J-2025-02801,2025-06-10,13,2025-06-16,True,
SH-81234,J-2025-02803,2025-06-02,28,2025-06-13,True,
SH-81235,J-2025-02804,2025-05-20,15,2025-05-22,True,
SH-81236,J-2025-02805,2025-05-23,50,2025-05-23,True,
SH-81237,J-2025-02806,2025-06-04,61,2025-06-02,False,capacity
SH-81238,J-2025-02807,2025-05-21,36,2025-05-30,True,
SH-81239,J-2025-02809,2025-05-29,15,2025-05-30,True,
SH-81240,J-2025-02810,2025-05-29,30,2025-05-30,True,
SH-81241,J-2025-02811,2025-05-28,95,2025-05-23,False,other
SH-81242,J-2025-02812,2025-06-05,91,2025-06-11,True,
SH-81243,J-2025-02813,2025-05-28,137,2025-06-02,True,
SH-81244,J-2025-02814,2025-06-16,367,2025-06-16,True,
SH-81245,J-2025-02815,2025-05-28,3,2025-06-02,True,
SH-81246,J-2025-02816,2025-05-23,5,2025-06-02,True,
SH-81247,J-2025-02817,2025-06-12,10,2025-06-16,True,
SH-81248,J-2025-02819,2025-06-12,3,2025-07-22,True,
SH-81249,J-2025-02821,2025-05-28,210,2025-05-28,True,
SH-81250,J-2025-02822,2025-06-04,2,2025-06-16,True,
SH-81251,J-2025-02824,2025-06-02,279,2025-06-06,True,
SH-81252,J-2025-02825,2025-05-30,9,2025-06-09,True,
SH-81253,J-2025-02827,2025-06-09,63,2025-06-16,True,
SH-81254,J-2025-02828,2025-06-19,57,2025-06-18,False,
SH-81255,J-2025-02830,2025-05-30,10,2025-06-05,True,
SH-81256,J-2025-02832,2025-06-04,10,2025-06-06,True,
SH-81257,J-2025-02833,2025-06-06,1,2025-06-17,True,
SH-81258,J-2025-02834,2025-06-05,23,2025-06-18,True,
SH-81259,J-2025-02836,2025-05-29,33,2025-05-27,False,
SH-81260,J-2025-02838,2025-06-02,50,2025-06-12,True,
SH-81261,J-2025-02840,2025-06-05,6,2025-06-06,True,
SH-81262,J-2025-02842,2025-06-04,17,2025-06-10,True,
SH-81263,J-2025-02843,2025-06-02,162,2025-06-16,True,
SH-81264,J-2025-02844,2025-05-29,23,2025-05-28,False,material
SH-81265,J-2025-02845,2025-06-12,13,2025-06-27,True,
SH-81266,J-2025-02846,2025-05-30,1,2025-06-03,True,
SH-81267,J-2025-02848,2025-05-28,12,2025-06-03,True,
SH-81268,J-2025-02850,2025-05-21,31,2025-05-28,True,
SH-81269,J-2025-02852,2025-06-04,5,2025-06-12,True,
SH-81270,J-2025-02854,2025-06-18,10,2025-06-25,True,
SH-81271,J-2025-02856,2025-06-10,42,2025-06-20,True,
SH-81272,J-2025-02857,2025-06-11,138,2025-06-17,True,
SH-81273,J-2025-02859,2025-06-11,6,2025-06-17,True,
SH-81274,J-2025-02860,2025-05-28,25,2025-06-02,True,
SH-81275,J-2025-02861,2025-06-16,26,2025-06-04,False,other
SH-81276,J-2025-02862,2025-06-02,37,2025-06-09,True,
SH-81277,J-2025-02863,2025-05-30,5,2025-06-04,True,
SH-81278,J-2025-02864,2025-06-05,74,2025-06-10,True,
SH-81279,J-2025-02865,2025-06-25,38,2025-07-08,True,
SH-81280,J-2025-02867,2025-06-11,47,2025-06-17,True,
SH-81281,J-2025-02868,2025-06-04,16,2025-06-10,True,
SH-81282,J-2025-02869,2025-06-05,22,2025-05-30,False,
SH-81283,J-2025-02871,2025-05-29,11,2025-06-03,True,
SH-81284,J-2025-02873,2025-05-23,28,2025-06-11,True,
SH-81285,J-2025-02874,2025-06-09,46,2025-06-24,True,
SH-81286,J-2025-02876,2025-06-24,5,2025-07-16,True,
SH-81287,J-2025-02877,2025-06-06,8,2025-06-16,True,
SH-81288,J-2025-02878,2025-06-04,14,2025-06-17,True,
SH-81289,J-2025-02879,2025-05-28,17,2025-06-04,True,
SH-81290,J-2025-02881,2025-06-06,19,2025-06-17,True,
SH-81291,J-2025-02882,2025-06-06,171,2025-06-24,True,
SH-81292,J-2025-02884,2025-05-28,21,2025-06-03,True,
SH-81293,J-2025-02886,2025-06-25,118,2025-06-18,False,outside processing
SH-81294,J-2025-02888,2025-06-09,153,2025-06-09,True,
SH-81295,J-2025-02889,2025-06-10,6,2025-06-23,True,
SH-81296,J-2025-02890,2025-06-05,27,2025-06-11,True,
SH-81297,J-2025-02891,2025-06-05,18,2025-06-10,True,
SH-81298,J-2025-02893,2025-06-02,23,2025-06-10,True,
SH-81299,J-2025-02895,2025-06-11,11,2025-06-23,True,
SH-81300,J-2025-02897,2025-06-06,20,2025-07-01,True,
SH-81301,J-2025-02899,2025-05-29,70,2025-06-04,True,
SH-81302,J-2025-02901,2025-05-23,57,2025-05-29,True,
SH-81303,J-2025-02902,2025-06-03,20,2025-05-29,False,
SH-81304,J-2025-02903,2025-06-11,13,2025-06-18,True,
SH-81305,J-2025-02905,2025-05-30,23,2025-06-05,True,
SH-81306,J-2025-02906,2025-06-11,24,2025-06-20,True,
SH-81307,J-2025-02907,2025-06-05,125,2025-06-18,True,
SH-81308,J-2025-02909,2025-05-30,37,2025-06-04,True,
SH-81309,J-2025-02911,2025-05-30,21,2025-06-05,True,
SH-81310,J-2025-02912,2025-06-06,12,2025-06-17,True,
SH-81311,J-2025-02913,2025-05-28,1,2025-06-04,True,
SH-81312,J-2025-02915,2025-06-05,105,2025-06-09,True,
SH-81313,J-2025-02916,2025-06-24,57,2025-06-26,True,
SH-81314,J-2025-02918,2025-06-17,11,2025-06-30,True,
SH-81315,J-2025-02919,2025-06-04,18,2025-06-13,True,
SH-81316,J-2025-02920,2025-06-05,29,2025-06-12,True,
SH-81317,J-2025-02921,2025-06-04,78,2025-06-10,True,
SH-81318,J-2025-02923,2025-06-06,30,2025-06-09,True,
SH-81319,J-2025-02925,2025-06-04,24,2025-06-13,True,
SH-81320,J-2025-02926,2025-06-13,102,2025-06-19,True,
SH-81321,J-2025-02928,2025-06-06,6,2025-06-26,True,
SH-81322,J-2025-02929,2025-06-13,59,2025-06-19,True,
SH-81323,J-2025-02930,2025-06-04,6,2025-06-16,True,
SH-81324,J-2025-02932,2025-06-06,55,2025-06-20,True,
SH-81325,J-2025-02934,2025-06-16,10,2025-06-26,True,
SH-81326,J-2025-02935,2025-06-10,40,2025-06-10,True,
SH-81327,J-2025-02936,2025-06-13,38,2025-06-20,True,
SH-81328,J-2025-02938,2025-06-20,5,2025-06-23,True,
SH-81329,J-2025-02939,2025-06-04,157,2025-06-04,True,
SH-81330,J-2025-02941,2025-06-04,157,2025-06-06,True,
SH-81331,J-2025-02943,2025-06-13,27,2025-06-20,True,
SH-81332,J-2025-02945,2025-06-16,3,2025-06-20,True,
SH-81333,J-2025-02946,2025-06-11,15,2025-06-20,True,
SH-81334,J-2025-02948,2025-06-11,8,2025-07-17,True,
SH-81335,J-2025-02949,2025-06-05,140,2025-06-18,True,
SH-81336,J-2025-02951,2025-05-27,65,2025-05-29,True,
SH-81337,J-2025-02953,2025-06-13,76,2025-06-23,True,
SH-81338,J-2025-02954,2025-06-02,3,2025-06-09,True,
SH-81339,J-2025-02956,2025-06-05,28,2025-06-12,True,
SH-81340,J-2025-02957,2025-06-05,6,2025-06-11,True,
SH-81341,J-2025-02958,2025-06-11,19,2025-06-20,True,
SH-81342,J-2025-02960,2025-06-02,306,2025-06-11,True,
SH-81343,J-2025-02961,2025-06-09,116,2025-06-20,True,
SH-81344,J-2025-02963,2025-06-05,18,2025-06-17,True,
SH-81345,J-2025-02965,2025-06-04,2,2025-06-11,True,
SH-81346,J-2025-02967,2025-06-06,107,2025-06-26,True,
SH-81347,J-2025-02968,2025-06-09,124,2025-06-11,True,
SH-81348,J-2025-02970,2025-06-05,13,2025-06-10,True,
SH-81349,J-2025-02971,2025-06-05,9,2025-06-12,True,
SH-81350,J-2025-02972,2025-06-04,4,2025-06-12,True,
SH-81351,J-2025-02974,2025-06-18,12,2025-06-23,True,
SH-81352,J-2025-02975,2025-05-30,2,2025-06-03,True,
SH-81353,J-2025-02976,2025-06-04,206,2025-06-09,True,
SH-81354,J-2025-02978,2025-06-13,333,2025-06-16,True,
SH-81355,J-2025-02979,2025-06-02,7,2025-06-10,True,
SH-81356,J-2025-02980,2025-06-10,15,2025-07-02,True,
SH-81357,J-2025-02981,2025-06-10,2,2025-06-20,True,
SH-81358,J-2025-02982,2025-06-09,337,2025-06-18,True,
SH-81359,J-2025-02983,2025-06-06,74,2025-06-10,True,
SH-81360,J-2025-02984,2025-06-02,6,2025-06-10,True,
SH-81361,J-2025-02985,2025-06-10,274,2025-06-17,True,
SH-81362,J-2025-02986,2025-06-06,19,2025-06-19,True,
SH-81363,J-2025-02988,2025-06-05,100,2025-06-10,True,
SH-81364,J-2025-02990,2025-06-11,32,2025-06-09,False,capacity
SH-81365,J-2025-02992,2025-06-04,41,2025-06-05,True,
SH-81366,J-2025-02993,2025-06-04,61,2025-06-09,True,
SH-81367,J-2025-02995,2025-06-27,30,2025-07-08,True,
SH-81368,J-2025-02996,2025-05-30,43,2025-06-10,True,
SH-81369,J-2025-02998,2025-06-10,3,2025-06-19,True,
SH-81370,J-2025-03000,2025-05-30,27,2025-06-03,True,
SH-81371,J-2025-03001,2025-06-11,12,2025-06-13,True,
SH-81372,J-2025-03002,2025-06-06,84,2025-06-19,True,
SH-81373,J-2025-03004,2025-06-06,32,2025-06-24,True,
SH-81374,J-2025-03006,2025-06-05,18,2025-06-11,True,
SH-81375,J-2025-03007,2025-06-09,21,2025-06-17,True,
SH-81376,J-2025-03009,2025-06-11,29,2025-06-24,True,
SH-81377,J-2025-03011,2025-06-10,32,2025-06-24,True,
SH-81378,J-2025-03013,2025-06-16,34,2025-06-24,True,
SH-81379,J-2025-03015,2025-06-13,6,2025-06-24,True,
SH-81380,J-2025-03016,2025-06-05,35,2025-06-10,True,
SH-81381,J-2025-03017,2025-06-11,9,2025-06-24,True,
SH-81382,J-2025-03019,2025-06-02,29,2025-06-02,True,
SH-81383,J-2025-03020,2025-05-30,45,2025-06-02,True,
SH-81384,J-2025-03021,2025-06-17,14,2025-06-24,True,
SH-81385,J-2025-03022,2025-06-19,83,2025-06-24,True,
SH-81386,J-2025-03023,2025-06-13,20,2025-06-24,True,
SH-81387,J-2025-03025,2025-06-19,163,2025-06-24,True,
SH-81388,J-2025-03026,2025-06-06,15,2025-07-16,True,
SH-81389,J-2025-03028,2025-06-16,5,2025-06-24,True,
SH-81390,J-2025-03029,2025-06-06,65,2025-06-17,True,
SH-81391,J-2025-03031,2025-06-06,15,2025-06-16,True,
SH-81392,J-2025-03032,2025-06-06,68,2025-06-11,True,
SH-81393,J-2025-03034,2025-06-05,12,2025-06-11,True,
SH-81394,J-2025-03036,2025-06-10,22,2025-06-30,True,
SH-81395,J-2025-03038,2025-06-12,6,2025-06-05,False,
SH-81396,J-2025-03040,2025-06-12,126,2025-06-26,True,
SH-81397,J-2025-03042,2025-06-03,74,2025-06-03,True,
SH-81398,J-2025-03044,2025-06-12,20,2025-07-01,True,
SH-81399,J-2025-03045,2025-06-06,2,2025-06-16,True,
SH-81400,J-2025-03046,2025-06-09,50,2025-06-16,True,
SH-81401,J-2025-03047,2025-06-13,34,2025-07-01,True,
SH-81402,J-2025-03049,2025-06-19,1,2025-07-01,True,
SH-81403,J-2025-03050,2025-06-11,5,2025-06-12,True,
SH-81404,J-2025-03051,2025-06-10,57,2025-06-18,True,
SH-81405,J-2025-03053,2025-06-18,10,2025-06-25,True,
SH-81406,J-2025-03054,2025-06-05,35,2025-06-19,True,
SH-81407,J-2025-03056,2025-06-13,11,2025-06-26,True,
SH-81408,J-2025-03058,2025-06-17,29,2025-06-27,True,
SH-81409,J-2025-03059,2025-06-24,11,2025-07-02,True,
SH-81410,J-2025-03061,2025-06-10,20,2025-06-25,True,
SH-81411,J-2025-03062,2025-06-10,56,2025-06-16,True,
SH-81412,J-2025-03063,2025-06-16,25,2025-06-13,False,capacity
SH-81413,J-2025-03064,2025-06-03,9,2025-06-06,True,
SH-81414,J-2025-03065,2025-06-05,5,2025-06-19,True,
SH-81415,J-2025-03067,2025-06-06,211,2025-06-13,True,
SH-81416,J-2025-03069,2025-06-04,48,2025-06-12,True,
SH-81417,J-2025-03070,2025-06-06,21,2025-06-13,True,
SH-81418,J-2025-03072,2025-06-25,22,2025-06-26,True,
SH-81419,J-2025-03074,2025-06-16,38,2025-06-18,True,
SH-81420,J-2025-03075,2025-06-20,35,2025-06-23,True,
SH-81421,J-2025-03076,2025-06-04,10,2025-06-05,True,
SH-81422,J-2025-03077,2025-06-10,35,2025-07-07,True,
SH-81423,J-2025-03078,2025-06-10,34,2025-06-09,False,other
SH-81424,J-2025-03080,2025-06-05,9,2025-06-10,True,
SH-81425,J-2025-03082,2025-06-17,25,2025-06-20,True,
SH-81426,J-2025-03083,2025-06-06,4,2025-06-13,True,
SH-81427,J-2025-03085,2025-06-04,15,2025-06-06,True,
SH-81428,J-2025-03087,2025-06-10,48,2025-06-11,True,
SH-81429,J-2025-03089,2025-06-09,30,2025-06-17,True,
SH-81430,J-2025-03090,2025-06-18,181,2025-06-06,False,outside processing
SH-81431,J-2025-03092,2025-06-12,6,2025-07-01,True,
SH-81432,J-2025-03094,2025-06-11,59,2025-06-25,True,
SH-81433,J-2025-03096,2025-06-09,53,2025-06-16,True,
SH-81434,J-2025-03097,2025-06-06,6,2025-06-06,True,
SH-81435,J-2025-03099,2025-06-11,35,2025-06-23,True,
SH-81436,J-2025-03100,2025-06-10,1,2025-06-19,True,
SH-81437,J-2025-03102,2025-06-06,15,2025-06-16,True,
SH-81438,J-2025-03103,2025-06-12,12,2025-06-10,False,capacity
SH-81439,J-2025-03105,2025-06-16,14,2025-06-23,True,
SH-81440,J-2025-03106,2025-06-20,7,2025-07-14,True,
SH-81441,J-2025-03107,2025-06-09,24,2025-06-10,True,
SH-81442,J-2025-03108,2025-06-26,32,2025-06-30,True,
SH-81443,J-2025-03109,2025-06-13,25,2025-06-19,True,
SH-81444,J-2025-03110,2025-06-20,68,2025-06-27,True,
SH-81445,J-2025-03111,2025-06-17,1,2025-06-23,True,
SH-81446,J-2025-03112,2025-06-11,6,2025-06-16,True,
SH-81447,J-2025-03114,2025-06-17,21,2025-06-19,True,
SH-81448,J-2025-03115,2025-06-20,1,2025-07-08,True,
SH-81449,J-2025-03116,2025-06-10,10,2025-06-09,False,capacity
SH-81450,J-2025-03117,2025-06-06,27,2025-06-16,True,
SH-81451,J-2025-03118,2025-06-11,9,2025-06-18,True,
SH-81452,J-2025-03119,2025-06-18,2,2025-06-09,False,capacity
SH-81453,J-2025-03120,2025-06-16,14,2025-06-30,True,
SH-81454,J-2025-03121,2025-06-17,20,2025-06-24,True,
SH-81455,J-2025-03123,2025-06-16,21,2025-06-16,True,
SH-81456,J-2025-03124,2025-06-25,18,2025-06-30,True,
SH-81457,J-2025-03126,2025-06-10,88,2025-06-16,True,
SH-81458,J-2025-03127,2025-06-12,29,2025-06-17,True,
SH-81459,J-2025-03129,2025-06-25,8,2025-07-01,True,
SH-81460,J-2025-03130,2025-06-11,123,2025-06-19,True,
SH-81461,J-2025-03131,2025-06-24,12,2025-06-30,True,
SH-81462,J-2025-03132,2025-06-12,6,2025-06-23,True,
SH-81463,J-2025-03133,2025-06-12,7,2025-06-27,True,
SH-81464,J-2025-03135,2025-06-12,58,2025-07-02,True,
SH-81465,J-2025-03136,2025-06-09,52,2025-06-17,True,
SH-81466,J-2025-03138,2025-06-25,12,2025-06-30,True,
SH-81467,J-2025-03139,2025-06-06,128,2025-06-16,True,
SH-81468,J-2025-03141,2025-06-10,79,2025-06-18,True,
SH-81469,J-2025-03142,2025-06-23,5,2025-07-01,True,
SH-81470,J-2025-03143,2025-06-11,7,2025-06-17,True,
SH-81471,J-2025-03144,2025-06-13,101,2025-07-14,True,
SH-81472,J-2025-03145,2025-06-19,59,2025-06-18,False,other
SH-81473,J-2025-03147,2025-06-13,47,2025-06-24,True,
SH-81474,J-2025-03149,2025-06-13,8,2025-06-24,True,
SH-81475,J-2025-03151,2025-06-10,39,2025-06-30,True,
SH-81476,J-2025-03153,2025-06-20,10,2025-07-01,True,
SH-81477,J-2025-03155,2025-06-10,12,2025-06-26,True,
SH-81478,J-2025-03156,2025-06-12,29,2025-07-10,True,
SH-81479,J-2025-03157,2025-06-18,11,2025-07-01,True,
SH-81480,J-2025-03159,2025-06-18,15,2025-07-02,True,
SH-81481,J-2025-03160,2025-06-12,23,2025-06-26,True,
SH-81482,J-2025-03161,2025-06-13,29,2025-07-01,True,
SH-81483,J-2025-03162,2025-06-20,13,2025-06-26,True,
SH-81484,J-2025-03163,2025-06-20,36,2025-06-27,True,
SH-81485,J-2025-03165,2025-06-11,39,2025-06-24,True,
SH-81486,J-2025-03166,2025-06-20,22,2025-06-25,True,
SH-81487,J-2025-03168,2025-06-13,33,2025-06-26,True,
SH-81488,J-2025-03169,2025-06-10,163,2025-06-13,True,
SH-81489,J-2025-03171,2025-06-12,17,2025-06-18,True,
SH-81490,J-2025-03172,2025-06-10,54,2025-06-18,True,
SH-81491,J-2025-03173,2025-06-17,1,2025-06-27,True,
SH-81492,J-2025-03175,2025-06-13,20,2025-07-07,True,
SH-81493,J-2025-03177,2025-06-16,2,2025-06-11,False,capacity
SH-81494,J-2025-03179,2025-06-10,26,2025-06-13,True,
SH-81495,J-2025-03181,2025-06-20,13,2025-06-30,True,
SH-81496,J-2025-03182,2025-06-11,187,2025-06-19,True,
SH-81497,J-2025-03183,2025-06-16,37,2025-06-26,True,
SH-81498,J-2025-03184,2025-06-25,47,2025-06-19,False,capacity
SH-81499,J-2025-03185,2025-06-18,307,2025-06-20,True,
SH-81500,J-2025-03186,2025-06-10,26,2025-06-26,True,
SH-81501,J-2025-03187,2025-06-12,109,2025-07-08,True,
SH-81502,J-2025-03188,2025-06-13,19,2025-06-26,True,
SH-81503,J-2025-03189,2025-06-11,17,2025-06-16,True,
SH-81504,J-2025-03190,2025-06-20,46,2025-07-03,True,
SH-81505,J-2025-03191,2025-06-11,104,2025-06-11,True,
SH-81506,J-2025-03193,2025-06-24,88,2025-07-08,True,
SH-81507,J-2025-03194,2025-06-11,4,2025-06-23,True,
SH-81508,J-2025-03196,2025-06-17,126,2025-06-19,True,
SH-81509,J-2025-03197,2025-06-23,3,2025-07-01,True,
SH-81510,J-2025-03199,2025-06-12,32,2025-06-13,True,
SH-81511,J-2025-03200,2025-06-13,16,2025-06-26,True,
SH-81512,J-2025-03202,2025-07-08,9,2025-07-15,True,
SH-81513,J-2025-03204,2025-06-16,9,2025-06-12,False,capacity
SH-81514,J-2025-03206,2025-06-24,21,2025-08-05,True,
SH-81515,J-2025-03208,2025-06-20,61,2025-07-01,True,
SH-81516,J-2025-03209,2025-06-16,12,2025-06-16,True,
SH-81517,J-2025-03210,2025-06-24,48,2025-07-07,True,
SH-81518,J-2025-03211,2025-06-13,38,2025-06-27,True,
SH-81519,J-2025-03213,2025-06-17,17,2025-06-25,True,
SH-81520,J-2025-03214,2025-06-30,7,2025-07-07,True,
SH-81521,J-2025-03215,2025-06-17,44,2025-06-17,True,
SH-81522,J-2025-03217,2025-06-20,18,2025-06-30,True,
SH-81523,J-2025-03218,2025-06-26,8,2025-06-26,True,
SH-81524,J-2025-03219,2025-06-13,67,2025-06-23,True,
SH-81525,J-2025-03221,2025-06-23,44,2025-06-18,False,capacity
SH-81526,J-2025-03223,2025-06-23,230,2025-06-23,True,
SH-81527,J-2025-03225,2025-06-19,27,2025-07-01,True,
SH-81528,J-2025-03227,2025-06-23,18,2025-06-24,True,
SH-81529,J-2025-03229,2025-06-19,124,2025-06-25,True,
SH-81530,J-2025-03230,2025-06-25,17,2025-07-08,True,
SH-81531,J-2025-03231,2025-06-20,5,2025-07-02,True,
SH-81532,J-2025-03233,2025-06-23,9,2025-06-26,True,
SH-81533,J-2025-03235,2025-06-13,13,2025-06-19,True,
SH-81534,J-2025-03237,2025-06-13,6,2025-06-24,True,
SH-81535,J-2025-03239,2025-06-16,12,2025-06-25,True,
SH-81536,J-2025-03241,2025-06-16,7,2025-06-13,False,
SH-81537,J-2025-03242,2025-06-30,41,2025-06-25,False,capacity
SH-81538,J-2025-03243,2025-06-23,78,2025-06-16,False,
SH-81539,J-2025-03244,2025-06-23,29,2025-06-13,False,other
SH-81540,J-2025-03245,2025-06-30,32,2025-07-18,True,
SH-81541,J-2025-03246,2025-06-25,17,2025-07-08,True,
SH-81542,J-2025-03248,2025-06-19,10,2025-06-25,True,
SH-81543,J-2025-03249,2025-06-16,13,2025-06-27,True,
SH-81544,J-2025-03251,2025-07-10,30,2025-07-08,False,other
SH-81545,J-2025-03253,2025-06-20,27,2025-06-25,True,
SH-81546,J-2025-03254,2025-06-19,6,2025-07-01,True,
SH-81547,J-2025-03256,2025-06-19,6,2025-07-02,True,
SH-81548,J-2025-03258,2025-06-26,94,2025-07-08,True,
SH-81549,J-2025-03259,2025-06-16,22,2025-07-08,True,
SH-81550,J-2025-03261,2025-06-17,4,2025-07-11,True,
SH-81551,J-2025-03262,2025-06-16,52,2025-06-17,True,
SH-81552,J-2025-03264,2025-06-13,7,2025-06-27,True,
SH-81553,J-2025-03265,2025-06-16,31,2025-06-23,True,
SH-81554,J-2025-03267,2025-06-19,99,2025-06-20,True,
SH-81555,J-2025-03268,2025-07-02,8,2025-07-14,True,
SH-81556,J-2025-03269,2025-06-23,27,2025-06-30,True,
SH-81557,J-2025-03271,2025-06-25,58,2025-07-09,True,
SH-81558,J-2025-03272,2025-07-02,30,2025-07-09,True,
SH-81559,J-2025-03274,2025-06-20,56,2025-07-02,True,
SH-81560,J-2025-03275,2025-06-26,25,2025-06-27,True,
SH-81561,J-2025-03277,2025-06-18,26,2025-06-26,True,
SH-81562,J-2025-03279,2025-06-20,199,2025-06-30,True,
SH-81563,J-2025-03280,2025-06-19,7,2025-07-01,True,
SH-81564,J-2025-03281,2025-06-23,19,2025-06-25,True,
SH-81565,J-2025-03283,2025-07-01,23,2025-07-02,True,
SH-81566,J-2025-03285,2025-06-13,47,2025-06-17,True,
SH-81567,J-2025-03286,2025-06-16,10,2025-06-27,True,
SH-81568,J-2025-03287,2025-07-02,1,2025-07-10,True,
SH-81569,J-2025-03288,2025-06-16,74,2025-07-09,True,
SH-81570,J-2025-03289,2025-06-16,56,2025-06-26,True,
SH-81571,J-2025-03291,2025-06-17,144,2025-06-26,True,
SH-81572,J-2025-03293,2025-06-23,7,2025-06-20,False,
SH-81573,J-2025-03294,2025-06-16,88,2025-07-17,True,
SH-81574,J-2025-03296,2025-06-25,59,2025-07-10,True,
SH-81575,J-2025-03298,2025-06-25,6,2025-07-08,True,
SH-81576,J-2025-03300,2025-06-25,28,2025-07-10,True,
SH-81577,J-2025-03301,2025-07-08,107,2025-07-10,True,
SH-81578,J-2025-03303,2025-06-26,5,2025-07-07,True,
SH-81579,J-2025-03304,2025-06-20,14,2025-07-07,True,
SH-81580,J-2025-03305,2025-06-26,22,2025-07-24,True,
SH-81581,J-2025-03307,2025-06-23,72,2025-06-19,False,capacity
SH-81582,J-2025-03308,2025-06-24,61,2025-07-08,True,
SH-81583,J-2025-03310,2025-07-14,9,2025-07-24,True,
SH-81584,J-2025-03312,2025-06-30,18,2025-07-09,True,
SH-81585,J-2025-03313,2025-06-30,26,2025-07-15,True,
SH-81586,J-2025-03315,2025-06-20,56,2025-07-02,True,
SH-81587,J-2025-03317,2025-06-23,13,2025-06-19,False,
SH-81588,J-2025-03318,2025-06-30,422,2025-07-03,True,
SH-81589,J-2025-03320,2025-06-17,52,2025-07-01,True,
SH-81590,J-2025-03321,2025-06-20,13,2025-07-03,True,
SH-81591,J-2025-03323,2025-06-23,35,2025-06-25,True,
SH-81592,J-2025-03324,2025-06-25,31,2025-07-17,True,
SH-81593,J-2025-03325,2025-06-25,15,2025-07-10,True,
SH-81594,J-2025-03326,2025-06-20,17,2025-07-24,True,
SH-81595,J-2025-03328,2025-06-23,5,2025-06-25,True,
SH-81596,J-2025-03329,2025-06-25,15,2025-07-16,True,
SH-81597,J-2025-03330,2025-07-02,62,2025-07-18,True,
SH-81598,J-2025-03331,2025-06-24,27,2025-07-03,True,
SH-81599,J-2025-03332,2025-06-19,39,2025-06-18,False,capacity
SH-81600,J-2025-03333,2025-06-20,24,2025-07-21,True,
SH-81601,J-2025-03335,2025-06-23,39,2025-06-18,False,material
SH-81602,J-2025-03337,2025-06-23,26,2025-06-24,True,
SH-81603,J-2025-03338,2025-07-11,53,2025-07-21,True,
SH-81604,J-2025-03340,2025-06-20,8,2025-07-02,True,
SH-81605,J-2025-03342,2025-06-17,23,2025-07-07,True,
SH-81606,J-2025-03343,2025-06-24,8,2025-06-19,False,
SH-81607,J-2025-03344,2025-06-20,51,2025-06-26,True,
SH-81608,J-2025-03346,2025-07-14,52,2025-07-16,True,
SH-81609,J-2025-03348,2025-06-23,101,2025-06-27,True,
SH-81610,J-2025-03349,2025-07-07,42,2025-07-14,True,
SH-81611,J-2025-03351,2025-07-02,22,2025-06-25,False,capacity
SH-81612,J-2025-03353,2025-07-02,30,2025-07-14,True,
SH-81613,J-2025-03354,2025-06-26,1,2025-06-23,False,capacity
SH-81614,J-2025-03356,2025-07-01,30,2025-07-02,True,
SH-81615,J-2025-03357,2025-06-25,143,2025-07-25,True,
SH-81616,J-2025-03359,2025-06-20,50,2025-07-17,True,
SH-81617,J-2025-03361,2025-07-02,41,2025-07-21,True,
SH-81618,J-2025-03362,2025-06-17,6,2025-06-19,True,
SH-81619,J-2025-03364,2025-06-20,143,2025-06-20,True,
SH-81620,J-2025-03365,2025-06-24,37,2025-07-14,True,
SH-81621,J-2025-03366,2025-06-18,38,2025-07-09,True,
SH-81622,J-2025-03367,2025-06-27,6,2025-06-27,True,
SH-81623,J-2025-03369,2025-06-24,2,2025-07-09,True,
SH-81624,J-2025-03371,2025-06-26,103,2025-06-27,True,
SH-81625,J-2025-03372,2025-06-30,12,2025-07-16,True,
SH-81626,J-2025-03373,2025-07-02,35,2025-07-08,True,
SH-81627,J-2025-03375,2025-06-24,45,2025-07-09,True,
SH-81628,J-2025-03377,2025-07-02,304,2025-07-08,True,
SH-81629,J-2025-03379,2025-06-24,47,2025-07-11,True,
SH-81630,J-2025-03381,2025-07-08,36,2025-07-08,True,
SH-81631,J-2025-03383,2025-06-20,8,2025-07-07,True,
SH-81632,J-2025-03384,2025-06-30,153,2025-07-03,True,
SH-81633,J-2025-03385,2025-06-30,195,2025-07-15,True,
SH-81634,J-2025-03386,2025-07-01,215,2025-07-07,True,
SH-81635,J-2025-03388,2025-07-02,59,2025-07-15,True,
SH-81636,J-2025-03390,2025-06-25,7,2025-07-01,True,
SH-81637,J-2025-03392,2025-06-24,8,2025-07-18,True,
SH-81638,J-2025-03393,2025-06-24,7,2025-07-01,True,
SH-81639,J-2025-03394,2025-06-26,19,2025-07-24,True,
SH-81640,J-2025-03395,2025-06-24,50,2025-07-08,True,
SH-81641,J-2025-03396,2025-06-20,9,2025-07-15,True,
SH-81642,J-2025-03398,2025-07-07,46,2025-07-15,True,
SH-81643,J-2025-03399,2025-06-24,145,2025-06-30,True,
SH-81644,J-2025-03401,2025-06-24,56,2025-07-18,True,
SH-81645,J-2025-03403,2025-07-29,500,2025-07-15,False,other
SH-81646,J-2025-03405,2025-07-01,21,2025-07-02,True,
SH-81647,J-2025-03406,2025-06-25,45,2025-07-23,True,
SH-81648,J-2025-03407,2025-06-27,22,2025-07-02,True,
SH-81649,J-2025-03408,2025-06-30,12,2025-07-11,True,
SH-81650,J-2025-03409,2025-06-24,55,2025-06-25,True,
SH-81651,J-2025-03410,2025-06-19,2,2025-06-30,True,
SH-81652,J-2025-03411,2025-07-03,25,2025-07-28,True,
SH-81653,J-2025-03413,2025-06-19,8,2025-06-25,True,
SH-81654,J-2025-03415,2025-07-14,5,2025-07-21,True,
SH-81655,J-2025-03417,2025-06-23,27,2025-06-30,True,
SH-81656,J-2025-03419,2025-06-26,20,2025-06-30,True,
SH-81657,J-2025-03421,2025-06-24,24,2025-07-01,True,
SH-81658,J-2025-03422,2025-06-26,68,2025-07-25,True,
SH-81659,J-2025-03423,2025-06-27,263,2025-06-26,False,other
SH-81660,J-2025-03425,2025-07-09,133,2025-07-17,True,
SH-81661,J-2025-03427,2025-06-24,9,2025-07-15,True,
SH-81662,J-2025-03428,2025-06-24,42,2025-07-03,True,
SH-81663,J-2025-03430,2025-06-19,35,2025-06-25,True,
SH-81664,J-2025-03431,2025-06-24,18,2025-06-30,True,
SH-81665,J-2025-03433,2025-06-24,71,2025-07-07,True,
SH-81666,J-2025-03435,2025-07-01,1,2025-07-08,True,
SH-81667,J-2025-03436,2025-07-02,60,2025-06-30,False,capacity
SH-81668,J-2025-03438,2025-07-15,36,2025-07-15,True,
SH-81669,J-2025-03440,2025-07-02,7,2025-07-15,True,
SH-81670,J-2025-03441,2025-07-07,26,2025-07-01,False,capacity
SH-81671,J-2025-03443,2025-06-23,20,2025-07-01,True,
SH-81672,J-2025-03445,2025-06-24,22,2025-07-01,True,
SH-81673,J-2025-03446,2025-06-25,14,2025-07-15,True,
SH-81674,J-2025-03447,2025-07-10,54,2025-07-18,True,
SH-81675,J-2025-03449,2025-06-20,70,2025-06-27,True,
SH-81676,J-2025-03450,2025-06-26,20,2025-07-10,True,
SH-81677,J-2025-03452,2025-06-25,90,2025-06-24,False,
SH-81678,J-2025-03453,2025-06-23,21,2025-07-01,True,
SH-81679,J-2025-03455,2025-07-01,6,2025-07-08,True,
SH-81680,J-2025-03456,2025-06-26,36,2025-07-07,True,
SH-81681,J-2025-03458,2025-07-07,381,2025-07-14,True,
SH-81682,J-2025-03459,2025-06-20,14,2025-07-01,True,
SH-81683,J-2025-03461,2025-06-27,106,2025-07-09,True,
SH-81684,J-2025-03463,2025-07-03,15,2025-07-03,True,
SH-81685,J-2025-03465,2025-07-07,10,2025-07-10,True,
SH-81686,J-2025-03466,2025-07-09,96,2025-07-16,True,
SH-81687,J-2025-03467,2025-07-07,70,2025-07-16,True,
SH-81688,J-2025-03469,2025-06-26,9,2025-06-24,False,capacity
SH-81689,J-2025-03470,2025-06-30,8,2025-06-27,False,quality
SH-81690,J-2025-03472,2025-06-25,12,2025-07-11,True,
SH-81691,J-2025-03474,2025-07-01,59,2025-07-11,True,
SH-81692,J-2025-03476,2025-07-08,250,2025-07-10,True,
SH-81693,J-2025-03477,2025-07-09,10,2025-07-15,True,
SH-81694,J-2025-03479,2025-06-23,36,2025-07-01,True,
SH-81695,J-2025-03481,2025-06-25,39,2025-07-10,True,
SH-81696,J-2025-03482,2025-07-09,82,2025-07-17,True,
SH-81697,J-2025-03483,2025-07-29,12,2025-07-23,False,quality
SH-81698,J-2025-03485,2025-06-25,22,2025-07-10,True,
SH-81699,J-2025-03487,2025-07-08,7,2025-07-03,False,
SH-81700,J-2025-03489,2025-07-11,17,2025-07-17,True,
SH-81701,J-2025-03490,2025-06-30,59,2025-07-10,True,
SH-81702,J-2025-03491,2025-07-10,10,2025-08-08,True,
SH-81703,J-2025-03492,2025-07-03,24,2025-07-11,True,
SH-81704,J-2025-03494,2025-07-02,71,2025-07-18,True,
SH-81705,J-2025-03495,2025-07-15,38,2025-07-14,False,capacity
SH-81706,J-2025-03497,2025-06-26,25,2025-07-03,True,
SH-81707,J-2025-03498,2025-06-27,19,2025-07-10,True,
SH-81708,J-2025-03500,2025-07-01,30,2025-07-01,True,
SH-81709,J-2025-03502,2025-07-11,18,2025-07-21,True,
SH-81710,J-2025-03504,2025-06-27,31,2025-07-07,True,
SH-81711,J-2025-03506,2025-07-15,159,2025-07-10,False,
SH-81712,J-2025-03508,2025-07-14,182,2025-07-15,True,
SH-81713,J-2025-03510,2025-06-25,66,2025-07-18,True,
SH-81714,J-2025-03512,2025-06-24,5,2025-06-26,True,
SH-81715,J-2025-03513,2025-06-25,16,2025-07-16,True,
SH-81716,J-2025-03515,2025-07-02,19,2025-07-08,True,
SH-81717,J-2025-03517,2025-07-10,39,2025-07-18,True,
SH-81718,J-2025-03518,2025-07-21,49,2025-07-14,False,
SH-81719,J-2025-03520,2025-07-02,105,2025-07-18,True,
SH-81720,J-2025-03522,2025-06-25,28,2025-07-01,True,
SH-81721,J-2025-03523,2025-07-02,30,2025-07-14,True,
SH-81722,J-2025-03525,2025-06-25,21,2025-07-23,True,
SH-81723,J-2025-03527,2025-06-26,20,2025-07-15,True,
SH-81724,J-2025-03529,2025-07-08,11,2025-07-24,True,
SH-81725,J-2025-03530,2025-07-10,11,2025-07-21,True,
SH-81726,J-2025-03531,2025-06-30,60,2025-07-14,True,
SH-81727,J-2025-03532,2025-07-16,10,2025-07-17,True,
SH-81728,J-2025-03533,2025-07-02,3,2025-07-15,True,
SH-81729,J-2025-03534,2025-07-16,26,2025-07-16,True,
SH-81730,J-2025-03536,2025-07-03,3,2025-07-24,True,
SH-81731,J-2025-03537,2025-06-27,25,2025-07-10,True,
SH-81732,J-2025-03539,2025-06-25,49,2025-07-07,True,
SH-81733,J-2025-03540,2025-06-30,13,2025-07-21,True,
SH-81734,J-2025-03542,2025-06-26,5,2025-06-27,True,
SH-81735,J-2025-03543,2025-07-02,194,2025-07-24,True,
SH-81736,J-2025-03545,2025-07-01,21,2025-07-07,True,
SH-81737,J-2025-03546,2025-06-27,20,2025-07-01,True,
SH-81738,J-2025-03547,2025-07-10,197,2025-07-22,True,
SH-81739,J-2025-03548,2025-07-02,63,2025-07-10,True,
SH-81740,J-2025-03550,2025-07-17,20,2025-08-01,True,
SH-81741,J-2025-03551,2025-07-07,12,2025-07-11,True,
SH-81742,J-2025-03552,2025-07-14,102,2025-07-29,True,
SH-81743,J-2025-03553,2025-07-10,21,2025-07-15,True,
SH-81744,J-2025-03555,2025-06-26,5,2025-06-27,True,
SH-81745,J-2025-03556,2025-07-03,500,2025-07-10,True,
SH-81746,J-2025-03557,2025-07-02,49,2025-07-01,False,capacity
SH-81747,J-2025-03559,2025-07-07,61,2025-06-27,False,other
SH-81748,J-2025-03561,2025-07-14,11,2025-07-28,True,
SH-81749,J-2025-03562,2025-07-07,8,2025-07-15,True,
SH-81750,J-2025-03564,2025-07-09,7,2025-07-07,False,outside processing
SH-81751,J-2025-03565,2025-07-01,20,2025-07-08,True,
SH-81752,J-2025-03566,2025-07-08,9,2025-07-08,True,
SH-81753,J-2025-03568,2025-07-09,32,2025-07-22,True,
SH-81754,J-2025-03569,2025-06-30,58,2025-07-24,True,
SH-81755,J-2025-03571,2025-07-09,4,2025-07-22,True,
SH-81756,J-2025-03572,2025-07-16,377,2025-07-14,False,capacity
SH-81757,J-2025-03573,2025-07-09,359,2025-07-25,True,
SH-81758,J-2025-03574,2025-07-03,15,2025-07-11,True,
SH-81759,J-2025-03575,2025-06-30,139,2025-07-15,True,
SH-81760,J-2025-03577,2025-07-01,47,2025-07-10,True,
SH-81761,J-2025-03579,2025-06-26,39,2025-07-18,True,
SH-81762,J-2025-03580,2025-06-27,38,2025-07-01,True,
SH-81763,J-2025-03582,2025-07-03,41,2025-07-02,False,other
SH-81764,J-2025-03584,2025-07-01,75,2025-07-02,True,
SH-81765,J-2025-03586,2025-06-30,66,2025-07-02,True,
SH-81766,J-2025-03587,2025-07-16,7,2025-07-23,True,
SH-81767,J-2025-03589,2025-07-21,16,2025-07-23,True,
SH-81768,J-2025-03590,2025-07-21,21,2025-07-31,True,
SH-81769,J-2025-03591,2025-07-10,12,2025-07-22,True,
SH-81770,J-2025-03593,2025-07-07,16,2025-07-16,True,
SH-81771,J-2025-03595,2025-07-08,8,2025-07-16,True,
SH-81772,J-2025-03597,2025-07-02,8,2025-07-09,True,
SH-81773,J-2025-03599,2025-07-09,12,2025-07-18,True,
SH-81774,J-2025-03601,2025-07-02,28,2025-07-02,True,
SH-81775,J-2025-03602,2025-07-09,37,2025-07-10,True,
SH-81776,J-2025-03603,2025-07-15,17,2025-07-29,True,
SH-81777,J-2025-03605,2025-07-10,13,2025-07-30,True,
SH-81778,J-2025-03607,2025-07-07,136,2025-07-14,True,
SH-81779,J-2025-03609,2025-07-01,20,2025-07-02,True,
SH-81780,J-2025-03610,2025-07-11,3,2025-07-21,True,
SH-81781,J-2025-03611,2025-07-02,16,2025-07-10,True,
SH-81782,J-2025-03612,2025-06-30,13,2025-07-09,True,
SH-81783,J-2025-03613,2025-07-02,60,2025-07-16,True,
SH-81784,J-2025-03615,2025-07-11,123,2025-07-25,True,
SH-81785,J-2025-03616,2025-07-07,25,2025-07-01,False,outside processing
SH-81786,J-2025-03618,2025-07-07,13,2025-07-02,False,outside processing
SH-81787,J-2025-03619,2025-07-10,22,2025-07-17,True,
SH-81788,J-2025-03620,2025-07-09,37,2025-07-21,True,
SH-81789,J-2025-03622,2025-08-01,41,2025-07-24,False,customer change
SH-81790,J-2025-03624,2025-07-18,446,2025-07-17,False,capacity
SH-81791,J-2025-03626,2025-07-07,70,2025-07-21,True,
SH-81792,J-2025-03628,2025-07-15,130,2025-07-24,True,
SH-81793,J-2025-03629,2025-06-30,6,2025-07-08,True,
SH-81794,J-2025-03631,2025-07-09,8,2025-07-14,True,
SH-81795,J-2025-03632,2025-07-02,11,2025-07-08,True,
SH-81796,J-2025-03634,2025-07-11,41,2025-07-17,True,
SH-81797,J-2025-03636,2025-07-09,17,2025-07-15,True,
SH-81798,J-2025-03637,2025-07-10,15,2025-07-22,True,
SH-81799,J-2025-03639,2025-07-10,18,2025-07-17,True,
SH-81800,J-2025-03641,2025-07-07,40,2025-07-02,False,
SH-81801,J-2025-03642,2025-07-22,8,2025-07-25,True,
SH-81802,J-2025-03643,2025-07-15,29,2025-07-25,True,
SH-81803,J-2025-03644,2025-07-11,121,2025-07-07,False,other
SH-81804,J-2025-03646,2025-07-09,119,2025-07-25,True,
SH-81805,J-2025-03648,2025-08-12,64,2025-07-25,False,material
SH-81806,J-2025-03649,2025-07-17,4,2025-08-05,True,
SH-81807,J-2025-03651,2025-07-11,5,2025-07-21,True,
SH-81808,J-2025-03652,2025-07-22,52,2025-07-22,True,
SH-81809,J-2025-03653,2025-07-10,147,2025-07-25,True,
SH-81810,J-2025-03655,2025-07-03,5,2025-07-03,True,
SH-81811,J-2025-03656,2025-07-21,6,2025-07-15,False,
SH-81812,J-2025-03657,2025-07-07,495,2025-07-11,True,
SH-81813,J-2025-03659,2025-08-11,3,2025-09-09,True,
SH-81814,J-2025-03661,2025-07-22,95,2025-07-25,True,
SH-81815,J-2025-03662,2025-07-09,58,2025-07-23,True,
SH-81816,J-2025-03663,2025-07-02,10,2025-07-11,True,
SH-81817,J-2025-03665,2025-07-08,287,2025-07-23,True,
SH-81818,J-2025-03666,2025-07-09,36,2025-07-29,True,
SH-81819,J-2025-03667,2025-07-07,102,2025-07-11,True,
SH-81820,J-2025-03669,2025-07-10,422,2025-07-14,True,
SH-81821,J-2025-03671,2025-07-02,24,2025-07-09,True,
SH-81822,J-2025-03672,2025-07-09,13,2025-07-15,True,
SH-81823,J-2025-03674,2025-07-15,29,2025-07-29,True,
SH-81824,J-2025-03675,2025-07-16,31,2025-07-30,True,
SH-81825,J-2025-03677,2025-07-14,12,2025-07-18,True,
SH-81826,J-2025-03678,2025-07-08,24,2025-07-15,True,
SH-81827,J-2025-03679,2025-07-11,8,2025-07-21,True,
SH-81828,J-2025-03680,2025-07-28,8,2025-08-01,True,
SH-81829,J-2025-03682,2025-07-16,4,2025-08-05,True,
SH-81830,J-2025-03683,2025-07-10,3,2025-07-21,True,
SH-81831,J-2025-03685,2025-07-10,18,2025-07-18,True,
SH-81832,J-2025-03686,2025-07-07,10,2025-07-09,True,
SH-81833,J-2025-03687,2025-07-10,9,2025-07-16,True,
SH-81834,J-2025-03689,2025-07-15,22,2025-07-17,True,
SH-81835,J-2025-03691,2025-07-08,92,2025-07-03,False,capacity
SH-81836,J-2025-03692,2025-07-18,5,2025-07-10,False,capacity
SH-81837,J-2025-03694,2025-07-14,74,2025-07-29,True,
SH-81838,J-2025-03695,2025-07-15,26,2025-07-18,True,
SH-81839,J-2025-03697,2025-07-16,77,2025-07-25,True,
SH-81840,J-2025-03698,2025-07-21,10,2025-07-25,True,
SH-81841,J-2025-03700,2025-07-11,19,2025-07-18,True,
SH-81842,J-2025-03701,2025-07-07,1,2025-07-15,True,
SH-81843,J-2025-03702,2025-07-14,69,2025-07-16,True,
SH-81844,J-2025-03703,2025-07-15,18,2025-07-25,True,
SH-81845,J-2025-03704,2025-07-24,153,2025-07-18,False,capacity
SH-81846,J-2025-03705,2025-07-11,24,2025-07-21,True,
SH-81847,J-2025-03706,2025-07-15,116,2025-07-09,False,material
SH-81848,J-2025-03708,2025-07-18,196,2025-07-29,True,
SH-81849,J-2025-03710,2025-07-21,26,2025-07-29,True,
SH-81850,J-2025-03711,2025-07-10,13,2025-07-15,True,
SH-81851,J-2025-03712,2025-07-11,20,2025-07-22,True,
SH-81852,J-2025-03714,2025-07-11,4,2025-07-18,True,
SH-81853,J-2025-03715,2025-07-17,9,2025-08-07,True,
SH-81854,J-2025-03717,2025-07-10,12,2025-07-15,True,
SH-81855,J-2025-03718,2025-07-25,9,2025-07-29,True,
SH-81856,J-2025-03720,2025-07-14,25,2025-07-21,True,
SH-81857,J-2025-03721,2025-07-03,12,2025-07-09,True,
SH-81858,J-2025-03723,2025-07-17,5,2025-07-29,True,
SH-81859,J-2025-03724,2025-07-21,3,2025-07-29,True,
SH-81860,J-2025-03726,2025-07-30,15,2025-07-29,False,
SH-81861,J-2025-03728,2025-07-08,18,2025-07-16,True,
SH-81862,J-2025-03729,2025-07-11,46,2025-07-22,True,
SH-81863,J-2025-03731,2025-07-22,20,2025-07-21,False,
SH-81864,J-2025-03733,2025-07-23,129,2025-07-29,True,
SH-81865,J-2025-03734,2025-07-14,18,2025-07-21,True,
SH-81866,J-2025-03736,2025-07-21,70,2025-08-07,True,
SH-81867,J-2025-03737,2025-07-25,15,2025-07-24,False,
SH-81868,J-2025-03738,2025-07-21,184,2025-07-29,True,
SH-81869,J-2025-03739,2025-07-22,8,2025-07-29,True,
SH-81870,J-2025-03740,2025-08-01,16,2025-07-29,False,capacity
SH-81871,J-2025-03741,2025-07-18,11,2025-07-29,True,
SH-81872,J-2025-03743,2025-07-23,5,2025-07-22,False,
SH-81873,J-2025-03745,2025-08-01,287,2025-08-11,True,
SH-81874,J-2025-03746,2025-07-23,21,2025-07-29,True,
SH-81875,J-2025-03747,2025-07-11,4,2025-08-04,True,
SH-81876,J-2025-03748,2025-07-08,12,2025-07-15,True,
SH-81877,J-2025-03749,2025-07-07,22,2025-07-15,True,
SH-81878,J-2025-03751,2025-07-16,21,2025-07-25,True,
SH-81879,J-2025-03753,2025-07-09,183,2025-07-17,True,
SH-81880,J-2025-03755,2025-07-24,9,2025-07-29,True,
SH-81881,J-2025-03756,2025-07-08,17,2025-07-16,True,
SH-81882,J-2025-03757,2025-07-10,8,2025-07-22,True,
SH-81883,J-2025-03758,2025-07-22,6,2025-08-01,True,
SH-81884,J-2025-03759,2025-07-23,50,2025-07-30,True,
SH-81885,J-2025-03761,2025-07-07,30,2025-07-10,True,
SH-81886,J-2025-03762,2025-07-09,17,2025-07-09,True,
SH-81887,J-2025-03763,2025-07-11,4,2025-07-24,True,
SH-81888,J-2025-03765,2025-07-21,72,2025-07-30,True,
SH-81889,J-2025-03767,2025-07-18,89,2025-07-29,True,
SH-81890,J-2025-03769,2025-07-11,24,2025-07-09,False,outside processing
SH-81891,J-2025-03770,2025-07-08,30,2025-07-10,True,
SH-81892,J-2025-03772,2025-07-11,15,2025-07-18,True,
SH-81893,J-2025-03773,2025-07-07,26,2025-07-11,True,
SH-81894,J-2025-03774,2025-07-10,17,2025-07-16,True,
SH-81895,J-2025-03775,2025-07-18,216,2025-07-25,True,
SH-81896,J-2025-03776,2025-07-15,37,2025-07-17,True,
SH-81897,J-2025-03778,2025-07-21,39,2025-07-31,True,
SH-81898,J-2025-03779,2025-07-21,21,2025-07-31,True,
SH-81899,J-2025-03780,2025-07-21,18,2025-07-31,True,
SH-81900,J-2025-03782,2025-07-11,3,2025-07-17,True,
SH-81901,J-2025-03784,2025-07-10,126,2025-07-28,True,
SH-81902,J-2025-03785,2025-07-10,1,2025-07-18,True,
SH-81903,J-2025-03787,2025-07-25,34,2025-08-12,True,
SH-81904,J-2025-03789,2025-07-16,4,2025-07-28,True,
SH-81905,J-2025-03791,2025-07-16,72,2025-08-15,True,
SH-81906,J-2025-03793,2025-07-09,25,2025-07-09,True,
SH-81907,J-2025-03794,2025-07-22,35,2025-07-31,True,
SH-81908,J-2025-03795,2025-07-14,100,2025-07-21,True,
SH-81909,J-2025-03796,2025-07-17,96,2025-07-25,True,
SH-81910,J-2025-03798,2025-07-16,9,2025-07-24,True,
SH-81911,J-2025-03799,2025-07-16,185,2025-08-04,True,
SH-81912,J-2025-03800,2025-07-15,12,2025-07-24,True,
SH-81913,J-2025-03802,2025-07-24,23,2025-07-21,False,
SH-81914,J-2025-03804,2025-07-24,63,2025-07-25,True,
SH-81915,J-2025-03805,2025-08-01,3,2025-08-01,True,
SH-81916,J-2025-03807,2025-07-15,50,2025-07-28,True,
SH-81917,J-2025-03809,2025-07-08,9,2025-07-15,True,
SH-81918,J-2025-03810,2025-07-16,33,2025-07-28,True,
SH-81919,J-2025-03811,2025-07-16,9,2025-07-25,True,
SH-81920,J-2025-03813,2025-07-15,34,2025-07-29,True,
SH-81921,J-2025-03815,2025-07-21,6,2025-08-04,True,
SH-81922,J-2025-03817,2025-07-16,7,2025-08-04,True,
SH-81923,J-2025-03818,2025-07-15,5,2025-07-25,True,
SH-81924,J-2025-03819,2025-08-07,30,2025-08-04,False,capacity
SH-81925,J-2025-03820,2025-07-21,10,2025-07-31,True,
SH-81926,J-2025-03821,2025-07-30,9,2025-08-07,True,
SH-81927,J-2025-03822,2025-07-29,6,2025-07-28,False,material
SH-81928,J-2025-03824,2025-07-11,3,2025-07-16,True,
SH-81929,J-2025-03825,2025-07-29,77,2025-07-17,False,capacity
SH-81930,J-2025-03827,2025-07-30,22,2025-07-31,True,
SH-81931,J-2025-03828,2025-08-05,26,2025-08-11,True,
SH-81932,J-2025-03829,2025-07-17,15,2025-07-21,True,
SH-81933,J-2025-03830,2025-07-15,66,2025-07-15,True,
SH-81934,J-2025-03832,2025-07-21,38,2025-07-16,False,
SH-81935,J-2025-03834,2025-07-24,91,2025-08-05,True,
SH-81936,J-2025-03835,2025-07-11,28,2025-07-15,True,
SH-81937,J-2025-03836,2025-07-25,22,2025-08-04,True,
SH-81938,J-2025-03837,2025-07-17,21,2025-07-11,False,outside processing
SH-81939,J-2025-03839,2025-07-11,114,2025-08-04,True,
SH-81940,J-2025-03840,2025-07-16,100,2025-07-21,True,
SH-81941,J-2025-03842,2025-07-17,22,2025-08-06,True,
SH-81942,J-2025-03844,2025-07-14,11,2025-07-24,True,
SH-81943,J-2025-03846,2025-07-22,45,2025-07-16,False,other
SH-81944,J-2025-03848,2025-07-16,49,2025-08-05,True,
SH-81945,J-2025-03849,2025-07-25,24,2025-08-05,True,
SH-81946,J-2025-03850,2025-07-22,34,2025-08-05,True,
SH-81947,J-2025-03852,2025-07-29,51,2025-07-28,False,
SH-81948,J-2025-03854,2025-07-21,5,2025-08-07,True,
SH-81949,J-2025-03856,2025-07-25,19,2025-07-25,True,
SH-81950,J-2025-03857,2025-07-24,93,2025-08-01,True,
SH-81951,J-2025-03859,2025-07-30,35,2025-07-31,True,
SH-81952,J-2025-03860,2025-07-21,164,2025-08-05,True,
SH-81953,J-2025-03862,2025-07-28,6,2025-08-05,True,
SH-81954,J-2025-03864,2025-07-21,20,2025-08-01,True,
SH-81955,J-2025-03866,2025-07-16,78,2025-07-29,True,
SH-81956,J-2025-03868,2025-07-30,43,2025-07-31,True,
SH-81957,J-2025-03869,2025-07-22,3,2025-08-19,True,
SH-81958,J-2025-03870,2025-07-17,38,2025-07-22,True,
SH-81959,J-2025-03872,2025-07-16,12,2025-08-01,True,
SH-81960,J-2025-03873,2025-07-16,8,2025-07-30,True,
SH-81961,J-2025-03874,2025-07-16,24,2025-07-17,True,
SH-81962,J-2025-03875,2025-07-15,48,2025-07-18,True,
SH-81963,J-2025-03877,2025-07-23,41,2025-07-30,True,
SH-81964,J-2025-03879,2025-07-14,9,2025-07-29,True,
SH-81965,J-2025-03881,2025-08-01,95,2025-08-07,True,
SH-81966,J-2025-03883,2025-08-01,24,2025-08-06,True,
SH-81967,J-2025-03884,2025-07-16,17,2025-08-01,True,
SH-81968,J-2025-03886,2025-07-17,6,2025-07-31,True,
SH-81969,J-2025-03888,2025-07-25,5,2025-08-08,True,
SH-81970,J-2025-03889,2025-08-01,4,2025-08-04,True,
SH-81971,J-2025-03891,2025-07-31,114,2025-07-23,False,
SH-81972,J-2025-03893,2025-07-16,6,2025-08-08,True,
SH-81973,J-2025-03894,2025-07-16,59,2025-07-24,True,
SH-81974,J-2025-03896,2025-08-06,122,2025-08-08,True,
SH-81975,J-2025-03897,2025-07-17,12,2025-07-29,True,
SH-81976,J-2025-03898,2025-07-30,17,2025-08-12,True,
SH-81977,J-2025-03899,2025-07-28,1,2025-08-06,True,
SH-81978,J-2025-03901,2025-07-17,19,2025-08-14,True,
SH-81979,J-2025-03903,2025-07-22,133,2025-07-29,True,
SH-81980,J-2025-03905,2025-07-29,17,2025-07-18,False,other
SH-81981,J-2025-03906,2025-07-16,25,2025-07-31,True,
SH-81982,J-2025-03908,2025-07-16,8,2025-07-29,True,
SH-81983,J-2025-03910,2025-07-18,18,2025-07-28,True,
SH-81984,J-2025-03912,2025-07-17,18,2025-07-30,True,
SH-81985,J-2025-03914,2025-07-25,15,2025-08-11,True,
SH-81986,J-2025-03915,2025-07-15,35,2025-07-18,True,
SH-81987,J-2025-03916,2025-07-31,30,2025-08-08,True,
SH-81988,J-2025-03917,2025-07-16,14,2025-07-25,True,
SH-81989,J-2025-03918,2025-08-13,78,2025-08-08,False,material
SH-81990,J-2025-03919,2025-07-22,5,2025-08-05,True,
SH-81991,J-2025-03920,2025-07-29,9,2025-08-05,True,
SH-81992,J-2025-03922,2025-07-21,31,2025-08-06,True,
SH-81993,J-2025-03924,2025-07-23,36,2025-08-06,True,
SH-81994,J-2025-03925,2025-08-05,22,2025-08-11,True,
SH-81995,J-2025-03926,2025-07-21,16,2025-08-04,True,
SH-81996,J-2025-03928,2025-07-28,16,2025-08-11,True,
SH-81997,J-2025-03930,2025-07-21,70,2025-08-08,True,
SH-81998,J-2025-03931,2025-07-22,29,2025-07-24,True,
SH-81999,J-2025-03932,2025-07-17,4,2025-07-28,True,
SH-82000,J-2025-03933,2025-07-28,30,2025-07-23,False,capacity
SH-82001,J-2025-03934,2025-07-25,5,2025-08-18,True,
SH-82002,J-2025-03935,2025-07-17,65,2025-07-21,True,
SH-82003,J-2025-03936,2025-07-21,6,2025-07-23,True,
SH-82004,J-2025-03937,2025-08-01,73,2025-07-30,False,other
SH-82005,J-2025-03938,2025-07-21,14,2025-07-28,True,
SH-82006,J-2025-03940,2025-07-23,86,2025-07-31,True,
SH-82007,J-2025-03941,2025-07-16,21,2025-07-28,True,
SH-82008,J-2025-03943,2025-07-17,12,2025-08-06,True,
SH-82009,J-2025-03945,2025-07-23,56,2025-07-29,True,
SH-82010,J-2025-03947,2025-07-23,181,2025-08-18,True,
SH-82011,J-2025-03949,2025-08-01,20,2025-08-06,True,
SH-82012,J-2025-03951,2025-07-25,8,2025-08-15,True,
SH-82013,J-2025-03953,2025-07-30,38,2025-08-04,True,
SH-82014,J-2025-03955,2025-08-04,87,2025-08-04,True,
SH-82015,J-2025-03957,2025-07-22,17,2025-08-11,True,
SH-82016,J-2025-03959,2025-07-22,26,2025-08-04,True,
SH-82017,J-2025-03961,2025-08-04,8,2025-08-11,True,
SH-82018,J-2025-03963,2025-07-29,72,2025-07-22,False,customer change
SH-82019,J-2025-03965,2025-07-29,7,2025-07-28,False,capacity
SH-82020,J-2025-03967,2025-08-04,75,2025-08-12,True,
SH-82021,J-2025-03969,2025-07-24,410,2025-07-29,True,
SH-82022,J-2025-03970,2025-07-30,62,2025-08-20,True,
SH-82023,J-2025-03972,2025-07-24,94,2025-07-29,True,
SH-82024,J-2025-03974,2025-07-29,88,2025-07-29,True,
SH-82025,J-2025-03975,2025-08-05,32,2025-08-12,True,
SH-82026,J-2025-03977,2025-07-22,11,2025-08-12,True,
SH-82027,J-2025-03979,2025-07-25,55,2025-08-11,True,
SH-82028,J-2025-03980,2025-07-31,59,2025-08-12,True,
SH-82029,J-2025-03981,2025-08-06,10,2025-08-08,True,
SH-82030,J-2025-03982,2025-07-21,13,2025-07-30,True,
SH-82031,J-2025-03984,2025-08-01,106,2025-08-12,True,
SH-82032,J-2025-03986,2025-07-31,5,2025-08-01,True,
SH-82033,J-2025-03987,2025-07-31,37,2025-08-12,True,
SH-82034,J-2025-03988,2025-08-05,34,2025-08-12,True,
SH-82035,J-2025-03990,2025-08-04,64,2025-08-04,True,
SH-82036,J-2025-03992,2025-07-30,31,2025-07-31,True,
SH-82037,J-2025-03994,2025-07-29,339,2025-08-06,True,
SH-82038,J-2025-03996,2025-08-15,26,2025-08-12,False,capacity
SH-82039,J-2025-03998,2025-07-23,26,2025-08-04,True,
SH-82040,J-2025-04000,2025-07-21,41,2025-07-24,True,
SH-82041,J-2025-04001,2025-07-25,54,2025-08-04,True,
SH-82042,J-2025-04003,2025-07-30,10,2025-08-11,True,
SH-82043,J-2025-04004,2025-07-25,34,2025-08-08,True,
SH-82044,J-2025-04006,2025-07-29,16,2025-08-04,True,
SH-82045,J-2025-04008,2025-07-23,72,2025-08-05,True,
SH-82046,J-2025-04010,2025-08-04,4,2025-08-05,True,
SH-82047,J-2025-04011,2025-07-22,30,2025-07-23,True,
SH-82048,J-2025-04013,2025-08-12,349,2025-07-22,False,
SH-82049,J-2025-04014,2025-07-22,50,2025-08-01,True,
SH-82050,J-2025-04015,2025-08-01,15,2025-07-31,False,
SH-82051,J-2025-04016,2025-08-08,393,2025-08-13,True,
SH-82052,J-2025-04018,2025-07-24,28,2025-08-04,True,
SH-82053,J-2025-04020,2025-07-29,47,2025-08-07,True,
SH-82054,J-2025-04022,2025-07-30,417,2025-08-07,True,
SH-82055,J-2025-04023,2025-08-04,58,2025-08-07,True,
SH-82056,J-2025-04025,2025-07-23,11,2025-07-23,True,
SH-82057,J-2025-04026,2025-08-07,346,2025-08-14,True,
SH-82058,J-2025-04027,2025-07-24,47,2025-07-24,True,
SH-82059,J-2025-04028,2025-07-24,10,2025-08-06,True,
SH-82060,J-2025-04030,2025-07-30,41,2025-08-12,True,
SH-82061,J-2025-04031,2025-08-01,13,2025-07-31,False,material
SH-82062,J-2025-04032,2025-08-05,9,2025-07-30,False,other
SH-82063,J-2025-04033,2025-07-30,14,2025-08-14,True,
SH-82064,J-2025-04034,2025-07-29,18,2025-07-31,True,
SH-82065,J-2025-04036,2025-07-31,16,2025-08-07,True,
SH-82066,J-2025-04038,2025-07-23,32,2025-07-24,True,
SH-82067,J-2025-04039,2025-07-28,44,2025-08-08,True,
SH-82068,J-2025-04041,2025-08-13,20,2025-08-29,True,
SH-82069,J-2025-04042,2025-07-24,74,2025-07-25,True,
SH-82070,J-2025-04043,2025-07-24,74,2025-08-04,True,
SH-82071,J-2025-04045,2025-07-30,15,2025-08-07,True,
SH-82072,J-2025-04046,2025-08-14,500,2025-08-15,True,
SH-82073,J-2025-04048,2025-08-06,6,2025-08-14,True,
SH-82074,J-2025-04049,2025-07-23,10,2025-07-25,True,
SH-82075,J-2025-04050,2025-08-15,2,2025-08-19,True,
SH-82076,J-2025-04052,2025-08-06,9,2025-08-05,False,other
SH-82077,J-2025-04054,2025-08-07,43,2025-08-08,True,
SH-82078,J-2025-04056,2025-07-25,130,2025-08-08,True,
SH-82079,J-2025-04057,2025-07-28,24,2025-08-20,True,
SH-82080,J-2025-04059,2025-08-01,25,2025-07-25,False,customer change
SH-82081,J-2025-04060,2025-07-24,9,2025-07-25,True,
SH-82082,J-2025-04061,2025-07-29,23,2025-08-04,True,
SH-82083,J-2025-04063,2025-07-30,5,2025-08-04,True,
SH-82084,J-2025-04064,2025-07-30,12,2025-08-12,True,
SH-82085,J-2025-04065,2025-07-25,33,2025-07-29,True,
SH-82086,J-2025-04066,2025-07-25,44,2025-08-11,True,
SH-82087,J-2025-04068,2025-08-01,11,2025-08-28,True,
SH-82088,J-2025-04070,2025-07-24,7,2025-08-07,True,
SH-82089,J-2025-04072,2025-07-31,9,2025-08-05,True,
SH-82090,J-2025-04074,2025-08-06,101,2025-08-12,True,
SH-82091,J-2025-04076,2025-07-29,38,2025-08-06,True,
SH-82092,J-2025-04078,2025-07-29,51,2025-07-28,False,capacity
SH-82093,J-2025-04080,2025-07-25,115,2025-08-15,True,
SH-82094,J-2025-04081,2025-07-31,141,2025-08-20,True,
SH-82095,J-2025-04082,2025-08-20,25,2025-09-08,True,
SH-82096,J-2025-04084,2025-08-15,6,2025-08-20,True,
SH-82097,J-2025-04086,2025-07-28,9,2025-08-01,True,
SH-82098,J-2025-04088,2025-07-28,127,2025-08-11,True,
SH-82099,J-2025-04089,2025-08-19,56,2025-08-22,True,
SH-82100,J-2025-04091,2025-07-29,70,2025-08-21,True,
SH-82101,J-2025-04093,2025-07-25,36,2025-08-08,True,
SH-82102,J-2025-04094,2025-08-08,47,2025-08-13,True,
SH-82103,J-2025-04095,2025-08-08,194,2025-08-19,True,
SH-82104,J-2025-04096,2025-07-30,8,2025-08-07,True,
SH-82105,J-2025-04097,2025-08-06,65,2025-08-19,True,
SH-82106,J-2025-04099,2025-07-30,13,2025-08-18,True,
SH-82107,J-2025-04100,2025-08-04,33,2025-08-12,True,
SH-82108,J-2025-04102,2025-08-07,500,2025-08-15,True,
SH-82109,J-2025-04103,2025-08-07,41,2025-08-12,True,
SH-82110,J-2025-04104,2025-08-13,50,2025-08-19,True,
SH-82111,J-2025-04105,2025-08-05,127,2025-08-12,True,
SH-82112,J-2025-04107,2025-07-29,5,2025-08-05,True,
SH-82113,J-2025-04109,2025-08-11,34,2025-08-27,True,
SH-82114,J-2025-04110,2025-07-30,15,2025-08-13,True,
SH-82115,J-2025-04112,2025-08-11,7,2025-09-02,True,
SH-82116,J-2025-04114,2025-08-01,125,2025-08-13,True,
SH-82117,J-2025-04116,2025-07-29,41,2025-08-07,True,
SH-82118,J-2025-04117,2025-07-30,120,2025-08-08,True,
SH-82119,J-2025-04118,2025-08-05,13,2025-08-12,True,
SH-82120,J-2025-04120,2025-07-29,11,2025-08-06,True,
SH-82121,J-2025-04122,2025-07-30,11,2025-08-08,True,
SH-82122,J-2025-04123,2025-08-01,23,2025-08-01,True,
SH-82123,J-2025-04124,2025-07-30,14,2025-07-31,True,
SH-82124,J-2025-04126,2025-07-31,8,2025-08-12,True,
SH-82125,J-2025-04128,2025-08-01,134,2025-08-13,True,
SH-82126,J-2025-04129,2025-08-08,6,2025-09-08,True,
SH-82127,J-2025-04130,2025-07-29,10,2025-08-06,True,
SH-82128,J-2025-04132,2025-07-30,37,2025-08-08,True,
SH-82129,J-2025-04133,2025-07-30,40,2025-08-14,True,
SH-82130,J-2025-04135,2025-08-19,318,2025-09-03,True,
SH-82131,J-2025-04136,2025-08-04,36,2025-08-22,True,
SH-82132,J-2025-04138,2025-08-01,58,2025-08-14,True,
SH-82133,J-2025-04139,2025-08-01,18,2025-08-21,True,
SH-82134,J-2025-04140,2025-07-30,64,2025-08-11,True,
SH-82135,J-2025-04142,2025-08-11,42,2025-09-02,True,
SH-82136,J-2025-04143,2025-08-11,8,2025-08-26,True,
SH-82137,J-2025-04144,2025-07-30,15,2025-08-01,True,
SH-82138,J-2025-04146,2025-08-07,5,2025-08-15,True,
SH-82139,J-2025-04147,2025-07-31,6,2025-08-05,True,
SH-82140,J-2025-04148,2025-08-27,112,2025-08-26,False,capacity
SH-82141,J-2025-04150,2025-08-07,41,2025-08-11,True,
SH-82142,J-2025-04151,2025-08-01,26,2025-08-28,True,
SH-82143,J-2025-04153,2025-08-04,44,2025-08-21,True,
SH-82144,J-2025-04154,2025-08-06,77,2025-08-21,True,
SH-82145,J-2025-04155,2025-08-01,20,2025-08-18,True,
SH-82146,J-2025-04157,2025-07-30,118,2025-08-20,True,
SH-82147,J-2025-04158,2025-08-05,1,2025-08-22,True,
SH-82148,J-2025-04159,2025-08-07,59,2025-08-26,True,
SH-82149,J-2025-04161,2025-08-07,11,2025-09-11,True,
SH-82150,J-2025-04163,2025-08-06,63,2025-08-14,True,
SH-82151,J-2025-04164,2025-08-15,17,2025-08-25,True,
SH-82152,J-2025-04166,2025-08-14,16,2025-09-12,True,
SH-82153,J-2025-04168,2025-08-05,31,2025-08-21,True,
SH-82154,J-2025-04170,2025-08-12,13,2025-08-27,True,
SH-82155,J-2025-04171,2025-08-01,75,2025-08-19,True,
SH-82156,J-2025-04172,2025-07-31,4,2025-08-13,True,
SH-82157,J-2025-04173,2025-08-01,11,2025-08-01,True,
SH-82158,J-2025-04175,2025-08-01,36,2025-08-12,True,
SH-82159,J-2025-04177,2025-07-31,50,2025-08-07,True,
SH-82160,J-2025-04178,2025-08-15,432,2025-08-14,False,
SH-82161,J-2025-04180,2025-08-07,18,2025-08-12,True,
SH-82162,J-2025-04181,2025-08-07,29,2025-08-14,True,
SH-82163,J-2025-04183,2025-08-15,11,2025-08-25,True,
SH-82164,J-2025-04185,2025-07-31,117,2025-08-12,True,
SH-82165,J-2025-04187,2025-08-04,158,2025-08-14,True,
SH-82166,J-2025-04188,2025-08-15,7,2025-08-25,True,
SH-82167,J-2025-04189,2025-08-01,16,2025-08-06,True,
SH-82168,J-2025-04191,2025-08-18,34,2025-08-25,True,
SH-82169,J-2025-04193,2025-08-18,2,2025-08-08,False,
SH-82170,J-2025-04195,2025-08-19,221,2025-08-06,False,
SH-82171,J-2025-04196,2025-08-22,24,2025-08-28,True,
SH-82172,J-2025-04198,2025-08-22,125,2025-08-25,True,
SH-82173,J-2025-04200,2025-08-05,11,2025-08-05,True,
SH-82174,J-2025-04201,2025-08-20,26,2025-08-27,True,
SH-82175,J-2025-04202,2025-08-21,29,2025-08-25,True,
SH-82176,J-2025-04203,2025-08-08,4,2025-08-25,True,
SH-82177,J-2025-04205,2025-07-31,47,2025-08-11,True,
SH-82178,J-2025-04207,2025-08-12,14,2025-08-04,False,capacity
SH-82179,J-2025-04208,2025-08-05,13,2025-08-29,True,
SH-82180,J-2025-04209,2025-08-15,2,2025-08-20,True,
SH-82181,J-2025-04210,2025-08-07,14,2025-08-26,True,
SH-82182,J-2025-04212,2025-08-15,71,2025-08-26,True,
SH-82183,J-2025-04213,2025-08-06,20,2025-08-20,True,
SH-82184,J-2025-04215,2025-09-02,20,2025-09-08,True,
SH-82185,J-2025-04217,2025-08-12,161,2025-08-12,True,
SH-82186,J-2025-04218,2025-08-11,44,2025-09-03,True,
SH-82187,J-2025-04220,2025-08-13,39,2025-08-26,True,
SH-82188,J-2025-04222,2025-08-19,324,2025-08-25,True,
SH-82189,J-2025-04223,2025-08-08,49,2025-08-25,True,
SH-82190,J-2025-04225,2025-08-06,19,2025-08-12,True,
SH-82191,J-2025-04226,2025-08-08,27,2025-08-26,True,
SH-82192,J-2025-04227,2025-08-20,10,2025-08-29,True,
SH-82193,J-2025-04229,2025-08-05,96,2025-08-20,True,
SH-82194,J-2025-04231,2025-08-01,19,2025-08-06,True,
SH-82195,J-2025-04232,2025-08-12,27,2025-08-26,True,
SH-82196,J-2025-04233,2025-08-06,5,2025-08-13,True,
SH-82197,J-2025-04234,2025-08-04,105,2025-08-22,True,
SH-82198,J-2025-04235,2025-08-05,6,2025-08-27,True,
SH-82199,J-2025-04237,2025-08-11,137,2025-08-26,True,
SH-82200,J-2025-04238,2025-08-20,38,2025-09-04,True,
SH-82201,J-2025-04240,2025-08-04,20,2025-08-07,True,
SH-82202,J-2025-04241,2025-08-05,9,2025-08-13,True,
SH-82203,J-2025-04243,2025-08-08,41,2025-08-13,True,
SH-82204,J-2025-04244,2025-08-22,10,2025-08-27,True,
SH-82205,J-2025-04245,2025-08-04,186,2025-08-20,True,
SH-82206,J-2025-04246,2025-08-27,32,2025-08-21,False,other
SH-82207,J-2025-04248,2025-08-11,8,2025-09-03,True,
SH-82208,J-2025-04249,2025-08-06,17,2025-08-06,True,
SH-82209,J-2025-04251,2025-08-07,20,2025-08-20,True,
SH-82210,J-2025-04252,2025-08-07,19,2025-08-28,True,
SH-82211,J-2025-04253,2025-08-05,5,2025-08-08,True,
SH-82212,J-2025-04254,2025-08-06,9,2025-08-14,True,
SH-82213,J-2025-04255,2025-08-19,113,2025-08-27,True,
SH-82214,J-2025-04256,2025-08-08,12,2025-08-18,True,
SH-82215,J-2025-04258,2025-08-07,39,2025-08-18,True,
SH-82216,J-2025-04260,2025-08-15,116,2025-09-11,True,
SH-82217,J-2025-04262,2025-08-06,2,2025-08-11,True,
SH-82218,J-2025-04264,2025-08-13,4,2025-08-06,False,capacity
SH-82219,J-2025-04265,2025-08-20,42,2025-08-21,True,
SH-82220,J-2025-04267,2025-08-12,21,2025-09-23,True,
SH-82221,J-2025-04269,2025-08-07,7,2025-08-08,True,
SH-82222,J-2025-04270,2025-08-19,17,2025-08-18,False,customer change
SH-82223,J-2025-04272,2025-08-15,7,2025-08-22,True,
SH-82224,J-2025-04273,2025-08-04,5,2025-08-08,True,
SH-82225,J-2025-04274,2025-08-07,171,2025-08-22,True,
SH-82226,J-2025-04275,2025-08-06,33,2025-08-12,True,
SH-82227,J-2025-04276,2025-08-19,10,2025-08-22,True,
SH-82228,J-2025-04277,2025-08-13,135,2025-08-15,True,
SH-82229,J-2025-04278,2025-08-07,56,2025-08-22,True,
SH-82230,J-2025-04280,2025-08-11,8,2025-08-21,True,
SH-82231,J-2025-04281,2025-08-06,12,2025-08-11,True,
SH-82232,J-2025-04283,2025-08-22,47,2025-08-22,True,
SH-82233,J-2025-04285,2025-08-15,161,2025-08-18,True,
SH-82234,J-2025-04286,2025-08-20,27,2025-09-02,True,
SH-82235,J-2025-04288,2025-08-15,449,2025-08-27,True,
SH-82236,J-2025-04290,2025-08-06,33,2025-08-19,True,
SH-82237,J-2025-04291,2025-08-20,22,2025-08-29,True,
SH-82238,J-2025-04293,2025-08-21,6,2025-08-29,True,
SH-82239,J-2025-04295,2025-08-19,12,2025-08-29,True,
SH-82240,J-2025-04297,2025-08-07,32,2025-08-08,True,
SH-82241,J-2025-04298,2025-08-13,54,2025-08-19,True,
SH-82242,J-2025-04299,2025-08-22,1,2025-09-03,True,
SH-82243,J-2025-04301,2025-08-18,4,2025-08-22,True,
SH-82244,J-2025-04303,2025-08-07,36,2025-08-18,True,
SH-82245,J-2025-04305,2025-08-15,4,2025-08-25,True,
SH-82246,J-2025-04307,2025-08-20,182,2025-08-28,True,
SH-82247,J-2025-04308,2025-08-18,14,2025-08-28,True,
SH-82248,J-2025-04310,2025-08-12,30,2025-08-25,True,
SH-82249,J-2025-04312,2025-08-13,38,2025-08-19,True,
SH-82250,J-2025-04313,2025-08-20,27,2025-08-27,True,
SH-82251,J-2025-04314,2025-08-20,129,2025-08-18,False,
SH-82252,J-2025-04315,2025-08-08,23,2025-08-26,True,
SH-82253,J-2025-04317,2025-08-14,116,2025-08-14,True,
SH-82254,J-2025-04318,2025-08-20,13,2025-09-03,True,
SH-82255,J-2025-04320,2025-08-20,76,2025-08-22,True,
SH-82256,J-2025-04321,2025-09-11,67,2025-09-16,True,
SH-82257,J-2025-04323,2025-08-20,48,2025-08-27,True,
SH-82258,J-2025-04324,2025-08-11,157,2025-08-11,True,
SH-82259,J-2025-04325,2025-08-13,7,2025-08-18,True,
SH-82260,J-2025-04326,2025-08-15,5,2025-09-02,True,
SH-82261,J-2025-04328,2025-08-14,84,2025-08-18,True,
SH-82262,J-2025-04330,2025-08-15,125,2025-08-19,True,
SH-82263,J-2025-04332,2025-08-15,30,2025-08-27,True,
SH-82264,J-2025-04334,2025-08-18,9,2025-08-18,True,
SH-82265,J-2025-04336,2025-08-18,20,2025-08-25,True,
SH-82266,J-2025-04337,2025-08-18,41,2025-08-18,True,
SH-82267,J-2025-04339,2025-08-29,97,2025-09-25,True,
SH-82268,J-2025-04341,2025-08-11,29,2025-09-02,True,
SH-82269,J-2025-04343,2025-08-11,25,2025-08-14,True,
SH-82270,J-2025-04345,2025-08-15,56,2025-08-20,True,
SH-82271,J-2025-04347,2025-08-13,500,2025-08-20,True,
SH-82272,J-2025-04349,2025-08-20,89,2025-08-19,False,
SH-82273,J-2025-04351,2025-08-11,18,2025-08-21,True,
SH-82274,J-2025-04353,2025-08-14,4,2025-08-18,True,
SH-82275,J-2025-04355,2025-08-13,3,2025-08-12,False,other
SH-82276,J-2025-04356,2025-08-21,13,2025-09-02,True,
SH-82277,J-2025-04357,2025-08-15,28,2025-08-19,True,
SH-82278,J-2025-04359,2025-08-20,3,2025-09-03,True,
SH-82279,J-2025-04360,2025-08-20,100,2025-09-02,True,
SH-82280,J-2025-04361,2025-08-18,17,2025-08-28,True,
SH-82281,J-2025-04362,2025-08-12,38,2025-08-27,True,
SH-82282,J-2025-04363,2025-08-18,169,2025-08-21,True,
SH-82283,J-2025-04364,2025-08-18,46,2025-08-19,True,
SH-82284,J-2025-04366,2025-08-22,12,2025-09-04,True,
SH-82285,J-2025-04367,2025-08-29,5,2025-09-22,True,
SH-82286,J-2025-04368,2025-08-28,18,2025-09-16,True,
SH-82287,J-2025-04369,2025-08-19,9,2025-08-25,True,
SH-82288,J-2025-04371,2025-08-22,1,2025-09-10,True,
SH-82289,J-2025-04372,2025-08-12,10,2025-08-15,True,
SH-82290,J-2025-04373,2025-08-18,96,2025-08-26,True,
SH-82291,J-2025-04375,2025-09-05,64,2025-09-10,True,
SH-82292,J-2025-04376,2025-08-25,212,2025-09-08,True,
SH-82293,J-2025-04378,2025-08-15,4,2025-08-27,True,
SH-82294,J-2025-04379,2025-09-10,3,2025-09-11,True,
SH-82295,J-2025-04381,2025-08-18,49,2025-08-18,True,
SH-82296,J-2025-04382,2025-08-27,29,2025-09-04,True,
SH-82297,J-2025-04383,2025-09-04,38,2025-09-05,True,
SH-82298,J-2025-04384,2025-08-19,92,2025-08-26,True,
SH-82299,J-2025-04385,2025-08-13,18,2025-08-18,True,
SH-82300,J-2025-04386,2025-08-20,39,2025-09-09,True,
SH-82301,J-2025-04387,2025-08-15,245,2025-08-20,True,
SH-82302,J-2025-04388,2025-08-20,14,2025-08-21,True,
SH-82303,J-2025-04389,2025-08-21,28,2025-08-26,True,
SH-82304,J-2025-04390,2025-08-27,78,2025-08-25,False,material
SH-82305,J-2025-04391,2025-08-22,81,2025-09-08,True,
SH-82306,J-2025-04393,2025-08-19,49,2025-08-25,True,
SH-82307,J-2025-04394,2025-08-27,11,2025-09-04,True,
SH-82308,J-2025-04395,2025-09-02,52,2025-09-11,True,
SH-82309,J-2025-04397,2025-08-19,54,2025-08-28,True,
SH-82310,J-2025-04398,2025-08-21,60,2025-09-05,True,
SH-82311,J-2025-04399,2025-09-02,47,2025-09-16,True,
SH-82312,J-2025-04400,2025-08-22,4,2025-09-03,True,
SH-82313,J-2025-04401,2025-08-25,8,2025-08-27,True,
SH-82314,J-2025-04403,2025-09-09,321,2025-09-12,True,
SH-82315,J-2025-04405,2025-08-21,22,2025-08-29,True,
SH-82316,J-2025-04407,2025-08-13,56,2025-08-25,True,
SH-82317,J-2025-04409,2025-08-20,87,2025-09-04,True,
SH-82318,J-2025-04411,2025-08-25,12,2025-09-10,True,
SH-82319,J-2025-04413,2025-08-20,33,2025-08-21,True,
SH-82320,J-2025-04414,2025-08-12,39,2025-08-15,True,
SH-82321,J-2025-04415,2025-08-15,12,2025-08-21,True,
SH-82322,J-2025-04416,2025-08-20,39,2025-08-29,True,
SH-82323,J-2025-04418,2025-08-18,4,2025-08-20,True,
SH-82324,J-2025-04420,2025-08-25,9,2025-09-08,True,
SH-82325,J-2025-04422,2025-09-02,37,2025-09-04,True,
SH-82326,J-2025-04423,2025-08-21,24,2025-09-08,True,
SH-82327,J-2025-04424,2025-08-22,9,2025-08-29,True,
SH-82328,J-2025-04426,2025-08-25,113,2025-09-10,True,
SH-82329,J-2025-04428,2025-08-22,14,2025-09-09,True,
SH-82330,J-2025-04429,2025-08-20,29,2025-09-03,True,
SH-82331,J-2025-04431,2025-08-18,21,2025-08-21,True,
SH-82332,J-2025-04433,2025-08-21,6,2025-09-05,True,
SH-82333,J-2025-04434,2025-08-13,20,2025-08-18,True,
SH-82334,J-2025-04436,2025-08-29,26,2025-09-08,True,
SH-82335,J-2025-04438,2025-08-21,15,2025-09-02,True,
SH-82336,J-2025-04440,2025-08-19,6,2025-08-25,True,
SH-82337,J-2025-04441,2025-08-25,23,2025-09-16,True,
SH-82338,J-2025-04443,2025-08-19,32,2025-08-27,True,
SH-82339,J-2025-04444,2025-08-22,187,2025-09-12,True,
SH-82340,J-2025-04445,2025-08-25,118,2025-09-19,True,
SH-82341,J-2025-04446,2025-08-20,8,2025-08-19,False,outside processing
SH-82342,J-2025-04447,2025-08-19,107,2025-08-27,True,
SH-82343,J-2025-04448,2025-08-22,13,2025-09-09,True,
SH-82344,J-2025-04450,2025-08-21,53,2025-09-08,True,
SH-82345,J-2025-04452,2025-08-15,25,2025-08-20,True,
SH-82346,J-2025-04453,2025-08-20,6,2025-09-04,True,
SH-82347,J-2025-04455,2025-08-21,25,2025-09-09,True,
SH-82348,J-2025-04456,2025-08-14,17,2025-08-18,True,
SH-82349,J-2025-04458,2025-08-20,59,2025-08-28,True,
SH-82350,J-2025-04460,2025-08-20,21,2025-08-21,True,
SH-82351,J-2025-04461,2025-08-21,6,2025-08-28,True,
SH-82352,J-2025-04462,2025-08-21,12,2025-09-09,True,
SH-82353,J-2025-04464,2025-08-21,56,2025-08-28,True,
SH-82354,J-2025-04466,2025-08-26,26,2025-09-26,True,
SH-82355,J-2025-04467,2025-08-21,225,2025-08-27,True,
SH-82356,J-2025-04468,2025-08-25,17,2025-08-28,True,
SH-82357,J-2025-04469,2025-08-18,45,2025-08-20,True,
SH-82358,J-2025-04471,2025-08-26,6,2025-08-27,True,
SH-82359,J-2025-04472,2025-08-26,4,2025-09-10,True,
SH-82360,J-2025-04474,2025-09-04,163,2025-10-09,True,
SH-82361,J-2025-04475,2025-08-18,3,2025-08-27,True,
SH-82362,J-2025-04477,2025-09-05,12,2025-09-09,True,
SH-82363,J-2025-04479,2025-08-21,27,2025-09-04,True,
SH-82364,J-2025-04480,2025-08-19,5,2025-08-29,True,
SH-82365,J-2025-04481,2025-08-28,61,2025-09-04,True,
SH-82366,J-2025-04482,2025-08-18,21,2025-08-25,True,
SH-82367,J-2025-04483,2025-08-25,104,2025-08-18,False,
SH-82368,J-2025-04485,2025-08-27,14,2025-09-09,True,
SH-82369,J-2025-04486,2025-09-05,94,2025-09-09,True,
SH-82370,J-2025-04488,2025-09-03,36,2025-09-10,True,
SH-82371,J-2025-04490,2025-08-20,14,2025-09-03,True,
SH-82372,J-2025-04492,2025-08-25,40,2025-08-27,True,
SH-82373,J-2025-04494,2025-08-26,11,2025-09-10,True,
SH-82374,J-2025-04495,2025-08-21,29,2025-09-04,True,
SH-82375,J-2025-04497,2025-08-20,12,2025-08-19,False,
SH-82376,J-2025-04499,2025-08-19,12,2025-08-26,True,
SH-82377,J-2025-04500,2025-08-26,3,2025-09-10,True,
SH-82378,J-2025-04502,2025-09-02,25,2025-09-18,True,
SH-82379,J-2025-04503,2025-08-26,56,2025-09-12,True,
SH-82380,J-2025-04505,2025-08-18,15,2025-08-26,True,
SH-82381,J-2025-04507,2025-08-15,20,2025-08-19,True,
SH-82382,J-2025-04508,2025-08-26,18,2025-09-25,True,
SH-82383,J-2025-04509,2025-08-20,38,2025-08-20,True,
SH-82384,J-2025-04510,2025-08-19,18,2025-08-27,True,
SH-82385,J-2025-04512,2025-08-22,13,2025-09-03,True,
SH-82386,J-2025-04513,2025-08-29,21,2025-09-17,True,
SH-82387,J-2025-04515,2025-08-22,47,2025-09-16,True,
SH-82388,J-2025-04516,2025-08-18,157,2025-08-20,True,
SH-82389,J-2025-04518,2025-08-21,2,2025-09-09,True,
SH-82390,J-2025-04520,2025-08-21,17,2025-09-15,True,
SH-82391,J-2025-04522,2025-08-19,20,2025-08-26,True,
SH-82392,J-2025-04524,2025-08-19,21,2025-08-20,True,
SH-82393,J-2025-04526,2025-08-20,12,2025-09-02,True,
SH-82394,J-2025-04527,2025-08-26,156,2025-09-10,True,
SH-82395,J-2025-04528,2025-08-21,10,2025-09-03,True,
SH-82396,J-2025-04530,2025-09-04,500,2025-09-11,True,
SH-82397,J-2025-04532,2025-09-08,22,2025-08-20,False,
SH-82398,J-2025-04533,2025-08-25,7,2025-09-04,True,
SH-82399,J-2025-04534,2025-08-28,5,2025-09-17,True,
SH-82400,J-2025-04536,2025-08-25,29,2025-08-28,True,
SH-82401,J-2025-04538,2025-08-19,11,2025-08-28,True,
SH-82402,J-2025-04539,2025-09-04,131,2025-09-10,True,
SH-82403,J-2025-04541,2025-08-27,22,2025-08-22,False,
SH-82404,J-2025-04543,2025-08-21,27,2025-09-08,True,
SH-82405,J-2025-04544,2025-08-20,143,2025-08-22,True,
SH-82406,J-2025-04546,2025-08-25,52,2025-08-25,True,
SH-82407,J-2025-04547,2025-08-26,80,2025-09-12,True,
SH-82408,J-2025-04548,2025-09-17,22,2025-09-18,True,
SH-82409,J-2025-04550,2025-08-21,9,2025-09-02,True,
SH-82410,J-2025-04552,2025-08-26,30,2025-09-11,True,
SH-82411,J-2025-04553,2025-08-26,29,2025-09-03,True,
SH-82412,J-2025-04555,2025-10-21,11,2025-10-01,False,material
SH-82413,J-2025-04556,2025-09-02,16,2025-09-29,True,
SH-82414,J-2025-04558,2025-08-25,92,2025-09-22,True,
SH-82415,J-2025-04559,2025-09-12,34,2025-09-15,True,
SH-82416,J-2025-04561,2025-08-26,54,2025-08-22,False,
SH-82417,J-2025-04563,2025-09-02,48,2025-09-15,True,
SH-82418,J-2025-04565,2025-08-28,12,2025-09-15,True,
SH-82419,J-2025-04567,2025-10-06,441,2025-09-04,False,
SH-82420,J-2025-04568,2025-08-28,9,2025-09-15,True,
SH-82421,J-2025-04570,2025-08-25,3,2025-09-05,True,
SH-82422,J-2025-04571,2025-09-02,5,2025-08-26,False,other
SH-82423,J-2025-04572,2025-08-22,15,2025-08-26,True,
SH-82424,J-2025-04574,2025-08-28,30,2025-09-03,True,
SH-82425,J-2025-04575,2025-08-25,55,2025-09-05,True,
SH-82426,J-2025-04577,2025-08-28,17,2025-09-17,True,
SH-82427,J-2025-04579,2025-08-25,17,2025-09-11,True,
SH-82428,J-2025-04581,2025-08-26,6,2025-09-03,True,
SH-82429,J-2025-04583,2025-08-22,10,2025-09-02,True,
SH-82430,J-2025-04584,2025-08-28,41,2025-09-08,True,
SH-82431,J-2025-04586,2025-08-26,22,2025-09-18,True,
SH-82432,J-2025-04588,2025-09-05,43,2025-09-10,True,
SH-82433,J-2025-04589,2025-09-10,10,2025-09-08,False,material
SH-82434,J-2025-04590,2025-08-22,27,2025-09-03,True,
SH-82435,J-2025-04591,2025-08-22,87,2025-08-25,True,
SH-82436,J-2025-04592,2025-08-26,56,2025-09-04,True,
SH-82437,J-2025-04593,2025-08-26,12,2025-08-25,False,capacity
SH-82438,J-2025-04594,2025-09-15,31,2025-09-05,False,capacity
SH-82439,J-2025-04595,2025-08-29,27,2025-09-05,True,
SH-82440,J-2025-04596,2025-08-25,95,2025-09-04,True,
SH-82441,J-2025-04597,2025-09-08,7,2025-09-05,False,capacity
SH-82442,J-2025-04599,2025-08-28,4,2025-09-03,True,
SH-82443,J-2025-04600,2025-09-12,12,2025-09-16,True,
SH-82444,J-2025-04602,2025-08-29,21,2025-08-25,False,other
SH-82445,J-2025-04604,2025-08-26,15,2025-09-08,True,
SH-82446,J-2025-04606,2025-08-27,32,2025-09-08,True,
SH-82447,J-2025-04607,2025-08-28,25,2025-09-03,True,
SH-82448,J-2025-04609,2025-09-19,8,2025-09-03,False,
SH-82449,J-2025-04610,2025-08-25,61,2025-09-18,True,
SH-82450,J-2025-04612,2025-08-26,41,2025-09-10,True,
SH-82451,J-2025-04613,2025-08-22,100,2025-09-04,True,
SH-82452,J-2025-04614,2025-09-04,4,2025-09-16,True,
SH-82453,J-2025-04616,2025-08-26,11,2025-08-28,True,
SH-82454,J-2025-04617,2025-08-28,9,2025-09-12,True,
SH-82455,J-2025-04619,2025-08-26,2,2025-08-28,True,
SH-82456,J-2025-04620,2025-09-08,6,2025-09-17,True,
SH-82457,J-2025-04622,2025-08-26,4,2025-09-03,True,
SH-82458,J-2025-04623,2025-08-25,5,2025-08-29,True,
SH-82459,J-2025-04624,2025-08-29,177,2025-09-22,True,
SH-82460,J-2025-04626,2025-08-27,9,2025-09-09,True,
SH-82461,J-2025-04628,2025-08-27,134,2025-09-15,True,
SH-82462,J-2025-04630,2025-09-02,5,2025-09-30,True,
SH-82463,J-2025-04632,2025-09-02,44,2025-09-16,True,
SH-82464,J-2025-04634,2025-08-26,32,2025-09-09,True,
SH-82465,J-2025-04636,2025-08-25,21,2025-09-10,True,
SH-82466,J-2025-04637,2025-08-28,118,2025-09-05,True,
SH-82467,J-2025-04639,2025-09-03,11,2025-09-10,True,
SH-82468,J-2025-04640,2025-09-04,139,2025-09-19,True,
SH-82469,J-2025-04642,2025-08-29,21,2025-09-17,True,
SH-82470,J-2025-04643,2025-09-11,29,2025-09-17,True,
SH-82471,J-2025-04644,2025-09-10,7,2025-09-18,True,
SH-82472,J-2025-04646,2025-08-26,13,2025-09-04,True,
SH-82473,J-2025-04648,2025-09-05,63,2025-09-05,True,
SH-82474,J-2025-04650,2025-08-27,8,2025-09-04,True,
SH-82475,J-2025-04652,2025-09-08,43,2025-09-16,True,
SH-82476,J-2025-04653,2025-08-26,37,2025-08-29,True,
SH-82477,J-2025-04655,2025-09-12,16,2025-09-15,True,
SH-82478,J-2025-04656,2025-09-03,48,2025-09-10,True,
SH-82479,J-2025-04657,2025-09-02,22,2025-09-18,True,
SH-82480,J-2025-04659,2025-09-10,10,2025-10-02,True,
SH-82481,J-2025-04660,2025-08-27,83,2025-08-26,False,capacity
SH-82482,J-2025-04661,2025-08-29,224,2025-08-28,False,capacity
SH-82483,J-2025-04663,2025-09-03,27,2025-09-18,True,
SH-82484,J-2025-04664,2025-10-07,44,2025-10-06,False,capacity
SH-82485,J-2025-04665,2025-09-09,112,2025-09-29,True,
SH-82486,J-2025-04667,2025-09-05,80,2025-09-16,True,
SH-82487,J-2025-04669,2025-09-12,104,2025-09-22,True,
SH-82488,J-2025-04671,2025-09-24,10,2025-09-19,False,capacity
SH-82489,J-2025-04673,2025-09-10,7,2025-09-10,True,
SH-82490,J-2025-04674,2025-09-03,6,2025-09-12,True,
SH-82491,J-2025-04676,2025-09-10,102,2025-09-12,True,
SH-82492,J-2025-04677,2025-09-09,37,2025-09-22,True,
SH-82493,J-2025-04679,2025-08-28,9,2025-09-09,True,
SH-82494,J-2025-04681,2025-09-16,97,2025-09-23,True,
SH-82495,J-2025-04682,2025-09-04,33,2025-09-22,True,
SH-82496,J-2025-04684,2025-08-29,14,2025-09-10,True,
SH-82497,J-2025-04685,2025-09-03,52,2025-09-19,True,
SH-82498,J-2025-04686,2025-08-29,38,2025-09-12,True,
SH-82499,J-2025-04688,2025-09-08,117,2025-08-28,False,capacity
SH-82500,J-2025-04690,2025-09-05,205,2025-09-09,True,
SH-82501,J-2025-04691,2025-09-02,122,2025-09-23,True,
SH-82502,J-2025-04692,2025-09-10,36,2025-08-28,False,capacity
SH-82503,J-2025-04694,2025-09-03,44,2025-09-15,True,
SH-82504,J-2025-04696,2025-09-02,87,2025-09-02,True,
SH-82505,J-2025-04698,2025-08-29,14,2025-09-18,True,
SH-82506,J-2025-04699,2025-08-29,6,2025-09-15,True,
SH-82507,J-2025-04700,2025-08-28,27,2025-09-15,True,
SH-82508,J-2025-04701,2025-09-19,9,2025-09-22,True,
SH-82509,J-2025-04702,2025-08-28,17,2025-09-18,True,
SH-82510,J-2025-04704,2025-08-27,16,2025-08-29,True,
SH-82511,J-2025-04706,2025-09-19,70,2025-09-22,True,
SH-82512,J-2025-04707,2025-08-29,61,2025-09-02,True,
SH-82513,J-2025-04708,2025-09-08,85,2025-09-22,True,
SH-82514,J-2025-04710,2025-09-02,51,2025-09-09,True,
SH-82515,J-2025-04712,2025-08-27,25,2025-09-03,True,
SH-82516,J-2025-04713,2025-09-02,5,2025-09-09,True,
SH-82517,J-2025-04715,2025-09-03,18,2025-09-02,False,other
SH-82518,J-2025-04717,2025-09-11,7,2025-09-03,False,material
SH-82519,J-2025-04718,2025-08-28,65,2025-09-15,True,
SH-82520,J-2025-04720,2025-09-12,211,2025-09-16,True,
SH-82521,J-2025-04722,2025-09-11,25,2025-09-17,True,
SH-82522,J-2025-04723,2025-09-12,15,2025-09-23,True,
SH-82523,J-2025-04724,2025-09-04,2,2025-09-17,True,
SH-82524,J-2025-04726,2025-09-09,120,2025-09-17,True,
SH-82525,J-2025-04728,2025-09-19,18,2025-09-23,True,
SH-82526,J-2025-04730,2025-09-09,40,2025-09-11,True,
SH-82527,J-2025-04732,2025-09-08,3,2025-09-24,True,
SH-82528,J-2025-04734,2025-09-10,6,2025-09-12,True,
SH-82529,J-2025-04735,2025-09-03,90,2025-09-10,True,
SH-82530,J-2025-04737,2025-09-10,7,2025-09-23,True,
SH-82531,J-2025-04739,2025-09-10,36,2025-09-16,True,
SH-82532,J-2025-04741,2025-09-25,132,2025-09-29,True,
SH-82533,J-2025-04743,2025-09-24,59,2025-09-18,False,capacity
SH-82534,J-2025-04744,2025-09-11,47,2025-09-09,False,capacity
SH-82535,J-2025-04745,2025-09-02,74,2025-09-04,True,
SH-82536,J-2025-04746,2025-09-16,57,2025-09-23,True,
SH-82537,J-2025-04747,2025-09-03,9,2025-09-11,True,
SH-82538,J-2025-04748,2025-09-15,240,2025-09-05,False,
SH-82539,J-2025-04749,2025-09-04,16,2025-09-09,True,
SH-82540,J-2025-04750,2025-09-15,39,2025-09-16,True,
SH-82541,J-2025-04752,2025-09-08,31,2025-09-03,False,quality
SH-82542,J-2025-04753,2025-09-04,43,2025-09-19,True,
SH-82543,J-2025-04754,2025-08-28,57,2025-08-29,True,
SH-82544,J-2025-04756,2025-09-03,24,2025-08-29,False,
SH-82545,J-2025-04757,2025-08-29,27,2025-09-16,True,
SH-82546,J-2025-04758,2025-09-10,7,2025-09-09,False,
SH-82547,J-2025-04760,2025-09-08,33,2025-09-16,True,
SH-82548,J-2025-04762,2025-09-05,8,2025-09-25,True,
SH-82549,J-2025-04763,2025-09-09,88,2025-09-23,True,
SH-82550,J-2025-04764,2025-09-12,17,2025-09-16,True,
SH-82551,J-2025-04766,2025-09-03,62,2025-09-09,True,
SH-82552,J-2025-04768,2025-09-30,133,2025-09-25,False,capacity
SH-82553,J-2025-04770,2025-09-15,11,2025-09-29,True,
SH-82554,J-2025-04772,2025-09-08,209,2025-09-10,True,
SH-82555,J-2025-04773,2025-09-11,40,2025-09-05,False,other
SH-82556,J-2025-04774,2025-09-10,25,2025-09-08,False,
SH-82557,J-2025-04776,2025-09-02,8,2025-09-02,True,
SH-82558,J-2025-04777,2025-09-08,40,2025-09-19,True,
SH-82559,J-2025-04779,2025-09-08,75,2025-09-16,True,
SH-82560,J-2025-04780,2025-09-04,38,2025-09-03,False,capacity
SH-82561,J-2025-04782,2025-08-29,3,2025-09-02,True,
SH-82562,J-2025-04784,2025-09-09,9,2025-09-16,True,
SH-82563,J-2025-04786,2025-08-29,107,2025-09-02,True,
SH-82564,J-2025-04787,2025-09-08,20,2025-09-19,True,
SH-82565,J-2025-04788,2025-09-04,4,2025-09-10,True,
SH-82566,J-2025-04790,2025-09-02,23,2025-09-16,True,
SH-82567,J-2025-04792,2025-09-04,12,2025-09-15,True,
SH-82568,J-2025-04794,2025-09-18,34,2025-09-04,False,
SH-82569,J-2025-04795,2025-09-11,6,2025-09-02,False,
SH-82570,J-2025-04797,2025-10-07,16,2025-10-03,False,material
SH-82571,J-2025-04799,2025-09-03,38,2025-09-12,True,
SH-82572,J-2025-04800,2025-09-02,17,2025-09-05,True,
SH-82573,J-2025-04801,2025-09-08,86,2025-09-24,True,
SH-82574,J-2025-04803,2025-09-22,18,2025-09-30,True,
SH-82575,J-2025-04805,2025-09-05,5,2025-09-24,True,
SH-82576,J-2025-04807,2025-09-17,57,2025-09-25,True,
SH-82577,J-2025-04808,2025-09-08,19,2025-09-18,True,
SH-82578,J-2025-04809,2025-09-08,17,2025-09-19,True,
SH-82579,J-2025-04811,2025-09-02,5,2025-09-04,True,
SH-82580,J-2025-04813,2025-09-03,10,2025-09-11,True,
SH-82581,J-2025-04815,2025-09-19,3,2025-09-25,True,
SH-82582,J-2025-04816,2025-09-04,95,2025-09-24,True,
SH-82583,J-2025-04818,2025-09-08,85,2025-09-03,False,other
SH-82584,J-2025-04820,2025-09-03,3,2025-09-09,True,
SH-82585,J-2025-04821,2025-09-10,24,2025-09-12,True,
SH-82586,J-2025-04823,2025-09-02,11,2025-09-08,True,
SH-82587,J-2025-04824,2025-09-04,15,2025-09-17,True,
SH-82588,J-2025-04826,2025-09-22,4,2025-09-22,True,
SH-82589,J-2025-04828,2025-09-04,4,2025-09-12,True,
SH-82590,J-2025-04830,2025-09-08,46,2025-09-19,True,
SH-82591,J-2025-04831,2025-09-04,73,2025-09-19,True,
SH-82592,J-2025-04833,2025-09-15,5,2025-09-22,True,
SH-82593,J-2025-04834,2025-09-09,22,2025-09-12,True,
SH-82594,J-2025-04836,2025-09-08,106,2025-09-18,True,
SH-82595,J-2025-04838,2025-09-08,47,2025-09-18,True,
SH-82596,J-2025-04840,2025-09-04,47,2025-09-18,True,
SH-82597,J-2025-04842,2025-09-08,44,2025-09-25,True,
SH-82598,J-2025-04844,2025-09-10,18,2025-09-29,True,
SH-82599,J-2025-04846,2025-09-11,10,2025-09-26,True,
SH-82600,J-2025-04848,2025-09-10,10,2025-10-09,True,
SH-82601,J-2025-04849,2025-09-10,26,2025-09-12,True,
SH-82602,J-2025-04850,2025-09-30,6,2025-10-13,True,
SH-82603,J-2025-04851,2025-09-09,12,2025-09-30,True,
SH-82604,J-2025-04853,2025-09-05,20,2025-10-01,True,
SH-82605,J-2025-04854,2025-09-04,28,2025-09-19,True,
SH-82606,J-2025-04856,2025-09-02,26,2025-09-04,True,
SH-82607,J-2025-04857,2025-09-05,117,2025-09-22,True,
SH-82608,J-2025-04858,2025-09-26,27,2025-09-23,False,capacity
SH-82609,J-2025-04860,2025-09-05,31,2025-09-16,True,
SH-82610,J-2025-04862,2025-09-22,186,2025-09-19,False,material
SH-82611,J-2025-04864,2025-09-09,88,2025-09-22,True,
SH-82612,J-2025-04865,2025-09-16,174,2025-09-26,True,
SH-82613,J-2025-04866,2025-09-19,21,2025-09-26,True,
SH-82614,J-2025-04868,2025-09-16,18,2025-09-16,True,
SH-82615,J-2025-04870,2025-09-17,5,2025-10-02,True,
SH-82616,J-2025-04871,2025-09-08,25,2025-09-18,True,
SH-82617,J-2025-04872,2025-09-10,51,2025-09-22,True,
SH-82618,J-2025-04874,2025-09-15,15,2025-10-03,True,
SH-82619,J-2025-04875,2025-09-16,13,2025-09-30,True,
SH-82620,J-2025-04876,2025-09-10,67,2025-09-24,True,
SH-82621,J-2025-04877,2025-10-13,15,2025-10-03,False,capacity
SH-82622,J-2025-04879,2025-09-12,15,2025-09-16,True,
SH-82623,J-2025-04881,2025-09-08,15,2025-09-15,True,
SH-82624,J-2025-04882,2025-09-09,56,2025-09-16,True,
SH-82625,J-2025-04884,2025-09-18,11,2025-09-19,True,
SH-82626,J-2025-04885,2025-09-16,125,2025-09-23,True,
SH-82627,J-2025-04886,2025-09-11,21,2025-09-05,False,capacity
SH-82628,J-2025-04887,2025-09-19,9,2025-09-29,True,
SH-82629,J-2025-04889,2025-09-15,33,2025-09-24,True,
SH-82630,J-2025-04890,2025-09-15,10,2025-09-17,True,
SH-82631,J-2025-04891,2025-09-08,8,2025-09-19,True,
SH-82632,J-2025-04892,2025-09-15,72,2025-09-17,True,
SH-82633,J-2025-04894,2025-09-23,185,2025-09-29,True,
SH-82634,J-2025-04895,2025-09-16,11,2025-09-25,True,
SH-82635,J-2025-04897,2025-09-19,500,2025-09-17,False,capacity
SH-82636,J-2025-04898,2025-09-18,42,2025-09-23,True,
SH-82637,J-2025-04899,2025-09-26,70,2025-09-15,False,
SH-82638,J-2025-04900,2025-10-01,267,2025-10-03,True,
SH-82639,J-2025-04901,2025-10-10,41,2025-09-30,False,
SH-82640,J-2025-04903,2025-09-12,13,2025-09-16,True,
SH-82641,J-2025-04904,2025-10-10,500,2025-09-29,False,
SH-82642,J-2025-04905,2025-09-26,184,2025-09-22,False,capacity
SH-82643,J-2025-04906,2025-09-11,17,2025-09-16,True,
SH-82644,J-2025-04908,2025-09-23,26,2025-10-01,True,
SH-82645,J-2025-04910,2025-09-16,248,2025-09-25,True,
SH-82646,J-2025-04912,2025-10-10,18,2025-10-01,False,material
SH-82647,J-2025-04913,2025-09-11,30,2025-09-17,True,
SH-82648,J-2025-04914,2025-09-16,37,2025-09-17,True,
SH-82649,J-2025-04916,2025-09-16,57,2025-10-03,True,
SH-82650,J-2025-04918,2025-09-25,19,2025-09-30,True,
SH-82651,J-2025-04919,2025-09-16,191,2025-09-23,True,
SH-82652,J-2025-04921,2025-09-15,68,2025-10-02,True,
SH-82653,J-2025-04922,2025-09-12,20,2025-09-17,True,
SH-82654,J-2025-04923,2025-09-12,230,2025-09-10,False,capacity
SH-82655,J-2025-04924,2025-09-22,13,2025-09-30,True,
SH-82656,J-2025-04926,2025-09-16,12,2025-09-30,True,
SH-82657,J-2025-04928,2025-09-17,26,2025-09-22,True,
SH-82658,J-2025-04930,2025-09-11,49,2025-09-29,True,
SH-82659,J-2025-04931,2025-09-10,23,2025-09-11,True,
SH-82660,J-2025-04933,2025-09-17,9,2025-09-18,True,
SH-82661,J-2025-04934,2025-09-23,19,2025-10-27,True,
SH-82662,J-2025-04936,2025-09-09,25,2025-09-10,True,
SH-82663,J-2025-04938,2025-09-12,67,2025-09-11,False,
SH-82664,J-2025-04940,2025-09-16,12,2025-09-29,True,
SH-82665,J-2025-04942,2025-09-12,20,2025-09-18,True,
SH-82666,J-2025-04943,2025-09-11,18,2025-09-30,True,
SH-82667,J-2025-04945,2025-09-17,17,2025-10-03,True,
SH-82668,J-2025-04947,2025-09-11,12,2025-09-17,True,
SH-82669,J-2025-04949,2025-09-18,104,2025-09-25,True,
SH-82670,J-2025-04951,2025-10-16,18,2025-10-01,False,capacity
SH-82671,J-2025-04952,2025-09-17,15,2025-09-24,True,
SH-82672,J-2025-04953,2025-10-08,45,2025-10-01,False,material
SH-82673,J-2025-04954,2025-09-08,34,2025-09-12,True,
SH-82674,J-2025-04955,2025-09-12,12,2025-09-18,True,
SH-82675,J-2025-04957,2025-09-12,63,2025-09-17,True,
SH-82676,J-2025-04959,2025-09-23,6,2025-10-01,True,
SH-82677,J-2025-04961,2025-09-17,24,2025-09-25,True,
SH-82678,J-2025-04963,2025-09-15,11,2025-09-30,True,
SH-82679,J-2025-04965,2025-09-22,8,2025-10-01,True,
SH-82680,J-2025-04967,2025-09-16,49,2025-09-24,True,
SH-82681,J-2025-04968,2025-09-23,120,2025-10-02,True,
SH-82682,J-2025-04969,2025-09-10,41,2025-09-10,True,
SH-82683,J-2025-04970,2025-09-10,11,2025-09-18,True,
SH-82684,J-2025-04972,2025-09-09,18,2025-09-12,True,
SH-82685,J-2025-04973,2025-09-17,2,2025-09-30,True,
SH-82686,J-2025-04975,2025-09-17,6,2025-09-26,True,
SH-82687,J-2025-04977,2025-09-24,15,2025-10-02,True,
SH-82688,J-2025-04978,2025-09-12,67,2025-09-18,True,
SH-82689,J-2025-04980,2025-09-15,41,2025-09-19,True,
SH-82690,J-2025-04981,2025-09-30,15,2025-10-02,True,
SH-82691,J-2025-04982,2025-09-25,15,2025-10-02,True,
SH-82692,J-2025-04984,2025-09-15,20,2025-09-23,True,
SH-82693,J-2025-04985,2025-09-10,18,2025-09-11,True,
SH-82694,J-2025-04987,2025-09-24,79,2025-10-20,True,
SH-82695,J-2025-04988,2025-09-12,31,2025-09-16,True,
SH-82696,J-2025-04990,2025-10-01,13,2025-09-24,False,
SH-82697,J-2025-04992,2025-09-26,217,2025-10-10,True,
SH-82698,J-2025-04994,2025-09-10,25,2025-09-18,True,
SH-82699,J-2025-04996,2025-09-25,1,2025-09-19,False,capacity
SH-82700,J-2025-04998,2025-09-19,42,2025-09-16,False,capacity
SH-82701,J-2025-05000,2025-09-09,3,2025-09-11,True,
SH-82702,J-2025-05002,2025-09-16,10,2025-10-13,True,
SH-82703,J-2025-05004,2025-09-15,76,2025-10-03,True,
SH-82704,J-2025-05005,2025-09-30,14,2025-09-19,False,material
SH-82705,J-2025-05007,2025-09-23,40,2025-10-03,True,
SH-82706,J-2025-05009,2025-09-16,5,2025-09-19,True,
SH-82707,J-2025-05010,2025-09-17,15,2025-09-26,True,
SH-82708,J-2025-05011,2025-09-19,31,2025-09-22,True,
SH-82709,J-2025-05013,2025-09-29,201,2025-10-03,True,
SH-82710,J-2025-05015,2025-09-15,43,2025-09-24,True,
SH-82711,J-2025-05017,2025-09-17,69,2025-09-29,True,
SH-82712,J-2025-05018,2025-09-16,32,2025-09-22,True,
SH-82713,J-2025-05020,2025-09-17,11,2025-09-24,True,
SH-82714,J-2025-05021,2025-09-11,22,2025-09-15,True,
SH-82715,J-2025-05023,2025-09-17,36,2025-09-29,True,
SH-82716,J-2025-05025,2025-09-25,23,2025-09-22,False,capacity
SH-82717,J-2025-05027,2025-09-17,6,2025-10-02,True,
SH-82718,J-2025-05029,2025-09-29,260,2025-10-06,True,
SH-82719,J-2025-05030,2025-09-15,17,2025-10-03,True,
SH-82720,J-2025-05031,2025-09-19,13,2025-09-30,True,
SH-82721,J-2025-05033,2025-09-19,14,2025-09-29,True,
SH-82722,J-2025-05035,2025-09-15,1,2025-09-12,False,
SH-82723,J-2025-05037,2025-09-19,60,2025-09-30,True,
SH-82724,J-2025-05039,2025-09-19,55,2025-09-19,True,
SH-82725,J-2025-05040,2025-09-18,85,2025-09-22,True,
SH-82726,J-2025-05042,2025-09-22,15,2025-09-30,True,
SH-82727,J-2025-05043,2025-09-19,37,2025-09-29,True,
SH-82728,J-2025-05045,2025-09-19,57,2025-09-26,True,
SH-82729,J-2025-05046,2025-09-19,290,2025-09-25,True,
SH-82730,J-2025-05048,2025-09-16,7,2025-10-02,True,
SH-82731,J-2025-05050,2025-09-22,51,2025-10-08,True,
SH-82732,J-2025-05052,2025-09-24,185,2025-10-06,True,
SH-82733,J-2025-05053,2025-09-29,402,2025-10-01,True,
SH-82734,J-2025-05054,2025-10-01,41,2025-09-25,False,
SH-82735,J-2025-05056,2025-09-19,34,2025-09-29,True,
SH-82736,J-2025-05058,2025-09-26,25,2025-09-29,True,
SH-82737,J-2025-05059,2025-09-17,4,2025-09-22,True,
SH-82738,J-2025-05061,2025-09-15,27,2025-09-16,True,
SH-82739,J-2025-05063,2025-09-16,154,2025-09-16,True,
SH-82740,J-2025-05065,2025-09-19,31,2025-09-26,True,
SH-82741,J-2025-05067,2025-10-09,4,2025-10-06,False,
SH-82742,J-2025-05069,2025-10-02,3,2025-10-24,True,
SH-82743,J-2025-05070,2025-10-09,31,2025-10-06,False,capacity
SH-82744,J-2025-05072,2025-09-24,6,2025-09-30,True,
SH-82745,J-2025-05074,2025-09-23,90,2025-10-03,True,
SH-82746,J-2025-05075,2025-09-22,2,2025-09-30,True,
SH-82747,J-2025-05077,2025-09-22,78,2025-10-02,True,
SH-82748,J-2025-05079,2025-09-23,29,2025-10-06,True,
SH-82749,J-2025-05080,2025-09-18,19,2025-09-29,True,
SH-82750,J-2025-05082,2025-09-17,14,2025-09-23,True,
SH-82751,J-2025-05083,2025-09-16,20,2025-09-24,True,
SH-82752,J-2025-05084,2025-09-24,49,2025-10-23,True,
SH-82753,J-2025-05085,2025-09-18,109,2025-09-25,True,
SH-82754,J-2025-05087,2025-09-23,16,2025-10-09,True,
SH-82755,J-2025-05089,2025-09-22,12,2025-09-26,True,
SH-82756,J-2025-05091,2025-09-15,49,2025-10-09,True,
SH-82757,J-2025-05093,2025-10-03,25,2025-09-30,False,capacity
SH-82758,J-2025-05094,2025-09-24,75,2025-10-07,True,
SH-82759,J-2025-05095,2025-09-12,94,2025-09-18,True,
SH-82760,J-2025-05096,2025-09-22,221,2025-10-08,True,
SH-82761,J-2025-05098,2025-09-18,14,2025-09-17,False,other
SH-82762,J-2025-05100,2025-09-22,171,2025-10-01,True,
SH-82763,J-2025-05101,2025-09-17,61,2025-09-25,True,
SH-82764,J-2025-05102,2025-09-26,41,2025-10-08,True,
SH-82765,J-2025-05103,2025-09-18,11,2025-09-29,True,
SH-82766,J-2025-05105,2025-09-29,24,2025-10-08,True,
SH-82767,J-2025-05107,2025-09-17,14,2025-09-24,True,
SH-82768,J-2025-05108,2025-10-02,130,2025-10-08,True,
SH-82769,J-2025-05110,2025-09-17,68,2025-09-19,True,
SH-82770,J-2025-05111,2025-09-22,8,2025-09-17,False,capacity
SH-82771,J-2025-05112,2025-09-19,14,2025-09-25,True,
SH-82772,J-2025-05113,2025-09-15,13,2025-09-24,True,
SH-82773,J-2025-05115,2025-10-14,19,2025-10-08,False,material
SH-82774,J-2025-05117,2025-10-02,86,2025-10-08,True,
SH-82775,J-2025-05119,2025-09-22,49,2025-10-14,True,
SH-82776,J-2025-05121,2025-09-15,73,2025-10-21,True,
SH-82777,J-2025-05122,2025-10-14,5,2025-10-08,False,
SH-82778,J-2025-05123,2025-09-24,287,2025-09-25,True,
SH-82779,J-2025-05124,2025-09-16,41,2025-09-23,True,
SH-82780,J-2025-05126,2025-09-23,3,2025-10-06,True,
SH-82781,J-2025-05128,2025-09-17,88,2025-09-18,True,
SH-82782,J-2025-05129,2025-10-01,5,2025-10-09,True,
SH-82783,J-2025-05131,2025-09-24,73,2025-10-08,True,
SH-82784,J-2025-05132,2025-09-29,6,2025-09-25,False,
SH-82785,J-2025-05133,2025-09-22,95,2025-09-30,True,
SH-82786,J-2025-05135,2025-09-17,21,2025-10-03,True,
SH-82787,J-2025-05137,2025-09-22,22,2025-10-23,True,
SH-82788,J-2025-05139,2025-10-07,6,2025-10-09,True,
SH-82789,J-2025-05141,2025-09-22,7,2025-10-01,True,
SH-82790,J-2025-05143,2025-09-19,82,2025-09-30,True,
SH-82791,J-2025-05144,2025-09-23,12,2025-10-06,True,
SH-82792,J-2025-05146,2025-10-23,3,2025-10-09,False,capacity
SH-82793,J-2025-05147,2025-09-19,25,2025-09-26,True,
SH-82794,J-2025-05149,2025-09-22,59,2025-10-02,True,
SH-82795,J-2025-05151,2025-09-17,156,2025-09-29,True,
SH-82796,J-2025-05153,2025-10-14,25,2025-10-09,False,material
SH-82797,J-2025-05154,2025-09-25,30,2025-09-19,False,
SH-82798,J-2025-05156,2025-10-21,14,2025-10-15,False,
SH-82799,J-2025-05158,2025-09-29,43,2025-11-12,True,
SH-82800,J-2025-05159,2025-09-30,65,2025-10-09,True,
SH-82801,J-2025-05161,2025-09-26,1,2025-10-10,True,
SH-82802,J-2025-05163,2025-09-23,1,2025-10-07,True,
SH-82803,J-2025-05165,2025-09-26,60,2025-10-10,True,
SH-82804,J-2025-05166,2025-10-10,80,2025-10-02,False,capacity
SH-82805,J-2025-05168,2025-09-17,33,2025-10-03,True,
SH-82806,J-2025-05170,2025-09-26,4,2025-10-13,True,
SH-82807,J-2025-05171,2025-09-22,42,2025-09-18,False,other
SH-82808,J-2025-05172,2025-09-24,23,2025-10-01,True,
SH-82809,J-2025-05174,2025-09-18,16,2025-09-24,True,
SH-82810,J-2025-05175,2025-09-30,21,2025-10-14,True,
SH-82811,J-2025-05177,2025-10-15,56,2025-10-13,False,capacity
SH-82812,J-2025-05178,2025-10-13,44,2025-10-03,False,capacity
SH-82813,J-2025-05179,2025-09-23,41,2025-10-03,True,
SH-82814,J-2025-05180,2025-09-24,1,2025-10-28,True,
SH-82815,J-2025-05181,2025-09-19,46,2025-09-24,True,
SH-82816,J-2025-05182,2025-09-25,39,2025-10-06,True,
SH-82817,J-2025-05184,2025-09-30,42,2025-09-24,False,
SH-82818,J-2025-05186,2025-09-23,97,2025-10-06,True,
SH-82819,J-2025-05187,2025-10-14,8,2025-10-10,False,capacity
SH-82820,J-2025-05189,2025-10-15,3,2025-10-14,False,
SH-82821,J-2025-05190,2025-10-09,9,2025-10-01,False,
SH-82822,J-2025-05191,2025-10-07,34,2025-10-13,True,
SH-82823,J-2025-05192,2025-09-30,103,2025-10-13,True,
SH-82824,J-2025-05194,2025-09-26,12,2025-10-08,True,
SH-82825,J-2025-05196,2025-09-30,28,2025-10-09,True,
SH-82826,J-2025-05198,2025-09-23,119,2025-09-29,True,
SH-82827,J-2025-05199,2025-09-23,55,2025-10-06,True,
SH-82828,J-2025-05201,2025-09-26,167,2025-10-06,True,
SH-82829,J-2025-05202,2025-09-26,69,2025-10-13,True,
SH-82830,J-2025-05203,2025-09-18,29,2025-09-22,True,
SH-82831,J-2025-05205,2025-09-30,53,2025-10-13,True,
SH-82832,J-2025-05207,2025-10-02,288,2025-10-21,True,
SH-82833,J-2025-05208,2025-09-26,41,2025-10-08,True,
SH-82834,J-2025-05209,2025-09-23,18,2025-09-29,True,
SH-82835,J-2025-05211,2025-09-17,28,2025-09-22,True,
SH-82836,J-2025-05212,2025-09-23,24,2025-10-02,True,
SH-82837,J-2025-05213,2025-10-01,2,2025-10-20,True,
SH-82838,J-2025-05214,2025-09-22,141,2025-09-29,True,
SH-82839,J-2025-05216,2025-09-18,16,2025-09-23,True,
SH-82840,J-2025-05217,2025-09-23,15,2025-09-29,True,
SH-82841,J-2025-05218,2025-09-23,162,2025-10-07,True,
SH-82842,J-2025-05220,2025-10-02,37,2025-10-27,True,
SH-82843,J-2025-05222,2025-10-09,49,2025-10-17,True,
SH-82844,J-2025-05223,2025-09-30,184,2025-10-13,True,
SH-82845,J-2025-05224,2025-09-26,77,2025-10-07,True,
SH-82846,J-2025-05226,2025-09-26,500,2025-10-01,True,
SH-82847,J-2025-05227,2025-09-30,12,2025-10-14,True,
SH-82848,J-2025-05228,2025-10-01,14,2025-10-22,True,
SH-82849,J-2025-05230,2025-09-26,54,2025-10-07,True,
SH-82850,J-2025-05231,2025-10-01,4,2025-10-20,True,
SH-82851,J-2025-05233,2025-09-24,59,2025-10-09,True,
SH-82852,J-2025-05234,2025-10-06,162,2025-10-17,True,
SH-82853,J-2025-05235,2025-10-01,52,2025-10-07,True,
SH-82854,J-2025-05237,2025-09-22,12,2025-09-30,True,
SH-82855,J-2025-05238,2025-10-13,33,2025-10-09,False,material
SH-82856,J-2025-05239,2025-10-17,85,2025-10-20,True,
SH-82857,J-2025-05241,2025-09-24,66,2025-10-01,True,
SH-82858,J-2025-05243,2025-10-14,24,2025-10-07,False,capacity
SH-82859,J-2025-05245,2025-09-22,61,2025-09-24,True,
SH-82860,J-2025-05247,2025-09-23,3,2025-09-30,True,
SH-82861,J-2025-05249,2025-09-25,2,2025-10-02,True,
SH-82862,J-2025-05250,2025-09-22,5,2025-09-25,True,
SH-82863,J-2025-05252,2025-10-03,113,2025-10-14,True,
SH-82864,J-2025-05254,2025-10-01,5,2025-10-09,True,
SH-82865,J-2025-05255,2025-09-19,39,2025-09-26,True,
SH-82866,J-2025-05256,2025-10-23,50,2025-10-28,True,
SH-82867,J-2025-05257,2025-09-19,18,2025-09-25,True,
SH-82868,J-2025-05258,2025-09-24,100,2025-09-30,True,
SH-82869,J-2025-05260,2025-10-02,5,2025-10-01,False,capacity
SH-82870,J-2025-05261,2025-09-22,15,2025-10-01,True,
SH-82871,J-2025-05263,2025-09-22,9,2025-10-01,True,
SH-82872,J-2025-05264,2025-09-26,13,2025-10-08,True,
SH-82873,J-2025-05266,2025-10-01,98,2025-10-09,True,
SH-82874,J-2025-05268,2025-09-30,32,2025-10-15,True,
SH-82875,J-2025-05269,2025-09-22,19,2025-09-26,True,
SH-82876,J-2025-05270,2025-09-19,32,2025-09-25,True,
SH-82877,J-2025-05272,2025-10-02,15,2025-10-10,True,
SH-82878,J-2025-05273,2025-09-23,26,2025-10-01,True,
SH-82879,J-2025-05275,2025-10-08,24,2025-10-20,True,
SH-82880,J-2025-05276,2025-09-26,16,2025-10-02,True,
SH-82881,J-2025-05278,2025-10-13,33,2025-10-09,False,capacity
SH-82882,J-2025-05279,2025-10-01,12,2025-10-15,True,
SH-82883,J-2025-05280,2025-09-22,6,2025-10-01,True,
SH-82884,J-2025-05281,2025-10-01,136,2025-11-12,True,
SH-82885,J-2025-05282,2025-09-23,4,2025-10-03,True,
SH-82886,J-2025-05284,2025-09-23,44,2025-10-02,True,
SH-82887,J-2025-05285,2025-10-22,23,2025-10-15,False,material
SH-82888,J-2025-05287,2025-10-03,16,2025-10-08,True,
SH-82889,J-2025-05289,2025-09-29,33,2025-10-06,True,
SH-82890,J-2025-05290,2025-10-10,14,2025-10-21,True,
SH-82891,J-2025-05292,2025-10-16,155,2025-10-07,False,
SH-82892,J-2025-05293,2025-10-29,26,2025-10-16,False,capacity
SH-82893,J-2025-05294,2025-10-10,27,2025-10-16,True,
SH-82894,J-2025-05295,2025-09-23,4,2025-09-26,True,
SH-82895,J-2025-05297,2025-09-30,8,2025-09-29,False,
SH-82896,J-2025-05298,2025-10-02,140,2025-10-21,True,
SH-82897,J-2025-05300,2025-09-26,71,2025-10-15,True,
SH-82898,J-2025-05301,2025-09-25,500,2025-09-25,True,
SH-82899,J-2025-05302,2025-10-13,15,2025-10-08,False,capacity
SH-82900,J-2025-05304,2025-09-23,80,2025-09-25,True,
SH-82901,J-2025-05305,2025-10-03,36,2025-10-09,True,
SH-82902,J-2025-05306,2025-09-25,12,2025-10-02,True,
SH-82903,J-2025-05308,2025-10-01,30,2025-10-15,True,
SH-82904,J-2025-05309,2025-09-25,139,2025-09-25,True,
SH-82905,J-2025-05311,2025-09-24,9,2025-10-15,True,
SH-82906,J-2025-05313,2025-09-29,12,2025-10-17,True,
SH-82907,J-2025-05315,2025-10-14,33,2025-10-10,False,capacity
SH-82908,J-2025-05316,2025-10-14,27,2025-10-08,False,capacity
SH-82909,J-2025-05318,2025-10-03,51,2025-10-14,True,
SH-82910,J-2025-05320,2025-10-01,51,2025-10-03,True,
SH-82911,J-2025-05322,2025-09-25,30,2025-09-29,True,
SH-82912,J-2025-05324,2025-09-25,12,2025-09-29,True,
SH-82913,J-2025-05325,2025-10-16,151,2025-10-24,True,
SH-82914,J-2025-05326,2025-09-30,151,2025-09-29,False,
SH-82915,J-2025-05328,2025-10-01,33,2025-10-15,True,
SH-82916,J-2025-05329,2025-10-16,81,2025-10-15,False,other
SH-82917,J-2025-05331,2025-09-24,60,2025-09-29,True,
SH-82918,J-2025-05333,2025-10-20,30,2025-10-09,False,
SH-82919,J-2025-05335,2025-10-02,105,2025-10-10,True,
SH-82920,J-2025-05336,2025-09-30,79,2025-10-08,True,
SH-82921,J-2025-05338,2025-10-14,10,2025-10-14,True,
SH-82922,J-2025-05339,2025-10-06,168,2025-10-13,True,
SH-82923,J-2025-05341,2025-10-03,106,2025-10-14,True,
SH-82924,J-2025-05343,2025-10-08,22,2025-10-09,True,
SH-82925,J-2025-05345,2025-10-06,94,2025-10-21,True,
SH-82926,J-2025-05346,2025-10-03,30,2025-10-06,True,
SH-82927,J-2025-05347,2025-10-03,5,2025-10-09,True,
SH-82928,J-2025-05348,2025-09-30,23,2025-09-29,False,capacity
SH-82929,J-2025-05350,2025-10-21,10,2025-10-30,True,
SH-82930,J-2025-05351,2025-09-30,97,2025-10-07,True,
SH-82931,J-2025-05353,2025-09-30,6,2025-09-30,True,
SH-82932,J-2025-05354,2025-10-07,15,2025-10-20,True,
SH-82933,J-2025-05355,2025-10-16,77,2025-10-28,True,
SH-82934,J-2025-05357,2025-10-13,12,2025-10-20,True,
SH-82935,J-2025-05359,2025-09-25,24,2025-10-01,True,
SH-82936,J-2025-05360,2025-10-09,21,2025-10-17,True,
SH-82937,J-2025-05362,2025-10-13,100,2025-10-17,True,
SH-82938,J-2025-05364,2025-10-23,21,2025-10-29,True,
SH-82939,J-2025-05366,2025-10-09,15,2025-10-20,True,
SH-82940,J-2025-05367,2025-09-30,18,2025-09-29,False,capacity
SH-82941,J-2025-05368,2025-09-30,119,2025-09-30,True,
SH-82942,J-2025-05369,2025-09-26,18,2025-10-06,True,
SH-82943,J-2025-05371,2025-09-29,4,2025-10-06,True,
SH-82944,J-2025-05373,2025-09-25,11,2025-09-30,True,
SH-82945,J-2025-05375,2025-09-26,23,2025-10-17,True,
SH-82946,J-2025-05377,2025-09-30,15,2025-09-30,True,
SH-82947,J-2025-05379,2025-10-27,21,2025-10-24,False,
SH-82948,J-2025-05381,2025-10-15,12,2025-10-10,False,capacity
SH-82949,J-2025-05383,2025-09-30,37,2025-10-08,True,
SH-82950,J-2025-05384,2025-09-29,72,2025-09-26,False,capacity
SH-82951,J-2025-05385,2025-10-06,21,2025-10-06,True,
SH-82952,J-2025-05387,2025-10-01,54,2025-10-16,True,
SH-82953,J-2025-05389,2025-09-26,18,2025-09-26,True,
SH-82954,J-2025-05391,2025-10-27,4,2025-11-03,True,
SH-82955,J-2025-05392,2025-10-09,29,2025-10-08,False,quality
SH-82956,J-2025-05394,2025-10-06,21,2025-10-16,True,
SH-82957,J-2025-05395,2025-09-29,12,2025-10-06,True,
SH-82958,J-2025-05396,2025-10-29,8,2025-11-07,True,
SH-82959,J-2025-05397,2025-10-06,23,2025-10-22,True,
SH-82960,J-2025-05398,2025-10-01,7,2025-10-08,True,
SH-82961,J-2025-05400,2025-10-06,20,2025-10-17,True,
SH-82962,J-2025-05402,2025-09-29,5,2025-09-30,True,
SH-82963,J-2025-05404,2025-10-14,15,2025-10-21,True,
SH-82964,J-2025-05406,2025-10-06,20,2025-10-24,True,
SH-82965,J-2025-05408,2025-09-30,51,2025-10-10,True,
SH-82966,J-2025-05409,2025-10-10,31,2025-10-20,True,
SH-82967,J-2025-05410,2025-10-10,134,2025-10-16,True,
SH-82968,J-2025-05411,2025-10-02,217,2025-10-14,True,
SH-82969,J-2025-05412,2025-10-07,86,2025-10-23,True,
SH-82970,J-2025-05414,2025-10-16,144,2025-10-21,True,
SH-82971,J-2025-05415,2025-09-30,109,2025-10-02,True,
SH-82972,J-2025-05417,2025-10-07,39,2025-10-08,True,
SH-82973,J-2025-05419,2025-10-01,19,2025-10-14,True,
SH-82974,J-2025-05420,2025-10-10,8,2025-10-21,True,
SH-82975,J-2025-05421,2025-09-30,6,2025-10-07,True,
SH-82976,J-2025-05423,2025-10-01,36,2025-10-02,True,
SH-82977,J-2025-05425,2025-10-21,298,2025-10-24,True,
SH-82978,J-2025-05426,2025-10-15,43,2025-10-13,False,
SH-82979,J-2025-05428,2025-10-13,93,2025-10-17,True,
SH-82980,J-2025-05429,2025-10-20,44,2025-11-05,True,
SH-82981,J-2025-05430,2025-10-15,56,2025-10-24,True,
SH-82982,J-2025-05431,2025-10-10,60,2025-10-08,False,
SH-82983,J-2025-05433,2025-10-02,50,2025-10-10,True,
SH-82984,J-2025-05435,2025-10-07,91,2025-10-13,True,
SH-82985,J-2025-05436,2025-09-29,7,2025-10-01,True,
SH-82986,J-2025-05438,2025-09-30,2,2025-10-08,True,
SH-82987,J-2025-05440,2025-10-06,73,2025-10-09,True,
SH-82988,J-2025-05442,2025-10-06,15,2025-10-15,True,
SH-82989,J-2025-05444,2025-10-10,33,2025-10-22,True,
SH-82990,J-2025-05445,2025-10-13,85,2025-10-20,True,
SH-82991,J-2025-05446,2025-10-20,385,2025-10-15,False,capacity
SH-82992,J-2025-05447,2025-10-14,3,2025-10-23,True,
SH-82993,J-2025-05448,2025-10-06,17,2025-10-16,True,
SH-82994,J-2025-05449,2025-10-09,16,2025-10-09,True,
SH-82995,J-2025-05450,2025-09-30,28,2025-10-01,True,
SH-82996,J-2025-05452,2025-10-10,50,2025-10-22,True,
SH-82997,J-2025-05453,2025-09-30,9,2025-10-01,True,
SH-82998,J-2025-05455,2025-10-06,51,2025-10-17,True,
SH-82999,J-2025-05457,2025-10-10,3,2025-10-28,True,
SH-83000,J-2025-05459,2025-10-16,26,2025-10-16,True,
SH-83001,J-2025-05461,2025-10-08,4,2025-10-22,True,
SH-83002,J-2025-05463,2025-10-17,6,2025-10-29,True,
SH-83003,J-2025-05464,2025-10-14,5,2025-10-09,False,other
SH-83004,J-2025-05465,2025-10-07,13,2025-10-15,True,
SH-83005,J-2025-05466,2025-10-22,28,2025-10-24,True,
SH-83006,J-2025-05467,2025-10-15,8,2025-10-14,False,material
SH-83007,J-2025-05469,2025-10-09,8,2025-10-17,True,
SH-83008,J-2025-05470,2025-10-01,15,2025-10-09,True,
SH-83009,J-2025-05471,2025-10-07,46,2025-10-22,True,
SH-83010,J-2025-05472,2025-10-07,10,2025-10-09,True,
SH-83011,J-2025-05473,2025-10-03,69,2025-10-16,True,
SH-83012,J-2025-05474,2025-10-08,44,2025-10-22,True,
SH-83013,J-2025-05476,2025-10-06,12,2025-10-15,True,
SH-83014,J-2025-05477,2025-10-28,172,2025-10-27,False,
SH-83015,J-2025-05479,2025-10-03,13,2025-10-13,True,
SH-83016,J-2025-05480,2025-10-01,49,2025-10-09,True,
SH-83017,J-2025-05481,2025-10-09,58,2025-10-17,True,
SH-83018,J-2025-05483,2025-10-14,1,2025-10-20,True,
SH-83019,J-2025-05485,2025-10-02,317,2025-10-15,True,
SH-83020,J-2025-05486,2025-10-01,8,2025-10-07,True,
SH-83021,J-2025-05488,2025-10-13,8,2025-10-20,True,
SH-83022,J-2025-05489,2025-10-09,24,2025-10-17,True,
SH-83023,J-2025-05491,2025-10-20,17,2025-11-05,True,
SH-83024,J-2025-05493,2025-10-14,10,2025-11-05,True,
SH-83025,J-2025-05495,2025-10-01,13,2025-10-02,True,
SH-83026,J-2025-05497,2025-10-01,61,2025-10-02,True,
SH-83027,J-2025-05498,2025-10-08,100,2025-10-17,True,
SH-83028,J-2025-05500,2025-10-17,1,2025-10-17,True,
SH-83029,J-2025-05501,2025-10-23,45,2025-10-24,True,
SH-83030,J-2025-05503,2025-10-21,51,2025-10-15,False,other
SH-83031,J-2025-05505,2025-10-10,85,2025-10-21,True,
SH-83032,J-2025-05506,2025-10-08,5,2025-10-17,True,
SH-83033,J-2025-05507,2025-10-01,11,2025-10-10,True,
SH-83034,J-2025-05508,2025-10-09,188,2025-10-16,True,
SH-83035,J-2025-05509,2025-11-03,29,2025-10-28,False,customer change
SH-83036,J-2025-05511,2025-10-16,10,2025-10-10,False,capacity
SH-83037,J-2025-05512,2025-10-20,15,2025-10-24,True,
SH-83038,J-2025-05513,2025-10-22,15,2025-10-23,True,
SH-83039,J-2025-05515,2025-10-15,30,2025-10-10,False,capacity
SH-83040,J-2025-05517,2025-10-03,8,2025-10-14,True,
SH-83041,J-2025-05518,2025-10-28,16,2025-10-27,False,
SH-83042,J-2025-05519,2025-10-13,50,2025-10-22,True,
SH-83043,J-2025-05520,2025-10-08,13,2025-10-24,True,
SH-83044,J-2025-05522,2025-10-10,6,2025-10-20,True,
SH-83045,J-2025-05523,2025-10-03,12,2025-10-13,True,
SH-83046,J-2025-05524,2025-10-02,12,2025-10-03,True,
SH-83047,J-2025-05526,2025-10-07,1,2025-10-08,True,
SH-83048,J-2025-05527,2025-10-16,311,2025-10-27,True,
SH-83049,J-2025-05529,2025-10-06,61,2025-10-16,True,
SH-83050,J-2025-05530,2025-10-08,4,2025-10-20,True,
SH-83051,J-2025-05532,2025-10-07,74,2025-10-07,True,
SH-83052,J-2025-05533,2025-10-13,25,2025-10-16,True,
SH-83053,J-2025-05534,2025-10-06,135,2025-10-13,True,
SH-83054,J-2025-05536,2025-10-07,38,2025-10-09,True,
SH-83055,J-2025-05538,2025-10-13,32,2025-10-20,True,
SH-83056,J-2025-05540,2025-10-10,46,2025-10-07,False,other
SH-83057,J-2025-05541,2025-10-08,14,2025-10-08,True,
SH-83058,J-2025-05542,2025-10-07,3,2025-10-14,True,
SH-83059,J-2025-05543,2025-10-17,30,2025-10-30,True,
SH-83060,J-2025-05544,2025-10-16,25,2025-10-27,True,
SH-83061,J-2025-05546,2025-10-09,56,2025-10-07,False,
SH-83062,J-2025-05548,2025-10-06,121,2025-10-13,True,
SH-83063,J-2025-05550,2025-10-30,221,2025-11-19,True,
SH-83064,J-2025-05552,2025-10-02,17,2025-10-03,True,
SH-83065,J-2025-05554,2025-10-17,8,2025-10-15,False,
SH-83066,J-2025-05556,2025-10-22,39,2025-10-27,True,
SH-83067,J-2025-05557,2025-10-22,24,2025-10-27,True,
SH-83068,J-2025-05559,2025-10-09,12,2025-10-17,True,
SH-83069,J-2025-05561,2025-10-02,53,2025-10-13,True,
SH-83070,J-2025-05563,2025-10-17,5,2025-10-22,True,
SH-83071,J-2025-05565,2025-10-02,63,2025-10-08,True,
SH-83072,J-2025-05567,2025-10-01,15,2025-10-06,True,
SH-83073,J-2025-05569,2025-10-23,2,2025-10-09,False,
SH-83074,J-2025-05570,2025-10-16,20,2025-10-27,True,
SH-83075,J-2025-05571,2025-10-14,4,2025-10-09,False,capacity
SH-83076,J-2025-05573,2025-10-03,10,2025-10-03,True,
SH-83077,J-2025-05574,2025-10-06,35,2025-10-06,True,
SH-83078,J-2025-05575,2025-10-23,16,2025-11-05,True,
SH-83079,J-2025-05577,2025-10-06,17,2025-10-06,True,
SH-83080,J-2025-05579,2025-10-13,25,2025-10-21,True,
SH-83081,J-2025-05580,2025-10-03,52,2025-10-15,True,
SH-83082,J-2025-05581,2025-10-23,23,2025-10-27,True,
SH-83083,J-2025-05583,2025-10-17,7,2025-10-30,True,
SH-83084,J-2025-05584,2025-10-14,8,2025-10-27,True,
SH-83085,J-2025-05585,2025-10-06,73,2025-10-08,True,
SH-83086,J-2025-05587,2025-10-14,91,2025-11-05,True,
SH-83087,J-2025-05588,2025-10-20,7,2025-12-05,True,
SH-83088,J-2025-05589,2025-10-10,97,2025-10-28,True,
SH-83089,J-2025-05591,2025-10-10,19,2025-10-21,True,
SH-83090,J-2025-05593,2025-10-03,57,2025-10-06,True,
SH-83091,J-2025-05595,2025-10-06,91,2025-10-17,True,
SH-83092,J-2025-05597,2025-10-17,5,2025-10-23,True,
SH-83093,J-2025-05598,2025-10-15,39,2025-10-14,False,
SH-83094,J-2025-05599,2025-10-09,12,2025-10-09,True,
SH-83095,J-2025-05600,2025-10-06,10,2025-10-28,True,
SH-83096,J-2025-05601,2025-10-17,10,2025-10-31,True,
SH-83097,J-2025-05602,2025-10-10,6,2025-10-14,True,
SH-83098,J-2025-05604,2025-10-09,11,2025-10-22,True,
SH-83099,J-2025-05606,2025-10-22,29,2025-11-10,True,
SH-83100,J-2025-05607,2025-10-23,11,2025-11-03,True,
SH-83101,J-2025-05608,2025-10-06,13,2025-10-13,True,
SH-83102,J-2025-05610,2025-10-14,29,2025-10-29,True,
SH-83103,J-2025-05612,2025-10-07,23,2025-10-16,True,
SH-83104,J-2025-05613,2025-10-16,10,2025-10-29,True,
SH-83105,J-2025-05614,2025-10-10,39,2025-10-28,True,
SH-83106,J-2025-05616,2025-10-13,65,2025-10-27,True,
SH-83107,J-2025-05618,2025-10-20,22,2025-10-30,True,
SH-83108,J-2025-05620,2025-10-15,9,2025-10-24,True,
SH-83109,J-2025-05621,2025-10-07,36,2025-10-16,True,
SH-83110,J-2025-05622,2025-10-14,14,2025-10-28,True,
SH-83111,J-2025-05624,2025-10-14,77,2025-10-13,False,other
SH-83112,J-2025-05625,2025-10-14,89,2025-10-22,True,
SH-83113,J-2025-05626,2025-10-13,138,2025-10-22,True,
SH-83114,J-2025-05628,2025-10-14,87,2025-10-23,True,
SH-83115,J-2025-05629,2025-10-17,13,2025-10-30,True,
SH-83116,J-2025-05630,2025-10-15,9,2025-10-17,True,
SH-83117,J-2025-05632,2025-10-16,31,2025-10-14,False,
SH-83118,J-2025-05633,2025-10-22,3,2025-11-07,True,
SH-83119,J-2025-05635,2025-10-13,289,2025-10-13,True,
SH-83120,J-2025-05636,2025-10-21,19,2025-10-24,True,
SH-83121,J-2025-05638,2025-10-09,25,2025-10-17,True,
SH-83122,J-2025-05640,2025-10-21,158,2025-10-23,True,
SH-83123,J-2025-05642,2025-10-22,1,2025-10-23,True,
SH-83124,J-2025-05643,2025-10-13,39,2025-10-24,True,
SH-83125,J-2025-05644,2025-10-09,6,2025-10-23,True,
SH-83126,J-2025-05646,2025-10-09,93,2025-10-16,True,
SH-83127,J-2025-05647,2025-10-24,2,2025-10-30,True,
SH-83128,J-2025-05649,2025-10-15,9,2025-10-24,True,
SH-83129,J-2025-05650,2025-10-09,54,2025-10-16,True,
SH-83130,J-2025-05652,2025-10-10,21,2025-10-30,True,
SH-83131,J-2025-05654,2025-10-14,62,2025-10-22,True,
SH-83132,J-2025-05655,2025-10-17,105,2025-10-21,True,
SH-83133,J-2025-05657,2025-10-20,24,2025-10-20,True,
SH-83134,J-2025-05659,2025-10-10,67,2025-10-17,True,
SH-83135,J-2025-05661,2025-10-16,8,2025-10-17,True,
SH-83136,J-2025-05663,2025-10-20,27,2025-10-21,True,
SH-83137,J-2025-05664,2025-10-13,6,2025-10-23,True,
SH-83138,J-2025-05665,2025-10-14,90,2025-11-04,True,
SH-83139,J-2025-05667,2025-10-15,23,2025-10-23,True,
SH-83140,J-2025-05669,2025-10-08,27,2025-10-20,True,
SH-83141,J-2025-05671,2025-10-13,26,2025-11-04,True,
SH-83142,J-2025-05672,2025-10-08,74,2025-10-14,True,
SH-83143,J-2025-05674,2025-10-16,77,2025-10-17,True,
SH-83144,J-2025-05675,2025-10-17,30,2025-11-03,True,
SH-83145,J-2025-05676,2025-10-22,15,2025-11-12,True,
SH-83146,J-2025-05678,2025-10-17,3,2025-10-21,True,
SH-83147,J-2025-05680,2025-10-08,26,2025-10-20,True,
SH-83148,J-2025-05682,2025-10-16,9,2025-10-21,True,
SH-83149,J-2025-05683,2025-10-20,24,2025-10-17,False,capacity
SH-83150,J-2025-05685,2025-10-16,54,2025-10-31,True,
SH-83151,J-2025-05687,2025-10-14,12,2025-10-27,True,
SH-83152,J-2025-05689,2025-10-28,18,2025-11-03,True,
SH-83153,J-2025-05691,2025-10-20,10,2025-10-16,False,
SH-83154,J-2025-05692,2025-10-10,27,2025-10-20,True,
SH-83155,J-2025-05694,2025-10-10,2,2025-10-15,True,
SH-83156,J-2025-05696,2025-10-16,7,2025-10-27,True,
SH-83157,J-2025-05698,2025-10-24,20,2025-11-19,True,
SH-83158,J-2025-05700,2025-10-31,64,2025-11-03,True,
SH-83159,J-2025-05702,2025-10-24,59,2025-11-07,True,
SH-83160,J-2025-05703,2025-10-17,69,2025-10-28,True,
SH-83161,J-2025-05705,2025-10-17,60,2025-10-29,True,
SH-83162,J-2025-05707,2025-10-17,55,2025-11-04,True,
SH-83163,J-2025-05709,2025-10-14,12,2025-10-22,True,
SH-83164,J-2025-05710,2025-10-23,63,2025-10-28,True,
SH-83165,J-2025-05711,2025-10-27,19,2025-10-29,True,
SH-83166,J-2025-05712,2025-10-22,34,2025-10-27,True,
SH-83167,J-2025-05713,2025-10-22,416,2025-11-04,True,
SH-83168,J-2025-05715,2025-10-24,31,2025-11-03,True,
SH-83169,J-2025-05716,2025-10-20,72,2025-10-22,True,
SH-83170,J-2025-05717,2025-10-27,1,2025-11-06,True,
SH-83171,J-2025-05718,2025-10-17,87,2025-11-11,True,
SH-83172,J-2025-05719,2025-10-22,20,2025-10-24,True,
SH-83173,J-2025-05721,2025-10-22,19,2025-10-28,True,
SH-83174,J-2025-05723,2025-10-16,35,2025-10-27,True,
SH-83175,J-2025-05724,2025-10-09,32,2025-10-10,True,
SH-83176,J-2025-05725,2025-10-23,219,2025-10-21,False,material
SH-83177,J-2025-05727,2025-10-17,109,2025-10-27,True,
SH-83178,J-2025-05728,2025-10-17,18,2025-10-23,True,
SH-83179,J-2025-05730,2025-10-28,19,2025-11-06,True,
SH-83180,J-2025-05731,2025-10-30,2,2025-11-13,True,
SH-83181,J-2025-05732,2025-10-23,66,2025-11-03,True,
SH-83182,J-2025-05733,2025-10-14,171,2025-10-31,True,
SH-83183,J-2025-05735,2025-11-18,71,2025-12-04,True,
SH-83184,J-2025-05736,2025-10-22,27,2025-11-18,True,
SH-83185,J-2025-05737,2025-10-23,96,2025-11-06,True,
SH-83186,J-2025-05738,2025-10-17,12,2025-11-04,True,
SH-83187,J-2025-05740,2025-10-13,74,2025-10-21,True,
SH-83188,J-2025-05742,2025-10-14,37,2025-10-28,True,
SH-83189,J-2025-05743,2025-10-09,7,2025-10-16,True,
SH-83190,J-2025-05745,2025-10-27,6,2025-11-04,True,
SH-83191,J-2025-05747,2025-10-13,4,2025-10-15,True,
SH-83192,J-2025-05749,2025-10-20,12,2025-11-10,True,
SH-83193,J-2025-05751,2025-10-14,2,2025-11-10,True,
SH-83194,J-2025-05753,2025-10-15,9,2025-10-27,True,
SH-83195,J-2025-05754,2025-10-14,30,2025-11-03,True,
SH-83196,J-2025-05755,2025-10-28,59,2025-11-04,True,
SH-83197,J-2025-05757,2025-10-13,93,2025-10-13,True,
SH-83198,J-2025-05758,2025-10-22,21,2025-10-31,True,
SH-83199,J-2025-05760,2025-10-14,83,2025-10-21,True,
SH-83200,J-2025-05761,2025-10-15,3,2025-10-22,True,
SH-83201,J-2025-05763,2025-10-29,22,2025-11-12,True,
SH-83202,J-2025-05765,2025-10-17,31,2025-10-24,True,
SH-83203,J-2025-05767,2025-10-16,86,2025-10-21,True,
SH-83204,J-2025-05769,2025-10-14,9,2025-10-22,True,
SH-83205,J-2025-05770,2025-10-15,24,2025-10-23,True,
SH-83206,J-2025-05772,2025-10-17,50,2025-10-27,True,
SH-83207,J-2025-05774,2025-10-28,1,2025-11-05,True,
SH-83208,J-2025-05776,2025-10-20,6,2025-10-15,False,
SH-83209,J-2025-05777,2025-10-20,53,2025-11-04,True,
SH-83210,J-2025-05778,2025-11-03,214,2025-11-05,True,
SH-83211,J-2025-05779,2025-10-29,28,2025-11-05,True,
SH-83212,J-2025-05780,2025-10-14,10,2025-10-22,True,
SH-83213,J-2025-05781,2025-10-27,59,2025-11-05,True,
SH-83214,J-2025-05783,2025-10-30,8,2025-11-10,True,
SH-83215,J-2025-05785,2025-10-14,250,2025-10-24,True,
SH-83216,J-2025-05786,2025-10-17,24,2025-11-12,True,
SH-83217,J-2025-05788,2025-10-16,68,2025-10-22,True,
SH-83218,J-2025-05790,2025-10-17,24,2025-10-27,True,
SH-83219,J-2025-05792,2025-10-22,75,2025-11-04,True,
SH-83220,J-2025-05794,2025-10-17,15,2025-10-29,True,
SH-83221,J-2025-05796,2025-10-17,99,2025-10-29,True,
SH-83222,J-2025-05798,2025-10-21,94,2025-11-05,True,
SH-83223,J-2025-05800,2025-10-20,46,2025-11-05,True,
SH-83224,J-2025-05801,2025-10-23,46,2025-11-13,True,
SH-83225,J-2025-05803,2025-10-17,62,2025-10-23,True,
SH-83226,J-2025-05804,2025-10-15,88,2025-10-16,True,
SH-83227,J-2025-05806,2025-10-20,85,2025-10-23,True,
SH-83228,J-2025-05807,2025-11-05,24,2025-10-28,False,
SH-83229,J-2025-05809,2025-10-21,14,2025-10-30,True,
SH-83230,J-2025-05810,2025-10-24,8,2025-10-21,False,
SH-83231,J-2025-05812,2025-10-14,14,2025-10-16,True,
SH-83232,J-2025-05813,2025-10-15,3,2025-10-20,True,
SH-83233,J-2025-05814,2025-10-28,4,2025-11-06,True,
SH-83234,J-2025-05815,2025-10-20,57,2025-10-28,True,
SH-83235,J-2025-05817,2025-10-24,224,2025-11-07,True,
SH-83236,J-2025-05819,2025-10-29,179,2025-11-07,True,
SH-83237,J-2025-05820,2025-10-27,2,2025-11-03,True,
SH-83238,J-2025-05822,2025-10-21,41,2025-10-30,True,
SH-83239,J-2025-05824,2025-10-17,73,2025-10-31,True,
SH-83240,J-2025-05826,2025-10-23,44,2025-10-30,True,
SH-83241,J-2025-05828,2025-10-31,5,2025-11-21,True,
SH-83242,J-2025-05830,2025-10-24,18,2025-11-03,True,
SH-83243,J-2025-05831,2025-10-30,4,2025-11-07,True,
SH-83244,J-2025-05833,2025-10-23,20,2025-10-29,True,
SH-83245,J-2025-05835,2025-10-23,47,2025-11-05,True,
SH-83246,J-2025-05837,2025-10-17,7,2025-10-29,True,
SH-83247,J-2025-05839,2025-10-23,124,2025-11-03,True,
SH-83248,J-2025-05841,2025-10-31,20,2025-11-07,True,
SH-83249,J-2025-05842,2025-10-27,40,2025-11-06,True,
SH-83250,J-2025-05843,2025-10-20,30,2025-10-20,True,
SH-83251,J-2025-05845,2025-10-22,29,2025-11-14,True,
SH-83252,J-2025-05847,2025-10-24,12,2025-11-10,True,
SH-83253,J-2025-05849,2025-10-17,24,2025-10-27,True,
SH-83254,J-2025-05851,2025-10-24,500,2025-11-06,True,
SH-83255,J-2025-05852,2025-10-22,72,2025-10-31,True,
SH-83256,J-2025-05853,2025-10-17,82,2025-10-24,True,
SH-83257,J-2025-05854,2025-10-30,487,2025-11-13,True,
SH-83258,J-2025-05855,2025-11-04,20,2025-11-24,True,
SH-83259,J-2025-05857,2025-10-24,51,2025-11-11,True,
SH-83260,J-2025-05859,2025-10-27,72,2025-11-06,True,
SH-83261,J-2025-05861,2025-10-15,13,2025-10-20,True,
SH-83262,J-2025-05863,2025-10-22,96,2025-11-04,True,
SH-83263,J-2025-05864,2025-10-24,65,2025-10-29,True,
SH-83264,J-2025-05866,2025-10-27,2,2025-10-27,True,
SH-83265,J-2025-05867,2025-10-22,45,2025-10-30,True,
SH-83266,J-2025-05868,2025-10-30,18,2025-11-21,True,
SH-83267,J-2025-05870,2025-11-04,23,2025-11-10,True,
SH-83268,J-2025-05872,2025-10-27,30,2025-11-07,True,
SH-83269,J-2025-05873,2025-10-20,10,2025-11-03,True,
SH-83270,J-2025-05875,2025-10-30,66,2025-11-10,True,
SH-83271,J-2025-05876,2025-11-05,201,2025-11-10,True,
SH-83272,J-2025-05878,2025-10-27,18,2025-11-18,True,
SH-83273,J-2025-05879,2025-11-05,89,2025-11-18,True,
SH-83274,J-2025-05881,2025-10-24,40,2025-11-19,True,
SH-83275,J-2025-05882,2025-10-29,47,2025-11-10,True,
SH-83276,J-2025-05883,2025-10-23,9,2025-10-28,True,
SH-83277,J-2025-05884,2025-10-23,5,2025-10-29,True,
SH-83278,J-2025-05886,2025-10-29,14,2025-10-22,False,capacity
SH-83279,J-2025-05887,2025-10-22,82,2025-10-28,True,
SH-83280,J-2025-05889,2025-10-21,20,2025-10-29,True,
SH-83281,J-2025-05891,2025-10-28,8,2025-10-31,True,
SH-83282,J-2025-05892,2025-11-05,42,2025-11-10,True,
SH-83283,J-2025-05894,2025-10-30,60,2025-11-13,True,
SH-83284,J-2025-05896,2025-10-23,46,2025-10-30,True,
SH-83285,J-2025-05897,2025-10-17,2,2025-10-21,True,
SH-83286,J-2025-05899,2025-10-31,3,2025-11-11,True,
SH-83287,J-2025-05901,2025-10-24,3,2025-11-13,True,
SH-83288,J-2025-05903,2025-10-22,41,2025-11-03,True,
SH-83289,J-2025-05904,2025-11-07,4,2025-11-21,True,
SH-83290,J-2025-05906,2025-10-23,2,2025-11-07,True,
SH-83291,J-2025-05907,2025-10-24,22,2025-11-10,True,
SH-83292,J-2025-05909,2025-11-03,56,2025-11-11,True,
SH-83293,J-2025-05910,2025-10-31,159,2025-12-04,True,
SH-83294,J-2025-05912,2025-10-23,124,2025-11-10,True,
SH-83295,J-2025-05914,2025-10-24,22,2025-11-04,True,
SH-83296,J-2025-05916,2025-10-28,106,2025-11-03,True,
SH-83297,J-2025-05918,2025-10-24,57,2025-11-14,True,
SH-83298,J-2025-05920,2025-10-21,9,2025-11-04,True,
SH-83299,J-2025-05921,2025-10-30,39,2025-11-11,True,
SH-83300,J-2025-05923,2025-10-23,413,2025-11-17,True,
SH-83301,J-2025-05925,2025-10-24,39,2025-11-13,True,
SH-83302,J-2025-05926,2025-10-22,14,2025-11-10,True,
SH-83303,J-2025-05928,2025-10-23,20,2025-10-31,True,
SH-83304,J-2025-05929,2025-10-24,54,2025-10-30,True,
SH-83305,J-2025-05930,2025-10-22,65,2025-10-21,False,capacity
SH-83306,J-2025-05931,2025-10-20,7,2025-10-28,True,
SH-83307,J-2025-05933,2025-10-17,22,2025-10-22,True,
SH-83308,J-2025-05934,2025-11-13,28,2025-11-12,False,material
SH-83309,J-2025-05936,2025-10-31,11,2025-11-18,True,
SH-83310,J-2025-05937,2025-10-21,39,2025-10-30,True,
SH-83311,J-2025-05939,2025-10-24,2,2025-11-05,True,
SH-83312,J-2025-05940,2025-10-21,18,2025-10-29,True,
SH-83313,J-2025-05942,2025-10-22,47,2025-10-29,True,
SH-83314,J-2025-05944,2025-10-31,56,2025-11-20,True,
SH-83315,J-2025-05946,2025-10-31,59,2025-11-19,True,
SH-83316,J-2025-05947,2025-10-29,25,2025-11-12,True,
SH-83317,J-2025-05949,2025-10-22,41,2025-10-29,True,
SH-83318,J-2025-05950,2025-11-17,13,2025-11-12,False,material
SH-83319,J-2025-05952,2025-10-23,21,2025-10-22,False,capacity
SH-83320,J-2025-05953,2025-10-24,37,2025-11-04,True,
SH-83321,J-2025-05954,2025-10-24,7,2025-11-05,True,
SH-83322,J-2025-05955,2025-10-27,7,2025-11-07,True,
SH-83323,J-2025-05957,2025-10-30,40,2025-11-10,True,
SH-83324,J-2025-05959,2025-10-24,23,2025-10-23,False,material
SH-83325,J-2025-05961,2025-10-30,124,2025-11-12,True,
SH-83326,J-2025-05963,2025-10-23,55,2025-11-21,True,
SH-83327,J-2025-05965,2025-11-03,43,2025-11-13,True,
SH-83328,J-2025-05967,2025-11-06,11,2025-11-18,True,
SH-83329,J-2025-05968,2025-10-29,8,2025-11-13,True,
SH-83330,J-2025-05969,2025-10-23,13,2025-10-23,True,
SH-83331,J-2025-05971,2025-10-31,18,2025-11-11,True,
SH-83332,J-2025-05973,2025-10-31,500,2025-11-25,True,
SH-83333,J-2025-05975,2025-10-23,3,2025-10-22,False,capacity
SH-83334,J-2025-05976,2025-10-23,8,2025-11-10,True,
SH-83335,J-2025-05977,2025-10-31,12,2025-11-13,True,
SH-83336,J-2025-05979,2025-11-05,6,2025-11-13,True,
SH-83337,J-2025-05981,2025-11-03,80,2025-11-05,True,
SH-83338,J-2025-05982,2025-10-21,8,2025-10-23,True,
SH-83339,J-2025-05984,2025-11-04,3,2025-11-11,True,
SH-83340,J-2025-05985,2025-10-30,11,2025-11-13,True,
SH-83341,J-2025-05986,2025-10-30,50,2025-11-10,True,
SH-83342,J-2025-05988,2025-10-23,35,2025-11-04,True,
SH-83343,J-2025-05989,2025-11-06,64,2025-11-07,True,
SH-83344,J-2025-05991,2025-10-29,31,2025-10-27,False,capacity
SH-83345,J-2025-05992,2025-10-31,14,2025-11-17,True,
SH-83346,J-2025-05993,2025-10-30,6,2025-11-14,True,
SH-83347,J-2025-05994,2025-10-24,10,2025-11-12,True,
SH-83348,J-2025-05996,2025-10-27,10,2025-11-12,True,
SH-83349,J-2025-05998,2025-11-07,10,2025-11-26,True,
SH-83350,J-2025-06000,2025-10-24,6,2025-11-13,True,
SH-83351,J-2025-06002,2025-10-27,18,2025-11-11,True,
SH-83352,J-2025-06004,2025-10-30,39,2025-11-07,True,
SH-83353,J-2025-06006,2025-10-31,40,2025-11-17,True,
SH-83354,J-2025-06008,2025-10-29,34,2025-11-05,True,
SH-83355,J-2025-06010,2025-10-24,21,2025-11-11,True,
SH-83356,J-2025-06012,2025-10-27,20,2025-11-03,True,
SH-83357,J-2025-06013,2025-10-30,46,2025-11-03,True,
SH-83358,J-2025-06014,2025-11-05,361,2025-10-30,False,capacity
SH-83359,J-2025-06015,2025-10-22,49,2025-10-27,True,
SH-83360,J-2025-06017,2025-10-30,7,2025-11-17,True,
SH-83361,J-2025-06019,2025-10-27,84,2025-12-02,True,
SH-83362,J-2025-06020,2025-10-30,78,2025-11-17,True,
SH-83363,J-2025-06022,2025-10-29,14,2025-11-14,True,
SH-83364,J-2025-06023,2025-10-29,23,2025-10-28,False,material
SH-83365,J-2025-06024,2025-10-30,24,2025-11-11,True,
SH-83366,J-2025-06025,2025-11-07,31,2025-11-20,True,
SH-83367,J-2025-06027,2025-10-30,15,2025-11-06,True,
SH-83368,J-2025-06029,2025-10-30,18,2025-11-11,True,
SH-83369,J-2025-06031,2025-10-28,2,2025-11-04,True,
SH-83370,J-2025-06033,2025-10-29,94,2025-11-07,True,
SH-83371,J-2025-06034,2025-11-04,237,2025-11-11,True,
SH-83372,J-2025-06036,2025-10-27,12,2025-10-28,True,
SH-83373,J-2025-06037,2025-10-24,3,2025-11-03,True,
SH-83374,J-2025-06038,2025-11-05,23,2025-11-12,True,
SH-83375,J-2025-06039,2025-11-03,2,2025-11-14,True,
SH-83376,J-2025-06040,2025-10-30,24,2025-11-05,True,
SH-83377,J-2025-06042,2025-10-27,4,2025-11-10,True,
SH-83378,J-2025-06043,2025-10-27,7,2025-11-03,True,
SH-83379,J-2025-06045,2025-10-28,55,2025-11-06,True,
SH-83380,J-2025-06046,2025-10-24,7,2025-11-04,True,
SH-83381,J-2025-06047,2025-10-29,5,2025-11-10,True,
SH-83382,J-2025-06048,2025-11-12,307,2025-11-17,True,
SH-83383,J-2025-06049,2025-11-12,139,2025-11-17,True,
SH-83384,J-2025-06050,2025-10-24,24,2025-10-27,True,
SH-83385,J-2025-06052,2025-10-27,12,2025-10-28,True,
SH-83386,J-2025-06054,2025-10-30,16,2025-11-12,True,
SH-83387,J-2025-06056,2025-11-03,95,2025-11-17,True,
SH-83388,J-2025-06057,2025-11-03,7,2025-11-17,True,
SH-83389,J-2025-06059,2025-10-27,31,2025-11-06,True,
SH-83390,J-2025-06060,2025-10-24,30,2025-10-24,True,
SH-83391,J-2025-06061,2025-11-03,14,2025-11-17,True,
SH-83392,J-2025-06063,2025-10-31,5,2025-11-11,True,
SH-83393,J-2025-06065,2025-10-24,8,2025-11-10,True,
SH-83394,J-2025-06066,2025-11-04,13,2025-12-10,True,
SH-83395,J-2025-06067,2025-11-04,18,2025-10-29,False,
SH-83396,J-2025-06068,2025-11-03,30,2025-11-18,True,
SH-83397,J-2025-06069,2025-10-28,53,2025-11-04,True,
SH-83398,J-2025-06070,2025-10-27,5,2025-11-04,True,
SH-83399,J-2025-06071,2025-10-29,183,2025-11-11,True,
SH-83400,J-2025-06072,2025-10-27,68,2025-11-13,True,
SH-83401,J-2025-06074,2025-10-31,27,2025-11-06,True,
SH-83402,J-2025-06075,2025-10-31,107,2025-11-07,True,
SH-83403,J-2025-06077,2025-10-29,32,2025-11-04,True,
SH-83404,J-2025-06079,2025-10-30,22,2025-11-19,True,
SH-83405,J-2025-06081,2025-11-04,54,2025-11-06,True,
SH-83406,J-2025-06083,2025-10-23,23,2025-10-30,True,
SH-83407,J-2025-06084,2025-10-23,12,2025-11-05,True,
SH-83408,J-2025-06085,2025-11-07,2,2025-11-18,True,
SH-83409,J-2025-06087,2025-10-29,37,2025-11-10,True,
SH-83410,J-2025-06088,2025-10-30,11,2025-11-13,True,
SH-83411,J-2025-06089,2025-10-29,40,2025-11-07,True,
SH-83412,J-2025-06091,2025-10-31,44,2025-11-18,True,
SH-83413,J-2025-06092,2025-10-30,42,2025-11-13,True,
SH-83414,J-2025-06093,2025-11-10,50,2025-11-21,True,
SH-83415,J-2025-06094,2025-10-30,64,2025-11-11,True,
SH-83416,J-2025-06095,2025-10-30,21,2025-11-13,True,
SH-83417,J-2025-06097,2025-11-05,140,2025-11-18,True,
SH-83418,J-2025-06098,2025-11-04,18,2025-11-26,True,
SH-83419,J-2025-06099,2025-11-04,6,2025-12-05,True,
SH-83420,J-2025-06101,2025-10-29,73,2025-11-06,True,
SH-83421,J-2025-06102,2025-10-27,59,2025-11-04,True,
SH-83422,J-2025-06103,2025-11-05,5,2025-11-13,True,
SH-83423,J-2025-06104,2025-11-06,20,2025-11-19,True,
SH-83424,J-2025-06106,2025-10-29,5,2025-11-05,True,
SH-83425,J-2025-06108,2025-10-30,19,2025-11-05,True,
SH-83426,J-2025-06110,2025-10-30,15,2025-11-21,True,
SH-83427,J-2025-06112,2025-11-04,24,2025-11-13,True,
SH-83428,J-2025-06114,2025-11-21,194,2025-11-26,True,
SH-83429,J-2025-06116,2025-10-28,37,2025-10-29,True,
SH-83430,J-2025-06118,2025-10-31,42,2025-11-06,True,
SH-83431,J-2025-06120,2025-11-12,18,2025-11-20,True,
SH-83432,J-2025-06122,2025-10-29,8,2025-11-04,True,
SH-83433,J-2025-06123,2025-10-29,15,2025-11-03,True,
SH-83434,J-2025-06125,2025-11-10,11,2025-12-05,True,
SH-83435,J-2025-06126,2025-10-28,15,2025-11-06,True,
SH-83436,J-2025-06127,2025-10-28,59,2025-11-06,True,
SH-83437,J-2025-06128,2025-11-11,37,2025-11-20,True,
SH-83438,J-2025-06129,2025-11-05,75,2025-11-13,True,
SH-83439,J-2025-06131,2025-11-05,2,2025-11-14,True,
SH-83440,J-2025-06133,2025-10-31,13,2025-12-01,True,
SH-83441,J-2025-06135,2025-11-05,19,2025-11-14,True,
SH-83442,J-2025-06137,2025-11-06,133,2025-11-26,True,
SH-83443,J-2025-06138,2025-11-10,54,2025-12-05,True,
SH-83444,J-2025-06139,2025-10-30,17,2025-11-13,True,
SH-83445,J-2025-06141,2025-11-06,183,2025-11-14,True,
SH-83446,J-2025-06143,2025-10-30,51,2025-11-12,True,
SH-83447,J-2025-06145,2025-11-04,4,2025-11-06,True,
SH-83448,J-2025-06147,2025-11-03,11,2025-11-13,True,
SH-83449,J-2025-06149,2025-11-18,500,2025-11-21,True,
SH-83450,J-2025-06150,2025-10-31,17,2025-11-20,True,
SH-83451,J-2025-06152,2025-10-30,1,2025-11-11,True,
SH-83452,J-2025-06153,2025-11-03,12,2025-11-17,True,
SH-83453,J-2025-06155,2025-11-03,8,2025-11-11,True,
SH-83454,J-2025-06156,2025-11-04,50,2025-11-11,True,
SH-83455,J-2025-06158,2025-10-30,30,2025-11-10,True,
SH-83456,J-2025-06160,2025-11-13,171,2025-12-01,True,
SH-83457,J-2025-06162,2025-11-13,19,2025-11-21,True,
SH-83458,J-2025-06164,2025-11-07,63,2025-11-21,True,
SH-83459,J-2025-06166,2025-11-05,89,2025-11-17,True,
SH-83460,J-2025-06167,2025-10-30,1,2025-11-04,True,
SH-83461,J-2025-06168,2025-11-03,18,2025-11-17,True,
SH-83462,J-2025-06170,2025-10-31,47,2025-11-14,True,
SH-83463,J-2025-06171,2025-11-04,11,2025-11-10,True,
SH-83464,J-2025-06172,2025-11-11,60,2025-11-20,True,
SH-83465,J-2025-06174,2025-10-30,4,2025-11-12,True,
SH-83466,J-2025-06176,2025-10-31,24,2025-11-26,True,
SH-83467,J-2025-06177,2025-10-31,27,2025-11-12,True,
SH-83468,J-2025-06178,2025-11-04,15,2025-11-12,True,
SH-83469,J-2025-06180,2025-10-29,6,2025-11-05,True,
SH-83470,J-2025-06181,2025-11-12,72,2025-12-03,True,
SH-83471,J-2025-06183,2025-11-03,16,2025-11-14,True,
SH-83472,J-2025-06184,2025-11-05,2,2025-11-19,True,
SH-83473,J-2025-06185,2025-11-07,6,2025-11-24,True,
SH-83474,J-2025-06186,2025-11-07,31,2025-11-24,True,
SH-83475,J-2025-06187,2025-11-03,31,2025-11-17,True,
SH-83476,J-2025-06188,2025-10-31,53,2025-11-12,True,
SH-83477,J-2025-06190,2025-11-03,13,2025-11-14,True,
SH-83478,J-2025-06192,2025-10-31,9,2025-11-10,True,
SH-83479,J-2025-06193,2025-11-03,15,2025-12-02,True,
SH-83480,J-2025-06195,2025-11-03,3,2025-11-14,True,
SH-83481,J-2025-06197,2025-10-31,28,2025-11-11,True,
SH-83482,J-2025-06199,2025-11-04,55,2025-11-20,True,
SH-83483,J-2025-06200,2025-11-05,20,2025-12-05,True,
SH-83484,J-2025-06201,2025-10-30,10,2025-10-31,True,
SH-83485,J-2025-06203,2025-11-06,4,2025-11-25,True,
SH-83486,J-2025-06204,2025-11-05,34,2025-11-18,True,
SH-83487,J-2025-06206,2025-11-11,11,2025-11-21,True,
SH-83488,J-2025-06207,2025-11-04,30,2025-11-06,True,
SH-83489,J-2025-06208,2025-11-17,15,2025-11-24,True,
SH-83490,J-2025-06210,2025-11-14,30,2025-11-24,True,
SH-83491,J-2025-06211,2025-10-31,25,2025-11-05,True,
SH-83492,J-2025-06212,2025-11-26,25,2025-11-24,False,capacity
SH-83493,J-2025-06213,2025-11-12,18,2025-12-04,True,
SH-83494,J-2025-06214,2025-11-05,41,2025-11-11,True,
SH-83495,J-2025-06216,2025-11-06,34,2025-11-14,True,
SH-83496,J-2025-06218,2025-11-11,27,2025-11-25,True,
SH-83497,J-2025-06219,2025-10-30,4,2025-11-06,True,
SH-83498,J-2025-06220,2025-11-03,8,2025-11-04,True,
SH-83499,J-2025-06222,2025-11-13,2,2025-11-25,True,
SH-83500,J-2025-06224,2025-11-04,24,2025-11-07,True,
SH-83501,J-2025-06226,2025-11-03,31,2025-11-11,True,
SH-83502,J-2025-06228,2025-10-30,3,2025-11-05,True,
SH-83503,J-2025-06230,2025-11-06,36,2025-11-13,True,
SH-83504,J-2025-06231,2025-11-05,18,2025-11-11,True,
SH-83505,J-2025-06233,2025-11-12,105,2025-12-01,True,
SH-83506,J-2025-06234,2025-11-07,8,2025-11-21,True,
SH-83507,J-2025-06235,2025-11-13,114,2025-11-13,True,
SH-83508,J-2025-06237,2025-11-05,156,2025-11-05,True,
SH-83509,J-2025-06239,2025-11-04,3,2025-11-06,True,
SH-83510,J-2025-06241,2025-11-11,4,2025-11-20,True,
SH-83511,J-2025-06243,2025-11-05,23,2025-11-19,True,
SH-83512,J-2025-06245,2025-11-05,11,2025-11-10,True,
SH-83513,J-2025-06246,2025-11-06,64,2025-11-21,True,
SH-83514,J-2025-06248,2025-10-31,6,2025-11-06,True,
SH-83515,J-2025-06249,2025-11-06,99,2025-12-12,True,
SH-83516,J-2025-06250,2025-11-05,82,2025-11-13,True,
SH-83517,J-2025-06251,2025-11-20,40,2025-11-20,True,
SH-83518,J-2025-06253,2025-11-03,14,2025-11-04,True,
SH-83519,J-2025-06255,2025-11-07,47,2025-11-24,True,
SH-83520,J-2025-06257,2025-11-13,7,2025-11-26,True,
SH-83521,J-2025-06258,2025-11-13,37,2025-11-26,True,
SH-83522,J-2025-06259,2025-11-06,152,2025-12-22,True,
SH-83523,J-2025-06260,2025-11-18,15,2025-11-26,True,
SH-83524,J-2025-06261,2025-11-25,16,2025-11-26,True,
SH-83525,J-2025-06262,2025-11-12,41,2025-11-21,True,
SH-83526,J-2025-06264,2025-11-03,51,2025-11-06,True,
SH-83527,J-2025-06265,2025-11-07,13,2025-11-14,True,
SH-83528,J-2025-06266,2025-11-12,74,2025-11-13,True,
SH-83529,J-2025-06268,2025-11-06,25,2025-11-17,True,
SH-83530,J-2025-06270,2025-11-10,5,2025-12-15,True,
SH-83531,J-2025-06271,2025-11-07,12,2025-11-18,True,
SH-83532,J-2025-06272,2025-11-04,15,2025-11-10,True,
SH-83533,J-2025-06273,2025-11-12,52,2026-01-06,True,
SH-83534,J-2025-06275,2025-11-07,6,2025-11-26,True,
SH-83535,J-2025-06277,2025-11-18,25,2025-11-10,False,
SH-83536,J-2025-06278,2025-11-17,44,2025-12-01,True,
SH-83537,J-2025-06279,2025-11-06,6,2025-11-10,True,
SH-83538,J-2025-06280,2025-11-07,4,2025-11-13,True,
SH-83539,J-2025-06281,2025-11-19,42,2025-12-01,True,
SH-83540,J-2025-06282,2025-11-11,84,2025-12-01,True,
SH-83541,J-2025-06283,2025-11-10,30,2025-11-17,True,
SH-83542,J-2025-06285,2025-11-05,4,2025-11-17,True,
SH-83543,J-2025-06286,2025-11-13,10,2025-11-25,True,
SH-83544,J-2025-06288,2025-11-13,7,2025-12-01,True,
SH-83545,J-2025-06290,2025-11-14,24,2025-12-01,True,
SH-83546,J-2025-06292,2025-11-05,13,2025-11-12,True,
SH-83547,J-2025-06293,2025-11-07,69,2025-12-03,True,
SH-83548,J-2025-06295,2025-11-05,5,2025-11-19,True,
SH-83549,J-2025-06296,2025-11-07,4,2025-11-14,True,
SH-83550,J-2025-06297,2025-11-07,25,2025-11-14,True,
SH-83551,J-2025-06299,2025-11-10,84,2025-11-14,True,
SH-83552,J-2025-06301,2025-11-12,2,2025-11-19,True,
SH-83553,J-2025-06303,2025-11-05,9,2025-11-14,True,
SH-83554,J-2025-06305,2025-11-17,25,2025-12-02,True,
SH-83555,J-2025-06307,2025-11-06,46,2025-11-18,True,
SH-83556,J-2025-06309,2025-11-13,17,2025-11-26,True,
SH-83557,J-2025-06311,2025-11-11,11,2025-11-24,True,
SH-83558,J-2025-06313,2025-11-05,10,2025-11-11,True,
SH-83559,J-2025-06315,2025-11-21,10,2025-12-02,True,
SH-83560,J-2025-06317,2025-11-06,11,2025-11-14,True,
SH-83561,J-2025-06319,2025-11-12,20,2025-11-24,True,
SH-83562,J-2025-06320,2025-11-07,8,2025-11-14,True,
SH-83563,J-2025-06322,2025-11-07,170,2025-11-10,True,
SH-83564,J-2025-06324,2025-11-26,21,2025-12-02,True,
SH-83565,J-2025-06326,2025-11-25,5,2025-12-02,True,
SH-83566,J-2025-06327,2025-12-01,28,2025-11-17,False,material
SH-83567,J-2025-06329,2025-11-13,26,2025-12-02,True,
SH-83568,J-2025-06330,2025-11-14,18,2025-11-14,True,
SH-83569,J-2025-06331,2025-11-07,25,2025-11-20,True,
SH-83570,J-2025-06332,2025-11-11,19,2025-12-05,True,
SH-83571,J-2025-06334,2025-11-12,18,2025-11-14,True,
SH-83572,J-2025-06336,2025-11-06,60,2025-11-11,True,
SH-83573,J-2025-06337,2025-11-12,4,2025-12-15,True,
SH-83574,J-2025-06338,2025-11-19,75,2025-12-03,True,
SH-83575,J-2025-06339,2025-11-12,38,2025-11-17,True,
SH-83576,J-2025-06340,2025-11-14,19,2025-12-15,True,
SH-83577,J-2025-06342,2025-11-11,51,2025-11-18,True,
SH-83578,J-2025-06344,2025-11-13,81,2025-11-24,True,
SH-83579,J-2025-06346,2025-11-21,41,2025-12-03,True,
SH-83580,J-2025-06347,2025-11-18,13,2025-11-26,True,
SH-83581,J-2025-06349,2025-11-14,4,2025-11-24,True,
SH-83582,J-2025-06351,2025-11-13,2,2025-11-14,True,
SH-83583,J-2025-06352,2025-11-07,223,2025-11-12,True,
SH-83584,J-2025-06354,2025-11-06,23,2025-11-14,True,
SH-83585,J-2025-06355,2025-11-07,49,2025-11-13,True,
SH-83586,J-2025-06356,2025-11-19,20,2025-11-20,True,
SH-83587,J-2025-06358,2025-11-12,82,2025-11-19,True,
SH-83588,J-2025-06359,2025-11-13,4,2025-11-26,True,
SH-83589,J-2025-06361,2025-11-12,2,2025-11-20,True,
SH-83590,J-2025-06363,2025-11-13,22,2025-12-01,True,
SH-83591,J-2025-06364,2025-11-13,69,2025-11-17,True,
SH-83592,J-2025-06366,2025-11-19,6,2025-11-25,True,
SH-83593,J-2025-06367,2025-11-14,48,2025-12-09,True,
SH-83594,J-2025-06369,2025-11-11,42,2025-11-19,True,
SH-83595,J-2025-06371,2025-11-06,53,2025-11-18,True,
SH-83596,J-2025-06373,2025-11-12,63,2025-12-01,True,
SH-83597,J-2025-06374,2025-11-10,34,2025-11-25,True,
SH-83598,J-2025-06375,2025-11-11,17,2025-11-19,True,
SH-83599,J-2025-06376,2025-11-13,9,2025-11-26,True,
SH-83600,J-2025-06377,2025-11-10,70,2025-11-25,True,
SH-83601,J-2025-06378,2025-11-26,67,2025-12-03,True,
SH-83602,J-2025-06379,2025-11-17,70,2025-11-24,True,
SH-83603,J-2025-06380,2025-11-10,38,2025-12-04,True,
SH-83604,J-2025-06382,2025-11-20,139,2025-11-24,True,
SH-83605,J-2025-06383,2025-11-24,500,2025-12-03,True,
SH-83606,J-2025-06385,2025-11-17,6,2025-11-17,True,
SH-83607,J-2025-06387,2025-11-13,7,2025-12-02,True,
SH-83608,J-2025-06389,2025-11-17,48,2025-12-03,True,
SH-83609,J-2025-06390,2025-11-13,8,2025-11-19,True,
SH-83610,J-2025-06392,2025-11-18,16,2025-12-10,True,
SH-83611,J-2025-06393,2025-12-03,34,2025-12-04,True,
SH-83612,J-2025-06395,2025-11-19,22,2025-11-25,True,
SH-83613,J-2025-06396,2025-11-13,14,2025-11-25,True,
SH-83614,J-2025-06398,2025-11-13,17,2025-11-24,True,
SH-83615,J-2025-06399,2025-11-11,31,2025-11-20,True,
SH-83616,J-2025-06400,2025-11-24,290,2025-12-04,True,
SH-83617,J-2025-06402,2025-11-13,6,2025-12-03,True,
SH-83618,J-2025-06404,2025-11-24,23,2025-12-04,True,
SH-83619,J-2025-06405,2025-11-13,40,2025-11-18,True,
SH-83620,J-2025-06406,2025-11-14,6,2025-11-21,True,
SH-83621,J-2025-06408,2025-11-14,5,2025-11-25,True,
SH-83622,J-2025-06409,2025-11-12,46,2025-11-21,True,
SH-83623,J-2025-06411,2025-11-25,55,2025-11-20,False,other
SH-83624,J-2025-06412,2025-11-11,45,2025-12-01,True,
SH-83625,J-2025-06413,2025-12-04,210,2025-12-04,True,
SH-83626,J-2025-06415,2025-11-11,22,2025-12-10,True,
SH-83627,J-2025-06416,2025-11-12,14,2025-12-10,True,
SH-83628,J-2025-06417,2025-11-19,30,2025-11-18,False,capacity
SH-83629,J-2025-06418,2025-11-25,3,2025-12-15,True,
SH-83630,J-2025-06420,2025-11-11,62,2025-11-26,True,
SH-83631,J-2025-06421,2025-11-24,83,2025-12-05,True,
SH-83632,J-2025-06422,2025-11-12,15,2025-11-21,True,
SH-83633,J-2025-06423,2025-11-18,22,2025-12-09,True,
SH-83634,J-2025-06425,2025-11-13,58,2025-12-19,True,
SH-83635,J-2025-06427,2025-11-10,13,2025-11-13,True,
SH-83636,J-2025-06428,2025-11-12,14,2025-11-25,True,
SH-83637,J-2025-06430,2025-11-26,7,2025-12-05,True,
SH-83638,J-2025-06432,2025-11-14,22,2026-01-08,True,
SH-83639,J-2025-06434,2025-12-02,24,2025-12-05,True,
SH-83640,J-2025-06435,2025-11-20,45,2025-12-03,True,
SH-83641,J-2025-06436,2025-11-25,60,2025-11-25,True,
SH-83642,J-2025-06437,2025-11-20,22,2025-11-26,True,
SH-83643,J-2025-06439,2025-11-18,112,2025-12-05,True,
SH-83644,J-2025-06440,2025-12-03,64,2025-12-12,True,
SH-83645,J-2025-06442,2025-11-11,91,2025-11-17,True,
SH-83646,J-2025-06444,2025-11-18,26,2025-11-20,True,
SH-83647,J-2025-06445,2025-11-18,28,2025-12-08,True,
SH-83648,J-2025-06446,2025-11-11,18,2025-11-13,True,
SH-83649,J-2025-06448,2025-11-11,40,2025-11-24,True,
SH-83650,J-2025-06449,2025-11-18,36,2025-11-21,True,
SH-83651,J-2025-06450,2025-11-13,59,2025-12-02,True,
SH-83652,J-2025-06452,2025-11-18,8,2025-12-08,True,
SH-83653,J-2025-06453,2025-11-18,21,2025-12-08,True,
SH-83654,J-2025-06455,2025-11-24,43,2025-12-08,True,
SH-83655,J-2025-06457,2025-11-20,56,2025-12-17,True,
SH-83656,J-2025-06459,2025-11-12,2,2026-01-05,True,
SH-83657,J-2025-06461,2025-11-11,18,2025-11-13,True,
SH-83658,J-2025-06463,2025-11-14,13,2025-12-03,True,
SH-83659,J-2025-06465,2025-11-19,28,2025-12-08,True,
SH-83660,J-2025-06466,2025-11-20,50,2025-12-01,True,
SH-83661,J-2025-06468,2025-11-12,97,2025-11-20,True,
SH-83662,J-2025-06470,2025-11-21,61,2025-12-02,True,
SH-83663,J-2025-06471,2025-11-19,37,2025-12-02,True,
SH-83664,J-2025-06473,2025-11-20,26,2026-01-02,True,
SH-83665,J-2025-06474,2025-11-20,17,2025-12-09,True,
SH-83666,J-2025-06476,2025-11-18,7,2025-11-19,True,
SH-83667,J-2025-06477,2025-11-20,3,2025-12-02,True,
SH-83668,J-2025-06478,2025-11-12,14,2025-11-19,True,
SH-83669,J-2025-06479,2025-11-13,3,2025-11-25,True,
SH-83670,J-2025-06480,2025-12-05,35,2025-12-09,True,
SH-83671,J-2025-06481,2025-11-18,6,2025-11-14,False,capacity
SH-83672,J-2025-06483,2025-11-24,109,2025-12-09,True,
SH-83673,J-2025-06484,2025-11-18,12,2025-12-05,True,
SH-83674,J-2025-06485,2025-11-13,13,2025-11-24,True,
SH-83675,J-2025-06487,2025-11-18,9,2025-12-03,True,
SH-83676,J-2025-06488,2025-11-18,58,2025-12-05,True,
SH-83677,J-2025-06489,2025-11-18,63,2025-12-09,True,
SH-83678,J-2025-06490,2025-11-25,107,2025-12-05,True,
SH-83679,J-2025-06492,2025-11-20,4,2025-12-19,True,
SH-83680,J-2025-06494,2025-11-26,206,2025-12-10,True,
SH-83681,J-2025-06496,2025-11-18,5,2025-12-08,True,
SH-83682,J-2025-06498,2025-11-18,1,2025-11-18,True,
SH-83683,J-2025-06499,2025-11-25,11,2025-12-09,True,
SH-83684,J-2025-06500,2025-11-14,14,2025-11-20,True,
SH-83685,J-2025-06501,2025-12-01,19,2025-12-10,True,
SH-83686,J-2025-06503,2025-11-17,99,2025-11-19,True,
SH-83687,J-2025-06504,2025-11-24,20,2025-12-11,True,
SH-83688,J-2025-06505,2025-11-24,5,2025-12-08,True,
SH-83689,J-2025-06507,2025-11-24,12,2025-12-10,True,
SH-83690,J-2025-06508,2025-11-14,68,2025-11-24,True,
SH-83691,J-2025-06510,2025-11-18,54,2025-12-10,True,
SH-83692,J-2025-06511,2025-11-18,19,2025-11-18,True,
SH-83693,J-2025-06512,2025-11-14,100,2025-11-24,True,
SH-83694,J-2025-06513,2025-11-24,109,2025-12-08,True,
SH-83695,J-2025-06515,2025-11-25,22,2025-12-12,True,
SH-83696,J-2025-06517,2025-11-19,13,2025-12-03,True,
SH-83697,J-2025-06519,2025-11-24,125,2025-12-03,True,
SH-83698,J-2025-06521,2025-11-19,16,2025-11-24,True,
SH-83699,J-2025-06522,2025-11-21,82,2025-12-22,True,
SH-83700,J-2025-06524,2025-12-04,51,2025-12-10,True,
SH-83701,J-2025-06525,2025-11-13,31,2025-11-18,True,
SH-83702,J-2025-06526,2025-11-18,7,2025-11-24,True,
SH-83703,J-2025-06527,2025-11-17,3,2025-12-03,True,
SH-83704,J-2025-06529,2025-11-21,380,2025-11-25,True,
SH-83705,J-2025-06531,2025-11-26,23,2025-12-11,True,
SH-83706,J-2025-06533,2025-11-17,111,2025-11-25,True,
SH-83707,J-2025-06535,2025-11-26,24,2025-12-18,True,
SH-83708,J-2025-06537,2025-11-14,13,2025-11-17,True,
SH-83709,J-2025-06538,2025-11-18,1,2025-11-14,False,other
SH-83710,J-2025-06540,2025-12-01,78,2025-11-21,False,
SH-83711,J-2025-06541,2025-11-24,16,2025-11-24,True,
SH-83712,J-2025-06543,2025-12-06,2,2025-12-11,True,
SH-83713,J-2025-06544,2025-11-17,14,2025-11-20,True,
SH-83714,J-2025-06546,2025-11-17,28,2025-11-17,True,
SH-83715,J-2025-06548,2025-11-20,105,2025-12-11,True,
SH-83716,J-2025-06549,2025-11-18,4,2025-12-04,True,
SH-83717,J-2025-06551,2025-12-11,7,2025-12-11,True,
SH-83718,J-2025-06552,2025-11-24,19,2025-12-04,True,
SH-83719,J-2025-06553,2025-11-17,13,2025-11-18,True,
SH-83720,J-2025-06554,2025-12-15,38,2025-12-17,True,
SH-83721,J-2025-06556,2025-12-01,86,2025-12-09,True,
SH-83722,J-2025-06558,2025-12-02,31,2025-12-11,True,
SH-83723,J-2025-06560,2025-11-19,44,2025-11-25,True,
SH-83724,J-2025-06561,2025-11-20,38,2025-12-01,True,
SH-83725,J-2025-06563,2025-12-09,12,2025-12-12,True,
SH-83726,J-2025-06565,2025-11-19,20,2025-12-03,True,
SH-83727,J-2025-06566,2025-11-24,18,2025-11-19,False,other
SH-83728,J-2025-06567,2025-12-09,493,2025-12-05,False,material
SH-83729,J-2025-06569,2025-11-14,14,2025-11-17,True,
SH-83730,J-2025-06570,2025-12-03,39,2025-12-10,True,
SH-83731,J-2025-06571,2025-12-01,6,2025-12-16,True,
SH-83732,J-2025-06573,2025-12-08,168,2025-12-19,True,
SH-83733,J-2025-06575,2025-11-19,20,2025-11-26,True,
SH-83734,J-2025-06577,2025-11-20,29,2025-12-18,True,
SH-83735,J-2025-06578,2025-11-20,8,2025-12-08,True,
SH-83736,J-2025-06579,2025-11-20,254,2025-11-20,True,
SH-83737,J-2025-06581,2025-11-20,36,2025-12-03,True,
SH-83738,J-2025-06582,2025-11-19,22,2025-12-11,True,
SH-83739,J-2025-06584,2025-11-19,109,2025-12-04,True,
SH-83740,J-2025-06586,2025-12-08,74,2025-12-17,True,
SH-83741,J-2025-06587,2025-11-19,61,2025-11-26,True,
SH-83742,J-2025-06588,2025-12-04,31,2025-12-16,True,
SH-83743,J-2025-06590,2025-11-24,15,2025-12-09,True,
SH-83744,J-2025-06592,2025-12-08,5,2025-12-12,True,
SH-83745,J-2025-06593,2025-12-02,5,2025-12-12,True,
SH-83746,J-2025-06595,2025-11-20,10,2025-11-25,True,
SH-83747,J-2025-06596,2025-12-17,32,2026-01-05,True,
SH-83748,J-2025-06598,2025-12-01,25,2025-12-12,True,
SH-83749,J-2025-06600,2025-11-26,29,2025-12-09,True,
SH-83750,J-2025-06601,2025-11-25,18,2025-12-18,True,
SH-83751,J-2025-06603,2025-11-18,58,2025-11-19,True,
SH-83752,J-2025-06605,2025-12-11,8,2025-12-15,True,
SH-83753,J-2025-06606,2025-11-19,35,2025-12-03,True,
SH-83754,J-2025-06608,2025-11-19,26,2025-11-24,True,
SH-83755,J-2025-06609,2025-11-20,25,2025-12-01,True,
SH-83756,J-2025-06610,2025-11-20,33,2025-12-22,True,
SH-83757,J-2025-06611,2025-11-20,37,2025-12-01,True,
SH-83758,J-2025-06612,2025-11-25,69,2025-12-19,True,
SH-83759,J-2025-06613,2025-12-02,103,2025-12-10,True,
SH-83760,J-2025-06614,2025-12-04,26,2025-12-10,True,
SH-83761,J-2025-06616,2025-11-20,20,2025-12-03,True,
SH-83762,J-2025-06617,2025-11-19,37,2025-12-09,True,
SH-83763,J-2025-06619,2025-11-24,40,2025-12-03,True,
SH-83764,J-2025-06620,2025-12-01,87,2025-12-16,True,
SH-83765,J-2025-06622,2025-12-01,3,2025-11-24,False,
SH-83766,J-2025-06624,2025-11-21,29,2025-12-01,True,
SH-83767,J-2025-06626,2025-11-26,263,2026-01-05,True,
SH-83768,J-2025-06627,2025-12-01,8,2025-12-01,True,
SH-83769,J-2025-06628,2025-11-24,2,2025-12-09,True,
SH-83770,J-2025-06630,2025-12-01,181,2025-12-05,True,
SH-83771,J-2025-06632,2025-12-01,22,2025-12-03,True,
SH-83772,J-2025-06634,2025-12-03,30,2025-12-15,True,
SH-83773,J-2025-06635,2025-11-19,88,2025-11-24,True,
SH-83774,J-2025-06636,2025-11-20,13,2025-11-25,True,
SH-83775,J-2025-06638,2025-11-19,10,2025-12-01,True,
SH-83776,J-2025-06639,2025-11-24,153,2025-11-26,True,
SH-83777,J-2025-06641,2025-11-26,15,2025-12-11,True,
SH-83778,J-2025-06643,2025-12-01,25,2025-12-10,True,
SH-83779,J-2025-06644,2025-12-04,28,2025-12-16,True,
SH-83780,J-2025-06646,2025-11-21,24,2025-11-25,True,
SH-83781,J-2025-06648,2025-12-05,18,2026-01-13,True,
SH-83782,J-2025-06649,2025-11-25,5,2025-12-05,True,
SH-83783,J-2025-06651,2025-12-01,46,2026-01-06,True,
SH-83784,J-2025-06652,2025-12-12,69,2026-01-12,True,
SH-83785,J-2025-06654,2025-11-20,23,2025-11-20,True,
SH-83786,J-2025-06655,2025-11-25,8,2025-12-04,True,
SH-83787,J-2025-06658,2025-12-05,3,2025-12-16,True,
SH-83788,J-2025-06659,2025-12-06,30,2025-12-16,True,
SH-83789,J-2025-06661,2025-12-06,42,2025-12-23,True,
SH-83790,J-2025-06662,2025-12-04,8,2025-12-15,True,
SH-83791,J-2025-06664,2025-11-26,46,2025-12-05,True,
SH-83792,J-2025-06665,2025-11-24,8,2025-12-04,True,
SH-83793,J-2025-06666,2025-11-24,8,2025-11-24,True,
SH-83794,J-2025-06668,2025-12-05,5,2025-12-19,True,
SH-83795,J-2025-06669,2025-12-02,9,2025-12-03,True,
SH-83796,J-2025-06671,2025-11-26,149,2025-12-11,True,
SH-83797,J-2025-06673,2025-12-04,4,2026-01-08,True,
SH-83798,J-2025-06674,2025-11-26,34,2025-12-09,True,
SH-83799,J-2025-06675,2025-11-26,8,2025-12-04,True,
SH-83800,J-2025-06677,2025-12-01,33,2025-12-10,True,
SH-83801,J-2025-06678,2025-11-21,132,2025-12-01,True,
SH-83802,J-2025-06680,2025-12-04,98,2025-12-03,False,material
SH-83803,J-2025-06682,2025-11-26,17,2025-12-04,True,
SH-83804,J-2025-06684,2025-12-12,22,2025-12-18,True,
SH-83805,J-2025-06686,2025-11-26,180,2025-12-11,True,
SH-83806,J-2025-06687,2025-11-24,79,2025-12-03,True,
SH-83807,J-2025-06688,2025-11-24,4,2025-12-10,True,
SH-83808,J-2025-06690,2025-11-26,119,2025-12-08,True,
SH-83809,J-2025-06692,2025-12-01,115,2025-12-09,True,
SH-83810,J-2025-06693,2025-11-26,2,2025-11-25,False,capacity
SH-83811,J-2025-06694,2025-11-21,21,2025-11-26,True,
SH-83812,J-2025-06695,2025-12-04,15,2025-12-17,True,
SH-83813,J-2025-06697,2025-11-26,7,2025-12-04,True,
SH-83814,J-2025-06698,2025-11-24,15,2025-12-08,True,
SH-83815,J-2025-06700,2025-11-25,194,2025-11-25,True,
SH-83816,J-2025-06701,2025-12-05,107,2025-12-03,False,capacity
SH-83817,J-2025-06702,2025-12-01,21,2025-12-10,True,
SH-83818,J-2025-06704,2025-12-10,129,2025-12-17,True,
SH-83819,J-2025-06705,2025-12-01,5,2025-12-10,True,
SH-83820,J-2025-06706,2025-12-02,45,2025-12-10,True,
SH-83821,J-2025-06708,2025-12-05,14,2025-12-11,True,
SH-83822,J-2025-06709,2025-12-04,1,2025-12-10,True,
SH-83823,J-2025-06711,2025-11-25,17,2025-12-05,True,
SH-83824,J-2025-06712,2025-12-15,3,2025-12-17,True,
SH-83825,J-2025-06714,2025-12-06,23,2025-12-17,True,
SH-83826,J-2025-06715,2025-12-01,29,2025-12-10,True,
SH-83827,J-2025-06716,2025-12-01,215,2025-12-10,True,
SH-83828,J-2025-06717,2025-12-02,75,2025-12-10,True,
SH-83829,J-2025-06719,2025-11-24,10,2025-11-25,True,
SH-83830,J-2025-06720,2025-11-24,11,2025-12-04,True,
SH-83831,J-2025-06721,2025-12-05,20,2025-12-17,True,
SH-83832,J-2025-06723,2025-12-05,28,2025-12-17,True,
SH-83833,J-2025-06725,2025-11-26,120,2025-11-26,True,
SH-83834,J-2025-06727,2025-11-20,40,2025-11-25,True,
SH-83835,J-2025-06728,2025-12-02,2,2025-12-11,True,
SH-83836,J-2025-06730,2025-12-08,45,2025-11-25,False,capacity
SH-83837,J-2025-06732,2025-12-05,35,2025-12-04,False,capacity
SH-83838,J-2025-06733,2025-12-10,16,2025-12-12,True,
SH-83839,J-2025-06735,2025-12-01,21,2025-12-11,True,
SH-83840,J-2025-06737,2025-11-21,28,2025-11-25,True,
SH-83841,J-2025-06739,2025-12-02,25,2025-12-10,True,
SH-83842,J-2025-06740,2025-12-06,25,2025-12-19,True,
SH-83843,J-2025-06741,2025-11-26,7,2025-12-08,True,
SH-83844,J-2025-06742,2025-12-12,27,2025-12-04,False,material
SH-83845,J-2025-06743,2025-12-02,45,2025-12-22,True,
SH-83846,J-2025-06745,2025-12-05,28,2025-12-18,True,
SH-83847,J-2025-06746,2025-12-01,54,2025-12-09,True,
SH-83848,J-2025-06747,2025-12-05,23,2025-12-08,True,
SH-83849,J-2025-06749,2025-12-04,64,2025-11-26,False,
SH-83850,J-2025-06751,2025-11-26,20,2025-12-05,True,
SH-83851,J-2025-06753,2025-12-09,75,2025-12-17,True,
SH-83852,J-2025-06754,2025-12-16,9,2025-12-12,False,material
SH-83853,J-2025-06756,2025-12-01,36,2025-12-09,True,
SH-83854,J-2025-06757,2025-12-04,17,2025-12-17,True,
SH-83855,J-2025-06758,2025-12-05,140,2025-12-17,True,
SH-83856,J-2025-06760,2025-12-04,11,2025-12-17,True,
SH-83857,J-2025-06762,2025-12-03,5,2025-12-08,True,
SH-83858,J-2025-06764,2025-12-03,32,2025-12-15,True,
SH-83859,J-2025-06766,2025-11-24,17,2025-12-03,True,
SH-83860,J-2025-06767,2025-12-03,226,2025-12-09,True,
SH-83861,J-2025-06768,2025-12-12,24,2025-12-22,True,
SH-83862,J-2025-06769,2025-12-04,6,2025-12-09,True,
SH-83863,J-2025-06770,2025-12-11,3,2025-12-18,True,
SH-83864,J-2025-06772,2025-12-09,22,2025-12-19,True,
SH-83865,J-2025-06773,2025-12-02,4,2025-12-05,True,
SH-83866,J-2025-06774,2025-11-26,44,2025-12-03,True,
SH-83867,J-2025-06775,2025-12-02,38,2025-12-03,True,
SH-83868,J-2025-06776,2025-12-12,73,2026-01-22,True,
SH-83869,J-2025-06778,2025-12-15,9,2025-12-19,True,
SH-83870,J-2025-06779,2025-12-12,100,2025-12-19,True,
SH-83871,J-2025-06780,2025-12-10,50,2025-12-12,True,
SH-83872,J-2025-06782,2025-12-10,61,2025-12-18,True,
SH-83873,J-2025-06783,2025-12-02,67,2025-12-15,True,
SH-83874,J-2025-06784,2025-12-09,25,2025-12-15,True,
SH-83875,J-2025-06785,2025-12-08,12,2025-12-10,True,
SH-83876,J-2025-06787,2025-12-17,12,2026-01-06,True,
SH-83877,J-2025-06788,2025-12-11,500,2025-12-01,False,capacity
SH-83878,J-2025-06789,2025-12-05,31,2025-12-15,True,
SH-83879,J-2025-06790,2025-11-25,67,2025-12-23,True,
SH-83880,J-2025-06792,2025-12-11,19,2025-12-23,True,
SH-83881,J-2025-06793,2025-12-01,37,2025-12-12,True,
SH-83882,J-2025-06795,2025-12-18,43,2025-12-22,True,
SH-83883,J-2025-06797,2025-12-09,1,2025-12-16,True,
SH-83884,J-2025-06799,2025-12-04,157,2025-12-15,True,
SH-83885,J-2025-06800,2025-12-15,24,2025-12-22,True,
SH-83886,J-2025-06801,2025-12-02,19,2025-12-10,True,
SH-83887,J-2025-06803,2025-12-15,2,2025-12-22,True,
SH-83888,J-2025-06805,2025-12-05,50,2025-12-15,True,
SH-83889,J-2025-06806,2025-12-12,202,2025-12-22,True,
SH-83890,J-2025-06807,2025-12-12,67,2025-12-22,True,
SH-83891,J-2025-06809,2025-12-16,36,2025-12-22,True,
SH-83892,J-2025-06810,2025-12-08,63,2025-12-08,True,
SH-83893,J-2025-06812,2025-11-25,33,2025-11-26,True,
SH-83894,J-2025-06813,2025-12-01,26,2026-01-02,True,
SH-83895,J-2025-06816,2025-12-17,54,2026-01-05,True,
SH-83896,J-2025-06818,2025-12-02,27,2025-12-02,True,
SH-83897,J-2025-06820,2025-12-04,107,2025-12-10,True,
SH-83898,J-2025-06822,2025-12-16,328,2025-12-23,True,
SH-83899,J-2025-06823,2025-12-04,11,2025-12-12,True,
SH-83900,J-2025-06824,2025-12-10,14,2025-12-16,True,
SH-83901,J-2025-06827,2025-12-02,34,2025-12-15,True,
SH-83902,J-2025-06829,2025-12-18,9,2026-01-06,True,
SH-83903,J-2025-06831,2025-12-12,117,2025-12-19,True,
SH-83904,J-2025-06833,2025-11-25,9,2025-12-04,True,
SH-83905,J-2025-06834,2025-12-09,1,2025-12-11,True,
SH-83906,J-2025-06836,2025-12-10,91,2025-12-23,True,
SH-83907,J-2025-06837,2025-12-12,8,2025-12-23,True,
SH-83908,J-2025-06839,2025-12-12,31,2025-12-17,True,
SH-83909,J-2025-06840,2025-11-25,12,2025-12-03,True,
SH-83910,J-2025-06841,2025-12-06,29,2025-12-23,True,
SH-83911,J-2025-06843,2025-12-17,10,2026-01-05,True,
SH-83912,J-2025-06844,2025-11-26,46,2025-12-04,True,
SH-83913,J-2025-06845,2025-12-10,37,2025-12-22,True,
SH-83914,J-2025-06846,2025-12-02,95,2025-12-03,True,
SH-83915,J-2025-06849,2025-12-06,49,2025-12-05,False,other
SH-83916,J-2025-06851,2025-12-03,2,2025-12-08,True,
SH-83917,J-2025-06852,2025-12-06,5,2025-12-08,True,
SH-83918,J-2025-06853,2025-12-18,26,2026-01-02,True,
SH-83919,J-2025-06855,2025-12-16,13,2026-01-02,True,
SH-83920,J-2025-06856,2025-12-19,40,2026-01-02,True,
SH-83921,J-2025-06857,2025-12-09,15,2025-12-16,True,
SH-83922,J-2025-06858,2025-12-19,11,2025-12-22,True,
SH-83923,J-2025-06860,2025-12-09,20,2025-12-12,True,
SH-83924,J-2025-06862,2025-12-16,8,2026-01-02,True,
SH-83925,J-2025-06864,2025-12-06,34,2025-12-10,True,
SH-83926,J-2025-06865,2025-12-05,158,2025-12-12,True,
SH-83927,J-2025-06866,2025-12-01,4,2025-12-04,True,
SH-83928,J-2025-06867,2025-12-02,88,2025-12-05,True,
SH-83929,J-2025-06868,2025-12-09,35,2025-12-17,True,
SH-83930,J-2025-06870,2025-12-03,20,2025-12-04,True,
SH-83931,J-2025-06871,2025-12-09,20,2025-12-18,True,
SH-83932,J-2025-06872,2025-12-04,83,2025-12-10,True,
SH-83933,J-2025-06874,2025-12-09,9,2025-12-19,True,
SH-83934,J-2025-06875,2025-12-02,4,2025-12-05,True,
SH-83935,J-2025-06877,2025-12-05,43,2025-12-11,True,
SH-83936,J-2025-06878,2025-12-19,33,2026-01-06,True,
SH-83937,J-2025-06881,2025-12-10,97,2025-12-18,True,
SH-83938,J-2025-06882,2025-12-22,7,2026-01-08,True,
SH-83939,J-2025-06884,2025-12-16,72,2025-12-19,True,
SH-83940,J-2025-06886,2025-12-10,67,2025-12-16,True,
SH-83941,J-2025-06888,2025-12-05,259,2025-12-17,True,
SH-83942,J-2025-06889,2025-12-04,55,2025-12-08,True,
SH-83943,J-2025-06891,2025-12-12,13,2025-12-19,True,
SH-83944,J-2025-06893,2025-12-15,12,2025-12-22,True,
SH-83945,J-2025-06895,2025-12-16,14,2025-12-23,True,
SH-83946,J-2025-06896,2025-12-01,73,2025-12-03,True,
SH-83947,J-2025-06899,2025-12-05,67,2025-12-10,True,
SH-83948,J-2025-06901,2025-12-09,11,2025-12-12,True,
SH-83949,J-2025-06902,2025-12-11,20,2025-12-11,True,
SH-83950,J-2025-06904,2025-12-09,27,2025-12-19,True,
SH-83951,J-2025-06906,2025-12-16,9,2025-12-16,True,
SH-83952,J-2025-06908,2025-12-08,29,2025-12-17,True,
SH-83953,J-2025-06910,2025-12-06,76,2025-12-15,True,
SH-83954,J-2025-06912,2025-12-23,10,2026-01-05,True,
SH-83955,J-2025-06915,2025-12-08,50,2025-12-16,True,
SH-83956,J-2025-06916,2025-12-16,95,2025-12-22,True,
SH-83957,J-2025-06918,2025-12-19,41,2026-01-02,True,
SH-83958,J-2025-06919,2025-12-09,10,2025-12-05,False,capacity
SH-83959,J-2025-06921,2025-12-10,42,2025-12-12,True,
SH-83960,J-2025-06923,2025-12-04,2,2025-12-12,True,
SH-83961,J-2025-06926,2025-12-09,1,2025-12-18,True,
SH-83962,J-2025-06929,2025-12-17,26,2026-01-05,True,
SH-83963,J-2025-06931,2025-12-17,37,2026-01-05,True,
SH-83964,J-2025-06932,2025-12-19,38,2025-12-18,False,material
SH-83965,J-2025-06933,2025-12-15,9,2025-12-18,True,
SH-83966,J-2025-06936,2025-12-09,45,2025-12-16,True,
SH-83967,J-2025-06938,2025-12-04,7,2025-12-11,True,
SH-83968,J-2025-06940,2025-12-04,3,2025-12-12,True,
SH-83969,J-2025-06942,2025-12-09,141,2025-12-11,True,
SH-83970,J-2025-06948,2025-12-12,2,2025-12-18,True,
SH-83971,J-2025-06950,2025-12-16,16,2026-01-02,True,
SH-83972,J-2025-06954,2025-12-11,19,2025-12-18,True,
SH-83973,J-2025-06956,2025-12-15,106,2025-12-18,True,
SH-83974,J-2025-06957,2025-12-04,12,2025-12-11,True,
SH-83975,J-2025-06959,2025-12-05,21,2025-12-11,True,
SH-83976,J-2025-06962,2025-12-15,12,2026-01-05,True,
SH-83977,J-2025-06964,2025-12-09,122,2025-12-17,True,
SH-83978,J-2025-06965,2025-12-04,17,2025-12-03,False,other
SH-83979,J-2025-06966,2025-12-10,2,2025-12-18,True,
SH-83980,J-2025-06967,2025-12-19,64,2026-01-06,True,
SH-83981,J-2025-06969,2025-12-03,13,2025-12-11,True,
SH-83982,J-2025-06970,2025-12-18,12,2026-01-02,True,
SH-83983,J-2025-06972,2025-12-12,6,2026-01-02,True,
SH-83984,J-2025-06975,2025-12-05,9,2025-12-08,True,
SH-83985,J-2025-06977,2025-12-22,10,2026-01-06,True,
SH-83986,J-2025-06978,2025-12-15,224,2025-12-17,True,
SH-83987,J-2025-06979,2025-12-12,74,2025-12-17,True,
SH-83988,J-2025-06980,2025-12-06,5,2025-12-16,True,
SH-83989,J-2025-06983,2025-12-11,134,2025-12-19,True,
SH-83990,J-2025-06984,2025-12-11,13,2025-12-15,True,
SH-83991,J-2025-06985,2025-12-12,94,2025-12-18,True,
SH-83992,J-2025-06987,2025-12-10,15,2025-12-19,True,
SH-83993,J-2025-06988,2025-12-17,127,2025-12-12,False,other
SH-83994,J-2025-06989,2025-12-17,8,2026-01-02,True,
SH-83995,J-2025-06991,2025-12-20,81,2026-01-02,True,
SH-83996,J-2025-06993,2025-12-20,5,2026-01-07,True,
SH-83997,J-2025-06994,2025-12-11,30,2025-12-17,True,
SH-83998,J-2025-06997,2025-12-03,1,2025-12-11,True,
SH-83999,J-2025-06999,2025-12-12,11,2025-12-16,True,
SH-84000,J-2025-07002,2025-12-16,8,2025-12-23,True,
SH-84001,J-2025-07003,2025-12-18,17,2026-01-06,True,
SH-84002,J-2025-07004,2025-12-03,118,2025-12-05,True,
SH-84003,J-2025-07006,2025-12-17,11,2025-12-23,True,
SH-84004,J-2025-07008,2025-12-16,56,2025-12-22,True,
SH-84005,J-2025-07009,2025-12-12,46,2025-12-22,True,
SH-84006,J-2025-07011,2025-12-23,13,2026-01-07,True,
SH-84007,J-2025-07013,2025-12-11,29,2025-12-18,True,
SH-84008,J-2025-07014,2025-12-11,18,2025-12-12,True,
SH-84009,J-2025-07016,2025-12-11,21,2025-12-18,True,
SH-84010,J-2025-07017,2025-12-23,2,2026-01-08,True,
SH-84011,J-2025-07021,2025-12-16,154,2025-12-23,True,
SH-84012,J-2025-07023,2025-12-17,72,2026-01-06,True,
SH-84013,J-2025-07024,2025-12-20,10,2026-01-07,True,
SH-84014,J-2025-07025,2025-12-11,15,2025-12-17,True,
SH-84015,J-2025-07027,2025-12-15,1,2025-12-22,True,
SH-84016,J-2025-07029,2025-12-10,14,2025-12-17,True,
SH-84017,J-2025-07030,2025-12-12,12,2025-12-22,True,
SH-84018,J-2025-07032,2025-12-15,88,2025-12-22,True,
SH-84019,J-2025-07034,2025-12-23,39,2026-01-07,True,
SH-84020,J-2025-07036,2025-12-19,48,2026-01-05,True,
SH-84021,J-2025-07037,2025-12-22,39,2026-01-02,True,
SH-84022,J-2025-07038,2025-12-17,20,2026-01-07,True,
SH-84023,J-2025-07040,2025-12-17,73,2025-12-23,True,
SH-84024,J-2025-07041,2025-12-12,27,2025-12-19,True,
SH-84025,J-2025-07042,2025-12-22,27,2026-01-07,True,
SH-84026,J-2025-07043,2025-12-09,114,2025-12-17,True,
SH-84027,J-2025-07045,2025-12-10,129,2025-12-09,False,capacity
SH-84028,J-2025-07046,2025-12-22,7,2026-01-21,True,
SH-84029,J-2025-07049,2025-12-16,18,2026-01-02,True,
SH-84030,J-2025-07050,2025-12-06,8,2025-12-10,True,
SH-84031,J-2025-07051,2025-12-08,4,2025-12-09,True,
SH-84032,J-2025-07054,2025-12-15,13,2025-12-18,True,
SH-84033,J-2025-07055,2025-12-17,21,2025-12-23,True,
SH-84034,J-2025-07056,2025-12-12,16,2025-12-17,True,
SH-84035,J-2025-07057,2025-12-09,17,2025-12-15,True,
SH-84036,J-2025-07059,2025-12-17,48,2026-01-07,True,
SH-84037,J-2025-07060,2025-12-19,159,2026-01-07,True,
SH-84038,J-2025-07062,2025-12-19,90,2026-01-07,True,
SH-84039,J-2025-07063,2025-12-16,4,2025-12-23,True,
SH-84040,J-2025-07065,2025-12-12,10,2025-12-22,True,
SH-84041,J-2025-07066,2025-12-10,8,2025-12-17,True,
SH-84042,J-2025-07068,2025-12-11,39,2025-12-22,True,
SH-84043,J-2025-07072,2025-12-23,8,2026-01-08,True,
SH-84044,J-2025-07073,2025-12-15,50,2025-12-17,True,
SH-84045,J-2025-07075,2025-12-05,6,2025-12-09,True,
SH-84046,J-2025-07077,2025-12-16,9,2025-12-23,True,
SH-84047,J-2025-07078,2025-12-05,40,2025-12-10,True,
SH-84048,J-2025-07080,2025-12-18,7,2025-12-10,False,capacity
SH-84049,J-2025-07082,2025-12-10,30,2025-12-23,True,
SH-84050,J-2025-07084,2025-12-09,11,2025-12-16,True,
SH-84051,J-2025-07085,2025-12-10,31,2025-12-17,True,
SH-84052,J-2025-07086,2025-12-20,13,2026-01-06,True,
SH-84053,J-2025-07088,2025-12-19,17,2025-12-19,True,
SH-84054,J-2025-07090,2025-12-20,62,2026-01-08,True,
SH-84055,J-2025-07091,2025-12-15,20,2025-12-19,True,
SH-84056,J-2025-07093,2025-12-23,72,2026-01-02,True,
SH-84057,J-2025-07094,2025-12-12,63,2025-12-22,True,
SH-84058,J-2025-07096,2025-12-11,16,2025-12-19,True,
SH-84059,J-2025-07099,2025-12-11,75,2025-12-23,True,
SH-84060,J-2025-07101,2025-12-08,8,2025-12-10,True,
SH-84061,J-2025-07103,2025-12-22,51,2026-01-09,True,
SH-84062,J-2025-07105,2025-12-19,25,2026-01-05,True,
SH-84063,J-2025-07107,2025-12-16,12,2026-01-02,True,
SH-84064,J-2025-07109,2025-12-16,9,2026-01-02,True,
SH-84065,J-2025-07112,2025-12-17,169,2025-12-22,True,
SH-84066,J-2025-07113,2025-12-23,12,2026-01-02,True,
SH-84067,J-2025-07114,2025-12-16,107,2025-12-23,True,
SH-84068,J-2025-07116,2025-12-23,146,2026-01-12,True,
SH-84069,J-2025-07121,2025-12-11,11,2025-12-18,True,
SH-84070,J-2025-07123,2025-12-19,88,2025-12-22,True,
SH-84071,J-2025-07126,2025-12-17,42,2026-01-06,True,
SH-84072,J-2025-07127,2025-12-23,137,2026-01-07,True,
SH-84073,J-2025-07129,2025-12-16,118,2026-01-06,True,
SH-84074,J-2025-07130,2025-12-15,4,2025-12-16,True,
SH-84075,J-2025-07135,2025-12-11,46,2025-12-17,True,
SH-84076,J-2025-07139,2025-12-16,22,2025-12-23,True,
SH-84077,J-2025-07146,2025-12-15,40,2025-12-23,True,
SH-84078,J-2025-07147,2025-12-17,4,2025-12-16,False,
SH-84079,J-2025-07149,2025-12-20,138,2025-12-22,True,
SH-84080,J-2025-07150,2025-12-12,113,2025-12-22,True,
SH-84081,J-2025-07151,2025-12-16,48,2026-01-12,True,
SH-84082,J-2025-07163,2025-12-23,10,2026-01-06,True,
SH-84083,J-2025-07165,2025-12-18,10,2026-01-06,True,
SH-84084,J-2025-07169,2025-12-11,16,2025-12-17,True,
SH-84085,J-2025-07173,2025-12-16,152,2025-12-22,True,
SH-84086,J-2025-07178,2025-12-18,27,2025-12-22,True,
SH-84087,J-2025-07179,2025-12-15,14,2025-12-16,True,
SH-84088,J-2025-07182,2025-12-18,79,2025-12-17,False,capacity
SH-84089,J-2025-07183,2025-12-18,12,2025-12-22,True,
SH-84090,J-2025-07185,2025-12-19,369,2026-01-02,True,
SH-84091,J-2025-07187,2025-12-15,6,2025-12-17,True,
SH-84092,J-2025-07188,2025-12-22,4,2026-01-05,True,
SH-84093,J-2025-07190,2025-12-22,16,2026-01-06,True,
SH-84094,J-2025-07193,2025-12-16,43,2025-12-23,True,
SH-84095,J-2025-07197,2025-12-23,24,2026-01-09,True,
SH-84096,J-2025-07199,2025-12-16,32,2026-01-06,True,
SH-84097,J-2025-07205,2025-12-17,18,2026-01-06,True,
SH-84098,J-2025-07206,2025-12-12,28,2025-12-15,True,
SH-84099,J-2025-07208,2025-12-17,12,2025-12-23,True,
SH-84100,J-2025-07210,2025-12-12,6,2025-12-18,True,
SH-84101,J-2025-07214,2025-12-12,17,2025-12-17,True,
SH-84102,J-2025-07218,2025-12-18,17,2025-12-17,False,other
SH-84103,J-2025-07220,2025-12-20,137,2026-01-19,True,
SH-84104,J-2025-07227,2025-12-20,11,2026-01-09,True,
SH-84105,J-2025-07230,2025-12-23,46,2026-01-02,True,
SH-84106,J-2025-07236,2025-12-18,154,2025-12-19,True,
SH-84107,J-2025-07238,2025-12-18,57,2026-01-05,True,
SH-84108,J-2025-07246,2025-12-18,35,2025-12-23,True,
SH-84109,J-2025-07250,2025-12-20,25,2026-01-05,True,
SH-84110,J-2025-07255,2025-12-23,53,2026-01-06,True,
SH-84111,J-2025-07273,2025-12-23,60,2026-01-07,True,
SH-84112,J-2025-07274,2025-12-18,12,2025-12-19,True,
SH-84113,J-2025-07276,2025-12-23,24,2025-12-22,False,
SH-84114,J-2025-07285,2025-12-23,18,2025-12-23,True,
SH-84115,J-2025-07296,2025-12-19,154,2025-12-22,True,
SH-84116,J-2025-07306,2025-12-17,7,2025-12-19,True,
SH-84117,J-2025-07312,2025-12-22,39,2026-01-08,True,
SH-84118,J-2025-07314,2025-12-23,83,2026-01-08,True,
SH-84119,J-2025-07316,2025-12-18,59,2026-01-05,True,
SH-84120,J-2025-07344,2025-12-20,47,2025-12-22,True,
SH-84121,J-2025-07348,2025-12-18,12,2025-12-23,True,
SH-84122,J-2025-07361,2025-12-18,42,2025-12-19,True,
SH-84123,J-2025-07363,2025-12-22,7,2026-01-08,True,
SH-84124,J-2025-07366,2025-12-19,35,2025-12-23,True,
SH-84125,J-2025-07371,2025-12-20,255,2026-01-09,True,
SH-84126,J-2025-07382,2025-12-22,19,2026-01-05,True,
SH-84127,J-2025-07384,2025-12-22,103,2026-01-08,True,
SH-84128,J-2025-07385,2025-12-18,247,2026-01-02,True,
SH-84129,J-2025-07411,2025-12-23,32,2025-12-23,True,
SH-84130,J-2025-07472,2025-12-23,172,2026-01-06,True,
