work_center,calendar_date,scheduled_hours,machines,shifts,saturday,extended_hours
laser,2023-01-03,40.0,3,2,False,0.0
punch,2023-01-03,8.0,1,1,False,0.0
press_brake,2023-01-03,72.0,5,2,False,0.0
hardware,2023-01-03,16.0,2,1,False,0.0
weld,2023-01-03,48.0,6,1,False,0.0
robotic_weld,2023-01-03,8.0,1,1,False,0.0
grind_deburr,2023-01-03,16.0,2,1,False,0.0
powder_coat,2023-01-03,8.0,1,1,False,0.0
assembly,2023-01-03,16.0,2,1,False,0.0
inspection_pack,2023-01-03,16.0,2,1,False,0.0
laser,2023-01-04,40.0,3,2,False,0.0
punch,2023-01-04,8.0,1,1,False,0.0
press_brake,2023-01-04,72.0,5,2,False,0.0
hardware,2023-01-04,16.0,2,1,False,0.0
weld,2023-01-04,48.0,6,1,False,0.0
robotic_weld,2023-01-04,8.0,1,1,False,0.0
grind_deburr,2023-01-04,16.0,2,1,False,0.0
powder_coat,2023-01-04,8.0,1,1,False,0.0
assembly,2023-01-04,16.0,2,1,False,0.0
inspection_pack,2023-01-04,16.0,2,1,False,0.0
laser,2023-01-05,40.0,3,2,False,0.0
punch,2023-01-05,8.0,1,1,False,0.0
press_brake,2023-01-05,72.0,5,2,False,0.0
hardware,2023-01-05,16.0,2,1,False,0.0
weld,2023-01-05,48.0,6,1,False,0.0
robotic_weld,2023-01-05,8.0,1,1,False,0.0
grind_deburr,2023-01-05,16.0,2,1,False,0.0
powder_coat,2023-01-05,8.0,1,1,False,0.0
assembly,2023-01-05,16.0,2,1,False,0.0
inspection_pack,2023-01-05,16.0,2,1,False,0.0
laser,2023-01-06,40.0,3,2,False,0.0
punch,2023-01-06,8.0,1,1,False,0.0
press_brake,2023-01-06,72.0,5,2,False,0.0
hardware,2023-01-06,16.0,2,1,False,0.0
weld,2023-01-06,48.0,6,1,False,0.0
robotic_weld,2023-01-06,8.0,1,1,False,0.0
grind_deburr,2023-01-06,16.0,2,1,False,0.0
powder_coat,2023-01-06,8.0,1,1,False,0.0
assembly,2023-01-06,16.0,2,1,False,0.0
inspection_pack,2023-01-06,16.0,2,1,False,0.0
laser,2023-01-09,40.0,3,2,False,0.0
punch,2023-01-09,8.0,1,1,False,0.0
press_brake,2023-01-09,72.0,5,2,False,0.0
hardware,2023-01-09,16.0,2,1,False,0.0
weld,2023-01-09,48.0,6,1,False,0.0
robotic_weld,2023-01-09,8.0,1,1,False,0.0
grind_deburr,2023-01-09,16.0,2,1,False,0.0
powder_coat,2023-01-09,10.0,1,1,False,0.0
assembly,2023-01-09,16.0,2,1,False,0.0
inspection_pack,2023-01-09,16.0,2,1,False,0.0
laser,2023-01-10,40.0,3,2,False,0.0
punch,2023-01-10,8.0,1,1,False,0.0
press_brake,2023-01-10,72.0,5,2,False,0.0
hardware,2023-01-10,16.0,2,1,False,0.0
weld,2023-01-10,48.0,6,1,False,0.0
robotic_weld,2023-01-10,8.0,1,1,False,0.0
grind_deburr,2023-01-10,16.0,2,1,False,0.0
powder_coat,2023-01-10,8.0,1,1,False,0.0
assembly,2023-01-10,16.0,2,1,False,0.0
inspection_pack,2023-01-10,16.0,2,1,False,0.0
laser,2023-01-11,40.0,3,2,False,0.0
punch,2023-01-11,8.0,1,1,False,0.0
press_brake,2023-01-11,72.0,5,2,False,0.0
hardware,2023-01-11,16.0,2,1,False,0.0
weld,2023-01-11,48.0,6,1,False,0.0
robotic_weld,2023-01-11,8.0,1,1,False,0.0
grind_deburr,2023-01-11,16.0,2,1,False,0.0
powder_coat,2023-01-11,8.0,1,1,False,0.0
assembly,2023-01-11,16.0,2,1,False,0.0
inspection_pack,2023-01-11,16.0,2,1,False,0.0
laser,2023-01-12,40.0,3,2,False,0.0
punch,2023-01-12,8.0,1,1,False,0.0
press_brake,2023-01-12,72.0,5,2,False,0.0
hardware,2023-01-12,16.0,2,1,False,0.0
weld,2023-01-12,48.0,6,1,False,0.0
robotic_weld,2023-01-12,8.0,1,1,False,0.0
grind_deburr,2023-01-12,16.0,2,1,False,0.0
powder_coat,2023-01-12,8.0,1,1,False,0.0
assembly,2023-01-12,16.0,2,1,False,0.0
inspection_pack,2023-01-12,16.0,2,1,False,0.0
laser,2023-01-13,40.0,3,2,False,0.0
punch,2023-01-13,8.0,1,1,False,0.0
press_brake,2023-01-13,72.0,5,2,False,0.0
hardware,2023-01-13,16.0,2,1,False,0.0
weld,2023-01-13,48.0,6,1,False,0.0
robotic_weld,2023-01-13,8.0,1,1,False,0.0
grind_deburr,2023-01-13,16.0,2,1,False,0.0
powder_coat,2023-01-13,8.0,1,1,False,0.0
assembly,2023-01-13,16.0,2,1,False,0.0
inspection_pack,2023-01-13,16.0,2,1,False,0.0
laser,2023-01-16,40.0,3,2,False,0.0
punch,2023-01-16,8.0,1,1,False,0.0
press_brake,2023-01-16,72.0,5,2,False,0.0
hardware,2023-01-16,16.0,2,1,False,0.0
weld,2023-01-16,48.0,6,1,False,0.0
robotic_weld,2023-01-16,8.0,1,1,False,0.0
grind_deburr,2023-01-16,16.0,2,1,False,0.0
powder_coat,2023-01-16,8.0,1,1,False,0.0
assembly,2023-01-16,16.0,2,1,False,0.0
inspection_pack,2023-01-16,16.0,2,1,False,0.0
laser,2023-01-17,40.0,3,2,False,0.0
punch,2023-01-17,8.0,1,1,False,0.0
press_brake,2023-01-17,72.0,5,2,False,0.0
hardware,2023-01-17,16.0,2,1,False,0.0
weld,2023-01-17,48.0,6,1,False,0.0
robotic_weld,2023-01-17,8.0,1,1,False,0.0
grind_deburr,2023-01-17,16.0,2,1,False,0.0
powder_coat,2023-01-17,10.0,1,1,False,0.0
assembly,2023-01-17,16.0,2,1,False,0.0
inspection_pack,2023-01-17,16.0,2,1,False,0.0
laser,2023-01-18,40.0,3,2,False,0.0
punch,2023-01-18,8.0,1,1,False,0.0
press_brake,2023-01-18,72.0,5,2,False,0.0
hardware,2023-01-18,16.0,2,1,False,0.0
weld,2023-01-18,48.0,6,1,False,0.0
robotic_weld,2023-01-18,8.0,1,1,False,0.0
grind_deburr,2023-01-18,16.0,2,1,False,0.0
powder_coat,2023-01-18,8.0,1,1,False,0.0
assembly,2023-01-18,16.0,2,1,False,0.0
inspection_pack,2023-01-18,16.0,2,1,False,0.0
laser,2023-01-19,40.0,3,2,False,0.0
punch,2023-01-19,8.0,1,1,False,0.0
press_brake,2023-01-19,72.0,5,2,False,0.0
hardware,2023-01-19,16.0,2,1,False,0.0
weld,2023-01-19,48.0,6,1,False,0.0
robotic_weld,2023-01-19,8.0,1,1,False,0.0
grind_deburr,2023-01-19,16.0,2,1,False,0.0
powder_coat,2023-01-19,8.0,1,1,False,0.0
assembly,2023-01-19,16.0,2,1,False,0.0
inspection_pack,2023-01-19,16.0,2,1,False,0.0
laser,2023-01-20,40.0,3,2,False,0.0
punch,2023-01-20,8.0,1,1,False,0.0
press_brake,2023-01-20,72.0,5,2,False,0.0
hardware,2023-01-20,16.0,2,1,False,0.0
weld,2023-01-20,48.0,6,1,False,0.0
robotic_weld,2023-01-20,8.0,1,1,False,0.0
grind_deburr,2023-01-20,16.0,2,1,False,0.0
powder_coat,2023-01-20,8.0,1,1,False,0.0
assembly,2023-01-20,16.0,2,1,False,0.0
inspection_pack,2023-01-20,16.0,2,1,False,0.0
laser,2023-01-23,40.0,3,2,False,0.0
punch,2023-01-23,8.0,1,1,False,0.0
press_brake,2023-01-23,72.0,5,2,False,0.0
hardware,2023-01-23,16.0,2,1,False,0.0
weld,2023-01-23,48.0,6,1,False,0.0
robotic_weld,2023-01-23,8.0,1,1,False,0.0
grind_deburr,2023-01-23,16.0,2,1,False,0.0
powder_coat,2023-01-23,8.0,1,1,False,0.0
assembly,2023-01-23,16.0,2,1,False,0.0
inspection_pack,2023-01-23,16.0,2,1,False,0.0
laser,2023-01-24,40.0,3,2,False,0.0
punch,2023-01-24,8.0,1,1,False,0.0
press_brake,2023-01-24,72.0,5,2,False,0.0
hardware,2023-01-24,16.0,2,1,False,0.0
weld,2023-01-24,48.0,6,1,False,0.0
robotic_weld,2023-01-24,8.0,1,1,False,0.0
grind_deburr,2023-01-24,16.0,2,1,False,0.0
powder_coat,2023-01-24,10.0,1,1,False,0.0
assembly,2023-01-24,16.0,2,1,False,0.0
inspection_pack,2023-01-24,16.0,2,1,False,0.0
laser,2023-01-25,40.0,3,2,False,0.0
punch,2023-01-25,8.0,1,1,False,0.0
press_brake,2023-01-25,72.0,5,2,False,0.0
hardware,2023-01-25,16.0,2,1,False,0.0
weld,2023-01-25,48.0,6,1,False,0.0
robotic_weld,2023-01-25,8.0,1,1,False,0.0
grind_deburr,2023-01-25,16.0,2,1,False,0.0
powder_coat,2023-01-25,10.0,1,1,False,0.0
assembly,2023-01-25,16.0,2,1,False,0.0
inspection_pack,2023-01-25,16.0,2,1,False,0.0
laser,2023-01-26,40.0,3,2,False,0.0
punch,2023-01-26,8.0,1,1,False,0.0
press_brake,2023-01-26,72.0,5,2,False,0.0
hardware,2023-01-26,16.0,2,1,False,0.0
weld,2023-01-26,48.0,6,1,False,0.0
robotic_weld,2023-01-26,8.0,1,1,False,0.0
grind_deburr,2023-01-26,16.0,2,1,False,0.0
powder_coat,2023-01-26,8.0,1,1,False,0.0
assembly,2023-01-26,16.0,2,1,False,0.0
inspection_pack,2023-01-26,16.0,2,1,False,0.0
laser,2023-01-27,40.0,3,2,False,0.0
punch,2023-01-27,8.0,1,1,False,0.0
press_brake,2023-01-27,72.0,5,2,False,0.0
hardware,2023-01-27,16.0,2,1,False,0.0
weld,2023-01-27,48.0,6,1,False,0.0
robotic_weld,2023-01-27,8.0,1,1,False,0.0
grind_deburr,2023-01-27,16.0,2,1,False,0.0
powder_coat,2023-01-27,8.0,1,1,False,0.0
assembly,2023-01-27,16.0,2,1,False,0.0
inspection_pack,2023-01-27,16.0,2,1,False,0.0
laser,2023-01-30,40.0,3,2,False,0.0
punch,2023-01-30,8.0,1,1,False,0.0
press_brake,2023-01-30,72.0,5,2,False,0.0
hardware,2023-01-30,16.0,2,1,False,0.0
weld,2023-01-30,48.0,6,1,False,0.0
robotic_weld,2023-01-30,8.0,1,1,False,0.0
grind_deburr,2023-01-30,16.0,2,1,False,0.0
powder_coat,2023-01-30,8.0,1,1,False,0.0
assembly,2023-01-30,16.0,2,1,False,0.0
inspection_pack,2023-01-30,16.0,2,1,False,0.0
laser,2023-01-31,40.0,3,2,False,0.0
punch,2023-01-31,8.0,1,1,False,0.0
press_brake,2023-01-31,72.0,5,2,False,0.0
hardware,2023-01-31,16.0,2,1,False,0.0
weld,2023-01-31,48.0,6,1,False,0.0
robotic_weld,2023-01-31,8.0,1,1,False,0.0
grind_deburr,2023-01-31,16.0,2,1,False,0.0
powder_coat,2023-01-31,8.0,1,1,False,0.0
assembly,2023-01-31,16.0,2,1,False,0.0
inspection_pack,2023-01-31,16.0,2,1,False,0.0
laser,2023-02-01,40.0,3,2,False,0.0
punch,2023-02-01,8.0,1,1,False,0.0
press_brake,2023-02-01,72.0,5,2,False,0.0
hardware,2023-02-01,16.0,2,1,False,0.0
weld,2023-02-01,48.0,6,1,False,0.0
robotic_weld,2023-02-01,8.0,1,1,False,0.0
grind_deburr,2023-02-01,16.0,2,1,False,0.0
powder_coat,2023-02-01,8.0,1,1,False,0.0
assembly,2023-02-01,16.0,2,1,False,0.0
inspection_pack,2023-02-01,16.0,2,1,False,0.0
laser,2023-02-02,40.0,3,2,False,0.0
punch,2023-02-02,8.0,1,1,False,0.0
press_brake,2023-02-02,72.0,5,2,False,0.0
hardware,2023-02-02,16.0,2,1,False,0.0
weld,2023-02-02,48.0,6,1,False,0.0
robotic_weld,2023-02-02,8.0,1,1,False,0.0
grind_deburr,2023-02-02,16.0,2,1,False,0.0
powder_coat,2023-02-02,8.0,1,1,False,0.0
assembly,2023-02-02,16.0,2,1,False,0.0
inspection_pack,2023-02-02,16.0,2,1,False,0.0
laser,2023-02-03,40.0,3,2,False,0.0
punch,2023-02-03,8.0,1,1,False,0.0
press_brake,2023-02-03,72.0,5,2,False,0.0
hardware,2023-02-03,16.0,2,1,False,0.0
weld,2023-02-03,48.0,6,1,False,0.0
robotic_weld,2023-02-03,8.0,1,1,False,0.0
grind_deburr,2023-02-03,16.0,2,1,False,0.0
powder_coat,2023-02-03,8.0,1,1,False,0.0
assembly,2023-02-03,16.0,2,1,False,0.0
inspection_pack,2023-02-03,16.0,2,1,False,0.0
laser,2023-02-06,40.0,3,2,False,0.0
punch,2023-02-06,8.0,1,1,False,0.0
press_brake,2023-02-06,72.0,5,2,False,0.0
hardware,2023-02-06,16.0,2,1,False,0.0
weld,2023-02-06,48.0,6,1,False,0.0
robotic_weld,2023-02-06,8.0,1,1,False,0.0
grind_deburr,2023-02-06,16.0,2,1,False,0.0
powder_coat,2023-02-06,8.0,1,1,False,0.0
assembly,2023-02-06,16.0,2,1,False,0.0
inspection_pack,2023-02-06,16.0,2,1,False,0.0
laser,2023-02-07,40.0,3,2,False,0.0
punch,2023-02-07,8.0,1,1,False,0.0
press_brake,2023-02-07,72.0,5,2,False,0.0
hardware,2023-02-07,16.0,2,1,False,0.0
weld,2023-02-07,48.0,6,1,False,0.0
robotic_weld,2023-02-07,8.0,1,1,False,0.0
grind_deburr,2023-02-07,16.0,2,1,False,0.0
powder_coat,2023-02-07,8.0,1,1,False,0.0
assembly,2023-02-07,16.0,2,1,False,0.0
inspection_pack,2023-02-07,16.0,2,1,False,0.0
laser,2023-02-08,40.0,3,2,False,0.0
punch,2023-02-08,8.0,1,1,False,0.0
press_brake,2023-02-08,72.0,5,2,False,0.0
hardware,2023-02-08,16.0,2,1,False,0.0
weld,2023-02-08,48.0,6,1,False,0.0
robotic_weld,2023-02-08,8.0,1,1,False,0.0
grind_deburr,2023-02-08,16.0,2,1,False,0.0
powder_coat,2023-02-08,8.0,1,1,False,0.0
assembly,2023-02-08,16.0,2,1,False,0.0
inspection_pack,2023-02-08,16.0,2,1,False,0.0
laser,2023-02-09,40.0,3,2,False,0.0
punch,2023-02-09,8.0,1,1,False,0.0
press_brake,2023-02-09,72.0,5,2,False,0.0
hardware,2023-02-09,16.0,2,1,False,0.0
weld,2023-02-09,48.0,6,1,False,0.0
robotic_weld,2023-02-09,8.0,1,1,False,0.0
grind_deburr,2023-02-09,16.0,2,1,False,0.0
powder_coat,2023-02-09,8.0,1,1,False,0.0
assembly,2023-02-09,16.0,2,1,False,0.0
inspection_pack,2023-02-09,16.0,2,1,False,0.0
laser,2023-02-10,40.0,3,2,False,0.0
punch,2023-02-10,8.0,1,1,False,0.0
press_brake,2023-02-10,72.0,5,2,False,0.0
hardware,2023-02-10,16.0,2,1,False,0.0
weld,2023-02-10,48.0,6,1,False,0.0
robotic_weld,2023-02-10,8.0,1,1,False,0.0
grind_deburr,2023-02-10,16.0,2,1,False,0.0
powder_coat,2023-02-10,10.0,1,1,False,0.0
assembly,2023-02-10,16.0,2,1,False,0.0
inspection_pack,2023-02-10,16.0,2,1,False,0.0
laser,2023-02-13,40.0,3,2,False,0.0
punch,2023-02-13,8.0,1,1,False,0.0
press_brake,2023-02-13,72.0,5,2,False,0.0
hardware,2023-02-13,16.0,2,1,False,0.0
weld,2023-02-13,48.0,6,1,False,0.0
robotic_weld,2023-02-13,8.0,1,1,False,0.0
grind_deburr,2023-02-13,16.0,2,1,False,0.0
powder_coat,2023-02-13,8.0,1,1,False,0.0
assembly,2023-02-13,16.0,2,1,False,0.0
inspection_pack,2023-02-13,16.0,2,1,False,0.0
laser,2023-02-14,40.0,3,2,False,0.0
punch,2023-02-14,8.0,1,1,False,0.0
press_brake,2023-02-14,72.0,5,2,False,0.0
hardware,2023-02-14,16.0,2,1,False,0.0
weld,2023-02-14,48.0,6,1,False,0.0
robotic_weld,2023-02-14,8.0,1,1,False,0.0
grind_deburr,2023-02-14,16.0,2,1,False,0.0
powder_coat,2023-02-14,8.0,1,1,False,0.0
assembly,2023-02-14,16.0,2,1,False,0.0
inspection_pack,2023-02-14,16.0,2,1,False,0.0
laser,2023-02-15,40.0,3,2,False,0.0
punch,2023-02-15,8.0,1,1,False,0.0
press_brake,2023-02-15,72.0,5,2,False,0.0
hardware,2023-02-15,16.0,2,1,False,0.0
weld,2023-02-15,48.0,6,1,False,0.0
robotic_weld,2023-02-15,8.0,1,1,False,0.0
grind_deburr,2023-02-15,16.0,2,1,False,0.0
powder_coat,2023-02-15,10.0,1,1,False,0.0
assembly,2023-02-15,16.0,2,1,False,0.0
inspection_pack,2023-02-15,16.0,2,1,False,0.0
laser,2023-02-16,40.0,3,2,False,0.0
punch,2023-02-16,8.0,1,1,False,0.0
press_brake,2023-02-16,72.0,5,2,False,0.0
hardware,2023-02-16,16.0,2,1,False,0.0
weld,2023-02-16,48.0,6,1,False,0.0
robotic_weld,2023-02-16,8.0,1,1,False,0.0
grind_deburr,2023-02-16,16.0,2,1,False,0.0
powder_coat,2023-02-16,10.0,1,1,False,0.0
assembly,2023-02-16,16.0,2,1,False,0.0
inspection_pack,2023-02-16,16.0,2,1,False,0.0
laser,2023-02-17,40.0,3,2,False,0.0
punch,2023-02-17,8.0,1,1,False,0.0
press_brake,2023-02-17,72.0,5,2,False,0.0
hardware,2023-02-17,16.0,2,1,False,0.0
weld,2023-02-17,48.0,6,1,False,0.0
robotic_weld,2023-02-17,8.0,1,1,False,0.0
grind_deburr,2023-02-17,16.0,2,1,False,0.0
powder_coat,2023-02-17,8.0,1,1,False,0.0
assembly,2023-02-17,16.0,2,1,False,0.0
inspection_pack,2023-02-17,16.0,2,1,False,0.0
press_brake,2023-02-18,16.0,5,1,True,0.0
laser,2023-02-20,40.0,3,2,False,0.0
punch,2023-02-20,8.0,1,1,False,0.0
press_brake,2023-02-20,72.0,5,2,False,0.0
hardware,2023-02-20,16.0,2,1,False,0.0
weld,2023-02-20,48.0,6,1,False,0.0
robotic_weld,2023-02-20,8.0,1,1,False,0.0
grind_deburr,2023-02-20,16.0,2,1,False,0.0
powder_coat,2023-02-20,8.0,1,1,False,0.0
assembly,2023-02-20,16.0,2,1,False,0.0
inspection_pack,2023-02-20,16.0,2,1,False,0.0
laser,2023-02-21,40.0,3,2,False,0.0
punch,2023-02-21,8.0,1,1,False,0.0
press_brake,2023-02-21,72.0,5,2,False,0.0
hardware,2023-02-21,16.0,2,1,False,0.0
weld,2023-02-21,48.0,6,1,False,0.0
robotic_weld,2023-02-21,8.0,1,1,False,0.0
grind_deburr,2023-02-21,16.0,2,1,False,0.0
powder_coat,2023-02-21,10.0,1,1,False,0.0
assembly,2023-02-21,16.0,2,1,False,0.0
inspection_pack,2023-02-21,16.0,2,1,False,0.0
laser,2023-02-22,40.0,3,2,False,0.0
punch,2023-02-22,8.0,1,1,False,0.0
press_brake,2023-02-22,72.0,5,2,False,0.0
hardware,2023-02-22,16.0,2,1,False,0.0
weld,2023-02-22,48.0,6,1,False,0.0
robotic_weld,2023-02-22,8.0,1,1,False,0.0
grind_deburr,2023-02-22,16.0,2,1,False,0.0
powder_coat,2023-02-22,10.0,1,1,False,0.0
assembly,2023-02-22,16.0,2,1,False,0.0
inspection_pack,2023-02-22,16.0,2,1,False,0.0
laser,2023-02-23,40.0,3,2,False,0.0
punch,2023-02-23,8.0,1,1,False,0.0
press_brake,2023-02-23,72.0,5,2,False,0.0
hardware,2023-02-23,16.0,2,1,False,0.0
weld,2023-02-23,48.0,6,1,False,0.0
robotic_weld,2023-02-23,8.0,1,1,False,0.0
grind_deburr,2023-02-23,16.0,2,1,False,0.0
powder_coat,2023-02-23,8.0,1,1,False,0.0
assembly,2023-02-23,16.0,2,1,False,0.0
inspection_pack,2023-02-23,16.0,2,1,False,0.0
laser,2023-02-24,40.0,3,2,False,0.0
punch,2023-02-24,8.0,1,1,False,0.0
press_brake,2023-02-24,72.0,5,2,False,0.0
hardware,2023-02-24,16.0,2,1,False,0.0
weld,2023-02-24,48.0,6,1,False,0.0
robotic_weld,2023-02-24,8.0,1,1,False,0.0
grind_deburr,2023-02-24,16.0,2,1,False,0.0
powder_coat,2023-02-24,8.0,1,1,False,0.0
assembly,2023-02-24,16.0,2,1,False,0.0
inspection_pack,2023-02-24,16.0,2,1,False,0.0
laser,2023-02-27,40.0,3,2,False,0.0
punch,2023-02-27,8.0,1,1,False,0.0
press_brake,2023-02-27,72.0,5,2,False,0.0
hardware,2023-02-27,16.0,2,1,False,0.0
weld,2023-02-27,48.0,6,1,False,0.0
robotic_weld,2023-02-27,8.0,1,1,False,0.0
grind_deburr,2023-02-27,16.0,2,1,False,0.0
powder_coat,2023-02-27,8.0,1,1,False,0.0
assembly,2023-02-27,16.0,2,1,False,0.0
inspection_pack,2023-02-27,16.0,2,1,False,0.0
laser,2023-02-28,40.0,3,2,False,0.0
punch,2023-02-28,8.0,1,1,False,0.0
press_brake,2023-02-28,72.0,5,2,False,0.0
hardware,2023-02-28,16.0,2,1,False,0.0
weld,2023-02-28,48.0,6,1,False,0.0
robotic_weld,2023-02-28,8.0,1,1,False,0.0
grind_deburr,2023-02-28,16.0,2,1,False,0.0
powder_coat,2023-02-28,8.0,1,1,False,0.0
assembly,2023-02-28,16.0,2,1,False,0.0
inspection_pack,2023-02-28,16.0,2,1,False,0.0
laser,2023-03-01,40.0,3,2,False,0.0
punch,2023-03-01,8.0,1,1,False,0.0
press_brake,2023-03-01,72.0,5,2,False,0.0
hardware,2023-03-01,16.0,2,1,False,0.0
weld,2023-03-01,48.0,6,1,False,0.0
robotic_weld,2023-03-01,8.0,1,1,False,0.0
grind_deburr,2023-03-01,16.0,2,1,False,0.0
powder_coat,2023-03-01,8.0,1,1,False,0.0
assembly,2023-03-01,16.0,2,1,False,0.0
inspection_pack,2023-03-01,16.0,2,1,False,0.0
laser,2023-03-02,40.0,3,2,False,0.0
punch,2023-03-02,8.0,1,1,False,0.0
press_brake,2023-03-02,72.0,5,2,False,0.0
hardware,2023-03-02,16.0,2,1,False,0.0
weld,2023-03-02,48.0,6,1,False,0.0
robotic_weld,2023-03-02,8.0,1,1,False,0.0
grind_deburr,2023-03-02,16.0,2,1,False,0.0
powder_coat,2023-03-02,8.0,1,1,False,0.0
assembly,2023-03-02,16.0,2,1,False,0.0
inspection_pack,2023-03-02,16.0,2,1,False,0.0
laser,2023-03-03,40.0,3,2,False,0.0
punch,2023-03-03,8.0,1,1,False,0.0
press_brake,2023-03-03,72.0,5,2,False,0.0
hardware,2023-03-03,16.0,2,1,False,0.0
weld,2023-03-03,48.0,6,1,False,0.0
robotic_weld,2023-03-03,8.0,1,1,False,0.0
grind_deburr,2023-03-03,16.0,2,1,False,0.0
powder_coat,2023-03-03,8.0,1,1,False,0.0
assembly,2023-03-03,16.0,2,1,False,0.0
inspection_pack,2023-03-03,16.0,2,1,False,0.0
laser,2023-03-06,40.0,3,2,False,0.0
punch,2023-03-06,8.0,1,1,False,0.0
press_brake,2023-03-06,72.0,5,2,False,0.0
hardware,2023-03-06,16.0,2,1,False,0.0
weld,2023-03-06,48.0,6,1,False,0.0
robotic_weld,2023-03-06,8.0,1,1,False,0.0
grind_deburr,2023-03-06,16.0,2,1,False,0.0
powder_coat,2023-03-06,8.0,1,1,False,0.0
assembly,2023-03-06,16.0,2,1,False,0.0
inspection_pack,2023-03-06,16.0,2,1,False,0.0
laser,2023-03-07,40.0,3,2,False,0.0
punch,2023-03-07,8.0,1,1,False,0.0
press_brake,2023-03-07,72.0,5,2,False,0.0
hardware,2023-03-07,16.0,2,1,False,0.0
weld,2023-03-07,48.0,6,1,False,0.0
robotic_weld,2023-03-07,8.0,1,1,False,0.0
grind_deburr,2023-03-07,16.0,2,1,False,0.0
powder_coat,2023-03-07,8.0,1,1,False,0.0
assembly,2023-03-07,16.0,2,1,False,0.0
inspection_pack,2023-03-07,16.0,2,1,False,0.0
laser,2023-03-08,40.0,3,2,False,0.0
punch,2023-03-08,8.0,1,1,False,0.0
press_brake,2023-03-08,72.0,5,2,False,0.0
hardware,2023-03-08,16.0,2,1,False,0.0
weld,2023-03-08,48.0,6,1,False,0.0
robotic_weld,2023-03-08,8.0,1,1,False,0.0
grind_deburr,2023-03-08,16.0,2,1,False,0.0
powder_coat,2023-03-08,8.0,1,1,False,0.0
assembly,2023-03-08,16.0,2,1,False,0.0
inspection_pack,2023-03-08,16.0,2,1,False,0.0
laser,2023-03-09,40.0,3,2,False,0.0
punch,2023-03-09,8.0,1,1,False,0.0
press_brake,2023-03-09,72.0,5,2,False,0.0
hardware,2023-03-09,16.0,2,1,False,0.0
weld,2023-03-09,48.0,6,1,False,0.0
robotic_weld,2023-03-09,8.0,1,1,False,0.0
grind_deburr,2023-03-09,16.0,2,1,False,0.0
powder_coat,2023-03-09,8.0,1,1,False,0.0
assembly,2023-03-09,16.0,2,1,False,0.0
inspection_pack,2023-03-09,16.0,2,1,False,0.0
laser,2023-03-10,40.0,3,2,False,0.0
punch,2023-03-10,8.0,1,1,False,0.0
press_brake,2023-03-10,72.0,5,2,False,0.0
hardware,2023-03-10,16.0,2,1,False,0.0
weld,2023-03-10,48.0,6,1,False,0.0
robotic_weld,2023-03-10,8.0,1,1,False,0.0
grind_deburr,2023-03-10,16.0,2,1,False,0.0
powder_coat,2023-03-10,8.0,1,1,False,0.0
assembly,2023-03-10,16.0,2,1,False,0.0
inspection_pack,2023-03-10,16.0,2,1,False,0.0
laser,2023-03-13,40.0,3,2,False,0.0
punch,2023-03-13,8.0,1,1,False,0.0
press_brake,2023-03-13,72.0,5,2,False,0.0
hardware,2023-03-13,16.0,2,1,False,0.0
weld,2023-03-13,48.0,6,1,False,0.0
robotic_weld,2023-03-13,8.0,1,1,False,0.0
grind_deburr,2023-03-13,16.0,2,1,False,0.0
powder_coat,2023-03-13,10.0,1,1,False,0.0
assembly,2023-03-13,16.0,2,1,False,0.0
inspection_pack,2023-03-13,16.0,2,1,False,0.0
laser,2023-03-14,40.0,3,2,False,0.0
punch,2023-03-14,8.0,1,1,False,0.0
press_brake,2023-03-14,72.0,5,2,False,0.0
hardware,2023-03-14,16.0,2,1,False,0.0
weld,2023-03-14,48.0,6,1,False,0.0
robotic_weld,2023-03-14,8.0,1,1,False,0.0
grind_deburr,2023-03-14,16.0,2,1,False,0.0
powder_coat,2023-03-14,8.0,1,1,False,0.0
assembly,2023-03-14,16.0,2,1,False,0.0
inspection_pack,2023-03-14,16.0,2,1,False,0.0
laser,2023-03-15,40.0,3,2,False,0.0
punch,2023-03-15,8.0,1,1,False,0.0
press_brake,2023-03-15,72.0,5,2,False,0.0
hardware,2023-03-15,16.0,2,1,False,0.0
weld,2023-03-15,48.0,6,1,False,0.0
robotic_weld,2023-03-15,8.0,1,1,False,0.0
grind_deburr,2023-03-15,16.0,2,1,False,0.0
powder_coat,2023-03-15,8.0,1,1,False,0.0
assembly,2023-03-15,16.0,2,1,False,0.0
inspection_pack,2023-03-15,16.0,2,1,False,0.0
laser,2023-03-16,40.0,3,2,False,0.0
punch,2023-03-16,8.0,1,1,False,0.0
press_brake,2023-03-16,72.0,5,2,False,0.0
hardware,2023-03-16,16.0,2,1,False,0.0
weld,2023-03-16,48.0,6,1,False,0.0
robotic_weld,2023-03-16,8.0,1,1,False,0.0
grind_deburr,2023-03-16,16.0,2,1,False,0.0
powder_coat,2023-03-16,8.0,1,1,False,0.0
assembly,2023-03-16,16.0,2,1,False,0.0
inspection_pack,2023-03-16,16.0,2,1,False,0.0
laser,2023-03-17,40.0,3,2,False,0.0
punch,2023-03-17,8.0,1,1,False,0.0
press_brake,2023-03-17,72.0,5,2,False,0.0
hardware,2023-03-17,16.0,2,1,False,0.0
weld,2023-03-17,48.0,6,1,False,0.0
robotic_weld,2023-03-17,8.0,1,1,False,0.0
grind_deburr,2023-03-17,16.0,2,1,False,0.0
powder_coat,2023-03-17,8.0,1,1,False,0.0
assembly,2023-03-17,16.0,2,1,False,0.0
inspection_pack,2023-03-17,16.0,2,1,False,0.0
laser,2023-03-20,40.0,3,2,False,0.0
punch,2023-03-20,8.0,1,1,False,0.0
press_brake,2023-03-20,72.0,5,2,False,0.0
hardware,2023-03-20,16.0,2,1,False,0.0
weld,2023-03-20,48.0,6,1,False,0.0
robotic_weld,2023-03-20,8.0,1,1,False,0.0
grind_deburr,2023-03-20,16.0,2,1,False,0.0
powder_coat,2023-03-20,8.0,1,1,False,0.0
assembly,2023-03-20,16.0,2,1,False,0.0
inspection_pack,2023-03-20,16.0,2,1,False,0.0
laser,2023-03-21,40.0,3,2,False,0.0
punch,2023-03-21,8.0,1,1,False,0.0
press_brake,2023-03-21,72.0,5,2,False,0.0
hardware,2023-03-21,16.0,2,1,False,0.0
weld,2023-03-21,48.0,6,1,False,0.0
robotic_weld,2023-03-21,8.0,1,1,False,0.0
grind_deburr,2023-03-21,16.0,2,1,False,0.0
powder_coat,2023-03-21,8.0,1,1,False,0.0
assembly,2023-03-21,16.0,2,1,False,0.0
inspection_pack,2023-03-21,16.0,2,1,False,0.0
laser,2023-03-22,40.0,3,2,False,0.0
punch,2023-03-22,8.0,1,1,False,0.0
press_brake,2023-03-22,72.0,5,2,False,0.0
hardware,2023-03-22,16.0,2,1,False,0.0
weld,2023-03-22,48.0,6,1,False,0.0
robotic_weld,2023-03-22,8.0,1,1,False,0.0
grind_deburr,2023-03-22,16.0,2,1,False,0.0
powder_coat,2023-03-22,8.0,1,1,False,0.0
assembly,2023-03-22,16.0,2,1,False,0.0
inspection_pack,2023-03-22,16.0,2,1,False,0.0
laser,2023-03-23,40.0,3,2,False,0.0
punch,2023-03-23,8.0,1,1,False,0.0
press_brake,2023-03-23,72.0,5,2,False,0.0
hardware,2023-03-23,16.0,2,1,False,0.0
weld,2023-03-23,48.0,6,1,False,0.0
robotic_weld,2023-03-23,8.0,1,1,False,0.0
grind_deburr,2023-03-23,16.0,2,1,False,0.0
powder_coat,2023-03-23,8.0,1,1,False,0.0
assembly,2023-03-23,16.0,2,1,False,0.0
inspection_pack,2023-03-23,16.0,2,1,False,0.0
laser,2023-03-24,40.0,3,2,False,0.0
punch,2023-03-24,8.0,1,1,False,0.0
press_brake,2023-03-24,72.0,5,2,False,0.0
hardware,2023-03-24,16.0,2,1,False,0.0
weld,2023-03-24,48.0,6,1,False,0.0
robotic_weld,2023-03-24,8.0,1,1,False,0.0
grind_deburr,2023-03-24,16.0,2,1,False,0.0
powder_coat,2023-03-24,8.0,1,1,False,0.0
assembly,2023-03-24,16.0,2,1,False,0.0
inspection_pack,2023-03-24,16.0,2,1,False,0.0
laser,2023-03-27,40.0,3,2,False,0.0
punch,2023-03-27,8.0,1,1,False,0.0
press_brake,2023-03-27,72.0,5,2,False,0.0
hardware,2023-03-27,16.0,2,1,False,0.0
weld,2023-03-27,48.0,6,1,False,0.0
robotic_weld,2023-03-27,8.0,1,1,False,0.0
grind_deburr,2023-03-27,16.0,2,1,False,0.0
powder_coat,2023-03-27,8.0,1,1,False,0.0
assembly,2023-03-27,16.0,2,1,False,0.0
inspection_pack,2023-03-27,16.0,2,1,False,0.0
laser,2023-03-28,40.0,3,2,False,0.0
punch,2023-03-28,8.0,1,1,False,0.0
press_brake,2023-03-28,72.0,5,2,False,0.0
hardware,2023-03-28,16.0,2,1,False,0.0
weld,2023-03-28,48.0,6,1,False,0.0
robotic_weld,2023-03-28,8.0,1,1,False,0.0
grind_deburr,2023-03-28,16.0,2,1,False,0.0
powder_coat,2023-03-28,8.0,1,1,False,0.0
assembly,2023-03-28,16.0,2,1,False,0.0
inspection_pack,2023-03-28,16.0,2,1,False,0.0
laser,2023-03-29,40.0,3,2,False,0.0
punch,2023-03-29,8.0,1,1,False,0.0
press_brake,2023-03-29,72.0,5,2,False,0.0
hardware,2023-03-29,16.0,2,1,False,0.0
weld,2023-03-29,48.0,6,1,False,0.0
robotic_weld,2023-03-29,8.0,1,1,False,0.0
grind_deburr,2023-03-29,16.0,2,1,False,0.0
powder_coat,2023-03-29,8.0,1,1,False,0.0
assembly,2023-03-29,16.0,2,1,False,0.0
inspection_pack,2023-03-29,16.0,2,1,False,0.0
laser,2023-03-30,40.0,3,2,False,0.0
punch,2023-03-30,8.0,1,1,False,0.0
press_brake,2023-03-30,72.0,5,2,False,0.0
hardware,2023-03-30,16.0,2,1,False,0.0
weld,2023-03-30,48.0,6,1,False,0.0
robotic_weld,2023-03-30,8.0,1,1,False,0.0
grind_deburr,2023-03-30,16.0,2,1,False,0.0
powder_coat,2023-03-30,8.0,1,1,False,0.0
assembly,2023-03-30,16.0,2,1,False,0.0
inspection_pack,2023-03-30,16.0,2,1,False,0.0
laser,2023-03-31,40.0,3,2,False,0.0
punch,2023-03-31,8.0,1,1,False,0.0
press_brake,2023-03-31,72.0,5,2,False,0.0
hardware,2023-03-31,16.0,2,1,False,0.0
weld,2023-03-31,48.0,6,1,False,0.0
robotic_weld,2023-03-31,8.0,1,1,False,0.0
grind_deburr,2023-03-31,16.0,2,1,False,0.0
powder_coat,2023-03-31,8.0,1,1,False,0.0
assembly,2023-03-31,16.0,2,1,False,0.0
inspection_pack,2023-03-31,16.0,2,1,False,0.0
laser,2023-04-03,40.0,3,2,False,0.0
punch,2023-04-03,8.0,1,1,False,0.0
press_brake,2023-04-03,72.0,5,2,False,0.0
hardware,2023-04-03,16.0,2,1,False,0.0
weld,2023-04-03,48.0,6,1,False,0.0
robotic_weld,2023-04-03,8.0,1,1,False,0.0
grind_deburr,2023-04-03,16.0,2,1,False,0.0
powder_coat,2023-04-03,8.0,1,1,False,0.0
assembly,2023-04-03,16.0,2,1,False,0.0
inspection_pack,2023-04-03,16.0,2,1,False,0.0
laser,2023-04-04,40.0,3,2,False,0.0
punch,2023-04-04,8.0,1,1,False,0.0
press_brake,2023-04-04,72.0,5,2,False,0.0
hardware,2023-04-04,16.0,2,1,False,0.0
weld,2023-04-04,48.0,6,1,False,0.0
robotic_weld,2023-04-04,8.0,1,1,False,0.0
grind_deburr,2023-04-04,16.0,2,1,False,0.0
powder_coat,2023-04-04,8.0,1,1,False,0.0
assembly,2023-04-04,16.0,2,1,False,0.0
inspection_pack,2023-04-04,16.0,2,1,False,0.0
laser,2023-04-05,40.0,3,2,False,0.0
punch,2023-04-05,8.0,1,1,False,0.0
press_brake,2023-04-05,72.0,5,2,False,0.0
hardware,2023-04-05,16.0,2,1,False,0.0
weld,2023-04-05,48.0,6,1,False,0.0
robotic_weld,2023-04-05,8.0,1,1,False,0.0
grind_deburr,2023-04-05,16.0,2,1,False,0.0
powder_coat,2023-04-05,8.0,1,1,False,0.0
assembly,2023-04-05,16.0,2,1,False,0.0
inspection_pack,2023-04-05,16.0,2,1,False,0.0
laser,2023-04-06,40.0,3,2,False,0.0
punch,2023-04-06,8.0,1,1,False,0.0
press_brake,2023-04-06,72.0,5,2,False,0.0
hardware,2023-04-06,16.0,2,1,False,0.0
weld,2023-04-06,48.0,6,1,False,0.0
robotic_weld,2023-04-06,8.0,1,1,False,0.0
grind_deburr,2023-04-06,16.0,2,1,False,0.0
powder_coat,2023-04-06,8.0,1,1,False,0.0
assembly,2023-04-06,16.0,2,1,False,0.0
inspection_pack,2023-04-06,16.0,2,1,False,0.0
laser,2023-04-07,40.0,3,2,False,0.0
punch,2023-04-07,8.0,1,1,False,0.0
press_brake,2023-04-07,72.0,5,2,False,0.0
hardware,2023-04-07,16.0,2,1,False,0.0
weld,2023-04-07,48.0,6,1,False,0.0
robotic_weld,2023-04-07,8.0,1,1,False,0.0
grind_deburr,2023-04-07,16.0,2,1,False,0.0
powder_coat,2023-04-07,8.0,1,1,False,0.0
assembly,2023-04-07,16.0,2,1,False,0.0
inspection_pack,2023-04-07,16.0,2,1,False,0.0
laser,2023-04-10,40.0,3,2,False,0.0
punch,2023-04-10,8.0,1,1,False,0.0
press_brake,2023-04-10,72.0,5,2,False,0.0
hardware,2023-04-10,16.0,2,1,False,0.0
weld,2023-04-10,48.0,6,1,False,0.0
robotic_weld,2023-04-10,8.0,1,1,False,0.0
grind_deburr,2023-04-10,16.0,2,1,False,0.0
powder_coat,2023-04-10,8.0,1,1,False,0.0
assembly,2023-04-10,16.0,2,1,False,0.0
inspection_pack,2023-04-10,16.0,2,1,False,0.0
laser,2023-04-11,40.0,3,2,False,0.0
punch,2023-04-11,8.0,1,1,False,0.0
press_brake,2023-04-11,72.0,5,2,False,0.0
hardware,2023-04-11,16.0,2,1,False,0.0
weld,2023-04-11,48.0,6,1,False,0.0
robotic_weld,2023-04-11,8.0,1,1,False,0.0
grind_deburr,2023-04-11,16.0,2,1,False,0.0
powder_coat,2023-04-11,8.0,1,1,False,0.0
assembly,2023-04-11,16.0,2,1,False,0.0
inspection_pack,2023-04-11,16.0,2,1,False,0.0
laser,2023-04-12,40.0,3,2,False,0.0
punch,2023-04-12,8.0,1,1,False,0.0
press_brake,2023-04-12,72.0,5,2,False,0.0
hardware,2023-04-12,16.0,2,1,False,0.0
weld,2023-04-12,48.0,6,1,False,0.0
robotic_weld,2023-04-12,8.0,1,1,False,0.0
grind_deburr,2023-04-12,16.0,2,1,False,0.0
powder_coat,2023-04-12,8.0,1,1,False,0.0
assembly,2023-04-12,16.0,2,1,False,0.0
inspection_pack,2023-04-12,16.0,2,1,False,0.0
laser,2023-04-13,40.0,3,2,False,0.0
punch,2023-04-13,8.0,1,1,False,0.0
press_brake,2023-04-13,72.0,5,2,False,0.0
hardware,2023-04-13,16.0,2,1,False,0.0
weld,2023-04-13,48.0,6,1,False,0.0
robotic_weld,2023-04-13,8.0,1,1,False,0.0
grind_deburr,2023-04-13,16.0,2,1,False,0.0
powder_coat,2023-04-13,8.0,1,1,False,0.0
assembly,2023-04-13,16.0,2,1,False,0.0
inspection_pack,2023-04-13,16.0,2,1,False,0.0
laser,2023-04-14,40.0,3,2,False,0.0
punch,2023-04-14,8.0,1,1,False,0.0
press_brake,2023-04-14,72.0,5,2,False,0.0
hardware,2023-04-14,16.0,2,1,False,0.0
weld,2023-04-14,48.0,6,1,False,0.0
robotic_weld,2023-04-14,8.0,1,1,False,0.0
grind_deburr,2023-04-14,16.0,2,1,False,0.0
powder_coat,2023-04-14,8.0,1,1,False,0.0
assembly,2023-04-14,16.0,2,1,False,0.0
inspection_pack,2023-04-14,16.0,2,1,False,0.0
press_brake,2023-04-15,16.0,5,1,True,0.0
laser,2023-04-17,40.0,3,2,False,0.0
punch,2023-04-17,8.0,1,1,False,0.0
press_brake,2023-04-17,72.0,5,2,False,0.0
hardware,2023-04-17,16.0,2,1,False,0.0
weld,2023-04-17,48.0,6,1,False,0.0
robotic_weld,2023-04-17,8.0,1,1,False,0.0
grind_deburr,2023-04-17,16.0,2,1,False,0.0
powder_coat,2023-04-17,8.0,1,1,False,0.0
assembly,2023-04-17,16.0,2,1,False,0.0
inspection_pack,2023-04-17,16.0,2,1,False,0.0
laser,2023-04-18,40.0,3,2,False,0.0
punch,2023-04-18,8.0,1,1,False,0.0
press_brake,2023-04-18,72.0,5,2,False,0.0
hardware,2023-04-18,16.0,2,1,False,0.0
weld,2023-04-18,48.0,6,1,False,0.0
robotic_weld,2023-04-18,8.0,1,1,False,0.0
grind_deburr,2023-04-18,16.0,2,1,False,0.0
powder_coat,2023-04-18,8.0,1,1,False,0.0
assembly,2023-04-18,16.0,2,1,False,0.0
inspection_pack,2023-04-18,16.0,2,1,False,0.0
laser,2023-04-19,40.0,3,2,False,0.0
punch,2023-04-19,8.0,1,1,False,0.0
press_brake,2023-04-19,72.0,5,2,False,0.0
hardware,2023-04-19,16.0,2,1,False,0.0
weld,2023-04-19,48.0,6,1,False,0.0
robotic_weld,2023-04-19,8.0,1,1,False,0.0
grind_deburr,2023-04-19,16.0,2,1,False,0.0
powder_coat,2023-04-19,8.0,1,1,False,0.0
assembly,2023-04-19,16.0,2,1,False,0.0
inspection_pack,2023-04-19,16.0,2,1,False,0.0
laser,2023-04-20,40.0,3,2,False,0.0
punch,2023-04-20,8.0,1,1,False,0.0
press_brake,2023-04-20,72.0,5,2,False,0.0
hardware,2023-04-20,16.0,2,1,False,0.0
weld,2023-04-20,48.0,6,1,False,0.0
robotic_weld,2023-04-20,8.0,1,1,False,0.0
grind_deburr,2023-04-20,16.0,2,1,False,0.0
powder_coat,2023-04-20,8.0,1,1,False,0.0
assembly,2023-04-20,16.0,2,1,False,0.0
inspection_pack,2023-04-20,16.0,2,1,False,0.0
laser,2023-04-21,40.0,3,2,False,0.0
punch,2023-04-21,8.0,1,1,False,0.0
press_brake,2023-04-21,72.0,5,2,False,0.0
hardware,2023-04-21,16.0,2,1,False,0.0
weld,2023-04-21,48.0,6,1,False,0.0
robotic_weld,2023-04-21,8.0,1,1,False,0.0
grind_deburr,2023-04-21,16.0,2,1,False,0.0
powder_coat,2023-04-21,8.0,1,1,False,0.0
assembly,2023-04-21,16.0,2,1,False,0.0
inspection_pack,2023-04-21,16.0,2,1,False,0.0
laser,2023-04-24,40.0,3,2,False,0.0
punch,2023-04-24,8.0,1,1,False,0.0
press_brake,2023-04-24,72.0,5,2,False,0.0
hardware,2023-04-24,16.0,2,1,False,0.0
weld,2023-04-24,48.0,6,1,False,0.0
robotic_weld,2023-04-24,8.0,1,1,False,0.0
grind_deburr,2023-04-24,16.0,2,1,False,0.0
powder_coat,2023-04-24,10.0,1,1,False,0.0
assembly,2023-04-24,16.0,2,1,False,0.0
inspection_pack,2023-04-24,16.0,2,1,False,0.0
laser,2023-04-25,40.0,3,2,False,0.0
punch,2023-04-25,8.0,1,1,False,0.0
press_brake,2023-04-25,72.0,5,2,False,0.0
hardware,2023-04-25,16.0,2,1,False,0.0
weld,2023-04-25,48.0,6,1,False,0.0
robotic_weld,2023-04-25,8.0,1,1,False,0.0
grind_deburr,2023-04-25,16.0,2,1,False,0.0
powder_coat,2023-04-25,8.0,1,1,False,0.0
assembly,2023-04-25,16.0,2,1,False,0.0
inspection_pack,2023-04-25,16.0,2,1,False,0.0
laser,2023-04-26,40.0,3,2,False,0.0
punch,2023-04-26,8.0,1,1,False,0.0
press_brake,2023-04-26,72.0,5,2,False,0.0
hardware,2023-04-26,16.0,2,1,False,0.0
weld,2023-04-26,48.0,6,1,False,0.0
robotic_weld,2023-04-26,8.0,1,1,False,0.0
grind_deburr,2023-04-26,16.0,2,1,False,0.0
powder_coat,2023-04-26,8.0,1,1,False,0.0
assembly,2023-04-26,16.0,2,1,False,0.0
inspection_pack,2023-04-26,16.0,2,1,False,0.0
laser,2023-04-27,40.0,3,2,False,0.0
punch,2023-04-27,8.0,1,1,False,0.0
press_brake,2023-04-27,72.0,5,2,False,0.0
hardware,2023-04-27,16.0,2,1,False,0.0
weld,2023-04-27,48.0,6,1,False,0.0
robotic_weld,2023-04-27,8.0,1,1,False,0.0
grind_deburr,2023-04-27,16.0,2,1,False,0.0
powder_coat,2023-04-27,8.0,1,1,False,0.0
assembly,2023-04-27,16.0,2,1,False,0.0
inspection_pack,2023-04-27,16.0,2,1,False,0.0
laser,2023-04-28,40.0,3,2,False,0.0
punch,2023-04-28,8.0,1,1,False,0.0
press_brake,2023-04-28,72.0,5,2,False,0.0
hardware,2023-04-28,16.0,2,1,False,0.0
weld,2023-04-28,48.0,6,1,False,0.0
robotic_weld,2023-04-28,8.0,1,1,False,0.0
grind_deburr,2023-04-28,16.0,2,1,False,0.0
powder_coat,2023-04-28,8.0,1,1,False,0.0
assembly,2023-04-28,16.0,2,1,False,0.0
inspection_pack,2023-04-28,16.0,2,1,False,0.0
laser,2023-05-01,40.0,3,2,False,0.0
punch,2023-05-01,8.0,1,1,False,0.0
press_brake,2023-05-01,72.0,5,2,False,0.0
hardware,2023-05-01,16.0,2,1,False,0.0
weld,2023-05-01,48.0,6,1,False,0.0
robotic_weld,2023-05-01,8.0,1,1,False,0.0
grind_deburr,2023-05-01,16.0,2,1,False,0.0
powder_coat,2023-05-01,10.0,1,1,False,0.0
assembly,2023-05-01,16.0,2,1,False,0.0
inspection_pack,2023-05-01,16.0,2,1,False,0.0
laser,2023-05-02,40.0,3,2,False,0.0
punch,2023-05-02,8.0,1,1,False,0.0
press_brake,2023-05-02,72.0,5,2,False,0.0
hardware,2023-05-02,16.0,2,1,False,0.0
weld,2023-05-02,48.0,6,1,False,0.0
robotic_weld,2023-05-02,8.0,1,1,False,0.0
grind_deburr,2023-05-02,16.0,2,1,False,0.0
powder_coat,2023-05-02,8.0,1,1,False,0.0
assembly,2023-05-02,16.0,2,1,False,0.0
inspection_pack,2023-05-02,16.0,2,1,False,0.0
laser,2023-05-03,40.0,3,2,False,0.0
punch,2023-05-03,8.0,1,1,False,0.0
press_brake,2023-05-03,72.0,5,2,False,0.0
hardware,2023-05-03,16.0,2,1,False,0.0
weld,2023-05-03,48.0,6,1,False,0.0
robotic_weld,2023-05-03,8.0,1,1,False,0.0
grind_deburr,2023-05-03,16.0,2,1,False,0.0
powder_coat,2023-05-03,8.0,1,1,False,0.0
assembly,2023-05-03,16.0,2,1,False,0.0
inspection_pack,2023-05-03,16.0,2,1,False,0.0
laser,2023-05-04,40.0,3,2,False,0.0
punch,2023-05-04,8.0,1,1,False,0.0
press_brake,2023-05-04,72.0,5,2,False,0.0
hardware,2023-05-04,16.0,2,1,False,0.0
weld,2023-05-04,48.0,6,1,False,0.0
robotic_weld,2023-05-04,8.0,1,1,False,0.0
grind_deburr,2023-05-04,16.0,2,1,False,0.0
powder_coat,2023-05-04,10.0,1,1,False,0.0
assembly,2023-05-04,16.0,2,1,False,0.0
inspection_pack,2023-05-04,16.0,2,1,False,0.0
laser,2023-05-05,40.0,3,2,False,0.0
punch,2023-05-05,8.0,1,1,False,0.0
press_brake,2023-05-05,72.0,5,2,False,0.0
hardware,2023-05-05,16.0,2,1,False,0.0
weld,2023-05-05,48.0,6,1,False,0.0
robotic_weld,2023-05-05,8.0,1,1,False,0.0
grind_deburr,2023-05-05,16.0,2,1,False,0.0
powder_coat,2023-05-05,8.0,1,1,False,0.0
assembly,2023-05-05,16.0,2,1,False,0.0
inspection_pack,2023-05-05,16.0,2,1,False,0.0
laser,2023-05-08,40.0,3,2,False,0.0
punch,2023-05-08,8.0,1,1,False,0.0
press_brake,2023-05-08,72.0,5,2,False,0.0
hardware,2023-05-08,16.0,2,1,False,0.0
weld,2023-05-08,48.0,6,1,False,0.0
robotic_weld,2023-05-08,8.0,1,1,False,0.0
grind_deburr,2023-05-08,16.0,2,1,False,0.0
powder_coat,2023-05-08,8.0,1,1,False,0.0
assembly,2023-05-08,16.0,2,1,False,0.0
inspection_pack,2023-05-08,16.0,2,1,False,0.0
laser,2023-05-09,40.0,3,2,False,0.0
punch,2023-05-09,8.0,1,1,False,0.0
press_brake,2023-05-09,72.0,5,2,False,0.0
hardware,2023-05-09,16.0,2,1,False,0.0
weld,2023-05-09,48.0,6,1,False,0.0
robotic_weld,2023-05-09,8.0,1,1,False,0.0
grind_deburr,2023-05-09,16.0,2,1,False,0.0
powder_coat,2023-05-09,8.0,1,1,False,0.0
assembly,2023-05-09,16.0,2,1,False,0.0
inspection_pack,2023-05-09,16.0,2,1,False,0.0
laser,2023-05-10,40.0,3,2,False,0.0
punch,2023-05-10,8.0,1,1,False,0.0
press_brake,2023-05-10,72.0,5,2,False,0.0
hardware,2023-05-10,16.0,2,1,False,0.0
weld,2023-05-10,48.0,6,1,False,0.0
robotic_weld,2023-05-10,8.0,1,1,False,0.0
grind_deburr,2023-05-10,16.0,2,1,False,0.0
powder_coat,2023-05-10,8.0,1,1,False,0.0
assembly,2023-05-10,16.0,2,1,False,0.0
inspection_pack,2023-05-10,16.0,2,1,False,0.0
laser,2023-05-11,40.0,3,2,False,0.0
punch,2023-05-11,8.0,1,1,False,0.0
press_brake,2023-05-11,72.0,5,2,False,0.0
hardware,2023-05-11,16.0,2,1,False,0.0
weld,2023-05-11,48.0,6,1,False,0.0
robotic_weld,2023-05-11,8.0,1,1,False,0.0
grind_deburr,2023-05-11,16.0,2,1,False,0.0
powder_coat,2023-05-11,8.0,1,1,False,0.0
assembly,2023-05-11,16.0,2,1,False,0.0
inspection_pack,2023-05-11,16.0,2,1,False,0.0
laser,2023-05-12,40.0,3,2,False,0.0
punch,2023-05-12,8.0,1,1,False,0.0
press_brake,2023-05-12,72.0,5,2,False,0.0
hardware,2023-05-12,16.0,2,1,False,0.0
weld,2023-05-12,48.0,6,1,False,0.0
robotic_weld,2023-05-12,8.0,1,1,False,0.0
grind_deburr,2023-05-12,16.0,2,1,False,0.0
powder_coat,2023-05-12,8.0,1,1,False,0.0
assembly,2023-05-12,16.0,2,1,False,0.0
inspection_pack,2023-05-12,16.0,2,1,False,0.0
laser,2023-05-15,40.0,3,2,False,0.0
punch,2023-05-15,8.0,1,1,False,0.0
press_brake,2023-05-15,72.0,5,2,False,0.0
hardware,2023-05-15,16.0,2,1,False,0.0
weld,2023-05-15,48.0,6,1,False,0.0
robotic_weld,2023-05-15,8.0,1,1,False,0.0
grind_deburr,2023-05-15,16.0,2,1,False,0.0
powder_coat,2023-05-15,8.0,1,1,False,0.0
assembly,2023-05-15,16.0,2,1,False,0.0
inspection_pack,2023-05-15,16.0,2,1,False,0.0
laser,2023-05-16,40.0,3,2,False,0.0
punch,2023-05-16,8.0,1,1,False,0.0
press_brake,2023-05-16,72.0,5,2,False,0.0
hardware,2023-05-16,16.0,2,1,False,0.0
weld,2023-05-16,48.0,6,1,False,0.0
robotic_weld,2023-05-16,8.0,1,1,False,0.0
grind_deburr,2023-05-16,16.0,2,1,False,0.0
powder_coat,2023-05-16,8.0,1,1,False,0.0
assembly,2023-05-16,16.0,2,1,False,0.0
inspection_pack,2023-05-16,16.0,2,1,False,0.0
laser,2023-05-17,40.0,3,2,False,0.0
punch,2023-05-17,8.0,1,1,False,0.0
press_brake,2023-05-17,72.0,5,2,False,0.0
hardware,2023-05-17,16.0,2,1,False,0.0
weld,2023-05-17,48.0,6,1,False,0.0
robotic_weld,2023-05-17,8.0,1,1,False,0.0
grind_deburr,2023-05-17,16.0,2,1,False,0.0
powder_coat,2023-05-17,8.0,1,1,False,0.0
assembly,2023-05-17,16.0,2,1,False,0.0
inspection_pack,2023-05-17,16.0,2,1,False,0.0
laser,2023-05-18,40.0,3,2,False,0.0
punch,2023-05-18,8.0,1,1,False,0.0
press_brake,2023-05-18,72.0,5,2,False,0.0
hardware,2023-05-18,16.0,2,1,False,0.0
weld,2023-05-18,48.0,6,1,False,0.0
robotic_weld,2023-05-18,8.0,1,1,False,0.0
grind_deburr,2023-05-18,16.0,2,1,False,0.0
powder_coat,2023-05-18,8.0,1,1,False,0.0
assembly,2023-05-18,16.0,2,1,False,0.0
inspection_pack,2023-05-18,16.0,2,1,False,0.0
laser,2023-05-19,40.0,3,2,False,0.0
punch,2023-05-19,8.0,1,1,False,0.0
press_brake,2023-05-19,72.0,5,2,False,0.0
hardware,2023-05-19,16.0,2,1,False,0.0
weld,2023-05-19,48.0,6,1,False,0.0
robotic_weld,2023-05-19,8.0,1,1,False,0.0
grind_deburr,2023-05-19,16.0,2,1,False,0.0
powder_coat,2023-05-19,8.0,1,1,False,0.0
assembly,2023-05-19,16.0,2,1,False,0.0
inspection_pack,2023-05-19,16.0,2,1,False,0.0
laser,2023-05-22,40.0,3,2,False,0.0
punch,2023-05-22,8.0,1,1,False,0.0
press_brake,2023-05-22,72.0,5,2,False,0.0
hardware,2023-05-22,16.0,2,1,False,0.0
weld,2023-05-22,48.0,6,1,False,0.0
robotic_weld,2023-05-22,8.0,1,1,False,0.0
grind_deburr,2023-05-22,16.0,2,1,False,0.0
powder_coat,2023-05-22,8.0,1,1,False,0.0
assembly,2023-05-22,16.0,2,1,False,0.0
inspection_pack,2023-05-22,16.0,2,1,False,0.0
laser,2023-05-23,40.0,3,2,False,0.0
punch,2023-05-23,8.0,1,1,False,0.0
press_brake,2023-05-23,72.0,5,2,False,0.0
hardware,2023-05-23,16.0,2,1,False,0.0
weld,2023-05-23,48.0,6,1,False,0.0
robotic_weld,2023-05-23,8.0,1,1,False,0.0
grind_deburr,2023-05-23,16.0,2,1,False,0.0
powder_coat,2023-05-23,8.0,1,1,False,0.0
assembly,2023-05-23,16.0,2,1,False,0.0
inspection_pack,2023-05-23,16.0,2,1,False,0.0
laser,2023-05-24,40.0,3,2,False,0.0
punch,2023-05-24,8.0,1,1,False,0.0
press_brake,2023-05-24,72.0,5,2,False,0.0
hardware,2023-05-24,16.0,2,1,False,0.0
weld,2023-05-24,48.0,6,1,False,0.0
robotic_weld,2023-05-24,8.0,1,1,False,0.0
grind_deburr,2023-05-24,16.0,2,1,False,0.0
powder_coat,2023-05-24,8.0,1,1,False,0.0
assembly,2023-05-24,16.0,2,1,False,0.0
inspection_pack,2023-05-24,16.0,2,1,False,0.0
laser,2023-05-25,40.0,3,2,False,0.0
punch,2023-05-25,8.0,1,1,False,0.0
press_brake,2023-05-25,72.0,5,2,False,0.0
hardware,2023-05-25,16.0,2,1,False,0.0
weld,2023-05-25,48.0,6,1,False,0.0
robotic_weld,2023-05-25,8.0,1,1,False,0.0
grind_deburr,2023-05-25,16.0,2,1,False,0.0
powder_coat,2023-05-25,8.0,1,1,False,0.0
assembly,2023-05-25,16.0,2,1,False,0.0
inspection_pack,2023-05-25,16.0,2,1,False,0.0
laser,2023-05-26,40.0,3,2,False,0.0
punch,2023-05-26,8.0,1,1,False,0.0
press_brake,2023-05-26,72.0,5,2,False,0.0
hardware,2023-05-26,16.0,2,1,False,0.0
weld,2023-05-26,48.0,6,1,False,0.0
robotic_weld,2023-05-26,8.0,1,1,False,0.0
grind_deburr,2023-05-26,16.0,2,1,False,0.0
powder_coat,2023-05-26,8.0,1,1,False,0.0
assembly,2023-05-26,16.0,2,1,False,0.0
inspection_pack,2023-05-26,16.0,2,1,False,0.0
laser,2023-05-30,40.0,3,2,False,0.0
punch,2023-05-30,8.0,1,1,False,0.0
press_brake,2023-05-30,72.0,5,2,False,0.0
hardware,2023-05-30,16.0,2,1,False,0.0
weld,2023-05-30,48.0,6,1,False,0.0
robotic_weld,2023-05-30,8.0,1,1,False,0.0
grind_deburr,2023-05-30,16.0,2,1,False,0.0
powder_coat,2023-05-30,8.0,1,1,False,0.0
assembly,2023-05-30,16.0,2,1,False,0.0
inspection_pack,2023-05-30,16.0,2,1,False,0.0
laser,2023-05-31,40.0,3,2,False,0.0
punch,2023-05-31,8.0,1,1,False,0.0
press_brake,2023-05-31,72.0,5,2,False,0.0
hardware,2023-05-31,16.0,2,1,False,0.0
weld,2023-05-31,48.0,6,1,False,0.0
robotic_weld,2023-05-31,8.0,1,1,False,0.0
grind_deburr,2023-05-31,16.0,2,1,False,0.0
powder_coat,2023-05-31,8.0,1,1,False,0.0
assembly,2023-05-31,16.0,2,1,False,0.0
inspection_pack,2023-05-31,16.0,2,1,False,0.0
laser,2023-06-01,40.0,3,2,False,0.0
punch,2023-06-01,8.0,1,1,False,0.0
press_brake,2023-06-01,72.0,5,2,False,0.0
hardware,2023-06-01,16.0,2,1,False,0.0
weld,2023-06-01,48.0,6,1,False,0.0
robotic_weld,2023-06-01,8.0,1,1,False,0.0
grind_deburr,2023-06-01,16.0,2,1,False,0.0
powder_coat,2023-06-01,8.0,1,1,False,0.0
assembly,2023-06-01,16.0,2,1,False,0.0
inspection_pack,2023-06-01,16.0,2,1,False,0.0
laser,2023-06-02,40.0,3,2,False,0.0
punch,2023-06-02,8.0,1,1,False,0.0
press_brake,2023-06-02,72.0,5,2,False,0.0
hardware,2023-06-02,16.0,2,1,False,0.0
weld,2023-06-02,48.0,6,1,False,0.0
robotic_weld,2023-06-02,8.0,1,1,False,0.0
grind_deburr,2023-06-02,16.0,2,1,False,0.0
powder_coat,2023-06-02,8.0,1,1,False,0.0
assembly,2023-06-02,16.0,2,1,False,0.0
inspection_pack,2023-06-02,16.0,2,1,False,0.0
laser,2023-06-05,40.0,3,2,False,0.0
punch,2023-06-05,8.0,1,1,False,0.0
press_brake,2023-06-05,72.0,5,2,False,0.0
hardware,2023-06-05,16.0,2,1,False,0.0
weld,2023-06-05,48.0,6,1,False,0.0
robotic_weld,2023-06-05,8.0,1,1,False,0.0
grind_deburr,2023-06-05,16.0,2,1,False,0.0
powder_coat,2023-06-05,8.0,1,1,False,0.0
assembly,2023-06-05,16.0,2,1,False,0.0
inspection_pack,2023-06-05,16.0,2,1,False,0.0
laser,2023-06-06,40.0,3,2,False,0.0
punch,2023-06-06,8.0,1,1,False,0.0
press_brake,2023-06-06,72.0,5,2,False,0.0
hardware,2023-06-06,16.0,2,1,False,0.0
weld,2023-06-06,48.0,6,1,False,0.0
robotic_weld,2023-06-06,8.0,1,1,False,0.0
grind_deburr,2023-06-06,16.0,2,1,False,0.0
powder_coat,2023-06-06,8.0,1,1,False,0.0
assembly,2023-06-06,16.0,2,1,False,0.0
inspection_pack,2023-06-06,16.0,2,1,False,0.0
laser,2023-06-07,40.0,3,2,False,0.0
punch,2023-06-07,8.0,1,1,False,0.0
press_brake,2023-06-07,72.0,5,2,False,0.0
hardware,2023-06-07,16.0,2,1,False,0.0
weld,2023-06-07,48.0,6,1,False,0.0
robotic_weld,2023-06-07,8.0,1,1,False,0.0
grind_deburr,2023-06-07,16.0,2,1,False,0.0
powder_coat,2023-06-07,8.0,1,1,False,0.0
assembly,2023-06-07,16.0,2,1,False,0.0
inspection_pack,2023-06-07,16.0,2,1,False,0.0
laser,2023-06-08,40.0,3,2,False,0.0
punch,2023-06-08,8.0,1,1,False,0.0
press_brake,2023-06-08,72.0,5,2,False,0.0
hardware,2023-06-08,16.0,2,1,False,0.0
weld,2023-06-08,48.0,6,1,False,0.0
robotic_weld,2023-06-08,8.0,1,1,False,0.0
grind_deburr,2023-06-08,16.0,2,1,False,0.0
powder_coat,2023-06-08,8.0,1,1,False,0.0
assembly,2023-06-08,16.0,2,1,False,0.0
inspection_pack,2023-06-08,16.0,2,1,False,0.0
laser,2023-06-09,40.0,3,2,False,0.0
punch,2023-06-09,8.0,1,1,False,0.0
press_brake,2023-06-09,72.0,5,2,False,0.0
hardware,2023-06-09,16.0,2,1,False,0.0
weld,2023-06-09,48.0,6,1,False,0.0
robotic_weld,2023-06-09,8.0,1,1,False,0.0
grind_deburr,2023-06-09,16.0,2,1,False,0.0
powder_coat,2023-06-09,8.0,1,1,False,0.0
assembly,2023-06-09,16.0,2,1,False,0.0
inspection_pack,2023-06-09,16.0,2,1,False,0.0
laser,2023-06-12,40.0,3,2,False,0.0
punch,2023-06-12,8.0,1,1,False,0.0
press_brake,2023-06-12,72.0,5,2,False,0.0
hardware,2023-06-12,16.0,2,1,False,0.0
weld,2023-06-12,48.0,6,1,False,0.0
robotic_weld,2023-06-12,8.0,1,1,False,0.0
grind_deburr,2023-06-12,16.0,2,1,False,0.0
powder_coat,2023-06-12,8.0,1,1,False,0.0
assembly,2023-06-12,16.0,2,1,False,0.0
inspection_pack,2023-06-12,16.0,2,1,False,0.0
laser,2023-06-13,40.0,3,2,False,0.0
punch,2023-06-13,8.0,1,1,False,0.0
press_brake,2023-06-13,72.0,5,2,False,0.0
hardware,2023-06-13,16.0,2,1,False,0.0
weld,2023-06-13,48.0,6,1,False,0.0
robotic_weld,2023-06-13,8.0,1,1,False,0.0
grind_deburr,2023-06-13,16.0,2,1,False,0.0
powder_coat,2023-06-13,8.0,1,1,False,0.0
assembly,2023-06-13,16.0,2,1,False,0.0
inspection_pack,2023-06-13,16.0,2,1,False,0.0
laser,2023-06-14,40.0,3,2,False,0.0
punch,2023-06-14,8.0,1,1,False,0.0
press_brake,2023-06-14,72.0,5,2,False,0.0
hardware,2023-06-14,16.0,2,1,False,0.0
weld,2023-06-14,48.0,6,1,False,0.0
robotic_weld,2023-06-14,8.0,1,1,False,0.0
grind_deburr,2023-06-14,16.0,2,1,False,0.0
powder_coat,2023-06-14,8.0,1,1,False,0.0
assembly,2023-06-14,16.0,2,1,False,0.0
inspection_pack,2023-06-14,16.0,2,1,False,0.0
laser,2023-06-15,40.0,3,2,False,0.0
punch,2023-06-15,8.0,1,1,False,0.0
press_brake,2023-06-15,72.0,5,2,False,0.0
hardware,2023-06-15,16.0,2,1,False,0.0
weld,2023-06-15,48.0,6,1,False,0.0
robotic_weld,2023-06-15,8.0,1,1,False,0.0
grind_deburr,2023-06-15,16.0,2,1,False,0.0
powder_coat,2023-06-15,8.0,1,1,False,0.0
assembly,2023-06-15,16.0,2,1,False,0.0
inspection_pack,2023-06-15,16.0,2,1,False,0.0
laser,2023-06-16,40.0,3,2,False,0.0
punch,2023-06-16,8.0,1,1,False,0.0
press_brake,2023-06-16,72.0,5,2,False,0.0
hardware,2023-06-16,16.0,2,1,False,0.0
weld,2023-06-16,48.0,6,1,False,0.0
robotic_weld,2023-06-16,8.0,1,1,False,0.0
grind_deburr,2023-06-16,16.0,2,1,False,0.0
powder_coat,2023-06-16,8.0,1,1,False,0.0
assembly,2023-06-16,16.0,2,1,False,0.0
inspection_pack,2023-06-16,16.0,2,1,False,0.0
laser,2023-06-19,40.0,3,2,False,0.0
punch,2023-06-19,8.0,1,1,False,0.0
press_brake,2023-06-19,72.0,5,2,False,0.0
hardware,2023-06-19,16.0,2,1,False,0.0
weld,2023-06-19,48.0,6,1,False,0.0
robotic_weld,2023-06-19,8.0,1,1,False,0.0
grind_deburr,2023-06-19,16.0,2,1,False,0.0
powder_coat,2023-06-19,8.0,1,1,False,0.0
assembly,2023-06-19,16.0,2,1,False,0.0
inspection_pack,2023-06-19,16.0,2,1,False,0.0
laser,2023-06-20,40.0,3,2,False,0.0
punch,2023-06-20,8.0,1,1,False,0.0
press_brake,2023-06-20,72.0,5,2,False,0.0
hardware,2023-06-20,16.0,2,1,False,0.0
weld,2023-06-20,48.0,6,1,False,0.0
robotic_weld,2023-06-20,8.0,1,1,False,0.0
grind_deburr,2023-06-20,16.0,2,1,False,0.0
powder_coat,2023-06-20,8.0,1,1,False,0.0
assembly,2023-06-20,16.0,2,1,False,0.0
inspection_pack,2023-06-20,16.0,2,1,False,0.0
laser,2023-06-21,40.0,3,2,False,0.0
punch,2023-06-21,8.0,1,1,False,0.0
press_brake,2023-06-21,72.0,5,2,False,0.0
hardware,2023-06-21,16.0,2,1,False,0.0
weld,2023-06-21,48.0,6,1,False,0.0
robotic_weld,2023-06-21,8.0,1,1,False,0.0
grind_deburr,2023-06-21,16.0,2,1,False,0.0
powder_coat,2023-06-21,8.0,1,1,False,0.0
assembly,2023-06-21,16.0,2,1,False,0.0
inspection_pack,2023-06-21,16.0,2,1,False,0.0
laser,2023-06-22,40.0,3,2,False,0.0
punch,2023-06-22,8.0,1,1,False,0.0
press_brake,2023-06-22,72.0,5,2,False,0.0
hardware,2023-06-22,16.0,2,1,False,0.0
weld,2023-06-22,48.0,6,1,False,0.0
robotic_weld,2023-06-22,8.0,1,1,False,0.0
grind_deburr,2023-06-22,16.0,2,1,False,0.0
powder_coat,2023-06-22,8.0,1,1,False,0.0
assembly,2023-06-22,16.0,2,1,False,0.0
inspection_pack,2023-06-22,16.0,2,1,False,0.0
laser,2023-06-23,40.0,3,2,False,0.0
punch,2023-06-23,8.0,1,1,False,0.0
press_brake,2023-06-23,72.0,5,2,False,0.0
hardware,2023-06-23,16.0,2,1,False,0.0
weld,2023-06-23,48.0,6,1,False,0.0
robotic_weld,2023-06-23,8.0,1,1,False,0.0
grind_deburr,2023-06-23,16.0,2,1,False,0.0
powder_coat,2023-06-23,8.0,1,1,False,0.0
assembly,2023-06-23,16.0,2,1,False,0.0
inspection_pack,2023-06-23,16.0,2,1,False,0.0
laser,2023-06-26,40.0,3,2,False,0.0
punch,2023-06-26,8.0,1,1,False,0.0
press_brake,2023-06-26,72.0,5,2,False,0.0
hardware,2023-06-26,16.0,2,1,False,0.0
weld,2023-06-26,48.0,6,1,False,0.0
robotic_weld,2023-06-26,8.0,1,1,False,0.0
grind_deburr,2023-06-26,16.0,2,1,False,0.0
powder_coat,2023-06-26,8.0,1,1,False,0.0
assembly,2023-06-26,16.0,2,1,False,0.0
inspection_pack,2023-06-26,16.0,2,1,False,0.0
laser,2023-06-27,40.0,3,2,False,0.0
punch,2023-06-27,8.0,1,1,False,0.0
press_brake,2023-06-27,72.0,5,2,False,0.0
hardware,2023-06-27,16.0,2,1,False,0.0
weld,2023-06-27,48.0,6,1,False,0.0
robotic_weld,2023-06-27,8.0,1,1,False,0.0
grind_deburr,2023-06-27,16.0,2,1,False,0.0
powder_coat,2023-06-27,8.0,1,1,False,0.0
assembly,2023-06-27,16.0,2,1,False,0.0
inspection_pack,2023-06-27,16.0,2,1,False,0.0
laser,2023-06-28,40.0,3,2,False,0.0
punch,2023-06-28,8.0,1,1,False,0.0
press_brake,2023-06-28,72.0,5,2,False,0.0
hardware,2023-06-28,16.0,2,1,False,0.0
weld,2023-06-28,48.0,6,1,False,0.0
robotic_weld,2023-06-28,8.0,1,1,False,0.0
grind_deburr,2023-06-28,16.0,2,1,False,0.0
powder_coat,2023-06-28,8.0,1,1,False,0.0
assembly,2023-06-28,16.0,2,1,False,0.0
inspection_pack,2023-06-28,16.0,2,1,False,0.0
laser,2023-06-29,40.0,3,2,False,0.0
punch,2023-06-29,8.0,1,1,False,0.0
press_brake,2023-06-29,72.0,5,2,False,0.0
hardware,2023-06-29,16.0,2,1,False,0.0
weld,2023-06-29,48.0,6,1,False,0.0
robotic_weld,2023-06-29,8.0,1,1,False,0.0
grind_deburr,2023-06-29,16.0,2,1,False,0.0
powder_coat,2023-06-29,8.0,1,1,False,0.0
assembly,2023-06-29,16.0,2,1,False,0.0
inspection_pack,2023-06-29,16.0,2,1,False,0.0
laser,2023-06-30,40.0,3,2,False,0.0
punch,2023-06-30,8.0,1,1,False,0.0
press_brake,2023-06-30,72.0,5,2,False,0.0
hardware,2023-06-30,16.0,2,1,False,0.0
weld,2023-06-30,48.0,6,1,False,0.0
robotic_weld,2023-06-30,8.0,1,1,False,0.0
grind_deburr,2023-06-30,16.0,2,1,False,0.0
powder_coat,2023-06-30,8.0,1,1,False,0.0
assembly,2023-06-30,16.0,2,1,False,0.0
inspection_pack,2023-06-30,16.0,2,1,False,0.0
laser,2023-07-03,40.0,3,2,False,0.0
punch,2023-07-03,8.0,1,1,False,0.0
press_brake,2023-07-03,72.0,5,2,False,0.0
hardware,2023-07-03,16.0,2,1,False,0.0
weld,2023-07-03,48.0,6,1,False,0.0
robotic_weld,2023-07-03,8.0,1,1,False,0.0
grind_deburr,2023-07-03,16.0,2,1,False,0.0
powder_coat,2023-07-03,8.0,1,1,False,0.0
assembly,2023-07-03,16.0,2,1,False,0.0
inspection_pack,2023-07-03,16.0,2,1,False,0.0
laser,2023-07-05,40.0,3,2,False,0.0
punch,2023-07-05,8.0,1,1,False,0.0
press_brake,2023-07-05,72.0,5,2,False,0.0
hardware,2023-07-05,16.0,2,1,False,0.0
weld,2023-07-05,48.0,6,1,False,0.0
robotic_weld,2023-07-05,8.0,1,1,False,0.0
grind_deburr,2023-07-05,16.0,2,1,False,0.0
powder_coat,2023-07-05,8.0,1,1,False,0.0
assembly,2023-07-05,16.0,2,1,False,0.0
inspection_pack,2023-07-05,16.0,2,1,False,0.0
laser,2023-07-06,40.0,3,2,False,0.0
punch,2023-07-06,8.0,1,1,False,0.0
press_brake,2023-07-06,72.0,5,2,False,0.0
hardware,2023-07-06,16.0,2,1,False,0.0
weld,2023-07-06,48.0,6,1,False,0.0
robotic_weld,2023-07-06,8.0,1,1,False,0.0
grind_deburr,2023-07-06,16.0,2,1,False,0.0
powder_coat,2023-07-06,10.0,1,1,False,0.0
assembly,2023-07-06,16.0,2,1,False,0.0
inspection_pack,2023-07-06,16.0,2,1,False,0.0
laser,2023-07-07,40.0,3,2,False,0.0
punch,2023-07-07,8.0,1,1,False,0.0
press_brake,2023-07-07,72.0,5,2,False,0.0
hardware,2023-07-07,16.0,2,1,False,0.0
weld,2023-07-07,48.0,6,1,False,0.0
robotic_weld,2023-07-07,8.0,1,1,False,0.0
grind_deburr,2023-07-07,16.0,2,1,False,0.0
powder_coat,2023-07-07,8.0,1,1,False,0.0
assembly,2023-07-07,16.0,2,1,False,0.0
inspection_pack,2023-07-07,16.0,2,1,False,0.0
laser,2023-07-10,40.0,3,2,False,0.0
punch,2023-07-10,8.0,1,1,False,0.0
press_brake,2023-07-10,72.0,5,2,False,0.0
hardware,2023-07-10,16.0,2,1,False,0.0
weld,2023-07-10,48.0,6,1,False,0.0
robotic_weld,2023-07-10,8.0,1,1,False,0.0
grind_deburr,2023-07-10,16.0,2,1,False,0.0
powder_coat,2023-07-10,8.0,1,1,False,0.0
assembly,2023-07-10,16.0,2,1,False,0.0
inspection_pack,2023-07-10,16.0,2,1,False,0.0
laser,2023-07-11,40.0,3,2,False,0.0
punch,2023-07-11,8.0,1,1,False,0.0
press_brake,2023-07-11,72.0,5,2,False,0.0
hardware,2023-07-11,16.0,2,1,False,0.0
weld,2023-07-11,48.0,6,1,False,0.0
robotic_weld,2023-07-11,8.0,1,1,False,0.0
grind_deburr,2023-07-11,16.0,2,1,False,0.0
powder_coat,2023-07-11,8.0,1,1,False,0.0
assembly,2023-07-11,16.0,2,1,False,0.0
inspection_pack,2023-07-11,16.0,2,1,False,0.0
laser,2023-07-12,40.0,3,2,False,0.0
punch,2023-07-12,8.0,1,1,False,0.0
press_brake,2023-07-12,72.0,5,2,False,0.0
hardware,2023-07-12,16.0,2,1,False,0.0
weld,2023-07-12,48.0,6,1,False,0.0
robotic_weld,2023-07-12,8.0,1,1,False,0.0
grind_deburr,2023-07-12,16.0,2,1,False,0.0
powder_coat,2023-07-12,8.0,1,1,False,0.0
assembly,2023-07-12,16.0,2,1,False,0.0
inspection_pack,2023-07-12,16.0,2,1,False,0.0
laser,2023-07-13,40.0,3,2,False,0.0
punch,2023-07-13,8.0,1,1,False,0.0
press_brake,2023-07-13,72.0,5,2,False,0.0
hardware,2023-07-13,16.0,2,1,False,0.0
weld,2023-07-13,48.0,6,1,False,0.0
robotic_weld,2023-07-13,8.0,1,1,False,0.0
grind_deburr,2023-07-13,16.0,2,1,False,0.0
powder_coat,2023-07-13,10.0,1,1,False,0.0
assembly,2023-07-13,16.0,2,1,False,0.0
inspection_pack,2023-07-13,16.0,2,1,False,0.0
laser,2023-07-14,40.0,3,2,False,0.0
punch,2023-07-14,8.0,1,1,False,0.0
press_brake,2023-07-14,72.0,5,2,False,0.0
hardware,2023-07-14,16.0,2,1,False,0.0
weld,2023-07-14,48.0,6,1,False,0.0
robotic_weld,2023-07-14,8.0,1,1,False,0.0
grind_deburr,2023-07-14,16.0,2,1,False,0.0
powder_coat,2023-07-14,10.0,1,1,False,0.0
assembly,2023-07-14,16.0,2,1,False,0.0
inspection_pack,2023-07-14,16.0,2,1,False,0.0
press_brake,2023-07-15,16.0,5,1,True,0.0
laser,2023-07-17,40.0,3,2,False,0.0
punch,2023-07-17,8.0,1,1,False,0.0
press_brake,2023-07-17,72.0,5,2,False,0.0
hardware,2023-07-17,16.0,2,1,False,0.0
weld,2023-07-17,48.0,6,1,False,0.0
robotic_weld,2023-07-17,8.0,1,1,False,0.0
grind_deburr,2023-07-17,16.0,2,1,False,0.0
powder_coat,2023-07-17,10.0,1,1,False,0.0
assembly,2023-07-17,16.0,2,1,False,0.0
inspection_pack,2023-07-17,16.0,2,1,False,0.0
laser,2023-07-18,40.0,3,2,False,0.0
punch,2023-07-18,8.0,1,1,False,0.0
press_brake,2023-07-18,72.0,5,2,False,0.0
hardware,2023-07-18,16.0,2,1,False,0.0
weld,2023-07-18,48.0,6,1,False,0.0
robotic_weld,2023-07-18,8.0,1,1,False,0.0
grind_deburr,2023-07-18,16.0,2,1,False,0.0
powder_coat,2023-07-18,8.0,1,1,False,0.0
assembly,2023-07-18,16.0,2,1,False,0.0
inspection_pack,2023-07-18,16.0,2,1,False,0.0
laser,2023-07-19,40.0,3,2,False,0.0
punch,2023-07-19,8.0,1,1,False,0.0
press_brake,2023-07-19,72.0,5,2,False,0.0
hardware,2023-07-19,16.0,2,1,False,0.0
weld,2023-07-19,48.0,6,1,False,0.0
robotic_weld,2023-07-19,8.0,1,1,False,0.0
grind_deburr,2023-07-19,16.0,2,1,False,0.0
powder_coat,2023-07-19,8.0,1,1,False,0.0
assembly,2023-07-19,16.0,2,1,False,0.0
inspection_pack,2023-07-19,16.0,2,1,False,0.0
laser,2023-07-20,40.0,3,2,False,0.0
punch,2023-07-20,8.0,1,1,False,0.0
press_brake,2023-07-20,72.0,5,2,False,0.0
hardware,2023-07-20,16.0,2,1,False,0.0
weld,2023-07-20,48.0,6,1,False,0.0
robotic_weld,2023-07-20,8.0,1,1,False,0.0
grind_deburr,2023-07-20,16.0,2,1,False,0.0
powder_coat,2023-07-20,8.0,1,1,False,0.0
assembly,2023-07-20,16.0,2,1,False,0.0
inspection_pack,2023-07-20,16.0,2,1,False,0.0
laser,2023-07-21,40.0,3,2,False,0.0
punch,2023-07-21,8.0,1,1,False,0.0
press_brake,2023-07-21,72.0,5,2,False,0.0
hardware,2023-07-21,16.0,2,1,False,0.0
weld,2023-07-21,48.0,6,1,False,0.0
robotic_weld,2023-07-21,8.0,1,1,False,0.0
grind_deburr,2023-07-21,16.0,2,1,False,0.0
powder_coat,2023-07-21,8.0,1,1,False,0.0
assembly,2023-07-21,16.0,2,1,False,0.0
inspection_pack,2023-07-21,16.0,2,1,False,0.0
laser,2023-07-24,40.0,3,2,False,0.0
punch,2023-07-24,8.0,1,1,False,0.0
press_brake,2023-07-24,72.0,5,2,False,0.0
hardware,2023-07-24,16.0,2,1,False,0.0
weld,2023-07-24,48.0,6,1,False,0.0
robotic_weld,2023-07-24,8.0,1,1,False,0.0
grind_deburr,2023-07-24,16.0,2,1,False,0.0
powder_coat,2023-07-24,8.0,1,1,False,0.0
assembly,2023-07-24,16.0,2,1,False,0.0
inspection_pack,2023-07-24,16.0,2,1,False,0.0
laser,2023-07-25,40.0,3,2,False,0.0
punch,2023-07-25,8.0,1,1,False,0.0
press_brake,2023-07-25,72.0,5,2,False,0.0
hardware,2023-07-25,16.0,2,1,False,0.0
weld,2023-07-25,48.0,6,1,False,0.0
robotic_weld,2023-07-25,8.0,1,1,False,0.0
grind_deburr,2023-07-25,16.0,2,1,False,0.0
powder_coat,2023-07-25,8.0,1,1,False,0.0
assembly,2023-07-25,16.0,2,1,False,0.0
inspection_pack,2023-07-25,16.0,2,1,False,0.0
laser,2023-07-26,40.0,3,2,False,0.0
punch,2023-07-26,8.0,1,1,False,0.0
press_brake,2023-07-26,72.0,5,2,False,0.0
hardware,2023-07-26,16.0,2,1,False,0.0
weld,2023-07-26,48.0,6,1,False,0.0
robotic_weld,2023-07-26,8.0,1,1,False,0.0
grind_deburr,2023-07-26,16.0,2,1,False,0.0
powder_coat,2023-07-26,8.0,1,1,False,0.0
assembly,2023-07-26,16.0,2,1,False,0.0
inspection_pack,2023-07-26,16.0,2,1,False,0.0
laser,2023-07-27,40.0,3,2,False,0.0
punch,2023-07-27,8.0,1,1,False,0.0
press_brake,2023-07-27,72.0,5,2,False,0.0
hardware,2023-07-27,16.0,2,1,False,0.0
weld,2023-07-27,48.0,6,1,False,0.0
robotic_weld,2023-07-27,8.0,1,1,False,0.0
grind_deburr,2023-07-27,16.0,2,1,False,0.0
powder_coat,2023-07-27,8.0,1,1,False,0.0
assembly,2023-07-27,16.0,2,1,False,0.0
inspection_pack,2023-07-27,16.0,2,1,False,0.0
laser,2023-07-28,40.0,3,2,False,0.0
punch,2023-07-28,8.0,1,1,False,0.0
press_brake,2023-07-28,72.0,5,2,False,0.0
hardware,2023-07-28,16.0,2,1,False,0.0
weld,2023-07-28,48.0,6,1,False,0.0
robotic_weld,2023-07-28,8.0,1,1,False,0.0
grind_deburr,2023-07-28,16.0,2,1,False,0.0
powder_coat,2023-07-28,8.0,1,1,False,0.0
assembly,2023-07-28,16.0,2,1,False,0.0
inspection_pack,2023-07-28,16.0,2,1,False,0.0
laser,2023-07-31,40.0,3,2,False,0.0
punch,2023-07-31,8.0,1,1,False,0.0
press_brake,2023-07-31,72.0,5,2,False,0.0
hardware,2023-07-31,16.0,2,1,False,0.0
weld,2023-07-31,48.0,6,1,False,0.0
robotic_weld,2023-07-31,8.0,1,1,False,0.0
grind_deburr,2023-07-31,16.0,2,1,False,0.0
powder_coat,2023-07-31,8.0,1,1,False,0.0
assembly,2023-07-31,16.0,2,1,False,0.0
inspection_pack,2023-07-31,16.0,2,1,False,0.0
laser,2023-08-01,40.0,3,2,False,0.0
punch,2023-08-01,8.0,1,1,False,0.0
press_brake,2023-08-01,72.0,5,2,False,0.0
hardware,2023-08-01,16.0,2,1,False,0.0
weld,2023-08-01,48.0,6,1,False,0.0
robotic_weld,2023-08-01,8.0,1,1,False,0.0
grind_deburr,2023-08-01,16.0,2,1,False,0.0
powder_coat,2023-08-01,8.0,1,1,False,0.0
assembly,2023-08-01,16.0,2,1,False,0.0
inspection_pack,2023-08-01,16.0,2,1,False,0.0
laser,2023-08-02,40.0,3,2,False,0.0
punch,2023-08-02,8.0,1,1,False,0.0
press_brake,2023-08-02,72.0,5,2,False,0.0
hardware,2023-08-02,16.0,2,1,False,0.0
weld,2023-08-02,48.0,6,1,False,0.0
robotic_weld,2023-08-02,8.0,1,1,False,0.0
grind_deburr,2023-08-02,16.0,2,1,False,0.0
powder_coat,2023-08-02,8.0,1,1,False,0.0
assembly,2023-08-02,16.0,2,1,False,0.0
inspection_pack,2023-08-02,16.0,2,1,False,0.0
laser,2023-08-03,40.0,3,2,False,0.0
punch,2023-08-03,8.0,1,1,False,0.0
press_brake,2023-08-03,72.0,5,2,False,0.0
hardware,2023-08-03,16.0,2,1,False,0.0
weld,2023-08-03,48.0,6,1,False,0.0
robotic_weld,2023-08-03,8.0,1,1,False,0.0
grind_deburr,2023-08-03,16.0,2,1,False,0.0
powder_coat,2023-08-03,10.0,1,1,False,0.0
assembly,2023-08-03,16.0,2,1,False,0.0
inspection_pack,2023-08-03,16.0,2,1,False,0.0
laser,2023-08-04,40.0,3,2,False,0.0
punch,2023-08-04,8.0,1,1,False,0.0
press_brake,2023-08-04,72.0,5,2,False,0.0
hardware,2023-08-04,16.0,2,1,False,0.0
weld,2023-08-04,48.0,6,1,False,0.0
robotic_weld,2023-08-04,8.0,1,1,False,0.0
grind_deburr,2023-08-04,16.0,2,1,False,0.0
powder_coat,2023-08-04,8.0,1,1,False,0.0
assembly,2023-08-04,16.0,2,1,False,0.0
inspection_pack,2023-08-04,16.0,2,1,False,0.0
press_brake,2023-08-05,16.0,5,1,True,0.0
laser,2023-08-07,40.0,3,2,False,0.0
punch,2023-08-07,8.0,1,1,False,0.0
press_brake,2023-08-07,72.0,5,2,False,0.0
hardware,2023-08-07,16.0,2,1,False,0.0
weld,2023-08-07,48.0,6,1,False,0.0
robotic_weld,2023-08-07,8.0,1,1,False,0.0
grind_deburr,2023-08-07,16.0,2,1,False,0.0
powder_coat,2023-08-07,8.0,1,1,False,0.0
assembly,2023-08-07,16.0,2,1,False,0.0
inspection_pack,2023-08-07,16.0,2,1,False,0.0
laser,2023-08-08,40.0,3,2,False,0.0
punch,2023-08-08,8.0,1,1,False,0.0
press_brake,2023-08-08,72.0,5,2,False,0.0
hardware,2023-08-08,16.0,2,1,False,0.0
weld,2023-08-08,48.0,6,1,False,0.0
robotic_weld,2023-08-08,8.0,1,1,False,0.0
grind_deburr,2023-08-08,16.0,2,1,False,0.0
powder_coat,2023-08-08,8.0,1,1,False,0.0
assembly,2023-08-08,16.0,2,1,False,0.0
inspection_pack,2023-08-08,16.0,2,1,False,0.0
laser,2023-08-09,40.0,3,2,False,0.0
punch,2023-08-09,8.0,1,1,False,0.0
press_brake,2023-08-09,72.0,5,2,False,0.0
hardware,2023-08-09,16.0,2,1,False,0.0
weld,2023-08-09,48.0,6,1,False,0.0
robotic_weld,2023-08-09,8.0,1,1,False,0.0
grind_deburr,2023-08-09,16.0,2,1,False,0.0
powder_coat,2023-08-09,8.0,1,1,False,0.0
assembly,2023-08-09,16.0,2,1,False,0.0
inspection_pack,2023-08-09,16.0,2,1,False,0.0
laser,2023-08-10,40.0,3,2,False,0.0
punch,2023-08-10,8.0,1,1,False,0.0
press_brake,2023-08-10,72.0,5,2,False,0.0
hardware,2023-08-10,16.0,2,1,False,0.0
weld,2023-08-10,48.0,6,1,False,0.0
robotic_weld,2023-08-10,8.0,1,1,False,0.0
grind_deburr,2023-08-10,16.0,2,1,False,0.0
powder_coat,2023-08-10,8.0,1,1,False,0.0
assembly,2023-08-10,16.0,2,1,False,0.0
inspection_pack,2023-08-10,16.0,2,1,False,0.0
laser,2023-08-11,40.0,3,2,False,0.0
punch,2023-08-11,8.0,1,1,False,0.0
press_brake,2023-08-11,72.0,5,2,False,0.0
hardware,2023-08-11,16.0,2,1,False,0.0
weld,2023-08-11,48.0,6,1,False,0.0
robotic_weld,2023-08-11,8.0,1,1,False,0.0
grind_deburr,2023-08-11,16.0,2,1,False,0.0
powder_coat,2023-08-11,8.0,1,1,False,0.0
assembly,2023-08-11,16.0,2,1,False,0.0
inspection_pack,2023-08-11,16.0,2,1,False,0.0
laser,2023-08-14,40.0,3,2,False,0.0
punch,2023-08-14,8.0,1,1,False,0.0
press_brake,2023-08-14,72.0,5,2,False,0.0
hardware,2023-08-14,16.0,2,1,False,0.0
weld,2023-08-14,48.0,6,1,False,0.0
robotic_weld,2023-08-14,8.0,1,1,False,0.0
grind_deburr,2023-08-14,16.0,2,1,False,0.0
powder_coat,2023-08-14,8.0,1,1,False,0.0
assembly,2023-08-14,16.0,2,1,False,0.0
inspection_pack,2023-08-14,16.0,2,1,False,0.0
laser,2023-08-15,40.0,3,2,False,0.0
punch,2023-08-15,8.0,1,1,False,0.0
press_brake,2023-08-15,72.0,5,2,False,0.0
hardware,2023-08-15,16.0,2,1,False,0.0
weld,2023-08-15,48.0,6,1,False,0.0
robotic_weld,2023-08-15,8.0,1,1,False,0.0
grind_deburr,2023-08-15,16.0,2,1,False,0.0
powder_coat,2023-08-15,8.0,1,1,False,0.0
assembly,2023-08-15,16.0,2,1,False,0.0
inspection_pack,2023-08-15,16.0,2,1,False,0.0
laser,2023-08-16,40.0,3,2,False,0.0
punch,2023-08-16,8.0,1,1,False,0.0
press_brake,2023-08-16,72.0,5,2,False,0.0
hardware,2023-08-16,16.0,2,1,False,0.0
weld,2023-08-16,48.0,6,1,False,0.0
robotic_weld,2023-08-16,8.0,1,1,False,0.0
grind_deburr,2023-08-16,16.0,2,1,False,0.0
powder_coat,2023-08-16,8.0,1,1,False,0.0
assembly,2023-08-16,16.0,2,1,False,0.0
inspection_pack,2023-08-16,16.0,2,1,False,0.0
laser,2023-08-17,40.0,3,2,False,0.0
punch,2023-08-17,8.0,1,1,False,0.0
press_brake,2023-08-17,72.0,5,2,False,0.0
hardware,2023-08-17,16.0,2,1,False,0.0
weld,2023-08-17,48.0,6,1,False,0.0
robotic_weld,2023-08-17,8.0,1,1,False,0.0
grind_deburr,2023-08-17,16.0,2,1,False,0.0
powder_coat,2023-08-17,8.0,1,1,False,0.0
assembly,2023-08-17,16.0,2,1,False,0.0
inspection_pack,2023-08-17,16.0,2,1,False,0.0
laser,2023-08-18,40.0,3,2,False,0.0
punch,2023-08-18,8.0,1,1,False,0.0
press_brake,2023-08-18,72.0,5,2,False,0.0
hardware,2023-08-18,16.0,2,1,False,0.0
weld,2023-08-18,48.0,6,1,False,0.0
robotic_weld,2023-08-18,8.0,1,1,False,0.0
grind_deburr,2023-08-18,16.0,2,1,False,0.0
powder_coat,2023-08-18,8.0,1,1,False,0.0
assembly,2023-08-18,16.0,2,1,False,0.0
inspection_pack,2023-08-18,16.0,2,1,False,0.0
laser,2023-08-21,40.0,3,2,False,0.0
punch,2023-08-21,8.0,1,1,False,0.0
press_brake,2023-08-21,72.0,5,2,False,0.0
hardware,2023-08-21,16.0,2,1,False,0.0
weld,2023-08-21,48.0,6,1,False,0.0
robotic_weld,2023-08-21,8.0,1,1,False,0.0
grind_deburr,2023-08-21,16.0,2,1,False,0.0
powder_coat,2023-08-21,8.0,1,1,False,0.0
assembly,2023-08-21,16.0,2,1,False,0.0
inspection_pack,2023-08-21,16.0,2,1,False,0.0
laser,2023-08-22,40.0,3,2,False,0.0
punch,2023-08-22,8.0,1,1,False,0.0
press_brake,2023-08-22,72.0,5,2,False,0.0
hardware,2023-08-22,16.0,2,1,False,0.0
weld,2023-08-22,48.0,6,1,False,0.0
robotic_weld,2023-08-22,8.0,1,1,False,0.0
grind_deburr,2023-08-22,16.0,2,1,False,0.0
powder_coat,2023-08-22,10.0,1,1,False,0.0
assembly,2023-08-22,16.0,2,1,False,0.0
inspection_pack,2023-08-22,16.0,2,1,False,0.0
laser,2023-08-23,40.0,3,2,False,0.0
punch,2023-08-23,8.0,1,1,False,0.0
press_brake,2023-08-23,72.0,5,2,False,0.0
hardware,2023-08-23,16.0,2,1,False,0.0
weld,2023-08-23,48.0,6,1,False,0.0
robotic_weld,2023-08-23,8.0,1,1,False,0.0
grind_deburr,2023-08-23,16.0,2,1,False,0.0
powder_coat,2023-08-23,8.0,1,1,False,0.0
assembly,2023-08-23,16.0,2,1,False,0.0
inspection_pack,2023-08-23,16.0,2,1,False,0.0
laser,2023-08-24,40.0,3,2,False,0.0
punch,2023-08-24,8.0,1,1,False,0.0
press_brake,2023-08-24,72.0,5,2,False,0.0
hardware,2023-08-24,16.0,2,1,False,0.0
weld,2023-08-24,48.0,6,1,False,0.0
robotic_weld,2023-08-24,8.0,1,1,False,0.0
grind_deburr,2023-08-24,16.0,2,1,False,0.0
powder_coat,2023-08-24,8.0,1,1,False,0.0
assembly,2023-08-24,16.0,2,1,False,0.0
inspection_pack,2023-08-24,16.0,2,1,False,0.0
laser,2023-08-25,40.0,3,2,False,0.0
punch,2023-08-25,8.0,1,1,False,0.0
press_brake,2023-08-25,72.0,5,2,False,0.0
hardware,2023-08-25,16.0,2,1,False,0.0
weld,2023-08-25,48.0,6,1,False,0.0
robotic_weld,2023-08-25,8.0,1,1,False,0.0
grind_deburr,2023-08-25,16.0,2,1,False,0.0
powder_coat,2023-08-25,8.0,1,1,False,0.0
assembly,2023-08-25,16.0,2,1,False,0.0
inspection_pack,2023-08-25,16.0,2,1,False,0.0
laser,2023-08-28,40.0,3,2,False,0.0
punch,2023-08-28,8.0,1,1,False,0.0
press_brake,2023-08-28,72.0,5,2,False,0.0
hardware,2023-08-28,16.0,2,1,False,0.0
weld,2023-08-28,48.0,6,1,False,0.0
robotic_weld,2023-08-28,8.0,1,1,False,0.0
grind_deburr,2023-08-28,16.0,2,1,False,0.0
powder_coat,2023-08-28,8.0,1,1,False,0.0
assembly,2023-08-28,16.0,2,1,False,0.0
inspection_pack,2023-08-28,16.0,2,1,False,0.0
laser,2023-08-29,40.0,3,2,False,0.0
punch,2023-08-29,8.0,1,1,False,0.0
press_brake,2023-08-29,72.0,5,2,False,0.0
hardware,2023-08-29,16.0,2,1,False,0.0
weld,2023-08-29,48.0,6,1,False,0.0
robotic_weld,2023-08-29,8.0,1,1,False,0.0
grind_deburr,2023-08-29,16.0,2,1,False,0.0
powder_coat,2023-08-29,8.0,1,1,False,0.0
assembly,2023-08-29,16.0,2,1,False,0.0
inspection_pack,2023-08-29,16.0,2,1,False,0.0
laser,2023-08-30,40.0,3,2,False,0.0
punch,2023-08-30,8.0,1,1,False,0.0
press_brake,2023-08-30,72.0,5,2,False,0.0
hardware,2023-08-30,16.0,2,1,False,0.0
weld,2023-08-30,48.0,6,1,False,0.0
robotic_weld,2023-08-30,8.0,1,1,False,0.0
grind_deburr,2023-08-30,16.0,2,1,False,0.0
powder_coat,2023-08-30,8.0,1,1,False,0.0
assembly,2023-08-30,16.0,2,1,False,0.0
inspection_pack,2023-08-30,16.0,2,1,False,0.0
laser,2023-08-31,40.0,3,2,False,0.0
punch,2023-08-31,8.0,1,1,False,0.0
press_brake,2023-08-31,72.0,5,2,False,0.0
hardware,2023-08-31,16.0,2,1,False,0.0
weld,2023-08-31,48.0,6,1,False,0.0
robotic_weld,2023-08-31,8.0,1,1,False,0.0
grind_deburr,2023-08-31,16.0,2,1,False,0.0
powder_coat,2023-08-31,8.0,1,1,False,0.0
assembly,2023-08-31,16.0,2,1,False,0.0
inspection_pack,2023-08-31,16.0,2,1,False,0.0
laser,2023-09-01,40.0,3,2,False,0.0
punch,2023-09-01,8.0,1,1,False,0.0
press_brake,2023-09-01,72.0,5,2,False,0.0
hardware,2023-09-01,16.0,2,1,False,0.0
weld,2023-09-01,48.0,6,1,False,0.0
robotic_weld,2023-09-01,8.0,1,1,False,0.0
grind_deburr,2023-09-01,16.0,2,1,False,0.0
powder_coat,2023-09-01,8.0,1,1,False,0.0
assembly,2023-09-01,16.0,2,1,False,0.0
inspection_pack,2023-09-01,16.0,2,1,False,0.0
laser,2023-09-05,40.0,3,2,False,0.0
punch,2023-09-05,8.0,1,1,False,0.0
press_brake,2023-09-05,72.0,5,2,False,0.0
hardware,2023-09-05,16.0,2,1,False,0.0
weld,2023-09-05,48.0,6,1,False,0.0
robotic_weld,2023-09-05,8.0,1,1,False,0.0
grind_deburr,2023-09-05,16.0,2,1,False,0.0
powder_coat,2023-09-05,8.0,1,1,False,0.0
assembly,2023-09-05,16.0,2,1,False,0.0
inspection_pack,2023-09-05,16.0,2,1,False,0.0
laser,2023-09-06,40.0,3,2,False,0.0
punch,2023-09-06,8.0,1,1,False,0.0
press_brake,2023-09-06,72.0,5,2,False,0.0
hardware,2023-09-06,16.0,2,1,False,0.0
weld,2023-09-06,48.0,6,1,False,0.0
robotic_weld,2023-09-06,8.0,1,1,False,0.0
grind_deburr,2023-09-06,16.0,2,1,False,0.0
powder_coat,2023-09-06,8.0,1,1,False,0.0
assembly,2023-09-06,16.0,2,1,False,0.0
inspection_pack,2023-09-06,16.0,2,1,False,0.0
laser,2023-09-07,40.0,3,2,False,0.0
punch,2023-09-07,8.0,1,1,False,0.0
press_brake,2023-09-07,72.0,5,2,False,0.0
hardware,2023-09-07,16.0,2,1,False,0.0
weld,2023-09-07,48.0,6,1,False,0.0
robotic_weld,2023-09-07,8.0,1,1,False,0.0
grind_deburr,2023-09-07,16.0,2,1,False,0.0
powder_coat,2023-09-07,8.0,1,1,False,0.0
assembly,2023-09-07,16.0,2,1,False,0.0
inspection_pack,2023-09-07,16.0,2,1,False,0.0
laser,2023-09-08,40.0,3,2,False,0.0
punch,2023-09-08,8.0,1,1,False,0.0
press_brake,2023-09-08,72.0,5,2,False,0.0
hardware,2023-09-08,16.0,2,1,False,0.0
weld,2023-09-08,48.0,6,1,False,0.0
robotic_weld,2023-09-08,8.0,1,1,False,0.0
grind_deburr,2023-09-08,16.0,2,1,False,0.0
powder_coat,2023-09-08,8.0,1,1,False,0.0
assembly,2023-09-08,16.0,2,1,False,0.0
inspection_pack,2023-09-08,16.0,2,1,False,0.0
laser,2023-09-11,40.0,3,2,False,0.0
punch,2023-09-11,8.0,1,1,False,0.0
press_brake,2023-09-11,72.0,5,2,False,0.0
hardware,2023-09-11,16.0,2,1,False,0.0
weld,2023-09-11,48.0,6,1,False,0.0
robotic_weld,2023-09-11,8.0,1,1,False,0.0
grind_deburr,2023-09-11,16.0,2,1,False,0.0
powder_coat,2023-09-11,8.0,1,1,False,0.0
assembly,2023-09-11,16.0,2,1,False,0.0
inspection_pack,2023-09-11,16.0,2,1,False,0.0
laser,2023-09-12,40.0,3,2,False,0.0
punch,2023-09-12,8.0,1,1,False,0.0
press_brake,2023-09-12,72.0,5,2,False,0.0
hardware,2023-09-12,16.0,2,1,False,0.0
weld,2023-09-12,48.0,6,1,False,0.0
robotic_weld,2023-09-12,8.0,1,1,False,0.0
grind_deburr,2023-09-12,16.0,2,1,False,0.0
powder_coat,2023-09-12,8.0,1,1,False,0.0
assembly,2023-09-12,16.0,2,1,False,0.0
inspection_pack,2023-09-12,16.0,2,1,False,0.0
laser,2023-09-13,40.0,3,2,False,0.0
punch,2023-09-13,8.0,1,1,False,0.0
press_brake,2023-09-13,72.0,5,2,False,0.0
hardware,2023-09-13,16.0,2,1,False,0.0
weld,2023-09-13,48.0,6,1,False,0.0
robotic_weld,2023-09-13,8.0,1,1,False,0.0
grind_deburr,2023-09-13,16.0,2,1,False,0.0
powder_coat,2023-09-13,8.0,1,1,False,0.0
assembly,2023-09-13,16.0,2,1,False,0.0
inspection_pack,2023-09-13,16.0,2,1,False,0.0
laser,2023-09-14,40.0,3,2,False,0.0
punch,2023-09-14,8.0,1,1,False,0.0
press_brake,2023-09-14,72.0,5,2,False,0.0
hardware,2023-09-14,16.0,2,1,False,0.0
weld,2023-09-14,48.0,6,1,False,0.0
robotic_weld,2023-09-14,8.0,1,1,False,0.0
grind_deburr,2023-09-14,16.0,2,1,False,0.0
powder_coat,2023-09-14,8.0,1,1,False,0.0
assembly,2023-09-14,16.0,2,1,False,0.0
inspection_pack,2023-09-14,16.0,2,1,False,0.0
laser,2023-09-15,40.0,3,2,False,0.0
punch,2023-09-15,8.0,1,1,False,0.0
press_brake,2023-09-15,72.0,5,2,False,0.0
hardware,2023-09-15,16.0,2,1,False,0.0
weld,2023-09-15,48.0,6,1,False,0.0
robotic_weld,2023-09-15,8.0,1,1,False,0.0
grind_deburr,2023-09-15,16.0,2,1,False,0.0
powder_coat,2023-09-15,8.0,1,1,False,0.0
assembly,2023-09-15,16.0,2,1,False,0.0
inspection_pack,2023-09-15,16.0,2,1,False,0.0
laser,2023-09-18,40.0,3,2,False,0.0
punch,2023-09-18,8.0,1,1,False,0.0
press_brake,2023-09-18,72.0,5,2,False,0.0
hardware,2023-09-18,16.0,2,1,False,0.0
weld,2023-09-18,48.0,6,1,False,0.0
robotic_weld,2023-09-18,8.0,1,1,False,0.0
grind_deburr,2023-09-18,16.0,2,1,False,0.0
powder_coat,2023-09-18,8.0,1,1,False,0.0
assembly,2023-09-18,16.0,2,1,False,0.0
inspection_pack,2023-09-18,16.0,2,1,False,0.0
laser,2023-09-19,40.0,3,2,False,0.0
punch,2023-09-19,8.0,1,1,False,0.0
press_brake,2023-09-19,72.0,5,2,False,0.0
hardware,2023-09-19,16.0,2,1,False,0.0
weld,2023-09-19,48.0,6,1,False,0.0
robotic_weld,2023-09-19,8.0,1,1,False,0.0
grind_deburr,2023-09-19,16.0,2,1,False,0.0
powder_coat,2023-09-19,8.0,1,1,False,0.0
assembly,2023-09-19,16.0,2,1,False,0.0
inspection_pack,2023-09-19,16.0,2,1,False,0.0
laser,2023-09-20,40.0,3,2,False,0.0
punch,2023-09-20,8.0,1,1,False,0.0
press_brake,2023-09-20,72.0,5,2,False,0.0
hardware,2023-09-20,16.0,2,1,False,0.0
weld,2023-09-20,48.0,6,1,False,0.0
robotic_weld,2023-09-20,8.0,1,1,False,0.0
grind_deburr,2023-09-20,16.0,2,1,False,0.0
powder_coat,2023-09-20,8.0,1,1,False,0.0
assembly,2023-09-20,16.0,2,1,False,0.0
inspection_pack,2023-09-20,16.0,2,1,False,0.0
laser,2023-09-21,40.0,3,2,False,0.0
punch,2023-09-21,8.0,1,1,False,0.0
press_brake,2023-09-21,72.0,5,2,False,0.0
hardware,2023-09-21,16.0,2,1,False,0.0
weld,2023-09-21,48.0,6,1,False,0.0
robotic_weld,2023-09-21,8.0,1,1,False,0.0
grind_deburr,2023-09-21,16.0,2,1,False,0.0
powder_coat,2023-09-21,8.0,1,1,False,0.0
assembly,2023-09-21,16.0,2,1,False,0.0
inspection_pack,2023-09-21,16.0,2,1,False,0.0
laser,2023-09-22,40.0,3,2,False,0.0
punch,2023-09-22,8.0,1,1,False,0.0
press_brake,2023-09-22,72.0,5,2,False,0.0
hardware,2023-09-22,16.0,2,1,False,0.0
weld,2023-09-22,48.0,6,1,False,0.0
robotic_weld,2023-09-22,8.0,1,1,False,0.0
grind_deburr,2023-09-22,16.0,2,1,False,0.0
powder_coat,2023-09-22,8.0,1,1,False,0.0
assembly,2023-09-22,16.0,2,1,False,0.0
inspection_pack,2023-09-22,16.0,2,1,False,0.0
laser,2023-09-25,40.0,3,2,False,0.0
punch,2023-09-25,8.0,1,1,False,0.0
press_brake,2023-09-25,72.0,5,2,False,0.0
hardware,2023-09-25,16.0,2,1,False,0.0
weld,2023-09-25,48.0,6,1,False,0.0
robotic_weld,2023-09-25,8.0,1,1,False,0.0
grind_deburr,2023-09-25,16.0,2,1,False,0.0
powder_coat,2023-09-25,8.0,1,1,False,0.0
assembly,2023-09-25,16.0,2,1,False,0.0
inspection_pack,2023-09-25,16.0,2,1,False,0.0
laser,2023-09-26,40.0,3,2,False,0.0
punch,2023-09-26,8.0,1,1,False,0.0
press_brake,2023-09-26,72.0,5,2,False,0.0
hardware,2023-09-26,16.0,2,1,False,0.0
weld,2023-09-26,48.0,6,1,False,0.0
robotic_weld,2023-09-26,8.0,1,1,False,0.0
grind_deburr,2023-09-26,16.0,2,1,False,0.0
powder_coat,2023-09-26,8.0,1,1,False,0.0
assembly,2023-09-26,16.0,2,1,False,0.0
inspection_pack,2023-09-26,16.0,2,1,False,0.0
laser,2023-09-27,40.0,3,2,False,0.0
punch,2023-09-27,8.0,1,1,False,0.0
press_brake,2023-09-27,72.0,5,2,False,0.0
hardware,2023-09-27,16.0,2,1,False,0.0
weld,2023-09-27,48.0,6,1,False,0.0
robotic_weld,2023-09-27,8.0,1,1,False,0.0
grind_deburr,2023-09-27,16.0,2,1,False,0.0
powder_coat,2023-09-27,8.0,1,1,False,0.0
assembly,2023-09-27,16.0,2,1,False,0.0
inspection_pack,2023-09-27,16.0,2,1,False,0.0
laser,2023-09-28,40.0,3,2,False,0.0
punch,2023-09-28,8.0,1,1,False,0.0
press_brake,2023-09-28,72.0,5,2,False,0.0
hardware,2023-09-28,16.0,2,1,False,0.0
weld,2023-09-28,48.0,6,1,False,0.0
robotic_weld,2023-09-28,8.0,1,1,False,0.0
grind_deburr,2023-09-28,16.0,2,1,False,0.0
powder_coat,2023-09-28,8.0,1,1,False,0.0
assembly,2023-09-28,16.0,2,1,False,0.0
inspection_pack,2023-09-28,16.0,2,1,False,0.0
laser,2023-09-29,40.0,3,2,False,0.0
punch,2023-09-29,8.0,1,1,False,0.0
press_brake,2023-09-29,72.0,5,2,False,0.0
hardware,2023-09-29,16.0,2,1,False,0.0
weld,2023-09-29,48.0,6,1,False,0.0
robotic_weld,2023-09-29,8.0,1,1,False,0.0
grind_deburr,2023-09-29,16.0,2,1,False,0.0
powder_coat,2023-09-29,8.0,1,1,False,0.0
assembly,2023-09-29,16.0,2,1,False,0.0
inspection_pack,2023-09-29,16.0,2,1,False,0.0
laser,2023-10-02,40.0,3,2,False,0.0
punch,2023-10-02,8.0,1,1,False,0.0
press_brake,2023-10-02,72.0,5,2,False,0.0
hardware,2023-10-02,16.0,2,1,False,0.0
weld,2023-10-02,48.0,6,1,False,0.0
robotic_weld,2023-10-02,8.0,1,1,False,0.0
grind_deburr,2023-10-02,16.0,2,1,False,0.0
powder_coat,2023-10-02,8.0,1,1,False,0.0
assembly,2023-10-02,16.0,2,1,False,0.0
inspection_pack,2023-10-02,16.0,2,1,False,0.0
laser,2023-10-03,40.0,3,2,False,0.0
punch,2023-10-03,8.0,1,1,False,0.0
press_brake,2023-10-03,72.0,5,2,False,0.0
hardware,2023-10-03,16.0,2,1,False,0.0
weld,2023-10-03,48.0,6,1,False,0.0
robotic_weld,2023-10-03,8.0,1,1,False,0.0
grind_deburr,2023-10-03,16.0,2,1,False,0.0
powder_coat,2023-10-03,8.0,1,1,False,0.0
assembly,2023-10-03,16.0,2,1,False,0.0
inspection_pack,2023-10-03,16.0,2,1,False,0.0
laser,2023-10-04,40.0,3,2,False,0.0
punch,2023-10-04,8.0,1,1,False,0.0
press_brake,2023-10-04,72.0,5,2,False,0.0
hardware,2023-10-04,16.0,2,1,False,0.0
weld,2023-10-04,48.0,6,1,False,0.0
robotic_weld,2023-10-04,8.0,1,1,False,0.0
grind_deburr,2023-10-04,16.0,2,1,False,0.0
powder_coat,2023-10-04,8.0,1,1,False,0.0
assembly,2023-10-04,16.0,2,1,False,0.0
inspection_pack,2023-10-04,16.0,2,1,False,0.0
laser,2023-10-05,40.0,3,2,False,0.0
punch,2023-10-05,8.0,1,1,False,0.0
press_brake,2023-10-05,72.0,5,2,False,0.0
hardware,2023-10-05,16.0,2,1,False,0.0
weld,2023-10-05,48.0,6,1,False,0.0
robotic_weld,2023-10-05,8.0,1,1,False,0.0
grind_deburr,2023-10-05,16.0,2,1,False,0.0
powder_coat,2023-10-05,10.0,1,1,False,0.0
assembly,2023-10-05,16.0,2,1,False,0.0
inspection_pack,2023-10-05,16.0,2,1,False,0.0
laser,2023-10-06,40.0,3,2,False,0.0
punch,2023-10-06,8.0,1,1,False,0.0
press_brake,2023-10-06,72.0,5,2,False,0.0
hardware,2023-10-06,16.0,2,1,False,0.0
weld,2023-10-06,48.0,6,1,False,0.0
robotic_weld,2023-10-06,8.0,1,1,False,0.0
grind_deburr,2023-10-06,16.0,2,1,False,0.0
powder_coat,2023-10-06,8.0,1,1,False,0.0
assembly,2023-10-06,16.0,2,1,False,0.0
inspection_pack,2023-10-06,16.0,2,1,False,0.0
laser,2023-10-09,40.0,3,2,False,0.0
punch,2023-10-09,8.0,1,1,False,0.0
press_brake,2023-10-09,72.0,5,2,False,0.0
hardware,2023-10-09,16.0,2,1,False,0.0
weld,2023-10-09,48.0,6,1,False,0.0
robotic_weld,2023-10-09,8.0,1,1,False,0.0
grind_deburr,2023-10-09,16.0,2,1,False,0.0
powder_coat,2023-10-09,8.0,1,1,False,0.0
assembly,2023-10-09,16.0,2,1,False,0.0
inspection_pack,2023-10-09,16.0,2,1,False,0.0
laser,2023-10-10,40.0,3,2,False,0.0
punch,2023-10-10,8.0,1,1,False,0.0
press_brake,2023-10-10,72.0,5,2,False,0.0
hardware,2023-10-10,16.0,2,1,False,0.0
weld,2023-10-10,48.0,6,1,False,0.0
robotic_weld,2023-10-10,8.0,1,1,False,0.0
grind_deburr,2023-10-10,16.0,2,1,False,0.0
powder_coat,2023-10-10,8.0,1,1,False,0.0
assembly,2023-10-10,16.0,2,1,False,0.0
inspection_pack,2023-10-10,16.0,2,1,False,0.0
laser,2023-10-11,40.0,3,2,False,0.0
punch,2023-10-11,8.0,1,1,False,0.0
press_brake,2023-10-11,72.0,5,2,False,0.0
hardware,2023-10-11,16.0,2,1,False,0.0
weld,2023-10-11,48.0,6,1,False,0.0
robotic_weld,2023-10-11,8.0,1,1,False,0.0
grind_deburr,2023-10-11,16.0,2,1,False,0.0
powder_coat,2023-10-11,8.0,1,1,False,0.0
assembly,2023-10-11,16.0,2,1,False,0.0
inspection_pack,2023-10-11,16.0,2,1,False,0.0
laser,2023-10-12,40.0,3,2,False,0.0
punch,2023-10-12,8.0,1,1,False,0.0
press_brake,2023-10-12,72.0,5,2,False,0.0
hardware,2023-10-12,16.0,2,1,False,0.0
weld,2023-10-12,48.0,6,1,False,0.0
robotic_weld,2023-10-12,8.0,1,1,False,0.0
grind_deburr,2023-10-12,16.0,2,1,False,0.0
powder_coat,2023-10-12,8.0,1,1,False,0.0
assembly,2023-10-12,16.0,2,1,False,0.0
inspection_pack,2023-10-12,16.0,2,1,False,0.0
laser,2023-10-13,40.0,3,2,False,0.0
punch,2023-10-13,8.0,1,1,False,0.0
press_brake,2023-10-13,72.0,5,2,False,0.0
hardware,2023-10-13,16.0,2,1,False,0.0
weld,2023-10-13,48.0,6,1,False,0.0
robotic_weld,2023-10-13,8.0,1,1,False,0.0
grind_deburr,2023-10-13,16.0,2,1,False,0.0
powder_coat,2023-10-13,8.0,1,1,False,0.0
assembly,2023-10-13,16.0,2,1,False,0.0
inspection_pack,2023-10-13,16.0,2,1,False,0.0
laser,2023-10-16,40.0,3,2,False,0.0
punch,2023-10-16,8.0,1,1,False,0.0
press_brake,2023-10-16,72.0,5,2,False,0.0
hardware,2023-10-16,16.0,2,1,False,0.0
weld,2023-10-16,48.0,6,1,False,0.0
robotic_weld,2023-10-16,8.0,1,1,False,0.0
grind_deburr,2023-10-16,16.0,2,1,False,0.0
powder_coat,2023-10-16,8.0,1,1,False,0.0
assembly,2023-10-16,16.0,2,1,False,0.0
inspection_pack,2023-10-16,16.0,2,1,False,0.0
laser,2023-10-17,40.0,3,2,False,0.0
punch,2023-10-17,8.0,1,1,False,0.0
press_brake,2023-10-17,72.0,5,2,False,0.0
hardware,2023-10-17,16.0,2,1,False,0.0
weld,2023-10-17,48.0,6,1,False,0.0
robotic_weld,2023-10-17,8.0,1,1,False,0.0
grind_deburr,2023-10-17,16.0,2,1,False,0.0
powder_coat,2023-10-17,8.0,1,1,False,0.0
assembly,2023-10-17,16.0,2,1,False,0.0
inspection_pack,2023-10-17,16.0,2,1,False,0.0
laser,2023-10-18,40.0,3,2,False,0.0
punch,2023-10-18,8.0,1,1,False,0.0
press_brake,2023-10-18,72.0,5,2,False,0.0
hardware,2023-10-18,16.0,2,1,False,0.0
weld,2023-10-18,48.0,6,1,False,0.0
robotic_weld,2023-10-18,8.0,1,1,False,0.0
grind_deburr,2023-10-18,16.0,2,1,False,0.0
powder_coat,2023-10-18,8.0,1,1,False,0.0
assembly,2023-10-18,16.0,2,1,False,0.0
inspection_pack,2023-10-18,16.0,2,1,False,0.0
laser,2023-10-19,40.0,3,2,False,0.0
punch,2023-10-19,8.0,1,1,False,0.0
press_brake,2023-10-19,72.0,5,2,False,0.0
hardware,2023-10-19,16.0,2,1,False,0.0
weld,2023-10-19,48.0,6,1,False,0.0
robotic_weld,2023-10-19,8.0,1,1,False,0.0
grind_deburr,2023-10-19,16.0,2,1,False,0.0
powder_coat,2023-10-19,8.0,1,1,False,0.0
assembly,2023-10-19,16.0,2,1,False,0.0
inspection_pack,2023-10-19,16.0,2,1,False,0.0
laser,2023-10-20,40.0,3,2,False,0.0
punch,2023-10-20,8.0,1,1,False,0.0
press_brake,2023-10-20,72.0,5,2,False,0.0
hardware,2023-10-20,16.0,2,1,False,0.0
weld,2023-10-20,48.0,6,1,False,0.0
robotic_weld,2023-10-20,8.0,1,1,False,0.0
grind_deburr,2023-10-20,16.0,2,1,False,0.0
powder_coat,2023-10-20,8.0,1,1,False,0.0
assembly,2023-10-20,16.0,2,1,False,0.0
inspection_pack,2023-10-20,16.0,2,1,False,0.0
laser,2023-10-23,40.0,3,2,False,0.0
punch,2023-10-23,8.0,1,1,False,0.0
press_brake,2023-10-23,72.0,5,2,False,0.0
hardware,2023-10-23,16.0,2,1,False,0.0
weld,2023-10-23,48.0,6,1,False,0.0
robotic_weld,2023-10-23,8.0,1,1,False,0.0
grind_deburr,2023-10-23,16.0,2,1,False,0.0
powder_coat,2023-10-23,8.0,1,1,False,0.0
assembly,2023-10-23,16.0,2,1,False,0.0
inspection_pack,2023-10-23,16.0,2,1,False,0.0
laser,2023-10-24,40.0,3,2,False,0.0
punch,2023-10-24,8.0,1,1,False,0.0
press_brake,2023-10-24,72.0,5,2,False,0.0
hardware,2023-10-24,16.0,2,1,False,0.0
weld,2023-10-24,48.0,6,1,False,0.0
robotic_weld,2023-10-24,8.0,1,1,False,0.0
grind_deburr,2023-10-24,16.0,2,1,False,0.0
powder_coat,2023-10-24,8.0,1,1,False,0.0
assembly,2023-10-24,16.0,2,1,False,0.0
inspection_pack,2023-10-24,16.0,2,1,False,0.0
laser,2023-10-25,40.0,3,2,False,0.0
punch,2023-10-25,8.0,1,1,False,0.0
press_brake,2023-10-25,72.0,5,2,False,0.0
hardware,2023-10-25,16.0,2,1,False,0.0
weld,2023-10-25,48.0,6,1,False,0.0
robotic_weld,2023-10-25,8.0,1,1,False,0.0
grind_deburr,2023-10-25,16.0,2,1,False,0.0
powder_coat,2023-10-25,8.0,1,1,False,0.0
assembly,2023-10-25,16.0,2,1,False,0.0
inspection_pack,2023-10-25,16.0,2,1,False,0.0
laser,2023-10-26,40.0,3,2,False,0.0
punch,2023-10-26,8.0,1,1,False,0.0
press_brake,2023-10-26,72.0,5,2,False,0.0
hardware,2023-10-26,16.0,2,1,False,0.0
weld,2023-10-26,48.0,6,1,False,0.0
robotic_weld,2023-10-26,8.0,1,1,False,0.0
grind_deburr,2023-10-26,16.0,2,1,False,0.0
powder_coat,2023-10-26,8.0,1,1,False,0.0
assembly,2023-10-26,16.0,2,1,False,0.0
inspection_pack,2023-10-26,16.0,2,1,False,0.0
laser,2023-10-27,40.0,3,2,False,0.0
punch,2023-10-27,8.0,1,1,False,0.0
press_brake,2023-10-27,72.0,5,2,False,0.0
hardware,2023-10-27,16.0,2,1,False,0.0
weld,2023-10-27,48.0,6,1,False,0.0
robotic_weld,2023-10-27,8.0,1,1,False,0.0
grind_deburr,2023-10-27,16.0,2,1,False,0.0
powder_coat,2023-10-27,8.0,1,1,False,0.0
assembly,2023-10-27,16.0,2,1,False,0.0
inspection_pack,2023-10-27,16.0,2,1,False,0.0
laser,2023-10-30,40.0,3,2,False,0.0
punch,2023-10-30,8.0,1,1,False,0.0
press_brake,2023-10-30,72.0,5,2,False,0.0
hardware,2023-10-30,16.0,2,1,False,0.0
weld,2023-10-30,48.0,6,1,False,0.0
robotic_weld,2023-10-30,8.0,1,1,False,0.0
grind_deburr,2023-10-30,16.0,2,1,False,0.0
powder_coat,2023-10-30,8.0,1,1,False,0.0
assembly,2023-10-30,16.0,2,1,False,0.0
inspection_pack,2023-10-30,16.0,2,1,False,0.0
laser,2023-10-31,40.0,3,2,False,0.0
punch,2023-10-31,8.0,1,1,False,0.0
press_brake,2023-10-31,72.0,5,2,False,0.0
hardware,2023-10-31,16.0,2,1,False,0.0
weld,2023-10-31,48.0,6,1,False,0.0
robotic_weld,2023-10-31,8.0,1,1,False,0.0
grind_deburr,2023-10-31,16.0,2,1,False,0.0
powder_coat,2023-10-31,8.0,1,1,False,0.0
assembly,2023-10-31,16.0,2,1,False,0.0
inspection_pack,2023-10-31,16.0,2,1,False,0.0
laser,2023-11-01,40.0,3,2,False,0.0
punch,2023-11-01,8.0,1,1,False,0.0
press_brake,2023-11-01,72.0,5,2,False,0.0
hardware,2023-11-01,16.0,2,1,False,0.0
weld,2023-11-01,48.0,6,1,False,0.0
robotic_weld,2023-11-01,8.0,1,1,False,0.0
grind_deburr,2023-11-01,16.0,2,1,False,0.0
powder_coat,2023-11-01,8.0,1,1,False,0.0
assembly,2023-11-01,16.0,2,1,False,0.0
inspection_pack,2023-11-01,16.0,2,1,False,0.0
laser,2023-11-02,40.0,3,2,False,0.0
punch,2023-11-02,8.0,1,1,False,0.0
press_brake,2023-11-02,72.0,5,2,False,0.0
hardware,2023-11-02,16.0,2,1,False,0.0
weld,2023-11-02,48.0,6,1,False,0.0
robotic_weld,2023-11-02,8.0,1,1,False,0.0
grind_deburr,2023-11-02,16.0,2,1,False,0.0
powder_coat,2023-11-02,8.0,1,1,False,0.0
assembly,2023-11-02,16.0,2,1,False,0.0
inspection_pack,2023-11-02,16.0,2,1,False,0.0
laser,2023-11-03,40.0,3,2,False,0.0
punch,2023-11-03,8.0,1,1,False,0.0
press_brake,2023-11-03,72.0,5,2,False,0.0
hardware,2023-11-03,16.0,2,1,False,0.0
weld,2023-11-03,48.0,6,1,False,0.0
robotic_weld,2023-11-03,8.0,1,1,False,0.0
grind_deburr,2023-11-03,16.0,2,1,False,0.0
powder_coat,2023-11-03,8.0,1,1,False,0.0
assembly,2023-11-03,16.0,2,1,False,0.0
inspection_pack,2023-11-03,16.0,2,1,False,0.0
laser,2023-11-06,40.0,3,2,False,0.0
punch,2023-11-06,8.0,1,1,False,0.0
press_brake,2023-11-06,72.0,5,2,False,0.0
hardware,2023-11-06,16.0,2,1,False,0.0
weld,2023-11-06,48.0,6,1,False,0.0
robotic_weld,2023-11-06,8.0,1,1,False,0.0
grind_deburr,2023-11-06,16.0,2,1,False,0.0
powder_coat,2023-11-06,8.0,1,1,False,0.0
assembly,2023-11-06,16.0,2,1,False,0.0
inspection_pack,2023-11-06,16.0,2,1,False,0.0
laser,2023-11-07,40.0,3,2,False,0.0
punch,2023-11-07,8.0,1,1,False,0.0
press_brake,2023-11-07,72.0,5,2,False,0.0
hardware,2023-11-07,16.0,2,1,False,0.0
weld,2023-11-07,48.0,6,1,False,0.0
robotic_weld,2023-11-07,8.0,1,1,False,0.0
grind_deburr,2023-11-07,16.0,2,1,False,0.0
powder_coat,2023-11-07,8.0,1,1,False,0.0
assembly,2023-11-07,16.0,2,1,False,0.0
inspection_pack,2023-11-07,16.0,2,1,False,0.0
laser,2023-11-08,40.0,3,2,False,0.0
punch,2023-11-08,8.0,1,1,False,0.0
press_brake,2023-11-08,72.0,5,2,False,0.0
hardware,2023-11-08,16.0,2,1,False,0.0
weld,2023-11-08,48.0,6,1,False,0.0
robotic_weld,2023-11-08,8.0,1,1,False,0.0
grind_deburr,2023-11-08,16.0,2,1,False,0.0
powder_coat,2023-11-08,8.0,1,1,False,0.0
assembly,2023-11-08,16.0,2,1,False,0.0
inspection_pack,2023-11-08,16.0,2,1,False,0.0
laser,2023-11-09,40.0,3,2,False,0.0
punch,2023-11-09,8.0,1,1,False,0.0
press_brake,2023-11-09,72.0,5,2,False,0.0
hardware,2023-11-09,16.0,2,1,False,0.0
weld,2023-11-09,48.0,6,1,False,0.0
robotic_weld,2023-11-09,8.0,1,1,False,0.0
grind_deburr,2023-11-09,16.0,2,1,False,0.0
powder_coat,2023-11-09,8.0,1,1,False,0.0
assembly,2023-11-09,16.0,2,1,False,0.0
inspection_pack,2023-11-09,16.0,2,1,False,0.0
laser,2023-11-10,40.0,3,2,False,0.0
punch,2023-11-10,8.0,1,1,False,0.0
press_brake,2023-11-10,72.0,5,2,False,0.0
hardware,2023-11-10,16.0,2,1,False,0.0
weld,2023-11-10,48.0,6,1,False,0.0
robotic_weld,2023-11-10,8.0,1,1,False,0.0
grind_deburr,2023-11-10,16.0,2,1,False,0.0
powder_coat,2023-11-10,8.0,1,1,False,0.0
assembly,2023-11-10,16.0,2,1,False,0.0
inspection_pack,2023-11-10,16.0,2,1,False,0.0
laser,2023-11-13,40.0,3,2,False,0.0
punch,2023-11-13,8.0,1,1,False,0.0
press_brake,2023-11-13,72.0,5,2,False,0.0
hardware,2023-11-13,16.0,2,1,False,0.0
weld,2023-11-13,48.0,6,1,False,0.0
robotic_weld,2023-11-13,8.0,1,1,False,0.0
grind_deburr,2023-11-13,16.0,2,1,False,0.0
powder_coat,2023-11-13,8.0,1,1,False,0.0
assembly,2023-11-13,16.0,2,1,False,0.0
inspection_pack,2023-11-13,16.0,2,1,False,0.0
laser,2023-11-14,40.0,3,2,False,0.0
punch,2023-11-14,8.0,1,1,False,0.0
press_brake,2023-11-14,72.0,5,2,False,0.0
hardware,2023-11-14,16.0,2,1,False,0.0
weld,2023-11-14,48.0,6,1,False,0.0
robotic_weld,2023-11-14,8.0,1,1,False,0.0
grind_deburr,2023-11-14,16.0,2,1,False,0.0
powder_coat,2023-11-14,8.0,1,1,False,0.0
assembly,2023-11-14,16.0,2,1,False,0.0
inspection_pack,2023-11-14,16.0,2,1,False,0.0
laser,2023-11-15,40.0,3,2,False,0.0
punch,2023-11-15,8.0,1,1,False,0.0
press_brake,2023-11-15,72.0,5,2,False,0.0
hardware,2023-11-15,16.0,2,1,False,0.0
weld,2023-11-15,48.0,6,1,False,0.0
robotic_weld,2023-11-15,8.0,1,1,False,0.0
grind_deburr,2023-11-15,16.0,2,1,False,0.0
powder_coat,2023-11-15,8.0,1,1,False,0.0
assembly,2023-11-15,16.0,2,1,False,0.0
inspection_pack,2023-11-15,16.0,2,1,False,0.0
laser,2023-11-16,40.0,3,2,False,0.0
punch,2023-11-16,8.0,1,1,False,0.0
press_brake,2023-11-16,72.0,5,2,False,0.0
hardware,2023-11-16,16.0,2,1,False,0.0
weld,2023-11-16,48.0,6,1,False,0.0
robotic_weld,2023-11-16,8.0,1,1,False,0.0
grind_deburr,2023-11-16,16.0,2,1,False,0.0
powder_coat,2023-11-16,8.0,1,1,False,0.0
assembly,2023-11-16,16.0,2,1,False,0.0
inspection_pack,2023-11-16,16.0,2,1,False,0.0
laser,2023-11-17,40.0,3,2,False,0.0
punch,2023-11-17,8.0,1,1,False,0.0
press_brake,2023-11-17,72.0,5,2,False,0.0
hardware,2023-11-17,16.0,2,1,False,0.0
weld,2023-11-17,48.0,6,1,False,0.0
robotic_weld,2023-11-17,8.0,1,1,False,0.0
grind_deburr,2023-11-17,16.0,2,1,False,0.0
powder_coat,2023-11-17,8.0,1,1,False,0.0
assembly,2023-11-17,16.0,2,1,False,0.0
inspection_pack,2023-11-17,16.0,2,1,False,0.0
laser,2023-11-20,40.0,3,2,False,0.0
punch,2023-11-20,8.0,1,1,False,0.0
press_brake,2023-11-20,72.0,5,2,False,0.0
hardware,2023-11-20,16.0,2,1,False,0.0
weld,2023-11-20,48.0,6,1,False,0.0
robotic_weld,2023-11-20,8.0,1,1,False,0.0
grind_deburr,2023-11-20,16.0,2,1,False,0.0
powder_coat,2023-11-20,8.0,1,1,False,0.0
assembly,2023-11-20,16.0,2,1,False,0.0
inspection_pack,2023-11-20,16.0,2,1,False,0.0
laser,2023-11-21,40.0,3,2,False,0.0
punch,2023-11-21,8.0,1,1,False,0.0
press_brake,2023-11-21,72.0,5,2,False,0.0
hardware,2023-11-21,16.0,2,1,False,0.0
weld,2023-11-21,48.0,6,1,False,0.0
robotic_weld,2023-11-21,8.0,1,1,False,0.0
grind_deburr,2023-11-21,16.0,2,1,False,0.0
powder_coat,2023-11-21,8.0,1,1,False,0.0
assembly,2023-11-21,16.0,2,1,False,0.0
inspection_pack,2023-11-21,16.0,2,1,False,0.0
laser,2023-11-22,40.0,3,2,False,0.0
punch,2023-11-22,8.0,1,1,False,0.0
press_brake,2023-11-22,72.0,5,2,False,0.0
hardware,2023-11-22,16.0,2,1,False,0.0
weld,2023-11-22,48.0,6,1,False,0.0
robotic_weld,2023-11-22,8.0,1,1,False,0.0
grind_deburr,2023-11-22,16.0,2,1,False,0.0
powder_coat,2023-11-22,8.0,1,1,False,0.0
assembly,2023-11-22,16.0,2,1,False,0.0
inspection_pack,2023-11-22,16.0,2,1,False,0.0
laser,2023-11-27,40.0,3,2,False,0.0
punch,2023-11-27,8.0,1,1,False,0.0
press_brake,2023-11-27,72.0,5,2,False,0.0
hardware,2023-11-27,16.0,2,1,False,0.0
weld,2023-11-27,48.0,6,1,False,0.0
robotic_weld,2023-11-27,8.0,1,1,False,0.0
grind_deburr,2023-11-27,16.0,2,1,False,0.0
powder_coat,2023-11-27,8.0,1,1,False,0.0
assembly,2023-11-27,16.0,2,1,False,0.0
inspection_pack,2023-11-27,16.0,2,1,False,0.0
laser,2023-11-28,40.0,3,2,False,0.0
punch,2023-11-28,8.0,1,1,False,0.0
press_brake,2023-11-28,72.0,5,2,False,0.0
hardware,2023-11-28,16.0,2,1,False,0.0
weld,2023-11-28,48.0,6,1,False,0.0
robotic_weld,2023-11-28,8.0,1,1,False,0.0
grind_deburr,2023-11-28,16.0,2,1,False,0.0
powder_coat,2023-11-28,8.0,1,1,False,0.0
assembly,2023-11-28,16.0,2,1,False,0.0
inspection_pack,2023-11-28,16.0,2,1,False,0.0
laser,2023-11-29,40.0,3,2,False,0.0
punch,2023-11-29,8.0,1,1,False,0.0
press_brake,2023-11-29,72.0,5,2,False,0.0
hardware,2023-11-29,16.0,2,1,False,0.0
weld,2023-11-29,48.0,6,1,False,0.0
robotic_weld,2023-11-29,8.0,1,1,False,0.0
grind_deburr,2023-11-29,16.0,2,1,False,0.0
powder_coat,2023-11-29,8.0,1,1,False,0.0
assembly,2023-11-29,16.0,2,1,False,0.0
inspection_pack,2023-11-29,16.0,2,1,False,0.0
laser,2023-11-30,40.0,3,2,False,0.0
punch,2023-11-30,8.0,1,1,False,0.0
press_brake,2023-11-30,72.0,5,2,False,0.0
hardware,2023-11-30,16.0,2,1,False,0.0
weld,2023-11-30,48.0,6,1,False,0.0
robotic_weld,2023-11-30,8.0,1,1,False,0.0
grind_deburr,2023-11-30,16.0,2,1,False,0.0
powder_coat,2023-11-30,8.0,1,1,False,0.0
assembly,2023-11-30,16.0,2,1,False,0.0
inspection_pack,2023-11-30,16.0,2,1,False,0.0
laser,2023-12-01,40.0,3,2,False,0.0
punch,2023-12-01,8.0,1,1,False,0.0
press_brake,2023-12-01,72.0,5,2,False,0.0
hardware,2023-12-01,16.0,2,1,False,0.0
weld,2023-12-01,48.0,6,1,False,0.0
robotic_weld,2023-12-01,8.0,1,1,False,0.0
grind_deburr,2023-12-01,16.0,2,1,False,0.0
powder_coat,2023-12-01,8.0,1,1,False,0.0
assembly,2023-12-01,16.0,2,1,False,0.0
inspection_pack,2023-12-01,16.0,2,1,False,0.0
laser,2023-12-04,40.0,3,2,False,0.0
punch,2023-12-04,8.0,1,1,False,0.0
press_brake,2023-12-04,72.0,5,2,False,0.0
hardware,2023-12-04,16.0,2,1,False,0.0
weld,2023-12-04,48.0,6,1,False,0.0
robotic_weld,2023-12-04,8.0,1,1,False,0.0
grind_deburr,2023-12-04,16.0,2,1,False,0.0
powder_coat,2023-12-04,8.0,1,1,False,0.0
assembly,2023-12-04,16.0,2,1,False,0.0
inspection_pack,2023-12-04,16.0,2,1,False,0.0
laser,2023-12-05,40.0,3,2,False,0.0
punch,2023-12-05,8.0,1,1,False,0.0
press_brake,2023-12-05,72.0,5,2,False,0.0
hardware,2023-12-05,16.0,2,1,False,0.0
weld,2023-12-05,48.0,6,1,False,0.0
robotic_weld,2023-12-05,8.0,1,1,False,0.0
grind_deburr,2023-12-05,16.0,2,1,False,0.0
powder_coat,2023-12-05,8.0,1,1,False,0.0
assembly,2023-12-05,16.0,2,1,False,0.0
inspection_pack,2023-12-05,16.0,2,1,False,0.0
laser,2023-12-06,40.0,3,2,False,0.0
punch,2023-12-06,8.0,1,1,False,0.0
press_brake,2023-12-06,72.0,5,2,False,0.0
hardware,2023-12-06,16.0,2,1,False,0.0
weld,2023-12-06,48.0,6,1,False,0.0
robotic_weld,2023-12-06,8.0,1,1,False,0.0
grind_deburr,2023-12-06,16.0,2,1,False,0.0
powder_coat,2023-12-06,8.0,1,1,False,0.0
assembly,2023-12-06,16.0,2,1,False,0.0
inspection_pack,2023-12-06,16.0,2,1,False,0.0
laser,2023-12-07,40.0,3,2,False,0.0
punch,2023-12-07,8.0,1,1,False,0.0
press_brake,2023-12-07,72.0,5,2,False,0.0
hardware,2023-12-07,16.0,2,1,False,0.0
weld,2023-12-07,48.0,6,1,False,0.0
robotic_weld,2023-12-07,8.0,1,1,False,0.0
grind_deburr,2023-12-07,16.0,2,1,False,0.0
powder_coat,2023-12-07,8.0,1,1,False,0.0
assembly,2023-12-07,16.0,2,1,False,0.0
inspection_pack,2023-12-07,16.0,2,1,False,0.0
laser,2023-12-08,40.0,3,2,False,0.0
punch,2023-12-08,8.0,1,1,False,0.0
press_brake,2023-12-08,72.0,5,2,False,0.0
hardware,2023-12-08,16.0,2,1,False,0.0
weld,2023-12-08,48.0,6,1,False,0.0
robotic_weld,2023-12-08,8.0,1,1,False,0.0
grind_deburr,2023-12-08,16.0,2,1,False,0.0
powder_coat,2023-12-08,8.0,1,1,False,0.0
assembly,2023-12-08,16.0,2,1,False,0.0
inspection_pack,2023-12-08,16.0,2,1,False,0.0
laser,2023-12-11,40.0,3,2,False,0.0
punch,2023-12-11,8.0,1,1,False,0.0
press_brake,2023-12-11,72.0,5,2,False,0.0
hardware,2023-12-11,16.0,2,1,False,0.0
weld,2023-12-11,48.0,6,1,False,0.0
robotic_weld,2023-12-11,8.0,1,1,False,0.0
grind_deburr,2023-12-11,16.0,2,1,False,0.0
powder_coat,2023-12-11,8.0,1,1,False,0.0
assembly,2023-12-11,16.0,2,1,False,0.0
inspection_pack,2023-12-11,16.0,2,1,False,0.0
laser,2023-12-12,40.0,3,2,False,0.0
punch,2023-12-12,8.0,1,1,False,0.0
press_brake,2023-12-12,72.0,5,2,False,0.0
hardware,2023-12-12,16.0,2,1,False,0.0
weld,2023-12-12,48.0,6,1,False,0.0
robotic_weld,2023-12-12,8.0,1,1,False,0.0
grind_deburr,2023-12-12,16.0,2,1,False,0.0
powder_coat,2023-12-12,8.0,1,1,False,0.0
assembly,2023-12-12,16.0,2,1,False,0.0
inspection_pack,2023-12-12,16.0,2,1,False,0.0
laser,2023-12-13,40.0,3,2,False,0.0
punch,2023-12-13,8.0,1,1,False,0.0
press_brake,2023-12-13,72.0,5,2,False,0.0
hardware,2023-12-13,16.0,2,1,False,0.0
weld,2023-12-13,48.0,6,1,False,0.0
robotic_weld,2023-12-13,8.0,1,1,False,0.0
grind_deburr,2023-12-13,16.0,2,1,False,0.0
powder_coat,2023-12-13,8.0,1,1,False,0.0
assembly,2023-12-13,16.0,2,1,False,0.0
inspection_pack,2023-12-13,16.0,2,1,False,0.0
laser,2023-12-14,40.0,3,2,False,0.0
punch,2023-12-14,8.0,1,1,False,0.0
press_brake,2023-12-14,72.0,5,2,False,0.0
hardware,2023-12-14,16.0,2,1,False,0.0
weld,2023-12-14,48.0,6,1,False,0.0
robotic_weld,2023-12-14,8.0,1,1,False,0.0
grind_deburr,2023-12-14,16.0,2,1,False,0.0
powder_coat,2023-12-14,8.0,1,1,False,0.0
assembly,2023-12-14,16.0,2,1,False,0.0
inspection_pack,2023-12-14,16.0,2,1,False,0.0
laser,2023-12-15,40.0,3,2,False,0.0
punch,2023-12-15,8.0,1,1,False,0.0
press_brake,2023-12-15,72.0,5,2,False,0.0
hardware,2023-12-15,16.0,2,1,False,0.0
weld,2023-12-15,48.0,6,1,False,0.0
robotic_weld,2023-12-15,8.0,1,1,False,0.0
grind_deburr,2023-12-15,16.0,2,1,False,0.0
powder_coat,2023-12-15,8.0,1,1,False,0.0
assembly,2023-12-15,16.0,2,1,False,0.0
inspection_pack,2023-12-15,16.0,2,1,False,0.0
laser,2023-12-18,40.0,3,2,False,0.0
punch,2023-12-18,8.0,1,1,False,0.0
press_brake,2023-12-18,72.0,5,2,False,0.0
hardware,2023-12-18,16.0,2,1,False,0.0
weld,2023-12-18,48.0,6,1,False,0.0
robotic_weld,2023-12-18,8.0,1,1,False,0.0
grind_deburr,2023-12-18,16.0,2,1,False,0.0
powder_coat,2023-12-18,8.0,1,1,False,0.0
assembly,2023-12-18,16.0,2,1,False,0.0
inspection_pack,2023-12-18,16.0,2,1,False,0.0
laser,2023-12-19,40.0,3,2,False,0.0
punch,2023-12-19,8.0,1,1,False,0.0
press_brake,2023-12-19,72.0,5,2,False,0.0
hardware,2023-12-19,16.0,2,1,False,0.0
weld,2023-12-19,48.0,6,1,False,0.0
robotic_weld,2023-12-19,8.0,1,1,False,0.0
grind_deburr,2023-12-19,16.0,2,1,False,0.0
powder_coat,2023-12-19,8.0,1,1,False,0.0
assembly,2023-12-19,16.0,2,1,False,0.0
inspection_pack,2023-12-19,16.0,2,1,False,0.0
laser,2023-12-20,40.0,3,2,False,0.0
punch,2023-12-20,8.0,1,1,False,0.0
press_brake,2023-12-20,72.0,5,2,False,0.0
hardware,2023-12-20,16.0,2,1,False,0.0
weld,2023-12-20,48.0,6,1,False,0.0
robotic_weld,2023-12-20,8.0,1,1,False,0.0
grind_deburr,2023-12-20,16.0,2,1,False,0.0
powder_coat,2023-12-20,8.0,1,1,False,0.0
assembly,2023-12-20,16.0,2,1,False,0.0
inspection_pack,2023-12-20,16.0,2,1,False,0.0
laser,2023-12-21,40.0,3,2,False,0.0
punch,2023-12-21,8.0,1,1,False,0.0
press_brake,2023-12-21,72.0,5,2,False,0.0
hardware,2023-12-21,16.0,2,1,False,0.0
weld,2023-12-21,48.0,6,1,False,0.0
robotic_weld,2023-12-21,8.0,1,1,False,0.0
grind_deburr,2023-12-21,16.0,2,1,False,0.0
powder_coat,2023-12-21,8.0,1,1,False,0.0
assembly,2023-12-21,16.0,2,1,False,0.0
inspection_pack,2023-12-21,16.0,2,1,False,0.0
laser,2023-12-22,40.0,3,2,False,0.0
punch,2023-12-22,8.0,1,1,False,0.0
press_brake,2023-12-22,72.0,5,2,False,0.0
hardware,2023-12-22,16.0,2,1,False,0.0
weld,2023-12-22,48.0,6,1,False,0.0
robotic_weld,2023-12-22,8.0,1,1,False,0.0
grind_deburr,2023-12-22,16.0,2,1,False,0.0
powder_coat,2023-12-22,8.0,1,1,False,0.0
assembly,2023-12-22,16.0,2,1,False,0.0
inspection_pack,2023-12-22,16.0,2,1,False,0.0
laser,2024-01-02,40.0,3,2,False,0.0
punch,2024-01-02,8.0,1,1,False,0.0
press_brake,2024-01-02,72.0,5,2,False,0.0
hardware,2024-01-02,16.0,2,1,False,0.0
weld,2024-01-02,48.0,6,1,False,0.0
robotic_weld,2024-01-02,8.0,1,1,False,0.0
grind_deburr,2024-01-02,16.0,2,1,False,0.0
powder_coat,2024-01-02,8.0,1,1,False,0.0
assembly,2024-01-02,16.0,2,1,False,0.0
inspection_pack,2024-01-02,16.0,2,1,False,0.0
laser,2024-01-03,40.0,3,2,False,0.0
punch,2024-01-03,8.0,1,1,False,0.0
press_brake,2024-01-03,72.0,5,2,False,0.0
hardware,2024-01-03,16.0,2,1,False,0.0
weld,2024-01-03,48.0,6,1,False,0.0
robotic_weld,2024-01-03,8.0,1,1,False,0.0
grind_deburr,2024-01-03,16.0,2,1,False,0.0
powder_coat,2024-01-03,8.0,1,1,False,0.0
assembly,2024-01-03,16.0,2,1,False,0.0
inspection_pack,2024-01-03,16.0,2,1,False,0.0
laser,2024-01-04,40.0,3,2,False,0.0
punch,2024-01-04,8.0,1,1,False,0.0
press_brake,2024-01-04,72.0,5,2,False,0.0
hardware,2024-01-04,16.0,2,1,False,0.0
weld,2024-01-04,48.0,6,1,False,0.0
robotic_weld,2024-01-04,8.0,1,1,False,0.0
grind_deburr,2024-01-04,16.0,2,1,False,0.0
powder_coat,2024-01-04,8.0,1,1,False,0.0
assembly,2024-01-04,16.0,2,1,False,0.0
inspection_pack,2024-01-04,16.0,2,1,False,0.0
laser,2024-01-05,40.0,3,2,False,0.0
punch,2024-01-05,8.0,1,1,False,0.0
press_brake,2024-01-05,72.0,5,2,False,0.0
hardware,2024-01-05,16.0,2,1,False,0.0
weld,2024-01-05,48.0,6,1,False,0.0
robotic_weld,2024-01-05,8.0,1,1,False,0.0
grind_deburr,2024-01-05,16.0,2,1,False,0.0
powder_coat,2024-01-05,8.0,1,1,False,0.0
assembly,2024-01-05,16.0,2,1,False,0.0
inspection_pack,2024-01-05,16.0,2,1,False,0.0
laser,2024-01-08,40.0,3,2,False,0.0
punch,2024-01-08,8.0,1,1,False,0.0
press_brake,2024-01-08,72.0,5,2,False,0.0
hardware,2024-01-08,16.0,2,1,False,0.0
weld,2024-01-08,48.0,6,1,False,0.0
robotic_weld,2024-01-08,8.0,1,1,False,0.0
grind_deburr,2024-01-08,16.0,2,1,False,0.0
powder_coat,2024-01-08,8.0,1,1,False,0.0
assembly,2024-01-08,16.0,2,1,False,0.0
inspection_pack,2024-01-08,16.0,2,1,False,0.0
laser,2024-01-09,40.0,3,2,False,0.0
punch,2024-01-09,8.0,1,1,False,0.0
press_brake,2024-01-09,72.0,5,2,False,0.0
hardware,2024-01-09,16.0,2,1,False,0.0
weld,2024-01-09,48.0,6,1,False,0.0
robotic_weld,2024-01-09,8.0,1,1,False,0.0
grind_deburr,2024-01-09,16.0,2,1,False,0.0
powder_coat,2024-01-09,8.0,1,1,False,0.0
assembly,2024-01-09,16.0,2,1,False,0.0
inspection_pack,2024-01-09,16.0,2,1,False,0.0
laser,2024-01-10,40.0,3,2,False,0.0
punch,2024-01-10,8.0,1,1,False,0.0
press_brake,2024-01-10,72.0,5,2,False,0.0
hardware,2024-01-10,16.0,2,1,False,0.0
weld,2024-01-10,48.0,6,1,False,0.0
robotic_weld,2024-01-10,8.0,1,1,False,0.0
grind_deburr,2024-01-10,16.0,2,1,False,0.0
powder_coat,2024-01-10,8.0,1,1,False,0.0
assembly,2024-01-10,16.0,2,1,False,0.0
inspection_pack,2024-01-10,16.0,2,1,False,0.0
laser,2024-01-11,40.0,3,2,False,0.0
punch,2024-01-11,8.0,1,1,False,0.0
press_brake,2024-01-11,72.0,5,2,False,0.0
hardware,2024-01-11,16.0,2,1,False,0.0
weld,2024-01-11,48.0,6,1,False,0.0
robotic_weld,2024-01-11,8.0,1,1,False,0.0
grind_deburr,2024-01-11,16.0,2,1,False,0.0
powder_coat,2024-01-11,8.0,1,1,False,0.0
assembly,2024-01-11,16.0,2,1,False,0.0
inspection_pack,2024-01-11,16.0,2,1,False,0.0
laser,2024-01-12,40.0,3,2,False,0.0
punch,2024-01-12,8.0,1,1,False,0.0
press_brake,2024-01-12,72.0,5,2,False,0.0
hardware,2024-01-12,16.0,2,1,False,0.0
weld,2024-01-12,48.0,6,1,False,0.0
robotic_weld,2024-01-12,8.0,1,1,False,0.0
grind_deburr,2024-01-12,16.0,2,1,False,0.0
powder_coat,2024-01-12,8.0,1,1,False,0.0
assembly,2024-01-12,16.0,2,1,False,0.0
inspection_pack,2024-01-12,16.0,2,1,False,0.0
laser,2024-01-15,40.0,3,2,False,0.0
punch,2024-01-15,8.0,1,1,False,0.0
press_brake,2024-01-15,72.0,5,2,False,0.0
hardware,2024-01-15,16.0,2,1,False,0.0
weld,2024-01-15,48.0,6,1,False,0.0
robotic_weld,2024-01-15,8.0,1,1,False,0.0
grind_deburr,2024-01-15,16.0,2,1,False,0.0
powder_coat,2024-01-15,8.0,1,1,False,0.0
assembly,2024-01-15,16.0,2,1,False,0.0
inspection_pack,2024-01-15,16.0,2,1,False,0.0
laser,2024-01-16,40.0,3,2,False,0.0
punch,2024-01-16,8.0,1,1,False,0.0
press_brake,2024-01-16,72.0,5,2,False,0.0
hardware,2024-01-16,16.0,2,1,False,0.0
weld,2024-01-16,48.0,6,1,False,0.0
robotic_weld,2024-01-16,8.0,1,1,False,0.0
grind_deburr,2024-01-16,16.0,2,1,False,0.0
powder_coat,2024-01-16,10.0,1,1,False,0.0
assembly,2024-01-16,16.0,2,1,False,0.0
inspection_pack,2024-01-16,16.0,2,1,False,0.0
laser,2024-01-17,40.0,3,2,False,0.0
punch,2024-01-17,8.0,1,1,False,0.0
press_brake,2024-01-17,72.0,5,2,False,0.0
hardware,2024-01-17,16.0,2,1,False,0.0
weld,2024-01-17,48.0,6,1,False,0.0
robotic_weld,2024-01-17,8.0,1,1,False,0.0
grind_deburr,2024-01-17,16.0,2,1,False,0.0
powder_coat,2024-01-17,8.0,1,1,False,0.0
assembly,2024-01-17,16.0,2,1,False,0.0
inspection_pack,2024-01-17,16.0,2,1,False,0.0
laser,2024-01-18,40.0,3,2,False,0.0
punch,2024-01-18,8.0,1,1,False,0.0
press_brake,2024-01-18,72.0,5,2,False,0.0
hardware,2024-01-18,16.0,2,1,False,0.0
weld,2024-01-18,48.0,6,1,False,0.0
robotic_weld,2024-01-18,8.0,1,1,False,0.0
grind_deburr,2024-01-18,16.0,2,1,False,0.0
powder_coat,2024-01-18,8.0,1,1,False,0.0
assembly,2024-01-18,16.0,2,1,False,0.0
inspection_pack,2024-01-18,16.0,2,1,False,0.0
laser,2024-01-19,40.0,3,2,False,0.0
punch,2024-01-19,8.0,1,1,False,0.0
press_brake,2024-01-19,72.0,5,2,False,0.0
hardware,2024-01-19,16.0,2,1,False,0.0
weld,2024-01-19,48.0,6,1,False,0.0
robotic_weld,2024-01-19,8.0,1,1,False,0.0
grind_deburr,2024-01-19,16.0,2,1,False,0.0
powder_coat,2024-01-19,8.0,1,1,False,0.0
assembly,2024-01-19,16.0,2,1,False,0.0
inspection_pack,2024-01-19,16.0,2,1,False,0.0
press_brake,2024-01-20,16.0,5,1,True,0.0
laser,2024-01-22,40.0,3,2,False,0.0
punch,2024-01-22,8.0,1,1,False,0.0
press_brake,2024-01-22,72.0,5,2,False,0.0
hardware,2024-01-22,16.0,2,1,False,0.0
weld,2024-01-22,48.0,6,1,False,0.0
robotic_weld,2024-01-22,8.0,1,1,False,0.0
grind_deburr,2024-01-22,16.0,2,1,False,0.0
powder_coat,2024-01-22,10.0,1,1,False,0.0
assembly,2024-01-22,16.0,2,1,False,0.0
inspection_pack,2024-01-22,16.0,2,1,False,0.0
laser,2024-01-23,40.0,3,2,False,0.0
punch,2024-01-23,8.0,1,1,False,0.0
press_brake,2024-01-23,72.0,5,2,False,0.0
hardware,2024-01-23,16.0,2,1,False,0.0
weld,2024-01-23,48.0,6,1,False,0.0
robotic_weld,2024-01-23,8.0,1,1,False,0.0
grind_deburr,2024-01-23,16.0,2,1,False,0.0
powder_coat,2024-01-23,10.0,1,1,False,0.0
assembly,2024-01-23,16.0,2,1,False,0.0
inspection_pack,2024-01-23,16.0,2,1,False,0.0
laser,2024-01-24,40.0,3,2,False,0.0
punch,2024-01-24,8.0,1,1,False,0.0
press_brake,2024-01-24,72.0,5,2,False,0.0
hardware,2024-01-24,16.0,2,1,False,0.0
weld,2024-01-24,48.0,6,1,False,0.0
robotic_weld,2024-01-24,8.0,1,1,False,0.0
grind_deburr,2024-01-24,16.0,2,1,False,0.0
powder_coat,2024-01-24,8.0,1,1,False,0.0
assembly,2024-01-24,16.0,2,1,False,0.0
inspection_pack,2024-01-24,16.0,2,1,False,0.0
laser,2024-01-25,40.0,3,2,False,0.0
punch,2024-01-25,8.0,1,1,False,0.0
press_brake,2024-01-25,72.0,5,2,False,0.0
hardware,2024-01-25,16.0,2,1,False,0.0
weld,2024-01-25,48.0,6,1,False,0.0
robotic_weld,2024-01-25,8.0,1,1,False,0.0
grind_deburr,2024-01-25,16.0,2,1,False,0.0
powder_coat,2024-01-25,8.0,1,1,False,0.0
assembly,2024-01-25,16.0,2,1,False,0.0
inspection_pack,2024-01-25,16.0,2,1,False,0.0
laser,2024-01-26,40.0,3,2,False,0.0
punch,2024-01-26,8.0,1,1,False,0.0
press_brake,2024-01-26,72.0,5,2,False,0.0
hardware,2024-01-26,16.0,2,1,False,0.0
weld,2024-01-26,48.0,6,1,False,0.0
robotic_weld,2024-01-26,8.0,1,1,False,0.0
grind_deburr,2024-01-26,16.0,2,1,False,0.0
powder_coat,2024-01-26,8.0,1,1,False,0.0
assembly,2024-01-26,16.0,2,1,False,0.0
inspection_pack,2024-01-26,16.0,2,1,False,0.0
laser,2024-01-29,40.0,3,2,False,0.0
punch,2024-01-29,8.0,1,1,False,0.0
press_brake,2024-01-29,72.0,5,2,False,0.0
hardware,2024-01-29,16.0,2,1,False,0.0
weld,2024-01-29,48.0,6,1,False,0.0
robotic_weld,2024-01-29,8.0,1,1,False,0.0
grind_deburr,2024-01-29,16.0,2,1,False,0.0
powder_coat,2024-01-29,10.0,1,1,False,0.0
assembly,2024-01-29,16.0,2,1,False,0.0
inspection_pack,2024-01-29,16.0,2,1,False,0.0
laser,2024-01-30,40.0,3,2,False,0.0
punch,2024-01-30,8.0,1,1,False,0.0
press_brake,2024-01-30,72.0,5,2,False,0.0
hardware,2024-01-30,16.0,2,1,False,0.0
weld,2024-01-30,48.0,6,1,False,0.0
robotic_weld,2024-01-30,8.0,1,1,False,0.0
grind_deburr,2024-01-30,16.0,2,1,False,0.0
powder_coat,2024-01-30,8.0,1,1,False,0.0
assembly,2024-01-30,16.0,2,1,False,0.0
inspection_pack,2024-01-30,16.0,2,1,False,0.0
laser,2024-01-31,40.0,3,2,False,0.0
punch,2024-01-31,8.0,1,1,False,0.0
press_brake,2024-01-31,72.0,5,2,False,0.0
hardware,2024-01-31,16.0,2,1,False,0.0
weld,2024-01-31,48.0,6,1,False,0.0
robotic_weld,2024-01-31,8.0,1,1,False,0.0
grind_deburr,2024-01-31,16.0,2,1,False,0.0
powder_coat,2024-01-31,8.0,1,1,False,0.0
assembly,2024-01-31,16.0,2,1,False,0.0
inspection_pack,2024-01-31,16.0,2,1,False,0.0
laser,2024-02-01,40.0,3,2,False,0.0
punch,2024-02-01,8.0,1,1,False,0.0
press_brake,2024-02-01,72.0,5,2,False,0.0
hardware,2024-02-01,16.0,2,1,False,0.0
weld,2024-02-01,48.0,6,1,False,0.0
robotic_weld,2024-02-01,8.0,1,1,False,0.0
grind_deburr,2024-02-01,16.0,2,1,False,0.0
powder_coat,2024-02-01,8.0,1,1,False,0.0
assembly,2024-02-01,16.0,2,1,False,0.0
inspection_pack,2024-02-01,16.0,2,1,False,0.0
laser,2024-02-02,40.0,3,2,False,0.0
punch,2024-02-02,8.0,1,1,False,0.0
press_brake,2024-02-02,72.0,5,2,False,0.0
hardware,2024-02-02,16.0,2,1,False,0.0
weld,2024-02-02,48.0,6,1,False,0.0
robotic_weld,2024-02-02,8.0,1,1,False,0.0
grind_deburr,2024-02-02,16.0,2,1,False,0.0
powder_coat,2024-02-02,8.0,1,1,False,0.0
assembly,2024-02-02,16.0,2,1,False,0.0
inspection_pack,2024-02-02,16.0,2,1,False,0.0
laser,2024-02-05,40.0,3,2,False,0.0
punch,2024-02-05,8.0,1,1,False,0.0
press_brake,2024-02-05,72.0,5,2,False,0.0
hardware,2024-02-05,16.0,2,1,False,0.0
weld,2024-02-05,48.0,6,1,False,0.0
robotic_weld,2024-02-05,8.0,1,1,False,0.0
grind_deburr,2024-02-05,16.0,2,1,False,0.0
powder_coat,2024-02-05,10.0,1,1,False,0.0
assembly,2024-02-05,16.0,2,1,False,0.0
inspection_pack,2024-02-05,16.0,2,1,False,0.0
laser,2024-02-06,40.0,3,2,False,0.0
punch,2024-02-06,8.0,1,1,False,0.0
press_brake,2024-02-06,72.0,5,2,False,0.0
hardware,2024-02-06,16.0,2,1,False,0.0
weld,2024-02-06,48.0,6,1,False,0.0
robotic_weld,2024-02-06,8.0,1,1,False,0.0
grind_deburr,2024-02-06,16.0,2,1,False,0.0
powder_coat,2024-02-06,10.0,1,1,False,0.0
assembly,2024-02-06,16.0,2,1,False,0.0
inspection_pack,2024-02-06,16.0,2,1,False,0.0
laser,2024-02-07,40.0,3,2,False,0.0
punch,2024-02-07,8.0,1,1,False,0.0
press_brake,2024-02-07,72.0,5,2,False,0.0
hardware,2024-02-07,16.0,2,1,False,0.0
weld,2024-02-07,48.0,6,1,False,0.0
robotic_weld,2024-02-07,8.0,1,1,False,0.0
grind_deburr,2024-02-07,16.0,2,1,False,0.0
powder_coat,2024-02-07,8.0,1,1,False,0.0
assembly,2024-02-07,16.0,2,1,False,0.0
inspection_pack,2024-02-07,16.0,2,1,False,0.0
laser,2024-02-08,40.0,3,2,False,0.0
punch,2024-02-08,8.0,1,1,False,0.0
press_brake,2024-02-08,72.0,5,2,False,0.0
hardware,2024-02-08,16.0,2,1,False,0.0
weld,2024-02-08,48.0,6,1,False,0.0
robotic_weld,2024-02-08,8.0,1,1,False,0.0
grind_deburr,2024-02-08,16.0,2,1,False,0.0
powder_coat,2024-02-08,8.0,1,1,False,0.0
assembly,2024-02-08,16.0,2,1,False,0.0
inspection_pack,2024-02-08,16.0,2,1,False,0.0
laser,2024-02-09,40.0,3,2,False,0.0
punch,2024-02-09,8.0,1,1,False,0.0
press_brake,2024-02-09,72.0,5,2,False,0.0
hardware,2024-02-09,16.0,2,1,False,0.0
weld,2024-02-09,48.0,6,1,False,0.0
robotic_weld,2024-02-09,8.0,1,1,False,0.0
grind_deburr,2024-02-09,16.0,2,1,False,0.0
powder_coat,2024-02-09,8.0,1,1,False,0.0
assembly,2024-02-09,16.0,2,1,False,0.0
inspection_pack,2024-02-09,16.0,2,1,False,0.0
laser,2024-02-12,40.0,3,2,False,0.0
punch,2024-02-12,8.0,1,1,False,0.0
press_brake,2024-02-12,72.0,5,2,False,0.0
hardware,2024-02-12,16.0,2,1,False,0.0
weld,2024-02-12,48.0,6,1,False,0.0
robotic_weld,2024-02-12,8.0,1,1,False,0.0
grind_deburr,2024-02-12,16.0,2,1,False,0.0
powder_coat,2024-02-12,8.0,1,1,False,0.0
assembly,2024-02-12,16.0,2,1,False,0.0
inspection_pack,2024-02-12,16.0,2,1,False,0.0
laser,2024-02-13,40.0,3,2,False,0.0
punch,2024-02-13,8.0,1,1,False,0.0
press_brake,2024-02-13,72.0,5,2,False,0.0
hardware,2024-02-13,16.0,2,1,False,0.0
weld,2024-02-13,48.0,6,1,False,0.0
robotic_weld,2024-02-13,8.0,1,1,False,0.0
grind_deburr,2024-02-13,16.0,2,1,False,0.0
powder_coat,2024-02-13,8.0,1,1,False,0.0
assembly,2024-02-13,16.0,2,1,False,0.0
inspection_pack,2024-02-13,16.0,2,1,False,0.0
laser,2024-02-14,40.0,3,2,False,0.0
punch,2024-02-14,8.0,1,1,False,0.0
press_brake,2024-02-14,72.0,5,2,False,0.0
hardware,2024-02-14,16.0,2,1,False,0.0
weld,2024-02-14,48.0,6,1,False,0.0
robotic_weld,2024-02-14,8.0,1,1,False,0.0
grind_deburr,2024-02-14,16.0,2,1,False,0.0
powder_coat,2024-02-14,8.0,1,1,False,0.0
assembly,2024-02-14,16.0,2,1,False,0.0
inspection_pack,2024-02-14,16.0,2,1,False,0.0
laser,2024-02-15,40.0,3,2,False,0.0
punch,2024-02-15,8.0,1,1,False,0.0
press_brake,2024-02-15,72.0,5,2,False,0.0
hardware,2024-02-15,16.0,2,1,False,0.0
weld,2024-02-15,48.0,6,1,False,0.0
robotic_weld,2024-02-15,8.0,1,1,False,0.0
grind_deburr,2024-02-15,16.0,2,1,False,0.0
powder_coat,2024-02-15,8.0,1,1,False,0.0
assembly,2024-02-15,16.0,2,1,False,0.0
inspection_pack,2024-02-15,16.0,2,1,False,0.0
laser,2024-02-16,40.0,3,2,False,0.0
punch,2024-02-16,8.0,1,1,False,0.0
press_brake,2024-02-16,72.0,5,2,False,0.0
hardware,2024-02-16,16.0,2,1,False,0.0
weld,2024-02-16,48.0,6,1,False,0.0
robotic_weld,2024-02-16,8.0,1,1,False,0.0
grind_deburr,2024-02-16,16.0,2,1,False,0.0
powder_coat,2024-02-16,8.0,1,1,False,0.0
assembly,2024-02-16,16.0,2,1,False,0.0
inspection_pack,2024-02-16,16.0,2,1,False,0.0
press_brake,2024-02-17,16.0,5,1,True,0.0
laser,2024-02-19,40.0,3,2,False,0.0
punch,2024-02-19,8.0,1,1,False,0.0
press_brake,2024-02-19,72.0,5,2,False,0.0
hardware,2024-02-19,16.0,2,1,False,0.0
weld,2024-02-19,48.0,6,1,False,0.0
robotic_weld,2024-02-19,8.0,1,1,False,0.0
grind_deburr,2024-02-19,16.0,2,1,False,0.0
powder_coat,2024-02-19,8.0,1,1,False,0.0
assembly,2024-02-19,16.0,2,1,False,0.0
inspection_pack,2024-02-19,16.0,2,1,False,0.0
laser,2024-02-20,40.0,3,2,False,0.0
punch,2024-02-20,8.0,1,1,False,0.0
press_brake,2024-02-20,72.0,5,2,False,0.0
hardware,2024-02-20,16.0,2,1,False,0.0
weld,2024-02-20,48.0,6,1,False,0.0
robotic_weld,2024-02-20,8.0,1,1,False,0.0
grind_deburr,2024-02-20,16.0,2,1,False,0.0
powder_coat,2024-02-20,8.0,1,1,False,0.0
assembly,2024-02-20,16.0,2,1,False,0.0
inspection_pack,2024-02-20,16.0,2,1,False,0.0
laser,2024-02-21,40.0,3,2,False,0.0
punch,2024-02-21,8.0,1,1,False,0.0
press_brake,2024-02-21,72.0,5,2,False,0.0
hardware,2024-02-21,16.0,2,1,False,0.0
weld,2024-02-21,48.0,6,1,False,0.0
robotic_weld,2024-02-21,8.0,1,1,False,0.0
grind_deburr,2024-02-21,16.0,2,1,False,0.0
powder_coat,2024-02-21,8.0,1,1,False,0.0
assembly,2024-02-21,16.0,2,1,False,0.0
inspection_pack,2024-02-21,16.0,2,1,False,0.0
laser,2024-02-22,40.0,3,2,False,0.0
punch,2024-02-22,8.0,1,1,False,0.0
press_brake,2024-02-22,72.0,5,2,False,0.0
hardware,2024-02-22,16.0,2,1,False,0.0
weld,2024-02-22,48.0,6,1,False,0.0
robotic_weld,2024-02-22,8.0,1,1,False,0.0
grind_deburr,2024-02-22,16.0,2,1,False,0.0
powder_coat,2024-02-22,8.0,1,1,False,0.0
assembly,2024-02-22,16.0,2,1,False,0.0
inspection_pack,2024-02-22,16.0,2,1,False,0.0
laser,2024-02-23,40.0,3,2,False,0.0
punch,2024-02-23,8.0,1,1,False,0.0
press_brake,2024-02-23,72.0,5,2,False,0.0
hardware,2024-02-23,16.0,2,1,False,0.0
weld,2024-02-23,48.0,6,1,False,0.0
robotic_weld,2024-02-23,8.0,1,1,False,0.0
grind_deburr,2024-02-23,16.0,2,1,False,0.0
powder_coat,2024-02-23,8.0,1,1,False,0.0
assembly,2024-02-23,16.0,2,1,False,0.0
inspection_pack,2024-02-23,16.0,2,1,False,0.0
laser,2024-02-26,40.0,3,2,False,0.0
punch,2024-02-26,8.0,1,1,False,0.0
press_brake,2024-02-26,72.0,5,2,False,0.0
hardware,2024-02-26,16.0,2,1,False,0.0
weld,2024-02-26,48.0,6,1,False,0.0
robotic_weld,2024-02-26,8.0,1,1,False,0.0
grind_deburr,2024-02-26,16.0,2,1,False,0.0
powder_coat,2024-02-26,8.0,1,1,False,0.0
assembly,2024-02-26,16.0,2,1,False,0.0
inspection_pack,2024-02-26,16.0,2,1,False,0.0
laser,2024-02-27,40.0,3,2,False,0.0
punch,2024-02-27,8.0,1,1,False,0.0
press_brake,2024-02-27,72.0,5,2,False,0.0
hardware,2024-02-27,16.0,2,1,False,0.0
weld,2024-02-27,48.0,6,1,False,0.0
robotic_weld,2024-02-27,8.0,1,1,False,0.0
grind_deburr,2024-02-27,16.0,2,1,False,0.0
powder_coat,2024-02-27,8.0,1,1,False,0.0
assembly,2024-02-27,16.0,2,1,False,0.0
inspection_pack,2024-02-27,16.0,2,1,False,0.0
laser,2024-02-28,40.0,3,2,False,0.0
punch,2024-02-28,8.0,1,1,False,0.0
press_brake,2024-02-28,72.0,5,2,False,0.0
hardware,2024-02-28,16.0,2,1,False,0.0
weld,2024-02-28,48.0,6,1,False,0.0
robotic_weld,2024-02-28,8.0,1,1,False,0.0
grind_deburr,2024-02-28,16.0,2,1,False,0.0
powder_coat,2024-02-28,8.0,1,1,False,0.0
assembly,2024-02-28,16.0,2,1,False,0.0
inspection_pack,2024-02-28,16.0,2,1,False,0.0
laser,2024-02-29,40.0,3,2,False,0.0
punch,2024-02-29,8.0,1,1,False,0.0
press_brake,2024-02-29,72.0,5,2,False,0.0
hardware,2024-02-29,16.0,2,1,False,0.0
weld,2024-02-29,48.0,6,1,False,0.0
robotic_weld,2024-02-29,8.0,1,1,False,0.0
grind_deburr,2024-02-29,16.0,2,1,False,0.0
powder_coat,2024-02-29,8.0,1,1,False,0.0
assembly,2024-02-29,16.0,2,1,False,0.0
inspection_pack,2024-02-29,16.0,2,1,False,0.0
laser,2024-03-01,40.0,3,2,False,0.0
punch,2024-03-01,8.0,1,1,False,0.0
press_brake,2024-03-01,72.0,5,2,False,0.0
hardware,2024-03-01,16.0,2,1,False,0.0
weld,2024-03-01,48.0,6,1,False,0.0
robotic_weld,2024-03-01,8.0,1,1,False,0.0
grind_deburr,2024-03-01,16.0,2,1,False,0.0
powder_coat,2024-03-01,8.0,1,1,False,0.0
assembly,2024-03-01,16.0,2,1,False,0.0
inspection_pack,2024-03-01,16.0,2,1,False,0.0
press_brake,2024-03-02,16.0,5,1,True,0.0
laser,2024-03-04,40.0,3,2,False,0.0
punch,2024-03-04,8.0,1,1,False,0.0
press_brake,2024-03-04,72.0,5,2,False,0.0
hardware,2024-03-04,16.0,2,1,False,0.0
weld,2024-03-04,48.0,6,1,False,0.0
robotic_weld,2024-03-04,8.0,1,1,False,0.0
grind_deburr,2024-03-04,16.0,2,1,False,0.0
powder_coat,2024-03-04,8.0,1,1,False,0.0
assembly,2024-03-04,16.0,2,1,False,0.0
inspection_pack,2024-03-04,16.0,2,1,False,0.0
laser,2024-03-05,40.0,3,2,False,0.0
punch,2024-03-05,8.0,1,1,False,0.0
press_brake,2024-03-05,72.0,5,2,False,0.0
hardware,2024-03-05,16.0,2,1,False,0.0
weld,2024-03-05,48.0,6,1,False,0.0
robotic_weld,2024-03-05,8.0,1,1,False,0.0
grind_deburr,2024-03-05,16.0,2,1,False,0.0
powder_coat,2024-03-05,8.0,1,1,False,0.0
assembly,2024-03-05,16.0,2,1,False,0.0
inspection_pack,2024-03-05,16.0,2,1,False,0.0
laser,2024-03-06,40.0,3,2,False,0.0
punch,2024-03-06,8.0,1,1,False,0.0
press_brake,2024-03-06,72.0,5,2,False,0.0
hardware,2024-03-06,16.0,2,1,False,0.0
weld,2024-03-06,48.0,6,1,False,0.0
robotic_weld,2024-03-06,8.0,1,1,False,0.0
grind_deburr,2024-03-06,16.0,2,1,False,0.0
powder_coat,2024-03-06,8.0,1,1,False,0.0
assembly,2024-03-06,16.0,2,1,False,0.0
inspection_pack,2024-03-06,16.0,2,1,False,0.0
laser,2024-03-07,40.0,3,2,False,0.0
punch,2024-03-07,8.0,1,1,False,0.0
press_brake,2024-03-07,72.0,5,2,False,0.0
hardware,2024-03-07,16.0,2,1,False,0.0
weld,2024-03-07,48.0,6,1,False,0.0
robotic_weld,2024-03-07,8.0,1,1,False,0.0
grind_deburr,2024-03-07,16.0,2,1,False,0.0
powder_coat,2024-03-07,8.0,1,1,False,0.0
assembly,2024-03-07,16.0,2,1,False,0.0
inspection_pack,2024-03-07,16.0,2,1,False,0.0
laser,2024-03-08,40.0,3,2,False,0.0
punch,2024-03-08,8.0,1,1,False,0.0
press_brake,2024-03-08,72.0,5,2,False,0.0
hardware,2024-03-08,16.0,2,1,False,0.0
weld,2024-03-08,48.0,6,1,False,0.0
robotic_weld,2024-03-08,8.0,1,1,False,0.0
grind_deburr,2024-03-08,16.0,2,1,False,0.0
powder_coat,2024-03-08,8.0,1,1,False,0.0
assembly,2024-03-08,16.0,2,1,False,0.0
inspection_pack,2024-03-08,16.0,2,1,False,0.0
laser,2024-03-11,40.0,3,2,False,0.0
punch,2024-03-11,8.0,1,1,False,0.0
press_brake,2024-03-11,72.0,5,2,False,0.0
hardware,2024-03-11,16.0,2,1,False,0.0
weld,2024-03-11,48.0,6,1,False,0.0
robotic_weld,2024-03-11,8.0,1,1,False,0.0
grind_deburr,2024-03-11,16.0,2,1,False,0.0
powder_coat,2024-03-11,8.0,1,1,False,0.0
assembly,2024-03-11,16.0,2,1,False,0.0
inspection_pack,2024-03-11,16.0,2,1,False,0.0
laser,2024-03-12,40.0,3,2,False,0.0
punch,2024-03-12,8.0,1,1,False,0.0
press_brake,2024-03-12,72.0,5,2,False,0.0
hardware,2024-03-12,16.0,2,1,False,0.0
weld,2024-03-12,48.0,6,1,False,0.0
robotic_weld,2024-03-12,8.0,1,1,False,0.0
grind_deburr,2024-03-12,16.0,2,1,False,0.0
powder_coat,2024-03-12,8.0,1,1,False,0.0
assembly,2024-03-12,16.0,2,1,False,0.0
inspection_pack,2024-03-12,16.0,2,1,False,0.0
laser,2024-03-13,40.0,3,2,False,0.0
punch,2024-03-13,8.0,1,1,False,0.0
press_brake,2024-03-13,72.0,5,2,False,0.0
hardware,2024-03-13,16.0,2,1,False,0.0
weld,2024-03-13,48.0,6,1,False,0.0
robotic_weld,2024-03-13,8.0,1,1,False,0.0
grind_deburr,2024-03-13,16.0,2,1,False,0.0
powder_coat,2024-03-13,8.0,1,1,False,0.0
assembly,2024-03-13,16.0,2,1,False,0.0
inspection_pack,2024-03-13,16.0,2,1,False,0.0
laser,2024-03-14,40.0,3,2,False,0.0
punch,2024-03-14,8.0,1,1,False,0.0
press_brake,2024-03-14,72.0,5,2,False,0.0
hardware,2024-03-14,16.0,2,1,False,0.0
weld,2024-03-14,48.0,6,1,False,0.0
robotic_weld,2024-03-14,8.0,1,1,False,0.0
grind_deburr,2024-03-14,16.0,2,1,False,0.0
powder_coat,2024-03-14,8.0,1,1,False,0.0
assembly,2024-03-14,16.0,2,1,False,0.0
inspection_pack,2024-03-14,16.0,2,1,False,0.0
laser,2024-03-15,40.0,3,2,False,0.0
punch,2024-03-15,8.0,1,1,False,0.0
press_brake,2024-03-15,72.0,5,2,False,0.0
hardware,2024-03-15,16.0,2,1,False,0.0
weld,2024-03-15,48.0,6,1,False,0.0
robotic_weld,2024-03-15,8.0,1,1,False,0.0
grind_deburr,2024-03-15,16.0,2,1,False,0.0
powder_coat,2024-03-15,8.0,1,1,False,0.0
assembly,2024-03-15,16.0,2,1,False,0.0
inspection_pack,2024-03-15,16.0,2,1,False,0.0
laser,2024-03-18,40.0,3,2,False,0.0
punch,2024-03-18,8.0,1,1,False,0.0
press_brake,2024-03-18,72.0,5,2,False,0.0
hardware,2024-03-18,16.0,2,1,False,0.0
weld,2024-03-18,48.0,6,1,False,0.0
robotic_weld,2024-03-18,8.0,1,1,False,0.0
grind_deburr,2024-03-18,16.0,2,1,False,0.0
powder_coat,2024-03-18,8.0,1,1,False,0.0
assembly,2024-03-18,16.0,2,1,False,0.0
inspection_pack,2024-03-18,16.0,2,1,False,0.0
laser,2024-03-19,40.0,3,2,False,0.0
punch,2024-03-19,8.0,1,1,False,0.0
press_brake,2024-03-19,72.0,5,2,False,0.0
hardware,2024-03-19,16.0,2,1,False,0.0
weld,2024-03-19,48.0,6,1,False,0.0
robotic_weld,2024-03-19,8.0,1,1,False,0.0
grind_deburr,2024-03-19,16.0,2,1,False,0.0
powder_coat,2024-03-19,8.0,1,1,False,0.0
assembly,2024-03-19,16.0,2,1,False,0.0
inspection_pack,2024-03-19,16.0,2,1,False,0.0
laser,2024-03-20,40.0,3,2,False,0.0
punch,2024-03-20,8.0,1,1,False,0.0
press_brake,2024-03-20,72.0,5,2,False,0.0
hardware,2024-03-20,16.0,2,1,False,0.0
weld,2024-03-20,48.0,6,1,False,0.0
robotic_weld,2024-03-20,8.0,1,1,False,0.0
grind_deburr,2024-03-20,16.0,2,1,False,0.0
powder_coat,2024-03-20,8.0,1,1,False,0.0
assembly,2024-03-20,16.0,2,1,False,0.0
inspection_pack,2024-03-20,16.0,2,1,False,0.0
laser,2024-03-21,40.0,3,2,False,0.0
punch,2024-03-21,8.0,1,1,False,0.0
press_brake,2024-03-21,72.0,5,2,False,0.0
hardware,2024-03-21,16.0,2,1,False,0.0
weld,2024-03-21,48.0,6,1,False,0.0
robotic_weld,2024-03-21,8.0,1,1,False,0.0
grind_deburr,2024-03-21,16.0,2,1,False,0.0
powder_coat,2024-03-21,8.0,1,1,False,0.0
assembly,2024-03-21,16.0,2,1,False,0.0
inspection_pack,2024-03-21,16.0,2,1,False,0.0
laser,2024-03-22,40.0,3,2,False,0.0
punch,2024-03-22,8.0,1,1,False,0.0
press_brake,2024-03-22,72.0,5,2,False,0.0
hardware,2024-03-22,16.0,2,1,False,0.0
weld,2024-03-22,48.0,6,1,False,0.0
robotic_weld,2024-03-22,8.0,1,1,False,0.0
grind_deburr,2024-03-22,16.0,2,1,False,0.0
powder_coat,2024-03-22,8.0,1,1,False,0.0
assembly,2024-03-22,16.0,2,1,False,0.0
inspection_pack,2024-03-22,16.0,2,1,False,0.0
laser,2024-03-25,40.0,3,2,False,0.0
punch,2024-03-25,8.0,1,1,False,0.0
press_brake,2024-03-25,72.0,5,2,False,0.0
hardware,2024-03-25,16.0,2,1,False,0.0
weld,2024-03-25,48.0,6,1,False,0.0
robotic_weld,2024-03-25,8.0,1,1,False,0.0
grind_deburr,2024-03-25,16.0,2,1,False,0.0
powder_coat,2024-03-25,8.0,1,1,False,0.0
assembly,2024-03-25,16.0,2,1,False,0.0
inspection_pack,2024-03-25,16.0,2,1,False,0.0
laser,2024-03-26,40.0,3,2,False,0.0
punch,2024-03-26,8.0,1,1,False,0.0
press_brake,2024-03-26,72.0,5,2,False,0.0
hardware,2024-03-26,16.0,2,1,False,0.0
weld,2024-03-26,48.0,6,1,False,0.0
robotic_weld,2024-03-26,8.0,1,1,False,0.0
grind_deburr,2024-03-26,16.0,2,1,False,0.0
powder_coat,2024-03-26,8.0,1,1,False,0.0
assembly,2024-03-26,16.0,2,1,False,0.0
inspection_pack,2024-03-26,16.0,2,1,False,0.0
laser,2024-03-27,40.0,3,2,False,0.0
punch,2024-03-27,8.0,1,1,False,0.0
press_brake,2024-03-27,72.0,5,2,False,0.0
hardware,2024-03-27,16.0,2,1,False,0.0
weld,2024-03-27,48.0,6,1,False,0.0
robotic_weld,2024-03-27,8.0,1,1,False,0.0
grind_deburr,2024-03-27,16.0,2,1,False,0.0
powder_coat,2024-03-27,8.0,1,1,False,0.0
assembly,2024-03-27,16.0,2,1,False,0.0
inspection_pack,2024-03-27,16.0,2,1,False,0.0
laser,2024-03-28,40.0,3,2,False,0.0
punch,2024-03-28,8.0,1,1,False,0.0
press_brake,2024-03-28,72.0,5,2,False,0.0
hardware,2024-03-28,16.0,2,1,False,0.0
weld,2024-03-28,48.0,6,1,False,0.0
robotic_weld,2024-03-28,8.0,1,1,False,0.0
grind_deburr,2024-03-28,16.0,2,1,False,0.0
powder_coat,2024-03-28,10.0,1,1,False,0.0
assembly,2024-03-28,16.0,2,1,False,0.0
inspection_pack,2024-03-28,16.0,2,1,False,0.0
laser,2024-03-29,40.0,3,2,False,0.0
punch,2024-03-29,8.0,1,1,False,0.0
press_brake,2024-03-29,72.0,5,2,False,0.0
hardware,2024-03-29,16.0,2,1,False,0.0
weld,2024-03-29,48.0,6,1,False,0.0
robotic_weld,2024-03-29,8.0,1,1,False,0.0
grind_deburr,2024-03-29,16.0,2,1,False,0.0
powder_coat,2024-03-29,8.0,1,1,False,0.0
assembly,2024-03-29,16.0,2,1,False,0.0
inspection_pack,2024-03-29,16.0,2,1,False,0.0
laser,2024-03-30,24.0,3,1,True,0.0
press_brake,2024-03-30,16.0,5,1,True,0.0
laser,2024-04-01,40.0,3,2,False,0.0
punch,2024-04-01,8.0,1,1,False,0.0
press_brake,2024-04-01,72.0,5,2,False,0.0
hardware,2024-04-01,16.0,2,1,False,0.0
weld,2024-04-01,48.0,6,1,False,0.0
robotic_weld,2024-04-01,8.0,1,1,False,0.0
grind_deburr,2024-04-01,16.0,2,1,False,0.0
powder_coat,2024-04-01,8.0,1,1,False,0.0
assembly,2024-04-01,16.0,2,1,False,0.0
inspection_pack,2024-04-01,16.0,2,1,False,0.0
laser,2024-04-02,40.0,3,2,False,0.0
punch,2024-04-02,8.0,1,1,False,0.0
press_brake,2024-04-02,72.0,5,2,False,0.0
hardware,2024-04-02,16.0,2,1,False,0.0
weld,2024-04-02,48.0,6,1,False,0.0
robotic_weld,2024-04-02,8.0,1,1,False,0.0
grind_deburr,2024-04-02,16.0,2,1,False,0.0
powder_coat,2024-04-02,8.0,1,1,False,0.0
assembly,2024-04-02,16.0,2,1,False,0.0
inspection_pack,2024-04-02,16.0,2,1,False,0.0
laser,2024-04-03,40.0,3,2,False,0.0
punch,2024-04-03,8.0,1,1,False,0.0
press_brake,2024-04-03,72.0,5,2,False,0.0
hardware,2024-04-03,16.0,2,1,False,0.0
weld,2024-04-03,48.0,6,1,False,0.0
robotic_weld,2024-04-03,8.0,1,1,False,0.0
grind_deburr,2024-04-03,16.0,2,1,False,0.0
powder_coat,2024-04-03,8.0,1,1,False,0.0
assembly,2024-04-03,16.0,2,1,False,0.0
inspection_pack,2024-04-03,16.0,2,1,False,0.0
laser,2024-04-04,40.0,3,2,False,0.0
punch,2024-04-04,8.0,1,1,False,0.0
press_brake,2024-04-04,72.0,5,2,False,0.0
hardware,2024-04-04,16.0,2,1,False,0.0
weld,2024-04-04,48.0,6,1,False,0.0
robotic_weld,2024-04-04,8.0,1,1,False,0.0
grind_deburr,2024-04-04,16.0,2,1,False,0.0
powder_coat,2024-04-04,8.0,1,1,False,0.0
assembly,2024-04-04,16.0,2,1,False,0.0
inspection_pack,2024-04-04,16.0,2,1,False,0.0
laser,2024-04-05,40.0,3,2,False,0.0
punch,2024-04-05,8.0,1,1,False,0.0
press_brake,2024-04-05,72.0,5,2,False,0.0
hardware,2024-04-05,16.0,2,1,False,0.0
weld,2024-04-05,48.0,6,1,False,0.0
robotic_weld,2024-04-05,8.0,1,1,False,0.0
grind_deburr,2024-04-05,16.0,2,1,False,0.0
powder_coat,2024-04-05,8.0,1,1,False,0.0
assembly,2024-04-05,16.0,2,1,False,0.0
inspection_pack,2024-04-05,16.0,2,1,False,0.0
laser,2024-04-08,40.0,3,2,False,0.0
punch,2024-04-08,8.0,1,1,False,0.0
press_brake,2024-04-08,72.0,5,2,False,0.0
hardware,2024-04-08,16.0,2,1,False,0.0
weld,2024-04-08,48.0,6,1,False,0.0
robotic_weld,2024-04-08,8.0,1,1,False,0.0
grind_deburr,2024-04-08,16.0,2,1,False,0.0
powder_coat,2024-04-08,8.0,1,1,False,0.0
assembly,2024-04-08,16.0,2,1,False,0.0
inspection_pack,2024-04-08,16.0,2,1,False,0.0
laser,2024-04-09,40.0,3,2,False,0.0
punch,2024-04-09,8.0,1,1,False,0.0
press_brake,2024-04-09,72.0,5,2,False,0.0
hardware,2024-04-09,16.0,2,1,False,0.0
weld,2024-04-09,48.0,6,1,False,0.0
robotic_weld,2024-04-09,8.0,1,1,False,0.0
grind_deburr,2024-04-09,16.0,2,1,False,0.0
powder_coat,2024-04-09,8.0,1,1,False,0.0
assembly,2024-04-09,16.0,2,1,False,0.0
inspection_pack,2024-04-09,16.0,2,1,False,0.0
laser,2024-04-10,40.0,3,2,False,0.0
punch,2024-04-10,8.0,1,1,False,0.0
press_brake,2024-04-10,72.0,5,2,False,0.0
hardware,2024-04-10,16.0,2,1,False,0.0
weld,2024-04-10,48.0,6,1,False,0.0
robotic_weld,2024-04-10,8.0,1,1,False,0.0
grind_deburr,2024-04-10,16.0,2,1,False,0.0
powder_coat,2024-04-10,8.0,1,1,False,0.0
assembly,2024-04-10,16.0,2,1,False,0.0
inspection_pack,2024-04-10,16.0,2,1,False,0.0
laser,2024-04-11,40.0,3,2,False,0.0
punch,2024-04-11,8.0,1,1,False,0.0
press_brake,2024-04-11,72.0,5,2,False,0.0
hardware,2024-04-11,16.0,2,1,False,0.0
weld,2024-04-11,48.0,6,1,False,0.0
robotic_weld,2024-04-11,8.0,1,1,False,0.0
grind_deburr,2024-04-11,16.0,2,1,False,0.0
powder_coat,2024-04-11,8.0,1,1,False,0.0
assembly,2024-04-11,16.0,2,1,False,0.0
inspection_pack,2024-04-11,16.0,2,1,False,0.0
laser,2024-04-12,40.0,3,2,False,0.0
punch,2024-04-12,8.0,1,1,False,0.0
press_brake,2024-04-12,72.0,5,2,False,0.0
hardware,2024-04-12,16.0,2,1,False,0.0
weld,2024-04-12,48.0,6,1,False,0.0
robotic_weld,2024-04-12,8.0,1,1,False,0.0
grind_deburr,2024-04-12,16.0,2,1,False,0.0
powder_coat,2024-04-12,8.0,1,1,False,0.0
assembly,2024-04-12,16.0,2,1,False,0.0
inspection_pack,2024-04-12,16.0,2,1,False,0.0
laser,2024-04-15,40.0,3,2,False,0.0
punch,2024-04-15,8.0,1,1,False,0.0
press_brake,2024-04-15,72.0,5,2,False,0.0
hardware,2024-04-15,16.0,2,1,False,0.0
weld,2024-04-15,48.0,6,1,False,0.0
robotic_weld,2024-04-15,8.0,1,1,False,0.0
grind_deburr,2024-04-15,16.0,2,1,False,0.0
powder_coat,2024-04-15,8.0,1,1,False,0.0
assembly,2024-04-15,16.0,2,1,False,0.0
inspection_pack,2024-04-15,16.0,2,1,False,0.0
laser,2024-04-16,40.0,3,2,False,0.0
punch,2024-04-16,8.0,1,1,False,0.0
press_brake,2024-04-16,72.0,5,2,False,0.0
hardware,2024-04-16,16.0,2,1,False,0.0
weld,2024-04-16,48.0,6,1,False,0.0
robotic_weld,2024-04-16,8.0,1,1,False,0.0
grind_deburr,2024-04-16,16.0,2,1,False,0.0
powder_coat,2024-04-16,8.0,1,1,False,0.0
assembly,2024-04-16,16.0,2,1,False,0.0
inspection_pack,2024-04-16,16.0,2,1,False,0.0
laser,2024-04-17,40.0,3,2,False,0.0
punch,2024-04-17,8.0,1,1,False,0.0
press_brake,2024-04-17,72.0,5,2,False,0.0
hardware,2024-04-17,16.0,2,1,False,0.0
weld,2024-04-17,48.0,6,1,False,0.0
robotic_weld,2024-04-17,8.0,1,1,False,0.0
grind_deburr,2024-04-17,16.0,2,1,False,0.0
powder_coat,2024-04-17,8.0,1,1,False,0.0
assembly,2024-04-17,16.0,2,1,False,0.0
inspection_pack,2024-04-17,16.0,2,1,False,0.0
laser,2024-04-18,40.0,3,2,False,0.0
punch,2024-04-18,8.0,1,1,False,0.0
press_brake,2024-04-18,72.0,5,2,False,0.0
hardware,2024-04-18,16.0,2,1,False,0.0
weld,2024-04-18,48.0,6,1,False,0.0
robotic_weld,2024-04-18,8.0,1,1,False,0.0
grind_deburr,2024-04-18,16.0,2,1,False,0.0
powder_coat,2024-04-18,8.0,1,1,False,0.0
assembly,2024-04-18,16.0,2,1,False,0.0
inspection_pack,2024-04-18,16.0,2,1,False,0.0
laser,2024-04-19,40.0,3,2,False,0.0
punch,2024-04-19,8.0,1,1,False,0.0
press_brake,2024-04-19,72.0,5,2,False,0.0
hardware,2024-04-19,16.0,2,1,False,0.0
weld,2024-04-19,48.0,6,1,False,0.0
robotic_weld,2024-04-19,8.0,1,1,False,0.0
grind_deburr,2024-04-19,16.0,2,1,False,0.0
powder_coat,2024-04-19,8.0,1,1,False,0.0
assembly,2024-04-19,16.0,2,1,False,0.0
inspection_pack,2024-04-19,16.0,2,1,False,0.0
laser,2024-04-22,40.0,3,2,False,0.0
punch,2024-04-22,8.0,1,1,False,0.0
press_brake,2024-04-22,72.0,5,2,False,0.0
hardware,2024-04-22,16.0,2,1,False,0.0
weld,2024-04-22,48.0,6,1,False,0.0
robotic_weld,2024-04-22,8.0,1,1,False,0.0
grind_deburr,2024-04-22,16.0,2,1,False,0.0
powder_coat,2024-04-22,8.0,1,1,False,0.0
assembly,2024-04-22,16.0,2,1,False,0.0
inspection_pack,2024-04-22,16.0,2,1,False,0.0
laser,2024-04-23,40.0,3,2,False,0.0
punch,2024-04-23,8.0,1,1,False,0.0
press_brake,2024-04-23,72.0,5,2,False,0.0
hardware,2024-04-23,16.0,2,1,False,0.0
weld,2024-04-23,48.0,6,1,False,0.0
robotic_weld,2024-04-23,8.0,1,1,False,0.0
grind_deburr,2024-04-23,16.0,2,1,False,0.0
powder_coat,2024-04-23,8.0,1,1,False,0.0
assembly,2024-04-23,16.0,2,1,False,0.0
inspection_pack,2024-04-23,16.0,2,1,False,0.0
laser,2024-04-24,40.0,3,2,False,0.0
punch,2024-04-24,8.0,1,1,False,0.0
press_brake,2024-04-24,72.0,5,2,False,0.0
hardware,2024-04-24,16.0,2,1,False,0.0
weld,2024-04-24,48.0,6,1,False,0.0
robotic_weld,2024-04-24,8.0,1,1,False,0.0
grind_deburr,2024-04-24,16.0,2,1,False,0.0
powder_coat,2024-04-24,8.0,1,1,False,0.0
assembly,2024-04-24,16.0,2,1,False,0.0
inspection_pack,2024-04-24,16.0,2,1,False,0.0
laser,2024-04-25,40.0,3,2,False,0.0
punch,2024-04-25,8.0,1,1,False,0.0
press_brake,2024-04-25,72.0,5,2,False,0.0
hardware,2024-04-25,16.0,2,1,False,0.0
weld,2024-04-25,48.0,6,1,False,0.0
robotic_weld,2024-04-25,8.0,1,1,False,0.0
grind_deburr,2024-04-25,16.0,2,1,False,0.0
powder_coat,2024-04-25,8.0,1,1,False,0.0
assembly,2024-04-25,16.0,2,1,False,0.0
inspection_pack,2024-04-25,16.0,2,1,False,0.0
laser,2024-04-26,40.0,3,2,False,0.0
punch,2024-04-26,8.0,1,1,False,0.0
press_brake,2024-04-26,72.0,5,2,False,0.0
hardware,2024-04-26,16.0,2,1,False,0.0
weld,2024-04-26,48.0,6,1,False,0.0
robotic_weld,2024-04-26,8.0,1,1,False,0.0
grind_deburr,2024-04-26,16.0,2,1,False,0.0
powder_coat,2024-04-26,8.0,1,1,False,0.0
assembly,2024-04-26,16.0,2,1,False,0.0
inspection_pack,2024-04-26,16.0,2,1,False,0.0
laser,2024-04-29,40.0,3,2,False,0.0
punch,2024-04-29,8.0,1,1,False,0.0
press_brake,2024-04-29,72.0,5,2,False,0.0
hardware,2024-04-29,16.0,2,1,False,0.0
weld,2024-04-29,48.0,6,1,False,0.0
robotic_weld,2024-04-29,8.0,1,1,False,0.0
grind_deburr,2024-04-29,16.0,2,1,False,0.0
powder_coat,2024-04-29,8.0,1,1,False,0.0
assembly,2024-04-29,16.0,2,1,False,0.0
inspection_pack,2024-04-29,16.0,2,1,False,0.0
laser,2024-04-30,40.0,3,2,False,0.0
punch,2024-04-30,8.0,1,1,False,0.0
press_brake,2024-04-30,72.0,5,2,False,0.0
hardware,2024-04-30,16.0,2,1,False,0.0
weld,2024-04-30,48.0,6,1,False,0.0
robotic_weld,2024-04-30,8.0,1,1,False,0.0
grind_deburr,2024-04-30,16.0,2,1,False,0.0
powder_coat,2024-04-30,8.0,1,1,False,0.0
assembly,2024-04-30,16.0,2,1,False,0.0
inspection_pack,2024-04-30,16.0,2,1,False,0.0
laser,2024-05-01,40.0,3,2,False,0.0
punch,2024-05-01,8.0,1,1,False,0.0
press_brake,2024-05-01,72.0,5,2,False,0.0
hardware,2024-05-01,16.0,2,1,False,0.0
weld,2024-05-01,48.0,6,1,False,0.0
robotic_weld,2024-05-01,8.0,1,1,False,0.0
grind_deburr,2024-05-01,16.0,2,1,False,0.0
powder_coat,2024-05-01,8.0,1,1,False,0.0
assembly,2024-05-01,16.0,2,1,False,0.0
inspection_pack,2024-05-01,16.0,2,1,False,0.0
laser,2024-05-02,40.0,3,2,False,0.0
punch,2024-05-02,8.0,1,1,False,0.0
press_brake,2024-05-02,72.0,5,2,False,0.0
hardware,2024-05-02,16.0,2,1,False,0.0
weld,2024-05-02,48.0,6,1,False,0.0
robotic_weld,2024-05-02,8.0,1,1,False,0.0
grind_deburr,2024-05-02,16.0,2,1,False,0.0
powder_coat,2024-05-02,8.0,1,1,False,0.0
assembly,2024-05-02,16.0,2,1,False,0.0
inspection_pack,2024-05-02,16.0,2,1,False,0.0
laser,2024-05-03,40.0,3,2,False,0.0
punch,2024-05-03,8.0,1,1,False,0.0
press_brake,2024-05-03,72.0,5,2,False,0.0
hardware,2024-05-03,16.0,2,1,False,0.0
weld,2024-05-03,48.0,6,1,False,0.0
robotic_weld,2024-05-03,8.0,1,1,False,0.0
grind_deburr,2024-05-03,16.0,2,1,False,0.0
powder_coat,2024-05-03,8.0,1,1,False,0.0
assembly,2024-05-03,16.0,2,1,False,0.0
inspection_pack,2024-05-03,16.0,2,1,False,0.0
laser,2024-05-06,40.0,3,2,False,0.0
punch,2024-05-06,8.0,1,1,False,0.0
press_brake,2024-05-06,72.0,5,2,False,0.0
hardware,2024-05-06,16.0,2,1,False,0.0
weld,2024-05-06,48.0,6,1,False,0.0
robotic_weld,2024-05-06,8.0,1,1,False,0.0
grind_deburr,2024-05-06,16.0,2,1,False,0.0
powder_coat,2024-05-06,8.0,1,1,False,0.0
assembly,2024-05-06,16.0,2,1,False,0.0
inspection_pack,2024-05-06,16.0,2,1,False,0.0
laser,2024-05-07,40.0,3,2,False,0.0
punch,2024-05-07,8.0,1,1,False,0.0
press_brake,2024-05-07,72.0,5,2,False,0.0
hardware,2024-05-07,16.0,2,1,False,0.0
weld,2024-05-07,48.0,6,1,False,0.0
robotic_weld,2024-05-07,8.0,1,1,False,0.0
grind_deburr,2024-05-07,16.0,2,1,False,0.0
powder_coat,2024-05-07,8.0,1,1,False,0.0
assembly,2024-05-07,16.0,2,1,False,0.0
inspection_pack,2024-05-07,16.0,2,1,False,0.0
laser,2024-05-08,40.0,3,2,False,0.0
punch,2024-05-08,8.0,1,1,False,0.0
press_brake,2024-05-08,72.0,5,2,False,0.0
hardware,2024-05-08,16.0,2,1,False,0.0
weld,2024-05-08,48.0,6,1,False,0.0
robotic_weld,2024-05-08,8.0,1,1,False,0.0
grind_deburr,2024-05-08,16.0,2,1,False,0.0
powder_coat,2024-05-08,8.0,1,1,False,0.0
assembly,2024-05-08,16.0,2,1,False,0.0
inspection_pack,2024-05-08,16.0,2,1,False,0.0
laser,2024-05-09,40.0,3,2,False,0.0
punch,2024-05-09,8.0,1,1,False,0.0
press_brake,2024-05-09,72.0,5,2,False,0.0
hardware,2024-05-09,16.0,2,1,False,0.0
weld,2024-05-09,48.0,6,1,False,0.0
robotic_weld,2024-05-09,8.0,1,1,False,0.0
grind_deburr,2024-05-09,16.0,2,1,False,0.0
powder_coat,2024-05-09,8.0,1,1,False,0.0
assembly,2024-05-09,16.0,2,1,False,0.0
inspection_pack,2024-05-09,16.0,2,1,False,0.0
laser,2024-05-10,40.0,3,2,False,0.0
punch,2024-05-10,8.0,1,1,False,0.0
press_brake,2024-05-10,72.0,5,2,False,0.0
hardware,2024-05-10,16.0,2,1,False,0.0
weld,2024-05-10,48.0,6,1,False,0.0
robotic_weld,2024-05-10,8.0,1,1,False,0.0
grind_deburr,2024-05-10,16.0,2,1,False,0.0
powder_coat,2024-05-10,8.0,1,1,False,0.0
assembly,2024-05-10,16.0,2,1,False,0.0
inspection_pack,2024-05-10,16.0,2,1,False,0.0
laser,2024-05-13,40.0,3,2,False,0.0
punch,2024-05-13,8.0,1,1,False,0.0
press_brake,2024-05-13,72.0,5,2,False,0.0
hardware,2024-05-13,16.0,2,1,False,0.0
weld,2024-05-13,48.0,6,1,False,0.0
robotic_weld,2024-05-13,8.0,1,1,False,0.0
grind_deburr,2024-05-13,16.0,2,1,False,0.0
powder_coat,2024-05-13,8.0,1,1,False,0.0
assembly,2024-05-13,16.0,2,1,False,0.0
inspection_pack,2024-05-13,16.0,2,1,False,0.0
laser,2024-05-14,40.0,3,2,False,0.0
punch,2024-05-14,8.0,1,1,False,0.0
press_brake,2024-05-14,72.0,5,2,False,0.0
hardware,2024-05-14,16.0,2,1,False,0.0
weld,2024-05-14,48.0,6,1,False,0.0
robotic_weld,2024-05-14,8.0,1,1,False,0.0
grind_deburr,2024-05-14,16.0,2,1,False,0.0
powder_coat,2024-05-14,8.0,1,1,False,0.0
assembly,2024-05-14,16.0,2,1,False,0.0
inspection_pack,2024-05-14,16.0,2,1,False,0.0
laser,2024-05-15,40.0,3,2,False,0.0
punch,2024-05-15,8.0,1,1,False,0.0
press_brake,2024-05-15,72.0,5,2,False,0.0
hardware,2024-05-15,16.0,2,1,False,0.0
weld,2024-05-15,48.0,6,1,False,0.0
robotic_weld,2024-05-15,8.0,1,1,False,0.0
grind_deburr,2024-05-15,16.0,2,1,False,0.0
powder_coat,2024-05-15,8.0,1,1,False,0.0
assembly,2024-05-15,16.0,2,1,False,0.0
inspection_pack,2024-05-15,16.0,2,1,False,0.0
laser,2024-05-16,40.0,3,2,False,0.0
punch,2024-05-16,8.0,1,1,False,0.0
press_brake,2024-05-16,72.0,5,2,False,0.0
hardware,2024-05-16,16.0,2,1,False,0.0
weld,2024-05-16,48.0,6,1,False,0.0
robotic_weld,2024-05-16,8.0,1,1,False,0.0
grind_deburr,2024-05-16,16.0,2,1,False,0.0
powder_coat,2024-05-16,8.0,1,1,False,0.0
assembly,2024-05-16,16.0,2,1,False,0.0
inspection_pack,2024-05-16,16.0,2,1,False,0.0
laser,2024-05-17,40.0,3,2,False,0.0
punch,2024-05-17,8.0,1,1,False,0.0
press_brake,2024-05-17,72.0,5,2,False,0.0
hardware,2024-05-17,16.0,2,1,False,0.0
weld,2024-05-17,48.0,6,1,False,0.0
robotic_weld,2024-05-17,8.0,1,1,False,0.0
grind_deburr,2024-05-17,16.0,2,1,False,0.0
powder_coat,2024-05-17,8.0,1,1,False,0.0
assembly,2024-05-17,16.0,2,1,False,0.0
inspection_pack,2024-05-17,16.0,2,1,False,0.0
laser,2024-05-20,40.0,3,2,False,0.0
punch,2024-05-20,8.0,1,1,False,0.0
press_brake,2024-05-20,72.0,5,2,False,0.0
hardware,2024-05-20,16.0,2,1,False,0.0
weld,2024-05-20,48.0,6,1,False,0.0
robotic_weld,2024-05-20,8.0,1,1,False,0.0
grind_deburr,2024-05-20,16.0,2,1,False,0.0
powder_coat,2024-05-20,8.0,1,1,False,0.0
assembly,2024-05-20,16.0,2,1,False,0.0
inspection_pack,2024-05-20,16.0,2,1,False,0.0
laser,2024-05-21,40.0,3,2,False,0.0
punch,2024-05-21,8.0,1,1,False,0.0
press_brake,2024-05-21,72.0,5,2,False,0.0
hardware,2024-05-21,16.0,2,1,False,0.0
weld,2024-05-21,48.0,6,1,False,0.0
robotic_weld,2024-05-21,8.0,1,1,False,0.0
grind_deburr,2024-05-21,16.0,2,1,False,0.0
powder_coat,2024-05-21,8.0,1,1,False,0.0
assembly,2024-05-21,16.0,2,1,False,0.0
inspection_pack,2024-05-21,16.0,2,1,False,0.0
laser,2024-05-22,40.0,3,2,False,0.0
punch,2024-05-22,8.0,1,1,False,0.0
press_brake,2024-05-22,72.0,5,2,False,0.0
hardware,2024-05-22,16.0,2,1,False,0.0
weld,2024-05-22,48.0,6,1,False,0.0
robotic_weld,2024-05-22,8.0,1,1,False,0.0
grind_deburr,2024-05-22,16.0,2,1,False,0.0
powder_coat,2024-05-22,8.0,1,1,False,0.0
assembly,2024-05-22,16.0,2,1,False,0.0
inspection_pack,2024-05-22,16.0,2,1,False,0.0
laser,2024-05-23,40.0,3,2,False,0.0
punch,2024-05-23,8.0,1,1,False,0.0
press_brake,2024-05-23,72.0,5,2,False,0.0
hardware,2024-05-23,16.0,2,1,False,0.0
weld,2024-05-23,48.0,6,1,False,0.0
robotic_weld,2024-05-23,8.0,1,1,False,0.0
grind_deburr,2024-05-23,16.0,2,1,False,0.0
powder_coat,2024-05-23,8.0,1,1,False,0.0
assembly,2024-05-23,16.0,2,1,False,0.0
inspection_pack,2024-05-23,16.0,2,1,False,0.0
laser,2024-05-24,40.0,3,2,False,0.0
punch,2024-05-24,8.0,1,1,False,0.0
press_brake,2024-05-24,72.0,5,2,False,0.0
hardware,2024-05-24,16.0,2,1,False,0.0
weld,2024-05-24,48.0,6,1,False,0.0
robotic_weld,2024-05-24,8.0,1,1,False,0.0
grind_deburr,2024-05-24,16.0,2,1,False,0.0
powder_coat,2024-05-24,8.0,1,1,False,0.0
assembly,2024-05-24,16.0,2,1,False,0.0
inspection_pack,2024-05-24,16.0,2,1,False,0.0
laser,2024-05-28,40.0,3,2,False,0.0
punch,2024-05-28,8.0,1,1,False,0.0
press_brake,2024-05-28,72.0,5,2,False,0.0
hardware,2024-05-28,16.0,2,1,False,0.0
weld,2024-05-28,48.0,6,1,False,0.0
robotic_weld,2024-05-28,8.0,1,1,False,0.0
grind_deburr,2024-05-28,16.0,2,1,False,0.0
powder_coat,2024-05-28,8.0,1,1,False,0.0
assembly,2024-05-28,16.0,2,1,False,0.0
inspection_pack,2024-05-28,16.0,2,1,False,0.0
laser,2024-05-29,40.0,3,2,False,0.0
punch,2024-05-29,8.0,1,1,False,0.0
press_brake,2024-05-29,72.0,5,2,False,0.0
hardware,2024-05-29,16.0,2,1,False,0.0
weld,2024-05-29,48.0,6,1,False,0.0
robotic_weld,2024-05-29,8.0,1,1,False,0.0
grind_deburr,2024-05-29,16.0,2,1,False,0.0
powder_coat,2024-05-29,10.0,1,1,False,0.0
assembly,2024-05-29,16.0,2,1,False,0.0
inspection_pack,2024-05-29,16.0,2,1,False,0.0
laser,2024-05-30,40.0,3,2,False,0.0
punch,2024-05-30,8.0,1,1,False,0.0
press_brake,2024-05-30,72.0,5,2,False,0.0
hardware,2024-05-30,16.0,2,1,False,0.0
weld,2024-05-30,48.0,6,1,False,0.0
robotic_weld,2024-05-30,8.0,1,1,False,0.0
grind_deburr,2024-05-30,16.0,2,1,False,0.0
powder_coat,2024-05-30,8.0,1,1,False,0.0
assembly,2024-05-30,16.0,2,1,False,0.0
inspection_pack,2024-05-30,16.0,2,1,False,0.0
laser,2024-05-31,40.0,3,2,False,0.0
punch,2024-05-31,8.0,1,1,False,0.0
press_brake,2024-05-31,72.0,5,2,False,0.0
hardware,2024-05-31,16.0,2,1,False,0.0
weld,2024-05-31,48.0,6,1,False,0.0
robotic_weld,2024-05-31,8.0,1,1,False,0.0
grind_deburr,2024-05-31,16.0,2,1,False,0.0
powder_coat,2024-05-31,8.0,1,1,False,0.0
assembly,2024-05-31,16.0,2,1,False,0.0
inspection_pack,2024-05-31,16.0,2,1,False,0.0
laser,2024-06-03,40.0,3,2,False,0.0
punch,2024-06-03,8.0,1,1,False,0.0
press_brake,2024-06-03,72.0,5,2,False,0.0
hardware,2024-06-03,16.0,2,1,False,0.0
weld,2024-06-03,48.0,6,1,False,0.0
robotic_weld,2024-06-03,8.0,1,1,False,0.0
grind_deburr,2024-06-03,16.0,2,1,False,0.0
powder_coat,2024-06-03,8.0,1,1,False,0.0
assembly,2024-06-03,16.0,2,1,False,0.0
inspection_pack,2024-06-03,16.0,2,1,False,0.0
laser,2024-06-04,40.0,3,2,False,0.0
punch,2024-06-04,8.0,1,1,False,0.0
press_brake,2024-06-04,72.0,5,2,False,0.0
hardware,2024-06-04,16.0,2,1,False,0.0
weld,2024-06-04,48.0,6,1,False,0.0
robotic_weld,2024-06-04,8.0,1,1,False,0.0
grind_deburr,2024-06-04,16.0,2,1,False,0.0
powder_coat,2024-06-04,8.0,1,1,False,0.0
assembly,2024-06-04,16.0,2,1,False,0.0
inspection_pack,2024-06-04,16.0,2,1,False,0.0
laser,2024-06-05,40.0,3,2,False,0.0
punch,2024-06-05,8.0,1,1,False,0.0
press_brake,2024-06-05,72.0,5,2,False,0.0
hardware,2024-06-05,16.0,2,1,False,0.0
weld,2024-06-05,48.0,6,1,False,0.0
robotic_weld,2024-06-05,8.0,1,1,False,0.0
grind_deburr,2024-06-05,16.0,2,1,False,0.0
powder_coat,2024-06-05,8.0,1,1,False,0.0
assembly,2024-06-05,16.0,2,1,False,0.0
inspection_pack,2024-06-05,16.0,2,1,False,0.0
laser,2024-06-06,40.0,3,2,False,0.0
punch,2024-06-06,8.0,1,1,False,0.0
press_brake,2024-06-06,72.0,5,2,False,0.0
hardware,2024-06-06,16.0,2,1,False,0.0
weld,2024-06-06,48.0,6,1,False,0.0
robotic_weld,2024-06-06,8.0,1,1,False,0.0
grind_deburr,2024-06-06,16.0,2,1,False,0.0
powder_coat,2024-06-06,8.0,1,1,False,0.0
assembly,2024-06-06,16.0,2,1,False,0.0
inspection_pack,2024-06-06,16.0,2,1,False,0.0
laser,2024-06-07,40.0,3,2,False,0.0
punch,2024-06-07,8.0,1,1,False,0.0
press_brake,2024-06-07,72.0,5,2,False,0.0
hardware,2024-06-07,16.0,2,1,False,0.0
weld,2024-06-07,48.0,6,1,False,0.0
robotic_weld,2024-06-07,8.0,1,1,False,0.0
grind_deburr,2024-06-07,16.0,2,1,False,0.0
powder_coat,2024-06-07,8.0,1,1,False,0.0
assembly,2024-06-07,16.0,2,1,False,0.0
inspection_pack,2024-06-07,16.0,2,1,False,0.0
laser,2024-06-10,40.0,3,2,False,0.0
punch,2024-06-10,8.0,1,1,False,0.0
press_brake,2024-06-10,72.0,5,2,False,0.0
hardware,2024-06-10,16.0,2,1,False,0.0
weld,2024-06-10,48.0,6,1,False,0.0
robotic_weld,2024-06-10,8.0,1,1,False,0.0
grind_deburr,2024-06-10,16.0,2,1,False,0.0
powder_coat,2024-06-10,10.0,1,1,False,0.0
assembly,2024-06-10,16.0,2,1,False,0.0
inspection_pack,2024-06-10,16.0,2,1,False,0.0
laser,2024-06-11,40.0,3,2,False,0.0
punch,2024-06-11,8.0,1,1,False,0.0
press_brake,2024-06-11,72.0,5,2,False,0.0
hardware,2024-06-11,16.0,2,1,False,0.0
weld,2024-06-11,48.0,6,1,False,0.0
robotic_weld,2024-06-11,8.0,1,1,False,0.0
grind_deburr,2024-06-11,16.0,2,1,False,0.0
powder_coat,2024-06-11,8.0,1,1,False,0.0
assembly,2024-06-11,16.0,2,1,False,0.0
inspection_pack,2024-06-11,16.0,2,1,False,0.0
laser,2024-06-12,40.0,3,2,False,0.0
punch,2024-06-12,8.0,1,1,False,0.0
press_brake,2024-06-12,72.0,5,2,False,0.0
hardware,2024-06-12,16.0,2,1,False,0.0
weld,2024-06-12,48.0,6,1,False,0.0
robotic_weld,2024-06-12,8.0,1,1,False,0.0
grind_deburr,2024-06-12,16.0,2,1,False,0.0
powder_coat,2024-06-12,8.0,1,1,False,0.0
assembly,2024-06-12,16.0,2,1,False,0.0
inspection_pack,2024-06-12,16.0,2,1,False,0.0
laser,2024-06-13,40.0,3,2,False,0.0
punch,2024-06-13,8.0,1,1,False,0.0
press_brake,2024-06-13,72.0,5,2,False,0.0
hardware,2024-06-13,16.0,2,1,False,0.0
weld,2024-06-13,48.0,6,1,False,0.0
robotic_weld,2024-06-13,8.0,1,1,False,0.0
grind_deburr,2024-06-13,16.0,2,1,False,0.0
powder_coat,2024-06-13,10.0,1,1,False,0.0
assembly,2024-06-13,16.0,2,1,False,0.0
inspection_pack,2024-06-13,16.0,2,1,False,0.0
laser,2024-06-14,40.0,3,2,False,0.0
punch,2024-06-14,8.0,1,1,False,0.0
press_brake,2024-06-14,72.0,5,2,False,0.0
hardware,2024-06-14,16.0,2,1,False,0.0
weld,2024-06-14,48.0,6,1,False,0.0
robotic_weld,2024-06-14,8.0,1,1,False,0.0
grind_deburr,2024-06-14,16.0,2,1,False,0.0
powder_coat,2024-06-14,8.0,1,1,False,0.0
assembly,2024-06-14,16.0,2,1,False,0.0
inspection_pack,2024-06-14,16.0,2,1,False,0.0
laser,2024-06-17,40.0,3,2,False,0.0
punch,2024-06-17,8.0,1,1,False,0.0
press_brake,2024-06-17,72.0,5,2,False,0.0
hardware,2024-06-17,16.0,2,1,False,0.0
weld,2024-06-17,48.0,6,1,False,0.0
robotic_weld,2024-06-17,8.0,1,1,False,0.0
grind_deburr,2024-06-17,16.0,2,1,False,0.0
powder_coat,2024-06-17,8.0,1,1,False,0.0
assembly,2024-06-17,16.0,2,1,False,0.0
inspection_pack,2024-06-17,16.0,2,1,False,0.0
laser,2024-06-18,40.0,3,2,False,0.0
punch,2024-06-18,8.0,1,1,False,0.0
press_brake,2024-06-18,72.0,5,2,False,0.0
hardware,2024-06-18,16.0,2,1,False,0.0
weld,2024-06-18,48.0,6,1,False,0.0
robotic_weld,2024-06-18,8.0,1,1,False,0.0
grind_deburr,2024-06-18,16.0,2,1,False,0.0
powder_coat,2024-06-18,10.0,1,1,False,0.0
assembly,2024-06-18,16.0,2,1,False,0.0
inspection_pack,2024-06-18,16.0,2,1,False,0.0
laser,2024-06-19,40.0,3,2,False,0.0
punch,2024-06-19,8.0,1,1,False,0.0
press_brake,2024-06-19,72.0,5,2,False,0.0
hardware,2024-06-19,16.0,2,1,False,0.0
weld,2024-06-19,48.0,6,1,False,0.0
robotic_weld,2024-06-19,8.0,1,1,False,0.0
grind_deburr,2024-06-19,16.0,2,1,False,0.0
powder_coat,2024-06-19,8.0,1,1,False,0.0
assembly,2024-06-19,16.0,2,1,False,0.0
inspection_pack,2024-06-19,16.0,2,1,False,0.0
laser,2024-06-20,40.0,3,2,False,0.0
punch,2024-06-20,8.0,1,1,False,0.0
press_brake,2024-06-20,72.0,5,2,False,0.0
hardware,2024-06-20,16.0,2,1,False,0.0
weld,2024-06-20,48.0,6,1,False,0.0
robotic_weld,2024-06-20,8.0,1,1,False,0.0
grind_deburr,2024-06-20,16.0,2,1,False,0.0
powder_coat,2024-06-20,8.0,1,1,False,0.0
assembly,2024-06-20,16.0,2,1,False,0.0
inspection_pack,2024-06-20,16.0,2,1,False,0.0
laser,2024-06-21,40.0,3,2,False,0.0
punch,2024-06-21,8.0,1,1,False,0.0
press_brake,2024-06-21,72.0,5,2,False,0.0
hardware,2024-06-21,16.0,2,1,False,0.0
weld,2024-06-21,48.0,6,1,False,0.0
robotic_weld,2024-06-21,8.0,1,1,False,0.0
grind_deburr,2024-06-21,16.0,2,1,False,0.0
powder_coat,2024-06-21,10.0,1,1,False,0.0
assembly,2024-06-21,16.0,2,1,False,0.0
inspection_pack,2024-06-21,16.0,2,1,False,0.0
laser,2024-06-24,40.0,3,2,False,0.0
punch,2024-06-24,8.0,1,1,False,0.0
press_brake,2024-06-24,72.0,5,2,False,0.0
hardware,2024-06-24,16.0,2,1,False,0.0
weld,2024-06-24,48.0,6,1,False,0.0
robotic_weld,2024-06-24,8.0,1,1,False,0.0
grind_deburr,2024-06-24,16.0,2,1,False,0.0
powder_coat,2024-06-24,8.0,1,1,False,0.0
assembly,2024-06-24,16.0,2,1,False,0.0
inspection_pack,2024-06-24,16.0,2,1,False,0.0
laser,2024-06-25,40.0,3,2,False,0.0
punch,2024-06-25,8.0,1,1,False,0.0
press_brake,2024-06-25,72.0,5,2,False,0.0
hardware,2024-06-25,16.0,2,1,False,0.0
weld,2024-06-25,48.0,6,1,False,0.0
robotic_weld,2024-06-25,8.0,1,1,False,0.0
grind_deburr,2024-06-25,16.0,2,1,False,0.0
powder_coat,2024-06-25,10.0,1,1,False,0.0
assembly,2024-06-25,16.0,2,1,False,0.0
inspection_pack,2024-06-25,16.0,2,1,False,0.0
laser,2024-06-26,40.0,3,2,False,0.0
punch,2024-06-26,8.0,1,1,False,0.0
press_brake,2024-06-26,72.0,5,2,False,0.0
hardware,2024-06-26,16.0,2,1,False,0.0
weld,2024-06-26,48.0,6,1,False,0.0
robotic_weld,2024-06-26,8.0,1,1,False,0.0
grind_deburr,2024-06-26,16.0,2,1,False,0.0
powder_coat,2024-06-26,8.0,1,1,False,0.0
assembly,2024-06-26,16.0,2,1,False,0.0
inspection_pack,2024-06-26,16.0,2,1,False,0.0
laser,2024-06-27,40.0,3,2,False,0.0
punch,2024-06-27,8.0,1,1,False,0.0
press_brake,2024-06-27,72.0,5,2,False,0.0
hardware,2024-06-27,16.0,2,1,False,0.0
weld,2024-06-27,48.0,6,1,False,0.0
robotic_weld,2024-06-27,8.0,1,1,False,0.0
grind_deburr,2024-06-27,16.0,2,1,False,0.0
powder_coat,2024-06-27,10.0,1,1,False,0.0
assembly,2024-06-27,16.0,2,1,False,0.0
inspection_pack,2024-06-27,16.0,2,1,False,0.0
laser,2024-06-28,40.0,3,2,False,0.0
punch,2024-06-28,8.0,1,1,False,0.0
press_brake,2024-06-28,72.0,5,2,False,0.0
hardware,2024-06-28,16.0,2,1,False,0.0
weld,2024-06-28,48.0,6,1,False,0.0
robotic_weld,2024-06-28,8.0,1,1,False,0.0
grind_deburr,2024-06-28,16.0,2,1,False,0.0
powder_coat,2024-06-28,10.0,1,1,False,0.0
assembly,2024-06-28,16.0,2,1,False,0.0
inspection_pack,2024-06-28,16.0,2,1,False,0.0
laser,2024-07-01,40.0,3,2,False,0.0
punch,2024-07-01,8.0,1,1,False,0.0
press_brake,2024-07-01,72.0,5,2,False,0.0
hardware,2024-07-01,16.0,2,1,False,0.0
weld,2024-07-01,48.0,6,1,False,0.0
robotic_weld,2024-07-01,8.0,1,1,False,0.0
grind_deburr,2024-07-01,16.0,2,1,False,0.0
powder_coat,2024-07-01,8.0,1,1,False,0.0
assembly,2024-07-01,16.0,2,1,False,0.0
inspection_pack,2024-07-01,16.0,2,1,False,0.0
laser,2024-07-02,40.0,3,2,False,0.0
punch,2024-07-02,8.0,1,1,False,0.0
press_brake,2024-07-02,72.0,5,2,False,0.0
hardware,2024-07-02,16.0,2,1,False,0.0
weld,2024-07-02,48.0,6,1,False,0.0
robotic_weld,2024-07-02,8.0,1,1,False,0.0
grind_deburr,2024-07-02,16.0,2,1,False,0.0
powder_coat,2024-07-02,8.0,1,1,False,0.0
assembly,2024-07-02,16.0,2,1,False,0.0
inspection_pack,2024-07-02,16.0,2,1,False,0.0
laser,2024-07-03,40.0,3,2,False,0.0
punch,2024-07-03,8.0,1,1,False,0.0
press_brake,2024-07-03,72.0,5,2,False,0.0
hardware,2024-07-03,16.0,2,1,False,0.0
weld,2024-07-03,48.0,6,1,False,0.0
robotic_weld,2024-07-03,8.0,1,1,False,0.0
grind_deburr,2024-07-03,16.0,2,1,False,0.0
powder_coat,2024-07-03,8.0,1,1,False,0.0
assembly,2024-07-03,16.0,2,1,False,0.0
inspection_pack,2024-07-03,16.0,2,1,False,0.0
laser,2024-07-05,40.0,3,2,False,0.0
punch,2024-07-05,8.0,1,1,False,0.0
press_brake,2024-07-05,72.0,5,2,False,0.0
hardware,2024-07-05,16.0,2,1,False,0.0
weld,2024-07-05,48.0,6,1,False,0.0
robotic_weld,2024-07-05,8.0,1,1,False,0.0
grind_deburr,2024-07-05,16.0,2,1,False,0.0
powder_coat,2024-07-05,8.0,1,1,False,0.0
assembly,2024-07-05,16.0,2,1,False,0.0
inspection_pack,2024-07-05,16.0,2,1,False,0.0
laser,2024-07-08,40.0,3,2,False,0.0
punch,2024-07-08,8.0,1,1,False,0.0
press_brake,2024-07-08,72.0,5,2,False,0.0
hardware,2024-07-08,16.0,2,1,False,0.0
weld,2024-07-08,48.0,6,1,False,0.0
robotic_weld,2024-07-08,8.0,1,1,False,0.0
grind_deburr,2024-07-08,16.0,2,1,False,0.0
powder_coat,2024-07-08,8.0,1,1,False,0.0
assembly,2024-07-08,16.0,2,1,False,0.0
inspection_pack,2024-07-08,16.0,2,1,False,0.0
laser,2024-07-09,40.0,3,2,False,0.0
punch,2024-07-09,8.0,1,1,False,0.0
press_brake,2024-07-09,72.0,5,2,False,0.0
hardware,2024-07-09,16.0,2,1,False,0.0
weld,2024-07-09,48.0,6,1,False,0.0
robotic_weld,2024-07-09,8.0,1,1,False,0.0
grind_deburr,2024-07-09,16.0,2,1,False,0.0
powder_coat,2024-07-09,10.0,1,1,False,0.0
assembly,2024-07-09,16.0,2,1,False,0.0
inspection_pack,2024-07-09,16.0,2,1,False,0.0
laser,2024-07-10,40.0,3,2,False,0.0
punch,2024-07-10,8.0,1,1,False,0.0
press_brake,2024-07-10,72.0,5,2,False,0.0
hardware,2024-07-10,16.0,2,1,False,0.0
weld,2024-07-10,48.0,6,1,False,0.0
robotic_weld,2024-07-10,8.0,1,1,False,0.0
grind_deburr,2024-07-10,16.0,2,1,False,0.0
powder_coat,2024-07-10,8.0,1,1,False,0.0
assembly,2024-07-10,16.0,2,1,False,0.0
inspection_pack,2024-07-10,16.0,2,1,False,0.0
laser,2024-07-11,40.0,3,2,False,0.0
punch,2024-07-11,8.0,1,1,False,0.0
press_brake,2024-07-11,72.0,5,2,False,0.0
hardware,2024-07-11,16.0,2,1,False,0.0
weld,2024-07-11,48.0,6,1,False,0.0
robotic_weld,2024-07-11,8.0,1,1,False,0.0
grind_deburr,2024-07-11,16.0,2,1,False,0.0
powder_coat,2024-07-11,10.0,1,1,False,0.0
assembly,2024-07-11,16.0,2,1,False,0.0
inspection_pack,2024-07-11,16.0,2,1,False,0.0
laser,2024-07-12,40.0,3,2,False,0.0
punch,2024-07-12,8.0,1,1,False,0.0
press_brake,2024-07-12,72.0,5,2,False,0.0
hardware,2024-07-12,16.0,2,1,False,0.0
weld,2024-07-12,48.0,6,1,False,0.0
robotic_weld,2024-07-12,8.0,1,1,False,0.0
grind_deburr,2024-07-12,16.0,2,1,False,0.0
powder_coat,2024-07-12,8.0,1,1,False,0.0
assembly,2024-07-12,16.0,2,1,False,0.0
inspection_pack,2024-07-12,16.0,2,1,False,0.0
laser,2024-07-15,40.0,3,2,False,0.0
punch,2024-07-15,8.0,1,1,False,0.0
press_brake,2024-07-15,72.0,5,2,False,0.0
hardware,2024-07-15,16.0,2,1,False,0.0
weld,2024-07-15,48.0,6,1,False,0.0
robotic_weld,2024-07-15,8.0,1,1,False,0.0
grind_deburr,2024-07-15,16.0,2,1,False,0.0
powder_coat,2024-07-15,8.0,1,1,False,0.0
assembly,2024-07-15,16.0,2,1,False,0.0
inspection_pack,2024-07-15,16.0,2,1,False,0.0
laser,2024-07-16,40.0,3,2,False,0.0
punch,2024-07-16,8.0,1,1,False,0.0
press_brake,2024-07-16,72.0,5,2,False,0.0
hardware,2024-07-16,16.0,2,1,False,0.0
weld,2024-07-16,48.0,6,1,False,0.0
robotic_weld,2024-07-16,8.0,1,1,False,0.0
grind_deburr,2024-07-16,16.0,2,1,False,0.0
powder_coat,2024-07-16,10.0,1,1,False,0.0
assembly,2024-07-16,16.0,2,1,False,0.0
inspection_pack,2024-07-16,16.0,2,1,False,0.0
laser,2024-07-17,40.0,3,2,False,0.0
punch,2024-07-17,8.0,1,1,False,0.0
press_brake,2024-07-17,72.0,5,2,False,0.0
hardware,2024-07-17,16.0,2,1,False,0.0
weld,2024-07-17,48.0,6,1,False,0.0
robotic_weld,2024-07-17,8.0,1,1,False,0.0
grind_deburr,2024-07-17,16.0,2,1,False,0.0
powder_coat,2024-07-17,8.0,1,1,False,0.0
assembly,2024-07-17,16.0,2,1,False,0.0
inspection_pack,2024-07-17,16.0,2,1,False,0.0
laser,2024-07-18,40.0,3,2,False,0.0
punch,2024-07-18,8.0,1,1,False,0.0
press_brake,2024-07-18,72.0,5,2,False,0.0
hardware,2024-07-18,16.0,2,1,False,0.0
weld,2024-07-18,48.0,6,1,False,0.0
robotic_weld,2024-07-18,8.0,1,1,False,0.0
grind_deburr,2024-07-18,16.0,2,1,False,0.0
powder_coat,2024-07-18,8.0,1,1,False,0.0
assembly,2024-07-18,16.0,2,1,False,0.0
inspection_pack,2024-07-18,16.0,2,1,False,0.0
laser,2024-07-19,40.0,3,2,False,0.0
punch,2024-07-19,8.0,1,1,False,0.0
press_brake,2024-07-19,72.0,5,2,False,0.0
hardware,2024-07-19,16.0,2,1,False,0.0
weld,2024-07-19,48.0,6,1,False,0.0
robotic_weld,2024-07-19,8.0,1,1,False,0.0
grind_deburr,2024-07-19,16.0,2,1,False,0.0
powder_coat,2024-07-19,8.0,1,1,False,0.0
assembly,2024-07-19,16.0,2,1,False,0.0
inspection_pack,2024-07-19,16.0,2,1,False,0.0
laser,2024-07-22,40.0,3,2,False,0.0
punch,2024-07-22,8.0,1,1,False,0.0
press_brake,2024-07-22,72.0,5,2,False,0.0
hardware,2024-07-22,16.0,2,1,False,0.0
weld,2024-07-22,48.0,6,1,False,0.0
robotic_weld,2024-07-22,8.0,1,1,False,0.0
grind_deburr,2024-07-22,16.0,2,1,False,0.0
powder_coat,2024-07-22,8.0,1,1,False,0.0
assembly,2024-07-22,16.0,2,1,False,0.0
inspection_pack,2024-07-22,16.0,2,1,False,0.0
laser,2024-07-23,40.0,3,2,False,0.0
punch,2024-07-23,8.0,1,1,False,0.0
press_brake,2024-07-23,72.0,5,2,False,0.0
hardware,2024-07-23,16.0,2,1,False,0.0
weld,2024-07-23,48.0,6,1,False,0.0
robotic_weld,2024-07-23,8.0,1,1,False,0.0
grind_deburr,2024-07-23,16.0,2,1,False,0.0
powder_coat,2024-07-23,8.0,1,1,False,0.0
assembly,2024-07-23,16.0,2,1,False,0.0
inspection_pack,2024-07-23,16.0,2,1,False,0.0
laser,2024-07-24,40.0,3,2,False,0.0
punch,2024-07-24,8.0,1,1,False,0.0
press_brake,2024-07-24,72.0,5,2,False,0.0
hardware,2024-07-24,16.0,2,1,False,0.0
weld,2024-07-24,48.0,6,1,False,0.0
robotic_weld,2024-07-24,8.0,1,1,False,0.0
grind_deburr,2024-07-24,16.0,2,1,False,0.0
powder_coat,2024-07-24,8.0,1,1,False,0.0
assembly,2024-07-24,16.0,2,1,False,0.0
inspection_pack,2024-07-24,16.0,2,1,False,0.0
laser,2024-07-25,40.0,3,2,False,0.0
punch,2024-07-25,8.0,1,1,False,0.0
press_brake,2024-07-25,72.0,5,2,False,0.0
hardware,2024-07-25,16.0,2,1,False,0.0
weld,2024-07-25,48.0,6,1,False,0.0
robotic_weld,2024-07-25,8.0,1,1,False,0.0
grind_deburr,2024-07-25,16.0,2,1,False,0.0
powder_coat,2024-07-25,8.0,1,1,False,0.0
assembly,2024-07-25,16.0,2,1,False,0.0
inspection_pack,2024-07-25,16.0,2,1,False,0.0
laser,2024-07-26,40.0,3,2,False,0.0
punch,2024-07-26,8.0,1,1,False,0.0
press_brake,2024-07-26,72.0,5,2,False,0.0
hardware,2024-07-26,16.0,2,1,False,0.0
weld,2024-07-26,48.0,6,1,False,0.0
robotic_weld,2024-07-26,8.0,1,1,False,0.0
grind_deburr,2024-07-26,16.0,2,1,False,0.0
powder_coat,2024-07-26,8.0,1,1,False,0.0
assembly,2024-07-26,16.0,2,1,False,0.0
inspection_pack,2024-07-26,16.0,2,1,False,0.0
laser,2024-07-29,40.0,3,2,False,0.0
punch,2024-07-29,8.0,1,1,False,0.0
press_brake,2024-07-29,72.0,5,2,False,0.0
hardware,2024-07-29,16.0,2,1,False,0.0
weld,2024-07-29,48.0,6,1,False,0.0
robotic_weld,2024-07-29,8.0,1,1,False,0.0
grind_deburr,2024-07-29,16.0,2,1,False,0.0
powder_coat,2024-07-29,8.0,1,1,False,0.0
assembly,2024-07-29,16.0,2,1,False,0.0
inspection_pack,2024-07-29,16.0,2,1,False,0.0
laser,2024-07-30,40.0,3,2,False,0.0
punch,2024-07-30,8.0,1,1,False,0.0
press_brake,2024-07-30,72.0,5,2,False,0.0
hardware,2024-07-30,16.0,2,1,False,0.0
weld,2024-07-30,48.0,6,1,False,0.0
robotic_weld,2024-07-30,8.0,1,1,False,0.0
grind_deburr,2024-07-30,16.0,2,1,False,0.0
powder_coat,2024-07-30,8.0,1,1,False,0.0
assembly,2024-07-30,16.0,2,1,False,0.0
inspection_pack,2024-07-30,16.0,2,1,False,0.0
laser,2024-07-31,40.0,3,2,False,0.0
punch,2024-07-31,8.0,1,1,False,0.0
press_brake,2024-07-31,72.0,5,2,False,0.0
hardware,2024-07-31,16.0,2,1,False,0.0
weld,2024-07-31,48.0,6,1,False,0.0
robotic_weld,2024-07-31,8.0,1,1,False,0.0
grind_deburr,2024-07-31,16.0,2,1,False,0.0
powder_coat,2024-07-31,8.0,1,1,False,0.0
assembly,2024-07-31,16.0,2,1,False,0.0
inspection_pack,2024-07-31,16.0,2,1,False,0.0
laser,2024-08-01,40.0,3,2,False,0.0
punch,2024-08-01,8.0,1,1,False,0.0
press_brake,2024-08-01,72.0,5,2,False,0.0
hardware,2024-08-01,16.0,2,1,False,0.0
weld,2024-08-01,48.0,6,1,False,0.0
robotic_weld,2024-08-01,8.0,1,1,False,0.0
grind_deburr,2024-08-01,16.0,2,1,False,0.0
powder_coat,2024-08-01,8.0,1,1,False,0.0
assembly,2024-08-01,16.0,2,1,False,0.0
inspection_pack,2024-08-01,16.0,2,1,False,0.0
laser,2024-08-02,40.0,3,2,False,0.0
punch,2024-08-02,8.0,1,1,False,0.0
press_brake,2024-08-02,72.0,5,2,False,0.0
hardware,2024-08-02,16.0,2,1,False,0.0
weld,2024-08-02,48.0,6,1,False,0.0
robotic_weld,2024-08-02,8.0,1,1,False,0.0
grind_deburr,2024-08-02,16.0,2,1,False,0.0
powder_coat,2024-08-02,8.0,1,1,False,0.0
assembly,2024-08-02,16.0,2,1,False,0.0
inspection_pack,2024-08-02,16.0,2,1,False,0.0
laser,2024-08-05,40.0,3,2,False,0.0
punch,2024-08-05,8.0,1,1,False,0.0
press_brake,2024-08-05,72.0,5,2,False,0.0
hardware,2024-08-05,16.0,2,1,False,0.0
weld,2024-08-05,48.0,6,1,False,0.0
robotic_weld,2024-08-05,8.0,1,1,False,0.0
grind_deburr,2024-08-05,16.0,2,1,False,0.0
powder_coat,2024-08-05,8.0,1,1,False,0.0
assembly,2024-08-05,16.0,2,1,False,0.0
inspection_pack,2024-08-05,16.0,2,1,False,0.0
laser,2024-08-06,40.0,3,2,False,0.0
punch,2024-08-06,8.0,1,1,False,0.0
press_brake,2024-08-06,72.0,5,2,False,0.0
hardware,2024-08-06,16.0,2,1,False,0.0
weld,2024-08-06,48.0,6,1,False,0.0
robotic_weld,2024-08-06,8.0,1,1,False,0.0
grind_deburr,2024-08-06,16.0,2,1,False,0.0
powder_coat,2024-08-06,8.0,1,1,False,0.0
assembly,2024-08-06,16.0,2,1,False,0.0
inspection_pack,2024-08-06,16.0,2,1,False,0.0
laser,2024-08-07,40.0,3,2,False,0.0
punch,2024-08-07,8.0,1,1,False,0.0
press_brake,2024-08-07,72.0,5,2,False,0.0
hardware,2024-08-07,16.0,2,1,False,0.0
weld,2024-08-07,48.0,6,1,False,0.0
robotic_weld,2024-08-07,8.0,1,1,False,0.0
grind_deburr,2024-08-07,16.0,2,1,False,0.0
powder_coat,2024-08-07,8.0,1,1,False,0.0
assembly,2024-08-07,16.0,2,1,False,0.0
inspection_pack,2024-08-07,16.0,2,1,False,0.0
laser,2024-08-08,40.0,3,2,False,0.0
punch,2024-08-08,8.0,1,1,False,0.0
press_brake,2024-08-08,72.0,5,2,False,0.0
hardware,2024-08-08,16.0,2,1,False,0.0
weld,2024-08-08,48.0,6,1,False,0.0
robotic_weld,2024-08-08,8.0,1,1,False,0.0
grind_deburr,2024-08-08,16.0,2,1,False,0.0
powder_coat,2024-08-08,8.0,1,1,False,0.0
assembly,2024-08-08,16.0,2,1,False,0.0
inspection_pack,2024-08-08,16.0,2,1,False,0.0
laser,2024-08-09,40.0,3,2,False,0.0
punch,2024-08-09,8.0,1,1,False,0.0
press_brake,2024-08-09,72.0,5,2,False,0.0
hardware,2024-08-09,16.0,2,1,False,0.0
weld,2024-08-09,48.0,6,1,False,0.0
robotic_weld,2024-08-09,8.0,1,1,False,0.0
grind_deburr,2024-08-09,16.0,2,1,False,0.0
powder_coat,2024-08-09,8.0,1,1,False,0.0
assembly,2024-08-09,16.0,2,1,False,0.0
inspection_pack,2024-08-09,16.0,2,1,False,0.0
laser,2024-08-12,40.0,3,2,False,0.0
punch,2024-08-12,8.0,1,1,False,0.0
press_brake,2024-08-12,72.0,5,2,False,0.0
hardware,2024-08-12,16.0,2,1,False,0.0
weld,2024-08-12,48.0,6,1,False,0.0
robotic_weld,2024-08-12,8.0,1,1,False,0.0
grind_deburr,2024-08-12,16.0,2,1,False,0.0
powder_coat,2024-08-12,8.0,1,1,False,0.0
assembly,2024-08-12,16.0,2,1,False,0.0
inspection_pack,2024-08-12,16.0,2,1,False,0.0
laser,2024-08-13,40.0,3,2,False,0.0
punch,2024-08-13,8.0,1,1,False,0.0
press_brake,2024-08-13,72.0,5,2,False,0.0
hardware,2024-08-13,16.0,2,1,False,0.0
weld,2024-08-13,48.0,6,1,False,0.0
robotic_weld,2024-08-13,8.0,1,1,False,0.0
grind_deburr,2024-08-13,16.0,2,1,False,0.0
powder_coat,2024-08-13,8.0,1,1,False,0.0
assembly,2024-08-13,16.0,2,1,False,0.0
inspection_pack,2024-08-13,16.0,2,1,False,0.0
laser,2024-08-14,40.0,3,2,False,0.0
punch,2024-08-14,8.0,1,1,False,0.0
press_brake,2024-08-14,72.0,5,2,False,0.0
hardware,2024-08-14,16.0,2,1,False,0.0
weld,2024-08-14,48.0,6,1,False,0.0
robotic_weld,2024-08-14,8.0,1,1,False,0.0
grind_deburr,2024-08-14,16.0,2,1,False,0.0
powder_coat,2024-08-14,8.0,1,1,False,0.0
assembly,2024-08-14,16.0,2,1,False,0.0
inspection_pack,2024-08-14,16.0,2,1,False,0.0
laser,2024-08-15,40.0,3,2,False,0.0
punch,2024-08-15,8.0,1,1,False,0.0
press_brake,2024-08-15,72.0,5,2,False,0.0
hardware,2024-08-15,16.0,2,1,False,0.0
weld,2024-08-15,48.0,6,1,False,0.0
robotic_weld,2024-08-15,8.0,1,1,False,0.0
grind_deburr,2024-08-15,16.0,2,1,False,0.0
powder_coat,2024-08-15,10.0,1,1,False,0.0
assembly,2024-08-15,16.0,2,1,False,0.0
inspection_pack,2024-08-15,16.0,2,1,False,0.0
laser,2024-08-16,40.0,3,2,False,0.0
punch,2024-08-16,8.0,1,1,False,0.0
press_brake,2024-08-16,72.0,5,2,False,0.0
hardware,2024-08-16,16.0,2,1,False,0.0
weld,2024-08-16,48.0,6,1,False,0.0
robotic_weld,2024-08-16,8.0,1,1,False,0.0
grind_deburr,2024-08-16,16.0,2,1,False,0.0
powder_coat,2024-08-16,8.0,1,1,False,0.0
assembly,2024-08-16,16.0,2,1,False,0.0
inspection_pack,2024-08-16,16.0,2,1,False,0.0
laser,2024-08-19,40.0,3,2,False,0.0
punch,2024-08-19,8.0,1,1,False,0.0
press_brake,2024-08-19,72.0,5,2,False,0.0
hardware,2024-08-19,16.0,2,1,False,0.0
weld,2024-08-19,48.0,6,1,False,0.0
robotic_weld,2024-08-19,8.0,1,1,False,0.0
grind_deburr,2024-08-19,16.0,2,1,False,0.0
powder_coat,2024-08-19,8.0,1,1,False,0.0
assembly,2024-08-19,16.0,2,1,False,0.0
inspection_pack,2024-08-19,16.0,2,1,False,0.0
laser,2024-08-20,40.0,3,2,False,0.0
punch,2024-08-20,8.0,1,1,False,0.0
press_brake,2024-08-20,72.0,5,2,False,0.0
hardware,2024-08-20,16.0,2,1,False,0.0
weld,2024-08-20,48.0,6,1,False,0.0
robotic_weld,2024-08-20,8.0,1,1,False,0.0
grind_deburr,2024-08-20,16.0,2,1,False,0.0
powder_coat,2024-08-20,8.0,1,1,False,0.0
assembly,2024-08-20,16.0,2,1,False,0.0
inspection_pack,2024-08-20,16.0,2,1,False,0.0
laser,2024-08-21,40.0,3,2,False,0.0
punch,2024-08-21,8.0,1,1,False,0.0
press_brake,2024-08-21,72.0,5,2,False,0.0
hardware,2024-08-21,16.0,2,1,False,0.0
weld,2024-08-21,48.0,6,1,False,0.0
robotic_weld,2024-08-21,8.0,1,1,False,0.0
grind_deburr,2024-08-21,16.0,2,1,False,0.0
powder_coat,2024-08-21,8.0,1,1,False,0.0
assembly,2024-08-21,16.0,2,1,False,0.0
inspection_pack,2024-08-21,16.0,2,1,False,0.0
laser,2024-08-22,40.0,3,2,False,0.0
punch,2024-08-22,8.0,1,1,False,0.0
press_brake,2024-08-22,72.0,5,2,False,0.0
hardware,2024-08-22,16.0,2,1,False,0.0
weld,2024-08-22,48.0,6,1,False,0.0
robotic_weld,2024-08-22,8.0,1,1,False,0.0
grind_deburr,2024-08-22,16.0,2,1,False,0.0
powder_coat,2024-08-22,8.0,1,1,False,0.0
assembly,2024-08-22,16.0,2,1,False,0.0
inspection_pack,2024-08-22,16.0,2,1,False,0.0
laser,2024-08-23,40.0,3,2,False,0.0
punch,2024-08-23,8.0,1,1,False,0.0
press_brake,2024-08-23,72.0,5,2,False,0.0
hardware,2024-08-23,16.0,2,1,False,0.0
weld,2024-08-23,48.0,6,1,False,0.0
robotic_weld,2024-08-23,8.0,1,1,False,0.0
grind_deburr,2024-08-23,16.0,2,1,False,0.0
powder_coat,2024-08-23,8.0,1,1,False,0.0
assembly,2024-08-23,16.0,2,1,False,0.0
inspection_pack,2024-08-23,16.0,2,1,False,0.0
laser,2024-08-26,40.0,3,2,False,0.0
punch,2024-08-26,8.0,1,1,False,0.0
press_brake,2024-08-26,72.0,5,2,False,0.0
hardware,2024-08-26,16.0,2,1,False,0.0
weld,2024-08-26,48.0,6,1,False,0.0
robotic_weld,2024-08-26,8.0,1,1,False,0.0
grind_deburr,2024-08-26,16.0,2,1,False,0.0
powder_coat,2024-08-26,8.0,1,1,False,0.0
assembly,2024-08-26,16.0,2,1,False,0.0
inspection_pack,2024-08-26,16.0,2,1,False,0.0
laser,2024-08-27,40.0,3,2,False,0.0
punch,2024-08-27,8.0,1,1,False,0.0
press_brake,2024-08-27,72.0,5,2,False,0.0
hardware,2024-08-27,16.0,2,1,False,0.0
weld,2024-08-27,48.0,6,1,False,0.0
robotic_weld,2024-08-27,8.0,1,1,False,0.0
grind_deburr,2024-08-27,16.0,2,1,False,0.0
powder_coat,2024-08-27,8.0,1,1,False,0.0
assembly,2024-08-27,16.0,2,1,False,0.0
inspection_pack,2024-08-27,16.0,2,1,False,0.0
laser,2024-08-28,40.0,3,2,False,0.0
punch,2024-08-28,8.0,1,1,False,0.0
press_brake,2024-08-28,72.0,5,2,False,0.0
hardware,2024-08-28,16.0,2,1,False,0.0
weld,2024-08-28,48.0,6,1,False,0.0
robotic_weld,2024-08-28,8.0,1,1,False,0.0
grind_deburr,2024-08-28,16.0,2,1,False,0.0
powder_coat,2024-08-28,8.0,1,1,False,0.0
assembly,2024-08-28,16.0,2,1,False,0.0
inspection_pack,2024-08-28,16.0,2,1,False,0.0
laser,2024-08-29,40.0,3,2,False,0.0
punch,2024-08-29,8.0,1,1,False,0.0
press_brake,2024-08-29,72.0,5,2,False,0.0
hardware,2024-08-29,16.0,2,1,False,0.0
weld,2024-08-29,48.0,6,1,False,0.0
robotic_weld,2024-08-29,8.0,1,1,False,0.0
grind_deburr,2024-08-29,16.0,2,1,False,0.0
powder_coat,2024-08-29,8.0,1,1,False,0.0
assembly,2024-08-29,16.0,2,1,False,0.0
inspection_pack,2024-08-29,16.0,2,1,False,0.0
laser,2024-08-30,40.0,3,2,False,0.0
punch,2024-08-30,8.0,1,1,False,0.0
press_brake,2024-08-30,72.0,5,2,False,0.0
hardware,2024-08-30,16.0,2,1,False,0.0
weld,2024-08-30,48.0,6,1,False,0.0
robotic_weld,2024-08-30,8.0,1,1,False,0.0
grind_deburr,2024-08-30,16.0,2,1,False,0.0
powder_coat,2024-08-30,8.0,1,1,False,0.0
assembly,2024-08-30,16.0,2,1,False,0.0
inspection_pack,2024-08-30,16.0,2,1,False,0.0
laser,2024-09-03,40.0,3,2,False,0.0
punch,2024-09-03,8.0,1,1,False,0.0
press_brake,2024-09-03,72.0,5,2,False,0.0
hardware,2024-09-03,16.0,2,1,False,0.0
weld,2024-09-03,48.0,6,1,False,0.0
robotic_weld,2024-09-03,8.0,1,1,False,0.0
grind_deburr,2024-09-03,16.0,2,1,False,0.0
powder_coat,2024-09-03,10.0,1,1,False,0.0
assembly,2024-09-03,16.0,2,1,False,0.0
inspection_pack,2024-09-03,16.0,2,1,False,0.0
laser,2024-09-04,40.0,3,2,False,0.0
punch,2024-09-04,8.0,1,1,False,0.0
press_brake,2024-09-04,72.0,5,2,False,0.0
hardware,2024-09-04,16.0,2,1,False,0.0
weld,2024-09-04,48.0,6,1,False,0.0
robotic_weld,2024-09-04,8.0,1,1,False,0.0
grind_deburr,2024-09-04,16.0,2,1,False,0.0
powder_coat,2024-09-04,8.0,1,1,False,0.0
assembly,2024-09-04,16.0,2,1,False,0.0
inspection_pack,2024-09-04,16.0,2,1,False,0.0
laser,2024-09-05,40.0,3,2,False,0.0
punch,2024-09-05,8.0,1,1,False,0.0
press_brake,2024-09-05,72.0,5,2,False,0.0
hardware,2024-09-05,16.0,2,1,False,0.0
weld,2024-09-05,48.0,6,1,False,0.0
robotic_weld,2024-09-05,8.0,1,1,False,0.0
grind_deburr,2024-09-05,16.0,2,1,False,0.0
powder_coat,2024-09-05,10.0,1,1,False,0.0
assembly,2024-09-05,16.0,2,1,False,0.0
inspection_pack,2024-09-05,16.0,2,1,False,0.0
laser,2024-09-06,40.0,3,2,False,0.0
punch,2024-09-06,8.0,1,1,False,0.0
press_brake,2024-09-06,72.0,5,2,False,0.0
hardware,2024-09-06,16.0,2,1,False,0.0
weld,2024-09-06,48.0,6,1,False,0.0
robotic_weld,2024-09-06,8.0,1,1,False,0.0
grind_deburr,2024-09-06,16.0,2,1,False,0.0
powder_coat,2024-09-06,8.0,1,1,False,0.0
assembly,2024-09-06,16.0,2,1,False,0.0
inspection_pack,2024-09-06,16.0,2,1,False,0.0
laser,2024-09-09,40.0,3,2,False,0.0
punch,2024-09-09,8.0,1,1,False,0.0
press_brake,2024-09-09,72.0,5,2,False,0.0
hardware,2024-09-09,16.0,2,1,False,0.0
weld,2024-09-09,48.0,6,1,False,0.0
robotic_weld,2024-09-09,8.0,1,1,False,0.0
grind_deburr,2024-09-09,16.0,2,1,False,0.0
powder_coat,2024-09-09,8.0,1,1,False,0.0
assembly,2024-09-09,16.0,2,1,False,0.0
inspection_pack,2024-09-09,16.0,2,1,False,0.0
laser,2024-09-10,40.0,3,2,False,0.0
punch,2024-09-10,8.0,1,1,False,0.0
press_brake,2024-09-10,72.0,5,2,False,0.0
hardware,2024-09-10,16.0,2,1,False,0.0
weld,2024-09-10,48.0,6,1,False,0.0
robotic_weld,2024-09-10,8.0,1,1,False,0.0
grind_deburr,2024-09-10,16.0,2,1,False,0.0
powder_coat,2024-09-10,8.0,1,1,False,0.0
assembly,2024-09-10,16.0,2,1,False,0.0
inspection_pack,2024-09-10,16.0,2,1,False,0.0
laser,2024-09-11,40.0,3,2,False,0.0
punch,2024-09-11,8.0,1,1,False,0.0
press_brake,2024-09-11,72.0,5,2,False,0.0
hardware,2024-09-11,16.0,2,1,False,0.0
weld,2024-09-11,48.0,6,1,False,0.0
robotic_weld,2024-09-11,8.0,1,1,False,0.0
grind_deburr,2024-09-11,16.0,2,1,False,0.0
powder_coat,2024-09-11,8.0,1,1,False,0.0
assembly,2024-09-11,16.0,2,1,False,0.0
inspection_pack,2024-09-11,16.0,2,1,False,0.0
laser,2024-09-12,40.0,3,2,False,0.0
punch,2024-09-12,8.0,1,1,False,0.0
press_brake,2024-09-12,72.0,5,2,False,0.0
hardware,2024-09-12,16.0,2,1,False,0.0
weld,2024-09-12,48.0,6,1,False,0.0
robotic_weld,2024-09-12,8.0,1,1,False,0.0
grind_deburr,2024-09-12,16.0,2,1,False,0.0
powder_coat,2024-09-12,8.0,1,1,False,0.0
assembly,2024-09-12,16.0,2,1,False,0.0
inspection_pack,2024-09-12,16.0,2,1,False,0.0
laser,2024-09-13,40.0,3,2,False,0.0
punch,2024-09-13,8.0,1,1,False,0.0
press_brake,2024-09-13,72.0,5,2,False,0.0
hardware,2024-09-13,16.0,2,1,False,0.0
weld,2024-09-13,48.0,6,1,False,0.0
robotic_weld,2024-09-13,8.0,1,1,False,0.0
grind_deburr,2024-09-13,16.0,2,1,False,0.0
powder_coat,2024-09-13,8.0,1,1,False,0.0
assembly,2024-09-13,16.0,2,1,False,0.0
inspection_pack,2024-09-13,16.0,2,1,False,0.0
laser,2024-09-16,40.0,3,2,False,0.0
punch,2024-09-16,8.0,1,1,False,0.0
press_brake,2024-09-16,72.0,5,2,False,0.0
hardware,2024-09-16,16.0,2,1,False,0.0
weld,2024-09-16,48.0,6,1,False,0.0
robotic_weld,2024-09-16,8.0,1,1,False,0.0
grind_deburr,2024-09-16,16.0,2,1,False,0.0
powder_coat,2024-09-16,8.0,1,1,False,0.0
assembly,2024-09-16,16.0,2,1,False,0.0
inspection_pack,2024-09-16,16.0,2,1,False,0.0
laser,2024-09-17,40.0,3,2,False,0.0
punch,2024-09-17,8.0,1,1,False,0.0
press_brake,2024-09-17,72.0,5,2,False,0.0
hardware,2024-09-17,16.0,2,1,False,0.0
weld,2024-09-17,48.0,6,1,False,0.0
robotic_weld,2024-09-17,8.0,1,1,False,0.0
grind_deburr,2024-09-17,16.0,2,1,False,0.0
powder_coat,2024-09-17,8.0,1,1,False,0.0
assembly,2024-09-17,16.0,2,1,False,0.0
inspection_pack,2024-09-17,16.0,2,1,False,0.0
laser,2024-09-18,40.0,3,2,False,0.0
punch,2024-09-18,8.0,1,1,False,0.0
press_brake,2024-09-18,72.0,5,2,False,0.0
hardware,2024-09-18,16.0,2,1,False,0.0
weld,2024-09-18,48.0,6,1,False,0.0
robotic_weld,2024-09-18,8.0,1,1,False,0.0
grind_deburr,2024-09-18,16.0,2,1,False,0.0
powder_coat,2024-09-18,8.0,1,1,False,0.0
assembly,2024-09-18,16.0,2,1,False,0.0
inspection_pack,2024-09-18,16.0,2,1,False,0.0
laser,2024-09-19,40.0,3,2,False,0.0
punch,2024-09-19,8.0,1,1,False,0.0
press_brake,2024-09-19,72.0,5,2,False,0.0
hardware,2024-09-19,16.0,2,1,False,0.0
weld,2024-09-19,48.0,6,1,False,0.0
robotic_weld,2024-09-19,8.0,1,1,False,0.0
grind_deburr,2024-09-19,16.0,2,1,False,0.0
powder_coat,2024-09-19,8.0,1,1,False,0.0
assembly,2024-09-19,16.0,2,1,False,0.0
inspection_pack,2024-09-19,16.0,2,1,False,0.0
laser,2024-09-20,40.0,3,2,False,0.0
punch,2024-09-20,8.0,1,1,False,0.0
press_brake,2024-09-20,72.0,5,2,False,0.0
hardware,2024-09-20,16.0,2,1,False,0.0
weld,2024-09-20,48.0,6,1,False,0.0
robotic_weld,2024-09-20,8.0,1,1,False,0.0
grind_deburr,2024-09-20,16.0,2,1,False,0.0
powder_coat,2024-09-20,8.0,1,1,False,0.0
assembly,2024-09-20,16.0,2,1,False,0.0
inspection_pack,2024-09-20,16.0,2,1,False,0.0
laser,2024-09-23,40.0,3,2,False,0.0
punch,2024-09-23,8.0,1,1,False,0.0
press_brake,2024-09-23,72.0,5,2,False,0.0
hardware,2024-09-23,16.0,2,1,False,0.0
weld,2024-09-23,48.0,6,1,False,0.0
robotic_weld,2024-09-23,8.0,1,1,False,0.0
grind_deburr,2024-09-23,16.0,2,1,False,0.0
powder_coat,2024-09-23,8.0,1,1,False,0.0
assembly,2024-09-23,16.0,2,1,False,0.0
inspection_pack,2024-09-23,16.0,2,1,False,0.0
laser,2024-09-24,40.0,3,2,False,0.0
punch,2024-09-24,8.0,1,1,False,0.0
press_brake,2024-09-24,72.0,5,2,False,0.0
hardware,2024-09-24,16.0,2,1,False,0.0
weld,2024-09-24,48.0,6,1,False,0.0
robotic_weld,2024-09-24,8.0,1,1,False,0.0
grind_deburr,2024-09-24,16.0,2,1,False,0.0
powder_coat,2024-09-24,8.0,1,1,False,0.0
assembly,2024-09-24,16.0,2,1,False,0.0
inspection_pack,2024-09-24,16.0,2,1,False,0.0
laser,2024-09-25,40.0,3,2,False,0.0
punch,2024-09-25,8.0,1,1,False,0.0
press_brake,2024-09-25,72.0,5,2,False,0.0
hardware,2024-09-25,16.0,2,1,False,0.0
weld,2024-09-25,48.0,6,1,False,0.0
robotic_weld,2024-09-25,8.0,1,1,False,0.0
grind_deburr,2024-09-25,16.0,2,1,False,0.0
powder_coat,2024-09-25,8.0,1,1,False,0.0
assembly,2024-09-25,16.0,2,1,False,0.0
inspection_pack,2024-09-25,16.0,2,1,False,0.0
laser,2024-09-26,40.0,3,2,False,0.0
punch,2024-09-26,8.0,1,1,False,0.0
press_brake,2024-09-26,72.0,5,2,False,0.0
hardware,2024-09-26,16.0,2,1,False,0.0
weld,2024-09-26,48.0,6,1,False,0.0
robotic_weld,2024-09-26,8.0,1,1,False,0.0
grind_deburr,2024-09-26,16.0,2,1,False,0.0
powder_coat,2024-09-26,8.0,1,1,False,0.0
assembly,2024-09-26,16.0,2,1,False,0.0
inspection_pack,2024-09-26,16.0,2,1,False,0.0
laser,2024-09-27,40.0,3,2,False,0.0
punch,2024-09-27,8.0,1,1,False,0.0
press_brake,2024-09-27,72.0,5,2,False,0.0
hardware,2024-09-27,16.0,2,1,False,0.0
weld,2024-09-27,48.0,6,1,False,0.0
robotic_weld,2024-09-27,8.0,1,1,False,0.0
grind_deburr,2024-09-27,16.0,2,1,False,0.0
powder_coat,2024-09-27,8.0,1,1,False,0.0
assembly,2024-09-27,16.0,2,1,False,0.0
inspection_pack,2024-09-27,16.0,2,1,False,0.0
laser,2024-09-30,40.0,3,2,False,0.0
punch,2024-09-30,8.0,1,1,False,0.0
press_brake,2024-09-30,72.0,5,2,False,0.0
hardware,2024-09-30,16.0,2,1,False,0.0
weld,2024-09-30,48.0,6,1,False,0.0
robotic_weld,2024-09-30,8.0,1,1,False,0.0
grind_deburr,2024-09-30,16.0,2,1,False,0.0
powder_coat,2024-09-30,8.0,1,1,False,0.0
assembly,2024-09-30,16.0,2,1,False,0.0
inspection_pack,2024-09-30,16.0,2,1,False,0.0
laser,2024-10-01,40.0,3,2,False,0.0
punch,2024-10-01,8.0,1,1,False,0.0
press_brake,2024-10-01,72.0,5,2,False,0.0
hardware,2024-10-01,16.0,2,1,False,0.0
weld,2024-10-01,48.0,6,1,False,0.0
robotic_weld,2024-10-01,8.0,1,1,False,0.0
grind_deburr,2024-10-01,16.0,2,1,False,0.0
powder_coat,2024-10-01,8.0,1,1,False,0.0
assembly,2024-10-01,16.0,2,1,False,0.0
inspection_pack,2024-10-01,16.0,2,1,False,0.0
laser,2024-10-02,40.0,3,2,False,0.0
punch,2024-10-02,8.0,1,1,False,0.0
press_brake,2024-10-02,72.0,5,2,False,0.0
hardware,2024-10-02,16.0,2,1,False,0.0
weld,2024-10-02,48.0,6,1,False,0.0
robotic_weld,2024-10-02,8.0,1,1,False,0.0
grind_deburr,2024-10-02,16.0,2,1,False,0.0
powder_coat,2024-10-02,8.0,1,1,False,0.0
assembly,2024-10-02,16.0,2,1,False,0.0
inspection_pack,2024-10-02,16.0,2,1,False,0.0
laser,2024-10-03,40.0,3,2,False,0.0
punch,2024-10-03,8.0,1,1,False,0.0
press_brake,2024-10-03,72.0,5,2,False,0.0
hardware,2024-10-03,16.0,2,1,False,0.0
weld,2024-10-03,48.0,6,1,False,0.0
robotic_weld,2024-10-03,8.0,1,1,False,0.0
grind_deburr,2024-10-03,16.0,2,1,False,0.0
powder_coat,2024-10-03,10.0,1,1,False,0.0
assembly,2024-10-03,16.0,2,1,False,0.0
inspection_pack,2024-10-03,16.0,2,1,False,0.0
laser,2024-10-04,40.0,3,2,False,0.0
punch,2024-10-04,8.0,1,1,False,0.0
press_brake,2024-10-04,72.0,5,2,False,0.0
hardware,2024-10-04,16.0,2,1,False,0.0
weld,2024-10-04,48.0,6,1,False,0.0
robotic_weld,2024-10-04,8.0,1,1,False,0.0
grind_deburr,2024-10-04,16.0,2,1,False,0.0
powder_coat,2024-10-04,8.0,1,1,False,0.0
assembly,2024-10-04,16.0,2,1,False,0.0
inspection_pack,2024-10-04,16.0,2,1,False,0.0
laser,2024-10-07,40.0,3,2,False,0.0
punch,2024-10-07,8.0,1,1,False,0.0
press_brake,2024-10-07,72.0,5,2,False,0.0
hardware,2024-10-07,16.0,2,1,False,0.0
weld,2024-10-07,48.0,6,1,False,0.0
robotic_weld,2024-10-07,8.0,1,1,False,0.0
grind_deburr,2024-10-07,16.0,2,1,False,0.0
powder_coat,2024-10-07,8.0,1,1,False,0.0
assembly,2024-10-07,16.0,2,1,False,0.0
inspection_pack,2024-10-07,16.0,2,1,False,0.0
laser,2024-10-08,40.0,3,2,False,0.0
punch,2024-10-08,8.0,1,1,False,0.0
press_brake,2024-10-08,72.0,5,2,False,0.0
hardware,2024-10-08,16.0,2,1,False,0.0
weld,2024-10-08,48.0,6,1,False,0.0
robotic_weld,2024-10-08,8.0,1,1,False,0.0
grind_deburr,2024-10-08,16.0,2,1,False,0.0
powder_coat,2024-10-08,8.0,1,1,False,0.0
assembly,2024-10-08,16.0,2,1,False,0.0
inspection_pack,2024-10-08,16.0,2,1,False,0.0
laser,2024-10-09,40.0,3,2,False,0.0
punch,2024-10-09,8.0,1,1,False,0.0
press_brake,2024-10-09,72.0,5,2,False,0.0
hardware,2024-10-09,16.0,2,1,False,0.0
weld,2024-10-09,48.0,6,1,False,0.0
robotic_weld,2024-10-09,8.0,1,1,False,0.0
grind_deburr,2024-10-09,16.0,2,1,False,0.0
powder_coat,2024-10-09,8.0,1,1,False,0.0
assembly,2024-10-09,16.0,2,1,False,0.0
inspection_pack,2024-10-09,16.0,2,1,False,0.0
laser,2024-10-10,40.0,3,2,False,0.0
punch,2024-10-10,8.0,1,1,False,0.0
press_brake,2024-10-10,72.0,5,2,False,0.0
hardware,2024-10-10,16.0,2,1,False,0.0
weld,2024-10-10,48.0,6,1,False,0.0
robotic_weld,2024-10-10,8.0,1,1,False,0.0
grind_deburr,2024-10-10,16.0,2,1,False,0.0
powder_coat,2024-10-10,8.0,1,1,False,0.0
assembly,2024-10-10,16.0,2,1,False,0.0
inspection_pack,2024-10-10,16.0,2,1,False,0.0
laser,2024-10-11,40.0,3,2,False,0.0
punch,2024-10-11,8.0,1,1,False,0.0
press_brake,2024-10-11,72.0,5,2,False,0.0
hardware,2024-10-11,16.0,2,1,False,0.0
weld,2024-10-11,48.0,6,1,False,0.0
robotic_weld,2024-10-11,8.0,1,1,False,0.0
grind_deburr,2024-10-11,16.0,2,1,False,0.0
powder_coat,2024-10-11,8.0,1,1,False,0.0
assembly,2024-10-11,16.0,2,1,False,0.0
inspection_pack,2024-10-11,16.0,2,1,False,0.0
press_brake,2024-10-12,16.0,5,1,True,0.0
laser,2024-10-14,40.0,3,2,False,0.0
punch,2024-10-14,8.0,1,1,False,0.0
press_brake,2024-10-14,72.0,5,2,False,0.0
hardware,2024-10-14,16.0,2,1,False,0.0
weld,2024-10-14,48.0,6,1,False,0.0
robotic_weld,2024-10-14,8.0,1,1,False,0.0
grind_deburr,2024-10-14,16.0,2,1,False,0.0
powder_coat,2024-10-14,8.0,1,1,False,0.0
assembly,2024-10-14,16.0,2,1,False,0.0
inspection_pack,2024-10-14,16.0,2,1,False,0.0
laser,2024-10-15,40.0,3,2,False,0.0
punch,2024-10-15,8.0,1,1,False,0.0
press_brake,2024-10-15,72.0,5,2,False,0.0
hardware,2024-10-15,16.0,2,1,False,0.0
weld,2024-10-15,48.0,6,1,False,0.0
robotic_weld,2024-10-15,8.0,1,1,False,0.0
grind_deburr,2024-10-15,16.0,2,1,False,0.0
powder_coat,2024-10-15,10.0,1,1,False,0.0
assembly,2024-10-15,16.0,2,1,False,0.0
inspection_pack,2024-10-15,16.0,2,1,False,0.0
laser,2024-10-16,40.0,3,2,False,0.0
punch,2024-10-16,8.0,1,1,False,0.0
press_brake,2024-10-16,72.0,5,2,False,0.0
hardware,2024-10-16,16.0,2,1,False,0.0
weld,2024-10-16,48.0,6,1,False,0.0
robotic_weld,2024-10-16,8.0,1,1,False,0.0
grind_deburr,2024-10-16,16.0,2,1,False,0.0
powder_coat,2024-10-16,8.0,1,1,False,0.0
assembly,2024-10-16,16.0,2,1,False,0.0
inspection_pack,2024-10-16,16.0,2,1,False,0.0
laser,2024-10-17,40.0,3,2,False,0.0
punch,2024-10-17,8.0,1,1,False,0.0
press_brake,2024-10-17,72.0,5,2,False,0.0
hardware,2024-10-17,16.0,2,1,False,0.0
weld,2024-10-17,48.0,6,1,False,0.0
robotic_weld,2024-10-17,8.0,1,1,False,0.0
grind_deburr,2024-10-17,16.0,2,1,False,0.0
powder_coat,2024-10-17,10.0,1,1,False,0.0
assembly,2024-10-17,16.0,2,1,False,0.0
inspection_pack,2024-10-17,16.0,2,1,False,0.0
laser,2024-10-18,40.0,3,2,False,0.0
punch,2024-10-18,8.0,1,1,False,0.0
press_brake,2024-10-18,72.0,5,2,False,0.0
hardware,2024-10-18,16.0,2,1,False,0.0
weld,2024-10-18,48.0,6,1,False,0.0
robotic_weld,2024-10-18,8.0,1,1,False,0.0
grind_deburr,2024-10-18,16.0,2,1,False,0.0
powder_coat,2024-10-18,8.0,1,1,False,0.0
assembly,2024-10-18,16.0,2,1,False,0.0
inspection_pack,2024-10-18,16.0,2,1,False,0.0
laser,2024-10-21,40.0,3,2,False,0.0
punch,2024-10-21,8.0,1,1,False,0.0
press_brake,2024-10-21,72.0,5,2,False,0.0
hardware,2024-10-21,16.0,2,1,False,0.0
weld,2024-10-21,48.0,6,1,False,0.0
robotic_weld,2024-10-21,8.0,1,1,False,0.0
grind_deburr,2024-10-21,16.0,2,1,False,0.0
powder_coat,2024-10-21,8.0,1,1,False,0.0
assembly,2024-10-21,16.0,2,1,False,0.0
inspection_pack,2024-10-21,16.0,2,1,False,0.0
laser,2024-10-22,40.0,3,2,False,0.0
punch,2024-10-22,8.0,1,1,False,0.0
press_brake,2024-10-22,72.0,5,2,False,0.0
hardware,2024-10-22,16.0,2,1,False,0.0
weld,2024-10-22,48.0,6,1,False,0.0
robotic_weld,2024-10-22,8.0,1,1,False,0.0
grind_deburr,2024-10-22,16.0,2,1,False,0.0
powder_coat,2024-10-22,8.0,1,1,False,0.0
assembly,2024-10-22,16.0,2,1,False,0.0
inspection_pack,2024-10-22,16.0,2,1,False,0.0
laser,2024-10-23,40.0,3,2,False,0.0
punch,2024-10-23,8.0,1,1,False,0.0
press_brake,2024-10-23,72.0,5,2,False,0.0
hardware,2024-10-23,16.0,2,1,False,0.0
weld,2024-10-23,48.0,6,1,False,0.0
robotic_weld,2024-10-23,8.0,1,1,False,0.0
grind_deburr,2024-10-23,16.0,2,1,False,0.0
powder_coat,2024-10-23,8.0,1,1,False,0.0
assembly,2024-10-23,16.0,2,1,False,0.0
inspection_pack,2024-10-23,16.0,2,1,False,0.0
laser,2024-10-24,40.0,3,2,False,0.0
punch,2024-10-24,8.0,1,1,False,0.0
press_brake,2024-10-24,72.0,5,2,False,0.0
hardware,2024-10-24,16.0,2,1,False,0.0
weld,2024-10-24,48.0,6,1,False,0.0
robotic_weld,2024-10-24,8.0,1,1,False,0.0
grind_deburr,2024-10-24,16.0,2,1,False,0.0
powder_coat,2024-10-24,10.0,1,1,False,0.0
assembly,2024-10-24,16.0,2,1,False,0.0
inspection_pack,2024-10-24,16.0,2,1,False,0.0
laser,2024-10-25,40.0,3,2,False,0.0
punch,2024-10-25,8.0,1,1,False,0.0
press_brake,2024-10-25,72.0,5,2,False,0.0
hardware,2024-10-25,16.0,2,1,False,0.0
weld,2024-10-25,48.0,6,1,False,0.0
robotic_weld,2024-10-25,8.0,1,1,False,0.0
grind_deburr,2024-10-25,16.0,2,1,False,0.0
powder_coat,2024-10-25,8.0,1,1,False,0.0
assembly,2024-10-25,16.0,2,1,False,0.0
inspection_pack,2024-10-25,16.0,2,1,False,0.0
laser,2024-10-28,40.0,3,2,False,0.0
punch,2024-10-28,8.0,1,1,False,0.0
press_brake,2024-10-28,72.0,5,2,False,0.0
hardware,2024-10-28,16.0,2,1,False,0.0
weld,2024-10-28,48.0,6,1,False,0.0
robotic_weld,2024-10-28,8.0,1,1,False,0.0
grind_deburr,2024-10-28,16.0,2,1,False,0.0
powder_coat,2024-10-28,8.0,1,1,False,0.0
assembly,2024-10-28,16.0,2,1,False,0.0
inspection_pack,2024-10-28,16.0,2,1,False,0.0
laser,2024-10-29,40.0,3,2,False,0.0
punch,2024-10-29,8.0,1,1,False,0.0
press_brake,2024-10-29,72.0,5,2,False,0.0
hardware,2024-10-29,16.0,2,1,False,0.0
weld,2024-10-29,48.0,6,1,False,0.0
robotic_weld,2024-10-29,8.0,1,1,False,0.0
grind_deburr,2024-10-29,16.0,2,1,False,0.0
powder_coat,2024-10-29,8.0,1,1,False,0.0
assembly,2024-10-29,16.0,2,1,False,0.0
inspection_pack,2024-10-29,16.0,2,1,False,0.0
laser,2024-10-30,40.0,3,2,False,0.0
punch,2024-10-30,8.0,1,1,False,0.0
press_brake,2024-10-30,72.0,5,2,False,0.0
hardware,2024-10-30,16.0,2,1,False,0.0
weld,2024-10-30,48.0,6,1,False,0.0
robotic_weld,2024-10-30,8.0,1,1,False,0.0
grind_deburr,2024-10-30,16.0,2,1,False,0.0
powder_coat,2024-10-30,8.0,1,1,False,0.0
assembly,2024-10-30,16.0,2,1,False,0.0
inspection_pack,2024-10-30,16.0,2,1,False,0.0
laser,2024-10-31,40.0,3,2,False,0.0
punch,2024-10-31,8.0,1,1,False,0.0
press_brake,2024-10-31,72.0,5,2,False,0.0
hardware,2024-10-31,16.0,2,1,False,0.0
weld,2024-10-31,48.0,6,1,False,0.0
robotic_weld,2024-10-31,8.0,1,1,False,0.0
grind_deburr,2024-10-31,16.0,2,1,False,0.0
powder_coat,2024-10-31,8.0,1,1,False,0.0
assembly,2024-10-31,16.0,2,1,False,0.0
inspection_pack,2024-10-31,16.0,2,1,False,0.0
laser,2024-11-01,40.0,3,2,False,0.0
punch,2024-11-01,8.0,1,1,False,0.0
press_brake,2024-11-01,72.0,5,2,False,0.0
hardware,2024-11-01,16.0,2,1,False,0.0
weld,2024-11-01,48.0,6,1,False,0.0
robotic_weld,2024-11-01,8.0,1,1,False,0.0
grind_deburr,2024-11-01,16.0,2,1,False,0.0
powder_coat,2024-11-01,8.0,1,1,False,0.0
assembly,2024-11-01,16.0,2,1,False,0.0
inspection_pack,2024-11-01,16.0,2,1,False,0.0
laser,2024-11-04,40.0,3,2,False,0.0
punch,2024-11-04,8.0,1,1,False,0.0
press_brake,2024-11-04,72.0,5,2,False,0.0
hardware,2024-11-04,16.0,2,1,False,0.0
weld,2024-11-04,48.0,6,1,False,0.0
robotic_weld,2024-11-04,8.0,1,1,False,0.0
grind_deburr,2024-11-04,16.0,2,1,False,0.0
powder_coat,2024-11-04,8.0,1,1,False,0.0
assembly,2024-11-04,16.0,2,1,False,0.0
inspection_pack,2024-11-04,16.0,2,1,False,0.0
laser,2024-11-05,40.0,3,2,False,0.0
punch,2024-11-05,8.0,1,1,False,0.0
press_brake,2024-11-05,72.0,5,2,False,0.0
hardware,2024-11-05,16.0,2,1,False,0.0
weld,2024-11-05,48.0,6,1,False,0.0
robotic_weld,2024-11-05,8.0,1,1,False,0.0
grind_deburr,2024-11-05,16.0,2,1,False,0.0
powder_coat,2024-11-05,8.0,1,1,False,0.0
assembly,2024-11-05,16.0,2,1,False,0.0
inspection_pack,2024-11-05,16.0,2,1,False,0.0
laser,2024-11-06,40.0,3,2,False,0.0
punch,2024-11-06,8.0,1,1,False,0.0
press_brake,2024-11-06,72.0,5,2,False,0.0
hardware,2024-11-06,16.0,2,1,False,0.0
weld,2024-11-06,48.0,6,1,False,0.0
robotic_weld,2024-11-06,8.0,1,1,False,0.0
grind_deburr,2024-11-06,16.0,2,1,False,0.0
powder_coat,2024-11-06,8.0,1,1,False,0.0
assembly,2024-11-06,16.0,2,1,False,0.0
inspection_pack,2024-11-06,16.0,2,1,False,0.0
laser,2024-11-07,40.0,3,2,False,0.0
punch,2024-11-07,8.0,1,1,False,0.0
press_brake,2024-11-07,72.0,5,2,False,0.0
hardware,2024-11-07,16.0,2,1,False,0.0
weld,2024-11-07,48.0,6,1,False,0.0
robotic_weld,2024-11-07,8.0,1,1,False,0.0
grind_deburr,2024-11-07,16.0,2,1,False,0.0
powder_coat,2024-11-07,10.0,1,1,False,0.0
assembly,2024-11-07,16.0,2,1,False,0.0
inspection_pack,2024-11-07,16.0,2,1,False,0.0
laser,2024-11-08,40.0,3,2,False,0.0
punch,2024-11-08,8.0,1,1,False,0.0
press_brake,2024-11-08,72.0,5,2,False,0.0
hardware,2024-11-08,16.0,2,1,False,0.0
weld,2024-11-08,48.0,6,1,False,0.0
robotic_weld,2024-11-08,8.0,1,1,False,0.0
grind_deburr,2024-11-08,16.0,2,1,False,0.0
powder_coat,2024-11-08,8.0,1,1,False,0.0
assembly,2024-11-08,16.0,2,1,False,0.0
inspection_pack,2024-11-08,16.0,2,1,False,0.0
laser,2024-11-11,40.0,3,2,False,0.0
punch,2024-11-11,8.0,1,1,False,0.0
press_brake,2024-11-11,72.0,5,2,False,0.0
hardware,2024-11-11,16.0,2,1,False,0.0
weld,2024-11-11,48.0,6,1,False,0.0
robotic_weld,2024-11-11,8.0,1,1,False,0.0
grind_deburr,2024-11-11,16.0,2,1,False,0.0
powder_coat,2024-11-11,8.0,1,1,False,0.0
assembly,2024-11-11,16.0,2,1,False,0.0
inspection_pack,2024-11-11,16.0,2,1,False,0.0
laser,2024-11-12,40.0,3,2,False,0.0
punch,2024-11-12,8.0,1,1,False,0.0
press_brake,2024-11-12,72.0,5,2,False,0.0
hardware,2024-11-12,16.0,2,1,False,0.0
weld,2024-11-12,48.0,6,1,False,0.0
robotic_weld,2024-11-12,8.0,1,1,False,0.0
grind_deburr,2024-11-12,16.0,2,1,False,0.0
powder_coat,2024-11-12,8.0,1,1,False,0.0
assembly,2024-11-12,16.0,2,1,False,0.0
inspection_pack,2024-11-12,16.0,2,1,False,0.0
laser,2024-11-13,40.0,3,2,False,0.0
punch,2024-11-13,8.0,1,1,False,0.0
press_brake,2024-11-13,72.0,5,2,False,0.0
hardware,2024-11-13,16.0,2,1,False,0.0
weld,2024-11-13,48.0,6,1,False,0.0
robotic_weld,2024-11-13,8.0,1,1,False,0.0
grind_deburr,2024-11-13,16.0,2,1,False,0.0
powder_coat,2024-11-13,8.0,1,1,False,0.0
assembly,2024-11-13,16.0,2,1,False,0.0
inspection_pack,2024-11-13,16.0,2,1,False,0.0
laser,2024-11-14,40.0,3,2,False,0.0
punch,2024-11-14,8.0,1,1,False,0.0
press_brake,2024-11-14,72.0,5,2,False,0.0
hardware,2024-11-14,16.0,2,1,False,0.0
weld,2024-11-14,48.0,6,1,False,0.0
robotic_weld,2024-11-14,8.0,1,1,False,0.0
grind_deburr,2024-11-14,16.0,2,1,False,0.0
powder_coat,2024-11-14,8.0,1,1,False,0.0
assembly,2024-11-14,16.0,2,1,False,0.0
inspection_pack,2024-11-14,16.0,2,1,False,0.0
laser,2024-11-15,40.0,3,2,False,0.0
punch,2024-11-15,8.0,1,1,False,0.0
press_brake,2024-11-15,72.0,5,2,False,0.0
hardware,2024-11-15,16.0,2,1,False,0.0
weld,2024-11-15,48.0,6,1,False,0.0
robotic_weld,2024-11-15,8.0,1,1,False,0.0
grind_deburr,2024-11-15,16.0,2,1,False,0.0
powder_coat,2024-11-15,8.0,1,1,False,0.0
assembly,2024-11-15,16.0,2,1,False,0.0
inspection_pack,2024-11-15,16.0,2,1,False,0.0
laser,2024-11-18,40.0,3,2,False,0.0
punch,2024-11-18,8.0,1,1,False,0.0
press_brake,2024-11-18,72.0,5,2,False,0.0
hardware,2024-11-18,16.0,2,1,False,0.0
weld,2024-11-18,48.0,6,1,False,0.0
robotic_weld,2024-11-18,8.0,1,1,False,0.0
grind_deburr,2024-11-18,16.0,2,1,False,0.0
powder_coat,2024-11-18,8.0,1,1,False,0.0
assembly,2024-11-18,16.0,2,1,False,0.0
inspection_pack,2024-11-18,16.0,2,1,False,0.0
laser,2024-11-19,40.0,3,2,False,0.0
punch,2024-11-19,8.0,1,1,False,0.0
press_brake,2024-11-19,72.0,5,2,False,0.0
hardware,2024-11-19,16.0,2,1,False,0.0
weld,2024-11-19,48.0,6,1,False,0.0
robotic_weld,2024-11-19,8.0,1,1,False,0.0
grind_deburr,2024-11-19,16.0,2,1,False,0.0
powder_coat,2024-11-19,8.0,1,1,False,0.0
assembly,2024-11-19,16.0,2,1,False,0.0
inspection_pack,2024-11-19,16.0,2,1,False,0.0
laser,2024-11-20,40.0,3,2,False,0.0
punch,2024-11-20,8.0,1,1,False,0.0
press_brake,2024-11-20,72.0,5,2,False,0.0
hardware,2024-11-20,16.0,2,1,False,0.0
weld,2024-11-20,48.0,6,1,False,0.0
robotic_weld,2024-11-20,8.0,1,1,False,0.0
grind_deburr,2024-11-20,16.0,2,1,False,0.0
powder_coat,2024-11-20,8.0,1,1,False,0.0
assembly,2024-11-20,16.0,2,1,False,0.0
inspection_pack,2024-11-20,16.0,2,1,False,0.0
laser,2024-11-21,40.0,3,2,False,0.0
punch,2024-11-21,8.0,1,1,False,0.0
press_brake,2024-11-21,72.0,5,2,False,0.0
hardware,2024-11-21,16.0,2,1,False,0.0
weld,2024-11-21,48.0,6,1,False,0.0
robotic_weld,2024-11-21,8.0,1,1,False,0.0
grind_deburr,2024-11-21,16.0,2,1,False,0.0
powder_coat,2024-11-21,8.0,1,1,False,0.0
assembly,2024-11-21,16.0,2,1,False,0.0
inspection_pack,2024-11-21,16.0,2,1,False,0.0
laser,2024-11-22,40.0,3,2,False,0.0
punch,2024-11-22,8.0,1,1,False,0.0
press_brake,2024-11-22,72.0,5,2,False,0.0
hardware,2024-11-22,16.0,2,1,False,0.0
weld,2024-11-22,48.0,6,1,False,0.0
robotic_weld,2024-11-22,8.0,1,1,False,0.0
grind_deburr,2024-11-22,16.0,2,1,False,0.0
powder_coat,2024-11-22,8.0,1,1,False,0.0
assembly,2024-11-22,16.0,2,1,False,0.0
inspection_pack,2024-11-22,16.0,2,1,False,0.0
laser,2024-11-25,40.0,3,2,False,0.0
punch,2024-11-25,8.0,1,1,False,0.0
press_brake,2024-11-25,72.0,5,2,False,0.0
hardware,2024-11-25,16.0,2,1,False,0.0
weld,2024-11-25,48.0,6,1,False,0.0
robotic_weld,2024-11-25,8.0,1,1,False,0.0
grind_deburr,2024-11-25,16.0,2,1,False,0.0
powder_coat,2024-11-25,10.0,1,1,False,0.0
assembly,2024-11-25,16.0,2,1,False,0.0
inspection_pack,2024-11-25,16.0,2,1,False,0.0
laser,2024-11-26,40.0,3,2,False,0.0
punch,2024-11-26,8.0,1,1,False,0.0
press_brake,2024-11-26,72.0,5,2,False,0.0
hardware,2024-11-26,16.0,2,1,False,0.0
weld,2024-11-26,48.0,6,1,False,0.0
robotic_weld,2024-11-26,8.0,1,1,False,0.0
grind_deburr,2024-11-26,16.0,2,1,False,0.0
powder_coat,2024-11-26,8.0,1,1,False,0.0
assembly,2024-11-26,16.0,2,1,False,0.0
inspection_pack,2024-11-26,16.0,2,1,False,0.0
laser,2024-11-27,40.0,3,2,False,0.0
punch,2024-11-27,8.0,1,1,False,0.0
press_brake,2024-11-27,72.0,5,2,False,0.0
hardware,2024-11-27,16.0,2,1,False,0.0
weld,2024-11-27,48.0,6,1,False,0.0
robotic_weld,2024-11-27,8.0,1,1,False,0.0
grind_deburr,2024-11-27,16.0,2,1,False,0.0
powder_coat,2024-11-27,8.0,1,1,False,0.0
assembly,2024-11-27,16.0,2,1,False,0.0
inspection_pack,2024-11-27,16.0,2,1,False,0.0
laser,2024-12-02,40.0,3,2,False,0.0
punch,2024-12-02,8.0,1,1,False,0.0
press_brake,2024-12-02,72.0,5,2,False,0.0
hardware,2024-12-02,16.0,2,1,False,0.0
weld,2024-12-02,48.0,6,1,False,0.0
robotic_weld,2024-12-02,8.0,1,1,False,0.0
grind_deburr,2024-12-02,16.0,2,1,False,0.0
powder_coat,2024-12-02,8.0,1,1,False,0.0
assembly,2024-12-02,16.0,2,1,False,0.0
inspection_pack,2024-12-02,16.0,2,1,False,0.0
laser,2024-12-03,40.0,3,2,False,0.0
punch,2024-12-03,8.0,1,1,False,0.0
press_brake,2024-12-03,72.0,5,2,False,0.0
hardware,2024-12-03,16.0,2,1,False,0.0
weld,2024-12-03,48.0,6,1,False,0.0
robotic_weld,2024-12-03,8.0,1,1,False,0.0
grind_deburr,2024-12-03,16.0,2,1,False,0.0
powder_coat,2024-12-03,10.0,1,1,False,0.0
assembly,2024-12-03,16.0,2,1,False,0.0
inspection_pack,2024-12-03,16.0,2,1,False,0.0
laser,2024-12-04,40.0,3,2,False,0.0
punch,2024-12-04,8.0,1,1,False,0.0
press_brake,2024-12-04,72.0,5,2,False,0.0
hardware,2024-12-04,16.0,2,1,False,0.0
weld,2024-12-04,48.0,6,1,False,0.0
robotic_weld,2024-12-04,8.0,1,1,False,0.0
grind_deburr,2024-12-04,16.0,2,1,False,0.0
powder_coat,2024-12-04,8.0,1,1,False,0.0
assembly,2024-12-04,16.0,2,1,False,0.0
inspection_pack,2024-12-04,16.0,2,1,False,0.0
laser,2024-12-05,40.0,3,2,False,0.0
punch,2024-12-05,8.0,1,1,False,0.0
press_brake,2024-12-05,72.0,5,2,False,0.0
hardware,2024-12-05,16.0,2,1,False,0.0
weld,2024-12-05,48.0,6,1,False,0.0
robotic_weld,2024-12-05,8.0,1,1,False,0.0
grind_deburr,2024-12-05,16.0,2,1,False,0.0
powder_coat,2024-12-05,8.0,1,1,False,0.0
assembly,2024-12-05,16.0,2,1,False,0.0
inspection_pack,2024-12-05,16.0,2,1,False,0.0
laser,2024-12-06,40.0,3,2,False,0.0
punch,2024-12-06,8.0,1,1,False,0.0
press_brake,2024-12-06,72.0,5,2,False,0.0
hardware,2024-12-06,16.0,2,1,False,0.0
weld,2024-12-06,48.0,6,1,False,0.0
robotic_weld,2024-12-06,8.0,1,1,False,0.0
grind_deburr,2024-12-06,16.0,2,1,False,0.0
powder_coat,2024-12-06,8.0,1,1,False,0.0
assembly,2024-12-06,16.0,2,1,False,0.0
inspection_pack,2024-12-06,16.0,2,1,False,0.0
laser,2024-12-09,40.0,3,2,False,0.0
punch,2024-12-09,8.0,1,1,False,0.0
press_brake,2024-12-09,72.0,5,2,False,0.0
hardware,2024-12-09,16.0,2,1,False,0.0
weld,2024-12-09,48.0,6,1,False,0.0
robotic_weld,2024-12-09,8.0,1,1,False,0.0
grind_deburr,2024-12-09,16.0,2,1,False,0.0
powder_coat,2024-12-09,10.0,1,1,False,0.0
assembly,2024-12-09,16.0,2,1,False,0.0
inspection_pack,2024-12-09,16.0,2,1,False,0.0
laser,2024-12-10,40.0,3,2,False,0.0
punch,2024-12-10,8.0,1,1,False,0.0
press_brake,2024-12-10,72.0,5,2,False,0.0
hardware,2024-12-10,16.0,2,1,False,0.0
weld,2024-12-10,48.0,6,1,False,0.0
robotic_weld,2024-12-10,8.0,1,1,False,0.0
grind_deburr,2024-12-10,16.0,2,1,False,0.0
powder_coat,2024-12-10,8.0,1,1,False,0.0
assembly,2024-12-10,16.0,2,1,False,0.0
inspection_pack,2024-12-10,16.0,2,1,False,0.0
laser,2024-12-11,40.0,3,2,False,0.0
punch,2024-12-11,8.0,1,1,False,0.0
press_brake,2024-12-11,72.0,5,2,False,0.0
hardware,2024-12-11,16.0,2,1,False,0.0
weld,2024-12-11,48.0,6,1,False,0.0
robotic_weld,2024-12-11,8.0,1,1,False,0.0
grind_deburr,2024-12-11,16.0,2,1,False,0.0
powder_coat,2024-12-11,8.0,1,1,False,0.0
assembly,2024-12-11,16.0,2,1,False,0.0
inspection_pack,2024-12-11,16.0,2,1,False,0.0
laser,2024-12-12,40.0,3,2,False,0.0
punch,2024-12-12,8.0,1,1,False,0.0
press_brake,2024-12-12,72.0,5,2,False,0.0
hardware,2024-12-12,16.0,2,1,False,0.0
weld,2024-12-12,48.0,6,1,False,0.0
robotic_weld,2024-12-12,8.0,1,1,False,0.0
grind_deburr,2024-12-12,16.0,2,1,False,0.0
powder_coat,2024-12-12,10.0,1,1,False,0.0
assembly,2024-12-12,16.0,2,1,False,0.0
inspection_pack,2024-12-12,16.0,2,1,False,0.0
laser,2024-12-13,40.0,3,2,False,0.0
punch,2024-12-13,8.0,1,1,False,0.0
press_brake,2024-12-13,72.0,5,2,False,0.0
hardware,2024-12-13,16.0,2,1,False,0.0
weld,2024-12-13,48.0,6,1,False,0.0
robotic_weld,2024-12-13,8.0,1,1,False,0.0
grind_deburr,2024-12-13,16.0,2,1,False,0.0
powder_coat,2024-12-13,8.0,1,1,False,0.0
assembly,2024-12-13,16.0,2,1,False,0.0
inspection_pack,2024-12-13,16.0,2,1,False,0.0
laser,2024-12-14,24.0,3,1,True,0.0
press_brake,2024-12-14,16.0,5,1,True,0.0
laser,2024-12-16,40.0,3,2,False,0.0
punch,2024-12-16,8.0,1,1,False,0.0
press_brake,2024-12-16,72.0,5,2,False,0.0
hardware,2024-12-16,16.0,2,1,False,0.0
weld,2024-12-16,48.0,6,1,False,0.0
robotic_weld,2024-12-16,8.0,1,1,False,0.0
grind_deburr,2024-12-16,16.0,2,1,False,0.0
powder_coat,2024-12-16,8.0,1,1,False,0.0
assembly,2024-12-16,16.0,2,1,False,0.0
inspection_pack,2024-12-16,16.0,2,1,False,0.0
laser,2024-12-17,40.0,3,2,False,0.0
punch,2024-12-17,8.0,1,1,False,0.0
press_brake,2024-12-17,72.0,5,2,False,0.0
hardware,2024-12-17,16.0,2,1,False,0.0
weld,2024-12-17,48.0,6,1,False,0.0
robotic_weld,2024-12-17,8.0,1,1,False,0.0
grind_deburr,2024-12-17,16.0,2,1,False,0.0
powder_coat,2024-12-17,8.0,1,1,False,0.0
assembly,2024-12-17,16.0,2,1,False,0.0
inspection_pack,2024-12-17,16.0,2,1,False,0.0
laser,2024-12-18,40.0,3,2,False,0.0
punch,2024-12-18,8.0,1,1,False,0.0
press_brake,2024-12-18,72.0,5,2,False,0.0
hardware,2024-12-18,16.0,2,1,False,0.0
weld,2024-12-18,48.0,6,1,False,0.0
robotic_weld,2024-12-18,8.0,1,1,False,0.0
grind_deburr,2024-12-18,16.0,2,1,False,0.0
powder_coat,2024-12-18,8.0,1,1,False,0.0
assembly,2024-12-18,16.0,2,1,False,0.0
inspection_pack,2024-12-18,16.0,2,1,False,0.0
laser,2024-12-19,40.0,3,2,False,0.0
punch,2024-12-19,8.0,1,1,False,0.0
press_brake,2024-12-19,72.0,5,2,False,0.0
hardware,2024-12-19,16.0,2,1,False,0.0
weld,2024-12-19,48.0,6,1,False,0.0
robotic_weld,2024-12-19,8.0,1,1,False,0.0
grind_deburr,2024-12-19,16.0,2,1,False,0.0
powder_coat,2024-12-19,10.0,1,1,False,0.0
assembly,2024-12-19,16.0,2,1,False,0.0
inspection_pack,2024-12-19,16.0,2,1,False,0.0
laser,2024-12-20,40.0,3,2,False,0.0
punch,2024-12-20,8.0,1,1,False,0.0
press_brake,2024-12-20,72.0,5,2,False,0.0
hardware,2024-12-20,16.0,2,1,False,0.0
weld,2024-12-20,48.0,6,1,False,0.0
robotic_weld,2024-12-20,8.0,1,1,False,0.0
grind_deburr,2024-12-20,16.0,2,1,False,0.0
powder_coat,2024-12-20,8.0,1,1,False,0.0
assembly,2024-12-20,16.0,2,1,False,0.0
inspection_pack,2024-12-20,16.0,2,1,False,0.0
press_brake,2024-12-21,16.0,5,1,True,0.0
laser,2024-12-23,40.0,3,2,False,0.0
punch,2024-12-23,8.0,1,1,False,0.0
press_brake,2024-12-23,72.0,5,2,False,0.0
hardware,2024-12-23,16.0,2,1,False,0.0
weld,2024-12-23,48.0,6,1,False,0.0
robotic_weld,2024-12-23,8.0,1,1,False,0.0
grind_deburr,2024-12-23,16.0,2,1,False,0.0
powder_coat,2024-12-23,8.0,1,1,False,0.0
assembly,2024-12-23,16.0,2,1,False,0.0
inspection_pack,2024-12-23,16.0,2,1,False,0.0
laser,2024-12-28,24.0,3,1,True,0.0
press_brake,2024-12-28,16.0,5,1,True,0.0
laser,2025-01-02,40.0,3,2,False,0.0
punch,2025-01-02,8.0,1,1,False,0.0
press_brake,2025-01-02,72.0,5,2,False,0.0
hardware,2025-01-02,16.0,2,1,False,0.0
weld,2025-01-02,48.0,6,1,False,0.0
robotic_weld,2025-01-02,8.0,1,1,False,0.0
grind_deburr,2025-01-02,16.0,2,1,False,0.0
powder_coat,2025-01-02,10.0,1,1,False,0.0
assembly,2025-01-02,16.0,2,1,False,0.0
inspection_pack,2025-01-02,16.0,2,1,False,0.0
laser,2025-01-03,40.0,3,2,False,0.0
punch,2025-01-03,8.0,1,1,False,0.0
press_brake,2025-01-03,72.0,5,2,False,0.0
hardware,2025-01-03,16.0,2,1,False,0.0
weld,2025-01-03,48.0,6,1,False,0.0
robotic_weld,2025-01-03,8.0,1,1,False,0.0
grind_deburr,2025-01-03,16.0,2,1,False,0.0
powder_coat,2025-01-03,8.0,1,1,False,0.0
assembly,2025-01-03,16.0,2,1,False,0.0
inspection_pack,2025-01-03,16.0,2,1,False,0.0
press_brake,2025-01-04,16.0,5,1,True,0.0
laser,2025-01-06,40.0,3,2,False,0.0
punch,2025-01-06,8.0,1,1,False,0.0
press_brake,2025-01-06,72.0,5,2,False,0.0
hardware,2025-01-06,16.0,2,1,False,0.0
weld,2025-01-06,48.0,6,1,False,0.0
robotic_weld,2025-01-06,8.0,1,1,False,0.0
grind_deburr,2025-01-06,16.0,2,1,False,0.0
powder_coat,2025-01-06,8.0,1,1,False,0.0
assembly,2025-01-06,16.0,2,1,False,0.0
inspection_pack,2025-01-06,16.0,2,1,False,0.0
laser,2025-01-07,40.0,3,2,False,0.0
punch,2025-01-07,8.0,1,1,False,0.0
press_brake,2025-01-07,76.0,5,2,False,4.0
hardware,2025-01-07,16.0,2,1,False,0.0
weld,2025-01-07,48.0,6,1,False,0.0
robotic_weld,2025-01-07,8.0,1,1,False,0.0
grind_deburr,2025-01-07,16.0,2,1,False,0.0
powder_coat,2025-01-07,8.0,1,1,False,0.0
assembly,2025-01-07,16.0,2,1,False,0.0
inspection_pack,2025-01-07,16.0,2,1,False,0.0
laser,2025-01-08,40.0,3,2,False,0.0
punch,2025-01-08,8.0,1,1,False,0.0
press_brake,2025-01-08,76.0,5,2,False,4.0
hardware,2025-01-08,16.0,2,1,False,0.0
weld,2025-01-08,48.0,6,1,False,0.0
robotic_weld,2025-01-08,8.0,1,1,False,0.0
grind_deburr,2025-01-08,16.0,2,1,False,0.0
powder_coat,2025-01-08,8.0,1,1,False,0.0
assembly,2025-01-08,16.0,2,1,False,0.0
inspection_pack,2025-01-08,16.0,2,1,False,0.0
laser,2025-01-09,40.0,3,2,False,0.0
punch,2025-01-09,8.0,1,1,False,0.0
press_brake,2025-01-09,76.0,5,2,False,4.0
hardware,2025-01-09,16.0,2,1,False,0.0
weld,2025-01-09,48.0,6,1,False,0.0
robotic_weld,2025-01-09,8.0,1,1,False,0.0
grind_deburr,2025-01-09,16.0,2,1,False,0.0
powder_coat,2025-01-09,10.0,1,1,False,0.0
assembly,2025-01-09,16.0,2,1,False,0.0
inspection_pack,2025-01-09,16.0,2,1,False,0.0
laser,2025-01-10,40.0,3,2,False,0.0
punch,2025-01-10,8.0,1,1,False,0.0
press_brake,2025-01-10,76.0,5,2,False,4.0
hardware,2025-01-10,16.0,2,1,False,0.0
weld,2025-01-10,48.0,6,1,False,0.0
robotic_weld,2025-01-10,8.0,1,1,False,0.0
grind_deburr,2025-01-10,16.0,2,1,False,0.0
powder_coat,2025-01-10,8.0,1,1,False,0.0
assembly,2025-01-10,16.0,2,1,False,0.0
inspection_pack,2025-01-10,16.0,2,1,False,0.0
laser,2025-01-11,24.0,3,1,True,0.0
press_brake,2025-01-11,16.0,5,1,True,0.0
laser,2025-01-13,40.0,3,2,False,0.0
punch,2025-01-13,8.0,1,1,False,0.0
press_brake,2025-01-13,76.0,5,2,False,4.0
hardware,2025-01-13,16.0,2,1,False,0.0
weld,2025-01-13,48.0,6,1,False,0.0
robotic_weld,2025-01-13,8.0,1,1,False,0.0
grind_deburr,2025-01-13,16.0,2,1,False,0.0
powder_coat,2025-01-13,8.0,1,1,False,0.0
assembly,2025-01-13,16.0,2,1,False,0.0
inspection_pack,2025-01-13,16.0,2,1,False,0.0
laser,2025-01-14,40.0,3,2,False,0.0
punch,2025-01-14,8.0,1,1,False,0.0
press_brake,2025-01-14,76.0,5,2,False,4.0
hardware,2025-01-14,16.0,2,1,False,0.0
weld,2025-01-14,48.0,6,1,False,0.0
robotic_weld,2025-01-14,8.0,1,1,False,0.0
grind_deburr,2025-01-14,16.0,2,1,False,0.0
powder_coat,2025-01-14,8.0,1,1,False,0.0
assembly,2025-01-14,16.0,2,1,False,0.0
inspection_pack,2025-01-14,16.0,2,1,False,0.0
laser,2025-01-15,40.0,3,2,False,0.0
punch,2025-01-15,8.0,1,1,False,0.0
press_brake,2025-01-15,76.0,5,2,False,4.0
hardware,2025-01-15,16.0,2,1,False,0.0
weld,2025-01-15,48.0,6,1,False,0.0
robotic_weld,2025-01-15,8.0,1,1,False,0.0
grind_deburr,2025-01-15,16.0,2,1,False,0.0
powder_coat,2025-01-15,8.0,1,1,False,0.0
assembly,2025-01-15,16.0,2,1,False,0.0
inspection_pack,2025-01-15,16.0,2,1,False,0.0
laser,2025-01-16,40.0,3,2,False,0.0
punch,2025-01-16,8.0,1,1,False,0.0
press_brake,2025-01-16,72.0,5,2,False,0.0
hardware,2025-01-16,16.0,2,1,False,0.0
weld,2025-01-16,48.0,6,1,False,0.0
robotic_weld,2025-01-16,8.0,1,1,False,0.0
grind_deburr,2025-01-16,16.0,2,1,False,0.0
powder_coat,2025-01-16,8.0,1,1,False,0.0
assembly,2025-01-16,16.0,2,1,False,0.0
inspection_pack,2025-01-16,16.0,2,1,False,0.0
laser,2025-01-17,40.0,3,2,False,0.0
punch,2025-01-17,8.0,1,1,False,0.0
press_brake,2025-01-17,76.0,5,2,False,4.0
hardware,2025-01-17,16.0,2,1,False,0.0
weld,2025-01-17,48.0,6,1,False,0.0
robotic_weld,2025-01-17,8.0,1,1,False,0.0
grind_deburr,2025-01-17,16.0,2,1,False,0.0
powder_coat,2025-01-17,8.0,1,1,False,0.0
assembly,2025-01-17,16.0,2,1,False,0.0
inspection_pack,2025-01-17,16.0,2,1,False,0.0
laser,2025-01-18,24.0,3,1,True,0.0
press_brake,2025-01-18,16.0,5,1,True,0.0
laser,2025-01-20,40.0,3,2,False,0.0
punch,2025-01-20,8.0,1,1,False,0.0
press_brake,2025-01-20,76.0,5,2,False,4.0
hardware,2025-01-20,16.0,2,1,False,0.0
weld,2025-01-20,48.0,6,1,False,0.0
robotic_weld,2025-01-20,8.0,1,1,False,0.0
grind_deburr,2025-01-20,16.0,2,1,False,0.0
powder_coat,2025-01-20,8.0,1,1,False,0.0
assembly,2025-01-20,16.0,2,1,False,0.0
inspection_pack,2025-01-20,16.0,2,1,False,0.0
laser,2025-01-21,40.0,3,2,False,0.0
punch,2025-01-21,8.0,1,1,False,0.0
press_brake,2025-01-21,72.0,5,2,False,0.0
hardware,2025-01-21,16.0,2,1,False,0.0
weld,2025-01-21,48.0,6,1,False,0.0
robotic_weld,2025-01-21,8.0,1,1,False,0.0
grind_deburr,2025-01-21,16.0,2,1,False,0.0
powder_coat,2025-01-21,8.0,1,1,False,0.0
assembly,2025-01-21,16.0,2,1,False,0.0
inspection_pack,2025-01-21,16.0,2,1,False,0.0
laser,2025-01-22,40.0,3,2,False,0.0
punch,2025-01-22,8.0,1,1,False,0.0
press_brake,2025-01-22,72.0,5,2,False,0.0
hardware,2025-01-22,16.0,2,1,False,0.0
weld,2025-01-22,48.0,6,1,False,0.0
robotic_weld,2025-01-22,8.0,1,1,False,0.0
grind_deburr,2025-01-22,16.0,2,1,False,0.0
powder_coat,2025-01-22,8.0,1,1,False,0.0
assembly,2025-01-22,16.0,2,1,False,0.0
inspection_pack,2025-01-22,16.0,2,1,False,0.0
laser,2025-01-23,40.0,3,2,False,0.0
punch,2025-01-23,8.0,1,1,False,0.0
press_brake,2025-01-23,72.0,5,2,False,0.0
hardware,2025-01-23,16.0,2,1,False,0.0
weld,2025-01-23,48.0,6,1,False,0.0
robotic_weld,2025-01-23,8.0,1,1,False,0.0
grind_deburr,2025-01-23,16.0,2,1,False,0.0
powder_coat,2025-01-23,8.0,1,1,False,0.0
assembly,2025-01-23,16.0,2,1,False,0.0
inspection_pack,2025-01-23,16.0,2,1,False,0.0
laser,2025-01-24,40.0,3,2,False,0.0
punch,2025-01-24,8.0,1,1,False,0.0
press_brake,2025-01-24,72.0,5,2,False,0.0
hardware,2025-01-24,16.0,2,1,False,0.0
weld,2025-01-24,48.0,6,1,False,0.0
robotic_weld,2025-01-24,8.0,1,1,False,0.0
grind_deburr,2025-01-24,16.0,2,1,False,0.0
powder_coat,2025-01-24,8.0,1,1,False,0.0
assembly,2025-01-24,16.0,2,1,False,0.0
inspection_pack,2025-01-24,16.0,2,1,False,0.0
laser,2025-01-25,24.0,3,1,True,0.0
press_brake,2025-01-25,16.0,5,1,True,0.0
laser,2025-01-27,40.0,3,2,False,0.0
punch,2025-01-27,8.0,1,1,False,0.0
press_brake,2025-01-27,72.0,5,2,False,0.0
hardware,2025-01-27,16.0,2,1,False,0.0
weld,2025-01-27,48.0,6,1,False,0.0
robotic_weld,2025-01-27,8.0,1,1,False,0.0
grind_deburr,2025-01-27,16.0,2,1,False,0.0
powder_coat,2025-01-27,8.0,1,1,False,0.0
assembly,2025-01-27,16.0,2,1,False,0.0
inspection_pack,2025-01-27,16.0,2,1,False,0.0
laser,2025-01-28,40.0,3,2,False,0.0
punch,2025-01-28,8.0,1,1,False,0.0
press_brake,2025-01-28,76.0,5,2,False,4.0
hardware,2025-01-28,16.0,2,1,False,0.0
weld,2025-01-28,48.0,6,1,False,0.0
robotic_weld,2025-01-28,8.0,1,1,False,0.0
grind_deburr,2025-01-28,16.0,2,1,False,0.0
powder_coat,2025-01-28,8.0,1,1,False,0.0
assembly,2025-01-28,16.0,2,1,False,0.0
inspection_pack,2025-01-28,16.0,2,1,False,0.0
laser,2025-01-29,40.0,3,2,False,0.0
punch,2025-01-29,8.0,1,1,False,0.0
press_brake,2025-01-29,72.0,5,2,False,0.0
hardware,2025-01-29,16.0,2,1,False,0.0
weld,2025-01-29,48.0,6,1,False,0.0
robotic_weld,2025-01-29,8.0,1,1,False,0.0
grind_deburr,2025-01-29,16.0,2,1,False,0.0
powder_coat,2025-01-29,10.0,1,1,False,0.0
assembly,2025-01-29,16.0,2,1,False,0.0
inspection_pack,2025-01-29,16.0,2,1,False,0.0
laser,2025-01-30,40.0,3,2,False,0.0
punch,2025-01-30,8.0,1,1,False,0.0
press_brake,2025-01-30,72.0,5,2,False,0.0
hardware,2025-01-30,16.0,2,1,False,0.0
weld,2025-01-30,48.0,6,1,False,0.0
robotic_weld,2025-01-30,8.0,1,1,False,0.0
grind_deburr,2025-01-30,16.0,2,1,False,0.0
powder_coat,2025-01-30,8.0,1,1,False,0.0
assembly,2025-01-30,16.0,2,1,False,0.0
inspection_pack,2025-01-30,16.0,2,1,False,0.0
laser,2025-01-31,40.0,3,2,False,0.0
punch,2025-01-31,8.0,1,1,False,0.0
press_brake,2025-01-31,76.0,5,2,False,4.0
hardware,2025-01-31,16.0,2,1,False,0.0
weld,2025-01-31,48.0,6,1,False,0.0
robotic_weld,2025-01-31,8.0,1,1,False,0.0
grind_deburr,2025-01-31,16.0,2,1,False,0.0
powder_coat,2025-01-31,8.0,1,1,False,0.0
assembly,2025-01-31,16.0,2,1,False,0.0
inspection_pack,2025-01-31,16.0,2,1,False,0.0
laser,2025-02-01,24.0,3,1,True,0.0
press_brake,2025-02-01,16.0,5,1,True,0.0
laser,2025-02-03,40.0,3,2,False,0.0
punch,2025-02-03,8.0,1,1,False,0.0
press_brake,2025-02-03,72.0,5,2,False,0.0
hardware,2025-02-03,16.0,2,1,False,0.0
weld,2025-02-03,48.0,6,1,False,0.0
robotic_weld,2025-02-03,8.0,1,1,False,0.0
grind_deburr,2025-02-03,16.0,2,1,False,0.0
powder_coat,2025-02-03,10.0,1,1,False,0.0
assembly,2025-02-03,16.0,2,1,False,0.0
inspection_pack,2025-02-03,16.0,2,1,False,0.0
laser,2025-02-04,40.0,3,2,False,0.0
punch,2025-02-04,8.0,1,1,False,0.0
press_brake,2025-02-04,72.0,5,2,False,0.0
hardware,2025-02-04,16.0,2,1,False,0.0
weld,2025-02-04,48.0,6,1,False,0.0
robotic_weld,2025-02-04,8.0,1,1,False,0.0
grind_deburr,2025-02-04,16.0,2,1,False,0.0
powder_coat,2025-02-04,8.0,1,1,False,0.0
assembly,2025-02-04,16.0,2,1,False,0.0
inspection_pack,2025-02-04,16.0,2,1,False,0.0
laser,2025-02-05,40.0,3,2,False,0.0
punch,2025-02-05,8.0,1,1,False,0.0
press_brake,2025-02-05,72.0,5,2,False,0.0
hardware,2025-02-05,16.0,2,1,False,0.0
weld,2025-02-05,48.0,6,1,False,0.0
robotic_weld,2025-02-05,8.0,1,1,False,0.0
grind_deburr,2025-02-05,16.0,2,1,False,0.0
powder_coat,2025-02-05,8.0,1,1,False,0.0
assembly,2025-02-05,16.0,2,1,False,0.0
inspection_pack,2025-02-05,16.0,2,1,False,0.0
laser,2025-02-06,40.0,3,2,False,0.0
punch,2025-02-06,8.0,1,1,False,0.0
press_brake,2025-02-06,76.0,5,2,False,4.0
hardware,2025-02-06,16.0,2,1,False,0.0
weld,2025-02-06,48.0,6,1,False,0.0
robotic_weld,2025-02-06,8.0,1,1,False,0.0
grind_deburr,2025-02-06,16.0,2,1,False,0.0
powder_coat,2025-02-06,8.0,1,1,False,0.0
assembly,2025-02-06,16.0,2,1,False,0.0
inspection_pack,2025-02-06,16.0,2,1,False,0.0
laser,2025-02-07,40.0,3,2,False,0.0
punch,2025-02-07,8.0,1,1,False,0.0
press_brake,2025-02-07,76.0,5,2,False,4.0
hardware,2025-02-07,16.0,2,1,False,0.0
weld,2025-02-07,48.0,6,1,False,0.0
robotic_weld,2025-02-07,8.0,1,1,False,0.0
grind_deburr,2025-02-07,16.0,2,1,False,0.0
powder_coat,2025-02-07,8.0,1,1,False,0.0
assembly,2025-02-07,16.0,2,1,False,0.0
inspection_pack,2025-02-07,16.0,2,1,False,0.0
laser,2025-02-08,24.0,3,1,True,0.0
press_brake,2025-02-08,16.0,5,1,True,0.0
laser,2025-02-10,40.0,3,2,False,0.0
punch,2025-02-10,8.0,1,1,False,0.0
press_brake,2025-02-10,72.0,5,2,False,0.0
hardware,2025-02-10,16.0,2,1,False,0.0
weld,2025-02-10,48.0,6,1,False,0.0
robotic_weld,2025-02-10,8.0,1,1,False,0.0
grind_deburr,2025-02-10,16.0,2,1,False,0.0
powder_coat,2025-02-10,8.0,1,1,False,0.0
assembly,2025-02-10,16.0,2,1,False,0.0
inspection_pack,2025-02-10,16.0,2,1,False,0.0
laser,2025-02-11,40.0,3,2,False,0.0
punch,2025-02-11,8.0,1,1,False,0.0
press_brake,2025-02-11,72.0,5,2,False,0.0
hardware,2025-02-11,16.0,2,1,False,0.0
weld,2025-02-11,48.0,6,1,False,0.0
robotic_weld,2025-02-11,8.0,1,1,False,0.0
grind_deburr,2025-02-11,16.0,2,1,False,0.0
powder_coat,2025-02-11,8.0,1,1,False,0.0
assembly,2025-02-11,16.0,2,1,False,0.0
inspection_pack,2025-02-11,16.0,2,1,False,0.0
laser,2025-02-12,40.0,3,2,False,0.0
punch,2025-02-12,8.0,1,1,False,0.0
press_brake,2025-02-12,76.0,5,2,False,4.0
hardware,2025-02-12,16.0,2,1,False,0.0
weld,2025-02-12,48.0,6,1,False,0.0
robotic_weld,2025-02-12,8.0,1,1,False,0.0
grind_deburr,2025-02-12,16.0,2,1,False,0.0
powder_coat,2025-02-12,8.0,1,1,False,0.0
assembly,2025-02-12,16.0,2,1,False,0.0
inspection_pack,2025-02-12,16.0,2,1,False,0.0
laser,2025-02-13,40.0,3,2,False,0.0
punch,2025-02-13,8.0,1,1,False,0.0
press_brake,2025-02-13,72.0,5,2,False,0.0
hardware,2025-02-13,16.0,2,1,False,0.0
weld,2025-02-13,48.0,6,1,False,0.0
robotic_weld,2025-02-13,8.0,1,1,False,0.0
grind_deburr,2025-02-13,16.0,2,1,False,0.0
powder_coat,2025-02-13,8.0,1,1,False,0.0
assembly,2025-02-13,16.0,2,1,False,0.0
inspection_pack,2025-02-13,16.0,2,1,False,0.0
laser,2025-02-14,40.0,3,2,False,0.0
punch,2025-02-14,8.0,1,1,False,0.0
press_brake,2025-02-14,72.0,5,2,False,0.0
hardware,2025-02-14,16.0,2,1,False,0.0
weld,2025-02-14,48.0,6,1,False,0.0
robotic_weld,2025-02-14,8.0,1,1,False,0.0
grind_deburr,2025-02-14,16.0,2,1,False,0.0
powder_coat,2025-02-14,8.0,1,1,False,0.0
assembly,2025-02-14,16.0,2,1,False,0.0
inspection_pack,2025-02-14,16.0,2,1,False,0.0
press_brake,2025-02-15,16.0,5,1,True,0.0
laser,2025-02-17,40.0,3,2,False,0.0
punch,2025-02-17,8.0,1,1,False,0.0
press_brake,2025-02-17,76.0,5,2,False,4.0
hardware,2025-02-17,16.0,2,1,False,0.0
weld,2025-02-17,48.0,6,1,False,0.0
robotic_weld,2025-02-17,8.0,1,1,False,0.0
grind_deburr,2025-02-17,16.0,2,1,False,0.0
powder_coat,2025-02-17,8.0,1,1,False,0.0
assembly,2025-02-17,16.0,2,1,False,0.0
inspection_pack,2025-02-17,16.0,2,1,False,0.0
laser,2025-02-18,40.0,3,2,False,0.0
punch,2025-02-18,8.0,1,1,False,0.0
press_brake,2025-02-18,76.0,5,2,False,4.0
hardware,2025-02-18,16.0,2,1,False,0.0
weld,2025-02-18,48.0,6,1,False,0.0
robotic_weld,2025-02-18,8.0,1,1,False,0.0
grind_deburr,2025-02-18,16.0,2,1,False,0.0
powder_coat,2025-02-18,8.0,1,1,False,0.0
assembly,2025-02-18,16.0,2,1,False,0.0
inspection_pack,2025-02-18,16.0,2,1,False,0.0
laser,2025-02-19,40.0,3,2,False,0.0
punch,2025-02-19,8.0,1,1,False,0.0
press_brake,2025-02-19,76.0,5,2,False,4.0
hardware,2025-02-19,16.0,2,1,False,0.0
weld,2025-02-19,48.0,6,1,False,0.0
robotic_weld,2025-02-19,8.0,1,1,False,0.0
grind_deburr,2025-02-19,16.0,2,1,False,0.0
powder_coat,2025-02-19,8.0,1,1,False,0.0
assembly,2025-02-19,16.0,2,1,False,0.0
inspection_pack,2025-02-19,16.0,2,1,False,0.0
laser,2025-02-20,40.0,3,2,False,0.0
punch,2025-02-20,8.0,1,1,False,0.0
press_brake,2025-02-20,72.0,5,2,False,0.0
hardware,2025-02-20,16.0,2,1,False,0.0
weld,2025-02-20,48.0,6,1,False,0.0
robotic_weld,2025-02-20,8.0,1,1,False,0.0
grind_deburr,2025-02-20,16.0,2,1,False,0.0
powder_coat,2025-02-20,8.0,1,1,False,0.0
assembly,2025-02-20,16.0,2,1,False,0.0
inspection_pack,2025-02-20,16.0,2,1,False,0.0
laser,2025-02-21,40.0,3,2,False,0.0
punch,2025-02-21,8.0,1,1,False,0.0
press_brake,2025-02-21,72.0,5,2,False,0.0
hardware,2025-02-21,16.0,2,1,False,0.0
weld,2025-02-21,48.0,6,1,False,0.0
robotic_weld,2025-02-21,8.0,1,1,False,0.0
grind_deburr,2025-02-21,16.0,2,1,False,0.0
powder_coat,2025-02-21,8.0,1,1,False,0.0
assembly,2025-02-21,16.0,2,1,False,0.0
inspection_pack,2025-02-21,16.0,2,1,False,0.0
press_brake,2025-02-22,16.0,5,1,True,0.0
laser,2025-02-24,40.0,3,2,False,0.0
punch,2025-02-24,8.0,1,1,False,0.0
press_brake,2025-02-24,72.0,5,2,False,0.0
hardware,2025-02-24,16.0,2,1,False,0.0
weld,2025-02-24,48.0,6,1,False,0.0
robotic_weld,2025-02-24,8.0,1,1,False,0.0
grind_deburr,2025-02-24,16.0,2,1,False,0.0
powder_coat,2025-02-24,8.0,1,1,False,0.0
assembly,2025-02-24,16.0,2,1,False,0.0
inspection_pack,2025-02-24,16.0,2,1,False,0.0
laser,2025-02-25,40.0,3,2,False,0.0
punch,2025-02-25,8.0,1,1,False,0.0
press_brake,2025-02-25,76.0,5,2,False,4.0
hardware,2025-02-25,16.0,2,1,False,0.0
weld,2025-02-25,48.0,6,1,False,0.0
robotic_weld,2025-02-25,8.0,1,1,False,0.0
grind_deburr,2025-02-25,16.0,2,1,False,0.0
powder_coat,2025-02-25,8.0,1,1,False,0.0
assembly,2025-02-25,16.0,2,1,False,0.0
inspection_pack,2025-02-25,16.0,2,1,False,0.0
laser,2025-02-26,40.0,3,2,False,0.0
punch,2025-02-26,8.0,1,1,False,0.0
press_brake,2025-02-26,76.0,5,2,False,4.0
hardware,2025-02-26,16.0,2,1,False,0.0
weld,2025-02-26,48.0,6,1,False,0.0
robotic_weld,2025-02-26,8.0,1,1,False,0.0
grind_deburr,2025-02-26,16.0,2,1,False,0.0
powder_coat,2025-02-26,8.0,1,1,False,0.0
assembly,2025-02-26,16.0,2,1,False,0.0
inspection_pack,2025-02-26,16.0,2,1,False,0.0
laser,2025-02-27,40.0,3,2,False,0.0
punch,2025-02-27,8.0,1,1,False,0.0
press_brake,2025-02-27,72.0,5,2,False,0.0
hardware,2025-02-27,16.0,2,1,False,0.0
weld,2025-02-27,48.0,6,1,False,0.0
robotic_weld,2025-02-27,8.0,1,1,False,0.0
grind_deburr,2025-02-27,16.0,2,1,False,0.0
powder_coat,2025-02-27,10.0,1,1,False,0.0
assembly,2025-02-27,16.0,2,1,False,0.0
inspection_pack,2025-02-27,16.0,2,1,False,0.0
laser,2025-02-28,40.0,3,2,False,0.0
punch,2025-02-28,8.0,1,1,False,0.0
press_brake,2025-02-28,76.0,5,2,False,4.0
hardware,2025-02-28,16.0,2,1,False,0.0
weld,2025-02-28,48.0,6,1,False,0.0
robotic_weld,2025-02-28,8.0,1,1,False,0.0
grind_deburr,2025-02-28,16.0,2,1,False,0.0
powder_coat,2025-02-28,8.0,1,1,False,0.0
assembly,2025-02-28,16.0,2,1,False,0.0
inspection_pack,2025-02-28,16.0,2,1,False,0.0
press_brake,2025-03-01,16.0,5,1,True,0.0
laser,2025-03-03,40.0,3,2,False,0.0
punch,2025-03-03,8.0,1,1,False,0.0
press_brake,2025-03-03,76.0,5,2,False,4.0
hardware,2025-03-03,16.0,2,1,False,0.0
weld,2025-03-03,48.0,6,1,False,0.0
robotic_weld,2025-03-03,8.0,1,1,False,0.0
grind_deburr,2025-03-03,16.0,2,1,False,0.0
powder_coat,2025-03-03,8.0,1,1,False,0.0
assembly,2025-03-03,16.0,2,1,False,0.0
inspection_pack,2025-03-03,16.0,2,1,False,0.0
laser,2025-03-04,40.0,3,2,False,0.0
punch,2025-03-04,8.0,1,1,False,0.0
press_brake,2025-03-04,72.0,5,2,False,0.0
hardware,2025-03-04,16.0,2,1,False,0.0
weld,2025-03-04,48.0,6,1,False,0.0
robotic_weld,2025-03-04,8.0,1,1,False,0.0
grind_deburr,2025-03-04,16.0,2,1,False,0.0
powder_coat,2025-03-04,8.0,1,1,False,0.0
assembly,2025-03-04,16.0,2,1,False,0.0
inspection_pack,2025-03-04,16.0,2,1,False,0.0
laser,2025-03-05,40.0,3,2,False,0.0
punch,2025-03-05,8.0,1,1,False,0.0
press_brake,2025-03-05,76.0,5,2,False,4.0
hardware,2025-03-05,16.0,2,1,False,0.0
weld,2025-03-05,48.0,6,1,False,0.0
robotic_weld,2025-03-05,8.0,1,1,False,0.0
grind_deburr,2025-03-05,16.0,2,1,False,0.0
powder_coat,2025-03-05,8.0,1,1,False,0.0
assembly,2025-03-05,16.0,2,1,False,0.0
inspection_pack,2025-03-05,16.0,2,1,False,0.0
laser,2025-03-06,40.0,3,2,False,0.0
punch,2025-03-06,8.0,1,1,False,0.0
press_brake,2025-03-06,76.0,5,2,False,4.0
hardware,2025-03-06,16.0,2,1,False,0.0
weld,2025-03-06,48.0,6,1,False,0.0
robotic_weld,2025-03-06,8.0,1,1,False,0.0
grind_deburr,2025-03-06,16.0,2,1,False,0.0
powder_coat,2025-03-06,8.0,1,1,False,0.0
assembly,2025-03-06,16.0,2,1,False,0.0
inspection_pack,2025-03-06,16.0,2,1,False,0.0
laser,2025-03-07,40.0,3,2,False,0.0
punch,2025-03-07,8.0,1,1,False,0.0
press_brake,2025-03-07,72.0,5,2,False,0.0
hardware,2025-03-07,16.0,2,1,False,0.0
weld,2025-03-07,48.0,6,1,False,0.0
robotic_weld,2025-03-07,8.0,1,1,False,0.0
grind_deburr,2025-03-07,16.0,2,1,False,0.0
powder_coat,2025-03-07,8.0,1,1,False,0.0
assembly,2025-03-07,16.0,2,1,False,0.0
inspection_pack,2025-03-07,16.0,2,1,False,0.0
press_brake,2025-03-08,16.0,5,1,True,0.0
laser,2025-03-10,40.0,3,2,False,0.0
punch,2025-03-10,8.0,1,1,False,0.0
press_brake,2025-03-10,72.0,5,2,False,0.0
hardware,2025-03-10,16.0,2,1,False,0.0
weld,2025-03-10,48.0,6,1,False,0.0
robotic_weld,2025-03-10,8.0,1,1,False,0.0
grind_deburr,2025-03-10,16.0,2,1,False,0.0
powder_coat,2025-03-10,8.0,1,1,False,0.0
assembly,2025-03-10,16.0,2,1,False,0.0
inspection_pack,2025-03-10,16.0,2,1,False,0.0
laser,2025-03-11,40.0,3,2,False,0.0
punch,2025-03-11,8.0,1,1,False,0.0
press_brake,2025-03-11,76.0,5,2,False,4.0
hardware,2025-03-11,16.0,2,1,False,0.0
weld,2025-03-11,48.0,6,1,False,0.0
robotic_weld,2025-03-11,8.0,1,1,False,0.0
grind_deburr,2025-03-11,16.0,2,1,False,0.0
powder_coat,2025-03-11,10.0,1,1,False,0.0
assembly,2025-03-11,16.0,2,1,False,0.0
inspection_pack,2025-03-11,16.0,2,1,False,0.0
laser,2025-03-12,40.0,3,2,False,0.0
punch,2025-03-12,8.0,1,1,False,0.0
press_brake,2025-03-12,72.0,5,2,False,0.0
hardware,2025-03-12,16.0,2,1,False,0.0
weld,2025-03-12,48.0,6,1,False,0.0
robotic_weld,2025-03-12,8.0,1,1,False,0.0
grind_deburr,2025-03-12,16.0,2,1,False,0.0
powder_coat,2025-03-12,8.0,1,1,False,0.0
assembly,2025-03-12,16.0,2,1,False,0.0
inspection_pack,2025-03-12,16.0,2,1,False,0.0
laser,2025-03-13,40.0,3,2,False,0.0
punch,2025-03-13,8.0,1,1,False,0.0
press_brake,2025-03-13,72.0,5,2,False,0.0
hardware,2025-03-13,16.0,2,1,False,0.0
weld,2025-03-13,48.0,6,1,False,0.0
robotic_weld,2025-03-13,8.0,1,1,False,0.0
grind_deburr,2025-03-13,16.0,2,1,False,0.0
powder_coat,2025-03-13,8.0,1,1,False,0.0
assembly,2025-03-13,16.0,2,1,False,0.0
inspection_pack,2025-03-13,16.0,2,1,False,0.0
laser,2025-03-14,40.0,3,2,False,0.0
punch,2025-03-14,8.0,1,1,False,0.0
press_brake,2025-03-14,72.0,5,2,False,0.0
hardware,2025-03-14,16.0,2,1,False,0.0
weld,2025-03-14,48.0,6,1,False,0.0
robotic_weld,2025-03-14,8.0,1,1,False,0.0
grind_deburr,2025-03-14,16.0,2,1,False,0.0
powder_coat,2025-03-14,8.0,1,1,False,0.0
assembly,2025-03-14,16.0,2,1,False,0.0
inspection_pack,2025-03-14,16.0,2,1,False,0.0
laser,2025-03-15,24.0,3,1,True,0.0
press_brake,2025-03-15,16.0,5,1,True,0.0
laser,2025-03-17,40.0,3,2,False,0.0
punch,2025-03-17,8.0,1,1,False,0.0
press_brake,2025-03-17,76.0,5,2,False,4.0
hardware,2025-03-17,16.0,2,1,False,0.0
weld,2025-03-17,48.0,6,1,False,0.0
robotic_weld,2025-03-17,8.0,1,1,False,0.0
grind_deburr,2025-03-17,16.0,2,1,False,0.0
powder_coat,2025-03-17,8.0,1,1,False,0.0
assembly,2025-03-17,16.0,2,1,False,0.0
inspection_pack,2025-03-17,16.0,2,1,False,0.0
laser,2025-03-18,40.0,3,2,False,0.0
punch,2025-03-18,8.0,1,1,False,0.0
press_brake,2025-03-18,72.0,5,2,False,0.0
hardware,2025-03-18,16.0,2,1,False,0.0
weld,2025-03-18,48.0,6,1,False,0.0
robotic_weld,2025-03-18,8.0,1,1,False,0.0
grind_deburr,2025-03-18,16.0,2,1,False,0.0
powder_coat,2025-03-18,10.0,1,1,False,0.0
assembly,2025-03-18,16.0,2,1,False,0.0
inspection_pack,2025-03-18,16.0,2,1,False,0.0
laser,2025-03-19,40.0,3,2,False,0.0
punch,2025-03-19,8.0,1,1,False,0.0
press_brake,2025-03-19,76.0,5,2,False,4.0
hardware,2025-03-19,16.0,2,1,False,0.0
weld,2025-03-19,48.0,6,1,False,0.0
robotic_weld,2025-03-19,8.0,1,1,False,0.0
grind_deburr,2025-03-19,16.0,2,1,False,0.0
powder_coat,2025-03-19,8.0,1,1,False,0.0
assembly,2025-03-19,16.0,2,1,False,0.0
inspection_pack,2025-03-19,16.0,2,1,False,0.0
laser,2025-03-20,40.0,3,2,False,0.0
punch,2025-03-20,8.0,1,1,False,0.0
press_brake,2025-03-20,76.0,5,2,False,4.0
hardware,2025-03-20,16.0,2,1,False,0.0
weld,2025-03-20,48.0,6,1,False,0.0
robotic_weld,2025-03-20,8.0,1,1,False,0.0
grind_deburr,2025-03-20,16.0,2,1,False,0.0
powder_coat,2025-03-20,8.0,1,1,False,0.0
assembly,2025-03-20,16.0,2,1,False,0.0
inspection_pack,2025-03-20,16.0,2,1,False,0.0
laser,2025-03-21,40.0,3,2,False,0.0
punch,2025-03-21,8.0,1,1,False,0.0
press_brake,2025-03-21,72.0,5,2,False,0.0
hardware,2025-03-21,16.0,2,1,False,0.0
weld,2025-03-21,48.0,6,1,False,0.0
robotic_weld,2025-03-21,8.0,1,1,False,0.0
grind_deburr,2025-03-21,16.0,2,1,False,0.0
powder_coat,2025-03-21,8.0,1,1,False,0.0
assembly,2025-03-21,16.0,2,1,False,0.0
inspection_pack,2025-03-21,16.0,2,1,False,0.0
press_brake,2025-03-22,16.0,5,1,True,0.0
laser,2025-03-24,40.0,3,2,False,0.0
punch,2025-03-24,8.0,1,1,False,0.0
press_brake,2025-03-24,76.0,5,2,False,4.0
hardware,2025-03-24,16.0,2,1,False,0.0
weld,2025-03-24,48.0,6,1,False,0.0
robotic_weld,2025-03-24,8.0,1,1,False,0.0
grind_deburr,2025-03-24,16.0,2,1,False,0.0
powder_coat,2025-03-24,8.0,1,1,False,0.0
assembly,2025-03-24,16.0,2,1,False,0.0
inspection_pack,2025-03-24,16.0,2,1,False,0.0
laser,2025-03-25,40.0,3,2,False,0.0
punch,2025-03-25,8.0,1,1,False,0.0
press_brake,2025-03-25,76.0,5,2,False,4.0
hardware,2025-03-25,16.0,2,1,False,0.0
weld,2025-03-25,48.0,6,1,False,0.0
robotic_weld,2025-03-25,8.0,1,1,False,0.0
grind_deburr,2025-03-25,16.0,2,1,False,0.0
powder_coat,2025-03-25,10.0,1,1,False,0.0
assembly,2025-03-25,16.0,2,1,False,0.0
inspection_pack,2025-03-25,16.0,2,1,False,0.0
laser,2025-03-26,40.0,3,2,False,0.0
punch,2025-03-26,8.0,1,1,False,0.0
press_brake,2025-03-26,72.0,5,2,False,0.0
hardware,2025-03-26,16.0,2,1,False,0.0
weld,2025-03-26,48.0,6,1,False,0.0
robotic_weld,2025-03-26,8.0,1,1,False,0.0
grind_deburr,2025-03-26,16.0,2,1,False,0.0
powder_coat,2025-03-26,8.0,1,1,False,0.0
assembly,2025-03-26,16.0,2,1,False,0.0
inspection_pack,2025-03-26,16.0,2,1,False,0.0
laser,2025-03-27,40.0,3,2,False,0.0
punch,2025-03-27,8.0,1,1,False,0.0
press_brake,2025-03-27,72.0,5,2,False,0.0
hardware,2025-03-27,16.0,2,1,False,0.0
weld,2025-03-27,48.0,6,1,False,0.0
robotic_weld,2025-03-27,8.0,1,1,False,0.0
grind_deburr,2025-03-27,16.0,2,1,False,0.0
powder_coat,2025-03-27,10.0,1,1,False,0.0
assembly,2025-03-27,16.0,2,1,False,0.0
inspection_pack,2025-03-27,16.0,2,1,False,0.0
laser,2025-03-28,40.0,3,2,False,0.0
punch,2025-03-28,8.0,1,1,False,0.0
press_brake,2025-03-28,72.0,5,2,False,0.0
hardware,2025-03-28,16.0,2,1,False,0.0
weld,2025-03-28,48.0,6,1,False,0.0
robotic_weld,2025-03-28,8.0,1,1,False,0.0
grind_deburr,2025-03-28,16.0,2,1,False,0.0
powder_coat,2025-03-28,8.0,1,1,False,0.0
assembly,2025-03-28,16.0,2,1,False,0.0
inspection_pack,2025-03-28,16.0,2,1,False,0.0
laser,2025-03-29,24.0,3,1,True,0.0
press_brake,2025-03-29,16.0,5,1,True,0.0
laser,2025-03-31,40.0,3,2,False,0.0
punch,2025-03-31,8.0,1,1,False,0.0
press_brake,2025-03-31,72.0,5,2,False,0.0
hardware,2025-03-31,16.0,2,1,False,0.0
weld,2025-03-31,48.0,6,1,False,0.0
robotic_weld,2025-03-31,8.0,1,1,False,0.0
grind_deburr,2025-03-31,16.0,2,1,False,0.0
powder_coat,2025-03-31,8.0,1,1,False,0.0
assembly,2025-03-31,16.0,2,1,False,0.0
inspection_pack,2025-03-31,16.0,2,1,False,0.0
laser,2025-04-01,40.0,3,2,False,0.0
punch,2025-04-01,8.0,1,1,False,0.0
press_brake,2025-04-01,72.0,5,2,False,0.0
hardware,2025-04-01,16.0,2,1,False,0.0
weld,2025-04-01,48.0,6,1,False,0.0
robotic_weld,2025-04-01,8.0,1,1,False,0.0
grind_deburr,2025-04-01,16.0,2,1,False,0.0
powder_coat,2025-04-01,8.0,1,1,False,0.0
assembly,2025-04-01,16.0,2,1,False,0.0
inspection_pack,2025-04-01,16.0,2,1,False,0.0
laser,2025-04-02,40.0,3,2,False,0.0
punch,2025-04-02,8.0,1,1,False,0.0
press_brake,2025-04-02,72.0,5,2,False,0.0
hardware,2025-04-02,16.0,2,1,False,0.0
weld,2025-04-02,48.0,6,1,False,0.0
robotic_weld,2025-04-02,8.0,1,1,False,0.0
grind_deburr,2025-04-02,16.0,2,1,False,0.0
powder_coat,2025-04-02,8.0,1,1,False,0.0
assembly,2025-04-02,16.0,2,1,False,0.0
inspection_pack,2025-04-02,16.0,2,1,False,0.0
laser,2025-04-03,40.0,3,2,False,0.0
punch,2025-04-03,8.0,1,1,False,0.0
press_brake,2025-04-03,72.0,5,2,False,0.0
hardware,2025-04-03,16.0,2,1,False,0.0
weld,2025-04-03,48.0,6,1,False,0.0
robotic_weld,2025-04-03,8.0,1,1,False,0.0
grind_deburr,2025-04-03,16.0,2,1,False,0.0
powder_coat,2025-04-03,8.0,1,1,False,0.0
assembly,2025-04-03,16.0,2,1,False,0.0
inspection_pack,2025-04-03,16.0,2,1,False,0.0
laser,2025-04-04,40.0,3,2,False,0.0
punch,2025-04-04,8.0,1,1,False,0.0
press_brake,2025-04-04,72.0,5,2,False,0.0
hardware,2025-04-04,16.0,2,1,False,0.0
weld,2025-04-04,48.0,6,1,False,0.0
robotic_weld,2025-04-04,8.0,1,1,False,0.0
grind_deburr,2025-04-04,16.0,2,1,False,0.0
powder_coat,2025-04-04,8.0,1,1,False,0.0
assembly,2025-04-04,16.0,2,1,False,0.0
inspection_pack,2025-04-04,16.0,2,1,False,0.0
laser,2025-04-07,40.0,3,2,False,0.0
punch,2025-04-07,8.0,1,1,False,0.0
press_brake,2025-04-07,72.0,5,2,False,0.0
hardware,2025-04-07,16.0,2,1,False,0.0
weld,2025-04-07,48.0,6,1,False,0.0
robotic_weld,2025-04-07,8.0,1,1,False,0.0
grind_deburr,2025-04-07,16.0,2,1,False,0.0
powder_coat,2025-04-07,8.0,1,1,False,0.0
assembly,2025-04-07,16.0,2,1,False,0.0
inspection_pack,2025-04-07,16.0,2,1,False,0.0
laser,2025-04-08,40.0,3,2,False,0.0
punch,2025-04-08,8.0,1,1,False,0.0
press_brake,2025-04-08,72.0,5,2,False,0.0
hardware,2025-04-08,16.0,2,1,False,0.0
weld,2025-04-08,48.0,6,1,False,0.0
robotic_weld,2025-04-08,8.0,1,1,False,0.0
grind_deburr,2025-04-08,16.0,2,1,False,0.0
powder_coat,2025-04-08,8.0,1,1,False,0.0
assembly,2025-04-08,16.0,2,1,False,0.0
inspection_pack,2025-04-08,16.0,2,1,False,0.0
laser,2025-04-09,40.0,3,2,False,0.0
punch,2025-04-09,8.0,1,1,False,0.0
press_brake,2025-04-09,72.0,5,2,False,0.0
hardware,2025-04-09,16.0,2,1,False,0.0
weld,2025-04-09,48.0,6,1,False,0.0
robotic_weld,2025-04-09,8.0,1,1,False,0.0
grind_deburr,2025-04-09,16.0,2,1,False,0.0
powder_coat,2025-04-09,8.0,1,1,False,0.0
assembly,2025-04-09,16.0,2,1,False,0.0
inspection_pack,2025-04-09,16.0,2,1,False,0.0
laser,2025-04-10,40.0,3,2,False,0.0
punch,2025-04-10,8.0,1,1,False,0.0
press_brake,2025-04-10,72.0,5,2,False,0.0
hardware,2025-04-10,16.0,2,1,False,0.0
weld,2025-04-10,48.0,6,1,False,0.0
robotic_weld,2025-04-10,8.0,1,1,False,0.0
grind_deburr,2025-04-10,16.0,2,1,False,0.0
powder_coat,2025-04-10,8.0,1,1,False,0.0
assembly,2025-04-10,16.0,2,1,False,0.0
inspection_pack,2025-04-10,16.0,2,1,False,0.0
laser,2025-04-11,40.0,3,2,False,0.0
punch,2025-04-11,8.0,1,1,False,0.0
press_brake,2025-04-11,72.0,5,2,False,0.0
hardware,2025-04-11,16.0,2,1,False,0.0
weld,2025-04-11,48.0,6,1,False,0.0
robotic_weld,2025-04-11,8.0,1,1,False,0.0
grind_deburr,2025-04-11,16.0,2,1,False,0.0
powder_coat,2025-04-11,8.0,1,1,False,0.0
assembly,2025-04-11,16.0,2,1,False,0.0
inspection_pack,2025-04-11,16.0,2,1,False,0.0
laser,2025-04-14,40.0,3,2,False,0.0
punch,2025-04-14,8.0,1,1,False,0.0
press_brake,2025-04-14,72.0,5,2,False,0.0
hardware,2025-04-14,16.0,2,1,False,0.0
weld,2025-04-14,48.0,6,1,False,0.0
robotic_weld,2025-04-14,8.0,1,1,False,0.0
grind_deburr,2025-04-14,16.0,2,1,False,0.0
powder_coat,2025-04-14,10.0,1,1,False,0.0
assembly,2025-04-14,16.0,2,1,False,0.0
inspection_pack,2025-04-14,16.0,2,1,False,0.0
laser,2025-04-15,40.0,3,2,False,0.0
punch,2025-04-15,8.0,1,1,False,0.0
press_brake,2025-04-15,72.0,5,2,False,0.0
hardware,2025-04-15,16.0,2,1,False,0.0
weld,2025-04-15,48.0,6,1,False,0.0
robotic_weld,2025-04-15,8.0,1,1,False,0.0
grind_deburr,2025-04-15,16.0,2,1,False,0.0
powder_coat,2025-04-15,10.0,1,1,False,0.0
assembly,2025-04-15,16.0,2,1,False,0.0
inspection_pack,2025-04-15,16.0,2,1,False,0.0
laser,2025-04-16,40.0,3,2,False,0.0
punch,2025-04-16,8.0,1,1,False,0.0
press_brake,2025-04-16,72.0,5,2,False,0.0
hardware,2025-04-16,16.0,2,1,False,0.0
weld,2025-04-16,48.0,6,1,False,0.0
robotic_weld,2025-04-16,8.0,1,1,False,0.0
grind_deburr,2025-04-16,16.0,2,1,False,0.0
powder_coat,2025-04-16,8.0,1,1,False,0.0
assembly,2025-04-16,16.0,2,1,False,0.0
inspection_pack,2025-04-16,16.0,2,1,False,0.0
laser,2025-04-17,40.0,3,2,False,0.0
punch,2025-04-17,8.0,1,1,False,0.0
press_brake,2025-04-17,72.0,5,2,False,0.0
hardware,2025-04-17,16.0,2,1,False,0.0
weld,2025-04-17,48.0,6,1,False,0.0
robotic_weld,2025-04-17,8.0,1,1,False,0.0
grind_deburr,2025-04-17,16.0,2,1,False,0.0
powder_coat,2025-04-17,8.0,1,1,False,0.0
assembly,2025-04-17,16.0,2,1,False,0.0
inspection_pack,2025-04-17,16.0,2,1,False,0.0
laser,2025-04-18,40.0,3,2,False,0.0
punch,2025-04-18,8.0,1,1,False,0.0
press_brake,2025-04-18,72.0,5,2,False,0.0
hardware,2025-04-18,16.0,2,1,False,0.0
weld,2025-04-18,48.0,6,1,False,0.0
robotic_weld,2025-04-18,8.0,1,1,False,0.0
grind_deburr,2025-04-18,16.0,2,1,False,0.0
powder_coat,2025-04-18,8.0,1,1,False,0.0
assembly,2025-04-18,16.0,2,1,False,0.0
inspection_pack,2025-04-18,16.0,2,1,False,0.0
laser,2025-04-19,24.0,3,1,True,0.0
press_brake,2025-04-19,16.0,5,1,True,0.0
laser,2025-04-21,40.0,3,2,False,0.0
punch,2025-04-21,8.0,1,1,False,0.0
press_brake,2025-04-21,72.0,5,2,False,0.0
hardware,2025-04-21,16.0,2,1,False,0.0
weld,2025-04-21,48.0,6,1,False,0.0
robotic_weld,2025-04-21,8.0,1,1,False,0.0
grind_deburr,2025-04-21,16.0,2,1,False,0.0
powder_coat,2025-04-21,8.0,1,1,False,0.0
assembly,2025-04-21,16.0,2,1,False,0.0
inspection_pack,2025-04-21,16.0,2,1,False,0.0
laser,2025-04-22,40.0,3,2,False,0.0
punch,2025-04-22,8.0,1,1,False,0.0
press_brake,2025-04-22,72.0,5,2,False,0.0
hardware,2025-04-22,16.0,2,1,False,0.0
weld,2025-04-22,48.0,6,1,False,0.0
robotic_weld,2025-04-22,8.0,1,1,False,0.0
grind_deburr,2025-04-22,16.0,2,1,False,0.0
powder_coat,2025-04-22,8.0,1,1,False,0.0
assembly,2025-04-22,16.0,2,1,False,0.0
inspection_pack,2025-04-22,16.0,2,1,False,0.0
laser,2025-04-23,40.0,3,2,False,0.0
punch,2025-04-23,8.0,1,1,False,0.0
press_brake,2025-04-23,72.0,5,2,False,0.0
hardware,2025-04-23,16.0,2,1,False,0.0
weld,2025-04-23,48.0,6,1,False,0.0
robotic_weld,2025-04-23,8.0,1,1,False,0.0
grind_deburr,2025-04-23,16.0,2,1,False,0.0
powder_coat,2025-04-23,8.0,1,1,False,0.0
assembly,2025-04-23,16.0,2,1,False,0.0
inspection_pack,2025-04-23,16.0,2,1,False,0.0
laser,2025-04-24,40.0,3,2,False,0.0
punch,2025-04-24,8.0,1,1,False,0.0
press_brake,2025-04-24,72.0,5,2,False,0.0
hardware,2025-04-24,16.0,2,1,False,0.0
weld,2025-04-24,48.0,6,1,False,0.0
robotic_weld,2025-04-24,8.0,1,1,False,0.0
grind_deburr,2025-04-24,16.0,2,1,False,0.0
powder_coat,2025-04-24,8.0,1,1,False,0.0
assembly,2025-04-24,16.0,2,1,False,0.0
inspection_pack,2025-04-24,16.0,2,1,False,0.0
laser,2025-04-25,40.0,3,2,False,0.0
punch,2025-04-25,8.0,1,1,False,0.0
press_brake,2025-04-25,72.0,5,2,False,0.0
hardware,2025-04-25,16.0,2,1,False,0.0
weld,2025-04-25,48.0,6,1,False,0.0
robotic_weld,2025-04-25,8.0,1,1,False,0.0
grind_deburr,2025-04-25,16.0,2,1,False,0.0
powder_coat,2025-04-25,8.0,1,1,False,0.0
assembly,2025-04-25,16.0,2,1,False,0.0
inspection_pack,2025-04-25,16.0,2,1,False,0.0
laser,2025-04-28,40.0,3,2,False,0.0
punch,2025-04-28,8.0,1,1,False,0.0
press_brake,2025-04-28,72.0,5,2,False,0.0
hardware,2025-04-28,16.0,2,1,False,0.0
weld,2025-04-28,48.0,6,1,False,0.0
robotic_weld,2025-04-28,8.0,1,1,False,0.0
grind_deburr,2025-04-28,16.0,2,1,False,0.0
powder_coat,2025-04-28,8.0,1,1,False,0.0
assembly,2025-04-28,16.0,2,1,False,0.0
inspection_pack,2025-04-28,16.0,2,1,False,0.0
laser,2025-04-29,40.0,3,2,False,0.0
punch,2025-04-29,8.0,1,1,False,0.0
press_brake,2025-04-29,72.0,5,2,False,0.0
hardware,2025-04-29,16.0,2,1,False,0.0
weld,2025-04-29,48.0,6,1,False,0.0
robotic_weld,2025-04-29,8.0,1,1,False,0.0
grind_deburr,2025-04-29,16.0,2,1,False,0.0
powder_coat,2025-04-29,8.0,1,1,False,0.0
assembly,2025-04-29,16.0,2,1,False,0.0
inspection_pack,2025-04-29,16.0,2,1,False,0.0
laser,2025-04-30,40.0,3,2,False,0.0
punch,2025-04-30,8.0,1,1,False,0.0
press_brake,2025-04-30,72.0,5,2,False,0.0
hardware,2025-04-30,16.0,2,1,False,0.0
weld,2025-04-30,48.0,6,1,False,0.0
robotic_weld,2025-04-30,8.0,1,1,False,0.0
grind_deburr,2025-04-30,16.0,2,1,False,0.0
powder_coat,2025-04-30,8.0,1,1,False,0.0
assembly,2025-04-30,16.0,2,1,False,0.0
inspection_pack,2025-04-30,16.0,2,1,False,0.0
laser,2025-05-01,40.0,3,2,False,0.0
punch,2025-05-01,8.0,1,1,False,0.0
press_brake,2025-05-01,72.0,5,2,False,0.0
hardware,2025-05-01,16.0,2,1,False,0.0
weld,2025-05-01,48.0,6,1,False,0.0
robotic_weld,2025-05-01,8.0,1,1,False,0.0
grind_deburr,2025-05-01,16.0,2,1,False,0.0
powder_coat,2025-05-01,10.0,1,1,False,0.0
assembly,2025-05-01,16.0,2,1,False,0.0
inspection_pack,2025-05-01,16.0,2,1,False,0.0
laser,2025-05-02,40.0,3,2,False,0.0
punch,2025-05-02,8.0,1,1,False,0.0
press_brake,2025-05-02,72.0,5,2,False,0.0
hardware,2025-05-02,16.0,2,1,False,0.0
weld,2025-05-02,48.0,6,1,False,0.0
robotic_weld,2025-05-02,8.0,1,1,False,0.0
grind_deburr,2025-05-02,16.0,2,1,False,0.0
powder_coat,2025-05-02,8.0,1,1,False,0.0
assembly,2025-05-02,16.0,2,1,False,0.0
inspection_pack,2025-05-02,16.0,2,1,False,0.0
laser,2025-05-05,40.0,3,2,False,0.0
punch,2025-05-05,8.0,1,1,False,0.0
press_brake,2025-05-05,72.0,5,2,False,0.0
hardware,2025-05-05,16.0,2,1,False,0.0
weld,2025-05-05,48.0,6,1,False,0.0
robotic_weld,2025-05-05,8.0,1,1,False,0.0
grind_deburr,2025-05-05,16.0,2,1,False,0.0
powder_coat,2025-05-05,10.0,1,1,False,0.0
assembly,2025-05-05,16.0,2,1,False,0.0
inspection_pack,2025-05-05,16.0,2,1,False,0.0
laser,2025-05-06,40.0,3,2,False,0.0
punch,2025-05-06,8.0,1,1,False,0.0
press_brake,2025-05-06,72.0,5,2,False,0.0
hardware,2025-05-06,16.0,2,1,False,0.0
weld,2025-05-06,48.0,6,1,False,0.0
robotic_weld,2025-05-06,8.0,1,1,False,0.0
grind_deburr,2025-05-06,16.0,2,1,False,0.0
powder_coat,2025-05-06,8.0,1,1,False,0.0
assembly,2025-05-06,16.0,2,1,False,0.0
inspection_pack,2025-05-06,16.0,2,1,False,0.0
laser,2025-05-07,40.0,3,2,False,0.0
punch,2025-05-07,8.0,1,1,False,0.0
press_brake,2025-05-07,72.0,5,2,False,0.0
hardware,2025-05-07,16.0,2,1,False,0.0
weld,2025-05-07,48.0,6,1,False,0.0
robotic_weld,2025-05-07,8.0,1,1,False,0.0
grind_deburr,2025-05-07,16.0,2,1,False,0.0
powder_coat,2025-05-07,8.0,1,1,False,0.0
assembly,2025-05-07,16.0,2,1,False,0.0
inspection_pack,2025-05-07,16.0,2,1,False,0.0
laser,2025-05-08,40.0,3,2,False,0.0
punch,2025-05-08,8.0,1,1,False,0.0
press_brake,2025-05-08,72.0,5,2,False,0.0
hardware,2025-05-08,16.0,2,1,False,0.0
weld,2025-05-08,48.0,6,1,False,0.0
robotic_weld,2025-05-08,8.0,1,1,False,0.0
grind_deburr,2025-05-08,16.0,2,1,False,0.0
powder_coat,2025-05-08,8.0,1,1,False,0.0
assembly,2025-05-08,16.0,2,1,False,0.0
inspection_pack,2025-05-08,16.0,2,1,False,0.0
laser,2025-05-09,40.0,3,2,False,0.0
punch,2025-05-09,8.0,1,1,False,0.0
press_brake,2025-05-09,72.0,5,2,False,0.0
hardware,2025-05-09,16.0,2,1,False,0.0
weld,2025-05-09,48.0,6,1,False,0.0
robotic_weld,2025-05-09,8.0,1,1,False,0.0
grind_deburr,2025-05-09,16.0,2,1,False,0.0
powder_coat,2025-05-09,8.0,1,1,False,0.0
assembly,2025-05-09,16.0,2,1,False,0.0
inspection_pack,2025-05-09,16.0,2,1,False,0.0
laser,2025-05-12,40.0,3,2,False,0.0
punch,2025-05-12,8.0,1,1,False,0.0
press_brake,2025-05-12,72.0,5,2,False,0.0
hardware,2025-05-12,16.0,2,1,False,0.0
weld,2025-05-12,48.0,6,1,False,0.0
robotic_weld,2025-05-12,8.0,1,1,False,0.0
grind_deburr,2025-05-12,16.0,2,1,False,0.0
powder_coat,2025-05-12,8.0,1,1,False,0.0
assembly,2025-05-12,16.0,2,1,False,0.0
inspection_pack,2025-05-12,16.0,2,1,False,0.0
laser,2025-05-13,40.0,3,2,False,0.0
punch,2025-05-13,8.0,1,1,False,0.0
press_brake,2025-05-13,72.0,5,2,False,0.0
hardware,2025-05-13,16.0,2,1,False,0.0
weld,2025-05-13,48.0,6,1,False,0.0
robotic_weld,2025-05-13,8.0,1,1,False,0.0
grind_deburr,2025-05-13,16.0,2,1,False,0.0
powder_coat,2025-05-13,8.0,1,1,False,0.0
assembly,2025-05-13,16.0,2,1,False,0.0
inspection_pack,2025-05-13,16.0,2,1,False,0.0
laser,2025-05-14,40.0,3,2,False,0.0
punch,2025-05-14,8.0,1,1,False,0.0
press_brake,2025-05-14,72.0,5,2,False,0.0
hardware,2025-05-14,16.0,2,1,False,0.0
weld,2025-05-14,48.0,6,1,False,0.0
robotic_weld,2025-05-14,8.0,1,1,False,0.0
grind_deburr,2025-05-14,16.0,2,1,False,0.0
powder_coat,2025-05-14,8.0,1,1,False,0.0
assembly,2025-05-14,16.0,2,1,False,0.0
inspection_pack,2025-05-14,16.0,2,1,False,0.0
laser,2025-05-15,40.0,3,2,False,0.0
punch,2025-05-15,8.0,1,1,False,0.0
press_brake,2025-05-15,72.0,5,2,False,0.0
hardware,2025-05-15,16.0,2,1,False,0.0
weld,2025-05-15,48.0,6,1,False,0.0
robotic_weld,2025-05-15,8.0,1,1,False,0.0
grind_deburr,2025-05-15,16.0,2,1,False,0.0
powder_coat,2025-05-15,8.0,1,1,False,0.0
assembly,2025-05-15,16.0,2,1,False,0.0
inspection_pack,2025-05-15,16.0,2,1,False,0.0
laser,2025-05-16,40.0,3,2,False,0.0
punch,2025-05-16,8.0,1,1,False,0.0
press_brake,2025-05-16,72.0,5,2,False,0.0
hardware,2025-05-16,16.0,2,1,False,0.0
weld,2025-05-16,48.0,6,1,False,0.0
robotic_weld,2025-05-16,8.0,1,1,False,0.0
grind_deburr,2025-05-16,16.0,2,1,False,0.0
powder_coat,2025-05-16,8.0,1,1,False,0.0
assembly,2025-05-16,16.0,2,1,False,0.0
inspection_pack,2025-05-16,16.0,2,1,False,0.0
laser,2025-05-19,40.0,3,2,False,0.0
punch,2025-05-19,8.0,1,1,False,0.0
press_brake,2025-05-19,72.0,5,2,False,0.0
hardware,2025-05-19,16.0,2,1,False,0.0
weld,2025-05-19,48.0,6,1,False,0.0
robotic_weld,2025-05-19,8.0,1,1,False,0.0
grind_deburr,2025-05-19,16.0,2,1,False,0.0
powder_coat,2025-05-19,8.0,1,1,False,0.0
assembly,2025-05-19,16.0,2,1,False,0.0
inspection_pack,2025-05-19,16.0,2,1,False,0.0
laser,2025-05-20,40.0,3,2,False,0.0
punch,2025-05-20,8.0,1,1,False,0.0
press_brake,2025-05-20,72.0,5,2,False,0.0
hardware,2025-05-20,16.0,2,1,False,0.0
weld,2025-05-20,48.0,6,1,False,0.0
robotic_weld,2025-05-20,8.0,1,1,False,0.0
grind_deburr,2025-05-20,16.0,2,1,False,0.0
powder_coat,2025-05-20,10.0,1,1,False,0.0
assembly,2025-05-20,16.0,2,1,False,0.0
inspection_pack,2025-05-20,16.0,2,1,False,0.0
laser,2025-05-21,40.0,3,2,False,0.0
punch,2025-05-21,8.0,1,1,False,0.0
press_brake,2025-05-21,72.0,5,2,False,0.0
hardware,2025-05-21,16.0,2,1,False,0.0
weld,2025-05-21,48.0,6,1,False,0.0
robotic_weld,2025-05-21,8.0,1,1,False,0.0
grind_deburr,2025-05-21,16.0,2,1,False,0.0
powder_coat,2025-05-21,10.0,1,1,False,0.0
assembly,2025-05-21,16.0,2,1,False,0.0
inspection_pack,2025-05-21,16.0,2,1,False,0.0
laser,2025-05-22,40.0,3,2,False,0.0
punch,2025-05-22,8.0,1,1,False,0.0
press_brake,2025-05-22,72.0,5,2,False,0.0
hardware,2025-05-22,16.0,2,1,False,0.0
weld,2025-05-22,48.0,6,1,False,0.0
robotic_weld,2025-05-22,8.0,1,1,False,0.0
grind_deburr,2025-05-22,16.0,2,1,False,0.0
powder_coat,2025-05-22,8.0,1,1,False,0.0
assembly,2025-05-22,16.0,2,1,False,0.0
inspection_pack,2025-05-22,16.0,2,1,False,0.0
laser,2025-05-23,40.0,3,2,False,0.0
punch,2025-05-23,8.0,1,1,False,0.0
press_brake,2025-05-23,72.0,5,2,False,0.0
hardware,2025-05-23,16.0,2,1,False,0.0
weld,2025-05-23,48.0,6,1,False,0.0
robotic_weld,2025-05-23,8.0,1,1,False,0.0
grind_deburr,2025-05-23,16.0,2,1,False,0.0
powder_coat,2025-05-23,8.0,1,1,False,0.0
assembly,2025-05-23,16.0,2,1,False,0.0
inspection_pack,2025-05-23,16.0,2,1,False,0.0
laser,2025-05-27,40.0,3,2,False,0.0
punch,2025-05-27,8.0,1,1,False,0.0
press_brake,2025-05-27,72.0,5,2,False,0.0
hardware,2025-05-27,16.0,2,1,False,0.0
weld,2025-05-27,48.0,6,1,False,0.0
robotic_weld,2025-05-27,8.0,1,1,False,0.0
grind_deburr,2025-05-27,16.0,2,1,False,0.0
powder_coat,2025-05-27,8.0,1,1,False,0.0
assembly,2025-05-27,16.0,2,1,False,0.0
inspection_pack,2025-05-27,16.0,2,1,False,0.0
laser,2025-05-28,40.0,3,2,False,0.0
punch,2025-05-28,8.0,1,1,False,0.0
press_brake,2025-05-28,72.0,5,2,False,0.0
hardware,2025-05-28,16.0,2,1,False,0.0
weld,2025-05-28,48.0,6,1,False,0.0
robotic_weld,2025-05-28,8.0,1,1,False,0.0
grind_deburr,2025-05-28,16.0,2,1,False,0.0
powder_coat,2025-05-28,8.0,1,1,False,0.0
assembly,2025-05-28,16.0,2,1,False,0.0
inspection_pack,2025-05-28,16.0,2,1,False,0.0
laser,2025-05-29,40.0,3,2,False,0.0
punch,2025-05-29,8.0,1,1,False,0.0
press_brake,2025-05-29,72.0,5,2,False,0.0
hardware,2025-05-29,16.0,2,1,False,0.0
weld,2025-05-29,48.0,6,1,False,0.0
robotic_weld,2025-05-29,8.0,1,1,False,0.0
grind_deburr,2025-05-29,16.0,2,1,False,0.0
powder_coat,2025-05-29,8.0,1,1,False,0.0
assembly,2025-05-29,16.0,2,1,False,0.0
inspection_pack,2025-05-29,16.0,2,1,False,0.0
laser,2025-05-30,40.0,3,2,False,0.0
punch,2025-05-30,8.0,1,1,False,0.0
press_brake,2025-05-30,72.0,5,2,False,0.0
hardware,2025-05-30,16.0,2,1,False,0.0
weld,2025-05-30,48.0,6,1,False,0.0
robotic_weld,2025-05-30,8.0,1,1,False,0.0
grind_deburr,2025-05-30,16.0,2,1,False,0.0
powder_coat,2025-05-30,8.0,1,1,False,0.0
assembly,2025-05-30,16.0,2,1,False,0.0
inspection_pack,2025-05-30,16.0,2,1,False,0.0
laser,2025-06-02,40.0,3,2,False,0.0
punch,2025-06-02,8.0,1,1,False,0.0
press_brake,2025-06-02,72.0,5,2,False,0.0
hardware,2025-06-02,16.0,2,1,False,0.0
weld,2025-06-02,48.0,6,1,False,0.0
robotic_weld,2025-06-02,8.0,1,1,False,0.0
grind_deburr,2025-06-02,16.0,2,1,False,0.0
powder_coat,2025-06-02,8.0,1,1,False,0.0
assembly,2025-06-02,16.0,2,1,False,0.0
inspection_pack,2025-06-02,16.0,2,1,False,0.0
laser,2025-06-03,40.0,3,2,False,0.0
punch,2025-06-03,8.0,1,1,False,0.0
press_brake,2025-06-03,72.0,5,2,False,0.0
hardware,2025-06-03,16.0,2,1,False,0.0
weld,2025-06-03,48.0,6,1,False,0.0
robotic_weld,2025-06-03,8.0,1,1,False,0.0
grind_deburr,2025-06-03,16.0,2,1,False,0.0
powder_coat,2025-06-03,8.0,1,1,False,0.0
assembly,2025-06-03,16.0,2,1,False,0.0
inspection_pack,2025-06-03,16.0,2,1,False,0.0
laser,2025-06-04,40.0,3,2,False,0.0
punch,2025-06-04,8.0,1,1,False,0.0
press_brake,2025-06-04,72.0,5,2,False,0.0
hardware,2025-06-04,16.0,2,1,False,0.0
weld,2025-06-04,48.0,6,1,False,0.0
robotic_weld,2025-06-04,8.0,1,1,False,0.0
grind_deburr,2025-06-04,16.0,2,1,False,0.0
powder_coat,2025-06-04,8.0,1,1,False,0.0
assembly,2025-06-04,16.0,2,1,False,0.0
inspection_pack,2025-06-04,16.0,2,1,False,0.0
laser,2025-06-05,40.0,3,2,False,0.0
punch,2025-06-05,8.0,1,1,False,0.0
press_brake,2025-06-05,72.0,5,2,False,0.0
hardware,2025-06-05,16.0,2,1,False,0.0
weld,2025-06-05,48.0,6,1,False,0.0
robotic_weld,2025-06-05,8.0,1,1,False,0.0
grind_deburr,2025-06-05,16.0,2,1,False,0.0
powder_coat,2025-06-05,8.0,1,1,False,0.0
assembly,2025-06-05,16.0,2,1,False,0.0
inspection_pack,2025-06-05,16.0,2,1,False,0.0
laser,2025-06-06,40.0,3,2,False,0.0
punch,2025-06-06,8.0,1,1,False,0.0
press_brake,2025-06-06,72.0,5,2,False,0.0
hardware,2025-06-06,16.0,2,1,False,0.0
weld,2025-06-06,48.0,6,1,False,0.0
robotic_weld,2025-06-06,8.0,1,1,False,0.0
grind_deburr,2025-06-06,16.0,2,1,False,0.0
powder_coat,2025-06-06,8.0,1,1,False,0.0
assembly,2025-06-06,16.0,2,1,False,0.0
inspection_pack,2025-06-06,16.0,2,1,False,0.0
laser,2025-06-09,40.0,3,2,False,0.0
punch,2025-06-09,8.0,1,1,False,0.0
press_brake,2025-06-09,72.0,5,2,False,0.0
hardware,2025-06-09,16.0,2,1,False,0.0
weld,2025-06-09,48.0,6,1,False,0.0
robotic_weld,2025-06-09,8.0,1,1,False,0.0
grind_deburr,2025-06-09,16.0,2,1,False,0.0
powder_coat,2025-06-09,8.0,1,1,False,0.0
assembly,2025-06-09,16.0,2,1,False,0.0
inspection_pack,2025-06-09,16.0,2,1,False,0.0
laser,2025-06-10,40.0,3,2,False,0.0
punch,2025-06-10,8.0,1,1,False,0.0
press_brake,2025-06-10,72.0,5,2,False,0.0
hardware,2025-06-10,16.0,2,1,False,0.0
weld,2025-06-10,48.0,6,1,False,0.0
robotic_weld,2025-06-10,8.0,1,1,False,0.0
grind_deburr,2025-06-10,16.0,2,1,False,0.0
powder_coat,2025-06-10,8.0,1,1,False,0.0
assembly,2025-06-10,16.0,2,1,False,0.0
inspection_pack,2025-06-10,16.0,2,1,False,0.0
laser,2025-06-11,40.0,3,2,False,0.0
punch,2025-06-11,8.0,1,1,False,0.0
press_brake,2025-06-11,72.0,5,2,False,0.0
hardware,2025-06-11,16.0,2,1,False,0.0
weld,2025-06-11,48.0,6,1,False,0.0
robotic_weld,2025-06-11,8.0,1,1,False,0.0
grind_deburr,2025-06-11,16.0,2,1,False,0.0
powder_coat,2025-06-11,8.0,1,1,False,0.0
assembly,2025-06-11,16.0,2,1,False,0.0
inspection_pack,2025-06-11,16.0,2,1,False,0.0
laser,2025-06-12,40.0,3,2,False,0.0
punch,2025-06-12,8.0,1,1,False,0.0
press_brake,2025-06-12,72.0,5,2,False,0.0
hardware,2025-06-12,16.0,2,1,False,0.0
weld,2025-06-12,48.0,6,1,False,0.0
robotic_weld,2025-06-12,8.0,1,1,False,0.0
grind_deburr,2025-06-12,16.0,2,1,False,0.0
powder_coat,2025-06-12,8.0,1,1,False,0.0
assembly,2025-06-12,16.0,2,1,False,0.0
inspection_pack,2025-06-12,16.0,2,1,False,0.0
laser,2025-06-13,40.0,3,2,False,0.0
punch,2025-06-13,8.0,1,1,False,0.0
press_brake,2025-06-13,72.0,5,2,False,0.0
hardware,2025-06-13,16.0,2,1,False,0.0
weld,2025-06-13,48.0,6,1,False,0.0
robotic_weld,2025-06-13,8.0,1,1,False,0.0
grind_deburr,2025-06-13,16.0,2,1,False,0.0
powder_coat,2025-06-13,8.0,1,1,False,0.0
assembly,2025-06-13,16.0,2,1,False,0.0
inspection_pack,2025-06-13,16.0,2,1,False,0.0
laser,2025-06-16,40.0,3,2,False,0.0
punch,2025-06-16,8.0,1,1,False,0.0
press_brake,2025-06-16,72.0,5,2,False,0.0
hardware,2025-06-16,16.0,2,1,False,0.0
weld,2025-06-16,48.0,6,1,False,0.0
robotic_weld,2025-06-16,8.0,1,1,False,0.0
grind_deburr,2025-06-16,16.0,2,1,False,0.0
powder_coat,2025-06-16,8.0,1,1,False,0.0
assembly,2025-06-16,16.0,2,1,False,0.0
inspection_pack,2025-06-16,16.0,2,1,False,0.0
laser,2025-06-17,40.0,3,2,False,0.0
punch,2025-06-17,8.0,1,1,False,0.0
press_brake,2025-06-17,72.0,5,2,False,0.0
hardware,2025-06-17,16.0,2,1,False,0.0
weld,2025-06-17,48.0,6,1,False,0.0
robotic_weld,2025-06-17,8.0,1,1,False,0.0
grind_deburr,2025-06-17,16.0,2,1,False,0.0
powder_coat,2025-06-17,10.0,1,1,False,0.0
assembly,2025-06-17,16.0,2,1,False,0.0
inspection_pack,2025-06-17,16.0,2,1,False,0.0
laser,2025-06-18,40.0,3,2,False,0.0
punch,2025-06-18,8.0,1,1,False,0.0
press_brake,2025-06-18,72.0,5,2,False,0.0
hardware,2025-06-18,16.0,2,1,False,0.0
weld,2025-06-18,48.0,6,1,False,0.0
robotic_weld,2025-06-18,8.0,1,1,False,0.0
grind_deburr,2025-06-18,16.0,2,1,False,0.0
powder_coat,2025-06-18,10.0,1,1,False,0.0
assembly,2025-06-18,16.0,2,1,False,0.0
inspection_pack,2025-06-18,16.0,2,1,False,0.0
laser,2025-06-19,40.0,3,2,False,0.0
punch,2025-06-19,8.0,1,1,False,0.0
press_brake,2025-06-19,72.0,5,2,False,0.0
hardware,2025-06-19,16.0,2,1,False,0.0
weld,2025-06-19,48.0,6,1,False,0.0
robotic_weld,2025-06-19,8.0,1,1,False,0.0
grind_deburr,2025-06-19,16.0,2,1,False,0.0
powder_coat,2025-06-19,10.0,1,1,False,0.0
assembly,2025-06-19,16.0,2,1,False,0.0
inspection_pack,2025-06-19,16.0,2,1,False,0.0
laser,2025-06-20,40.0,3,2,False,0.0
punch,2025-06-20,8.0,1,1,False,0.0
press_brake,2025-06-20,72.0,5,2,False,0.0
hardware,2025-06-20,16.0,2,1,False,0.0
weld,2025-06-20,48.0,6,1,False,0.0
robotic_weld,2025-06-20,8.0,1,1,False,0.0
grind_deburr,2025-06-20,16.0,2,1,False,0.0
powder_coat,2025-06-20,10.0,1,1,False,0.0
assembly,2025-06-20,16.0,2,1,False,0.0
inspection_pack,2025-06-20,16.0,2,1,False,0.0
laser,2025-06-23,40.0,3,2,False,0.0
punch,2025-06-23,8.0,1,1,False,0.0
press_brake,2025-06-23,72.0,5,2,False,0.0
hardware,2025-06-23,16.0,2,1,False,0.0
weld,2025-06-23,48.0,6,1,False,0.0
robotic_weld,2025-06-23,8.0,1,1,False,0.0
grind_deburr,2025-06-23,16.0,2,1,False,0.0
powder_coat,2025-06-23,10.0,1,1,False,0.0
assembly,2025-06-23,16.0,2,1,False,0.0
inspection_pack,2025-06-23,16.0,2,1,False,0.0
laser,2025-06-24,40.0,3,2,False,0.0
punch,2025-06-24,8.0,1,1,False,0.0
press_brake,2025-06-24,72.0,5,2,False,0.0
hardware,2025-06-24,16.0,2,1,False,0.0
weld,2025-06-24,48.0,6,1,False,0.0
robotic_weld,2025-06-24,8.0,1,1,False,0.0
grind_deburr,2025-06-24,16.0,2,1,False,0.0
powder_coat,2025-06-24,8.0,1,1,False,0.0
assembly,2025-06-24,16.0,2,1,False,0.0
inspection_pack,2025-06-24,16.0,2,1,False,0.0
laser,2025-06-25,40.0,3,2,False,0.0
punch,2025-06-25,8.0,1,1,False,0.0
press_brake,2025-06-25,72.0,5,2,False,0.0
hardware,2025-06-25,16.0,2,1,False,0.0
weld,2025-06-25,48.0,6,1,False,0.0
robotic_weld,2025-06-25,8.0,1,1,False,0.0
grind_deburr,2025-06-25,16.0,2,1,False,0.0
powder_coat,2025-06-25,8.0,1,1,False,0.0
assembly,2025-06-25,16.0,2,1,False,0.0
inspection_pack,2025-06-25,16.0,2,1,False,0.0
laser,2025-06-26,40.0,3,2,False,0.0
punch,2025-06-26,8.0,1,1,False,0.0
press_brake,2025-06-26,72.0,5,2,False,0.0
hardware,2025-06-26,16.0,2,1,False,0.0
weld,2025-06-26,48.0,6,1,False,0.0
robotic_weld,2025-06-26,8.0,1,1,False,0.0
grind_deburr,2025-06-26,16.0,2,1,False,0.0
powder_coat,2025-06-26,8.0,1,1,False,0.0
assembly,2025-06-26,16.0,2,1,False,0.0
inspection_pack,2025-06-26,16.0,2,1,False,0.0
laser,2025-06-27,40.0,3,2,False,0.0
punch,2025-06-27,8.0,1,1,False,0.0
press_brake,2025-06-27,72.0,5,2,False,0.0
hardware,2025-06-27,16.0,2,1,False,0.0
weld,2025-06-27,48.0,6,1,False,0.0
robotic_weld,2025-06-27,8.0,1,1,False,0.0
grind_deburr,2025-06-27,16.0,2,1,False,0.0
powder_coat,2025-06-27,8.0,1,1,False,0.0
assembly,2025-06-27,16.0,2,1,False,0.0
inspection_pack,2025-06-27,16.0,2,1,False,0.0
laser,2025-06-30,40.0,3,2,False,0.0
punch,2025-06-30,8.0,1,1,False,0.0
press_brake,2025-06-30,72.0,5,2,False,0.0
hardware,2025-06-30,16.0,2,1,False,0.0
weld,2025-06-30,48.0,6,1,False,0.0
robotic_weld,2025-06-30,8.0,1,1,False,0.0
grind_deburr,2025-06-30,16.0,2,1,False,0.0
powder_coat,2025-06-30,8.0,1,1,False,0.0
assembly,2025-06-30,16.0,2,1,False,0.0
inspection_pack,2025-06-30,16.0,2,1,False,0.0
laser,2025-07-01,40.0,3,2,False,0.0
punch,2025-07-01,8.0,1,1,False,0.0
press_brake,2025-07-01,72.0,5,2,False,0.0
hardware,2025-07-01,16.0,2,1,False,0.0
weld,2025-07-01,48.0,6,1,False,0.0
robotic_weld,2025-07-01,8.0,1,1,False,0.0
grind_deburr,2025-07-01,16.0,2,1,False,0.0
powder_coat,2025-07-01,8.0,1,1,False,0.0
assembly,2025-07-01,16.0,2,1,False,0.0
inspection_pack,2025-07-01,16.0,2,1,False,0.0
laser,2025-07-02,40.0,3,2,False,0.0
punch,2025-07-02,8.0,1,1,False,0.0
press_brake,2025-07-02,72.0,5,2,False,0.0
hardware,2025-07-02,16.0,2,1,False,0.0
weld,2025-07-02,48.0,6,1,False,0.0
robotic_weld,2025-07-02,8.0,1,1,False,0.0
grind_deburr,2025-07-02,16.0,2,1,False,0.0
powder_coat,2025-07-02,8.0,1,1,False,0.0
assembly,2025-07-02,16.0,2,1,False,0.0
inspection_pack,2025-07-02,16.0,2,1,False,0.0
laser,2025-07-03,40.0,3,2,False,0.0
punch,2025-07-03,8.0,1,1,False,0.0
press_brake,2025-07-03,72.0,5,2,False,0.0
hardware,2025-07-03,16.0,2,1,False,0.0
weld,2025-07-03,48.0,6,1,False,0.0
robotic_weld,2025-07-03,8.0,1,1,False,0.0
grind_deburr,2025-07-03,16.0,2,1,False,0.0
powder_coat,2025-07-03,8.0,1,1,False,0.0
assembly,2025-07-03,16.0,2,1,False,0.0
inspection_pack,2025-07-03,16.0,2,1,False,0.0
laser,2025-07-07,40.0,3,2,False,0.0
punch,2025-07-07,8.0,1,1,False,0.0
press_brake,2025-07-07,72.0,5,2,False,0.0
hardware,2025-07-07,16.0,2,1,False,0.0
weld,2025-07-07,48.0,6,1,False,0.0
robotic_weld,2025-07-07,8.0,1,1,False,0.0
grind_deburr,2025-07-07,16.0,2,1,False,0.0
powder_coat,2025-07-07,8.0,1,1,False,0.0
assembly,2025-07-07,16.0,2,1,False,0.0
inspection_pack,2025-07-07,16.0,2,1,False,0.0
laser,2025-07-08,40.0,3,2,False,0.0
punch,2025-07-08,8.0,1,1,False,0.0
press_brake,2025-07-08,72.0,5,2,False,0.0
hardware,2025-07-08,16.0,2,1,False,0.0
weld,2025-07-08,48.0,6,1,False,0.0
robotic_weld,2025-07-08,8.0,1,1,False,0.0
grind_deburr,2025-07-08,16.0,2,1,False,0.0
powder_coat,2025-07-08,8.0,1,1,False,0.0
assembly,2025-07-08,16.0,2,1,False,0.0
inspection_pack,2025-07-08,16.0,2,1,False,0.0
laser,2025-07-09,40.0,3,2,False,0.0
punch,2025-07-09,8.0,1,1,False,0.0
press_brake,2025-07-09,72.0,5,2,False,0.0
hardware,2025-07-09,16.0,2,1,False,0.0
weld,2025-07-09,48.0,6,1,False,0.0
robotic_weld,2025-07-09,8.0,1,1,False,0.0
grind_deburr,2025-07-09,16.0,2,1,False,0.0
powder_coat,2025-07-09,8.0,1,1,False,0.0
assembly,2025-07-09,16.0,2,1,False,0.0
inspection_pack,2025-07-09,16.0,2,1,False,0.0
laser,2025-07-10,40.0,3,2,False,0.0
punch,2025-07-10,8.0,1,1,False,0.0
press_brake,2025-07-10,72.0,5,2,False,0.0
hardware,2025-07-10,16.0,2,1,False,0.0
weld,2025-07-10,48.0,6,1,False,0.0
robotic_weld,2025-07-10,8.0,1,1,False,0.0
grind_deburr,2025-07-10,16.0,2,1,False,0.0
powder_coat,2025-07-10,8.0,1,1,False,0.0
assembly,2025-07-10,16.0,2,1,False,0.0
inspection_pack,2025-07-10,16.0,2,1,False,0.0
laser,2025-07-11,40.0,3,2,False,0.0
punch,2025-07-11,8.0,1,1,False,0.0
press_brake,2025-07-11,72.0,5,2,False,0.0
hardware,2025-07-11,16.0,2,1,False,0.0
weld,2025-07-11,48.0,6,1,False,0.0
robotic_weld,2025-07-11,8.0,1,1,False,0.0
grind_deburr,2025-07-11,16.0,2,1,False,0.0
powder_coat,2025-07-11,10.0,1,1,False,0.0
assembly,2025-07-11,16.0,2,1,False,0.0
inspection_pack,2025-07-11,16.0,2,1,False,0.0
laser,2025-07-14,40.0,3,2,False,0.0
punch,2025-07-14,8.0,1,1,False,0.0
press_brake,2025-07-14,72.0,5,2,False,0.0
hardware,2025-07-14,16.0,2,1,False,0.0
weld,2025-07-14,48.0,6,1,False,0.0
robotic_weld,2025-07-14,8.0,1,1,False,0.0
grind_deburr,2025-07-14,16.0,2,1,False,0.0
powder_coat,2025-07-14,8.0,1,1,False,0.0
assembly,2025-07-14,16.0,2,1,False,0.0
inspection_pack,2025-07-14,16.0,2,1,False,0.0
laser,2025-07-15,40.0,3,2,False,0.0
punch,2025-07-15,8.0,1,1,False,0.0
press_brake,2025-07-15,72.0,5,2,False,0.0
hardware,2025-07-15,16.0,2,1,False,0.0
weld,2025-07-15,48.0,6,1,False,0.0
robotic_weld,2025-07-15,8.0,1,1,False,0.0
grind_deburr,2025-07-15,16.0,2,1,False,0.0
powder_coat,2025-07-15,8.0,1,1,False,0.0
assembly,2025-07-15,16.0,2,1,False,0.0
inspection_pack,2025-07-15,16.0,2,1,False,0.0
laser,2025-07-16,40.0,3,2,False,0.0
punch,2025-07-16,8.0,1,1,False,0.0
press_brake,2025-07-16,72.0,5,2,False,0.0
hardware,2025-07-16,16.0,2,1,False,0.0
weld,2025-07-16,48.0,6,1,False,0.0
robotic_weld,2025-07-16,8.0,1,1,False,0.0
grind_deburr,2025-07-16,16.0,2,1,False,0.0
powder_coat,2025-07-16,8.0,1,1,False,0.0
assembly,2025-07-16,16.0,2,1,False,0.0
inspection_pack,2025-07-16,16.0,2,1,False,0.0
laser,2025-07-17,40.0,3,2,False,0.0
punch,2025-07-17,8.0,1,1,False,0.0
press_brake,2025-07-17,72.0,5,2,False,0.0
hardware,2025-07-17,16.0,2,1,False,0.0
weld,2025-07-17,48.0,6,1,False,0.0
robotic_weld,2025-07-17,8.0,1,1,False,0.0
grind_deburr,2025-07-17,16.0,2,1,False,0.0
powder_coat,2025-07-17,8.0,1,1,False,0.0
assembly,2025-07-17,16.0,2,1,False,0.0
inspection_pack,2025-07-17,16.0,2,1,False,0.0
laser,2025-07-18,40.0,3,2,False,0.0
punch,2025-07-18,8.0,1,1,False,0.0
press_brake,2025-07-18,72.0,5,2,False,0.0
hardware,2025-07-18,16.0,2,1,False,0.0
weld,2025-07-18,48.0,6,1,False,0.0
robotic_weld,2025-07-18,8.0,1,1,False,0.0
grind_deburr,2025-07-18,16.0,2,1,False,0.0
powder_coat,2025-07-18,8.0,1,1,False,0.0
assembly,2025-07-18,16.0,2,1,False,0.0
inspection_pack,2025-07-18,16.0,2,1,False,0.0
laser,2025-07-21,40.0,3,2,False,0.0
punch,2025-07-21,8.0,1,1,False,0.0
press_brake,2025-07-21,72.0,5,2,False,0.0
hardware,2025-07-21,16.0,2,1,False,0.0
weld,2025-07-21,48.0,6,1,False,0.0
robotic_weld,2025-07-21,8.0,1,1,False,0.0
grind_deburr,2025-07-21,16.0,2,1,False,0.0
powder_coat,2025-07-21,8.0,1,1,False,0.0
assembly,2025-07-21,16.0,2,1,False,0.0
inspection_pack,2025-07-21,16.0,2,1,False,0.0
laser,2025-07-22,40.0,3,2,False,0.0
punch,2025-07-22,8.0,1,1,False,0.0
press_brake,2025-07-22,72.0,5,2,False,0.0
hardware,2025-07-22,16.0,2,1,False,0.0
weld,2025-07-22,48.0,6,1,False,0.0
robotic_weld,2025-07-22,8.0,1,1,False,0.0
grind_deburr,2025-07-22,16.0,2,1,False,0.0
powder_coat,2025-07-22,8.0,1,1,False,0.0
assembly,2025-07-22,16.0,2,1,False,0.0
inspection_pack,2025-07-22,16.0,2,1,False,0.0
laser,2025-07-23,40.0,3,2,False,0.0
punch,2025-07-23,8.0,1,1,False,0.0
press_brake,2025-07-23,72.0,5,2,False,0.0
hardware,2025-07-23,16.0,2,1,False,0.0
weld,2025-07-23,48.0,6,1,False,0.0
robotic_weld,2025-07-23,8.0,1,1,False,0.0
grind_deburr,2025-07-23,16.0,2,1,False,0.0
powder_coat,2025-07-23,8.0,1,1,False,0.0
assembly,2025-07-23,16.0,2,1,False,0.0
inspection_pack,2025-07-23,16.0,2,1,False,0.0
laser,2025-07-24,40.0,3,2,False,0.0
punch,2025-07-24,8.0,1,1,False,0.0
press_brake,2025-07-24,72.0,5,2,False,0.0
hardware,2025-07-24,16.0,2,1,False,0.0
weld,2025-07-24,48.0,6,1,False,0.0
robotic_weld,2025-07-24,8.0,1,1,False,0.0
grind_deburr,2025-07-24,16.0,2,1,False,0.0
powder_coat,2025-07-24,10.0,1,1,False,0.0
assembly,2025-07-24,16.0,2,1,False,0.0
inspection_pack,2025-07-24,16.0,2,1,False,0.0
laser,2025-07-25,40.0,3,2,False,0.0
punch,2025-07-25,8.0,1,1,False,0.0
press_brake,2025-07-25,72.0,5,2,False,0.0
hardware,2025-07-25,16.0,2,1,False,0.0
weld,2025-07-25,48.0,6,1,False,0.0
robotic_weld,2025-07-25,8.0,1,1,False,0.0
grind_deburr,2025-07-25,16.0,2,1,False,0.0
powder_coat,2025-07-25,8.0,1,1,False,0.0
assembly,2025-07-25,16.0,2,1,False,0.0
inspection_pack,2025-07-25,16.0,2,1,False,0.0
laser,2025-07-28,40.0,3,2,False,0.0
punch,2025-07-28,8.0,1,1,False,0.0
press_brake,2025-07-28,72.0,5,2,False,0.0
hardware,2025-07-28,16.0,2,1,False,0.0
weld,2025-07-28,48.0,6,1,False,0.0
robotic_weld,2025-07-28,8.0,1,1,False,0.0
grind_deburr,2025-07-28,16.0,2,1,False,0.0
powder_coat,2025-07-28,10.0,1,1,False,0.0
assembly,2025-07-28,16.0,2,1,False,0.0
inspection_pack,2025-07-28,16.0,2,1,False,0.0
laser,2025-07-29,40.0,3,2,False,0.0
punch,2025-07-29,8.0,1,1,False,0.0
press_brake,2025-07-29,72.0,5,2,False,0.0
hardware,2025-07-29,16.0,2,1,False,0.0
weld,2025-07-29,48.0,6,1,False,0.0
robotic_weld,2025-07-29,8.0,1,1,False,0.0
grind_deburr,2025-07-29,16.0,2,1,False,0.0
powder_coat,2025-07-29,8.0,1,1,False,0.0
assembly,2025-07-29,16.0,2,1,False,0.0
inspection_pack,2025-07-29,16.0,2,1,False,0.0
laser,2025-07-30,40.0,3,2,False,0.0
punch,2025-07-30,8.0,1,1,False,0.0
press_brake,2025-07-30,72.0,5,2,False,0.0
hardware,2025-07-30,16.0,2,1,False,0.0
weld,2025-07-30,48.0,6,1,False,0.0
robotic_weld,2025-07-30,8.0,1,1,False,0.0
grind_deburr,2025-07-30,16.0,2,1,False,0.0
powder_coat,2025-07-30,8.0,1,1,False,0.0
assembly,2025-07-30,16.0,2,1,False,0.0
inspection_pack,2025-07-30,16.0,2,1,False,0.0
laser,2025-07-31,40.0,3,2,False,0.0
punch,2025-07-31,8.0,1,1,False,0.0
press_brake,2025-07-31,72.0,5,2,False,0.0
hardware,2025-07-31,16.0,2,1,False,0.0
weld,2025-07-31,48.0,6,1,False,0.0
robotic_weld,2025-07-31,8.0,1,1,False,0.0
grind_deburr,2025-07-31,16.0,2,1,False,0.0
powder_coat,2025-07-31,8.0,1,1,False,0.0
assembly,2025-07-31,16.0,2,1,False,0.0
inspection_pack,2025-07-31,16.0,2,1,False,0.0
laser,2025-08-01,40.0,3,2,False,0.0
punch,2025-08-01,8.0,1,1,False,0.0
press_brake,2025-08-01,72.0,5,2,False,0.0
hardware,2025-08-01,16.0,2,1,False,0.0
weld,2025-08-01,48.0,6,1,False,0.0
robotic_weld,2025-08-01,8.0,1,1,False,0.0
grind_deburr,2025-08-01,16.0,2,1,False,0.0
powder_coat,2025-08-01,8.0,1,1,False,0.0
assembly,2025-08-01,16.0,2,1,False,0.0
inspection_pack,2025-08-01,16.0,2,1,False,0.0
laser,2025-08-04,40.0,3,2,False,0.0
punch,2025-08-04,8.0,1,1,False,0.0
press_brake,2025-08-04,72.0,5,2,False,0.0
hardware,2025-08-04,16.0,2,1,False,0.0
weld,2025-08-04,48.0,6,1,False,0.0
robotic_weld,2025-08-04,8.0,1,1,False,0.0
grind_deburr,2025-08-04,16.0,2,1,False,0.0
powder_coat,2025-08-04,8.0,1,1,False,0.0
assembly,2025-08-04,16.0,2,1,False,0.0
inspection_pack,2025-08-04,16.0,2,1,False,0.0
laser,2025-08-05,40.0,3,2,False,0.0
punch,2025-08-05,8.0,1,1,False,0.0
press_brake,2025-08-05,72.0,5,2,False,0.0
hardware,2025-08-05,16.0,2,1,False,0.0
weld,2025-08-05,48.0,6,1,False,0.0
robotic_weld,2025-08-05,8.0,1,1,False,0.0
grind_deburr,2025-08-05,16.0,2,1,False,0.0
powder_coat,2025-08-05,8.0,1,1,False,0.0
assembly,2025-08-05,16.0,2,1,False,0.0
inspection_pack,2025-08-05,16.0,2,1,False,0.0
laser,2025-08-06,40.0,3,2,False,0.0
punch,2025-08-06,8.0,1,1,False,0.0
press_brake,2025-08-06,72.0,5,2,False,0.0
hardware,2025-08-06,16.0,2,1,False,0.0
weld,2025-08-06,48.0,6,1,False,0.0
robotic_weld,2025-08-06,8.0,1,1,False,0.0
grind_deburr,2025-08-06,16.0,2,1,False,0.0
powder_coat,2025-08-06,8.0,1,1,False,0.0
assembly,2025-08-06,16.0,2,1,False,0.0
inspection_pack,2025-08-06,16.0,2,1,False,0.0
laser,2025-08-07,40.0,3,2,False,0.0
punch,2025-08-07,8.0,1,1,False,0.0
press_brake,2025-08-07,72.0,5,2,False,0.0
hardware,2025-08-07,16.0,2,1,False,0.0
weld,2025-08-07,48.0,6,1,False,0.0
robotic_weld,2025-08-07,8.0,1,1,False,0.0
grind_deburr,2025-08-07,16.0,2,1,False,0.0
powder_coat,2025-08-07,8.0,1,1,False,0.0
assembly,2025-08-07,16.0,2,1,False,0.0
inspection_pack,2025-08-07,16.0,2,1,False,0.0
laser,2025-08-08,40.0,3,2,False,0.0
punch,2025-08-08,8.0,1,1,False,0.0
press_brake,2025-08-08,72.0,5,2,False,0.0
hardware,2025-08-08,16.0,2,1,False,0.0
weld,2025-08-08,48.0,6,1,False,0.0
robotic_weld,2025-08-08,8.0,1,1,False,0.0
grind_deburr,2025-08-08,16.0,2,1,False,0.0
powder_coat,2025-08-08,8.0,1,1,False,0.0
assembly,2025-08-08,16.0,2,1,False,0.0
inspection_pack,2025-08-08,16.0,2,1,False,0.0
laser,2025-08-11,40.0,3,2,False,0.0
punch,2025-08-11,8.0,1,1,False,0.0
press_brake,2025-08-11,72.0,5,2,False,0.0
hardware,2025-08-11,16.0,2,1,False,0.0
weld,2025-08-11,48.0,6,1,False,0.0
robotic_weld,2025-08-11,8.0,1,1,False,0.0
grind_deburr,2025-08-11,16.0,2,1,False,0.0
powder_coat,2025-08-11,8.0,1,1,False,0.0
assembly,2025-08-11,16.0,2,1,False,0.0
inspection_pack,2025-08-11,16.0,2,1,False,0.0
laser,2025-08-12,40.0,3,2,False,0.0
punch,2025-08-12,8.0,1,1,False,0.0
press_brake,2025-08-12,72.0,5,2,False,0.0
hardware,2025-08-12,16.0,2,1,False,0.0
weld,2025-08-12,48.0,6,1,False,0.0
robotic_weld,2025-08-12,8.0,1,1,False,0.0
grind_deburr,2025-08-12,16.0,2,1,False,0.0
powder_coat,2025-08-12,8.0,1,1,False,0.0
assembly,2025-08-12,16.0,2,1,False,0.0
inspection_pack,2025-08-12,16.0,2,1,False,0.0
laser,2025-08-13,40.0,3,2,False,0.0
punch,2025-08-13,8.0,1,1,False,0.0
press_brake,2025-08-13,72.0,5,2,False,0.0
hardware,2025-08-13,16.0,2,1,False,0.0
weld,2025-08-13,48.0,6,1,False,0.0
robotic_weld,2025-08-13,8.0,1,1,False,0.0
grind_deburr,2025-08-13,16.0,2,1,False,0.0
powder_coat,2025-08-13,8.0,1,1,False,0.0
assembly,2025-08-13,16.0,2,1,False,0.0
inspection_pack,2025-08-13,16.0,2,1,False,0.0
laser,2025-08-14,40.0,3,2,False,0.0
punch,2025-08-14,8.0,1,1,False,0.0
press_brake,2025-08-14,72.0,5,2,False,0.0
hardware,2025-08-14,16.0,2,1,False,0.0
weld,2025-08-14,48.0,6,1,False,0.0
robotic_weld,2025-08-14,8.0,1,1,False,0.0
grind_deburr,2025-08-14,16.0,2,1,False,0.0
powder_coat,2025-08-14,8.0,1,1,False,0.0
assembly,2025-08-14,16.0,2,1,False,0.0
inspection_pack,2025-08-14,16.0,2,1,False,0.0
laser,2025-08-15,40.0,3,2,False,0.0
punch,2025-08-15,8.0,1,1,False,0.0
press_brake,2025-08-15,72.0,5,2,False,0.0
hardware,2025-08-15,16.0,2,1,False,0.0
weld,2025-08-15,48.0,6,1,False,0.0
robotic_weld,2025-08-15,8.0,1,1,False,0.0
grind_deburr,2025-08-15,16.0,2,1,False,0.0
powder_coat,2025-08-15,8.0,1,1,False,0.0
assembly,2025-08-15,16.0,2,1,False,0.0
inspection_pack,2025-08-15,16.0,2,1,False,0.0
laser,2025-08-18,40.0,3,2,False,0.0
punch,2025-08-18,8.0,1,1,False,0.0
press_brake,2025-08-18,72.0,5,2,False,0.0
hardware,2025-08-18,16.0,2,1,False,0.0
weld,2025-08-18,48.0,6,1,False,0.0
robotic_weld,2025-08-18,8.0,1,1,False,0.0
grind_deburr,2025-08-18,16.0,2,1,False,0.0
powder_coat,2025-08-18,8.0,1,1,False,0.0
assembly,2025-08-18,16.0,2,1,False,0.0
inspection_pack,2025-08-18,16.0,2,1,False,0.0
laser,2025-08-19,40.0,3,2,False,0.0
punch,2025-08-19,8.0,1,1,False,0.0
press_brake,2025-08-19,72.0,5,2,False,0.0
hardware,2025-08-19,16.0,2,1,False,0.0
weld,2025-08-19,48.0,6,1,False,0.0
robotic_weld,2025-08-19,8.0,1,1,False,0.0
grind_deburr,2025-08-19,16.0,2,1,False,0.0
powder_coat,2025-08-19,10.0,1,1,False,0.0
assembly,2025-08-19,16.0,2,1,False,0.0
inspection_pack,2025-08-19,16.0,2,1,False,0.0
laser,2025-08-20,40.0,3,2,False,0.0
punch,2025-08-20,8.0,1,1,False,0.0
press_brake,2025-08-20,72.0,5,2,False,0.0
hardware,2025-08-20,16.0,2,1,False,0.0
weld,2025-08-20,48.0,6,1,False,0.0
robotic_weld,2025-08-20,8.0,1,1,False,0.0
grind_deburr,2025-08-20,16.0,2,1,False,0.0
powder_coat,2025-08-20,8.0,1,1,False,0.0
assembly,2025-08-20,16.0,2,1,False,0.0
inspection_pack,2025-08-20,16.0,2,1,False,0.0
laser,2025-08-21,40.0,3,2,False,0.0
punch,2025-08-21,8.0,1,1,False,0.0
press_brake,2025-08-21,72.0,5,2,False,0.0
hardware,2025-08-21,16.0,2,1,False,0.0
weld,2025-08-21,48.0,6,1,False,0.0
robotic_weld,2025-08-21,8.0,1,1,False,0.0
grind_deburr,2025-08-21,16.0,2,1,False,0.0
powder_coat,2025-08-21,8.0,1,1,False,0.0
assembly,2025-08-21,16.0,2,1,False,0.0
inspection_pack,2025-08-21,16.0,2,1,False,0.0
laser,2025-08-22,40.0,3,2,False,0.0
punch,2025-08-22,8.0,1,1,False,0.0
press_brake,2025-08-22,72.0,5,2,False,0.0
hardware,2025-08-22,16.0,2,1,False,0.0
weld,2025-08-22,48.0,6,1,False,0.0
robotic_weld,2025-08-22,8.0,1,1,False,0.0
grind_deburr,2025-08-22,16.0,2,1,False,0.0
powder_coat,2025-08-22,8.0,1,1,False,0.0
assembly,2025-08-22,16.0,2,1,False,0.0
inspection_pack,2025-08-22,16.0,2,1,False,0.0
laser,2025-08-25,40.0,3,2,False,0.0
punch,2025-08-25,8.0,1,1,False,0.0
press_brake,2025-08-25,72.0,5,2,False,0.0
hardware,2025-08-25,16.0,2,1,False,0.0
weld,2025-08-25,48.0,6,1,False,0.0
robotic_weld,2025-08-25,8.0,1,1,False,0.0
grind_deburr,2025-08-25,16.0,2,1,False,0.0
powder_coat,2025-08-25,8.0,1,1,False,0.0
assembly,2025-08-25,16.0,2,1,False,0.0
inspection_pack,2025-08-25,16.0,2,1,False,0.0
laser,2025-08-26,40.0,3,2,False,0.0
punch,2025-08-26,8.0,1,1,False,0.0
press_brake,2025-08-26,72.0,5,2,False,0.0
hardware,2025-08-26,16.0,2,1,False,0.0
weld,2025-08-26,48.0,6,1,False,0.0
robotic_weld,2025-08-26,8.0,1,1,False,0.0
grind_deburr,2025-08-26,16.0,2,1,False,0.0
powder_coat,2025-08-26,8.0,1,1,False,0.0
assembly,2025-08-26,16.0,2,1,False,0.0
inspection_pack,2025-08-26,16.0,2,1,False,0.0
laser,2025-08-27,40.0,3,2,False,0.0
punch,2025-08-27,8.0,1,1,False,0.0
press_brake,2025-08-27,72.0,5,2,False,0.0
hardware,2025-08-27,16.0,2,1,False,0.0
weld,2025-08-27,48.0,6,1,False,0.0
robotic_weld,2025-08-27,8.0,1,1,False,0.0
grind_deburr,2025-08-27,16.0,2,1,False,0.0
powder_coat,2025-08-27,8.0,1,1,False,0.0
assembly,2025-08-27,16.0,2,1,False,0.0
inspection_pack,2025-08-27,16.0,2,1,False,0.0
laser,2025-08-28,40.0,3,2,False,0.0
punch,2025-08-28,8.0,1,1,False,0.0
press_brake,2025-08-28,72.0,5,2,False,0.0
hardware,2025-08-28,16.0,2,1,False,0.0
weld,2025-08-28,48.0,6,1,False,0.0
robotic_weld,2025-08-28,8.0,1,1,False,0.0
grind_deburr,2025-08-28,16.0,2,1,False,0.0
powder_coat,2025-08-28,8.0,1,1,False,0.0
assembly,2025-08-28,16.0,2,1,False,0.0
inspection_pack,2025-08-28,16.0,2,1,False,0.0
laser,2025-08-29,40.0,3,2,False,0.0
punch,2025-08-29,8.0,1,1,False,0.0
press_brake,2025-08-29,72.0,5,2,False,0.0
hardware,2025-08-29,16.0,2,1,False,0.0
weld,2025-08-29,48.0,6,1,False,0.0
robotic_weld,2025-08-29,8.0,1,1,False,0.0
grind_deburr,2025-08-29,16.0,2,1,False,0.0
powder_coat,2025-08-29,8.0,1,1,False,0.0
assembly,2025-08-29,16.0,2,1,False,0.0
inspection_pack,2025-08-29,16.0,2,1,False,0.0
laser,2025-09-02,40.0,3,2,False,0.0
punch,2025-09-02,8.0,1,1,False,0.0
press_brake,2025-09-02,72.0,5,2,False,0.0
hardware,2025-09-02,16.0,2,1,False,0.0
weld,2025-09-02,48.0,6,1,False,0.0
robotic_weld,2025-09-02,8.0,1,1,False,0.0
grind_deburr,2025-09-02,16.0,2,1,False,0.0
powder_coat,2025-09-02,8.0,1,1,False,0.0
assembly,2025-09-02,16.0,2,1,False,0.0
inspection_pack,2025-09-02,16.0,2,1,False,0.0
laser,2025-09-03,40.0,3,2,False,0.0
punch,2025-09-03,8.0,1,1,False,0.0
press_brake,2025-09-03,72.0,5,2,False,0.0
hardware,2025-09-03,16.0,2,1,False,0.0
weld,2025-09-03,48.0,6,1,False,0.0
robotic_weld,2025-09-03,8.0,1,1,False,0.0
grind_deburr,2025-09-03,16.0,2,1,False,0.0
powder_coat,2025-09-03,8.0,1,1,False,0.0
assembly,2025-09-03,16.0,2,1,False,0.0
inspection_pack,2025-09-03,16.0,2,1,False,0.0
laser,2025-09-04,40.0,3,2,False,0.0
punch,2025-09-04,8.0,1,1,False,0.0
press_brake,2025-09-04,72.0,5,2,False,0.0
hardware,2025-09-04,16.0,2,1,False,0.0
weld,2025-09-04,48.0,6,1,False,0.0
robotic_weld,2025-09-04,8.0,1,1,False,0.0
grind_deburr,2025-09-04,16.0,2,1,False,0.0
powder_coat,2025-09-04,8.0,1,1,False,0.0
assembly,2025-09-04,16.0,2,1,False,0.0
inspection_pack,2025-09-04,16.0,2,1,False,0.0
laser,2025-09-05,40.0,3,2,False,0.0
punch,2025-09-05,8.0,1,1,False,0.0
press_brake,2025-09-05,72.0,5,2,False,0.0
hardware,2025-09-05,16.0,2,1,False,0.0
weld,2025-09-05,48.0,6,1,False,0.0
robotic_weld,2025-09-05,8.0,1,1,False,0.0
grind_deburr,2025-09-05,16.0,2,1,False,0.0
powder_coat,2025-09-05,8.0,1,1,False,0.0
assembly,2025-09-05,16.0,2,1,False,0.0
inspection_pack,2025-09-05,16.0,2,1,False,0.0
laser,2025-09-08,40.0,3,2,False,0.0
punch,2025-09-08,8.0,1,1,False,0.0
press_brake,2025-09-08,72.0,5,2,False,0.0
hardware,2025-09-08,16.0,2,1,False,0.0
weld,2025-09-08,48.0,6,1,False,0.0
robotic_weld,2025-09-08,8.0,1,1,False,0.0
grind_deburr,2025-09-08,16.0,2,1,False,0.0
powder_coat,2025-09-08,8.0,1,1,False,0.0
assembly,2025-09-08,16.0,2,1,False,0.0
inspection_pack,2025-09-08,16.0,2,1,False,0.0
laser,2025-09-09,40.0,3,2,False,0.0
punch,2025-09-09,8.0,1,1,False,0.0
press_brake,2025-09-09,72.0,5,2,False,0.0
hardware,2025-09-09,16.0,2,1,False,0.0
weld,2025-09-09,48.0,6,1,False,0.0
robotic_weld,2025-09-09,8.0,1,1,False,0.0
grind_deburr,2025-09-09,16.0,2,1,False,0.0
powder_coat,2025-09-09,8.0,1,1,False,0.0
assembly,2025-09-09,16.0,2,1,False,0.0
inspection_pack,2025-09-09,16.0,2,1,False,0.0
laser,2025-09-10,40.0,3,2,False,0.0
punch,2025-09-10,8.0,1,1,False,0.0
press_brake,2025-09-10,72.0,5,2,False,0.0
hardware,2025-09-10,16.0,2,1,False,0.0
weld,2025-09-10,48.0,6,1,False,0.0
robotic_weld,2025-09-10,8.0,1,1,False,0.0
grind_deburr,2025-09-10,16.0,2,1,False,0.0
powder_coat,2025-09-10,8.0,1,1,False,0.0
assembly,2025-09-10,16.0,2,1,False,0.0
inspection_pack,2025-09-10,16.0,2,1,False,0.0
laser,2025-09-11,40.0,3,2,False,0.0
punch,2025-09-11,8.0,1,1,False,0.0
press_brake,2025-09-11,72.0,5,2,False,0.0
hardware,2025-09-11,16.0,2,1,False,0.0
weld,2025-09-11,48.0,6,1,False,0.0
robotic_weld,2025-09-11,8.0,1,1,False,0.0
grind_deburr,2025-09-11,16.0,2,1,False,0.0
powder_coat,2025-09-11,8.0,1,1,False,0.0
assembly,2025-09-11,16.0,2,1,False,0.0
inspection_pack,2025-09-11,16.0,2,1,False,0.0
laser,2025-09-12,40.0,3,2,False,0.0
punch,2025-09-12,8.0,1,1,False,0.0
press_brake,2025-09-12,72.0,5,2,False,0.0
hardware,2025-09-12,16.0,2,1,False,0.0
weld,2025-09-12,48.0,6,1,False,0.0
robotic_weld,2025-09-12,8.0,1,1,False,0.0
grind_deburr,2025-09-12,16.0,2,1,False,0.0
powder_coat,2025-09-12,8.0,1,1,False,0.0
assembly,2025-09-12,16.0,2,1,False,0.0
inspection_pack,2025-09-12,16.0,2,1,False,0.0
laser,2025-09-15,40.0,3,2,False,0.0
punch,2025-09-15,8.0,1,1,False,0.0
press_brake,2025-09-15,72.0,5,2,False,0.0
hardware,2025-09-15,16.0,2,1,False,0.0
weld,2025-09-15,48.0,6,1,False,0.0
robotic_weld,2025-09-15,8.0,1,1,False,0.0
grind_deburr,2025-09-15,16.0,2,1,False,0.0
powder_coat,2025-09-15,8.0,1,1,False,0.0
assembly,2025-09-15,16.0,2,1,False,0.0
inspection_pack,2025-09-15,16.0,2,1,False,0.0
laser,2025-09-16,40.0,3,2,False,0.0
punch,2025-09-16,8.0,1,1,False,0.0
press_brake,2025-09-16,72.0,5,2,False,0.0
hardware,2025-09-16,16.0,2,1,False,0.0
weld,2025-09-16,48.0,6,1,False,0.0
robotic_weld,2025-09-16,8.0,1,1,False,0.0
grind_deburr,2025-09-16,16.0,2,1,False,0.0
powder_coat,2025-09-16,8.0,1,1,False,0.0
assembly,2025-09-16,16.0,2,1,False,0.0
inspection_pack,2025-09-16,16.0,2,1,False,0.0
laser,2025-09-17,40.0,3,2,False,0.0
punch,2025-09-17,8.0,1,1,False,0.0
press_brake,2025-09-17,72.0,5,2,False,0.0
hardware,2025-09-17,16.0,2,1,False,0.0
weld,2025-09-17,48.0,6,1,False,0.0
robotic_weld,2025-09-17,8.0,1,1,False,0.0
grind_deburr,2025-09-17,16.0,2,1,False,0.0
powder_coat,2025-09-17,8.0,1,1,False,0.0
assembly,2025-09-17,16.0,2,1,False,0.0
inspection_pack,2025-09-17,16.0,2,1,False,0.0
laser,2025-09-18,40.0,3,2,False,0.0
punch,2025-09-18,8.0,1,1,False,0.0
press_brake,2025-09-18,72.0,5,2,False,0.0
hardware,2025-09-18,16.0,2,1,False,0.0
weld,2025-09-18,48.0,6,1,False,0.0
robotic_weld,2025-09-18,8.0,1,1,False,0.0
grind_deburr,2025-09-18,16.0,2,1,False,0.0
powder_coat,2025-09-18,8.0,1,1,False,0.0
assembly,2025-09-18,16.0,2,1,False,0.0
inspection_pack,2025-09-18,16.0,2,1,False,0.0
laser,2025-09-19,40.0,3,2,False,0.0
punch,2025-09-19,8.0,1,1,False,0.0
press_brake,2025-09-19,72.0,5,2,False,0.0
hardware,2025-09-19,16.0,2,1,False,0.0
weld,2025-09-19,48.0,6,1,False,0.0
robotic_weld,2025-09-19,8.0,1,1,False,0.0
grind_deburr,2025-09-19,16.0,2,1,False,0.0
powder_coat,2025-09-19,8.0,1,1,False,0.0
assembly,2025-09-19,16.0,2,1,False,0.0
inspection_pack,2025-09-19,16.0,2,1,False,0.0
laser,2025-09-22,40.0,3,2,False,0.0
punch,2025-09-22,8.0,1,1,False,0.0
press_brake,2025-09-22,72.0,5,2,False,0.0
hardware,2025-09-22,16.0,2,1,False,0.0
weld,2025-09-22,48.0,6,1,False,0.0
robotic_weld,2025-09-22,8.0,1,1,False,0.0
grind_deburr,2025-09-22,16.0,2,1,False,0.0
powder_coat,2025-09-22,8.0,1,1,False,0.0
assembly,2025-09-22,16.0,2,1,False,0.0
inspection_pack,2025-09-22,16.0,2,1,False,0.0
laser,2025-09-23,40.0,3,2,False,0.0
punch,2025-09-23,8.0,1,1,False,0.0
press_brake,2025-09-23,72.0,5,2,False,0.0
hardware,2025-09-23,16.0,2,1,False,0.0
weld,2025-09-23,48.0,6,1,False,0.0
robotic_weld,2025-09-23,8.0,1,1,False,0.0
grind_deburr,2025-09-23,16.0,2,1,False,0.0
powder_coat,2025-09-23,8.0,1,1,False,0.0
assembly,2025-09-23,16.0,2,1,False,0.0
inspection_pack,2025-09-23,16.0,2,1,False,0.0
laser,2025-09-24,40.0,3,2,False,0.0
punch,2025-09-24,8.0,1,1,False,0.0
press_brake,2025-09-24,72.0,5,2,False,0.0
hardware,2025-09-24,16.0,2,1,False,0.0
weld,2025-09-24,48.0,6,1,False,0.0
robotic_weld,2025-09-24,8.0,1,1,False,0.0
grind_deburr,2025-09-24,16.0,2,1,False,0.0
powder_coat,2025-09-24,8.0,1,1,False,0.0
assembly,2025-09-24,16.0,2,1,False,0.0
inspection_pack,2025-09-24,16.0,2,1,False,0.0
laser,2025-09-25,40.0,3,2,False,0.0
punch,2025-09-25,8.0,1,1,False,0.0
press_brake,2025-09-25,72.0,5,2,False,0.0
hardware,2025-09-25,16.0,2,1,False,0.0
weld,2025-09-25,48.0,6,1,False,0.0
robotic_weld,2025-09-25,8.0,1,1,False,0.0
grind_deburr,2025-09-25,16.0,2,1,False,0.0
powder_coat,2025-09-25,8.0,1,1,False,0.0
assembly,2025-09-25,16.0,2,1,False,0.0
inspection_pack,2025-09-25,16.0,2,1,False,0.0
laser,2025-09-26,40.0,3,2,False,0.0
punch,2025-09-26,8.0,1,1,False,0.0
press_brake,2025-09-26,72.0,5,2,False,0.0
hardware,2025-09-26,16.0,2,1,False,0.0
weld,2025-09-26,48.0,6,1,False,0.0
robotic_weld,2025-09-26,8.0,1,1,False,0.0
grind_deburr,2025-09-26,16.0,2,1,False,0.0
powder_coat,2025-09-26,8.0,1,1,False,0.0
assembly,2025-09-26,16.0,2,1,False,0.0
inspection_pack,2025-09-26,16.0,2,1,False,0.0
laser,2025-09-29,40.0,3,2,False,0.0
punch,2025-09-29,8.0,1,1,False,0.0
press_brake,2025-09-29,72.0,5,2,False,0.0
hardware,2025-09-29,16.0,2,1,False,0.0
weld,2025-09-29,48.0,6,1,False,0.0
robotic_weld,2025-09-29,8.0,1,1,False,0.0
grind_deburr,2025-09-29,16.0,2,1,False,0.0
powder_coat,2025-09-29,8.0,1,1,False,0.0
assembly,2025-09-29,16.0,2,1,False,0.0
inspection_pack,2025-09-29,16.0,2,1,False,0.0
laser,2025-09-30,40.0,3,2,False,0.0
punch,2025-09-30,8.0,1,1,False,0.0
press_brake,2025-09-30,72.0,5,2,False,0.0
hardware,2025-09-30,16.0,2,1,False,0.0
weld,2025-09-30,48.0,6,1,False,0.0
robotic_weld,2025-09-30,8.0,1,1,False,0.0
grind_deburr,2025-09-30,16.0,2,1,False,0.0
powder_coat,2025-09-30,8.0,1,1,False,0.0
assembly,2025-09-30,16.0,2,1,False,0.0
inspection_pack,2025-09-30,16.0,2,1,False,0.0
laser,2025-10-01,40.0,3,2,False,0.0
punch,2025-10-01,8.0,1,1,False,0.0
press_brake,2025-10-01,72.0,5,2,False,0.0
hardware,2025-10-01,16.0,2,1,False,0.0
weld,2025-10-01,48.0,6,1,False,0.0
robotic_weld,2025-10-01,8.0,1,1,False,0.0
grind_deburr,2025-10-01,16.0,2,1,False,0.0
powder_coat,2025-10-01,8.0,1,1,False,0.0
assembly,2025-10-01,16.0,2,1,False,0.0
inspection_pack,2025-10-01,16.0,2,1,False,0.0
laser,2025-10-02,40.0,3,2,False,0.0
punch,2025-10-02,8.0,1,1,False,0.0
press_brake,2025-10-02,72.0,5,2,False,0.0
hardware,2025-10-02,16.0,2,1,False,0.0
weld,2025-10-02,48.0,6,1,False,0.0
robotic_weld,2025-10-02,8.0,1,1,False,0.0
grind_deburr,2025-10-02,16.0,2,1,False,0.0
powder_coat,2025-10-02,8.0,1,1,False,0.0
assembly,2025-10-02,16.0,2,1,False,0.0
inspection_pack,2025-10-02,16.0,2,1,False,0.0
laser,2025-10-03,40.0,3,2,False,0.0
punch,2025-10-03,8.0,1,1,False,0.0
press_brake,2025-10-03,72.0,5,2,False,0.0
hardware,2025-10-03,16.0,2,1,False,0.0
weld,2025-10-03,48.0,6,1,False,0.0
robotic_weld,2025-10-03,8.0,1,1,False,0.0
grind_deburr,2025-10-03,16.0,2,1,False,0.0
powder_coat,2025-10-03,8.0,1,1,False,0.0
assembly,2025-10-03,16.0,2,1,False,0.0
inspection_pack,2025-10-03,16.0,2,1,False,0.0
laser,2025-10-06,40.0,3,2,False,0.0
punch,2025-10-06,8.0,1,1,False,0.0
press_brake,2025-10-06,72.0,5,2,False,0.0
hardware,2025-10-06,16.0,2,1,False,0.0
weld,2025-10-06,48.0,6,1,False,0.0
robotic_weld,2025-10-06,8.0,1,1,False,0.0
grind_deburr,2025-10-06,16.0,2,1,False,0.0
powder_coat,2025-10-06,8.0,1,1,False,0.0
assembly,2025-10-06,16.0,2,1,False,0.0
inspection_pack,2025-10-06,16.0,2,1,False,0.0
laser,2025-10-07,40.0,3,2,False,0.0
punch,2025-10-07,8.0,1,1,False,0.0
press_brake,2025-10-07,72.0,5,2,False,0.0
hardware,2025-10-07,16.0,2,1,False,0.0
weld,2025-10-07,48.0,6,1,False,0.0
robotic_weld,2025-10-07,8.0,1,1,False,0.0
grind_deburr,2025-10-07,16.0,2,1,False,0.0
powder_coat,2025-10-07,8.0,1,1,False,0.0
assembly,2025-10-07,16.0,2,1,False,0.0
inspection_pack,2025-10-07,16.0,2,1,False,0.0
laser,2025-10-08,40.0,3,2,False,0.0
punch,2025-10-08,8.0,1,1,False,0.0
press_brake,2025-10-08,72.0,5,2,False,0.0
hardware,2025-10-08,16.0,2,1,False,0.0
weld,2025-10-08,48.0,6,1,False,0.0
robotic_weld,2025-10-08,8.0,1,1,False,0.0
grind_deburr,2025-10-08,16.0,2,1,False,0.0
powder_coat,2025-10-08,8.0,1,1,False,0.0
assembly,2025-10-08,16.0,2,1,False,0.0
inspection_pack,2025-10-08,16.0,2,1,False,0.0
laser,2025-10-09,40.0,3,2,False,0.0
punch,2025-10-09,8.0,1,1,False,0.0
press_brake,2025-10-09,72.0,5,2,False,0.0
hardware,2025-10-09,16.0,2,1,False,0.0
weld,2025-10-09,48.0,6,1,False,0.0
robotic_weld,2025-10-09,8.0,1,1,False,0.0
grind_deburr,2025-10-09,16.0,2,1,False,0.0
powder_coat,2025-10-09,8.0,1,1,False,0.0
assembly,2025-10-09,16.0,2,1,False,0.0
inspection_pack,2025-10-09,16.0,2,1,False,0.0
laser,2025-10-10,40.0,3,2,False,0.0
punch,2025-10-10,8.0,1,1,False,0.0
press_brake,2025-10-10,72.0,5,2,False,0.0
hardware,2025-10-10,16.0,2,1,False,0.0
weld,2025-10-10,48.0,6,1,False,0.0
robotic_weld,2025-10-10,8.0,1,1,False,0.0
grind_deburr,2025-10-10,16.0,2,1,False,0.0
powder_coat,2025-10-10,8.0,1,1,False,0.0
assembly,2025-10-10,16.0,2,1,False,0.0
inspection_pack,2025-10-10,16.0,2,1,False,0.0
laser,2025-10-13,40.0,3,2,False,0.0
punch,2025-10-13,8.0,1,1,False,0.0
press_brake,2025-10-13,72.0,5,2,False,0.0
hardware,2025-10-13,16.0,2,1,False,0.0
weld,2025-10-13,48.0,6,1,False,0.0
robotic_weld,2025-10-13,8.0,1,1,False,0.0
grind_deburr,2025-10-13,16.0,2,1,False,0.0
powder_coat,2025-10-13,8.0,1,1,False,0.0
assembly,2025-10-13,16.0,2,1,False,0.0
inspection_pack,2025-10-13,16.0,2,1,False,0.0
laser,2025-10-14,40.0,3,2,False,0.0
punch,2025-10-14,8.0,1,1,False,0.0
press_brake,2025-10-14,72.0,5,2,False,0.0
hardware,2025-10-14,16.0,2,1,False,0.0
weld,2025-10-14,48.0,6,1,False,0.0
robotic_weld,2025-10-14,8.0,1,1,False,0.0
grind_deburr,2025-10-14,16.0,2,1,False,0.0
powder_coat,2025-10-14,8.0,1,1,False,0.0
assembly,2025-10-14,16.0,2,1,False,0.0
inspection_pack,2025-10-14,16.0,2,1,False,0.0
laser,2025-10-15,40.0,3,2,False,0.0
punch,2025-10-15,8.0,1,1,False,0.0
press_brake,2025-10-15,72.0,5,2,False,0.0
hardware,2025-10-15,16.0,2,1,False,0.0
weld,2025-10-15,48.0,6,1,False,0.0
robotic_weld,2025-10-15,8.0,1,1,False,0.0
grind_deburr,2025-10-15,16.0,2,1,False,0.0
powder_coat,2025-10-15,8.0,1,1,False,0.0
assembly,2025-10-15,16.0,2,1,False,0.0
inspection_pack,2025-10-15,16.0,2,1,False,0.0
laser,2025-10-16,40.0,3,2,False,0.0
punch,2025-10-16,8.0,1,1,False,0.0
press_brake,2025-10-16,72.0,5,2,False,0.0
hardware,2025-10-16,16.0,2,1,False,0.0
weld,2025-10-16,48.0,6,1,False,0.0
robotic_weld,2025-10-16,8.0,1,1,False,0.0
grind_deburr,2025-10-16,16.0,2,1,False,0.0
powder_coat,2025-10-16,8.0,1,1,False,0.0
assembly,2025-10-16,16.0,2,1,False,0.0
inspection_pack,2025-10-16,16.0,2,1,False,0.0
laser,2025-10-17,40.0,3,2,False,0.0
punch,2025-10-17,8.0,1,1,False,0.0
press_brake,2025-10-17,72.0,5,2,False,0.0
hardware,2025-10-17,16.0,2,1,False,0.0
weld,2025-10-17,48.0,6,1,False,0.0
robotic_weld,2025-10-17,8.0,1,1,False,0.0
grind_deburr,2025-10-17,16.0,2,1,False,0.0
powder_coat,2025-10-17,8.0,1,1,False,0.0
assembly,2025-10-17,16.0,2,1,False,0.0
inspection_pack,2025-10-17,16.0,2,1,False,0.0
laser,2025-10-20,40.0,3,2,False,0.0
punch,2025-10-20,8.0,1,1,False,0.0
press_brake,2025-10-20,72.0,5,2,False,0.0
hardware,2025-10-20,16.0,2,1,False,0.0
weld,2025-10-20,48.0,6,1,False,0.0
robotic_weld,2025-10-20,8.0,1,1,False,0.0
grind_deburr,2025-10-20,16.0,2,1,False,0.0
powder_coat,2025-10-20,8.0,1,1,False,0.0
assembly,2025-10-20,16.0,2,1,False,0.0
inspection_pack,2025-10-20,16.0,2,1,False,0.0
laser,2025-10-21,40.0,3,2,False,0.0
punch,2025-10-21,8.0,1,1,False,0.0
press_brake,2025-10-21,72.0,5,2,False,0.0
hardware,2025-10-21,16.0,2,1,False,0.0
weld,2025-10-21,48.0,6,1,False,0.0
robotic_weld,2025-10-21,8.0,1,1,False,0.0
grind_deburr,2025-10-21,16.0,2,1,False,0.0
powder_coat,2025-10-21,8.0,1,1,False,0.0
assembly,2025-10-21,16.0,2,1,False,0.0
inspection_pack,2025-10-21,16.0,2,1,False,0.0
laser,2025-10-22,40.0,3,2,False,0.0
punch,2025-10-22,8.0,1,1,False,0.0
press_brake,2025-10-22,72.0,5,2,False,0.0
hardware,2025-10-22,16.0,2,1,False,0.0
weld,2025-10-22,48.0,6,1,False,0.0
robotic_weld,2025-10-22,8.0,1,1,False,0.0
grind_deburr,2025-10-22,16.0,2,1,False,0.0
powder_coat,2025-10-22,8.0,1,1,False,0.0
assembly,2025-10-22,16.0,2,1,False,0.0
inspection_pack,2025-10-22,16.0,2,1,False,0.0
laser,2025-10-23,40.0,3,2,False,0.0
punch,2025-10-23,8.0,1,1,False,0.0
press_brake,2025-10-23,72.0,5,2,False,0.0
hardware,2025-10-23,16.0,2,1,False,0.0
weld,2025-10-23,48.0,6,1,False,0.0
robotic_weld,2025-10-23,8.0,1,1,False,0.0
grind_deburr,2025-10-23,16.0,2,1,False,0.0
powder_coat,2025-10-23,10.0,1,1,False,0.0
assembly,2025-10-23,16.0,2,1,False,0.0
inspection_pack,2025-10-23,16.0,2,1,False,0.0
laser,2025-10-24,40.0,3,2,False,0.0
punch,2025-10-24,8.0,1,1,False,0.0
press_brake,2025-10-24,72.0,5,2,False,0.0
hardware,2025-10-24,16.0,2,1,False,0.0
weld,2025-10-24,48.0,6,1,False,0.0
robotic_weld,2025-10-24,8.0,1,1,False,0.0
grind_deburr,2025-10-24,16.0,2,1,False,0.0
powder_coat,2025-10-24,8.0,1,1,False,0.0
assembly,2025-10-24,16.0,2,1,False,0.0
inspection_pack,2025-10-24,16.0,2,1,False,0.0
laser,2025-10-27,40.0,3,2,False,0.0
punch,2025-10-27,8.0,1,1,False,0.0
press_brake,2025-10-27,72.0,5,2,False,0.0
hardware,2025-10-27,16.0,2,1,False,0.0
weld,2025-10-27,48.0,6,1,False,0.0
robotic_weld,2025-10-27,8.0,1,1,False,0.0
grind_deburr,2025-10-27,16.0,2,1,False,0.0
powder_coat,2025-10-27,10.0,1,1,False,0.0
assembly,2025-10-27,16.0,2,1,False,0.0
inspection_pack,2025-10-27,16.0,2,1,False,0.0
laser,2025-10-28,40.0,3,2,False,0.0
punch,2025-10-28,8.0,1,1,False,0.0
press_brake,2025-10-28,72.0,5,2,False,0.0
hardware,2025-10-28,16.0,2,1,False,0.0
weld,2025-10-28,48.0,6,1,False,0.0
robotic_weld,2025-10-28,8.0,1,1,False,0.0
grind_deburr,2025-10-28,16.0,2,1,False,0.0
powder_coat,2025-10-28,8.0,1,1,False,0.0
assembly,2025-10-28,16.0,2,1,False,0.0
inspection_pack,2025-10-28,16.0,2,1,False,0.0
laser,2025-10-29,40.0,3,2,False,0.0
punch,2025-10-29,8.0,1,1,False,0.0
press_brake,2025-10-29,72.0,5,2,False,0.0
hardware,2025-10-29,16.0,2,1,False,0.0
weld,2025-10-29,48.0,6,1,False,0.0
robotic_weld,2025-10-29,8.0,1,1,False,0.0
grind_deburr,2025-10-29,16.0,2,1,False,0.0
powder_coat,2025-10-29,8.0,1,1,False,0.0
assembly,2025-10-29,16.0,2,1,False,0.0
inspection_pack,2025-10-29,16.0,2,1,False,0.0
laser,2025-10-30,40.0,3,2,False,0.0
punch,2025-10-30,8.0,1,1,False,0.0
press_brake,2025-10-30,72.0,5,2,False,0.0
hardware,2025-10-30,16.0,2,1,False,0.0
weld,2025-10-30,48.0,6,1,False,0.0
robotic_weld,2025-10-30,8.0,1,1,False,0.0
grind_deburr,2025-10-30,16.0,2,1,False,0.0
powder_coat,2025-10-30,8.0,1,1,False,0.0
assembly,2025-10-30,16.0,2,1,False,0.0
inspection_pack,2025-10-30,16.0,2,1,False,0.0
laser,2025-10-31,40.0,3,2,False,0.0
punch,2025-10-31,8.0,1,1,False,0.0
press_brake,2025-10-31,72.0,5,2,False,0.0
hardware,2025-10-31,16.0,2,1,False,0.0
weld,2025-10-31,48.0,6,1,False,0.0
robotic_weld,2025-10-31,8.0,1,1,False,0.0
grind_deburr,2025-10-31,16.0,2,1,False,0.0
powder_coat,2025-10-31,8.0,1,1,False,0.0
assembly,2025-10-31,16.0,2,1,False,0.0
inspection_pack,2025-10-31,16.0,2,1,False,0.0
laser,2025-11-03,40.0,3,2,False,0.0
punch,2025-11-03,8.0,1,1,False,0.0
press_brake,2025-11-03,72.0,5,2,False,0.0
hardware,2025-11-03,16.0,2,1,False,0.0
weld,2025-11-03,48.0,6,1,False,0.0
robotic_weld,2025-11-03,8.0,1,1,False,0.0
grind_deburr,2025-11-03,16.0,2,1,False,0.0
powder_coat,2025-11-03,8.0,1,1,False,0.0
assembly,2025-11-03,16.0,2,1,False,0.0
inspection_pack,2025-11-03,16.0,2,1,False,0.0
laser,2025-11-04,40.0,3,2,False,0.0
punch,2025-11-04,8.0,1,1,False,0.0
press_brake,2025-11-04,72.0,5,2,False,0.0
hardware,2025-11-04,16.0,2,1,False,0.0
weld,2025-11-04,48.0,6,1,False,0.0
robotic_weld,2025-11-04,8.0,1,1,False,0.0
grind_deburr,2025-11-04,16.0,2,1,False,0.0
powder_coat,2025-11-04,8.0,1,1,False,0.0
assembly,2025-11-04,16.0,2,1,False,0.0
inspection_pack,2025-11-04,16.0,2,1,False,0.0
laser,2025-11-05,40.0,3,2,False,0.0
punch,2025-11-05,8.0,1,1,False,0.0
press_brake,2025-11-05,72.0,5,2,False,0.0
hardware,2025-11-05,16.0,2,1,False,0.0
weld,2025-11-05,48.0,6,1,False,0.0
robotic_weld,2025-11-05,8.0,1,1,False,0.0
grind_deburr,2025-11-05,16.0,2,1,False,0.0
powder_coat,2025-11-05,8.0,1,1,False,0.0
assembly,2025-11-05,16.0,2,1,False,0.0
inspection_pack,2025-11-05,16.0,2,1,False,0.0
laser,2025-11-06,40.0,3,2,False,0.0
punch,2025-11-06,8.0,1,1,False,0.0
press_brake,2025-11-06,72.0,5,2,False,0.0
hardware,2025-11-06,16.0,2,1,False,0.0
weld,2025-11-06,48.0,6,1,False,0.0
robotic_weld,2025-11-06,8.0,1,1,False,0.0
grind_deburr,2025-11-06,16.0,2,1,False,0.0
powder_coat,2025-11-06,8.0,1,1,False,0.0
assembly,2025-11-06,16.0,2,1,False,0.0
inspection_pack,2025-11-06,16.0,2,1,False,0.0
laser,2025-11-07,40.0,3,2,False,0.0
punch,2025-11-07,8.0,1,1,False,0.0
press_brake,2025-11-07,72.0,5,2,False,0.0
hardware,2025-11-07,16.0,2,1,False,0.0
weld,2025-11-07,48.0,6,1,False,0.0
robotic_weld,2025-11-07,8.0,1,1,False,0.0
grind_deburr,2025-11-07,16.0,2,1,False,0.0
powder_coat,2025-11-07,8.0,1,1,False,0.0
assembly,2025-11-07,16.0,2,1,False,0.0
inspection_pack,2025-11-07,16.0,2,1,False,0.0
laser,2025-11-10,40.0,3,2,False,0.0
punch,2025-11-10,8.0,1,1,False,0.0
press_brake,2025-11-10,72.0,5,2,False,0.0
hardware,2025-11-10,16.0,2,1,False,0.0
weld,2025-11-10,48.0,6,1,False,0.0
robotic_weld,2025-11-10,8.0,1,1,False,0.0
grind_deburr,2025-11-10,16.0,2,1,False,0.0
powder_coat,2025-11-10,8.0,1,1,False,0.0
assembly,2025-11-10,16.0,2,1,False,0.0
inspection_pack,2025-11-10,16.0,2,1,False,0.0
laser,2025-11-11,40.0,3,2,False,0.0
punch,2025-11-11,8.0,1,1,False,0.0
press_brake,2025-11-11,72.0,5,2,False,0.0
hardware,2025-11-11,16.0,2,1,False,0.0
weld,2025-11-11,48.0,6,1,False,0.0
robotic_weld,2025-11-11,8.0,1,1,False,0.0
grind_deburr,2025-11-11,16.0,2,1,False,0.0
powder_coat,2025-11-11,8.0,1,1,False,0.0
assembly,2025-11-11,16.0,2,1,False,0.0
inspection_pack,2025-11-11,16.0,2,1,False,0.0
laser,2025-11-12,40.0,3,2,False,0.0
punch,2025-11-12,8.0,1,1,False,0.0
press_brake,2025-11-12,72.0,5,2,False,0.0
hardware,2025-11-12,16.0,2,1,False,0.0
weld,2025-11-12,48.0,6,1,False,0.0
robotic_weld,2025-11-12,8.0,1,1,False,0.0
grind_deburr,2025-11-12,16.0,2,1,False,0.0
powder_coat,2025-11-12,8.0,1,1,False,0.0
assembly,2025-11-12,16.0,2,1,False,0.0
inspection_pack,2025-11-12,16.0,2,1,False,0.0
laser,2025-11-13,40.0,3,2,False,0.0
punch,2025-11-13,8.0,1,1,False,0.0
press_brake,2025-11-13,72.0,5,2,False,0.0
hardware,2025-11-13,16.0,2,1,False,0.0
weld,2025-11-13,48.0,6,1,False,0.0
robotic_weld,2025-11-13,8.0,1,1,False,0.0
grind_deburr,2025-11-13,16.0,2,1,False,0.0
powder_coat,2025-11-13,8.0,1,1,False,0.0
assembly,2025-11-13,16.0,2,1,False,0.0
inspection_pack,2025-11-13,16.0,2,1,False,0.0
laser,2025-11-14,40.0,3,2,False,0.0
punch,2025-11-14,8.0,1,1,False,0.0
press_brake,2025-11-14,72.0,5,2,False,0.0
hardware,2025-11-14,16.0,2,1,False,0.0
weld,2025-11-14,48.0,6,1,False,0.0
robotic_weld,2025-11-14,8.0,1,1,False,0.0
grind_deburr,2025-11-14,16.0,2,1,False,0.0
powder_coat,2025-11-14,8.0,1,1,False,0.0
assembly,2025-11-14,16.0,2,1,False,0.0
inspection_pack,2025-11-14,16.0,2,1,False,0.0
laser,2025-11-17,40.0,3,2,False,0.0
punch,2025-11-17,8.0,1,1,False,0.0
press_brake,2025-11-17,72.0,5,2,False,0.0
hardware,2025-11-17,16.0,2,1,False,0.0
weld,2025-11-17,48.0,6,1,False,0.0
robotic_weld,2025-11-17,8.0,1,1,False,0.0
grind_deburr,2025-11-17,16.0,2,1,False,0.0
powder_coat,2025-11-17,8.0,1,1,False,0.0
assembly,2025-11-17,16.0,2,1,False,0.0
inspection_pack,2025-11-17,16.0,2,1,False,0.0
laser,2025-11-18,40.0,3,2,False,0.0
punch,2025-11-18,8.0,1,1,False,0.0
press_brake,2025-11-18,72.0,5,2,False,0.0
hardware,2025-11-18,16.0,2,1,False,0.0
weld,2025-11-18,48.0,6,1,False,0.0
robotic_weld,2025-11-18,8.0,1,1,False,0.0
grind_deburr,2025-11-18,16.0,2,1,False,0.0
powder_coat,2025-11-18,8.0,1,1,False,0.0
assembly,2025-11-18,16.0,2,1,False,0.0
inspection_pack,2025-11-18,16.0,2,1,False,0.0
laser,2025-11-19,40.0,3,2,False,0.0
punch,2025-11-19,8.0,1,1,False,0.0
press_brake,2025-11-19,72.0,5,2,False,0.0
hardware,2025-11-19,16.0,2,1,False,0.0
weld,2025-11-19,48.0,6,1,False,0.0
robotic_weld,2025-11-19,8.0,1,1,False,0.0
grind_deburr,2025-11-19,16.0,2,1,False,0.0
powder_coat,2025-11-19,8.0,1,1,False,0.0
assembly,2025-11-19,16.0,2,1,False,0.0
inspection_pack,2025-11-19,16.0,2,1,False,0.0
laser,2025-11-20,40.0,3,2,False,0.0
punch,2025-11-20,8.0,1,1,False,0.0
press_brake,2025-11-20,72.0,5,2,False,0.0
hardware,2025-11-20,16.0,2,1,False,0.0
weld,2025-11-20,48.0,6,1,False,0.0
robotic_weld,2025-11-20,8.0,1,1,False,0.0
grind_deburr,2025-11-20,16.0,2,1,False,0.0
powder_coat,2025-11-20,8.0,1,1,False,0.0
assembly,2025-11-20,16.0,2,1,False,0.0
inspection_pack,2025-11-20,16.0,2,1,False,0.0
laser,2025-11-21,40.0,3,2,False,0.0
punch,2025-11-21,8.0,1,1,False,0.0
press_brake,2025-11-21,72.0,5,2,False,0.0
hardware,2025-11-21,16.0,2,1,False,0.0
weld,2025-11-21,48.0,6,1,False,0.0
robotic_weld,2025-11-21,8.0,1,1,False,0.0
grind_deburr,2025-11-21,16.0,2,1,False,0.0
powder_coat,2025-11-21,8.0,1,1,False,0.0
assembly,2025-11-21,16.0,2,1,False,0.0
inspection_pack,2025-11-21,16.0,2,1,False,0.0
laser,2025-11-24,40.0,3,2,False,0.0
punch,2025-11-24,8.0,1,1,False,0.0
press_brake,2025-11-24,72.0,5,2,False,0.0
hardware,2025-11-24,16.0,2,1,False,0.0
weld,2025-11-24,48.0,6,1,False,0.0
robotic_weld,2025-11-24,8.0,1,1,False,0.0
grind_deburr,2025-11-24,16.0,2,1,False,0.0
powder_coat,2025-11-24,8.0,1,1,False,0.0
assembly,2025-11-24,16.0,2,1,False,0.0
inspection_pack,2025-11-24,16.0,2,1,False,0.0
laser,2025-11-25,40.0,3,2,False,0.0
punch,2025-11-25,8.0,1,1,False,0.0
press_brake,2025-11-25,72.0,5,2,False,0.0
hardware,2025-11-25,16.0,2,1,False,0.0
weld,2025-11-25,48.0,6,1,False,0.0
robotic_weld,2025-11-25,8.0,1,1,False,0.0
grind_deburr,2025-11-25,16.0,2,1,False,0.0
powder_coat,2025-11-25,8.0,1,1,False,0.0
assembly,2025-11-25,16.0,2,1,False,0.0
inspection_pack,2025-11-25,16.0,2,1,False,0.0
laser,2025-11-26,40.0,3,2,False,0.0
punch,2025-11-26,8.0,1,1,False,0.0
press_brake,2025-11-26,72.0,5,2,False,0.0
hardware,2025-11-26,16.0,2,1,False,0.0
weld,2025-11-26,48.0,6,1,False,0.0
robotic_weld,2025-11-26,8.0,1,1,False,0.0
grind_deburr,2025-11-26,16.0,2,1,False,0.0
powder_coat,2025-11-26,8.0,1,1,False,0.0
assembly,2025-11-26,16.0,2,1,False,0.0
inspection_pack,2025-11-26,16.0,2,1,False,0.0
laser,2025-12-01,40.0,3,2,False,0.0
punch,2025-12-01,8.0,1,1,False,0.0
press_brake,2025-12-01,72.0,5,2,False,0.0
hardware,2025-12-01,16.0,2,1,False,0.0
weld,2025-12-01,48.0,6,1,False,0.0
robotic_weld,2025-12-01,8.0,1,1,False,0.0
grind_deburr,2025-12-01,16.0,2,1,False,0.0
powder_coat,2025-12-01,8.0,1,1,False,0.0
assembly,2025-12-01,16.0,2,1,False,0.0
inspection_pack,2025-12-01,16.0,2,1,False,0.0
laser,2025-12-02,40.0,3,2,False,0.0
punch,2025-12-02,8.0,1,1,False,0.0
press_brake,2025-12-02,72.0,5,2,False,0.0
hardware,2025-12-02,16.0,2,1,False,0.0
weld,2025-12-02,48.0,6,1,False,0.0
robotic_weld,2025-12-02,8.0,1,1,False,0.0
grind_deburr,2025-12-02,16.0,2,1,False,0.0
powder_coat,2025-12-02,8.0,1,1,False,0.0
assembly,2025-12-02,16.0,2,1,False,0.0
inspection_pack,2025-12-02,16.0,2,1,False,0.0
laser,2025-12-03,40.0,3,2,False,0.0
punch,2025-12-03,8.0,1,1,False,0.0
press_brake,2025-12-03,72.0,5,2,False,0.0
hardware,2025-12-03,16.0,2,1,False,0.0
weld,2025-12-03,48.0,6,1,False,0.0
robotic_weld,2025-12-03,8.0,1,1,False,0.0
grind_deburr,2025-12-03,16.0,2,1,False,0.0
powder_coat,2025-12-03,8.0,1,1,False,0.0
assembly,2025-12-03,16.0,2,1,False,0.0
inspection_pack,2025-12-03,16.0,2,1,False,0.0
laser,2025-12-04,40.0,3,2,False,0.0
punch,2025-12-04,8.0,1,1,False,0.0
press_brake,2025-12-04,72.0,5,2,False,0.0
hardware,2025-12-04,16.0,2,1,False,0.0
weld,2025-12-04,48.0,6,1,False,0.0
robotic_weld,2025-12-04,8.0,1,1,False,0.0
grind_deburr,2025-12-04,16.0,2,1,False,0.0
powder_coat,2025-12-04,8.0,1,1,False,0.0
assembly,2025-12-04,16.0,2,1,False,0.0
inspection_pack,2025-12-04,16.0,2,1,False,0.0
laser,2025-12-05,40.0,3,2,False,0.0
punch,2025-12-05,8.0,1,1,False,0.0
press_brake,2025-12-05,72.0,5,2,False,0.0
hardware,2025-12-05,16.0,2,1,False,0.0
weld,2025-12-05,48.0,6,1,False,0.0
robotic_weld,2025-12-05,8.0,1,1,False,0.0
grind_deburr,2025-12-05,16.0,2,1,False,0.0
powder_coat,2025-12-05,8.0,1,1,False,0.0
assembly,2025-12-05,16.0,2,1,False,0.0
inspection_pack,2025-12-05,16.0,2,1,False,0.0
press_brake,2025-12-06,16.0,5,1,True,0.0
laser,2025-12-08,40.0,3,2,False,0.0
punch,2025-12-08,8.0,1,1,False,0.0
press_brake,2025-12-08,72.0,5,2,False,0.0
hardware,2025-12-08,16.0,2,1,False,0.0
weld,2025-12-08,48.0,6,1,False,0.0
robotic_weld,2025-12-08,8.0,1,1,False,0.0
grind_deburr,2025-12-08,16.0,2,1,False,0.0
powder_coat,2025-12-08,8.0,1,1,False,0.0
assembly,2025-12-08,16.0,2,1,False,0.0
inspection_pack,2025-12-08,16.0,2,1,False,0.0
laser,2025-12-09,40.0,3,2,False,0.0
punch,2025-12-09,8.0,1,1,False,0.0
press_brake,2025-12-09,72.0,5,2,False,0.0
hardware,2025-12-09,16.0,2,1,False,0.0
weld,2025-12-09,48.0,6,1,False,0.0
robotic_weld,2025-12-09,8.0,1,1,False,0.0
grind_deburr,2025-12-09,16.0,2,1,False,0.0
powder_coat,2025-12-09,8.0,1,1,False,0.0
assembly,2025-12-09,16.0,2,1,False,0.0
inspection_pack,2025-12-09,16.0,2,1,False,0.0
laser,2025-12-10,40.0,3,2,False,0.0
punch,2025-12-10,8.0,1,1,False,0.0
press_brake,2025-12-10,72.0,5,2,False,0.0
hardware,2025-12-10,16.0,2,1,False,0.0
weld,2025-12-10,48.0,6,1,False,0.0
robotic_weld,2025-12-10,8.0,1,1,False,0.0
grind_deburr,2025-12-10,16.0,2,1,False,0.0
powder_coat,2025-12-10,8.0,1,1,False,0.0
assembly,2025-12-10,16.0,2,1,False,0.0
inspection_pack,2025-12-10,16.0,2,1,False,0.0
laser,2025-12-11,40.0,3,2,False,0.0
punch,2025-12-11,8.0,1,1,False,0.0
press_brake,2025-12-11,72.0,5,2,False,0.0
hardware,2025-12-11,16.0,2,1,False,0.0
weld,2025-12-11,48.0,6,1,False,0.0
robotic_weld,2025-12-11,8.0,1,1,False,0.0
grind_deburr,2025-12-11,16.0,2,1,False,0.0
powder_coat,2025-12-11,8.0,1,1,False,0.0
assembly,2025-12-11,16.0,2,1,False,0.0
inspection_pack,2025-12-11,16.0,2,1,False,0.0
laser,2025-12-12,40.0,3,2,False,0.0
punch,2025-12-12,8.0,1,1,False,0.0
press_brake,2025-12-12,72.0,5,2,False,0.0
hardware,2025-12-12,16.0,2,1,False,0.0
weld,2025-12-12,48.0,6,1,False,0.0
robotic_weld,2025-12-12,8.0,1,1,False,0.0
grind_deburr,2025-12-12,16.0,2,1,False,0.0
powder_coat,2025-12-12,8.0,1,1,False,0.0
assembly,2025-12-12,16.0,2,1,False,0.0
inspection_pack,2025-12-12,16.0,2,1,False,0.0
laser,2025-12-15,40.0,3,2,False,0.0
punch,2025-12-15,8.0,1,1,False,0.0
press_brake,2025-12-15,72.0,5,2,False,0.0
hardware,2025-12-15,16.0,2,1,False,0.0
weld,2025-12-15,48.0,6,1,False,0.0
robotic_weld,2025-12-15,8.0,1,1,False,0.0
grind_deburr,2025-12-15,16.0,2,1,False,0.0
powder_coat,2025-12-15,8.0,1,1,False,0.0
assembly,2025-12-15,16.0,2,1,False,0.0
inspection_pack,2025-12-15,16.0,2,1,False,0.0
laser,2025-12-16,40.0,3,2,False,0.0
punch,2025-12-16,8.0,1,1,False,0.0
press_brake,2025-12-16,72.0,5,2,False,0.0
hardware,2025-12-16,16.0,2,1,False,0.0
weld,2025-12-16,48.0,6,1,False,0.0
robotic_weld,2025-12-16,8.0,1,1,False,0.0
grind_deburr,2025-12-16,16.0,2,1,False,0.0
powder_coat,2025-12-16,8.0,1,1,False,0.0
assembly,2025-12-16,16.0,2,1,False,0.0
inspection_pack,2025-12-16,16.0,2,1,False,0.0
laser,2025-12-17,40.0,3,2,False,0.0
punch,2025-12-17,8.0,1,1,False,0.0
press_brake,2025-12-17,72.0,5,2,False,0.0
hardware,2025-12-17,16.0,2,1,False,0.0
weld,2025-12-17,48.0,6,1,False,0.0
robotic_weld,2025-12-17,8.0,1,1,False,0.0
grind_deburr,2025-12-17,16.0,2,1,False,0.0
powder_coat,2025-12-17,8.0,1,1,False,0.0
assembly,2025-12-17,16.0,2,1,False,0.0
inspection_pack,2025-12-17,16.0,2,1,False,0.0
laser,2025-12-18,40.0,3,2,False,0.0
punch,2025-12-18,8.0,1,1,False,0.0
press_brake,2025-12-18,72.0,5,2,False,0.0
hardware,2025-12-18,16.0,2,1,False,0.0
weld,2025-12-18,48.0,6,1,False,0.0
robotic_weld,2025-12-18,8.0,1,1,False,0.0
grind_deburr,2025-12-18,16.0,2,1,False,0.0
powder_coat,2025-12-18,8.0,1,1,False,0.0
assembly,2025-12-18,16.0,2,1,False,0.0
inspection_pack,2025-12-18,16.0,2,1,False,0.0
laser,2025-12-19,40.0,3,2,False,0.0
punch,2025-12-19,8.0,1,1,False,0.0
press_brake,2025-12-19,72.0,5,2,False,0.0
hardware,2025-12-19,16.0,2,1,False,0.0
weld,2025-12-19,48.0,6,1,False,0.0
robotic_weld,2025-12-19,8.0,1,1,False,0.0
grind_deburr,2025-12-19,16.0,2,1,False,0.0
powder_coat,2025-12-19,8.0,1,1,False,0.0
assembly,2025-12-19,16.0,2,1,False,0.0
inspection_pack,2025-12-19,16.0,2,1,False,0.0
press_brake,2025-12-20,16.0,5,1,True,0.0
laser,2025-12-22,40.0,3,2,False,0.0
punch,2025-12-22,8.0,1,1,False,0.0
press_brake,2025-12-22,72.0,5,2,False,0.0
hardware,2025-12-22,16.0,2,1,False,0.0
weld,2025-12-22,48.0,6,1,False,0.0
robotic_weld,2025-12-22,8.0,1,1,False,0.0
grind_deburr,2025-12-22,16.0,2,1,False,0.0
powder_coat,2025-12-22,8.0,1,1,False,0.0
assembly,2025-12-22,16.0,2,1,False,0.0
inspection_pack,2025-12-22,16.0,2,1,False,0.0
laser,2025-12-23,40.0,3,2,False,0.0
punch,2025-12-23,8.0,1,1,False,0.0
press_brake,2025-12-23,72.0,5,2,False,0.0
hardware,2025-12-23,16.0,2,1,False,0.0
weld,2025-12-23,48.0,6,1,False,0.0
robotic_weld,2025-12-23,8.0,1,1,False,0.0
grind_deburr,2025-12-23,16.0,2,1,False,0.0
powder_coat,2025-12-23,8.0,1,1,False,0.0
assembly,2025-12-23,16.0,2,1,False,0.0
inspection_pack,2025-12-23,16.0,2,1,False,0.0
