scenario,seed,period,jobs_shipped,lead_time_median,lead_time_p90,wip_mean,on_time_delivery,brake_utilization,robotic_weld_utilization,saturday_shifts,extended_hours,on_time_delivery_load_aware,promises_longer_than_fixed_quote,load_aware_quote_mean
S0 Current practice,100,year,5230,10.208333333333314,23.208333333333314,235.51698113207547,0.8196940726577437,0.9331136880459464,0.8562823292671742,15.0,104.0,0.8569789674952198,0.8584947183098591,17.840228873239436
S0 Current practice,100,Q2 to Q4,3806,9.208333333333314,17.208333333333314,196.984126984127,0.9093536521282186,0.9206441013648706,0.8705643934931427,2.0,0.0,0.9293221229637416,0.8268359020852222,17.041100030220612
S0 Current practice,101,year,5237,10.208333333333314,23.208333333333343,235.822641509434,0.8090509833874355,0.932518559839731,0.8644882742265823,16.0,104.0,0.8445675004773725,0.842741049857237,17.787173292334725
S0 Current practice,101,Q2 to Q4,3786,9.208333333333314,17.208333333333314,196.2169312169312,0.9064976228209192,0.9199209162999578,0.8522976050093567,4.0,4.0,0.9234020073956682,0.8234398782343988,16.885844748858446
S0 Current practice,102,year,5229,10.208333333333314,23.208333333333314,234.83396226415093,0.8043602983362019,0.9206003304181016,0.8542274928174618,22.0,100.0,0.8408873589596482,0.8592511013215859,17.90748898678414
S0 Current practice,102,Q2 to Q4,3763,9.208333333333314,17.208333333333314,194.87301587301587,0.9014084507042254,0.9038398614622216,0.8355006352857969,10.0,4.0,0.9178846664895032,0.8211879975505205,16.84537660747091
S0 Current practice,103,year,5250,11.208333333333314,24.208333333333314,240.8,0.7958095238095239,0.939789333538112,0.8493068362591175,13.0,88.0,0.8386666666666667,0.8435106150142263,18.236375574523965
S0 Current practice,103,Q2 to Q4,3798,9.208333333333314,17.208333333333314,198.7513227513228,0.90521327014218,0.9298466503994788,0.8578467289469824,2.0,0.0,0.9233807266982622,0.8302058111380145,17.483353510895885
S0 Current practice,104,year,5245,10.208333333333314,22.208333333333314,228.3924528301887,0.8335557673975215,0.9344980416942896,0.8671563163175292,16.0,84.0,0.8632983794089609,0.8662714097496707,17.535792709705753
S0 Current practice,104,Q2 to Q4,3768,9.208333333333314,16.208333333333314,194.015873015873,0.903131634819533,0.9227058178554568,0.859912736881696,5.0,0.0,0.9254246284501062,0.8142594859241126,16.491432068543453
S0 Current practice,105,year,5240,10.208333333333314,23.208333333333314,229.35094339622643,0.8322519083969465,0.9257618009665748,0.835846955301352,19.0,92.0,0.857824427480916,0.8605008787346221,17.484182776801404
S0 Current practice,105,Q2 to Q4,3772,8.208333333333314,16.208333333333314,192.4021164021164,0.9109225874867444,0.9109567693280558,0.8316958780724492,8.0,20.0,0.9273594909862142,0.8201526717557251,16.474198473282442
S0 Current practice,106,year,5237,11.208333333333314,24.208333333333314,238.822641509434,0.8031315638724461,0.9305764235662172,0.8451843470223838,23.0,152.0,0.8489593278594615,0.8538461538461538,18.105714285714285
S0 Current practice,106,Q2 to Q4,3798,9.208333333333314,17.208333333333314,197.59259259259252,0.9115323854660348,0.917256906009757,0.8612785151748391,10.0,20.0,0.9283833596629804,0.8284328584419521,17.214610488026675
S0 Current practice,107,year,5228,10.208333333333314,23.208333333333314,231.6754716981132,0.8186687069625096,0.932251634315412,0.8299500773281016,17.0,84.0,0.8529074215761285,0.8813298106560986,17.735358872743284
S0 Current practice,107,Q2 to Q4,3770,9.208333333333314,17.208333333333314,195.88888888888889,0.896551724137931,0.91967051105557,0.8272693486080448,6.0,0.0,0.9183023872679044,0.8354700854700855,16.73901098901099
S0 Current practice,108,year,5216,10.208333333333314,21.208333333333343,223.2943396226415,0.8533358895705522,0.9282844309456194,0.8330001294359165,15.0,76.0,0.8713573619631901,0.8570167696381289,16.977714033539275
S0 Current practice,108,Q2 to Q4,3759,8.208333333333314,16.208333333333314,191.2698412698413,0.9127427507315776,0.9144685401132072,0.8328490927165974,7.0,0.0,0.925246076084065,0.8091883614088821,15.87258805513017
S0 Current practice,109,year,5217,10.208333333333314,21.208333333333314,218.16603773584905,0.8573893041978148,0.9278199462148312,0.865327015061329,16.0,72.0,0.8738738738738738,0.8592853992059991,16.62461402734892
S0 Current practice,109,Q2 to Q4,3738,8.208333333333314,16.208333333333314,190.04761904761904,0.9069020866773676,0.9138528958180984,0.851017221676276,7.0,12.0,0.9197431781701444,0.8031471767972848,15.343103980253009
S0 Current practice,110,year,5206,11.208333333333314,23.208333333333314,237.4981132075472,0.8152132155205533,0.9334852731972424,0.8363444557106484,18.0,112.0,0.8519016519400692,0.8491484184914841,17.940278699402786
S0 Current practice,110,Q2 to Q4,3740,9.208333333333314,17.208333333333314,201.85185185185185,0.9029411764705882,0.9212736894794178,0.8355268717753345,6.0,12.0,0.9240641711229948,0.8210428879975317,17.03702560937982
S0 Current practice,111,year,5230,10.208333333333314,22.208333333333343,232.05283018867925,0.8216061185468452,0.9356415504236496,0.8310798862499367,13.0,84.0,0.8527724665391969,0.8324169782274027,17.600615790631185
S0 Current practice,111,Q2 to Q4,3762,9.208333333333314,16.208333333333314,194.24867724867724,0.9077618288144604,0.92421690300877,0.8386904490706668,2.0,0.0,0.9221158958001064,0.8152573529411765,16.678002450980394
S0 Current practice,112,year,5253,11.208333333333314,24.208333333333314,242.57735849056604,0.7837426232628973,0.9388144295849512,0.8618642378978659,16.0,132.0,0.8406624785836665,0.8756295160937158,18.64703306328005
S0 Current practice,112,Q2 to Q4,3811,9.208333333333314,17.208333333333314,198.64550264550263,0.9078981894515876,0.9283913204146672,0.8764619614967243,3.0,8.0,0.9275780635003936,0.8303140096618358,17.61503623188406
S0 Current practice,113,year,5237,11.208333333333314,25.208333333333314,244.71698113207543,0.7765896505632996,0.9370827986883824,0.8610634217913199,17.0,92.0,0.8348291006301317,0.876784537667472,18.562266637381946
S0 Current practice,113,Q2 to Q4,3818,9.208333333333314,17.208333333333314,199.3439153439153,0.9064955474070194,0.9261099863015692,0.8616058409551763,4.0,0.0,0.931115767417496,0.8618302227573751,17.9051776038531
S0 Current practice,114,year,5217,10.208333333333371,22.208333333333343,234.7584905660377,0.824036802760207,0.9310919999243964,0.8585841052891454,17.0,112.0,0.8614146060954572,0.8747795414462081,17.816358024691358
S0 Current practice,114,Q2 to Q4,3775,9.208333333333314,17.208333333333314,198.35978835978835,0.909139072847682,0.918018708582905,0.852719797517193,6.0,0.0,0.9300662251655628,0.8266707354287458,16.87854745193775
S0 Current practice,115,year,5208,10.208333333333314,22.208333333333314,228.0490566037736,0.8523425499231951,0.9318388501667776,0.8401741238885357,12.0,76.0,0.8711597542242704,0.8431068820535517,17.306262447444126
S0 Current practice,115,Q2 to Q4,3735,9.208333333333314,17.208333333333314,197.11111111111111,0.9111111111111112,0.919172264301983,0.8446104519480203,2.0,16.0,0.9271753681392236,0.8233477455219271,16.392835083384806
S0 Current practice,116,year,5260,10.208333333333314,23.308333333333703,235.9132075471698,0.7956273764258555,0.9335167448405964,0.8351049861114245,18.0,112.0,0.8429657794676806,0.8173076923076923,17.818837412587413
S0 Current practice,116,Q2 to Q4,3809,8.208333333333314,16.408333333333587,192.24867724867724,0.9115253347335258,0.9212743295862408,0.855981098594752,6.0,0.0,0.9306904699396168,0.7894895801872546,16.91875566294171
S0 Current practice,117,year,5223,10.208333333333345,23.208333333333314,235.7811320754717,0.8301742293700938,0.9406182675591124,0.85512454169935,15.0,84.0,0.8619567298487459,0.8703214442976662,18.024878907970056
S0 Current practice,117,Q2 to Q4,3797,9.208333333333314,17.208333333333314,199.53968253968253,0.9075585988938636,0.9309608960935016,0.8467080342921707,3.0,0.0,0.9302080589939424,0.8423600605143722,17.223298033282905
S0 Current practice,118,year,5207,10.208333333333314,24.208333333333314,240.6566037735849,0.7987324755137315,0.9360310280726886,0.8477201305101737,18.0,104.0,0.8490493566352987,0.8820796460176992,18.14867256637168
S0 Current practice,118,Q2 to Q4,3820,9.208333333333314,17.208333333333314,198.2804232804233,0.9078534031413612,0.9246761497719712,0.8600729900533804,5.0,4.0,0.9274869109947644,0.8399037014745712,17.416190189587724
S0 Current practice,119,year,5219,10.208333333333314,22.208333333333343,232.8566037735849,0.8331097911477294,0.9345335876721952,0.8359140799450776,16.0,96.0,0.8656830810500096,0.873953283384751,17.712208021154694
S0 Current practice,119,Q2 to Q4,3773,9.208333333333314,17.208333333333314,195.87301587301587,0.9175722236946728,0.922723981664457,0.8369933905577344,5.0,0.0,0.9332096474953616,0.8257552639609399,16.64632285627098
S0 Current practice,120,year,5268,11.208333333333314,24.208333333333314,241.6490566037736,0.79916476841306,0.9423956087856984,0.847096778063608,18.0,108.0,0.8460516324981018,0.8592624918175867,18.207069605062188
S0 Current practice,120,Q2 to Q4,3809,9.208333333333314,17.208333333333314,202.37566137566137,0.8981359936991337,0.9334069470430588,0.8434008519333424,7.0,0.0,0.922551850879496,0.8317249698431846,17.305790108564537
S0 Current practice,121,year,5214,10.208333333333314,21.208333333333314,226.42641509433963,0.8542385884158036,0.9369588364380816,0.8407916784938263,14.0,88.0,0.8709244342155734,0.8444738583719391,17.039046988749174
S0 Current practice,121,Q2 to Q4,3784,9.208333333333314,16.208333333333314,196.3174603174604,0.9067124735729388,0.9261126905733378,0.8469068633000332,5.0,0.0,0.9207188160676532,0.8223303924551263,16.198965622147856
S0 Current practice,122,year,5238,11.208333333333314,23.208333333333343,239.33962264150944,0.8020236731576937,0.9290384011103286,0.8489279352113757,17.0,124.0,0.8493699885452463,0.8582417582417582,18.09450549450549
S0 Current practice,122,Q2 to Q4,3781,9.208333333333314,17.208333333333314,199.0793650793651,0.9103411795821212,0.9151116067949734,0.8491351710725239,4.0,12.0,0.930441682094684,0.8280487804878048,17.166158536585368
S0 Current practice,123,year,5227,11.208333333333314,24.208333333333314,243.1207547169812,0.7910847522479434,0.939971993074566,0.8684183037573716,14.0,84.0,0.8414004208915248,0.8625164980202376,18.307303123625164
S0 Current practice,123,Q2 to Q4,3821,9.208333333333314,18.208333333333314,201.4021164021164,0.902904998691442,0.9300697772059664,0.8661937568256438,2.0,0.0,0.927505888510861,0.8390977443609022,17.57924812030075
S0 Current practice,124,year,5243,10.208333333333314,22.208333333333314,230.9509433962264,0.831966431432386,0.9348193675862672,0.8595424065394994,15.0,88.0,0.8649628075529278,0.8694889230094319,17.580609782847116
S0 Current practice,124,Q2 to Q4,3779,9.208333333333314,17.208333333333314,197.24338624338623,0.9028843609420482,0.9231179576496414,0.8559587333904061,4.0,0.0,0.9235247419952368,0.8204815604998477,16.60408412069491
S0 Current practice,125,year,5257,10.208333333333345,24.208333333333314,240.0490566037736,0.7882822902796272,0.9312096003341306,0.8324385343393983,19.0,120.0,0.8404032718280388,0.8493330417668926,18.323201399518915
S0 Current practice,125,Q2 to Q4,3797,9.208333333333314,17.208333333333314,195.65079365079364,0.909402159599684,0.9181733028775556,0.831735337998624,7.0,12.0,0.9302080589939424,0.8296004842615012,17.412832929782084
S0 Current practice,126,year,5259,10.208333333333314,23.20833333333332,232.5132075471698,0.8113709830766306,0.9309416280015462,0.8600583312448464,21.0,96.0,0.8488305761551626,0.849234135667396,17.794748358862144
S0 Current practice,126,Q2 to Q4,3779,8.208333333333314,17.208333333333314,193.84656084656083,0.8986504366234453,0.9179221818372784,0.8602802627196137,10.0,0.0,0.91690923524742,0.8227231190983856,16.724642095644228
S0 Current practice,127,year,5190,10.208333333333314,21.208333333333343,222.60377358490567,0.8558766859344894,0.9229685892685152,0.8492836436706303,15.0,88.0,0.86878612716763,0.8408788282290279,16.81225033288948
S0 Current practice,127,Q2 to Q4,3763,8.208333333333314,16.208333333333314,191.87301587301587,0.9069891044379484,0.9071995703110096,0.8336561768760091,6.0,8.0,0.921073611480202,0.8206305479032752,15.960208142026325
S0 Current practice,128,year,5204,10.208333333333314,23.208333333333314,234.8716981132076,0.8130284396617986,0.935932053413662,0.8605900234970356,17.0,132.0,0.8524212144504227,0.8674778761061946,17.779646017699115
S0 Current practice,128,Q2 to Q4,3781,9.208333333333314,17.208333333333314,197.0952380952381,0.9018778101031472,0.9244601505618658,0.8612310052780308,4.0,4.0,0.9233007140967998,0.8486140724946695,17.03137374352726
S0 Current practice,129,year,5226,10.208333333333314,22.208333333333314,230.73584905660377,0.8228090317642557,0.928172111347587,0.8510454388527467,15.0,128.0,0.8515116724071948,0.8558518845051797,17.500771434868856
S0 Current practice,129,Q2 to Q4,3773,9.208333333333314,17.208333333333314,194.8095238095238,0.8987543069175722,0.9140312677949326,0.8501206165613899,4.0,16.0,0.9151868539623642,0.8442272449602932,16.675015271838728
S1 WIP cap 240,100,year,5229,12.208333333333314,25.208333333333314,260.5509433962264,0.7418244406196214,0.9428981835999464,0.891605725389155,19.0,0.0,0.8299866131191432,0.8929515418502203,19.351321585903083
S1 WIP cap 240,100,Q2 to Q4,3878,10.208333333333314,19.208333333333314,218.94708994708995,0.8620422898401238,0.9344623251350884,0.8993527156565008,12.0,0.0,0.9223826714801444,0.8789224393132031,19.13795145056246
S1 WIP cap 240,101,year,5206,11.208333333333314,23.208333333333343,246.4566037735849,0.8069535151747983,0.9427903274640776,0.8491978319998642,12.0,0.0,0.8580484056857473,0.8591331269349846,18.306943830163643
S1 WIP cap 240,101,Q2 to Q4,3832,9.208333333333314,18.208333333333314,209.3121693121693,0.9008350730688937,0.9341638324774856,0.8598316996063923,3.0,0.0,0.9337160751565762,0.8450239808153477,17.91906474820144
S1 WIP cap 240,102,year,5204,12.208333333333314,23.208333333333343,249.0490566037736,0.7878554957724827,0.9410563341363524,0.8565380283162745,9.0,12.0,0.8431975403535742,0.8673898605268984,18.409785255700687
S1 WIP cap 240,102,Q2 to Q4,3824,10.208333333333314,19.208333333333314,213.4973544973545,0.882060669456067,0.9319822205276592,0.8739383521341935,5.0,0.0,0.921286610878661,0.8638272345530894,18.19466106778644
S1 WIP cap 240,103,year,5221,12.208333333333314,25.208333333333314,256.61509433962266,0.75407010151312,0.9462428971086962,0.8533185578198053,13.0,8.0,0.832790653131584,0.8723544973544973,18.9810405643739
S1 WIP cap 240,103,Q2 to Q4,3845,10.208333333333314,19.208333333333314,216.28571428571428,0.8720416124837451,0.938977443846244,0.8755739679438651,8.0,8.0,0.9243172951885564,0.8713048671245148,18.736040609137056
S1 WIP cap 240,104,year,5243,12.208333333333314,25.208333333333343,261.03018867924527,0.7306885370970818,0.9450684942655768,0.8558629002165773,10.0,0.0,0.8270074384894145,0.8977621763931549,19.40851250548486
S1 WIP cap 240,104,Q2 to Q4,3864,9.208333333333314,19.208333333333314,216.7989417989418,0.8612836438923396,0.9373676798403332,0.8623041598258949,5.0,0.0,0.9249482401656316,0.8875334721808985,19.094614698006545
S1 WIP cap 240,105,year,5228,12.208333333333314,25.20833333333332,265.55849056603773,0.7260902830910482,0.9466221615957848,0.8352038343581071,10.0,12.0,0.826893649579189,0.9070893879348304,19.435050638485247
S1 WIP cap 240,105,Q2 to Q4,3884,10.208333333333314,20.208333333333314,226.46560846560843,0.8414006179196705,0.9394542830012848,0.8529803497425724,5.0,8.0,0.923274974253347,0.9102185469580626,19.37832250443001
S1 WIP cap 240,106,year,5235,12.208333333333314,25.208333333333314,260.3622641509434,0.7518624641833811,0.947330250097267,0.8506200234650919,8.0,16.0,0.8349570200573065,0.8924329080510339,19.188957325120985
S1 WIP cap 240,106,Q2 to Q4,3853,10.208333333333314,19.208333333333314,222.40740740740745,0.8632234622372178,0.9404079332722354,0.86809765876882,4.0,4.0,0.9255125875940824,0.8733233979135618,18.917734724292103
S1 WIP cap 240,107,year,5207,12.208333333333314,25.208333333333314,261.70188679245285,0.7351642020357212,0.9337612685628386,0.8357447172221113,19.0,12.0,0.8242750144036873,0.910075121520106,19.232876712328768
S1 WIP cap 240,107,Q2 to Q4,3864,10.208333333333314,19.208333333333314,220.7460317460317,0.8589544513457557,0.92211251889572,0.8697148147078004,11.0,4.0,0.9246894409937888,0.9165429165429164,19.20938520938521
S1 WIP cap 240,108,year,5213,11.208333333333314,24.208333333333314,246.89056603773585,0.7920583157490888,0.9396088063519394,0.859854249156626,13.0,8.0,0.8492230961058891,0.8718798321184007,18.42787718135631
S1 WIP cap 240,108,Q2 to Q4,3829,9.208333333333314,18.208333333333314,208.64550264550263,0.8981457299556019,0.9299551759628006,0.8667577537661747,6.0,0.0,0.9292243405588928,0.8514851485148515,17.95889588958896
S1 WIP cap 240,109,year,5245,12.208333333333314,26.208333333333314,268.9245283018868,0.7140133460438512,0.9499429527874144,0.8536332134349066,14.0,4.0,0.8346997140133461,0.9199034452490674,19.937897739741057
S1 WIP cap 240,109,Q2 to Q4,3879,10.208333333333314,20.208333333333314,229.2910052910053,0.834235627739108,0.9439514333381748,0.8736776948839906,9.0,4.0,0.9296210363495746,0.8984906777153003,19.75081385025156
S1 WIP cap 240,110,year,5240,13.208333333333314,27.208333333333314,274.9169811320755,0.691412213740458,0.9470626286843308,0.8527640273067877,9.0,8.0,0.8124045801526718,0.9130625686059276,20.032491767288693
S1 WIP cap 240,110,Q2 to Q4,3875,10.208333333333371,21.208333333333314,234.6984126984127,0.816258064516129,0.9400440926166792,0.8837046151264526,4.0,8.0,0.9156129032258064,0.9262440758293838,20.077310426540283
S1 WIP cap 240,111,year,5220,12.208333333333314,24.208333333333343,260.4377358490566,0.7471264367816092,0.9443722271944726,0.8661962575992997,12.0,4.0,0.828735632183908,0.935626102292769,19.159171075837744
S1 WIP cap 240,111,Q2 to Q4,3844,10.208333333333314,19.208333333333314,221.66666666666663,0.8660249739854319,0.9364062394886808,0.8774555442170509,6.0,0.0,0.918054110301769,0.9127837514934288,18.857228195937875
S1 WIP cap 240,112,year,5209,11.208333333333314,23.208333333333314,241.5245283018868,0.8093684008446919,0.943299505335311,0.8296497835698448,10.0,0.0,0.8615857170282204,0.8854742427592306,18.1476895865576
S1 WIP cap 240,112,Q2 to Q4,3840,9.208333333333314,18.208333333333314,202.88888888888889,0.90234375,0.9349500099606844,0.844925136256366,4.0,0.0,0.934375,0.844956599820413,17.568392696797368
S1 WIP cap 240,113,year,5228,12.208333333333314,26.208333333333314,267.5509433962264,0.7184391736801836,0.9393215498677976,0.847845280481169,12.0,16.0,0.8335883703136955,0.927832783278328,19.89262926292629
S1 WIP cap 240,113,Q2 to Q4,3879,10.208333333333314,20.208333333333314,227.47619047619048,0.8406805877803558,0.929757578825772,0.871148558124541,9.0,12.0,0.9278164475380252,0.9030159668835008,19.62093435836783
S1 WIP cap 240,114,year,5231,11.208333333333314,23.208333333333343,244.5320754716981,0.7931561842859873,0.9301221708388594,0.8633765846990386,12.0,0.0,0.8552857962148729,0.8879594981289897,18.57340964120625
S1 WIP cap 240,114,Q2 to Q4,3850,9.208333333333314,18.208333333333314,204.7354497354497,0.8942857142857142,0.9173067627964832,0.8571491854686263,7.0,0.0,0.9303896103896104,0.8481503579952268,17.899164677804297
S1 WIP cap 240,115,year,5224,12.208333333333314,25.208333333333343,265.9169811320755,0.723583460949464,0.9410575652118262,0.8488687806309112,16.0,0.0,0.8325038284839203,0.9363576304778684,19.79630037436688
S1 WIP cap 240,115,Q2 to Q4,3851,10.208333333333314,20.208333333333314,225.83597883597884,0.8454946767073488,0.9319127491882476,0.8658091492778959,8.0,0.0,0.926772266943651,0.913808529674918,19.485833581866984
S1 WIP cap 240,116,year,5239,11.208333333333314,24.208333333333314,248.41132075471697,0.7768658140866578,0.930384487380247,0.8446979887054263,12.0,8.0,0.8457720939110517,0.8915477497255763,18.68891328210757
S1 WIP cap 240,116,Q2 to Q4,3857,9.208333333333314,18.208333333333314,208.24867724867724,0.8807363235675395,0.9175151032480572,0.869851117198668,5.0,0.0,0.9224786103189008,0.8561236623067776,18.102259215219977
S1 WIP cap 240,117,year,5214,11.208333333333314,23.208333333333343,247.71320754716984,0.783084004602992,0.9341746349721434,0.852432577732855,19.0,16.0,0.8421557345607978,0.8656353591160221,18.165966850828728
S1 WIP cap 240,117,Q2 to Q4,3862,9.208333333333314,19.208333333333314,210.76719576719577,0.8770067322630761,0.9233809288211638,0.8674083932206004,12.0,0.0,0.918953909891248,0.8599048185603807,17.966686496133253
S1 WIP cap 240,118,year,5219,10.208333333333314,22.208333333333314,228.6,0.8321517532094271,0.9347506442360566,0.8331996162724172,9.0,0.0,0.8595516382448745,0.843915343915344,17.202601410934744
S1 WIP cap 240,118,Q2 to Q4,3794,8.208333333333314,17.208333333333314,191.6190476190476,0.9135477069056404,0.9234785428560048,0.8492921060476123,2.0,0.0,0.9296257248286768,0.8267071320182094,16.448254931714718
S1 WIP cap 240,119,year,5202,12.208333333333314,25.208333333333314,257.8,0.7629757785467128,0.9390442688087396,0.8520046982773537,11.0,4.0,0.8383314109957709,0.9060700044306602,19.08639787328312
S1 WIP cap 240,119,Q2 to Q4,3829,10.208333333333314,19.208333333333314,218.1534391534392,0.8874379733611909,0.9292726375574972,0.8570948544355467,6.0,0.0,0.9300078349438496,0.8730492196878752,18.71368547418968
S1 WIP cap 240,120,year,5224,12.208333333333314,24.208333333333314,250.8716981132076,0.7894333843797856,0.946002595026153,0.8280068591132493,10.0,4.0,0.8506891271056661,0.8739255014326648,18.64646242010139
S1 WIP cap 240,120,Q2 to Q4,3849,10.208333333333314,19.208333333333314,213.984126984127,0.8856845934008833,0.9385463477157716,0.8411696859761215,3.0,0.0,0.9282930631332814,0.8608539862645566,18.27978501045088
S1 WIP cap 240,121,year,5232,12.208333333333314,25.208333333333314,258.8301886792453,0.7498088685015291,0.9521906600893908,0.8363840783876703,12.0,4.0,0.8350535168195719,0.9166666666666666,19.274406332453825
S1 WIP cap 240,121,Q2 to Q4,3850,10.208333333333314,19.208333333333314,217.7460317460317,0.8753246753246753,0.9470284927030772,0.8522492971140764,6.0,4.0,0.9277922077922078,0.8927294398092968,18.931168057210964
S1 WIP cap 240,122,year,5235,12.208333333333314,25.208333333333314,258.00754716981135,0.7426934097421204,0.9440590151821812,0.859404065943676,11.0,4.0,0.8303724928366762,0.9012969883490876,19.23103978896461
S1 WIP cap 240,122,Q2 to Q4,3881,10.208333333333314,19.208333333333314,216.1534391534392,0.8691059005410977,0.93601333352273,0.8777063603081778,6.0,0.0,0.9260499871167224,0.8672775642920485,18.88146615430092
S1 WIP cap 240,123,year,5252,12.208333333333314,25.208333333333343,267.0867924528302,0.7313404417364814,0.948984634492286,0.8406310758744384,10.0,16.0,0.8392993145468393,0.9286183490256186,19.804247865119333
S1 WIP cap 240,123,Q2 to Q4,3876,10.208333333333314,20.208333333333314,226.25396825396825,0.8635190918472653,0.9426247307273372,0.8683304288618781,5.0,8.0,0.9336945304437564,0.9035502958579882,19.47189349112426
S1 WIP cap 240,124,year,5229,12.208333333333314,24.208333333333314,250.5811320754717,0.7852361828265443,0.946145114649146,0.8420251755440109,12.0,8.0,0.8437559762860968,0.8638363396392433,18.481962164540256
S1 WIP cap 240,124,Q2 to Q4,3843,10.208333333333314,19.208333333333314,212.4814814814815,0.8860265417642467,0.9387937103522364,0.8533157072277372,6.0,4.0,0.9255789747593026,0.8593610032845626,18.22633621976709
S1 WIP cap 240,125,year,5247,12.208333333333314,26.208333333333314,265.6792452830189,0.7160282065942444,0.9410651771097196,0.858262935345326,8.0,12.0,0.8288545835715647,0.922840859272249,19.68303375712407
S1 WIP cap 240,125,Q2 to Q4,3889,10.208333333333314,20.208333333333314,222.1957671957672,0.8446901517099511,0.931950512525656,0.8689482476850411,3.0,4.0,0.9313448187194652,0.8962569997052756,19.434718538166813
S1 WIP cap 240,126,year,5235,11.208333333333314,23.20833333333333,244.81509433962265,0.8051575931232091,0.9382190825505626,0.8683111638562223,15.0,0.0,0.8532951289398281,0.8765106569984619,18.159305647110525
S1 WIP cap 240,126,Q2 to Q4,3840,9.208333333333314,18.208333333333314,209.23809523809524,0.8963541666666667,0.9281734653361908,0.8835828827847181,9.0,0.0,0.9278645833333332,0.8737660783727191,17.739156446305714
S1 WIP cap 240,127,year,5214,12.208333333333314,26.208333333333314,269.2188679245283,0.7125047947832758,0.9435782080647374,0.8749915800146131,16.0,8.0,0.8199079401611047,0.9070640176600442,19.686754966887417
S1 WIP cap 240,127,Q2 to Q4,3871,10.208333333333314,21.208333333333314,229.7354497354497,0.8310514079049341,0.9352927499932422,0.887387063184065,8.0,0.0,0.917075691035908,0.9048606994665086,19.703319502074688
S1 WIP cap 240,128,year,5203,12.208333333333314,25.208333333333314,260.76981132075474,0.7597539880837978,0.9417473463388184,0.8578594665867344,12.0,0.0,0.8337497597539881,0.8913235945108455,19.249225320938468
S1 WIP cap 240,128,Q2 to Q4,3826,10.208333333333314,20.208333333333314,223.7089947089947,0.8646105593308939,0.9329246240961346,0.8631386584928951,7.0,0.0,0.9226346053319394,0.8921274038461539,19.10126201923077
S1 WIP cap 240,129,year,5236,12.208333333333314,26.208333333333314,261.42641509433963,0.7320473644003056,0.9399340834256572,0.8518488417891922,14.0,12.0,0.8239113827349122,0.9018014059753954,19.433875219683657
S1 WIP cap 240,129,Q2 to Q4,3852,10.208333333333314,19.208333333333314,217.1534391534392,0.8738317757009346,0.9304190684791775,0.8690177136498297,7.0,8.0,0.9304257528556594,0.8667660208643815,19.064381520119223
S1 WIP cap 210,100,year,5256,14.208333333333314,28.208333333333314,296.01509433962264,0.6200532724505328,0.9597369727123884,0.872858431997911,4.0,0.0,0.7973744292237442,0.9444565930461404,21.361688169691668
S1 WIP cap 210,100,Q2 to Q4,3884,12.208333333333314,23.208333333333314,254.7407407407408,0.748712667353244,0.9570922444074488,0.8935177963884738,1.0,0.0,0.9178681771369722,0.957754800590842,21.66381093057607
S1 WIP cap 210,101,year,5222,12.208333333333314,24.208333333333314,257.6490566037736,0.7623515894293375,0.9461377099286522,0.840472277603159,11.0,0.0,0.8381846036001532,0.8793559770621967,18.75893250992501
S1 WIP cap 210,101,Q2 to Q4,3850,10.208333333333314,19.208333333333314,218.3915343915344,0.8706493506493507,0.9391167178728204,0.8586135161119323,8.0,0.0,0.9254545454545454,0.8614008941877794,18.475409836065573
S1 WIP cap 210,102,year,5228,13.208333333333314,25.208333333333314,272.87924528301886,0.7111706197398623,0.951112029933964,0.8661116794748098,5.0,0.0,0.8257459831675593,0.9236019374724792,19.830030823425805
S1 WIP cap 210,102,Q2 to Q4,3872,11.208333333333314,21.108333333333405,234.9047619047619,0.8274793388429752,0.9455380914852132,0.8702984764757342,3.0,0.0,0.9269111570247934,0.9416123295791344,19.94872554831061
S1 WIP cap 210,103,year,5235,13.208333333333314,26.208333333333314,278.8867924528302,0.6699140401146132,0.9479982375254647,0.860475035031494,3.0,0.0,0.8135625596943649,0.9465934065934066,20.33692307692308
S1 WIP cap 210,103,Q2 to Q4,3880,11.208333333333314,21.208333333333314,238.91534391534395,0.7948453608247422,0.9413767303947256,0.8901083011417765,2.0,0.0,0.9216494845360824,0.950931126219332,20.43304759089565
S1 WIP cap 210,104,year,5228,12.208333333333314,24.208333333333314,253.6301886792453,0.7704667176740627,0.9457182464158864,0.8609947589010465,6.0,0.0,0.8433435348125479,0.884852487890797,18.647732276530164
S1 WIP cap 210,104,Q2 to Q4,3858,10.208333333333314,19.208333333333314,214.7513227513228,0.8766200103680664,0.9383115912954194,0.8819212881946472,4.0,0.0,0.923535510627268,0.8603335318642049,18.26861226920786
S1 WIP cap 210,105,year,5225,13.208333333333314,25.208333333333314,268.8603773584905,0.7230622009569379,0.9503238867277158,0.8500429617695475,10.0,0.0,0.8319617224880382,0.8991855602025094,19.539071098393133
S1 WIP cap 210,105,Q2 to Q4,3911,11.208333333333314,21.208333333333314,233.1534391534392,0.8297110713372539,0.945134089192046,0.8852835290695237,8.0,0.0,0.9271286116082844,0.905096660808436,19.728178090216755
S1 WIP cap 210,106,year,5242,12.208333333333314,25.208333333333314,266.2603773584906,0.7262495230827928,0.9459019788564454,0.8724850246463441,8.0,0.0,0.8265929034719572,0.908751919280544,19.430796227242816
S1 WIP cap 210,106,Q2 to Q4,3881,10.208333333333314,20.208333333333314,225.47619047619048,0.8495233187322855,0.9386914806868516,0.8828906675422594,5.0,0.0,0.9273383148673022,0.9195979899497488,19.375702039609813
S1 WIP cap 210,107,year,5245,12.208333333333314,24.208333333333343,261.7433962264151,0.736701620591039,0.9447907561488972,0.8706502672497896,7.0,0.0,0.8339370829361297,0.9162647961420428,19.1085050416484
S1 WIP cap 210,107,Q2 to Q4,3891,10.208333333333314,20.208333333333314,223.23809523809524,0.8455409920328965,0.9370772074900284,0.8736122620289256,5.0,0.0,0.9259830377794912,0.9307193396226416,19.012087264150946
S1 WIP cap 210,108,year,5229,13.208333333333314,26.208333333333314,273.4075471698113,0.6961178045515395,0.9485371761353564,0.8422209334575287,9.0,0.0,0.8246318607764391,0.9152728873239436,19.80413732394366
S1 WIP cap 210,108,Q2 to Q4,3876,11.208333333333314,21.208333333333314,234.7460317460317,0.8142414860681114,0.9420536516830308,0.8724033040673014,5.0,0.0,0.9256965944272446,0.9197987570287068,19.91092039064812
S1 WIP cap 210,109,year,5237,14.208333333333314,27.208333333333314,289.64150943396226,0.6476990643498186,0.9549208845012904,0.8571765731452122,8.0,0.0,0.8056139010884094,0.9450911486931692,20.937843180320662
S1 WIP cap 210,109,Q2 to Q4,3889,12.208333333333314,22.208333333333314,251.53968253968253,0.7634353304191309,0.9506631505388904,0.8824569343154286,6.0,0.0,0.9156595525842118,0.950781019746537,21.2911877394636
S1 WIP cap 210,110,year,5232,13.208333333333314,26.208333333333314,278.76981132075474,0.6880733944954128,0.9440520004154528,0.8622843650117429,11.0,0.0,0.8220565749235474,0.9650395778364116,20.26715039577837
S1 WIP cap 210,110,Q2 to Q4,3876,11.208333333333314,21.208333333333314,241.02116402116403,0.7990196078431373,0.936011028444772,0.8771473187301905,6.0,0.0,0.923374613003096,0.9550162770050312,20.22077537733057
S1 WIP cap 210,111,year,5230,12.208333333333314,25.208333333333314,264.1094339622642,0.7250478011472276,0.9471720902633826,0.876276703433598,5.0,0.0,0.822944550669216,0.9476117103235748,19.347567686550736
S1 WIP cap 210,111,Q2 to Q4,3886,10.208333333333314,20.208333333333314,223.7883597883598,0.8399382398353062,0.9405574672198088,0.8788783831527053,3.0,0.0,0.9209984559958828,0.9361890694239292,19.167799113737075
S1 WIP cap 210,112,year,5229,12.208333333333314,25.208333333333314,266.2,0.7165806081468732,0.9412282498619486,0.8569827624172217,6.0,0.0,0.8288391661885638,0.9221293444786626,19.678178618565774
S1 WIP cap 210,112,Q2 to Q4,3879,10.208333333333314,20.208333333333314,225.0793650793651,0.8337200309358082,0.9322473152359234,0.8523789982455998,3.0,0.0,0.925754060324826,0.8954518606024808,19.444772593030123
S1 WIP cap 210,113,year,5195,12.208333333333314,23.208333333333314,251.11320754716985,0.7894128970163619,0.9369104701770022,0.8537900549508446,5.0,0.0,0.8456207892204043,0.8703662597114318,18.11920088790233
S1 WIP cap 210,113,Q2 to Q4,3814,10.208333333333314,19.208333333333314,218.17989417989412,0.8696906135291033,0.9265372519749276,0.8687037903648578,4.0,0.0,0.9176717357105402,0.8662650602409638,17.90180722891566
S1 WIP cap 210,114,year,5240,12.208333333333314,24.208333333333314,259.1962264150943,0.7568702290076336,0.9496719421157652,0.8512517946249887,7.0,0.0,0.8416030534351145,0.9385964912280702,19.01688596491228
S1 WIP cap 210,114,Q2 to Q4,3870,10.208333333333314,19.208333333333314,223.1904761904762,0.8534883720930233,0.9436210690236174,0.8746620016125483,5.0,0.0,0.9250645994832042,0.9410195613515115,18.847065797273267
S1 WIP cap 210,115,year,5233,12.208333333333314,24.208333333333314,251.13584905660372,0.7699216510605771,0.9433107583827132,0.8524596546869373,7.0,0.0,0.8385247467991592,0.8841248900615655,18.625549692172385
S1 WIP cap 210,115,Q2 to Q4,3841,9.208333333333314,18.208333333333314,210.05820105820104,0.8810205675605312,0.9350930789365048,0.858041188058385,5.0,0.0,0.9263212705024731,0.8504337421477715,18.092731079868383
S1 WIP cap 210,116,year,5217,12.208333333333314,23.208333333333343,252.2037735849057,0.7862756373394671,0.946643976737461,0.8687487025718879,10.0,0.0,0.8455050795476328,0.8980132450331125,18.54900662251656
S1 WIP cap 210,116,Q2 to Q4,3830,10.208333333333314,19.208333333333314,216.015873015873,0.8765013054830287,0.9400503105790654,0.8746925571216222,3.0,0.0,0.9245430809399476,0.8756756756756757,18.101501501501502
S1 WIP cap 210,117,year,5216,13.208333333333314,25.208333333333314,266.1056603773585,0.7181748466257669,0.950961263622372,0.8672055023521286,4.0,0.0,0.830329754601227,0.914846679902934,19.41672181778072
S1 WIP cap 210,117,Q2 to Q4,3871,10.208333333333314,20.208333333333314,229.3174603174604,0.8235598036683027,0.9453289552577732,0.8907781735572785,2.0,0.0,0.9214673211056574,0.9128372368811148,19.39756892973614
S1 WIP cap 210,118,year,5200,12.208333333333314,24.208333333333314,254.2,0.7657692307692308,0.9409988306581776,0.8708845570399036,9.0,0.0,0.8421153846153846,0.8746955944210759,18.635377462917862
S1 WIP cap 210,118,Q2 to Q4,3860,10.208333333333314,19.208333333333314,218.25925925925927,0.8637305699481865,0.93197239789391,0.8860498026035438,6.0,0.0,0.9199481865284974,0.8642857142857143,18.479166666666668
S1 WIP cap 210,119,year,5223,12.208333333333314,24.208333333333343,258.8641509433962,0.749377752249665,0.9436629305194608,0.8665616675765506,6.0,0.0,0.8428106452230519,0.9022026431718062,19.06519823788546
S1 WIP cap 210,119,Q2 to Q4,3875,10.208333333333314,19.208333333333314,220.3121693121693,0.8567741935483871,0.9357668754025223,0.879200201973863,3.0,0.0,0.9287741935483872,0.8937240970988751,18.928656009473062
S1 WIP cap 210,120,year,5237,13.208333333333314,25.208333333333314,269.47169811320754,0.7114760358984151,0.946297785481611,0.8512040213533938,7.0,0.0,0.8262363948825664,0.9248351648351648,19.702857142857145
S1 WIP cap 210,120,Q2 to Q4,3872,11.208333333333314,20.208333333333314,232.02645502645504,0.818698347107438,0.9391321089166976,0.8587564747176266,6.0,0.0,0.9201962809917356,0.9197512585134736,19.652354160497485
S1 WIP cap 210,121,year,5227,12.208333333333314,25.208333333333314,265.36603773584903,0.7273770805433327,0.9483902771298172,0.8500411917786577,6.0,0.0,0.8247560742299598,0.9191985909291062,19.24218405988552
S1 WIP cap 210,121,Q2 to Q4,3873,10.208333333333314,20.208333333333314,225.6031746031746,0.8461141234185386,0.9419571554935606,0.8677393126053654,6.0,0.0,0.924864446165763,0.9268581581285164,19.23127035830619
S1 WIP cap 210,122,year,5217,12.208333333333314,23.208333333333343,247.66037735849056,0.7841671458692735,0.9486095517426602,0.8551646903469323,7.0,0.0,0.8476135710178263,0.8704766107678729,18.26919682259488
S1 WIP cap 210,122,Q2 to Q4,3877,9.208333333333314,18.208333333333314,210.3915343915344,0.881351560484911,0.9425562818673634,0.8635982674350442,4.0,0.0,0.9282950735104464,0.861324659964518,18.09639266706091
S1 WIP cap 210,123,year,5242,13.208333333333314,26.208333333333314,279.96603773584906,0.6753147653567341,0.944726541389682,0.849523535173252,11.0,0.0,0.819152995040061,0.9349879200527124,20.359543158357127
S1 WIP cap 210,123,Q2 to Q4,3888,11.208333333333314,22.208333333333314,242.76719576719577,0.7847222222222222,0.9370286882193656,0.8800375719251999,9.0,0.0,0.9218106995884774,0.943952802359882,20.52094395280236
S1 WIP cap 210,124,year,5245,13.208333333333314,27.208333333333314,285.55849056603773,0.6571973307912298,0.9556480930489192,0.8595464004093908,8.0,0.0,0.8091515729265968,0.9342393686979396,20.659140727750987
S1 WIP cap 210,124,Q2 to Q4,3909,11.208333333333314,22.208333333333314,244.88359788359787,0.781018163213098,0.9515991682052188,0.856176227202591,4.0,0.0,0.9206958301355844,0.9536792729404868,20.9346232776312
S1 WIP cap 210,125,year,5250,13.208333333333314,26.208333333333314,282.01509433962264,0.660952380952381,0.95350337314554,0.8815716090346858,6.0,0.0,0.8097142857142857,0.9470111670680972,20.50273702649441
S1 WIP cap 210,125,Q2 to Q4,3892,11.208333333333314,21.208333333333314,243.2169312169312,0.7823741007194245,0.9487060403125744,0.8912194891365015,2.0,0.0,0.9190647482014388,0.9511045655375552,20.63298969072165
S1 WIP cap 210,126,year,5215,12.208333333333314,24.208333333333314,251.40377358490565,0.7804410354745925,0.9433658259466556,0.8337130412026564,5.0,0.0,0.8485139022051774,0.8916354005738247,18.55219598322666
S1 WIP cap 210,126,Q2 to Q4,3855,10.208333333333314,19.208333333333314,214.5661375661376,0.8760051880674449,0.9351862921554244,0.849808609020126,4.0,0.0,0.925810635538262,0.875297619047619,18.24136904761905
S1 WIP cap 210,127,year,5222,12.208333333333314,24.208333333333314,261.94716981132075,0.7508617387973956,0.9512049028510592,0.8490243347135431,5.0,0.0,0.8479509766373037,0.9442362794798324,19.205642495040777
S1 WIP cap 210,127,Q2 to Q4,3848,10.208333333333314,19.208333333333314,225.005291005291,0.8570686070686071,0.945850919601053,0.8737327427255902,2.0,0.0,0.928014553014553,0.924455061212302,18.83218871304868
S1 WIP cap 210,128,year,5238,13.208333333333314,26.208333333333314,275.14716981132074,0.6996945399007255,0.9489569529447556,0.8415036791862884,5.0,0.0,0.822069492172585,0.9148188803512624,19.79297475301866
S1 WIP cap 210,128,Q2 to Q4,3876,11.208333333333314,21.208333333333314,236.5449735449736,0.815015479876161,0.9426167802047374,0.8573300156572018,2.0,0.0,0.9210526315789472,0.927810650887574,19.861538461538466
S1 WIP cap 210,129,year,5222,12.208333333333314,25.208333333333314,262.5207547169811,0.7311374952125622,0.9449146658362892,0.8614328075236013,12.0,0.0,0.8261202604366144,0.9197353914002204,19.38257993384785
S1 WIP cap 210,129,Q2 to Q4,3850,10.208333333333314,20.208333333333314,221.8148148148148,0.8472727272727273,0.9372165457309332,0.8794041045422754,8.0,0.0,0.9168831168831169,0.89150521609538,18.95946348733234
S1 WIP cap 180,100,year,5226,13.208333333333314,25.208333333333314,278.31320754716984,0.698622273249139,0.946649342126294,0.8472271920436688,7.0,0.0,0.8153463451970915,0.9504186866460996,19.908770383428823
S1 WIP cap 180,100,Q2 to Q4,3855,11.208333333333314,20.208333333333314,241.47619047619048,0.8114137483787289,0.9427657961178152,0.8475225911531186,5.0,0.0,0.9169909208819714,0.9675305332141794,19.85641942210307
S1 WIP cap 180,101,year,5207,16.208333333333314,27.208333333333314,317.66415094339624,0.5936239677357403,0.9506501938364876,0.8557145576010539,3.0,0.0,0.7989245246783176,0.9997790543526291,21.942554131683607
S1 WIP cap 180,101,Q2 to Q4,3846,14.208333333333314,23.208333333333314,289.5026455026455,0.6874674986999479,0.9464652888307716,0.8654079809443412,2.0,0.0,0.904316172646906,1.0,22.368138424821
S1 WIP cap 180,102,year,5139,15.208333333333314,26.208333333333314,308.7358490566038,0.6084841408834404,0.9478780721442592,0.8313936398559812,8.0,0.0,0.8028799377310761,0.9687570240503484,21.09507754551585
S1 WIP cap 180,102,Q2 to Q4,3798,13.208333333333314,22.208333333333314,282.84656084656086,0.7037914691943128,0.9441166790156034,0.8442087339431391,4.0,0.0,0.90521327014218,1.0,21.65515151515152
S1 WIP cap 180,103,year,5233,16.208333333333314,28.208333333333314,333.51698113207544,0.5291419835658322,0.95160538705025,0.8351117167854254,3.0,0.0,0.7855914389451557,1.0,22.90831134564644
S1 WIP cap 180,103,Q2 to Q4,3871,14.208333333333314,24.208333333333314,304.1957671957672,0.6274864376130199,0.9462396472267456,0.8559208371596315,3.0,0.0,0.9070007749935416,1.0,23.499703615886187
S1 WIP cap 180,104,year,5183,15.208333333333314,26.208333333333314,305.2377358490566,0.6208759405749565,0.9479165699344836,0.8521876716506807,3.0,0.0,0.804167470576886,0.9822261719617864,21.33570317707176
S1 WIP cap 180,104,Q2 to Q4,3857,13.208333333333314,22.208333333333314,272.7142857142857,0.7285455016852476,0.9443693997258092,0.8604876003749796,2.0,0.0,0.917811770806326,0.9907683144729006,21.725134008338298
S1 WIP cap 180,105,year,5213,16.208333333333314,28.008333333333503,324.8754716981132,0.5630155380778822,0.9475510099521948,0.8424035853465934,6.0,0.0,0.7914828313830807,0.9960264900662252,22.47991169977925
S1 WIP cap 180,105,Q2 to Q4,3832,14.208333333333314,23.208333333333314,290.35978835978835,0.675365344467641,0.941063192721837,0.8591558025090108,4.0,0.0,0.9123173277661796,1.0,22.78134373125375
S1 WIP cap 180,106,year,5206,14.208333333333314,26.208333333333314,290.411320754717,0.6592393392239724,0.947808366525128,0.8611352917680978,5.0,0.0,0.8196311947752594,0.9391458287231688,20.531754813011727
S1 WIP cap 180,106,Q2 to Q4,3853,12.208333333333314,22.208333333333314,256.8253968253968,0.7573319491305476,0.9425420580539868,0.8745596965068334,4.0,0.0,0.922138593303919,0.9600834078045876,20.864164432529044
S1 WIP cap 180,107,year,5182,15.208333333333314,26.208333333333314,298.2754716981132,0.6287147819374759,0.9466868542108796,0.839213406741007,6.0,0.0,0.8110768043226554,0.9759733036707452,20.874082313681868
S1 WIP cap 180,107,Q2 to Q4,3850,13.208333333333314,22.208333333333314,266.81481481481484,0.7306493506493507,0.940179082262046,0.8587059396093409,5.0,0.0,0.9184415584415584,0.9776319713689232,21.27736355502535
S1 WIP cap 180,108,year,5191,14.208333333333314,25.208333333333314,291.8716981132076,0.6794451936043152,0.9431105146157076,0.843804197073647,3.0,0.0,0.8208437680601041,0.9931202840656902,20.250110963160232
S1 WIP cap 180,108,Q2 to Q4,3829,12.208333333333314,21.208333333333314,264.55026455026456,0.7659963436928702,0.9350148737074924,0.8508411599175975,1.0,0.0,0.9098981457299556,0.9984984984984984,20.44954954954955
S1 WIP cap 180,109,year,5181,16.208333333333314,26.208333333333314,318.68679245283016,0.5769156533487744,0.9489135877271806,0.8463651940428341,7.0,0.0,0.8040918741555684,0.9711175294379026,21.776271939568986
S1 WIP cap 180,109,Q2 to Q4,3840,14.208333333333314,23.208333333333314,294.73015873015873,0.65546875,0.944791643314789,0.8694006489637023,4.0,0.0,0.9091145833333332,0.999103407053198,22.47519426180514
S1 WIP cap 180,110,year,5182,16.208333333333314,27.208333333333314,323.5509433962264,0.5561559243535315,0.9518148283812607,0.8570804366582946,3.0,0.0,0.7950598224623697,0.9731051344743276,22.118248499666592
S1 WIP cap 180,110,Q2 to Q4,3836,14.208333333333314,23.208333333333314,296.8412698412698,0.6470281543274244,0.9464934666979944,0.8607870829439448,2.0,0.0,0.9103232533889468,1.0,22.81940700808625
S1 WIP cap 180,111,year,5224,16.208333333333314,28.208333333333343,334.3924528301887,0.524885145482389,0.947812552095174,0.8557348981123243,5.0,0.0,0.7735451761102603,1.0,23.02135623073536
S1 WIP cap 180,111,Q2 to Q4,3842,14.208333333333314,24.208333333333314,299.6825396825397,0.6376887038001041,0.9411441222894312,0.8767636800370788,4.0,0.0,0.9057782404997398,1.0,23.58505231689088
S1 WIP cap 180,112,year,5236,14.208333333333314,26.208333333333343,299.7358490566038,0.6369365928189458,0.9498355137533387,0.8465349911151865,8.0,0.0,0.8038579067990833,0.9628734622144112,21.16871704745167
S1 WIP cap 180,112,Q2 to Q4,3871,12.208333333333314,21.208333333333314,260.3703703703704,0.756910359080341,0.9468192341958604,0.8589176910283527,4.0,0.0,0.9287005941617154,0.9751184834123224,21.403436018957347
S1 WIP cap 180,113,year,5217,16.208333333333314,27.208333333333343,324.6377358490566,0.5576001533448341,0.9568758116517284,0.8516887840266405,6.0,0.0,0.8037186122292506,0.995364238410596,22.56710816777042
S1 WIP cap 180,113,Q2 to Q4,3844,14.208333333333314,23.208333333333314,293.41269841269843,0.6602497398543185,0.9532916727758776,0.8615684094496893,5.0,0.0,0.9261186264308012,0.9943198804185353,23.116292974588937
S1 WIP cap 180,114,year,5227,15.208333333333314,27.208333333333343,314.8301886792453,0.5808303041897838,0.95523282585845,0.8491320894640731,4.0,0.0,0.7993112684140042,0.9997798326728312,22.110083663584323
S1 WIP cap 180,114,Q2 to Q4,3869,13.208333333333314,23.208333333333314,278.2804232804233,0.6926854484362884,0.951527251012372,0.8519204788938236,2.0,0.0,0.9191005427759112,1.0,22.407594185701573
S1 WIP cap 180,115,year,5199,13.208333333333314,24.208333333333314,270.7849056603774,0.7197537988074629,0.9508001703105708,0.8656858436344239,6.0,0.0,0.8309290248124639,0.9423886549966762,19.287835142920454
S1 WIP cap 180,115,Q2 to Q4,3843,11.208333333333314,20.208333333333314,239.0,0.815248503773094,0.9460162169502282,0.8719038389452535,3.0,0.0,0.9203747072599532,0.9614465032875076,19.322175732217573
S1 WIP cap 180,116,year,5243,15.208333333333314,27.208333333333314,309.2792452830189,0.5920274651916841,0.9529562377337472,0.8426367974352957,8.0,0.0,0.8041197787526225,0.9960500329163924,22.040157998683345
S1 WIP cap 180,116,Q2 to Q4,3869,13.208333333333314,23.208333333333314,273.2063492063492,0.7043163608167485,0.9487151531819806,0.8610505856414771,5.0,0.0,0.9229775135693976,0.9946555819477436,22.2790973871734
S1 WIP cap 180,117,year,5228,13.208333333333314,24.208333333333343,269.33584905660376,0.7224560061208876,0.947169859375231,0.8441310543808738,8.0,0.0,0.8293802601377199,0.913053048646269,19.50561303103676
S1 WIP cap 180,117,Q2 to Q4,3851,11.208333333333314,19.208333333333314,230.2962962962963,0.8358867826538562,0.9406973558720948,0.8555721098137009,7.0,0.0,0.9314463775642692,0.9249329758713136,19.33780160857909
S1 WIP cap 180,118,year,5193,16.208333333333314,27.208333333333314,313.4,0.5886770652801848,0.937214663783881,0.8302293203590491,8.0,0.0,0.806470248411323,0.9762696828565092,21.58150365934797
S1 WIP cap 180,118,Q2 to Q4,3840,14.208333333333314,23.208333333333314,285.8994708994709,0.6770833333333334,0.9285828827637428,0.8535056834759841,6.0,0.0,0.9127604166666666,1.0,22.205204905773257
S1 WIP cap 180,119,year,5208,15.208333333333314,26.208333333333314,308.99245283018865,0.6046466973886329,0.9418449268022386,0.8477423782086776,5.0,0.0,0.8012672811059908,0.9703867403314916,21.47646408839779
S1 WIP cap 180,119,Q2 to Q4,3859,13.208333333333314,22.208333333333314,276.2433862433862,0.7115833117387924,0.9340562021153932,0.8708307470780303,5.0,0.0,0.9173360974345686,0.9970264644662504,21.940529289325006
S1 WIP cap 180,120,year,5208,15.208333333333314,26.208333333333314,307.7169811320755,0.6144393241167435,0.9485512502154236,0.8529490450873551,4.0,0.0,0.8139400921658986,0.9971264367816092,21.41268788682581
S1 WIP cap 180,120,Q2 to Q4,3851,13.208333333333314,22.208333333333314,278.7566137566138,0.7086471046481433,0.9465528949818688,0.8610368301302362,2.0,0.0,0.9171643728901584,0.9961298005358736,21.82494790116106
S1 WIP cap 180,121,year,5147,15.208333333333314,26.208333333333314,301.6566037735849,0.6428987759860113,0.950051738596642,0.8399714195317948,5.0,0.0,0.8175636292986206,0.9695135619816184,20.806769782559964
S1 WIP cap 180,121,Q2 to Q4,3826,13.208333333333314,22.208333333333314,274.95767195767195,0.7336644014636696,0.9451948221968224,0.8469064856666033,3.0,0.0,0.9208050182958704,1.0,21.42895764493842
S1 WIP cap 180,122,year,5234,15.208333333333314,27.208333333333343,315.588679245283,0.5855941918226978,0.9505566644502136,0.8483565182781847,6.0,0.0,0.7967137944210928,0.9892212934447866,21.944346678398592
S1 WIP cap 180,122,Q2 to Q4,3872,13.208333333333314,23.208333333333314,282.37566137566137,0.6903409090909091,0.9487063984888808,0.8471497089445764,3.0,0.0,0.9176136363636364,0.9985185185185184,22.466666666666665
S1 WIP cap 180,123,year,5161,16.208333333333314,27.208333333333314,316.2867924528302,0.5776012400697539,0.9521630442977314,0.852743924541037,1.0,0.0,0.7994574694826584,0.9883928571428572,21.722098214285715
S1 WIP cap 180,123,Q2 to Q4,3826,14.208333333333314,23.208333333333314,290.0846560846561,0.6675378985886042,0.9475777963531142,0.8578199001720901,0.0,0.0,0.907736539466806,1.0,22.31261261261261
S1 WIP cap 180,124,year,5186,18.208333333333314,29.208333333333314,353.2641509433962,0.4475510991129965,0.9476201283423756,0.8379178394926379,4.0,0.0,0.7688006170458928,0.9895694629383044,23.888371060807813
S1 WIP cap 180,124,Q2 to Q4,3840,16.208333333333314,26.208333333333314,327.83068783068785,0.5247395833333334,0.9434825293300926,0.8460418219531002,3.0,0.0,0.90234375,1.0,24.921076233183857
S1 WIP cap 180,125,year,5231,15.208333333333314,27.208333333333343,309.7471698113208,0.6035174918753584,0.9466669382912932,0.8520386613681502,6.0,0.0,0.7925826801758746,0.99538055433348,21.839859216893974
S1 WIP cap 180,125,Q2 to Q4,3875,13.208333333333314,22.208333333333314,270.8994708994709,0.7238709677419355,0.9404746232496012,0.8583341738821975,4.0,0.0,0.9148387096774192,0.9937869822485208,22.078698224852072
S1 WIP cap 180,126,year,5167,14.208333333333314,25.208333333333314,286.3698113207547,0.6915037739500678,0.946248957798098,0.826124960993854,8.0,0.0,0.8203986839558738,0.9578219147511716,20.32492747154653
S1 WIP cap 180,126,Q2 to Q4,3813,12.208333333333314,20.208333333333314,251.6931216931217,0.8027799632835038,0.9390431111005764,0.8333274117149675,5.0,0.0,0.9242066614214528,0.9824984912492456,20.469221484610745
S1 WIP cap 180,127,year,5198,15.208333333333314,26.208333333333314,302.388679245283,0.6273566756444786,0.9523414840206544,0.843660737876894,6.0,0.0,0.8083878414774913,0.9900288056725016,21.27431863505429
S1 WIP cap 180,127,Q2 to Q4,3845,13.208333333333314,22.208333333333314,269.9047619047619,0.7326397919375812,0.9522505855087104,0.8532142699892143,4.0,0.0,0.9193758127438232,0.9898477157360406,21.57061809495372
S1 WIP cap 180,128,year,5146,16.208333333333314,26.208333333333343,323.47169811320754,0.5610182666148464,0.9552224329267964,0.8495608818292764,4.0,0.0,0.7990672366886903,0.9688340807174888,21.80336322869956
S1 WIP cap 180,128,Q2 to Q4,3815,15.208333333333314,24.208333333333314,305.3492063492063,0.6165137614678899,0.9510669816929818,0.8619254555548022,3.0,0.0,0.8938401048492791,1.0,22.70584689572032
S1 WIP cap 180,129,year,5199,13.208333333333314,24.208333333333314,275.01132075471696,0.7295633775726101,0.948689579215238,0.8529203825407287,4.0,0.0,0.8343912290825158,0.9434965654775094,19.396853534234435
S1 WIP cap 180,129,Q2 to Q4,3840,11.208333333333314,20.208333333333314,244.94708994708995,0.81875,0.9423420845490929,0.8681686515335331,4.0,0.0,0.9208333333333332,0.9640395564878632,19.483068624513034
S2 Constraint-paced release (3 days of brake work),100,year,5251,11.208333333333314,25.208333333333343,253.03773584905665,0.7478575509426776,0.9392278876784288,0.8603117420660172,18.0,68.0,0.819082079603885,0.8867221735319895,19.184706397896583
S2 Constraint-paced release (3 days of brake work),100,Q2 to Q4,3847,9.208333333333314,18.208333333333314,205.96296296296296,0.8856251624642578,0.9292576429208712,0.8933471299713592,7.0,24.0,0.917078242786587,0.845763723150358,18.47881861575179
S2 Constraint-paced release (3 days of brake work),101,year,5231,12.208333333333314,24.208333333333314,252.1207547169812,0.7788185815331676,0.9419370561472968,0.860258437349606,16.0,20.0,0.8419040336455744,0.9042693661971832,18.850792253521128
S2 Constraint-paced release (3 days of brake work),101,Q2 to Q4,3862,10.208333333333314,19.208333333333314,214.26455026455025,0.884774728120145,0.9331417754948804,0.883668324882501,10.0,0.0,0.9249093733816676,0.8922939601309134,18.54686105325796
S2 Constraint-paced release (3 days of brake work),102,year,5249,11.208333333333314,25.208333333333314,252.59622641509435,0.762811964183654,0.9319133523197504,0.8567621665292758,21.0,44.0,0.8325395313393027,0.8769736842105263,18.87302631578948
S2 Constraint-paced release (3 days of brake work),102,Q2 to Q4,3866,9.208333333333314,18.208333333333314,207.44973544973544,0.8931712364200725,0.919511344912448,0.8759043231765509,12.0,4.0,0.9280910501810656,0.8523031203566122,18.356909361069835
S2 Constraint-paced release (3 days of brake work),103,year,5224,12.208333333333314,25.208333333333314,257.7584905660377,0.7576569678407351,0.940150522974498,0.8453004975914988,14.0,36.0,0.8279096477794793,0.8928807582102711,19.046286092131364
S2 Constraint-paced release (3 days of brake work),103,Q2 to Q4,3852,10.208333333333314,19.208333333333314,216.94708994708995,0.8868120456905504,0.9306382268446016,0.8689746112744077,7.0,0.0,0.9223779854620976,0.900626678603402,18.760370038794388
S2 Constraint-paced release (3 days of brake work),104,year,5206,11.208333333333314,23.208333333333314,238.4452830188679,0.8134844410295813,0.9288287505449964,0.8518002299453883,9.0,52.0,0.8568958893584325,0.8821705426356589,17.99047619047619
S2 Constraint-paced release (3 days of brake work),104,Q2 to Q4,3816,9.208333333333314,17.208333333333314,199.82010582010585,0.9046121593291404,0.9154624794905036,0.8581174584077466,5.0,8.0,0.9287211740041929,0.8399155863732288,17.299065420560748
S2 Constraint-paced release (3 days of brake work),105,year,5214,11.208333333333314,24.208333333333314,241.6566037735849,0.8003452243958573,0.935175870937464,0.8650787215401652,12.0,32.0,0.8494438051400077,0.8778710247349824,18.162765017667844
S2 Constraint-paced release (3 days of brake work),105,Q2 to Q4,3823,9.208333333333314,17.208333333333314,200.52910052910053,0.908448862150144,0.9239116852131678,0.868797751904988,5.0,0.0,0.9346063301072456,0.846662657847264,17.58568851473241
S2 Constraint-paced release (3 days of brake work),106,year,5248,11.208333333333314,24.208333333333314,245.49433962264152,0.7875381097560976,0.9326630249808734,0.8317027403239405,13.0,32.0,0.8426067073170732,0.867382726874178,18.63831652783867
S2 Constraint-paced release (3 days of brake work),106,Q2 to Q4,3837,9.208333333333314,17.608333333333405,203.96296296296296,0.8994005733646078,0.9205505082367236,0.8519672079528935,6.0,4.0,0.9272869429241596,0.8517520215633423,18.019766397124886
S2 Constraint-paced release (3 days of brake work),107,year,5200,11.208333333333314,23.208333333333314,242.44150943396227,0.8207692307692308,0.9394943547567012,0.8328815787739459,19.0,28.0,0.8571153846153846,0.9019738301175428,18.31936127744511
S2 Constraint-paced release (3 days of brake work),107,Q2 to Q4,3812,9.208333333333314,18.208333333333314,207.42857142857144,0.9005771248688352,0.9297150421152072,0.8483414471046252,9.0,8.0,0.9257607555089192,0.8664652567975831,17.708157099697885
S2 Constraint-paced release (3 days of brake work),108,year,5202,12.208333333333314,25.208333333333314,260.3924528301887,0.7460592079969243,0.9417912671658122,0.8505370225103842,19.0,44.0,0.8242983467896963,0.8903411608329641,19.141338059370845
S2 Constraint-paced release (3 days of brake work),108,Q2 to Q4,3834,10.208333333333314,20.208333333333314,221.27513227513228,0.860980699008868,0.9329208579643854,0.8764994635612383,12.0,12.0,0.9227960354720918,0.8938212357528494,19.065986802639472
S2 Constraint-paced release (3 days of brake work),109,year,5214,11.208333333333314,24.208333333333314,246.3094339622641,0.8026467203682394,0.938812302620784,0.8496778689082549,19.0,44.0,0.8431146912159571,0.8538308677412232,18.40538750276
S2 Constraint-paced release (3 days of brake work),109,Q2 to Q4,3812,9.208333333333314,18.208333333333314,206.6931216931217,0.9076600209863588,0.9288064175776796,0.8669069811077357,10.0,8.0,0.9302203567681008,0.844947209653092,17.918250377073907
S2 Constraint-paced release (3 days of brake work),110,year,5230,11.208333333333314,24.208333333333314,250.60377358490567,0.7856596558317399,0.9380602578778116,0.8431769574373112,14.0,40.0,0.8458891013384321,0.8798415492957746,18.71522887323944
S2 Constraint-paced release (3 days of brake work),110,Q2 to Q4,3821,10.208333333333314,18.208333333333314,211.52910052910053,0.8961004972520282,0.9277620170988582,0.8624240902612204,6.0,0.0,0.9277676001046846,0.8676691729323308,18.16511278195489
S2 Constraint-paced release (3 days of brake work),111,year,5234,11.208333333333314,24.208333333333343,250.38867924528304,0.780664883454337,0.9372577853316914,0.8532260437411703,13.0,56.0,0.8395108903324418,0.8875934887813463,18.97316322041355
S2 Constraint-paced release (3 days of brake work),111,Q2 to Q4,3815,9.208333333333314,18.208333333333314,209.04232804232805,0.9027522935779816,0.926628490964459,0.8616956811366095,5.0,0.0,0.9268676277850588,0.8458521870286576,18.14509803921569
S2 Constraint-paced release (3 days of brake work),112,year,5254,12.208333333333314,26.208333333333314,266.14716981132074,0.7087933003425961,0.943385549152996,0.8639356244403646,17.0,64.0,0.8138561096307575,0.9579039684279764,19.84520938390704
S2 Constraint-paced release (3 days of brake work),112,Q2 to Q4,3859,10.208333333333314,20.208333333333314,222.7142857142857,0.8442601710287639,0.9349411192661874,0.8993191027126067,8.0,16.0,0.9217413837781808,0.9452543885748288,19.52633144897352
S2 Constraint-paced release (3 days of brake work),113,year,5235,11.208333333333345,25.208333333333314,255.48301886792453,0.7638968481375358,0.9430702622816952,0.8372728444998008,17.0,64.0,0.8378223495702005,0.8707408221587162,18.944383380962847
S2 Constraint-paced release (3 days of brake work),113,Q2 to Q4,3839,10.208333333333314,19.208333333333314,214.2804232804233,0.8879916644959625,0.9344851237354618,0.8537577337288391,8.0,4.0,0.9299296691846836,0.8575276863214606,18.520203531876685
S2 Constraint-paced release (3 days of brake work),114,year,5200,11.208333333333314,23.208333333333314,237.84528301886792,0.8292307692307692,0.9332165409614668,0.8648143772456505,18.0,32.0,0.86,0.8761081560283688,17.91378546099291
S2 Constraint-paced release (3 days of brake work),114,Q2 to Q4,3799,9.208333333333314,17.208333333333314,201.3386243386244,0.908133719399842,0.9213271252025208,0.8533578486610209,10.0,8.0,0.9218215319821006,0.8307599152285801,17.08749621556161
S2 Constraint-paced release (3 days of brake work),115,year,5212,11.208333333333314,24.208333333333314,249.73962264150944,0.7837682271680737,0.9367149363996514,0.843543735175089,16.0,48.0,0.8388334612432847,0.854742427592306,18.53924386469157
S2 Constraint-paced release (3 days of brake work),115,Q2 to Q4,3803,9.208333333333314,18.208333333333314,209.6031746031746,0.8945569287404681,0.9260280812261484,0.8578502270544528,9.0,8.0,0.9258480147252168,0.8454325468844525,18.07471264367816
S2 Constraint-paced release (3 days of brake work),116,year,5242,11.208333333333314,24.208333333333314,246.6867924528302,0.7699351392598245,0.9388261915647363,0.8397873941396509,12.0,56.0,0.8277375047691721,0.8637662052296199,18.345418589321028
S2 Constraint-paced release (3 days of brake work),116,Q2 to Q4,3820,9.208333333333314,18.208333333333314,202.5767195767196,0.8955497382198953,0.9286896798434668,0.8542297675372896,2.0,16.0,0.9225130890052357,0.8526664658029527,17.829768002410365
S2 Constraint-paced release (3 days of brake work),117,year,5222,11.208333333333314,24.208333333333314,247.89056603773585,0.7918422060513214,0.9400859565953072,0.8459143753774887,9.0,44.0,0.8506319417847568,0.8659907427815737,18.565351553890235
S2 Constraint-paced release (3 days of brake work),117,Q2 to Q4,3819,9.208333333333314,18.208333333333314,209.1322751322752,0.8991882691804137,0.9305663236476152,0.8637074881360333,4.0,0.0,0.9363707776904948,0.8597230583985551,18.176700782661047
S2 Constraint-paced release (3 days of brake work),118,year,5243,11.208333333333314,24.208333333333314,244.7849056603773,0.7846652679763494,0.9454550831079134,0.8556563151121073,13.0,36.0,0.8432195308029754,0.8673984632272228,18.436663007683865
S2 Constraint-paced release (3 days of brake work),118,Q2 to Q4,3821,9.208333333333314,18.208333333333314,202.94708994708995,0.9000261711593823,0.9380448916484404,0.8605414054351952,2.0,0.0,0.927505888510861,0.8531005418422637,17.82059000602047
S2 Constraint-paced release (3 days of brake work),119,year,5200,10.208333333333314,21.208333333333314,224.8566037735849,0.8538461538461538,0.9382678207873002,0.8252223552614164,14.0,28.0,0.8778846153846154,0.8465116279069768,16.967220376522704
S2 Constraint-paced release (3 days of brake work),119,Q2 to Q4,3747,9.208333333333314,16.208333333333314,193.52910052910053,0.9063250600480384,0.9280209726519556,0.8283755549225925,5.0,0.0,0.9271417133706964,0.8152474638794959,16.045189056255765
S2 Constraint-paced release (3 days of brake work),120,year,5252,12.208333333333314,25.208333333333314,256.70188679245285,0.7614242193450115,0.9439659350925572,0.8519815850927428,13.0,52.0,0.8391089108910891,0.8971553610503282,19.14157549234136
S2 Constraint-paced release (3 days of brake work),120,Q2 to Q4,3859,10.208333333333314,19.208333333333314,217.48677248677248,0.8701736201088365,0.9357258921131656,0.8835597312239304,5.0,8.0,0.931070225447007,0.903149138443256,18.92929292929293
S2 Constraint-paced release (3 days of brake work),121,year,5206,11.208333333333314,23.208333333333343,247.97735849056605,0.8021513638109873,0.9334570435260252,0.8479367594510498,14.0,60.0,0.8472915866308106,0.900464499004645,18.5520902455209
S2 Constraint-paced release (3 days of brake work),121,Q2 to Q4,3812,9.208333333333314,18.208333333333314,211.2698412698413,0.8942812172088143,0.9216467315643504,0.8645069059453789,8.0,12.0,0.9260230849947534,0.886144578313253,18.103313253012047
S2 Constraint-paced release (3 days of brake work),122,year,5233,11.208333333333314,24.208333333333314,241.59622641509435,0.7896044334034015,0.9314827709212729,0.8703327127450234,15.0,32.0,0.8421555513090005,0.8776362038664324,18.46287346221441
S2 Constraint-paced release (3 days of brake work),122,Q2 to Q4,3815,9.208333333333314,17.208333333333314,198.7089947089947,0.9035386631716908,0.9187974649427452,0.8768924991044581,5.0,0.0,0.9242463958060289,0.8372442839951865,17.605595667870038
S2 Constraint-paced release (3 days of brake work),123,year,5215,10.208333333333314,22.208333333333314,227.2301886792453,0.8473633748801535,0.926623923397021,0.8441207980230391,11.0,48.0,0.8655800575263662,0.8486187845303867,17.21060773480663
S2 Constraint-paced release (3 days of brake work),123,Q2 to Q4,3784,9.208333333333314,16.208333333333314,193.02645502645504,0.9056553911205074,0.9124407524217872,0.8593677013577753,5.0,16.0,0.9204545454545454,0.8200365408038977,16.331912302070645
S2 Constraint-paced release (3 days of brake work),124,year,5246,12.208333333333314,26.208333333333314,258.8981132075472,0.7346549752192146,0.9431421439268168,0.8379568465083685,18.0,48.0,0.8242470453678994,0.9034876069313446,19.374424215836807
S2 Constraint-paced release (3 days of brake work),124,Q2 to Q4,3854,9.208333333333314,19.208333333333314,215.84656084656083,0.8733783082511676,0.9347115832804188,0.8600178907265117,11.0,8.0,0.9263103269330566,0.8688133571854502,18.96124031007752
S2 Constraint-paced release (3 days of brake work),125,year,5209,11.208333333333314,25.208333333333314,251.9358490566038,0.7759646765214052,0.9361996531259176,0.8560834471825631,14.0,48.0,0.8362449606450374,0.8623204419889503,18.76972375690608
S2 Constraint-paced release (3 days of brake work),125,Q2 to Q4,3838,9.208333333333314,19.208333333333314,210.6031746031746,0.887441375716519,0.9252301027347865,0.8685563562000144,5.0,16.0,0.9244398124022928,0.8574850299401198,18.47874251497005
S2 Constraint-paced release (3 days of brake work),126,year,5216,11.208333333333314,24.208333333333343,251.3132075471698,0.7835506134969326,0.9391303666923562,0.835911830339062,16.0,32.0,0.8466257668711656,0.8819505736981466,18.88084730803177
S2 Constraint-paced release (3 days of brake work),126,Q2 to Q4,3825,9.208333333333314,19.208333333333314,212.95767195767195,0.8857516339869281,0.9293527737928976,0.8441556961362787,10.0,4.0,0.9213071895424836,0.8617373008716561,18.3790201382627
S2 Constraint-paced release (3 days of brake work),127,year,5206,11.208333333333314,24.208333333333314,251.33584905660376,0.7756434882827506,0.93628353432446,0.8319574867653259,19.0,44.0,0.8369189396849789,0.8804780876494024,18.61133244798584
S2 Constraint-paced release (3 days of brake work),127,Q2 to Q4,3817,9.208333333333314,19.208333333333314,211.8994708994709,0.882892323814514,0.9254191302959044,0.8413147994571665,10.0,16.0,0.9221902017291066,0.8768487775430124,18.1901599758527
S2 Constraint-paced release (3 days of brake work),128,year,5242,10.208333333333314,24.208333333333314,239.8,0.7800457840518886,0.9312907132944565,0.8661643556080844,14.0,24.0,0.8317436093094239,0.8733260153677278,18.01097694840834
S2 Constraint-paced release (3 days of brake work),128,Q2 to Q4,3827,9.208333333333314,17.208333333333314,197.52380952380952,0.8852887379148158,0.9189137113129854,0.8826514114903881,7.0,0.0,0.9137705774758296,0.857057057057057,17.296996996996995
S2 Constraint-paced release (3 days of brake work),129,year,5199,11.208333333333314,24.208333333333314,250.6830188679245,0.792267743796884,0.9462046350895826,0.8485468099357596,14.0,40.0,0.8463165993460281,0.8695170580416482,18.66171909614533
S2 Constraint-paced release (3 days of brake work),129,Q2 to Q4,3796,9.208333333333314,19.208333333333314,212.59259259259252,0.898840885142255,0.9387877733369872,0.8478742620785783,6.0,12.0,0.9322971548998946,0.8650121065375302,18.32536319612591
S3 Earliest due date,100,year,5190,9.208333333333314,22.208333333333314,220.9735849056604,0.8493256262042389,0.9254249163287216,0.845897265621759,15.0,96.0,0.8722543352601156,0.8666518748613268,16.748391391169292
S3 Earliest due date,100,Q2 to Q4,3757,8.208333333333314,17.208333333333314,189.36507936507937,0.910833111525153,0.9107620721630412,0.833477572284869,6.0,20.0,0.9284003194037797,0.8511356660527931,15.744321669736037
S3 Earliest due date,101,year,5183,10.208333333333314,23.208333333333314,231.2943396226415,0.8163225930928034,0.9306454444652484,0.8406371559834867,17.0,116.0,0.8570326065984951,0.8752224199288257,17.389457295373667
S3 Earliest due date,101,Q2 to Q4,3770,8.208333333333314,17.208333333333314,196.22222222222223,0.8936339522546419,0.9173698074841644,0.8471104594355812,5.0,8.0,0.919893899204244,0.8685819070904646,16.69651589242054
S3 Earliest due date,102,year,5193,10.208333333333314,23.208333333333314,228.40754716981127,0.8239938378586559,0.9342500951531708,0.8474577760436779,15.0,96.0,0.8575004814172925,0.8832003546099291,17.403590425531913
S3 Earliest due date,102,Q2 to Q4,3763,8.208333333333314,16.208333333333314,189.1216931216931,0.898485251129418,0.9222690082139368,0.8355670730609742,3.0,0.0,0.9221365931437684,0.8417992656058751,16.46266829865361
S3 Earliest due date,103,year,5185,9.208333333333314,22.208333333333314,219.4528301886793,0.845708775313404,0.9255265921025084,0.8569054022970417,15.0,68.0,0.8717454194792671,0.8507992895204263,16.82659857904085
S3 Earliest due date,103,Q2 to Q4,3755,8.208333333333314,16.208333333333314,186.63492063492063,0.9059920106524634,0.910607379144396,0.8480955655374594,4.0,12.0,0.925166444740346,0.7980975759435409,15.845965019944767
S3 Earliest due date,104,year,5223,10.208333333333314,23.208333333333314,230.40377358490565,0.8194524219797051,0.9365557832239524,0.8554363735165796,17.0,120.0,0.8615738081562321,0.9070279797312184,17.7803480942939
S3 Earliest due date,104,Q2 to Q4,3769,8.208333333333314,17.208333333333314,192.5026455026455,0.9026266914300876,0.9254801944555594,0.8514735976295058,7.0,0.0,0.9286282833642876,0.8709480122324159,16.62599388379205
S3 Earliest due date,105,year,5206,10.208333333333314,22.208333333333314,223.0339622641509,0.8392239723396081,0.9305654469789248,0.8691748113466369,15.0,64.0,0.8641951594314253,0.8662983425414365,17.09325966850829
S3 Earliest due date,105,Q2 to Q4,3753,8.208333333333314,17.008333333333496,188.8941798941799,0.903277378097522,0.9181642768800968,0.8673861581962259,4.0,0.0,0.9240607513988808,0.8213627992633518,16.12584407612032
S3 Earliest due date,106,year,5224,10.208333333333314,24.208333333333314,237.32830188679245,0.7976646248085758,0.9260978164677438,0.837517775189969,17.0,136.0,0.8437978560490046,0.8421747743781642,17.987893462469735
S3 Earliest due date,106,Q2 to Q4,3803,8.208333333333314,17.208333333333314,193.989417989418,0.9000788850907179,0.9111524928328212,0.8411264707393116,5.0,16.0,0.9263739153300028,0.7959492140266021,17.1822853688029
S3 Earliest due date,107,year,5198,10.208333333333314,23.208333333333343,234.24150943396228,0.8085802231627549,0.9279762839488318,0.8694246022448064,15.0,108.0,0.8507118122354752,0.9189727695373036,17.74872703121541
S3 Earliest due date,107,Q2 to Q4,3769,8.208333333333314,17.208333333333314,197.1851851851852,0.8901565401963385,0.913726797779537,0.8749845972571039,3.0,8.0,0.917484743963916,0.8882442748091604,16.867786259541983
S3 Earliest due date,108,year,5274,11.208333333333314,25.208333333333314,244.5320754716981,0.7842244975350777,0.9374562597948456,0.8509410279447139,16.0,128.0,0.8401592718998863,0.903921568627451,18.54139433551198
S3 Earliest due date,108,Q2 to Q4,3840,9.208333333333314,18.208333333333314,201.2275132275132,0.88984375,0.9265726776383836,0.8514201357321615,4.0,0.0,0.921875,0.9053892215568864,17.936826347305388
S3 Earliest due date,109,year,5200,10.208333333333314,23.208333333333314,229.49056603773585,0.8236538461538462,0.9367551080468524,0.8466124205620866,15.0,96.0,0.8601923076923077,0.9011280690112808,17.37845609378456
S3 Earliest due date,109,Q2 to Q4,3805,8.208333333333314,17.208333333333314,193.7830687830688,0.902496714848883,0.9257294221951192,0.8496901885373387,4.0,0.0,0.9272010512483574,0.8782845061914829,16.76713983690728
S3 Earliest due date,110,year,5222,10.208333333333314,22.208333333333314,223.2188679245283,0.8443125239371888,0.9416297760484552,0.8661868721637218,15.0,60.0,0.873420145538108,0.9115766262403528,17.08864388092613
S3 Earliest due date,110,Q2 to Q4,3780,8.208333333333314,17.208333333333314,191.35978835978835,0.9037037037037036,0.9324268277881106,0.8593150777785423,4.0,0.0,0.9291005291005292,0.8903775883069428,16.170219244823386
S3 Earliest due date,111,year,5194,10.208333333333314,22.208333333333343,226.6566037735849,0.8359645745090489,0.9348714499207932,0.8515411682871483,15.0,100.0,0.8650365806700039,0.8598358837879796,17.113107119095144
S3 Earliest due date,111,Q2 to Q4,3766,8.208333333333314,17.208333333333314,190.7407407407408,0.9089219330855018,0.9231859173636202,0.849678755903491,4.0,8.0,0.9259160913436006,0.8320073439412484,16.302325581395348
S3 Earliest due date,112,year,5193,10.208333333333314,22.208333333333343,226.8264150943396,0.8340073175428462,0.937628655353248,0.8452825340345556,16.0,96.0,0.8653957250144425,0.9060283687943262,17.363031914893618
S3 Earliest due date,112,Q2 to Q4,3784,8.208333333333314,17.208333333333314,193.45502645502648,0.8971987315010571,0.9269669975902746,0.8463942873729102,5.0,12.0,0.921247357293869,0.8833181403828624,16.568824065633546
S3 Earliest due date,113,year,5229,10.208333333333314,22.208333333333314,222.4981132075472,0.8366800535475234,0.9298151310452204,0.844805550628885,14.0,88.0,0.8663224325874929,0.8749724851419767,17.102135152982612
S3 Earliest due date,113,Q2 to Q4,3778,8.208333333333314,16.208333333333314,189.2698412698413,0.9015352038115404,0.916395540209303,0.8360420417401332,4.0,8.0,0.9237691900476442,0.8268292682926829,16.09481707317073
S3 Earliest due date,114,year,5226,9.208333333333314,22.208333333333314,220.5245283018868,0.8411787217757367,0.93226032724881,0.8675401736425058,15.0,88.0,0.8679678530424799,0.9006607929515419,17.009030837004406
S3 Earliest due date,114,Q2 to Q4,3766,8.208333333333314,16.208333333333314,187.9417989417989,0.9065321295804568,0.91964083919536,0.855689237714034,4.0,0.0,0.92777482740308,0.8754970939125115,15.96665646986846
S3 Earliest due date,115,year,5175,10.208333333333314,22.208333333333314,223.24150943396228,0.8343961352657004,0.9288522941598456,0.8423542134457089,15.0,104.0,0.8641545893719806,0.8582554517133957,16.98041833555852
S3 Earliest due date,115,Q2 to Q4,3745,8.208333333333314,17.208333333333314,189.6137566137566,0.9033377837116154,0.9151227747612476,0.845790458543808,6.0,8.0,0.9246995994659546,0.8172307692307692,16.100615384615384
S3 Earliest due date,116,year,5208,10.208333333333314,22.208333333333314,222.5132075471698,0.8444700460829493,0.9363588498384912,0.8524684333141451,15.0,100.0,0.8734639016897081,0.8717948717948718,16.79442970822281
S3 Earliest due date,116,Q2 to Q4,3774,8.208333333333314,17.208333333333314,190.15873015873007,0.8995760466348701,0.925322744477963,0.8553682846967251,6.0,12.0,0.9242183359830418,0.8593225511138236,15.936832468721391
S3 Earliest due date,117,year,5227,11.208333333333314,24.208333333333314,241.56603773584905,0.7910847522479434,0.9453870081453136,0.8689965556897898,18.0,112.0,0.8456093361392768,0.9234323432343234,18.321012101210123
S3 Earliest due date,117,Q2 to Q4,3812,9.208333333333314,18.208333333333314,202.23809523809524,0.885099685204617,0.937428938027962,0.8631308258390318,6.0,0.0,0.921825813221406,0.934056007226739,17.78590785907859
S3 Earliest due date,118,year,5231,10.208333333333314,22.208333333333343,228.81132075471697,0.8292869432230932,0.9296249616496676,0.8700250128013433,17.0,116.0,0.8636971898298604,0.9018485915492958,17.494278169014084
S3 Earliest due date,118,Q2 to Q4,3811,8.208333333333314,17.208333333333314,191.5079365079365,0.9081605877722384,0.9159496972031476,0.8543996004047556,5.0,0.0,0.9325636315927578,0.8717174766073046,16.674011469966796
S3 Earliest due date,119,year,5212,10.208333333333314,23.208333333333314,226.73962264150944,0.8303914044512664,0.9313528421104992,0.8678919909769648,21.0,112.0,0.8639677666922486,0.8770962047661077,17.26831421006178
S3 Earliest due date,119,Q2 to Q4,3762,8.208333333333314,16.208333333333314,189.5026455026455,0.9029771398192452,0.9184363403289592,0.8632232287965731,10.0,0.0,0.92849548112706,0.8358848744641764,16.26852418860992
S3 Earliest due date,120,year,5194,9.208333333333314,21.208333333333343,217.7433962264151,0.8513669618790912,0.9276241331231354,0.8667557973451223,18.0,72.0,0.875625721986908,0.8857079449622726,16.65357301375943
S3 Earliest due date,120,Q2 to Q4,3742,8.208333333333314,16.208333333333314,188.1904761904762,0.9056654195617316,0.91358944019864,0.8614706247953972,8.0,20.0,0.9243719935863176,0.8412942989214176,15.564869029275808
S3 Earliest due date,121,year,5227,10.208333333333314,23.208333333333314,225.1811320754717,0.8335565333843505,0.9313280101439892,0.8324005434871775,19.0,84.0,0.8641668260952745,0.8701584507042254,17.345950704225352
S3 Earliest due date,121,Q2 to Q4,3773,8.208333333333314,16.208333333333314,187.2962962962963,0.9101510734163796,0.9189354955903032,0.8238695312885312,6.0,0.0,0.926318579379804,0.8199023199023199,16.22924297924298
S3 Earliest due date,122,year,5212,10.208333333333314,23.208333333333314,228.93962264150943,0.8171527244819647,0.9322247977445084,0.8457298084702118,16.0,84.0,0.8537989255564082,0.8798321184007069,17.41771592666225
S3 Earliest due date,122,Q2 to Q4,3794,8.208333333333314,16.208333333333314,189.994708994709,0.8985239852398524,0.919501746662318,0.8473153858838597,3.0,0.0,0.9201370585134424,0.8376327769347496,16.549924127465857
S3 Earliest due date,123,year,5195,10.208333333333314,22.208333333333314,220.77735849056603,0.8479307025986526,0.9260697039378878,0.8473571020799463,13.0,88.0,0.8769971126082772,0.8762452955501439,16.907682089882666
S3 Earliest due date,123,Q2 to Q4,3766,8.208333333333314,17.208333333333314,189.05291005291005,0.9046733935209772,0.9114262890546594,0.8431005271513486,4.0,20.0,0.9269782262347318,0.8352689486552567,15.94926650366748
S3 Earliest due date,124,year,5208,11.208333333333314,24.208333333333314,241.8679245283019,0.799347158218126,0.941804672785914,0.855957317574454,19.0,108.0,0.8496543778801844,0.9071207430340558,18.25254312251216
S3 Earliest due date,124,Q2 to Q4,3826,9.208333333333314,18.208333333333314,202.15873015873007,0.8904861474124411,0.932530201076756,0.8592872942308274,6.0,0.0,0.9221118661787768,0.8831129807692307,17.71814903846154
S3 Earliest due date,125,year,5211,10.208333333333314,24.208333333333314,238.0566037735849,0.7948570331990021,0.9380965296109164,0.8546212530084255,15.0,144.0,0.8464786029552869,0.8853292090145825,18.311975254087493
S3 Earliest due date,125,Q2 to Q4,3775,8.208333333333314,17.208333333333314,195.1851851851852,0.8988079470198675,0.927469798611822,0.8466953380756046,3.0,24.0,0.9258278145695364,0.8416234360695758,17.37717424473604
S3 Earliest due date,126,year,5219,10.208333333333314,22.208333333333314,221.7811320754717,0.8488216133358881,0.9355710867734944,0.8788392346661976,15.0,76.0,0.8708564859168423,0.8897220996912218,16.91243934715483
S3 Earliest due date,126,Q2 to Q4,3783,8.208333333333314,16.208333333333314,192.17989417989412,0.9003436426116839,0.9241685570945216,0.876892488464484,4.0,0.0,0.9212265397832408,0.8618801338606632,16.07058107696988
S3 Earliest due date,127,year,5225,10.208333333333314,22.208333333333314,226.07924528301888,0.8311961722488038,0.9277345448275424,0.8563565266140087,16.0,128.0,0.861244019138756,0.8689427312775331,17.24273127753304
S3 Earliest due date,127,Q2 to Q4,3779,8.208333333333314,17.208333333333314,191.1428571428572,0.9023551204022228,0.9134206235302562,0.8514179892669017,5.0,8.0,0.9229955014554116,0.8324192565508836,16.324497257769654
S3 Earliest due date,128,year,5204,10.208333333333314,23.208333333333314,229.02264150943395,0.8274404304381245,0.935980662500179,0.8619551443116835,16.0,84.0,0.8593389700230591,0.8771308390524685,17.48040735001107
S3 Earliest due date,128,Q2 to Q4,3793,8.208333333333371,17.208333333333314,194.77777777777777,0.8958607962035329,0.9247712959677732,0.8631749274260795,6.0,0.0,0.9219615080411284,0.8629595867517472,16.79398359161349
S3 Earliest due date,129,year,5201,10.208333333333314,22.208333333333314,225.80377358490568,0.833301288213805,0.924080197487866,0.8465607505727243,18.0,96.0,0.8648336858296481,0.8762178919397697,17.152790079716564
S3 Earliest due date,129,Q2 to Q4,3758,8.208333333333314,17.208333333333314,192.010582010582,0.8978179882916445,0.9085564262670096,0.8403491286937244,7.0,0.0,0.919105907397552,0.828632740649908,16.064071122011036
S3 Critical ratio,100,year,5215,11.208333333333314,24.20833333333333,248.11698113207547,0.7622243528283796,0.930744354031189,0.867640440891184,19.0,116.0,0.8312559923298178,0.9138197046506502,18.49548159576813
S3 Critical ratio,100,Q2 to Q4,3767,9.208333333333314,18.208333333333314,209.66137566137567,0.8728431112290947,0.9175517880403224,0.8706031682932345,7.0,12.0,0.915317228563844,0.8955087076076994,17.773907729911397
S3 Critical ratio,101,year,5213,12.208333333333314,25.208333333333343,259.4339622641509,0.7396892384423557,0.9392662110567888,0.8533266157273816,16.0,120.0,0.820640705927489,0.956713780918728,19.46179328621908
S3 Critical ratio,101,Q2 to Q4,3736,10.208333333333314,19.208333333333314,222.7936507936508,0.8546573875802997,0.929150448057294,0.8531776941809709,5.0,16.0,0.9068522483940042,0.9395061728395062,18.77777777777778
S3 Critical ratio,102,year,5256,11.208333333333314,26.208333333333314,256.0943396226415,0.7307838660578386,0.9195447770462803,0.8593104486488288,23.0,128.0,0.8203957382039574,0.9376094570928196,19.416812609457093
S3 Critical ratio,102,Q2 to Q4,3812,9.208333333333314,19.208333333333314,211.83068783068785,0.8638509968520461,0.9023849149843212,0.866249792574683,11.0,16.0,0.9147429171038824,0.9140012070006036,18.51116475558237
S3 Critical ratio,103,year,5201,11.208333333333314,23.208333333333343,241.3962264150944,0.7867717746587195,0.9298624037676748,0.8313853994862819,16.0,104.0,0.8542587963853105,0.9431290108431069,18.46536844434609
S3 Critical ratio,103,Q2 to Q4,3748,9.208333333333314,18.208333333333314,206.58201058201053,0.8762006403415155,0.9163532428569692,0.8435180225918223,4.0,16.0,0.9146211312700108,0.9210445468509983,17.28878648233487
S3 Critical ratio,104,year,5204,11.208333333333314,25.208333333333314,251.6188679245283,0.7561491160645657,0.9347795862209308,0.8523048415513832,18.0,180.0,0.830130668716372,0.9380804953560372,18.94648385670057
S3 Critical ratio,104,Q2 to Q4,3762,9.208333333333314,18.208333333333314,209.35449735449737,0.8838383838383839,0.9229728430657838,0.854589180752326,6.0,44.0,0.9207868155236576,0.9167686658506732,18.19645042839657
S3 Critical ratio,105,year,5225,11.208333333333314,26.208333333333314,259.188679245283,0.7242105263157895,0.9356946283432438,0.833068120010305,19.0,136.0,0.8241148325358851,0.9709251101321584,19.69581497797357
S3 Critical ratio,105,Q2 to Q4,3775,9.208333333333314,19.208333333333314,217.47089947089947,0.8558940397350994,0.9242599612319392,0.8453816946736266,7.0,20.0,0.9131125827814568,0.9596823457544288,18.909590714722054
S3 Critical ratio,106,year,5233,11.208333333333314,26.208333333333314,258.4377358490566,0.7303649914007262,0.928845813817851,0.8347496382459751,19.0,136.0,0.8232371488629849,0.9502968990543216,19.35913789311634
S3 Critical ratio,106,Q2 to Q4,3807,10.208333333333314,19.208333333333314,216.9047619047619,0.8550039401103231,0.9148800056815496,0.8471235516281808,6.0,20.0,0.9154189650643552,0.93409915356711,18.8412938331318
S3 Critical ratio,107,year,5235,12.208333333333314,27.208333333333314,267.1924528301887,0.689971346704871,0.9378579004389866,0.8580710083593818,21.0,132.0,0.8070678127984718,0.952098439903318,20.2524719841793
S3 Critical ratio,107,Q2 to Q4,3821,10.208333333333314,19.208333333333314,219.11111111111111,0.8516095263020151,0.927261700330436,0.8664910923111182,8.0,44.0,0.9246270609788012,0.934436090225564,19.71458646616541
S3 Critical ratio,108,year,5242,12.208333333333314,26.208333333333343,263.2679245283019,0.7073636016787486,0.9377255633112644,0.8562826065574795,17.0,120.0,0.8159099580312857,0.9514285714285714,19.9556043956044
S3 Critical ratio,108,Q2 to Q4,3799,9.208333333333314,19.208333333333314,217.7407407407408,0.857594103711503,0.9270695347855616,0.8607111735632628,6.0,16.0,0.9205053961568834,0.9331113801452784,19.26513317191284
S3 Critical ratio,109,year,5231,11.208333333333314,26.208333333333314,257.3735849056604,0.7346587650544829,0.9366674153526232,0.8550597553494794,22.0,148.0,0.8298604473332059,0.9595426561125768,19.5811345646438
S3 Critical ratio,109,Q2 to Q4,3806,9.208333333333314,19.208333333333314,214.2010582010582,0.8633736205990541,0.9255701680079316,0.8601711529079704,10.0,12.0,0.9185496584340516,0.9443267776096824,18.82481089258699
S3 Critical ratio,110,year,5210,11.208333333333314,26.208333333333314,255.49056603773585,0.7305182341650672,0.9315374690777573,0.856937940904759,15.0,116.0,0.8155470249520154,0.9427624309392264,19.28110497237569
S3 Critical ratio,110,Q2 to Q4,3756,9.208333333333314,18.208333333333314,210.7619047619048,0.8690095846645367,0.918611727671804,0.846586274656476,3.0,24.0,0.9110756123535676,0.9205521472392638,18.309509202453988
S3 Critical ratio,111,year,5225,11.208333333333314,26.208333333333314,256.7358490566038,0.7289952153110048,0.9311728119882744,0.8636961982648204,18.0,132.0,0.8172248803827751,0.9383395727813256,19.472803347280333
S3 Critical ratio,111,Q2 to Q4,3794,9.208333333333314,19.208333333333314,212.7407407407408,0.860305745914602,0.918104305864687,0.8627338987380764,6.0,20.0,0.911439114391144,0.9151000606428138,18.68465736810188
S3 Critical ratio,112,year,5230,11.208333333333314,26.208333333333314,257.0452830188679,0.722944550669216,0.9364004024749872,0.8327392369165101,21.0,144.0,0.8187380497131931,0.9599736089729493,19.536397624807567
S3 Critical ratio,112,Q2 to Q4,3783,9.208333333333314,19.208333333333314,213.64550264550263,0.8612212529738303,0.9252282852199366,0.844114224063105,9.0,20.0,0.9135606661379856,0.944647201946472,18.730535279805352
S3 Critical ratio,113,year,5233,11.208333333333314,25.208333333333343,254.11320754716985,0.7471813491305178,0.9326325190798254,0.8550037716474842,18.0,152.0,0.8314542327536786,0.9498460184777828,19.15816102067752
S3 Critical ratio,113,Q2 to Q4,3779,9.208333333333314,18.208333333333314,212.24867724867724,0.8740407515215666,0.9199938362409046,0.8492030141766388,5.0,24.0,0.9235247419952368,0.9372525129454768,18.374961925068536
S3 Critical ratio,114,year,5195,11.208333333333314,25.208333333333314,249.2830188679245,0.7547641963426371,0.9303735214897332,0.8600371738653412,16.0,104.0,0.829451395572666,0.9554125998225376,18.96916592724046
S3 Critical ratio,114,Q2 to Q4,3703,9.208333333333314,18.208333333333314,210.9417989417989,0.8692951660815555,0.9171707860252024,0.8523164314130198,5.0,32.0,0.9135835808803672,0.9373050530255772,17.928571428571427
S3 Critical ratio,115,year,5238,11.208333333333314,25.208333333333314,248.3811320754717,0.7565864833906071,0.9301618284077244,0.8503148996900405,15.0,100.0,0.8318060328369606,0.9300945262695098,18.9687843482084
S3 Critical ratio,115,Q2 to Q4,3787,9.208333333333314,18.208333333333314,206.978835978836,0.8737787166622657,0.9167088591358884,0.8496645007717525,3.0,4.0,0.9131238447319778,0.9033434650455928,18.10881458966565
S3 Critical ratio,116,year,5247,12.208333333333314,27.208333333333343,265.8641509433962,0.689346293119878,0.9319695537720216,0.8373716963947102,24.0,164.0,0.8054126167333715,0.953927161035542,19.77534006143045
S3 Critical ratio,116,Q2 to Q4,3830,9.208333333333314,20.208333333333314,218.9100529100529,0.8454308093994778,0.9192242503980578,0.847417942863095,11.0,44.0,0.9180156657963446,0.9369369369369368,19.235735735735737
S3 Critical ratio,117,year,5228,11.208333333333314,24.208333333333314,241.7622641509434,0.7785003825554705,0.9255816643572292,0.855423307964426,16.0,108.0,0.8450650344299924,0.9134932863746424,18.49350649350649
S3 Critical ratio,117,Q2 to Q4,3774,9.208333333333314,17.208333333333314,201.1428571428572,0.8905670376258612,0.910555335073192,0.8605176583770439,4.0,24.0,0.9215686274509804,0.8800732377174245,17.430576747024716
S3 Critical ratio,118,year,5219,11.208333333333314,24.208333333333314,239.5547169811321,0.7840582487066488,0.9285312535990063,0.8597632051300668,21.0,116.0,0.843456600881395,0.9505846018089564,18.253253915729097
S3 Critical ratio,118,Q2 to Q4,3737,9.208333333333314,18.208333333333314,204.24867724867724,0.8734278833288734,0.914592920145706,0.8492843508075222,9.0,16.0,0.9103559004549104,0.9308428527323248,17.154677369558506
S3 Critical ratio,119,year,5229,12.208333333333314,26.208333333333343,261.01509433962264,0.7167718493019698,0.9246979606100992,0.8511694022940558,22.0,148.0,0.810671256454389,0.9592959295929592,19.61474147414741
S3 Critical ratio,119,Q2 to Q4,3798,10.208333333333314,19.208333333333314,216.5978835978836,0.8588730911005793,0.9093012855606456,0.8605600363088308,9.0,32.0,0.9112690889942074,0.9439563768554984,18.9139654650106
S3 Critical ratio,120,year,5219,11.208333333333314,24.208333333333343,249.55849056603773,0.7537842498562943,0.9316389429163512,0.8498631679459893,22.0,124.0,0.8283196014562176,0.9228054697838554,18.74062637847376
S3 Critical ratio,120,Q2 to Q4,3761,9.208333333333314,18.208333333333314,209.989417989418,0.8705131613932465,0.9188078578953748,0.8383224426570852,10.0,16.0,0.9130550385535762,0.8931087289433385,17.91393568147014
S3 Critical ratio,121,year,5201,11.208333333333314,24.208333333333314,245.67169811320755,0.7721592001538166,0.9266357120987364,0.8498819584532323,19.0,128.0,0.8398384925975774,0.9590163934426228,18.620735489587947
S3 Critical ratio,121,Q2 to Q4,3736,9.208333333333314,18.208333333333314,210.35449735449737,0.8720556745182013,0.9121949006006,0.845152603264845,7.0,24.0,0.9138115631691648,0.9428483163422924,17.763978992894657
S3 Critical ratio,122,year,5210,11.208333333333314,25.208333333333314,245.36603773584903,0.7667946257197696,0.9263543269085284,0.861114090509369,20.0,124.0,0.8404990403071018,0.9471939902783916,18.64516129032258
S3 Critical ratio,122,Q2 to Q4,3758,9.208333333333314,17.508333333333496,205.96296296296296,0.8783927621075039,0.9115932537838642,0.8568005207184217,8.0,16.0,0.9145822245875466,0.9267095982827354,17.660533578656853
S3 Critical ratio,123,year,5236,11.208333333333314,25.208333333333343,252.0716981132076,0.7322383498854087,0.9310368530546804,0.8472259500687545,22.0,148.0,0.8197097020626433,0.9459578207381372,19.22473637961336
S3 Critical ratio,123,Q2 to Q4,3799,9.208333333333314,18.208333333333314,207.66137566137567,0.8697025533035009,0.9178788025888868,0.8577751790822002,9.0,20.0,0.9133982627007108,0.9254996971532404,18.32586311326469
S3 Critical ratio,124,year,5177,11.208333333333314,25.208333333333314,252.4754716981132,0.7498551284527719,0.9275454957287196,0.8368213099202025,22.0,128.0,0.8267336295151633,0.9164438502673796,19.056595365418893
S3 Critical ratio,124,Q2 to Q4,3727,9.208333333333314,18.208333333333314,212.0793650793651,0.8653072176012879,0.9132678723655876,0.8241196887480396,10.0,24.0,0.9028709417762276,0.8839368616527391,17.982358402971215
S3 Critical ratio,125,year,5235,11.208333333333314,25.208333333333314,251.3962264150944,0.7531996179560649,0.9263339170010508,0.8599758920391827,20.0,104.0,0.8319006685768864,0.9513965251814384,19.050582801847373
S3 Critical ratio,125,Q2 to Q4,3789,9.208333333333314,18.208333333333314,210.82010582010585,0.871997888624967,0.9115770247473725,0.868331845165823,7.0,20.0,0.9150171549221432,0.932847158918262,18.146460042540262
S3 Critical ratio,126,year,5209,11.208333333333314,24.208333333333314,245.77735849056603,0.774044922249952,0.9256124067577616,0.8499245206610148,16.0,116.0,0.8385486657707814,0.9282085266180694,18.57455268389662
S3 Critical ratio,126,Q2 to Q4,3755,9.208333333333314,18.208333333333314,208.6084656084656,0.878029294274301,0.9105716155317471,0.8472001916147095,4.0,24.0,0.9153129161118508,0.9002761583307763,17.659404725375882
S3 Critical ratio,127,year,5216,11.208333333333314,25.208333333333314,248.19245283018867,0.7503834355828221,0.9297161849567684,0.8461186018613718,19.0,132.0,0.8360812883435583,0.9437334510150044,19.135922330097088
S3 Critical ratio,127,Q2 to Q4,3763,9.208333333333314,18.208333333333314,206.06878306878303,0.8764283816104173,0.9161236669418422,0.8362524931400691,7.0,16.0,0.919744884400744,0.921970624235006,18.002447980416157
S3 Critical ratio,128,year,5213,11.208333333333314,26.208333333333314,257.8716981132076,0.7304814885862267,0.931605759869932,0.8713964794571153,19.0,136.0,0.8158450028774218,0.9343791427308882,19.2311091471498
S3 Critical ratio,128,Q2 to Q4,3776,9.208333333333371,19.208333333333314,217.2804232804233,0.8503707627118644,0.91868327469857,0.867229364554442,6.0,32.0,0.8998940677966102,0.909423604757548,18.419945105215003
S3 Critical ratio,129,year,5217,11.208333333333314,25.208333333333314,255.3018867924528,0.7331799884991375,0.9343979049889872,0.8653387660630065,16.0,140.0,0.8179030093923711,0.9309050772626932,19.05849889624724
S3 Critical ratio,129,Q2 to Q4,3769,9.208333333333314,18.208333333333314,212.8941798941799,0.8649509153621651,0.9223737656778138,0.8526540275291832,3.0,16.0,0.9108516847970284,0.9339449541284404,18.41162079510704
"S3 Shortest processing time, brakes only",100,year,5190,10.208333333333314,22.208333333333314,220.9735849056604,0.8165703275529865,0.9328651659667588,0.8626401855016637,15.0,72.0,0.848747591522158,0.8371060807811807,16.960719041278296
"S3 Shortest processing time, brakes only",100,Q2 to Q4,3744,8.208333333333314,16.208333333333314,191.16931216931212,0.8827457264957265,0.920590739397127,0.8729857643592369,4.0,24.0,0.905448717948718,0.8168103448275862,15.98737684729064
"S3 Shortest processing time, brakes only",101,year,5179,10.208333333333314,22.208333333333314,224.51698113207547,0.8159876424020082,0.9412834671367222,0.8630111927973999,13.0,68.0,0.8588530604363777,0.843193950177936,17.143238434163703
"S3 Shortest processing time, brakes only",101,Q2 to Q4,3795,8.208333333333314,17.208333333333314,196.02645502645504,0.8774703557312253,0.9320373713433344,0.8542932401451944,4.0,12.0,0.9183135704874836,0.8333839150227618,16.591502276176023
"S3 Shortest processing time, brakes only",102,year,5224,10.208333333333314,23.208333333333314,232.05283018867925,0.7951761102603369,0.941176388221706,0.8529171545988623,19.0,72.0,0.8415007656967841,0.8480705622932745,17.88114663726571
"S3 Shortest processing time, brakes only",102,Q2 to Q4,3807,8.208333333333314,17.208333333333314,193.12698412698413,0.8825847123719465,0.9317900142825272,0.863478514457844,7.0,0.0,0.91725768321513,0.8315693982461445,17.17840943453281
"S3 Shortest processing time, brakes only",103,year,5210,10.208333333333314,22.208333333333314,225.8716981132076,0.8155470249520154,0.9434559948703728,0.8474448105566387,12.0,48.0,0.8506717850287908,0.8346230378067654,17.381605129338933
"S3 Shortest processing time, brakes only",103,Q2 to Q4,3801,9.208333333333314,16.208333333333314,192.6190476190476,0.8921336490397264,0.9349745111397888,0.852150342810984,3.0,0.0,0.9168639831623258,0.8232445520581114,16.69824455205811
"S3 Shortest processing time, brakes only",104,year,5188,10.208333333333314,22.208333333333314,222.5245283018868,0.8138010794140323,0.9436224778588812,0.880941697182564,16.0,64.0,0.8531225905936777,0.8673922701021768,17.21856952465571
"S3 Shortest processing time, brakes only",104,Q2 to Q4,3788,8.208333333333314,17.208333333333314,191.984126984127,0.8864836325237593,0.9351332666629506,0.8731445620599589,5.0,0.0,0.9165786694825766,0.821830343569474,16.364852538765582
"S3 Shortest processing time, brakes only",105,year,5183,9.208333333333314,21.208333333333314,216.5547169811321,0.8232683773876134,0.9248906956027384,0.8590739240804093,16.0,60.0,0.8489291915878835,0.8344076461435874,16.471660368970884
"S3 Shortest processing time, brakes only",105,Q2 to Q4,3794,8.208333333333314,16.208333333333314,188.65608465608463,0.8848181338956247,0.909877208184592,0.865660684199128,7.0,0.0,0.9053769109119664,0.8110403397027601,15.67455262359721
"S3 Shortest processing time, brakes only",106,year,5238,10.208333333333314,23.208333333333314,233.3207547169812,0.7865597556319206,0.9453472007728668,0.8666514637186555,17.0,92.0,0.8426880488736159,0.8592137052492862,17.826488029870415
"S3 Shortest processing time, brakes only",106,Q2 to Q4,3817,9.208333333333314,17.208333333333314,197.1534391534392,0.8742467906733037,0.9373620305142144,0.8667404473071979,4.0,0.0,0.9193083573487032,0.8512944009632751,17.262191450933173
"S3 Shortest processing time, brakes only",107,year,5209,10.208333333333314,24.208333333333314,234.8754716981132,0.7884430792858514,0.9446505921981564,0.8518609502824305,19.0,104.0,0.8464196582837397,0.8584697036709421,18.100840336134453
"S3 Shortest processing time, brakes only",107,Q2 to Q4,3805,9.208333333333314,17.208333333333314,196.27513227513228,0.8754270696452037,0.9364506027523064,0.8283390148911677,7.0,0.0,0.9208935611038108,0.8409915356711004,17.519347037484884
"S3 Shortest processing time, brakes only",108,year,5199,10.208333333333314,22.208333333333314,224.16981132075472,0.8063089055587613,0.9352088080611912,0.84347519424439,11.0,60.0,0.8420850163492979,0.8305986696230598,17.13059866962306
"S3 Shortest processing time, brakes only",108,Q2 to Q4,3770,8.208333333333314,16.208333333333314,193.7724867724868,0.883289124668435,0.92371324758854,0.8508807980764527,1.0,0.0,0.9108753315649868,0.8127867849495258,16.433159987763844
"S3 Shortest processing time, brakes only",109,year,5217,10.208333333333314,23.208333333333314,224.4566037735849,0.8023768449300365,0.9339243473232371,0.8628659777194279,12.0,64.0,0.842054820778225,0.8313838004855441,17.325314500110352
"S3 Shortest processing time, brakes only",109,Q2 to Q4,3782,8.208333333333314,16.208333333333314,187.2910052910053,0.8900052882072977,0.9219192510516876,0.8589836937843824,1.0,0.0,0.9159175039661556,0.8161898965307365,16.47991479001826
"S3 Shortest processing time, brakes only",110,year,5195,10.208333333333314,22.208333333333343,228.7245283018868,0.8042348411934552,0.9365499327868504,0.8545680897976614,14.0,72.0,0.8529355149181905,0.8430503214364886,17.586787851917535
"S3 Shortest processing time, brakes only",110,Q2 to Q4,3804,8.208333333333314,17.208333333333314,194.2275132275132,0.8796004206098843,0.925493601971596,0.8420712185911479,3.0,0.0,0.9182439537329128,0.8289951573849879,16.91949152542373
"S3 Shortest processing time, brakes only",111,year,5197,10.208333333333314,22.208333333333314,225.0075471698113,0.8066192033865692,0.9350454266411036,0.8414685904569698,16.0,84.0,0.8433711756782759,0.8394678492239468,17.308869179600887
"S3 Shortest processing time, brakes only",111,Q2 to Q4,3786,8.208333333333314,17.208333333333314,189.7248677248677,0.8893291072371896,0.9235027784401092,0.8177542311074041,6.0,0.0,0.9146856840993132,0.8264311814859927,16.52436053593179
"S3 Shortest processing time, brakes only",112,year,5215,10.208333333333314,22.208333333333314,221.7735849056604,0.8143815915627997,0.9318059777303108,0.850774946270898,16.0,40.0,0.8527325023969319,0.8449646643109541,17.244478798586574
"S3 Shortest processing time, brakes only",112,Q2 to Q4,3797,8.208333333333314,16.208333333333314,189.7354497354497,0.886752699499605,0.9191695006077044,0.862618550288942,5.0,0.0,0.9173031340532,0.8165304268846503,16.41871026339691
"S3 Shortest processing time, brakes only",113,year,5240,10.208333333333314,23.208333333333314,230.7622641509434,0.7961832061068702,0.9368405564408236,0.86145626637469,16.0,96.0,0.8509541984732825,0.8612513721185511,17.634028540065863
"S3 Shortest processing time, brakes only",113,Q2 to Q4,3801,9.208333333333314,17.208333333333314,198.52380952380952,0.8716127334911865,0.9259096596367924,0.858186006595689,6.0,0.0,0.9176532491449618,0.8423123486682809,16.815677966101696
"S3 Shortest processing time, brakes only",114,year,5213,10.208333333333314,23.208333333333314,232.24150943396228,0.7922501438710915,0.9344961689341446,0.8641425357992376,20.0,124.0,0.8465375023978515,0.871330832045906,18.068858971529465
"S3 Shortest processing time, brakes only",114,Q2 to Q4,3802,8.208333333333371,17.208333333333314,192.67195767195767,0.8903208837453972,0.9226197516404,0.8426810487900354,8.0,4.0,0.9216201998947924,0.8238498789346247,17.119249394673123
"S3 Shortest processing time, brakes only",115,year,5208,10.208333333333314,22.208333333333314,225.3018867924528,0.8051075268817204,0.9367162765794658,0.8604348291897292,16.0,96.0,0.8511904761904762,0.8433149171270719,17.194033149171272
"S3 Shortest processing time, brakes only",115,Q2 to Q4,3785,8.208333333333314,17.208333333333314,192.41798941798945,0.8890356671070013,0.9256391089517008,0.8646275452518726,4.0,0.0,0.9215323645970938,0.8280158006684898,16.44879975691279
"S3 Shortest processing time, brakes only",116,year,5204,10.208333333333314,22.208333333333314,222.4867924528302,0.8260953112990008,0.9364642755144968,0.8439527632811636,11.0,60.0,0.8539584934665642,0.8365767359575409,17.04046881910659
"S3 Shortest processing time, brakes only",116,Q2 to Q4,3805,8.208333333333314,16.208333333333314,188.9417989417989,0.8911957950065703,0.9255193355187912,0.852907672399044,3.0,0.0,0.9151116951379764,0.8251283600120809,16.397463002114165
"S3 Shortest processing time, brakes only",117,year,5179,10.208333333333314,21.208333333333343,219.4754716981132,0.8256420158331724,0.9322435879323304,0.85006990848793,22.0,80.0,0.8573083606873914,0.8433118183841531,16.776763854885377
"S3 Shortest processing time, brakes only",117,Q2 to Q4,3792,8.208333333333314,16.208333333333314,187.15873015873007,0.8947784810126582,0.9197464554506326,0.8395565289656045,11.0,0.0,0.9208860759493672,0.8284760170006071,16.168184578020643
"S3 Shortest processing time, brakes only",118,year,5176,10.208333333333314,23.208333333333314,232.6264150943396,0.7952086553323029,0.950485309830302,0.8660905508531618,12.0,80.0,0.8450540958268934,0.8756949077162552,17.783855903935958
"S3 Shortest processing time, brakes only",118,Q2 to Q4,3822,9.208333333333314,17.208333333333314,198.3068783068783,0.8723181580324437,0.9444204360621192,0.8635150348274615,2.0,0.0,0.912349555206698,0.8580877931449188,17.40799759470836
"S3 Shortest processing time, brakes only",119,year,5210,10.208333333333314,22.208333333333314,225.4188679245283,0.8076775431861805,0.93608773407743,0.840122797733809,17.0,80.0,0.8470249520153551,0.8585301258000442,17.47870227322887
"S3 Shortest processing time, brakes only",119,Q2 to Q4,3781,8.208333333333314,16.208333333333314,191.68783068783068,0.887595874107379,0.9248359595198096,0.84899356232357,5.0,0.0,0.9129859825443004,0.817904993909866,16.514311814859926
"S3 Shortest processing time, brakes only",120,year,5171,10.208333333333314,22.208333333333314,224.26415094339623,0.8083542835041578,0.9340391868462272,0.8591100992634413,15.0,116.0,0.8443241152581705,0.8473367506128816,17.094495208379765
"S3 Shortest processing time, brakes only",120,Q2 to Q4,3810,8.208333333333314,17.208333333333314,191.42328042328043,0.8829396325459318,0.9219864850286036,0.8496500469482587,4.0,0.0,0.9091863517060368,0.8390214436726064,16.51102385986107
"S3 Shortest processing time, brakes only",121,year,5194,10.208333333333314,22.208333333333314,226.73962264150944,0.806892568348094,0.93554149857429,0.8522926371733613,16.0,84.0,0.846168656141702,0.8663859960115222,17.30844227786395
"S3 Shortest processing time, brakes only",121,Q2 to Q4,3801,8.208333333333314,17.208333333333314,193.2169312169312,0.8755590634043673,0.9240699379202412,0.8732481978530408,4.0,0.0,0.9094975006577216,0.8652160773647628,16.756119673617405
"S3 Shortest processing time, brakes only",122,year,5203,10.208333333333314,22.208333333333314,222.38867924528304,0.8168364405150874,0.9381642644915836,0.8661057464957109,16.0,60.0,0.8510474726119547,0.8596413548815586,17.01372592428603
"S3 Shortest processing time, brakes only",122,Q2 to Q4,3811,8.208333333333314,16.208333333333314,188.87301587301587,0.8932038834951457,0.9276896841422054,0.8703406486788238,4.0,0.0,0.9141957491472056,0.8196078431372549,16.275113122171945
"S3 Shortest processing time, brakes only",123,year,5183,10.208333333333314,21.208333333333314,217.48301886792453,0.8298282847771561,0.930580427980345,0.8415411677757522,13.0,32.0,0.8564537912405943,0.847299399866637,16.59390975772394
"S3 Shortest processing time, brakes only",123,Q2 to Q4,3766,8.208333333333314,16.208333333333314,188.85185185185185,0.8921933085501859,0.9176666829746865,0.849499441550945,5.0,0.0,0.9115772703133298,0.816875573219199,15.818404157749924
"S3 Shortest processing time, brakes only",124,year,5193,10.208333333333314,22.208333333333314,223.40377358490565,0.8103215867513961,0.9289656236535496,0.8658454823842449,14.0,64.0,0.8488349701521278,0.865410199556541,17.167849223946785
"S3 Shortest processing time, brakes only",124,Q2 to Q4,3783,9.208333333333314,17.208333333333314,195.4973544973545,0.8744382765001322,0.9152816196863862,0.8552867931750398,4.0,0.0,0.9058947924927306,0.848890240194588,16.493159014898147
"S3 Shortest processing time, brakes only",125,year,5242,10.208333333333314,22.208333333333343,222.9056603773585,0.8111407859595574,0.9339362891931938,0.8393169257883053,14.0,64.0,0.8491033956505151,0.8428790871187185,17.38424402018872
"S3 Shortest processing time, brakes only",125,Q2 to Q4,3775,8.208333333333314,16.208333333333314,188.64550264550263,0.887682119205298,0.9219648272516672,0.8391892580858176,3.0,0.0,0.91523178807947,0.817932296431839,16.346752058554436
"S3 Shortest processing time, brakes only",126,year,5205,10.208333333333314,23.208333333333314,230.98490566037736,0.789433237271854,0.9383937323194382,0.8454218026486674,17.0,60.0,0.8345821325648415,0.8516714633606376,17.72348904139916
"S3 Shortest processing time, brakes only",126,Q2 to Q4,3810,8.208333333333314,17.208333333333314,194.88359788359787,0.8784776902887139,0.9280139452807286,0.8348897006807977,5.0,0.0,0.910761154855643,0.8432497734823317,17.10903050437934
"S3 Shortest processing time, brakes only",127,year,5201,9.208333333333314,22.208333333333314,222.4679245283019,0.8117669678907903,0.9309437719683068,0.8746647358798265,14.0,72.0,0.8457988848298404,0.8399380119548373,17.13238875359752
"S3 Shortest processing time, brakes only",127,Q2 to Q4,3795,8.208333333333314,16.208333333333314,187.9206349206349,0.8909090909090909,0.9180015043509944,0.8664903172126448,5.0,0.0,0.9119894598155468,0.8259551243177683,16.315949060036385
"S3 Shortest processing time, brakes only",128,year,5192,9.208333333333314,21.208333333333314,218.4716981132076,0.8276194144838213,0.93371340023154,0.8545328579705352,12.0,40.0,0.8634437596302003,0.8460173064122476,16.912802307521634
"S3 Shortest processing time, brakes only",128,Q2 to Q4,3756,8.208333333333314,16.208333333333314,188.7724867724868,0.8948349307774228,0.9218066457528016,0.8464611333951254,3.0,0.0,0.9177316293929711,0.8053423395762972,15.761129874117286
"S3 Shortest processing time, brakes only",129,year,5196,10.208333333333314,23.208333333333314,232.8981132075472,0.7896458814472671,0.9439157675730644,0.8559271325129345,13.0,60.0,0.8498845265588915,0.8587583148558758,18.03348115299335
"S3 Shortest processing time, brakes only",129,Q2 to Q4,3801,9.208333333333314,17.208333333333314,197.8994708994709,0.8779268613522757,0.935507508707614,0.8426954596749422,2.0,0.0,0.9242304656669298,0.8397455316570737,17.37927900636171
S4 Light work first on B1 and B2 when the B3 to B5 queue exceeds 2 days,100,year,5242,11.208333333333314,22.208333333333314,233.18867924528303,0.8283098054177794,0.932510506221275,0.8366175301548812,14.0,96.0,0.8548264021365891,0.8635366388767003,17.648310662571305
S4 Light work first on B1 and B2 when the B3 to B5 queue exceeds 2 days,100,Q2 to Q4,3771,9.208333333333314,17.208333333333314,201.15873015873007,0.896313975072925,0.9201402592985836,0.847605587060716,4.0,16.0,0.9172633253778838,0.8544787526750229,16.864567410577806
S4 Light work first on B1 and B2 when the B3 to B5 queue exceeds 2 days,101,year,5248,10.208333333333314,24.208333333333314,238.6188679245283,0.8041158536585366,0.9334049731778412,0.8562578701621361,16.0,112.0,0.8462271341463414,0.8537921964050855,18.041867601928978
S4 Light work first on B1 and B2 when the B3 to B5 queue exceeds 2 days,101,Q2 to Q4,3795,9.208333333333314,17.208333333333314,197.3915343915344,0.9069828722002636,0.921148751051043,0.8597702663352699,5.0,0.0,0.9256916996047432,0.8272727272727273,17.15878787878788
S4 Light work first on B1 and B2 when the B3 to B5 queue exceeds 2 days,102,year,5241,10.208333333333314,23.208333333333343,234.91698113207548,0.804999045983591,0.9322633214248168,0.8268315611308854,18.0,108.0,0.8492654073650067,0.8503401360544217,17.88654816765416
S4 Light work first on B1 and B2 when the B3 to B5 queue exceeds 2 days,102,Q2 to Q4,3786,9.208333333333314,17.208333333333314,193.9206349206349,0.9054410987849972,0.919520832139684,0.8335305158535532,5.0,0.0,0.9265715795034336,0.8223844282238443,16.96624087591241
S4 Light work first on B1 and B2 when the B3 to B5 queue exceeds 2 days,103,year,5193,10.208333333333314,21.208333333333314,223.8490566037736,0.8661659926824572,0.9306819793811336,0.8370707243355622,20.0,60.0,0.879838243789717,0.8468867715488588,16.931974296476845
S4 Light work first on B1 and B2 when the B3 to B5 queue exceeds 2 days,103,Q2 to Q4,3749,9.208333333333314,16.208333333333314,194.5873015873016,0.916511069618565,0.9177749847173452,0.8367588685591426,10.0,16.0,0.9311816484395838,0.8161696895173686,15.99508146326468
S4 Light work first on B1 and B2 when the B3 to B5 queue exceeds 2 days,104,year,5235,10.208333333333314,22.208333333333314,229.18490566037727,0.8336198662846227,0.9272103724954456,0.8259127713479967,17.0,108.0,0.8592168099331423,0.84823193498792,17.369646386997584
S4 Light work first on B1 and B2 when the B3 to B5 queue exceeds 2 days,104,Q2 to Q4,3760,9.208333333333314,16.208333333333314,195.63492063492063,0.9050531914893616,0.912753066907478,0.8434417956306094,6.0,0.0,0.9223404255319148,0.8153940509046305,16.330266789328427
S4 Light work first on B1 and B2 when the B3 to B5 queue exceeds 2 days,105,year,5246,10.208333333333314,23.208333333333343,236.0830188679245,0.8042317956538315,0.9296459673092164,0.8723811048965269,15.0,112.0,0.8457872664887534,0.8539473684210527,17.885964912280702
S4 Light work first on B1 and B2 when the B3 to B5 queue exceeds 2 days,105,Q2 to Q4,3802,9.208333333333314,17.208333333333314,196.2169312169312,0.8976854287217254,0.9159721577358192,0.8768136710492356,3.0,4.0,0.9218832193582324,0.83429089809495,17.01753855458119
S4 Light work first on B1 and B2 when the B3 to B5 queue exceeds 2 days,106,year,5231,10.208333333333314,22.208333333333314,224.4339622641509,0.8463008984897725,0.9271181184504632,0.8623324199507253,17.0,116.0,0.8682852227107628,0.8392700087950747,17.149736147757256
S4 Light work first on B1 and B2 when the B3 to B5 queue exceeds 2 days,106,Q2 to Q4,3748,9.208333333333314,16.208333333333314,194.1904761904762,0.9018143009605124,0.9127364058555498,0.8560034012699725,7.0,16.0,0.9242262540021344,0.811558561328005,16.137411620043036
S4 Light work first on B1 and B2 when the B3 to B5 queue exceeds 2 days,107,year,5232,10.208333333333314,24.208333333333314,237.81132075471697,0.7981651376146789,0.932376932989508,0.8633770315651805,17.0,120.0,0.8432721712538226,0.8479455064820919,18.03999121072292
S4 Light work first on B1 and B2 when the B3 to B5 queue exceeds 2 days,107,Q2 to Q4,3788,9.208333333333314,17.208333333333314,195.1322751322752,0.9068109820485744,0.9197008579907135,0.8592272274262492,5.0,4.0,0.928986272439282,0.8267071320182094,17.165402124430955
S4 Light work first on B1 and B2 when the B3 to B5 queue exceeds 2 days,108,year,5213,10.208333333333314,23.208333333333343,236.9132075471698,0.8039516593132553,0.9345261806867567,0.8611288304184459,17.0,124.0,0.8436600805678113,0.8606756458379333,17.91212188120998
S4 Light work first on B1 and B2 when the B3 to B5 queue exceeds 2 days,108,Q2 to Q4,3780,9.208333333333314,17.208333333333314,198.2169312169312,0.8957671957671958,0.9226308279768368,0.867245193677293,5.0,8.0,0.914021164021164,0.8313032886723508,17.023751522533495
S4 Light work first on B1 and B2 when the B3 to B5 queue exceeds 2 days,109,year,5212,11.208333333333314,23.208333333333314,236.422641509434,0.8198388334612433,0.9344574472572578,0.8421808927728415,17.0,116.0,0.8534151957022257,0.8892076804237475,17.908188037960716
S4 Light work first on B1 and B2 when the B3 to B5 queue exceeds 2 days,109,Q2 to Q4,3776,9.208333333333314,17.208333333333314,200.8677248677249,0.8961864406779662,0.9226120133225194,0.8579772950632619,6.0,8.0,0.9194915254237288,0.88556606652426,17.241684467500765
S4 Light work first on B1 and B2 when the B3 to B5 queue exceeds 2 days,110,year,5231,10.208333333333314,23.208333333333314,233.90188679245284,0.8118906518830051,0.9323305333688464,0.8439902273000489,18.0,112.0,0.8568151405085069,0.8720879120879121,17.994065934065933
S4 Light work first on B1 and B2 when the B3 to B5 queue exceeds 2 days,110,Q2 to Q4,3772,9.208333333333314,16.208333333333314,193.2010582010582,0.9042948038176034,0.9197036033424736,0.841905621814489,6.0,12.0,0.9233828207847296,0.8221814848762603,16.725633974946533
S4 Light work first on B1 and B2 when the B3 to B5 queue exceeds 2 days,111,year,5290,10.208333333333314,24.208333333333314,237.377358490566,0.7924385633270321,0.9353219873087968,0.855566363614158,18.0,144.0,0.8402646502835539,0.8726086956521739,18.25869565217392
S4 Light work first on B1 and B2 when the B3 to B5 queue exceeds 2 days,111,Q2 to Q4,3810,9.208333333333314,17.208333333333314,194.84656084656083,0.9047244094488188,0.923599450790651,0.855693980342499,5.0,0.0,0.920734908136483,0.8231210383338364,17.182613945064897
S4 Light work first on B1 and B2 when the B3 to B5 queue exceeds 2 days,112,year,5190,10.208333333333314,22.208333333333314,227.6301886792453,0.8527938342967245,0.926989943930069,0.8528941813131341,15.0,88.0,0.8710982658959537,0.855715871254162,17.17602663706992
S4 Light work first on B1 and B2 when the B3 to B5 queue exceeds 2 days,112,Q2 to Q4,3759,9.208333333333314,17.208333333333314,196.65079365079364,0.899973397180101,0.9124796597365978,0.8634692882118002,4.0,0.0,0.919659483905294,0.8218337933149341,16.38883777982214
S4 Light work first on B1 and B2 when the B3 to B5 queue exceeds 2 days,113,year,5241,11.208333333333314,24.208333333333314,239.5320754716981,0.799465750810914,0.9291229172156948,0.8521376292950067,15.0,116.0,0.8397252432741843,0.8659929701230229,18.01427943760984
S4 Light work first on B1 and B2 when the B3 to B5 queue exceeds 2 days,113,Q2 to Q4,3785,9.208333333333314,18.208333333333314,202.6984126984127,0.8922060766182298,0.9152959506332962,0.862054947094811,3.0,16.0,0.9175693527080582,0.859009419629292,17.329079307201457
S4 Light work first on B1 and B2 when the B3 to B5 queue exceeds 2 days,114,year,5244,10.208333333333314,23.208333333333314,231.41509433962264,0.8293287566742944,0.9346219111333932,0.8613893291863775,17.0,104.0,0.8552631578947368,0.8436060539592016,17.50866418074139
S4 Light work first on B1 and B2 when the B3 to B5 queue exceeds 2 days,114,Q2 to Q4,3781,9.208333333333314,16.208333333333314,194.2698412698413,0.907431896323724,0.9228383661381344,0.8453832098945125,6.0,0.0,0.9243586352816716,0.8205909229363387,16.591227535790434
S4 Light work first on B1 and B2 when the B3 to B5 queue exceeds 2 days,115,year,5233,10.208333333333314,23.208333333333314,230.11320754716985,0.8247659086566024,0.9257752346711866,0.8487358218672859,14.0,120.0,0.8570609592967705,0.8919929608446986,17.65728112626485
S4 Light work first on B1 and B2 when the B3 to B5 queue exceeds 2 days,115,Q2 to Q4,3746,8.208333333333314,17.208333333333314,195.64021164021165,0.897757608115323,0.9108301324847132,0.858590344399858,4.0,12.0,0.918579818473038,0.8488765774084334,16.46814404432133
S4 Light work first on B1 and B2 when the B3 to B5 queue exceeds 2 days,116,year,5229,11.208333333333314,23.208333333333343,239.43018867924528,0.8011091986995601,0.938823231344893,0.8281581397532304,15.0,84.0,0.8447121820615796,0.8459507042253521,18.17297535211268
S4 Light work first on B1 and B2 when the B3 to B5 queue exceeds 2 days,116,Q2 to Q4,3778,9.208333333333314,17.208333333333314,197.3386243386244,0.9179460031762836,0.928519440648122,0.8291928450265027,3.0,0.0,0.9332980412916888,0.8221139201949437,17.358818154127324
S4 Light work first on B1 and B2 when the B3 to B5 queue exceeds 2 days,117,year,5210,10.208333333333314,23.208333333333314,233.11320754716985,0.8259117082533589,0.9325345742927238,0.848321063946998,18.0,96.0,0.8583493282149712,0.8634254143646409,17.80486187845304
S4 Light work first on B1 and B2 when the B3 to B5 queue exceeds 2 days,117,Q2 to Q4,3753,9.208333333333314,17.208333333333314,197.86243386243387,0.9016786570743404,0.9200379547633272,0.8517057038438285,7.0,0.0,0.9267252864375166,0.836916461916462,16.89987714987715
S4 Light work first on B1 and B2 when the B3 to B5 queue exceeds 2 days,118,year,5236,10.208333333333314,22.208333333333314,226.6339622641509,0.841100076394194,0.9298399239015456,0.8492334607057334,16.0,120.0,0.8634453781512605,0.8601890525390196,17.284677951198066
S4 Light work first on B1 and B2 when the B3 to B5 queue exceeds 2 days,118,Q2 to Q4,3745,9.208333333333314,16.208333333333314,193.76719576719577,0.9030707610146862,0.9163080002491368,0.8633740684908167,5.0,8.0,0.9214953271028036,0.8361564521096396,16.21804742839544
S4 Light work first on B1 and B2 when the B3 to B5 queue exceeds 2 days,119,year,5231,10.208333333333314,22.208333333333314,227.7811320754717,0.8430510418658,0.929855806104638,0.8384470621007611,13.0,76.0,0.8652265341234946,0.8463060686015831,17.263412489006157
S4 Light work first on B1 and B2 when the B3 to B5 queue exceeds 2 days,119,Q2 to Q4,3766,9.208333333333314,17.208333333333314,195.03703703703704,0.9038767923526289,0.9164843606203495,0.8402382450089976,3.0,12.0,0.9219330855018588,0.8196821515892421,16.2059902200489
S4 Light work first on B1 and B2 when the B3 to B5 queue exceeds 2 days,120,year,5200,10.208333333333314,22.208333333333314,228.9132075471698,0.8209615384615384,0.9242946073169264,0.8573134323348981,18.0,108.0,0.85,0.8450298870932035,17.4084569404472
S4 Light work first on B1 and B2 when the B3 to B5 queue exceeds 2 days,120,Q2 to Q4,3747,9.208333333333314,16.208333333333314,192.6931216931217,0.8967173738991193,0.9092928930731936,0.8525675064806785,5.0,24.0,0.9143314651721376,0.8175384615384615,16.452
S4 Light work first on B1 and B2 when the B3 to B5 queue exceeds 2 days,121,year,5253,10.208333333333314,23.208333333333314,232.5207547169812,0.8336188844469826,0.9288284078525408,0.8469378028399815,17.0,84.0,0.8595088520845231,0.8583625218914186,17.728984238178633
S4 Light work first on B1 and B2 when the B3 to B5 queue exceeds 2 days,121,Q2 to Q4,3795,9.208333333333314,17.208333333333314,195.6931216931217,0.9122529644268774,0.9149592591783788,0.8459301066996735,5.0,0.0,0.9243741765480896,0.8237257281553398,16.788834951456312
S4 Light work first on B1 and B2 when the B3 to B5 queue exceeds 2 days,122,year,5240,11.208333333333314,24.208333333333314,242.38490566037737,0.7944656488549618,0.934425543230728,0.8673503570056045,18.0,92.0,0.8431297709923664,0.8605263157894737,18.278508771929825
S4 Light work first on B1 and B2 when the B3 to B5 queue exceeds 2 days,122,Q2 to Q4,3828,9.208333333333314,18.208333333333314,200.82539682539684,0.9030825496342738,0.9225066735577152,0.863915847234293,5.0,0.0,0.924503657262278,0.8394357743097239,17.58733493397359
S4 Light work first on B1 and B2 when the B3 to B5 queue exceeds 2 days,123,year,5237,11.208333333333314,24.208333333333314,239.4,0.7888103876265037,0.9272843136163876,0.8226891514750655,19.0,120.0,0.845713194577048,0.8614709110867179,18.187925356750824
S4 Light work first on B1 and B2 when the B3 to B5 queue exceeds 2 days,123,Q2 to Q4,3812,9.208333333333314,17.208333333333314,197.0793650793651,0.9021511017838404,0.912768990610502,0.8355397096269055,6.0,12.0,0.924449108079748,0.8347904733192644,17.335845643653904
S4 Light work first on B1 and B2 when the B3 to B5 queue exceeds 2 days,124,year,5233,10.208333333333314,23.208333333333314,233.59622641509435,0.8125358303076629,0.93102717776317,0.8510898373122164,16.0,96.0,0.8517103000191095,0.8818620992534036,17.95981554677207
S4 Light work first on B1 and B2 when the B3 to B5 queue exceeds 2 days,124,Q2 to Q4,3777,9.208333333333314,16.208333333333314,194.7089947089947,0.9081281440296533,0.9178985714333412,0.855336718383644,4.0,0.0,0.9229547259729944,0.8361753958587089,16.887332521315468
S4 Light work first on B1 and B2 when the B3 to B5 queue exceeds 2 days,125,year,5241,10.208333333333314,23.208333333333314,233.377358490566,0.8170196527380271,0.932066666641548,0.8454452208034056,15.0,92.0,0.860522800992177,0.8673984632272228,17.885839736553237
S4 Light work first on B1 and B2 when the B3 to B5 queue exceeds 2 days,125,Q2 to Q4,3784,9.208333333333314,17.208333333333314,194.14814814814807,0.9112050739957716,0.919249169899634,0.8496113669913242,2.0,0.0,0.9318181818181818,0.8301886792452831,16.933049300060866
S4 Light work first on B1 and B2 when the B3 to B5 queue exceeds 2 days,126,year,5234,11.208333333333314,23.208333333333343,237.93962264150943,0.8141001146350784,0.9347715528152628,0.8511294501263331,17.0,80.0,0.8479174627435996,0.8588390501319261,18.04507475813545
S4 Light work first on B1 and B2 when the B3 to B5 queue exceeds 2 days,126,Q2 to Q4,3773,9.208333333333314,17.208333333333314,201.3227513227513,0.8995494301616751,0.9231554136793207,0.8410617439994289,7.0,0.0,0.9212827988338192,0.8481979230299328,17.192119731215637
S4 Light work first on B1 and B2 when the B3 to B5 queue exceeds 2 days,127,year,5239,10.208333333333314,23.208333333333314,230.48301886792453,0.8196220652796335,0.9279319059712682,0.8433354892400771,17.0,72.0,0.8524527581599541,0.8531284302963776,17.622612513721187
S4 Light work first on B1 and B2 when the B3 to B5 queue exceeds 2 days,127,Q2 to Q4,3762,8.208333333333314,16.208333333333314,192.5555555555556,0.9098883572567784,0.9138422407254768,0.8491819998698147,6.0,0.0,0.9261031366294524,0.8186274509803921,16.52328431372549
S4 Light work first on B1 and B2 when the B3 to B5 queue exceeds 2 days,128,year,5234,10.208333333333314,22.208333333333314,224.24150943396228,0.8341612533435231,0.9249813400982976,0.8494898693428145,13.0,84.0,0.8639663737103553,0.8657142857142858,17.450989010989012
S4 Light work first on B1 and B2 when the B3 to B5 queue exceeds 2 days,128,Q2 to Q4,3741,8.208333333333314,16.208333333333314,187.36507936507937,0.9064421277733228,0.910421236589637,0.8501903044181929,2.0,0.0,0.9219460037423148,0.811652281134402,16.029901356350184
S4 Light work first on B1 and B2 when the B3 to B5 queue exceeds 2 days,129,year,5249,11.208333333333314,24.208333333333314,241.6377358490566,0.7822442369975233,0.933486492285784,0.8412973067124844,19.0,108.0,0.8395884930462946,0.8831652783866725,18.4743533537922
S4 Light work first on B1 and B2 when the B3 to B5 queue exceeds 2 days,129,Q2 to Q4,3838,9.208333333333314,17.208333333333314,197.26455026455025,0.9064616988014592,0.921202129430272,0.8512068163472978,6.0,0.0,0.93303804064617,0.8565868263473054,17.68562874251497
S5 Second shift on the robotic weld cell,100,year,5218,10.208333333333314,23.208333333333314,233.15849056603773,0.8148715983135301,0.9280216447042916,0.410894154775008,19.0,116.0,0.8516673054810272,0.854244762954796,17.695700110253583
S5 Second shift on the robotic weld cell,100,Q2 to Q4,3782,9.208333333333314,17.108333333333405,194.02116402116403,0.9090428344791116,0.9138826764959572,0.4191310768516749,7.0,20.0,0.9278159703860392,0.8236906211936662,16.74908647990256
S5 Second shift on the robotic weld cell,101,year,5238,10.208333333333314,23.208333333333314,232.0754716981132,0.8241695303550973,0.9336088608154772,0.4119608648974751,21.0,120.0,0.8638793432607865,0.8734622144112478,17.74011423550088
S5 Second shift on the robotic weld cell,101,Q2 to Q4,3802,9.208333333333314,16.208333333333314,193.4920634920635,0.9163598106259864,0.9214794290317808,0.4288209606288295,9.0,16.0,0.9345081536033668,0.8257186081694402,16.72950075642965
S5 Second shift on the robotic weld cell,102,year,5220,10.208333333333314,22.208333333333314,222.6490566037736,0.8501915708812261,0.9342534343305606,0.414948282353327,13.0,108.0,0.8703065134099617,0.8256941383869546,16.8788012340238
S5 Second shift on the robotic weld cell,102,Q2 to Q4,3756,8.208333333333314,16.208333333333314,187.35449735449737,0.9177316293929711,0.9223656281164708,0.4240641917449082,3.0,12.0,0.9315761448349308,0.7914110429447853,15.81319018404908
S5 Second shift on the robotic weld cell,103,year,5248,11.208333333333314,24.208333333333343,243.1811320754717,0.7854420731707317,0.9392472847968294,0.4186905259190905,19.0,92.0,0.8365091463414634,0.8467105263157895,18.14561403508772
S5 Second shift on the robotic weld cell,103,Q2 to Q4,3838,9.208333333333314,17.208333333333314,199.2804232804233,0.9043772798332465,0.9290817864205092,0.4350485247516141,6.0,0.0,0.924960917144346,0.8370281605751947,17.60065907729179
S5 Second shift on the robotic weld cell,104,year,5202,10.208333333333314,22.108333333333864,224.0830188679245,0.844482891195694,0.9264253410492308,0.4134806204593224,18.0,68.0,0.8621683967704729,0.8328166519043402,16.695305580159435
S5 Second shift on the robotic weld cell,104,Q2 to Q4,3736,8.208333333333314,16.208333333333314,190.3174603174604,0.913543897216274,0.9119911000867058,0.4287337293301593,9.0,0.0,0.9255888650963596,0.8134651019147622,15.66460778258184
S5 Second shift on the robotic weld cell,105,year,5200,10.208333333333314,21.208333333333314,220.3132075471698,0.8601923076923077,0.9318057604659824,0.4198118869773787,15.0,96.0,0.8736538461538461,0.8384734856889283,16.747282005768803
S5 Second shift on the robotic weld cell,105,Q2 to Q4,3726,8.208333333333314,16.208333333333314,188.8994708994709,0.9194847020933976,0.9190605250029504,0.4126003539585297,4.0,16.0,0.9286097691894794,0.8047722342733189,15.62472885032538
S5 Second shift on the robotic weld cell,106,year,5227,10.208333333333314,22.208333333333314,228.24150943396228,0.8402525349148651,0.9376132363710736,0.4093511479540301,19.0,116.0,0.8609144824947389,0.8399031050429421,17.27526976436908
S5 Second shift on the robotic weld cell,106,Q2 to Q4,3764,9.208333333333314,16.208333333333314,191.3968253968254,0.9131243358129648,0.9268410458310442,0.4139890274674629,6.0,12.0,0.926673751328374,0.820018365472911,16.382307927762472
S5 Second shift on the robotic weld cell,107,year,5239,10.208333333333314,23.208333333333314,229.34339622641508,0.8224852071005917,0.9359292491019352,0.4102600371227881,20.0,136.0,0.8574155373162817,0.8476064997804128,17.475186649099694
S5 Second shift on the robotic weld cell,107,Q2 to Q4,3779,8.208333333333314,16.208333333333314,189.87301587301587,0.9129399311987298,0.924579875811258,0.4185309487664245,9.0,0.0,0.9322572109023552,0.8247108947048083,16.46865489957395
S5 Second shift on the robotic weld cell,108,year,5195,10.208333333333314,22.208333333333314,226.65283018867925,0.8383060635226179,0.9257493598534616,0.4075625655830054,17.0,108.0,0.856400384985563,0.8369926813040586,17.074074074074073
S5 Second shift on the robotic weld cell,108,Q2 to Q4,3707,8.208333333333314,16.208333333333314,190.7089947089947,0.915295387105476,0.9108531462590176,0.4181520898234729,6.0,20.0,0.923118424602104,0.8125194643413267,15.943008408595452
S5 Second shift on the robotic weld cell,109,year,5221,10.208333333333314,21.208333333333314,222.3207547169812,0.8596054395709635,0.9297730521452524,0.4113344718538693,19.0,72.0,0.8739705037349167,0.8380343763772587,16.73843102688409
S5 Second shift on the robotic weld cell,109,Q2 to Q4,3750,8.208333333333314,16.208333333333314,190.52910052910053,0.9138666666666668,0.9164347205313904,0.4219974561203977,9.0,0.0,0.9288,0.8204734091607747,15.776821395634798
S5 Second shift on the robotic weld cell,110,year,5243,11.208333333333314,24.208333333333314,240.8490566037736,0.794392523364486,0.9412689000550216,0.4107460029997623,17.0,100.0,0.8390234598512302,0.8771929824561403,18.29298245614035
S5 Second shift on the robotic weld cell,110,Q2 to Q4,3805,9.208333333333314,17.208333333333314,198.04232804232805,0.9074901445466492,0.9318694450663144,0.4176135362331535,5.0,12.0,0.9229960578186596,0.838475499092559,17.379612825166365
S5 Second shift on the robotic weld cell,111,year,5257,10.208333333333314,21.208333333333343,218.66415094339624,0.8529579608141525,0.9274428120054724,0.4096210428196547,17.0,112.0,0.8736922198972799,0.8596760070052539,16.99452714535902
S5 Second shift on the robotic weld cell,111,Q2 to Q4,3764,8.208333333333314,15.208333333333314,183.97354497354496,0.9200318809776832,0.9131230496027296,0.419091633876211,7.0,0.0,0.9317215727948992,0.8035550107263255,15.56849524977015
S5 Second shift on the robotic weld cell,112,year,5232,11.208333333333314,23.208333333333314,234.7849056603773,0.8222477064220184,0.94218265349436,0.4031500203318244,16.0,100.0,0.8583715596330275,0.8494836299714349,17.75126345858053
S5 Second shift on the robotic weld cell,112,Q2 to Q4,3797,9.208333333333314,16.208333333333314,196.2169312169312,0.9194100605741374,0.933068900721988,0.4156739330360837,4.0,0.0,0.934948643666052,0.8307086614173228,16.995760145366443
S5 Second shift on the robotic weld cell,113,year,5215,10.208333333333371,23.208333333333314,235.1056603773585,0.8251198465963566,0.9313386569468894,0.4113559714396347,16.0,112.0,0.8605944391179291,0.8443708609271523,17.74260485651214
S5 Second shift on the robotic weld cell,113,Q2 to Q4,3778,9.208333333333314,17.208333333333314,197.25396825396825,0.9131815775542615,0.9183532200912896,0.4240244867785231,4.0,20.0,0.9317098994176812,0.827996340347667,16.951814577615128
S5 Second shift on the robotic weld cell,114,year,5223,10.208333333333314,22.208333333333314,223.0679245283019,0.8479800880719893,0.9237038046124392,0.414525006466763,22.0,104.0,0.8686578594677389,0.7674008810572687,17.01387665198238
S5 Second shift on the robotic weld cell,114,Q2 to Q4,3771,8.208333333333314,16.208333333333314,187.5079365079365,0.9156722354813048,0.9081843531821984,0.4311833824986755,11.0,20.0,0.9331742243436754,0.7226634086744044,16.046120952962738
S5 Second shift on the robotic weld cell,115,year,5256,11.208333333333314,24.208333333333314,238.6830188679245,0.7964231354642314,0.9380329802440016,0.4162812816488231,16.0,140.0,0.8470319634703196,0.8624234470691163,18.097987751531058
S5 Second shift on the robotic weld cell,115,Q2 to Q4,3800,9.208333333333314,16.208333333333314,195.8941798941799,0.9060526315789472,0.9273318285919072,0.4243072642831023,4.0,0.0,0.926842105263158,0.8273250530142381,17.12450772493184
S5 Second shift on the robotic weld cell,116,year,5189,10.208333333333314,23.208333333333314,229.03018867924527,0.8298323376373097,0.93473370405278,0.424802672082469,16.0,120.0,0.8566197725958759,0.8390753500777951,17.192487219382084
S5 Second shift on the robotic weld cell,116,Q2 to Q4,3758,8.208333333333314,16.208333333333314,190.5767195767196,0.915646620542842,0.9229496453729368,0.4164112307661845,4.0,20.0,0.9281532730175626,0.8211107701749003,16.297330469469163
S5 Second shift on the robotic weld cell,117,year,5214,10.208333333333314,22.208333333333314,229.16603773584905,0.8285385500575374,0.9329360997380528,0.4095647719918787,17.0,104.0,0.8630609896432682,0.8546177640300486,17.501767565178966
S5 Second shift on the robotic weld cell,117,Q2 to Q4,3747,8.208333333333314,16.208333333333314,190.68253968253967,0.9159327461969576,0.9205328855954246,0.4229955799290694,5.0,12.0,0.9303442754203364,0.8132307692307692,16.380615384615385
S5 Second shift on the robotic weld cell,118,year,5220,10.208333333333314,24.208333333333314,236.90943396226416,0.8080459770114943,0.9340636184445292,0.4125971367760716,21.0,164.0,0.8509578544061303,0.8577728776185226,17.93561190738699
S5 Second shift on the robotic weld cell,118,Q2 to Q4,3775,9.208333333333314,17.208333333333314,195.3068783068783,0.9173509933774836,0.9219997313552905,0.4235975984017026,9.0,20.0,0.9319205298013244,0.826418547895058,16.9679682733374
S5 Second shift on the robotic weld cell,119,year,5258,10.208333333333314,22.50833333333352,231.0188679245283,0.8284518828451883,0.9343128231971792,0.4137132266616752,18.0,96.0,0.8592620768352985,0.8428884026258205,17.53019693654267
S5 Second shift on the robotic weld cell,119,Q2 to Q4,3818,9.208333333333314,17.208333333333314,192.1746031746032,0.9109481403876376,0.922398101613581,0.4258017494579404,6.0,0.0,0.929544264012572,0.820211161387632,16.636199095022626
S5 Second shift on the robotic weld cell,120,year,5239,10.208333333333314,23.208333333333314,236.2264150943396,0.8150410383661004,0.9329375878026764,0.401371835075513,17.0,124.0,0.8518801297957626,0.857801184990125,17.865481676541584
S5 Second shift on the robotic weld cell,120,Q2 to Q4,3799,9.208333333333314,17.208333333333314,196.37566137566137,0.9162937615161884,0.9204106881657638,0.4107321444454053,4.0,8.0,0.9307712555935772,0.8326271186440678,17.062953995157386
S5 Second shift on the robotic weld cell,121,year,5249,10.208333333333314,23.208333333333314,228.96603773584903,0.8300628691179273,0.931800041546537,0.411369904325491,15.0,108.0,0.8611164031244046,0.8532311062431545,17.353997809419496
S5 Second shift on the robotic weld cell,121,Q2 to Q4,3785,9.208333333333314,16.208333333333314,190.3809523809524,0.9157199471598416,0.9189313797230962,0.4190316842018956,3.0,8.0,0.9305151915455746,0.821830343569474,16.244147157190636
S5 Second shift on the robotic weld cell,122,year,5186,10.208333333333314,22.208333333333343,230.8754716981132,0.8306980331662167,0.9275101652025948,0.4087117264826509,17.0,140.0,0.8659853451600463,0.8719715492331629,17.58590797955101
S5 Second shift on the robotic weld cell,122,Q2 to Q4,3776,9.208333333333314,17.208333333333314,194.63492063492063,0.9083686440677966,0.9131459973604,0.4214070929582463,6.0,20.0,0.9282309322033898,0.828806835520293,16.754043332316144
S5 Second shift on the robotic weld cell,123,year,5236,10.208333333333314,22.208333333333314,222.1509433962264,0.8491214667685256,0.9276262727407384,0.404861353222264,14.0,96.0,0.8687929717341482,0.8395251703671136,16.973840404484502
S5 Second shift on the robotic weld cell,123,Q2 to Q4,3752,8.208333333333314,16.208333333333314,187.3809523809524,0.9192430703624732,0.9137691250161906,0.4138040887740582,3.0,12.0,0.9331023454157784,0.8159754224270354,15.89400921658986
S5 Second shift on the robotic weld cell,124,year,5206,10.208333333333314,22.208333333333314,224.17735849056604,0.8286592393392239,0.9266306068175016,0.4200000909683359,19.0,132.0,0.8547829427583558,0.8425823568428035,17.107229714791067
S5 Second shift on the robotic weld cell,124,Q2 to Q4,3752,8.208333333333314,16.208333333333314,184.93650793650792,0.9184434968017058,0.9118924172660752,0.4224096675056105,7.0,8.0,0.9283049040511728,0.816671793294371,16.013226699477084
S5 Second shift on the robotic weld cell,125,year,5257,10.208333333333314,24.208333333333314,236.9433962264151,0.8033098725508845,0.934421837028389,0.4110790483323426,18.0,116.0,0.8457295035191174,0.8480209927837306,17.893286682702822
S5 Second shift on the robotic weld cell,125,Q2 to Q4,3789,9.208333333333314,17.208333333333314,193.7089947089947,0.9152810768012668,0.9224823443369528,0.4235150922554301,5.0,12.0,0.9326999208234362,0.826601882781658,16.921955663528696
S5 Second shift on the robotic weld cell,126,year,5213,9.208333333333314,20.208333333333343,214.40754716981127,0.8753117206982544,0.9295957765400203,0.4112433792755902,11.0,56.0,0.8804910799923269,0.8211525723117686,16.192316184588208
S5 Second shift on the robotic weld cell,126,Q2 to Q4,3727,8.208333333333314,16.208333333333314,185.52910052910053,0.9205795546015562,0.9164968723277324,0.4180073689099072,1.0,0.0,0.9291655486986852,0.7902876585214971,15.072687905969689
S5 Second shift on the robotic weld cell,127,year,5224,10.208333333333314,22.208333333333314,228.9132075471698,0.8325038284839203,0.9350883461615452,0.409976384164483,15.0,108.0,0.8625574272588055,0.8700440528634361,17.446035242290748
S5 Second shift on the robotic weld cell,127,Q2 to Q4,3793,9.208333333333314,16.208333333333314,192.1746031746032,0.911415765884524,0.9233936887685816,0.4229124989131937,3.0,4.0,0.9272343791194304,0.8249772105742935,16.513217866909756
S5 Second shift on the robotic weld cell,128,year,5241,10.208333333333314,23.208333333333314,235.9056603773585,0.8120587674107995,0.9337811749079492,0.4030358316806429,15.0,104.0,0.8521274565922534,0.838964458095656,17.79157525230364
S5 Second shift on the robotic weld cell,128,Q2 to Q4,3806,9.208333333333314,17.208333333333314,194.02645502645504,0.9127693116132424,0.9216242192595788,0.4094602941215204,3.0,4.0,0.9356279558591696,0.8245243128964059,17.07127755964965
S5 Second shift on the robotic weld cell,129,year,5239,11.208333333333314,22.208333333333343,233.9962264150944,0.8385188012979576,0.9289955077660544,0.407777911787419,16.0,96.0,0.8621874403512121,0.8633567662565905,17.711994727592266
S5 Second shift on the robotic weld cell,129,Q2 to Q4,3771,9.208333333333314,17.208333333333314,200.40740740740745,0.9090426942455582,0.9153094125395576,0.4134562043563196,6.0,12.0,0.9273402280562184,0.8493736633058356,16.874427131072412
S6 Third weekly color day for black,100,year,5215,10.208333333333314,21.208333333333343,220.7622641509434,0.8467881112176414,0.9218255038855574,0.8381900001872586,20.0,68.0,0.8665388302972196,0.8272968197879859,16.698321554770317
S6 Third weekly color day for black,100,Q2 to Q4,3753,8.208333333333314,16.208333333333314,187.52380952380952,0.9067412736477484,0.9055998047975724,0.8427776768831737,8.0,4.0,0.9219291233679724,0.7827956989247312,15.591397849462366
S6 Third weekly color day for black,101,year,5219,11.208333333333314,24.208333333333314,240.42641509433963,0.7957463115539375,0.9323799213184852,0.8469778534122077,19.0,108.0,0.8532285878520789,0.882767739092111,18.38761568973116
S6 Third weekly color day for black,101,Q2 to Q4,3808,9.208333333333314,18.208333333333314,198.7513227513228,0.9028361344537816,0.9197387449236432,0.8724836156185417,6.0,12.0,0.9248949579831932,0.8390804597701149,17.52994555353902
S6 Third weekly color day for black,102,year,5217,10.208333333333314,22.208333333333343,230.41132075471697,0.8326624496837263,0.9298907183955072,0.848082330808092,17.0,92.0,0.863139735480161,0.8753859726510808,17.413983237759155
S6 Third weekly color day for black,102,Q2 to Q4,3774,8.208333333333314,17.208333333333314,195.15873015873007,0.9001059883412824,0.9165045688055964,0.8645255826905948,7.0,0.0,0.9181240063593004,0.8519536019536019,16.58089133089133
S6 Third weekly color day for black,103,year,5200,11.208333333333314,22.208333333333343,234.4490566037736,0.8290384615384615,0.9256711293149528,0.8453444840073927,16.0,120.0,0.8580769230769231,0.8838137472283814,17.71241685144124
S6 Third weekly color day for black,103,Q2 to Q4,3768,9.208333333333314,17.208333333333314,201.0899470899471,0.8967622080679406,0.9105693837612584,0.8716654786910948,4.0,8.0,0.9158704883227176,0.8694852941176471,17.11948529411765
S6 Third weekly color day for black,104,year,5225,11.208333333333314,22.208333333333343,234.67924528301887,0.8288995215311005,0.9380910579288156,0.8380204702001659,17.0,116.0,0.8585645933014354,0.8847001763668431,17.749118165784832
S6 Third weekly color day for black,104,Q2 to Q4,3791,9.208333333333314,17.208333333333314,199.7724867724868,0.8989712476919018,0.9275386287227084,0.8488868778307161,5.0,20.0,0.9206014244262728,0.8659981768459435,16.998176845943483
S6 Third weekly color day for black,105,year,5224,10.208333333333314,23.208333333333314,230.46037735849052,0.8198698315467075,0.9302165023972732,0.8476348757056856,21.0,116.0,0.8506891271056661,0.8462046204620463,17.63894389438944
S6 Third weekly color day for black,105,Q2 to Q4,3758,9.208333333333314,16.208333333333314,192.6031746031746,0.9063331559340074,0.9168205623443572,0.8480339281198055,9.0,0.0,0.9238956891963812,0.8179031269160024,16.636725935009196
S6 Third weekly color day for black,106,year,5236,11.208333333333314,24.208333333333314,240.822641509434,0.7975553857906799,0.9289919776511372,0.8524004351752715,17.0,124.0,0.8460656990068754,0.8760711931443639,18.38079542957592
S6 Third weekly color day for black,106,Q2 to Q4,3791,9.208333333333314,17.208333333333314,199.005291005291,0.9097863360590872,0.9151440770656336,0.8757080460289522,5.0,20.0,0.9258770772883144,0.8286755771567437,17.37089914945322
S6 Third weekly color day for black,107,year,5237,11.208333333333314,22.208333333333343,233.7849056603773,0.8239450066832156,0.9261589818367348,0.8506487664661416,21.0,96.0,0.8577429826236395,0.8705778949681389,17.80421885299934
S6 Third weekly color day for black,107,Q2 to Q4,3783,9.208333333333314,17.208333333333314,198.03703703703704,0.9029870473169442,0.9113142005227968,0.8488414230182861,8.0,4.0,0.9246629659000792,0.8352618757612668,16.837697929354444
S6 Third weekly color day for black,108,year,5211,10.208333333333314,22.208333333333343,230.6377358490566,0.8341968911917098,0.9368911504120596,0.850117932161642,18.0,144.0,0.8593360199577816,0.8387096774193549,17.394829871851524
S6 Third weekly color day for black,108,Q2 to Q4,3773,9.208333333333314,17.208333333333314,194.010582010582,0.9141266896368936,0.9258429037813596,0.8473081332903807,6.0,16.0,0.9273787437052744,0.8213740458015267,16.562442748091602
S6 Third weekly color day for black,109,year,5236,10.208333333333314,22.208333333333314,228.8981132075472,0.8357524828113063,0.9306909811455338,0.8739733251758475,17.0,136.0,0.8630634071810542,0.8397097625329816,17.29551451187335
S6 Third weekly color day for black,109,Q2 to Q4,3787,9.208333333333314,17.208333333333314,192.3174603174604,0.9110113546342752,0.917406271364596,0.8679213060207395,6.0,0.0,0.9268550303670452,0.8212765957446808,16.432218844984803
S6 Third weekly color day for black,110,year,5242,10.208333333333314,24.208333333333314,236.9735849056604,0.801983975581839,0.9343626515699032,0.8262964195085596,18.0,124.0,0.8401373521556658,0.8449221320465015,18.028295678876948
S6 Third weekly color day for black,110,Q2 to Q4,3769,9.208333333333314,17.208333333333314,194.43386243386243,0.9028920137967632,0.9224090401289144,0.8411010991780389,5.0,20.0,0.9193420005306449,0.8264589062022609,17.096853040024442
S6 Third weekly color day for black,111,year,5200,10.208333333333314,22.208333333333314,227.44150943396227,0.8444230769230769,0.924899681933302,0.854146881049587,18.0,96.0,0.8632692307692308,0.8363233665559247,17.093023255813954
S6 Third weekly color day for black,111,Q2 to Q4,3713,9.208333333333314,17.208333333333314,195.7724867724868,0.9022353891731754,0.911786887926695,0.8382397789229981,7.0,12.0,0.9167788849986532,0.8085172520982281,16.071806030463165
S6 Third weekly color day for black,112,year,5206,10.208333333333314,22.208333333333314,229.0075471698113,0.8421052631578947,0.928954122293769,0.8415303394479702,15.0,96.0,0.8605455243949289,0.8365002209456474,17.26955368979231
S6 Third weekly color day for black,112,Q2 to Q4,3725,9.208333333333314,17.208333333333314,197.83068783068785,0.9009395973154364,0.9153160082379364,0.8398762483522171,6.0,16.0,0.9148993288590604,0.8107021342406434,16.244973708629754
S6 Third weekly color day for black,113,year,5217,10.208333333333314,23.208333333333314,233.05283018867925,0.8230783975464826,0.9287688248633276,0.8427435299314429,18.0,92.0,0.8568142610695803,0.8806003089825646,17.80291326418009
S6 Third weekly color day for black,113,Q2 to Q4,3768,9.208333333333314,17.208333333333314,195.58201058201053,0.9041932059447984,0.9149994392093646,0.86509467974631,7.0,16.0,0.9164012738853504,0.8345565749235474,16.609480122324157
S6 Third weekly color day for black,114,year,5196,10.208333333333314,22.208333333333343,233.9547169811321,0.8264049268668207,0.9356468282032476,0.8629270984349728,16.0,120.0,0.8622016936104696,0.8775238517861105,17.687375194142444
S6 Third weekly color day for black,114,Q2 to Q4,3779,9.208333333333314,17.208333333333314,199.7037037037037,0.901296639322572,0.9241786198426076,0.8651227537914026,4.0,16.0,0.9240539825350622,0.8318611026500152,16.86780383795309
S6 Third weekly color day for black,115,year,5231,11.208333333333314,24.208333333333314,240.2754716981132,0.8074937870388071,0.9336365523142794,0.8771624982792119,20.0,100.0,0.8464920665264768,0.8506707719375413,18.16098526500989
S6 Third weekly color day for black,115,Q2 to Q4,3793,9.208333333333314,17.208333333333314,198.3439153439153,0.9087793303453732,0.9214559337692112,0.8627145002148328,7.0,4.0,0.9303981017664118,0.8409711684370258,17.386342943854324
S6 Third weekly color day for black,116,year,5212,10.208333333333314,22.208333333333314,228.21132075471692,0.8405602455871066,0.9276292120705454,0.8513804377877746,16.0,64.0,0.8628165771297007,0.8577424342831897,17.402694941462336
S6 Third weekly color day for black,116,Q2 to Q4,3761,8.208333333333314,16.208333333333314,193.08465608465607,0.91225737835682,0.9135699921218084,0.8414825112099958,6.0,16.0,0.925551714969423,0.8270999386879215,16.369405272838748
S6 Third weekly color day for black,117,year,5196,10.208333333333314,22.208333333333314,229.7698113207547,0.8391070053887606,0.9264950643534718,0.8404772723903361,19.0,128.0,0.8596997690531177,0.846699158174568,17.364864864864863
S6 Third weekly color day for black,117,Q2 to Q4,3739,9.208333333333314,17.208333333333314,196.12698412698413,0.9090665953463491,0.9119371036392976,0.843058394526321,7.0,12.0,0.9216368012837656,0.8189947579401788,16.408572309589886
S6 Third weekly color day for black,118,year,5243,11.208333333333314,23.208333333333314,236.46037735849052,0.8247186725157353,0.9335485452301532,0.8558405881935242,15.0,96.0,0.8624833110814419,0.8543817263342851,17.9573907313859
S6 Third weekly color day for black,118,Q2 to Q4,3816,9.208333333333314,17.208333333333314,197.91534391534395,0.9135220125786164,0.9213141761855812,0.8552921796692473,3.0,0.0,0.9344863731656184,0.8344390832328106,17.231001206272616
S6 Third weekly color day for black,119,year,5220,10.208333333333314,22.208333333333314,223.2264150943396,0.8494252873563218,0.9265677197276716,0.8490349736104433,14.0,84.0,0.8691570881226054,0.8315696649029982,16.916446208112873
S6 Third weekly color day for black,119,Q2 to Q4,3740,8.208333333333314,16.208333333333314,188.96296296296296,0.9149732620320856,0.9141004176829884,0.8409954847174773,4.0,0.0,0.9296791443850267,0.809376927822332,15.903763109191855
S6 Third weekly color day for black,120,year,5206,10.208333333333314,22.208333333333343,232.3962264150944,0.8338455628121398,0.9334697407496988,0.8328659640641948,17.0,108.0,0.8676527084133692,0.875082909573292,17.809197435330532
S6 Third weekly color day for black,120,Q2 to Q4,3757,9.208333333333314,17.208333333333314,197.2275132275132,0.9071067340963536,0.921248028620314,0.8363084273722795,5.0,12.0,0.9265371306893798,0.8266871165644172,16.799693251533743
S6 Third weekly color day for black,121,year,5230,10.208333333333314,23.208333333333314,230.60377358490567,0.8286806883365201,0.930614051806939,0.8518250292482825,17.0,108.0,0.8554493307839388,0.8472038749449582,17.42712461470718
S6 Third weekly color day for black,121,Q2 to Q4,3734,8.208333333333314,16.208333333333314,191.7037037037037,0.9121585431173004,0.9174561874253084,0.8527401318557841,6.0,20.0,0.92635243706481,0.8184910327767471,16.305194805194805
S6 Third weekly color day for black,122,year,5199,10.208333333333314,22.208333333333343,228.57735849056604,0.8340065397191767,0.9367119860075224,0.8485757868588272,15.0,84.0,0.8613194845162532,0.8677154885885221,17.4083758032351
S6 Third weekly color day for black,122,Q2 to Q4,3739,8.208333333333314,16.208333333333314,193.2169312169312,0.910671302487296,0.9262494771706852,0.860891636857722,4.0,12.0,0.9280556298475529,0.8528232027152114,16.375809935205183
S6 Third weekly color day for black,123,year,5210,11.208333333333314,24.208333333333314,240.9547169811321,0.7982725527831094,0.9362522190592678,0.8425945179915322,17.0,116.0,0.8466410748560461,0.8533834586466166,18.123396727111896
S6 Third weekly color day for black,123,Q2 to Q4,3783,9.208333333333314,18.208333333333314,201.5449735449736,0.8979645783769495,0.9249609207576714,0.8496215599623312,4.0,12.0,0.9228125826063972,0.8360705596107056,17.452250608272507
S6 Third weekly color day for black,124,year,5234,11.208333333333314,24.208333333333314,246.5471698113208,0.7883072220099351,0.9391654908818672,0.8592839896525366,16.0,124.0,0.842376767290791,0.8956043956043956,18.625714285714285
S6 Third weekly color day for black,124,Q2 to Q4,3829,9.208333333333314,18.208333333333314,205.6031746031746,0.9007573779054584,0.9288639327124204,0.8542882496246686,3.0,0.0,0.9307913293288064,0.8588588588588588,18.043243243243243
S6 Third weekly color day for black,125,year,5246,10.208333333333314,23.208333333333314,229.011320754717,0.8299656881433473,0.9330409387844432,0.8391335980962117,14.0,96.0,0.8553183377811666,0.8634370889960543,17.55326611135467
S6 Third weekly color day for black,125,Q2 to Q4,3733,8.208333333333314,16.208333333333314,191.65608465608463,0.9113313688722208,0.9206939604107076,0.8389624510992236,3.0,8.0,0.9231181355478169,0.8475308641975309,16.34104938271605
S6 Third weekly color day for black,126,year,5228,10.208333333333314,22.208333333333343,230.3056603773585,0.8316755929609794,0.922643174706418,0.8384245703614446,14.0,104.0,0.8580719204284621,0.8478308742567716,17.400572561109886
S6 Third weekly color day for black,126,Q2 to Q4,3767,9.208333333333314,17.208333333333314,193.35978835978835,0.9092115741969736,0.9065362515744264,0.8458670924401025,3.0,8.0,0.9280594637642686,0.8290519877675842,16.516207951070335
S6 Third weekly color day for black,127,year,5232,10.208333333333314,22.208333333333314,226.7735849056604,0.8520642201834863,0.9339832806551888,0.845637736119446,15.0,84.0,0.8706039755351682,0.8401495162708883,17.30211081794195
S6 Third weekly color day for black,127,Q2 to Q4,3780,9.208333333333314,16.208333333333314,191.63492063492063,0.9208994708994708,0.9220475798277912,0.849816351326454,5.0,0.0,0.934126984126984,0.8124238733252132,16.426004872107185
S6 Third weekly color day for black,128,year,5248,10.208333333333314,23.208333333333314,234.88679245283012,0.8060213414634146,0.9265272343666486,0.851466683849814,19.0,132.0,0.8530868902439024,0.8682884067499452,18.041200964277888
S6 Third weekly color day for black,128,Q2 to Q4,3793,9.208333333333314,17.208333333333314,193.8148148148148,0.9129976272080148,0.911717820627178,0.849279531965275,7.0,0.0,0.933298180859478,0.8372799028536734,17.036733454766242
S6 Third weekly color day for black,129,year,5195,10.208333333333314,22.208333333333314,227.6943396226415,0.8406159769008662,0.924042896057052,0.8459928081329066,15.0,92.0,0.8596727622714149,0.8352549889135255,17.152549889135255
S6 Third weekly color day for black,129,Q2 to Q4,3738,8.208333333333343,17.208333333333314,195.1640211640212,0.8994114499732477,0.9086416377986049,0.8703166167340837,5.0,24.0,0.9165329052969502,0.8151234567901234,16.268827160493828
"S7 Planned Saturday brake shift, November to February",100,year,5207,10.208333333333314,22.208333333333314,223.11698113207547,0.8411753408872671,0.9228217567320496,0.8618671261353246,21.0,68.0,0.8598041098521222,0.8777089783281734,16.998009730207873
"S7 Planned Saturday brake shift, November to February",100,Q2 to Q4,3734,8.208333333333314,16.208333333333314,191.978835978836,0.8955543652919121,0.9071099271399496,0.8563287720673869,11.0,8.0,0.9089448312801286,0.8293736501079914,15.845109534094416
"S7 Planned Saturday brake shift, November to February",101,year,5242,10.208333333333314,21.208333333333343,223.67924528301887,0.8508202975963373,0.924633349638168,0.8635284917976712,22.0,68.0,0.867607783288821,0.8268977621763931,17.08205353225099
"S7 Planned Saturday brake shift, November to February",101,Q2 to Q4,3784,8.208333333333343,16.208333333333314,190.2275132275132,0.910676532769556,0.90947261846975,0.8527436317075917,11.0,0.0,0.925739957716702,0.8048112058465287,16.22289890377588
"S7 Planned Saturday brake shift, November to February",102,year,5219,10.208333333333314,22.208333333333314,227.3924528301887,0.8308105000958038,0.9302917850420964,0.840377104938356,22.0,128.0,0.8568691320176279,0.8704194260485651,17.251434878587197
"S7 Planned Saturday brake shift, November to February",102,Q2 to Q4,3749,8.208333333333314,16.208333333333314,191.22222222222223,0.9087756735129368,0.9169512869014208,0.8222927106885157,10.0,12.0,0.9197119231795146,0.8193846153846154,16.08646153846154
"S7 Planned Saturday brake shift, November to February",103,year,5240,10.208333333333314,21.208333333333343,225.2830188679245,0.8452290076335878,0.93135803843868,0.867035241089434,20.0,64.0,0.8687022900763359,0.8371786420566908,17.102614809931882
"S7 Planned Saturday brake shift, November to February",103,Q2 to Q4,3794,9.208333333333314,16.208333333333314,193.2063492063492,0.9088033737480232,0.9186184042686252,0.8599719658424153,10.0,0.0,0.9304164470216132,0.8176577669902912,16.256674757281555
"S7 Planned Saturday brake shift, November to February",104,year,5227,11.208333333333314,23.208333333333314,234.3735849056604,0.8211211019705376,0.9380960917942512,0.8770608265557515,19.0,76.0,0.8588100248708628,0.8706270627062707,17.991859185918592
"S7 Planned Saturday brake shift, November to February",104,Q2 to Q4,3790,9.208333333333314,17.208333333333314,197.3015873015873,0.9052770448548813,0.9275997420602544,0.8730407417820011,7.0,0.0,0.9240105540897098,0.821710127349909,17.05518496058217
"S7 Planned Saturday brake shift, November to February",105,year,5217,10.208333333333314,22.208333333333314,229.6075471698113,0.8294038719570634,0.9363597192727516,0.8660558182639586,19.0,92.0,0.8591144335825187,0.8921719955898567,17.52436604189636
"S7 Planned Saturday brake shift, November to February",105,Q2 to Q4,3730,9.208333333333314,16.208333333333314,195.3968253968254,0.900804289544236,0.9252556921201708,0.8697091126494638,8.0,0.0,0.9206434316353888,0.8489808523780111,16.42186534898085
"S7 Planned Saturday brake shift, November to February",106,year,5218,10.208333333333314,21.20833333333332,221.7245283018868,0.8562667688769644,0.9315221309895346,0.8439549365865583,18.0,76.0,0.8727481793790725,0.8348056537102474,16.839443462897528
"S7 Planned Saturday brake shift, November to February",106,Q2 to Q4,3766,8.208333333333314,16.208333333333314,189.8095238095238,0.9105151354221986,0.9187768632716174,0.8494277103156737,8.0,0.0,0.9259160913436006,0.8157894736842105,15.847919216646266
"S7 Planned Saturday brake shift, November to February",107,year,5222,10.208333333333314,21.208333333333314,221.84528301886792,0.8563768671007277,0.9301576432320174,0.8463956628876356,19.0,44.0,0.8743776330907698,0.8476295479603088,16.94928335170893
"S7 Planned Saturday brake shift, November to February",107,Q2 to Q4,3755,8.208333333333371,16.208333333333314,192.66666666666663,0.9030625832223702,0.9171234519566548,0.8403430069394106,8.0,0.0,0.9230359520639148,0.8105036855036855,15.896805896805898
"S7 Planned Saturday brake shift, November to February",108,year,5245,11.208333333333314,24.208333333333314,239.24150943396228,0.8026692087702574,0.9293502758852636,0.8513851006948486,23.0,108.0,0.848236415633937,0.8785620341955283,18.23761508110477
"S7 Planned Saturday brake shift, November to February",108,Q2 to Q4,3828,9.208333333333314,18.208333333333314,201.994708994709,0.8952455590386625,0.9156360939461692,0.8587915097605241,10.0,0.0,0.9187565308254964,0.8769507803121248,17.789015606242497
"S7 Planned Saturday brake shift, November to February",109,year,5255,10.208333333333314,21.208333333333314,219.0754716981132,0.8542340627973358,0.937107861189489,0.8434976502665295,20.0,68.0,0.871360608943863,0.8451598773543583,16.802890932982915
"S7 Planned Saturday brake shift, November to February",109,Q2 to Q4,3802,8.208333333333314,16.208333333333314,185.11111111111111,0.9153077327722252,0.9263395519565608,0.8473238665425472,9.0,0.0,0.9289847448711204,0.8178787878787879,15.89939393939394
"S7 Planned Saturday brake shift, November to February",110,year,5271,10.208333333333314,21.208333333333343,220.11320754716985,0.8457598178713717,0.9229841927420438,0.8547263087765147,19.0,84.0,0.863782963384557,0.8259162303664922,16.82177137870855
"S7 Planned Saturday brake shift, November to February",110,Q2 to Q4,3775,8.208333333333314,16.208333333333314,186.7301587301588,0.9064900662251656,0.9093400285210088,0.860646950363713,9.0,0.0,0.9237086092715232,0.8032936870997255,15.789874961878622
"S7 Planned Saturday brake shift, November to February",111,year,5240,10.208333333333314,22.208333333333314,222.045283018868,0.8448473282442748,0.9331654719237992,0.8463503935389147,22.0,92.0,0.8702290076335878,0.8602150537634409,17.091507570770244
"S7 Planned Saturday brake shift, November to February",111,Q2 to Q4,3777,8.208333333333314,16.208333333333314,189.22222222222223,0.9097167063807254,0.9209645786555652,0.8566902922398514,11.0,0.0,0.927455652634366,0.817904993909866,16.098355663824606
"S7 Planned Saturday brake shift, November to February",112,year,5208,10.208333333333345,22.208333333333314,233.6981132075472,0.8335253456221198,0.9288674449789328,0.8476368793093768,25.0,148.0,0.8627112135176651,0.8514260446606234,17.636745522883043
"S7 Planned Saturday brake shift, November to February",112,Q2 to Q4,3776,9.208333333333314,17.208333333333314,199.45502645502648,0.9070444915254238,0.9150547791837204,0.8471292976484186,13.0,24.0,0.925582627118644,0.8232784887263863,16.891834247410117
"S7 Planned Saturday brake shift, November to February",113,year,5235,10.208333333333314,23.208333333333314,236.13584905660372,0.8036294173829991,0.9324715771893108,0.8459602199389881,21.0,100.0,0.8494746895893027,0.8486047022632388,17.802900461437048
"S7 Planned Saturday brake shift, November to February",113,Q2 to Q4,3792,9.208333333333314,17.208333333333314,196.42328042328043,0.9077004219409284,0.9198719848878892,0.8452530370168537,8.0,0.0,0.9285337552742616,0.824726609963548,17.037363304981774
"S7 Planned Saturday brake shift, November to February",114,year,5247,10.208333333333314,24.208333333333314,237.377358490566,0.7951210215361159,0.936815486052558,0.863007521647518,20.0,116.0,0.8402896893462931,0.8512595837897042,18.026286966046
"S7 Planned Saturday brake shift, November to February",114,Q2 to Q4,3764,9.208333333333314,17.208333333333314,196.7936507936508,0.9024973432518596,0.9257812530333802,0.8578689297779766,8.0,0.0,0.9216259298618492,0.8290519877675842,16.99724770642202
"S7 Planned Saturday brake shift, November to February",115,year,5263,10.208333333333314,23.208333333333343,236.9433962264151,0.7963138894166825,0.9274060390568016,0.8528639248084408,21.0,116.0,0.8428652859585788,0.8572052401746725,17.916812227074235
"S7 Planned Saturday brake shift, November to February",115,Q2 to Q4,3843,9.208333333333314,17.208333333333314,194.9100529100529,0.9052823315118396,0.9129985577055092,0.8690095326197171,9.0,0.0,0.9247983346344002,0.8337817638266068,17.10911808669656
"S7 Planned Saturday brake shift, November to February",116,year,5225,10.208333333333314,21.208333333333314,220.67924528301887,0.8593301435406698,0.9378664440080824,0.8318487356672122,20.0,72.0,0.8755980861244019,0.8550979960361154,16.90178374807311
"S7 Planned Saturday brake shift, November to February",116,Q2 to Q4,3768,9.208333333333314,16.208333333333314,192.2910052910053,0.9057855626326964,0.927455590415854,0.8386988517167571,11.0,0.0,0.9190552016985138,0.8067278287461773,15.789908256880734
"S7 Planned Saturday brake shift, November to February",117,year,5203,10.208333333333314,21.208333333333343,226.988679245283,0.8416298289448395,0.9298917236623506,0.8447243586177637,23.0,80.0,0.8656544301364597,0.8448428508189464,17.14696768481629
"S7 Planned Saturday brake shift, November to February",117,Q2 to Q4,3745,9.208333333333314,16.208333333333314,197.05291005291005,0.8977303070761015,0.916637001884706,0.855228771190771,13.0,0.0,0.9190921228304406,0.8263012011087157,16.30520480443486
"S7 Planned Saturday brake shift, November to February",118,year,5247,10.208333333333314,22.208333333333314,224.4566037735849,0.8469601677148847,0.9326913770289552,0.8478018272706548,19.0,80.0,0.8684962835906233,0.8622124863088718,17.29288061336254
"S7 Planned Saturday brake shift, November to February",118,Q2 to Q4,3775,8.208333333333314,16.208333333333314,191.5449735449736,0.9080794701986756,0.9203654840948762,0.8576502134138799,9.0,0.0,0.9242384105960264,0.8191521805428484,16.237572430619093
"S7 Planned Saturday brake shift, November to February",119,year,5237,10.208333333333314,21.208333333333314,215.5245283018868,0.8585067786900897,0.9301555235208012,0.8637616867994677,18.0,28.0,0.8655718923047546,0.8335532102022867,16.251539138082673
"S7 Planned Saturday brake shift, November to February",119,Q2 to Q4,3746,8.208333333333314,16.208333333333314,189.35978835978835,0.894554191137213,0.9182696362393584,0.8571580381269989,8.0,0.0,0.907901761879338,0.8099199014171288,15.178681454097353
"S7 Planned Saturday brake shift, November to February",120,year,5258,10.208333333333314,23.208333333333314,234.17735849056604,0.8132369722327881,0.9297911759521836,0.839747428190904,20.0,128.0,0.8507036896158235,0.8702206685601923,17.963731701988202
"S7 Planned Saturday brake shift, November to February",120,Q2 to Q4,3790,9.208333333333314,17.208333333333314,197.0,0.8992084432717679,0.9162535793704092,0.8484379166719399,9.0,0.0,0.921108179419525,0.8229229836264402,16.938144329896907
"S7 Planned Saturday brake shift, November to February",121,year,5239,10.208333333333314,22.208333333333343,228.1735849056604,0.8161862950944837,0.9277480148058598,0.8483413117117258,19.0,96.0,0.8514983775529681,0.8531606672519754,17.402985074626866
"S7 Planned Saturday brake shift, November to February",121,Q2 to Q4,3798,8.208333333333314,16.208333333333314,189.5343915343916,0.9010005265929436,0.913489226970848,0.8415391064128426,7.0,0.0,0.9196945760926803,0.823226197695573,16.460885385081866
"S7 Planned Saturday brake shift, November to February",122,year,5228,10.208333333333314,22.208333333333314,224.7094339622641,0.8530986993114001,0.9311444055876028,0.8280681821167342,24.0,76.0,0.8794950267788829,0.8474240422721269,17.182959048877148
"S7 Planned Saturday brake shift, November to February",122,Q2 to Q4,3779,9.208333333333314,16.208333333333314,192.4021164021164,0.9068536649907384,0.9182990481299168,0.8484414292225964,13.0,0.0,0.9325218311722678,0.82322462663822,16.258153002133497
"S7 Planned Saturday brake shift, November to February",123,year,5240,10.208333333333314,23.208333333333314,232.1509433962264,0.825,0.9354787446788676,0.8443934973263895,20.0,96.0,0.8580152671755725,0.8508347978910369,17.77328646748682
"S7 Planned Saturday brake shift, November to February",123,Q2 to Q4,3779,9.208333333333314,16.208333333333314,193.7513227513228,0.9129399311987298,0.9240640934397611,0.8456474294867891,9.0,0.0,0.9322572109023552,0.8238341968911918,16.806156659555015
"S7 Planned Saturday brake shift, November to February",124,year,5206,10.208333333333314,21.208333333333314,216.8377358490566,0.8607376104494814,0.9191213658267648,0.8279490075088346,22.0,68.0,0.8736073761044948,0.8342553662314671,16.555875193626907
"S7 Planned Saturday brake shift, November to February",124,Q2 to Q4,3737,8.208333333333314,16.208333333333314,188.83068783068785,0.9036660422799035,0.904113643520028,0.8377336731950423,12.0,0.0,0.918116135937918,0.8003086419753086,15.432407407407409
"S7 Planned Saturday brake shift, November to February",125,year,5227,10.208333333333314,22.208333333333314,228.03773584905665,0.8222689879471973,0.9307922707999012,0.8369351133335393,22.0,100.0,0.8557489955997705,0.8601937472479084,17.341039189784237
"S7 Planned Saturday brake shift, November to February",125,Q2 to Q4,3772,8.208333333333314,16.208333333333314,191.7619047619048,0.8981972428419936,0.9176639932708066,0.8407001104996022,10.0,0.0,0.9167550371155886,0.8170433720219914,16.262981062919977
"S7 Planned Saturday brake shift, November to February",126,year,5217,10.208333333333314,22.208333333333314,223.2377358490566,0.8407130534790109,0.9236788874581764,0.826978987640954,20.0,88.0,0.8617979681809469,0.8346560846560847,17.015873015873016
"S7 Planned Saturday brake shift, November to February",126,Q2 to Q4,3768,8.208333333333314,16.208333333333314,187.64021164021165,0.9121549893842889,0.9080760350754528,0.8321377977245333,9.0,0.0,0.9254246284501062,0.816875573219199,16.05288902476307
"S7 Planned Saturday brake shift, November to February",127,year,5226,10.208333333333314,22.208333333333314,223.77735849056603,0.8396479142747799,0.9334721825969852,0.8449790789233963,19.0,72.0,0.866054343666284,0.8663290024223739,17.221537106364238
"S7 Planned Saturday brake shift, November to February",127,Q2 to Q4,3766,8.208333333333343,16.208333333333314,192.24338624338623,0.8983005841741901,0.921443906855922,0.8417717549075722,9.0,0.0,0.9206054168879448,0.8270055113288426,16.224433557868952
"S7 Planned Saturday brake shift, November to February",128,year,5233,10.208333333333314,22.208333333333343,232.38490566037737,0.8316453277278808,0.9393375411794788,0.8419949309396075,23.0,108.0,0.8645136632906555,0.8696130167106421,17.69415127528584
"S7 Planned Saturday brake shift, November to February",128,Q2 to Q4,3825,9.208333333333314,17.208333333333314,197.3386243386244,0.90718954248366,0.9292659589655186,0.8452494746867868,11.0,0.0,0.9281045751633988,0.825616355983163,16.845460012026457
"S7 Planned Saturday brake shift, November to February",129,year,5204,10.208333333333314,22.208333333333314,227.61132075471696,0.8374327440430438,0.9186240603424144,0.8424939298482182,21.0,120.0,0.8587624903920061,0.8337392074385654,17.22005756032765
"S7 Planned Saturday brake shift, November to February",129,Q2 to Q4,3748,9.208333333333314,16.208333333333314,193.7936507936508,0.906350053361793,0.9012977161216796,0.8537306867871032,9.0,16.0,0.9191568836712912,0.8111350353737311,16.335589049523225
S8 Setup reduction from P4,100,year,5228,9.208333333333314,20.208333333333343,209.4528301886793,0.8662968630451415,0.902772674882413,0.8652652655148978,9.0,52.0,0.8718439173680184,0.8044532627865961,15.909391534391537
S8 Setup reduction from P4,100,Q2 to Q4,3714,8.208333333333314,16.208333333333314,185.22222222222223,0.901453957996769,0.8872288525308598,0.8610909720700595,4.0,0.0,0.9114162627894452,0.761667703795893,14.625077784691973
S8 Setup reduction from P4,101,year,5242,10.208333333333314,20.208333333333343,212.41132075471697,0.8708508202975963,0.9055768136597708,0.8588466562572485,11.0,52.0,0.8758107592521939,0.8177026136613222,16.077531298045244
S8 Setup reduction from P4,101,Q2 to Q4,3736,8.208333333333314,16.208333333333314,185.64021164021165,0.9108672376873662,0.8877873647246821,0.8617422796712932,4.0,0.0,0.9205032119914348,0.7908557306147668,14.905776953969726
S8 Setup reduction from P4,102,year,5226,10.208333333333314,21.208333333333343,221.8943396226415,0.8406046689628779,0.9099337998726568,0.8489748951989078,12.0,52.0,0.858017604286261,0.839022241796961,16.800264258973794
S8 Setup reduction from P4,102,Q2 to Q4,3732,8.208333333333314,16.208333333333314,188.02645502645504,0.9043408360128616,0.8915474940903555,0.848854699343902,3.0,0.0,0.9158628081457664,0.8090965346534653,15.50309405940594
S8 Setup reduction from P4,103,year,5228,9.208333333333314,21.208333333333314,214.50566037735848,0.8597934200459066,0.9025005048008872,0.8276472656576159,9.0,48.0,0.8689747513389442,0.8298855633802817,16.332086267605632
S8 Setup reduction from P4,103,Q2 to Q4,3730,8.208333333333314,16.208333333333314,184.44444444444449,0.910455764075067,0.8848451551499925,0.8139421859942818,3.0,0.0,0.9198391420911528,0.7982673267326733,15.004950495049505
S8 Setup reduction from P4,104,year,5214,9.208333333333314,20.208333333333314,209.4490566037736,0.8828154967395474,0.9028086532244332,0.8485209608652945,14.0,36.0,0.8847334100498657,0.8269613259668508,15.820552486187845
S8 Setup reduction from P4,104,Q2 to Q4,3726,8.208333333333314,16.208333333333314,184.47089947089947,0.9138486312399356,0.8846398876334535,0.8383130548108916,6.0,0.0,0.9227053140096618,0.7991942981096994,14.716454911682677
S8 Setup reduction from P4,105,year,5258,10.208333333333314,22.208333333333314,221.2264150943396,0.8387219475085584,0.9185328119162298,0.8605595281841697,15.0,72.0,0.8588817040699885,0.8353018372703412,16.926290463692037
S8 Setup reduction from P4,105,Q2 to Q4,3756,8.208333333333314,16.208333333333314,188.43386243386243,0.904419595314164,0.9012100003262298,0.8706075356230445,6.0,0.0,0.9201277955271564,0.8030674846625767,15.65276073619632
S8 Setup reduction from P4,106,year,5249,9.208333333333314,21.208333333333314,215.61509433962263,0.8622594779958087,0.9016962299324612,0.8494356860462333,11.0,48.0,0.8750238140598209,0.8196757230499562,16.587423312883434
S8 Setup reduction from P4,106,Q2 to Q4,3761,8.208333333333314,16.208333333333314,184.11111111111111,0.9151821324115926,0.8796897869198922,0.869273055275441,4.0,0.0,0.929274129220952,0.7929555895865238,15.463093415007656
S8 Setup reduction from P4,107,year,5235,9.208333333333314,20.208333333333314,209.58490566037736,0.8704871060171919,0.8963564680618127,0.825981152953774,13.0,44.0,0.8787010506208214,0.8246924428822495,16.104130052724077
S8 Setup reduction from P4,107,Q2 to Q4,3744,8.208333333333314,16.208333333333314,182.65608465608463,0.9110576923076924,0.8791308957131727,0.8295301353673018,5.0,0.0,0.9249465811965812,0.7871881736987989,14.770249461040962
S8 Setup reduction from P4,108,year,5201,10.208333333333314,21.208333333333314,219.9245283018868,0.8627187079407806,0.9013228892571666,0.8302264510078811,13.0,60.0,0.8713708902134205,0.8301218161683278,16.663565891472867
S8 Setup reduction from P4,108,Q2 to Q4,3691,8.208333333333314,16.208333333333314,192.2275132275132,0.906800325115145,0.8851583844867003,0.8438221135083083,5.0,4.0,0.918179355188296,0.8032581453634086,15.477443609022556
S8 Setup reduction from P4,109,year,5222,10.208333333333314,20.208333333333343,214.58867924528303,0.8607813098429721,0.9028464596610458,0.8457795757682227,9.0,48.0,0.8711221754117197,0.8238147739801543,16.42954796030871
S8 Setup reduction from P4,109,Q2 to Q4,3736,8.208333333333314,16.208333333333314,185.6984126984127,0.904710920770878,0.8804654794217468,0.8503124526063334,4.0,0.0,0.91889721627409,0.7975933353903116,15.218451095340944
S8 Setup reduction from P4,110,year,5252,9.208333333333314,20.208333333333314,207.53584905660372,0.8813785224676314,0.9028885819103972,0.8452859851424238,7.0,44.0,0.8870906321401371,0.8189787420556651,15.875739644970414
S8 Setup reduction from P4,110,Q2 to Q4,3752,8.208333333333314,15.208333333333314,182.0952380952381,0.9205756929637526,0.8869092544470681,0.8469870446233505,2.0,0.0,0.9291044776119404,0.785670356703567,14.592250922509225
S8 Setup reduction from P4,111,year,5216,10.208333333333314,21.208333333333314,216.09056603773584,0.8633052147239264,0.8979962514518076,0.852652469549598,10.0,56.0,0.8723159509202454,0.829171270718232,16.529060773480662
S8 Setup reduction from P4,111,Q2 to Q4,3722,8.208333333333314,16.208333333333314,188.9100529100529,0.9051585169263836,0.8771213245884526,0.8594125859988463,3.0,0.0,0.9215475550779152,0.8057710207880856,15.400558485882716
S8 Setup reduction from P4,112,year,5255,10.208333333333314,21.208333333333343,217.85283018867923,0.8460513796384396,0.9054871293536984,0.8540713541734913,12.0,52.0,0.8591817316841104,0.8311802058243923,16.63893146485658
S8 Setup reduction from P4,112,Q2 to Q4,3739,8.208333333333314,15.208333333333314,186.47619047619048,0.9023803155924044,0.8869507055147231,0.8581977898043839,4.0,0.0,0.914683070339663,0.8011100832562442,15.329016342892384
S8 Setup reduction from P4,113,year,5220,10.208333333333314,22.208333333333314,225.34339622641508,0.8448275862068966,0.9068791747158048,0.8614642747460428,11.0,68.0,0.8624521072796935,0.8458994708994709,17.137566137566136
S8 Setup reduction from P4,113,Q2 to Q4,3731,8.208333333333314,16.208333333333314,194.46560846560843,0.902439024390244,0.8855423498613159,0.8659854753168145,4.0,0.0,0.918252479228089,0.8190799629515283,16.043531954306886
S8 Setup reduction from P4,114,year,5201,10.208333333333314,20.208333333333314,211.0716981132076,0.8742549509709672,0.8991925434854551,0.8630182892528842,8.0,36.0,0.8879061718900212,0.8279831746734558,15.999335842373256
S8 Setup reduction from P4,114,Q2 to Q4,3714,8.208333333333314,16.208333333333314,186.4021164021164,0.9081852450188476,0.8814336410643592,0.8546705784907653,0.0,0.0,0.9267635971997846,0.79764121663563,14.908131595282434
S8 Setup reduction from P4,115,year,5245,10.208333333333314,20.208333333333314,211.1094339622641,0.8781696854146807,0.8965980342115474,0.8393787750920735,10.0,44.0,0.8871306005719733,0.8265350877192983,16.08421052631579
S8 Setup reduction from P4,115,Q2 to Q4,3726,8.208333333333314,15.208333333333314,184.1322751322752,0.9149221685453568,0.8777603659369633,0.8340503780813859,4.0,0.0,0.9318303811057436,0.7998143564356436,14.978650990099007
S8 Setup reduction from P4,116,year,5230,9.208333333333345,20.208333333333343,211.3132075471698,0.8751434034416826,0.8989182929634897,0.8467767528978967,10.0,40.0,0.8852772466539197,0.8197226502311248,16.101915034118424
S8 Setup reduction from P4,116,Q2 to Q4,3735,8.208333333333314,16.208333333333314,185.82010582010585,0.9124497991967871,0.882407751411316,0.8190785016950605,3.0,0.0,0.9274431057563588,0.7911646586345381,14.911955514365152
S8 Setup reduction from P4,117,year,5253,10.208333333333314,22.208333333333314,224.5471698113208,0.840852845992766,0.9124386827914251,0.8488741447076881,11.0,60.0,0.8638873024938131,0.8403416557161629,17.20411738939991
S8 Setup reduction from P4,117,Q2 to Q4,3754,8.208333333333314,16.208333333333314,190.7460317460317,0.9083644112946192,0.8930033903343891,0.8454199643348217,3.0,0.0,0.92647842301545,0.8205521472392638,16.0659509202454
S8 Setup reduction from P4,118,year,5231,9.208333333333314,20.208333333333314,207.8264150943396,0.8810934811699483,0.9016189751522689,0.8250376609652297,9.0,28.0,0.8889313706748232,0.8049746863306185,16.029495927801012
S8 Setup reduction from P4,118,Q2 to Q4,3731,8.208333333333314,16.208333333333314,183.6031746031746,0.9153042079871349,0.8865795867241512,0.8316395423785061,4.0,0.0,0.9295095148753684,0.7535559678416821,14.834570191713048
S8 Setup reduction from P4,119,year,5228,10.208333333333314,21.208333333333343,220.71320754716984,0.8485080336648814,0.9109647269358796,0.883554822169342,13.0,80.0,0.8649579188982403,0.839171623705662,16.879929499889844
S8 Setup reduction from P4,119,Q2 to Q4,3726,8.208333333333314,16.208333333333314,190.005291005291,0.8993558776167472,0.8926949854712727,0.8804518292877442,4.0,0.0,0.9162640901771336,0.8092879256965945,15.580185758513933
S8 Setup reduction from P4,120,year,5237,10.208333333333314,21.208333333333314,218.15471698113208,0.8510597670421998,0.9031292018880746,0.8358086777407058,16.0,64.0,0.8651899942715295,0.8297077565370248,16.72269830806416
S8 Setup reduction from P4,120,Q2 to Q4,3710,8.208333333333314,16.208333333333314,188.64550264550263,0.9045822102425876,0.883408058436513,0.8333448393891713,7.0,0.0,0.9164420485175202,0.7993154947106409,15.422837585563162
S8 Setup reduction from P4,121,year,5269,10.208333333333314,21.208333333333314,218.0943396226415,0.8491174795976466,0.9049695280472289,0.8578560339284554,11.0,52.0,0.8669576769785539,0.8275862068965517,16.61392405063291
S8 Setup reduction from P4,121,Q2 to Q4,3748,8.208333333333314,16.208333333333314,183.989417989418,0.9154215581643544,0.885387789572907,0.847137649569945,3.0,0.0,0.926093916755603,0.8014140793114048,15.391945896095912
S8 Setup reduction from P4,122,year,5233,9.208333333333371,21.208333333333314,214.7056603773585,0.8694821326199121,0.9062472878464952,0.8302836249834903,12.0,56.0,0.8765526466653927,0.8232578588700813,16.2868762365355
S8 Setup reduction from P4,122,Q2 to Q4,3759,8.208333333333314,15.208333333333314,183.06349206349208,0.9106145251396648,0.8853336435635375,0.8475750570434701,4.0,0.0,0.9212556530992284,0.8007357449417535,15.169527896995708
S8 Setup reduction from P4,123,year,5218,9.208333333333314,20.208333333333314,211.26037735849056,0.8809888846301265,0.898156660933932,0.8739698495991506,7.0,20.0,0.8905711000383288,0.8306131451257168,15.961843846493164
S8 Setup reduction from P4,123,Q2 to Q4,3732,8.208333333333314,16.208333333333314,186.7037037037037,0.9094319399785638,0.8798648439101286,0.860525674368152,3.0,0.0,0.9209539121114684,0.8031569173630455,14.79603837821108
S8 Setup reduction from P4,124,year,5243,10.208333333333314,22.208333333333314,219.59245283018868,0.8302498569521266,0.9025134638390888,0.8728243909648292,18.0,68.0,0.8580965096318901,0.8246268656716418,16.987050043898158
S8 Setup reduction from P4,124,Q2 to Q4,3721,8.208333333333314,16.208333333333314,187.031746031746,0.9016393442622952,0.8852956013794129,0.8832973424375237,10.0,0.0,0.9191077667293738,0.7778123057799876,15.630826600372902
S8 Setup reduction from P4,125,year,5251,10.208333333333314,21.208333333333343,219.26792452830188,0.8506951056941535,0.9133424014727464,0.8488953032516494,17.0,68.0,0.8680251380689392,0.8362919132149902,16.74424720578567
S8 Setup reduction from P4,125,Q2 to Q4,3766,8.208333333333314,16.208333333333314,183.67724867724868,0.912373871481678,0.8940656396026495,0.837902045789568,6.0,0.0,0.9256505576208178,0.8085626911314985,15.477675840978591
S8 Setup reduction from P4,126,year,5204,9.208333333333329,20.208333333333314,212.7811320754717,0.8749039200614912,0.908547262847174,0.8601890283378777,11.0,40.0,0.8835511145272867,0.832042487275946,16.319982296968355
S8 Setup reduction from P4,126,Q2 to Q4,3714,8.208333333333314,16.208333333333314,187.11640211640213,0.9154550350026924,0.8949533988497617,0.8304998357294175,4.0,0.0,0.9281098546042004,0.7938432835820896,15.060012437810943
S8 Setup reduction from P4,127,year,5221,9.208333333333314,20.208333333333343,211.38867924528304,0.8651599310476921,0.902120464484152,0.8546100590523258,12.0,28.0,0.8732043669795059,0.8237759153065726,16.10917512130569
S8 Setup reduction from P4,127,Q2 to Q4,3702,8.208333333333314,16.108333333333405,186.12698412698413,0.9062668827660724,0.8894087114624504,0.8547535687650389,6.0,0.0,0.9162614802809292,0.7948798001873244,14.781142678738682
S8 Setup reduction from P4,128,year,5233,10.208333333333314,21.208333333333314,222.35471698113207,0.8515192050449073,0.9021571558220444,0.8505828092652218,11.0,56.0,0.8668068029810816,0.8548777802246201,16.916538207443296
S8 Setup reduction from P4,128,Q2 to Q4,3724,9.208333333333314,17.208333333333314,195.5661375661376,0.8958109559613319,0.882940700311391,0.8440429459230011,2.0,0.0,0.9154135338345863,0.8412895226286423,15.991630502169867
S8 Setup reduction from P4,129,year,5257,10.208333333333314,21.208333333333314,215.10188679245283,0.8590450827468138,0.9050293497193058,0.8496544052067558,11.0,48.0,0.8700779912497623,0.8302340844454168,16.576241522642746
S8 Setup reduction from P4,129,Q2 to Q4,3740,8.208333333333314,16.208333333333314,186.7407407407408,0.9106951871657754,0.8898874770017432,0.8443901100383034,4.0,0.0,0.9227272727272728,0.7972847886454798,15.232027152113544
S10 WIP cap 240 + earliest due date,100,year,5214,11.208333333333314,23.208333333333314,234.5320754716981,0.8204833141542003,0.9473804274036858,0.8556436310994072,8.0,0.0,0.8605677023398542,0.8656947205654959,17.46984758117959
S10 WIP cap 240 + earliest due date,100,Q2 to Q4,3828,9.208333333333314,18.208333333333314,198.2010582010582,0.8989028213166145,0.9404916525077504,0.8589685660865092,4.0,0.0,0.9276384535005224,0.8544417767106842,16.98469387755102
S10 WIP cap 240 + earliest due date,101,year,5244,12.208333333333314,26.208333333333314,264.64150943396226,0.7147215865751335,0.9430844307357494,0.8686357505911502,14.0,0.0,0.8159801678108314,0.9532792279008554,19.559113840754552
S10 WIP cap 240 + earliest due date,101,Q2 to Q4,3888,10.208333333333314,20.208333333333314,219.031746031746,0.849022633744856,0.9346217151387546,0.886661026981027,6.0,0.0,0.9256687242798354,0.950427854824432,19.474771318973147
S10 WIP cap 240 + earliest due date,102,year,5208,11.208333333333314,25.208333333333314,254.045283018868,0.7596006144393241,0.9415663712153474,0.8513472250213132,13.0,12.0,0.8385176651305684,0.9130915524104378,18.899159663865547
S10 WIP cap 240 + earliest due date,102,Q2 to Q4,3862,9.208333333333314,19.208333333333314,212.1904761904762,0.870792335577421,0.9326369798626312,0.8569782690489086,7.0,4.0,0.9269808389435524,0.8832442067736186,18.64289958407605
S10 WIP cap 240 + earliest due date,103,year,5216,12.208333333333314,26.208333333333314,261.1094339622642,0.7346625766871165,0.9464973414659554,0.8413906854881819,13.0,12.0,0.8339723926380368,0.901368049426302,19.26235657546337
S10 WIP cap 240 + earliest due date,103,Q2 to Q4,3855,9.208333333333314,20.208333333333314,220.7089947089947,0.8490272373540856,0.9393127586505002,0.8679211990923161,8.0,8.0,0.929182879377432,0.9053571428571427,19.12410714285714
S10 WIP cap 240 + earliest due date,104,year,5207,11.208333333333314,25.208333333333314,253.3924528301887,0.7568657576339543,0.9453232218932176,0.8633275997282083,13.0,8.0,0.8371423084309583,0.9599823126243644,18.96860490824674
S10 WIP cap 240 + earliest due date,104,Q2 to Q4,3855,9.208333333333314,20.208333333333314,215.4021164021164,0.8526588845654993,0.9376520180021692,0.8722166789347684,6.0,0.0,0.9167315175097276,0.9460828120345548,18.66934763181412
S10 WIP cap 240 + earliest due date,105,year,5212,11.208333333333314,23.208333333333314,237.4377358490566,0.805065234075211,0.9342272536545648,0.861949758038501,9.0,0.0,0.8568687643898696,0.889060773480663,17.900773480662984
S10 WIP cap 240 + earliest due date,105,Q2 to Q4,3835,9.208333333333314,18.208333333333314,199.7460317460317,0.8910039113428944,0.92288878138428,0.8579201343973941,6.0,0.0,0.92490221642764,0.8588975434391851,17.38436189334931
S10 WIP cap 240 + earliest due date,106,year,5233,11.208333333333314,24.208333333333314,242.05283018867925,0.7924708580164341,0.9348242945589076,0.8538069812540147,14.0,8.0,0.8566787693483662,0.8988566402814424,18.189753737906774
S10 WIP cap 240 + earliest due date,106,Q2 to Q4,3866,9.208333333333314,18.208333333333314,204.67195767195767,0.879720641489912,0.9235473883592368,0.8682612035872731,7.0,0.0,0.926021727884118,0.8753709198813057,17.75994065281899
S10 WIP cap 240 + earliest due date,107,year,5244,12.208333333333314,27.208333333333314,267.10188679245283,0.7124332570556827,0.9426129594052024,0.8448751820506297,14.0,0.0,0.8226544622425629,0.9093900833698992,19.82799473453269
S10 WIP cap 240 + earliest due date,107,Q2 to Q4,3849,10.208333333333314,20.208333333333314,219.978835978836,0.848012470771629,0.9340677213480244,0.8614960500788061,8.0,0.0,0.9295921018446348,0.8991947509692813,19.54816582165225
S10 WIP cap 240 + earliest due date,108,year,5207,11.208333333333314,23.208333333333343,240.03018867924527,0.7981563280199732,0.93569662345093,0.8717343503829835,17.0,4.0,0.8494334549644709,0.8883237505528527,17.996461742591773
S10 WIP cap 240 + earliest due date,108,Q2 to Q4,3831,9.208333333333314,18.208333333333314,200.7301587301588,0.8916731923779692,0.924724695293245,0.8692258676253094,8.0,0.0,0.9256068911511356,0.8608695652173913,17.38230884557721
S10 WIP cap 240 + earliest due date,109,year,5214,11.208333333333314,25.208333333333314,248.8490566037736,0.7635212888377445,0.9473912322302014,0.861787975857495,13.0,0.0,0.8390870732642884,0.9476243093922652,18.5646408839779
S10 WIP cap 240 + earliest due date,109,Q2 to Q4,3853,9.208333333333314,19.208333333333314,206.94708994708995,0.8676356086166623,0.9404496691319844,0.8846484464645336,6.0,0.0,0.9200622891253568,0.9293170295257978,18.11720847002684
S10 WIP cap 240 + earliest due date,110,year,5224,12.208333333333314,26.208333333333314,262.6981132075472,0.7295176110260337,0.9440057384492194,0.8392810525454566,15.0,8.0,0.8313552833078101,0.9547960308710032,19.656449834619625
S10 WIP cap 240 + earliest due date,110,Q2 to Q4,3882,10.208333333333314,20.208333333333314,219.0952380952381,0.8523956723338485,0.9359068220100256,0.8577950598353856,8.0,4.0,0.9304482225656878,0.9411590774689532,19.45121230041396
S10 WIP cap 240 + earliest due date,111,year,5191,11.208333333333314,24.208333333333314,242.5471698113208,0.7934887304950876,0.9303256527786696,0.8551248378703381,9.0,4.0,0.8453091889809285,0.8947251773049646,17.958998226950353
S10 WIP cap 240 + earliest due date,111,Q2 to Q4,3813,9.208333333333314,18.208333333333314,203.2169312169312,0.8890637293469709,0.9177250835608578,0.8665437246092408,3.0,0.0,0.923157618672961,0.8672086720867209,17.44293887383318
S10 WIP cap 240 + earliest due date,112,year,5225,10.208333333333314,23.208333333333314,234.8943396226415,0.8130143540669856,0.9348862941349028,0.8627085873131912,11.0,0.0,0.8556937799043062,0.8819903126376046,17.54403346543373
S10 WIP cap 240 + earliest due date,112,Q2 to Q4,3819,8.208333333333371,18.208333333333314,197.5661375661376,0.895260539408222,0.9243475730742352,0.8451130030661551,3.0,0.0,0.921707253207646,0.8515507377295995,16.816019271303823
S10 WIP cap 240 + earliest due date,113,year,5212,11.208333333333314,24.208333333333314,242.86415094339625,0.7885648503453568,0.939182478126632,0.8568097861932811,8.0,0.0,0.8470836531082118,0.8669167954094019,18.080114764952548
S10 WIP cap 240 + earliest due date,113,Q2 to Q4,3861,9.208333333333314,18.208333333333314,201.52380952380952,0.8886298886298887,0.9295241128490056,0.8509808967839,5.0,0.0,0.9311059311059312,0.8520499108734403,17.765300059417708
S10 WIP cap 240 + earliest due date,114,year,5193,11.208333333333314,23.208333333333314,239.04150943396223,0.7999229732331985,0.940997899076884,0.869297686934822,12.0,4.0,0.846524167148084,0.9021304926764314,17.8317798490901
S10 WIP cap 240 + earliest due date,114,Q2 to Q4,3799,9.208333333333314,18.208333333333314,203.5873015873016,0.8812845485654119,0.9318230419762564,0.8694639572474715,5.0,0.0,0.9149776256909712,0.9118715929739551,17.360690490611752
S10 WIP cap 240 + earliest due date,115,year,5215,11.208333333333314,24.208333333333314,245.42641509433963,0.7840843720038351,0.9392392540877011,0.8748580956502973,15.0,0.0,0.84928092042186,0.9386854874283194,18.43912659902956
S10 WIP cap 240 + earliest due date,115,Q2 to Q4,3840,9.208333333333314,18.208333333333314,205.56084656084656,0.8796875,0.929498341292179,0.8872480850578733,8.0,0.0,0.921875,0.9260921603830042,17.881508078994614
S10 WIP cap 240 + earliest due date,116,year,5198,11.208333333333314,24.208333333333314,243.3698113207547,0.8012697191227395,0.9460766481673002,0.8664382495487852,8.0,0.0,0.856483262793382,0.9204167590334738,18.082243405009976
S10 WIP cap 240 + earliest due date,116,Q2 to Q4,3845,9.208333333333314,19.208333333333314,207.1534391534392,0.881924577373212,0.93870494221154,0.8791046719522211,3.0,0.0,0.9284785435630688,0.92916915720263,17.794381350866708
S10 WIP cap 240 + earliest due date,117,year,5200,11.208333333333314,24.20833333333332,249.49433962264152,0.7751923076923077,0.9465918658003196,0.8629489728593479,7.0,12.0,0.8475,0.9306601683650864,18.62605228178999
S10 WIP cap 240 + earliest due date,117,Q2 to Q4,3836,9.208333333333314,19.208333333333314,212.68783068783068,0.8733055265901981,0.939430041650305,0.8823076101618761,3.0,12.0,0.9251824817518248,0.9163919688342824,18.3940665268205
S10 WIP cap 240 + earliest due date,118,year,5211,11.208333333333314,25.208333333333314,251.9962264150944,0.7677988869698714,0.9398919981238146,0.8618797761940912,9.0,8.0,0.8443676837459221,0.9500662836942112,18.78789217852408
S10 WIP cap 240 + earliest due date,118,Q2 to Q4,3860,9.208333333333314,19.208333333333314,211.83597883597884,0.8694300518134715,0.9304370579315449,0.8654647387750517,5.0,4.0,0.9261658031088082,0.9327781082688876,18.363474122546105
S10 WIP cap 240 + earliest due date,119,year,5189,11.208333333333314,24.208333333333314,247.44150943396227,0.773174021969551,0.938677996374369,0.8412478557553624,9.0,0.0,0.8417806899209868,0.9015302727877578,18.23308937680196
S10 WIP cap 240 + earliest due date,119,Q2 to Q4,3838,9.208333333333314,19.208333333333314,206.994708994709,0.8783220427305889,0.9286701918545543,0.8444926051006395,2.0,0.0,0.9226159458051068,0.8708520179372198,17.862780269058295
S10 WIP cap 240 + earliest due date,120,year,5189,11.208333333333314,24.208333333333314,242.24150943396228,0.7857005203314704,0.93839455254837,0.8406034229819827,11.0,4.0,0.8456349971092696,0.8916759156492786,17.992230854605992
S10 WIP cap 240 + earliest due date,120,Q2 to Q4,3823,9.208333333333314,18.208333333333314,201.64550264550263,0.8872613131048914,0.9283993052992584,0.8522486633898152,6.0,0.0,0.923881768244834,0.8664259927797834,17.52557160048135
S10 WIP cap 240 + earliest due date,121,year,5209,11.208333333333314,24.208333333333314,244.86037735849047,0.7922825878287579,0.9383915597945844,0.826997761007781,10.0,12.0,0.854290650796698,0.9066784608580274,18.129588677576294
S10 WIP cap 240 + earliest due date,121,Q2 to Q4,3861,9.208333333333314,19.208333333333314,206.22222222222223,0.8857808857808858,0.9283176389889384,0.8289566687094913,4.0,0.0,0.9308469308469308,0.8872694824509221,17.806365258774537
S10 WIP cap 240 + earliest due date,122,year,5215,12.208333333333314,26.208333333333314,269.0943396226415,0.7029721955896453,0.9474447780015472,0.8461619889376237,17.0,20.0,0.8233940556088207,0.963756906077348,19.9628729281768
S10 WIP cap 240 + earliest due date,122,Q2 to Q4,3875,10.208333333333314,21.208333333333314,228.0899470899471,0.8281290322580646,0.9404923620491548,0.866645688548243,9.0,0.0,0.926967741935484,0.9517465956187092,19.88869153345175
S10 WIP cap 240 + earliest due date,123,year,5207,11.208333333333314,25.208333333333314,252.18867924528303,0.7612828884194354,0.9491968995188976,0.8748166030119283,14.0,8.0,0.839446898405992,0.9467403314917128,18.84198895027624
S10 WIP cap 240 + earliest due date,123,Q2 to Q4,3863,9.208333333333314,19.208333333333314,209.95238095238096,0.8677193890758478,0.942907095393308,0.9028044569147756,8.0,0.0,0.9225990163085684,0.9282951502529008,18.44391550133889
S10 WIP cap 240 + earliest due date,124,year,5187,10.208333333333314,23.208333333333314,232.6830188679245,0.8237902448428764,0.9345798642821608,0.8480285087027409,13.0,0.0,0.8654328128012339,0.8554591950189014,17.28307760729375
S10 WIP cap 240 + earliest due date,124,Q2 to Q4,3821,9.208333333333314,18.208333333333314,198.984126984127,0.8898194190002617,0.9235839689422544,0.8499407341272975,6.0,0.0,0.9233185030096832,0.8370481927710843,16.833734939759037
S10 WIP cap 240 + earliest due date,125,year,5215,11.208333333333314,25.208333333333314,254.3962264150944,0.7622243528283796,0.949244827619514,0.8462298612276016,11.0,8.0,0.8442953020134228,0.883833922261484,18.84540636042403
S10 WIP cap 240 + earliest due date,125,Q2 to Q4,3869,9.208333333333314,20.208333333333314,211.7989417989418,0.8749030757301628,0.943082302090978,0.8720263886505462,9.0,8.0,0.9359007495476868,0.8798219584569733,18.695548961424333
S10 WIP cap 240 + earliest due date,126,year,5211,11.208333333333314,24.208333333333314,243.29056603773583,0.7858376511226253,0.9330401448213792,0.8415044219659225,12.0,12.0,0.849932834388793,0.8651511807548002,18.148532332818363
S10 WIP cap 240 + earliest due date,126,Q2 to Q4,3841,9.208333333333314,18.208333333333314,201.6984126984127,0.8867482426451445,0.9212517339997404,0.8435831926193273,8.0,0.0,0.9294454569122624,0.8476702508960573,17.734767025089607
S10 WIP cap 240 + earliest due date,127,year,5201,11.208333333333314,23.208333333333314,236.83396226415093,0.8088829071332436,0.9349358217296032,0.8559687730115206,12.0,28.0,0.8607960007690829,0.9375830013280212,17.839973439575033
S10 WIP cap 240 + earliest due date,127,Q2 to Q4,3820,9.208333333333314,18.208333333333314,200.84656084656083,0.8903141361256545,0.9236450910927184,0.8653319356169208,4.0,0.0,0.92565445026178,0.9202287778446718,17.226068633353403
S10 WIP cap 240 + earliest due date,128,year,5214,13.208333333333314,26.208333333333314,271.27169811320755,0.7126965861143076,0.9527353486686594,0.8576264551251892,13.0,4.0,0.8312236286919831,0.972829688535454,20.02231058095869
S10 WIP cap 240 + earliest due date,128,Q2 to Q4,3868,10.208333333333314,21.208333333333314,234.48677248677248,0.8107549120992761,0.9476701228737984,0.8829091367140712,7.0,4.0,0.9180455015511892,0.9640842980112792,20.168299198575244
S10 WIP cap 240 + earliest due date,129,year,5249,12.208333333333314,26.208333333333314,264.90943396226413,0.7180415317203277,0.9515062829322992,0.8723598275524449,16.0,4.0,0.8272051819394171,0.9446510610369722,19.68934587617589
S10 WIP cap 240 + earliest due date,129,Q2 to Q4,3867,10.208333333333314,20.208333333333314,222.3492063492064,0.8407033876389967,0.9460050513110267,0.8879501718918138,9.0,0.0,0.929661236100336,0.9333333333333332,19.4165925925926
S10 WIP cap 240 + earliest due date + weld second shift,100,year,5197,11.208333333333314,24.208333333333314,242.3094339622641,0.7927650567635174,0.9423971838844628,0.405998278894465,14.0,12.0,0.8481816432557244,0.8510308135668366,18.033695411217025
S10 WIP cap 240 + earliest due date + weld second shift,100,Q2 to Q4,3836,9.208333333333314,18.208333333333314,200.9100529100529,0.8886861313868614,0.933905052891688,0.4219392570334073,7.0,4.0,0.9280500521376434,0.8131736526946107,17.687425149700598
S10 WIP cap 240 + earliest due date + weld second shift,101,year,5198,11.208333333333314,24.208333333333343,246.43018867924528,0.7783762985763756,0.94503656622137,0.4180037728959603,16.0,8.0,0.8443632166217776,0.8871897163120568,18.297429078014183
S10 WIP cap 240 + earliest due date + weld second shift,101,Q2 to Q4,3822,9.208333333333314,18.208333333333314,206.010582010582,0.8812140240711669,0.9372575798226654,0.4142586331262286,8.0,0.0,0.9293563579277864,0.8856110776640578,17.897350993377483
S10 WIP cap 240 + earliest due date + weld second shift,102,year,5217,11.208333333333314,24.208333333333314,243.8566037735849,0.7858922752539774,0.9357510364287454,0.4088307073033057,18.0,0.0,0.8518305539582135,0.7518763796909492,17.91633554083885
S10 WIP cap 240 + earliest due date + weld second shift,102,Q2 to Q4,3842,9.208333333333314,18.208333333333314,202.77777777777777,0.8940655908381051,0.9247931891156308,0.4183383875358125,10.0,0.0,0.9383133784487246,0.7136445242369839,17.573907839616997
S10 WIP cap 240 + earliest due date + weld second shift,103,year,5219,11.208333333333314,24.208333333333314,242.0716981132076,0.7957463115539375,0.9397383220983334,0.4177510327575687,10.0,0.0,0.8543782333780418,0.8600750386228205,18.049657912160672
S10 WIP cap 240 + earliest due date + weld second shift,103,Q2 to Q4,3846,9.208333333333314,18.208333333333314,199.994708994709,0.8996359854394176,0.9302023839987132,0.4337195794196276,5.0,0.0,0.9342173686947478,0.8158995815899581,17.527495517035266
S10 WIP cap 240 + earliest due date + weld second shift,104,year,5229,11.208333333333314,25.208333333333314,252.02264150943395,0.7626697265251482,0.9423524413500048,0.407612899495615,11.0,0.0,0.843182252820807,0.8851485148514852,18.73905390539053
S10 WIP cap 240 + earliest due date + weld second shift,104,Q2 to Q4,3874,9.208333333333314,19.208333333333314,209.46031746031747,0.87248322147651,0.933743724419466,0.4217467656773681,6.0,0.0,0.9331440371708828,0.8453333333333334,18.41807407407408
S10 WIP cap 240 + earliest due date + weld second shift,105,year,5200,11.208333333333314,24.208333333333314,248.0679245283019,0.7805769230769231,0.938711998120492,0.4143698446174031,10.0,4.0,0.8536538461538462,0.9032329495128432,18.32196634189548
S10 WIP cap 240 + earliest due date + weld second shift,105,Q2 to Q4,3836,9.208333333333314,19.208333333333314,210.7037037037037,0.8738269030239834,0.929111638984388,0.4254595788205071,6.0,0.0,0.9267466110531803,0.8731678133413102,17.930002991325157
S10 WIP cap 240 + earliest due date + weld second shift,106,year,5180,10.208333333333314,22.208333333333343,231.53584905660372,0.822972972972973,0.9394619815670732,0.418500836655804,15.0,0.0,0.8631274131274131,0.8781409828774739,17.320435846119636
S10 WIP cap 240 + earliest due date + weld second shift,106,Q2 to Q4,3803,8.208333333333314,17.208333333333314,194.989417989418,0.9000788850907179,0.92980479635305,0.4122722410672028,6.0,0.0,0.927425716539574,0.8693284936479129,16.70175438596491
S10 WIP cap 240 + earliest due date + weld second shift,107,year,5225,11.208333333333314,23.208333333333314,237.9320754716981,0.8061244019138756,0.9379549269877168,0.4107528518684491,11.0,0.0,0.854354066985646,0.8840643597090588,17.693630152082875
S10 WIP cap 240 + earliest due date + weld second shift,107,Q2 to Q4,3868,9.208333333333314,18.208333333333314,200.51322751322752,0.8940020682523268,0.9276719820081214,0.4243209324504559,3.0,0.0,0.9289038262668046,0.8597271648873073,17.402135231316727
S10 WIP cap 240 + earliest due date + weld second shift,108,year,5184,11.208333333333314,24.208333333333314,242.66415094339624,0.8016975308641975,0.9364164093623288,0.4272119255079768,12.0,0.0,0.8582175925925926,0.8997332147621165,18.03245887060916
S10 WIP cap 240 + earliest due date + weld second shift,108,Q2 to Q4,3822,9.208333333333314,18.208333333333314,204.7089947089947,0.890894819466248,0.9257119843056748,0.4225236286467944,6.0,0.0,0.9301412872841444,0.871841155234657,17.616425992779785
S10 WIP cap 240 + earliest due date + weld second shift,109,year,5190,10.208333333333314,22.208333333333314,228.49056603773585,0.8368015414258189,0.9382924102818108,0.4109944541692463,13.0,12.0,0.8739884393063584,0.8794137241838774,17.135243171219187
S10 WIP cap 240 + earliest due date + weld second shift,109,Q2 to Q4,3804,8.208333333333314,17.208333333333314,194.8994708994709,0.9056256572029444,0.9282200547797776,0.4198198393576345,6.0,0.0,0.93664563617245,0.8536437859086785,16.55155730269126
S10 WIP cap 240 + earliest due date + weld second shift,110,year,5238,12.208333333333314,26.208333333333343,264.1094339622642,0.7245131729667812,0.9449112134710858,0.4251538237964496,15.0,16.0,0.8297059946544483,0.9061538461538462,19.407912087912088
S10 WIP cap 240 + earliest due date + weld second shift,110,Q2 to Q4,3871,10.208333333333314,20.208333333333314,220.7460317460317,0.8468096099199174,0.9371300156522144,0.441586701974856,8.0,12.0,0.929475587703436,0.9089561091340452,19.26897983392645
S10 WIP cap 240 + earliest due date + weld second shift,111,year,5237,11.208333333333314,25.208333333333314,252.4981132075472,0.7647508115333206,0.9456074517774372,0.4152634722509111,13.0,8.0,0.8453312965438228,0.8578958928179222,18.648583351636283
S10 WIP cap 240 + earliest due date + weld second shift,111,Q2 to Q4,3874,9.208333333333314,19.208333333333314,210.3386243386244,0.871708828084667,0.938034851995586,0.4380067197345784,6.0,0.0,0.9352090862157976,0.8474074074074074,18.398222222222223
S10 WIP cap 240 + earliest due date + weld second shift,112,year,5197,11.208333333333345,25.208333333333343,256.0641509433962,0.7488935924571868,0.9429487590443656,0.4147796433114676,15.0,0.0,0.83644410236675,0.9052258635961028,19.03055801594332
S10 WIP cap 240 + earliest due date + weld second shift,112,Q2 to Q4,3849,9.208333333333314,19.208333333333314,214.4973544973545,0.8602234346583528,0.9345692610633696,0.4257542342489535,10.0,0.0,0.926734216679657,0.8926974664679582,18.831594634873323
S10 WIP cap 240 + earliest due date + weld second shift,113,year,5188,11.208333333333314,24.208333333333314,243.1056603773585,0.7974171164225135,0.936793827252553,0.4217642867153014,7.0,0.0,0.8490747879722437,0.8774150566289141,17.933821896513436
S10 WIP cap 240 + earliest due date + weld second shift,113,Q2 to Q4,3831,9.208333333333314,18.208333333333314,203.7936507936508,0.8927173061863743,0.9263061066066652,0.4259547623427835,4.0,0.0,0.9295223179326546,0.8650674662668666,17.65937031484258
S10 WIP cap 240 + earliest due date + weld second shift,114,year,5225,10.208333333333314,23.208333333333314,233.3924528301887,0.8189473684210526,0.9344253906173088,0.4242216736375134,12.0,4.0,0.8658373205741626,0.8825991189427312,17.583700440528634
S10 WIP cap 240 + earliest due date + weld second shift,114,Q2 to Q4,3835,9.208333333333314,18.208333333333314,197.95767195767195,0.8972620599739244,0.9235787848719108,0.4323561108669769,5.0,0.0,0.9277705345501956,0.8408138839018552,16.99281867145422
S10 WIP cap 240 + earliest due date + weld second shift,115,year,5233,11.208333333333314,25.208333333333314,247.2301886792453,0.7718326008025989,0.9401503007045564,0.4224504709652166,16.0,0.0,0.8434932161284158,0.8348361557070596,18.573125137453268
S10 WIP cap 240 + earliest due date + weld second shift,115,Q2 to Q4,3873,9.208333333333314,18.208333333333314,202.45502645502648,0.8907823392718822,0.9306487705879548,0.4411935631643516,7.0,0.0,0.9344177640072296,0.7774155305275637,17.97658565500889
S10 WIP cap 240 + earliest due date + weld second shift,116,year,5209,11.208333333333314,23.208333333333314,235.34716981132075,0.8210789019005568,0.9432351302264028,0.4088127990303706,11.0,0.0,0.8606258398924937,0.8601414052143173,17.578214759169246
S10 WIP cap 240 + earliest due date + weld second shift,116,Q2 to Q4,3800,9.208333333333314,17.208333333333314,198.97354497354496,0.9010526315789472,0.9348735799232312,0.4162837316134306,5.0,0.0,0.9321052631578948,0.8446866485013624,17.02119285498032
S10 WIP cap 240 + earliest due date + weld second shift,117,year,5208,11.208333333333314,24.208333333333343,252.11698113207547,0.7713133640552995,0.946798860155434,0.4149021178540426,11.0,16.0,0.8496543778801844,0.919893781810135,18.60123921221509
S10 WIP cap 240 + earliest due date + weld second shift,117,Q2 to Q4,3850,9.208333333333314,20.208333333333314,214.7724867724868,0.8649350649350649,0.9397363742230288,0.425848428470939,7.0,12.0,0.9314285714285714,0.896274217585693,18.38956780923994
S10 WIP cap 240 + earliest due date + weld second shift,118,year,5236,11.208333333333314,25.208333333333314,252.26415094339623,0.7482811306340718,0.9430599460719924,0.4012288392570894,15.0,8.0,0.839572192513369,0.9118874972533508,18.937156668863985
S10 WIP cap 240 + earliest due date + weld second shift,118,Q2 to Q4,3875,9.208333333333314,19.208333333333314,209.968253968254,0.8634838709677419,0.934594190897283,0.4119991688061204,7.0,4.0,0.9251612903225808,0.8812203791469194,18.37292654028436
S10 WIP cap 240 + earliest due date + weld second shift,119,year,5210,11.208333333333314,24.208333333333314,249.0716981132076,0.7846449136276391,0.9455631133743788,0.4204934876967328,6.0,4.0,0.8485604606525912,0.8868258178603006,18.56653404067197
S10 WIP cap 240 + earliest due date + weld second shift,119,Q2 to Q4,3852,9.208333333333314,19.208333333333314,209.05820105820104,0.8839563862928349,0.9380699659706276,0.4279420867138161,3.0,4.0,0.9319833852544132,0.8819320214669052,18.269528920691712
S10 WIP cap 240 + earliest due date + weld second shift,120,year,5203,11.208333333333314,24.208333333333314,244.81509433962265,0.793965020180665,0.9410585888724542,0.4267496606357415,9.0,4.0,0.8575821641360754,0.8478212784782128,18.265870382658704
S10 WIP cap 240 + earliest due date + weld second shift,120,Q2 to Q4,3872,9.208333333333314,19.208333333333314,206.24867724867724,0.8827479338842975,0.93195805568206,0.4305585061065371,4.0,0.0,0.931301652892562,0.8081137103938407,17.904352976014213
S10 WIP cap 240 + earliest due date + weld second shift,121,year,5187,11.208333333333314,24.208333333333314,241.7962264150944,0.8000771158665896,0.935884146988214,0.4007489646110398,13.0,0.0,0.8540582224792751,0.8688706456623031,17.987574883514533
S10 WIP cap 240 + earliest due date + weld second shift,121,Q2 to Q4,3842,9.208333333333314,18.208333333333314,203.96296296296296,0.8870380010411244,0.9250608726517716,0.4117003388361921,8.0,0.0,0.9271212909942738,0.8592349073520622,17.68679019725045
S10 WIP cap 240 + earliest due date + weld second shift,122,year,5207,12.208333333333314,26.208333333333314,260.2679245283019,0.7301709237564816,0.946051121349477,0.427116250683242,14.0,4.0,0.8306126368350297,0.9440636745522883,19.46186159628565
S10 WIP cap 240 + earliest due date + weld second shift,122,Q2 to Q4,3858,9.208333333333314,20.208333333333314,215.42328042328043,0.8605495075168481,0.938647974576551,0.4289961274491595,7.0,0.0,0.933644375324002,0.9247471743010112,19.12581796549673
S10 WIP cap 240 + earliest due date + weld second shift,123,year,5279,12.208333333333314,27.208333333333314,265.68301886792455,0.7086569426027657,0.9454506289476642,0.4159613138035787,17.0,8.0,0.8268611479446865,0.9294578706727628,19.7938166775528
S10 WIP cap 240 + earliest due date + weld second shift,123,Q2 to Q4,3889,9.208333333333314,20.208333333333314,219.5079365079365,0.846747235793263,0.937842678208805,0.432689507649777,9.0,8.0,0.9316019542298792,0.9046916494541164,19.406609619356743
S10 WIP cap 240 + earliest due date + weld second shift,124,year,5207,10.208333333333314,24.208333333333314,238.0075471698113,0.809487228730555,0.94314598104085,0.4273080455290539,11.0,0.0,0.8599961590167082,0.8246079081069141,17.89065606361829
S10 WIP cap 240 + earliest due date + weld second shift,124,Q2 to Q4,3822,8.208333333333371,18.208333333333314,198.25925925925927,0.9000523286237572,0.9347536288144876,0.4285315039562448,5.0,0.0,0.935897435897436,0.7711966325917018,17.25646422128683
S10 WIP cap 240 + earliest due date + weld second shift,125,year,5215,11.208333333333314,23.208333333333343,239.0716981132076,0.8040268456375839,0.9434233436998604,0.4137379322107121,10.0,0.0,0.8571428571428571,0.8804851157662624,17.886879823594267
S10 WIP cap 240 + earliest due date + weld second shift,125,Q2 to Q4,3850,9.208333333333314,18.208333333333314,200.07407407407408,0.8974025974025974,0.9350771586941448,0.4296955208596065,3.0,0.0,0.9335064935064936,0.8574410975246048,17.438115120787355
S10 WIP cap 240 + earliest due date + weld second shift,126,year,5202,11.208333333333314,25.208333333333314,253.00377358490567,0.7560553633217993,0.9458436354285664,0.40498843889983,12.0,12.0,0.8402537485582469,0.8229951262738148,18.68520159503766
S10 WIP cap 240 + earliest due date + weld second shift,126,Q2 to Q4,3849,9.208333333333314,19.208333333333314,211.24338624338623,0.8685372824110158,0.9384609795272244,0.4231406610189221,8.0,8.0,0.930631332813718,0.774260973424903,18.38071065989848
S10 WIP cap 240 + earliest due date + weld second shift,127,year,5190,11.208333333333314,24.208333333333314,249.5433962264151,0.7712909441233141,0.9418901911820188,0.4202933298651781,16.0,8.0,0.8458574181117534,0.9082426127527216,18.44567873805821
S10 WIP cap 240 + earliest due date + weld second shift,127,Q2 to Q4,3828,9.208333333333314,19.208333333333314,210.59259259259252,0.8766980146290491,0.9331435664571166,0.4234184653263029,11.0,0.0,0.9312957157784744,0.8887886985272017,18.15449353772167
S10 WIP cap 240 + earliest due date + weld second shift,128,year,5195,11.208333333333314,24.208333333333314,243.18490566037727,0.7996150144369586,0.9390677728379958,0.4051048836645229,11.0,20.0,0.8644850818094322,0.9172949002217294,18.322838137472285
S10 WIP cap 240 + earliest due date + weld second shift,128,Q2 to Q4,3832,9.208333333333314,19.208333333333314,206.7248677248677,0.8836116910229646,0.9292696612048276,0.4193253666460447,6.0,0.0,0.92901878914405,0.8881559220389805,17.83928035982009
S10 WIP cap 240 + earliest due date + weld second shift,129,year,5223,11.208333333333314,24.208333333333314,242.91698113207548,0.794179590273789,0.9398270537558736,0.4163483663058275,8.0,0.0,0.8504690790733295,0.8681657848324515,18.040123456790123
S10 WIP cap 240 + earliest due date + weld second shift,129,Q2 to Q4,3849,9.208333333333314,18.208333333333314,201.28571428571428,0.8999740192257729,0.9302073453286788,0.4170090974882283,1.0,0.0,0.9329696024941544,0.858763810092565,17.676321289937295
S10 Planned Saturdays + light work on B1 and B2,100,year,5225,11.208333333333314,23.208333333333314,237.8,0.8045933014354067,0.9283826517536816,0.877493569878471,26.0,92.0,0.8465071770334929,0.8484581497797357,17.947577092511015
S10 Planned Saturdays + light work on B1 and B2,100,Q2 to Q4,3821,9.208333333333314,17.208333333333314,199.84126984126985,0.8908662653755561,0.9144182031254988,0.8844532551096196,13.0,0.0,0.9199162522899764,0.8364893297264803,17.38503155996393
S10 Planned Saturdays + light work on B1 and B2,101,year,5223,10.208333333333314,22.208333333333314,228.3094339622641,0.829599846831323,0.9299409927300342,0.8471902393777223,25.0,104.0,0.8588933563086348,0.8558518845051797,17.417676878994932
S10 Planned Saturdays + light work on B1 and B2,101,Q2 to Q4,3775,8.208333333333314,16.208333333333314,192.1005291005291,0.9101986754966888,0.9167082375528488,0.8483253335940993,13.0,0.0,0.9250331125827814,0.8309429356118401,16.486725663716815
S10 Planned Saturdays + light work on B1 and B2,102,year,5265,10.208333333333314,23.208333333333314,229.24150943396228,0.8142450142450143,0.925106700317618,0.852356270397234,25.0,96.0,0.8497625830959165,0.8417030567685589,17.391484716157205
S10 Planned Saturdays + light work on B1 and B2,102,Q2 to Q4,3810,8.208333333333314,16.208333333333314,188.04761904761904,0.9083989501312336,0.9100785158431476,0.8482605360042673,14.0,0.0,0.926509186351706,0.820845921450151,16.47915407854985
S10 Planned Saturdays + light work on B1 and B2,103,year,5185,10.208333333333314,22.208333333333314,225.9584905660377,0.848023143683703,0.9280995839274304,0.8626973718336227,20.0,92.0,0.8702025072324011,0.8578409595735229,17.13394047090182
S10 Planned Saturdays + light work on B1 and B2,103,Q2 to Q4,3724,9.208333333333314,17.208333333333314,196.65079365079364,0.9009129967776583,0.9142226527873296,0.8411857623238161,10.0,24.0,0.9180988184747584,0.8165478772854045,16.106600557793616
S10 Planned Saturdays + light work on B1 and B2,104,year,5223,10.208333333333314,21.208333333333343,221.07924528301888,0.8504690790733295,0.9241201895029044,0.8443661646942386,23.0,104.0,0.8728699980853916,0.8624944909651829,16.928162185985016
S10 Planned Saturdays + light work on B1 and B2,104,Q2 to Q4,3744,8.208333333333314,16.208333333333314,188.59259259259252,0.90758547008547,0.9098121321930924,0.8353110118930848,13.0,0.0,0.9246794871794872,0.8111350353737311,15.645647493079052
S10 Planned Saturdays + light work on B1 and B2,105,year,5248,10.208333333333314,23.208333333333343,234.4679245283019,0.8046875,0.9317972127466028,0.8395665016237139,22.0,124.0,0.848704268292683,0.83921139101862,17.8197152245345
S10 Planned Saturdays + light work on B1 and B2,105,Q2 to Q4,3812,9.208333333333314,17.208333333333314,192.1957671957672,0.9110703043022036,0.9189641474201484,0.8288429571621332,10.0,0.0,0.9304826862539348,0.822536908707442,17.01114793612534
S10 Planned Saturdays + light work on B1 and B2,106,year,5236,11.208333333333314,23.208333333333343,239.16603773584905,0.7925897631779985,0.9387796196786,0.8448467907586612,21.0,140.0,0.8418640183346066,0.8528119507908611,17.99890158172232
S10 Planned Saturdays + light work on B1 and B2,106,Q2 to Q4,3814,9.208333333333314,17.208333333333314,198.05291005291005,0.8964341898269533,0.9283660862462594,0.8363179749463658,8.0,0.0,0.9242265338227582,0.8428657435279951,17.380794701986755
S10 Planned Saturdays + light work on B1 and B2,107,year,5262,10.208333333333314,23.208333333333314,232.1056603773585,0.8109083998479666,0.9349768153404092,0.8424966902719945,22.0,92.0,0.8519574306347396,0.8548633879781421,17.683060109289617
S10 Planned Saturdays + light work on B1 and B2,107,Q2 to Q4,3813,9.208333333333314,17.208333333333314,191.43915343915344,0.908733280881196,0.9233674186436928,0.8580641094413899,10.0,0.0,0.9273537896669288,0.8195534097767049,16.701267350633675
S10 Planned Saturdays + light work on B1 and B2,108,year,5229,10.208333333333314,22.208333333333343,227.77735849056603,0.8286479250334672,0.9247014212315868,0.8381237450318877,20.0,88.0,0.8602027156244024,0.8399296394019349,17.253518029903255
S10 Planned Saturdays + light work on B1 and B2,108,Q2 to Q4,3762,8.208333333333314,16.208333333333314,189.7989417989418,0.9125465178096756,0.9094631847134592,0.8523394893561376,9.0,0.0,0.9282296650717704,0.8167074663402693,16.237148102815176
S10 Planned Saturdays + light work on B1 and B2,109,year,5276,11.208333333333314,24.208333333333314,241.84528301886792,0.7841167551175132,0.9448493313837588,0.8516041594874757,22.0,124.0,0.8404094010614102,0.8828397212543554,18.49324912891986
S10 Planned Saturdays + light work on B1 and B2,109,Q2 to Q4,3825,9.208333333333314,17.208333333333314,198.03703703703704,0.9016993464052288,0.9366788995536264,0.8497282980325335,9.0,0.0,0.9233986928104576,0.8402402402402402,17.545045045045047
S10 Planned Saturdays + light work on B1 and B2,110,year,5253,10.208333333333314,23.208333333333314,231.2301886792453,0.8153436131734247,0.9304662875113856,0.846724957517849,19.0,88.0,0.8543689320388349,0.8679658419093497,17.69170133566893
S10 Planned Saturdays + light work on B1 and B2,110,Q2 to Q4,3797,8.208333333333314,16.208333333333314,190.4814814814815,0.9130892810113248,0.9172676657971436,0.8389224793305985,8.0,0.0,0.9286278641032394,0.8217641709608973,16.62140042437102
S10 Planned Saturdays + light work on B1 and B2,111,year,5265,10.208333333333314,23.208333333333343,235.0188679245283,0.7950617283950617,0.9332670766264248,0.8489877286542238,23.0,124.0,0.8459639126305794,0.8458515283842795,17.827292576419214
S10 Planned Saturdays + light work on B1 and B2,111,Q2 to Q4,3820,8.708333333333343,17.208333333333314,192.63492063492063,0.9068062827225132,0.92097819692981,0.8502495958386119,11.0,0.0,0.9287958115183246,0.8320794462834787,17.09389106229311
S10 Planned Saturdays + light work on B1 and B2,112,year,5243,10.208333333333314,22.208333333333314,229.77735849056603,0.8361625023841313,0.932552260247832,0.8501204993608757,20.0,48.0,0.8651535380507344,0.8720368744512731,17.563652326602284
S10 Planned Saturdays + light work on B1 and B2,112,Q2 to Q4,3789,9.208333333333314,17.208333333333314,196.84126984126985,0.9034045922406968,0.9202193693080052,0.8474147487442423,9.0,0.0,0.9268936394827132,0.8355123137731834,16.60261477652782
S10 Planned Saturdays + light work on B1 and B2,113,year,5241,11.208333333333314,24.208333333333314,239.7094339622641,0.8017553901927114,0.9392353757640648,0.8542446220025401,19.0,120.0,0.8511734401831712,0.8932485751863218,18.394563787812363
S10 Planned Saturdays + light work on B1 and B2,113,Q2 to Q4,3777,9.208333333333314,17.208333333333314,202.11640211640213,0.9012443738416732,0.9291221673886778,0.862251893365134,8.0,8.0,0.9216309240137676,0.8515696434014021,17.2752209692167
S10 Planned Saturdays + light work on B1 and B2,114,year,5239,10.208333333333314,23.208333333333314,230.622641509434,0.8169497995800725,0.931027203395704,0.8620978740462001,26.0,96.0,0.8446268371826684,0.865891132572432,17.505267778753293
S10 Planned Saturdays + light work on B1 and B2,114,Q2 to Q4,3807,8.208333333333314,17.208333333333314,192.5343915343916,0.902547938008931,0.918057049829085,0.8724937790275883,14.0,0.0,0.9180457052797478,0.8468277945619336,16.602719033232628
S10 Planned Saturdays + light work on B1 and B2,115,year,5224,10.208333333333314,21.208333333333314,217.7849056603773,0.860260336906585,0.9247564026499364,0.8516918895458634,22.0,60.0,0.871937212863706,0.8294402820625827,16.54892022917585
S10 Planned Saturdays + light work on B1 and B2,115,Q2 to Q4,3734,8.208333333333371,16.208333333333314,191.7301587301588,0.899571505088377,0.9116440916094484,0.8601991008992041,13.0,0.0,0.9148366363149436,0.7982673267326733,15.472772277227724
S10 Planned Saturdays + light work on B1 and B2,116,year,5220,10.208333333333314,22.208333333333314,226.25283018867924,0.8373563218390805,0.9234229432664376,0.8570016159207815,22.0,80.0,0.8622605363984674,0.8624641833810889,17.421423848357946
S10 Planned Saturdays + light work on B1 and B2,116,Q2 to Q4,3731,8.208333333333314,16.208333333333314,191.6296296296296,0.9043151969981238,0.9077754342186536,0.8336505242437383,10.0,12.0,0.9220048244438488,0.8158220024721878,16.152348578491967
S10 Planned Saturdays + light work on B1 and B2,117,year,5210,10.208333333333314,22.208333333333343,230.99245283018868,0.8161228406909788,0.9287835102695514,0.8550622143677853,22.0,116.0,0.8518234165067179,0.840141311547803,17.368734820048576
S10 Planned Saturdays + light work on B1 and B2,117,Q2 to Q4,3782,9.208333333333314,17.208333333333314,195.2169312169312,0.8955579058699101,0.9149999605738912,0.8593735909358791,11.0,12.0,0.9159175039661556,0.8254788689571299,16.640316205533598
S10 Planned Saturdays + light work on B1 and B2,118,year,5250,10.208333333333314,22.208333333333314,225.3320754716981,0.8428571428571429,0.937288672762164,0.8545002849378938,20.0,92.0,0.8611428571428571,0.8477212971078002,17.25021910604733
S10 Planned Saturdays + light work on B1 and B2,118,Q2 to Q4,3759,8.208333333333314,16.208333333333314,190.65079365079364,0.9098164405426976,0.9265296568661886,0.8351787423226391,9.0,0.0,0.9204575685022612,0.8106037388905915,16.05056696291756
S10 Planned Saturdays + light work on B1 and B2,119,year,5216,10.208333333333314,21.208333333333314,223.0,0.8495015337423313,0.9253629823939729,0.8253786280201972,24.0,44.0,0.8698236196319018,0.8502756339581037,16.991400220507167
S10 Planned Saturdays + light work on B1 and B2,119,Q2 to Q4,3754,9.208333333333314,16.208333333333314,191.83068783068785,0.9102290889717636,0.9105041670723348,0.8438043217255665,12.0,0.0,0.9238145977623868,0.8079165388155876,15.950905185639767
S10 Planned Saturdays + light work on B1 and B2,120,year,5197,10.208333333333314,22.208333333333314,225.40377358490565,0.833172984414085,0.9242403905146372,0.8427379910341736,22.0,100.0,0.8531845295362709,0.838716814159292,17.115929203539824
S10 Planned Saturdays + light work on B1 and B2,120,Q2 to Q4,3748,8.208333333333314,17.208333333333314,192.59259259259252,0.8892742796157951,0.9087647670928894,0.8627688185424758,10.0,0.0,0.9060832443970116,0.820166000614817,16.24961573931755
S10 Planned Saturdays + light work on B1 and B2,121,year,5246,10.208333333333314,22.208333333333314,225.67924528301887,0.8404498665650019,0.9330556275662272,0.8644692139990837,20.0,96.0,0.8703774304231796,0.8681728449221321,17.350734810265408
S10 Planned Saturdays + light work on B1 and B2,121,Q2 to Q4,3784,8.208333333333371,16.208333333333314,192.5978835978836,0.904598308668076,0.9207187452787432,0.8787436388236193,8.0,0.0,0.9217758985200846,0.8170471841704718,16.275494672754945
S10 Planned Saturdays + light work on B1 and B2,122,year,5250,11.208333333333314,23.208333333333314,234.5283018867925,0.8203809523809524,0.9348080896614824,0.845762270650515,22.0,88.0,0.8582857142857143,0.8708123494635428,17.802058243923803
S10 Planned Saturdays + light work on B1 and B2,122,Q2 to Q4,3812,9.208333333333314,17.208333333333314,199.46031746031747,0.8974291710388248,0.9231482378158544,0.8492362146965684,10.0,0.0,0.924186778593914,0.8586071751582756,17.077178173047933
S10 Planned Saturdays + light work on B1 and B2,123,year,5236,11.208333333333314,22.208333333333314,233.50566037735848,0.8248663101604278,0.9382749740527788,0.8556474898464145,21.0,116.0,0.8567608861726509,0.8669301712779973,17.747474747474747
S10 Planned Saturdays + light work on B1 and B2,123,Q2 to Q4,3797,9.208333333333314,17.208333333333314,199.55026455026456,0.8993942586252305,0.927875504078643,0.865964657059705,11.0,0.0,0.921253621279958,0.8244922703849651,16.9317975143983
S10 Planned Saturdays + light work on B1 and B2,124,year,5243,10.208333333333314,22.208333333333314,226.1471698113208,0.842456608811749,0.9387307194755442,0.8546343574018488,21.0,80.0,0.8687774175090597,0.8408691834942933,17.174934152765584
S10 Planned Saturdays + light work on B1 and B2,124,Q2 to Q4,3794,8.208333333333314,16.208333333333314,192.1005291005291,0.9103848181338956,0.92852487908812,0.8550915247761637,10.0,0.0,0.9288350026357406,0.8223165554881746,16.3068526379624
S10 Planned Saturdays + light work on B1 and B2,125,year,5193,10.208333333333314,21.208333333333314,220.3698113207547,0.8540342769112267,0.93420600608411,0.8445058496790206,20.0,76.0,0.868476795686501,0.8363313346657784,16.598267821452364
S10 Planned Saturdays + light work on B1 and B2,125,Q2 to Q4,3716,8.208333333333314,16.208333333333314,193.1058201058201,0.8996232508073198,0.9264310071736072,0.8497026123154521,9.0,0.0,0.9165769644779332,0.8091389493316755,15.524090767796084
S10 Planned Saturdays + light work on B1 and B2,126,year,5235,10.208333333333314,22.208333333333314,228.26792452830188,0.8420248328557784,0.9351436635629946,0.8593332129352442,17.0,92.0,0.8687679083094556,0.8878381350340884,17.450406861667034
S10 Planned Saturdays + light work on B1 and B2,126,Q2 to Q4,3761,9.208333333333314,17.208333333333314,197.88359788359787,0.8994948152087211,0.9236303775955982,0.8666043254839854,7.0,0.0,0.9199680935921296,0.8436541998773759,16.390557939914164
S10 Planned Saturdays + light work on B1 and B2,127,year,5267,10.208333333333314,21.208333333333314,221.33584905660376,0.8494399088665274,0.922023124944042,0.8635055340222088,18.0,64.0,0.8682361875830643,0.8475982532751092,16.984279475982532
S10 Planned Saturdays + light work on B1 and B2,127,Q2 to Q4,3786,8.208333333333314,16.208333333333314,187.9312169312169,0.9123085050184891,0.9060228470853972,0.8567672850703663,9.0,0.0,0.9265715795034336,0.8090024330900243,15.739659367396596
S10 Planned Saturdays + light work on B1 and B2,128,year,5229,10.208333333333314,22.208333333333314,228.24528301886792,0.8426085293555173,0.9338613972671004,0.8503950775791604,24.0,104.0,0.8623063683304647,0.8414446157234089,17.36687954195111
S10 Planned Saturdays + light work on B1 and B2,128,Q2 to Q4,3763,9.208333333333314,16.208333333333314,194.12698412698413,0.9093808131809726,0.92186542965881,0.8514932964425468,11.0,20.0,0.9250597927185756,0.8179871520342612,16.445702049556438
S10 Planned Saturdays + light work on B1 and B2,129,year,5246,10.208333333333314,23.208333333333343,235.5132075471698,0.8089973313000381,0.9353180597968108,0.8443416906565535,20.0,120.0,0.8475028593213877,0.8552314103970169,17.963149813555603
S10 Planned Saturdays + light work on B1 and B2,129,Q2 to Q4,3781,9.208333333333314,17.208333333333314,194.6190476190476,0.9137794234329544,0.9237344572391908,0.8524593945050548,8.0,0.0,0.929912721502248,0.8215919487648673,16.88106129917658
S10 WIP cap 240 + earliest due date + weld second shift + setup reduction,100,year,5246,9.208333333333314,22.208333333333314,218.36603773584903,0.8326343881052231,0.914778396919998,0.4165930799226457,7.0,8.0,0.866374380480366,0.6138657305835893,16.651162790697676
S10 WIP cap 240 + earliest due date + weld second shift + setup reduction,100,Q2 to Q4,3831,8.208333333333314,16.208333333333314,178.14285714285714,0.913860610806578,0.896893601469636,0.4302933899760203,4.0,0.0,0.9321326024536676,0.503001200480192,15.70888355342137
S10 WIP cap 240 + earliest due date + weld second shift + setup reduction,101,year,5200,9.208333333333314,19.208333333333314,201.0754716981132,0.8903846153846153,0.8979413993138442,0.4061294230470423,8.0,0.0,0.8978846153846154,0.766489597166888,15.244355909694557
S10 WIP cap 240 + earliest due date + weld second shift + setup reduction,101,Q2 to Q4,3736,8.208333333333314,16.208333333333314,179.4021164021164,0.9199678800856532,0.8844237296403827,0.4116449364078944,5.0,0.0,0.9336188436830836,0.7182968219685283,14.255476704720763
S10 WIP cap 240 + earliest due date + weld second shift + setup reduction,102,year,5207,10.208333333333314,21.208333333333343,218.0566037735849,0.8415594392164394,0.9167724622299974,0.4116374362936343,4.0,0.0,0.8657576339542923,0.7009738822487827,16.43271359008411
S10 WIP cap 240 + earliest due date + weld second shift + setup reduction,102,Q2 to Q4,3755,8.208333333333314,16.208333333333314,182.0793650793651,0.9150466045272968,0.8995077306180101,0.4168444323117407,1.0,0.0,0.9275632490013316,0.6304481276856968,15.454573357888275
S10 WIP cap 240 + earliest due date + weld second shift + setup reduction,103,year,5204,9.208333333333314,20.208333333333314,209.93962264150943,0.8677940046118371,0.9132312900557608,0.4128970553876488,5.0,0.0,0.8848962336664105,0.711091432366615,15.874031436794333
S10 WIP cap 240 + earliest due date + weld second shift + setup reduction,103,Q2 to Q4,3788,8.208333333333314,16.208333333333314,179.24338624338623,0.9186906019007391,0.8946334489424141,0.4135589683845569,2.0,0.0,0.9347940865892292,0.6472196900638104,15.079307201458525
S10 WIP cap 240 + earliest due date + weld second shift + setup reduction,104,year,5209,9.208333333333314,20.208333333333314,209.2188679245283,0.8656172009982722,0.9051784655652284,0.4131709414529194,10.0,0.0,0.8827030140142061,0.6387353526420517,15.9042670793721
S10 WIP cap 240 + earliest due date + weld second shift + setup reduction,104,Q2 to Q4,3763,8.208333333333314,15.208333333333314,177.8783068783069,0.9176189210736114,0.8839765204255526,0.4219878358578875,6.0,0.0,0.9293117193728408,0.5124118908979467,14.836959852896108
S10 WIP cap 240 + earliest due date + weld second shift + setup reduction,105,year,5201,9.208333333333314,20.208333333333343,212.15849056603773,0.861565083637762,0.9132806637710182,0.4281029393171303,7.0,0.0,0.8805998846375697,0.8517615776645248,16.039220031021493
S10 WIP cap 240 + earliest due date + weld second shift + setup reduction,105,Q2 to Q4,3752,8.208333333333314,16.208333333333314,182.44973544973544,0.9123134328358208,0.8947451599389946,0.4296503099017184,4.0,0.0,0.9317697228144988,0.8084126496776174,15.129260055265584
S10 WIP cap 240 + earliest due date + weld second shift + setup reduction,106,year,5211,10.208333333333314,22.208333333333314,227.09056603773584,0.8255613126079447,0.915296915126219,0.4302923953791142,8.0,0.0,0.8599117251966993,0.7936753648827952,17.059265811587792
S10 WIP cap 240 + earliest due date + weld second shift + setup reduction,106,Q2 to Q4,3825,8.208333333333314,17.208333333333314,187.05291005291005,0.9061437908496732,0.8973878150349134,0.4325475714512078,4.0,0.0,0.928627450980392,0.749172932330827,16.39308270676692
S10 WIP cap 240 + earliest due date + weld second shift + setup reduction,107,year,5213,10.208333333333314,21.208333333333314,214.8716981132076,0.8563207366199885,0.9166958620596724,0.4121400776621661,2.0,4.0,0.8733934394782276,0.807505518763797,16.306843267108167
S10 WIP cap 240 + earliest due date + weld second shift + setup reduction,107,Q2 to Q4,3772,8.208333333333314,16.208333333333314,181.6084656084656,0.9178154825026512,0.8993742599180706,0.4169440995849658,1.0,0.0,0.928950159066808,0.7662496185535551,15.365883429966432
S10 WIP cap 240 + earliest due date + weld second shift + setup reduction,108,year,5190,9.208333333333314,20.208333333333314,213.33962264150944,0.8657032755298651,0.9142737802492872,0.4235891140550279,6.0,0.0,0.8828516377649326,0.8260869565217391,16.036601597160605
S10 WIP cap 240 + earliest due date + weld second shift + setup reduction,108,Q2 to Q4,3744,8.208333333333314,16.208333333333314,183.7142857142857,0.9121260683760684,0.8964944286273424,0.4197598207152034,3.0,0.0,0.9300213675213675,0.7939095662872963,15.134112580744386
S10 WIP cap 240 + earliest due date + weld second shift + setup reduction,109,year,5213,9.208333333333314,20.208333333333314,208.9358490566038,0.8732016113562249,0.9183454009521574,0.4231484610769613,8.0,0.0,0.8866295798964128,0.837491720026496,15.883417973062484
S10 WIP cap 240 + earliest due date + weld second shift + setup reduction,109,Q2 to Q4,3769,8.208333333333314,16.208333333333314,180.44973544973544,0.9227911912974264,0.9017986137167766,0.4173104240953001,1.0,0.0,0.936057309631202,0.8069049801405438,14.9104796822487
S10 WIP cap 240 + earliest due date + weld second shift + setup reduction,110,year,5184,9.208333333333314,20.208333333333314,211.61132075471696,0.8738425925925926,0.9106523108949276,0.4129670626669399,9.0,0.0,0.8859953703703703,0.7885384273656153,15.91737005775211
S10 WIP cap 240 + earliest due date + weld second shift + setup reduction,110,Q2 to Q4,3746,8.208333333333314,16.208333333333314,184.9206349206349,0.9135077415910304,0.8940347914464876,0.4181079942233447,4.0,0.0,0.9281900694073678,0.7455384615384615,15.074153846153846
S10 WIP cap 240 + earliest due date + weld second shift + setup reduction,111,year,5227,10.208333333333314,22.208333333333314,222.8981132075472,0.826286588865506,0.916667613193212,0.4123800096184858,5.0,0.0,0.8614884254830687,0.8151001540832049,16.849438696896325
S10 WIP cap 240 + earliest due date + weld second shift + setup reduction,111,Q2 to Q4,3794,8.208333333333314,16.208333333333314,182.82539682539684,0.9077490774907748,0.899207647455245,0.4224628401300601,1.0,0.0,0.9317343173431736,0.7929675659290694,16.002121855107607
S10 WIP cap 240 + earliest due date + weld second shift + setup reduction,112,year,5223,9.208333333333314,21.208333333333314,216.8792452830189,0.8420448018380241,0.917357586081992,0.4187500551812689,6.0,0.0,0.8703810070840513,0.5850970017636684,16.38910934744268
S10 WIP cap 240 + earliest due date + weld second shift + setup reduction,112,Q2 to Q4,3812,8.208333333333314,16.208333333333314,178.7724867724868,0.9194648478488984,0.9001141741229275,0.4134839758257394,2.0,0.0,0.9357292759706192,0.4468599033816425,15.389190821256038
S10 WIP cap 240 + earliest due date + weld second shift + setup reduction,113,year,5232,10.208333333333314,21.208333333333314,215.78867924528305,0.849388379204893,0.9156680986644296,0.4104312903567114,10.0,0.0,0.8734709480122325,0.8441558441558441,16.2722870349989
S10 WIP cap 240 + earliest due date + weld second shift + setup reduction,113,Q2 to Q4,3799,8.208333333333314,16.208333333333314,183.52910052910053,0.9083969465648856,0.8979814758479353,0.4170086330585823,6.0,0.0,0.9284022111081864,0.822067293119127,15.328281297362835
S10 WIP cap 240 + earliest due date + weld second shift + setup reduction,114,year,5245,10.208333333333314,22.208333333333314,227.02641509433963,0.8289799809342231,0.9089045403887384,0.413927814054823,14.0,0.0,0.8627264061010487,0.8287280701754386,17.109429824561403
S10 WIP cap 240 + earliest due date + weld second shift + setup reduction,114,Q2 to Q4,3839,8.208333333333314,16.208333333333314,185.92592592592592,0.9187288356342798,0.8889460196440474,0.4102100648579297,10.0,0.0,0.934878874706955,0.7982035928143713,16.33443113772455
S10 WIP cap 240 + earliest due date + weld second shift + setup reduction,115,year,5217,10.208333333333314,21.208333333333314,219.38867924528304,0.851255510829979,0.9089020171279738,0.4093136015771584,11.0,0.0,0.8731071497028944,0.8582138919514885,16.602425578831312
S10 WIP cap 240 + earliest due date + weld second shift + setup reduction,115,Q2 to Q4,3784,8.208333333333314,16.208333333333314,184.1904761904762,0.9186046511627908,0.8885818270180991,0.4188787643194688,4.0,0.0,0.9312896405919662,0.817988453357642,15.725919173503494
S10 WIP cap 240 + earliest due date + weld second shift + setup reduction,116,year,5158,9.208333333333314,19.208333333333314,198.7509433962264,0.8937572702597906,0.9051585936905328,0.4234953181667515,12.0,0.0,0.9005428460643661,0.7415026833631485,15.016994633273702
S10 WIP cap 240 + earliest due date + weld second shift + setup reduction,116,Q2 to Q4,3748,8.208333333333314,15.208333333333314,178.03174603174602,0.9156883671291356,0.8859441222547527,0.4187303325283595,10.0,0.0,0.9263607257203842,0.6492307692307693,14.189846153846156
S10 WIP cap 240 + earliest due date + weld second shift + setup reduction,117,year,5189,10.208333333333314,21.208333333333314,218.41509433962264,0.8543071882829062,0.919390196975374,0.4197906209618823,9.0,0.0,0.8739641549431489,0.7808826790862718,16.359503215790642
S10 WIP cap 240 + earliest due date + weld second shift + setup reduction,117,Q2 to Q4,3789,8.208333333333314,16.208333333333314,185.64021164021165,0.9144893111638956,0.9027493797001764,0.4222838629248431,3.0,0.0,0.9287410926365796,0.7348921955663529,15.641967810507136
S10 WIP cap 240 + earliest due date + weld second shift + setup reduction,118,year,5195,9.208333333333314,19.208333333333314,201.8264150943396,0.8846968238691049,0.9006487522058074,0.4386690890340112,6.0,0.0,0.8937439846005775,0.6815865278085531,15.321958785730112
S10 WIP cap 240 + earliest due date + weld second shift + setup reduction,118,Q2 to Q4,3747,8.208333333333314,15.208333333333314,175.48677248677248,0.9212703496130238,0.881264338842368,0.4272322091053629,2.0,0.0,0.9338137176407793,0.6005535055350554,14.411131611316112
S10 WIP cap 240 + earliest due date + weld second shift + setup reduction,119,year,5230,10.208333333333314,22.208333333333314,221.8188679245283,0.8347992351816443,0.9102048863632404,0.4171121591787779,9.0,4.0,0.8684512428298279,0.6986572749284614,16.701738939027074
S10 WIP cap 240 + earliest due date + weld second shift + setup reduction,119,Q2 to Q4,3807,8.208333333333314,16.208333333333314,183.7830687830688,0.913317572892041,0.8902708106345961,0.4165953221493584,2.0,0.0,0.9319674284213292,0.6222826086956522,15.844504830917874
S10 WIP cap 240 + earliest due date + weld second shift + setup reduction,120,year,5221,9.208333333333314,20.208333333333314,206.15849056603773,0.8741620379237693,0.9091021793620122,0.4231632792033763,8.0,4.0,0.8894847730319863,0.6438023820026467,15.58469342743714
S10 WIP cap 240 + earliest due date + weld second shift + setup reduction,120,Q2 to Q4,3772,8.208333333333314,15.208333333333314,177.04232804232805,0.9191410392364792,0.8891430845924523,0.4197146550033212,5.0,0.0,0.9329268292682928,0.5201588271227856,14.445632254123396
S10 WIP cap 240 + earliest due date + weld second shift + setup reduction,121,year,5200,9.208333333333314,20.208333333333343,212.56981132075472,0.8590384615384615,0.906721374405494,0.416503262704067,8.0,0.0,0.8775,0.7586359610274579,15.970106288751108
S10 WIP cap 240 + earliest due date + weld second shift + setup reduction,121,Q2 to Q4,3752,8.208333333333314,16.208333333333314,181.06878306878303,0.9128464818763328,0.8900688740533226,0.420423757560918,4.0,0.0,0.9235074626865672,0.697574455019957,15.04267731040835
S10 WIP cap 240 + earliest due date + weld second shift + setup reduction,122,year,5230,10.208333333333314,21.208333333333343,218.26415094339623,0.8445506692160611,0.9095216105567336,0.4319234998405465,10.0,0.0,0.8707456978967495,0.6864686468646864,16.592739273927393
S10 WIP cap 240 + earliest due date + weld second shift + setup reduction,122,Q2 to Q4,3802,8.208333333333314,16.208333333333314,179.8783068783069,0.9195160441872698,0.8899429020082686,0.430451725898944,5.0,0.0,0.9345081536033668,0.5827534039334342,15.620272314674736
S10 WIP cap 240 + earliest due date + weld second shift + setup reduction,123,year,5185,9.208333333333314,21.208333333333314,214.21132075471692,0.8540019286403085,0.900687653805937,0.4184376424744614,11.0,0.0,0.874831243972999,0.778,16.124222222222222
S10 WIP cap 240 + earliest due date + weld second shift + setup reduction,123,Q2 to Q4,3769,8.208333333333314,16.208333333333314,180.8941798941799,0.9119129742637304,0.879376395532505,0.4187434603182559,6.0,0.0,0.9286282833642876,0.7335576628938514,15.28724380544509
S10 WIP cap 240 + earliest due date + weld second shift + setup reduction,124,year,5224,9.208333333333314,21.208333333333314,213.76603773584907,0.8579632465543645,0.9149387041133232,0.4232806989383936,8.0,0.0,0.8778713629402757,0.6185862144902003,16.170447038097336
S10 WIP cap 240 + earliest due date + weld second shift + setup reduction,124,Q2 to Q4,3780,8.208333333333314,16.208333333333314,178.010582010582,0.9224867724867724,0.8968202986788218,0.4212371012342601,3.0,0.0,0.9362433862433862,0.512477175897748,15.161898965307364
S10 WIP cap 240 + earliest due date + weld second shift + setup reduction,125,year,5211,9.208333333333314,20.208333333333343,210.9509433962264,0.8729610439454999,0.9109146048813904,0.4155720454236526,10.0,4.0,0.8879293801573594,0.6419098143236074,15.872015915119364
S10 WIP cap 240 + earliest due date + weld second shift + setup reduction,125,Q2 to Q4,3799,8.208333333333314,16.208333333333314,179.55026455026456,0.918399578836536,0.8917148791635733,0.4240793455673368,8.0,0.0,0.9326138457488812,0.5228857229463474,14.97635647165808
S10 WIP cap 240 + earliest due date + weld second shift + setup reduction,126,year,5195,9.208333333333314,21.208333333333314,215.4981132075472,0.853320500481232,0.9097146107659554,0.4305710389576459,10.0,4.0,0.8752646775745909,0.683662159166482,16.196630458878296
S10 WIP cap 240 + earliest due date + weld second shift + setup reduction,126,Q2 to Q4,3774,8.208333333333314,16.208333333333314,181.6137566137566,0.9162692103868576,0.8904379003259999,0.4315094175403,6.0,0.0,0.9311075781664016,0.5993276283618582,15.209963325183374
S10 WIP cap 240 + earliest due date + weld second shift + setup reduction,127,year,5178,10.208333333333314,21.208333333333314,216.18867924528303,0.8617226728466589,0.907857792355542,0.4119109916247098,9.0,8.0,0.8816145229818463,0.8160356347438753,16.232962138084634
S10 WIP cap 240 + earliest due date + weld second shift + setup reduction,127,Q2 to Q4,3777,8.208333333333314,16.208333333333314,183.86243386243387,0.9176595181360868,0.8873820602931453,0.4218160131395266,5.0,0.0,0.933809902038655,0.7809640024405126,15.45790115924344
S10 WIP cap 240 + earliest due date + weld second shift + setup reduction,128,year,5215,9.208333333333314,21.208333333333314,216.8264150943396,0.8475551294343241,0.9151698232539598,0.4298720767542442,8.0,4.0,0.8738255033557047,0.6357016769638129,16.227714033539275
S10 WIP cap 240 + earliest due date + weld second shift + setup reduction,128,Q2 to Q4,3813,8.208333333333314,16.208333333333314,180.3174603174604,0.912929451875164,0.8972011065113749,0.4227624432442535,4.0,0.0,0.9278783110411748,0.5378353934277962,15.434127223394634
S10 WIP cap 240 + earliest due date + weld second shift + setup reduction,129,year,5219,10.208333333333314,22.208333333333314,226.38867924528304,0.8290860318068596,0.9169004150234876,0.4126098147286684,9.0,0.0,0.8651082582870282,0.6921719955898566,16.96670341786108
S10 WIP cap 240 + earliest due date + weld second shift + setup reduction,129,Q2 to Q4,3832,8.208333333333314,17.208333333333314,187.4021164021164,0.9120563674321504,0.8995632781539339,0.4238889619868295,5.0,0.0,0.931106471816284,0.5951380552220888,16.195978391356544
P1 Setup reduction + weld second shift,100,year,5272,9.208333333333314,21.208333333333314,214.7622641509434,0.8548937784522003,0.8995767707971707,0.4153554790768898,15.0,64.0,0.8685508345978755,0.8010893246187364,16.472113289760347
P1 Setup reduction + weld second shift,100,Q2 to Q4,3774,8.208333333333314,15.208333333333314,179.96825396825398,0.915474297827239,0.8786894017917325,0.4235920503663208,5.0,0.0,0.9273979862215156,0.7651723086306801,15.219884111009454
P1 Setup reduction + weld second shift,101,year,5260,10.208333333333314,21.208333333333314,217.7245283018868,0.8574144486692015,0.9109879111200536,0.412858096409722,11.0,64.0,0.8720532319391635,0.8305975049244911,16.641059312759904
P1 Setup reduction + weld second shift,101,Q2 to Q4,3758,8.208333333333314,16.208333333333314,183.33333333333331,0.9217668972857904,0.8928798572413509,0.4238130267293484,3.0,0.0,0.9329430548163916,0.8038013488657265,15.411097486204785
P1 Setup reduction + weld second shift,102,year,5211,9.208333333333314,20.208333333333343,212.38490566037737,0.8720015352139705,0.911180035127195,0.4096544116845204,10.0,64.0,0.8773747841105354,0.8356890459363958,16.162102473498233
P1 Setup reduction + weld second shift,102,Q2 to Q4,3719,8.208333333333314,16.208333333333314,185.3068783068783,0.9161064802366228,0.8972230862945698,0.4258719026648797,4.0,0.0,0.9249798332885184,0.7937344913151365,14.74224565756824
P1 Setup reduction + weld second shift,103,year,5226,9.208333333333371,20.208333333333314,211.18490566037732,0.8800229621125144,0.905366707589844,0.4086623358928351,12.0,40.0,0.884424033677765,0.7730277655354781,16.0
P1 Setup reduction + weld second shift,103,Q2 to Q4,3749,8.208333333333314,16.208333333333314,186.35978835978835,0.9159775940250734,0.8865062904447251,0.4179343982058532,6.0,0.0,0.9295812216591092,0.7310769230769231,15.0
P1 Setup reduction + weld second shift,104,year,5269,9.208333333333314,20.208333333333343,212.90943396226416,0.8692351489846271,0.9039873854387176,0.4161948185343783,10.0,48.0,0.8800531410134751,0.824235807860262,16.369213973799127
P1 Setup reduction + weld second shift,104,Q2 to Q4,3766,8.208333333333314,15.208333333333314,181.0793650793651,0.9211364843335104,0.8891688028873667,0.4252086760940666,4.0,0.0,0.9362719065321295,0.7971813725490197,15.06219362745098
P1 Setup reduction + weld second shift,105,year,5208,9.208333333333314,20.208333333333314,206.66792452830188,0.8840245775729647,0.9046454117649382,0.4174674663015965,12.0,36.0,0.8859447004608295,0.8045544992261773,15.6904709263763
P1 Setup reduction + weld second shift,105,Q2 to Q4,3716,8.208333333333314,15.208333333333314,183.7195767195767,0.918729817007535,0.88667129053315,0.4261508224999351,5.0,0.0,0.927341227125942,0.7684897451833437,14.444686140459911
P1 Setup reduction + weld second shift,106,year,5235,10.208333333333314,20.208333333333343,213.5433962264151,0.8613180515759312,0.9041133808958048,0.4076540969949046,13.0,48.0,0.8695319961795607,0.8130635583901473,16.216406421816583
P1 Setup reduction + weld second shift,106,Q2 to Q4,3751,8.208333333333314,15.208333333333314,183.7248677248677,0.9168221807517996,0.8830574520222872,0.4179973485807481,4.0,0.0,0.9248200479872034,0.7823547494620351,15.041192745158316
P1 Setup reduction + weld second shift,107,year,5236,9.208333333333314,20.208333333333314,209.18490566037732,0.8764323911382735,0.9002194503916495,0.4150012733465392,10.0,48.0,0.88292589763178,0.8184216311277204,15.987030116509125
P1 Setup reduction + weld second shift,107,Q2 to Q4,3734,8.208333333333314,16.208333333333314,185.05291005291005,0.9121585431173004,0.8859352443408872,0.4234822259035519,3.0,0.0,0.9220674879485806,0.7879443585780526,14.63678516228748
P1 Setup reduction + weld second shift,108,year,5243,10.208333333333314,21.208333333333314,214.80377358490568,0.8706847224871257,0.914004159460182,0.4072828152008843,11.0,60.0,0.8815563608621019,0.824934268185802,16.27344434706398
P1 Setup reduction + weld second shift,108,Q2 to Q4,3740,8.208333333333314,16.208333333333314,184.7830687830688,0.9211229946524064,0.8995486474421395,0.4228922634083654,2.0,0.0,0.9331550802139036,0.7979642196175201,15.043183220234424
P1 Setup reduction + weld second shift,109,year,5271,10.208333333333314,20.208333333333343,211.76603773584907,0.8687156137355341,0.915496045392985,0.4164800902894696,7.0,56.0,0.8761145892619996,0.8358437022484174,16.42348832132722
P1 Setup reduction + weld second shift,109,Q2 to Q4,3772,8.208333333333314,15.208333333333314,182.02645502645504,0.9239130434782608,0.8992491833609866,0.4299447460918625,1.0,0.0,0.9308059384941676,0.8,15.107339449541284
P1 Setup reduction + weld second shift,110,year,5253,9.208333333333314,21.208333333333314,212.06037735849057,0.8657909765848086,0.9060729419171092,0.4157759384108497,9.0,44.0,0.8749286122215877,0.8240700218818381,16.178336980306344
P1 Setup reduction + weld second shift,110,Q2 to Q4,3732,8.208333333333314,15.208333333333314,181.11640211640213,0.9188102893890676,0.8897217546281218,0.4270877029675087,0.0,0.0,0.927652733118971,0.7968460111317254,14.877551020408164
P1 Setup reduction + weld second shift,111,year,5226,9.208333333333314,21.208333333333314,212.6075471698113,0.8733256792958285,0.9028554332632692,0.4060180906059132,15.0,72.0,0.8819364714887103,0.8163400132129487,16.18189826029509
P1 Setup reduction + weld second shift,111,Q2 to Q4,3720,8.208333333333314,15.208333333333314,183.66137566137567,0.91747311827957,0.8814013815358723,0.4227390464920396,6.0,8.0,0.9298387096774192,0.7739130434782608,14.85031055900621
P1 Setup reduction + weld second shift,112,year,5193,9.208333333333314,21.208333333333314,211.01509433962264,0.8667436934334681,0.9038942192517212,0.4078590426376614,11.0,88.0,0.8740612362796072,0.6844907921011759,16.10561349012647
P1 Setup reduction + weld second shift,112,Q2 to Q4,3687,8.208333333333314,15.208333333333314,180.6984126984127,0.9142934635204774,0.8876973608335541,0.4187158477928953,4.0,20.0,0.9251423921887714,0.5984943538268507,14.751568381430364
P1 Setup reduction + weld second shift,113,year,5219,9.208333333333314,20.208333333333343,211.6301886792453,0.86989844797854,0.9140137592134736,0.4032706121737417,12.0,44.0,0.880053650124545,0.84696802646086,16.358765159867694
P1 Setup reduction + weld second shift,113,Q2 to Q4,3718,8.208333333333314,15.208333333333314,184.24867724867724,0.916890801506186,0.9004392945212363,0.4189875916992551,5.0,0.0,0.9281871974179666,0.7963365414467557,14.89754734554486
P1 Setup reduction + weld second shift,114,year,5227,10.208333333333314,21.208333333333314,217.3735849056604,0.8572795102353167,0.9028623175299428,0.4119034739734587,16.0,52.0,0.8766022575090874,0.8373321593660576,16.56020250935505
P1 Setup reduction + weld second shift,114,Q2 to Q4,3734,8.208333333333314,16.208333333333314,186.64550264550263,0.9129619710765936,0.883899235638028,0.428002853442063,7.0,0.0,0.9290305302624532,0.8030256251929608,15.390243902439025
P1 Setup reduction + weld second shift,115,year,5230,10.208333333333314,21.208333333333314,215.18490566037732,0.858508604206501,0.9126576181739984,0.4182160675996308,14.0,72.0,0.8734225621414914,0.8069132540730956,16.47203874944958
P1 Setup reduction + weld second shift,115,Q2 to Q4,3739,8.208333333333314,15.208333333333314,181.83597883597884,0.9227066060443968,0.8953135383770665,0.4266594940039175,4.0,0.0,0.931799946509762,0.755177743431221,15.11097372488408
P1 Setup reduction + weld second shift,116,year,5250,10.208333333333314,22.208333333333314,221.1811320754717,0.8419047619047619,0.9039172146274316,0.4157950874014753,15.0,116.0,0.8649523809523809,0.8452276707530648,17.09063047285464
P1 Setup reduction + weld second shift,116,Q2 to Q4,3730,8.208333333333314,16.208333333333314,185.74074074074076,0.9144772117962466,0.88278533445322,0.4245937920721629,5.0,0.0,0.9281501340482574,0.8074303405572756,15.60278637770898
P1 Setup reduction + weld second shift,117,year,5222,9.208333333333314,20.208333333333314,209.28679245283016,0.8806970509383378,0.9052575564993778,0.4041113033097553,11.0,52.0,0.8822290310225968,0.8285966071821987,16.04868913857678
P1 Setup reduction + weld second shift,117,Q2 to Q4,3722,8.208333333333314,16.208333333333314,185.031746031746,0.9188608275120904,0.8900889736903752,0.4130420173001913,4.0,4.0,0.9261149919398172,0.7862453531598513,14.740396530359355
P1 Setup reduction + weld second shift,118,year,5260,10.208333333333314,21.208333333333343,217.7622641509434,0.8505703422053232,0.900781170658618,0.4172138131551146,13.0,68.0,0.8642585551330798,0.8259348349005029,16.702164880822217
P1 Setup reduction + weld second shift,118,Q2 to Q4,3746,8.208333333333314,15.208333333333314,181.77777777777777,0.9193806727175654,0.8812598358151026,0.4291728954966531,3.0,0.0,0.9281900694073678,0.8041871921182266,15.451046798029555
P1 Setup reduction + weld second shift,119,year,5273,10.208333333333314,22.208333333333314,222.09056603773584,0.8268537834249953,0.917409914054844,0.4115539014175034,14.0,88.0,0.856628105442822,0.8463047743623283,17.105515587529975
P1 Setup reduction + weld second shift,119,Q2 to Q4,3790,8.208333333333314,15.208333333333314,183.3968253968254,0.9102902374670184,0.9012083445655524,0.4173656179178114,3.0,0.0,0.92532981530343,0.8190939495287322,15.890544238370325
P1 Setup reduction + weld second shift,120,year,5222,10.208333333333314,21.208333333333314,215.7811320754717,0.864419762543087,0.9062640778220932,0.4142104302534678,10.0,64.0,0.875526618153964,0.8362353978399824,16.403791051355523
P1 Setup reduction + weld second shift,120,Q2 to Q4,3748,8.208333333333314,15.208333333333314,182.95767195767195,0.9188900747065102,0.8849653092160112,0.4289412487463604,1.0,0.0,0.9327641408751334,0.8025223008305137,15.249769301753307
P1 Setup reduction + weld second shift,121,year,5221,9.208333333333314,20.208333333333314,210.4188679245283,0.8762689140011493,0.8947212885198647,0.4117243534616163,9.0,20.0,0.8820149396667305,0.6990505630381982,15.998233605652462
P1 Setup reduction + weld second shift,121,Q2 to Q4,3722,8.208333333333314,15.208333333333314,181.67724867724868,0.9250403009134872,0.8758880067724399,0.4236461199965262,3.0,0.0,0.9325631380977968,0.6209251785159888,14.746352064576218
P1 Setup reduction + weld second shift,122,year,5238,9.208333333333314,21.208333333333314,215.8943396226415,0.8518518518518519,0.9020449250772802,0.4035874809430415,11.0,104.0,0.8661702940053455,0.5893602989668059,16.39261376126621
P1 Setup reduction + weld second shift,122,Q2 to Q4,3721,8.208333333333314,16.208333333333314,181.1957671957672,0.916957807041118,0.8822771715561679,0.4146247988217316,3.0,12.0,0.9279763504434292,0.4461681663046851,14.909090909090908
P1 Setup reduction + weld second shift,123,year,5224,9.208333333333314,20.208333333333314,212.3622641509434,0.872511485451761,0.9078280860849656,0.4053657186309771,13.0,52.0,0.8807427258805512,0.7668428005284016,16.12021136063408
P1 Setup reduction + weld second shift,123,Q2 to Q4,3735,8.208333333333314,16.208333333333314,184.68783068783068,0.9151271753681391,0.8913896003337506,0.4103506777386701,5.0,0.0,0.926372155287818,0.7177269919703521,14.875849289684991
P1 Setup reduction + weld second shift,124,year,5248,9.208333333333314,21.208333333333314,211.77735849056603,0.8669969512195121,0.9075599679258508,0.4051127275198717,9.0,56.0,0.8742378048780488,0.8031099430573806,16.106000876040298
P1 Setup reduction + weld second shift,124,Q2 to Q4,3725,8.208333333333314,16.208333333333314,184.02116402116403,0.915973154362416,0.8909250734839465,0.4187516062646864,2.0,4.0,0.9251006711409396,0.7700650759219089,14.767585993182523
P1 Setup reduction + weld second shift,125,year,5226,9.208333333333314,20.208333333333314,208.6490566037736,0.8773440489858401,0.9118795125042914,0.4067496325825532,12.0,52.0,0.8805970149253731,0.8278291501541172,16.008806693086747
P1 Setup reduction + weld second shift,125,Q2 to Q4,3734,8.208333333333314,15.208333333333314,180.3068783068783,0.9226031065881092,0.896312544800083,0.4185648863692065,4.0,0.0,0.9284949116229244,0.7965421426366163,14.700216116085212
P1 Setup reduction + weld second shift,126,year,5211,9.208333333333314,20.208333333333314,211.2754716981132,0.8787180963346767,0.9051549973495786,0.4023612029317378,11.0,32.0,0.886777969679524,0.8267786124613345,16.048387096774192
P1 Setup reduction + weld second shift,126,Q2 to Q4,3750,8.208333333333314,15.208333333333314,183.92592592592592,0.9194666666666668,0.8842088061121831,0.4160790581713786,3.0,0.0,0.928,0.8022755227552275,14.957564575645756
P1 Setup reduction + weld second shift,127,year,5239,9.208333333333314,20.208333333333314,207.78490566037732,0.8808933002481389,0.8977536510693747,0.4052446974386134,14.0,52.0,0.8912006108035885,0.8170437074456403,15.893916099275204
P1 Setup reduction + weld second shift,127,Q2 to Q4,3721,8.208333333333314,16.208333333333314,183.5767195767196,0.917764041924214,0.8822963777312292,0.4172096030359897,5.0,0.0,0.931201289975813,0.7866666666666666,14.588837209302326
P1 Setup reduction + weld second shift,128,year,5224,9.208333333333314,20.208333333333314,208.41509433962264,0.8824655436447167,0.9011180255160006,0.4049058998303227,12.0,52.0,0.8868683001531393,0.8181417877586966,15.864597093791282
P1 Setup reduction + weld second shift,128,Q2 to Q4,3730,8.208333333333314,15.208333333333314,182.65079365079364,0.9158176943699732,0.8838655117294124,0.4136807329734976,5.0,0.0,0.9265415549597856,0.7871485943775101,14.6360827927093
P1 Setup reduction + weld second shift,129,year,5257,10.208333333333314,21.208333333333314,216.03773584905665,0.8577135248240442,0.9021658793369124,0.4166531280306768,15.0,52.0,0.8813011223131063,0.8590163934426229,16.69967213114754
P1 Setup reduction + weld second shift,129,Q2 to Q4,3753,8.208333333333314,16.208333333333314,184.74603174603172,0.913935518252065,0.8837066042162012,0.4262084410557265,5.0,0.0,0.9291233679722888,0.8019041769041769,15.147113022113022
P2 Setup reduction + weld second shift + planned Saturdays,100,year,5228,9.208333333333314,20.208333333333314,208.04150943396223,0.8817903596021424,0.902844617338441,0.4157199887878825,18.0,56.0,0.8884850803366489,0.8146845460540778,15.867663222686303
P2 Setup reduction + weld second shift + planned Saturdays,100,Q2 to Q4,3719,8.208333333333314,15.208333333333314,182.0952380952381,0.9214842699650444,0.8885719302991483,0.429377443774467,9.0,0.0,0.9325087389083088,0.7819478908188585,14.504962779156328
P2 Setup reduction + weld second shift + planned Saturdays,101,year,5254,9.208333333333314,19.208333333333314,203.04528301886796,0.8920822230681386,0.9095598109150796,0.4089691798308516,19.0,48.0,0.8911305671869052,0.7933070866141733,15.51946631671041
P2 Setup reduction + weld second shift + planned Saturdays,101,Q2 to Q4,3759,8.208333333333314,15.208333333333314,180.08465608465607,0.9199255121042832,0.898259020144578,0.422569870949557,10.0,0.0,0.9292364990689012,0.7520686484829912,14.22280110327919
P2 Setup reduction + weld second shift + planned Saturdays,102,year,5223,9.208333333333314,20.208333333333314,208.8264150943396,0.884166188014551,0.9037512431963836,0.4129702834799226,19.0,24.0,0.887421022400919,0.7648095133230566,15.983483814137855
P2 Setup reduction + weld second shift + planned Saturdays,102,Q2 to Q4,3732,8.208333333333314,15.208333333333314,181.3968253968254,0.919614147909968,0.8842076758288732,0.4251007658056464,9.0,0.0,0.9292604501607716,0.7141532756489494,14.715389369592089
P2 Setup reduction + weld second shift + planned Saturdays,103,year,5235,9.208333333333314,19.208333333333314,203.011320754717,0.8842406876790831,0.90572896632928,0.4211980664553187,18.0,68.0,0.89207258834766,0.8167838312829525,15.698374340949034
P2 Setup reduction + weld second shift + planned Saturdays,103,Q2 to Q4,3751,8.208333333333314,15.208333333333314,180.05291005291005,0.9146894161556918,0.8875521645593297,0.4268245417306035,9.0,0.0,0.928552386030392,0.7668918918918919,14.401412776412776
P2 Setup reduction + weld second shift + planned Saturdays,104,year,5259,9.208333333333314,19.408333333333157,204.78867924528305,0.8802053622361665,0.8970570552630949,0.4054043813151398,21.0,40.0,0.8881916714204221,0.8241854362562869,15.774546249726656
P2 Setup reduction + weld second shift + planned Saturdays,104,Q2 to Q4,3751,8.208333333333314,15.208333333333314,180.8571428571429,0.9216209010930418,0.8838308933824296,0.4187827367611187,11.0,0.0,0.9282857904558784,0.7842655193607867,14.34357713583282
P2 Setup reduction + weld second shift + planned Saturdays,105,year,5229,9.208333333333314,19.208333333333314,197.1735849056604,0.8995983935742972,0.8953651378998647,0.4199846990410543,20.0,36.0,0.8973034997131383,0.7736471623405191,15.079850417949846
P2 Setup reduction + weld second shift + planned Saturdays,105,Q2 to Q4,3739,8.208333333333314,15.208333333333314,179.57671957671957,0.91869483819203,0.882808255819983,0.4316822695908593,10.0,0.0,0.9272532762770794,0.7237654320987654,13.823148148148148
P2 Setup reduction + weld second shift + planned Saturdays,106,year,5242,9.208333333333314,21.208333333333314,213.4188679245283,0.8609309423884014,0.9005860717839511,0.4127136731667066,19.0,56.0,0.8698969858832507,0.6286780851998244,16.295783926218707
P2 Setup reduction + weld second shift + planned Saturdays,106,Q2 to Q4,3732,8.208333333333314,15.208333333333314,180.9047619047619,0.920150053590568,0.8806385431779064,0.4204908920876897,9.0,0.0,0.92497320471597,0.4924265842349304,14.754868624420402
P2 Setup reduction + weld second shift + planned Saturdays,107,year,5250,9.208333333333314,19.208333333333343,203.7056603773585,0.8893333333333333,0.904136217327438,0.4189708545902682,16.0,40.0,0.8925714285714286,0.7415681121331581,15.509417433201929
P2 Setup reduction + weld second shift + planned Saturdays,107,Q2 to Q4,3740,8.208333333333314,15.208333333333314,180.91534391534395,0.922192513368984,0.8892766090507533,0.4260857121233471,7.0,0.0,0.9320855614973262,0.6816779765576805,14.19185687847008
P2 Setup reduction + weld second shift + planned Saturdays,108,year,5220,9.208333333333314,20.208333333333314,209.94716981132075,0.8691570881226054,0.9066014429778154,0.4074836985593887,18.0,36.0,0.8829501915708812,0.8172398589065256,16.14484126984127
P2 Setup reduction + weld second shift + planned Saturdays,108,Q2 to Q4,3733,8.208333333333314,15.208333333333314,180.44444444444449,0.9201714438789178,0.8926085912336351,0.4166693557957764,9.0,0.0,0.9324939726761318,0.7787391841779975,14.82849196538937
P2 Setup reduction + weld second shift + planned Saturdays,109,year,5218,9.208333333333314,19.208333333333314,199.1735849056604,0.9001533154465312,0.8972841852829979,0.4108306818501206,20.0,28.0,0.8997700268302031,0.7111062141912737,15.258924636403702
P2 Setup reduction + weld second shift + planned Saturdays,109,Q2 to Q4,3728,8.208333333333314,15.208333333333314,179.7195767195767,0.9155042918454936,0.8816001647120014,0.4183473826283621,10.0,0.0,0.9254291845493562,0.6362793572311496,13.916563658838072
P2 Setup reduction + weld second shift + planned Saturdays,110,year,5238,9.208333333333314,20.208333333333314,205.4679245283019,0.8911798396334479,0.90575460248931,0.4120414775675319,18.0,44.0,0.8925162275677739,0.8126921387790953,15.7389108476065
P2 Setup reduction + weld second shift + planned Saturdays,110,Q2 to Q4,3760,8.208333333333314,15.208333333333314,180.45502645502648,0.9218085106382978,0.8878225841132439,0.424593610848345,8.0,0.0,0.9348404255319148,0.7852986217457887,14.621439509954058
P2 Setup reduction + weld second shift + planned Saturdays,111,year,5252,9.208333333333314,20.208333333333343,211.67169811320755,0.8674790555978675,0.9155099033147424,0.4004823701831309,16.0,60.0,0.880997715156131,0.838695557014664,16.33617859487853
P2 Setup reduction + weld second shift + planned Saturdays,111,Q2 to Q4,3758,8.208333333333314,15.208333333333314,180.54497354497357,0.9175093134646088,0.9000316675477009,0.4094577911116736,7.0,0.0,0.9326769558275678,0.7973635806253832,15.01379521765788
P2 Setup reduction + weld second shift + planned Saturdays,112,year,5255,9.208333333333314,20.208333333333314,209.4,0.8711703139866793,0.9025997645716584,0.4038897881385316,19.0,56.0,0.877069457659372,0.8233749179251477,16.028452615451958
P2 Setup reduction + weld second shift + planned Saturdays,112,Q2 to Q4,3765,8.208333333333314,15.208333333333314,180.4021164021164,0.9126162018592298,0.8843723362232389,0.4132087586114057,9.0,0.0,0.9240371845949537,0.7984068627450981,14.85263480392157
P2 Setup reduction + weld second shift + planned Saturdays,113,year,5231,9.208333333333314,19.208333333333314,200.12075471698117,0.9000191168036704,0.9006612088972501,0.4125067755059776,18.0,28.0,0.9005926209137832,0.7736471623405191,15.408271007479104
P2 Setup reduction + weld second shift + planned Saturdays,113,Q2 to Q4,3734,8.208333333333314,15.208333333333314,179.7830687830688,0.9260846277450456,0.8836443541226181,0.4206845145175823,9.0,0.0,0.9333154793786824,0.7242124768375541,14.097591105620754
P2 Setup reduction + weld second shift + planned Saturdays,114,year,5233,9.208333333333314,19.208333333333314,202.09056603773584,0.8958532390598127,0.8958469113976241,0.410930846726518,22.0,20.0,0.8985285686986432,0.8083937596132718,15.428916721599649
P2 Setup reduction + weld second shift + planned Saturdays,114,Q2 to Q4,3747,8.208333333333314,15.208333333333314,180.22222222222223,0.911929543634908,0.8780443634096137,0.4198389965408913,13.0,0.0,0.9255404323458768,0.7742927429274292,14.259532595325954
P2 Setup reduction + weld second shift + planned Saturdays,115,year,5230,9.208333333333314,18.308333333333703,197.70943396226411,0.8982791586998088,0.8976312003119521,0.4121877054340055,19.0,8.0,0.8982791586998088,0.8031669232460963,15.201671431713216
P2 Setup reduction + weld second shift + planned Saturdays,115,Q2 to Q4,3756,8.208333333333314,15.208333333333314,180.8095238095238,0.9166666666666666,0.8823042040552309,0.4241629562655908,9.0,0.0,0.9249201277955272,0.7661141804788214,14.0
P2 Setup reduction + weld second shift + planned Saturdays,116,year,5211,9.208333333333314,19.208333333333314,199.422641509434,0.904816733832278,0.8966893168407564,0.4154337024993584,21.0,28.0,0.900786797159854,0.8062237916574707,15.15140145663209
P2 Setup reduction + weld second shift + planned Saturdays,116,Q2 to Q4,3711,8.208333333333314,15.208333333333314,179.3968253968254,0.924279170035031,0.8834360067158896,0.4271880415718064,11.0,0.0,0.92993802209647,0.7688958009331259,13.89113530326594
P2 Setup reduction + weld second shift + planned Saturdays,117,year,5250,9.208333333333314,19.208333333333314,200.1433962264151,0.8866666666666667,0.9040846717382468,0.4130996024750197,19.0,28.0,0.890095238095238,0.6670317634173056,15.24052573932092
P2 Setup reduction + weld second shift + planned Saturdays,117,Q2 to Q4,3755,8.208333333333314,15.208333333333314,178.88888888888889,0.9166444740346203,0.8914628312927322,0.4232094551781243,9.0,0.0,0.9254327563249002,0.5770411295273173,13.88367096378146
P2 Setup reduction + weld second shift + planned Saturdays,118,year,5258,9.208333333333314,20.208333333333314,203.89056603773585,0.8739064282997338,0.8982745301568729,0.4145850318956338,20.0,44.0,0.8834157474324839,0.8172066549912435,15.793126094570928
P2 Setup reduction + weld second shift + planned Saturdays,118,Q2 to Q4,3742,8.208333333333314,15.208333333333314,179.7089947089947,0.911811865312667,0.8820805736996121,0.4270637011984234,10.0,0.0,0.926242650988776,0.780450200431699,14.366019118100525
P2 Setup reduction + weld second shift + planned Saturdays,119,year,5240,9.208333333333314,20.208333333333314,206.71698113207543,0.8887404580152671,0.9086155204067268,0.415575042481713,20.0,24.0,0.8979007633587787,0.8475208424747697,15.923870118473015
P2 Setup reduction + weld second shift + planned Saturdays,119,Q2 to Q4,3732,8.208333333333314,15.208333333333314,182.3121693121693,0.9214898177920686,0.8980893548650202,0.4229586977452144,11.0,0.0,0.9343515541264736,0.7857805255023184,14.497063369397218
P2 Setup reduction + weld second shift + planned Saturdays,120,year,5236,10.208333333333314,21.208333333333343,218.1056603773585,0.8561879297173415,0.908501388371346,0.4139745553781204,20.0,48.0,0.8747135217723453,0.8294880246099758,16.862667545594373
P2 Setup reduction + weld second shift + planned Saturdays,120,Q2 to Q4,3759,8.208333333333314,15.208333333333314,182.68253968253967,0.9185953711093376,0.887998012189004,0.425125998335267,9.0,0.0,0.9329608938547486,0.8063725490196079,15.613970588235292
P2 Setup reduction + weld second shift + planned Saturdays,121,year,5215,9.208333333333314,20.208333333333314,208.26792452830188,0.8788111217641419,0.9078864907860248,0.4069927047256826,18.0,44.0,0.8836049856184084,0.8141690576031781,15.805120282498343
P2 Setup reduction + weld second shift + planned Saturdays,121,Q2 to Q4,3711,8.208333333333314,16.208333333333314,186.031746031746,0.9140393424952844,0.8950113476884224,0.4175056938668858,9.0,0.0,0.9253570466181622,0.7833800186741363,14.642701525054466
P2 Setup reduction + weld second shift + planned Saturdays,122,year,5228,9.208333333333314,19.208333333333343,206.11320754716985,0.8831293037490436,0.9027373183472968,0.4097641717905576,19.0,36.0,0.8884850803366489,0.8161020677518698,15.694676638803344
P2 Setup reduction + weld second shift + planned Saturdays,122,Q2 to Q4,3743,8.208333333333314,15.208333333333314,182.1746031746032,0.9121025915041412,0.8844323604469871,0.4223501477639313,10.0,0.0,0.9246593641464066,0.7865064695009242,14.524029574861368
P2 Setup reduction + weld second shift + planned Saturdays,123,year,5228,9.208333333333314,19.208333333333314,206.16981132075472,0.8917368018362662,0.8997723751199802,0.4014628508662163,19.0,56.0,0.8946059678653405,0.8212241303390577,15.66952884191986
P2 Setup reduction + weld second shift + planned Saturdays,123,Q2 to Q4,3724,8.208333333333314,16.208333333333314,185.23809523809524,0.9194414607948442,0.8835791654139035,0.4164468743205166,9.0,0.0,0.9304511278195488,0.7851828890266584,14.424674519528828
P2 Setup reduction + weld second shift + planned Saturdays,124,year,5237,9.208333333333314,19.208333333333343,205.38490566037737,0.8867672331487493,0.900541622935616,0.4158030974209443,16.0,36.0,0.8869581821653618,0.8211382113821138,15.750164798945288
P2 Setup reduction + weld second shift + planned Saturdays,124,Q2 to Q4,3755,8.208333333333314,15.208333333333314,179.48677248677248,0.9219707057256992,0.8805852703170508,0.4276593482622056,7.0,0.0,0.9291611185086552,0.7923195084485407,14.547465437788018
P2 Setup reduction + weld second shift + planned Saturdays,125,year,5242,9.208333333333314,20.208333333333314,210.44150943396227,0.8695154521175124,0.9077742878960516,0.4188332299966342,22.0,24.0,0.8754292254864555,0.7627937623544916,16.086316714254338
P2 Setup reduction + weld second shift + planned Saturdays,125,Q2 to Q4,3746,8.208333333333314,15.208333333333314,180.6031746031746,0.917512012813668,0.8878246016899526,0.4239931726316492,11.0,0.0,0.9252536038441004,0.7048322560787935,14.820560172360729
P2 Setup reduction + weld second shift + planned Saturdays,126,year,5224,9.208333333333314,20.208333333333314,211.44150943396227,0.8795941807044411,0.906701827011242,0.4190823316383548,18.0,24.0,0.8870597243491577,0.7608024691358025,16.08906525573192
P2 Setup reduction + weld second shift + planned Saturdays,126,Q2 to Q4,3728,8.208333333333314,15.208333333333314,181.88888888888889,0.925697424892704,0.8912058971785165,0.4281664199225528,8.0,0.0,0.9350858369098712,0.7042427996283679,14.8649736760607
P2 Setup reduction + weld second shift + planned Saturdays,127,year,5189,9.208333333333314,19.208333333333314,204.15849056603773,0.8918866833686645,0.9026853916242248,0.4099767794714612,18.0,36.0,0.8941992676816343,0.8077691453940067,15.50521642619312
P2 Setup reduction + weld second shift + planned Saturdays,127,Q2 to Q4,3698,8.208333333333314,15.208333333333314,183.7724867724868,0.91914548404543,0.8922870528199959,0.4272199223016597,9.0,0.0,0.9283396430502976,0.7771535580524345,14.30680399500624
P2 Setup reduction + weld second shift + planned Saturdays,128,year,5266,9.208333333333314,20.208333333333314,211.3622641509434,0.8720091150778579,0.9052615798688188,0.4031770094436957,19.0,56.0,0.8767565514622104,0.8117903930131004,16.185152838427946
P2 Setup reduction + weld second shift + planned Saturdays,128,Q2 to Q4,3788,8.208333333333314,15.208333333333314,181.88359788359787,0.915258711721225,0.8842343173137935,0.416512088013209,9.0,0.0,0.9229144667370645,0.7748404740200547,14.977514433302948
P2 Setup reduction + weld second shift + planned Saturdays,129,year,5231,9.208333333333314,20.208333333333314,210.4867924528302,0.8759319441789333,0.9028351269170968,0.4122436242931861,18.0,40.0,0.8847256738673294,0.8208397449989009,16.125961749835128
P2 Setup reduction + weld second shift + planned Saturdays,129,Q2 to Q4,3731,8.208333333333314,16.208333333333314,184.55555555555557,0.9190565532028948,0.8885136635868298,0.4220037027641193,8.0,0.0,0.93111766282498,0.7844774273345702,14.788188002473715
