hold_id,job_id,op_seq,hold_reason,start,end,entered_by
HD-30000,J-2022-02786,40,customer,2023-01-03 00:03:00,2023-01-05 13:02:00,E1175
HD-30001,J-2022-02966,30,quality,2023-01-03 05:35:00,2023-01-03 18:46:00,E1164
HD-30002,J-2022-03299,10,material,2023-01-03 06:00:00,2023-01-05 10:00:00,E1169
HD-30003,J-2022-03309,10,material,2023-01-03 06:00:00,2023-01-06 10:00:00,E1175
HD-30004,J-2022-03298,10,material,2023-01-03 06:02:00,2023-01-03 10:00:00,E1172
HD-30005,J-2022-03343,10,material,2023-01-03 06:03:00,2023-01-10 10:00:00,E1166
HD-30006,J-2022-03313,10,customer,2023-01-03 06:10:00,2023-01-05 19:33:00,E1172
HD-30007,J-2022-03331,10,material,2023-01-03 06:11:00,2023-01-12 10:00:00,E1166
HD-30008,J-2022-03349,10,other,2023-01-03 06:21:00,2023-01-03 23:54:00,E1166
HD-30009,J-2022-03323,10,material,2023-01-03 06:21:00,2023-01-03 10:00:00,E1164
HD-30010,J-2022-03324,10,material,2023-01-03 06:22:00,2023-01-03 10:00:00,E1175
HD-30011,J-2022-03315,10,material,2023-01-03 06:23:00,2023-01-03 10:00:00,E1174
HD-30012,J-2022-03329,10,material,2023-01-03 06:25:00,2023-01-03 10:00:00,E1164
HD-30013,J-2022-03259,40,other,2023-01-03 10:23:00,2023-01-04 06:31:00,E1169
HD-30014,J-2022-03079,30,quality,2023-01-03 13:03:00,2023-01-05 07:28:00,E1175
HD-30015,J-2022-03292,40,quality,2023-01-03 16:47:00,2023-01-04 13:43:00,E1164
HD-30016,J-2022-02973,40,quality,2023-01-03 18:17:00,2023-01-04 21:34:00,E1174
HD-30017,J-2022-03349,10,material,2023-01-03 23:54:00,2023-01-06 10:00:00,E1175
HD-30018,J-2022-03156,30,quality,2023-01-04 06:54:00,2023-01-06 11:03:00,E1169
HD-30019,J-2022-03009,50,quality,2023-01-04 08:17:00,2023-01-05 02:49:00,E1169
HD-30020,J-2022-02966,50,other,2023-01-04 10:03:00,2023-01-05 08:17:00,E1172
HD-30021,J-2022-03314,20,other,2023-01-04 10:08:00,2023-01-05 04:52:00,E1172
HD-30022,J-2022-03236,30,quality,2023-01-04 10:10:00,2023-01-06 08:45:00,E1172
HD-30023,J-2022-03323,40,quality,2023-01-04 13:02:00,2023-01-05 01:24:00,E1174
HD-30024,J-2022-03308,20,quality,2023-01-05 17:19:00,2023-01-10 08:21:00,E1169
HD-30025,J-2023-00020,10,material,2023-01-06 06:16:00,2023-01-10 10:00:00,E1169
HD-30026,J-2023-00013,10,tooling,2023-01-06 06:26:00,2023-01-06 10:00:00,E1164
HD-30027,J-2022-03120,30,quality,2023-01-06 06:42:00,2023-01-09 00:20:00,E1172
HD-30028,J-2022-03236,40,engineering,2023-01-06 09:46:00,2023-01-09 13:53:00,E1164
HD-30029,J-2022-03304,20,tooling,2023-01-06 10:12:00,2023-01-09 00:14:00,E1174
HD-30030,J-2022-02726,60,customer,2023-01-06 10:30:00,2023-01-09 16:17:00,E1169
HD-30031,J-2023-00008,30,engineering,2023-01-06 12:52:00,2023-01-09 09:32:00,E1169
HD-30032,J-2022-03136,40,quality,2023-01-06 16:53:00,2023-01-10 03:40:00,E1166
HD-30033,J-2022-02926,10,tooling,2023-01-06 17:33:00,2023-01-09 03:48:00,E1169
HD-30034,J-2022-03120,30,quality,2023-01-09 00:20:00,2023-01-09 16:24:00,E1164
HD-30035,J-2023-00027,10,material,2023-01-09 06:28:00,2023-01-11 10:00:00,E1174
HD-30036,J-2022-03118,40,customer,2023-01-09 07:02:00,2023-01-10 22:32:00,E1169
HD-30037,J-2022-03233,30,engineering,2023-01-09 09:54:00,2023-01-10 13:01:00,E1175
HD-30038,J-2023-00002,20,other,2023-01-09 13:19:00,2023-01-10 06:09:00,E1174
HD-30039,J-2022-02700,50,tooling,2023-01-09 16:48:00,2023-01-10 13:34:00,E1169
HD-30040,J-2023-00066,10,material,2023-01-10 06:03:00,2023-01-10 10:00:00,E1169
HD-30041,J-2023-00070,10,material,2023-01-10 06:08:00,2023-01-11 10:00:00,E1166
HD-30042,J-2023-00071,10,material,2023-01-10 06:27:00,2023-01-13 10:00:00,E1169
HD-30043,J-2022-03324,40,quality,2023-01-10 07:14:00,2023-01-10 23:23:00,E1172
HD-30044,J-2022-03159,40,quality,2023-01-10 09:57:00,2023-01-11 20:33:00,E1175
HD-30045,J-2022-03225,50,engineering,2023-01-10 12:55:00,2023-01-11 06:29:00,E1169
HD-30046,J-2022-03022,30,engineering,2023-01-10 13:13:00,2023-01-10 19:20:00,E1172
HD-30047,J-2022-03101,30,quality,2023-01-10 13:15:00,2023-01-11 04:56:00,E1166
HD-30048,J-2022-03349,40,quality,2023-01-10 16:23:00,2023-01-11 22:56:00,E1174
HD-30049,J-2023-00043,20,quality,2023-01-10 21:58:00,2023-01-12 15:32:00,E1164
HD-30050,J-2022-03101,30,quality,2023-01-11 04:56:00,2023-01-11 13:28:00,E1174
HD-30051,J-2023-00079,10,material,2023-01-11 06:02:00,2023-01-12 10:00:00,E1172
HD-30052,J-2022-03101,40,customer,2023-01-11 16:55:00,2023-01-12 15:11:00,E1172
HD-30053,J-2023-00062,50,customer,2023-01-12 10:19:00,2023-01-13 14:59:00,E1172
HD-30054,J-2023-00095,20,quality,2023-01-12 10:39:00,2023-01-13 13:40:00,E1172
HD-30055,J-2023-00080,40,quality,2023-01-12 12:22:00,2023-01-16 07:35:00,E1172
HD-30056,J-2022-03331,20,engineering,2023-01-12 13:00:00,2023-01-13 09:19:00,E1172
HD-30057,J-2023-00138,10,material,2023-01-13 06:04:00,2023-01-13 10:00:00,E1169
HD-30058,J-2023-00052,20,material,2023-01-13 12:20:00,2023-01-17 10:50:00,E1164
HD-30059,J-2023-00067,20,quality,2023-01-16 06:08:00,2023-01-17 17:52:00,E1164
HD-30060,J-2023-00004,30,quality,2023-01-16 07:34:00,2023-01-17 09:06:00,E1172
HD-30061,J-2022-03296,50,customer,2023-01-16 12:46:00,2023-01-18 20:42:00,E1164
HD-30062,J-2023-00123,30,quality,2023-01-16 18:52:00,2023-01-17 10:35:00,E1174
HD-30063,J-2023-00177,10,material,2023-01-17 06:00:00,2023-01-18 10:00:00,E1175
HD-30064,J-2023-00186,10,material,2023-01-17 06:03:00,2023-01-17 10:00:00,E1164
HD-30065,J-2023-00214,10,material,2023-01-17 06:11:00,2023-01-19 10:00:00,E1169
HD-30066,J-2023-00212,10,material,2023-01-17 06:18:00,2023-01-17 10:00:00,E1175
HD-30067,J-2023-00173,10,material,2023-01-17 06:25:00,2023-01-19 10:00:00,E1164
HD-30068,J-2023-00123,30,quality,2023-01-17 10:35:00,2023-01-19 02:27:00,E1172
HD-30069,J-2023-00118,20,customer,2023-01-17 13:18:00,2023-01-23 00:08:00,E1172
HD-30070,J-2023-00219,10,material,2023-01-18 06:00:00,2023-01-18 10:00:00,E1174
HD-30071,J-2023-00225,10,material,2023-01-18 06:01:00,2023-02-01 10:00:00,E1172
HD-30072,J-2023-00223,10,material,2023-01-18 06:04:00,2023-01-26 10:00:00,E1164
HD-30073,J-2023-00216,10,material,2023-01-18 06:12:00,2023-01-20 10:00:00,E1166
HD-30074,J-2023-00167,50,quality,2023-01-18 13:45:00,2023-01-20 09:09:00,E1164
HD-30075,J-2023-00176,40,engineering,2023-01-18 16:26:00,2023-01-19 17:28:00,E1175
HD-30076,J-2023-00246,10,material,2023-01-19 06:11:00,2023-01-20 10:00:00,E1172
HD-30077,J-2023-00206,20,quality,2023-01-19 07:27:00,2023-01-20 04:27:00,E1175
HD-30078,J-2023-00080,60,customer,2023-01-19 10:01:00,2023-01-23 07:43:00,E1174
HD-30079,J-2023-00232,20,tooling,2023-01-19 10:13:00,2023-01-20 04:48:00,E1172
HD-30080,J-2023-00218,10,quality,2023-01-19 12:57:00,2023-01-23 06:20:00,E1164
HD-30081,J-2023-00243,20,tooling,2023-01-19 20:27:00,2023-01-20 20:26:00,E1164
HD-30082,J-2023-00206,20,quality,2023-01-20 04:27:00,2023-01-23 16:54:00,E1164
HD-30083,J-2023-00259,10,material,2023-01-20 06:14:00,2023-02-01 10:00:00,E1164
HD-30084,J-2023-00263,10,customer,2023-01-20 06:16:00,2023-01-31 10:00:00,E1169
HD-30085,J-2023-00138,40,material,2023-01-20 06:49:00,2023-01-20 22:17:00,E1166
HD-30086,J-2023-00167,50,quality,2023-01-20 09:09:00,2023-01-20 17:52:00,E1172
HD-30087,J-2023-00228,50,tooling,2023-01-20 09:55:00,2023-01-23 05:56:00,E1175
HD-30088,J-2023-00190,20,quality,2023-01-20 09:59:00,2023-01-20 18:50:00,E1166
HD-30089,J-2023-00141,30,tooling,2023-01-20 13:19:00,2023-01-23 03:19:00,E1175
HD-30090,J-2023-00151,50,other,2023-01-20 16:18:00,2023-01-23 06:04:00,E1172
HD-30091,J-2023-00179,40,quality,2023-01-20 16:30:00,2023-01-23 23:52:00,E1175
HD-30092,J-2023-00280,10,material,2023-01-23 06:07:00,2023-01-23 10:00:00,E1166
HD-30093,J-2023-00300,10,material,2023-01-23 06:19:00,2023-01-24 10:00:00,E1169
HD-30094,J-2023-00218,10,quality,2023-01-23 06:20:00,2023-01-25 09:07:00,E1166
HD-30095,J-2023-00103,40,quality,2023-01-23 07:01:00,2023-01-25 21:12:00,E1174
HD-30096,J-2023-00172,30,other,2023-01-23 09:44:00,2023-01-23 22:36:00,E1164
HD-30097,J-2023-00214,20,customer,2023-01-23 09:53:00,2023-01-26 15:56:00,E1175
HD-30098,J-2023-00275,20,customer,2023-01-23 16:25:00,2023-01-27 16:07:00,E1166
HD-30099,J-2023-00262,40,quality,2023-01-23 16:36:00,2023-01-25 02:49:00,E1174
HD-30100,J-2023-00232,20,quality,2023-01-23 20:47:00,2023-01-24 11:47:00,E1174
HD-30101,J-2023-00347,10,other,2023-01-24 06:03:00,2023-01-24 19:53:00,E1169
HD-30102,J-2023-00335,10,engineering,2023-01-24 06:17:00,2023-01-25 07:47:00,E1174
HD-30103,J-2023-00302,10,material,2023-01-24 06:27:00,2023-01-24 10:00:00,E1172
HD-30104,J-2023-00349,20,other,2023-01-24 10:10:00,2023-01-24 19:03:00,E1175
HD-30105,J-2023-00289,30,engineering,2023-01-24 10:21:00,2023-01-25 22:46:00,E1164
HD-30106,J-2023-00343,30,customer,2023-01-24 12:56:00,2023-01-26 08:06:00,E1166
HD-30107,J-2023-00368,10,material,2023-01-25 06:06:00,2023-02-07 10:00:00,E1169
HD-30108,J-2023-00284,30,quality,2023-01-25 09:29:00,2023-01-27 09:19:00,E1164
HD-30109,J-2023-00314,40,tooling,2023-01-25 10:28:00,2023-01-26 00:03:00,E1175
HD-30110,J-2023-00306,30,customer,2023-01-25 12:46:00,2023-01-30 10:59:00,E1164
HD-30111,J-2023-00206,50,engineering,2023-01-25 12:50:00,2023-01-26 15:37:00,E1169
HD-30112,J-2023-00297,20,quality,2023-01-25 20:40:00,2023-01-26 18:19:00,E1164
HD-30113,J-2023-00394,10,material,2023-01-26 06:06:00,2023-01-30 10:00:00,E1174
HD-30114,J-2023-00387,10,material,2023-01-26 06:06:00,2023-01-27 10:00:00,E1164
HD-30115,J-2023-00348,70,customer,2023-01-26 07:04:00,2023-01-30 22:58:00,E1164
HD-30116,J-2023-00281,50,engineering,2023-01-26 16:39:00,2023-01-27 13:30:00,E1164
HD-30117,J-2023-00329,10,quality,2023-01-26 18:12:00,2023-01-30 01:45:00,E1164
HD-30118,J-2023-00397,10,material,2023-01-27 06:16:00,2023-01-30 10:00:00,E1174
HD-30119,J-2023-00018,70,customer,2023-01-27 07:14:00,2023-01-31 22:22:00,E1169
HD-30120,J-2023-00276,50,other,2023-01-27 07:41:00,2023-01-30 15:25:00,E1174
HD-30121,J-2023-00404,20,quality,2023-01-27 10:38:00,2023-01-27 22:57:00,E1172
HD-30122,J-2023-00300,30,quality,2023-01-27 12:45:00,2023-01-30 09:11:00,E1169
HD-30123,J-2023-00275,20,other,2023-01-27 16:07:00,2023-01-30 10:51:00,E1174
HD-30124,J-2023-00319,40,quality,2023-01-27 19:50:00,2023-01-30 23:56:00,E1175
HD-30125,J-2023-00340,40,quality,2023-01-27 20:28:00,2023-01-31 06:05:00,E1166
HD-30126,J-2023-00064,20,quality,2023-01-30 01:36:00,2023-02-01 05:20:00,E1172
HD-30127,J-2023-00431,10,material,2023-01-30 06:01:00,2023-01-30 10:00:00,E1166
HD-30128,J-2023-00433,10,material,2023-01-30 06:13:00,2023-01-30 10:00:00,E1174
HD-30129,J-2023-00421,10,material,2023-01-30 06:20:00,2023-02-01 10:00:00,E1172
HD-30130,J-2023-00442,10,quality,2023-01-30 08:17:00,2023-01-30 16:50:00,E1164
HD-30131,J-2023-00375,40,customer,2023-01-30 10:06:00,2023-01-31 18:44:00,E1175
HD-30132,J-2023-00276,50,quality,2023-01-30 15:25:00,2023-02-01 01:52:00,E1172
HD-30133,J-2023-00457,10,material,2023-01-31 06:02:00,2023-01-31 10:00:00,E1172
HD-30134,J-2023-00486,10,other,2023-01-31 06:03:00,2023-01-31 10:00:00,E1164
HD-30135,J-2023-00499,10,engineering,2023-01-31 06:04:00,2023-01-31 18:28:00,E1169
HD-30136,J-2023-00482,10,material,2023-01-31 06:06:00,2023-02-01 10:00:00,E1175
HD-30137,J-2023-00474,10,material,2023-01-31 06:10:00,2023-02-02 10:00:00,E1164
HD-30138,J-2023-00494,10,material,2023-01-31 06:18:00,2023-02-02 10:00:00,E1164
HD-30139,J-2023-00461,10,material,2023-01-31 06:24:00,2023-02-01 10:00:00,E1175
HD-30140,J-2023-00493,10,material,2023-01-31 06:24:00,2023-02-06 10:00:00,E1164
HD-30141,J-2023-00495,10,material,2023-01-31 06:25:00,2023-02-02 10:00:00,E1172
HD-30142,J-2023-00455,10,material,2023-01-31 06:25:00,2023-01-31 10:00:00,E1164
HD-30143,J-2023-00341,30,customer,2023-01-31 10:19:00,2023-02-03 06:26:00,E1164
HD-30144,J-2023-00369,60,other,2023-01-31 13:04:00,2023-02-01 08:32:00,E1175
HD-30145,J-2023-00263,30,other,2023-01-31 16:31:00,2023-02-02 06:06:00,E1164
HD-30146,J-2023-00511,10,engineering,2023-02-01 06:11:00,2023-02-03 04:39:00,E1172
HD-30147,J-2023-00425,30,quality,2023-02-01 07:28:00,2023-02-02 10:54:00,E1169
HD-30148,J-2023-00064,40,quality,2023-02-01 10:08:00,2023-02-02 17:07:00,E1169
HD-30149,J-2023-00429,20,other,2023-02-01 16:33:00,2023-02-02 05:39:00,E1169
HD-30150,J-2023-00541,10,material,2023-02-02 06:01:00,2023-02-02 10:00:00,E1169
HD-30151,J-2023-00534,10,material,2023-02-02 06:04:00,2023-02-06 10:00:00,E1174
HD-30152,J-2023-00536,10,material,2023-02-02 06:18:00,2023-02-03 10:00:00,E1164
HD-30153,J-2023-00548,10,tooling,2023-02-02 06:20:00,2023-02-03 05:17:00,E1166
HD-30154,J-2023-00359,30,quality,2023-02-02 06:24:00,2023-02-07 00:49:00,E1175
HD-30155,J-2023-00501,20,customer,2023-02-02 07:07:00,2023-02-07 15:22:00,E1169
HD-30156,J-2023-00378,40,quality,2023-02-02 08:38:00,2023-02-06 20:47:00,E1172
HD-30157,J-2023-00486,40,engineering,2023-02-02 09:45:00,2023-02-03 00:50:00,E1169
HD-30158,J-2023-00465,40,engineering,2023-02-02 10:03:00,2023-02-03 15:40:00,E1164
HD-30159,J-2023-00302,50,customer,2023-02-02 12:52:00,2023-02-07 16:45:00,E1174
HD-30160,J-2023-00451,40,quality,2023-02-02 16:16:00,2023-02-06 01:05:00,E1172
HD-30161,J-2023-00291,50,engineering,2023-02-02 16:52:00,2023-02-03 09:18:00,E1175
HD-30162,J-2023-00474,30,engineering,2023-02-02 20:14:00,2023-02-03 19:51:00,E1172
HD-30163,J-2023-00521,20,other,2023-02-03 08:48:00,2023-02-07 15:30:00,E1169
HD-30164,J-2023-00455,40,quality,2023-02-03 10:51:00,2023-02-06 23:44:00,E1164
HD-30165,J-2023-00476,40,quality,2023-02-03 20:02:00,2023-02-06 21:08:00,E1172
HD-30166,J-2023-00572,10,material,2023-02-06 06:01:00,2023-02-06 10:00:00,E1174
HD-30167,J-2023-00498,40,quality,2023-02-06 09:43:00,2023-02-07 17:12:00,E1172
HD-30168,J-2023-00421,30,quality,2023-02-06 10:30:00,2023-02-07 20:00:00,E1175
HD-30169,J-2023-00539,30,quality,2023-02-06 13:06:00,2023-02-07 17:51:00,E1175
HD-30170,J-2023-00632,10,quality,2023-02-07 06:03:00,2023-02-08 23:14:00,E1175
HD-30171,J-2023-00630,10,material,2023-02-07 06:04:00,2023-02-15 10:00:00,E1169
HD-30172,J-2023-00627,10,material,2023-02-07 06:07:00,2023-02-08 10:00:00,E1175
HD-30173,J-2023-00585,10,material,2023-02-07 06:11:00,2023-02-07 10:00:00,E1172
HD-30174,J-2023-00595,10,material,2023-02-07 06:18:00,2023-02-14 10:00:00,E1164
HD-30175,J-2023-00612,10,material,2023-02-07 06:19:00,2023-02-07 10:00:00,E1172
HD-30176,J-2023-00606,10,material,2023-02-07 06:23:00,2023-02-10 10:00:00,E1164
HD-30177,J-2023-00618,10,quality,2023-02-07 09:44:00,2023-02-08 09:25:00,E1175
HD-30178,J-2023-00359,50,customer,2023-02-07 10:13:00,2023-02-10 03:19:00,E1166
HD-30179,J-2023-00363,70,engineering,2023-02-07 10:17:00,2023-02-07 23:26:00,E1175
HD-30180,J-2023-00453,70,engineering,2023-02-07 13:16:00,2023-02-09 11:19:00,E1169
HD-30181,J-2023-00259,40,quality,2023-02-07 16:26:00,2023-02-08 11:09:00,E1174
HD-30182,J-2023-00498,40,quality,2023-02-07 17:12:00,2023-02-10 12:36:00,E1174
HD-30183,J-2023-00245,40,quality,2023-02-08 06:03:00,2023-02-09 21:06:00,E1169
HD-30184,J-2023-00639,10,material,2023-02-08 06:04:00,2023-02-09 10:00:00,E1164
HD-30185,J-2023-00650,10,material,2023-02-08 06:20:00,2023-02-08 10:00:00,E1172
HD-30186,J-2023-00644,10,other,2023-02-08 06:23:00,2023-02-09 03:13:00,E1172
HD-30187,J-2023-00462,20,tooling,2023-02-08 10:00:00,2023-02-09 00:32:00,E1166
HD-30188,J-2023-00649,30,tooling,2023-02-08 10:20:00,2023-02-13 03:30:00,E1175
HD-30189,J-2023-00634,30,engineering,2023-02-08 12:50:00,2023-02-10 11:50:00,E1175
HD-30190,J-2023-00652,20,customer,2023-02-08 13:02:00,2023-02-09 22:01:00,E1175
HD-30191,J-2023-00564,50,quality,2023-02-08 13:17:00,2023-02-10 11:53:00,E1169
HD-30192,J-2023-00476,70,other,2023-02-08 16:41:00,2023-02-09 09:29:00,E1169
HD-30193,J-2023-00573,40,other,2023-02-09 06:59:00,2023-02-09 17:15:00,E1175
HD-30194,J-2023-00640,50,engineering,2023-02-09 13:11:00,2023-02-13 03:25:00,E1175
HD-30195,J-2023-00596,40,tooling,2023-02-09 16:34:00,2023-02-13 04:01:00,E1175
HD-30196,J-2023-00586,40,quality,2023-02-09 20:02:00,2023-02-10 11:33:00,E1172
HD-30197,J-2023-00603,30,quality,2023-02-09 20:20:00,2023-02-13 14:24:00,E1169
HD-30198,J-2023-00245,40,quality,2023-02-09 21:06:00,2023-02-13 17:49:00,E1169
HD-30199,J-2023-00683,10,material,2023-02-10 06:17:00,2023-02-13 10:00:00,E1169
HD-30200,J-2023-00672,10,material,2023-02-10 06:21:00,2023-02-14 10:00:00,E1172
HD-30201,J-2023-00567,30,quality,2023-02-10 19:00:00,2023-02-14 18:25:00,E1169
HD-30202,J-2023-00478,40,engineering,2023-02-10 20:21:00,2023-02-14 10:04:00,E1172
HD-30203,J-2023-00690,10,engineering,2023-02-13 06:17:00,2023-02-14 07:30:00,E1166
HD-30204,J-2023-00695,10,material,2023-02-13 06:25:00,2023-02-13 10:00:00,E1169
HD-30205,J-2023-00649,40,tooling,2023-02-13 06:52:00,2023-02-13 21:12:00,E1169
HD-30206,J-2023-00529,70,tooling,2023-02-13 09:45:00,2023-02-14 03:53:00,E1169
HD-30207,J-2023-00642,40,tooling,2023-02-13 16:37:00,2023-02-14 08:01:00,E1175
HD-30208,J-2023-00635,40,engineering,2023-02-14 00:47:00,2023-02-15 11:11:00,E1174
HD-30209,J-2023-00737,10,material,2023-02-14 06:04:00,2023-02-21 10:00:00,E1174
HD-30210,J-2023-00741,10,other,2023-02-14 06:14:00,2023-02-27 10:00:00,E1164
HD-30211,J-2023-00744,10,material,2023-02-14 06:14:00,2023-02-21 10:00:00,E1166
HD-30212,J-2023-00735,10,tooling,2023-02-14 06:14:00,2023-02-14 22:15:00,E1164
HD-30213,J-2023-00722,10,material,2023-02-14 06:20:00,2023-02-17 10:00:00,E1174
HD-30214,J-2023-00702,10,engineering,2023-02-14 06:25:00,2023-02-15 10:36:00,E1175
HD-30215,J-2023-00683,10,quality,2023-02-14 09:05:00,2023-02-14 20:46:00,E1175
HD-30216,J-2023-00652,40,quality,2023-02-15 06:50:00,2023-02-16 17:20:00,E1164
HD-30217,J-2023-00731,40,material,2023-02-15 06:56:00,2023-02-16 12:03:00,E1164
HD-30218,J-2023-00720,20,tooling,2023-02-15 07:11:00,2023-02-15 17:03:00,E1172
HD-30219,J-2023-00671,50,engineering,2023-02-15 10:10:00,2023-02-17 02:31:00,E1166
HD-30220,J-2023-00595,30,customer,2023-02-15 10:27:00,2023-02-20 23:59:00,E1169
HD-30221,J-2023-00754,30,engineering,2023-02-15 12:46:00,2023-02-16 02:31:00,E1175
HD-30222,J-2023-00703,30,customer,2023-02-15 13:21:00,2023-02-21 04:24:00,E1169
HD-30223,J-2023-00636,40,tooling,2023-02-15 20:21:00,2023-02-16 19:03:00,E1169
HD-30224,J-2023-00768,10,material,2023-02-16 06:27:00,2023-02-20 10:00:00,E1172
HD-30225,J-2023-00746,40,quality,2023-02-16 06:53:00,2023-02-17 14:06:00,E1172
HD-30226,J-2023-00735,40,engineering,2023-02-16 06:57:00,2023-02-17 11:09:00,E1164
HD-30227,J-2023-00732,50,engineering,2023-02-16 09:52:00,2023-02-17 07:35:00,E1164
HD-30228,J-2023-00784,10,other,2023-02-17 06:22:00,2023-02-22 10:00:00,E1174
HD-30229,J-2023-00749,50,tooling,2023-02-17 13:07:00,2023-02-18 20:49:00,E1166
HD-30230,J-2023-00824,10,material,2023-02-20 06:16:00,2023-02-20 10:00:00,E1172
HD-30231,J-2023-00818,10,material,2023-02-20 06:20:00,2023-02-20 10:00:00,E1169
HD-30232,J-2023-00804,10,customer,2023-02-20 06:20:00,2023-02-20 10:00:00,E1174
HD-30233,J-2023-00702,50,quality,2023-02-20 06:41:00,2023-02-20 19:46:00,E1164
HD-30234,J-2023-00702,50,quality,2023-02-20 19:46:00,2023-02-21 06:20:00,E1166
HD-30235,J-2023-00766,30,tooling,2023-02-20 19:54:00,2023-02-21 04:44:00,E1175
HD-30236,J-2023-00833,10,engineering,2023-02-21 06:01:00,2023-02-22 10:09:00,E1174
HD-30237,J-2023-00842,10,customer,2023-02-21 06:01:00,2023-03-01 10:00:00,E1172
HD-30238,J-2023-00835,10,material,2023-02-21 06:03:00,2023-02-21 10:00:00,E1175
HD-30239,J-2023-00858,10,material,2023-02-21 06:04:00,2023-02-23 10:00:00,E1164
HD-30240,J-2023-00836,10,material,2023-02-21 06:14:00,2023-02-21 10:00:00,E1169
HD-30241,J-2023-00829,10,material,2023-02-21 06:18:00,2023-02-24 10:00:00,E1175
HD-30242,J-2023-00845,10,material,2023-02-21 06:29:00,2023-02-24 10:00:00,E1175
HD-30243,J-2023-00769,20,engineering,2023-02-21 12:55:00,2023-02-22 01:03:00,E1166
HD-30244,J-2023-00768,40,quality,2023-02-21 16:38:00,2023-02-22 17:34:00,E1166
HD-30245,J-2023-00864,10,material,2023-02-22 06:17:00,2023-02-24 10:00:00,E1166
HD-30246,J-2023-00876,10,material,2023-02-22 06:29:00,2023-02-27 10:00:00,E1174
HD-30247,J-2023-00866,20,engineering,2023-02-22 10:06:00,2023-02-22 22:54:00,E1175
HD-30248,J-2023-00784,10,quality,2023-02-22 12:22:00,2023-02-23 05:22:00,E1166
HD-30249,J-2023-00826,20,quality,2023-02-22 14:19:00,2023-02-23 18:32:00,E1169
HD-30250,J-2023-00737,40,tooling,2023-02-22 16:13:00,2023-02-23 02:21:00,E1175
HD-30251,J-2023-00814,40,customer,2023-02-23 06:43:00,2023-02-24 17:26:00,E1164
HD-30252,J-2023-00809,50,other,2023-02-23 09:50:00,2023-02-23 20:13:00,E1175
HD-30253,J-2023-00884,50,other,2023-02-23 12:43:00,2023-02-24 06:11:00,E1169
HD-30254,J-2023-00905,10,customer,2023-02-24 06:22:00,2023-02-27 10:00:00,E1166
HD-30255,J-2023-00910,10,material,2023-02-24 06:25:00,2023-03-06 10:00:00,E1174
HD-30256,J-2023-00906,20,customer,2023-02-24 09:51:00,2023-02-27 19:48:00,E1164
HD-30257,J-2023-00940,10,material,2023-02-27 06:24:00,2023-02-27 10:00:00,E1166
HD-30258,J-2023-00838,60,engineering,2023-02-27 10:12:00,2023-03-01 00:18:00,E1175
HD-30259,J-2023-00889,50,engineering,2023-02-27 10:14:00,2023-03-01 07:26:00,E1164
HD-30260,J-2023-00845,40,quality,2023-02-27 12:46:00,2023-02-28 20:06:00,E1174
HD-30261,J-2023-00983,10,customer,2023-02-28 06:04:00,2023-03-02 07:32:00,E1164
HD-30262,J-2023-00946,10,material,2023-02-28 06:07:00,2023-02-28 10:00:00,E1175
HD-30263,J-2023-00944,10,material,2023-02-28 06:16:00,2023-02-28 10:00:00,E1172
HD-30264,J-2023-00953,10,material,2023-02-28 06:20:00,2023-03-03 10:00:00,E1164
HD-30265,J-2023-00977,10,tooling,2023-02-28 06:23:00,2023-02-28 22:08:00,E1164
HD-30266,J-2023-00913,10,quality,2023-02-28 06:59:00,2023-03-01 07:17:00,E1169
HD-30267,J-2023-00929,30,other,2023-02-28 10:25:00,2023-03-01 08:12:00,E1164
HD-30268,J-2023-00938,20,quality,2023-02-28 18:21:00,2023-03-02 12:46:00,E1175
HD-30269,J-2023-00977,10,material,2023-02-28 22:08:00,2023-03-01 10:00:00,E1174
HD-30270,J-2023-00987,10,engineering,2023-03-01 06:05:00,2023-03-02 16:31:00,E1174
HD-30271,J-2023-00831,20,quality,2023-03-01 06:46:00,2023-03-02 02:54:00,E1175
HD-30272,J-2023-00913,10,quality,2023-03-01 07:17:00,2023-03-02 19:41:00,E1172
HD-30273,J-2023-00965,40,engineering,2023-03-01 07:24:00,2023-03-02 02:02:00,E1166
HD-30274,J-2023-00729,20,quality,2023-03-01 07:42:00,2023-03-02 10:09:00,E1164
HD-30275,J-2023-01003,10,material,2023-03-02 06:24:00,2023-03-06 10:00:00,E1172
HD-30276,J-2023-00986,30,quality,2023-03-02 06:54:00,2023-03-02 22:49:00,E1172
HD-30277,J-2023-00961,30,quality,2023-03-02 08:12:00,2023-03-02 22:06:00,E1169
HD-30278,J-2023-00891,40,tooling,2023-03-02 10:03:00,2023-03-03 09:40:00,E1174
HD-30279,J-2023-00916,30,engineering,2023-03-02 10:10:00,2023-03-06 04:22:00,E1175
HD-30280,J-2023-00938,20,quality,2023-03-02 12:46:00,2023-03-02 23:44:00,E1164
HD-30281,J-2023-00961,30,quality,2023-03-02 22:06:00,2023-03-07 04:47:00,E1174
HD-30282,J-2023-00986,30,quality,2023-03-02 22:49:00,2023-03-03 08:18:00,E1169
HD-30283,J-2023-01023,10,other,2023-03-03 06:15:00,2023-03-06 01:05:00,E1172
HD-30284,J-2023-01021,10,material,2023-03-03 06:27:00,2023-03-09 10:00:00,E1172
HD-30285,J-2023-00913,20,engineering,2023-03-03 07:28:00,2023-03-06 06:06:00,E1175
HD-30286,J-2023-00955,40,customer,2023-03-03 09:50:00,2023-03-06 23:42:00,E1174
HD-30287,J-2023-01011,30,other,2023-03-03 10:15:00,2023-03-06 05:10:00,E1169
HD-30288,J-2023-01026,10,material,2023-03-06 06:08:00,2023-03-06 10:00:00,E1174
HD-30289,J-2023-01032,10,material,2023-03-06 06:17:00,2023-03-06 10:00:00,E1164
HD-30290,J-2023-01030,10,material,2023-03-06 06:26:00,2023-03-08 10:00:00,E1175
HD-30291,J-2023-01003,20,tooling,2023-03-06 12:47:00,2023-03-07 01:38:00,E1172
HD-30292,J-2023-00987,50,tooling,2023-03-06 12:49:00,2023-03-07 06:08:00,E1174
HD-30293,J-2023-00957,50,other,2023-03-06 13:08:00,2023-03-07 02:17:00,E1164
HD-30294,J-2023-01033,30,quality,2023-03-06 16:19:00,2023-03-08 02:47:00,E1174
HD-30295,J-2023-01058,10,other,2023-03-07 06:29:00,2023-03-07 15:49:00,E1164
HD-30296,J-2023-00816,40,other,2023-03-07 13:08:00,2023-03-08 17:01:00,E1174
HD-30297,J-2023-01077,40,quality,2023-03-07 16:25:00,2023-03-08 09:48:00,E1169
HD-30298,J-2023-01091,10,other,2023-03-08 06:13:00,2023-03-08 23:58:00,E1169
HD-30299,J-2023-01011,50,quality,2023-03-08 08:03:00,2023-03-08 21:51:00,E1164
HD-30300,J-2023-01028,20,quality,2023-03-08 08:54:00,2023-03-09 04:45:00,E1175
HD-30301,J-2023-01095,20,engineering,2023-03-08 09:58:00,2023-03-09 07:32:00,E1166
HD-30302,J-2023-01028,20,quality,2023-03-09 04:45:00,2023-03-09 22:24:00,E1169
HD-30303,J-2023-01103,10,quality,2023-03-09 06:06:00,2023-03-10 00:00:00,E1175
HD-30304,J-2023-01105,10,material,2023-03-09 06:10:00,2023-03-09 10:00:00,E1169
HD-30305,J-2023-01119,10,other,2023-03-09 06:27:00,2023-03-09 10:00:00,E1164
HD-30306,J-2023-01114,10,material,2023-03-09 06:30:00,2023-03-14 10:00:00,E1166
HD-30307,J-2023-00782,70,engineering,2023-03-09 10:14:00,2023-03-10 22:06:00,E1174
HD-30308,J-2023-01041,50,other,2023-03-09 10:25:00,2023-03-10 07:54:00,E1174
HD-30309,J-2023-01009,40,quality,2023-03-09 16:32:00,2023-03-10 13:06:00,E1169
HD-30310,J-2023-01107,20,tooling,2023-03-09 16:34:00,2023-03-10 11:59:00,E1174
HD-30311,J-2023-01134,10,material,2023-03-10 06:06:00,2023-03-10 10:00:00,E1174
HD-30312,J-2023-00897,20,tooling,2023-03-10 06:12:00,2023-03-10 23:21:00,E1172
HD-30313,J-2023-01126,10,other,2023-03-10 06:12:00,2023-03-10 12:35:00,E1174
HD-30314,J-2023-01123,10,material,2023-03-10 06:14:00,2023-03-10 10:00:00,E1169
HD-30315,J-2023-01121,10,tooling,2023-03-10 06:18:00,2023-03-14 10:00:00,E1174
HD-30316,J-2023-01123,10,quality,2023-03-10 10:51:00,2023-03-10 19:29:00,E1174
HD-30317,J-2023-01014,40,quality,2023-03-10 11:11:00,2023-03-13 21:11:00,E1174
HD-30318,J-2023-00942,20,quality,2023-03-10 11:27:00,2023-03-14 23:49:00,E1169
HD-30319,J-2023-01065,10,quality,2023-03-10 14:57:00,2023-03-13 17:11:00,E1175
HD-30320,J-2023-00897,20,quality,2023-03-10 23:21:00,2023-03-13 15:14:00,E1172
HD-30321,J-2023-01150,10,material,2023-03-13 06:03:00,2023-03-15 10:00:00,E1169
HD-30322,J-2023-01154,10,material,2023-03-13 06:06:00,2023-03-13 10:00:00,E1169
HD-30323,J-2023-01155,10,material,2023-03-13 06:20:00,2023-03-21 10:00:00,E1174
HD-30324,J-2023-01149,10,material,2023-03-13 06:27:00,2023-03-20 10:00:00,E1175
HD-30325,J-2023-01046,40,other,2023-03-13 09:45:00,2023-03-13 23:44:00,E1169
HD-30326,J-2023-01060,40,tooling,2023-03-13 13:07:00,2023-03-14 10:19:00,E1164
HD-30327,J-2023-01065,10,quality,2023-03-13 17:11:00,2023-03-14 05:25:00,E1166
HD-30328,J-2023-00897,40,engineering,2023-03-13 20:03:00,2023-03-15 08:13:00,E1166
HD-30329,J-2023-01014,40,quality,2023-03-13 21:11:00,2023-03-16 10:37:00,E1172
HD-30330,J-2023-01167,10,material,2023-03-14 06:02:00,2023-03-14 10:00:00,E1172
HD-30331,J-2023-01198,10,material,2023-03-14 06:06:00,2023-03-14 10:00:00,E1174
HD-30332,J-2023-01201,10,other,2023-03-14 06:07:00,2023-03-14 21:39:00,E1169
HD-30333,J-2023-01196,10,other,2023-03-14 06:08:00,2023-03-14 20:41:00,E1169
HD-30334,J-2023-01160,10,engineering,2023-03-14 06:12:00,2023-03-15 19:18:00,E1166
HD-30335,J-2023-01169,10,material,2023-03-14 06:17:00,2023-03-14 10:00:00,E1174
HD-30336,J-2023-01179,10,customer,2023-03-14 06:17:00,2023-03-16 10:00:00,E1175
HD-30337,J-2023-00911,40,tooling,2023-03-14 07:14:00,2023-03-14 23:37:00,E1164
HD-30338,J-2023-01091,40,customer,2023-03-14 07:31:00,2023-03-14 17:56:00,E1175
HD-30339,J-2023-01099,40,quality,2023-03-14 09:04:00,2023-03-14 18:13:00,E1172
HD-30340,J-2023-01103,40,quality,2023-03-14 09:33:00,2023-03-16 07:23:00,E1164
HD-30341,J-2023-01177,20,customer,2023-03-14 19:45:00,2023-03-20 19:04:00,E1166
HD-30342,J-2023-00911,40,quality,2023-03-14 23:37:00,2023-03-15 18:36:00,E1172
HD-30343,J-2023-01214,10,material,2023-03-15 06:02:00,2023-03-20 10:00:00,E1172
HD-30344,J-2023-01105,80,engineering,2023-03-15 09:53:00,2023-03-17 03:30:00,E1169
HD-30345,J-2023-01068,50,engineering,2023-03-15 10:06:00,2023-03-17 06:21:00,E1175
HD-30346,J-2023-01143,20,engineering,2023-03-15 13:04:00,2023-03-16 10:52:00,E1175
HD-30347,J-2023-01244,10,material,2023-03-16 06:03:00,2023-03-16 10:00:00,E1164
HD-30348,J-2023-01242,10,material,2023-03-16 06:10:00,2023-03-16 10:00:00,E1175
HD-30349,J-2023-01238,10,material,2023-03-16 06:19:00,2023-03-16 10:00:00,E1164
HD-30350,J-2023-01245,10,material,2023-03-16 06:27:00,2023-03-17 10:00:00,E1175
HD-30351,J-2023-01103,40,quality,2023-03-16 07:23:00,2023-03-17 14:05:00,E1175
HD-30352,J-2023-01166,40,quality,2023-03-16 10:04:00,2023-03-17 16:23:00,E1164
HD-30353,J-2023-00942,50,other,2023-03-17 07:17:00,2023-03-20 05:23:00,E1175
HD-30354,J-2023-01194,30,quality,2023-03-17 10:01:00,2023-03-20 18:28:00,E1166
HD-30355,J-2023-01247,20,material,2023-03-17 10:19:00,2023-03-20 15:23:00,E1169
HD-30356,J-2023-01235,20,engineering,2023-03-17 12:47:00,2023-03-20 04:08:00,E1169
HD-30357,J-2023-01089,60,quality,2023-03-17 12:55:00,2023-03-20 01:47:00,E1166
HD-30358,J-2023-01271,10,material,2023-03-20 06:19:00,2023-03-20 10:00:00,E1164
HD-30359,J-2023-01197,20,quality,2023-03-20 07:54:00,2023-03-21 03:53:00,E1172
HD-30360,J-2023-00927,50,engineering,2023-03-20 10:18:00,2023-03-20 21:39:00,E1169
HD-30361,J-2023-01268,20,quality,2023-03-20 10:19:00,2023-03-21 00:40:00,E1172
HD-30362,J-2023-01197,20,quality,2023-03-21 03:53:00,2023-03-22 12:53:00,E1172
HD-30363,J-2023-01301,10,material,2023-03-21 06:13:00,2023-03-21 10:00:00,E1175
HD-30364,J-2023-01299,10,material,2023-03-21 06:13:00,2023-03-24 10:00:00,E1166
HD-30365,J-2023-01278,10,material,2023-03-21 06:17:00,2023-03-21 10:00:00,E1175
HD-30366,J-2023-01293,10,material,2023-03-21 06:20:00,2023-03-21 10:00:00,E1174
HD-30367,J-2023-01280,10,customer,2023-03-21 06:27:00,2023-03-21 10:00:00,E1174
HD-30368,J-2023-01305,10,material,2023-03-21 06:28:00,2023-03-21 10:00:00,E1174
HD-30369,J-2023-01311,20,other,2023-03-21 09:45:00,2023-03-21 16:50:00,E1172
HD-30370,J-2023-01262,30,engineering,2023-03-21 10:01:00,2023-03-22 15:19:00,E1174
HD-30371,J-2023-01201,30,material,2023-03-21 10:13:00,2023-03-22 21:21:00,E1164
HD-30372,J-2023-01275,10,quality,2023-03-21 10:47:00,2023-03-22 23:36:00,E1175
HD-30373,J-2023-01220,40,other,2023-03-21 13:24:00,2023-03-22 01:28:00,E1174
HD-30374,J-2023-01306,30,engineering,2023-03-21 13:25:00,2023-03-23 04:02:00,E1172
HD-30375,J-2023-01247,30,quality,2023-03-21 14:51:00,2023-03-22 23:02:00,E1172
HD-30376,J-2023-01220,40,quality,2023-03-22 01:28:00,2023-03-23 05:03:00,E1174
HD-30377,J-2023-01324,10,material,2023-03-22 06:13:00,2023-03-23 10:00:00,E1169
HD-30378,J-2023-01263,30,engineering,2023-03-22 09:46:00,2023-03-23 20:37:00,E1175
HD-30379,J-2023-01314,20,other,2023-03-22 13:09:00,2023-03-23 04:07:00,E1166
HD-30380,J-2023-01137,50,other,2023-03-22 19:49:00,2023-03-23 16:30:00,E1166
HD-30381,J-2023-01247,30,quality,2023-03-22 23:02:00,2023-03-23 05:51:00,E1166
HD-30382,J-2023-01275,10,quality,2023-03-22 23:36:00,2023-03-27 07:54:00,E1166
HD-30383,J-2023-01344,10,tooling,2023-03-23 06:29:00,2023-03-23 22:14:00,E1166
HD-30384,J-2023-01190,30,tooling,2023-03-23 09:56:00,2023-03-24 09:54:00,E1172
HD-30385,J-2023-01341,20,engineering,2023-03-23 10:29:00,2023-03-24 22:48:00,E1174
HD-30386,J-2023-01182,50,tooling,2023-03-23 13:13:00,2023-03-24 03:54:00,E1172
HD-30387,J-2023-01311,30,quality,2023-03-23 13:18:00,2023-03-24 22:04:00,E1175
HD-30388,J-2023-01247,60,other,2023-03-23 16:13:00,2023-03-24 04:08:00,E1164
HD-30389,J-2023-01285,60,tooling,2023-03-23 16:55:00,2023-03-24 12:06:00,E1174
HD-30390,J-2023-01354,10,other,2023-03-24 06:11:00,2023-03-24 19:40:00,E1174
HD-30391,J-2023-01353,10,material,2023-03-24 06:26:00,2023-03-24 10:00:00,E1169
HD-30392,J-2023-01321,40,quality,2023-03-24 09:15:00,2023-03-27 01:26:00,E1174
HD-30393,J-2023-01323,40,quality,2023-03-24 09:49:00,2023-03-27 06:28:00,E1175
HD-30394,J-2023-01188,60,engineering,2023-03-24 10:19:00,2023-03-24 22:55:00,E1174
HD-30395,J-2023-01351,40,engineering,2023-03-24 13:11:00,2023-03-27 07:07:00,E1166
HD-30396,J-2023-01354,10,material,2023-03-24 19:40:00,2023-03-31 10:00:00,E1166
HD-30397,J-2023-01311,30,tooling,2023-03-24 22:04:00,2023-03-27 16:32:00,E1172
HD-30398,J-2023-01378,10,customer,2023-03-27 06:08:00,2023-03-30 22:57:00,E1174
HD-30399,J-2023-01363,10,material,2023-03-27 06:08:00,2023-03-27 10:00:00,E1175
HD-30400,J-2023-01380,10,material,2023-03-27 06:16:00,2023-03-27 10:00:00,E1166
HD-30401,J-2023-01230,40,quality,2023-03-27 07:50:00,2023-03-27 16:43:00,E1172
HD-30402,J-2023-01341,30,tooling,2023-03-27 10:23:00,2023-03-27 21:01:00,E1174
HD-30403,J-2023-01385,10,material,2023-03-28 06:16:00,2023-04-06 10:00:00,E1164
HD-30404,J-2023-01391,10,tooling,2023-03-28 06:27:00,2023-03-28 15:23:00,E1164
HD-30405,J-2023-01374,20,quality,2023-03-28 08:56:00,2023-03-29 18:43:00,E1175
HD-30406,J-2023-01204,60,quality,2023-03-28 09:04:00,2023-03-29 23:21:00,E1174
HD-30407,J-2023-01196,50,customer,2023-03-28 10:04:00,2023-03-29 21:32:00,E1175
HD-30408,J-2023-01381,30,engineering,2023-03-28 10:20:00,2023-03-29 15:36:00,E1169
HD-30409,J-2023-01397,30,other,2023-03-28 20:25:00,2023-03-29 05:40:00,E1169
HD-30410,J-2023-01419,10,quality,2023-03-29 06:14:00,2023-04-04 10:00:00,E1169
HD-30411,J-2023-01391,40,other,2023-03-29 12:55:00,2023-03-30 07:12:00,E1174
HD-30412,J-2023-01440,10,material,2023-03-30 06:02:00,2023-03-30 10:00:00,E1175
HD-30413,J-2023-01426,10,material,2023-03-30 06:16:00,2023-03-31 10:00:00,E1169
HD-30414,J-2023-01434,10,material,2023-03-30 06:18:00,2023-04-04 10:00:00,E1174
HD-30415,J-2023-01441,10,material,2023-03-30 06:24:00,2023-04-03 10:00:00,E1169
HD-30416,J-2023-01327,40,engineering,2023-03-30 13:27:00,2023-03-31 12:11:00,E1174
HD-30417,J-2023-01448,10,material,2023-03-31 06:14:00,2023-04-04 10:00:00,E1166
HD-30418,J-2023-01461,10,engineering,2023-03-31 06:19:00,2023-04-06 10:00:00,E1174
HD-30419,J-2023-01449,20,customer,2023-03-31 16:21:00,2023-04-03 05:25:00,E1164
HD-30420,J-2023-01477,10,material,2023-04-03 06:23:00,2023-04-04 10:00:00,E1175
HD-30421,J-2023-01510,10,other,2023-04-04 06:04:00,2023-04-11 10:00:00,E1164
HD-30422,J-2023-01523,10,material,2023-04-04 06:05:00,2023-04-06 10:00:00,E1166
HD-30423,J-2023-01519,10,customer,2023-04-04 06:17:00,2023-04-04 10:00:00,E1174
HD-30424,J-2023-01491,10,material,2023-04-04 06:26:00,2023-04-04 10:00:00,E1164
HD-30425,J-2023-01463,50,other,2023-04-04 06:48:00,2023-04-04 14:24:00,E1175
HD-30426,J-2023-01469,30,quality,2023-04-04 20:23:00,2023-04-06 05:59:00,E1174
HD-30427,J-2023-01541,10,material,2023-04-05 06:11:00,2023-04-07 10:00:00,E1174
HD-30428,J-2023-01545,10,material,2023-04-05 06:13:00,2023-04-07 10:00:00,E1175
HD-30429,J-2023-01538,10,engineering,2023-04-05 06:13:00,2023-04-05 10:00:00,E1164
HD-30430,J-2023-01537,10,material,2023-04-05 06:27:00,2023-04-05 10:00:00,E1174
HD-30431,J-2023-01549,10,engineering,2023-04-05 06:28:00,2023-04-05 10:00:00,E1174
HD-30432,J-2023-01556,20,customer,2023-04-05 10:21:00,2023-04-06 17:25:00,E1169
HD-30433,J-2023-01477,30,material,2023-04-05 12:46:00,2023-04-05 21:03:00,E1164
HD-30434,J-2023-01569,10,material,2023-04-06 06:23:00,2023-04-18 10:00:00,E1169
HD-30435,J-2023-01548,50,tooling,2023-04-06 12:56:00,2023-04-07 12:49:00,E1172
HD-30436,J-2023-01537,40,engineering,2023-04-06 13:07:00,2023-04-10 01:51:00,E1175
HD-30437,J-2023-01530,40,quality,2023-04-06 16:39:00,2023-04-07 13:41:00,E1175
HD-30438,J-2023-01524,40,quality,2023-04-06 16:49:00,2023-04-07 11:57:00,E1164
HD-30439,J-2023-01596,10,material,2023-04-07 06:11:00,2023-04-12 10:00:00,E1164
HD-30440,J-2023-01601,10,material,2023-04-07 06:22:00,2023-04-07 10:00:00,E1175
HD-30441,J-2023-01556,30,engineering,2023-04-07 09:43:00,2023-04-11 01:35:00,E1166
HD-30442,J-2023-01535,40,quality,2023-04-07 12:23:00,2023-04-11 00:55:00,E1166
HD-30443,J-2023-01466,50,other,2023-04-07 13:27:00,2023-04-10 05:56:00,E1164
HD-30444,J-2023-01590,40,other,2023-04-07 16:38:00,2023-04-10 07:39:00,E1166
HD-30445,J-2023-01560,40,quality,2023-04-07 20:26:00,2023-04-10 18:57:00,E1172
HD-30446,J-2023-01526,40,quality,2023-04-10 00:33:00,2023-04-12 08:55:00,E1174
HD-30447,J-2023-01611,10,tooling,2023-04-10 06:26:00,2023-04-11 01:13:00,E1166
HD-30448,J-2023-01586,40,customer,2023-04-10 20:22:00,2023-04-12 00:58:00,E1174
HD-30449,J-2023-01660,10,customer,2023-04-11 06:08:00,2023-04-14 01:40:00,E1166
HD-30450,J-2023-01625,10,material,2023-04-11 06:12:00,2023-04-13 10:00:00,E1172
HD-30451,J-2023-01654,10,material,2023-04-11 06:15:00,2023-04-14 10:00:00,E1166
HD-30452,J-2023-01631,10,material,2023-04-11 06:17:00,2023-04-12 10:00:00,E1175
HD-30453,J-2023-01633,10,material,2023-04-11 06:21:00,2023-04-19 10:00:00,E1174
HD-30454,J-2023-01622,10,material,2023-04-11 06:26:00,2023-04-12 10:00:00,E1164
HD-30455,J-2023-01642,10,other,2023-04-11 06:27:00,2023-04-13 10:00:00,E1175
HD-30456,J-2023-01637,10,material,2023-04-11 06:27:00,2023-04-12 10:00:00,E1166
HD-30457,J-2023-01573,50,quality,2023-04-11 07:36:00,2023-04-12 02:00:00,E1175
HD-30458,J-2023-01656,30,customer,2023-04-11 13:20:00,2023-04-12 11:56:00,E1169
HD-30459,J-2023-01573,50,quality,2023-04-12 02:00:00,2023-04-14 04:02:00,E1169
HD-30460,J-2023-01680,10,material,2023-04-12 06:16:00,2023-04-12 10:00:00,E1174
HD-30461,J-2023-01678,10,other,2023-04-12 06:28:00,2023-04-21 10:00:00,E1175
HD-30462,J-2023-01561,40,customer,2023-04-12 10:17:00,2023-04-17 23:39:00,E1174
HD-30463,J-2023-01674,20,customer,2023-04-12 10:18:00,2023-04-17 23:21:00,E1166
HD-30464,J-2023-01623,40,quality,2023-04-12 12:06:00,2023-04-13 03:41:00,E1169
HD-30465,J-2023-01559,60,other,2023-04-12 12:46:00,2023-04-12 22:07:00,E1175
HD-30466,J-2023-01682,30,engineering,2023-04-12 12:55:00,2023-04-13 08:48:00,E1164
HD-30467,J-2023-01705,10,engineering,2023-04-13 06:23:00,2023-04-17 00:17:00,E1164
HD-30468,J-2023-01700,10,material,2023-04-13 06:27:00,2023-04-13 10:00:00,E1172
HD-30469,J-2023-01697,10,material,2023-04-13 06:29:00,2023-04-13 10:00:00,E1174
HD-30470,J-2023-01682,40,other,2023-04-13 20:28:00,2023-04-14 02:49:00,E1172
HD-30471,J-2023-01653,40,quality,2023-04-14 07:00:00,2023-04-17 04:37:00,E1169
HD-30472,J-2023-01630,60,tooling,2023-04-14 09:53:00,2023-04-14 17:51:00,E1172
HD-30473,J-2023-01665,30,engineering,2023-04-14 13:22:00,2023-04-17 02:51:00,E1169
HD-30474,J-2023-01702,40,quality,2023-04-14 16:17:00,2023-04-15 20:04:00,E1166
HD-30475,J-2023-01695,40,quality,2023-04-14 16:19:00,2023-04-15 11:32:00,E1164
HD-30476,J-2023-01653,40,quality,2023-04-17 04:37:00,2023-04-19 12:53:00,E1164
HD-30477,J-2023-01778,10,material,2023-04-18 06:00:00,2023-04-21 10:00:00,E1166
HD-30478,J-2023-01784,10,material,2023-04-18 06:03:00,2023-04-18 10:00:00,E1166
HD-30479,J-2023-01781,10,material,2023-04-18 06:17:00,2023-04-18 10:00:00,E1166
HD-30480,J-2023-01810,10,material,2023-04-18 06:18:00,2023-04-20 10:00:00,E1172
HD-30481,J-2023-01767,10,material,2023-04-18 06:20:00,2023-04-20 10:00:00,E1175
HD-30482,J-2023-01814,10,material,2023-04-18 06:24:00,2023-04-18 10:00:00,E1164
HD-30483,J-2023-01779,10,material,2023-04-18 06:28:00,2023-04-21 10:00:00,E1175
HD-30484,J-2023-01738,40,quality,2023-04-18 09:57:00,2023-04-18 22:02:00,E1172
HD-30485,J-2023-01770,40,customer,2023-04-18 19:46:00,2023-04-24 13:05:00,E1172
HD-30486,J-2023-01804,30,quality,2023-04-18 19:53:00,2023-04-19 19:29:00,E1174
HD-30487,J-2023-01827,10,material,2023-04-19 06:07:00,2023-04-19 10:00:00,E1164
HD-30488,J-2023-01841,10,material,2023-04-19 06:25:00,2023-04-20 10:00:00,E1172
HD-30489,J-2023-01839,10,material,2023-04-19 06:28:00,2023-04-24 10:00:00,E1166
HD-30490,J-2023-01665,30,quality,2023-04-19 07:23:00,2023-04-24 07:20:00,E1164
HD-30491,J-2023-01799,30,tooling,2023-04-19 10:19:00,2023-04-19 19:43:00,E1169
HD-30492,J-2023-01419,60,tooling,2023-04-19 12:49:00,2023-04-24 23:18:00,E1174
HD-30493,J-2023-01856,10,material,2023-04-20 06:06:00,2023-04-20 10:00:00,E1166
HD-30494,J-2023-01799,40,quality,2023-04-20 07:05:00,2023-04-21 14:48:00,E1169
HD-30495,J-2023-01808,30,customer,2023-04-20 07:18:00,2023-04-21 20:17:00,E1164
HD-30496,J-2023-01758,40,quality,2023-04-20 08:36:00,2023-04-24 01:59:00,E1174
HD-30497,J-2023-01867,20,quality,2023-04-20 10:09:00,2023-04-21 03:26:00,E1175
HD-30498,J-2023-01728,40,quality,2023-04-20 10:47:00,2023-04-24 00:27:00,E1174
HD-30499,J-2023-01858,30,tooling,2023-04-20 16:50:00,2023-04-21 09:08:00,E1166
HD-30500,J-2023-01881,10,engineering,2023-04-21 06:09:00,2023-05-02 10:00:00,E1164
HD-30501,J-2023-01890,10,material,2023-04-21 06:24:00,2023-04-21 10:00:00,E1174
HD-30502,J-2023-01872,10,material,2023-04-21 06:26:00,2023-04-21 10:00:00,E1175
HD-30503,J-2023-01772,40,engineering,2023-04-21 09:52:00,2023-04-25 00:05:00,E1166
HD-30504,J-2023-01838,40,quality,2023-04-21 10:06:00,2023-04-24 04:15:00,E1175
HD-30505,J-2023-01796,40,tooling,2023-04-21 13:07:00,2023-04-24 22:49:00,E1166
HD-30506,J-2023-01876,10,quality,2023-04-21 13:17:00,2023-04-25 17:28:00,E1175
HD-30507,J-2023-01728,40,quality,2023-04-24 00:27:00,2023-04-25 05:07:00,E1169
HD-30508,J-2023-01758,40,quality,2023-04-24 01:59:00,2023-04-26 23:16:00,E1164
HD-30509,J-2023-01909,10,customer,2023-04-24 06:08:00,2023-04-27 13:26:00,E1174
HD-30510,J-2023-01914,10,material,2023-04-24 06:23:00,2023-04-24 10:00:00,E1172
HD-30511,J-2023-01808,40,customer,2023-04-24 07:09:00,2023-04-25 20:54:00,E1172
HD-30512,J-2023-01779,20,engineering,2023-04-24 07:16:00,2023-04-25 21:43:00,E1174
HD-30513,J-2023-01828,50,quality,2023-04-24 09:34:00,2023-04-25 04:25:00,E1174
HD-30514,J-2023-01665,40,quality,2023-04-24 10:08:00,2023-04-25 04:57:00,E1174
HD-30515,J-2023-01805,40,quality,2023-04-24 12:31:00,2023-04-24 17:19:00,E1164
HD-30516,J-2023-01692,60,engineering,2023-04-24 16:32:00,2023-04-26 12:15:00,E1172
HD-30517,J-2023-01908,40,quality,2023-04-24 20:20:00,2023-04-25 17:00:00,E1164
HD-30518,J-2023-01938,10,engineering,2023-04-25 06:01:00,2023-04-26 12:15:00,E1174
HD-30519,J-2023-01932,10,material,2023-04-25 06:14:00,2023-04-25 10:00:00,E1175
HD-30520,J-2023-01925,10,material,2023-04-25 06:18:00,2023-05-05 10:00:00,E1166
HD-30521,J-2023-01934,10,customer,2023-04-25 06:24:00,2023-04-28 22:00:00,E1164
HD-30522,J-2023-01957,10,material,2023-04-25 06:25:00,2023-05-05 10:00:00,E1164
HD-30523,J-2023-01947,10,material,2023-04-25 06:26:00,2023-04-25 10:00:00,E1174
HD-30524,J-2023-01847,30,quality,2023-04-25 08:39:00,2023-04-26 02:08:00,E1172
HD-30525,J-2023-01928,20,customer,2023-04-25 09:50:00,2023-04-28 03:26:00,E1174
HD-30526,J-2023-01930,20,customer,2023-04-25 10:20:00,2023-04-27 22:52:00,E1174
HD-30527,J-2023-01810,50,quality,2023-04-25 13:30:00,2023-04-26 14:02:00,E1174
HD-30528,J-2023-01914,40,customer,2023-04-25 16:32:00,2023-05-01 00:50:00,E1172
HD-30529,J-2023-01839,40,material,2023-04-25 16:54:00,2023-04-27 17:29:00,E1164
HD-30530,J-2023-01978,10,material,2023-04-26 06:08:00,2023-04-26 10:00:00,E1172
HD-30531,J-2023-01982,10,material,2023-04-26 06:09:00,2023-04-28 10:00:00,E1172
HD-30532,J-2023-01973,10,material,2023-04-26 06:15:00,2023-05-10 10:00:00,E1166
HD-30533,J-2023-01985,10,material,2023-04-26 06:22:00,2023-05-01 10:00:00,E1172
HD-30534,J-2023-01974,10,material,2023-04-26 06:27:00,2023-04-26 10:00:00,E1166
HD-30535,J-2023-01981,10,material,2023-04-26 06:27:00,2023-04-27 10:00:00,E1174
HD-30536,J-2023-01870,40,quality,2023-04-26 08:50:00,2023-05-01 04:28:00,E1169
HD-30537,J-2023-01841,30,engineering,2023-04-26 10:03:00,2023-04-27 12:18:00,E1172
HD-30538,J-2023-01810,50,quality,2023-04-26 14:02:00,2023-04-27 19:06:00,E1172
HD-30539,J-2023-01756,40,material,2023-04-26 17:05:00,2023-04-28 11:56:00,E1174
HD-30540,J-2023-01980,30,quality,2023-04-26 17:06:00,2023-04-27 07:10:00,E1169
HD-30541,J-2023-01991,10,material,2023-04-27 06:01:00,2023-04-27 10:00:00,E1169
HD-30542,J-2023-01998,10,material,2023-04-27 06:01:00,2023-05-05 10:00:00,E1166
HD-30543,J-2023-01980,30,quality,2023-04-27 07:10:00,2023-05-02 01:53:00,E1164
HD-30544,J-2023-01955,40,tooling,2023-04-27 09:58:00,2023-05-02 19:55:00,E1164
HD-30545,J-2023-01911,50,tooling,2023-04-27 10:06:00,2023-04-27 16:30:00,E1172
HD-30546,J-2023-02005,20,engineering,2023-04-27 10:23:00,2023-04-28 17:39:00,E1172
HD-30547,J-2023-01892,30,quality,2023-04-27 10:25:00,2023-04-28 03:35:00,E1175
HD-30548,J-2023-02001,20,other,2023-04-27 16:39:00,2023-04-28 05:18:00,E1164
HD-30549,J-2023-01892,30,quality,2023-04-28 03:35:00,2023-05-02 17:39:00,E1169
HD-30550,J-2023-02025,10,material,2023-04-28 06:01:00,2023-05-10 10:00:00,E1174
HD-30551,J-2023-02014,20,other,2023-04-28 12:50:00,2023-05-01 12:11:00,E1169
HD-30552,J-2023-02015,20,other,2023-04-28 13:01:00,2023-05-01 11:25:00,E1169
HD-30553,J-2023-02032,10,engineering,2023-05-01 06:09:00,2023-05-02 10:00:00,E1169
HD-30554,J-2023-01930,40,quality,2023-05-01 08:48:00,2023-05-03 07:12:00,E1164
HD-30555,J-2023-01779,40,quality,2023-05-01 09:47:00,2023-05-01 17:27:00,E1166
HD-30556,J-2023-01773,40,quality,2023-05-01 10:17:00,2023-05-02 08:28:00,E1175
HD-30557,J-2023-01773,40,customer,2023-05-02 08:28:00,2023-05-03 18:50:00,E1172
HD-30558,J-2023-02023,40,quality,2023-05-02 09:54:00,2023-05-03 14:44:00,E1172
HD-30559,J-2023-01951,10,quality,2023-05-02 12:26:00,2023-05-03 04:00:00,E1174
HD-30560,J-2023-01934,50,material,2023-05-02 13:08:00,2023-05-03 02:35:00,E1174
HD-30561,J-2023-01831,70,customer,2023-05-02 13:20:00,2023-05-03 03:40:00,E1174
HD-30562,J-2023-02048,30,customer,2023-05-02 13:24:00,2023-05-03 22:31:00,E1166
HD-30563,J-2023-02073,30,quality,2023-05-02 16:26:00,2023-05-03 10:59:00,E1166
HD-30564,J-2023-02108,10,material,2023-05-03 06:11:00,2023-05-10 10:00:00,E1172
HD-30565,J-2023-02087,10,tooling,2023-05-03 06:18:00,2023-05-08 10:00:00,E1169
HD-30566,J-2023-02101,10,material,2023-05-03 06:25:00,2023-05-03 10:00:00,E1172
HD-30567,J-2023-02110,10,material,2023-05-03 06:26:00,2023-05-05 10:00:00,E1169
HD-30568,J-2023-01930,40,quality,2023-05-03 07:12:00,2023-05-03 16:00:00,E1166
HD-30569,J-2023-02101,20,engineering,2023-05-03 13:11:00,2023-05-04 14:29:00,E1169
HD-30570,J-2023-02023,40,quality,2023-05-03 14:44:00,2023-05-05 02:52:00,E1169
HD-30571,J-2023-02061,40,material,2023-05-03 16:35:00,2023-05-05 08:35:00,E1166
HD-30572,J-2023-02117,10,material,2023-05-04 06:17:00,2023-05-05 10:00:00,E1175
HD-30573,J-2023-01964,80,engineering,2023-05-04 09:49:00,2023-05-08 01:53:00,E1164
HD-30574,J-2023-02007,40,quality,2023-05-04 10:14:00,2023-05-05 05:22:00,E1175
HD-30575,J-2023-01849,70,engineering,2023-05-04 13:01:00,2023-05-08 09:05:00,E1174
HD-30576,J-2023-02079,50,other,2023-05-04 13:06:00,2023-05-05 03:26:00,E1174
HD-30577,J-2023-02096,40,quality,2023-05-04 13:24:00,2023-05-05 11:22:00,E1164
HD-30578,J-2023-01966,30,customer,2023-05-04 16:19:00,2023-05-08 15:28:00,E1164
HD-30579,J-2023-02072,20,quality,2023-05-04 19:04:00,2023-05-05 05:55:00,E1172
HD-30580,J-2023-02007,40,quality,2023-05-05 05:22:00,2023-05-05 16:54:00,E1169
HD-30581,J-2023-02137,10,material,2023-05-05 06:01:00,2023-05-05 10:00:00,E1175
HD-30582,J-2023-02146,10,material,2023-05-05 06:12:00,2023-05-15 10:00:00,E1164
HD-30583,J-2023-02141,10,material,2023-05-05 06:14:00,2023-05-05 10:00:00,E1172
HD-30584,J-2023-02144,10,material,2023-05-05 06:16:00,2023-05-05 10:00:00,E1169
HD-30585,J-2023-02142,10,customer,2023-05-05 06:19:00,2023-05-05 23:52:00,E1174
HD-30586,J-2023-02144,20,engineering,2023-05-05 16:41:00,2023-05-08 07:08:00,E1175
HD-30587,J-2023-02150,10,material,2023-05-08 06:02:00,2023-05-08 10:00:00,E1166
HD-30588,J-2023-02091,40,quality,2023-05-08 07:05:00,2023-05-09 13:25:00,E1175
HD-30589,J-2023-02137,10,quality,2023-05-08 08:51:00,2023-05-09 21:50:00,E1164
HD-30590,J-2023-01925,40,quality,2023-05-08 12:47:00,2023-05-09 22:06:00,E1164
HD-30591,J-2023-02166,40,quality,2023-05-08 20:16:00,2023-05-10 07:06:00,E1164
HD-30592,J-2023-02205,10,material,2023-05-09 06:06:00,2023-05-10 10:00:00,E1169
HD-30593,J-2023-02155,20,quality,2023-05-09 06:14:00,2023-05-11 03:14:00,E1166
HD-30594,J-2023-02194,10,material,2023-05-09 06:15:00,2023-05-09 10:00:00,E1172
HD-30595,J-2023-02179,10,customer,2023-05-09 06:21:00,2023-05-10 04:46:00,E1166
HD-30596,J-2023-02152,40,quality,2023-05-09 07:32:00,2023-05-10 08:17:00,E1166
HD-30597,J-2023-02137,10,customer,2023-05-09 21:50:00,2023-05-11 00:43:00,E1175
HD-30598,J-2023-02143,50,tooling,2023-05-10 06:18:00,2023-05-10 18:18:00,E1164
HD-30599,J-2023-02229,10,material,2023-05-10 06:18:00,2023-05-10 10:00:00,E1174
HD-30600,J-2023-02188,30,customer,2023-05-10 07:04:00,2023-05-11 11:19:00,E1172
HD-30601,J-2023-02183,30,engineering,2023-05-10 10:28:00,2023-05-11 15:32:00,E1174
HD-30602,J-2023-02151,60,engineering,2023-05-10 16:17:00,2023-05-11 06:49:00,E1172
HD-30603,J-2023-02164,20,quality,2023-05-10 16:29:00,2023-05-11 18:56:00,E1174
HD-30604,J-2023-02194,40,engineering,2023-05-10 16:49:00,2023-05-12 03:06:00,E1169
HD-30605,J-2023-02155,20,quality,2023-05-11 03:14:00,2023-05-12 16:14:00,E1169
HD-30606,J-2023-02243,10,material,2023-05-11 06:14:00,2023-05-19 10:00:00,E1172
HD-30607,J-2023-02240,10,material,2023-05-11 06:21:00,2023-05-12 10:00:00,E1175
HD-30608,J-2023-02251,20,tooling,2023-05-11 10:10:00,2023-05-11 17:06:00,E1175
HD-30609,J-2023-02201,50,engineering,2023-05-11 10:12:00,2023-05-12 12:59:00,E1169
HD-30610,J-2023-02152,50,tooling,2023-05-11 13:02:00,2023-05-11 20:27:00,E1169
HD-30611,J-2023-02163,60,customer,2023-05-11 16:19:00,2023-05-16 18:07:00,E1174
HD-30612,J-2023-02161,40,quality,2023-05-12 09:55:00,2023-05-15 11:22:00,E1174
HD-30613,J-2023-02194,50,tooling,2023-05-12 10:20:00,2023-05-15 05:14:00,E1164
HD-30614,J-2023-02242,30,quality,2023-05-12 19:14:00,2023-05-15 11:48:00,E1166
HD-30615,J-2023-02248,30,customer,2023-05-12 20:24:00,2023-05-16 14:25:00,E1166
HD-30616,J-2023-02253,20,quality,2023-05-12 21:03:00,2023-05-16 16:12:00,E1172
HD-30617,J-2023-02273,10,material,2023-05-15 06:01:00,2023-05-17 10:00:00,E1169
HD-30618,J-2023-02267,10,material,2023-05-15 06:25:00,2023-05-16 10:00:00,E1164
HD-30619,J-2023-02261,10,material,2023-05-15 06:27:00,2023-05-16 10:00:00,E1174
HD-30620,J-2023-02176,40,tooling,2023-05-15 06:48:00,2023-05-16 03:21:00,E1175
HD-30621,J-2023-02210,80,customer,2023-05-15 16:20:00,2023-05-17 05:40:00,E1174
HD-30622,J-2023-02206,40,quality,2023-05-16 00:09:00,2023-05-16 08:13:00,E1174
HD-30623,J-2023-02290,10,material,2023-05-16 06:07:00,2023-05-17 10:00:00,E1172
HD-30624,J-2023-02287,10,material,2023-05-16 06:09:00,2023-05-18 10:00:00,E1164
HD-30625,J-2023-02307,10,engineering,2023-05-16 06:23:00,2023-05-17 12:10:00,E1164
HD-30626,J-2023-02308,10,material,2023-05-16 06:26:00,2023-05-18 10:00:00,E1175
HD-30627,J-2023-02299,10,material,2023-05-16 06:28:00,2023-05-17 10:00:00,E1169
HD-30628,J-2023-02282,10,material,2023-05-16 06:29:00,2023-05-16 10:00:00,E1166
HD-30629,J-2023-02314,20,tooling,2023-05-16 13:05:00,2023-05-17 03:58:00,E1169
HD-30630,J-2023-02253,20,customer,2023-05-16 16:12:00,2023-05-18 04:58:00,E1169
HD-30631,J-2023-02327,10,material,2023-05-17 06:05:00,2023-05-17 10:00:00,E1164
HD-30632,J-2023-02324,10,tooling,2023-05-17 06:07:00,2023-05-17 22:00:00,E1175
HD-30633,J-2023-02330,10,customer,2023-05-17 06:08:00,2023-05-19 10:03:00,E1174
HD-30634,J-2023-02328,10,material,2023-05-17 06:09:00,2023-05-22 10:00:00,E1175
HD-30635,J-2023-02325,20,other,2023-05-17 10:03:00,2023-05-23 04:51:00,E1164
HD-30636,J-2023-02337,20,other,2023-05-17 10:07:00,2023-05-18 08:20:00,E1174
HD-30637,J-2023-02311,40,quality,2023-05-17 19:53:00,2023-05-19 05:18:00,E1172
HD-30638,J-2023-02289,40,quality,2023-05-17 19:54:00,2023-05-18 13:25:00,E1169
HD-30639,J-2023-02324,10,customer,2023-05-17 22:00:00,2023-05-22 10:00:00,E1175
HD-30640,J-2023-02359,10,material,2023-05-18 06:09:00,2023-05-18 10:00:00,E1175
HD-30641,J-2023-02338,10,engineering,2023-05-18 06:09:00,2023-05-18 23:05:00,E1166
HD-30642,J-2023-02357,10,material,2023-05-18 06:12:00,2023-05-31 10:00:00,E1174
HD-30643,J-2023-02350,10,material,2023-05-18 06:18:00,2023-06-01 10:00:00,E1172
HD-30644,J-2023-02342,10,material,2023-05-18 06:29:00,2023-05-30 10:00:00,E1164
HD-30645,J-2023-02310,40,quality,2023-05-18 07:08:00,2023-05-18 23:27:00,E1175
HD-30646,J-2023-02274,60,tooling,2023-05-18 09:59:00,2023-05-19 04:06:00,E1172
HD-30647,J-2023-02360,20,customer,2023-05-18 10:07:00,2023-05-23 06:35:00,E1175
HD-30648,J-2023-02040,50,customer,2023-05-18 12:48:00,2023-05-22 01:29:00,E1175
HD-30649,J-2023-02293,30,engineering,2023-05-18 16:28:00,2023-05-22 14:13:00,E1166
HD-30650,J-2023-02195,40,quality,2023-05-19 02:54:00,2023-05-19 15:10:00,E1174
HD-30651,J-2023-02369,10,material,2023-05-19 06:14:00,2023-05-19 10:00:00,E1164
HD-30652,J-2023-02365,10,material,2023-05-19 06:27:00,2023-05-22 10:00:00,E1172
HD-30653,J-2023-02381,10,material,2023-05-22 06:05:00,2023-05-26 10:00:00,E1169
HD-30654,J-2023-02393,10,material,2023-05-22 06:09:00,2023-05-23 10:00:00,E1166
HD-30655,J-2023-02379,10,material,2023-05-22 06:16:00,2023-05-24 10:00:00,E1164
HD-30656,J-2023-02391,10,material,2023-05-22 06:19:00,2023-06-02 10:00:00,E1166
HD-30657,J-2023-02385,10,material,2023-05-22 06:24:00,2023-05-22 10:00:00,E1166
HD-30658,J-2023-02359,60,other,2023-05-22 09:55:00,2023-05-23 01:58:00,E1175
HD-30659,J-2023-02369,10,quality,2023-05-22 10:46:00,2023-05-23 17:29:00,E1175
HD-30660,J-2023-02386,30,engineering,2023-05-22 13:00:00,2023-05-23 06:42:00,E1172
HD-30661,J-2023-02324,30,quality,2023-05-22 20:29:00,2023-05-23 11:43:00,E1166
HD-30662,J-2023-02412,10,material,2023-05-23 06:07:00,2023-06-06 10:00:00,E1169
HD-30663,J-2023-02405,10,material,2023-05-23 06:09:00,2023-05-23 10:00:00,E1166
HD-30664,J-2023-02422,10,material,2023-05-23 06:19:00,2023-05-23 10:00:00,E1169
HD-30665,J-2023-02373,40,quality,2023-05-23 07:29:00,2023-05-24 21:43:00,E1172
HD-30666,J-2023-02365,40,tooling,2023-05-23 13:20:00,2023-05-23 20:34:00,E1169
HD-30667,J-2023-02430,30,quality,2023-05-23 13:47:00,2023-05-25 02:48:00,E1166
HD-30668,J-2023-02463,10,material,2023-05-24 06:09:00,2023-05-26 10:00:00,E1166
HD-30669,J-2023-02446,10,material,2023-05-24 06:13:00,2023-05-25 10:00:00,E1169
HD-30670,J-2023-02454,10,engineering,2023-05-24 06:27:00,2023-06-09 10:00:00,E1166
HD-30671,J-2023-02322,40,quality,2023-05-24 07:14:00,2023-05-25 05:03:00,E1169
HD-30672,J-2023-02293,40,quality,2023-05-24 07:18:00,2023-05-26 05:52:00,E1175
HD-30673,J-2023-02397,40,quality,2023-05-24 07:35:00,2023-05-25 02:30:00,E1169
HD-30674,J-2023-02467,20,other,2023-05-24 09:49:00,2023-05-25 04:37:00,E1166
HD-30675,J-2023-02369,30,quality,2023-05-24 10:28:00,2023-05-24 19:11:00,E1169
HD-30676,J-2023-02437,30,quality,2023-05-24 16:49:00,2023-05-25 11:33:00,E1172
HD-30677,J-2023-02373,40,quality,2023-05-24 21:43:00,2023-05-30 12:11:00,E1175
HD-30678,J-2023-02397,40,quality,2023-05-25 02:30:00,2023-05-30 05:29:00,E1164
HD-30679,J-2023-02469,10,tooling,2023-05-25 06:03:00,2023-05-26 05:17:00,E1174
HD-30680,J-2023-02445,40,quality,2023-05-25 07:06:00,2023-05-26 16:47:00,E1169
HD-30681,J-2023-02466,20,engineering,2023-05-25 07:19:00,2023-05-26 17:50:00,E1172
HD-30682,J-2023-02479,20,customer,2023-05-25 10:01:00,2023-05-31 13:27:00,E1166
HD-30683,J-2023-02443,40,quality,2023-05-25 10:14:00,2023-05-26 05:13:00,E1174
HD-30684,J-2023-02413,30,customer,2023-05-25 10:18:00,2023-05-31 03:53:00,E1175
HD-30685,J-2023-02404,30,customer,2023-05-25 10:19:00,2023-05-26 16:10:00,E1166
HD-30686,J-2023-02481,20,tooling,2023-05-25 10:21:00,2023-05-26 08:02:00,E1166
HD-30687,J-2023-02293,40,material,2023-05-26 05:52:00,2023-05-30 10:45:00,E1174
HD-30688,J-2023-02488,40,quality,2023-05-26 06:44:00,2023-05-30 18:00:00,E1164
HD-30689,J-2023-02445,40,quality,2023-05-26 16:47:00,2023-05-31 18:32:00,E1164
HD-30690,J-2023-02468,40,tooling,2023-05-26 20:29:00,2023-05-30 08:36:00,E1166
HD-30691,J-2023-02457,40,quality,2023-05-30 05:49:00,2023-05-31 05:52:00,E1175
HD-30692,J-2023-02522,10,quality,2023-05-30 06:12:00,2023-05-30 10:00:00,E1169
HD-30693,J-2023-02549,10,tooling,2023-05-30 06:14:00,2023-05-30 16:31:00,E1164
HD-30694,J-2023-02544,10,material,2023-05-30 06:16:00,2023-06-06 10:00:00,E1174
HD-30695,J-2023-02537,10,quality,2023-05-30 06:17:00,2023-05-31 10:00:00,E1169
HD-30696,J-2023-02388,10,quality,2023-05-30 06:19:00,2023-05-31 08:01:00,E1172
HD-30697,J-2023-02521,10,material,2023-05-30 06:23:00,2023-06-07 10:00:00,E1175
HD-30698,J-2023-02530,10,engineering,2023-05-30 06:27:00,2023-05-31 00:51:00,E1172
HD-30699,J-2023-02534,10,quality,2023-05-30 07:46:00,2023-05-31 19:00:00,E1174
HD-30700,J-2023-02513,20,quality,2023-05-30 08:29:00,2023-05-31 19:06:00,E1166
HD-30701,J-2023-02467,30,quality,2023-05-30 08:44:00,2023-05-30 20:57:00,E1166
HD-30702,J-2023-02538,20,engineering,2023-05-30 10:25:00,2023-05-31 08:21:00,E1164
HD-30703,J-2023-02487,50,customer,2023-05-30 13:22:00,2023-05-31 18:27:00,E1174
HD-30704,J-2023-02530,10,other,2023-05-31 00:51:00,2023-05-31 16:57:00,E1169
HD-30705,J-2023-02566,10,material,2023-05-31 06:01:00,2023-06-01 10:00:00,E1164
HD-30706,J-2023-02553,10,tooling,2023-05-31 06:05:00,2023-06-01 10:00:00,E1175
HD-30707,J-2023-02434,40,engineering,2023-05-31 09:20:00,2023-06-02 22:28:00,E1175
HD-30708,J-2023-02538,30,tooling,2023-05-31 09:45:00,2023-06-01 05:48:00,E1174
HD-30709,J-2023-02485,60,other,2023-05-31 10:08:00,2023-06-01 07:25:00,E1174
HD-30710,J-2023-02522,30,quality,2023-05-31 12:57:00,2023-06-02 02:48:00,E1169
HD-30711,J-2023-02513,20,quality,2023-05-31 19:06:00,2023-06-02 12:52:00,E1172
HD-30712,J-2023-02574,10,material,2023-06-01 06:03:00,2023-06-01 10:00:00,E1172
HD-30713,J-2023-02580,10,material,2023-06-01 06:06:00,2023-06-01 10:00:00,E1164
HD-30714,J-2023-02564,20,quality,2023-06-01 08:58:00,2023-06-02 02:47:00,E1169
HD-30715,J-2023-02530,40,quality,2023-06-01 12:49:00,2023-06-02 08:08:00,E1166
HD-30716,J-2023-02539,40,tooling,2023-06-01 20:06:00,2023-06-05 03:37:00,E1164
HD-30717,J-2023-02522,30,quality,2023-06-02 02:48:00,2023-06-06 03:35:00,E1175
HD-30718,J-2023-02350,30,other,2023-06-02 06:53:00,2023-06-02 14:53:00,E1169
HD-30719,J-2023-02551,40,quality,2023-06-02 08:43:00,2023-06-05 18:13:00,E1175
HD-30720,J-2023-02524,40,other,2023-06-02 11:32:00,2023-06-05 00:14:00,E1166
HD-30721,J-2023-02414,50,engineering,2023-06-02 12:55:00,2023-06-06 00:35:00,E1172
HD-30722,J-2023-02259,80,other,2023-06-02 13:28:00,2023-06-02 22:31:00,E1166
HD-30723,J-2023-02350,40,quality,2023-06-02 16:12:00,2023-06-05 16:09:00,E1172
HD-30724,J-2023-02604,10,tooling,2023-06-05 06:00:00,2023-06-05 15:44:00,E1166
HD-30725,J-2023-02609,10,material,2023-06-05 06:09:00,2023-06-06 10:00:00,E1169
HD-30726,J-2023-02620,20,customer,2023-06-05 09:44:00,2023-06-09 05:20:00,E1175
HD-30727,J-2023-02391,40,engineering,2023-06-05 12:49:00,2023-06-06 13:49:00,E1166
HD-30728,J-2023-02606,40,engineering,2023-06-05 16:19:00,2023-06-06 07:30:00,E1174
HD-30729,J-2023-02604,20,quality,2023-06-05 22:13:00,2023-06-07 08:17:00,E1175
HD-30730,J-2023-02650,10,material,2023-06-06 06:00:00,2023-06-06 10:00:00,E1166
HD-30731,J-2023-02662,10,customer,2023-06-06 06:03:00,2023-06-08 14:33:00,E1175
HD-30732,J-2023-02639,10,material,2023-06-06 06:06:00,2023-06-06 10:00:00,E1164
HD-30733,J-2023-02648,10,material,2023-06-06 06:14:00,2023-06-06 10:00:00,E1172
HD-30734,J-2023-02629,10,material,2023-06-06 06:27:00,2023-06-06 10:00:00,E1175
HD-30735,J-2023-02664,40,quality,2023-06-06 16:37:00,2023-06-07 08:17:00,E1166
HD-30736,J-2023-02677,10,material,2023-06-07 06:21:00,2023-06-12 10:00:00,E1166
HD-30737,J-2023-02668,10,material,2023-06-07 06:24:00,2023-06-07 10:00:00,E1175
HD-30738,J-2023-02650,10,quality,2023-06-07 08:03:00,2023-06-08 07:31:00,E1166
HD-30739,J-2023-02606,50,quality,2023-06-07 08:09:00,2023-06-09 06:58:00,E1169
HD-30740,J-2023-02604,20,quality,2023-06-07 08:17:00,2023-06-12 07:24:00,E1175
HD-30741,J-2023-02561,30,engineering,2023-06-07 10:07:00,2023-06-08 13:10:00,E1166
HD-30742,J-2023-02505,90,tooling,2023-06-07 12:55:00,2023-06-07 20:58:00,E1166
HD-30743,J-2023-02685,10,material,2023-06-08 06:12:00,2023-06-08 10:00:00,E1164
HD-30744,J-2023-02689,10,material,2023-06-08 06:23:00,2023-06-09 10:00:00,E1169
HD-30745,J-2023-02690,10,material,2023-06-08 06:26:00,2023-06-08 10:00:00,E1172
HD-30746,J-2023-02650,10,quality,2023-06-08 07:31:00,2023-06-09 12:30:00,E1169
HD-30747,J-2023-02557,20,quality,2023-06-08 12:53:00,2023-06-09 15:59:00,E1164
HD-30748,J-2023-02653,30,engineering,2023-06-08 16:44:00,2023-06-09 23:29:00,E1169
HD-30749,J-2023-02521,40,engineering,2023-06-08 20:05:00,2023-06-09 13:02:00,E1164
HD-30750,J-2023-02705,10,quality,2023-06-09 06:04:00,2023-06-15 10:00:00,E1166
HD-30751,J-2023-02708,10,tooling,2023-06-09 06:11:00,2023-06-09 16:09:00,E1174
HD-30752,J-2023-02706,10,material,2023-06-09 06:15:00,2023-06-21 10:00:00,E1172
HD-30753,J-2023-02721,10,customer,2023-06-09 06:24:00,2023-06-12 12:25:00,E1174
HD-30754,J-2023-02701,10,material,2023-06-09 06:28:00,2023-06-20 10:00:00,E1175
HD-30755,J-2023-02606,50,quality,2023-06-09 06:58:00,2023-06-09 11:59:00,E1175
HD-30756,J-2023-02710,20,engineering,2023-06-09 10:00:00,2023-06-13 03:04:00,E1175
HD-30757,J-2023-02712,30,customer,2023-06-09 16:39:00,2023-06-15 13:22:00,E1172
HD-30758,J-2023-02727,10,material,2023-06-12 06:14:00,2023-06-12 10:00:00,E1175
HD-30759,J-2023-02726,10,material,2023-06-12 06:25:00,2023-06-13 10:00:00,E1174
HD-30760,J-2023-02653,30,quality,2023-06-12 09:43:00,2023-06-13 19:06:00,E1175
HD-30761,J-2023-02681,50,quality,2023-06-12 10:26:00,2023-06-13 02:25:00,E1164
HD-30762,J-2023-02681,50,quality,2023-06-13 02:25:00,2023-06-15 14:47:00,E1175
HD-30763,J-2023-02757,10,customer,2023-06-13 06:16:00,2023-06-16 15:26:00,E1172
HD-30764,J-2023-02742,10,material,2023-06-13 06:16:00,2023-06-14 10:00:00,E1169
HD-30765,J-2023-02755,10,tooling,2023-06-13 06:17:00,2023-06-14 01:33:00,E1164
HD-30766,J-2023-02776,10,quality,2023-06-13 06:27:00,2023-06-14 11:39:00,E1172
HD-30767,J-2023-02692,60,material,2023-06-13 07:27:00,2023-06-14 01:26:00,E1174
HD-30768,J-2023-02774,20,customer,2023-06-13 13:34:00,2023-06-14 16:35:00,E1164
HD-30769,J-2023-02778,40,quality,2023-06-13 19:47:00,2023-06-14 20:25:00,E1169
HD-30770,J-2023-02734,40,engineering,2023-06-13 19:49:00,2023-06-14 13:35:00,E1166
HD-30771,J-2023-02721,40,quality,2023-06-14 06:18:00,2023-06-19 05:29:00,E1174
HD-30772,J-2023-02796,10,material,2023-06-15 06:03:00,2023-06-20 10:00:00,E1175
HD-30773,J-2023-02807,10,material,2023-06-15 06:06:00,2023-06-15 10:00:00,E1175
HD-30774,J-2023-02798,10,material,2023-06-15 06:17:00,2023-06-22 10:00:00,E1175
HD-30775,J-2023-02768,60,tooling,2023-06-15 06:43:00,2023-06-16 05:54:00,E1174
HD-30776,J-2023-02780,30,quality,2023-06-15 07:29:00,2023-06-16 11:59:00,E1169
HD-30777,J-2023-02803,20,quality,2023-06-16 09:33:00,2023-06-20 13:15:00,E1174
HD-30778,J-2023-02742,40,engineering,2023-06-16 13:19:00,2023-06-19 11:19:00,E1172
HD-30779,J-2023-02846,10,engineering,2023-06-19 06:03:00,2023-06-20 06:26:00,E1175
HD-30780,J-2023-02836,10,material,2023-06-19 06:04:00,2023-06-26 10:00:00,E1175
HD-30781,J-2023-02780,50,other,2023-06-19 12:42:00,2023-06-20 00:28:00,E1169
HD-30782,J-2023-02617,40,customer,2023-06-19 16:39:00,2023-06-21 06:42:00,E1164
HD-30783,J-2023-02821,40,quality,2023-06-19 20:23:00,2023-06-20 17:40:00,E1169
HD-30784,J-2023-02872,10,material,2023-06-20 06:04:00,2023-06-21 10:00:00,E1174
HD-30785,J-2023-02875,10,other,2023-06-20 06:12:00,2023-06-20 10:00:00,E1169
HD-30786,J-2023-02849,10,material,2023-06-20 06:20:00,2023-06-27 10:00:00,E1174
HD-30787,J-2023-02884,10,material,2023-06-20 06:23:00,2023-06-29 10:00:00,E1164
HD-30788,J-2023-02826,30,quality,2023-06-20 07:39:00,2023-06-21 13:27:00,E1172
HD-30789,J-2023-02693,40,other,2023-06-20 10:02:00,2023-06-21 05:19:00,E1174
HD-30790,J-2023-02823,60,tooling,2023-06-20 10:20:00,2023-06-20 18:01:00,E1166
HD-30791,J-2023-02832,10,quality,2023-06-20 17:55:00,2023-06-20 22:48:00,E1172
HD-30792,J-2023-02907,10,material,2023-06-21 06:09:00,2023-07-05 10:00:00,E1175
HD-30793,J-2023-02862,30,tooling,2023-06-21 10:01:00,2023-06-21 16:05:00,E1166
HD-30794,J-2023-02873,30,tooling,2023-06-21 10:23:00,2023-06-22 02:57:00,E1175
HD-30795,J-2023-02796,40,tooling,2023-06-21 12:56:00,2023-06-21 20:11:00,E1172
HD-30796,J-2023-02895,20,customer,2023-06-21 13:11:00,2023-06-23 19:05:00,E1175
HD-30797,J-2023-02826,30,quality,2023-06-21 13:27:00,2023-06-22 07:17:00,E1166
HD-30798,J-2023-02890,30,customer,2023-06-21 13:28:00,2023-06-27 07:08:00,E1166
HD-30799,J-2023-02913,10,material,2023-06-22 06:04:00,2023-06-26 10:00:00,E1169
HD-30800,J-2023-02925,10,material,2023-06-22 06:27:00,2023-06-27 10:00:00,E1172
HD-30801,J-2023-02886,40,quality,2023-06-22 06:48:00,2023-06-23 11:48:00,E1175
HD-30802,J-2023-02897,30,engineering,2023-06-22 07:00:00,2023-06-23 19:56:00,E1172
HD-30803,J-2023-02888,40,engineering,2023-06-22 09:46:00,2023-06-23 13:27:00,E1172
HD-30804,J-2023-02718,60,engineering,2023-06-22 09:49:00,2023-06-22 16:25:00,E1166
HD-30805,J-2023-02911,20,quality,2023-06-22 17:24:00,2023-06-26 09:58:00,E1164
HD-30806,J-2023-02950,10,material,2023-06-23 06:05:00,2023-06-23 10:00:00,E1164
HD-30807,J-2023-02937,10,material,2023-06-23 06:13:00,2023-06-26 10:00:00,E1172
HD-30808,J-2023-02938,10,material,2023-06-23 06:28:00,2023-06-28 10:00:00,E1164
HD-30809,J-2023-02944,10,material,2023-06-23 06:30:00,2023-06-27 10:00:00,E1166
HD-30810,J-2023-02787,50,tooling,2023-06-23 06:50:00,2023-06-23 13:56:00,E1172
HD-30811,J-2023-02946,20,engineering,2023-06-23 09:46:00,2023-06-26 23:40:00,E1164
HD-30812,J-2023-02820,70,other,2023-06-23 10:22:00,2023-06-26 02:03:00,E1169
HD-30813,J-2023-02687,30,quality,2023-06-23 22:06:00,2023-06-27 21:23:00,E1166
HD-30814,J-2023-02957,10,material,2023-06-26 06:00:00,2023-07-06 10:00:00,E1174
HD-30815,J-2023-02960,10,material,2023-06-26 06:05:00,2023-06-27 10:00:00,E1169
HD-30816,J-2023-02965,10,engineering,2023-06-26 06:09:00,2023-06-27 14:28:00,E1169
HD-30817,J-2023-02818,40,quality,2023-06-26 07:48:00,2023-06-27 00:06:00,E1166
HD-30818,J-2023-02911,20,quality,2023-06-26 09:58:00,2023-06-29 00:14:00,E1164
HD-30819,J-2023-02951,20,quality,2023-06-26 10:31:00,2023-06-27 09:25:00,E1166
HD-30820,J-2023-02916,20,quality,2023-06-26 11:17:00,2023-06-27 09:50:00,E1174
HD-30821,J-2023-02725,40,quality,2023-06-26 12:47:00,2023-06-28 00:18:00,E1166
HD-30822,J-2023-02772,30,quality,2023-06-26 16:19:00,2023-06-27 17:28:00,E1174
HD-30823,J-2023-02818,40,quality,2023-06-27 00:06:00,2023-06-27 14:03:00,E1166
HD-30824,J-2023-03007,10,material,2023-06-27 06:04:00,2023-06-30 10:00:00,E1164
HD-30825,J-2023-02987,10,material,2023-06-27 06:07:00,2023-06-27 10:00:00,E1174
HD-30826,J-2023-03014,10,material,2023-06-27 06:09:00,2023-07-06 10:00:00,E1174
HD-30827,J-2023-03012,10,material,2023-06-27 06:25:00,2023-06-28 10:00:00,E1164
HD-30828,J-2023-02932,30,quality,2023-06-27 06:53:00,2023-06-28 18:57:00,E1175
HD-30829,J-2023-02966,30,engineering,2023-06-27 07:10:00,2023-06-28 01:17:00,E1172
HD-30830,J-2023-02951,20,quality,2023-06-27 09:25:00,2023-06-27 20:33:00,E1164
HD-30831,J-2023-02895,30,quality,2023-06-27 12:19:00,2023-06-29 18:17:00,E1166
HD-30832,J-2023-02701,60,quality,2023-06-27 22:53:00,2023-06-28 16:54:00,E1169
HD-30833,J-2023-03041,10,material,2023-06-28 06:14:00,2023-06-29 10:00:00,E1164
HD-30834,J-2023-03039,10,engineering,2023-06-28 06:17:00,2023-06-29 05:09:00,E1164
HD-30835,J-2023-03031,10,engineering,2023-06-28 06:20:00,2023-06-29 03:04:00,E1175
HD-30836,J-2023-03028,10,material,2023-06-28 06:23:00,2023-06-29 10:00:00,E1175
HD-30837,J-2023-02975,20,engineering,2023-06-28 06:44:00,2023-06-29 13:33:00,E1166
HD-30838,J-2023-02929,70,customer,2023-06-28 10:06:00,2023-07-03 07:23:00,E1166
HD-30839,J-2023-02890,40,quality,2023-06-28 10:47:00,2023-06-30 09:57:00,E1169
HD-30840,J-2023-02991,30,quality,2023-06-28 17:34:00,2023-06-29 06:06:00,E1174
HD-30841,J-2023-03059,10,material,2023-06-29 06:02:00,2023-06-29 10:00:00,E1175
HD-30842,J-2023-03056,10,material,2023-06-29 06:08:00,2023-07-05 10:00:00,E1172
HD-30843,J-2023-03070,10,material,2023-06-29 06:10:00,2023-06-29 10:00:00,E1166
HD-30844,J-2023-03060,10,material,2023-06-29 06:19:00,2023-07-05 10:00:00,E1169
HD-30845,J-2023-02966,40,engineering,2023-06-29 09:56:00,2023-07-06 00:34:00,E1175
HD-30846,J-2023-03071,20,tooling,2023-06-29 12:51:00,2023-06-29 23:31:00,E1172
HD-30847,J-2023-03021,40,quality,2023-06-29 12:57:00,2023-06-30 16:08:00,E1164
HD-30848,J-2023-03005,30,engineering,2023-06-30 03:14:00,2023-07-06 02:01:00,E1169
HD-30849,J-2023-03095,10,engineering,2023-06-30 06:06:00,2023-06-30 10:00:00,E1166
HD-30850,J-2023-03091,10,tooling,2023-06-30 06:08:00,2023-06-30 19:54:00,E1175
HD-30851,J-2023-03088,10,quality,2023-06-30 06:13:00,2023-06-30 10:00:00,E1172
HD-30852,J-2023-03079,10,quality,2023-06-30 06:22:00,2023-06-30 10:00:00,E1175
HD-30853,J-2023-03000,40,quality,2023-06-30 07:23:00,2023-07-05 02:42:00,E1175
HD-30854,J-2023-02968,50,quality,2023-06-30 12:01:00,2023-07-05 07:39:00,E1174
HD-30855,J-2023-02933,50,engineering,2023-06-30 13:03:00,2023-07-03 04:04:00,E1166
HD-30856,J-2023-02807,50,material,2023-06-30 13:03:00,2023-07-03 08:30:00,E1164
HD-30857,J-2023-03116,10,material,2023-07-03 06:06:00,2023-07-13 10:00:00,E1172
HD-30858,J-2023-03108,10,material,2023-07-03 06:08:00,2023-07-03 10:00:00,E1175
HD-30859,J-2023-03104,10,material,2023-07-03 06:15:00,2023-07-03 10:00:00,E1174
HD-30860,J-2023-03099,10,material,2023-07-03 06:16:00,2023-07-05 10:00:00,E1166
HD-30861,J-2023-03047,40,material,2023-07-03 09:23:00,2023-07-05 16:52:00,E1175
HD-30862,J-2023-03016,20,other,2023-07-03 09:33:00,2023-07-05 22:21:00,E1172
HD-30863,J-2023-02975,40,other,2023-07-03 10:29:00,2023-07-03 19:47:00,E1175
HD-30864,J-2023-03000,40,quality,2023-07-05 02:42:00,2023-07-07 17:23:00,E1175
HD-30865,J-2023-03128,10,material,2023-07-05 06:06:00,2023-07-06 10:00:00,E1169
HD-30866,J-2023-03152,10,material,2023-07-05 06:13:00,2023-07-13 10:00:00,E1174
HD-30867,J-2023-03145,10,material,2023-07-05 06:20:00,2023-07-06 10:00:00,E1174
HD-30868,J-2023-03124,10,material,2023-07-05 06:20:00,2023-07-12 10:00:00,E1164
HD-30869,J-2023-03147,10,tooling,2023-07-05 06:23:00,2023-07-05 10:00:00,E1166
HD-30870,J-2023-02968,50,quality,2023-07-05 07:39:00,2023-07-05 13:11:00,E1164
HD-30871,J-2023-03141,20,tooling,2023-07-05 09:57:00,2023-07-05 18:31:00,E1172
HD-30872,J-2023-03133,20,engineering,2023-07-05 13:09:00,2023-07-07 13:02:00,E1172
HD-30873,J-2023-03047,40,quality,2023-07-05 16:52:00,2023-07-07 18:35:00,E1166
HD-30874,J-2023-03140,30,tooling,2023-07-05 19:48:00,2023-07-06 10:44:00,E1174
HD-30875,J-2023-03016,20,quality,2023-07-05 22:21:00,2023-07-06 14:51:00,E1169
HD-30876,J-2023-03179,10,material,2023-07-07 06:19:00,2023-07-12 10:00:00,E1166
HD-30877,J-2023-03166,10,tooling,2023-07-07 06:22:00,2023-07-07 10:00:00,E1166
HD-30878,J-2023-02978,30,quality,2023-07-07 07:03:00,2023-07-10 16:16:00,E1169
HD-30879,J-2023-03068,20,engineering,2023-07-07 13:02:00,2023-07-10 02:31:00,E1166
HD-30880,J-2023-02907,70,tooling,2023-07-10 07:26:00,2023-07-10 22:02:00,E1164
HD-30881,J-2023-03150,50,quality,2023-07-10 19:44:00,2023-07-12 09:46:00,E1169
HD-30882,J-2023-03205,10,material,2023-07-11 06:21:00,2023-07-26 10:00:00,E1166
HD-30883,J-2023-03198,10,material,2023-07-11 06:29:00,2023-07-14 10:00:00,E1169
HD-30884,J-2023-03107,50,other,2023-07-11 09:59:00,2023-07-12 08:56:00,E1174
HD-30885,J-2023-03189,30,quality,2023-07-11 17:55:00,2023-07-12 18:04:00,E1166
HD-30886,J-2023-03241,10,tooling,2023-07-12 06:01:00,2023-07-13 03:35:00,E1175
HD-30887,J-2023-03234,10,material,2023-07-12 06:03:00,2023-07-12 10:00:00,E1166
HD-30888,J-2023-03213,40,other,2023-07-12 10:25:00,2023-07-12 17:25:00,E1172
HD-30889,J-2023-03189,30,quality,2023-07-12 18:04:00,2023-07-14 00:49:00,E1166
HD-30890,J-2023-03088,40,quality,2023-07-13 07:05:00,2023-07-17 00:25:00,E1175
HD-30891,J-2023-03222,50,quality,2023-07-13 10:24:00,2023-07-14 12:51:00,E1164
HD-30892,J-2023-03182,30,quality,2023-07-13 13:07:00,2023-07-14 17:43:00,E1175
HD-30893,J-2023-03281,10,material,2023-07-14 06:00:00,2023-07-14 10:00:00,E1174
HD-30894,J-2023-03275,10,material,2023-07-14 06:02:00,2023-07-27 10:00:00,E1174
HD-30895,J-2023-03222,50,material,2023-07-14 12:51:00,2023-07-17 02:17:00,E1174
HD-30896,J-2023-03207,30,quality,2023-07-14 12:53:00,2023-07-15 08:04:00,E1175
HD-30897,J-2023-03197,60,customer,2023-07-14 13:13:00,2023-07-17 19:28:00,E1175
HD-30898,J-2023-03294,10,material,2023-07-17 06:21:00,2023-07-17 10:00:00,E1164
HD-30899,J-2023-03261,50,other,2023-07-17 10:06:00,2023-07-17 22:17:00,E1166
HD-30900,J-2023-03245,60,customer,2023-07-17 10:08:00,2023-07-20 17:19:00,E1164
HD-30901,J-2023-03292,40,quality,2023-07-17 20:03:00,2023-07-19 07:28:00,E1166
HD-30902,J-2023-03301,10,material,2023-07-18 06:02:00,2023-07-18 10:00:00,E1174
HD-30903,J-2023-03333,10,customer,2023-07-18 06:06:00,2023-07-19 13:04:00,E1175
HD-30904,J-2023-03323,10,material,2023-07-18 06:20:00,2023-07-18 10:00:00,E1174
HD-30905,J-2023-03321,10,other,2023-07-18 06:21:00,2023-07-25 10:00:00,E1175
HD-30906,J-2023-03315,10,material,2023-07-18 06:24:00,2023-07-21 10:00:00,E1166
HD-30907,J-2023-03324,10,material,2023-07-18 06:25:00,2023-07-18 10:00:00,E1166
HD-30908,J-2023-03265,40,quality,2023-07-18 07:28:00,2023-07-20 03:30:00,E1172
HD-30909,J-2023-03290,30,customer,2023-07-18 10:18:00,2023-07-24 03:19:00,E1172
HD-30910,J-2023-03224,50,engineering,2023-07-18 12:48:00,2023-07-19 05:41:00,E1175
HD-30911,J-2023-03282,40,customer,2023-07-18 12:49:00,2023-07-24 00:38:00,E1164
HD-30912,J-2023-03337,40,quality,2023-07-18 16:48:00,2023-07-20 02:20:00,E1175
HD-30913,J-2023-03347,10,material,2023-07-19 06:13:00,2023-07-20 10:00:00,E1174
HD-30914,J-2023-03345,10,material,2023-07-19 06:21:00,2023-07-19 10:00:00,E1166
HD-30915,J-2023-03346,10,material,2023-07-19 06:28:00,2023-07-28 10:00:00,E1175
HD-30916,J-2023-03320,30,engineering,2023-07-19 10:15:00,2023-07-20 03:06:00,E1172
HD-30917,J-2023-03352,10,material,2023-07-20 06:13:00,2023-07-20 10:00:00,E1174
HD-30918,J-2023-03332,20,engineering,2023-07-20 06:52:00,2023-07-24 01:08:00,E1166
HD-30919,J-2023-03342,20,quality,2023-07-20 11:53:00,2023-07-21 03:19:00,E1169
HD-30920,J-2023-03170,20,quality,2023-07-20 13:16:00,2023-07-21 03:22:00,E1166
HD-30921,J-2023-03331,40,engineering,2023-07-20 16:16:00,2023-07-24 12:44:00,E1174
HD-30922,J-2023-03309,50,tooling,2023-07-20 16:22:00,2023-07-21 15:46:00,E1172
HD-30923,J-2023-03342,20,other,2023-07-21 03:19:00,2023-07-21 15:45:00,E1172
HD-30924,J-2023-03382,10,material,2023-07-21 06:05:00,2023-07-21 10:00:00,E1174
HD-30925,J-2023-03367,30,tooling,2023-07-21 07:19:00,2023-07-24 00:57:00,E1169
HD-30926,J-2023-03324,30,quality,2023-07-21 08:09:00,2023-07-21 17:07:00,E1169
HD-30927,J-2023-03218,50,tooling,2023-07-21 13:04:00,2023-07-24 08:13:00,E1164
HD-30928,J-2023-03344,50,other,2023-07-24 03:11:00,2023-07-24 09:12:00,E1174
HD-30929,J-2023-03403,10,material,2023-07-24 06:15:00,2023-07-24 10:00:00,E1172
HD-30930,J-2023-03401,10,material,2023-07-24 06:18:00,2023-07-24 10:00:00,E1166
HD-30931,J-2023-03405,10,material,2023-07-24 06:19:00,2023-07-24 10:00:00,E1169
HD-30932,J-2023-03400,10,material,2023-07-24 06:24:00,2023-07-24 10:00:00,E1169
HD-30933,J-2023-03333,50,quality,2023-07-24 09:33:00,2023-07-25 23:43:00,E1174
HD-30934,J-2023-03345,80,engineering,2023-07-24 13:08:00,2023-07-26 02:28:00,E1166
HD-30935,J-2023-03326,40,other,2023-07-24 13:13:00,2023-07-25 10:25:00,E1166
HD-30936,J-2023-03420,10,material,2023-07-25 06:01:00,2023-07-27 10:00:00,E1169
HD-30937,J-2023-03429,10,other,2023-07-25 06:05:00,2023-07-25 14:24:00,E1164
HD-30938,J-2023-03441,10,material,2023-07-25 06:11:00,2023-07-25 10:00:00,E1166
HD-30939,J-2023-03454,10,material,2023-07-25 06:11:00,2023-07-25 10:00:00,E1172
HD-30940,J-2023-03453,10,material,2023-07-25 06:20:00,2023-07-26 10:00:00,E1174
HD-30941,J-2023-03424,10,material,2023-07-25 06:23:00,2023-07-25 10:00:00,E1169
HD-30942,J-2023-03428,10,customer,2023-07-25 06:30:00,2023-07-28 10:00:00,E1169
HD-30943,J-2023-03418,30,tooling,2023-07-25 06:50:00,2023-07-25 22:42:00,E1174
HD-30944,J-2023-03412,40,engineering,2023-07-25 10:26:00,2023-07-27 04:05:00,E1169
HD-30945,J-2023-03394,40,quality,2023-07-25 11:00:00,2023-07-26 02:05:00,E1169
HD-30946,J-2023-03413,40,tooling,2023-07-25 16:50:00,2023-07-26 14:48:00,E1164
HD-30947,J-2023-03461,10,other,2023-07-26 06:00:00,2023-07-27 04:30:00,E1169
HD-30948,J-2023-03466,10,material,2023-07-26 06:18:00,2023-07-31 10:00:00,E1175
HD-30949,J-2023-03485,10,material,2023-07-26 06:19:00,2023-08-01 10:00:00,E1175
HD-30950,J-2023-03458,10,material,2023-07-26 06:27:00,2023-07-27 10:00:00,E1174
HD-30951,J-2023-03440,40,tooling,2023-07-26 09:55:00,2023-07-26 16:11:00,E1166
HD-30952,J-2023-03508,10,material,2023-07-27 06:16:00,2023-08-04 10:00:00,E1174
HD-30953,J-2023-03509,10,material,2023-07-27 06:20:00,2023-07-27 10:00:00,E1174
HD-30954,J-2023-03441,40,customer,2023-07-27 06:44:00,2023-07-31 08:17:00,E1169
HD-30955,J-2023-03398,40,customer,2023-07-27 08:17:00,2023-07-31 13:37:00,E1175
HD-30956,J-2023-03335,30,other,2023-07-27 09:56:00,2023-07-28 11:15:00,E1174
HD-30957,J-2023-03230,50,tooling,2023-07-27 10:14:00,2023-07-27 19:11:00,E1166
HD-30958,J-2023-03477,20,quality,2023-07-27 21:59:00,2023-07-28 13:38:00,E1172
HD-30959,J-2023-03519,10,material,2023-07-28 06:05:00,2023-07-31 10:00:00,E1164
HD-30960,J-2023-03422,60,quality,2023-07-28 06:17:00,2023-07-31 04:18:00,E1172
HD-30961,J-2023-03493,20,other,2023-07-28 10:02:00,2023-07-28 20:41:00,E1166
HD-30962,J-2023-03374,30,tooling,2023-07-28 12:48:00,2023-07-31 07:38:00,E1174
HD-30963,J-2023-03542,10,other,2023-07-31 06:11:00,2023-08-01 00:56:00,E1164
HD-30964,J-2023-03544,10,material,2023-07-31 06:20:00,2023-07-31 10:00:00,E1175
HD-30965,J-2023-03439,50,quality,2023-07-31 06:50:00,2023-08-01 03:28:00,E1174
HD-30966,J-2023-03493,30,engineering,2023-07-31 07:27:00,2023-08-01 13:49:00,E1175
HD-30967,J-2023-03538,10,quality,2023-07-31 10:16:00,2023-08-02 10:57:00,E1169
HD-30968,J-2023-03535,20,customer,2023-07-31 10:21:00,2023-08-02 20:11:00,E1169
HD-30969,J-2023-03483,70,customer,2023-07-31 12:43:00,2023-08-04 08:23:00,E1172
HD-30970,J-2023-03250,60,customer,2023-07-31 13:22:00,2023-08-01 19:04:00,E1174
HD-30971,J-2023-03439,50,quality,2023-08-01 03:28:00,2023-08-02 11:27:00,E1164
HD-30972,J-2023-03346,30,quality,2023-08-01 04:46:00,2023-08-01 21:42:00,E1164
HD-30973,J-2023-03592,10,quality,2023-08-01 06:10:00,2023-08-08 10:00:00,E1175
HD-30974,J-2023-03571,10,engineering,2023-08-01 06:10:00,2023-08-08 10:00:00,E1175
HD-30975,J-2023-03562,10,material,2023-08-01 06:16:00,2023-08-10 10:00:00,E1174
HD-30976,J-2023-03558,10,material,2023-08-01 06:22:00,2023-08-03 10:00:00,E1175
HD-30977,J-2023-03573,10,engineering,2023-08-01 06:25:00,2023-08-02 07:02:00,E1166
HD-30978,J-2023-03602,10,material,2023-08-01 06:28:00,2023-08-02 10:00:00,E1172
HD-30979,J-2023-03532,30,tooling,2023-08-01 10:15:00,2023-08-01 17:02:00,E1175
HD-30980,J-2023-03587,30,engineering,2023-08-01 13:21:00,2023-08-03 12:44:00,E1166
HD-30981,J-2023-03580,20,quality,2023-08-01 18:42:00,2023-08-03 16:33:00,E1166
HD-30982,J-2023-03628,10,material,2023-08-02 06:03:00,2023-08-02 10:00:00,E1175
HD-30983,J-2023-03423,60,customer,2023-08-02 09:44:00,2023-08-07 03:41:00,E1175
HD-30984,J-2023-03568,30,quality,2023-08-02 16:42:00,2023-08-03 20:59:00,E1172
HD-30985,J-2023-03534,40,quality,2023-08-03 07:14:00,2023-08-04 21:31:00,E1172
HD-30986,J-2023-03637,30,quality,2023-08-03 13:06:00,2023-08-04 20:29:00,E1169
HD-30987,J-2023-03580,20,quality,2023-08-03 16:33:00,2023-08-04 06:37:00,E1166
HD-30988,J-2023-03628,40,engineering,2023-08-04 07:22:00,2023-08-04 23:48:00,E1174
HD-30989,J-2023-03620,40,engineering,2023-08-04 19:59:00,2023-08-07 07:58:00,E1169
HD-30990,J-2023-03361,30,quality,2023-08-07 05:56:00,2023-08-07 14:21:00,E1169
HD-30991,J-2023-03620,40,tooling,2023-08-07 07:58:00,2023-08-08 03:37:00,E1166
HD-30992,J-2023-03601,60,quality,2023-08-07 08:53:00,2023-08-07 23:26:00,E1166
HD-30993,J-2023-03558,50,tooling,2023-08-07 09:45:00,2023-08-08 01:57:00,E1164
HD-30994,J-2023-03666,10,customer,2023-08-08 06:04:00,2023-08-11 18:00:00,E1174
HD-30995,J-2023-03667,10,material,2023-08-08 06:30:00,2023-08-10 10:00:00,E1174
HD-30996,J-2023-03603,30,customer,2023-08-08 06:50:00,2023-08-10 23:22:00,E1174
HD-30997,J-2023-03638,50,engineering,2023-08-08 09:48:00,2023-08-09 17:22:00,E1172
HD-30998,J-2023-03644,50,engineering,2023-08-08 10:15:00,2023-08-09 10:58:00,E1166
HD-30999,J-2023-03534,70,tooling,2023-08-08 12:44:00,2023-08-09 03:53:00,E1174
HD-31000,J-2023-03691,10,quality,2023-08-09 06:13:00,2023-08-10 10:00:00,E1172
HD-31001,J-2023-03688,40,quality,2023-08-09 10:37:00,2023-08-14 03:22:00,E1175
HD-31002,J-2023-03683,30,quality,2023-08-10 00:30:00,2023-08-11 09:31:00,E1166
HD-31003,J-2023-03712,10,material,2023-08-10 06:20:00,2023-08-17 10:00:00,E1169
HD-31004,J-2023-03506,40,customer,2023-08-10 20:16:00,2023-08-16 18:28:00,E1175
HD-31005,J-2023-03731,10,material,2023-08-11 06:00:00,2023-08-11 10:00:00,E1164
HD-31006,J-2023-03727,10,material,2023-08-11 06:04:00,2023-08-22 10:00:00,E1164
HD-31007,J-2023-03716,10,material,2023-08-11 06:06:00,2023-08-14 10:00:00,E1175
HD-31008,J-2023-03729,10,material,2023-08-11 06:07:00,2023-08-11 14:25:00,E1174
HD-31009,J-2023-03715,10,material,2023-08-11 06:09:00,2023-08-15 10:00:00,E1175
HD-31010,J-2023-03718,10,material,2023-08-11 06:16:00,2023-08-14 10:00:00,E1169
HD-31011,J-2023-03719,10,material,2023-08-11 06:17:00,2023-08-11 10:00:00,E1164
HD-31012,J-2023-03725,10,other,2023-08-11 06:28:00,2023-08-15 10:00:00,E1166
HD-31013,J-2023-03631,50,customer,2023-08-11 10:18:00,2023-08-17 06:01:00,E1164
HD-31014,J-2023-03729,10,material,2023-08-11 14:25:00,2023-08-22 10:00:00,E1174
HD-31015,J-2023-03744,10,material,2023-08-14 06:12:00,2023-08-15 10:00:00,E1169
HD-31016,J-2023-03696,10,quality,2023-08-14 07:42:00,2023-08-15 07:09:00,E1166
HD-31017,J-2023-03767,10,material,2023-08-15 06:02:00,2023-08-17 10:00:00,E1169
HD-31018,J-2023-03771,10,material,2023-08-15 06:14:00,2023-08-17 10:00:00,E1164
HD-31019,J-2023-03749,10,material,2023-08-15 06:18:00,2023-08-16 10:00:00,E1175
HD-31020,J-2023-03766,10,material,2023-08-15 06:30:00,2023-08-15 10:00:00,E1164
HD-31021,J-2023-03742,40,quality,2023-08-15 07:11:00,2023-08-16 05:42:00,E1174
HD-31022,J-2023-03781,10,other,2023-08-16 06:03:00,2023-08-16 22:06:00,E1172
HD-31023,J-2023-03777,10,material,2023-08-16 06:06:00,2023-08-18 10:00:00,E1166
HD-31024,J-2023-03779,10,material,2023-08-16 06:07:00,2023-08-23 10:00:00,E1174
HD-31025,J-2023-03783,10,material,2023-08-16 06:09:00,2023-08-22 10:00:00,E1164
HD-31026,J-2023-03746,40,tooling,2023-08-16 20:08:00,2023-08-17 11:31:00,E1166
HD-31027,J-2023-03805,10,customer,2023-08-17 06:17:00,2023-08-23 10:00:00,E1166
HD-31028,J-2023-03790,10,material,2023-08-17 06:21:00,2023-08-17 10:00:00,E1169
HD-31029,J-2023-03818,10,material,2023-08-18 06:12:00,2023-08-23 10:00:00,E1174
HD-31030,J-2023-03811,10,material,2023-08-18 06:19:00,2023-09-05 10:00:00,E1169
HD-31031,J-2023-03815,10,material,2023-08-18 06:25:00,2023-08-18 10:00:00,E1174
HD-31032,J-2023-03798,30,engineering,2023-08-18 10:19:00,2023-08-21 23:43:00,E1175
HD-31033,J-2023-03822,10,material,2023-08-21 06:11:00,2023-08-21 10:00:00,E1175
HD-31034,J-2023-03820,40,other,2023-08-21 16:30:00,2023-08-22 23:30:00,E1164
HD-31035,J-2023-03852,10,engineering,2023-08-22 06:10:00,2023-09-01 10:00:00,E1175
HD-31036,J-2023-03846,10,material,2023-08-22 06:20:00,2023-08-22 10:00:00,E1166
HD-31037,J-2023-03766,30,customer,2023-08-22 09:54:00,2023-08-24 01:06:00,E1166
HD-31038,J-2023-03831,40,engineering,2023-08-22 10:12:00,2023-08-24 02:45:00,E1175
HD-31039,J-2023-03762,50,engineering,2023-08-22 13:17:00,2023-08-24 05:13:00,E1166
HD-31040,J-2023-03781,40,engineering,2023-08-23 07:42:00,2023-08-25 16:54:00,E1172
HD-31041,J-2023-03856,40,engineering,2023-08-23 16:20:00,2023-08-24 06:49:00,E1169
HD-31042,J-2023-03888,10,material,2023-08-24 06:23:00,2023-08-24 10:00:00,E1164
HD-31043,J-2023-03839,40,engineering,2023-08-24 07:25:00,2023-08-25 07:57:00,E1164
HD-31044,J-2023-03798,50,customer,2023-08-24 13:15:00,2023-08-29 23:05:00,E1169
HD-31045,J-2023-03879,40,quality,2023-08-24 20:07:00,2023-08-25 15:02:00,E1174
HD-31046,J-2023-03900,10,other,2023-08-25 06:06:00,2023-08-25 10:00:00,E1166
HD-31047,J-2023-03913,10,material,2023-08-25 06:16:00,2023-08-25 10:00:00,E1166
HD-31048,J-2023-03884,30,customer,2023-08-25 07:27:00,2023-08-29 02:30:00,E1175
HD-31049,J-2023-03839,40,tooling,2023-08-25 07:57:00,2023-08-30 00:50:00,E1164
HD-31050,J-2023-03927,10,material,2023-08-28 06:19:00,2023-09-06 10:00:00,E1166
HD-31051,J-2023-03739,80,tooling,2023-08-28 10:11:00,2023-08-29 00:50:00,E1172
HD-31052,J-2023-03966,10,material,2023-08-29 06:04:00,2023-08-31 10:00:00,E1164
HD-31053,J-2023-03938,10,material,2023-08-29 06:07:00,2023-09-11 10:00:00,E1172
HD-31054,J-2023-03945,10,tooling,2023-08-29 06:15:00,2023-08-31 10:00:00,E1169
HD-31055,J-2023-03965,10,quality,2023-08-29 06:15:00,2023-08-29 10:00:00,E1172
HD-31056,J-2023-03729,50,quality,2023-08-29 07:30:00,2023-08-29 20:11:00,E1172
HD-31057,J-2023-03978,10,material,2023-08-30 06:01:00,2023-08-31 10:00:00,E1169
HD-31058,J-2023-03905,50,quality,2023-08-30 08:19:00,2023-08-31 11:43:00,E1164
HD-31059,J-2023-03962,40,other,2023-08-30 17:00:00,2023-08-31 03:02:00,E1174
HD-31060,J-2023-03963,30,quality,2023-08-30 20:02:00,2023-09-01 03:04:00,E1164
HD-31061,J-2023-03986,10,material,2023-08-31 06:19:00,2023-08-31 10:00:00,E1166
HD-31062,J-2023-03998,20,customer,2023-08-31 09:46:00,2023-09-06 01:38:00,E1175
HD-31063,J-2023-03835,80,other,2023-08-31 09:54:00,2023-09-01 02:23:00,E1164
HD-31064,J-2023-03905,50,quality,2023-08-31 11:43:00,2023-08-31 16:35:00,E1175
HD-31065,J-2023-04017,10,material,2023-09-01 06:08:00,2023-09-15 10:00:00,E1166
HD-31066,J-2023-04012,10,material,2023-09-01 06:17:00,2023-09-01 10:00:00,E1174
HD-31067,J-2023-04010,10,material,2023-09-01 06:19:00,2023-09-07 10:00:00,E1175
HD-31068,J-2023-03999,20,quality,2023-09-01 09:05:00,2023-09-06 08:24:00,E1166
HD-31069,J-2023-03921,30,customer,2023-09-01 10:13:00,2023-09-07 09:42:00,E1164
HD-31070,J-2023-03996,40,customer,2023-09-01 20:03:00,2023-09-06 01:41:00,E1172
HD-31071,J-2023-04032,10,material,2023-09-05 06:02:00,2023-09-05 10:00:00,E1175
HD-31072,J-2023-04025,10,material,2023-09-05 06:17:00,2023-09-05 10:00:00,E1172
HD-31073,J-2023-03985,30,quality,2023-09-05 06:59:00,2023-09-06 08:00:00,E1169
HD-31074,J-2023-03976,20,engineering,2023-09-05 09:43:00,2023-09-06 11:49:00,E1174
HD-31075,J-2023-04003,40,quality,2023-09-05 12:16:00,2023-09-06 14:58:00,E1172
HD-31076,J-2023-04016,40,material,2023-09-05 13:10:00,2023-09-06 19:23:00,E1174
HD-31077,J-2023-04057,10,material,2023-09-06 06:23:00,2023-09-12 10:00:00,E1164
HD-31078,J-2023-04068,10,material,2023-09-06 06:23:00,2023-09-14 10:00:00,E1164
HD-31079,J-2023-03972,40,quality,2023-09-06 07:58:00,2023-09-06 21:54:00,E1169
HD-31080,J-2023-03985,30,quality,2023-09-06 08:00:00,2023-09-06 13:15:00,E1169
HD-31081,J-2023-04003,40,quality,2023-09-06 14:58:00,2023-09-06 22:47:00,E1175
HD-31082,J-2023-03972,40,quality,2023-09-06 21:54:00,2023-09-07 16:01:00,E1164
HD-31083,J-2023-04077,10,material,2023-09-07 06:10:00,2023-09-07 10:00:00,E1172
HD-31084,J-2023-04086,10,material,2023-09-07 06:21:00,2023-09-08 10:00:00,E1174
HD-31085,J-2023-04042,40,quality,2023-09-07 10:27:00,2023-09-07 22:18:00,E1174
HD-31086,J-2023-04025,40,quality,2023-09-07 23:30:00,2023-09-12 04:42:00,E1174
HD-31087,J-2023-04087,30,quality,2023-09-08 00:49:00,2023-09-11 07:19:00,E1166
HD-31088,J-2023-04129,10,material,2023-09-08 06:01:00,2023-09-15 10:00:00,E1164
HD-31089,J-2023-04125,10,material,2023-09-08 06:07:00,2023-09-08 10:00:00,E1166
HD-31090,J-2023-04127,10,material,2023-09-08 06:09:00,2023-09-11 10:00:00,E1174
HD-31091,J-2023-04121,10,other,2023-09-08 06:10:00,2023-09-19 10:00:00,E1172
HD-31092,J-2023-04124,10,material,2023-09-08 06:10:00,2023-09-11 10:00:00,E1175
HD-31093,J-2023-04113,10,quality,2023-09-08 06:22:00,2023-09-18 10:00:00,E1164
HD-31094,J-2023-04093,30,other,2023-09-08 08:05:00,2023-09-11 16:40:00,E1169
HD-31095,J-2023-04105,20,engineering,2023-09-08 10:02:00,2023-09-12 07:16:00,E1164
HD-31096,J-2023-04140,10,material,2023-09-11 06:04:00,2023-09-20 10:00:00,E1175
HD-31097,J-2023-04135,10,material,2023-09-11 06:05:00,2023-09-22 10:00:00,E1164
HD-31098,J-2023-04148,10,material,2023-09-11 06:27:00,2023-09-26 10:00:00,E1169
HD-31099,J-2023-04010,20,quality,2023-09-11 08:05:00,2023-09-13 07:44:00,E1174
HD-31100,J-2023-04075,50,tooling,2023-09-11 10:21:00,2023-09-11 23:18:00,E1172
HD-31101,J-2023-04139,20,engineering,2023-09-11 10:23:00,2023-09-12 04:51:00,E1166
HD-31102,J-2023-04099,30,quality,2023-09-11 11:26:00,2023-09-13 21:36:00,E1174
HD-31103,J-2023-03828,50,engineering,2023-09-11 12:58:00,2023-09-12 14:26:00,E1174
HD-31104,J-2023-04136,30,other,2023-09-11 13:27:00,2023-09-11 22:41:00,E1164
HD-31105,J-2023-04118,40,engineering,2023-09-11 16:28:00,2023-09-12 11:48:00,E1166
HD-31106,J-2023-03918,30,quality,2023-09-12 01:41:00,2023-09-14 18:29:00,E1164
HD-31107,J-2023-04151,10,engineering,2023-09-12 06:08:00,2023-09-13 23:07:00,E1175
HD-31108,J-2023-04184,10,material,2023-09-12 06:12:00,2023-09-25 10:00:00,E1164
HD-31109,J-2023-04155,10,engineering,2023-09-12 06:15:00,2023-09-12 19:31:00,E1175
HD-31110,J-2023-04197,10,material,2023-09-12 06:18:00,2023-09-14 10:00:00,E1169
HD-31111,J-2023-04082,60,other,2023-09-12 10:00:00,2023-09-12 20:27:00,E1164
HD-31112,J-2023-04116,40,quality,2023-09-12 12:24:00,2023-09-14 05:08:00,E1169
HD-31113,J-2023-03938,50,other,2023-09-12 13:09:00,2023-09-12 20:19:00,E1166
HD-31114,J-2023-04188,10,quality,2023-09-12 23:18:00,2023-09-15 15:50:00,E1169
HD-31115,J-2023-04226,10,material,2023-09-13 06:01:00,2023-09-14 10:00:00,E1174
HD-31116,J-2023-04215,10,material,2023-09-13 06:04:00,2023-09-26 10:00:00,E1164
HD-31117,J-2023-04208,10,other,2023-09-13 06:05:00,2023-09-13 10:00:00,E1166
HD-31118,J-2023-04227,10,quality,2023-09-13 06:21:00,2023-09-25 10:00:00,E1164
HD-31119,J-2023-04176,50,other,2023-09-13 07:16:00,2023-09-13 14:41:00,E1166
HD-31120,J-2023-04010,20,quality,2023-09-13 07:44:00,2023-09-13 17:45:00,E1175
HD-31121,J-2023-04090,40,quality,2023-09-13 12:47:00,2023-09-15 00:45:00,E1174
HD-31122,J-2023-04116,40,quality,2023-09-14 05:08:00,2023-09-14 12:13:00,E1169
HD-31123,J-2023-04232,10,material,2023-09-14 06:13:00,2023-09-14 10:00:00,E1166
HD-31124,J-2023-04245,10,material,2023-09-14 06:14:00,2023-09-14 10:00:00,E1164
HD-31125,J-2023-04249,10,engineering,2023-09-14 06:14:00,2023-09-15 06:30:00,E1166
HD-31126,J-2023-04010,40,engineering,2023-09-14 10:15:00,2023-09-15 06:18:00,E1166
HD-31127,J-2023-04240,10,quality,2023-09-14 10:24:00,2023-09-15 05:18:00,E1172
HD-31128,J-2023-04068,20,customer,2023-09-14 12:43:00,2023-09-18 11:36:00,E1175
HD-31129,J-2023-04163,30,quality,2023-09-14 18:11:00,2023-09-18 11:26:00,E1164
HD-31130,J-2023-04217,30,quality,2023-09-14 19:07:00,2023-09-18 13:30:00,E1164
HD-31131,J-2023-04171,40,quality,2023-09-14 20:04:00,2023-09-15 11:01:00,E1172
HD-31132,J-2023-04239,20,tooling,2023-09-14 20:28:00,2023-09-15 02:42:00,E1169
HD-31133,J-2023-04240,10,quality,2023-09-15 05:18:00,2023-09-18 19:22:00,E1174
HD-31134,J-2023-04275,10,material,2023-09-15 06:09:00,2023-09-20 10:00:00,E1175
HD-31135,J-2023-04273,10,material,2023-09-15 06:11:00,2023-09-15 10:00:00,E1174
HD-31136,J-2023-04272,10,material,2023-09-15 06:14:00,2023-09-19 10:00:00,E1169
HD-31137,J-2023-04249,10,material,2023-09-15 06:30:00,2023-09-22 10:00:00,E1164
HD-31138,J-2023-04232,20,engineering,2023-09-15 06:48:00,2023-09-18 21:37:00,E1175
HD-31139,J-2023-04261,20,engineering,2023-09-15 09:56:00,2023-09-18 05:49:00,E1169
HD-31140,J-2023-04193,30,engineering,2023-09-15 10:17:00,2023-09-18 13:02:00,E1166
HD-31141,J-2023-04141,40,quality,2023-09-15 11:59:00,2023-09-18 13:28:00,E1172
HD-31142,J-2023-04303,10,material,2023-09-18 06:02:00,2023-09-19 10:00:00,E1172
HD-31143,J-2023-04310,10,material,2023-09-18 06:02:00,2023-09-20 10:00:00,E1174
HD-31144,J-2023-04311,10,material,2023-09-18 06:05:00,2023-09-19 10:00:00,E1172
HD-31145,J-2023-04295,10,material,2023-09-18 06:14:00,2023-09-19 10:00:00,E1166
HD-31146,J-2023-04283,10,material,2023-09-18 06:17:00,2023-09-19 10:00:00,E1169
HD-31147,J-2023-04314,10,material,2023-09-18 06:17:00,2023-09-20 10:00:00,E1172
HD-31148,J-2023-04290,10,other,2023-09-18 06:17:00,2023-09-19 03:23:00,E1172
HD-31149,J-2023-04286,10,material,2023-09-18 06:25:00,2023-10-02 10:00:00,E1166
HD-31150,J-2023-04268,30,quality,2023-09-18 06:56:00,2023-09-19 11:36:00,E1164
HD-31151,J-2023-04271,30,quality,2023-09-18 09:58:00,2023-09-19 01:41:00,E1175
HD-31152,J-2023-04259,40,quality,2023-09-18 13:09:00,2023-09-19 06:57:00,E1164
HD-31153,J-2023-04276,40,quality,2023-09-18 13:14:00,2023-09-19 23:00:00,E1164
HD-31154,J-2023-04217,30,quality,2023-09-18 13:30:00,2023-09-21 07:40:00,E1175
HD-31155,J-2023-04232,20,quality,2023-09-18 21:37:00,2023-09-19 22:15:00,E1166
HD-31156,J-2023-04331,10,material,2023-09-19 06:02:00,2023-09-20 10:00:00,E1164
HD-31157,J-2023-04324,10,material,2023-09-19 06:07:00,2023-09-22 10:00:00,E1172
HD-31158,J-2023-04364,10,material,2023-09-19 06:11:00,2023-09-19 10:00:00,E1172
HD-31159,J-2023-04354,10,material,2023-09-19 06:11:00,2023-09-19 10:00:00,E1169
HD-31160,J-2023-04367,10,material,2023-09-19 06:12:00,2023-09-19 10:00:00,E1166
HD-31161,J-2023-04365,10,tooling,2023-09-19 06:18:00,2023-09-19 10:00:00,E1175
HD-31162,J-2023-04371,10,material,2023-09-19 06:24:00,2023-09-21 10:00:00,E1166
HD-31163,J-2023-04069,80,quality,2023-09-19 06:53:00,2023-09-19 23:01:00,E1164
HD-31164,J-2023-04259,40,quality,2023-09-19 06:57:00,2023-09-19 14:59:00,E1172
HD-31165,J-2023-04023,50,engineering,2023-09-19 13:06:00,2023-09-20 09:41:00,E1164
HD-31166,J-2023-04245,70,engineering,2023-09-19 13:26:00,2023-09-20 15:41:00,E1164
HD-31167,J-2023-04259,50,other,2023-09-19 16:29:00,2023-09-20 07:45:00,E1166
HD-31168,J-2023-04241,40,quality,2023-09-20 02:16:00,2023-09-22 20:42:00,E1169
HD-31169,J-2023-04394,10,material,2023-09-20 06:16:00,2023-09-28 10:00:00,E1172
HD-31170,J-2023-04391,10,material,2023-09-20 06:19:00,2023-09-25 10:00:00,E1172
HD-31171,J-2023-04387,10,material,2023-09-20 06:21:00,2023-09-21 10:00:00,E1166
HD-31172,J-2023-04376,10,material,2023-09-20 06:28:00,2023-09-21 10:00:00,E1169
HD-31173,J-2023-04338,30,other,2023-09-20 07:21:00,2023-09-20 18:52:00,E1164
HD-31174,J-2023-04285,40,quality,2023-09-20 08:46:00,2023-09-21 11:49:00,E1174
HD-31175,J-2023-04159,30,engineering,2023-09-20 09:53:00,2023-09-22 00:27:00,E1166
HD-31176,J-2023-04272,20,quality,2023-09-20 10:14:00,2023-09-21 10:41:00,E1166
HD-31177,J-2023-04386,20,customer,2023-09-20 10:15:00,2023-09-22 05:29:00,E1169
HD-31178,J-2023-04256,40,engineering,2023-09-20 13:41:00,2023-09-21 20:27:00,E1169
HD-31179,J-2023-04404,10,tooling,2023-09-21 06:11:00,2023-09-26 11:17:00,E1166
HD-31180,J-2023-04413,10,material,2023-09-21 06:27:00,2023-09-25 10:00:00,E1172
HD-31181,J-2023-04317,40,quality,2023-09-21 12:46:00,2023-09-22 01:37:00,E1166
HD-31182,J-2023-04344,30,engineering,2023-09-21 13:21:00,2023-09-25 05:40:00,E1169
HD-31183,J-2023-04411,30,quality,2023-09-21 16:21:00,2023-09-25 02:17:00,E1172
HD-31184,J-2023-04416,10,customer,2023-09-22 06:04:00,2023-09-27 08:45:00,E1172
HD-31185,J-2023-04418,10,material,2023-09-22 06:04:00,2023-10-06 10:00:00,E1174
HD-31186,J-2023-04422,10,material,2023-09-22 06:13:00,2023-10-09 10:00:00,E1174
HD-31187,J-2023-04433,10,material,2023-09-22 06:26:00,2023-09-22 10:00:00,E1175
HD-31188,J-2023-04268,50,engineering,2023-09-22 10:09:00,2023-09-26 08:02:00,E1174
HD-31189,J-2023-04195,20,engineering,2023-09-22 12:44:00,2023-09-25 09:45:00,E1172
HD-31190,J-2023-04411,30,quality,2023-09-25 02:17:00,2023-09-27 02:25:00,E1172
HD-31191,J-2023-04263,40,quality,2023-09-25 07:22:00,2023-09-26 09:22:00,E1175
HD-31192,J-2023-04337,20,quality,2023-09-25 07:35:00,2023-09-26 13:47:00,E1164
HD-31193,J-2023-04295,50,other,2023-09-25 10:13:00,2023-09-25 22:39:00,E1174
HD-31194,J-2023-04386,40,engineering,2023-09-25 13:27:00,2023-09-26 11:55:00,E1175
HD-31195,J-2023-04391,20,quality,2023-09-25 16:56:00,2023-09-27 04:35:00,E1174
HD-31196,J-2023-04438,30,customer,2023-09-25 20:03:00,2023-09-29 00:19:00,E1174
HD-31197,J-2023-04456,10,material,2023-09-26 06:04:00,2023-09-26 10:00:00,E1172
HD-31198,J-2023-04485,10,engineering,2023-09-26 06:07:00,2023-09-27 03:39:00,E1164
HD-31199,J-2023-04480,10,material,2023-09-26 06:14:00,2023-09-26 10:00:00,E1174
HD-31200,J-2023-04472,10,tooling,2023-09-26 06:15:00,2023-09-26 10:00:00,E1166
HD-31201,J-2023-04489,10,tooling,2023-09-26 06:18:00,2023-09-26 10:00:00,E1169
HD-31202,J-2023-04406,70,tooling,2023-09-26 13:20:00,2023-09-27 06:00:00,E1174
HD-31203,J-2023-04337,20,quality,2023-09-26 13:47:00,2023-09-28 18:07:00,E1174
HD-31204,J-2023-04229,40,quality,2023-09-26 17:59:00,2023-09-27 01:11:00,E1166
HD-31205,J-2023-04391,20,quality,2023-09-27 04:35:00,2023-09-27 17:33:00,E1174
HD-31206,J-2023-04526,10,tooling,2023-09-27 06:10:00,2023-09-27 10:00:00,E1166
HD-31207,J-2023-04510,10,material,2023-09-27 06:14:00,2023-09-27 10:00:00,E1164
HD-31208,J-2023-04529,10,material,2023-09-27 06:17:00,2023-09-28 10:00:00,E1169
HD-31209,J-2023-04148,20,quality,2023-09-27 09:13:00,2023-09-29 05:57:00,E1166
HD-31210,J-2023-04333,50,customer,2023-09-27 09:49:00,2023-10-02 14:18:00,E1164
HD-31211,J-2023-04451,30,other,2023-09-27 13:07:00,2023-09-28 05:41:00,E1164
HD-31212,J-2023-04477,40,engineering,2023-09-27 20:02:00,2023-09-28 12:48:00,E1174
HD-31213,J-2023-04543,10,engineering,2023-09-28 06:25:00,2023-09-29 08:25:00,E1172
HD-31214,J-2023-04400,20,other,2023-09-28 07:24:00,2023-09-28 18:26:00,E1166
HD-31215,J-2023-04497,40,quality,2023-09-28 07:51:00,2023-09-29 20:35:00,E1175
HD-31216,J-2023-04478,60,customer,2023-09-28 09:44:00,2023-10-03 11:09:00,E1174
HD-31217,J-2023-04536,20,engineering,2023-09-28 10:05:00,2023-10-02 05:05:00,E1164
HD-31218,J-2023-04542,30,tooling,2023-09-28 13:20:00,2023-09-29 09:14:00,E1172
HD-31219,J-2023-04148,20,quality,2023-09-29 05:57:00,2023-10-03 05:39:00,E1175
HD-31220,J-2023-04573,10,material,2023-09-29 06:10:00,2023-10-02 10:00:00,E1169
HD-31221,J-2023-04570,10,material,2023-09-29 06:16:00,2023-10-11 10:00:00,E1164
HD-31222,J-2023-04567,10,material,2023-09-29 06:27:00,2023-09-29 10:00:00,E1174
HD-31223,J-2023-04392,30,quality,2023-09-29 09:27:00,2023-10-02 14:58:00,E1175
HD-31224,J-2023-04497,40,quality,2023-09-29 20:35:00,2023-10-04 14:19:00,E1169
HD-31225,J-2023-04609,10,other,2023-10-02 06:10:00,2023-10-03 00:16:00,E1166
HD-31226,J-2023-04606,10,other,2023-10-02 06:19:00,2023-10-03 05:17:00,E1166
HD-31227,J-2023-04533,40,quality,2023-10-02 07:14:00,2023-10-03 08:14:00,E1169
HD-31228,J-2023-04588,40,engineering,2023-10-02 12:43:00,2023-10-04 09:42:00,E1174
HD-31229,J-2023-04464,50,other,2023-10-02 12:49:00,2023-10-03 03:18:00,E1174
HD-31230,J-2023-04534,20,other,2023-10-02 16:41:00,2023-10-03 10:49:00,E1164
HD-31231,J-2023-04593,40,other,2023-10-02 20:13:00,2023-10-03 05:41:00,E1174
HD-31232,J-2023-04514,40,quality,2023-10-02 20:13:00,2023-10-03 21:56:00,E1169
HD-31233,J-2023-04609,10,material,2023-10-03 00:16:00,2023-10-11 10:00:00,E1174
HD-31234,J-2023-04647,10,material,2023-10-03 06:09:00,2023-10-03 10:00:00,E1169
HD-31235,J-2023-04644,10,material,2023-10-03 06:19:00,2023-10-16 10:00:00,E1174
HD-31236,J-2023-04626,10,material,2023-10-03 06:22:00,2023-10-03 10:00:00,E1172
HD-31237,J-2023-04629,10,material,2023-10-03 06:28:00,2023-10-03 10:00:00,E1175
HD-31238,J-2023-04480,30,engineering,2023-10-03 06:52:00,2023-10-04 17:49:00,E1164
HD-31239,J-2023-04384,40,quality,2023-10-03 07:15:00,2023-10-04 21:30:00,E1166
HD-31240,J-2023-04328,20,engineering,2023-10-03 16:37:00,2023-10-05 02:27:00,E1175
HD-31241,J-2023-04687,10,material,2023-10-04 06:02:00,2023-10-10 10:00:00,E1166
HD-31242,J-2023-04692,10,engineering,2023-10-04 06:12:00,2023-10-05 10:00:00,E1169
HD-31243,J-2023-04698,10,material,2023-10-04 06:16:00,2023-10-06 10:00:00,E1169
HD-31244,J-2023-04588,40,other,2023-10-04 09:42:00,2023-10-05 06:59:00,E1169
HD-31245,J-2023-04693,20,customer,2023-10-04 10:01:00,2023-10-05 18:00:00,E1172
HD-31246,J-2023-04478,70,tooling,2023-10-04 10:27:00,2023-10-05 10:04:00,E1164
HD-31247,J-2023-04695,30,customer,2023-10-04 12:44:00,2023-10-09 06:59:00,E1172
HD-31248,J-2023-04524,50,quality,2023-10-04 13:03:00,2023-10-05 11:56:00,E1164
HD-31249,J-2023-04558,40,quality,2023-10-04 13:16:00,2023-10-05 23:52:00,E1175
HD-31250,J-2023-04384,40,tooling,2023-10-04 21:30:00,2023-10-09 13:35:00,E1164
HD-31251,J-2023-04697,40,quality,2023-10-05 06:35:00,2023-10-06 06:33:00,E1169
HD-31252,J-2023-04678,30,quality,2023-10-05 09:23:00,2023-10-06 17:05:00,E1169
HD-31253,J-2023-04524,50,quality,2023-10-05 11:56:00,2023-10-09 18:09:00,E1172
HD-31254,J-2023-04713,40,quality,2023-10-05 16:22:00,2023-10-06 16:37:00,E1174
HD-31255,J-2023-04628,40,quality,2023-10-06 04:03:00,2023-10-06 23:06:00,E1164
HD-31256,J-2023-04723,10,material,2023-10-06 06:06:00,2023-10-09 10:00:00,E1172
HD-31257,J-2023-04714,10,material,2023-10-06 06:08:00,2023-10-06 10:00:00,E1175
HD-31258,J-2023-04725,10,material,2023-10-06 06:24:00,2023-10-18 10:00:00,E1174
HD-31259,J-2023-04660,40,material,2023-10-06 06:26:00,2023-10-10 01:35:00,E1166
HD-31260,J-2023-04697,40,quality,2023-10-06 06:33:00,2023-10-06 12:12:00,E1164
HD-31261,J-2023-04663,50,customer,2023-10-06 09:49:00,2023-10-11 14:40:00,E1172
HD-31262,J-2023-04658,30,quality,2023-10-06 10:18:00,2023-10-09 17:14:00,E1169
HD-31263,J-2023-04554,40,quality,2023-10-06 11:12:00,2023-10-09 16:16:00,E1174
HD-31264,J-2023-04466,60,customer,2023-10-06 12:56:00,2023-10-09 23:27:00,E1175
HD-31265,J-2023-04678,30,quality,2023-10-06 17:05:00,2023-10-09 01:09:00,E1166
HD-31266,J-2023-04764,10,material,2023-10-09 06:01:00,2023-10-11 10:00:00,E1164
HD-31267,J-2023-04721,30,other,2023-10-09 10:28:00,2023-10-10 13:07:00,E1164
HD-31268,J-2023-04655,40,quality,2023-10-09 11:22:00,2023-10-10 02:29:00,E1174
HD-31269,J-2023-04660,40,quality,2023-10-10 01:35:00,2023-10-11 02:29:00,E1172
HD-31270,J-2023-04802,10,material,2023-10-10 06:04:00,2023-10-23 10:00:00,E1164
HD-31271,J-2023-04778,10,material,2023-10-10 06:10:00,2023-10-10 10:00:00,E1169
HD-31272,J-2023-04806,10,quality,2023-10-10 06:17:00,2023-10-10 10:00:00,E1174
HD-31273,J-2023-04789,10,material,2023-10-10 06:21:00,2023-10-18 10:00:00,E1169
HD-31274,J-2023-04762,30,quality,2023-10-10 10:03:00,2023-10-11 14:25:00,E1166
HD-31275,J-2023-04755,40,tooling,2023-10-10 12:54:00,2023-10-11 07:50:00,E1174
HD-31276,J-2023-04658,50,tooling,2023-10-10 12:57:00,2023-10-11 10:37:00,E1174
HD-31277,J-2023-04498,40,quality,2023-10-10 13:12:00,2023-10-12 21:39:00,E1164
HD-31278,J-2023-04800,20,engineering,2023-10-10 16:23:00,2023-10-12 06:28:00,E1175
HD-31279,J-2023-04672,60,other,2023-10-10 16:46:00,2023-10-11 03:23:00,E1169
HD-31280,J-2023-04813,10,material,2023-10-11 06:15:00,2023-10-20 10:00:00,E1164
HD-31281,J-2023-04784,40,material,2023-10-11 09:44:00,2023-10-12 02:43:00,E1166
HD-31282,J-2023-04666,60,other,2023-10-11 10:16:00,2023-10-11 22:44:00,E1172
HD-31283,J-2023-04687,30,quality,2023-10-11 13:55:00,2023-10-12 06:14:00,E1175
HD-31284,J-2023-04764,20,tooling,2023-10-11 16:40:00,2023-10-12 15:15:00,E1174
HD-31285,J-2023-04857,10,material,2023-10-12 06:04:00,2023-10-12 10:00:00,E1164
HD-31286,J-2023-04840,10,material,2023-10-12 06:16:00,2023-10-13 10:00:00,E1166
HD-31287,J-2023-04848,10,customer,2023-10-12 06:19:00,2023-10-16 18:18:00,E1169
HD-31288,J-2023-04841,10,material,2023-10-12 06:25:00,2023-10-13 10:00:00,E1169
HD-31289,J-2023-04851,10,material,2023-10-12 06:26:00,2023-10-25 10:00:00,E1164
HD-31290,J-2023-04687,40,quality,2023-10-12 06:49:00,2023-10-13 00:03:00,E1174
HD-31291,J-2023-04560,30,quality,2023-10-12 07:04:00,2023-10-13 18:43:00,E1174
HD-31292,J-2023-04788,40,quality,2023-10-12 11:02:00,2023-10-16 04:15:00,E1166
HD-31293,J-2023-04798,50,quality,2023-10-12 12:07:00,2023-10-13 04:16:00,E1174
HD-31294,J-2023-04801,20,customer,2023-10-12 12:48:00,2023-10-18 09:34:00,E1166
HD-31295,J-2023-04818,10,quality,2023-10-12 16:07:00,2023-10-17 12:50:00,E1175
HD-31296,J-2023-04877,10,material,2023-10-13 06:02:00,2023-10-16 10:00:00,E1166
HD-31297,J-2023-04878,10,material,2023-10-13 06:05:00,2023-10-18 10:00:00,E1172
HD-31298,J-2023-04880,10,material,2023-10-13 06:20:00,2023-10-16 10:00:00,E1166
HD-31299,J-2023-04900,10,material,2023-10-16 06:21:00,2023-10-23 10:00:00,E1164
HD-31300,J-2023-04888,10,material,2023-10-16 06:27:00,2023-10-19 10:00:00,E1174
HD-31301,J-2023-04834,40,quality,2023-10-16 13:04:00,2023-10-17 09:50:00,E1169
HD-31302,J-2023-04922,10,material,2023-10-17 06:11:00,2023-10-18 10:00:00,E1169
HD-31303,J-2023-04906,10,material,2023-10-17 06:13:00,2023-10-18 10:00:00,E1174
HD-31304,J-2023-04902,10,tooling,2023-10-17 06:17:00,2023-10-17 10:00:00,E1175
HD-31305,J-2023-04910,10,material,2023-10-17 06:17:00,2023-10-17 10:00:00,E1175
HD-31306,J-2023-04914,10,material,2023-10-17 06:29:00,2023-10-20 10:00:00,E1164
HD-31307,J-2023-04850,40,quality,2023-10-17 16:29:00,2023-10-18 20:27:00,E1169
HD-31308,J-2023-04948,10,material,2023-10-18 06:17:00,2023-10-18 10:00:00,E1174
HD-31309,J-2023-04950,10,material,2023-10-18 06:26:00,2023-10-20 10:00:00,E1174
HD-31310,J-2023-04944,10,material,2023-10-18 06:29:00,2023-10-18 10:00:00,E1174
HD-31311,J-2023-04911,40,other,2023-10-18 09:49:00,2023-10-19 08:33:00,E1166
HD-31312,J-2023-04895,40,engineering,2023-10-18 12:59:00,2023-10-19 01:53:00,E1172
HD-31313,J-2023-04933,40,engineering,2023-10-18 16:16:00,2023-10-19 06:14:00,E1164
HD-31314,J-2023-04729,20,customer,2023-10-18 16:56:00,2023-10-24 03:54:00,E1164
HD-31315,J-2023-04895,40,quality,2023-10-19 01:53:00,2023-10-20 02:23:00,E1166
HD-31316,J-2023-04949,40,engineering,2023-10-19 06:50:00,2023-10-23 01:00:00,E1175
HD-31317,J-2023-04871,40,other,2023-10-19 07:09:00,2023-10-20 01:53:00,E1164
HD-31318,J-2023-04834,60,customer,2023-10-19 09:43:00,2023-10-23 22:25:00,E1175
HD-31319,J-2023-04644,50,tooling,2023-10-19 10:10:00,2023-10-19 23:44:00,E1169
HD-31320,J-2023-04880,40,quality,2023-10-19 11:09:00,2023-10-20 11:04:00,E1172
HD-31321,J-2023-04962,30,quality,2023-10-19 20:14:00,2023-10-20 17:22:00,E1169
HD-31322,J-2023-04984,10,material,2023-10-20 06:07:00,2023-10-25 10:00:00,E1166
HD-31323,J-2023-04987,10,material,2023-10-20 06:10:00,2023-10-20 10:00:00,E1174
HD-31324,J-2023-04983,10,material,2023-10-20 06:16:00,2023-10-20 10:00:00,E1164
HD-31325,J-2023-04990,10,material,2023-10-20 06:16:00,2023-10-24 10:00:00,E1172
HD-31326,J-2023-04961,20,engineering,2023-10-20 07:03:00,2023-10-23 11:34:00,E1166
HD-31327,J-2023-04946,40,quality,2023-10-20 08:25:00,2023-10-23 07:26:00,E1174
HD-31328,J-2023-04926,60,tooling,2023-10-20 10:15:00,2023-10-23 08:19:00,E1169
HD-31329,J-2023-04901,50,other,2023-10-20 10:30:00,2023-10-23 03:21:00,E1166
HD-31330,J-2023-04976,30,customer,2023-10-20 16:55:00,2023-10-26 00:57:00,E1172
HD-31331,J-2023-05008,30,quality,2023-10-20 18:48:00,2023-10-23 11:02:00,E1166
HD-31332,J-2023-05006,40,tooling,2023-10-20 20:08:00,2023-10-23 07:30:00,E1172
HD-31333,J-2023-04950,20,tooling,2023-10-20 20:10:00,2023-10-23 02:12:00,E1174
HD-31334,J-2023-05030,10,customer,2023-10-23 06:13:00,2023-10-24 10:00:00,E1166
HD-31335,J-2023-05016,10,material,2023-10-23 06:14:00,2023-10-25 10:00:00,E1175
HD-31336,J-2023-05023,10,material,2023-10-23 06:29:00,2023-10-25 10:00:00,E1172
HD-31337,J-2023-04975,40,other,2023-10-23 06:52:00,2023-10-24 05:04:00,E1175
HD-31338,J-2023-04957,20,customer,2023-10-23 09:59:00,2023-10-25 00:35:00,E1164
HD-31339,J-2023-05008,30,engineering,2023-10-23 11:02:00,2023-10-25 09:39:00,E1164
HD-31340,J-2023-05072,10,material,2023-10-24 06:11:00,2023-10-24 10:00:00,E1175
HD-31341,J-2023-05056,10,engineering,2023-10-24 06:17:00,2023-10-25 10:30:00,E1172
HD-31342,J-2023-05036,10,material,2023-10-24 06:18:00,2023-10-24 10:00:00,E1175
HD-31343,J-2023-05046,10,material,2023-10-24 06:22:00,2023-11-02 10:00:00,E1169
HD-31344,J-2023-05080,10,material,2023-10-24 06:24:00,2023-10-24 10:00:00,E1169
HD-31345,J-2023-04946,60,engineering,2023-10-24 09:53:00,2023-10-25 07:07:00,E1174
HD-31346,J-2023-05052,20,customer,2023-10-24 10:02:00,2023-10-26 15:15:00,E1166
HD-31347,J-2023-05108,10,material,2023-10-25 06:01:00,2023-10-31 10:00:00,E1172
HD-31348,J-2023-05101,10,material,2023-10-25 06:01:00,2023-10-30 10:00:00,E1172
HD-31349,J-2023-05092,10,engineering,2023-10-25 06:16:00,2023-10-26 10:00:00,E1174
HD-31350,J-2023-05112,10,material,2023-10-25 06:18:00,2023-11-02 10:00:00,E1172
HD-31351,J-2023-05095,10,tooling,2023-10-25 06:25:00,2023-10-26 05:22:00,E1174
HD-31352,J-2023-05040,40,quality,2023-10-25 06:30:00,2023-10-27 00:10:00,E1164
HD-31353,J-2023-04964,40,engineering,2023-10-25 19:57:00,2023-10-26 11:29:00,E1174
HD-31354,J-2023-05123,10,customer,2023-10-26 06:03:00,2023-11-01 02:48:00,E1172
HD-31355,J-2023-05128,10,material,2023-10-26 06:18:00,2023-10-30 10:00:00,E1174
HD-31356,J-2023-05072,20,quality,2023-10-26 06:48:00,2023-10-27 11:42:00,E1169
HD-31357,J-2023-05065,60,tooling,2023-10-26 07:04:00,2023-10-26 20:46:00,E1172
HD-31358,J-2023-04969,40,quality,2023-10-26 09:35:00,2023-10-27 07:25:00,E1172
HD-31359,J-2023-05056,30,engineering,2023-10-26 09:58:00,2023-10-27 02:39:00,E1175
HD-31360,J-2023-04871,50,engineering,2023-10-26 12:52:00,2023-10-30 00:50:00,E1174
HD-31361,J-2023-05137,10,material,2023-10-27 06:09:00,2023-10-31 10:00:00,E1164
HD-31362,J-2023-05139,10,other,2023-10-27 06:26:00,2023-10-30 10:00:00,E1164
HD-31363,J-2023-04969,40,quality,2023-10-27 07:25:00,2023-10-31 14:49:00,E1169
HD-31364,J-2023-05072,20,quality,2023-10-27 11:42:00,2023-11-01 06:05:00,E1172
HD-31365,J-2023-05002,40,customer,2023-10-27 13:11:00,2023-10-31 00:51:00,E1164
HD-31366,J-2023-04900,60,engineering,2023-10-27 13:18:00,2023-10-30 07:29:00,E1174
HD-31367,J-2023-05146,20,tooling,2023-10-27 16:19:00,2023-10-30 07:03:00,E1169
HD-31368,J-2023-04990,40,tooling,2023-10-27 16:42:00,2023-10-30 03:01:00,E1169
HD-31369,J-2023-05067,60,customer,2023-10-27 17:00:00,2023-11-01 16:03:00,E1164
HD-31370,J-2023-05018,30,quality,2023-10-27 23:56:00,2023-10-30 05:44:00,E1166
HD-31371,J-2023-05179,10,material,2023-10-30 06:01:00,2023-10-30 10:00:00,E1164
HD-31372,J-2023-05174,10,material,2023-10-30 06:16:00,2023-10-30 10:00:00,E1175
HD-31373,J-2023-05169,10,material,2023-10-30 06:23:00,2023-10-30 10:00:00,E1174
HD-31374,J-2023-04967,30,quality,2023-10-30 10:29:00,2023-11-01 05:47:00,E1172
HD-31375,J-2023-04968,40,quality,2023-10-30 12:59:00,2023-10-31 16:01:00,E1174
HD-31376,J-2023-04815,50,other,2023-10-30 13:16:00,2023-10-30 21:19:00,E1172
HD-31377,J-2023-05136,40,tooling,2023-10-30 16:27:00,2023-10-31 15:44:00,E1172
HD-31378,J-2023-05237,10,material,2023-10-31 06:02:00,2023-11-03 10:00:00,E1164
HD-31379,J-2023-05241,10,material,2023-10-31 06:07:00,2023-11-02 10:00:00,E1169
HD-31380,J-2023-05200,10,other,2023-10-31 06:07:00,2023-11-02 10:00:00,E1164
HD-31381,J-2023-05214,10,material,2023-10-31 06:11:00,2023-10-31 10:00:00,E1174
HD-31382,J-2023-05228,10,material,2023-10-31 06:20:00,2023-11-01 06:41:00,E1172
HD-31383,J-2023-05203,10,material,2023-10-31 06:21:00,2023-10-31 10:00:00,E1164
HD-31384,J-2023-05226,10,material,2023-10-31 06:22:00,2023-10-31 10:00:00,E1164
HD-31385,J-2023-04984,30,engineering,2023-10-31 06:59:00,2023-11-01 18:14:00,E1164
HD-31386,J-2023-04990,50,quality,2023-10-31 09:13:00,2023-11-01 14:28:00,E1175
HD-31387,J-2023-05048,50,quality,2023-10-31 09:35:00,2023-11-02 08:44:00,E1174
HD-31388,J-2023-05130,40,engineering,2023-10-31 10:28:00,2023-11-02 07:59:00,E1174
HD-31389,J-2023-05101,40,customer,2023-10-31 13:14:00,2023-11-03 16:36:00,E1175
HD-31390,J-2023-04967,30,quality,2023-11-01 05:47:00,2023-11-01 22:04:00,E1169
HD-31391,J-2023-05267,10,other,2023-11-01 06:10:00,2023-11-01 10:00:00,E1175
HD-31392,J-2023-05143,10,other,2023-11-01 06:16:00,2023-11-01 18:58:00,E1169
HD-31393,J-2023-05272,10,material,2023-11-01 06:18:00,2023-11-02 10:00:00,E1169
HD-31394,J-2023-05262,10,tooling,2023-11-01 06:25:00,2023-11-01 16:19:00,E1164
HD-31395,J-2023-04905,50,other,2023-11-01 10:19:00,2023-11-01 17:30:00,E1175
HD-31396,J-2023-05123,20,other,2023-11-01 10:24:00,2023-11-01 18:48:00,E1164
HD-31397,J-2023-04990,50,quality,2023-11-01 14:28:00,2023-11-01 20:41:00,E1164
HD-31398,J-2023-05292,10,material,2023-11-02 06:14:00,2023-11-02 10:00:00,E1166
HD-31399,J-2023-05304,10,material,2023-11-02 06:24:00,2023-11-06 10:00:00,E1172
HD-31400,J-2023-05287,10,material,2023-11-02 06:26:00,2023-11-06 10:00:00,E1172
HD-31401,J-2023-05243,40,quality,2023-11-02 06:45:00,2023-11-02 22:38:00,E1164
HD-31402,J-2023-05048,50,quality,2023-11-02 08:44:00,2023-11-06 13:25:00,E1169
HD-31403,J-2023-05150,40,quality,2023-11-02 11:41:00,2023-11-07 03:51:00,E1164
HD-31404,J-2023-05135,50,engineering,2023-11-02 13:01:00,2023-11-06 12:00:00,E1164
HD-31405,J-2023-05096,40,quality,2023-11-02 16:15:00,2023-11-03 17:06:00,E1174
HD-31406,J-2023-05117,30,engineering,2023-11-02 16:49:00,2023-11-06 05:29:00,E1164
HD-31407,J-2023-05322,10,material,2023-11-03 06:04:00,2023-11-08 10:00:00,E1164
HD-31408,J-2023-05327,10,material,2023-11-03 06:23:00,2023-11-07 10:00:00,E1166
HD-31409,J-2023-05158,30,quality,2023-11-03 07:16:00,2023-11-06 15:13:00,E1169
HD-31410,J-2023-04964,50,quality,2023-11-03 10:15:00,2023-11-06 01:54:00,E1169
HD-31411,J-2023-05112,10,quality,2023-11-03 12:52:00,2023-11-06 21:49:00,E1172
HD-31412,J-2023-05337,10,material,2023-11-06 06:18:00,2023-11-08 10:00:00,E1172
HD-31413,J-2023-05318,10,material,2023-11-06 06:48:00,2023-11-06 10:00:00,E1172
HD-31414,J-2023-05244,40,customer,2023-11-06 06:55:00,2023-11-09 04:04:00,E1172
HD-31415,J-2023-05352,10,material,2023-11-07 06:01:00,2023-11-08 10:00:00,E1174
HD-31416,J-2023-05356,10,material,2023-11-07 06:02:00,2023-11-21 10:00:00,E1175
HD-31417,J-2023-05366,10,material,2023-11-07 06:02:00,2023-11-17 10:00:00,E1166
HD-31418,J-2023-05382,10,tooling,2023-11-07 06:17:00,2023-11-07 13:55:00,E1169
HD-31419,J-2023-05403,10,quality,2023-11-07 06:18:00,2023-11-09 10:00:00,E1164
HD-31420,J-2023-05398,10,material,2023-11-07 06:21:00,2023-11-10 10:00:00,E1174
HD-31421,J-2023-05394,10,material,2023-11-07 06:23:00,2023-11-07 10:00:00,E1166
HD-31422,J-2023-05400,10,material,2023-11-07 06:24:00,2023-11-10 10:00:00,E1174
HD-31423,J-2023-05375,10,other,2023-11-07 06:26:00,2023-11-10 10:00:00,E1172
HD-31424,J-2023-05059,40,quality,2023-11-07 09:51:00,2023-11-08 21:09:00,E1164
HD-31425,J-2023-05374,20,engineering,2023-11-07 13:11:00,2023-11-08 16:00:00,E1175
HD-31426,J-2023-05292,40,customer,2023-11-07 13:26:00,2023-11-10 14:11:00,E1164
HD-31427,J-2023-05379,40,quality,2023-11-07 20:11:00,2023-11-08 16:23:00,E1172
HD-31428,J-2023-05405,10,material,2023-11-08 06:15:00,2023-11-08 10:00:00,E1164
HD-31429,J-2023-05421,10,material,2023-11-08 06:21:00,2023-11-20 10:00:00,E1169
HD-31430,J-2023-05306,40,quality,2023-11-08 07:06:00,2023-11-09 10:39:00,E1166
HD-31431,J-2023-05188,40,quality,2023-11-08 08:08:00,2023-11-10 11:37:00,E1169
HD-31432,J-2023-04983,60,engineering,2023-11-08 10:02:00,2023-11-10 07:18:00,E1169
HD-31433,J-2023-05388,20,other,2023-11-08 13:26:00,2023-11-09 01:04:00,E1174
HD-31434,J-2023-05380,20,quality,2023-11-08 17:41:00,2023-11-10 00:26:00,E1169
HD-31435,J-2023-05454,10,material,2023-11-09 06:08:00,2023-11-13 10:00:00,E1166
HD-31436,J-2023-05452,10,material,2023-11-09 06:11:00,2023-11-09 10:00:00,E1164
HD-31437,J-2023-05434,10,material,2023-11-09 06:13:00,2023-11-09 10:00:00,E1174
HD-31438,J-2023-05440,10,other,2023-11-09 06:23:00,2023-11-14 10:00:00,E1175
HD-31439,J-2023-05346,20,quality,2023-11-09 07:48:00,2023-11-13 00:27:00,E1164
HD-31440,J-2023-05207,30,engineering,2023-11-09 10:05:00,2023-11-09 23:03:00,E1174
HD-31441,J-2023-05388,40,quality,2023-11-09 10:11:00,2023-11-10 22:09:00,E1172
HD-31442,J-2023-05200,50,other,2023-11-09 10:29:00,2023-11-09 22:29:00,E1175
HD-31443,J-2023-05455,30,other,2023-11-09 12:46:00,2023-11-10 11:54:00,E1172
HD-31444,J-2023-05380,20,quality,2023-11-10 00:26:00,2023-11-10 16:43:00,E1172
HD-31445,J-2023-05470,10,material,2023-11-10 06:06:00,2023-11-10 10:00:00,E1164
HD-31446,J-2023-05457,10,tooling,2023-11-10 06:11:00,2023-11-13 10:00:00,E1175
HD-31447,J-2023-05469,10,material,2023-11-10 06:18:00,2023-11-10 10:00:00,E1175
HD-31448,J-2023-05463,10,engineering,2023-11-10 06:27:00,2023-11-13 08:55:00,E1174
HD-31449,J-2023-05346,20,quality,2023-11-13 00:27:00,2023-11-13 06:31:00,E1164
HD-31450,J-2023-05482,10,material,2023-11-13 06:02:00,2023-11-15 10:00:00,E1166
HD-31451,J-2023-05485,10,material,2023-11-13 06:17:00,2023-11-13 10:00:00,E1175
HD-31452,J-2023-05474,10,customer,2023-11-13 06:24:00,2023-11-15 05:16:00,E1164
HD-31453,J-2023-05430,40,quality,2023-11-13 07:27:00,2023-11-14 03:00:00,E1164
HD-31454,J-2023-05400,40,customer,2023-11-13 09:52:00,2023-11-14 02:51:00,E1166
HD-31455,J-2023-05392,40,tooling,2023-11-13 10:26:00,2023-11-14 01:58:00,E1172
HD-31456,J-2023-05341,40,quality,2023-11-13 20:10:00,2023-11-14 12:33:00,E1169
HD-31457,J-2023-05400,40,customer,2023-11-14 02:51:00,2023-11-17 08:22:00,E1175
HD-31458,J-2023-05520,10,material,2023-11-14 06:04:00,2023-11-14 10:00:00,E1164
HD-31459,J-2023-05513,10,material,2023-11-14 06:09:00,2023-11-15 10:00:00,E1174
HD-31460,J-2023-05521,10,material,2023-11-14 06:19:00,2023-11-14 10:00:00,E1169
HD-31461,J-2023-05500,10,material,2023-11-14 06:22:00,2023-11-16 10:00:00,E1172
HD-31462,J-2023-05516,10,material,2023-11-14 06:27:00,2023-11-14 10:00:00,E1175
HD-31463,J-2023-05214,30,tooling,2023-11-14 10:22:00,2023-11-15 08:14:00,E1166
HD-31464,J-2023-05546,10,material,2023-11-15 06:22:00,2023-11-15 10:00:00,E1175
HD-31465,J-2023-05485,40,quality,2023-11-15 07:49:00,2023-11-15 17:54:00,E1175
HD-31466,J-2023-05506,30,engineering,2023-11-15 09:54:00,2023-11-16 10:53:00,E1174
HD-31467,J-2023-05354,30,quality,2023-11-15 10:04:00,2023-11-16 01:16:00,E1166
HD-31468,J-2023-05516,20,quality,2023-11-15 21:40:00,2023-11-20 19:43:00,E1164
HD-31469,J-2023-05559,10,engineering,2023-11-16 06:14:00,2023-11-16 19:07:00,E1166
HD-31470,J-2023-05576,10,material,2023-11-16 06:19:00,2023-11-20 10:00:00,E1169
HD-31471,J-2023-05292,40,quality,2023-11-16 06:44:00,2023-11-16 21:00:00,E1174
HD-31472,J-2023-05553,10,quality,2023-11-16 08:01:00,2023-11-17 02:43:00,E1169
HD-31473,J-2023-05578,20,engineering,2023-11-16 16:18:00,2023-11-17 04:28:00,E1174
HD-31474,J-2023-05531,40,quality,2023-11-16 16:44:00,2023-11-17 20:33:00,E1166
HD-31475,J-2023-05270,60,customer,2023-11-16 17:00:00,2023-11-20 16:09:00,E1169
HD-31476,J-2023-05497,40,quality,2023-11-16 19:44:00,2023-11-20 01:55:00,E1172
HD-31477,J-2023-05478,30,customer,2023-11-16 20:01:00,2023-11-20 00:32:00,E1174
HD-31478,J-2023-05549,30,engineering,2023-11-16 20:06:00,2023-11-20 01:01:00,E1166
HD-31479,J-2023-05553,10,quality,2023-11-17 02:43:00,2023-11-21 22:27:00,E1175
HD-31480,J-2023-05597,10,material,2023-11-17 06:15:00,2023-11-17 10:00:00,E1172
HD-31481,J-2023-05488,30,customer,2023-11-17 07:27:00,2023-11-21 01:57:00,E1175
HD-31482,J-2023-05281,80,other,2023-11-17 10:14:00,2023-11-17 22:32:00,E1175
HD-31483,J-2023-05589,30,customer,2023-11-17 12:50:00,2023-11-22 07:15:00,E1174
HD-31484,J-2023-05631,10,customer,2023-11-20 06:11:00,2023-11-22 10:00:00,E1166
HD-31485,J-2023-05614,10,material,2023-11-20 06:14:00,2023-12-01 10:00:00,E1166
HD-31486,J-2023-05621,10,material,2023-11-20 06:23:00,2023-11-20 10:00:00,E1169
HD-31487,J-2023-05618,10,material,2023-11-20 06:28:00,2023-12-04 10:00:00,E1169
HD-31488,J-2023-05608,30,quality,2023-11-20 07:09:00,2023-11-21 02:54:00,E1164
HD-31489,J-2023-05500,30,other,2023-11-20 10:16:00,2023-11-21 00:45:00,E1169
HD-31490,J-2023-05366,40,quality,2023-11-20 16:33:00,2023-11-22 01:54:00,E1172
HD-31491,J-2023-05652,10,material,2023-11-21 06:05:00,2023-12-01 10:00:00,E1166
HD-31492,J-2023-05659,10,material,2023-11-21 06:11:00,2023-12-06 10:00:00,E1174
HD-31493,J-2023-05662,10,material,2023-11-21 06:12:00,2023-11-21 10:00:00,E1166
HD-31494,J-2023-05643,10,material,2023-11-21 06:24:00,2023-11-21 10:00:00,E1166
HD-31495,J-2023-05592,70,tooling,2023-11-21 06:51:00,2023-11-21 16:39:00,E1169
HD-31496,J-2023-05327,40,quality,2023-11-21 08:23:00,2023-11-28 05:42:00,E1172
HD-31497,J-2023-05664,30,engineering,2023-11-21 16:25:00,2023-11-22 22:20:00,E1174
HD-31498,J-2023-05512,50,customer,2023-11-21 16:45:00,2023-11-29 14:53:00,E1169
HD-31499,J-2023-05707,10,engineering,2023-11-22 06:13:00,2023-11-27 14:50:00,E1175
HD-31500,J-2023-05681,10,material,2023-11-22 06:15:00,2023-11-27 10:00:00,E1172
HD-31501,J-2023-05685,10,material,2023-11-22 06:16:00,2023-11-22 10:00:00,E1174
HD-31502,J-2023-05705,10,material,2023-11-22 06:18:00,2023-11-22 10:00:00,E1169
HD-31503,J-2023-05701,10,other,2023-11-22 06:24:00,2023-11-22 17:40:00,E1174
HD-31504,J-2023-05608,50,engineering,2023-11-22 09:49:00,2023-11-28 07:42:00,E1169
HD-31505,J-2023-05604,30,quality,2023-11-22 12:39:00,2023-11-28 12:07:00,E1164
HD-31506,J-2023-05677,20,engineering,2023-11-22 16:23:00,2023-11-27 20:22:00,E1174
HD-31507,J-2023-05619,30,other,2023-11-22 16:46:00,2023-11-27 02:42:00,E1164
HD-31508,J-2023-05694,40,quality,2023-11-22 20:07:00,2023-11-27 13:07:00,E1175
HD-31509,J-2023-05722,10,material,2023-11-27 06:19:00,2023-11-27 10:00:00,E1164
HD-31510,J-2023-05717,10,material,2023-11-27 06:22:00,2023-11-30 10:00:00,E1172
HD-31511,J-2023-05714,10,engineering,2023-11-27 06:23:00,2023-11-28 11:15:00,E1174
HD-31512,J-2023-05731,10,material,2023-11-27 06:29:00,2023-11-29 10:00:00,E1175
HD-31513,J-2023-05366,40,quality,2023-11-27 06:30:00,2023-11-29 02:18:00,E1175
HD-31514,J-2023-05682,30,quality,2023-11-27 09:51:00,2023-11-28 12:31:00,E1175
HD-31515,J-2023-05644,40,engineering,2023-11-27 10:05:00,2023-11-29 07:08:00,E1169
HD-31516,J-2023-05626,20,engineering,2023-11-27 12:45:00,2023-11-29 10:42:00,E1174
HD-31517,J-2023-05710,30,customer,2023-11-27 13:06:00,2023-11-29 01:04:00,E1175
HD-31518,J-2023-05752,10,material,2023-11-28 06:06:00,2023-12-08 10:00:00,E1172
HD-31519,J-2023-05743,10,tooling,2023-11-28 06:09:00,2023-11-28 14:52:00,E1166
HD-31520,J-2023-05771,10,material,2023-11-28 06:11:00,2023-12-07 10:00:00,E1174
HD-31521,J-2023-05766,10,engineering,2023-11-28 06:15:00,2023-11-29 10:00:00,E1166
HD-31522,J-2023-05748,10,customer,2023-11-28 06:20:00,2023-12-01 16:25:00,E1169
HD-31523,J-2023-05677,20,quality,2023-11-28 10:00:00,2023-11-28 21:45:00,E1169
HD-31524,J-2023-05723,30,tooling,2023-11-28 10:05:00,2023-11-28 22:18:00,E1174
HD-31525,J-2023-05776,20,tooling,2023-11-28 10:22:00,2023-11-28 17:21:00,E1174
HD-31526,J-2023-05604,30,quality,2023-11-28 12:07:00,2023-11-29 04:10:00,E1175
HD-31527,J-2023-05681,40,other,2023-11-28 13:22:00,2023-11-29 11:10:00,E1164
HD-31528,J-2023-05754,10,quality,2023-11-28 13:50:00,2023-11-29 02:41:00,E1175
HD-31529,J-2023-05729,30,tooling,2023-11-28 16:58:00,2023-11-29 13:39:00,E1164
HD-31530,J-2023-05767,20,engineering,2023-11-28 19:54:00,2023-11-30 08:49:00,E1172
HD-31531,J-2023-05436,30,engineering,2023-11-28 21:56:00,2023-11-30 14:53:00,E1164
HD-31532,J-2023-05363,50,quality,2023-11-28 22:54:00,2023-11-30 22:51:00,E1174
HD-31533,J-2023-05783,10,material,2023-11-29 06:04:00,2023-11-30 10:00:00,E1172
HD-31534,J-2023-05788,10,other,2023-11-29 06:17:00,2023-11-30 10:00:00,E1175
HD-31535,J-2023-05780,10,material,2023-11-29 06:26:00,2023-11-30 10:00:00,E1164
HD-31536,J-2023-05431,40,quality,2023-11-29 06:57:00,2023-12-01 06:57:00,E1164
HD-31537,J-2023-05677,30,customer,2023-11-29 07:15:00,2023-11-30 18:26:00,E1169
HD-31538,J-2023-05474,40,quality,2023-11-29 09:33:00,2023-11-30 11:03:00,E1166
HD-31539,J-2023-05527,40,quality,2023-11-29 11:13:00,2023-12-01 04:19:00,E1164
HD-31540,J-2023-05709,30,other,2023-11-29 13:08:00,2023-12-04 05:02:00,E1175
HD-31541,J-2023-05794,40,quality,2023-11-29 19:56:00,2023-11-30 11:12:00,E1166
HD-31542,J-2023-05798,10,other,2023-11-30 06:11:00,2023-11-30 16:02:00,E1169
HD-31543,J-2023-05801,10,material,2023-11-30 06:14:00,2023-11-30 10:00:00,E1174
HD-31544,J-2023-05800,10,material,2023-11-30 06:22:00,2023-12-04 10:00:00,E1169
HD-31545,J-2023-05648,40,quality,2023-11-30 09:53:00,2023-12-05 06:14:00,E1169
HD-31546,J-2023-05128,60,engineering,2023-11-30 10:28:00,2023-12-01 14:14:00,E1174
HD-31547,J-2023-05783,20,tooling,2023-11-30 16:29:00,2023-12-01 13:46:00,E1174
HD-31548,J-2023-05816,10,material,2023-12-01 06:11:00,2023-12-01 10:00:00,E1175
HD-31549,J-2023-05830,10,material,2023-12-01 06:28:00,2023-12-05 10:00:00,E1169
HD-31550,J-2023-05431,40,quality,2023-12-01 06:57:00,2023-12-06 02:16:00,E1172
HD-31551,J-2023-05753,30,quality,2023-12-01 07:30:00,2023-12-05 00:17:00,E1172
HD-31552,J-2023-05330,50,customer,2023-12-01 08:23:00,2023-12-05 04:45:00,E1172
HD-31553,J-2023-05256,60,engineering,2023-12-01 09:42:00,2023-12-05 07:05:00,E1169
HD-31554,J-2023-05386,70,tooling,2023-12-01 13:03:00,2023-12-01 21:07:00,E1164
HD-31555,J-2023-05672,50,customer,2023-12-01 13:12:00,2023-12-06 02:40:00,E1169
HD-31556,J-2023-05717,40,material,2023-12-01 13:24:00,2023-12-04 10:28:00,E1175
HD-31557,J-2023-05415,50,customer,2023-12-01 13:25:00,2023-12-05 11:45:00,E1166
HD-31558,J-2023-05835,10,engineering,2023-12-04 06:27:00,2023-12-05 10:00:00,E1169
HD-31559,J-2023-05730,40,quality,2023-12-04 07:05:00,2023-12-05 16:28:00,E1169
HD-31560,J-2023-05487,30,quality,2023-12-04 09:41:00,2023-12-05 21:15:00,E1175
HD-31561,J-2023-05762,50,engineering,2023-12-04 10:02:00,2023-12-06 06:14:00,E1175
HD-31562,J-2023-05806,40,quality,2023-12-04 10:12:00,2023-12-05 18:20:00,E1175
HD-31563,J-2023-05807,40,quality,2023-12-04 13:21:00,2023-12-05 22:37:00,E1166
HD-31564,J-2023-05753,30,customer,2023-12-05 00:17:00,2023-12-07 15:29:00,E1166
HD-31565,J-2023-05874,10,material,2023-12-05 06:10:00,2023-12-07 10:00:00,E1172
HD-31566,J-2023-05910,10,material,2023-12-05 06:15:00,2023-12-05 10:00:00,E1166
HD-31567,J-2023-05912,10,material,2023-12-05 06:20:00,2023-12-19 10:00:00,E1172
HD-31568,J-2023-05905,10,material,2023-12-05 06:21:00,2023-12-05 10:00:00,E1164
HD-31569,J-2023-05848,10,material,2023-12-05 06:22:00,2023-12-06 10:00:00,E1164
HD-31570,J-2023-05860,10,material,2023-12-05 06:27:00,2023-12-05 10:00:00,E1169
HD-31571,J-2023-05840,10,material,2023-12-05 06:30:00,2023-12-05 10:00:00,E1175
HD-31572,J-2023-05818,30,quality,2023-12-05 07:30:00,2023-12-05 22:01:00,E1175
HD-31573,J-2023-05826,30,quality,2023-12-05 09:22:00,2023-12-06 15:21:00,E1174
HD-31574,J-2023-05871,30,material,2023-12-05 10:02:00,2023-12-05 17:04:00,E1166
HD-31575,J-2023-05876,20,customer,2023-12-05 13:25:00,2023-12-08 06:28:00,E1172
HD-31576,J-2023-05856,30,engineering,2023-12-05 16:19:00,2023-12-06 14:12:00,E1164
HD-31577,J-2023-05730,40,quality,2023-12-05 16:28:00,2023-12-08 00:17:00,E1175
HD-31578,J-2023-05943,10,material,2023-12-06 06:03:00,2023-12-06 10:00:00,E1164
HD-31579,J-2023-05926,10,material,2023-12-06 06:05:00,2023-12-11 10:00:00,E1166
HD-31580,J-2023-05940,10,material,2023-12-06 06:10:00,2023-12-07 10:00:00,E1169
HD-31581,J-2023-05916,10,material,2023-12-06 06:11:00,2023-12-06 10:00:00,E1169
HD-31582,J-2023-05937,10,tooling,2023-12-06 06:11:00,2023-12-06 23:58:00,E1172
HD-31583,J-2023-05951,10,material,2023-12-06 06:19:00,2023-12-06 10:00:00,E1169
HD-31584,J-2023-05938,10,material,2023-12-06 06:28:00,2023-12-08 10:00:00,E1175
HD-31585,J-2023-05947,10,material,2023-12-06 06:28:00,2023-12-06 10:00:00,E1166
HD-31586,J-2023-05887,30,customer,2023-12-06 07:23:00,2023-12-06 23:25:00,E1169
HD-31587,J-2023-05842,40,material,2023-12-06 12:46:00,2023-12-07 06:52:00,E1166
HD-31588,J-2023-05445,80,customer,2023-12-06 13:03:00,2023-12-11 18:57:00,E1175
HD-31589,J-2023-05826,30,quality,2023-12-06 15:21:00,2023-12-11 13:53:00,E1172
HD-31590,J-2023-05872,10,quality,2023-12-06 19:06:00,2023-12-08 05:02:00,E1164
HD-31591,J-2023-05842,40,quality,2023-12-07 06:52:00,2023-12-07 17:32:00,E1169
HD-31592,J-2023-05762,70,tooling,2023-12-07 09:55:00,2023-12-08 05:29:00,E1164
HD-31593,J-2023-05955,10,quality,2023-12-07 12:00:00,2023-12-08 12:47:00,E1174
HD-31594,J-2023-05872,10,quality,2023-12-08 05:02:00,2023-12-12 01:28:00,E1175
HD-31595,J-2023-05971,10,material,2023-12-08 06:03:00,2023-12-18 10:00:00,E1164
HD-31596,J-2023-05990,10,material,2023-12-08 06:16:00,2023-12-11 10:00:00,E1164
HD-31597,J-2023-05988,10,material,2023-12-08 06:17:00,2023-12-08 10:00:00,E1175
HD-31598,J-2023-05993,10,material,2023-12-08 06:25:00,2023-12-08 10:00:00,E1175
HD-31599,J-2023-05953,40,quality,2023-12-08 09:42:00,2023-12-12 08:08:00,E1169
HD-31600,J-2023-05850,40,quality,2023-12-08 09:56:00,2023-12-11 09:55:00,E1174
HD-31601,J-2023-05842,70,engineering,2023-12-08 09:57:00,2023-12-11 04:45:00,E1172
HD-31602,J-2023-05916,60,other,2023-12-08 10:07:00,2023-12-11 03:43:00,E1172
HD-31603,J-2023-05984,30,engineering,2023-12-08 19:55:00,2023-12-11 10:25:00,E1164
HD-31604,J-2023-06038,10,other,2023-12-11 06:07:00,2023-12-11 21:48:00,E1174
HD-31605,J-2023-06035,10,material,2023-12-11 06:08:00,2023-12-13 10:00:00,E1175
HD-31606,J-2023-06031,10,material,2023-12-11 06:10:00,2023-12-12 10:00:00,E1166
HD-31607,J-2023-06037,10,engineering,2023-12-11 06:12:00,2023-12-12 19:12:00,E1169
HD-31608,J-2023-06033,10,material,2023-12-11 06:18:00,2023-12-14 10:00:00,E1164
HD-31609,J-2023-05962,40,quality,2023-12-11 06:55:00,2023-12-13 13:00:00,E1166
HD-31610,J-2023-05942,50,quality,2023-12-11 08:01:00,2023-12-13 07:54:00,E1175
HD-31611,J-2023-05734,50,other,2023-12-11 10:07:00,2023-12-11 21:23:00,E1169
HD-31612,J-2023-05927,40,quality,2023-12-11 11:29:00,2023-12-12 16:03:00,E1169
HD-31613,J-2023-05461,60,customer,2023-12-11 13:05:00,2023-12-14 16:17:00,E1166
HD-31614,J-2023-06013,40,engineering,2023-12-11 16:55:00,2023-12-13 07:26:00,E1164
HD-31615,J-2023-06076,10,material,2023-12-12 06:06:00,2023-12-12 10:00:00,E1169
HD-31616,J-2023-06105,10,material,2023-12-12 06:07:00,2023-12-14 10:00:00,E1172
HD-31617,J-2023-06073,10,material,2023-12-12 06:09:00,2023-12-12 10:00:00,E1166
HD-31618,J-2023-06082,10,customer,2023-12-12 06:20:00,2023-12-14 13:00:00,E1166
HD-31619,J-2023-06056,10,customer,2023-12-12 06:25:00,2023-12-13 10:00:00,E1174
HD-31620,J-2023-06063,10,material,2023-12-12 06:25:00,2023-12-13 10:00:00,E1174
HD-31621,J-2023-06070,10,material,2023-12-12 06:27:00,2023-12-13 10:00:00,E1174
HD-31622,J-2023-05988,30,quality,2023-12-12 07:21:00,2023-12-13 09:11:00,E1172
HD-31623,J-2023-05953,40,quality,2023-12-12 08:08:00,2023-12-14 10:56:00,E1174
HD-31624,J-2023-06023,30,customer,2023-12-12 08:19:00,2023-12-12 23:12:00,E1174
HD-31625,J-2023-05826,50,other,2023-12-12 09:54:00,2023-12-12 20:30:00,E1175
HD-31626,J-2023-05853,40,quality,2023-12-12 10:12:00,2023-12-13 17:29:00,E1174
HD-31627,J-2023-05983,30,quality,2023-12-12 11:46:00,2023-12-13 21:17:00,E1174
HD-31628,J-2023-05993,30,other,2023-12-12 12:48:00,2023-12-13 07:15:00,E1172
HD-31629,J-2023-05927,40,quality,2023-12-12 16:03:00,2023-12-13 23:18:00,E1164
HD-31630,J-2023-05844,50,engineering,2023-12-12 20:01:00,2023-12-14 18:02:00,E1172
HD-31631,J-2023-06130,10,quality,2023-12-13 06:11:00,2023-12-14 09:55:00,E1174
HD-31632,J-2023-06141,10,material,2023-12-13 06:21:00,2023-12-20 10:00:00,E1164
HD-31633,J-2023-06136,10,material,2023-12-13 06:21:00,2023-12-13 10:00:00,E1164
HD-31634,J-2023-06156,10,quality,2023-12-13 06:27:00,2023-12-14 10:00:00,E1174
HD-31635,J-2023-06136,20,engineering,2023-12-13 16:37:00,2023-12-15 07:05:00,E1175
HD-31636,J-2023-06133,20,quality,2023-12-14 20:51:00,2023-12-15 21:50:00,E1166
HD-31637,J-2023-06199,10,material,2023-12-15 06:23:00,2023-12-18 10:00:00,E1175
HD-31638,J-2023-05973,50,material,2023-12-15 06:44:00,2023-12-19 07:00:00,E1172
HD-31639,J-2023-06067,20,engineering,2023-12-15 07:05:00,2023-12-19 05:13:00,E1174
HD-31640,J-2023-06170,40,engineering,2023-12-15 09:58:00,2023-12-18 19:17:00,E1172
HD-31641,J-2023-05965,60,customer,2023-12-15 13:11:00,2023-12-18 16:23:00,E1174
HD-31642,J-2023-06186,30,material,2023-12-15 13:16:00,2023-12-15 22:28:00,E1166
HD-31643,J-2023-06126,20,other,2023-12-15 16:46:00,2023-12-18 15:18:00,E1166
HD-31644,J-2023-06133,20,quality,2023-12-15 21:50:00,2023-12-19 18:12:00,E1175
HD-31645,J-2023-06224,10,material,2023-12-18 06:07:00,2024-01-04 10:00:00,E1169
HD-31646,J-2023-06208,10,material,2023-12-18 06:16:00,2024-01-05 10:00:00,E1175
HD-31647,J-2023-06207,10,material,2023-12-18 06:23:00,2023-12-19 10:00:00,E1172
HD-31648,J-2023-06217,10,quality,2023-12-18 07:12:00,2023-12-20 06:56:00,E1164
HD-31649,J-2023-06107,40,quality,2023-12-18 07:18:00,2023-12-19 02:06:00,E1175
HD-31650,J-2023-06156,20,quality,2023-12-18 07:48:00,2023-12-21 03:37:00,E1175
HD-31651,J-2023-06082,40,quality,2023-12-18 13:11:00,2023-12-19 09:17:00,E1174
HD-31652,J-2023-05808,40,quality,2023-12-18 16:15:00,2023-12-19 18:35:00,E1174
HD-31653,J-2023-06150,20,engineering,2023-12-18 16:19:00,2023-12-19 22:15:00,E1169
HD-31654,J-2023-06252,10,other,2023-12-19 06:01:00,2024-01-03 10:00:00,E1164
HD-31655,J-2023-06276,10,material,2023-12-19 06:08:00,2024-01-08 10:00:00,E1175
HD-31656,J-2023-06273,10,material,2023-12-19 06:14:00,2023-12-19 10:00:00,E1174
HD-31657,J-2023-06107,40,quality,2023-12-19 06:16:00,2023-12-20 05:55:00,E1169
HD-31658,J-2023-06262,10,material,2023-12-19 06:18:00,2023-12-19 10:00:00,E1175
HD-31659,J-2023-06272,10,material,2023-12-19 06:23:00,2023-12-19 10:00:00,E1174
HD-31660,J-2023-06250,10,material,2023-12-19 06:24:00,2023-12-21 10:00:00,E1164
HD-31661,J-2023-06196,20,quality,2023-12-19 08:47:00,2023-12-19 19:17:00,E1166
HD-31662,J-2023-06140,50,tooling,2023-12-19 10:10:00,2023-12-19 17:39:00,E1172
HD-31663,J-2023-05862,80,engineering,2023-12-19 13:05:00,2023-12-20 15:28:00,E1174
HD-31664,J-2023-05880,80,engineering,2023-12-19 13:11:00,2023-12-21 07:14:00,E1166
HD-31665,J-2023-06280,40,tooling,2023-12-19 20:14:00,2023-12-20 11:37:00,E1174
HD-31666,J-2023-06188,40,quality,2023-12-20 02:49:00,2023-12-22 13:03:00,E1164
HD-31667,J-2023-06107,40,engineering,2023-12-20 05:55:00,2023-12-20 22:11:00,E1169
HD-31668,J-2023-06304,10,material,2023-12-20 06:07:00,2023-12-20 10:00:00,E1169
HD-31669,J-2023-06289,10,material,2023-12-20 06:18:00,2023-12-20 10:00:00,E1166
HD-31670,J-2023-06294,10,material,2023-12-20 06:23:00,2024-01-03 10:00:00,E1175
HD-31671,J-2023-05971,40,quality,2023-12-20 09:19:00,2023-12-21 07:52:00,E1166
HD-31672,J-2023-06280,40,other,2023-12-20 11:37:00,2023-12-21 04:21:00,E1174
HD-31673,J-2023-06128,30,quality,2023-12-20 12:58:00,2023-12-22 11:19:00,E1166
HD-31674,J-2023-06071,20,other,2023-12-20 20:19:00,2023-12-21 05:26:00,E1172
HD-31675,J-2023-06307,10,material,2023-12-21 06:06:00,2023-12-21 10:00:00,E1169
HD-31676,J-2023-06331,10,material,2023-12-21 06:13:00,2024-01-02 10:00:00,E1172
HD-31677,J-2023-06332,10,material,2023-12-21 06:21:00,2023-12-21 10:00:00,E1164
HD-31678,J-2023-05971,40,engineering,2023-12-21 07:52:00,2024-01-02 11:36:00,E1169
HD-31679,J-2023-06288,40,tooling,2023-12-21 12:44:00,2023-12-22 04:15:00,E1172
HD-31680,J-2023-06109,70,other,2023-12-21 13:12:00,2023-12-21 20:24:00,E1175
HD-31681,J-2023-06356,10,material,2023-12-22 06:06:00,2024-01-02 10:00:00,E1166
HD-31682,J-2023-06384,10,engineering,2023-12-22 06:14:00,2024-01-03 01:32:00,E1169
HD-31683,J-2023-06385,10,engineering,2023-12-22 06:17:00,2024-01-03 04:24:00,E1174
HD-31684,J-2023-06396,10,material,2023-12-22 06:17:00,2023-12-22 10:00:00,E1164
HD-31685,J-2023-06355,10,material,2023-12-22 06:19:00,2023-12-22 10:00:00,E1166
HD-31686,J-2023-06388,10,material,2023-12-22 06:29:00,2024-01-08 10:00:00,E1164
HD-31687,J-2023-06162,50,other,2023-12-22 10:16:00,2023-12-22 16:37:00,E1164
HD-31688,J-2023-06128,30,quality,2023-12-22 11:19:00,2024-01-03 13:55:00,E1172
HD-31689,J-2023-06320,40,tooling,2023-12-22 20:07:00,2024-01-02 15:46:00,E1172
HD-31690,J-2023-06372,40,tooling,2023-12-22 20:16:00,2024-01-02 13:02:00,E1169
HD-31691,J-2023-06421,10,quality,2024-01-02 06:12:00,2024-01-11 10:00:00,E1174
HD-31692,J-2023-06469,10,material,2024-01-02 06:16:00,2024-01-03 10:00:00,E1166
HD-31693,J-2023-06420,10,other,2024-01-02 06:19:00,2024-01-03 04:18:00,E1164
HD-31694,J-2023-06433,10,engineering,2024-01-02 06:22:00,2024-01-02 10:00:00,E1164
HD-31695,J-2023-06351,20,quality,2024-01-02 07:46:00,2024-01-02 23:28:00,E1172
HD-31696,J-2023-06285,20,quality,2024-01-02 07:55:00,2024-01-03 04:38:00,E1164
HD-31697,J-2023-06378,40,quality,2024-01-02 09:20:00,2024-01-03 07:59:00,E1172
HD-31698,J-2023-06435,40,quality,2024-01-02 20:29:00,2024-01-04 00:25:00,E1172
HD-31699,J-2023-06351,20,quality,2024-01-02 23:28:00,2024-01-03 13:13:00,E1169
HD-31700,J-2023-06385,10,material,2024-01-03 04:24:00,2024-01-09 10:00:00,E1172
HD-31701,J-2023-06285,20,quality,2024-01-03 04:38:00,2024-01-05 02:48:00,E1164
HD-31702,J-2024-00001,10,material,2024-01-03 06:26:00,2024-01-03 10:00:00,E1172
HD-31703,J-2023-06378,40,quality,2024-01-03 07:59:00,2024-01-04 01:39:00,E1164
HD-31704,J-2023-06154,40,quality,2024-01-03 09:43:00,2024-01-04 04:04:00,E1175
HD-31705,J-2023-06239,40,engineering,2024-01-03 10:16:00,2024-01-04 19:18:00,E1174
HD-31706,J-2023-06325,10,other,2024-01-03 21:13:00,2024-01-05 04:28:00,E1175
HD-31707,J-2024-00016,10,engineering,2024-01-04 06:20:00,2024-01-05 00:43:00,E1172
HD-31708,J-2024-00009,10,material,2024-01-04 06:20:00,2024-01-16 10:00:00,E1175
HD-31709,J-2024-00019,10,material,2024-01-04 06:22:00,2024-01-18 10:00:00,E1164
HD-31710,J-2023-06327,20,quality,2024-01-04 06:48:00,2024-01-04 14:33:00,E1174
HD-31711,J-2023-06454,40,engineering,2024-01-04 07:06:00,2024-01-05 12:33:00,E1172
HD-31712,J-2023-06267,30,engineering,2024-01-04 10:24:00,2024-01-05 20:45:00,E1174
HD-31713,J-2023-06119,50,other,2024-01-04 10:27:00,2024-01-04 20:25:00,E1174
HD-31714,J-2024-00010,20,other,2024-01-04 10:30:00,2024-01-08 23:39:00,E1172
HD-31715,J-2023-06325,10,quality,2024-01-05 04:28:00,2024-01-09 19:23:00,E1169
HD-31716,J-2024-00030,10,material,2024-01-05 06:04:00,2024-01-05 10:00:00,E1166
HD-31717,J-2024-00021,10,material,2024-01-05 06:06:00,2024-01-09 10:00:00,E1164
HD-31718,J-2024-00023,10,material,2024-01-05 06:17:00,2024-01-08 10:00:00,E1172
HD-31719,J-2023-06294,30,engineering,2024-01-05 16:16:00,2024-01-08 13:59:00,E1175
HD-31720,J-2024-00037,10,material,2024-01-08 06:00:00,2024-01-08 10:00:00,E1169
HD-31721,J-2024-00035,10,material,2024-01-08 06:02:00,2024-01-10 10:00:00,E1172
HD-31722,J-2024-00040,10,other,2024-01-08 06:11:00,2024-01-09 10:00:00,E1166
HD-31723,J-2023-06429,40,quality,2024-01-08 12:27:00,2024-01-09 05:47:00,E1172
HD-31724,J-2024-00044,20,tooling,2024-01-08 12:47:00,2024-01-09 01:18:00,E1175
HD-31725,J-2023-06365,20,quality,2024-01-08 16:59:00,2024-01-10 10:38:00,E1175
HD-31726,J-2024-00065,10,material,2024-01-09 06:01:00,2024-01-19 10:00:00,E1169
HD-31727,J-2024-00056,10,other,2024-01-09 06:02:00,2024-01-10 10:00:00,E1175
HD-31728,J-2024-00059,10,material,2024-01-09 06:04:00,2024-01-16 10:00:00,E1169
HD-31729,J-2024-00095,10,material,2024-01-09 06:12:00,2024-01-10 10:00:00,E1169
HD-31730,J-2024-00069,10,material,2024-01-09 06:12:00,2024-01-09 10:00:00,E1175
HD-31731,J-2024-00073,10,material,2024-01-09 06:22:00,2024-01-09 10:00:00,E1175
HD-31732,J-2023-06348,30,other,2024-01-09 10:17:00,2024-01-10 04:52:00,E1164
HD-31733,J-2023-06267,60,other,2024-01-09 10:20:00,2024-01-09 18:11:00,E1164
HD-31734,J-2024-00108,10,other,2024-01-10 06:29:00,2024-01-16 10:00:00,E1166
HD-31735,J-2023-06400,60,engineering,2024-01-10 09:55:00,2024-01-11 22:59:00,E1166
HD-31736,J-2023-06179,70,quality,2024-01-10 10:28:00,2024-01-12 09:45:00,E1166
HD-31737,J-2023-06365,20,quality,2024-01-10 10:38:00,2024-01-10 19:54:00,E1166
HD-31738,J-2024-00069,20,quality,2024-01-10 11:56:00,2024-01-11 16:57:00,E1164
HD-31739,J-2024-00109,30,engineering,2024-01-10 12:47:00,2024-01-12 06:46:00,E1174
HD-31740,J-2024-00111,20,engineering,2024-01-10 13:30:00,2024-01-11 16:28:00,E1174
HD-31741,J-2024-00042,20,engineering,2024-01-10 16:55:00,2024-01-11 17:22:00,E1175
HD-31742,J-2023-06325,40,quality,2024-01-10 19:52:00,2024-01-12 03:30:00,E1175
HD-31743,J-2024-00118,10,material,2024-01-11 06:27:00,2024-01-11 10:00:00,E1172
HD-31744,J-2024-00113,10,material,2024-01-11 06:28:00,2024-01-23 10:00:00,E1175
HD-31745,J-2023-06356,60,other,2024-01-11 09:46:00,2024-01-12 02:50:00,E1166
HD-31746,J-2024-00060,40,quality,2024-01-11 10:45:00,2024-01-12 01:22:00,E1166
HD-31747,J-2023-06314,40,customer,2024-01-11 13:12:00,2024-01-11 19:47:00,E1175
HD-31748,J-2023-06427,40,quality,2024-01-11 16:27:00,2024-01-12 20:43:00,E1175
HD-31749,J-2023-06449,30,tooling,2024-01-11 20:09:00,2024-01-12 07:32:00,E1169
HD-31750,J-2024-00060,40,quality,2024-01-12 01:22:00,2024-01-15 12:48:00,E1164
HD-31751,J-2024-00133,10,tooling,2024-01-12 06:01:00,2024-01-15 02:08:00,E1172
HD-31752,J-2024-00135,10,tooling,2024-01-12 06:14:00,2024-01-15 04:25:00,E1174
HD-31753,J-2024-00136,10,customer,2024-01-12 06:17:00,2024-01-16 10:00:00,E1174
HD-31754,J-2024-00145,10,other,2024-01-12 06:17:00,2024-01-12 10:00:00,E1174
HD-31755,J-2024-00138,10,material,2024-01-12 06:20:00,2024-01-22 10:00:00,E1166
HD-31756,J-2024-00071,30,other,2024-01-12 09:49:00,2024-01-12 16:48:00,E1172
HD-31757,J-2023-06296,40,quality,2024-01-12 09:58:00,2024-01-15 08:50:00,E1175
HD-31758,J-2023-06404,40,quality,2024-01-12 12:17:00,2024-01-15 06:39:00,E1164
HD-31759,J-2024-00123,30,engineering,2024-01-12 12:56:00,2024-01-15 12:55:00,E1174
HD-31760,J-2023-06299,30,other,2024-01-12 16:19:00,2024-01-15 11:29:00,E1175
HD-31761,J-2023-06305,40,quality,2024-01-12 22:51:00,2024-01-15 15:30:00,E1166
HD-31762,J-2024-00153,10,material,2024-01-15 06:06:00,2024-01-16 10:00:00,E1169
HD-31763,J-2024-00150,10,material,2024-01-15 06:26:00,2024-01-15 10:00:00,E1174
HD-31764,J-2024-00145,20,quality,2024-01-15 06:40:00,2024-01-16 00:17:00,E1172
HD-31765,J-2023-06244,40,customer,2024-01-15 07:05:00,2024-01-18 11:08:00,E1164
HD-31766,J-2024-00107,20,quality,2024-01-15 08:34:00,2024-01-15 22:05:00,E1164
HD-31767,J-2024-00039,40,customer,2024-01-15 10:08:00,2024-01-16 11:38:00,E1172
HD-31768,J-2024-00066,30,engineering,2024-01-15 10:15:00,2024-01-16 15:36:00,E1174
HD-31769,J-2023-06203,40,quality,2024-01-15 16:54:00,2024-01-16 09:30:00,E1169
HD-31770,J-2024-00212,10,material,2024-01-16 06:08:00,2024-01-18 10:00:00,E1175
HD-31771,J-2024-00222,10,other,2024-01-16 06:11:00,2024-01-16 16:24:00,E1175
HD-31772,J-2024-00214,10,material,2024-01-16 06:15:00,2024-01-17 10:00:00,E1174
HD-31773,J-2024-00219,10,material,2024-01-16 06:21:00,2024-01-16 10:00:00,E1164
HD-31774,J-2024-00194,10,material,2024-01-16 06:29:00,2024-01-18 10:00:00,E1169
HD-31775,J-2024-00084,30,engineering,2024-01-16 09:44:00,2024-01-17 17:36:00,E1175
HD-31776,J-2024-00100,10,quality,2024-01-16 11:30:00,2024-01-18 02:57:00,E1174
HD-31777,J-2024-00044,40,quality,2024-01-16 12:07:00,2024-01-16 21:58:00,E1169
HD-31778,J-2023-06348,50,customer,2024-01-16 12:43:00,2024-01-19 23:02:00,E1164
HD-31779,J-2024-00099,40,tooling,2024-01-16 16:16:00,2024-01-16 23:53:00,E1172
HD-31780,J-2023-06291,30,customer,2024-01-16 20:08:00,2024-01-18 10:53:00,E1175
HD-31781,J-2024-00205,20,engineering,2024-01-16 20:20:00,2024-01-18 06:09:00,E1164
HD-31782,J-2024-00229,10,material,2024-01-17 06:14:00,2024-01-17 10:00:00,E1172
HD-31783,J-2024-00224,10,engineering,2024-01-17 06:17:00,2024-01-17 10:00:00,E1164
HD-31784,J-2024-00247,10,other,2024-01-17 06:19:00,2024-01-17 14:48:00,E1175
HD-31785,J-2024-00186,50,engineering,2024-01-17 07:17:00,2024-01-17 22:03:00,E1174
HD-31786,J-2024-00097,20,quality,2024-01-17 08:56:00,2024-01-19 13:00:00,E1166
HD-31787,J-2024-00167,50,engineering,2024-01-17 10:24:00,2024-01-19 01:48:00,E1172
HD-31788,J-2024-00009,50,quality,2024-01-17 10:56:00,2024-01-18 00:08:00,E1164
HD-31789,J-2024-00190,40,customer,2024-01-17 13:14:00,2024-01-22 01:44:00,E1166
HD-31790,J-2023-06427,50,quality,2024-01-17 18:47:00,2024-01-22 09:03:00,E1164
HD-31791,J-2024-00009,50,quality,2024-01-18 00:08:00,2024-01-19 09:10:00,E1169
HD-31792,J-2024-00100,10,quality,2024-01-18 02:57:00,2024-01-19 08:51:00,E1166
HD-31793,J-2024-00270,10,engineering,2024-01-18 06:00:00,2024-01-18 10:00:00,E1175
HD-31794,J-2024-00264,10,material,2024-01-18 06:09:00,2024-01-18 10:00:00,E1164
HD-31795,J-2024-00263,10,material,2024-01-18 06:11:00,2024-01-18 10:00:00,E1169
HD-31796,J-2024-00109,50,quality,2024-01-18 06:17:00,2024-01-22 02:41:00,E1164
HD-31797,J-2024-00259,10,material,2024-01-18 06:19:00,2024-01-19 10:00:00,E1174
HD-31798,J-2024-00256,10,material,2024-01-18 06:24:00,2024-01-22 10:00:00,E1166
HD-31799,J-2024-00260,10,material,2024-01-18 06:29:00,2024-01-23 10:00:00,E1175
HD-31800,J-2024-00154,40,tooling,2024-01-18 10:04:00,2024-01-19 00:07:00,E1166
HD-31801,J-2024-00163,40,tooling,2024-01-18 12:52:00,2024-01-18 23:39:00,E1166
HD-31802,J-2024-00071,40,quality,2024-01-18 13:09:00,2024-01-19 19:05:00,E1164
HD-31803,J-2024-00211,20,other,2024-01-18 19:45:00,2024-01-19 13:28:00,E1174
HD-31804,J-2024-00057,40,engineering,2024-01-18 20:05:00,2024-01-22 08:08:00,E1174
HD-31805,J-2024-00019,20,quality,2024-01-18 20:28:00,2024-01-19 16:01:00,E1175
HD-31806,J-2024-00279,10,material,2024-01-19 06:03:00,2024-01-26 10:00:00,E1174
HD-31807,J-2024-00274,10,material,2024-01-19 06:23:00,2024-01-22 10:00:00,E1164
HD-31808,J-2024-00264,30,quality,2024-01-19 08:00:00,2024-01-22 05:25:00,E1172
HD-31809,J-2024-00182,30,tooling,2024-01-19 10:06:00,2024-01-19 17:57:00,E1166
HD-31810,J-2024-00109,50,quality,2024-01-22 02:41:00,2024-01-24 03:03:00,E1166
HD-31811,J-2024-00264,30,quality,2024-01-22 05:25:00,2024-01-22 11:26:00,E1172
HD-31812,J-2024-00303,10,material,2024-01-22 06:24:00,2024-02-02 10:00:00,E1175
HD-31813,J-2023-06427,60,tooling,2024-01-22 09:49:00,2024-01-23 04:24:00,E1164
HD-31814,J-2024-00229,40,other,2024-01-22 09:51:00,2024-01-23 06:35:00,E1174
HD-31815,J-2024-00053,40,quality,2024-01-22 09:54:00,2024-01-23 09:45:00,E1172
HD-31816,J-2023-06465,40,quality,2024-01-22 12:54:00,2024-01-23 18:48:00,E1166
HD-31817,J-2024-00338,10,quality,2024-01-23 06:04:00,2024-01-23 10:00:00,E1169
HD-31818,J-2024-00345,10,customer,2024-01-23 06:04:00,2024-01-24 23:41:00,E1174
HD-31819,J-2024-00337,10,material,2024-01-23 06:06:00,2024-01-24 10:00:00,E1164
HD-31820,J-2024-00343,10,material,2024-01-23 06:07:00,2024-01-24 10:00:00,E1175
HD-31821,J-2024-00308,10,other,2024-01-23 06:15:00,2024-01-23 10:00:00,E1164
HD-31822,J-2024-00310,10,material,2024-01-23 06:17:00,2024-02-05 10:00:00,E1172
HD-31823,J-2024-00341,10,customer,2024-01-23 06:22:00,2024-01-24 10:00:00,E1175
HD-31824,J-2024-00314,10,material,2024-01-23 06:23:00,2024-01-23 10:00:00,E1166
HD-31825,J-2024-00324,10,other,2024-01-23 06:27:00,2024-01-23 14:05:00,E1166
HD-31826,J-2024-00150,50,customer,2024-01-23 11:04:00,2024-01-25 03:04:00,E1164
HD-31827,J-2024-00326,40,quality,2024-01-23 19:56:00,2024-01-24 17:01:00,E1164
HD-31828,J-2024-00122,30,quality,2024-01-24 04:40:00,2024-01-24 16:19:00,E1175
HD-31829,J-2024-00350,10,material,2024-01-24 06:01:00,2024-02-05 10:00:00,E1172
HD-31830,J-2024-00359,10,material,2024-01-24 06:07:00,2024-01-25 10:00:00,E1174
HD-31831,J-2024-00351,10,engineering,2024-01-24 06:24:00,2024-01-25 07:36:00,E1172
HD-31832,J-2024-00367,10,material,2024-01-24 06:29:00,2024-01-24 10:00:00,E1166
HD-31833,J-2024-00028,60,engineering,2024-01-24 10:17:00,2024-01-26 03:54:00,E1175
HD-31834,J-2024-00312,40,quality,2024-01-24 13:10:00,2024-01-25 21:21:00,E1175
HD-31835,J-2024-00144,50,quality,2024-01-24 13:22:00,2024-01-25 21:30:00,E1169
HD-31836,J-2024-00261,40,quality,2024-01-24 13:35:00,2024-01-25 20:55:00,E1164
HD-31837,J-2024-00150,50,quality,2024-01-25 03:04:00,2024-01-25 16:50:00,E1164
HD-31838,J-2024-00367,30,engineering,2024-01-25 07:09:00,2024-01-26 08:42:00,E1164
HD-31839,J-2024-00251,40,engineering,2024-01-25 07:19:00,2024-01-26 14:23:00,E1174
HD-31840,J-2023-06212,40,quality,2024-01-25 07:25:00,2024-01-26 00:41:00,E1174
HD-31841,J-2024-00095,50,quality,2024-01-25 09:06:00,2024-01-26 17:04:00,E1174
HD-31842,J-2023-06471,40,quality,2024-01-25 10:27:00,2024-01-25 23:22:00,E1164
HD-31843,J-2024-00108,50,engineering,2024-01-25 16:43:00,2024-01-26 21:41:00,E1169
HD-31844,J-2024-00261,40,quality,2024-01-25 20:55:00,2024-01-26 03:30:00,E1169
HD-31845,J-2024-00144,50,quality,2024-01-25 21:30:00,2024-01-26 10:59:00,E1175
HD-31846,J-2024-00266,30,quality,2024-01-25 22:15:00,2024-01-30 19:19:00,E1164
HD-31847,J-2024-00380,40,quality,2024-01-26 07:20:00,2024-01-29 01:01:00,E1164
HD-31848,J-2024-00282,80,other,2024-01-26 10:20:00,2024-01-29 03:59:00,E1175
HD-31849,J-2024-00299,40,tooling,2024-01-26 16:24:00,2024-01-29 01:56:00,E1172
HD-31850,J-2024-00381,40,quality,2024-01-26 19:56:00,2024-01-29 21:50:00,E1164
HD-31851,J-2024-00417,10,material,2024-01-29 06:06:00,2024-01-29 10:00:00,E1174
HD-31852,J-2024-00420,10,material,2024-01-29 06:10:00,2024-01-29 10:00:00,E1164
HD-31853,J-2024-00409,10,material,2024-01-29 06:24:00,2024-01-29 10:00:00,E1164
HD-31854,J-2024-00411,10,quality,2024-01-29 06:31:00,2024-01-30 04:48:00,E1172
HD-31855,J-2024-00369,30,quality,2024-01-29 07:27:00,2024-01-30 22:25:00,E1164
HD-31856,J-2024-00308,40,engineering,2024-01-29 07:30:00,2024-01-31 00:20:00,E1164
HD-31857,J-2024-00214,30,quality,2024-01-29 22:49:00,2024-01-30 23:08:00,E1174
HD-31858,J-2024-00411,10,quality,2024-01-30 04:48:00,2024-01-31 16:11:00,E1172
HD-31859,J-2024-00445,10,material,2024-01-30 06:02:00,2024-02-06 10:00:00,E1175
HD-31860,J-2024-00431,10,material,2024-01-30 06:06:00,2024-02-01 10:00:00,E1166
HD-31861,J-2024-00457,10,material,2024-01-30 06:08:00,2024-01-30 10:00:00,E1172
HD-31862,J-2024-00429,10,material,2024-01-30 06:24:00,2024-02-01 10:00:00,E1164
HD-31863,J-2024-00433,10,material,2024-01-30 06:25:00,2024-02-01 10:00:00,E1175
HD-31864,J-2024-00440,10,material,2024-01-30 06:28:00,2024-01-30 10:00:00,E1166
HD-31865,J-2024-00465,10,customer,2024-01-30 06:28:00,2024-02-01 05:36:00,E1166
HD-31866,J-2024-00376,40,quality,2024-01-30 07:15:00,2024-02-01 23:28:00,E1164
HD-31867,J-2024-00479,10,material,2024-01-31 06:00:00,2024-01-31 10:00:00,E1174
HD-31868,J-2024-00475,10,material,2024-01-31 06:09:00,2024-01-31 10:00:00,E1169
HD-31869,J-2024-00470,10,material,2024-01-31 06:11:00,2024-02-01 10:00:00,E1166
HD-31870,J-2024-00365,40,quality,2024-01-31 10:11:00,2024-02-01 18:51:00,E1166
HD-31871,J-2024-00457,40,other,2024-01-31 12:42:00,2024-02-01 23:41:00,E1172
HD-31872,J-2024-00469,30,engineering,2024-01-31 13:14:00,2024-02-02 01:52:00,E1166
HD-31873,J-2024-00449,40,quality,2024-01-31 16:47:00,2024-02-01 22:32:00,E1174
HD-31874,J-2024-00497,10,material,2024-02-01 06:19:00,2024-02-02 10:00:00,E1175
HD-31875,J-2024-00443,40,quality,2024-02-01 08:05:00,2024-02-02 03:17:00,E1175
HD-31876,J-2024-00247,60,engineering,2024-02-01 13:17:00,2024-02-05 00:45:00,E1169
HD-31877,J-2024-00517,10,customer,2024-02-02 06:07:00,2024-02-07 23:21:00,E1169
HD-31878,J-2024-00518,10,material,2024-02-02 06:08:00,2024-02-05 10:00:00,E1164
HD-31879,J-2024-00475,50,quality,2024-02-02 10:19:00,2024-02-05 12:14:00,E1166
HD-31880,J-2024-00303,20,tooling,2024-02-02 13:07:00,2024-02-05 11:12:00,E1174
HD-31881,J-2024-00461,50,engineering,2024-02-02 13:27:00,2024-02-06 05:15:00,E1169
HD-31882,J-2024-00420,30,quality,2024-02-05 00:34:00,2024-02-06 14:28:00,E1172
HD-31883,J-2024-00524,10,material,2024-02-05 06:18:00,2024-02-05 10:00:00,E1164
HD-31884,J-2024-00529,10,tooling,2024-02-05 06:24:00,2024-02-06 00:30:00,E1164
HD-31885,J-2024-00503,40,quality,2024-02-05 09:56:00,2024-02-06 03:09:00,E1164
HD-31886,J-2024-00431,30,engineering,2024-02-05 10:11:00,2024-02-06 03:29:00,E1169
HD-31887,J-2024-00354,50,quality,2024-02-05 11:43:00,2024-02-06 22:46:00,E1169
HD-31888,J-2024-00475,50,quality,2024-02-05 12:14:00,2024-02-05 22:34:00,E1175
HD-31889,J-2024-00364,60,other,2024-02-05 16:33:00,2024-02-06 12:43:00,E1175
HD-31890,J-2024-00544,10,customer,2024-02-06 06:20:00,2024-02-07 15:03:00,E1169
HD-31891,J-2024-00579,10,material,2024-02-06 06:23:00,2024-02-15 10:00:00,E1172
HD-31892,J-2024-00516,50,quality,2024-02-06 07:24:00,2024-02-07 22:56:00,E1172
HD-31893,J-2024-00461,60,customer,2024-02-06 09:57:00,2024-02-07 21:20:00,E1166
HD-31894,J-2024-00496,40,quality,2024-02-06 13:19:00,2024-02-07 09:54:00,E1172
HD-31895,J-2024-00596,10,material,2024-02-07 06:04:00,2024-02-07 10:00:00,E1175
HD-31896,J-2024-00592,10,material,2024-02-07 06:30:00,2024-02-07 10:00:00,E1175
HD-31897,J-2024-00553,30,engineering,2024-02-07 06:48:00,2024-02-08 08:19:00,E1169
HD-31898,J-2024-00496,40,quality,2024-02-07 09:54:00,2024-02-08 02:04:00,E1174
HD-31899,J-2024-00392,60,customer,2024-02-07 09:55:00,2024-02-09 01:00:00,E1174
HD-31900,J-2024-00564,30,engineering,2024-02-07 10:17:00,2024-02-08 00:30:00,E1175
HD-31901,J-2024-00586,20,engineering,2024-02-07 10:21:00,2024-02-08 05:35:00,E1172
HD-31902,J-2024-00484,20,tooling,2024-02-07 13:03:00,2024-02-08 05:03:00,E1169
HD-31903,J-2024-00516,50,quality,2024-02-07 22:56:00,2024-02-08 04:09:00,E1164
HD-31904,J-2024-00610,10,material,2024-02-08 06:01:00,2024-02-13 10:00:00,E1166
HD-31905,J-2024-00616,10,material,2024-02-08 06:01:00,2024-02-09 10:00:00,E1164
HD-31906,J-2024-00600,10,material,2024-02-08 06:14:00,2024-02-12 10:00:00,E1175
HD-31907,J-2024-00605,10,tooling,2024-02-08 06:21:00,2024-02-09 04:05:00,E1175
HD-31908,J-2024-00601,10,material,2024-02-08 06:28:00,2024-02-08 10:00:00,E1172
HD-31909,J-2024-00569,40,quality,2024-02-08 06:54:00,2024-02-09 01:14:00,E1166
HD-31910,J-2024-00532,40,engineering,2024-02-08 07:05:00,2024-02-09 05:22:00,E1174
HD-31911,J-2024-00567,40,quality,2024-02-08 08:00:00,2024-02-09 23:32:00,E1164
HD-31912,J-2024-00581,20,engineering,2024-02-08 09:33:00,2024-02-09 07:34:00,E1172
HD-31913,J-2024-00572,40,quality,2024-02-08 10:10:00,2024-02-09 04:13:00,E1175
HD-31914,J-2024-00628,20,tooling,2024-02-09 07:04:00,2024-02-09 17:21:00,E1164
HD-31915,J-2024-00601,40,quality,2024-02-09 13:06:00,2024-02-12 19:14:00,E1169
HD-31916,J-2024-00624,30,tooling,2024-02-09 20:15:00,2024-02-15 08:38:00,E1175
HD-31917,J-2024-00640,10,material,2024-02-12 06:21:00,2024-02-12 10:00:00,E1172
HD-31918,J-2024-00422,40,quality,2024-02-12 10:02:00,2024-02-13 08:27:00,E1166
HD-31919,J-2024-00611,40,quality,2024-02-12 13:00:00,2024-02-14 10:11:00,E1174
HD-31920,J-2024-00598,50,quality,2024-02-13 04:31:00,2024-02-15 04:48:00,E1174
HD-31921,J-2024-00649,10,material,2024-02-13 06:00:00,2024-02-13 10:00:00,E1164
HD-31922,J-2024-00657,10,material,2024-02-13 06:11:00,2024-02-13 10:00:00,E1172
HD-31923,J-2024-00664,10,other,2024-02-13 06:15:00,2024-02-14 10:00:00,E1174
HD-31924,J-2024-00672,10,material,2024-02-13 06:19:00,2024-02-13 10:00:00,E1164
HD-31925,J-2024-00671,10,quality,2024-02-13 07:28:00,2024-02-13 23:17:00,E1175
HD-31926,J-2024-00422,40,quality,2024-02-13 08:27:00,2024-02-15 23:08:00,E1164
HD-31927,J-2024-00632,30,other,2024-02-13 09:44:00,2024-02-14 05:43:00,E1175
HD-31928,J-2024-00372,70,quality,2024-02-13 12:53:00,2024-02-13 22:52:00,E1169
HD-31929,J-2024-00628,50,engineering,2024-02-13 13:19:00,2024-02-15 00:45:00,E1172
HD-31930,J-2024-00671,10,quality,2024-02-13 23:17:00,2024-02-14 13:15:00,E1172
HD-31931,J-2024-00580,40,quality,2024-02-14 00:37:00,2024-02-16 18:26:00,E1166
HD-31932,J-2024-00701,10,material,2024-02-14 06:04:00,2024-02-14 10:00:00,E1175
HD-31933,J-2024-00680,10,customer,2024-02-14 06:30:00,2024-02-19 11:19:00,E1164
HD-31934,J-2024-00654,40,quality,2024-02-14 10:20:00,2024-02-15 07:38:00,E1169
HD-31935,J-2024-00459,20,other,2024-02-14 12:46:00,2024-02-15 02:17:00,E1174
HD-31936,J-2024-00691,30,tooling,2024-02-14 19:58:00,2024-02-16 05:23:00,E1175
HD-31937,J-2024-00721,10,material,2024-02-15 06:26:00,2024-02-15 10:00:00,E1174
HD-31938,J-2024-00716,10,material,2024-02-15 06:29:00,2024-02-19 10:00:00,E1175
HD-31939,J-2024-00686,40,other,2024-02-15 12:50:00,2024-02-16 09:44:00,E1164
HD-31940,J-2024-00666,30,quality,2024-02-16 06:03:00,2024-02-19 20:28:00,E1175
HD-31941,J-2024-00742,10,customer,2024-02-16 06:07:00,2024-02-21 10:00:00,E1166
HD-31942,J-2024-00735,10,material,2024-02-16 06:12:00,2024-02-20 10:00:00,E1175
HD-31943,J-2024-00745,10,engineering,2024-02-16 06:22:00,2024-02-16 10:00:00,E1174
HD-31944,J-2024-00579,40,engineering,2024-02-16 06:44:00,2024-02-19 02:30:00,E1166
HD-31945,J-2024-00422,50,engineering,2024-02-16 07:15:00,2024-02-19 14:45:00,E1166
HD-31946,J-2024-00741,20,tooling,2024-02-16 10:02:00,2024-02-19 05:04:00,E1166
HD-31947,J-2024-00721,30,tooling,2024-02-16 10:15:00,2024-02-16 21:43:00,E1174
HD-31948,J-2024-00729,50,quality,2024-02-16 11:07:00,2024-02-19 08:39:00,E1174
HD-31949,J-2024-00618,40,other,2024-02-16 13:06:00,2024-02-17 12:55:00,E1175
HD-31950,J-2024-00720,50,customer,2024-02-16 13:16:00,2024-02-19 20:30:00,E1169
HD-31951,J-2024-00633,40,quality,2024-02-16 16:36:00,2024-02-17 16:04:00,E1172
HD-31952,J-2024-00713,40,quality,2024-02-16 20:16:00,2024-02-17 16:24:00,E1166
HD-31953,J-2024-00618,40,quality,2024-02-17 12:55:00,2024-02-19 23:19:00,E1172
HD-31954,J-2024-00657,10,quality,2024-02-17 21:19:00,2024-02-20 17:47:00,E1174
HD-31955,J-2024-00695,10,quality,2024-02-19 00:37:00,2024-02-20 03:58:00,E1172
HD-31956,J-2024-00777,10,material,2024-02-19 06:10:00,2024-02-19 10:00:00,E1175
HD-31957,J-2024-00773,10,material,2024-02-19 06:20:00,2024-02-20 10:00:00,E1175
HD-31958,J-2024-00762,10,material,2024-02-19 06:28:00,2024-02-20 10:00:00,E1169
HD-31959,J-2024-00729,50,quality,2024-02-19 08:39:00,2024-02-21 03:57:00,E1175
HD-31960,J-2024-00673,50,quality,2024-02-19 09:13:00,2024-02-20 17:14:00,E1174
HD-31961,J-2024-00630,40,quality,2024-02-19 09:15:00,2024-02-20 22:58:00,E1174
HD-31962,J-2024-00743,40,other,2024-02-19 13:02:00,2024-02-19 22:23:00,E1166
HD-31963,J-2024-00780,40,quality,2024-02-19 16:35:00,2024-02-20 13:46:00,E1174
HD-31964,J-2024-00809,10,material,2024-02-20 06:01:00,2024-02-23 10:00:00,E1166
HD-31965,J-2024-00816,10,other,2024-02-20 06:08:00,2024-02-20 10:00:00,E1164
HD-31966,J-2024-00805,10,quality,2024-02-20 06:23:00,2024-02-29 10:00:00,E1172
HD-31967,J-2024-00748,50,customer,2024-02-20 09:43:00,2024-02-23 00:21:00,E1172
HD-31968,J-2024-00764,40,engineering,2024-02-20 09:59:00,2024-02-21 14:36:00,E1172
HD-31969,J-2024-00784,30,tooling,2024-02-20 13:29:00,2024-02-21 05:58:00,E1169
HD-31970,J-2024-00673,50,quality,2024-02-20 17:14:00,2024-02-21 03:52:00,E1174
HD-31971,J-2024-00630,40,quality,2024-02-20 22:58:00,2024-02-21 09:13:00,E1174
HD-31972,J-2024-00841,10,material,2024-02-21 06:04:00,2024-02-22 10:00:00,E1166
HD-31973,J-2024-00849,10,engineering,2024-02-21 06:10:00,2024-02-23 10:00:00,E1172
HD-31974,J-2024-00850,10,engineering,2024-02-21 06:27:00,2024-02-22 17:05:00,E1174
HD-31975,J-2024-00796,40,quality,2024-02-21 07:09:00,2024-02-22 19:51:00,E1174
HD-31976,J-2024-00765,40,quality,2024-02-21 07:16:00,2024-02-22 12:28:00,E1175
HD-31977,J-2024-00813,20,customer,2024-02-21 09:51:00,2024-02-26 13:43:00,E1175
HD-31978,J-2024-00684,50,customer,2024-02-21 16:15:00,2024-02-26 19:43:00,E1166
HD-31979,J-2024-00859,10,material,2024-02-22 06:28:00,2024-02-22 10:00:00,E1164
HD-31980,J-2024-00826,50,tooling,2024-02-22 16:35:00,2024-02-22 23:05:00,E1172
HD-31981,J-2024-00850,10,tooling,2024-02-22 17:05:00,2024-02-23 02:17:00,E1175
HD-31982,J-2024-00771,50,engineering,2024-02-22 19:46:00,2024-02-26 05:41:00,E1164
HD-31983,J-2024-00880,10,material,2024-02-23 06:07:00,2024-02-23 10:00:00,E1169
HD-31984,J-2024-00876,10,material,2024-02-23 06:15:00,2024-02-23 10:00:00,E1166
HD-31985,J-2024-00888,10,material,2024-02-23 06:18:00,2024-02-27 10:00:00,E1169
HD-31986,J-2024-00874,10,material,2024-02-23 06:29:00,2024-02-23 10:00:00,E1166
HD-31987,J-2024-00856,30,engineering,2024-02-23 09:49:00,2024-02-23 22:40:00,E1174
HD-31988,J-2024-00869,40,engineering,2024-02-23 13:23:00,2024-02-26 17:26:00,E1174
HD-31989,J-2024-00903,10,material,2024-02-26 06:21:00,2024-02-26 10:00:00,E1174
HD-31990,J-2024-00911,10,material,2024-02-26 06:25:00,2024-03-08 10:00:00,E1172
HD-31991,J-2024-00894,10,other,2024-02-26 06:27:00,2024-02-27 04:36:00,E1174
HD-31992,J-2024-00859,40,quality,2024-02-26 07:05:00,2024-02-27 21:39:00,E1169
HD-31993,J-2024-00867,40,other,2024-02-26 09:43:00,2024-02-26 21:27:00,E1166
HD-31994,J-2024-00733,30,other,2024-02-26 12:43:00,2024-02-26 23:46:00,E1174
HD-31995,J-2024-00773,40,quality,2024-02-26 13:23:00,2024-02-27 19:23:00,E1164
HD-31996,J-2024-00881,40,tooling,2024-02-26 20:04:00,2024-02-27 14:32:00,E1172
HD-31997,J-2024-00963,10,engineering,2024-02-27 06:20:00,2024-02-27 19:24:00,E1175
HD-31998,J-2024-00964,10,material,2024-02-27 06:22:00,2024-02-27 10:00:00,E1166
HD-31999,J-2024-00944,10,material,2024-02-27 06:23:00,2024-02-27 10:00:00,E1175
HD-32000,J-2024-00890,20,quality,2024-02-27 06:24:00,2024-02-28 12:32:00,E1164
HD-32001,J-2024-00954,10,material,2024-02-27 06:25:00,2024-02-28 10:00:00,E1164
HD-32002,J-2024-00950,10,material,2024-02-27 06:27:00,2024-02-27 10:00:00,E1174
HD-32003,J-2024-00813,30,engineering,2024-02-27 06:51:00,2024-02-28 17:04:00,E1172
HD-32004,J-2024-00886,60,engineering,2024-02-27 13:27:00,2024-02-28 20:35:00,E1169
HD-32005,J-2024-00926,30,quality,2024-02-27 13:34:00,2024-02-29 04:02:00,E1172
HD-32006,J-2024-00841,40,other,2024-02-27 16:13:00,2024-02-28 11:46:00,E1166
HD-32007,J-2024-00894,30,customer,2024-02-27 16:14:00,2024-03-01 17:27:00,E1175
HD-32008,J-2024-00961,40,quality,2024-02-27 16:54:00,2024-02-28 21:19:00,E1169
HD-32009,J-2024-00976,10,material,2024-02-28 06:27:00,2024-02-28 10:00:00,E1175
HD-32010,J-2024-00893,30,quality,2024-02-28 10:57:00,2024-03-01 10:25:00,E1174
HD-32011,J-2024-00897,50,quality,2024-02-28 11:34:00,2024-03-01 06:34:00,E1169
HD-32012,J-2024-00967,20,quality,2024-02-28 13:08:00,2024-03-01 00:38:00,E1166
HD-32013,J-2024-00986,10,engineering,2024-02-29 06:07:00,2024-03-01 21:32:00,E1164
HD-32014,J-2024-00984,10,material,2024-02-29 06:20:00,2024-02-29 10:00:00,E1172
HD-32015,J-2024-01006,10,engineering,2024-02-29 06:21:00,2024-02-29 10:00:00,E1172
HD-32016,J-2024-01000,10,engineering,2024-02-29 06:22:00,2024-03-01 01:06:00,E1172
HD-32017,J-2024-00991,10,material,2024-02-29 06:28:00,2024-02-29 10:00:00,E1172
HD-32018,J-2024-00929,20,tooling,2024-02-29 08:18:00,2024-03-01 07:12:00,E1169
HD-32019,J-2024-00967,20,quality,2024-03-01 00:38:00,2024-03-01 14:42:00,E1174
HD-32020,J-2024-01011,10,material,2024-03-01 06:02:00,2024-03-01 10:00:00,E1166
HD-32021,J-2024-01015,10,material,2024-03-01 06:03:00,2024-03-04 10:00:00,E1166
HD-32022,J-2024-00921,40,quality,2024-03-01 06:10:00,2024-03-04 23:04:00,E1175
HD-32023,J-2024-01008,10,material,2024-03-01 06:18:00,2024-03-12 10:00:00,E1174
HD-32024,J-2024-01036,10,material,2024-03-01 06:23:00,2024-03-01 10:00:00,E1166
HD-32025,J-2024-00897,50,quality,2024-03-01 06:34:00,2024-03-04 08:52:00,E1172
HD-32026,J-2024-00903,30,other,2024-03-01 09:26:00,2024-03-04 05:06:00,E1175
HD-32027,J-2024-01038,20,tooling,2024-03-01 09:51:00,2024-03-04 06:28:00,E1164
HD-32028,J-2024-00893,30,other,2024-03-01 10:25:00,2024-03-04 21:40:00,E1169
HD-32029,J-2024-00999,40,quality,2024-03-01 13:18:00,2024-03-02 04:27:00,E1175
HD-32030,J-2024-01043,10,material,2024-03-04 06:03:00,2024-03-04 10:00:00,E1164
HD-32031,J-2024-01053,10,material,2024-03-04 06:07:00,2024-03-05 10:00:00,E1174
HD-32032,J-2024-01046,10,material,2024-03-04 06:22:00,2024-03-05 10:00:00,E1174
HD-32033,J-2024-01041,10,material,2024-03-04 06:27:00,2024-03-05 10:00:00,E1174
HD-32034,J-2024-01026,40,engineering,2024-03-04 06:56:00,2024-03-05 05:37:00,E1172
HD-32035,J-2024-00921,40,quality,2024-03-04 23:04:00,2024-03-06 07:12:00,E1172
HD-32036,J-2024-01092,10,material,2024-03-05 06:02:00,2024-03-05 10:00:00,E1172
HD-32037,J-2024-01086,10,material,2024-03-05 06:08:00,2024-03-11 10:00:00,E1166
HD-32038,J-2024-01091,10,material,2024-03-05 06:14:00,2024-03-19 10:00:00,E1164
HD-32039,J-2024-01063,10,material,2024-03-05 06:15:00,2024-03-05 10:00:00,E1172
HD-32040,J-2024-01096,10,material,2024-03-05 06:16:00,2024-03-06 10:00:00,E1174
HD-32041,J-2024-01062,10,other,2024-03-05 06:29:00,2024-03-07 10:00:00,E1172
HD-32042,J-2024-00950,70,tooling,2024-03-05 13:09:00,2024-03-06 03:18:00,E1174
HD-32043,J-2024-01056,30,quality,2024-03-05 15:18:00,2024-03-06 04:38:00,E1175
HD-32044,J-2024-00905,20,other,2024-03-05 20:22:00,2024-03-06 15:27:00,E1174
HD-32045,J-2024-01016,10,quality,2024-03-05 21:40:00,2024-03-06 17:42:00,E1172
HD-32046,J-2024-01056,30,quality,2024-03-06 04:38:00,2024-03-08 13:03:00,E1164
HD-32047,J-2024-01109,10,material,2024-03-06 06:02:00,2024-03-06 10:00:00,E1166
HD-32048,J-2024-01112,10,customer,2024-03-06 06:03:00,2024-03-11 10:00:00,E1166
HD-32049,J-2024-01110,10,material,2024-03-06 06:22:00,2024-03-11 10:00:00,E1172
HD-32050,J-2024-01124,10,material,2024-03-06 06:29:00,2024-03-06 10:00:00,E1164
HD-32051,J-2024-01046,30,tooling,2024-03-06 09:43:00,2024-03-07 04:15:00,E1174
HD-32052,J-2024-01099,30,engineering,2024-03-06 09:43:00,2024-03-07 12:47:00,E1175
HD-32053,J-2024-00689,100,other,2024-03-06 10:01:00,2024-03-07 01:22:00,E1172
HD-32054,J-2024-01013,40,quality,2024-03-06 10:19:00,2024-03-07 01:36:00,E1164
HD-32055,J-2024-01107,30,quality,2024-03-06 12:51:00,2024-03-07 07:32:00,E1169
HD-32056,J-2024-01147,10,engineering,2024-03-07 06:01:00,2024-03-08 04:21:00,E1172
HD-32057,J-2024-01115,40,quality,2024-03-07 08:49:00,2024-03-08 20:53:00,E1175
HD-32058,J-2024-01096,30,quality,2024-03-07 10:24:00,2024-03-08 15:11:00,E1169
HD-32059,J-2024-01125,10,quality,2024-03-07 10:57:00,2024-03-07 23:53:00,E1174
HD-32060,J-2024-01032,50,quality,2024-03-07 13:25:00,2024-03-11 01:11:00,E1174
HD-32061,J-2024-01141,40,customer,2024-03-07 16:17:00,2024-03-13 05:17:00,E1174
HD-32062,J-2024-01125,10,quality,2024-03-07 23:53:00,2024-03-08 17:20:00,E1175
HD-32063,J-2024-01165,10,material,2024-03-08 06:05:00,2024-03-08 10:00:00,E1174
HD-32064,J-2024-01130,40,quality,2024-03-08 06:32:00,2024-03-12 01:50:00,E1166
HD-32065,J-2024-01122,30,other,2024-03-08 07:23:00,2024-03-11 06:41:00,E1164
HD-32066,J-2024-01073,30,quality,2024-03-08 09:36:00,2024-03-12 00:16:00,E1174
HD-32067,J-2024-01103,40,quality,2024-03-08 09:51:00,2024-03-11 05:37:00,E1175
HD-32068,J-2024-01070,30,engineering,2024-03-08 13:28:00,2024-03-14 06:49:00,E1166
HD-32069,J-2024-01115,40,quality,2024-03-08 20:53:00,2024-03-12 22:58:00,E1174
HD-32070,J-2024-01032,50,quality,2024-03-11 01:11:00,2024-03-11 13:35:00,E1174
HD-32071,J-2024-01103,40,quality,2024-03-11 05:37:00,2024-03-13 20:20:00,E1166
HD-32072,J-2024-01168,10,other,2024-03-11 06:22:00,2024-03-11 15:06:00,E1166
HD-32073,J-2024-01175,10,material,2024-03-11 06:23:00,2024-03-11 10:00:00,E1172
HD-32074,J-2024-01122,30,material,2024-03-11 06:41:00,2024-03-13 14:27:00,E1169
HD-32075,J-2024-01041,40,quality,2024-03-11 13:17:00,2024-03-12 08:11:00,E1166
HD-32076,J-2024-01022,50,other,2024-03-11 13:29:00,2024-03-12 05:45:00,E1164
HD-32077,J-2024-01175,20,engineering,2024-03-11 16:32:00,2024-03-12 08:10:00,E1166
HD-32078,J-2024-01073,30,quality,2024-03-12 00:16:00,2024-03-14 21:09:00,E1175
HD-32079,J-2024-01130,40,quality,2024-03-12 01:50:00,2024-03-12 07:42:00,E1164
HD-32080,J-2024-01250,10,material,2024-03-12 06:01:00,2024-03-13 10:00:00,E1164
HD-32081,J-2024-01149,30,quality,2024-03-12 09:50:00,2024-03-14 06:55:00,E1172
HD-32082,J-2024-01135,70,tooling,2024-03-12 10:26:00,2024-03-13 04:30:00,E1166
HD-32083,J-2024-01175,40,customer,2024-03-12 13:18:00,2024-03-18 09:53:00,E1172
HD-32084,J-2024-01248,20,other,2024-03-12 20:08:00,2024-03-13 13:32:00,E1166
HD-32085,J-2024-01278,10,material,2024-03-13 06:02:00,2024-03-14 10:00:00,E1169
HD-32086,J-2024-01272,10,material,2024-03-13 06:05:00,2024-03-13 10:00:00,E1166
HD-32087,J-2024-01280,10,quality,2024-03-13 06:11:00,2024-03-21 10:00:00,E1174
HD-32088,J-2024-01270,10,material,2024-03-13 06:14:00,2024-03-15 10:00:00,E1166
HD-32089,J-2024-01263,10,material,2024-03-13 06:16:00,2024-03-13 10:00:00,E1166
HD-32090,J-2024-01199,20,quality,2024-03-13 10:27:00,2024-03-15 08:13:00,E1166
HD-32091,J-2024-01165,40,quality,2024-03-13 12:46:00,2024-03-14 02:15:00,E1175
HD-32092,J-2024-01266,20,quality,2024-03-13 13:02:00,2024-03-14 21:06:00,E1169
HD-32093,J-2024-01272,20,tooling,2024-03-13 13:16:00,2024-03-14 03:14:00,E1172
HD-32094,J-2024-01208,30,engineering,2024-03-13 16:45:00,2024-03-14 14:13:00,E1172
HD-32095,J-2024-00947,40,other,2024-03-13 20:01:00,2024-03-14 12:07:00,E1172
HD-32096,J-2024-01291,10,material,2024-03-14 06:16:00,2024-03-19 10:00:00,E1164
HD-32097,J-2024-01283,10,material,2024-03-14 06:24:00,2024-03-15 10:00:00,E1174
HD-32098,J-2024-01272,20,quality,2024-03-14 06:25:00,2024-03-15 05:58:00,E1175
HD-32099,J-2024-01210,40,customer,2024-03-14 06:42:00,2024-03-15 17:59:00,E1166
HD-32100,J-2024-01080,30,quality,2024-03-14 06:57:00,2024-03-15 11:22:00,E1166
HD-32101,J-2024-01268,10,quality,2024-03-14 08:47:00,2024-03-15 03:14:00,E1175
HD-32102,J-2024-01263,40,quality,2024-03-14 12:58:00,2024-03-15 07:28:00,E1174
HD-32103,J-2024-01113,30,customer,2024-03-14 16:47:00,2024-03-18 02:00:00,E1164
HD-32104,J-2024-01306,10,material,2024-03-15 06:23:00,2024-03-18 10:00:00,E1174
HD-32105,J-2024-01301,10,material,2024-03-15 06:28:00,2024-03-26 10:00:00,E1169
HD-32106,J-2024-01227,40,quality,2024-03-15 07:07:00,2024-03-15 23:41:00,E1172
HD-32107,J-2024-01199,20,quality,2024-03-15 08:13:00,2024-03-20 05:20:00,E1172
HD-32108,J-2024-01266,30,engineering,2024-03-15 10:07:00,2024-03-18 16:33:00,E1166
HD-32109,J-2024-01073,50,engineering,2024-03-15 13:06:00,2024-03-19 06:35:00,E1169
HD-32110,J-2024-01229,70,engineering,2024-03-15 13:15:00,2024-03-19 07:16:00,E1175
HD-32111,J-2024-01277,40,quality,2024-03-15 17:22:00,2024-03-20 12:53:00,E1166
HD-32112,J-2024-01210,40,quality,2024-03-15 17:59:00,2024-03-19 07:46:00,E1172
HD-32113,J-2024-01295,40,quality,2024-03-15 20:09:00,2024-03-18 22:26:00,E1174
HD-32114,J-2024-01220,40,quality,2024-03-18 03:44:00,2024-03-21 00:39:00,E1166
HD-32115,J-2024-01330,10,customer,2024-03-18 06:01:00,2024-03-18 10:00:00,E1166
HD-32116,J-2024-01302,40,quality,2024-03-18 08:38:00,2024-03-19 00:30:00,E1169
HD-32117,J-2024-01263,50,quality,2024-03-18 09:25:00,2024-03-19 21:36:00,E1175
HD-32118,J-2024-01215,20,engineering,2024-03-18 10:18:00,2024-03-19 07:21:00,E1172
HD-32119,J-2024-01317,40,customer,2024-03-18 16:33:00,2024-03-20 13:09:00,E1175
HD-32120,J-2024-01264,80,tooling,2024-03-18 16:34:00,2024-03-19 09:39:00,E1169
HD-32121,J-2024-01347,10,material,2024-03-19 06:04:00,2024-03-19 10:00:00,E1172
HD-32122,J-2024-01366,10,customer,2024-03-19 06:05:00,2024-03-22 18:26:00,E1174
HD-32123,J-2024-01365,10,material,2024-03-19 06:08:00,2024-03-19 10:00:00,E1169
HD-32124,J-2024-01356,10,material,2024-03-19 06:17:00,2024-03-22 10:00:00,E1175
HD-32125,J-2024-01362,10,customer,2024-03-19 06:23:00,2024-03-20 19:14:00,E1175
HD-32126,J-2024-01328,20,engineering,2024-03-19 07:21:00,2024-03-20 09:56:00,E1174
HD-32127,J-2024-01295,50,quality,2024-03-19 12:42:00,2024-03-21 01:04:00,E1174
HD-32128,J-2024-01342,30,customer,2024-03-19 12:57:00,2024-03-22 05:48:00,E1166
HD-32129,J-2024-01180,40,other,2024-03-19 13:18:00,2024-03-19 21:15:00,E1174
HD-32130,J-2024-01182,40,tooling,2024-03-19 13:28:00,2024-03-20 04:40:00,E1166
HD-32131,J-2024-01338,10,customer,2024-03-19 13:53:00,2024-03-21 09:22:00,E1166
HD-32132,J-2024-01387,10,other,2024-03-20 06:02:00,2024-03-20 15:18:00,E1172
HD-32133,J-2024-01397,10,material,2024-03-20 06:03:00,2024-03-29 10:00:00,E1164
HD-32134,J-2024-01400,10,material,2024-03-20 06:05:00,2024-03-21 10:00:00,E1169
HD-32135,J-2024-01113,70,engineering,2024-03-20 07:20:00,2024-03-21 16:54:00,E1174
HD-32136,J-2024-01307,50,quality,2024-03-20 09:20:00,2024-03-20 15:25:00,E1175
HD-32137,J-2024-01295,50,quality,2024-03-21 01:04:00,2024-03-22 12:45:00,E1166
HD-32138,J-2024-01382,40,quality,2024-03-21 06:45:00,2024-03-22 12:41:00,E1164
HD-32139,J-2024-01347,40,tooling,2024-03-21 07:03:00,2024-03-25 02:39:00,E1169
HD-32140,J-2024-01365,40,engineering,2024-03-21 07:54:00,2024-03-22 21:57:00,E1169
HD-32141,J-2024-01338,10,quality,2024-03-21 09:22:00,2024-03-22 13:25:00,E1172
HD-32142,J-2024-01395,40,other,2024-03-21 12:44:00,2024-03-21 22:24:00,E1175
HD-32143,J-2024-01387,40,material,2024-03-21 16:27:00,2024-03-22 12:21:00,E1175
HD-32144,J-2024-01434,10,material,2024-03-22 06:02:00,2024-03-28 10:00:00,E1172
HD-32145,J-2024-01436,10,material,2024-03-22 06:12:00,2024-03-25 10:00:00,E1172
HD-32146,J-2024-01425,30,quality,2024-03-22 11:38:00,2024-03-25 18:00:00,E1169
HD-32147,J-2024-01356,10,quality,2024-03-22 12:31:00,2024-03-26 09:03:00,E1175
HD-32148,J-2024-01410,40,customer,2024-03-22 13:08:00,2024-03-25 15:25:00,E1172
HD-32149,J-2024-01055,80,engineering,2024-03-22 13:23:00,2024-03-25 21:14:00,E1166
HD-32150,J-2024-01365,40,other,2024-03-22 21:57:00,2024-03-25 14:15:00,E1166
HD-32151,J-2024-01448,10,material,2024-03-25 06:09:00,2024-03-28 10:00:00,E1175
HD-32152,J-2024-01440,10,material,2024-03-25 06:15:00,2024-03-25 10:00:00,E1166
HD-32153,J-2024-01457,10,material,2024-03-25 06:17:00,2024-03-27 10:00:00,E1164
HD-32154,J-2024-01316,40,other,2024-03-25 07:15:00,2024-03-25 17:47:00,E1174
HD-32155,J-2024-01258,40,quality,2024-03-25 12:24:00,2024-03-25 19:30:00,E1175
HD-32156,J-2024-01425,30,quality,2024-03-25 18:00:00,2024-03-28 17:41:00,E1175
HD-32157,J-2024-01476,10,other,2024-03-26 06:13:00,2024-03-28 10:00:00,E1175
HD-32158,J-2024-01474,10,material,2024-03-26 06:17:00,2024-04-09 10:00:00,E1172
HD-32159,J-2024-01469,10,material,2024-03-26 06:20:00,2024-03-26 10:00:00,E1172
HD-32160,J-2024-01365,60,customer,2024-03-26 09:49:00,2024-03-27 20:10:00,E1174
HD-32161,J-2024-01472,20,other,2024-03-26 10:00:00,2024-03-26 16:51:00,E1175
HD-32162,J-2024-01184,40,quality,2024-03-26 13:04:00,2024-03-27 19:32:00,E1174
HD-32163,J-2024-01467,20,customer,2024-03-26 19:48:00,2024-03-28 18:01:00,E1166
HD-32164,J-2024-01533,10,material,2024-03-27 06:02:00,2024-04-08 10:00:00,E1174
HD-32165,J-2024-01534,10,material,2024-03-27 06:08:00,2024-04-01 10:00:00,E1166
HD-32166,J-2024-01526,10,engineering,2024-03-27 06:14:00,2024-03-28 02:02:00,E1172
HD-32167,J-2024-01538,10,customer,2024-03-27 06:25:00,2024-03-28 16:38:00,E1172
HD-32168,J-2024-01491,30,customer,2024-03-27 09:48:00,2024-03-28 01:36:00,E1172
HD-32169,J-2024-01479,40,engineering,2024-03-27 10:07:00,2024-03-29 02:22:00,E1166
HD-32170,J-2024-01508,40,other,2024-03-27 13:02:00,2024-03-28 09:56:00,E1175
HD-32171,J-2024-01489,30,quality,2024-03-27 16:41:00,2024-03-29 01:11:00,E1169
HD-32172,J-2024-01335,50,customer,2024-03-27 16:42:00,2024-04-01 01:22:00,E1166
HD-32173,J-2024-01458,30,other,2024-03-27 20:43:00,2024-04-01 03:45:00,E1169
HD-32174,J-2024-01526,10,material,2024-03-28 02:02:00,2024-04-05 10:00:00,E1169
HD-32175,J-2024-01555,10,material,2024-03-28 06:05:00,2024-04-11 10:00:00,E1166
HD-32176,J-2024-01497,40,customer,2024-03-28 07:15:00,2024-03-29 20:07:00,E1175
HD-32177,J-2024-01291,50,engineering,2024-03-28 13:24:00,2024-04-01 12:51:00,E1164
HD-32178,J-2024-01527,30,other,2024-03-28 16:23:00,2024-03-29 21:39:00,E1175
HD-32179,J-2024-01529,30,engineering,2024-03-28 16:42:00,2024-03-29 19:45:00,E1166
HD-32180,J-2024-01521,40,customer,2024-03-28 16:47:00,2024-03-29 22:18:00,E1166
HD-32181,J-2024-01301,50,material,2024-03-28 16:52:00,2024-03-29 14:44:00,E1172
HD-32182,J-2024-01568,10,engineering,2024-03-29 06:16:00,2024-04-01 04:57:00,E1166
HD-32183,J-2024-01588,10,material,2024-03-29 06:23:00,2024-03-29 10:00:00,E1174
HD-32184,J-2024-01470,40,quality,2024-03-29 06:56:00,2024-04-01 02:17:00,E1166
HD-32185,J-2024-01476,30,quality,2024-03-29 09:58:00,2024-04-01 08:41:00,E1175
HD-32186,J-2024-01553,30,other,2024-03-29 10:09:00,2024-03-29 22:14:00,E1174
HD-32187,J-2024-01598,10,other,2024-04-01 06:02:00,2024-04-02 00:44:00,E1164
HD-32188,J-2024-01606,10,tooling,2024-04-01 06:04:00,2024-04-02 02:46:00,E1169
HD-32189,J-2024-01593,10,material,2024-04-01 06:16:00,2024-04-01 10:00:00,E1164
HD-32190,J-2024-01551,40,quality,2024-04-01 09:24:00,2024-04-02 05:28:00,E1174
HD-32191,J-2024-01553,40,quality,2024-04-01 19:50:00,2024-04-02 08:57:00,E1172
HD-32192,J-2024-01551,40,material,2024-04-02 05:28:00,2024-04-02 20:37:00,E1175
HD-32193,J-2024-01638,10,material,2024-04-02 06:00:00,2024-04-11 10:00:00,E1164
HD-32194,J-2024-01613,10,material,2024-04-02 06:05:00,2024-04-02 10:00:00,E1172
HD-32195,J-2024-01619,10,material,2024-04-02 06:12:00,2024-04-02 10:00:00,E1164
HD-32196,J-2024-01529,40,tooling,2024-04-02 07:07:00,2024-04-02 17:10:00,E1172
HD-32197,J-2024-01593,40,quality,2024-04-02 07:08:00,2024-04-03 14:50:00,E1166
HD-32198,J-2024-01534,20,other,2024-04-02 10:01:00,2024-04-03 05:28:00,E1164
HD-32199,J-2024-01611,20,quality,2024-04-02 13:01:00,2024-04-04 18:23:00,E1164
HD-32200,J-2024-01634,30,other,2024-04-02 13:21:00,2024-04-03 12:55:00,E1169
HD-32201,J-2024-01620,40,tooling,2024-04-02 20:23:00,2024-04-03 07:10:00,E1169
HD-32202,J-2024-01651,10,material,2024-04-03 06:14:00,2024-04-03 10:00:00,E1169
HD-32203,J-2024-01659,10,material,2024-04-03 06:28:00,2024-04-05 10:00:00,E1166
HD-32204,J-2024-01421,30,quality,2024-04-03 06:43:00,2024-04-04 15:34:00,E1169
HD-32205,J-2024-01577,40,quality,2024-04-03 07:26:00,2024-04-04 19:00:00,E1169
HD-32206,J-2024-01370,70,customer,2024-04-03 10:17:00,2024-04-08 02:34:00,E1174
HD-32207,J-2024-01527,40,quality,2024-04-03 10:34:00,2024-04-04 19:43:00,E1175
HD-32208,J-2024-01625,60,quality,2024-04-03 13:08:00,2024-04-04 17:39:00,E1166
HD-32209,J-2024-01493,10,quality,2024-04-04 06:19:00,2024-04-04 21:21:00,E1164
HD-32210,J-2024-01607,30,quality,2024-04-04 11:07:00,2024-04-09 08:14:00,E1172
HD-32211,J-2024-01648,60,other,2024-04-04 13:23:00,2024-04-05 05:13:00,E1175
HD-32212,J-2024-01652,40,customer,2024-04-04 16:23:00,2024-04-05 12:54:00,E1166
HD-32213,J-2024-01625,60,quality,2024-04-04 17:39:00,2024-04-04 23:08:00,E1174
HD-32214,J-2024-01527,40,quality,2024-04-04 19:43:00,2024-04-05 04:04:00,E1175
HD-32215,J-2024-01493,10,quality,2024-04-04 21:21:00,2024-04-08 13:27:00,E1172
HD-32216,J-2024-01682,10,material,2024-04-05 06:09:00,2024-04-18 10:00:00,E1172
HD-32217,J-2024-01697,10,material,2024-04-05 06:22:00,2024-04-05 10:00:00,E1164
HD-32218,J-2024-01693,10,material,2024-04-05 06:23:00,2024-04-09 10:00:00,E1172
HD-32219,J-2024-01565,20,engineering,2024-04-05 13:18:00,2024-04-08 19:42:00,E1172
HD-32220,J-2024-01659,10,quality,2024-04-05 17:57:00,2024-04-09 12:36:00,E1175
HD-32221,J-2024-01721,10,material,2024-04-08 06:02:00,2024-04-08 10:00:00,E1175
HD-32222,J-2024-01705,10,material,2024-04-08 06:09:00,2024-04-09 10:00:00,E1169
HD-32223,J-2024-01709,10,material,2024-04-08 06:12:00,2024-04-09 10:00:00,E1166
HD-32224,J-2024-01539,30,quality,2024-04-08 07:00:00,2024-04-08 14:37:00,E1175
HD-32225,J-2024-01684,40,quality,2024-04-08 12:52:00,2024-04-09 14:00:00,E1175
HD-32226,J-2024-01752,10,tooling,2024-04-09 06:04:00,2024-04-09 17:10:00,E1172
HD-32227,J-2024-01746,10,material,2024-04-09 06:09:00,2024-04-10 10:00:00,E1166
HD-32228,J-2024-01723,10,engineering,2024-04-09 06:26:00,2024-04-10 06:26:00,E1166
HD-32229,J-2024-01729,10,material,2024-04-09 06:27:00,2024-04-18 10:00:00,E1166
HD-32230,J-2024-01734,10,material,2024-04-09 06:27:00,2024-04-10 10:00:00,E1175
HD-32231,J-2024-01748,20,engineering,2024-04-09 10:04:00,2024-04-11 06:50:00,E1169
HD-32232,J-2024-01493,40,tooling,2024-04-09 12:53:00,2024-04-09 23:04:00,E1164
HD-32233,J-2024-01709,20,other,2024-04-09 16:41:00,2024-04-10 08:38:00,E1166
HD-32234,J-2024-01598,40,quality,2024-04-09 16:59:00,2024-04-11 03:52:00,E1169
HD-32235,J-2024-01759,40,quality,2024-04-10 06:20:00,2024-04-11 02:34:00,E1169
HD-32236,J-2024-01778,10,material,2024-04-10 06:24:00,2024-04-10 10:00:00,E1174
HD-32237,J-2024-01772,10,material,2024-04-10 06:24:00,2024-04-15 10:00:00,E1164
HD-32238,J-2024-01776,10,engineering,2024-04-10 06:27:00,2024-04-10 10:00:00,E1169
HD-32239,J-2024-01716,40,quality,2024-04-10 09:00:00,2024-04-11 03:32:00,E1172
HD-32240,J-2024-01757,40,quality,2024-04-10 12:48:00,2024-04-11 19:03:00,E1166
HD-32241,J-2024-01571,20,material,2024-04-10 13:26:00,2024-04-11 05:21:00,E1174
HD-32242,J-2024-01732,40,quality,2024-04-10 16:13:00,2024-04-11 08:06:00,E1175
HD-32243,J-2024-01693,40,quality,2024-04-10 16:41:00,2024-04-11 20:31:00,E1172
HD-32244,J-2024-01720,40,engineering,2024-04-10 16:50:00,2024-04-11 16:21:00,E1175
HD-32245,J-2024-01784,10,material,2024-04-11 06:01:00,2024-04-11 10:00:00,E1172
HD-32246,J-2024-01789,10,tooling,2024-04-11 06:07:00,2024-04-11 16:12:00,E1164
HD-32247,J-2024-01781,10,material,2024-04-11 06:07:00,2024-04-11 10:00:00,E1166
HD-32248,J-2024-01708,40,quality,2024-04-11 13:26:00,2024-04-12 07:46:00,E1166
HD-32249,J-2024-01721,40,quality,2024-04-11 17:32:00,2024-04-15 10:06:00,E1164
HD-32250,J-2024-01811,10,material,2024-04-12 06:02:00,2024-04-15 10:00:00,E1174
HD-32251,J-2024-01797,10,material,2024-04-12 06:18:00,2024-04-15 10:00:00,E1172
HD-32252,J-2024-01807,10,material,2024-04-12 06:23:00,2024-04-12 10:00:00,E1175
HD-32253,J-2024-01598,50,quality,2024-04-12 07:58:00,2024-04-16 19:38:00,E1175
HD-32254,J-2024-01555,50,engineering,2024-04-12 10:06:00,2024-04-15 22:41:00,E1175
HD-32255,J-2024-01538,50,tooling,2024-04-12 16:19:00,2024-04-15 10:41:00,E1169
HD-32256,J-2024-01824,10,material,2024-04-15 06:24:00,2024-04-16 10:00:00,E1166
HD-32257,J-2024-01822,10,material,2024-04-15 06:24:00,2024-04-15 10:00:00,E1164
HD-32258,J-2024-01815,10,material,2024-04-15 06:27:00,2024-04-18 10:00:00,E1175
HD-32259,J-2024-01807,30,engineering,2024-04-15 10:23:00,2024-04-17 05:45:00,E1175
HD-32260,J-2024-01738,50,customer,2024-04-15 10:26:00,2024-04-17 10:17:00,E1172
HD-32261,J-2024-01819,20,tooling,2024-04-15 13:04:00,2024-04-15 20:17:00,E1174
HD-32262,J-2024-01850,10,material,2024-04-16 06:14:00,2024-04-17 10:00:00,E1174
HD-32263,J-2024-01851,10,material,2024-04-16 06:25:00,2024-04-17 10:00:00,E1172
HD-32264,J-2024-01884,10,material,2024-04-17 06:01:00,2024-04-17 10:00:00,E1164
HD-32265,J-2024-01872,10,material,2024-04-17 06:09:00,2024-04-17 10:00:00,E1174
HD-32266,J-2024-01891,10,material,2024-04-17 06:23:00,2024-04-23 10:00:00,E1175
HD-32267,J-2024-01875,10,material,2024-04-17 06:28:00,2024-05-01 10:00:00,E1172
HD-32268,J-2024-01824,30,other,2024-04-17 10:23:00,2024-04-18 06:24:00,E1175
HD-32269,J-2024-01733,40,quality,2024-04-17 12:23:00,2024-04-18 04:35:00,E1172
HD-32270,J-2024-01825,40,quality,2024-04-17 12:44:00,2024-04-18 07:38:00,E1172
HD-32271,J-2024-01872,20,engineering,2024-04-17 12:55:00,2024-04-19 02:15:00,E1174
HD-32272,J-2024-01884,20,engineering,2024-04-17 12:55:00,2024-04-18 10:44:00,E1169
HD-32273,J-2024-01833,40,quality,2024-04-17 16:28:00,2024-04-18 05:15:00,E1169
HD-32274,J-2024-01745,30,tooling,2024-04-17 16:30:00,2024-04-18 05:29:00,E1172
HD-32275,J-2024-01800,80,engineering,2024-04-17 19:58:00,2024-04-19 16:32:00,E1169
HD-32276,J-2024-01733,40,quality,2024-04-18 04:35:00,2024-04-19 23:35:00,E1174
HD-32277,J-2024-01907,10,material,2024-04-18 06:02:00,2024-04-19 10:00:00,E1166
HD-32278,J-2024-01906,10,quality,2024-04-18 06:10:00,2024-04-18 12:35:00,E1164
HD-32279,J-2024-01897,10,material,2024-04-18 06:23:00,2024-04-18 10:00:00,E1169
HD-32280,J-2024-01899,10,engineering,2024-04-18 06:30:00,2024-05-02 10:00:00,E1174
HD-32281,J-2024-01865,40,quality,2024-04-18 06:37:00,2024-04-22 01:23:00,E1164
HD-32282,J-2024-01617,50,tooling,2024-04-18 10:20:00,2024-04-18 17:22:00,E1164
HD-32283,J-2024-01831,50,engineering,2024-04-18 12:56:00,2024-04-24 05:32:00,E1166
HD-32284,J-2024-01859,40,quality,2024-04-18 13:04:00,2024-04-19 05:51:00,E1174
HD-32285,J-2024-01850,40,quality,2024-04-18 20:30:00,2024-04-19 19:29:00,E1174
HD-32286,J-2024-01782,40,quality,2024-04-19 03:51:00,2024-04-23 14:22:00,E1169
HD-32287,J-2024-01922,10,material,2024-04-19 06:15:00,2024-05-01 10:00:00,E1166
HD-32288,J-2024-01882,50,quality,2024-04-19 09:53:00,2024-04-22 09:03:00,E1175
HD-32289,J-2024-01682,30,customer,2024-04-19 09:55:00,2024-04-24 11:17:00,E1172
HD-32290,J-2024-01738,60,other,2024-04-19 10:28:00,2024-04-22 08:57:00,E1175
HD-32291,J-2024-01927,20,quality,2024-04-19 16:17:00,2024-04-23 05:05:00,E1174
HD-32292,J-2024-01807,40,quality,2024-04-19 20:14:00,2024-04-23 18:22:00,E1174
HD-32293,J-2024-01722,40,tooling,2024-04-19 20:29:00,2024-04-22 02:43:00,E1174
HD-32294,J-2024-01865,40,customer,2024-04-22 01:23:00,2024-04-23 11:24:00,E1175
HD-32295,J-2024-01944,10,material,2024-04-22 06:23:00,2024-04-24 10:00:00,E1169
HD-32296,J-2024-01942,10,material,2024-04-22 06:23:00,2024-04-29 10:00:00,E1164
HD-32297,J-2024-01938,10,material,2024-04-22 06:26:00,2024-04-24 10:00:00,E1172
HD-32298,J-2024-01697,10,engineering,2024-04-22 06:37:00,2024-04-23 22:20:00,E1166
HD-32299,J-2024-01870,50,customer,2024-04-22 10:22:00,2024-04-23 15:25:00,E1169
HD-32300,J-2024-01905,30,quality,2024-04-23 05:37:00,2024-04-25 17:08:00,E1172
HD-32301,J-2024-01980,10,tooling,2024-04-23 06:09:00,2024-04-24 02:24:00,E1172
HD-32302,J-2024-01958,10,material,2024-04-23 06:09:00,2024-04-23 10:00:00,E1169
HD-32303,J-2024-01986,10,material,2024-04-23 06:20:00,2024-04-25 11:09:00,E1174
HD-32304,J-2024-01975,10,customer,2024-04-23 06:22:00,2024-04-25 22:51:00,E1172
HD-32305,J-2024-01927,40,tooling,2024-04-23 10:37:00,2024-04-24 02:58:00,E1166
HD-32306,J-2024-01979,20,customer,2024-04-23 12:57:00,2024-04-24 21:01:00,E1174
HD-32307,J-2024-01697,10,engineering,2024-04-23 22:20:00,2024-04-25 03:26:00,E1166
HD-32308,J-2024-01927,40,quality,2024-04-24 02:58:00,2024-04-24 17:22:00,E1169
HD-32309,J-2024-02009,10,material,2024-04-24 06:13:00,2024-04-25 10:00:00,E1172
HD-32310,J-2024-02015,10,material,2024-04-24 06:14:00,2024-05-02 10:00:00,E1164
HD-32311,J-2024-01994,40,quality,2024-04-24 06:57:00,2024-04-24 21:18:00,E1164
HD-32312,J-2024-01987,40,quality,2024-04-24 16:34:00,2024-04-25 05:41:00,E1174
HD-32313,J-2024-01958,40,other,2024-04-24 20:13:00,2024-04-25 19:45:00,E1169
HD-32314,J-2024-02041,10,material,2024-04-25 06:00:00,2024-05-09 10:00:00,E1172
HD-32315,J-2024-02027,10,engineering,2024-04-25 06:04:00,2024-05-09 10:00:00,E1166
HD-32316,J-2024-02032,10,material,2024-04-25 06:18:00,2024-04-25 10:00:00,E1164
HD-32317,J-2024-02040,10,material,2024-04-25 06:18:00,2024-04-30 10:00:00,E1175
HD-32318,J-2024-02035,10,material,2024-04-25 06:26:00,2024-04-26 10:00:00,E1166
HD-32319,J-2024-02018,30,quality,2024-04-25 07:17:00,2024-04-25 22:18:00,E1172
HD-32320,J-2024-01885,30,tooling,2024-04-25 10:14:00,2024-04-26 01:10:00,E1175
HD-32321,J-2024-02052,10,material,2024-04-26 06:09:00,2024-04-29 10:00:00,E1175
HD-32322,J-2024-02057,10,material,2024-04-26 06:24:00,2024-04-26 10:00:00,E1166
HD-32323,J-2024-01885,40,quality,2024-04-26 09:51:00,2024-04-29 06:54:00,E1164
HD-32324,J-2024-02053,30,customer,2024-04-26 20:02:00,2024-04-29 23:19:00,E1175
HD-32325,J-2024-01982,40,quality,2024-04-26 23:14:00,2024-04-29 11:55:00,E1166
HD-32326,J-2024-02061,10,tooling,2024-04-29 06:11:00,2024-04-29 16:43:00,E1174
HD-32327,J-2024-02080,10,material,2024-04-29 06:12:00,2024-04-30 10:00:00,E1166
HD-32328,J-2024-02071,10,material,2024-04-29 06:12:00,2024-04-29 10:00:00,E1169
HD-32329,J-2024-02081,10,material,2024-04-29 06:14:00,2024-04-30 10:00:00,E1172
HD-32330,J-2024-02060,10,material,2024-04-29 06:23:00,2024-05-07 10:00:00,E1174
HD-32331,J-2024-02062,10,material,2024-04-29 06:24:00,2024-05-01 10:00:00,E1164
HD-32332,J-2024-02069,10,customer,2024-04-29 06:26:00,2024-05-02 12:14:00,E1172
HD-32333,J-2024-02076,10,engineering,2024-04-29 06:30:00,2024-04-30 14:56:00,E1164
HD-32334,J-2024-02048,40,engineering,2024-04-29 07:08:00,2024-04-29 23:09:00,E1172
HD-32335,J-2024-01994,60,quality,2024-04-29 10:12:00,2024-05-03 09:50:00,E1164
HD-32336,J-2024-01982,50,tooling,2024-04-29 13:27:00,2024-04-30 17:25:00,E1166
HD-32337,J-2024-02046,30,quality,2024-04-29 20:23:00,2024-05-02 10:44:00,E1174
HD-32338,J-2024-02105,10,material,2024-04-30 06:04:00,2024-04-30 10:00:00,E1169
HD-32339,J-2024-02130,10,other,2024-04-30 06:04:00,2024-04-30 10:00:00,E1169
HD-32340,J-2024-02125,10,material,2024-04-30 06:18:00,2024-04-30 10:00:00,E1175
HD-32341,J-2024-02108,10,material,2024-04-30 06:18:00,2024-05-14 10:00:00,E1175
HD-32342,J-2024-02119,10,material,2024-04-30 06:23:00,2024-05-01 10:00:00,E1166
HD-32343,J-2024-02057,40,quality,2024-04-30 12:52:00,2024-05-01 03:53:00,E1175
HD-32344,J-2024-01961,60,tooling,2024-04-30 13:01:00,2024-05-01 06:24:00,E1175
HD-32345,J-2024-01975,30,engineering,2024-04-30 18:15:00,2024-05-01 19:14:00,E1166
HD-32346,J-2024-02157,10,material,2024-05-01 06:00:00,2024-05-02 10:00:00,E1169
HD-32347,J-2024-02092,30,tooling,2024-05-01 06:58:00,2024-05-02 05:23:00,E1174
HD-32348,J-2024-02145,20,tooling,2024-05-01 10:01:00,2024-05-02 03:16:00,E1172
HD-32349,J-2024-02099,30,quality,2024-05-01 10:13:00,2024-05-02 18:54:00,E1174
HD-32350,J-2024-02049,60,tooling,2024-05-01 10:30:00,2024-05-02 10:07:00,E1172
HD-32351,J-2024-02006,60,engineering,2024-05-01 13:19:00,2024-05-02 11:33:00,E1174
HD-32352,J-2024-01975,30,quality,2024-05-01 19:14:00,2024-05-02 21:11:00,E1174
HD-32353,J-2024-02164,10,material,2024-05-02 06:02:00,2024-05-14 10:00:00,E1164
HD-32354,J-2024-02176,10,material,2024-05-02 06:21:00,2024-05-06 10:00:00,E1174
HD-32355,J-2024-02159,10,material,2024-05-02 06:25:00,2024-05-07 10:00:00,E1164
HD-32356,J-2024-01893,50,customer,2024-05-02 10:28:00,2024-05-07 09:05:00,E1174
HD-32357,J-2024-02069,20,tooling,2024-05-02 16:54:00,2024-05-03 02:20:00,E1174
HD-32358,J-2024-02161,30,other,2024-05-02 16:59:00,2024-05-03 13:24:00,E1166
HD-32359,J-2024-02195,10,other,2024-05-03 06:06:00,2024-05-03 19:57:00,E1174
HD-32360,J-2024-02188,10,tooling,2024-05-03 06:10:00,2024-05-03 12:31:00,E1166
HD-32361,J-2024-02167,30,quality,2024-05-03 06:47:00,2024-05-03 23:50:00,E1175
HD-32362,J-2024-02147,40,quality,2024-05-03 07:26:00,2024-05-06 05:22:00,E1166
HD-32363,J-2024-02134,20,quality,2024-05-03 11:04:00,2024-05-07 10:35:00,E1175
HD-32364,J-2024-02186,10,material,2024-05-03 12:45:00,2024-05-07 12:43:00,E1174
HD-32365,J-2024-02170,40,other,2024-05-03 16:35:00,2024-05-06 11:21:00,E1175
HD-32366,J-2024-02160,40,quality,2024-05-03 20:28:00,2024-05-07 04:08:00,E1172
HD-32367,J-2024-02147,40,other,2024-05-06 05:22:00,2024-05-07 08:26:00,E1164
HD-32368,J-2024-02209,10,tooling,2024-05-06 06:02:00,2024-05-07 01:14:00,E1175
HD-32369,J-2024-02203,10,material,2024-05-06 06:18:00,2024-05-14 10:00:00,E1169
HD-32370,J-2024-02214,10,material,2024-05-06 06:19:00,2024-05-06 10:00:00,E1166
HD-32371,J-2024-02212,10,material,2024-05-06 06:26:00,2024-05-06 10:00:00,E1166
HD-32372,J-2024-02211,10,material,2024-05-06 06:27:00,2024-05-07 10:00:00,E1166
HD-32373,J-2024-02105,50,material,2024-05-06 10:13:00,2024-05-07 00:19:00,E1174
HD-32374,J-2024-02096,50,customer,2024-05-06 10:28:00,2024-05-07 23:48:00,E1169
HD-32375,J-2024-02015,50,quality,2024-05-06 10:49:00,2024-05-07 17:53:00,E1174
HD-32376,J-2024-02070,40,quality,2024-05-06 22:02:00,2024-05-07 08:12:00,E1172
HD-32377,J-2024-02246,10,customer,2024-05-07 06:03:00,2024-05-10 23:08:00,E1172
HD-32378,J-2024-02227,10,material,2024-05-07 06:04:00,2024-05-07 10:00:00,E1174
HD-32379,J-2024-02253,10,material,2024-05-07 06:06:00,2024-05-09 10:00:00,E1169
HD-32380,J-2024-02238,10,material,2024-05-07 06:17:00,2024-05-10 10:00:00,E1174
HD-32381,J-2024-02137,60,engineering,2024-05-07 09:57:00,2024-05-08 01:12:00,E1169
HD-32382,J-2024-02134,20,quality,2024-05-07 10:35:00,2024-05-09 21:06:00,E1175
HD-32383,J-2024-02169,40,engineering,2024-05-07 13:01:00,2024-05-08 05:06:00,E1169
HD-32384,J-2024-02015,50,engineering,2024-05-07 17:53:00,2024-05-10 02:02:00,E1166
HD-32385,J-2024-02209,20,other,2024-05-07 19:42:00,2024-05-08 17:00:00,E1174
HD-32386,J-2024-02096,50,tooling,2024-05-07 23:48:00,2024-05-08 14:42:00,E1166
HD-32387,J-2024-02268,10,material,2024-05-08 06:06:00,2024-05-08 10:00:00,E1166
HD-32388,J-2024-02271,10,material,2024-05-08 06:10:00,2024-05-08 10:00:00,E1175
HD-32389,J-2024-02236,50,quality,2024-05-08 11:40:00,2024-05-09 14:59:00,E1166
HD-32390,J-2024-02195,40,engineering,2024-05-08 12:45:00,2024-05-10 00:37:00,E1175
HD-32391,J-2024-02227,40,other,2024-05-08 12:46:00,2024-05-09 04:25:00,E1164
HD-32392,J-2024-02060,40,other,2024-05-08 13:10:00,2024-05-09 02:58:00,E1175
HD-32393,J-2024-02282,10,material,2024-05-09 06:17:00,2024-05-09 10:00:00,E1174
HD-32394,J-2024-02291,10,material,2024-05-09 06:18:00,2024-05-14 10:00:00,E1164
HD-32395,J-2024-02214,80,customer,2024-05-09 09:51:00,2024-05-14 02:52:00,E1166
HD-32396,J-2024-02227,40,quality,2024-05-09 10:21:00,2024-05-09 23:48:00,E1166
HD-32397,J-2024-02236,50,quality,2024-05-09 14:59:00,2024-05-10 05:18:00,E1164
HD-32398,J-2024-02313,10,tooling,2024-05-10 06:03:00,2024-05-10 10:00:00,E1164
HD-32399,J-2024-02312,10,material,2024-05-10 06:15:00,2024-05-10 10:00:00,E1174
HD-32400,J-2024-02316,10,engineering,2024-05-10 06:18:00,2024-05-13 05:19:00,E1174
HD-32401,J-2024-02310,10,material,2024-05-10 06:18:00,2024-05-10 10:00:00,E1175
HD-32402,J-2024-02318,10,material,2024-05-10 06:22:00,2024-05-15 10:00:00,E1164
HD-32403,J-2024-02304,10,material,2024-05-10 06:30:00,2024-05-13 10:00:00,E1166
HD-32404,J-2024-02232,40,quality,2024-05-10 10:24:00,2024-05-13 06:20:00,E1166
HD-32405,J-2024-02268,50,engineering,2024-05-10 20:33:00,2024-05-15 03:10:00,E1169
HD-32406,J-2024-02271,40,quality,2024-05-13 00:29:00,2024-05-13 11:52:00,E1174
HD-32407,J-2024-02209,20,quality,2024-05-13 05:15:00,2024-05-14 11:57:00,E1166
HD-32408,J-2024-02316,10,material,2024-05-13 05:19:00,2024-05-21 10:00:00,E1166
HD-32409,J-2024-02343,10,material,2024-05-13 06:08:00,2024-05-13 10:00:00,E1166
HD-32410,J-2024-02224,40,quality,2024-05-13 06:31:00,2024-05-14 21:07:00,E1164
HD-32411,J-2024-02361,10,other,2024-05-14 06:02:00,2024-05-15 05:06:00,E1169
HD-32412,J-2024-02363,10,customer,2024-05-14 06:03:00,2024-05-14 10:00:00,E1174
HD-32413,J-2024-02378,10,material,2024-05-14 06:06:00,2024-05-14 10:00:00,E1166
HD-32414,J-2024-02382,10,material,2024-05-14 06:15:00,2024-05-14 10:00:00,E1169
HD-32415,J-2024-02144,40,quality,2024-05-14 07:34:00,2024-05-16 13:25:00,E1174
HD-32416,J-2024-02121,70,tooling,2024-05-14 13:22:00,2024-05-15 10:48:00,E1169
HD-32417,J-2024-02410,10,material,2024-05-15 06:03:00,2024-05-22 10:00:00,E1166
HD-32418,J-2024-02404,10,material,2024-05-15 06:07:00,2024-05-15 10:00:00,E1172
HD-32419,J-2024-02400,10,material,2024-05-15 06:09:00,2024-05-15 10:00:00,E1169
HD-32420,J-2024-02401,10,tooling,2024-05-15 06:26:00,2024-05-15 20:21:00,E1164
HD-32421,J-2024-02407,10,tooling,2024-05-15 06:30:00,2024-05-15 10:00:00,E1169
HD-32422,J-2024-02203,30,customer,2024-05-15 10:12:00,2024-05-20 01:35:00,E1174
HD-32423,J-2024-02408,20,customer,2024-05-15 12:48:00,2024-05-20 12:15:00,E1169
HD-32424,J-2024-02304,30,quality,2024-05-16 06:53:00,2024-05-16 19:02:00,E1172
HD-32425,J-2024-02209,50,engineering,2024-05-16 12:56:00,2024-05-20 12:02:00,E1172
HD-32426,J-2024-02431,10,material,2024-05-17 06:09:00,2024-05-21 20:11:00,E1166
HD-32427,J-2024-02417,20,engineering,2024-05-17 07:17:00,2024-05-20 04:34:00,E1166
HD-32428,J-2024-02318,40,quality,2024-05-17 13:05:00,2024-05-20 10:32:00,E1175
HD-32429,J-2024-02280,60,other,2024-05-17 16:36:00,2024-05-20 01:54:00,E1174
HD-32430,J-2024-02304,30,quality,2024-05-17 23:28:00,2024-05-20 17:15:00,E1166
HD-32431,J-2024-02203,30,quality,2024-05-20 01:35:00,2024-05-20 23:01:00,E1172
HD-32432,J-2024-02468,10,material,2024-05-20 06:21:00,2024-05-20 10:00:00,E1166
HD-32433,J-2024-02459,10,material,2024-05-20 06:25:00,2024-05-21 10:00:00,E1174
HD-32434,J-2024-02369,40,engineering,2024-05-20 06:51:00,2024-05-21 06:01:00,E1164
HD-32435,J-2024-02405,50,customer,2024-05-20 09:56:00,2024-05-24 02:53:00,E1175
HD-32436,J-2024-02433,40,tooling,2024-05-20 13:00:00,2024-05-21 09:25:00,E1172
HD-32437,J-2024-02453,20,customer,2024-05-20 19:49:00,2024-05-23 06:36:00,E1169
HD-32438,J-2024-02504,10,material,2024-05-21 06:29:00,2024-05-31 10:00:00,E1172
HD-32439,J-2024-02472,20,quality,2024-05-21 08:42:00,2024-05-22 20:54:00,E1175
HD-32440,J-2024-02349,40,customer,2024-05-21 12:44:00,2024-05-22 20:58:00,E1172
HD-32441,J-2024-02465,20,quality,2024-05-21 13:22:00,2024-05-21 20:39:00,E1164
HD-32442,J-2024-02490,20,customer,2024-05-21 20:06:00,2024-05-24 12:09:00,E1169
HD-32443,J-2024-02316,40,quality,2024-05-21 20:18:00,2024-05-22 11:15:00,E1166
HD-32444,J-2024-02552,10,material,2024-05-22 06:08:00,2024-05-22 10:00:00,E1164
HD-32445,J-2024-02538,10,material,2024-05-22 06:12:00,2024-05-23 10:00:00,E1174
HD-32446,J-2024-02396,10,quality,2024-05-22 08:37:00,2024-05-23 20:47:00,E1174
HD-32447,J-2024-02476,20,material,2024-05-22 16:14:00,2024-05-23 16:14:00,E1172
HD-32448,J-2024-02316,60,engineering,2024-05-22 16:53:00,2024-05-28 05:07:00,E1164
HD-32449,J-2024-02486,40,engineering,2024-05-22 16:55:00,2024-05-24 03:45:00,E1169
HD-32450,J-2024-02571,10,material,2024-05-23 06:07:00,2024-05-28 10:00:00,E1175
HD-32451,J-2024-02572,10,other,2024-05-23 06:12:00,2024-05-23 16:19:00,E1174
HD-32452,J-2024-02558,10,material,2024-05-23 06:22:00,2024-05-28 10:00:00,E1169
HD-32453,J-2024-02530,20,tooling,2024-05-23 12:51:00,2024-05-24 03:33:00,E1164
HD-32454,J-2024-02471,40,tooling,2024-05-23 13:10:00,2024-05-24 03:21:00,E1166
HD-32455,J-2024-02374,20,quality,2024-05-23 18:07:00,2024-05-23 23:09:00,E1169
HD-32456,J-2024-02588,10,material,2024-05-24 06:18:00,2024-05-24 10:00:00,E1172
HD-32457,J-2024-02575,10,material,2024-05-24 06:23:00,2024-06-07 10:00:00,E1175
HD-32458,J-2024-02587,10,material,2024-05-24 06:23:00,2024-05-24 10:00:00,E1166
HD-32459,J-2024-02486,40,quality,2024-05-24 06:53:00,2024-05-28 01:33:00,E1172
HD-32460,J-2024-02530,20,quality,2024-05-24 07:27:00,2024-05-24 23:23:00,E1169
HD-32461,J-2024-02535,40,customer,2024-05-24 09:44:00,2024-05-29 09:32:00,E1164
HD-32462,J-2024-02449,60,other,2024-05-24 09:55:00,2024-05-28 07:33:00,E1174
HD-32463,J-2024-02550,40,quality,2024-05-24 12:47:00,2024-05-28 20:25:00,E1174
HD-32464,J-2024-02511,40,quality,2024-05-24 12:47:00,2024-05-28 21:11:00,E1169
HD-32465,J-2024-02587,20,engineering,2024-05-24 20:14:00,2024-05-28 21:08:00,E1169
HD-32466,J-2024-02486,40,quality,2024-05-28 01:33:00,2024-05-30 15:17:00,E1164
HD-32467,J-2024-02612,10,material,2024-05-28 06:07:00,2024-06-11 10:00:00,E1166
HD-32468,J-2024-02616,10,quality,2024-05-28 06:12:00,2024-05-29 10:00:00,E1166
HD-32469,J-2024-02605,10,material,2024-05-28 06:16:00,2024-05-28 10:00:00,E1169
HD-32470,J-2024-02603,10,material,2024-05-28 06:16:00,2024-05-31 10:00:00,E1175
HD-32471,J-2024-02607,10,engineering,2024-05-28 06:17:00,2024-05-28 19:58:00,E1166
HD-32472,J-2024-02618,10,material,2024-05-28 06:18:00,2024-06-04 10:00:00,E1164
HD-32473,J-2024-02600,10,material,2024-05-28 06:19:00,2024-06-06 10:00:00,E1172
HD-32474,J-2024-02378,60,other,2024-05-28 10:07:00,2024-05-29 02:39:00,E1175
HD-32475,J-2024-02583,50,customer,2024-05-28 16:16:00,2024-06-03 07:03:00,E1172
HD-32476,J-2024-02614,30,tooling,2024-05-28 19:52:00,2024-05-29 06:18:00,E1174
HD-32477,J-2024-02624,10,engineering,2024-05-29 06:21:00,2024-05-30 11:39:00,E1175
HD-32478,J-2024-02410,40,engineering,2024-05-29 07:21:00,2024-05-30 01:34:00,E1172
HD-32479,J-2024-02558,40,quality,2024-05-29 16:24:00,2024-05-30 04:53:00,E1169
HD-32480,J-2024-02666,10,customer,2024-05-30 06:01:00,2024-05-31 07:17:00,E1166
HD-32481,J-2024-02655,10,material,2024-05-30 06:04:00,2024-06-05 10:00:00,E1174
HD-32482,J-2024-02641,10,material,2024-05-30 06:18:00,2024-05-30 10:00:00,E1169
HD-32483,J-2024-02662,10,material,2024-05-30 06:28:00,2024-06-04 10:00:00,E1175
HD-32484,J-2024-02298,50,engineering,2024-05-30 07:14:00,2024-05-31 12:35:00,E1172
HD-32485,J-2024-02628,30,other,2024-05-30 09:44:00,2024-05-30 17:06:00,E1174
HD-32486,J-2024-02553,60,tooling,2024-05-30 10:30:00,2024-05-31 05:40:00,E1174
HD-32487,J-2024-02659,20,other,2024-05-30 12:46:00,2024-05-31 12:09:00,E1164
HD-32488,J-2024-02668,10,material,2024-05-31 06:04:00,2024-05-31 10:00:00,E1174
HD-32489,J-2024-02702,10,material,2024-05-31 06:10:00,2024-05-31 10:00:00,E1172
HD-32490,J-2024-02673,10,material,2024-05-31 06:17:00,2024-06-06 10:00:00,E1166
HD-32491,J-2024-02669,10,other,2024-05-31 06:20:00,2024-05-31 10:00:00,E1172
HD-32492,J-2024-02697,10,material,2024-05-31 06:25:00,2024-05-31 10:00:00,E1172
HD-32493,J-2024-02609,30,quality,2024-05-31 07:22:00,2024-06-03 10:04:00,E1164
HD-32494,J-2024-02680,20,tooling,2024-05-31 09:58:00,2024-05-31 16:31:00,E1164
HD-32495,J-2024-02613,50,other,2024-05-31 13:03:00,2024-06-03 10:09:00,E1174
HD-32496,J-2024-02670,40,engineering,2024-06-03 09:59:00,2024-06-05 05:04:00,E1174
HD-32497,J-2024-02635,60,material,2024-06-03 13:21:00,2024-06-05 08:53:00,E1175
HD-32498,J-2024-02744,10,material,2024-06-04 06:02:00,2024-06-11 10:00:00,E1175
HD-32499,J-2024-02752,10,engineering,2024-06-04 06:04:00,2024-06-05 13:20:00,E1164
HD-32500,J-2024-02739,10,material,2024-06-04 06:10:00,2024-06-13 10:00:00,E1174
HD-32501,J-2024-02750,10,material,2024-06-04 06:16:00,2024-06-07 10:00:00,E1169
HD-32502,J-2024-02765,10,material,2024-06-04 06:18:00,2024-06-06 10:00:00,E1172
HD-32503,J-2024-02504,20,tooling,2024-06-04 07:23:00,2024-06-05 05:05:00,E1175
HD-32504,J-2024-02697,40,quality,2024-06-04 08:12:00,2024-06-05 10:17:00,E1164
HD-32505,J-2024-02664,30,engineering,2024-06-04 09:49:00,2024-06-05 06:54:00,E1169
HD-32506,J-2024-02773,10,material,2024-06-05 06:02:00,2024-06-05 10:00:00,E1164
HD-32507,J-2024-02729,20,customer,2024-06-05 07:20:00,2024-06-06 23:22:00,E1169
HD-32508,J-2024-02780,20,customer,2024-06-05 13:06:00,2024-06-07 02:55:00,E1174
HD-32509,J-2024-02770,40,tooling,2024-06-05 20:01:00,2024-06-06 05:00:00,E1166
HD-32510,J-2024-02721,40,other,2024-06-05 20:17:00,2024-06-06 10:57:00,E1164
HD-32511,J-2024-02795,10,material,2024-06-06 06:12:00,2024-06-06 10:00:00,E1164
HD-32512,J-2024-02812,10,engineering,2024-06-06 06:12:00,2024-06-12 03:53:00,E1172
HD-32513,J-2024-02800,10,other,2024-06-06 06:19:00,2024-06-17 10:00:00,E1175
HD-32514,J-2024-02655,20,quality,2024-06-06 06:52:00,2024-06-06 17:11:00,E1164
HD-32515,J-2024-02730,50,customer,2024-06-06 13:00:00,2024-06-11 04:17:00,E1175
HD-32516,J-2024-02773,40,quality,2024-06-06 13:14:00,2024-06-11 07:06:00,E1172
HD-32517,J-2024-02640,40,quality,2024-06-06 13:22:00,2024-06-07 14:53:00,E1172
HD-32518,J-2024-02799,20,other,2024-06-06 13:28:00,2024-06-07 10:25:00,E1172
HD-32519,J-2024-02851,10,tooling,2024-06-07 06:13:00,2024-06-07 17:49:00,E1175
HD-32520,J-2024-02671,70,quality,2024-06-07 09:50:00,2024-06-10 00:23:00,E1172
HD-32521,J-2024-02820,30,tooling,2024-06-07 09:51:00,2024-06-10 00:47:00,E1166
HD-32522,J-2024-02856,20,engineering,2024-06-07 12:53:00,2024-06-10 09:59:00,E1174
HD-32523,J-2024-02837,30,engineering,2024-06-07 13:25:00,2024-06-11 01:21:00,E1174
HD-32524,J-2024-02667,40,customer,2024-06-07 16:39:00,2024-06-11 07:01:00,E1169
HD-32525,J-2024-02851,20,customer,2024-06-07 19:49:00,2024-06-12 01:55:00,E1169
HD-32526,J-2024-02662,50,quality,2024-06-07 21:06:00,2024-06-10 10:28:00,E1172
HD-32527,J-2024-02879,10,material,2024-06-10 06:04:00,2024-06-12 10:00:00,E1164
HD-32528,J-2024-02862,10,engineering,2024-06-10 06:05:00,2024-06-10 19:07:00,E1166
HD-32529,J-2024-02864,10,material,2024-06-10 06:08:00,2024-06-11 10:00:00,E1164
HD-32530,J-2024-02871,10,material,2024-06-10 06:14:00,2024-06-10 10:00:00,E1169
HD-32531,J-2024-02854,20,quality,2024-06-10 07:01:00,2024-06-12 02:18:00,E1172
HD-32532,J-2024-02821,10,quality,2024-06-10 08:34:00,2024-06-11 16:34:00,E1174
HD-32533,J-2024-02575,30,engineering,2024-06-10 10:24:00,2024-06-11 00:03:00,E1175
HD-32534,J-2024-02883,20,engineering,2024-06-10 10:26:00,2024-06-12 07:31:00,E1166
HD-32535,J-2024-02827,20,engineering,2024-06-10 12:47:00,2024-06-11 15:49:00,E1169
HD-32536,J-2024-02876,20,engineering,2024-06-10 13:13:00,2024-06-11 14:13:00,E1174
HD-32537,J-2024-02918,10,tooling,2024-06-11 06:00:00,2024-06-13 10:00:00,E1174
HD-32538,J-2024-02915,10,material,2024-06-11 06:01:00,2024-06-12 10:00:00,E1166
HD-32539,J-2024-02916,10,material,2024-06-11 06:10:00,2024-06-11 10:00:00,E1169
HD-32540,J-2024-02893,10,other,2024-06-11 06:15:00,2024-06-11 22:40:00,E1169
HD-32541,J-2024-02945,10,material,2024-06-11 06:27:00,2024-06-11 10:00:00,E1175
HD-32542,J-2024-02896,10,material,2024-06-11 06:29:00,2024-06-14 10:00:00,E1174
HD-32543,J-2024-02932,10,material,2024-06-11 06:29:00,2024-06-12 10:00:00,E1174
HD-32544,J-2024-02924,30,other,2024-06-11 12:53:00,2024-06-12 09:10:00,E1166
HD-32545,J-2024-02935,30,quality,2024-06-11 13:02:00,2024-06-12 16:29:00,E1166
HD-32546,J-2024-02854,20,quality,2024-06-12 02:18:00,2024-06-13 15:33:00,E1172
HD-32547,J-2024-02959,10,material,2024-06-12 06:06:00,2024-06-13 10:00:00,E1166
HD-32548,J-2024-02967,10,material,2024-06-12 06:25:00,2024-06-17 10:00:00,E1166
HD-32549,J-2024-02612,30,other,2024-06-12 06:51:00,2024-06-12 17:50:00,E1166
HD-32550,J-2024-02965,20,tooling,2024-06-12 10:03:00,2024-06-13 03:04:00,E1172
HD-32551,J-2024-02900,20,tooling,2024-06-12 10:19:00,2024-06-12 21:31:00,E1166
HD-32552,J-2024-03002,10,material,2024-06-14 06:10:00,2024-06-14 10:00:00,E1172
HD-32553,J-2024-03018,10,material,2024-06-14 06:17:00,2024-06-14 10:00:00,E1172
HD-32554,J-2024-03007,10,quality,2024-06-14 06:19:00,2024-06-19 10:00:00,E1175
HD-32555,J-2024-02998,10,material,2024-06-14 06:20:00,2024-06-14 10:00:00,E1164
HD-32556,J-2024-03016,10,material,2024-06-14 06:25:00,2024-06-17 10:00:00,E1175
HD-32557,J-2024-03015,10,material,2024-06-14 06:29:00,2024-06-27 10:00:00,E1174
HD-32558,J-2024-02844,30,quality,2024-06-14 06:49:00,2024-06-14 13:15:00,E1164
HD-32559,J-2024-02827,40,quality,2024-06-14 09:07:00,2024-06-18 06:05:00,E1166
HD-32560,J-2024-03004,20,engineering,2024-06-14 10:21:00,2024-06-17 10:44:00,E1166
HD-32561,J-2024-02739,40,quality,2024-06-14 12:51:00,2024-06-17 10:18:00,E1175
HD-32562,J-2024-03019,30,other,2024-06-14 13:01:00,2024-06-17 09:17:00,E1174
HD-32563,J-2024-02650,30,customer,2024-06-14 13:02:00,2024-06-17 15:41:00,E1175
HD-32564,J-2024-02918,20,other,2024-06-14 20:29:00,2024-06-20 00:22:00,E1169
HD-32565,J-2024-03030,10,other,2024-06-17 06:09:00,2024-06-28 10:00:00,E1174
HD-32566,J-2024-03044,10,material,2024-06-17 06:10:00,2024-06-17 10:00:00,E1175
HD-32567,J-2024-03039,10,material,2024-06-17 06:14:00,2024-06-17 10:00:00,E1175
HD-32568,J-2024-03048,10,tooling,2024-06-17 06:15:00,2024-06-17 22:50:00,E1169
HD-32569,J-2024-03041,10,material,2024-06-17 06:29:00,2024-06-17 10:00:00,E1174
HD-32570,J-2024-03021,20,quality,2024-06-17 07:39:00,2024-06-17 20:45:00,E1174
HD-32571,J-2024-03036,10,quality,2024-06-17 08:05:00,2024-06-19 00:45:00,E1175
HD-32572,J-2024-02770,90,other,2024-06-17 09:46:00,2024-06-18 05:00:00,E1175
HD-32573,J-2024-02957,40,quality,2024-06-17 10:57:00,2024-06-19 06:47:00,E1169
HD-32574,J-2024-03049,20,engineering,2024-06-17 12:49:00,2024-06-19 00:17:00,E1172
HD-32575,J-2024-03019,40,tooling,2024-06-17 13:30:00,2024-06-18 15:47:00,E1175
HD-32576,J-2024-03080,10,material,2024-06-18 06:02:00,2024-06-19 10:00:00,E1175
HD-32577,J-2024-03106,10,material,2024-06-18 06:11:00,2024-06-20 10:00:00,E1172
HD-32578,J-2024-03063,10,material,2024-06-18 06:12:00,2024-06-18 10:00:00,E1175
HD-32579,J-2024-03109,10,material,2024-06-18 06:14:00,2024-06-20 10:00:00,E1166
HD-32580,J-2024-03069,10,material,2024-06-18 06:14:00,2024-06-26 10:00:00,E1172
HD-32581,J-2024-03066,10,material,2024-06-18 06:17:00,2024-06-26 10:00:00,E1164
HD-32582,J-2024-03099,10,material,2024-06-18 06:19:00,2024-06-18 10:00:00,E1166
HD-32583,J-2024-03077,10,tooling,2024-06-18 06:19:00,2024-06-19 02:24:00,E1175
HD-32584,J-2024-03115,10,material,2024-06-18 06:27:00,2024-06-18 10:00:00,E1164
HD-32585,J-2024-03034,30,engineering,2024-06-18 10:06:00,2024-06-19 17:36:00,E1172
HD-32586,J-2024-02976,30,quality,2024-06-18 12:52:00,2024-06-19 22:24:00,E1172
HD-32587,J-2024-03096,40,customer,2024-06-18 19:52:00,2024-06-20 07:17:00,E1169
HD-32588,J-2024-03036,10,quality,2024-06-19 00:45:00,2024-06-20 06:01:00,E1166
HD-32589,J-2024-03141,10,material,2024-06-19 06:06:00,2024-06-19 10:00:00,E1172
HD-32590,J-2024-03137,10,material,2024-06-19 06:13:00,2024-06-19 10:00:00,E1172
HD-32591,J-2024-03081,20,quality,2024-06-19 06:33:00,2024-06-19 21:42:00,E1166
HD-32592,J-2024-02957,40,quality,2024-06-19 06:47:00,2024-06-20 00:32:00,E1166
HD-32593,J-2024-02910,60,engineering,2024-06-19 09:49:00,2024-06-20 07:44:00,E1169
HD-32594,J-2024-03070,30,quality,2024-06-19 09:57:00,2024-06-20 00:21:00,E1172
HD-32595,J-2024-03051,40,engineering,2024-06-19 10:02:00,2024-06-20 13:51:00,E1164
HD-32596,J-2024-03019,50,quality,2024-06-19 11:33:00,2024-06-19 23:41:00,E1164
HD-32597,J-2024-03102,10,other,2024-06-19 12:25:00,2024-06-20 22:33:00,E1172
HD-32598,J-2024-03023,40,quality,2024-06-19 12:43:00,2024-06-20 18:32:00,E1175
HD-32599,J-2024-02944,60,engineering,2024-06-19 12:53:00,2024-06-19 21:13:00,E1164
HD-32600,J-2024-02907,40,other,2024-06-19 20:10:00,2024-06-20 11:22:00,E1172
HD-32601,J-2024-03081,20,quality,2024-06-19 21:42:00,2024-06-21 00:30:00,E1169
HD-32602,J-2024-03019,50,quality,2024-06-19 23:41:00,2024-06-21 05:07:00,E1175
HD-32603,J-2024-03070,30,quality,2024-06-20 00:21:00,2024-06-20 13:47:00,E1174
HD-32604,J-2024-03151,10,material,2024-06-20 06:06:00,2024-06-20 10:00:00,E1164
HD-32605,J-2024-03148,10,material,2024-06-20 06:11:00,2024-06-24 10:00:00,E1174
HD-32606,J-2024-02833,60,engineering,2024-06-20 07:17:00,2024-06-24 00:00:00,E1172
HD-32607,J-2024-03048,50,engineering,2024-06-20 09:53:00,2024-06-21 11:46:00,E1172
HD-32608,J-2024-03139,30,customer,2024-06-20 09:54:00,2024-06-25 20:16:00,E1169
HD-32609,J-2024-03147,20,other,2024-06-20 09:59:00,2024-06-20 18:35:00,E1175
HD-32610,J-2024-03115,40,customer,2024-06-20 10:17:00,2024-06-24 00:05:00,E1174
HD-32611,J-2024-03093,40,tooling,2024-06-20 12:52:00,2024-06-20 22:06:00,E1166
HD-32612,J-2024-02504,50,other,2024-06-20 13:07:00,2024-06-21 06:10:00,E1172
HD-32613,J-2024-03109,20,tooling,2024-06-20 13:12:00,2024-06-21 07:29:00,E1175
HD-32614,J-2024-02895,40,quality,2024-06-20 16:14:00,2024-06-21 07:05:00,E1164
HD-32615,J-2024-03023,40,engineering,2024-06-20 18:32:00,2024-06-24 14:27:00,E1172
HD-32616,J-2024-02976,30,quality,2024-06-21 02:41:00,2024-06-21 08:44:00,E1172
HD-32617,J-2024-03169,10,material,2024-06-21 06:15:00,2024-06-21 10:00:00,E1166
HD-32618,J-2024-03160,10,material,2024-06-21 06:17:00,2024-06-24 10:00:00,E1172
HD-32619,J-2024-03181,10,material,2024-06-21 06:30:00,2024-06-24 10:00:00,E1175
HD-32620,J-2024-03185,30,quality,2024-06-21 16:58:00,2024-06-25 08:07:00,E1175
HD-32621,J-2024-02967,60,quality,2024-06-24 06:03:00,2024-06-25 07:32:00,E1174
HD-32622,J-2024-03201,10,material,2024-06-24 06:11:00,2024-06-28 10:00:00,E1175
HD-32623,J-2024-03081,50,other,2024-06-24 10:00:00,2024-06-24 19:09:00,E1166
HD-32624,J-2024-02937,30,quality,2024-06-24 11:26:00,2024-06-25 05:19:00,E1169
HD-32625,J-2024-03163,20,customer,2024-06-24 13:12:00,2024-06-27 11:31:00,E1169
HD-32626,J-2024-03152,30,customer,2024-06-24 13:29:00,2024-06-24 21:08:00,E1175
HD-32627,J-2024-03148,30,customer,2024-06-24 20:25:00,2024-06-26 20:03:00,E1166
HD-32628,J-2024-03203,10,customer,2024-06-25 06:00:00,2024-06-25 10:00:00,E1166
HD-32629,J-2024-03208,10,tooling,2024-06-25 06:03:00,2024-06-25 23:52:00,E1175
HD-32630,J-2024-03250,10,material,2024-06-25 06:03:00,2024-06-25 10:00:00,E1172
HD-32631,J-2024-03232,10,material,2024-06-25 06:09:00,2024-06-25 10:00:00,E1164
HD-32632,J-2024-03265,10,material,2024-06-25 06:10:00,2024-06-26 10:00:00,E1166
HD-32633,J-2024-03220,10,material,2024-06-25 06:12:00,2024-06-25 10:00:00,E1164
HD-32634,J-2024-03256,10,material,2024-06-25 06:19:00,2024-06-25 10:00:00,E1174
HD-32635,J-2024-03257,10,material,2024-06-25 06:21:00,2024-06-25 10:00:00,E1175
HD-32636,J-2024-03263,10,material,2024-06-25 06:22:00,2024-06-25 10:00:00,E1166
HD-32637,J-2024-03261,10,customer,2024-06-25 06:23:00,2024-06-25 10:00:00,E1166
HD-32638,J-2024-03223,10,material,2024-06-25 06:29:00,2024-06-26 10:00:00,E1174
HD-32639,J-2024-03085,40,other,2024-06-25 09:14:00,2024-06-26 15:52:00,E1169
HD-32640,J-2024-03023,60,tooling,2024-06-25 09:55:00,2024-06-27 00:00:00,E1169
HD-32641,J-2024-03232,10,quality,2024-06-25 17:32:00,2024-06-27 12:25:00,E1169
HD-32642,J-2024-03280,10,material,2024-06-26 06:09:00,2024-06-28 10:28:00,E1169
HD-32643,J-2024-03140,40,quality,2024-06-26 12:21:00,2024-06-28 03:09:00,E1169
HD-32644,J-2024-03275,30,quality,2024-06-26 19:59:00,2024-06-27 23:02:00,E1175
HD-32645,J-2024-03300,10,material,2024-06-27 06:02:00,2024-06-28 10:00:00,E1169
HD-32646,J-2024-03264,40,quality,2024-06-27 06:12:00,2024-06-28 11:36:00,E1175
HD-32647,J-2024-03304,10,material,2024-06-27 06:23:00,2024-06-27 10:00:00,E1175
HD-32648,J-2024-03024,40,quality,2024-06-27 06:24:00,2024-07-01 05:04:00,E1164
HD-32649,J-2024-03232,10,quality,2024-06-27 12:25:00,2024-06-28 05:49:00,E1174
HD-32650,J-2024-03203,30,tooling,2024-06-27 16:19:00,2024-06-28 03:03:00,E1166
HD-32651,J-2024-03157,70,other,2024-06-27 17:00:00,2024-06-28 14:47:00,E1164
HD-32652,J-2024-03322,10,material,2024-06-28 06:08:00,2024-07-08 10:00:00,E1164
HD-32653,J-2024-03309,10,other,2024-06-28 06:19:00,2024-07-01 03:13:00,E1172
HD-32654,J-2024-03327,10,material,2024-06-28 06:25:00,2024-06-28 10:00:00,E1166
HD-32655,J-2024-03286,30,tooling,2024-06-28 08:54:00,2024-07-02 01:07:00,E1169
HD-32656,J-2024-03232,30,tooling,2024-06-28 10:00:00,2024-07-01 05:23:00,E1174
HD-32657,J-2024-03318,20,engineering,2024-06-28 10:16:00,2024-07-01 15:07:00,E1166
HD-32658,J-2024-03264,40,quality,2024-06-28 11:36:00,2024-06-28 20:44:00,E1175
HD-32659,J-2024-03241,30,customer,2024-06-28 13:02:00,2024-07-03 20:37:00,E1166
HD-32660,J-2024-03348,10,material,2024-07-01 06:10:00,2024-07-03 10:00:00,E1169
HD-32661,J-2024-03352,10,material,2024-07-01 06:15:00,2024-07-01 10:00:00,E1174
HD-32662,J-2024-03342,10,material,2024-07-01 06:29:00,2024-07-03 10:00:00,E1174
HD-32663,J-2024-03171,50,tooling,2024-07-01 07:07:00,2024-07-01 13:55:00,E1169
HD-32664,J-2024-03183,50,quality,2024-07-01 08:03:00,2024-07-02 10:03:00,E1175
HD-32665,J-2024-03140,60,engineering,2024-07-01 10:00:00,2024-07-02 01:23:00,E1169
HD-32666,J-2024-03079,70,engineering,2024-07-01 12:52:00,2024-07-02 15:15:00,E1174
HD-32667,J-2024-03212,40,quality,2024-07-01 13:07:00,2024-07-02 04:39:00,E1174
HD-32668,J-2024-03030,40,quality,2024-07-01 19:51:00,2024-07-02 10:28:00,E1169
HD-32669,J-2024-03286,30,tooling,2024-07-02 01:07:00,2024-07-05 03:45:00,E1172
HD-32670,J-2024-03402,10,material,2024-07-02 06:03:00,2024-07-08 10:00:00,E1175
HD-32671,J-2024-03398,10,material,2024-07-02 06:06:00,2024-07-02 10:00:00,E1172
HD-32672,J-2024-03372,10,material,2024-07-02 06:07:00,2024-07-08 10:00:00,E1166
HD-32673,J-2024-03367,10,material,2024-07-02 06:10:00,2024-07-02 10:00:00,E1172
HD-32674,J-2024-03370,10,material,2024-07-02 06:17:00,2024-07-12 10:00:00,E1164
HD-32675,J-2024-03386,10,material,2024-07-02 06:17:00,2024-07-03 10:00:00,E1175
HD-32676,J-2024-03356,10,material,2024-07-02 06:20:00,2024-07-03 10:00:00,E1169
HD-32677,J-2024-03369,10,material,2024-07-02 06:22:00,2024-07-02 10:00:00,E1169
HD-32678,J-2024-03385,10,material,2024-07-02 06:27:00,2024-07-09 10:00:00,E1172
HD-32679,J-2024-03345,30,engineering,2024-07-02 09:42:00,2024-07-02 20:10:00,E1174
HD-32680,J-2024-03246,70,other,2024-07-02 09:48:00,2024-07-03 07:39:00,E1174
HD-32681,J-2024-03216,30,engineering,2024-07-02 09:49:00,2024-07-05 00:33:00,E1174
HD-32682,J-2024-03065,40,quality,2024-07-02 10:18:00,2024-07-03 21:39:00,E1175
HD-32683,J-2024-03408,10,material,2024-07-03 06:15:00,2024-07-03 10:00:00,E1175
HD-32684,J-2024-03418,10,material,2024-07-03 06:20:00,2024-07-05 10:00:00,E1166
HD-32685,J-2024-03423,10,other,2024-07-03 06:29:00,2024-07-03 18:46:00,E1174
HD-32686,J-2024-03373,40,customer,2024-07-03 09:44:00,2024-07-05 15:32:00,E1164
HD-32687,J-2024-03267,40,engineering,2024-07-03 10:03:00,2024-07-05 17:24:00,E1169
HD-32688,J-2024-03444,10,material,2024-07-05 06:19:00,2024-07-08 10:00:00,E1164
HD-32689,J-2024-03428,10,material,2024-07-05 06:29:00,2024-07-08 10:00:00,E1172
HD-32690,J-2024-03449,10,material,2024-07-05 06:29:00,2024-07-16 10:00:00,E1172
HD-32691,J-2024-03338,40,quality,2024-07-05 07:02:00,2024-07-08 14:26:00,E1166
HD-32692,J-2024-03194,40,material,2024-07-05 07:04:00,2024-07-08 17:48:00,E1174
HD-32693,J-2024-03391,20,material,2024-07-05 07:26:00,2024-07-08 06:15:00,E1172
HD-32694,J-2024-03265,50,other,2024-07-05 12:54:00,2024-07-08 11:30:00,E1172
HD-32695,J-2024-03406,20,tooling,2024-07-05 16:28:00,2024-07-08 09:21:00,E1174
HD-32696,J-2024-03453,10,material,2024-07-08 06:08:00,2024-07-19 10:00:00,E1169
HD-32697,J-2024-03346,60,tooling,2024-07-08 10:13:00,2024-07-09 03:16:00,E1166
HD-32698,J-2024-03210,30,engineering,2024-07-08 12:52:00,2024-07-09 14:16:00,E1172
HD-32699,J-2024-03273,30,customer,2024-07-08 13:14:00,2024-07-10 03:13:00,E1166
HD-32700,J-2024-03463,10,material,2024-07-09 06:18:00,2024-07-09 10:00:00,E1175
HD-32701,J-2024-03478,10,customer,2024-07-09 06:26:00,2024-07-12 03:13:00,E1172
HD-32702,J-2024-03490,10,other,2024-07-09 06:27:00,2024-07-09 16:34:00,E1175
HD-32703,J-2024-03459,10,material,2024-07-09 06:28:00,2024-07-19 10:00:00,E1164
HD-32704,J-2024-03400,20,customer,2024-07-09 07:04:00,2024-07-12 05:52:00,E1166
HD-32705,J-2024-03298,40,quality,2024-07-09 13:23:00,2024-07-10 20:06:00,E1174
HD-32706,J-2024-03501,10,material,2024-07-10 06:04:00,2024-07-10 10:00:00,E1164
HD-32707,J-2024-03499,10,material,2024-07-10 06:14:00,2024-07-12 10:00:00,E1166
HD-32708,J-2024-03497,10,material,2024-07-10 06:17:00,2024-07-10 10:00:00,E1172
HD-32709,J-2024-03424,40,quality,2024-07-10 10:56:00,2024-07-12 01:40:00,E1175
HD-32710,J-2024-03485,40,quality,2024-07-10 10:58:00,2024-07-12 16:05:00,E1164
HD-32711,J-2024-02976,60,other,2024-07-10 12:55:00,2024-07-11 00:34:00,E1164
HD-32712,J-2024-03322,40,quality,2024-07-10 13:15:00,2024-07-11 21:42:00,E1174
HD-32713,J-2024-03456,30,tooling,2024-07-10 16:38:00,2024-07-11 08:36:00,E1166
HD-32714,J-2024-03520,10,quality,2024-07-11 06:00:00,2024-07-18 10:00:00,E1174
HD-32715,J-2024-03512,10,engineering,2024-07-11 06:24:00,2024-07-12 11:03:00,E1169
HD-32716,J-2024-03446,40,quality,2024-07-11 09:36:00,2024-07-12 17:48:00,E1174
HD-32717,J-2024-02805,50,tooling,2024-07-11 09:57:00,2024-07-11 21:54:00,E1172
HD-32718,J-2024-03482,40,customer,2024-07-11 16:20:00,2024-07-15 08:20:00,E1175
HD-32719,J-2024-03424,40,quality,2024-07-12 01:40:00,2024-07-15 12:03:00,E1166
HD-32720,J-2024-03537,10,material,2024-07-12 06:01:00,2024-07-12 10:00:00,E1164
HD-32721,J-2024-03536,10,engineering,2024-07-12 06:30:00,2024-07-15 17:35:00,E1166
HD-32722,J-2024-03518,40,other,2024-07-12 09:56:00,2024-07-15 04:01:00,E1166
HD-32723,J-2024-03420,40,other,2024-07-12 10:24:00,2024-07-15 03:55:00,E1174
HD-32724,J-2024-03400,30,engineering,2024-07-12 13:03:00,2024-07-15 01:40:00,E1174
HD-32725,J-2024-03446,40,quality,2024-07-12 17:48:00,2024-07-16 01:16:00,E1172
HD-32726,J-2024-03437,40,quality,2024-07-12 19:37:00,2024-07-15 00:43:00,E1164
HD-32727,J-2024-03546,10,material,2024-07-15 06:10:00,2024-07-16 10:00:00,E1166
HD-32728,J-2024-03514,40,quality,2024-07-15 07:19:00,2024-07-17 06:34:00,E1169
HD-32729,J-2024-03223,70,customer,2024-07-15 10:07:00,2024-07-17 00:34:00,E1172
HD-32730,J-2024-03564,10,tooling,2024-07-16 06:06:00,2024-07-17 05:00:00,E1175
HD-32731,J-2024-03563,10,material,2024-07-16 06:10:00,2024-07-17 10:00:00,E1164
HD-32732,J-2024-03569,10,material,2024-07-16 06:16:00,2024-07-16 10:00:00,E1174
HD-32733,J-2024-03545,20,engineering,2024-07-16 06:56:00,2024-07-17 09:36:00,E1169
HD-32734,J-2024-03511,60,engineering,2024-07-16 07:21:00,2024-07-17 17:38:00,E1175
HD-32735,J-2024-03500,40,quality,2024-07-16 07:25:00,2024-07-16 19:55:00,E1172
HD-32736,J-2024-03504,30,tooling,2024-07-16 16:36:00,2024-07-18 04:15:00,E1172
HD-32737,J-2024-03594,10,engineering,2024-07-17 06:29:00,2024-07-18 14:44:00,E1169
HD-32738,J-2024-03514,40,quality,2024-07-17 06:34:00,2024-07-19 10:27:00,E1174
HD-32739,J-2024-03570,50,tooling,2024-07-17 10:01:00,2024-07-18 02:19:00,E1169
HD-32740,J-2024-03586,20,quality,2024-07-17 10:33:00,2024-07-19 01:02:00,E1164
HD-32741,J-2024-03469,60,customer,2024-07-17 12:56:00,2024-07-18 05:48:00,E1166
HD-32742,J-2024-03557,50,customer,2024-07-17 13:22:00,2024-07-18 08:01:00,E1169
HD-32743,J-2024-03579,40,tooling,2024-07-17 16:27:00,2024-07-18 08:39:00,E1175
HD-32744,J-2024-03474,60,customer,2024-07-18 10:23:00,2024-07-23 11:06:00,E1166
HD-32745,J-2024-03599,40,engineering,2024-07-18 16:20:00,2024-07-22 10:10:00,E1175
HD-32746,J-2024-03586,20,quality,2024-07-19 01:02:00,2024-07-23 09:02:00,E1174
HD-32747,J-2024-03609,10,other,2024-07-19 06:14:00,2024-07-19 10:00:00,E1169
HD-32748,J-2024-03620,10,other,2024-07-19 06:14:00,2024-07-22 02:58:00,E1172
HD-32749,J-2024-03611,10,material,2024-07-19 06:21:00,2024-07-24 10:00:00,E1164
HD-32750,J-2024-03634,10,material,2024-07-19 06:21:00,2024-07-19 10:00:00,E1174
HD-32751,J-2024-03603,30,tooling,2024-07-19 06:46:00,2024-07-19 23:19:00,E1172
HD-32752,J-2024-03626,30,quality,2024-07-19 12:42:00,2024-07-22 16:59:00,E1169
HD-32753,J-2024-03413,30,engineering,2024-07-19 16:54:00,2024-07-22 12:35:00,E1175
HD-32754,J-2024-03643,10,material,2024-07-22 06:26:00,2024-07-29 10:00:00,E1169
HD-32755,J-2024-03674,10,material,2024-07-23 06:08:00,2024-07-26 10:00:00,E1175
HD-32756,J-2024-03669,10,material,2024-07-23 06:11:00,2024-07-30 10:00:00,E1174
HD-32757,J-2024-03688,10,material,2024-07-23 06:17:00,2024-07-25 10:00:00,E1164
HD-32758,J-2024-03682,10,material,2024-07-23 06:22:00,2024-08-02 10:00:00,E1174
HD-32759,J-2024-03656,10,material,2024-07-23 06:23:00,2024-08-01 10:00:00,E1164
HD-32760,J-2024-03666,10,material,2024-07-23 06:27:00,2024-07-23 10:00:00,E1174
HD-32761,J-2024-03622,40,quality,2024-07-23 07:23:00,2024-07-24 16:23:00,E1166
HD-32762,J-2024-03522,40,quality,2024-07-23 08:23:00,2024-07-24 05:20:00,E1166
HD-32763,J-2024-03636,10,quality,2024-07-23 10:17:00,2024-07-24 13:02:00,E1164
HD-32764,J-2024-03681,20,quality,2024-07-23 10:29:00,2024-07-24 01:49:00,E1172
HD-32765,J-2024-03588,40,engineering,2024-07-23 12:42:00,2024-07-24 21:09:00,E1172
HD-32766,J-2024-03671,30,customer,2024-07-23 16:47:00,2024-07-26 01:50:00,E1169
HD-32767,J-2024-03522,40,quality,2024-07-24 05:20:00,2024-07-26 21:55:00,E1172
HD-32768,J-2024-03694,10,material,2024-07-24 06:22:00,2024-07-24 10:00:00,E1175
HD-32769,J-2024-03709,10,material,2024-07-24 06:29:00,2024-07-25 10:00:00,E1169
HD-32770,J-2024-03509,40,engineering,2024-07-24 12:58:00,2024-07-25 01:02:00,E1174
HD-32771,J-2024-03636,10,customer,2024-07-24 13:02:00,2024-07-24 22:58:00,E1175
HD-32772,J-2024-03544,40,customer,2024-07-24 13:28:00,2024-07-30 08:54:00,E1164
HD-32773,J-2024-03720,10,material,2024-07-25 06:01:00,2024-08-07 10:00:00,E1175
HD-32774,J-2024-03732,10,material,2024-07-25 06:08:00,2024-07-25 10:00:00,E1174
HD-32775,J-2024-03723,10,material,2024-07-25 06:12:00,2024-07-29 10:00:00,E1175
HD-32776,J-2024-03729,10,engineering,2024-07-25 06:12:00,2024-07-25 20:49:00,E1174
HD-32777,J-2024-03715,10,engineering,2024-07-25 06:27:00,2024-07-29 00:20:00,E1175
HD-32778,J-2024-03699,50,other,2024-07-25 09:48:00,2024-07-26 07:43:00,E1172
HD-32779,J-2024-03651,40,quality,2024-07-25 10:20:00,2024-07-26 19:20:00,E1169
HD-32780,J-2024-03672,40,quality,2024-07-26 00:00:00,2024-07-30 05:28:00,E1175
HD-32781,J-2024-03735,10,customer,2024-07-26 06:01:00,2024-07-31 07:58:00,E1175
HD-32782,J-2024-03737,10,material,2024-07-26 06:11:00,2024-08-01 10:00:00,E1174
HD-32783,J-2024-03747,20,customer,2024-07-26 10:16:00,2024-07-31 09:08:00,E1164
HD-32784,J-2024-03691,80,engineering,2024-07-26 13:29:00,2024-07-29 20:51:00,E1174
HD-32785,J-2024-03742,20,quality,2024-07-26 15:10:00,2024-07-30 06:38:00,E1175
HD-32786,J-2024-03781,10,material,2024-07-29 06:12:00,2024-07-30 10:00:00,E1174
HD-32787,J-2024-03776,10,material,2024-07-29 06:16:00,2024-08-08 10:00:00,E1174
HD-32788,J-2024-03775,10,other,2024-07-29 06:24:00,2024-07-29 15:10:00,E1172
HD-32789,J-2024-03762,10,material,2024-07-29 06:27:00,2024-07-31 10:00:00,E1172
HD-32790,J-2024-03703,70,engineering,2024-07-29 13:04:00,2024-07-30 06:47:00,E1164
HD-32791,J-2024-03646,40,material,2024-07-29 13:30:00,2024-07-30 14:08:00,E1164
HD-32792,J-2024-03807,10,quality,2024-07-30 06:09:00,2024-08-01 10:00:00,E1175
HD-32793,J-2024-03806,10,material,2024-07-30 06:14:00,2024-07-30 10:00:00,E1166
HD-32794,J-2024-03791,10,material,2024-07-30 06:15:00,2024-07-30 10:00:00,E1174
HD-32795,J-2024-03795,10,engineering,2024-07-30 06:16:00,2024-08-01 10:00:00,E1172
HD-32796,J-2024-03793,10,material,2024-07-30 06:23:00,2024-07-30 10:00:00,E1169
HD-32797,J-2024-03797,10,engineering,2024-07-30 06:27:00,2024-07-30 19:03:00,E1174
HD-32798,J-2024-03754,40,customer,2024-07-30 09:50:00,2024-08-05 08:36:00,E1175
HD-32799,J-2024-03757,60,other,2024-07-30 09:58:00,2024-07-30 20:14:00,E1175
HD-32800,J-2024-03658,60,tooling,2024-07-30 12:47:00,2024-07-31 11:46:00,E1174
HD-32801,J-2024-03773,40,customer,2024-07-30 16:26:00,2024-08-01 17:16:00,E1169
HD-32802,J-2024-03839,10,material,2024-07-31 06:04:00,2024-08-12 10:00:00,E1164
HD-32803,J-2024-03837,10,material,2024-07-31 06:19:00,2024-08-07 10:00:00,E1175
HD-32804,J-2024-03814,30,quality,2024-07-31 06:54:00,2024-08-01 00:32:00,E1175
HD-32805,J-2024-03646,40,other,2024-07-31 08:26:00,2024-07-31 22:49:00,E1172
HD-32806,J-2024-03793,30,engineering,2024-07-31 10:11:00,2024-08-02 03:30:00,E1164
HD-32807,J-2024-03662,60,engineering,2024-07-31 10:16:00,2024-08-01 15:20:00,E1169
HD-32808,J-2024-03797,20,quality,2024-07-31 10:52:00,2024-08-01 21:52:00,E1169
HD-32809,J-2024-03822,30,other,2024-07-31 13:13:00,2024-08-01 09:04:00,E1169
HD-32810,J-2024-03805,40,material,2024-07-31 16:21:00,2024-08-01 14:36:00,E1169
HD-32811,J-2024-03646,40,quality,2024-07-31 22:49:00,2024-08-01 17:44:00,E1172
HD-32812,J-2024-03852,10,quality,2024-08-01 06:23:00,2024-08-16 10:00:00,E1169
HD-32813,J-2024-03810,20,quality,2024-08-01 08:51:00,2024-08-02 13:33:00,E1172
HD-32814,J-2024-03760,60,other,2024-08-01 10:00:00,2024-08-01 16:31:00,E1172
HD-32815,J-2024-03891,10,material,2024-08-02 06:01:00,2024-08-02 10:00:00,E1166
HD-32816,J-2024-03893,10,material,2024-08-02 06:03:00,2024-08-12 10:00:00,E1169
HD-32817,J-2024-03873,10,material,2024-08-02 06:25:00,2024-08-02 10:00:00,E1164
HD-32818,J-2024-03850,50,engineering,2024-08-02 09:47:00,2024-08-06 04:59:00,E1169
HD-32819,J-2024-03723,70,engineering,2024-08-02 10:14:00,2024-08-05 08:19:00,E1169
HD-32820,J-2024-03810,20,quality,2024-08-02 13:33:00,2024-08-06 00:44:00,E1172
HD-32821,J-2024-03908,10,material,2024-08-05 06:26:00,2024-08-05 10:00:00,E1164
HD-32822,J-2024-03754,40,quality,2024-08-05 09:20:00,2024-08-06 09:06:00,E1164
HD-32823,J-2024-03819,70,customer,2024-08-05 09:59:00,2024-08-07 10:49:00,E1175
HD-32824,J-2024-03862,40,quality,2024-08-05 11:51:00,2024-08-07 03:36:00,E1174
HD-32825,J-2024-03929,10,material,2024-08-06 06:02:00,2024-08-06 10:00:00,E1169
HD-32826,J-2024-03912,10,material,2024-08-06 06:06:00,2024-08-06 10:00:00,E1166
HD-32827,J-2024-03911,10,material,2024-08-06 06:11:00,2024-08-14 10:00:00,E1175
HD-32828,J-2024-03919,10,material,2024-08-06 06:11:00,2024-08-06 10:00:00,E1172
HD-32829,J-2024-03930,10,material,2024-08-06 06:13:00,2024-08-07 10:00:00,E1169
HD-32830,J-2024-03931,10,material,2024-08-06 06:22:00,2024-08-07 10:00:00,E1175
HD-32831,J-2024-03915,10,material,2024-08-06 06:25:00,2024-08-07 10:00:00,E1166
HD-32832,J-2024-03947,10,other,2024-08-06 06:25:00,2024-08-06 14:59:00,E1175
HD-32833,J-2024-03941,10,material,2024-08-06 06:26:00,2024-08-14 10:00:00,E1169
HD-32834,J-2024-03883,30,quality,2024-08-06 06:41:00,2024-08-08 00:14:00,E1174
HD-32835,J-2024-03810,30,engineering,2024-08-06 07:20:00,2024-08-07 02:48:00,E1174
HD-32836,J-2024-03754,40,quality,2024-08-06 09:06:00,2024-08-08 15:58:00,E1164
HD-32837,J-2024-03742,60,customer,2024-08-06 09:49:00,2024-08-12 07:38:00,E1166
HD-32838,J-2024-03875,40,customer,2024-08-06 10:15:00,2024-08-07 23:01:00,E1169
HD-32839,J-2024-03862,40,quality,2024-08-07 03:36:00,2024-08-08 12:37:00,E1166
HD-32840,J-2024-03958,10,material,2024-08-07 06:06:00,2024-08-14 10:00:00,E1166
HD-32841,J-2024-03957,10,customer,2024-08-07 06:10:00,2024-08-07 10:00:00,E1166
HD-32842,J-2024-03968,10,material,2024-08-07 06:12:00,2024-08-09 10:00:00,E1164
HD-32843,J-2024-03966,10,material,2024-08-07 06:17:00,2024-08-07 10:00:00,E1175
HD-32844,J-2024-03877,80,tooling,2024-08-07 07:16:00,2024-08-08 01:17:00,E1174
HD-32845,J-2024-03832,50,customer,2024-08-07 09:48:00,2024-08-08 13:36:00,E1172
HD-32846,J-2024-03886,30,engineering,2024-08-07 09:54:00,2024-08-08 06:45:00,E1169
HD-32847,J-2024-03888,30,engineering,2024-08-07 09:59:00,2024-08-08 21:49:00,E1175
HD-32848,J-2024-03981,10,material,2024-08-08 06:07:00,2024-08-19 10:00:00,E1174
HD-32849,J-2024-03973,10,material,2024-08-08 06:13:00,2024-08-12 10:00:00,E1172
HD-32850,J-2024-03986,10,material,2024-08-08 06:26:00,2024-08-08 10:00:00,E1172
HD-32851,J-2024-03990,10,material,2024-08-08 06:30:00,2024-08-12 10:00:00,E1175
HD-32852,J-2024-03963,40,tooling,2024-08-08 07:23:00,2024-08-09 05:09:00,E1174
HD-32853,J-2024-03906,40,quality,2024-08-08 10:49:00,2024-08-09 23:32:00,E1172
HD-32854,J-2024-03720,30,engineering,2024-08-08 16:27:00,2024-08-09 09:27:00,E1172
HD-32855,J-2024-03976,20,other,2024-08-08 20:30:00,2024-08-09 08:56:00,E1169
HD-32856,J-2024-03955,40,quality,2024-08-09 05:45:00,2024-08-13 03:58:00,E1164
HD-32857,J-2024-04004,10,material,2024-08-09 06:07:00,2024-08-09 10:00:00,E1175
HD-32858,J-2024-04010,10,material,2024-08-09 06:24:00,2024-08-21 10:00:00,E1172
HD-32859,J-2024-04002,10,material,2024-08-09 06:27:00,2024-08-13 10:00:00,E1172
HD-32860,J-2024-03927,40,quality,2024-08-09 10:15:00,2024-08-09 20:55:00,E1172
HD-32861,J-2024-03999,30,customer,2024-08-09 13:01:00,2024-08-14 23:31:00,E1164
HD-32862,J-2024-04018,10,material,2024-08-12 06:25:00,2024-08-19 10:00:00,E1175
HD-32863,J-2024-04009,40,quality,2024-08-12 10:11:00,2024-08-13 20:45:00,E1174
HD-32864,J-2024-03985,30,quality,2024-08-12 14:48:00,2024-08-15 03:38:00,E1174
HD-32865,J-2024-03893,30,engineering,2024-08-12 16:26:00,2024-08-14 08:31:00,E1164
HD-32866,J-2024-03738,40,quality,2024-08-13 02:38:00,2024-08-15 03:16:00,E1174
HD-32867,J-2024-04044,10,material,2024-08-13 06:14:00,2024-08-13 10:00:00,E1175
HD-32868,J-2024-04043,10,material,2024-08-13 06:19:00,2024-08-16 10:00:00,E1164
HD-32869,J-2024-04000,40,quality,2024-08-13 06:51:00,2024-08-14 05:04:00,E1169
HD-32870,J-2024-04015,30,tooling,2024-08-13 09:52:00,2024-08-14 08:32:00,E1174
HD-32871,J-2024-04050,20,tooling,2024-08-13 10:18:00,2024-08-14 04:57:00,E1169
HD-32872,J-2024-04022,40,customer,2024-08-13 13:09:00,2024-08-15 12:14:00,E1164
HD-32873,J-2024-03974,20,other,2024-08-13 16:42:00,2024-08-14 17:53:00,E1174
HD-32874,J-2024-04066,20,other,2024-08-14 09:47:00,2024-08-14 23:08:00,E1166
HD-32875,J-2024-04013,10,quality,2024-08-14 11:33:00,2024-08-16 03:17:00,E1169
HD-32876,J-2024-04033,30,quality,2024-08-14 22:28:00,2024-08-15 13:00:00,E1172
HD-32877,J-2024-04082,10,material,2024-08-15 06:06:00,2024-08-16 10:00:00,E1174
HD-32878,J-2024-04071,10,material,2024-08-15 06:08:00,2024-08-19 10:00:00,E1164
HD-32879,J-2024-04077,10,material,2024-08-15 06:28:00,2024-08-26 10:00:00,E1174
HD-32880,J-2024-04020,40,customer,2024-08-15 13:35:00,2024-08-19 01:02:00,E1166
HD-32881,J-2024-04055,40,engineering,2024-08-15 16:59:00,2024-08-19 16:01:00,E1164
HD-32882,J-2024-03990,10,quality,2024-08-15 19:43:00,2024-08-16 02:19:00,E1174
HD-32883,J-2024-03999,30,tooling,2024-08-16 05:50:00,2024-08-19 10:20:00,E1166
HD-32884,J-2024-04104,10,customer,2024-08-16 06:06:00,2024-08-20 22:40:00,E1164
HD-32885,J-2024-04002,40,quality,2024-08-16 09:13:00,2024-08-20 02:45:00,E1175
HD-32886,J-2024-03941,40,engineering,2024-08-16 13:21:00,2024-08-19 02:38:00,E1172
HD-32887,J-2024-04106,10,engineering,2024-08-19 06:07:00,2024-08-19 10:00:00,E1175
HD-32888,J-2024-04107,10,material,2024-08-19 06:15:00,2024-08-29 10:00:00,E1166
HD-32889,J-2024-04129,10,material,2024-08-19 06:30:00,2024-08-21 10:00:00,E1164
HD-32890,J-2024-04101,30,quality,2024-08-19 09:10:00,2024-08-20 21:43:00,E1174
HD-32891,J-2024-04170,10,other,2024-08-20 06:20:00,2024-08-22 10:00:00,E1172
HD-32892,J-2024-04133,10,material,2024-08-20 06:25:00,2024-08-20 10:00:00,E1172
HD-32893,J-2024-04117,20,other,2024-08-20 06:43:00,2024-08-21 05:08:00,E1169
HD-32894,J-2024-04088,50,quality,2024-08-20 08:47:00,2024-08-21 15:42:00,E1175
HD-32895,J-2024-04149,20,engineering,2024-08-20 16:28:00,2024-08-22 12:58:00,E1169
HD-32896,J-2024-04101,30,material,2024-08-20 21:43:00,2024-08-23 05:27:00,E1166
HD-32897,J-2024-04190,10,other,2024-08-21 06:04:00,2024-08-21 10:00:00,E1169
HD-32898,J-2024-04174,10,material,2024-08-21 06:14:00,2024-08-21 10:00:00,E1172
HD-32899,J-2024-04043,30,quality,2024-08-21 06:43:00,2024-08-22 15:05:00,E1169
HD-32900,J-2024-04184,20,tooling,2024-08-21 10:17:00,2024-08-22 06:35:00,E1174
HD-32901,J-2024-03988,60,customer,2024-08-21 13:13:00,2024-08-26 12:58:00,E1164
HD-32902,J-2024-04036,30,quality,2024-08-21 17:00:00,2024-08-22 12:45:00,E1174
HD-32903,J-2024-04071,40,engineering,2024-08-21 19:50:00,2024-08-23 09:12:00,E1172
HD-32904,J-2024-04144,20,customer,2024-08-21 23:06:00,2024-08-26 20:22:00,E1164
HD-32905,J-2024-04197,10,material,2024-08-22 06:10:00,2024-08-22 10:00:00,E1172
HD-32906,J-2024-04206,10,quality,2024-08-22 06:12:00,2024-08-23 10:00:00,E1174
HD-32907,J-2024-04201,10,material,2024-08-22 06:21:00,2024-08-23 10:00:00,E1175
HD-32908,J-2024-04199,10,engineering,2024-08-22 06:24:00,2024-08-26 10:00:00,E1172
HD-32909,J-2024-04191,10,material,2024-08-22 06:27:00,2024-08-27 10:00:00,E1174
HD-32910,J-2024-04039,50,engineering,2024-08-22 10:27:00,2024-08-26 04:18:00,E1169
HD-32911,J-2024-04137,10,quality,2024-08-22 14:28:00,2024-08-26 09:30:00,E1175
HD-32912,J-2024-04190,10,quality,2024-08-22 21:41:00,2024-08-27 00:26:00,E1166
HD-32913,J-2024-04219,10,material,2024-08-23 06:09:00,2024-08-23 10:00:00,E1166
HD-32914,J-2024-04155,60,engineering,2024-08-23 09:50:00,2024-08-27 05:38:00,E1164
HD-32915,J-2024-04230,10,quality,2024-08-26 06:19:00,2024-09-09 10:00:00,E1174
HD-32916,J-2024-04145,40,other,2024-08-26 10:07:00,2024-08-27 22:26:00,E1169
HD-32917,J-2024-04062,30,quality,2024-08-26 13:33:00,2024-08-27 06:18:00,E1169
HD-32918,J-2024-04131,40,quality,2024-08-27 04:11:00,2024-08-27 23:18:00,E1174
HD-32919,J-2024-04271,10,other,2024-08-27 06:05:00,2024-08-28 04:18:00,E1175
HD-32920,J-2024-04293,10,material,2024-08-27 06:22:00,2024-09-10 10:00:00,E1175
HD-32921,J-2024-04274,10,material,2024-08-27 06:23:00,2024-09-04 10:00:00,E1169
HD-32922,J-2024-04264,10,material,2024-08-27 06:26:00,2024-09-06 10:00:00,E1169
HD-32923,J-2024-04137,30,engineering,2024-08-27 09:55:00,2024-08-28 11:34:00,E1169
HD-32924,J-2024-04246,20,engineering,2024-08-27 12:59:00,2024-08-28 01:19:00,E1172
HD-32925,J-2024-04314,10,material,2024-08-28 06:14:00,2024-08-29 10:00:00,E1166
HD-32926,J-2024-04299,10,material,2024-08-28 06:22:00,2024-08-28 10:00:00,E1169
HD-32927,J-2024-04262,60,other,2024-08-28 16:59:00,2024-08-29 02:59:00,E1174
HD-32928,J-2024-04153,30,quality,2024-08-28 19:44:00,2024-08-29 18:33:00,E1175
HD-32929,J-2024-04322,10,customer,2024-08-29 06:04:00,2024-09-04 15:54:00,E1166
HD-32930,J-2024-04320,10,material,2024-08-29 06:12:00,2024-09-03 10:00:00,E1175
HD-32931,J-2024-04349,10,other,2024-08-29 06:17:00,2024-08-29 17:57:00,E1166
HD-32932,J-2024-04340,10,engineering,2024-08-29 06:17:00,2024-09-03 09:34:00,E1169
HD-32933,J-2024-04333,10,material,2024-08-29 06:27:00,2024-08-29 10:00:00,E1175
HD-32934,J-2024-04271,30,quality,2024-08-29 07:08:00,2024-09-03 00:45:00,E1166
HD-32935,J-2024-04348,20,tooling,2024-08-29 13:03:00,2024-08-30 05:09:00,E1166
HD-32936,J-2024-04106,80,other,2024-08-29 13:18:00,2024-08-29 21:24:00,E1164
HD-32937,J-2024-04138,30,other,2024-08-29 19:42:00,2024-08-30 14:33:00,E1175
HD-32938,J-2024-04199,40,quality,2024-08-29 20:08:00,2024-08-30 20:52:00,E1174
HD-32939,J-2024-04329,30,quality,2024-08-29 20:14:00,2024-08-30 08:33:00,E1174
HD-32940,J-2024-04359,10,material,2024-08-30 06:05:00,2024-09-10 10:00:00,E1166
HD-32941,J-2024-04351,10,material,2024-08-30 06:06:00,2024-09-05 10:00:00,E1175
HD-32942,J-2024-04354,10,material,2024-08-30 06:08:00,2024-09-04 10:00:00,E1164
HD-32943,J-2024-04377,10,material,2024-08-30 06:13:00,2024-09-03 10:00:00,E1166
HD-32944,J-2024-04384,10,engineering,2024-08-30 06:28:00,2024-08-30 18:10:00,E1164
HD-32945,J-2024-04280,40,quality,2024-08-30 07:01:00,2024-08-30 19:57:00,E1172
HD-32946,J-2024-04284,40,quality,2024-08-30 07:25:00,2024-08-30 13:07:00,E1175
HD-32947,J-2024-04333,10,customer,2024-08-30 18:13:00,2024-09-03 07:25:00,E1174
HD-32948,J-2024-04271,30,quality,2024-09-03 00:45:00,2024-09-03 12:13:00,E1166
HD-32949,J-2024-04402,10,material,2024-09-03 06:02:00,2024-09-12 10:00:00,E1175
HD-32950,J-2024-04417,10,material,2024-09-03 06:06:00,2024-09-05 10:00:00,E1166
HD-32951,J-2024-04396,10,material,2024-09-03 06:07:00,2024-09-13 10:00:00,E1164
HD-32952,J-2024-04412,10,material,2024-09-03 06:10:00,2024-09-06 10:00:00,E1175
HD-32953,J-2024-04413,10,material,2024-09-03 06:17:00,2024-09-03 10:00:00,E1172
HD-32954,J-2024-04091,40,quality,2024-09-03 09:52:00,2024-09-04 08:33:00,E1169
HD-32955,J-2024-04443,10,material,2024-09-04 06:08:00,2024-09-04 10:00:00,E1172
HD-32956,J-2024-04439,10,tooling,2024-09-04 06:13:00,2024-09-04 10:00:00,E1172
HD-32957,J-2024-04431,10,material,2024-09-04 06:19:00,2024-09-16 10:00:00,E1166
HD-32958,J-2024-04384,40,material,2024-09-04 10:26:00,2024-09-06 02:50:00,E1164
HD-32959,J-2024-04439,30,engineering,2024-09-04 16:37:00,2024-09-05 05:45:00,E1174
HD-32960,J-2024-04199,40,quality,2024-09-04 20:18:00,2024-09-06 02:29:00,E1164
HD-32961,J-2024-04468,10,material,2024-09-05 06:13:00,2024-09-05 10:00:00,E1164
HD-32962,J-2024-04252,40,quality,2024-09-05 10:00:00,2024-09-06 03:32:00,E1166
HD-32963,J-2024-04373,50,customer,2024-09-05 13:22:00,2024-09-06 16:44:00,E1172
HD-32964,J-2024-04475,10,customer,2024-09-06 06:21:00,2024-09-11 22:00:00,E1164
HD-32965,J-2024-04498,10,material,2024-09-06 06:24:00,2024-09-09 10:00:00,E1175
HD-32966,J-2024-04500,10,quality,2024-09-06 06:29:00,2024-09-06 10:00:00,E1172
HD-32967,J-2024-04231,40,other,2024-09-06 06:50:00,2024-09-09 06:07:00,E1166
HD-32968,J-2024-04456,20,quality,2024-09-06 10:40:00,2024-09-09 04:37:00,E1169
HD-32969,J-2024-04501,30,engineering,2024-09-06 12:49:00,2024-09-09 19:04:00,E1175
HD-32970,J-2024-04473,10,customer,2024-09-06 16:04:00,2024-09-10 13:20:00,E1172
HD-32971,J-2024-04456,20,quality,2024-09-09 04:37:00,2024-09-11 19:17:00,E1175
HD-32972,J-2024-04424,20,quality,2024-09-09 04:39:00,2024-09-11 23:31:00,E1172
HD-32973,J-2024-04505,10,material,2024-09-09 06:07:00,2024-09-10 10:00:00,E1172
HD-32974,J-2024-04445,30,quality,2024-09-09 06:46:00,2024-09-10 13:09:00,E1169
HD-32975,J-2024-04483,20,other,2024-09-09 13:12:00,2024-09-13 06:55:00,E1166
HD-32976,J-2024-04062,60,engineering,2024-09-09 13:16:00,2024-09-10 20:12:00,E1175
HD-32977,J-2024-04531,10,quality,2024-09-10 06:08:00,2024-09-10 10:00:00,E1164
HD-32978,J-2024-04541,10,customer,2024-09-10 06:09:00,2024-09-11 10:00:00,E1174
HD-32979,J-2024-04547,10,material,2024-09-10 06:16:00,2024-09-10 10:00:00,E1169
HD-32980,J-2024-04554,10,material,2024-09-10 06:23:00,2024-09-10 10:00:00,E1175
HD-32981,J-2024-04543,10,material,2024-09-10 06:28:00,2024-09-13 10:00:00,E1169
HD-32982,J-2024-04357,80,customer,2024-09-10 10:09:00,2024-09-12 05:01:00,E1172
HD-32983,J-2024-04473,10,quality,2024-09-10 13:20:00,2024-09-11 04:10:00,E1164
HD-32984,J-2024-04442,40,quality,2024-09-10 20:09:00,2024-09-11 13:59:00,E1174
HD-32985,J-2024-04568,10,material,2024-09-11 06:19:00,2024-09-16 10:00:00,E1172
HD-32986,J-2024-04582,10,material,2024-09-11 06:20:00,2024-09-13 10:00:00,E1166
HD-32987,J-2024-04545,40,engineering,2024-09-11 06:52:00,2024-09-12 05:10:00,E1166
HD-32988,J-2024-04567,20,other,2024-09-11 16:24:00,2024-09-12 01:19:00,E1169
HD-32989,J-2024-04293,40,tooling,2024-09-11 16:34:00,2024-09-12 03:32:00,E1169
HD-32990,J-2024-04293,40,quality,2024-09-12 03:32:00,2024-09-12 17:46:00,E1174
HD-32991,J-2024-04595,10,material,2024-09-12 06:25:00,2024-09-24 10:00:00,E1175
HD-32992,J-2024-04351,40,quality,2024-09-12 06:43:00,2024-09-13 05:27:00,E1169
HD-32993,J-2024-04302,50,other,2024-09-12 09:57:00,2024-09-12 17:14:00,E1164
HD-32994,J-2024-04536,50,engineering,2024-09-12 10:26:00,2024-09-13 21:15:00,E1175
HD-32995,J-2024-04620,10,tooling,2024-09-13 06:07:00,2024-09-16 04:30:00,E1169
HD-32996,J-2024-04628,10,material,2024-09-13 06:13:00,2024-09-17 10:00:00,E1166
HD-32997,J-2024-04635,10,material,2024-09-13 06:24:00,2024-09-16 10:00:00,E1175
HD-32998,J-2024-04587,30,customer,2024-09-13 10:13:00,2024-09-17 19:03:00,E1169
HD-32999,J-2024-04465,70,tooling,2024-09-13 13:14:00,2024-09-16 06:59:00,E1174
HD-33000,J-2024-04540,40,customer,2024-09-13 16:30:00,2024-09-16 16:16:00,E1175
HD-33001,J-2024-04646,20,engineering,2024-09-16 10:25:00,2024-09-17 09:42:00,E1175
HD-33002,J-2024-04402,30,quality,2024-09-16 13:29:00,2024-09-17 22:06:00,E1166
HD-33003,J-2024-04607,20,other,2024-09-16 16:48:00,2024-09-17 05:51:00,E1169
HD-33004,J-2024-04529,20,quality,2024-09-16 20:28:00,2024-09-17 08:57:00,E1166
HD-33005,J-2024-04703,10,engineering,2024-09-17 06:06:00,2024-09-18 10:00:00,E1174
HD-33006,J-2024-04659,10,material,2024-09-17 06:09:00,2024-09-25 10:00:00,E1174
HD-33007,J-2024-04689,10,tooling,2024-09-17 06:14:00,2024-09-18 10:00:00,E1164
HD-33008,J-2024-04649,10,material,2024-09-17 06:24:00,2024-09-17 10:00:00,E1174
HD-33009,J-2024-04529,20,quality,2024-09-17 08:57:00,2024-09-18 20:21:00,E1166
HD-33010,J-2024-04543,50,quality,2024-09-17 10:46:00,2024-09-18 15:11:00,E1175
HD-33011,J-2024-04468,30,quality,2024-09-17 16:14:00,2024-09-18 07:11:00,E1166
HD-33012,J-2024-04726,10,material,2024-09-18 06:09:00,2024-09-18 10:00:00,E1172
HD-33013,J-2024-04723,10,tooling,2024-09-18 06:28:00,2024-09-18 18:37:00,E1174
HD-33014,J-2024-04676,20,tooling,2024-09-18 06:48:00,2024-09-19 12:01:00,E1175
HD-33015,J-2024-04644,50,engineering,2024-09-18 10:06:00,2024-09-20 03:28:00,E1174
HD-33016,J-2024-04711,20,engineering,2024-09-18 10:12:00,2024-09-19 23:06:00,E1164
HD-33017,J-2024-04331,80,engineering,2024-09-18 13:03:00,2024-09-18 21:28:00,E1164
HD-33018,J-2024-04372,40,customer,2024-09-18 13:27:00,2024-09-24 13:11:00,E1175
HD-33019,J-2024-04735,10,engineering,2024-09-19 06:18:00,2024-09-19 18:59:00,E1169
HD-33020,J-2024-04732,10,material,2024-09-19 06:22:00,2024-09-24 10:00:00,E1172
HD-33021,J-2024-04458,60,quality,2024-09-19 07:42:00,2024-09-20 19:54:00,E1174
HD-33022,J-2024-04264,40,customer,2024-09-19 10:11:00,2024-09-20 15:20:00,E1175
HD-33023,J-2024-04642,70,tooling,2024-09-19 12:50:00,2024-09-20 05:39:00,E1174
HD-33024,J-2024-04616,50,tooling,2024-09-19 13:09:00,2024-09-19 23:00:00,E1164
HD-33025,J-2024-04713,20,engineering,2024-09-19 19:45:00,2024-09-20 09:40:00,E1166
HD-33026,J-2024-04759,10,material,2024-09-20 06:02:00,2024-09-20 10:00:00,E1166
HD-33027,J-2024-04756,10,tooling,2024-09-20 06:11:00,2024-09-23 04:47:00,E1164
HD-33028,J-2024-04374,40,quality,2024-09-20 09:39:00,2024-09-24 06:54:00,E1169
HD-33029,J-2024-04469,40,engineering,2024-09-20 10:12:00,2024-09-24 07:02:00,E1172
HD-33030,J-2024-04396,30,quality,2024-09-20 21:44:00,2024-09-25 15:37:00,E1164
HD-33031,J-2024-04777,10,tooling,2024-09-23 06:02:00,2024-09-23 17:33:00,E1175
HD-33032,J-2024-04793,10,material,2024-09-23 06:19:00,2024-10-04 10:00:00,E1164
HD-33033,J-2024-04773,10,engineering,2024-09-23 06:26:00,2024-09-24 21:54:00,E1172
HD-33034,J-2024-04618,20,tooling,2024-09-23 07:18:00,2024-09-23 15:01:00,E1166
HD-33035,J-2024-04794,40,quality,2024-09-23 16:42:00,2024-09-24 11:09:00,E1169
HD-33036,J-2024-04752,10,quality,2024-09-24 02:37:00,2024-09-25 19:01:00,E1174
HD-33037,J-2024-04841,10,engineering,2024-09-24 06:05:00,2024-09-25 08:12:00,E1175
HD-33038,J-2024-04857,10,material,2024-09-24 06:11:00,2024-09-25 10:00:00,E1169
HD-33039,J-2024-04821,10,quality,2024-09-24 06:14:00,2024-09-25 10:00:00,E1169
HD-33040,J-2024-04836,10,material,2024-09-24 06:18:00,2024-09-24 10:00:00,E1174
HD-33041,J-2024-04844,10,material,2024-09-24 06:27:00,2024-09-24 10:00:00,E1164
HD-33042,J-2024-04809,10,material,2024-09-24 06:29:00,2024-09-27 10:00:00,E1175
HD-33043,J-2024-04707,20,quality,2024-09-24 08:51:00,2024-09-25 14:01:00,E1164
HD-33044,J-2024-04604,40,engineering,2024-09-24 10:02:00,2024-09-26 04:03:00,E1166
HD-33045,J-2024-04593,40,tooling,2024-09-24 10:07:00,2024-09-25 00:47:00,E1169
HD-33046,J-2024-04739,20,quality,2024-09-24 15:22:00,2024-09-25 22:30:00,E1166
HD-33047,J-2024-04830,20,customer,2024-09-24 19:45:00,2024-09-26 01:40:00,E1174
HD-33048,J-2024-04773,10,material,2024-09-24 21:54:00,2024-09-25 10:00:00,E1169
HD-33049,J-2024-04883,10,material,2024-09-25 06:03:00,2024-09-26 10:00:00,E1164
HD-33050,J-2024-04891,10,material,2024-09-25 06:12:00,2024-09-25 10:00:00,E1175
HD-33051,J-2024-04864,10,material,2024-09-25 06:21:00,2024-09-30 10:00:00,E1172
HD-33052,J-2024-04872,10,material,2024-09-25 06:30:00,2024-09-27 10:00:00,E1169
HD-33053,J-2024-04629,70,other,2024-09-25 09:50:00,2024-09-26 02:14:00,E1172
HD-33054,J-2024-04658,40,quality,2024-09-25 09:53:00,2024-09-26 11:30:00,E1175
HD-33055,J-2024-04756,50,customer,2024-09-25 12:52:00,2024-09-26 21:14:00,E1164
HD-33056,J-2024-04908,10,material,2024-09-26 06:06:00,2024-09-30 10:00:00,E1174
HD-33057,J-2024-04907,10,material,2024-09-26 06:20:00,2024-09-26 10:00:00,E1175
HD-33058,J-2024-04598,30,tooling,2024-09-26 06:45:00,2024-09-26 16:57:00,E1166
HD-33059,J-2024-04858,40,quality,2024-09-26 07:12:00,2024-09-27 10:57:00,E1172
HD-33060,J-2024-04807,30,quality,2024-09-26 09:19:00,2024-09-27 06:54:00,E1164
HD-33061,J-2024-04639,40,quality,2024-09-26 09:50:00,2024-09-27 02:42:00,E1172
HD-33062,J-2024-04867,20,customer,2024-09-26 10:14:00,2024-10-01 22:54:00,E1164
HD-33063,J-2024-04595,50,customer,2024-09-26 10:14:00,2024-09-27 22:54:00,E1172
HD-33064,J-2024-04694,40,quality,2024-09-26 10:29:00,2024-09-30 02:26:00,E1166
HD-33065,J-2024-04779,30,other,2024-09-26 13:13:00,2024-09-27 06:24:00,E1169
HD-33066,J-2024-04542,40,engineering,2024-09-26 13:20:00,2024-09-27 17:33:00,E1172
HD-33067,J-2024-04802,40,quality,2024-09-26 21:08:00,2024-09-27 09:35:00,E1169
HD-33068,J-2024-04742,50,quality,2024-09-27 00:02:00,2024-10-01 14:23:00,E1172
HD-33069,J-2024-04937,10,material,2024-09-27 06:10:00,2024-09-30 10:00:00,E1169
HD-33070,J-2024-04933,10,material,2024-09-27 06:14:00,2024-10-09 10:00:00,E1172
HD-33071,J-2024-04924,10,material,2024-09-27 06:16:00,2024-10-08 10:00:00,E1169
HD-33072,J-2024-04925,10,material,2024-09-27 06:21:00,2024-10-04 10:00:00,E1174
HD-33073,J-2024-04943,10,quality,2024-09-27 06:25:00,2024-10-07 10:00:00,E1175
HD-33074,J-2024-04807,30,quality,2024-09-27 06:54:00,2024-09-30 19:26:00,E1169
HD-33075,J-2024-04810,20,engineering,2024-09-27 07:07:00,2024-09-30 01:27:00,E1174
HD-33076,J-2024-04941,20,other,2024-09-27 10:06:00,2024-09-30 06:19:00,E1169
HD-33077,J-2024-04780,60,customer,2024-09-27 10:14:00,2024-09-30 23:23:00,E1172
HD-33078,J-2024-04821,30,quality,2024-09-27 10:16:00,2024-09-27 23:25:00,E1166
HD-33079,J-2024-04658,50,quality,2024-09-27 12:46:00,2024-10-01 12:27:00,E1174
HD-33080,J-2024-04595,50,other,2024-09-27 22:54:00,2024-09-30 21:13:00,E1174
HD-33081,J-2024-04694,40,quality,2024-09-30 02:26:00,2024-09-30 10:04:00,E1169
HD-33082,J-2024-04944,10,material,2024-09-30 06:06:00,2024-09-30 10:00:00,E1164
HD-33083,J-2024-04956,10,material,2024-09-30 06:27:00,2024-09-30 10:00:00,E1174
HD-33084,J-2024-04709,30,quality,2024-09-30 08:13:00,2024-10-02 03:04:00,E1175
HD-33085,J-2024-04893,40,tooling,2024-09-30 10:11:00,2024-10-01 04:00:00,E1172
HD-33086,J-2024-04839,10,quality,2024-09-30 15:02:00,2024-10-01 01:03:00,E1172
HD-33087,J-2024-04972,10,material,2024-10-01 06:00:00,2024-10-03 10:00:00,E1166
HD-33088,J-2024-04970,10,material,2024-10-01 06:01:00,2024-10-01 10:00:00,E1164
HD-33089,J-2024-04982,10,tooling,2024-10-01 06:05:00,2024-10-01 14:06:00,E1169
HD-33090,J-2024-05001,10,material,2024-10-01 06:17:00,2024-10-03 10:00:00,E1172
HD-33091,J-2024-04968,10,material,2024-10-01 06:18:00,2024-10-01 10:00:00,E1164
HD-33092,J-2024-04980,10,engineering,2024-10-01 06:22:00,2024-10-02 14:32:00,E1164
HD-33093,J-2024-04969,10,tooling,2024-10-01 06:24:00,2024-10-01 20:45:00,E1166
HD-33094,J-2024-04973,10,material,2024-10-01 06:25:00,2024-10-03 10:00:00,E1164
HD-33095,J-2024-04937,20,quality,2024-10-01 07:42:00,2024-10-03 04:44:00,E1166
HD-33096,J-2024-04945,30,customer,2024-10-01 10:30:00,2024-10-02 03:52:00,E1175
HD-33097,J-2024-04658,50,quality,2024-10-01 12:27:00,2024-10-03 09:24:00,E1172
HD-33098,J-2024-04857,40,quality,2024-10-01 12:50:00,2024-10-02 09:46:00,E1174
HD-33099,J-2024-04812,40,other,2024-10-01 13:18:00,2024-10-01 23:45:00,E1164
HD-33100,J-2024-04986,30,quality,2024-10-01 16:35:00,2024-10-02 18:31:00,E1174
HD-33101,J-2024-04762,50,customer,2024-10-01 16:49:00,2024-10-03 05:18:00,E1172
HD-33102,J-2024-04709,30,quality,2024-10-02 03:04:00,2024-10-02 10:18:00,E1172
HD-33103,J-2024-04990,10,material,2024-10-02 03:18:00,2024-10-03 10:00:00,E1174
HD-33104,J-2024-05018,10,engineering,2024-10-02 06:21:00,2024-10-03 12:42:00,E1174
HD-33105,J-2024-04864,30,customer,2024-10-02 06:43:00,2024-10-04 12:42:00,E1166
HD-33106,J-2024-04937,20,quality,2024-10-03 04:44:00,2024-10-03 22:51:00,E1172
HD-33107,J-2024-05051,10,material,2024-10-03 06:05:00,2024-10-03 10:00:00,E1175
HD-33108,J-2024-05037,10,material,2024-10-03 06:17:00,2024-10-11 10:00:00,E1169
HD-33109,J-2024-05043,10,quality,2024-10-03 06:23:00,2024-10-03 10:00:00,E1172
HD-33110,J-2024-05034,10,other,2024-10-03 07:22:00,2024-10-04 03:39:00,E1164
HD-33111,J-2024-04903,40,engineering,2024-10-03 07:24:00,2024-10-04 00:16:00,E1174
HD-33112,J-2024-04786,40,quality,2024-10-03 08:40:00,2024-10-04 19:34:00,E1172
HD-33113,J-2024-05019,30,quality,2024-10-03 12:08:00,2024-10-04 11:23:00,E1174
HD-33114,J-2024-04823,40,quality,2024-10-03 13:10:00,2024-10-08 11:19:00,E1166
HD-33115,J-2024-05030,40,quality,2024-10-03 20:10:00,2024-10-04 20:12:00,E1169
HD-33116,J-2024-05053,40,other,2024-10-03 20:25:00,2024-10-04 19:47:00,E1172
HD-33117,J-2024-05034,10,quality,2024-10-04 03:39:00,2024-10-04 15:32:00,E1175
HD-33118,J-2024-05065,10,material,2024-10-04 06:07:00,2024-10-07 10:00:00,E1174
HD-33119,J-2024-05073,10,material,2024-10-04 06:17:00,2024-10-07 10:00:00,E1172
HD-33120,J-2024-05060,10,quality,2024-10-04 06:19:00,2024-10-07 10:00:00,E1175
HD-33121,J-2024-05010,40,tooling,2024-10-04 07:19:00,2024-10-04 21:22:00,E1166
HD-33122,J-2024-04814,40,quality,2024-10-04 09:57:00,2024-10-07 06:01:00,E1172
HD-33123,J-2024-05019,30,quality,2024-10-04 11:23:00,2024-10-08 09:58:00,E1174
HD-33124,J-2024-04975,60,customer,2024-10-04 12:49:00,2024-10-09 03:30:00,E1169
HD-33125,J-2024-04786,40,quality,2024-10-04 19:34:00,2024-10-07 01:59:00,E1169
HD-33126,J-2024-05053,40,quality,2024-10-04 19:47:00,2024-10-08 06:39:00,E1175
HD-33127,J-2024-04927,40,quality,2024-10-04 20:24:00,2024-10-07 21:36:00,E1169
HD-33128,J-2024-05085,10,material,2024-10-07 06:03:00,2024-10-08 10:00:00,E1166
HD-33129,J-2024-05092,10,material,2024-10-07 06:25:00,2024-10-09 10:00:00,E1175
HD-33130,J-2024-04793,20,other,2024-10-07 07:17:00,2024-10-08 02:06:00,E1169
HD-33131,J-2024-05003,30,other,2024-10-07 10:15:00,2024-10-07 18:03:00,E1172
HD-33132,J-2024-04950,50,engineering,2024-10-07 10:25:00,2024-10-08 15:27:00,E1166
HD-33133,J-2024-04859,40,quality,2024-10-07 13:19:00,2024-10-08 02:59:00,E1169
HD-33134,J-2024-05069,20,other,2024-10-07 16:28:00,2024-10-08 14:06:00,E1172
HD-33135,J-2024-05117,10,material,2024-10-08 06:02:00,2024-10-08 10:00:00,E1164
HD-33136,J-2024-05121,10,tooling,2024-10-08 06:02:00,2024-10-08 10:00:00,E1174
HD-33137,J-2024-05151,10,material,2024-10-08 06:11:00,2024-10-08 10:00:00,E1174
HD-33138,J-2024-05143,10,tooling,2024-10-08 06:12:00,2024-10-09 05:59:00,E1169
HD-33139,J-2024-05139,10,other,2024-10-08 06:13:00,2024-10-08 10:00:00,E1172
HD-33140,J-2024-05140,10,material,2024-10-08 06:19:00,2024-10-08 10:00:00,E1166
HD-33141,J-2024-05124,10,material,2024-10-08 06:27:00,2024-10-09 10:00:00,E1172
HD-33142,J-2024-05122,10,material,2024-10-08 06:28:00,2024-10-08 10:00:00,E1174
HD-33143,J-2024-05107,40,engineering,2024-10-08 07:27:00,2024-10-08 19:01:00,E1172
HD-33144,J-2024-05011,40,customer,2024-10-08 13:26:00,2024-10-10 08:26:00,E1175
HD-33145,J-2024-05140,20,customer,2024-10-08 20:07:00,2024-10-14 18:39:00,E1172
HD-33146,J-2024-05084,40,engineering,2024-10-08 20:22:00,2024-10-10 05:18:00,E1175
HD-33147,J-2024-05192,10,tooling,2024-10-09 06:12:00,2024-10-10 04:22:00,E1175
HD-33148,J-2024-05175,10,customer,2024-10-09 06:23:00,2024-10-11 00:57:00,E1164
HD-33149,J-2024-05069,30,quality,2024-10-09 07:28:00,2024-10-10 05:23:00,E1174
HD-33150,J-2024-05158,50,quality,2024-10-09 10:20:00,2024-10-11 06:31:00,E1174
HD-33151,J-2024-05057,40,other,2024-10-09 13:17:00,2024-10-10 14:07:00,E1172
HD-33152,J-2024-04810,60,tooling,2024-10-09 13:27:00,2024-10-10 07:11:00,E1174
HD-33153,J-2024-05125,40,quality,2024-10-09 16:39:00,2024-10-10 22:55:00,E1169
HD-33154,J-2024-05127,10,quality,2024-10-09 20:04:00,2024-10-10 18:23:00,E1172
HD-33155,J-2024-05232,10,material,2024-10-10 06:10:00,2024-10-16 10:00:00,E1175
HD-33156,J-2024-05224,10,customer,2024-10-10 06:12:00,2024-10-10 10:00:00,E1174
HD-33157,J-2024-05219,10,material,2024-10-10 06:24:00,2024-10-10 10:00:00,E1166
HD-33158,J-2024-05231,10,material,2024-10-10 06:27:00,2024-10-17 10:00:00,E1169
HD-33159,J-2024-05209,10,material,2024-10-10 06:27:00,2024-10-10 10:00:00,E1174
HD-33160,J-2024-04964,60,other,2024-10-10 09:44:00,2024-10-11 03:12:00,E1166
HD-33161,J-2024-05213,20,tooling,2024-10-10 09:44:00,2024-10-10 16:36:00,E1164
HD-33162,J-2024-05208,10,quality,2024-10-10 17:29:00,2024-10-11 18:08:00,E1169
HD-33163,J-2024-05127,10,quality,2024-10-10 18:23:00,2024-10-11 08:04:00,E1169
HD-33164,J-2024-05241,10,material,2024-10-11 06:01:00,2024-10-14 00:47:00,E1175
HD-33165,J-2024-05242,10,tooling,2024-10-11 06:04:00,2024-10-11 10:00:00,E1169
HD-33166,J-2024-05237,10,material,2024-10-11 06:26:00,2024-10-25 10:00:00,E1175
HD-33167,J-2024-05158,50,quality,2024-10-11 06:31:00,2024-10-15 15:41:00,E1169
HD-33168,J-2024-05078,10,quality,2024-10-11 09:46:00,2024-10-11 23:39:00,E1169
HD-33169,J-2024-05236,20,customer,2024-10-11 10:12:00,2024-10-16 02:23:00,E1172
HD-33170,J-2024-05211,40,tooling,2024-10-11 10:24:00,2024-10-11 23:57:00,E1174
HD-33171,J-2024-05208,10,customer,2024-10-11 18:08:00,2024-10-15 01:56:00,E1175
HD-33172,J-2024-05078,10,quality,2024-10-11 23:39:00,2024-10-14 08:25:00,E1175
HD-33173,J-2024-05257,10,material,2024-10-14 06:01:00,2024-10-15 10:00:00,E1166
HD-33174,J-2024-05259,10,material,2024-10-14 06:06:00,2024-10-17 10:00:00,E1166
HD-33175,J-2024-05247,10,material,2024-10-14 06:12:00,2024-10-16 10:00:00,E1166
HD-33176,J-2024-05251,10,material,2024-10-14 06:14:00,2024-10-18 10:00:00,E1166
HD-33177,J-2024-05249,10,material,2024-10-14 06:23:00,2024-10-15 10:00:00,E1175
HD-33178,J-2024-05222,40,quality,2024-10-14 08:52:00,2024-10-15 08:24:00,E1174
HD-33179,J-2024-05281,10,material,2024-10-15 06:00:00,2024-10-16 10:00:00,E1164
HD-33180,J-2024-05276,10,other,2024-10-15 06:01:00,2024-10-23 10:00:00,E1174
HD-33181,J-2024-05285,10,customer,2024-10-15 06:07:00,2024-10-18 21:22:00,E1166
HD-33182,J-2024-05277,10,material,2024-10-15 06:12:00,2024-10-17 10:00:00,E1175
HD-33183,J-2024-05266,10,material,2024-10-15 06:12:00,2024-10-15 10:00:00,E1175
HD-33184,J-2024-05222,40,quality,2024-10-15 08:24:00,2024-10-15 20:48:00,E1169
HD-33185,J-2024-04897,40,quality,2024-10-15 10:03:00,2024-10-16 01:19:00,E1175
HD-33186,J-2024-05256,30,tooling,2024-10-15 13:17:00,2024-10-16 07:45:00,E1172
HD-33187,J-2024-05270,20,other,2024-10-15 16:50:00,2024-10-16 09:10:00,E1166
HD-33188,J-2024-05302,20,engineering,2024-10-15 16:50:00,2024-10-16 16:44:00,E1169
HD-33189,J-2024-05320,10,material,2024-10-16 06:12:00,2024-10-16 10:00:00,E1166
HD-33190,J-2024-05340,10,material,2024-10-16 06:25:00,2024-10-16 10:00:00,E1169
HD-33191,J-2024-05323,10,engineering,2024-10-16 06:27:00,2024-10-25 10:00:00,E1174
HD-33192,J-2024-05328,10,quality,2024-10-16 12:29:00,2024-10-17 06:42:00,E1166
HD-33193,J-2024-05035,60,engineering,2024-10-16 13:13:00,2024-10-17 08:26:00,E1174
HD-33194,J-2024-05359,10,engineering,2024-10-17 06:08:00,2024-10-25 10:00:00,E1166
HD-33195,J-2024-05343,10,material,2024-10-17 06:13:00,2024-10-18 10:00:00,E1172
HD-33196,J-2024-05345,10,material,2024-10-17 06:21:00,2024-10-17 10:00:00,E1175
HD-33197,J-2024-05328,10,quality,2024-10-17 06:42:00,2024-10-17 13:43:00,E1166
HD-33198,J-2024-05153,50,tooling,2024-10-17 08:52:00,2024-10-17 23:59:00,E1175
HD-33199,J-2024-05044,60,other,2024-10-17 09:53:00,2024-10-18 01:37:00,E1164
HD-33200,J-2024-05145,30,quality,2024-10-17 11:40:00,2024-10-18 21:57:00,E1175
HD-33201,J-2024-05249,30,quality,2024-10-17 19:50:00,2024-10-18 19:24:00,E1172
HD-33202,J-2024-05372,10,material,2024-10-18 06:10:00,2024-10-18 10:00:00,E1174
HD-33203,J-2024-05376,10,material,2024-10-18 06:23:00,2024-10-18 10:00:00,E1174
HD-33204,J-2024-05320,50,material,2024-10-18 13:13:00,2024-10-22 00:35:00,E1164
HD-33205,J-2024-05280,40,tooling,2024-10-18 20:11:00,2024-10-21 18:26:00,E1174
HD-33206,J-2024-05382,10,material,2024-10-21 06:15:00,2024-10-21 10:00:00,E1169
HD-33207,J-2024-05392,10,other,2024-10-21 06:29:00,2024-10-22 04:55:00,E1174
HD-33208,J-2024-05274,50,quality,2024-10-21 08:16:00,2024-10-22 17:14:00,E1164
HD-33209,J-2024-05391,20,engineering,2024-10-21 09:42:00,2024-10-23 03:45:00,E1174
HD-33210,J-2024-05348,50,other,2024-10-21 09:54:00,2024-10-22 00:12:00,E1166
HD-33211,J-2024-05365,30,other,2024-10-21 10:21:00,2024-10-21 23:25:00,E1169
HD-33212,J-2024-05398,20,engineering,2024-10-21 13:10:00,2024-10-23 05:06:00,E1164
HD-33213,J-2024-05024,30,quality,2024-10-21 19:28:00,2024-10-22 13:06:00,E1169
HD-33214,J-2024-05177,40,customer,2024-10-21 19:45:00,2024-10-25 07:22:00,E1175
HD-33215,J-2024-05330,40,quality,2024-10-21 20:01:00,2024-10-22 15:29:00,E1175
HD-33216,J-2024-05394,10,quality,2024-10-22 04:19:00,2024-10-23 07:44:00,E1164
HD-33217,J-2024-05444,10,material,2024-10-22 06:02:00,2024-10-22 10:00:00,E1164
HD-33218,J-2024-05430,10,material,2024-10-22 06:09:00,2024-10-25 10:00:00,E1166
HD-33219,J-2024-05423,10,material,2024-10-22 06:16:00,2024-10-22 10:00:00,E1174
HD-33220,J-2024-05445,10,material,2024-10-22 06:23:00,2024-10-25 10:00:00,E1175
HD-33221,J-2024-05374,40,quality,2024-10-22 07:08:00,2024-10-23 10:49:00,E1164
HD-33222,J-2024-05039,50,quality,2024-10-22 08:37:00,2024-10-22 21:10:00,E1172
HD-33223,J-2024-05137,40,quality,2024-10-22 09:45:00,2024-10-23 04:41:00,E1164
HD-33224,J-2024-05400,30,customer,2024-10-22 09:46:00,2024-10-23 12:32:00,E1175
HD-33225,J-2024-05357,50,quality,2024-10-22 12:21:00,2024-10-22 23:17:00,E1172
HD-33226,J-2024-05424,20,customer,2024-10-22 19:43:00,2024-10-24 17:55:00,E1175
HD-33227,J-2024-05137,40,quality,2024-10-23 04:41:00,2024-10-25 16:15:00,E1169
HD-33228,J-2024-05453,10,material,2024-10-23 06:20:00,2024-10-28 10:00:00,E1164
HD-33229,J-2024-05412,40,engineering,2024-10-23 09:59:00,2024-10-24 00:16:00,E1164
HD-33230,J-2024-05372,60,tooling,2024-10-23 10:08:00,2024-10-24 03:53:00,E1175
HD-33231,J-2024-05248,60,tooling,2024-10-23 10:14:00,2024-10-24 01:46:00,E1169
HD-33232,J-2024-05474,10,material,2024-10-24 06:06:00,2024-10-29 10:00:00,E1166
HD-33233,J-2024-05470,10,engineering,2024-10-24 06:07:00,2024-10-24 21:25:00,E1174
HD-33234,J-2024-05482,10,customer,2024-10-24 06:15:00,2024-10-28 08:59:00,E1174
HD-33235,J-2024-05371,40,tooling,2024-10-24 10:30:00,2024-10-28 00:31:00,E1172
HD-33236,J-2024-05335,40,tooling,2024-10-24 12:44:00,2024-10-25 01:14:00,E1166
HD-33237,J-2024-05414,40,engineering,2024-10-24 13:26:00,2024-10-28 03:01:00,E1174
HD-33238,J-2024-05281,50,tooling,2024-10-24 16:43:00,2024-10-25 10:47:00,E1169
HD-33239,J-2024-05276,40,quality,2024-10-25 07:20:00,2024-10-28 20:58:00,E1175
HD-33240,J-2024-05445,20,engineering,2024-10-25 16:53:00,2024-10-28 14:20:00,E1174
HD-33241,J-2024-05502,20,quality,2024-10-25 20:29:00,2024-10-29 20:05:00,E1164
HD-33242,J-2024-05518,10,material,2024-10-28 06:23:00,2024-10-30 10:00:00,E1169
HD-33243,J-2024-05510,20,quality,2024-10-28 07:02:00,2024-10-29 22:27:00,E1164
HD-33244,J-2024-05467,50,quality,2024-10-28 08:05:00,2024-10-29 21:35:00,E1166
HD-33245,J-2024-05382,60,customer,2024-10-28 10:08:00,2024-10-30 17:49:00,E1175
HD-33246,J-2024-05247,40,quality,2024-10-28 10:47:00,2024-10-30 01:27:00,E1175
HD-33247,J-2024-05430,30,engineering,2024-10-28 13:11:00,2024-10-29 17:15:00,E1169
HD-33248,J-2024-05276,40,quality,2024-10-28 20:58:00,2024-10-31 05:32:00,E1164
HD-33249,J-2024-05542,10,material,2024-10-29 06:04:00,2024-10-29 10:00:00,E1175
HD-33250,J-2024-05558,10,material,2024-10-29 06:09:00,2024-10-29 10:00:00,E1164
HD-33251,J-2024-05587,10,material,2024-10-29 06:13:00,2024-11-06 10:00:00,E1169
HD-33252,J-2024-05566,10,material,2024-10-29 06:21:00,2024-10-30 10:00:00,E1174
HD-33253,J-2024-05546,10,material,2024-10-29 06:24:00,2024-10-30 10:00:00,E1172
HD-33254,J-2024-05445,30,tooling,2024-10-29 07:07:00,2024-10-29 16:44:00,E1175
HD-33255,J-2024-05521,40,quality,2024-10-29 07:26:00,2024-10-30 15:09:00,E1174
HD-33256,J-2024-05379,20,other,2024-10-29 10:11:00,2024-10-30 01:29:00,E1169
HD-33257,J-2024-05406,10,quality,2024-10-29 11:17:00,2024-10-31 02:23:00,E1166
HD-33258,J-2024-05579,20,customer,2024-10-29 12:50:00,2024-11-04 00:49:00,E1175
HD-33259,J-2024-05396,50,other,2024-10-29 13:14:00,2024-10-29 20:01:00,E1174
HD-33260,J-2024-05345,60,customer,2024-10-29 13:27:00,2024-11-01 01:46:00,E1175
HD-33261,J-2024-05456,40,quality,2024-10-29 16:19:00,2024-10-30 12:49:00,E1172
HD-33262,J-2024-05543,20,tooling,2024-10-29 16:30:00,2024-10-30 06:26:00,E1166
HD-33263,J-2024-05467,50,quality,2024-10-29 21:35:00,2024-10-30 03:44:00,E1175
HD-33264,J-2024-05247,40,quality,2024-10-30 01:27:00,2024-10-30 09:44:00,E1166
HD-33265,J-2024-05602,10,material,2024-10-30 06:04:00,2024-10-30 10:00:00,E1175
HD-33266,J-2024-05600,10,material,2024-10-30 06:06:00,2024-11-01 10:00:00,E1174
HD-33267,J-2024-05609,10,material,2024-10-30 06:07:00,2024-11-11 10:00:00,E1172
HD-33268,J-2024-05611,10,tooling,2024-10-30 06:07:00,2024-10-30 10:00:00,E1164
HD-33269,J-2024-05610,10,material,2024-10-30 06:12:00,2024-10-30 10:00:00,E1169
HD-33270,J-2024-05596,10,material,2024-10-30 06:24:00,2024-10-30 10:00:00,E1172
HD-33271,J-2024-05315,50,customer,2024-10-30 10:09:00,2024-10-31 21:43:00,E1166
HD-33272,J-2024-05514,50,quality,2024-10-30 13:25:00,2024-11-01 06:10:00,E1169
HD-33273,J-2024-05614,10,material,2024-10-31 06:04:00,2024-11-05 10:00:00,E1174
HD-33274,J-2024-05616,10,material,2024-10-31 06:15:00,2024-10-31 10:00:00,E1174
HD-33275,J-2024-05625,10,material,2024-10-31 06:17:00,2024-10-31 10:00:00,E1175
HD-33276,J-2024-05638,10,material,2024-10-31 06:22:00,2024-11-11 10:00:00,E1175
HD-33277,J-2024-05645,10,material,2024-10-31 06:24:00,2024-11-05 10:00:00,E1169
HD-33278,J-2024-05622,10,material,2024-10-31 06:26:00,2024-11-05 10:00:00,E1166
HD-33279,J-2024-05641,10,material,2024-10-31 06:28:00,2024-11-01 10:00:00,E1169
HD-33280,J-2024-05615,10,material,2024-10-31 06:28:00,2024-10-31 10:00:00,E1172
HD-33281,J-2024-05500,40,tooling,2024-10-31 07:18:00,2024-10-31 14:08:00,E1175
HD-33282,J-2024-05537,40,quality,2024-10-31 07:21:00,2024-11-01 12:28:00,E1174
HD-33283,J-2024-05379,40,engineering,2024-10-31 10:10:00,2024-11-01 12:59:00,E1175
HD-33284,J-2024-05491,40,engineering,2024-10-31 10:21:00,2024-11-01 06:20:00,E1172
HD-33285,J-2024-05533,50,quality,2024-10-31 11:02:00,2024-11-01 02:52:00,E1166
HD-33286,J-2024-05514,50,quality,2024-11-01 06:10:00,2024-11-05 20:02:00,E1172
HD-33287,J-2024-05657,10,material,2024-11-01 06:11:00,2024-11-04 10:00:00,E1172
HD-33288,J-2024-05652,10,material,2024-11-01 06:25:00,2024-11-04 10:00:00,E1175
HD-33289,J-2024-05661,10,material,2024-11-01 06:25:00,2024-11-08 10:00:00,E1174
HD-33290,J-2024-05625,30,other,2024-11-01 07:05:00,2024-11-04 01:09:00,E1166
HD-33291,J-2024-05540,70,customer,2024-11-01 07:19:00,2024-11-05 10:44:00,E1172
HD-33292,J-2024-05620,20,quality,2024-11-01 08:40:00,2024-11-05 05:06:00,E1166
HD-33293,J-2024-05360,50,other,2024-11-01 12:50:00,2024-11-04 04:13:00,E1172
HD-33294,J-2024-05671,30,other,2024-11-01 12:54:00,2024-11-04 08:32:00,E1169
HD-33295,J-2024-05678,10,material,2024-11-04 06:10:00,2024-11-06 10:00:00,E1172
HD-33296,J-2024-05681,10,material,2024-11-04 06:20:00,2024-11-15 10:00:00,E1174
HD-33297,J-2024-05647,30,customer,2024-11-04 06:45:00,2024-11-06 20:47:00,E1164
HD-33298,J-2024-05624,40,quality,2024-11-04 13:08:00,2024-11-05 02:31:00,E1172
HD-33299,J-2024-05620,20,quality,2024-11-05 05:06:00,2024-11-05 10:50:00,E1164
HD-33300,J-2024-05734,10,material,2024-11-05 06:02:00,2024-11-12 10:00:00,E1174
HD-33301,J-2024-05702,10,material,2024-11-05 06:04:00,2024-11-05 10:00:00,E1174
HD-33302,J-2024-05736,10,customer,2024-11-05 06:09:00,2024-11-07 20:59:00,E1169
HD-33303,J-2024-05710,10,customer,2024-11-05 06:12:00,2024-11-08 08:33:00,E1166
HD-33304,J-2024-05740,10,material,2024-11-05 06:13:00,2024-11-07 10:00:00,E1166
HD-33305,J-2024-05738,10,material,2024-11-05 06:17:00,2024-11-05 10:00:00,E1172
HD-33306,J-2024-05723,10,material,2024-11-05 06:29:00,2024-11-07 10:00:00,E1169
HD-33307,J-2024-05600,30,quality,2024-11-05 07:13:00,2024-11-06 16:28:00,E1172
HD-33308,J-2024-05610,30,quality,2024-11-05 08:22:00,2024-11-07 02:24:00,E1172
HD-33309,J-2024-05656,40,quality,2024-11-05 12:47:00,2024-11-07 00:14:00,E1175
HD-33310,J-2024-05690,10,quality,2024-11-06 02:48:00,2024-11-08 11:30:00,E1175
HD-33311,J-2024-05765,10,material,2024-11-06 06:03:00,2024-11-18 10:00:00,E1164
HD-33312,J-2024-05763,20,customer,2024-11-06 09:48:00,2024-11-11 02:13:00,E1166
HD-33313,J-2024-05700,40,quality,2024-11-06 20:05:00,2024-11-07 22:15:00,E1174
HD-33314,J-2024-05614,40,other,2024-11-06 20:05:00,2024-11-07 06:31:00,E1172
HD-33315,J-2024-05610,30,quality,2024-11-07 02:24:00,2024-11-08 22:52:00,E1172
HD-33316,J-2024-05782,10,material,2024-11-07 06:18:00,2024-11-18 10:00:00,E1169
HD-33317,J-2024-05770,10,tooling,2024-11-07 06:26:00,2024-11-07 18:00:00,E1169
HD-33318,J-2024-05697,40,quality,2024-11-07 10:03:00,2024-11-08 05:30:00,E1172
HD-33319,J-2024-05723,20,tooling,2024-11-07 12:45:00,2024-11-08 06:04:00,E1164
HD-33320,J-2024-05637,30,quality,2024-11-07 20:40:00,2024-11-08 19:02:00,E1174
HD-33321,J-2024-05786,10,material,2024-11-08 06:01:00,2024-11-12 10:00:00,E1164
HD-33322,J-2024-05815,10,engineering,2024-11-08 06:02:00,2024-11-21 10:00:00,E1164
HD-33323,J-2024-05792,10,material,2024-11-08 06:21:00,2024-11-11 10:00:00,E1174
HD-33324,J-2024-05816,10,material,2024-11-08 06:24:00,2024-11-18 10:00:00,E1164
HD-33325,J-2024-05727,40,quality,2024-11-08 08:35:00,2024-11-11 05:36:00,E1172
HD-33326,J-2024-05579,50,other,2024-11-08 12:47:00,2024-11-11 04:50:00,E1166
HD-33327,J-2024-05738,30,quality,2024-11-08 12:47:00,2024-11-11 06:21:00,E1169
HD-33328,J-2024-05753,60,customer,2024-11-08 13:08:00,2024-11-13 08:42:00,E1169
HD-33329,J-2024-05769,40,engineering,2024-11-08 13:27:00,2024-11-11 02:36:00,E1166
HD-33330,J-2024-05769,40,engineering,2024-11-11 02:36:00,2024-11-11 23:10:00,E1174
HD-33331,J-2024-05825,10,material,2024-11-11 06:05:00,2024-11-11 10:00:00,E1166
HD-33332,J-2024-05838,10,material,2024-11-11 06:10:00,2024-11-19 10:00:00,E1166
HD-33333,J-2024-05828,10,material,2024-11-11 06:23:00,2024-11-11 10:00:00,E1172
HD-33334,J-2024-05848,10,material,2024-11-11 06:25:00,2024-11-21 10:00:00,E1172
HD-33335,J-2024-05772,40,quality,2024-11-11 07:04:00,2024-11-12 01:23:00,E1175
HD-33336,J-2024-05787,40,quality,2024-11-11 07:44:00,2024-11-13 07:26:00,E1174
HD-33337,J-2024-05700,50,customer,2024-11-11 07:54:00,2024-11-12 21:40:00,E1174
HD-33338,J-2024-05773,40,quality,2024-11-11 09:45:00,2024-11-12 07:50:00,E1166
HD-33339,J-2024-05751,60,customer,2024-11-11 10:10:00,2024-11-13 16:39:00,E1164
HD-33340,J-2024-05723,50,other,2024-11-11 12:43:00,2024-11-12 12:31:00,E1172
HD-33341,J-2024-05778,40,quality,2024-11-11 13:29:00,2024-11-12 23:31:00,E1169
HD-33342,J-2024-05862,40,quality,2024-11-11 19:56:00,2024-11-13 00:22:00,E1175
HD-33343,J-2024-05895,10,material,2024-11-12 06:14:00,2024-11-12 10:00:00,E1169
HD-33344,J-2024-05884,10,material,2024-11-12 06:22:00,2024-11-14 10:00:00,E1166
HD-33345,J-2024-05903,10,material,2024-11-12 06:26:00,2024-11-14 10:00:00,E1174
HD-33346,J-2024-05872,10,engineering,2024-11-12 06:27:00,2024-11-13 22:36:00,E1169
HD-33347,J-2024-05932,10,material,2024-11-12 06:27:00,2024-11-12 10:00:00,E1166
HD-33348,J-2024-05729,40,quality,2024-11-12 13:14:00,2024-11-13 02:09:00,E1164
HD-33349,J-2024-05832,30,tooling,2024-11-12 16:17:00,2024-11-13 00:05:00,E1169
HD-33350,J-2024-05859,40,engineering,2024-11-12 20:29:00,2024-11-13 21:27:00,E1169
HD-33351,J-2024-05700,50,quality,2024-11-12 21:40:00,2024-11-13 03:08:00,E1164
HD-33352,J-2024-05949,10,material,2024-11-13 06:00:00,2024-11-20 10:00:00,E1169
HD-33353,J-2024-05967,10,material,2024-11-13 06:02:00,2024-11-22 10:00:00,E1166
HD-33354,J-2024-05936,10,material,2024-11-13 06:02:00,2024-11-13 10:00:00,E1166
HD-33355,J-2024-05700,70,tooling,2024-11-13 13:23:00,2024-11-14 00:13:00,E1172
HD-33356,J-2024-05964,30,quality,2024-11-13 18:38:00,2024-11-15 03:39:00,E1164
HD-33357,J-2024-05958,20,other,2024-11-13 19:56:00,2024-11-14 16:26:00,E1175
HD-33358,J-2024-05989,10,other,2024-11-14 06:08:00,2024-11-22 10:00:00,E1164
HD-33359,J-2024-05978,10,material,2024-11-14 06:12:00,2024-11-27 10:00:00,E1172
HD-33360,J-2024-05992,10,material,2024-11-14 06:14:00,2024-11-27 10:00:00,E1164
HD-33361,J-2024-05973,10,material,2024-11-14 06:16:00,2024-11-22 10:00:00,E1175
HD-33362,J-2024-05990,10,other,2024-11-14 06:24:00,2024-11-14 10:00:00,E1172
HD-33363,J-2024-05975,10,material,2024-11-14 06:26:00,2024-11-14 10:00:00,E1169
HD-33364,J-2024-05647,50,other,2024-11-14 13:00:00,2024-11-15 11:12:00,E1174
HD-33365,J-2024-05772,60,other,2024-11-14 13:12:00,2024-11-14 22:22:00,E1175
HD-33366,J-2024-05855,50,engineering,2024-11-14 16:57:00,2024-11-15 16:06:00,E1174
HD-33367,J-2024-05964,30,quality,2024-11-15 03:39:00,2024-11-15 18:29:00,E1175
HD-33368,J-2024-06027,10,engineering,2024-11-15 06:04:00,2024-11-19 03:27:00,E1175
HD-33369,J-2024-06005,10,material,2024-11-15 06:04:00,2024-11-15 10:00:00,E1175
HD-33370,J-2024-06032,10,material,2024-11-15 06:07:00,2024-11-15 10:00:00,E1169
HD-33371,J-2024-06021,10,customer,2024-11-15 06:16:00,2024-12-03 10:00:00,E1169
HD-33372,J-2024-06033,10,material,2024-11-15 06:25:00,2024-11-19 10:00:00,E1172
HD-33373,J-2024-05734,50,customer,2024-11-15 10:03:00,2024-11-18 22:13:00,E1166
HD-33374,J-2024-05798,50,other,2024-11-15 12:59:00,2024-11-19 00:01:00,E1164
HD-33375,J-2024-05899,60,material,2024-11-15 13:14:00,2024-11-18 09:59:00,E1172
HD-33376,J-2024-05831,30,quality,2024-11-15 21:11:00,2024-11-18 05:28:00,E1166
HD-33377,J-2024-06042,10,customer,2024-11-18 06:00:00,2024-11-20 10:00:00,E1174
HD-33378,J-2024-06044,10,material,2024-11-18 06:05:00,2024-11-18 10:00:00,E1164
HD-33379,J-2024-05787,50,engineering,2024-11-18 06:58:00,2024-11-18 21:22:00,E1175
HD-33380,J-2024-05936,40,material,2024-11-18 10:05:00,2024-11-18 17:29:00,E1164
HD-33381,J-2024-05648,50,other,2024-11-18 13:29:00,2024-11-19 09:00:00,E1174
HD-33382,J-2024-06085,10,engineering,2024-11-19 06:04:00,2024-11-19 10:00:00,E1174
HD-33383,J-2024-06076,10,material,2024-11-19 06:06:00,2024-11-21 10:00:00,E1172
HD-33384,J-2024-06061,10,material,2024-11-19 06:11:00,2024-11-20 10:00:00,E1174
HD-33385,J-2024-06092,10,other,2024-11-19 06:11:00,2024-11-20 01:42:00,E1174
HD-33386,J-2024-06075,10,quality,2024-11-19 06:14:00,2024-12-02 10:00:00,E1175
HD-33387,J-2024-06081,10,material,2024-11-19 06:27:00,2024-11-19 10:00:00,E1172
HD-33388,J-2024-06093,10,material,2024-11-19 06:29:00,2024-11-19 10:00:00,E1164
HD-33389,J-2024-06046,20,tooling,2024-11-19 07:20:00,2024-11-20 04:57:00,E1166
HD-33390,J-2024-05691,40,quality,2024-11-19 10:14:00,2024-11-20 04:06:00,E1166
HD-33391,J-2024-06080,30,quality,2024-11-19 19:45:00,2024-11-21 12:51:00,E1174
HD-33392,J-2024-06136,10,material,2024-11-20 06:12:00,2024-11-20 10:00:00,E1169
HD-33393,J-2024-06138,10,quality,2024-11-20 06:18:00,2024-11-21 05:57:00,E1175
HD-33394,J-2024-05918,50,quality,2024-11-20 06:20:00,2024-11-21 07:36:00,E1166
HD-33395,J-2024-06073,40,quality,2024-11-20 06:59:00,2024-11-21 09:50:00,E1172
HD-33396,J-2024-06027,50,customer,2024-11-20 10:11:00,2024-11-21 10:43:00,E1172
HD-33397,J-2024-05949,30,other,2024-11-20 16:24:00,2024-11-21 07:58:00,E1172
HD-33398,J-2024-05886,20,engineering,2024-11-20 16:40:00,2024-11-21 11:16:00,E1166
HD-33399,J-2024-06166,10,material,2024-11-21 06:07:00,2024-11-21 10:00:00,E1172
HD-33400,J-2024-06175,10,other,2024-11-21 06:07:00,2024-11-21 23:08:00,E1166
HD-33401,J-2024-06167,10,engineering,2024-11-21 06:10:00,2024-11-21 18:51:00,E1174
HD-33402,J-2024-06183,10,material,2024-11-21 06:23:00,2024-11-25 10:00:00,E1164
HD-33403,J-2024-06185,10,engineering,2024-11-21 06:27:00,2024-11-25 03:51:00,E1175
HD-33404,J-2024-05843,40,quality,2024-11-21 07:15:00,2024-11-22 18:53:00,E1169
HD-33405,J-2024-05791,70,engineering,2024-11-21 09:46:00,2024-11-22 03:23:00,E1174
HD-33406,J-2024-05770,40,engineering,2024-11-21 10:03:00,2024-11-25 05:17:00,E1164
HD-33407,J-2024-06174,40,customer,2024-11-21 20:22:00,2024-11-25 20:12:00,E1174
HD-33408,J-2024-05903,30,engineering,2024-11-22 12:50:00,2024-11-26 12:45:00,E1164
HD-33409,J-2024-06011,10,quality,2024-11-22 16:39:00,2024-11-25 14:49:00,E1175
HD-33410,J-2024-06223,10,material,2024-11-25 06:05:00,2024-11-25 10:00:00,E1175
HD-33411,J-2024-06221,10,material,2024-11-25 06:06:00,2024-11-26 10:00:00,E1169
HD-33412,J-2024-06215,10,material,2024-11-25 06:06:00,2024-11-27 10:00:00,E1166
HD-33413,J-2024-06237,10,material,2024-11-25 06:15:00,2024-12-09 10:00:00,E1172
HD-33414,J-2024-06241,10,material,2024-11-25 06:26:00,2024-11-25 10:00:00,E1166
HD-33415,J-2024-06239,10,material,2024-11-25 06:26:00,2024-11-26 10:00:00,E1166
HD-33416,J-2024-06235,10,tooling,2024-11-25 06:27:00,2024-11-25 19:39:00,E1166
HD-33417,J-2024-06052,50,tooling,2024-11-25 09:56:00,2024-11-26 08:04:00,E1175
HD-33418,J-2024-05982,30,quality,2024-11-25 12:48:00,2024-11-26 07:56:00,E1164
HD-33419,J-2024-06011,10,quality,2024-11-25 14:49:00,2024-11-26 05:42:00,E1169
HD-33420,J-2024-06263,10,material,2024-11-26 06:12:00,2024-12-06 10:00:00,E1174
HD-33421,J-2024-06269,10,material,2024-11-26 06:21:00,2024-12-05 10:00:00,E1172
HD-33422,J-2024-06259,10,material,2024-11-26 06:22:00,2024-12-02 10:00:00,E1175
HD-33423,J-2024-06298,10,material,2024-11-26 06:23:00,2024-12-02 10:00:00,E1175
HD-33424,J-2024-06273,10,material,2024-11-26 06:24:00,2024-12-02 10:00:00,E1174
HD-33425,J-2024-06256,10,tooling,2024-11-26 06:25:00,2024-12-02 10:00:00,E1172
HD-33426,J-2024-06277,10,material,2024-11-26 06:28:00,2024-11-27 10:00:00,E1166
HD-33427,J-2024-06246,10,material,2024-11-26 06:28:00,2024-11-26 10:00:00,E1172
HD-33428,J-2024-06302,10,material,2024-11-26 06:30:00,2024-12-09 10:00:00,E1169
HD-33429,J-2024-05982,30,quality,2024-11-26 07:56:00,2024-11-27 14:57:00,E1166
HD-33430,J-2024-05903,30,quality,2024-11-26 12:45:00,2024-12-02 21:25:00,E1172
HD-33431,J-2024-06255,30,quality,2024-11-26 16:43:00,2024-11-27 07:52:00,E1174
HD-33432,J-2024-06194,40,engineering,2024-11-26 20:02:00,2024-12-02 00:40:00,E1174
HD-33433,J-2024-06324,10,material,2024-11-27 06:11:00,2024-12-04 10:00:00,E1175
HD-33434,J-2024-06354,10,material,2024-11-27 06:15:00,2024-11-27 10:00:00,E1164
HD-33435,J-2024-06330,10,engineering,2024-11-27 06:27:00,2024-12-02 17:06:00,E1169
HD-33436,J-2024-06338,10,material,2024-11-27 06:29:00,2024-12-10 10:00:00,E1175
HD-33437,J-2024-05845,40,quality,2024-11-27 06:43:00,2024-12-02 17:11:00,E1175
HD-33438,J-2024-06241,40,other,2024-11-27 07:03:00,2024-11-27 17:26:00,E1174
HD-33439,J-2024-05829,30,quality,2024-11-27 08:56:00,2024-12-02 04:08:00,E1164
HD-33440,J-2024-06102,50,engineering,2024-11-27 09:52:00,2024-12-02 11:32:00,E1166
HD-33441,J-2024-05971,50,other,2024-11-27 13:01:00,2024-11-27 23:07:00,E1164
HD-33442,J-2024-05947,50,quality,2024-11-27 13:28:00,2024-11-27 23:46:00,E1169
HD-33443,J-2024-05472,40,other,2024-11-27 19:44:00,2024-12-04 04:31:00,E1175
HD-33444,J-2024-06365,10,material,2024-12-02 06:01:00,2024-12-04 10:00:00,E1169
HD-33445,J-2024-06367,10,material,2024-12-02 06:02:00,2024-12-02 10:00:00,E1166
HD-33446,J-2024-06381,10,material,2024-12-02 06:12:00,2024-12-02 10:00:00,E1175
HD-33447,J-2024-06379,10,customer,2024-12-02 06:19:00,2024-12-04 13:21:00,E1169
HD-33448,J-2024-06369,10,material,2024-12-02 06:24:00,2024-12-02 10:00:00,E1166
HD-33449,J-2024-06372,10,material,2024-12-02 06:27:00,2024-12-02 10:00:00,E1164
HD-33450,J-2024-06377,10,material,2024-12-02 06:29:00,2024-12-03 10:00:00,E1174
HD-33451,J-2024-06058,30,quality,2024-12-02 10:47:00,2024-12-04 05:41:00,E1169
HD-33452,J-2024-06375,30,engineering,2024-12-02 16:30:00,2024-12-04 03:35:00,E1166
HD-33453,J-2024-06296,20,quality,2024-12-02 23:34:00,2024-12-05 00:42:00,E1174
HD-33454,J-2024-06422,10,other,2024-12-03 06:01:00,2024-12-05 10:00:00,E1166
HD-33455,J-2024-06399,10,material,2024-12-03 06:01:00,2024-12-03 10:00:00,E1166
HD-33456,J-2024-06426,10,material,2024-12-03 06:02:00,2024-12-12 10:00:00,E1164
HD-33457,J-2024-06413,10,material,2024-12-03 06:09:00,2024-12-11 10:00:00,E1172
HD-33458,J-2024-06405,10,material,2024-12-03 06:10:00,2024-12-03 10:00:00,E1175
HD-33459,J-2024-06446,10,material,2024-12-03 06:16:00,2024-12-03 10:00:00,E1172
HD-33460,J-2024-06423,10,material,2024-12-03 06:26:00,2024-12-03 10:00:00,E1164
HD-33461,J-2024-05615,40,quality,2024-12-03 08:28:00,2024-12-04 02:37:00,E1169
HD-33462,J-2024-06114,40,tooling,2024-12-03 12:43:00,2024-12-04 03:10:00,E1164
HD-33463,J-2024-06023,50,other,2024-12-03 13:01:00,2024-12-03 19:31:00,E1166
HD-33464,J-2024-06150,30,customer,2024-12-03 16:22:00,2024-12-09 06:58:00,E1175
HD-33465,J-2024-05989,60,customer,2024-12-03 16:43:00,2024-12-09 02:46:00,E1164
HD-33466,J-2024-05848,40,quality,2024-12-03 19:51:00,2024-12-04 13:21:00,E1164
HD-33467,J-2024-06286,20,quality,2024-12-03 22:16:00,2024-12-04 10:19:00,E1175
HD-33468,J-2024-06494,10,other,2024-12-04 06:15:00,2024-12-04 12:38:00,E1174
HD-33469,J-2024-06484,10,material,2024-12-04 06:22:00,2024-12-11 10:00:00,E1174
HD-33470,J-2024-06468,10,quality,2024-12-04 06:24:00,2024-12-13 10:00:00,E1166
HD-33471,J-2024-06141,10,quality,2024-12-04 09:58:00,2024-12-06 09:08:00,E1175
HD-33472,J-2024-06286,20,quality,2024-12-04 10:19:00,2024-12-04 20:37:00,E1174
HD-33473,J-2024-06011,40,customer,2024-12-04 13:04:00,2024-12-09 07:22:00,E1172
HD-33474,J-2024-06198,30,quality,2024-12-04 13:04:00,2024-12-06 03:47:00,E1169
HD-33475,J-2024-06507,10,material,2024-12-05 06:06:00,2024-12-05 10:00:00,E1164
HD-33476,J-2024-06519,10,other,2024-12-05 06:07:00,2024-12-09 10:00:00,E1174
HD-33477,J-2024-06506,10,material,2024-12-05 06:10:00,2024-12-05 10:00:00,E1166
HD-33478,J-2024-06511,10,material,2024-12-05 06:12:00,2024-12-05 10:00:00,E1175
HD-33479,J-2024-06526,10,material,2024-12-05 06:25:00,2024-12-06 10:00:00,E1164
HD-33480,J-2024-06126,50,engineering,2024-12-05 09:45:00,2024-12-06 18:46:00,E1172
HD-33481,J-2024-06531,10,tooling,2024-12-05 09:45:00,2024-12-06 23:42:00,E1172
HD-33482,J-2024-06158,20,engineering,2024-12-05 09:46:00,2024-12-06 20:15:00,E1174
HD-33483,J-2024-06298,30,other,2024-12-05 10:11:00,2024-12-06 02:08:00,E1175
HD-33484,J-2024-06410,20,customer,2024-12-05 10:16:00,2024-12-09 11:28:00,E1175
HD-33485,J-2024-06254,50,quality,2024-12-05 10:55:00,2024-12-06 22:53:00,E1174
HD-33486,J-2024-06225,30,engineering,2024-12-05 13:01:00,2024-12-09 05:38:00,E1174
HD-33487,J-2024-06324,40,other,2024-12-05 16:41:00,2024-12-06 11:36:00,E1175
HD-33488,J-2024-06004,40,quality,2024-12-05 17:01:00,2024-12-10 05:47:00,E1164
HD-33489,J-2024-06267,20,engineering,2024-12-05 20:18:00,2024-12-09 10:32:00,E1172
HD-33490,J-2024-06540,10,material,2024-12-06 06:08:00,2024-12-09 10:00:00,E1164
HD-33491,J-2024-06550,10,material,2024-12-06 06:17:00,2024-12-19 10:00:00,E1175
HD-33492,J-2024-06546,10,material,2024-12-06 06:28:00,2024-12-09 10:00:00,E1172
HD-33493,J-2024-06141,10,quality,2024-12-06 09:08:00,2024-12-10 10:12:00,E1169
HD-33494,J-2024-06311,30,tooling,2024-12-06 10:02:00,2024-12-06 17:12:00,E1169
HD-33495,J-2024-05932,50,material,2024-12-06 10:16:00,2024-12-11 15:23:00,E1166
HD-33496,J-2024-06199,30,tooling,2024-12-06 12:55:00,2024-12-09 09:57:00,E1174
HD-33497,J-2024-06054,40,customer,2024-12-06 13:18:00,2024-12-12 12:41:00,E1172
HD-33498,J-2024-06535,30,engineering,2024-12-06 16:13:00,2024-12-09 22:48:00,E1174
HD-33499,J-2024-06254,50,quality,2024-12-06 22:53:00,2024-12-09 15:00:00,E1169
HD-33500,J-2024-06562,10,material,2024-12-09 06:05:00,2024-12-11 10:00:00,E1169
HD-33501,J-2024-06307,40,quality,2024-12-09 11:07:00,2024-12-11 09:27:00,E1174
HD-33502,J-2024-06319,40,customer,2024-12-09 13:04:00,2024-12-11 17:37:00,E1175
HD-33503,J-2024-06259,40,customer,2024-12-09 20:05:00,2024-12-12 22:19:00,E1174
HD-33504,J-2024-06588,10,material,2024-12-10 06:02:00,2024-12-12 10:00:00,E1164
HD-33505,J-2024-06594,10,material,2024-12-10 06:02:00,2024-12-17 10:00:00,E1169
HD-33506,J-2024-06586,10,material,2024-12-10 06:08:00,2024-12-10 10:00:00,E1166
HD-33507,J-2024-06637,10,engineering,2024-12-10 06:21:00,2024-12-11 08:44:00,E1164
HD-33508,J-2024-06580,10,material,2024-12-10 06:27:00,2024-12-10 10:00:00,E1169
HD-33509,J-2024-06178,30,quality,2024-12-10 07:28:00,2024-12-11 15:52:00,E1172
HD-33510,J-2024-05873,50,other,2024-12-10 10:16:00,2024-12-10 23:42:00,E1175
HD-33511,J-2024-06141,20,engineering,2024-12-10 13:02:00,2024-12-12 01:14:00,E1175
HD-33512,J-2024-06614,20,customer,2024-12-10 13:16:00,2024-12-13 19:25:00,E1174
HD-33513,J-2024-06318,40,customer,2024-12-10 16:55:00,2024-12-12 14:19:00,E1174
HD-33514,J-2024-06595,30,quality,2024-12-10 20:12:00,2024-12-12 07:27:00,E1172
HD-33515,J-2024-06658,10,material,2024-12-11 06:08:00,2025-01-02 10:00:00,E1164
HD-33516,J-2024-06081,40,quality,2024-12-11 09:21:00,2024-12-12 11:57:00,E1174
HD-33517,J-2024-06281,20,tooling,2024-12-11 13:23:00,2024-12-12 07:42:00,E1175
HD-33518,J-2024-06560,20,other,2024-12-11 16:42:00,2024-12-12 07:13:00,E1164
HD-33519,J-2024-06305,70,quality,2024-12-11 20:14:00,2024-12-16 04:26:00,E1175
HD-33520,J-2024-06694,10,tooling,2024-12-12 06:07:00,2024-12-12 10:00:00,E1175
HD-33521,J-2024-06676,10,engineering,2024-12-12 06:14:00,2024-12-13 02:55:00,E1172
HD-33522,J-2024-06679,10,material,2024-12-12 06:16:00,2024-12-13 10:00:00,E1166
HD-33523,J-2024-06709,10,quality,2024-12-12 06:16:00,2025-01-02 10:00:00,E1172
HD-33524,J-2024-06673,10,quality,2024-12-12 06:20:00,2024-12-17 06:59:00,E1166
HD-33525,J-2024-06711,10,tooling,2024-12-12 06:25:00,2024-12-12 15:55:00,E1172
HD-33526,J-2024-06698,10,material,2024-12-12 06:26:00,2024-12-17 10:00:00,E1169
HD-33527,J-2024-06713,10,material,2024-12-12 06:27:00,2024-12-12 10:00:00,E1164
HD-33528,J-2024-06690,10,customer,2024-12-12 06:28:00,2024-12-16 01:17:00,E1169
HD-33529,J-2024-06312,40,tooling,2024-12-12 10:16:00,2024-12-13 05:54:00,E1164
HD-33530,J-2024-06081,40,tooling,2024-12-12 11:57:00,2024-12-16 08:05:00,E1164
HD-33531,J-2024-06688,30,tooling,2024-12-12 12:49:00,2024-12-13 10:01:00,E1175
HD-33532,J-2024-06695,20,other,2024-12-12 12:49:00,2024-12-12 23:49:00,E1172
HD-33533,J-2024-06309,50,other,2024-12-12 13:07:00,2024-12-13 04:29:00,E1175
HD-33534,J-2024-06533,30,material,2024-12-12 13:13:00,2024-12-13 06:49:00,E1174
HD-33535,J-2024-06259,40,other,2024-12-12 22:19:00,2024-12-13 08:26:00,E1174
HD-33536,J-2024-06746,10,material,2024-12-13 06:00:00,2024-12-13 10:00:00,E1166
HD-33537,J-2024-06728,10,material,2024-12-13 06:18:00,2024-12-19 10:00:00,E1164
HD-33538,J-2024-06739,10,engineering,2024-12-13 06:20:00,2024-12-16 22:54:00,E1164
HD-33539,J-2024-06361,40,quality,2024-12-13 06:51:00,2024-12-13 20:25:00,E1174
HD-33540,J-2024-06706,20,material,2024-12-13 07:49:00,2024-12-16 02:35:00,E1164
HD-33541,J-2024-06706,20,quality,2024-12-16 02:35:00,2024-12-18 18:56:00,E1175
HD-33542,J-2024-06314,30,quality,2024-12-16 05:53:00,2024-12-17 00:05:00,E1175
HD-33543,J-2024-06764,10,material,2024-12-16 06:08:00,2024-12-19 10:00:00,E1169
HD-33544,J-2024-06767,10,engineering,2024-12-16 06:24:00,2024-12-18 03:41:00,E1174
HD-33545,J-2024-06778,10,tooling,2024-12-16 06:29:00,2024-12-16 14:16:00,E1169
HD-33546,J-2024-06639,50,tooling,2024-12-16 09:46:00,2024-12-16 16:26:00,E1175
HD-33547,J-2024-06398,30,tooling,2024-12-16 10:23:00,2024-12-16 23:56:00,E1169
HD-33548,J-2024-06409,40,quality,2024-12-16 11:59:00,2024-12-17 12:26:00,E1169
HD-33549,J-2024-06604,50,engineering,2024-12-16 13:11:00,2024-12-17 18:21:00,E1175
HD-33550,J-2024-06033,40,quality,2024-12-16 13:24:00,2024-12-17 10:44:00,E1172
HD-33551,J-2024-06468,50,other,2024-12-16 16:18:00,2024-12-17 04:17:00,E1164
HD-33552,J-2024-06840,10,material,2024-12-17 06:03:00,2024-12-19 10:00:00,E1175
HD-33553,J-2024-06799,10,material,2024-12-17 06:07:00,2024-12-18 10:00:00,E1166
HD-33554,J-2024-06793,10,material,2024-12-17 06:09:00,2024-12-17 10:00:00,E1169
HD-33555,J-2024-06850,10,material,2024-12-17 06:10:00,2025-01-07 10:00:00,E1175
HD-33556,J-2024-06827,10,material,2024-12-17 06:10:00,2024-12-17 10:00:00,E1164
HD-33557,J-2024-06794,10,material,2024-12-17 06:15:00,2024-12-17 10:00:00,E1175
HD-33558,J-2024-06821,10,customer,2024-12-17 06:19:00,2024-12-20 13:41:00,E1166
HD-33559,J-2024-06810,10,material,2024-12-17 06:22:00,2024-12-19 10:00:00,E1169
HD-33560,J-2024-06839,10,other,2024-12-17 06:25:00,2024-12-18 01:35:00,E1174
HD-33561,J-2024-06086,30,quality,2024-12-17 06:51:00,2024-12-18 17:07:00,E1169
HD-33562,J-2024-06111,40,quality,2024-12-17 07:24:00,2024-12-18 18:01:00,E1172
HD-33563,J-2024-06326,40,other,2024-12-17 09:59:00,2024-12-18 04:00:00,E1172
HD-33564,J-2024-06314,50,tooling,2024-12-17 10:22:00,2024-12-17 23:38:00,E1169
HD-33565,J-2024-06654,40,tooling,2024-12-17 12:54:00,2024-12-18 00:07:00,E1169
HD-33566,J-2024-06885,10,tooling,2024-12-18 06:10:00,2024-12-18 20:52:00,E1164
HD-33567,J-2024-06864,10,material,2024-12-18 06:12:00,2024-12-18 10:00:00,E1172
HD-33568,J-2024-06861,10,material,2024-12-18 06:17:00,2024-12-18 10:00:00,E1164
HD-33569,J-2024-06879,10,material,2024-12-18 06:18:00,2024-12-23 10:00:00,E1175
HD-33570,J-2024-06884,10,material,2024-12-18 06:25:00,2024-12-19 10:00:00,E1174
HD-33571,J-2024-06894,10,material,2024-12-18 06:26:00,2024-12-18 10:00:00,E1175
HD-33572,J-2024-06876,10,material,2024-12-18 06:28:00,2024-12-18 10:00:00,E1174
HD-33573,J-2024-06700,40,quality,2024-12-18 07:02:00,2024-12-19 16:28:00,E1166
HD-33574,J-2024-06746,30,engineering,2024-12-18 07:13:00,2024-12-20 07:08:00,E1164
HD-33575,J-2024-06639,50,quality,2024-12-18 07:47:00,2024-12-18 22:56:00,E1174
HD-33576,J-2024-06702,10,quality,2024-12-18 07:48:00,2024-12-19 06:39:00,E1172
HD-33577,J-2024-06888,20,other,2024-12-18 10:08:00,2024-12-18 19:31:00,E1166
HD-33578,J-2024-06631,30,customer,2024-12-18 13:05:00,2024-12-23 07:35:00,E1174
HD-33579,J-2024-06610,40,quality,2024-12-18 15:42:00,2024-12-19 07:23:00,E1174
HD-33580,J-2024-06797,10,quality,2024-12-18 23:54:00,2024-12-23 10:29:00,E1174
HD-33581,J-2024-06911,10,material,2024-12-19 06:15:00,2024-12-19 10:00:00,E1166
HD-33582,J-2024-06702,10,quality,2024-12-19 06:39:00,2024-12-20 19:16:00,E1169
HD-33583,J-2024-06639,60,engineering,2024-12-19 07:27:00,2024-12-20 15:50:00,E1172
HD-33584,J-2024-05816,40,quality,2024-12-19 13:03:00,2024-12-20 16:58:00,E1166
HD-33585,J-2024-06420,20,customer,2024-12-19 21:52:00,2024-12-23 21:51:00,E1164
HD-33586,J-2024-06940,10,material,2024-12-20 06:11:00,2025-01-02 10:00:00,E1175
HD-33587,J-2024-06955,10,material,2024-12-20 06:20:00,2025-01-10 10:00:00,E1174
HD-33588,J-2024-06550,20,quality,2024-12-20 06:29:00,2025-01-02 06:25:00,E1172
HD-33589,J-2024-06794,40,quality,2024-12-20 06:50:00,2024-12-23 09:34:00,E1166
HD-33590,J-2024-06808,20,engineering,2024-12-20 06:58:00,2025-01-02 00:04:00,E1172
HD-33591,J-2024-06948,30,other,2024-12-20 16:45:00,2025-01-03 04:09:00,E1169
HD-33592,J-2024-05816,40,quality,2024-12-20 16:58:00,2024-12-23 09:09:00,E1174
HD-33593,J-2024-06793,20,engineering,2024-12-20 19:51:00,2024-12-23 12:11:00,E1166
HD-33594,J-2024-06973,10,material,2024-12-23 06:03:00,2025-01-02 10:00:00,E1175
HD-33595,J-2024-07005,10,material,2024-12-23 06:03:00,2025-01-13 10:00:00,E1172
HD-33596,J-2024-06972,10,material,2024-12-23 06:06:00,2025-01-03 10:00:00,E1175
HD-33597,J-2024-06975,10,material,2024-12-23 06:06:00,2024-12-23 10:00:00,E1164
HD-33598,J-2024-06998,10,material,2024-12-23 06:13:00,2025-01-09 10:00:00,E1164
HD-33599,J-2024-07001,10,material,2024-12-23 06:13:00,2025-01-02 10:00:00,E1166
HD-33600,J-2024-06960,10,quality,2024-12-23 06:18:00,2025-01-06 10:00:00,E1166
HD-33601,J-2024-06985,10,material,2024-12-23 06:19:00,2025-01-03 10:00:00,E1172
HD-33602,J-2024-06974,10,material,2024-12-23 06:19:00,2025-01-02 10:00:00,E1169
HD-33603,J-2024-06987,10,material,2024-12-23 06:27:00,2025-01-06 10:00:00,E1175
HD-33604,J-2024-06569,30,other,2024-12-23 10:19:00,2025-01-02 08:43:00,E1174
HD-33605,J-2024-06706,40,customer,2024-12-23 13:16:00,2025-01-03 16:42:00,E1175
HD-33606,J-2024-06088,30,quality,2024-12-23 20:54:00,2025-01-03 01:27:00,E1169
HD-33607,J-2024-06420,20,quality,2024-12-23 21:51:00,2025-01-02 16:21:00,E1164
HD-33608,J-2024-07042,10,material,2025-01-02 06:04:00,2025-01-06 10:00:00,E1172
HD-33609,J-2024-07047,10,material,2025-01-02 06:05:00,2025-01-14 10:00:00,E1172
HD-33610,J-2024-07060,10,material,2025-01-02 06:08:00,2025-01-07 10:00:00,E1166
HD-33611,J-2024-07053,10,material,2025-01-02 06:09:00,2025-01-13 10:00:00,E1169
HD-33612,J-2024-07099,10,material,2025-01-02 06:09:00,2025-01-15 10:00:00,E1169
HD-33613,J-2024-07032,10,tooling,2025-01-02 06:11:00,2025-01-03 02:36:00,E1172
HD-33614,J-2024-07058,10,material,2025-01-02 06:13:00,2025-01-03 10:00:00,E1166
HD-33615,J-2024-07028,10,material,2025-01-02 06:22:00,2025-01-14 10:00:00,E1174
HD-33616,J-2024-07036,10,material,2025-01-02 06:22:00,2025-01-02 10:00:00,E1175
HD-33617,J-2024-07083,10,material,2025-01-02 06:23:00,2025-01-02 10:00:00,E1164
HD-33618,J-2024-07051,10,material,2025-01-02 06:24:00,2025-01-06 10:00:00,E1166
HD-33619,J-2024-07067,10,material,2025-01-02 06:24:00,2025-01-08 10:00:00,E1174
HD-33620,J-2024-06550,20,other,2025-01-02 06:25:00,2025-01-02 21:30:00,E1164
HD-33621,J-2024-07081,10,material,2025-01-02 06:28:00,2025-01-06 10:00:00,E1169
HD-33622,J-2024-06558,30,quality,2025-01-02 07:06:00,2025-01-03 10:29:00,E1175
HD-33623,J-2024-06210,50,tooling,2025-01-02 12:58:00,2025-01-02 22:48:00,E1166
HD-33624,J-2024-06317,50,quality,2025-01-02 13:09:00,2025-01-06 05:02:00,E1164
HD-33625,J-2024-06808,30,other,2025-01-03 09:53:00,2025-01-06 06:27:00,E1164
HD-33626,J-2024-07019,40,tooling,2025-01-03 10:23:00,2025-01-06 02:01:00,E1172
HD-33627,J-2024-06410,30,other,2025-01-03 16:24:00,2025-01-04 07:43:00,E1164
HD-33628,J-2024-07065,50,other,2025-01-03 16:28:00,2025-01-04 14:33:00,E1169
HD-33629,J-2024-06792,30,engineering,2025-01-03 16:35:00,2025-01-04 13:40:00,E1172
HD-33630,J-2024-06752,20,other,2025-01-03 20:25:00,2025-01-04 06:51:00,E1174
HD-33631,J-2024-06690,10,quality,2025-01-04 17:54:00,2025-01-06 00:21:00,E1174
HD-33632,J-2025-00007,10,quality,2025-01-06 06:21:00,2025-01-06 10:00:00,E1164
HD-33633,J-2025-00022,10,material,2025-01-07 06:08:00,2025-01-07 10:00:00,E1172
HD-33634,J-2025-00036,10,engineering,2025-01-07 06:22:00,2025-01-08 20:10:00,E1166
HD-33635,J-2025-00023,10,material,2025-01-07 06:29:00,2025-01-16 10:00:00,E1175
HD-33636,J-2024-06758,60,quality,2025-01-07 09:29:00,2025-01-07 19:16:00,E1174
HD-33637,J-2024-06935,40,other,2025-01-07 09:53:00,2025-01-08 18:33:00,E1175
HD-33638,J-2024-06861,30,customer,2025-01-07 13:14:00,2025-01-13 06:25:00,E1169
HD-33639,J-2024-06771,30,quality,2025-01-07 23:22:00,2025-01-10 02:51:00,E1174
HD-33640,J-2024-06478,30,quality,2025-01-08 07:10:00,2025-01-08 23:46:00,E1174
HD-33641,J-2024-06657,20,quality,2025-01-08 08:15:00,2025-01-09 11:42:00,E1169
HD-33642,J-2024-06886,60,customer,2025-01-08 10:09:00,2025-01-13 16:14:00,E1166
HD-33643,J-2024-07136,30,tooling,2025-01-08 12:47:00,2025-01-09 03:20:00,E1166
HD-33644,J-2024-06949,40,quality,2025-01-08 16:43:00,2025-01-09 14:38:00,E1169
HD-33645,J-2025-00036,10,material,2025-01-08 20:10:00,2025-01-13 10:00:00,E1166
HD-33646,J-2025-00066,10,quality,2025-01-09 06:02:00,2025-01-13 10:00:00,E1175
HD-33647,J-2025-00076,10,customer,2025-01-09 06:08:00,2025-01-14 16:02:00,E1175
HD-33648,J-2025-00081,10,material,2025-01-09 06:13:00,2025-01-10 10:00:00,E1166
HD-33649,J-2025-00083,10,engineering,2025-01-09 06:19:00,2025-01-10 13:27:00,E1166
HD-33650,J-2025-00087,10,material,2025-01-09 06:25:00,2025-01-10 10:00:00,E1175
HD-33651,J-2025-00068,10,material,2025-01-09 06:28:00,2025-01-10 10:00:00,E1172
HD-33652,J-2024-06791,30,tooling,2025-01-09 07:01:00,2025-01-09 18:58:00,E1166
HD-33653,J-2024-07061,40,customer,2025-01-09 10:19:00,2025-01-14 06:38:00,E1172
HD-33654,J-2024-06657,20,quality,2025-01-09 11:42:00,2025-01-09 19:08:00,E1164
HD-33655,J-2024-06589,10,quality,2025-01-09 12:47:00,2025-01-10 07:13:00,E1164
HD-33656,J-2024-06872,40,engineering,2025-01-09 12:57:00,2025-01-10 09:31:00,E1164
HD-33657,J-2025-00110,10,material,2025-01-10 06:03:00,2025-01-13 10:00:00,E1166
HD-33658,J-2025-00105,10,material,2025-01-10 06:04:00,2025-01-22 10:00:00,E1169
HD-33659,J-2025-00113,10,customer,2025-01-10 06:21:00,2025-01-15 05:15:00,E1164
HD-33660,J-2025-00096,10,engineering,2025-01-10 06:24:00,2025-01-13 17:09:00,E1169
HD-33661,J-2024-06750,40,quality,2025-01-10 07:07:00,2025-01-13 10:39:00,E1174
HD-33662,J-2024-06278,30,tooling,2025-01-10 07:25:00,2025-01-10 21:04:00,E1175
HD-33663,J-2024-06926,30,engineering,2025-01-10 09:42:00,2025-01-13 14:04:00,E1166
HD-33664,J-2024-06831,30,material,2025-01-10 11:59:00,2025-01-13 13:11:00,E1169
HD-33665,J-2024-06649,30,tooling,2025-01-10 20:24:00,2025-01-11 19:02:00,E1169
HD-33666,J-2024-06835,60,quality,2025-01-11 09:09:00,2025-01-11 22:15:00,E1166
HD-33667,J-2025-00124,10,material,2025-01-13 06:07:00,2025-01-13 10:00:00,E1174
HD-33668,J-2025-00117,10,material,2025-01-13 06:30:00,2025-01-13 10:00:00,E1172
HD-33669,J-2024-06640,40,quality,2025-01-13 07:02:00,2025-01-14 15:39:00,E1172
HD-33670,J-2024-07076,20,quality,2025-01-13 07:08:00,2025-01-13 20:16:00,E1164
HD-33671,J-2025-00062,20,tooling,2025-01-13 20:07:00,2025-01-14 18:56:00,E1169
HD-33672,J-2024-07076,20,quality,2025-01-13 20:16:00,2025-01-15 09:25:00,E1169
HD-33673,J-2025-00153,10,material,2025-01-14 06:03:00,2025-01-15 10:00:00,E1169
HD-33674,J-2025-00134,10,material,2025-01-14 06:12:00,2025-01-22 10:00:00,E1172
HD-33675,J-2025-00143,10,material,2025-01-14 06:17:00,2025-01-20 10:00:00,E1174
HD-33676,J-2025-00141,10,material,2025-01-14 06:18:00,2025-01-22 10:00:00,E1166
HD-33677,J-2025-00145,10,tooling,2025-01-14 06:19:00,2025-01-14 10:00:00,E1174
HD-33678,J-2025-00139,10,tooling,2025-01-14 06:23:00,2025-01-14 22:29:00,E1166
HD-33679,J-2025-00157,10,customer,2025-01-14 06:24:00,2025-01-16 18:47:00,E1164
HD-33680,J-2024-06442,50,quality,2025-01-14 09:43:00,2025-01-15 01:51:00,E1166
HD-33681,J-2024-06625,50,tooling,2025-01-14 13:03:00,2025-01-15 06:55:00,E1172
HD-33682,J-2024-06903,30,other,2025-01-14 13:25:00,2025-01-15 11:11:00,E1174
HD-33683,J-2024-06950,50,quality,2025-01-14 15:15:00,2025-01-15 02:09:00,E1169
HD-33684,J-2024-06801,40,engineering,2025-01-14 16:39:00,2025-01-15 08:06:00,E1164
HD-33685,J-2024-07047,20,tooling,2025-01-14 16:56:00,2025-01-15 13:31:00,E1172
HD-33686,J-2025-00194,10,material,2025-01-15 06:01:00,2025-01-17 10:00:00,E1174
HD-33687,J-2025-00197,10,material,2025-01-15 06:06:00,2025-01-15 10:00:00,E1175
HD-33688,J-2025-00192,10,material,2025-01-15 06:23:00,2025-01-15 10:00:00,E1174
HD-33689,J-2025-00181,40,quality,2025-01-15 07:18:00,2025-01-15 19:31:00,E1174
HD-33690,J-2025-00198,10,quality,2025-01-15 08:44:00,2025-01-16 12:06:00,E1175
HD-33691,J-2024-06493,20,tooling,2025-01-15 11:06:00,2025-01-20 06:09:00,E1164
HD-33692,J-2024-06950,80,customer,2025-01-15 13:17:00,2025-01-20 10:21:00,E1169
HD-33693,J-2024-06983,20,engineering,2025-01-15 16:47:00,2025-01-16 09:57:00,E1166
HD-33694,J-2025-00205,10,material,2025-01-16 06:14:00,2025-01-30 10:00:00,E1172
HD-33695,J-2025-00202,10,material,2025-01-16 06:15:00,2025-01-20 10:00:00,E1169
HD-33696,J-2025-00216,10,customer,2025-01-16 06:24:00,2025-01-17 20:44:00,E1174
HD-33697,J-2025-00218,10,engineering,2025-01-16 06:26:00,2025-01-28 10:00:00,E1164
HD-33698,J-2025-00209,10,material,2025-01-16 06:27:00,2025-01-17 10:00:00,E1166
HD-33699,J-2024-06977,20,quality,2025-01-16 10:33:00,2025-01-17 12:52:00,E1164
HD-33700,J-2025-00198,10,quality,2025-01-16 12:06:00,2025-01-17 03:37:00,E1175
HD-33701,J-2024-06729,40,quality,2025-01-16 12:59:00,2025-01-17 19:52:00,E1172
HD-33702,J-2024-06779,40,quality,2025-01-16 16:26:00,2025-01-17 19:43:00,E1172
HD-33703,J-2025-00147,10,quality,2025-01-16 18:43:00,2025-01-17 23:29:00,E1174
HD-33704,J-2024-06629,10,quality,2025-01-17 01:54:00,2025-01-21 21:19:00,E1175
HD-33705,J-2025-00241,10,material,2025-01-17 06:21:00,2025-01-21 10:00:00,E1174
HD-33706,J-2025-00237,10,material,2025-01-17 06:21:00,2025-01-17 10:00:00,E1175
HD-33707,J-2025-00235,10,tooling,2025-01-17 06:23:00,2025-01-17 21:48:00,E1172
HD-33708,J-2025-00114,10,engineering,2025-01-17 06:24:00,2025-01-20 05:01:00,E1166
HD-33709,J-2024-06695,30,tooling,2025-01-17 06:45:00,2025-01-17 17:32:00,E1174
HD-33710,J-2024-06916,40,quality,2025-01-17 06:50:00,2025-01-17 23:28:00,E1172
HD-33711,J-2024-06977,20,quality,2025-01-17 12:52:00,2025-01-22 04:13:00,E1175
HD-33712,J-2024-06993,40,quality,2025-01-17 13:06:00,2025-01-18 02:33:00,E1169
HD-33713,J-2025-00235,10,material,2025-01-17 21:48:00,2025-01-20 10:00:00,E1164
HD-33714,J-2025-00147,10,quality,2025-01-17 23:29:00,2025-01-22 09:37:00,E1169
HD-33715,J-2025-00114,10,quality,2025-01-20 05:01:00,2025-01-20 18:22:00,E1175
HD-33716,J-2024-06640,40,quality,2025-01-20 05:08:00,2025-01-22 06:38:00,E1172
HD-33717,J-2025-00102,20,quality,2025-01-20 06:30:00,2025-01-20 19:46:00,E1164
HD-33718,J-2024-07006,20,quality,2025-01-20 06:51:00,2025-01-21 17:02:00,E1169
HD-33719,J-2024-06918,40,quality,2025-01-20 09:15:00,2025-01-21 18:22:00,E1166
HD-33720,J-2025-00096,20,quality,2025-01-20 09:19:00,2025-01-21 00:21:00,E1164
HD-33721,J-2024-07105,40,material,2025-01-20 09:49:00,2025-01-21 10:08:00,E1172
HD-33722,J-2024-06779,50,engineering,2025-01-20 10:14:00,2025-01-22 03:03:00,E1169
HD-33723,J-2025-00094,30,engineering,2025-01-20 10:25:00,2025-01-21 12:24:00,E1166
HD-33724,J-2024-06657,50,engineering,2025-01-20 12:49:00,2025-01-22 00:28:00,E1166
HD-33725,J-2024-06839,60,engineering,2025-01-20 13:06:00,2025-01-21 12:59:00,E1172
HD-33726,J-2025-00186,30,quality,2025-01-20 13:27:00,2025-01-21 23:30:00,E1174
HD-33727,J-2024-06695,40,quality,2025-01-20 13:42:00,2025-01-21 14:21:00,E1164
HD-33728,J-2024-06993,40,quality,2025-01-20 13:51:00,2025-01-22 12:08:00,E1174
HD-33729,J-2025-00184,30,other,2025-01-20 16:43:00,2025-01-21 00:58:00,E1164
HD-33730,J-2025-00302,10,material,2025-01-21 06:05:00,2025-01-21 10:00:00,E1169
HD-33731,J-2025-00310,10,material,2025-01-21 06:09:00,2025-01-27 10:00:00,E1172
HD-33732,J-2025-00266,10,material,2025-01-21 06:13:00,2025-01-21 10:00:00,E1174
HD-33733,J-2025-00287,10,tooling,2025-01-21 06:16:00,2025-01-21 16:08:00,E1166
HD-33734,J-2025-00312,10,material,2025-01-21 06:17:00,2025-01-21 10:00:00,E1166
HD-33735,J-2024-06955,10,quality,2025-01-21 06:17:00,2025-01-23 02:57:00,E1166
HD-33736,J-2025-00292,10,material,2025-01-21 06:22:00,2025-01-22 10:00:00,E1169
HD-33737,J-2025-00298,10,engineering,2025-01-21 06:26:00,2025-01-28 10:00:00,E1166
HD-33738,J-2025-00265,10,material,2025-01-21 06:26:00,2025-01-21 10:00:00,E1175
HD-33739,J-2024-07060,40,quality,2025-01-21 06:57:00,2025-01-22 15:35:00,E1169
HD-33740,J-2025-00126,20,quality,2025-01-21 08:19:00,2025-01-22 04:14:00,E1175
HD-33741,J-2025-00260,30,material,2025-01-21 09:44:00,2025-01-23 05:36:00,E1174
HD-33742,J-2024-07031,40,quality,2025-01-21 09:55:00,2025-01-22 04:35:00,E1172
HD-33743,J-2025-00104,30,customer,2025-01-21 10:13:00,2025-01-24 03:49:00,E1169
HD-33744,J-2024-07073,50,other,2025-01-21 10:17:00,2025-01-21 23:40:00,E1172
HD-33745,J-2024-06695,40,quality,2025-01-21 14:21:00,2025-01-24 14:06:00,E1166
HD-33746,J-2024-06918,40,quality,2025-01-21 18:22:00,2025-01-23 20:25:00,E1172
HD-33747,J-2024-06995,40,quality,2025-01-21 19:57:00,2025-01-22 12:28:00,E1175
HD-33748,J-2025-00332,10,material,2025-01-22 06:02:00,2025-01-23 10:00:00,E1169
HD-33749,J-2025-00324,10,material,2025-01-22 06:17:00,2025-02-06 10:00:00,E1169
HD-33750,J-2025-00316,10,material,2025-01-22 06:25:00,2025-01-22 10:00:00,E1172
HD-33751,J-2025-00315,10,other,2025-01-22 06:27:00,2025-01-23 10:00:00,E1172
HD-33752,J-2024-06629,20,tooling,2025-01-22 06:57:00,2025-01-22 19:57:00,E1175
HD-33753,J-2024-06993,40,quality,2025-01-22 12:08:00,2025-01-24 13:06:00,E1169
HD-33754,J-2024-06955,10,quality,2025-01-23 02:57:00,2025-01-27 13:16:00,E1172
HD-33755,J-2025-00344,10,material,2025-01-23 06:16:00,2025-01-23 10:00:00,E1174
HD-33756,J-2024-06903,40,quality,2025-01-23 08:27:00,2025-01-27 04:13:00,E1174
HD-33757,J-2024-07109,50,customer,2025-01-23 09:45:00,2025-01-24 14:15:00,E1166
HD-33758,J-2025-00342,20,engineering,2025-01-23 10:03:00,2025-01-27 03:15:00,E1172
HD-33759,J-2025-00352,20,other,2025-01-23 16:56:00,2025-01-24 12:45:00,E1172
HD-33760,J-2025-00380,10,material,2025-01-24 06:05:00,2025-01-24 10:00:00,E1174
HD-33761,J-2025-00361,10,material,2025-01-24 06:13:00,2025-01-24 10:00:00,E1166
HD-33762,J-2025-00364,10,material,2025-01-24 06:20:00,2025-01-28 21:05:00,E1174
HD-33763,J-2025-00382,10,material,2025-01-24 06:23:00,2025-01-27 10:00:00,E1174
HD-33764,J-2025-00300,60,tooling,2025-01-24 07:10:00,2025-01-27 04:11:00,E1169
HD-33765,J-2025-00100,30,quality,2025-01-24 09:03:00,2025-01-27 11:17:00,E1166
HD-33766,J-2025-00327,20,customer,2025-01-24 16:14:00,2025-01-27 01:52:00,E1166
HD-33767,J-2025-00062,30,quality,2025-01-24 18:26:00,2025-01-27 14:24:00,E1169
HD-33768,J-2024-06952,40,tooling,2025-01-24 20:25:00,2025-01-25 22:25:00,E1175
HD-33769,J-2025-00403,10,material,2025-01-27 06:05:00,2025-01-29 10:00:00,E1174
HD-33770,J-2025-00408,10,material,2025-01-27 06:09:00,2025-01-27 10:00:00,E1175
HD-33771,J-2025-00400,10,engineering,2025-01-27 06:28:00,2025-01-28 16:15:00,E1164
HD-33772,J-2025-00396,10,tooling,2025-01-27 06:28:00,2025-01-27 10:00:00,E1169
HD-33773,J-2025-00339,60,tooling,2025-01-27 10:08:00,2025-01-28 03:32:00,E1164
HD-33774,J-2025-00119,60,engineering,2025-01-27 12:48:00,2025-01-29 00:17:00,E1164
HD-33775,J-2024-06971,40,customer,2025-01-27 16:59:00,2025-01-31 07:02:00,E1174
HD-33776,J-2025-00424,10,material,2025-01-28 06:00:00,2025-01-29 10:00:00,E1172
HD-33777,J-2025-00433,10,tooling,2025-01-28 06:10:00,2025-01-28 12:43:00,E1174
HD-33778,J-2025-00412,10,material,2025-01-28 06:16:00,2025-01-28 10:00:00,E1175
HD-33779,J-2025-00465,10,material,2025-01-28 06:18:00,2025-01-28 10:00:00,E1164
HD-33780,J-2025-00439,10,material,2025-01-28 06:20:00,2025-01-28 10:00:00,E1172
HD-33781,J-2025-00422,10,material,2025-01-28 06:29:00,2025-01-29 10:00:00,E1175
HD-33782,J-2025-00416,20,customer,2025-01-28 10:04:00,2025-01-31 10:59:00,E1174
HD-33783,J-2025-00107,80,tooling,2025-01-28 10:28:00,2025-01-29 04:18:00,E1175
HD-33784,J-2024-06837,70,customer,2025-01-28 13:08:00,2025-01-31 07:52:00,E1164
HD-33785,J-2025-00364,10,tooling,2025-01-28 21:05:00,2025-01-29 05:38:00,E1169
HD-33786,J-2025-00479,10,material,2025-01-29 06:08:00,2025-01-31 10:00:00,E1172
HD-33787,J-2025-00478,10,material,2025-01-29 06:11:00,2025-01-29 10:00:00,E1169
HD-33788,J-2025-00483,10,material,2025-01-29 06:12:00,2025-01-29 10:00:00,E1175
HD-33789,J-2025-00495,10,material,2025-01-29 06:17:00,2025-01-30 10:00:00,E1175
HD-33790,J-2025-00481,10,material,2025-01-29 06:23:00,2025-02-07 10:00:00,E1174
HD-33791,J-2025-00477,10,quality,2025-01-29 06:46:00,2025-01-30 22:09:00,E1169
HD-33792,J-2025-00302,50,tooling,2025-01-29 06:53:00,2025-01-29 14:01:00,E1166
HD-33793,J-2025-00454,40,quality,2025-01-29 07:12:00,2025-01-30 13:17:00,E1175
HD-33794,J-2025-00455,30,customer,2025-01-29 10:26:00,2025-01-31 01:52:00,E1174
HD-33795,J-2025-00237,40,other,2025-01-29 12:48:00,2025-01-31 08:03:00,E1172
HD-33796,J-2025-00465,20,engineering,2025-01-29 12:50:00,2025-01-30 19:14:00,E1169
HD-33797,J-2025-00403,20,other,2025-01-29 16:31:00,2025-01-30 10:37:00,E1166
HD-33798,J-2025-00504,10,tooling,2025-01-30 06:16:00,2025-01-31 10:00:00,E1172
HD-33799,J-2024-06714,40,quality,2025-01-30 06:53:00,2025-01-31 09:14:00,E1174
HD-33800,J-2025-00302,50,quality,2025-01-30 08:13:00,2025-01-31 16:33:00,E1175
HD-33801,J-2025-00157,40,engineering,2025-01-30 09:58:00,2025-01-31 20:57:00,E1175
HD-33802,J-2024-06894,60,other,2025-01-30 13:22:00,2025-01-30 19:56:00,E1175
HD-33803,J-2025-00477,10,other,2025-01-30 22:09:00,2025-02-03 22:47:00,E1172
HD-33804,J-2025-00515,10,material,2025-01-31 06:06:00,2025-02-03 10:00:00,E1174
HD-33805,J-2025-00514,10,tooling,2025-01-31 06:11:00,2025-01-31 13:34:00,E1169
HD-33806,J-2025-00524,10,other,2025-01-31 06:15:00,2025-01-31 19:44:00,E1172
HD-33807,J-2025-00517,10,material,2025-01-31 06:16:00,2025-02-05 10:00:00,E1169
HD-33808,J-2025-00521,10,material,2025-01-31 06:17:00,2025-01-31 10:00:00,E1174
HD-33809,J-2025-00527,10,material,2025-01-31 06:19:00,2025-01-31 10:00:00,E1166
HD-33810,J-2025-00516,10,tooling,2025-01-31 06:20:00,2025-02-03 00:23:00,E1164
HD-33811,J-2025-00526,10,customer,2025-01-31 06:28:00,2025-02-13 10:00:00,E1175
HD-33812,J-2025-00261,40,other,2025-01-31 06:53:00,2025-02-04 03:05:00,E1164
HD-33813,J-2025-00529,10,quality,2025-01-31 07:42:00,2025-01-31 22:31:00,E1174
HD-33814,J-2025-00122,50,material,2025-01-31 10:16:00,2025-02-03 02:05:00,E1166
HD-33815,J-2025-00081,50,tooling,2025-01-31 10:22:00,2025-01-31 17:12:00,E1169
HD-33816,J-2025-00302,50,quality,2025-01-31 16:33:00,2025-02-05 06:18:00,E1172
HD-33817,J-2025-00542,10,material,2025-02-03 06:07:00,2025-02-03 10:00:00,E1169
HD-33818,J-2025-00540,40,engineering,2025-02-03 20:05:00,2025-02-05 02:14:00,E1174
HD-33819,J-2025-00261,40,tooling,2025-02-04 03:05:00,2025-02-05 18:57:00,E1174
HD-33820,J-2025-00584,10,material,2025-02-04 06:01:00,2025-02-04 10:00:00,E1169
HD-33821,J-2025-00612,10,material,2025-02-04 06:02:00,2025-02-06 10:00:00,E1164
HD-33822,J-2025-00586,10,material,2025-02-04 06:08:00,2025-02-06 10:00:00,E1175
HD-33823,J-2025-00599,10,tooling,2025-02-04 06:09:00,2025-02-07 10:00:00,E1174
HD-33824,J-2025-00609,10,engineering,2025-02-04 06:11:00,2025-02-05 22:54:00,E1166
HD-33825,J-2025-00574,10,material,2025-02-04 06:13:00,2025-02-05 10:00:00,E1169
HD-33826,J-2025-00576,10,material,2025-02-04 06:25:00,2025-02-06 10:00:00,E1166
HD-33827,J-2025-00588,10,tooling,2025-02-04 06:27:00,2025-02-04 16:08:00,E1175
HD-33828,J-2025-00545,60,engineering,2025-02-04 10:27:00,2025-02-05 02:35:00,E1169
HD-33829,J-2024-06738,40,quality,2025-02-04 12:31:00,2025-02-05 19:46:00,E1166
HD-33830,J-2025-00107,90,engineering,2025-02-04 12:50:00,2025-02-05 02:02:00,E1172
HD-33831,J-2025-00570,20,other,2025-02-04 16:34:00,2025-02-05 09:36:00,E1172
HD-33832,J-2025-00583,10,quality,2025-02-04 20:28:00,2025-02-06 06:59:00,E1175
HD-33833,J-2025-00626,10,material,2025-02-05 06:00:00,2025-02-18 10:00:00,E1172
HD-33834,J-2025-00625,10,material,2025-02-05 06:15:00,2025-02-17 10:00:00,E1169
HD-33835,J-2025-00631,10,material,2025-02-05 06:23:00,2025-02-07 10:00:00,E1169
HD-33836,J-2025-00615,10,material,2025-02-05 06:25:00,2025-02-05 10:00:00,E1174
HD-33837,J-2025-00290,40,quality,2025-02-05 06:42:00,2025-02-05 23:16:00,E1164
HD-33838,J-2025-00214,30,engineering,2025-02-05 06:56:00,2025-02-06 11:46:00,E1164
HD-33839,J-2025-00595,20,other,2025-02-05 07:30:00,2025-02-06 06:06:00,E1164
HD-33840,J-2025-00527,10,quality,2025-02-05 08:44:00,2025-02-06 03:08:00,E1175
HD-33841,J-2025-00363,40,quality,2025-02-05 08:49:00,2025-02-06 00:40:00,E1166
HD-33842,J-2025-00560,20,quality,2025-02-05 10:03:00,2025-02-07 02:01:00,E1169
HD-33843,J-2025-00605,20,customer,2025-02-05 16:53:00,2025-02-10 17:12:00,E1172
HD-33844,J-2024-06738,40,quality,2025-02-05 19:46:00,2025-02-10 08:39:00,E1175
HD-33845,J-2025-00639,10,material,2025-02-06 06:04:00,2025-02-06 10:00:00,E1172
HD-33846,J-2025-00646,10,engineering,2025-02-06 06:04:00,2025-02-06 10:00:00,E1164
HD-33847,J-2025-00655,10,material,2025-02-06 06:09:00,2025-02-17 10:00:00,E1169
HD-33848,J-2025-00665,10,material,2025-02-06 06:23:00,2025-02-14 10:00:00,E1174
HD-33849,J-2025-00657,10,material,2025-02-06 06:27:00,2025-02-10 10:00:00,E1166
HD-33850,J-2025-00578,20,quality,2025-02-06 07:55:00,2025-02-10 03:56:00,E1164
HD-33851,J-2025-00365,20,engineering,2025-02-06 12:53:00,2025-02-10 12:08:00,E1175
HD-33852,J-2025-00604,30,engineering,2025-02-06 13:04:00,2025-02-07 17:13:00,E1172
HD-33853,J-2025-00108,50,other,2025-02-06 16:49:00,2025-02-07 05:50:00,E1166
HD-33854,J-2025-00675,10,material,2025-02-07 06:22:00,2025-02-11 10:00:00,E1172
HD-33855,J-2025-00680,10,material,2025-02-07 06:29:00,2025-02-11 10:00:00,E1164
HD-33856,J-2025-00194,60,customer,2025-02-07 07:30:00,2025-02-10 11:17:00,E1172
HD-33857,J-2025-00558,30,tooling,2025-02-07 10:18:00,2025-02-10 08:27:00,E1164
HD-33858,J-2025-00359,40,tooling,2025-02-07 13:25:00,2025-02-08 07:23:00,E1164
HD-33859,J-2024-07133,40,quality,2025-02-07 16:30:00,2025-02-08 21:39:00,E1169
HD-33860,J-2025-00342,70,tooling,2025-02-07 16:34:00,2025-02-08 10:31:00,E1174
HD-33861,J-2025-00470,30,engineering,2025-02-07 19:54:00,2025-02-10 15:36:00,E1175
HD-33862,J-2025-00228,20,quality,2025-02-07 21:24:00,2025-02-10 10:07:00,E1169
HD-33863,J-2025-00578,20,quality,2025-02-10 03:56:00,2025-02-13 00:48:00,E1164
HD-33864,J-2025-00697,10,material,2025-02-10 06:01:00,2025-02-10 10:00:00,E1172
HD-33865,J-2025-00718,10,material,2025-02-10 06:24:00,2025-02-10 10:00:00,E1175
HD-33866,J-2025-00690,20,engineering,2025-02-10 07:17:00,2025-02-11 00:50:00,E1169
HD-33867,J-2025-00228,20,quality,2025-02-10 10:07:00,2025-02-10 18:28:00,E1175
HD-33868,J-2025-00642,20,engineering,2025-02-10 10:29:00,2025-02-11 21:56:00,E1175
HD-33869,J-2024-07051,90,customer,2025-02-10 12:46:00,2025-02-13 02:45:00,E1172
HD-33870,J-2025-00597,20,tooling,2025-02-10 13:24:00,2025-02-11 07:35:00,E1169
HD-33871,J-2025-00324,40,tooling,2025-02-10 16:15:00,2025-02-11 12:20:00,E1172
HD-33872,J-2025-00707,10,material,2025-02-10 23:27:00,2025-02-12 10:00:00,E1166
HD-33873,J-2025-00770,10,other,2025-02-11 06:08:00,2025-02-11 10:00:00,E1169
HD-33874,J-2025-00774,10,material,2025-02-11 06:13:00,2025-02-20 10:00:00,E1166
HD-33875,J-2025-00745,10,other,2025-02-11 06:15:00,2025-02-17 10:00:00,E1169
HD-33876,J-2025-00762,10,engineering,2025-02-11 06:28:00,2025-02-11 23:56:00,E1164
HD-33877,J-2025-00730,10,material,2025-02-11 06:28:00,2025-02-11 10:00:00,E1175
HD-33878,J-2025-00516,20,material,2025-02-11 07:05:00,2025-02-14 13:14:00,E1169
HD-33879,J-2025-00205,40,tooling,2025-02-11 10:10:00,2025-02-12 06:32:00,E1174
HD-33880,J-2025-00436,40,quality,2025-02-11 12:36:00,2025-02-12 13:01:00,E1174
HD-33881,J-2025-00624,20,customer,2025-02-11 13:10:00,2025-02-13 14:30:00,E1164
HD-33882,J-2025-00780,10,material,2025-02-12 06:13:00,2025-02-13 10:00:00,E1166
HD-33883,J-2025-00807,10,customer,2025-02-12 06:18:00,2025-02-14 18:44:00,E1164
HD-33884,J-2025-00765,20,tooling,2025-02-12 07:04:00,2025-02-12 19:30:00,E1174
HD-33885,J-2025-00403,30,quality,2025-02-12 10:15:00,2025-02-12 23:34:00,E1166
HD-33886,J-2025-00393,50,tooling,2025-02-12 12:45:00,2025-02-13 12:38:00,E1172
HD-33887,J-2025-00436,40,quality,2025-02-12 13:01:00,2025-02-14 23:42:00,E1166
HD-33888,J-2025-00725,40,quality,2025-02-12 14:35:00,2025-02-14 04:17:00,E1175
HD-33889,J-2025-00824,10,material,2025-02-13 06:04:00,2025-02-14 10:00:00,E1169
HD-33890,J-2025-00822,10,tooling,2025-02-13 06:14:00,2025-02-13 16:59:00,E1172
HD-33891,J-2025-00827,10,customer,2025-02-13 06:27:00,2025-02-14 11:23:00,E1166
HD-33892,J-2025-00489,40,customer,2025-02-13 07:03:00,2025-02-19 06:27:00,E1174
HD-33893,J-2025-00474,40,engineering,2025-02-13 13:12:00,2025-02-14 17:16:00,E1175
HD-33894,J-2025-00266,80,engineering,2025-02-13 16:47:00,2025-02-14 10:58:00,E1164
HD-33895,J-2025-00725,40,quality,2025-02-14 04:17:00,2025-02-14 18:24:00,E1169
HD-33896,J-2025-00876,10,material,2025-02-14 06:07:00,2025-02-14 10:00:00,E1164
HD-33897,J-2025-00838,10,material,2025-02-14 06:08:00,2025-02-18 10:00:00,E1164
HD-33898,J-2025-00853,10,engineering,2025-02-14 06:08:00,2025-02-17 08:39:00,E1164
HD-33899,J-2025-00859,10,material,2025-02-14 06:17:00,2025-02-14 10:00:00,E1175
HD-33900,J-2025-00413,40,quality,2025-02-14 07:12:00,2025-02-17 17:31:00,E1175
HD-33901,J-2025-00526,10,other,2025-02-14 08:01:00,2025-02-18 13:45:00,E1174
HD-33902,J-2025-00874,10,quality,2025-02-14 08:11:00,2025-02-17 04:51:00,E1164
HD-33903,J-2025-00510,70,other,2025-02-14 09:43:00,2025-02-14 21:42:00,E1172
HD-33904,J-2025-00290,50,engineering,2025-02-14 12:32:00,2025-02-17 05:30:00,E1172
HD-33905,J-2024-06893,30,material,2025-02-14 12:55:00,2025-02-17 04:59:00,E1172
HD-33906,J-2025-00309,50,customer,2025-02-14 13:19:00,2025-02-17 02:53:00,E1172
HD-33907,J-2025-00184,40,quality,2025-02-14 13:58:00,2025-02-17 10:55:00,E1169
HD-33908,J-2025-00864,40,quality,2025-02-14 20:10:00,2025-02-17 03:28:00,E1172
HD-33909,J-2025-00816,20,quality,2025-02-14 20:51:00,2025-02-18 04:58:00,E1164
HD-33910,J-2025-00874,10,quality,2025-02-17 04:51:00,2025-02-18 16:47:00,E1175
HD-33911,J-2025-00290,50,tooling,2025-02-17 05:30:00,2025-02-18 14:36:00,E1169
HD-33912,J-2025-00896,10,quality,2025-02-17 06:05:00,2025-02-25 10:00:00,E1164
HD-33913,J-2025-00881,10,material,2025-02-17 06:07:00,2025-03-03 10:00:00,E1175
HD-33914,J-2025-00898,10,material,2025-02-17 06:17:00,2025-02-17 10:00:00,E1172
HD-33915,J-2025-00877,10,other,2025-02-17 06:21:00,2025-02-17 21:02:00,E1169
HD-33916,J-2025-00579,60,customer,2025-02-17 06:48:00,2025-02-18 01:19:00,E1172
HD-33917,J-2025-00531,50,quality,2025-02-17 08:00:00,2025-02-19 23:55:00,E1174
HD-33918,J-2025-00417,40,quality,2025-02-17 13:06:00,2025-02-18 18:13:00,E1169
HD-33919,J-2025-00573,50,customer,2025-02-17 13:18:00,2025-02-19 00:33:00,E1166
HD-33920,J-2025-00739,30,engineering,2025-02-17 13:20:00,2025-02-18 22:12:00,E1172
HD-33921,J-2025-00903,10,material,2025-02-18 06:00:00,2025-02-18 10:00:00,E1166
HD-33922,J-2025-00943,10,material,2025-02-18 06:16:00,2025-02-19 10:00:00,E1175
HD-33923,J-2025-00945,10,material,2025-02-18 06:18:00,2025-02-24 10:00:00,E1164
HD-33924,J-2025-00916,10,material,2025-02-18 06:27:00,2025-03-04 10:00:00,E1164
HD-33925,J-2025-00909,10,material,2025-02-18 06:28:00,2025-02-19 10:00:00,E1172
HD-33926,J-2025-00534,30,quality,2025-02-18 09:28:00,2025-02-19 11:25:00,E1169
HD-33927,J-2025-00849,30,engineering,2025-02-18 09:45:00,2025-02-19 03:28:00,E1166
HD-33928,J-2025-00967,10,other,2025-02-19 06:04:00,2025-02-24 14:52:00,E1166
HD-33929,J-2025-00954,10,material,2025-02-19 06:07:00,2025-02-26 10:00:00,E1164
HD-33930,J-2025-00965,10,material,2025-02-19 06:08:00,2025-02-20 10:00:00,E1172
HD-33931,J-2025-00963,10,material,2025-02-19 06:09:00,2025-02-26 10:00:00,E1172
HD-33932,J-2025-00983,10,material,2025-02-19 06:27:00,2025-02-27 10:00:00,E1169
HD-33933,J-2025-00489,40,quality,2025-02-19 06:27:00,2025-02-19 23:47:00,E1175
HD-33934,J-2025-00517,30,quality,2025-02-19 07:13:00,2025-02-20 03:00:00,E1169
HD-33935,J-2025-00920,30,customer,2025-02-19 09:57:00,2025-02-20 16:50:00,E1169
HD-33936,J-2025-00534,30,quality,2025-02-19 11:25:00,2025-02-24 06:33:00,E1169
HD-33937,J-2025-00316,40,quality,2025-02-19 13:15:00,2025-02-20 07:15:00,E1174
HD-33938,J-2025-00665,30,quality,2025-02-19 16:32:00,2025-02-20 07:28:00,E1175
HD-33939,J-2025-00816,50,customer,2025-02-19 16:39:00,2025-02-24 19:53:00,E1174
HD-33940,J-2025-00996,10,material,2025-02-20 06:03:00,2025-03-03 10:00:00,E1169
HD-33941,J-2025-00993,10,quality,2025-02-20 06:04:00,2025-02-20 14:12:00,E1166
HD-33942,J-2025-01002,10,material,2025-02-20 06:13:00,2025-02-20 10:00:00,E1175
HD-33943,J-2025-00917,70,other,2025-02-20 07:28:00,2025-02-20 21:57:00,E1172
HD-33944,J-2025-00766,50,tooling,2025-02-20 13:01:00,2025-02-20 20:40:00,E1166
HD-33945,J-2025-00836,30,customer,2025-02-20 16:25:00,2025-02-26 09:57:00,E1169
HD-33946,J-2025-01041,10,material,2025-02-21 06:00:00,2025-02-28 10:00:00,E1172
HD-33947,J-2025-01014,10,material,2025-02-21 06:22:00,2025-02-21 10:00:00,E1175
HD-33948,J-2025-01031,20,engineering,2025-02-21 13:03:00,2025-02-22 00:25:00,E1174
HD-33949,J-2025-00956,10,quality,2025-02-21 15:16:00,2025-02-22 17:47:00,E1166
HD-33950,J-2025-00994,20,engineering,2025-02-21 20:25:00,2025-02-24 12:30:00,E1174
HD-33951,J-2025-00793,30,quality,2025-02-21 20:54:00,2025-02-22 08:28:00,E1169
HD-33952,J-2025-00922,20,customer,2025-02-21 23:26:00,2025-02-25 08:31:00,E1172
HD-33953,J-2025-01064,10,material,2025-02-24 06:08:00,2025-02-24 10:00:00,E1174
HD-33954,J-2025-01060,10,tooling,2025-02-24 06:08:00,2025-02-24 10:00:00,E1164
HD-33955,J-2025-01063,10,material,2025-02-24 06:12:00,2025-03-06 10:00:00,E1175
HD-33956,J-2025-01046,10,material,2025-02-24 06:25:00,2025-02-25 10:00:00,E1166
HD-33957,J-2025-01058,10,material,2025-02-24 06:25:00,2025-03-11 10:00:00,E1175
HD-33958,J-2025-00956,20,engineering,2025-02-24 06:51:00,2025-02-25 19:35:00,E1166
HD-33959,J-2025-00993,30,engineering,2025-02-24 09:53:00,2025-02-26 00:19:00,E1172
HD-33960,J-2025-00449,40,quality,2025-02-24 11:37:00,2025-02-25 08:27:00,E1172
HD-33961,J-2025-01055,20,engineering,2025-02-24 12:56:00,2025-02-25 05:58:00,E1169
HD-33962,J-2025-00382,50,customer,2025-02-24 13:02:00,2025-02-26 07:22:00,E1169
HD-33963,J-2025-00712,40,quality,2025-02-24 13:17:00,2025-02-25 12:58:00,E1166
HD-33964,J-2025-01053,20,other,2025-02-24 16:16:00,2025-02-25 00:25:00,E1164
HD-33965,J-2025-01054,20,material,2025-02-24 20:09:00,2025-02-25 13:21:00,E1169
HD-33966,J-2025-01044,20,other,2025-02-24 20:30:00,2025-02-25 09:22:00,E1175
HD-33967,J-2025-01086,10,material,2025-02-25 06:05:00,2025-03-07 10:00:00,E1169
HD-33968,J-2025-01073,10,engineering,2025-02-25 06:06:00,2025-02-27 00:25:00,E1174
HD-33969,J-2025-01098,10,material,2025-02-25 06:18:00,2025-02-27 10:00:00,E1166
HD-33970,J-2025-00789,40,engineering,2025-02-25 09:50:00,2025-02-26 00:58:00,E1166
HD-33971,J-2025-00946,30,engineering,2025-02-25 10:22:00,2025-02-25 19:33:00,E1172
HD-33972,J-2025-00932,30,quality,2025-02-25 12:04:00,2025-02-26 13:06:00,E1175
HD-33973,J-2025-00636,40,engineering,2025-02-25 12:52:00,2025-02-27 01:55:00,E1164
HD-33974,J-2025-01079,20,engineering,2025-02-25 16:57:00,2025-02-26 16:00:00,E1174
HD-33975,J-2025-01153,10,other,2025-02-26 06:23:00,2025-03-11 10:00:00,E1175
HD-33976,J-2025-01147,10,engineering,2025-02-26 06:25:00,2025-02-28 10:00:00,E1166
HD-33977,J-2025-00951,40,quality,2025-02-26 07:07:00,2025-02-26 23:14:00,E1172
HD-33978,J-2025-00343,60,tooling,2025-02-26 09:53:00,2025-02-27 07:39:00,E1174
HD-33979,J-2025-00387,40,quality,2025-02-26 10:21:00,2025-02-28 08:07:00,E1174
HD-33980,J-2025-01117,20,engineering,2025-02-26 12:42:00,2025-02-28 02:17:00,E1169
HD-33981,J-2025-00932,30,quality,2025-02-26 13:06:00,2025-02-27 00:10:00,E1175
HD-33982,J-2025-01075,40,quality,2025-02-26 13:11:00,2025-02-27 10:01:00,E1174
HD-33983,J-2025-00932,40,tooling,2025-02-27 07:00:00,2025-02-27 19:57:00,E1174
HD-33984,J-2025-00484,40,quality,2025-02-27 07:59:00,2025-02-28 01:35:00,E1164
HD-33985,J-2025-00950,20,quality,2025-02-27 10:53:00,2025-02-28 12:26:00,E1166
HD-33986,J-2025-01016,10,quality,2025-02-27 11:04:00,2025-03-03 16:23:00,E1172
HD-33987,J-2025-00784,40,tooling,2025-02-27 16:53:00,2025-02-28 14:01:00,E1169
HD-33988,J-2025-00484,40,quality,2025-02-28 01:35:00,2025-03-04 19:09:00,E1164
HD-33989,J-2025-01190,10,material,2025-02-28 06:03:00,2025-03-04 10:00:00,E1166
HD-33990,J-2025-01208,10,other,2025-02-28 06:20:00,2025-02-28 16:49:00,E1164
HD-33991,J-2025-01173,30,engineering,2025-02-28 10:00:00,2025-03-03 02:20:00,E1166
HD-33992,J-2025-01150,30,engineering,2025-02-28 10:15:00,2025-03-03 03:21:00,E1169
HD-33993,J-2025-00953,10,material,2025-02-28 11:07:00,2025-03-05 09:03:00,E1175
HD-33994,J-2025-00795,30,quality,2025-02-28 12:47:00,2025-03-01 10:58:00,E1175
HD-33995,J-2025-01108,30,engineering,2025-02-28 16:51:00,2025-03-01 19:10:00,E1174
HD-33996,J-2025-01113,40,quality,2025-02-28 16:53:00,2025-03-01 21:52:00,E1172
HD-33997,J-2025-01198,30,engineering,2025-02-28 20:15:00,2025-03-03 07:37:00,E1175
HD-33998,J-2025-01237,10,engineering,2025-03-03 06:11:00,2025-03-04 12:53:00,E1175
HD-33999,J-2025-01211,10,customer,2025-03-03 06:22:00,2025-03-05 20:46:00,E1174
HD-34000,J-2025-01218,10,material,2025-03-03 06:26:00,2025-03-03 10:00:00,E1164
HD-34001,J-2025-01227,10,material,2025-03-03 06:28:00,2025-03-06 10:00:00,E1164
HD-34002,J-2025-00173,50,quality,2025-03-03 07:54:00,2025-03-04 13:56:00,E1175
HD-34003,J-2025-01041,20,quality,2025-03-03 08:02:00,2025-03-05 05:00:00,E1172
HD-34004,J-2025-01197,30,engineering,2025-03-03 09:44:00,2025-03-04 13:41:00,E1174
HD-34005,J-2025-00786,40,quality,2025-03-04 06:04:00,2025-03-06 17:10:00,E1166
HD-34006,J-2025-01242,10,other,2025-03-04 06:05:00,2025-03-04 23:53:00,E1172
HD-34007,J-2025-01286,10,material,2025-03-04 06:08:00,2025-03-04 10:00:00,E1169
HD-34008,J-2025-01273,10,engineering,2025-03-04 06:15:00,2025-03-06 01:31:00,E1172
HD-34009,J-2025-01246,10,material,2025-03-04 06:20:00,2025-03-04 10:00:00,E1169
HD-34010,J-2025-01268,10,material,2025-03-04 06:20:00,2025-03-04 10:00:00,E1174
HD-34011,J-2025-01252,10,material,2025-03-04 06:22:00,2025-03-06 10:00:00,E1166
HD-34012,J-2025-01284,10,material,2025-03-04 06:23:00,2025-03-05 10:00:00,E1172
HD-34013,J-2025-01281,10,material,2025-03-04 06:26:00,2025-03-05 10:00:00,E1166
HD-34014,J-2025-01262,10,quality,2025-03-04 06:28:00,2025-03-04 10:00:00,E1172
HD-34015,J-2025-01232,20,other,2025-03-04 06:42:00,2025-03-04 15:01:00,E1174
HD-34016,J-2025-01224,40,quality,2025-03-04 06:47:00,2025-03-05 07:19:00,E1164
HD-34017,J-2025-01229,20,engineering,2025-03-04 07:18:00,2025-03-04 20:31:00,E1169
HD-34018,J-2025-01104,20,engineering,2025-03-04 07:29:00,2025-03-05 08:37:00,E1175
HD-34019,J-2025-00624,40,other,2025-03-04 10:05:00,2025-03-05 07:31:00,E1175
HD-34020,J-2025-00946,60,customer,2025-03-04 10:25:00,2025-03-06 06:57:00,E1164
HD-34021,J-2025-00385,30,quality,2025-03-04 10:28:00,2025-03-05 01:44:00,E1166
HD-34022,J-2025-01041,20,quality,2025-03-05 05:00:00,2025-03-05 20:19:00,E1169
HD-34023,J-2025-01295,10,material,2025-03-05 06:04:00,2025-03-06 10:00:00,E1166
HD-34024,J-2025-01306,10,material,2025-03-05 06:07:00,2025-03-05 10:00:00,E1174
HD-34025,J-2025-01148,40,quality,2025-03-05 11:28:00,2025-03-06 02:37:00,E1166
HD-34026,J-2025-01298,30,engineering,2025-03-05 16:25:00,2025-03-06 08:37:00,E1172
HD-34027,J-2025-01323,10,material,2025-03-06 06:01:00,2025-03-10 10:00:00,E1164
HD-34028,J-2025-01316,10,quality,2025-03-06 06:05:00,2025-03-07 10:00:00,E1174
HD-34029,J-2025-01332,10,material,2025-03-06 06:10:00,2025-03-13 10:00:00,E1166
HD-34030,J-2025-01314,10,other,2025-03-06 06:19:00,2025-03-06 10:00:00,E1169
HD-34031,J-2025-01331,10,engineering,2025-03-06 06:25:00,2025-03-06 22:20:00,E1175
HD-34032,J-2025-01208,40,other,2025-03-06 08:26:00,2025-03-10 08:00:00,E1166
HD-34033,J-2025-00701,50,engineering,2025-03-06 10:05:00,2025-03-07 16:52:00,E1174
HD-34034,J-2025-01209,20,customer,2025-03-06 10:16:00,2025-03-10 19:58:00,E1175
HD-34035,J-2025-01134,50,customer,2025-03-06 10:17:00,2025-03-10 00:52:00,E1164
HD-34036,J-2025-00965,40,engineering,2025-03-06 16:38:00,2025-03-07 18:41:00,E1164
HD-34037,J-2025-01358,10,material,2025-03-07 06:14:00,2025-03-11 10:00:00,E1174
HD-34038,J-2025-01345,10,material,2025-03-07 06:17:00,2025-03-19 10:00:00,E1164
HD-34039,J-2025-01346,10,material,2025-03-07 06:19:00,2025-03-11 10:00:00,E1169
HD-34040,J-2025-01360,10,other,2025-03-07 06:21:00,2025-03-07 10:00:00,E1175
HD-34041,J-2025-01341,10,quality,2025-03-07 06:21:00,2025-03-13 10:00:00,E1172
HD-34042,J-2025-01324,20,customer,2025-03-07 09:50:00,2025-03-11 05:53:00,E1175
HD-34043,J-2025-00990,40,quality,2025-03-07 09:52:00,2025-03-10 19:11:00,E1169
HD-34044,J-2025-01315,40,quality,2025-03-07 10:24:00,2025-03-10 02:21:00,E1166
HD-34045,J-2025-00959,30,quality,2025-03-07 13:26:00,2025-03-08 23:07:00,E1164
HD-34046,J-2025-01077,60,customer,2025-03-07 16:13:00,2025-03-08 23:28:00,E1175
HD-34047,J-2025-01022,40,quality,2025-03-07 16:45:00,2025-03-08 11:27:00,E1174
HD-34048,J-2025-00503,30,quality,2025-03-07 19:55:00,2025-03-08 16:03:00,E1174
HD-34049,J-2025-00610,40,quality,2025-03-10 00:51:00,2025-03-11 14:13:00,E1164
HD-34050,J-2025-01185,40,quality,2025-03-10 03:14:00,2025-03-10 18:39:00,E1169
HD-34051,J-2025-01383,10,engineering,2025-03-10 06:07:00,2025-03-11 18:59:00,E1175
HD-34052,J-2025-01371,10,material,2025-03-10 06:09:00,2025-03-10 10:00:00,E1164
HD-34053,J-2025-01376,10,material,2025-03-10 06:11:00,2025-03-13 10:00:00,E1172
HD-34054,J-2025-01372,10,material,2025-03-10 06:22:00,2025-03-12 10:00:00,E1169
HD-34055,J-2025-01014,40,quality,2025-03-10 08:01:00,2025-03-12 01:09:00,E1166
HD-34056,J-2025-01085,40,quality,2025-03-10 08:29:00,2025-03-11 19:53:00,E1175
HD-34057,J-2025-01190,10,quality,2025-03-10 09:05:00,2025-03-10 20:49:00,E1164
HD-34058,J-2025-01249,50,material,2025-03-10 10:15:00,2025-03-11 02:57:00,E1175
HD-34059,J-2025-01380,30,quality,2025-03-10 16:20:00,2025-03-11 13:17:00,E1174
HD-34060,J-2025-01375,20,material,2025-03-10 16:58:00,2025-03-11 08:15:00,E1174
HD-34061,J-2025-01188,40,quality,2025-03-10 20:26:00,2025-03-12 05:24:00,E1172
HD-34062,J-2025-01426,10,customer,2025-03-11 06:04:00,2025-03-13 10:00:00,E1172
HD-34063,J-2025-00586,30,quality,2025-03-11 06:09:00,2025-03-12 09:45:00,E1172
HD-34064,J-2025-01424,10,material,2025-03-11 06:20:00,2025-03-11 10:00:00,E1175
HD-34065,J-2025-01401,10,material,2025-03-11 06:21:00,2025-03-14 10:00:00,E1164
HD-34066,J-2025-01400,10,other,2025-03-11 06:27:00,2025-03-14 10:00:00,E1166
HD-34067,J-2025-01414,10,engineering,2025-03-11 06:27:00,2025-03-13 00:09:00,E1166
HD-34068,J-2025-01395,10,material,2025-03-11 06:29:00,2025-03-11 10:00:00,E1166
HD-34069,J-2025-00787,30,tooling,2025-03-11 16:45:00,2025-03-12 15:41:00,E1174
HD-34070,J-2025-01035,30,quality,2025-03-11 17:47:00,2025-03-12 22:49:00,E1166
HD-34071,J-2025-01085,40,quality,2025-03-11 19:53:00,2025-03-12 08:14:00,E1175
HD-34072,J-2025-01442,10,material,2025-03-12 06:03:00,2025-03-14 10:00:00,E1166
HD-34073,J-2025-01456,10,material,2025-03-12 06:15:00,2025-03-13 10:00:00,E1166
HD-34074,J-2025-01464,10,material,2025-03-12 06:16:00,2025-03-24 10:00:00,E1174
HD-34075,J-2025-01453,10,material,2025-03-12 06:26:00,2025-03-17 10:00:00,E1164
HD-34076,J-2025-01276,30,quality,2025-03-12 06:34:00,2025-03-13 14:56:00,E1166
HD-34077,J-2025-01417,20,engineering,2025-03-12 07:15:00,2025-03-13 22:43:00,E1174
HD-34078,J-2025-00586,30,quality,2025-03-12 09:45:00,2025-03-13 00:30:00,E1166
HD-34079,J-2025-01051,50,quality,2025-03-12 12:40:00,2025-03-13 13:55:00,E1164
HD-34080,J-2025-00896,40,other,2025-03-12 12:54:00,2025-03-14 07:17:00,E1172
HD-34081,J-2025-01383,30,tooling,2025-03-12 13:04:00,2025-03-13 07:41:00,E1175
HD-34082,J-2025-01424,20,engineering,2025-03-12 13:23:00,2025-03-13 10:14:00,E1175
HD-34083,J-2025-01403,20,tooling,2025-03-12 19:43:00,2025-03-13 06:57:00,E1175
HD-34084,J-2025-01035,30,engineering,2025-03-12 22:49:00,2025-03-13 14:46:00,E1174
HD-34085,J-2025-01114,50,quality,2025-03-13 00:51:00,2025-03-13 09:29:00,E1166
HD-34086,J-2025-01470,10,tooling,2025-03-13 06:05:00,2025-03-13 10:00:00,E1164
HD-34087,J-2025-01482,10,material,2025-03-13 06:12:00,2025-03-17 10:00:00,E1174
HD-34088,J-2025-01116,40,quality,2025-03-13 10:30:00,2025-03-14 18:11:00,E1164
HD-34089,J-2025-01084,30,quality,2025-03-13 13:04:00,2025-03-14 15:01:00,E1172
HD-34090,J-2025-01132,50,quality,2025-03-13 13:54:00,2025-03-14 15:26:00,E1164
HD-34091,J-2025-01276,30,quality,2025-03-13 14:56:00,2025-03-14 06:04:00,E1164
HD-34092,J-2025-01233,50,engineering,2025-03-13 16:59:00,2025-03-18 15:51:00,E1174
HD-34093,J-2025-01261,20,quality,2025-03-13 18:30:00,2025-03-14 23:59:00,E1166
HD-34094,J-2025-01499,10,material,2025-03-14 06:19:00,2025-03-21 10:00:00,E1166
HD-34095,J-2025-01149,40,quality,2025-03-14 12:59:00,2025-03-15 17:44:00,E1166
HD-34096,J-2025-01132,50,quality,2025-03-14 15:26:00,2025-03-18 23:12:00,E1169
HD-34097,J-2025-01261,20,quality,2025-03-14 23:59:00,2025-03-19 15:42:00,E1166
HD-34098,J-2025-01512,10,other,2025-03-17 06:01:00,2025-03-27 10:00:00,E1172
HD-34099,J-2025-01514,10,material,2025-03-17 06:07:00,2025-03-26 10:00:00,E1172
HD-34100,J-2025-01518,10,engineering,2025-03-17 06:25:00,2025-03-18 10:00:00,E1164
HD-34101,J-2025-01511,10,engineering,2025-03-17 06:26:00,2025-03-18 22:09:00,E1166
HD-34102,J-2025-01008,40,quality,2025-03-17 07:39:00,2025-03-18 17:07:00,E1175
HD-34103,J-2025-01427,50,quality,2025-03-17 11:57:00,2025-03-18 12:26:00,E1169
HD-34104,J-2025-01296,30,quality,2025-03-17 13:29:00,2025-03-18 23:29:00,E1175
HD-34105,J-2025-00637,40,quality,2025-03-17 16:16:00,2025-03-19 00:52:00,E1175
HD-34106,J-2025-01219,40,quality,2025-03-17 16:54:00,2025-03-18 01:26:00,E1174
HD-34107,J-2025-00935,40,tooling,2025-03-17 20:14:00,2025-03-18 03:56:00,E1172
HD-34108,J-2025-01560,10,engineering,2025-03-18 06:13:00,2025-03-19 22:52:00,E1166
HD-34109,J-2025-01524,10,material,2025-03-18 06:18:00,2025-03-21 10:00:00,E1166
HD-34110,J-2025-01531,10,material,2025-03-18 06:27:00,2025-03-21 10:00:00,E1169
HD-34111,J-2025-01533,10,material,2025-03-18 06:30:00,2025-03-18 10:00:00,E1174
HD-34112,J-2025-01066,40,tooling,2025-03-18 07:05:00,2025-03-18 22:44:00,E1175
HD-34113,J-2025-01490,30,customer,2025-03-18 10:03:00,2025-03-21 08:11:00,E1175
HD-34114,J-2025-01537,20,tooling,2025-03-18 12:53:00,2025-03-19 00:42:00,E1175
HD-34115,J-2025-00978,40,quality,2025-03-18 13:02:00,2025-03-19 12:20:00,E1172
HD-34116,J-2025-01140,40,quality,2025-03-18 16:18:00,2025-03-20 06:43:00,E1172
HD-34117,J-2025-01511,10,material,2025-03-18 22:09:00,2025-03-19 10:00:00,E1174
HD-34118,J-2025-01589,10,material,2025-03-19 06:12:00,2025-04-01 10:00:00,E1166
HD-34119,J-2025-01579,10,material,2025-03-19 06:14:00,2025-03-19 10:00:00,E1175
HD-34120,J-2025-01569,10,material,2025-03-19 06:19:00,2025-03-21 10:00:00,E1175
HD-34121,J-2025-01585,10,material,2025-03-19 06:20:00,2025-03-21 10:00:00,E1169
HD-34122,J-2025-01596,10,material,2025-03-19 06:25:00,2025-03-31 10:00:00,E1172
HD-34123,J-2025-01576,10,material,2025-03-19 06:28:00,2025-03-21 10:00:00,E1169
HD-34124,J-2025-01179,40,other,2025-03-19 06:47:00,2025-03-20 06:26:00,E1169
HD-34125,J-2025-01205,40,quality,2025-03-19 12:05:00,2025-03-24 10:53:00,E1172
HD-34126,J-2025-01332,30,customer,2025-03-19 13:08:00,2025-03-21 09:06:00,E1172
HD-34127,J-2025-01261,30,engineering,2025-03-19 16:39:00,2025-03-20 12:59:00,E1174
HD-34128,J-2025-01627,10,material,2025-03-20 06:04:00,2025-03-20 10:00:00,E1169
HD-34129,J-2025-01618,10,material,2025-03-20 06:05:00,2025-03-24 10:00:00,E1169
HD-34130,J-2025-01626,10,material,2025-03-20 06:11:00,2025-03-20 10:00:00,E1169
HD-34131,J-2025-01609,10,customer,2025-03-20 06:29:00,2025-03-20 20:22:00,E1164
HD-34132,J-2025-01606,20,engineering,2025-03-20 09:58:00,2025-03-20 22:58:00,E1172
HD-34133,J-2025-01101,40,tooling,2025-03-20 10:07:00,2025-03-21 03:24:00,E1169
HD-34134,J-2025-01350,40,engineering,2025-03-20 13:06:00,2025-03-24 11:04:00,E1169
HD-34135,J-2025-01153,50,other,2025-03-20 16:20:00,2025-03-21 07:47:00,E1169
HD-34136,J-2025-01033,40,quality,2025-03-20 20:10:00,2025-03-21 19:47:00,E1175
HD-34137,J-2025-00909,50,tooling,2025-03-21 12:58:00,2025-03-22 03:50:00,E1175
HD-34138,J-2025-01631,10,quality,2025-03-21 20:45:00,2025-03-25 06:06:00,E1164
HD-34139,J-2025-01652,10,material,2025-03-24 06:13:00,2025-03-27 10:00:00,E1174
HD-34140,J-2025-01642,10,material,2025-03-24 06:20:00,2025-03-28 10:00:00,E1166
HD-34141,J-2025-01641,10,material,2025-03-24 06:23:00,2025-03-26 10:00:00,E1164
HD-34142,J-2025-01657,10,material,2025-03-24 06:26:00,2025-03-24 10:00:00,E1174
HD-34143,J-2025-01653,10,engineering,2025-03-24 06:27:00,2025-03-24 23:54:00,E1174
HD-34144,J-2025-01569,20,engineering,2025-03-24 07:03:00,2025-03-25 03:23:00,E1169
HD-34145,J-2025-01474,40,quality,2025-03-24 07:11:00,2025-03-25 15:51:00,E1164
HD-34146,J-2025-01609,40,customer,2025-03-24 07:15:00,2025-03-25 13:32:00,E1172
HD-34147,J-2025-01475,30,other,2025-03-24 10:10:00,2025-03-25 21:12:00,E1172
HD-34148,J-2025-01033,50,quality,2025-03-24 12:51:00,2025-03-25 10:40:00,E1166
HD-34149,J-2025-01029,40,other,2025-03-24 12:59:00,2025-03-25 08:28:00,E1166
HD-34150,J-2025-01387,40,quality,2025-03-24 22:51:00,2025-03-25 03:42:00,E1175
HD-34151,J-2025-01665,10,customer,2025-03-25 06:08:00,2025-03-27 21:41:00,E1175
HD-34152,J-2025-01691,10,material,2025-03-25 06:22:00,2025-03-25 10:00:00,E1169
HD-34153,J-2025-01695,10,material,2025-03-25 06:23:00,2025-03-25 10:00:00,E1164
HD-34154,J-2025-01673,10,material,2025-03-25 06:23:00,2025-03-28 10:00:00,E1174
HD-34155,J-2025-01662,20,quality,2025-03-25 10:43:00,2025-03-27 04:47:00,E1169
HD-34156,J-2025-01538,40,other,2025-03-25 12:46:00,2025-03-26 05:45:00,E1166
HD-34157,J-2025-01712,10,material,2025-03-26 06:23:00,2025-03-28 10:00:00,E1164
HD-34158,J-2025-01604,50,tooling,2025-03-26 07:29:00,2025-03-26 23:58:00,E1169
HD-34159,J-2025-01706,20,tooling,2025-03-26 09:48:00,2025-03-26 18:41:00,E1172
HD-34160,J-2025-01674,20,engineering,2025-03-26 10:20:00,2025-03-28 01:44:00,E1169
HD-34161,J-2025-01578,50,quality,2025-03-26 10:59:00,2025-03-28 17:35:00,E1174
HD-34162,J-2025-01058,50,customer,2025-03-26 12:48:00,2025-03-31 18:30:00,E1164
HD-34163,J-2025-01398,30,quality,2025-03-26 17:58:00,2025-03-27 12:47:00,E1174
HD-34164,J-2025-01662,20,other,2025-03-27 04:47:00,2025-04-01 01:33:00,E1174
HD-34165,J-2025-01726,10,material,2025-03-27 06:07:00,2025-04-09 10:00:00,E1172
HD-34166,J-2025-01081,80,tooling,2025-03-27 12:43:00,2025-03-28 05:54:00,E1174
HD-34167,J-2025-01682,60,tooling,2025-03-27 16:38:00,2025-03-28 10:58:00,E1174
HD-34168,J-2025-01592,30,other,2025-03-27 16:56:00,2025-03-28 02:17:00,E1164
HD-34169,J-2025-01764,10,customer,2025-03-28 06:04:00,2025-04-01 16:07:00,E1175
HD-34170,J-2025-01761,10,material,2025-03-28 06:06:00,2025-03-31 10:00:00,E1175
HD-34171,J-2025-01755,10,material,2025-03-28 06:08:00,2025-03-28 10:00:00,E1172
HD-34172,J-2025-01729,30,engineering,2025-03-28 06:56:00,2025-04-01 00:19:00,E1169
HD-34173,J-2025-00779,40,quality,2025-03-28 10:22:00,2025-04-01 07:57:00,E1164
HD-34174,J-2025-01431,40,other,2025-03-28 10:24:00,2025-03-31 12:37:00,E1174
HD-34175,J-2025-01371,70,engineering,2025-03-28 12:45:00,2025-03-31 08:45:00,E1166
HD-34176,J-2025-01753,40,quality,2025-03-28 16:41:00,2025-03-31 02:00:00,E1166
HD-34177,J-2025-01786,10,material,2025-03-31 06:09:00,2025-03-31 10:00:00,E1164
HD-34178,J-2025-01782,10,material,2025-03-31 06:18:00,2025-03-31 10:00:00,E1174
HD-34179,J-2025-01800,10,engineering,2025-03-31 06:18:00,2025-04-02 02:35:00,E1172
HD-34180,J-2025-01774,10,tooling,2025-03-31 06:26:00,2025-04-01 03:23:00,E1174
HD-34181,J-2025-01784,10,material,2025-03-31 06:27:00,2025-04-04 10:00:00,E1164
HD-34182,J-2025-01755,20,quality,2025-03-31 06:31:00,2025-04-01 16:48:00,E1174
HD-34183,J-2025-01673,30,engineering,2025-03-31 06:51:00,2025-03-31 23:02:00,E1175
HD-34184,J-2025-01592,50,quality,2025-03-31 07:47:00,2025-03-31 15:37:00,E1164
HD-34185,J-2025-01497,40,quality,2025-03-31 09:58:00,2025-04-01 01:57:00,E1166
HD-34186,J-2025-01822,10,material,2025-04-01 06:09:00,2025-04-04 10:00:00,E1174
HD-34187,J-2025-01814,10,quality,2025-04-01 06:12:00,2025-04-04 10:00:00,E1172
HD-34188,J-2025-01817,10,material,2025-04-01 06:19:00,2025-04-01 10:00:00,E1172
HD-34189,J-2025-01830,10,material,2025-04-01 06:21:00,2025-04-07 10:00:00,E1174
HD-34190,J-2025-01807,10,material,2025-04-01 06:22:00,2025-04-02 10:00:00,E1169
HD-34191,J-2025-01551,50,quality,2025-04-01 09:19:00,2025-04-02 23:46:00,E1166
HD-34192,J-2025-01401,50,engineering,2025-04-01 10:10:00,2025-04-02 09:06:00,E1166
HD-34193,J-2025-01490,50,other,2025-04-01 10:18:00,2025-04-01 23:09:00,E1169
HD-34194,J-2025-01721,40,quality,2025-04-01 12:43:00,2025-04-03 03:26:00,E1175
HD-34195,J-2025-01734,40,quality,2025-04-01 12:51:00,2025-04-03 11:58:00,E1169
HD-34196,J-2025-01755,20,quality,2025-04-01 16:48:00,2025-04-02 02:58:00,E1172
HD-34197,J-2025-01855,10,material,2025-04-02 06:09:00,2025-04-04 10:00:00,E1172
HD-34198,J-2025-01849,10,material,2025-04-02 06:10:00,2025-04-02 10:00:00,E1174
HD-34199,J-2025-01868,10,material,2025-04-02 06:11:00,2025-04-11 10:00:00,E1172
HD-34200,J-2025-01858,10,material,2025-04-02 06:12:00,2025-04-04 10:00:00,E1169
HD-34201,J-2025-01867,10,material,2025-04-02 06:13:00,2025-04-03 10:00:00,E1174
HD-34202,J-2025-01838,10,tooling,2025-04-02 06:30:00,2025-04-02 21:46:00,E1175
HD-34203,J-2025-01671,50,other,2025-04-02 09:52:00,2025-04-03 07:26:00,E1174
HD-34204,J-2025-01869,10,quality,2025-04-02 12:42:00,2025-04-04 06:17:00,E1174
HD-34205,J-2025-01752,40,quality,2025-04-03 13:14:00,2025-04-04 16:21:00,E1174
HD-34206,J-2025-01627,70,tooling,2025-04-03 13:19:00,2025-04-03 19:23:00,E1175
HD-34207,J-2025-01523,40,quality,2025-04-04 01:45:00,2025-04-08 04:36:00,E1164
HD-34208,J-2025-01701,30,quality,2025-04-04 06:09:00,2025-04-08 17:54:00,E1174
HD-34209,J-2025-01869,10,quality,2025-04-04 06:17:00,2025-04-04 16:51:00,E1174
HD-34210,J-2025-01900,10,tooling,2025-04-04 06:21:00,2025-04-04 10:00:00,E1166
HD-34211,J-2025-01890,10,material,2025-04-04 06:24:00,2025-04-04 10:00:00,E1172
HD-34212,J-2025-01740,40,quality,2025-04-04 18:02:00,2025-04-08 13:40:00,E1166
HD-34213,J-2025-01914,10,customer,2025-04-07 06:12:00,2025-04-10 13:50:00,E1169
HD-34214,J-2025-01907,10,material,2025-04-07 06:13:00,2025-04-11 10:00:00,E1175
HD-34215,J-2025-01826,40,quality,2025-04-07 09:27:00,2025-04-09 06:32:00,E1174
HD-34216,J-2025-01533,60,other,2025-04-07 16:42:00,2025-04-08 08:08:00,E1164
HD-34217,J-2025-01839,20,quality,2025-04-07 21:52:00,2025-04-09 16:39:00,E1172
HD-34218,J-2025-01948,10,material,2025-04-08 06:01:00,2025-04-08 10:00:00,E1164
HD-34219,J-2025-01966,10,material,2025-04-08 06:05:00,2025-04-08 10:00:00,E1174
HD-34220,J-2025-01922,10,quality,2025-04-08 06:05:00,2025-04-09 10:00:00,E1166
HD-34221,J-2025-01926,10,other,2025-04-08 06:13:00,2025-04-08 18:27:00,E1172
HD-34222,J-2025-01972,10,material,2025-04-08 06:20:00,2025-04-08 10:00:00,E1174
HD-34223,J-2025-01915,50,tooling,2025-04-08 06:53:00,2025-04-08 16:42:00,E1169
HD-34224,J-2025-01854,40,quality,2025-04-08 09:43:00,2025-04-09 14:23:00,E1175
HD-34225,J-2025-01523,60,customer,2025-04-08 10:01:00,2025-04-11 07:06:00,E1164
HD-34226,J-2025-01830,10,quality,2025-04-08 14:51:00,2025-04-09 15:31:00,E1172
HD-34227,J-2025-01926,10,material,2025-04-08 18:27:00,2025-04-10 10:00:00,E1169
HD-34228,J-2025-01784,40,material,2025-04-08 20:02:00,2025-04-09 10:25:00,E1174
HD-34229,J-2025-01986,10,material,2025-04-09 06:03:00,2025-04-16 10:00:00,E1172
HD-34230,J-2025-01993,10,engineering,2025-04-09 06:10:00,2025-04-11 01:30:00,E1172
HD-34231,J-2025-01989,10,other,2025-04-09 06:19:00,2025-04-10 14:45:00,E1166
HD-34232,J-2025-01999,10,material,2025-04-09 06:21:00,2025-04-17 10:00:00,E1172
HD-34233,J-2025-01982,10,other,2025-04-09 06:22:00,2025-04-09 19:30:00,E1172
HD-34234,J-2025-01826,40,quality,2025-04-09 06:32:00,2025-04-09 15:42:00,E1169
HD-34235,J-2025-01731,40,quality,2025-04-09 07:06:00,2025-04-10 02:28:00,E1174
HD-34236,J-2025-01676,40,quality,2025-04-09 10:11:00,2025-04-11 19:12:00,E1172
HD-34237,J-2025-01850,50,other,2025-04-09 12:43:00,2025-04-10 22:43:00,E1164
HD-34238,J-2025-01830,10,quality,2025-04-09 15:31:00,2025-04-11 15:27:00,E1174
HD-34239,J-2025-01839,20,quality,2025-04-09 16:39:00,2025-04-11 22:47:00,E1164
HD-34240,J-2025-01950,70,customer,2025-04-09 19:50:00,2025-04-15 18:26:00,E1164
HD-34241,J-2025-01880,30,quality,2025-04-09 22:47:00,2025-04-14 17:42:00,E1174
HD-34242,J-2025-02020,10,customer,2025-04-10 06:19:00,2025-04-11 09:26:00,E1164
HD-34243,J-2025-02005,10,material,2025-04-10 06:25:00,2025-04-10 10:00:00,E1175
HD-34244,J-2025-01614,40,engineering,2025-04-10 07:28:00,2025-04-11 08:31:00,E1164
HD-34245,J-2025-02015,10,quality,2025-04-10 08:19:00,2025-04-11 17:56:00,E1174
HD-34246,J-2025-01589,40,quality,2025-04-10 09:34:00,2025-04-10 19:11:00,E1174
HD-34247,J-2025-01824,50,engineering,2025-04-10 10:27:00,2025-04-14 08:53:00,E1172
HD-34248,J-2025-02031,10,material,2025-04-11 06:02:00,2025-04-14 10:00:00,E1169
HD-34249,J-2025-02038,10,material,2025-04-11 06:11:00,2025-04-15 10:00:00,E1166
HD-34250,J-2025-02028,10,material,2025-04-11 06:18:00,2025-04-11 10:00:00,E1166
HD-34251,J-2025-01523,60,other,2025-04-11 07:06:00,2025-04-11 22:20:00,E1175
HD-34252,J-2025-01895,40,quality,2025-04-11 09:52:00,2025-04-14 13:28:00,E1175
HD-34253,J-2025-01890,40,quality,2025-04-11 10:26:00,2025-04-14 15:37:00,E1169
HD-34254,J-2025-01838,40,quality,2025-04-11 17:53:00,2025-04-15 07:45:00,E1166
HD-34255,J-2025-01985,30,quality,2025-04-14 01:34:00,2025-04-16 12:07:00,E1164
HD-34256,J-2025-02072,10,material,2025-04-14 06:01:00,2025-04-17 10:00:00,E1169
HD-34257,J-2025-02080,10,quality,2025-04-14 06:18:00,2025-04-23 10:00:00,E1169
HD-34258,J-2025-02078,10,material,2025-04-14 06:20:00,2025-04-14 10:00:00,E1172
HD-34259,J-2025-02073,10,tooling,2025-04-14 06:25:00,2025-04-15 03:20:00,E1175
HD-34260,J-2025-02028,20,tooling,2025-04-14 10:21:00,2025-04-14 21:20:00,E1166
HD-34261,J-2025-01967,70,tooling,2025-04-14 13:26:00,2025-04-14 20:40:00,E1164
HD-34262,J-2025-02034,30,quality,2025-04-14 20:33:00,2025-04-17 15:17:00,E1166
HD-34263,J-2025-02014,10,quality,2025-04-14 21:57:00,2025-04-15 08:18:00,E1174
HD-34264,J-2025-02113,10,material,2025-04-15 06:02:00,2025-04-17 10:00:00,E1169
HD-34265,J-2025-02121,10,material,2025-04-15 06:02:00,2025-04-28 10:00:00,E1166
HD-34266,J-2025-02084,10,material,2025-04-15 06:04:00,2025-04-15 10:00:00,E1164
HD-34267,J-2025-02085,10,customer,2025-04-15 06:12:00,2025-04-17 18:35:00,E1172
HD-34268,J-2025-02099,10,material,2025-04-15 06:20:00,2025-04-24 10:00:00,E1172
HD-34269,J-2025-02122,10,material,2025-04-15 06:22:00,2025-04-15 10:00:00,E1175
HD-34270,J-2025-02108,10,tooling,2025-04-15 06:24:00,2025-04-15 23:23:00,E1169
HD-34271,J-2025-01789,50,customer,2025-04-15 07:20:00,2025-04-16 10:24:00,E1174
HD-34272,J-2025-01838,40,quality,2025-04-15 07:45:00,2025-04-15 18:59:00,E1172
HD-34273,J-2025-02054,30,engineering,2025-04-15 12:46:00,2025-04-16 18:09:00,E1172
HD-34274,J-2025-01846,30,quality,2025-04-15 13:26:00,2025-04-17 00:05:00,E1175
HD-34275,J-2025-01914,50,tooling,2025-04-15 16:21:00,2025-04-16 12:29:00,E1166
HD-34276,J-2025-02135,10,material,2025-04-16 06:03:00,2025-04-17 10:00:00,E1164
HD-34277,J-2025-02152,10,tooling,2025-04-16 06:24:00,2025-04-16 19:05:00,E1175
HD-34278,J-2025-02150,10,material,2025-04-16 06:24:00,2025-04-16 10:00:00,E1164
HD-34279,J-2025-02153,10,material,2025-04-16 06:26:00,2025-04-16 10:00:00,E1164
HD-34280,J-2025-02033,30,quality,2025-04-16 07:21:00,2025-04-17 08:30:00,E1166
HD-34281,J-2025-02155,10,quality,2025-04-16 09:00:00,2025-04-18 00:21:00,E1166
HD-34282,J-2025-02103,30,tooling,2025-04-16 09:51:00,2025-04-16 16:31:00,E1174
HD-34283,J-2025-02031,30,other,2025-04-16 10:21:00,2025-04-17 06:11:00,E1169
HD-34284,J-2025-02143,30,other,2025-04-16 16:50:00,2025-04-17 21:32:00,E1166
HD-34285,J-2025-01952,40,quality,2025-04-16 19:56:00,2025-04-18 06:21:00,E1164
HD-34286,J-2025-02015,40,tooling,2025-04-16 20:22:00,2025-04-17 09:39:00,E1169
HD-34287,J-2025-02169,10,material,2025-04-17 06:08:00,2025-04-17 10:00:00,E1164
HD-34288,J-2025-02162,10,material,2025-04-17 06:15:00,2025-04-24 10:00:00,E1169
HD-34289,J-2025-01843,30,quality,2025-04-17 06:45:00,2025-04-17 19:48:00,E1166
HD-34290,J-2025-02151,20,engineering,2025-04-17 06:56:00,2025-04-18 17:31:00,E1174
HD-34291,J-2025-02027,20,quality,2025-04-17 08:17:00,2025-04-18 18:35:00,E1169
HD-34292,J-2025-01903,40,quality,2025-04-17 09:58:00,2025-04-18 11:16:00,E1174
HD-34293,J-2025-02153,20,tooling,2025-04-17 13:00:00,2025-04-18 08:59:00,E1164
HD-34294,J-2025-02129,30,tooling,2025-04-17 13:18:00,2025-04-18 03:43:00,E1175
HD-34295,J-2025-02191,10,other,2025-04-18 06:03:00,2025-04-18 22:41:00,E1166
HD-34296,J-2025-02186,10,material,2025-04-18 06:08:00,2025-04-18 10:00:00,E1164
HD-34297,J-2025-02072,30,engineering,2025-04-18 10:16:00,2025-04-22 08:53:00,E1169
HD-34298,J-2025-02109,40,quality,2025-04-18 10:25:00,2025-04-21 01:14:00,E1164
HD-34299,J-2025-02016,30,tooling,2025-04-18 13:14:00,2025-04-18 23:48:00,E1164
HD-34300,J-2025-01803,10,quality,2025-04-21 02:02:00,2025-04-22 10:05:00,E1169
HD-34301,J-2025-02204,10,material,2025-04-21 06:11:00,2025-04-21 10:00:00,E1175
HD-34302,J-2025-02199,10,material,2025-04-21 06:14:00,2025-04-21 10:00:00,E1166
HD-34303,J-2025-02200,10,tooling,2025-04-21 06:29:00,2025-04-29 10:00:00,E1169
HD-34304,J-2025-02186,20,customer,2025-04-21 07:09:00,2025-04-23 22:26:00,E1172
HD-34305,J-2025-02028,40,quality,2025-04-21 10:30:00,2025-04-22 21:14:00,E1175
HD-34306,J-2025-02178,10,material,2025-04-21 21:45:00,2025-04-24 09:51:00,E1172
HD-34307,J-2025-02233,10,material,2025-04-22 06:01:00,2025-04-22 10:00:00,E1166
HD-34308,J-2025-02230,10,material,2025-04-22 06:06:00,2025-04-29 10:00:00,E1169
HD-34309,J-2025-02241,10,material,2025-04-22 06:23:00,2025-04-22 10:00:00,E1169
HD-34310,J-2025-02220,10,material,2025-04-22 06:25:00,2025-04-25 10:00:00,E1164
HD-34311,J-2025-02235,10,material,2025-04-22 06:29:00,2025-04-23 10:00:00,E1175
HD-34312,J-2025-02050,40,material,2025-04-22 07:24:00,2025-04-22 19:22:00,E1174
HD-34313,J-2025-01905,50,tooling,2025-04-22 16:31:00,2025-04-23 03:15:00,E1164
HD-34314,J-2025-02050,40,quality,2025-04-22 19:22:00,2025-04-23 19:24:00,E1172
HD-34315,J-2025-02253,10,material,2025-04-23 06:05:00,2025-04-25 10:00:00,E1164
HD-34316,J-2025-02259,10,material,2025-04-23 06:24:00,2025-04-25 10:00:00,E1166
HD-34317,J-2025-02248,10,material,2025-04-23 06:27:00,2025-04-23 10:00:00,E1166
HD-34318,J-2025-02025,30,other,2025-04-23 07:07:00,2025-04-23 21:11:00,E1174
HD-34319,J-2025-01980,80,customer,2025-04-23 12:50:00,2025-04-29 03:47:00,E1164
HD-34320,J-2025-02149,40,tooling,2025-04-23 12:57:00,2025-04-24 01:51:00,E1164
HD-34321,J-2025-02127,40,quality,2025-04-23 13:21:00,2025-04-24 11:06:00,E1175
HD-34322,J-2025-01907,50,other,2025-04-23 13:21:00,2025-04-24 03:53:00,E1169
HD-34323,J-2025-02208,30,quality,2025-04-23 16:25:00,2025-04-24 14:23:00,E1172
HD-34324,J-2025-01801,40,customer,2025-04-23 16:36:00,2025-04-28 01:39:00,E1175
HD-34325,J-2025-02199,30,quality,2025-04-23 21:11:00,2025-04-28 00:56:00,E1175
HD-34326,J-2025-02279,10,material,2025-04-24 06:07:00,2025-04-25 10:00:00,E1166
HD-34327,J-2025-02281,10,material,2025-04-24 06:07:00,2025-04-24 10:00:00,E1175
HD-34328,J-2025-02270,10,material,2025-04-24 06:24:00,2025-04-24 10:00:00,E1175
HD-34329,J-2025-01979,40,quality,2025-04-24 07:22:00,2025-04-25 16:08:00,E1175
HD-34330,J-2025-02228,40,engineering,2025-04-24 09:42:00,2025-04-25 22:39:00,E1172
HD-34331,J-2025-02167,60,other,2025-04-24 09:47:00,2025-04-25 04:20:00,E1175
HD-34332,J-2025-02186,30,tooling,2025-04-24 10:27:00,2025-04-25 08:53:00,E1166
HD-34333,J-2025-01961,30,quality,2025-04-25 06:16:00,2025-04-28 21:52:00,E1166
HD-34334,J-2025-02309,10,material,2025-04-25 06:29:00,2025-04-28 10:00:00,E1172
HD-34335,J-2025-01908,30,engineering,2025-04-25 07:15:00,2025-04-28 10:13:00,E1166
HD-34336,J-2025-02099,20,quality,2025-04-25 08:35:00,2025-04-25 23:12:00,E1172
HD-34337,J-2025-02018,40,quality,2025-04-25 13:08:00,2025-04-29 00:52:00,E1175
HD-34338,J-2025-02046,60,tooling,2025-04-25 13:24:00,2025-04-28 04:32:00,E1169
HD-34339,J-2025-02174,80,tooling,2025-04-25 16:55:00,2025-04-28 15:23:00,E1164
HD-34340,J-2025-02099,20,quality,2025-04-25 23:12:00,2025-04-28 12:55:00,E1166
HD-34341,J-2025-02315,10,quality,2025-04-28 06:23:00,2025-04-29 10:00:00,E1166
HD-34342,J-2025-02323,10,material,2025-04-28 06:29:00,2025-04-30 10:00:00,E1172
HD-34343,J-2025-02071,30,tooling,2025-04-28 07:01:00,2025-04-29 01:11:00,E1174
HD-34344,J-2025-02225,50,quality,2025-04-28 08:28:00,2025-04-29 19:07:00,E1174
HD-34345,J-2025-02198,50,other,2025-04-28 13:26:00,2025-04-29 05:09:00,E1175
HD-34346,J-2025-02054,30,quality,2025-04-28 19:38:00,2025-04-30 01:39:00,E1166
HD-34347,J-2025-02244,40,other,2025-04-28 20:12:00,2025-04-30 05:25:00,E1174
HD-34348,J-2025-02059,30,engineering,2025-04-28 20:17:00,2025-04-30 01:08:00,E1175
HD-34349,J-2025-02367,10,other,2025-04-29 06:03:00,2025-04-29 22:10:00,E1169
HD-34350,J-2025-02398,10,material,2025-04-29 06:06:00,2025-04-29 10:00:00,E1169
HD-34351,J-2025-02371,10,material,2025-04-29 06:09:00,2025-05-02 10:00:00,E1169
HD-34352,J-2025-02387,10,material,2025-04-29 06:11:00,2025-04-30 10:00:00,E1169
HD-34353,J-2025-02386,10,material,2025-04-29 06:12:00,2025-04-29 10:00:00,E1175
HD-34354,J-2025-02360,10,material,2025-04-29 06:12:00,2025-04-29 10:00:00,E1175
HD-34355,J-2025-02404,10,material,2025-04-29 06:16:00,2025-04-29 10:00:00,E1164
HD-34356,J-2025-02392,10,material,2025-04-29 06:20:00,2025-05-02 10:00:00,E1166
HD-34357,J-2025-02376,10,engineering,2025-04-29 06:23:00,2025-04-29 10:00:00,E1175
HD-34358,J-2025-02339,10,other,2025-04-29 06:25:00,2025-04-30 05:25:00,E1169
HD-34359,J-2025-02362,10,quality,2025-04-29 07:45:00,2025-04-30 07:03:00,E1166
HD-34360,J-2025-02071,40,customer,2025-04-29 10:19:00,2025-05-01 06:38:00,E1166
HD-34361,J-2025-02261,40,other,2025-04-29 16:59:00,2025-04-30 14:08:00,E1174
HD-34362,J-2025-02398,10,quality,2025-04-29 17:25:00,2025-05-01 05:40:00,E1164
HD-34363,J-2025-02225,50,customer,2025-04-29 19:07:00,2025-05-01 05:04:00,E1175
HD-34364,J-2025-02054,30,tooling,2025-04-30 01:39:00,2025-05-01 21:35:00,E1175
HD-34365,J-2025-02432,10,material,2025-04-30 06:13:00,2025-05-02 10:00:00,E1175
HD-34366,J-2025-02111,40,quality,2025-04-30 06:13:00,2025-05-01 04:17:00,E1175
HD-34367,J-2025-02436,10,material,2025-04-30 06:14:00,2025-04-30 10:00:00,E1174
HD-34368,J-2025-02362,10,quality,2025-04-30 07:03:00,2025-05-05 00:18:00,E1172
HD-34369,J-2025-02370,20,tooling,2025-04-30 07:21:00,2025-04-30 18:10:00,E1172
HD-34370,J-2025-02208,60,customer,2025-04-30 10:09:00,2025-05-02 15:38:00,E1164
HD-34371,J-2025-02374,30,customer,2025-04-30 10:26:00,2025-05-02 21:16:00,E1169
HD-34372,J-2025-02354,20,quality,2025-04-30 13:43:00,2025-05-02 01:06:00,E1164
HD-34373,J-2025-02398,10,quality,2025-05-01 05:40:00,2025-05-02 10:47:00,E1175
HD-34374,J-2025-02463,10,material,2025-05-01 06:05:00,2025-05-02 10:00:00,E1169
HD-34375,J-2025-02460,10,material,2025-05-01 06:15:00,2025-05-02 10:00:00,E1166
HD-34376,J-2025-02445,10,material,2025-05-01 06:26:00,2025-05-01 10:00:00,E1169
HD-34377,J-2025-02476,20,customer,2025-05-01 09:50:00,2025-05-05 22:00:00,E1164
HD-34378,J-2025-02290,60,engineering,2025-05-01 09:59:00,2025-05-02 14:24:00,E1166
HD-34379,J-2025-02469,20,material,2025-05-01 13:04:00,2025-05-05 03:48:00,E1166
HD-34380,J-2025-02471,30,tooling,2025-05-01 13:21:00,2025-05-01 23:36:00,E1172
HD-34381,J-2025-02445,40,customer,2025-05-01 19:50:00,2025-05-05 18:02:00,E1169
HD-34382,J-2025-02172,40,quality,2025-05-02 00:11:00,2025-05-06 18:50:00,E1174
HD-34383,J-2025-02354,20,quality,2025-05-02 01:06:00,2025-05-02 11:50:00,E1172
HD-34384,J-2025-01940,40,quality,2025-05-02 05:18:00,2025-05-02 23:58:00,E1175
HD-34385,J-2025-02513,10,material,2025-05-02 06:01:00,2025-05-02 10:00:00,E1175
HD-34386,J-2025-02497,10,material,2025-05-02 06:07:00,2025-05-05 10:00:00,E1174
HD-34387,J-2025-02502,10,material,2025-05-02 06:14:00,2025-05-05 10:00:00,E1175
HD-34388,J-2025-02487,10,material,2025-05-02 06:21:00,2025-05-02 10:00:00,E1164
HD-34389,J-2025-02410,20,engineering,2025-05-02 06:43:00,2025-05-06 02:26:00,E1174
HD-34390,J-2025-02205,40,tooling,2025-05-02 09:43:00,2025-05-02 19:13:00,E1164
HD-34391,J-2025-02229,40,quality,2025-05-02 09:59:00,2025-05-05 02:55:00,E1175
HD-34392,J-2025-02320,40,engineering,2025-05-02 10:12:00,2025-05-05 21:44:00,E1164
HD-34393,J-2025-02443,20,tooling,2025-05-02 13:02:00,2025-05-02 23:40:00,E1166
HD-34394,J-2025-01943,40,quality,2025-05-02 20:11:00,2025-05-05 17:33:00,E1169
HD-34395,J-2025-02521,10,engineering,2025-05-05 06:03:00,2025-05-06 00:44:00,E1172
HD-34396,J-2025-02520,10,material,2025-05-05 06:07:00,2025-05-05 10:00:00,E1175
HD-34397,J-2025-02516,10,material,2025-05-05 06:17:00,2025-05-15 10:00:00,E1169
HD-34398,J-2025-02514,10,material,2025-05-05 06:28:00,2025-05-15 10:00:00,E1174
HD-34399,J-2025-02338,30,tooling,2025-05-05 13:16:00,2025-05-06 01:40:00,E1166
HD-34400,J-2025-02422,20,tooling,2025-05-05 16:36:00,2025-05-06 06:30:00,E1166
HD-34401,J-2025-02452,50,engineering,2025-05-05 16:51:00,2025-05-06 08:02:00,E1166
HD-34402,J-2025-02582,10,material,2025-05-06 06:04:00,2025-05-14 10:00:00,E1175
HD-34403,J-2025-02548,10,tooling,2025-05-06 06:06:00,2025-05-07 01:09:00,E1172
HD-34404,J-2025-02574,10,tooling,2025-05-06 06:10:00,2025-05-07 01:15:00,E1169
HD-34405,J-2025-02583,10,engineering,2025-05-06 06:10:00,2025-05-06 19:47:00,E1175
HD-34406,J-2025-02589,10,material,2025-05-06 06:27:00,2025-05-06 10:00:00,E1175
HD-34407,J-2025-02531,20,customer,2025-05-06 06:43:00,2025-05-08 17:29:00,E1174
HD-34408,J-2025-02504,40,engineering,2025-05-06 10:13:00,2025-05-07 17:15:00,E1164
HD-34409,J-2025-02411,40,quality,2025-05-06 12:09:00,2025-05-08 03:25:00,E1175
HD-34410,J-2025-02432,40,engineering,2025-05-06 16:14:00,2025-05-08 10:29:00,E1164
HD-34411,J-2025-02509,40,other,2025-05-06 16:49:00,2025-05-07 15:36:00,E1175
HD-34412,J-2025-02566,20,engineering,2025-05-06 16:52:00,2025-05-08 11:39:00,E1172
HD-34413,J-2025-02583,10,material,2025-05-06 19:47:00,2025-05-08 10:00:00,E1166
HD-34414,J-2025-02421,40,quality,2025-05-06 19:51:00,2025-05-07 17:46:00,E1172
HD-34415,J-2025-02613,10,material,2025-05-07 06:02:00,2025-05-12 10:00:00,E1164
HD-34416,J-2025-02604,10,quality,2025-05-07 06:02:00,2025-05-07 10:00:00,E1175
HD-34417,J-2025-02612,10,material,2025-05-07 06:17:00,2025-05-12 10:00:00,E1174
HD-34418,J-2025-02607,10,material,2025-05-07 06:20:00,2025-05-09 10:00:00,E1164
HD-34419,J-2025-02605,10,material,2025-05-07 06:26:00,2025-05-07 10:00:00,E1164
HD-34420,J-2025-02559,20,quality,2025-05-07 08:45:00,2025-05-08 12:57:00,E1169
HD-34421,J-2025-02598,20,quality,2025-05-07 11:42:00,2025-05-09 03:13:00,E1164
HD-34422,J-2025-02622,20,other,2025-05-07 13:18:00,2025-05-07 20:02:00,E1174
HD-34423,J-2025-02315,40,customer,2025-05-07 16:20:00,2025-05-12 08:56:00,E1164
HD-34424,J-2025-02388,40,quality,2025-05-07 16:49:00,2025-05-08 09:29:00,E1166
HD-34425,J-2025-02644,10,material,2025-05-08 06:02:00,2025-05-20 10:00:00,E1175
HD-34426,J-2025-02635,10,material,2025-05-08 06:08:00,2025-05-12 10:00:00,E1175
HD-34427,J-2025-02627,10,other,2025-05-08 06:15:00,2025-05-08 21:17:00,E1169
HD-34428,J-2025-02646,10,material,2025-05-08 06:17:00,2025-05-12 10:00:00,E1164
HD-34429,J-2025-02629,10,material,2025-05-08 06:25:00,2025-05-20 10:00:00,E1174
HD-34430,J-2025-02497,50,tooling,2025-05-08 09:55:00,2025-05-09 03:46:00,E1169
HD-34431,J-2025-02546,40,quality,2025-05-08 12:46:00,2025-05-09 16:00:00,E1164
HD-34432,J-2025-02559,20,quality,2025-05-08 12:57:00,2025-05-13 08:39:00,E1175
HD-34433,J-2025-02627,10,material,2025-05-08 21:17:00,2025-05-09 10:00:00,E1174
HD-34434,J-2025-02598,20,quality,2025-05-09 03:13:00,2025-05-12 07:59:00,E1169
HD-34435,J-2025-02652,10,material,2025-05-09 06:11:00,2025-05-09 10:00:00,E1164
HD-34436,J-2025-02251,50,quality,2025-05-09 07:08:00,2025-05-09 22:04:00,E1172
HD-34437,J-2025-02073,40,quality,2025-05-09 08:38:00,2025-05-12 18:55:00,E1175
HD-34438,J-2025-02509,40,quality,2025-05-09 09:58:00,2025-05-13 07:11:00,E1164
HD-34439,J-2025-02294,30,quality,2025-05-09 10:22:00,2025-05-09 15:56:00,E1169
HD-34440,J-2025-02430,30,quality,2025-05-09 10:29:00,2025-05-12 05:53:00,E1175
HD-34441,J-2025-02537,40,quality,2025-05-09 13:19:00,2025-05-12 18:43:00,E1174
HD-34442,J-2025-02251,50,quality,2025-05-09 22:04:00,2025-05-12 08:21:00,E1175
HD-34443,J-2025-02692,10,customer,2025-05-12 06:07:00,2025-05-15 10:00:00,E1172
HD-34444,J-2025-02681,10,customer,2025-05-12 06:13:00,2025-05-13 13:23:00,E1164
HD-34445,J-2025-02680,10,engineering,2025-05-12 06:29:00,2025-05-12 10:00:00,E1169
HD-34446,J-2025-02345,30,customer,2025-05-12 09:50:00,2025-05-15 08:24:00,E1174
HD-34447,J-2025-02652,30,other,2025-05-12 09:52:00,2025-05-12 16:33:00,E1166
HD-34448,J-2025-02286,60,engineering,2025-05-12 10:05:00,2025-05-13 01:32:00,E1172
HD-34449,J-2025-02334,50,other,2025-05-12 10:15:00,2025-05-12 20:37:00,E1175
HD-34450,J-2025-02315,40,quality,2025-05-12 10:22:00,2025-05-12 23:57:00,E1172
HD-34451,J-2025-02386,60,engineering,2025-05-12 12:49:00,2025-05-13 12:39:00,E1166
HD-34452,J-2025-02682,30,engineering,2025-05-12 16:57:00,2025-05-13 15:37:00,E1164
HD-34453,J-2025-02592,40,quality,2025-05-12 17:45:00,2025-05-13 08:03:00,E1166
HD-34454,J-2025-02688,20,engineering,2025-05-12 20:07:00,2025-05-14 17:06:00,E1166
HD-34455,J-2025-02719,10,material,2025-05-13 06:03:00,2025-05-15 10:00:00,E1164
HD-34456,J-2025-02745,10,tooling,2025-05-13 06:04:00,2025-05-14 10:00:00,E1169
HD-34457,J-2025-02734,10,material,2025-05-13 06:07:00,2025-05-19 10:00:00,E1175
HD-34458,J-2025-02712,10,material,2025-05-13 06:23:00,2025-05-14 10:00:00,E1172
HD-34459,J-2025-02711,10,material,2025-05-13 06:23:00,2025-05-13 10:00:00,E1174
HD-34460,J-2025-02723,10,material,2025-05-13 06:26:00,2025-05-23 10:00:00,E1164
HD-34461,J-2025-02743,10,material,2025-05-13 06:28:00,2025-05-13 10:00:00,E1175
HD-34462,J-2025-02684,40,quality,2025-05-13 16:31:00,2025-05-14 19:57:00,E1172
HD-34463,J-2025-02635,40,quality,2025-05-13 16:35:00,2025-05-15 01:30:00,E1172
HD-34464,J-2025-02602,40,quality,2025-05-13 19:09:00,2025-05-14 00:17:00,E1164
HD-34465,J-2025-02765,10,material,2025-05-14 06:00:00,2025-05-14 10:00:00,E1172
HD-34466,J-2025-02746,10,material,2025-05-14 06:23:00,2025-05-14 10:00:00,E1164
HD-34467,J-2025-02748,10,material,2025-05-14 06:28:00,2025-05-15 10:00:00,E1174
HD-34468,J-2025-02750,20,customer,2025-05-14 09:48:00,2025-05-15 15:24:00,E1175
HD-34469,J-2025-02680,50,tooling,2025-05-14 09:49:00,2025-05-15 08:36:00,E1166
HD-34470,J-2025-02701,50,other,2025-05-14 09:58:00,2025-05-14 19:22:00,E1175
HD-34471,J-2025-02467,30,engineering,2025-05-14 10:10:00,2025-05-16 08:39:00,E1166
HD-34472,J-2025-02784,10,material,2025-05-15 06:05:00,2025-05-19 10:00:00,E1169
HD-34473,J-2025-02789,10,material,2025-05-15 06:11:00,2025-05-15 10:00:00,E1169
HD-34474,J-2025-02790,10,material,2025-05-15 06:20:00,2025-05-19 10:00:00,E1166
HD-34475,J-2025-02743,60,customer,2025-05-15 09:58:00,2025-05-19 10:49:00,E1175
HD-34476,J-2025-02669,40,quality,2025-05-15 10:42:00,2025-05-19 05:43:00,E1174
HD-34477,J-2025-02652,40,quality,2025-05-15 15:27:00,2025-05-16 16:53:00,E1175
HD-34478,J-2025-02809,10,material,2025-05-16 06:30:00,2025-05-16 10:00:00,E1166
HD-34479,J-2025-02542,40,quality,2025-05-16 10:20:00,2025-05-19 06:32:00,E1166
HD-34480,J-2025-02704,30,engineering,2025-05-16 12:58:00,2025-05-20 08:35:00,E1166
HD-34481,J-2025-02654,40,engineering,2025-05-16 16:26:00,2025-05-19 10:23:00,E1169
HD-34482,J-2025-02806,30,tooling,2025-05-16 19:49:00,2025-05-19 02:03:00,E1164
HD-34483,J-2025-02669,40,quality,2025-05-19 05:43:00,2025-05-20 11:53:00,E1174
HD-34484,J-2025-02819,10,material,2025-05-19 06:23:00,2025-05-30 10:00:00,E1166
HD-34485,J-2025-02822,10,quality,2025-05-19 06:25:00,2025-05-19 10:00:00,E1166
HD-34486,J-2025-02371,40,engineering,2025-05-19 07:00:00,2025-05-21 00:18:00,E1174
HD-34487,J-2025-02646,50,engineering,2025-05-19 09:58:00,2025-05-20 14:20:00,E1175
HD-34488,J-2025-02654,40,quality,2025-05-19 10:23:00,2025-05-20 09:24:00,E1164
HD-34489,J-2025-02743,60,tooling,2025-05-19 10:49:00,2025-05-20 06:28:00,E1164
HD-34490,J-2025-02742,30,quality,2025-05-19 13:11:00,2025-05-20 13:44:00,E1172
HD-34491,J-2025-02852,10,material,2025-05-20 06:09:00,2025-05-21 10:00:00,E1166
HD-34492,J-2025-02834,10,customer,2025-05-20 06:15:00,2025-05-22 10:00:00,E1172
HD-34493,J-2025-02861,10,customer,2025-05-20 06:15:00,2025-06-02 10:00:00,E1169
HD-34494,J-2025-02868,10,material,2025-05-20 06:16:00,2025-05-21 10:00:00,E1169
HD-34495,J-2025-02864,10,material,2025-05-20 06:21:00,2025-05-28 10:00:00,E1175
HD-34496,J-2025-02544,40,quality,2025-05-20 06:51:00,2025-05-21 11:26:00,E1174
HD-34497,J-2025-02770,30,other,2025-05-20 13:29:00,2025-05-21 13:04:00,E1175
HD-34498,J-2025-02742,30,quality,2025-05-20 13:44:00,2025-05-22 00:50:00,E1175
HD-34499,J-2025-02558,30,quality,2025-05-20 17:36:00,2025-05-23 11:24:00,E1175
HD-34500,J-2025-02763,30,quality,2025-05-21 02:31:00,2025-05-23 23:21:00,E1164
HD-34501,J-2025-02912,10,material,2025-05-21 06:12:00,2025-05-27 10:00:00,E1172
HD-34502,J-2025-02889,10,material,2025-05-21 06:17:00,2025-05-21 10:00:00,E1172
HD-34503,J-2025-02903,10,material,2025-05-21 06:29:00,2025-05-27 10:00:00,E1172
HD-34504,J-2025-02756,30,quality,2025-05-21 06:52:00,2025-05-21 21:10:00,E1175
HD-34505,J-2025-02844,40,engineering,2025-05-21 09:43:00,2025-05-22 13:49:00,E1175
HD-34506,J-2025-02757,50,quality,2025-05-21 12:28:00,2025-05-22 22:00:00,E1175
HD-34507,J-2025-02525,70,tooling,2025-05-21 13:03:00,2025-05-22 01:16:00,E1166
HD-34508,J-2025-02752,30,customer,2025-05-21 13:25:00,2025-05-23 14:16:00,E1172
HD-34509,J-2025-02739,70,quality,2025-05-21 15:00:00,2025-05-23 08:36:00,E1169
HD-34510,J-2025-02932,10,engineering,2025-05-22 06:07:00,2025-05-27 01:59:00,E1169
HD-34511,J-2025-02928,10,material,2025-05-22 06:11:00,2025-05-23 10:00:00,E1166
HD-34512,J-2025-02915,10,material,2025-05-22 06:12:00,2025-05-22 10:00:00,E1166
HD-34513,J-2025-02742,40,other,2025-05-22 07:09:00,2025-05-22 15:16:00,E1166
HD-34514,J-2025-02888,20,quality,2025-05-22 08:42:00,2025-05-27 02:25:00,E1169
HD-34515,J-2025-02756,40,engineering,2025-05-22 09:46:00,2025-05-27 06:17:00,E1164
HD-34516,J-2025-02644,40,quality,2025-05-22 09:49:00,2025-05-27 01:52:00,E1174
HD-34517,J-2025-02825,40,quality,2025-05-22 10:27:00,2025-05-22 23:51:00,E1172
HD-34518,J-2025-02735,60,engineering,2025-05-22 12:46:00,2025-05-27 01:15:00,E1175
HD-34519,J-2025-02941,10,tooling,2025-05-23 06:03:00,2025-05-23 10:00:00,E1175
HD-34520,J-2025-02943,10,material,2025-05-23 06:06:00,2025-05-27 10:00:00,E1166
HD-34521,J-2025-02934,10,material,2025-05-23 06:09:00,2025-05-27 10:00:00,E1166
HD-34522,J-2025-02948,10,material,2025-05-23 06:19:00,2025-05-23 10:00:00,E1164
HD-34523,J-2025-02905,30,quality,2025-05-23 13:02:00,2025-05-28 04:22:00,E1175
HD-34524,J-2025-02833,30,quality,2025-05-23 16:48:00,2025-05-27 20:25:00,E1166
HD-34525,J-2025-02644,40,quality,2025-05-27 01:52:00,2025-05-27 09:22:00,E1164
HD-34526,J-2025-02984,10,material,2025-05-27 06:04:00,2025-05-28 10:00:00,E1175
HD-34527,J-2025-02978,10,material,2025-05-27 06:04:00,2025-05-27 10:00:00,E1169
HD-34528,J-2025-02971,10,customer,2025-05-27 06:20:00,2025-05-28 10:00:00,E1175
HD-34529,J-2025-03006,10,customer,2025-05-27 06:28:00,2025-05-27 22:38:00,E1166
HD-34530,J-2025-02963,10,material,2025-05-27 06:29:00,2025-05-28 10:00:00,E1166
HD-34531,J-2025-02902,50,customer,2025-05-27 06:57:00,2025-05-28 13:33:00,E1169
HD-34532,J-2025-02921,30,other,2025-05-27 10:01:00,2025-05-27 22:05:00,E1175
HD-34533,J-2025-02641,60,tooling,2025-05-27 10:29:00,2025-05-27 21:20:00,E1169
HD-34534,J-2025-02834,30,quality,2025-05-27 10:59:00,2025-05-28 22:43:00,E1166
HD-34535,J-2025-02913,30,tooling,2025-05-27 16:24:00,2025-05-28 04:09:00,E1169
HD-34536,J-2025-02758,40,engineering,2025-05-27 16:27:00,2025-05-28 20:48:00,E1172
HD-34537,J-2025-02779,30,quality,2025-05-27 20:12:00,2025-05-28 13:27:00,E1164
HD-34538,J-2025-03028,10,material,2025-05-28 06:06:00,2025-05-30 10:00:00,E1164
HD-34539,J-2025-03011,10,material,2025-05-28 06:11:00,2025-05-30 10:00:00,E1166
HD-34540,J-2025-03029,10,material,2025-05-28 06:16:00,2025-05-29 10:00:00,E1175
HD-34541,J-2025-03019,10,material,2025-05-28 06:28:00,2025-05-28 10:00:00,E1166
HD-34542,J-2025-02992,30,engineering,2025-05-28 09:53:00,2025-05-29 10:18:00,E1164
HD-34543,J-2025-02949,40,tooling,2025-05-28 10:00:00,2025-05-29 09:19:00,E1172
HD-34544,J-2025-02712,50,engineering,2025-05-28 10:06:00,2025-05-30 04:40:00,E1172
HD-34545,J-2025-02891,70,customer,2025-05-28 13:15:00,2025-06-02 20:33:00,E1172
HD-34546,J-2025-02886,40,quality,2025-05-28 20:07:00,2025-05-29 19:24:00,E1164
HD-34547,J-2025-03051,10,material,2025-05-29 06:11:00,2025-06-02 10:00:00,E1174
HD-34548,J-2025-03047,10,material,2025-05-29 06:21:00,2025-06-03 10:00:00,E1164
HD-34549,J-2025-02957,30,tooling,2025-05-29 10:07:00,2025-05-30 00:10:00,E1175
HD-34550,J-2025-02943,50,tooling,2025-05-29 10:18:00,2025-05-30 08:29:00,E1169
HD-34551,J-2025-02787,50,tooling,2025-05-29 13:11:00,2025-05-30 07:44:00,E1164
HD-34552,J-2025-02957,30,other,2025-05-30 00:10:00,2025-05-30 06:15:00,E1166
HD-34553,J-2025-03072,30,engineering,2025-05-30 12:46:00,2025-06-02 19:13:00,E1169
HD-34554,J-2025-02791,30,quality,2025-05-30 16:58:00,2025-06-02 07:15:00,E1172
HD-34555,J-2025-02990,40,quality,2025-05-30 20:30:00,2025-06-02 12:26:00,E1172
HD-34556,J-2025-03076,10,material,2025-06-02 06:18:00,2025-06-02 10:00:00,E1174
HD-34557,J-2025-02941,30,quality,2025-06-02 06:48:00,2025-06-03 07:49:00,E1174
HD-34558,J-2025-02930,30,quality,2025-06-02 07:10:00,2025-06-02 19:57:00,E1166
HD-34559,J-2025-03028,10,quality,2025-06-02 10:22:00,2025-06-03 01:48:00,E1174
HD-34560,J-2025-02554,70,engineering,2025-06-02 10:23:00,2025-06-03 11:35:00,E1172
HD-34561,J-2025-03007,40,quality,2025-06-02 19:48:00,2025-06-04 03:58:00,E1174
HD-34562,J-2025-03112,10,material,2025-06-03 06:03:00,2025-06-03 10:00:00,E1166
HD-34563,J-2025-03115,10,material,2025-06-03 06:08:00,2025-06-06 10:00:00,E1169
HD-34564,J-2025-03136,10,material,2025-06-03 06:10:00,2025-06-04 10:00:00,E1174
HD-34565,J-2025-03108,10,tooling,2025-06-03 06:14:00,2025-06-17 10:00:00,E1174
HD-34566,J-2025-03119,10,material,2025-06-03 06:16:00,2025-06-05 10:00:00,E1175
HD-34567,J-2025-03129,10,material,2025-06-03 06:17:00,2025-06-18 10:00:00,E1172
HD-34568,J-2025-03103,10,material,2025-06-03 06:19:00,2025-06-10 10:00:00,E1164
HD-34569,J-2025-03127,10,material,2025-06-03 06:26:00,2025-06-03 10:00:00,E1169
HD-34570,J-2025-02953,40,engineering,2025-06-03 08:44:00,2025-06-04 09:20:00,E1166
HD-34571,J-2025-03016,60,tooling,2025-06-03 10:07:00,2025-06-04 08:41:00,E1169
HD-34572,J-2025-02889,30,other,2025-06-03 16:32:00,2025-06-04 09:15:00,E1174
HD-34573,J-2025-03159,10,material,2025-06-04 06:14:00,2025-06-11 10:00:00,E1174
HD-34574,J-2025-03160,10,material,2025-06-04 06:25:00,2025-06-05 10:00:00,E1174
HD-34575,J-2025-03050,50,quality,2025-06-04 06:39:00,2025-06-06 00:43:00,E1166
HD-34576,J-2025-02730,50,quality,2025-06-04 06:45:00,2025-06-05 19:38:00,E1164
HD-34577,J-2025-03111,20,customer,2025-06-04 06:50:00,2025-06-09 05:57:00,E1166
HD-34578,J-2025-03144,20,tooling,2025-06-04 10:22:00,2025-06-04 16:39:00,E1175
HD-34579,J-2025-03032,80,tooling,2025-06-04 13:20:00,2025-06-04 21:08:00,E1166
HD-34580,J-2025-03109,40,quality,2025-06-04 16:46:00,2025-06-05 20:33:00,E1169
HD-34581,J-2025-02948,40,quality,2025-06-05 07:17:00,2025-06-05 19:29:00,E1164
HD-34582,J-2025-03177,20,customer,2025-06-05 07:22:00,2025-06-06 03:00:00,E1175
HD-34583,J-2025-03126,30,quality,2025-06-05 10:19:00,2025-06-06 11:26:00,E1166
HD-34584,J-2025-03105,30,quality,2025-06-05 13:08:00,2025-06-06 03:02:00,E1169
HD-34585,J-2025-03171,10,quality,2025-06-05 13:29:00,2025-06-06 04:12:00,E1169
HD-34586,J-2025-03050,50,quality,2025-06-06 00:43:00,2025-06-09 05:48:00,E1174
HD-34587,J-2025-03171,10,quality,2025-06-06 04:12:00,2025-06-06 20:42:00,E1174
HD-34588,J-2025-03189,10,material,2025-06-06 06:16:00,2025-06-06 10:00:00,E1169
HD-34589,J-2025-02702,30,quality,2025-06-06 13:08:00,2025-06-09 05:57:00,E1174
HD-34590,J-2025-03157,10,quality,2025-06-06 13:36:00,2025-06-09 01:42:00,E1164
HD-34591,J-2025-03114,20,customer,2025-06-06 16:46:00,2025-06-09 07:59:00,E1166
HD-34592,J-2025-03184,40,quality,2025-06-06 16:59:00,2025-06-09 21:33:00,E1174
HD-34593,J-2025-03217,10,material,2025-06-09 06:02:00,2025-06-17 10:00:00,E1175
HD-34594,J-2025-03211,10,material,2025-06-09 06:06:00,2025-06-11 10:00:00,E1172
HD-34595,J-2025-03208,10,quality,2025-06-09 06:10:00,2025-06-09 23:01:00,E1172
HD-34596,J-2025-03209,10,material,2025-06-09 06:23:00,2025-06-09 10:00:00,E1172
HD-34597,J-2025-03124,40,engineering,2025-06-09 20:08:00,2025-06-10 23:40:00,E1166
HD-34598,J-2025-03230,10,material,2025-06-10 06:02:00,2025-06-11 10:00:00,E1169
HD-34599,J-2025-03256,10,customer,2025-06-10 06:09:00,2025-06-12 04:42:00,E1166
HD-34600,J-2025-03248,10,material,2025-06-10 06:24:00,2025-06-11 10:00:00,E1166
HD-34601,J-2025-03221,10,tooling,2025-06-10 06:28:00,2025-06-10 21:06:00,E1166
HD-34602,J-2025-03253,10,material,2025-06-10 06:30:00,2025-06-10 10:00:00,E1172
HD-34603,J-2025-03038,30,quality,2025-06-10 07:06:00,2025-06-11 09:08:00,E1164
HD-34604,J-2025-03214,30,quality,2025-06-10 08:38:00,2025-06-11 01:34:00,E1172
HD-34605,J-2025-03251,20,customer,2025-06-10 10:13:00,2025-06-11 12:27:00,E1175
HD-34606,J-2025-03121,40,quality,2025-06-10 10:35:00,2025-06-13 02:54:00,E1174
HD-34607,J-2025-03204,40,quality,2025-06-10 12:06:00,2025-06-10 17:11:00,E1172
HD-34608,J-2025-03047,50,engineering,2025-06-10 12:47:00,2025-06-11 19:32:00,E1174
HD-34609,J-2025-03237,40,quality,2025-06-10 12:58:00,2025-06-11 09:21:00,E1172
HD-34610,J-2025-03124,40,quality,2025-06-10 23:40:00,2025-06-11 22:24:00,E1169
HD-34611,J-2025-03214,30,quality,2025-06-11 01:34:00,2025-06-13 13:56:00,E1172
HD-34612,J-2025-03275,10,material,2025-06-11 06:24:00,2025-06-24 10:00:00,E1169
HD-34613,J-2025-03272,10,material,2025-06-11 06:28:00,2025-06-20 10:00:00,E1164
HD-34614,J-2025-02876,40,quality,2025-06-11 07:05:00,2025-06-12 21:58:00,E1166
HD-34615,J-2025-03142,60,quality,2025-06-11 09:44:00,2025-06-12 13:37:00,E1169
HD-34616,J-2025-03233,30,engineering,2025-06-11 10:10:00,2025-06-13 00:35:00,E1169
HD-34617,J-2025-03105,60,engineering,2025-06-11 13:13:00,2025-06-12 20:18:00,E1174
HD-34618,J-2025-03293,10,other,2025-06-12 06:11:00,2025-06-12 10:00:00,E1174
HD-34619,J-2025-03303,10,customer,2025-06-12 06:14:00,2025-06-16 02:57:00,E1164
HD-34620,J-2025-03318,10,quality,2025-06-12 06:15:00,2025-06-13 10:00:00,E1175
HD-34621,J-2025-03325,10,tooling,2025-06-12 06:22:00,2025-06-12 14:52:00,E1174
HD-34622,J-2025-03312,10,engineering,2025-06-12 06:23:00,2025-06-24 10:00:00,E1169
HD-34623,J-2025-03241,50,other,2025-06-12 06:56:00,2025-06-12 15:27:00,E1169
HD-34624,J-2025-03119,50,quality,2025-06-12 07:24:00,2025-06-13 22:10:00,E1169
HD-34625,J-2025-03248,30,customer,2025-06-12 08:43:00,2025-06-13 18:41:00,E1174
HD-34626,J-2025-03267,30,quality,2025-06-12 09:41:00,2025-06-13 08:18:00,E1169
HD-34627,J-2025-02865,50,quality,2025-06-12 09:48:00,2025-06-13 12:32:00,E1166
HD-34628,J-2025-03124,40,quality,2025-06-12 10:27:00,2025-06-16 08:02:00,E1172
HD-34629,J-2025-03142,60,customer,2025-06-12 13:37:00,2025-06-13 15:29:00,E1166
HD-34630,J-2025-03286,40,customer,2025-06-12 19:59:00,2025-06-13 23:43:00,E1174
HD-34631,J-2025-02876,40,quality,2025-06-12 21:58:00,2025-06-16 21:51:00,E1164
HD-34632,J-2025-03330,10,material,2025-06-13 06:09:00,2025-06-23 10:00:00,E1169
HD-34633,J-2025-03244,40,quality,2025-06-13 06:10:00,2025-06-13 23:51:00,E1172
HD-34634,J-2025-03332,10,other,2025-06-13 06:20:00,2025-06-13 17:14:00,E1166
HD-34635,J-2025-03337,10,tooling,2025-06-13 06:25:00,2025-06-18 10:00:00,E1169
HD-34636,J-2025-03121,50,other,2025-06-13 06:57:00,2025-06-16 03:10:00,E1172
HD-34637,J-2025-03090,20,tooling,2025-06-13 10:07:00,2025-06-13 22:34:00,E1169
HD-34638,J-2025-03377,10,other,2025-06-16 06:01:00,2025-06-16 13:58:00,E1169
HD-34639,J-2025-03372,10,material,2025-06-16 06:02:00,2025-06-18 10:00:00,E1164
HD-34640,J-2025-03354,10,customer,2025-06-16 06:05:00,2025-06-17 20:29:00,E1166
HD-34641,J-2025-03356,10,material,2025-06-16 06:07:00,2025-06-19 10:00:00,E1169
HD-34642,J-2025-03375,10,engineering,2025-06-16 06:25:00,2025-06-17 10:00:00,E1175
HD-34643,J-2025-03124,40,quality,2025-06-16 08:02:00,2025-06-18 08:20:00,E1164
HD-34644,J-2025-03244,50,other,2025-06-16 19:55:00,2025-06-17 03:38:00,E1172
HD-34645,J-2025-03206,30,quality,2025-06-17 05:11:00,2025-06-19 19:42:00,E1172
HD-34646,J-2025-03427,10,engineering,2025-06-17 06:01:00,2025-06-17 10:00:00,E1166
HD-34647,J-2025-03403,10,tooling,2025-06-17 06:01:00,2025-06-17 16:10:00,E1174
HD-34648,J-2025-03405,10,material,2025-06-17 06:11:00,2025-06-18 10:00:00,E1164
HD-34649,J-2025-03381,10,material,2025-06-17 06:14:00,2025-06-26 10:00:00,E1164
HD-34650,J-2025-03423,10,material,2025-06-17 06:24:00,2025-06-17 10:00:00,E1166
HD-34651,J-2025-03417,10,material,2025-06-17 06:25:00,2025-06-17 10:00:00,E1164
HD-34652,J-2025-03436,10,engineering,2025-06-17 06:25:00,2025-06-18 21:40:00,E1169
HD-34653,J-2025-03110,40,quality,2025-06-17 16:49:00,2025-06-18 09:41:00,E1166
HD-34654,J-2025-03463,10,material,2025-06-18 06:16:00,2025-07-01 10:00:00,E1169
HD-34655,J-2025-03466,10,material,2025-06-18 06:19:00,2025-06-19 10:00:00,E1169
HD-34656,J-2025-03430,30,other,2025-06-18 10:26:00,2025-06-18 21:22:00,E1172
HD-34657,J-2025-03059,40,quality,2025-06-18 13:39:00,2025-06-19 21:27:00,E1169
HD-34658,J-2025-03115,40,quality,2025-06-18 15:07:00,2025-06-18 21:39:00,E1166
HD-34659,J-2025-03274,50,engineering,2025-06-18 16:33:00,2025-06-19 11:43:00,E1164
HD-34660,J-2025-03351,50,customer,2025-06-19 04:28:00,2025-06-19 13:41:00,E1169
HD-34661,J-2025-03308,30,customer,2025-06-19 09:22:00,2025-06-23 03:50:00,E1164
HD-34662,J-2025-03390,50,quality,2025-06-19 10:06:00,2025-06-20 07:11:00,E1174
HD-34663,J-2025-03190,60,other,2025-06-19 13:21:00,2025-06-19 20:49:00,E1175
HD-34664,J-2025-03419,20,customer,2025-06-19 13:28:00,2025-06-25 02:37:00,E1166
HD-34665,J-2025-03425,10,quality,2025-06-19 15:23:00,2025-06-20 06:36:00,E1166
HD-34666,J-2025-03298,30,quality,2025-06-19 20:20:00,2025-06-20 23:57:00,E1175
HD-34667,J-2025-03059,40,quality,2025-06-19 21:27:00,2025-06-23 04:41:00,E1174
HD-34668,J-2025-03504,10,customer,2025-06-20 06:08:00,2025-06-20 10:00:00,E1172
HD-34669,J-2025-03508,10,material,2025-06-20 06:15:00,2025-07-01 10:00:00,E1174
HD-34670,J-2025-03506,10,material,2025-06-20 06:20:00,2025-06-24 10:00:00,E1169
HD-34671,J-2025-03518,10,material,2025-06-20 06:28:00,2025-06-20 10:00:00,E1169
HD-34672,J-2025-03425,10,quality,2025-06-20 06:36:00,2025-06-23 23:39:00,E1169
HD-34673,J-2025-03466,20,engineering,2025-06-20 07:07:00,2025-06-23 08:36:00,E1172
HD-34674,J-2025-03390,50,quality,2025-06-20 07:11:00,2025-06-24 12:13:00,E1174
HD-34675,J-2025-03477,30,other,2025-06-20 10:30:00,2025-06-23 06:13:00,E1172
HD-34676,J-2025-03497,30,engineering,2025-06-20 13:00:00,2025-06-23 07:32:00,E1164
HD-34677,J-2025-03489,30,customer,2025-06-20 13:10:00,2025-06-26 03:26:00,E1172
HD-34678,J-2025-03301,50,quality,2025-06-20 13:40:00,2025-06-24 08:10:00,E1166
HD-34679,J-2025-03536,10,other,2025-06-23 06:05:00,2025-06-23 17:18:00,E1166
HD-34680,J-2025-03551,10,material,2025-06-23 06:20:00,2025-06-23 10:00:00,E1172
HD-34681,J-2025-03354,40,quality,2025-06-23 06:47:00,2025-06-24 15:41:00,E1175
HD-34682,J-2025-03491,20,engineering,2025-06-23 07:00:00,2025-06-24 17:36:00,E1166
HD-34683,J-2025-03532,10,quality,2025-06-23 07:20:00,2025-06-24 06:58:00,E1169
HD-34684,J-2025-03540,20,tooling,2025-06-23 09:56:00,2025-06-24 06:46:00,E1174
HD-34685,J-2025-03230,70,tooling,2025-06-23 12:58:00,2025-06-24 09:28:00,E1174
HD-34686,J-2025-03482,40,engineering,2025-06-23 19:59:00,2025-06-27 09:39:00,E1172
HD-34687,J-2025-03564,10,material,2025-06-24 06:09:00,2025-07-03 10:00:00,E1166
HD-34688,J-2025-03555,10,material,2025-06-24 06:12:00,2025-06-24 10:00:00,E1164
HD-34689,J-2025-03477,40,quality,2025-06-24 06:30:00,2025-06-26 07:22:00,E1174
HD-34690,J-2025-03532,10,customer,2025-06-24 06:58:00,2025-06-26 19:20:00,E1174
HD-34691,J-2025-03301,50,material,2025-06-24 08:10:00,2025-06-27 08:08:00,E1174
HD-34692,J-2025-03411,50,customer,2025-06-24 09:59:00,2025-06-27 21:07:00,E1175
HD-34693,J-2025-03324,80,engineering,2025-06-24 10:14:00,2025-06-25 02:39:00,E1164
HD-34694,J-2025-03436,20,other,2025-06-24 12:50:00,2025-06-24 19:02:00,E1175
HD-34695,J-2025-03246,80,tooling,2025-06-24 13:00:00,2025-06-25 01:25:00,E1174
HD-34696,J-2025-03354,40,quality,2025-06-24 15:41:00,2025-06-25 18:26:00,E1172
HD-34697,J-2025-03571,20,tooling,2025-06-24 20:03:00,2025-06-25 09:31:00,E1164
HD-34698,J-2025-03599,10,material,2025-06-25 06:08:00,2025-06-26 10:00:00,E1166
HD-34699,J-2025-03584,10,tooling,2025-06-25 06:12:00,2025-06-25 21:20:00,E1164
HD-34700,J-2025-03500,30,tooling,2025-06-25 07:02:00,2025-06-25 16:59:00,E1166
HD-34701,J-2025-03582,40,tooling,2025-06-25 16:43:00,2025-06-26 02:36:00,E1174
HD-34702,J-2025-03461,70,engineering,2025-06-25 20:13:00,2025-06-26 13:38:00,E1164
HD-34703,J-2025-03571,20,quality,2025-06-26 06:12:00,2025-06-30 02:18:00,E1174
HD-34704,J-2025-03602,10,material,2025-06-26 06:17:00,2025-07-01 10:00:00,E1174
HD-34705,J-2025-03575,40,quality,2025-06-26 07:11:00,2025-06-27 15:15:00,E1166
HD-34706,J-2025-03361,70,material,2025-06-26 13:18:00,2025-06-27 11:42:00,E1175
HD-34707,J-2025-03603,10,other,2025-06-26 17:59:00,2025-06-27 21:00:00,E1169
HD-34708,J-2025-03659,10,material,2025-06-27 06:16:00,2025-06-27 10:00:00,E1172
HD-34709,J-2025-03651,10,material,2025-06-27 06:20:00,2025-06-27 10:00:00,E1169
HD-34710,J-2025-03644,10,material,2025-06-27 06:21:00,2025-07-08 10:00:00,E1174
HD-34711,J-2025-03649,10,material,2025-06-27 06:28:00,2025-06-27 10:00:00,E1169
HD-34712,J-2025-03582,40,quality,2025-06-27 07:13:00,2025-07-01 06:11:00,E1174
HD-34713,J-2025-03641,10,quality,2025-06-27 08:25:00,2025-07-01 01:01:00,E1164
HD-34714,J-2025-03667,20,customer,2025-06-27 13:18:00,2025-07-01 14:54:00,E1166
HD-34715,J-2025-03657,20,quality,2025-06-27 16:55:00,2025-06-30 16:53:00,E1172
HD-34716,J-2025-03603,10,quality,2025-06-27 21:00:00,2025-07-01 22:26:00,E1169
HD-34717,J-2025-03571,20,quality,2025-06-30 02:18:00,2025-07-03 02:15:00,E1164
HD-34718,J-2025-03678,10,engineering,2025-06-30 06:01:00,2025-07-01 02:23:00,E1166
HD-34719,J-2025-03680,10,material,2025-06-30 06:10:00,2025-07-02 10:00:00,E1164
HD-34720,J-2025-03669,10,material,2025-06-30 06:10:00,2025-06-30 10:00:00,E1164
HD-34721,J-2025-03695,10,material,2025-06-30 06:21:00,2025-07-02 10:00:00,E1169
HD-34722,J-2025-03692,10,material,2025-06-30 06:24:00,2025-07-03 10:00:00,E1174
HD-34723,J-2025-03632,60,other,2025-06-30 16:17:00,2025-07-01 01:20:00,E1174
HD-34724,J-2025-03641,10,quality,2025-07-01 01:01:00,2025-07-01 18:30:00,E1169
HD-34725,J-2025-03751,10,material,2025-07-01 06:03:00,2025-07-03 10:00:00,E1166
HD-34726,J-2025-03697,10,material,2025-07-01 06:05:00,2025-07-03 10:00:00,E1164
HD-34727,J-2025-03731,10,material,2025-07-01 06:07:00,2025-07-10 10:00:00,E1172
HD-34728,J-2025-03582,40,quality,2025-07-01 06:11:00,2025-07-02 12:25:00,E1172
HD-34729,J-2025-03733,10,material,2025-07-01 06:19:00,2025-07-02 10:00:00,E1174
HD-34730,J-2025-03702,10,material,2025-07-01 06:19:00,2025-07-01 10:00:00,E1172
HD-34731,J-2025-03757,10,other,2025-07-01 06:20:00,2025-07-01 20:16:00,E1175
HD-34732,J-2025-03739,10,customer,2025-07-01 06:22:00,2025-07-02 10:00:00,E1166
HD-34733,J-2025-03704,10,material,2025-07-01 06:23:00,2025-07-14 10:00:00,E1175
HD-34734,J-2025-03708,10,material,2025-07-01 06:27:00,2025-07-01 10:00:00,E1175
HD-34735,J-2025-03686,40,other,2025-07-01 10:06:00,2025-07-02 06:13:00,E1175
HD-34736,J-2025-03691,40,quality,2025-07-01 10:25:00,2025-07-01 23:39:00,E1166
HD-34737,J-2025-03533,60,tooling,2025-07-01 13:04:00,2025-07-02 05:39:00,E1164
HD-34738,J-2025-03467,60,tooling,2025-07-01 13:14:00,2025-07-02 10:54:00,E1169
HD-34739,J-2025-03587,30,quality,2025-07-01 16:14:00,2025-07-02 09:10:00,E1169
HD-34740,J-2025-03691,40,quality,2025-07-01 23:39:00,2025-07-07 09:28:00,E1175
HD-34741,J-2025-03706,30,material,2025-07-02 07:06:00,2025-07-03 13:39:00,E1164
HD-34742,J-2025-03665,40,other,2025-07-02 10:14:00,2025-07-03 03:18:00,E1166
HD-34743,J-2025-03702,50,tooling,2025-07-02 13:04:00,2025-07-03 08:50:00,E1175
HD-34744,J-2025-03679,20,other,2025-07-02 16:28:00,2025-07-03 13:22:00,E1166
HD-34745,J-2025-03495,20,engineering,2025-07-02 16:47:00,2025-07-07 09:24:00,E1164
HD-34746,J-2025-03789,10,customer,2025-07-03 06:13:00,2025-07-07 12:30:00,E1172
HD-34747,J-2025-03415,20,engineering,2025-07-03 07:19:00,2025-07-07 10:50:00,E1166
HD-34748,J-2025-03564,20,engineering,2025-07-03 13:01:00,2025-07-07 06:31:00,E1174
HD-34749,J-2025-03805,10,other,2025-07-07 06:22:00,2025-07-10 00:49:00,E1164
HD-34750,J-2025-03762,50,engineering,2025-07-07 06:49:00,2025-07-09 01:40:00,E1164
HD-34751,J-2025-03807,20,tooling,2025-07-07 10:04:00,2025-07-08 08:50:00,E1174
HD-34752,J-2025-03772,30,engineering,2025-07-07 10:09:00,2025-07-08 01:25:00,E1166
HD-34753,J-2025-03692,30,engineering,2025-07-07 10:17:00,2025-07-08 10:03:00,E1166
HD-34754,J-2025-03637,30,quality,2025-07-07 15:19:00,2025-07-08 17:39:00,E1175
HD-34755,J-2025-03772,30,customer,2025-07-08 01:25:00,2025-07-09 02:05:00,E1172
HD-34756,J-2025-03769,40,tooling,2025-07-08 03:55:00,2025-07-10 01:04:00,E1166
HD-34757,J-2025-03835,10,material,2025-07-08 06:01:00,2025-07-08 10:00:00,E1172
HD-34758,J-2025-03815,10,material,2025-07-08 06:01:00,2025-07-08 10:00:00,E1172
HD-34759,J-2025-03825,10,material,2025-07-08 06:08:00,2025-07-15 10:00:00,E1169
HD-34760,J-2025-03811,10,material,2025-07-08 06:15:00,2025-07-10 10:00:00,E1164
HD-34761,J-2025-03818,10,engineering,2025-07-08 06:16:00,2025-07-09 18:29:00,E1169
HD-34762,J-2025-03827,10,other,2025-07-08 06:18:00,2025-07-21 10:00:00,E1164
HD-34763,J-2025-03821,10,material,2025-07-08 06:23:00,2025-07-22 10:00:00,E1175
HD-34764,J-2025-03834,10,material,2025-07-08 06:23:00,2025-07-18 10:00:00,E1175
HD-34765,J-2025-03830,10,tooling,2025-07-08 06:29:00,2025-07-10 10:00:00,E1175
HD-34766,J-2025-03631,80,other,2025-07-08 10:23:00,2025-07-08 22:37:00,E1164
HD-34767,J-2025-03637,30,quality,2025-07-08 17:39:00,2025-07-09 00:36:00,E1169
HD-34768,J-2025-03860,10,material,2025-07-09 06:05:00,2025-07-14 10:00:00,E1169
HD-34769,J-2025-03848,10,tooling,2025-07-09 06:23:00,2025-07-09 15:18:00,E1175
HD-34770,J-2025-03695,60,customer,2025-07-09 07:28:00,2025-07-15 04:49:00,E1169
HD-34771,J-2025-03747,60,engineering,2025-07-09 10:23:00,2025-07-11 04:14:00,E1169
HD-34772,J-2025-03765,40,quality,2025-07-09 16:44:00,2025-07-10 20:51:00,E1172
HD-34773,J-2025-03818,10,material,2025-07-09 18:29:00,2025-07-10 10:00:00,E1172
HD-34774,J-2025-03888,10,material,2025-07-10 06:06:00,2025-07-15 10:00:00,E1164
HD-34775,J-2025-03710,40,quality,2025-07-10 06:57:00,2025-07-11 06:48:00,E1169
HD-34776,J-2025-03534,30,material,2025-07-10 08:01:00,2025-07-10 21:37:00,E1174
HD-34777,J-2025-03829,40,engineering,2025-07-10 10:21:00,2025-07-11 09:04:00,E1166
HD-34778,J-2025-03898,10,material,2025-07-11 06:03:00,2025-07-18 10:00:00,E1175
HD-34779,J-2025-03899,10,material,2025-07-11 06:12:00,2025-07-24 10:00:00,E1166
HD-34780,J-2025-03896,10,material,2025-07-11 06:17:00,2025-07-11 10:00:00,E1172
HD-34781,J-2025-03897,20,customer,2025-07-11 09:45:00,2025-07-14 09:51:00,E1166
HD-34782,J-2025-03891,30,engineering,2025-07-11 09:52:00,2025-07-14 02:23:00,E1174
HD-34783,J-2025-03674,40,tooling,2025-07-11 09:55:00,2025-07-14 03:03:00,E1166
HD-34784,J-2025-03891,30,customer,2025-07-14 02:23:00,2025-07-16 16:29:00,E1164
HD-34785,J-2025-03915,10,material,2025-07-14 06:24:00,2025-07-14 10:00:00,E1169
HD-34786,J-2025-03811,30,tooling,2025-07-14 09:53:00,2025-07-14 17:13:00,E1166
HD-34787,J-2025-03765,60,customer,2025-07-14 13:10:00,2025-07-16 17:37:00,E1172
HD-34788,J-2025-03680,40,quality,2025-07-15 00:41:00,2025-07-15 05:52:00,E1166
HD-34789,J-2025-03940,10,material,2025-07-15 06:02:00,2025-07-18 10:00:00,E1166
HD-34790,J-2025-03965,10,material,2025-07-15 06:05:00,2025-07-18 10:00:00,E1164
HD-34791,J-2025-03955,10,customer,2025-07-15 06:25:00,2025-07-16 18:16:00,E1175
HD-34792,J-2025-03874,70,other,2025-07-15 10:17:00,2025-07-15 16:22:00,E1166
HD-34793,J-2025-03932,20,tooling,2025-07-15 10:25:00,2025-07-15 16:47:00,E1172
HD-34794,J-2025-03982,10,material,2025-07-16 06:14:00,2025-07-17 10:00:00,E1166
HD-34795,J-2025-03974,10,material,2025-07-16 06:15:00,2025-07-23 10:00:00,E1166
HD-34796,J-2025-03987,10,material,2025-07-16 06:20:00,2025-07-16 10:00:00,E1166
HD-34797,J-2025-03984,10,material,2025-07-16 06:24:00,2025-07-16 10:00:00,E1164
HD-34798,J-2025-03936,40,customer,2025-07-16 09:51:00,2025-07-17 21:53:00,E1169
HD-34799,J-2025-03931,30,engineering,2025-07-16 10:01:00,2025-07-18 05:12:00,E1172
HD-34800,J-2025-03825,40,quality,2025-07-16 13:03:00,2025-07-17 13:04:00,E1174
HD-34801,J-2025-03980,10,quality,2025-07-16 14:47:00,2025-07-17 08:49:00,E1164
HD-34802,J-2025-04006,10,material,2025-07-17 06:05:00,2025-07-21 10:00:00,E1174
HD-34803,J-2025-04013,10,material,2025-07-17 06:27:00,2025-07-21 10:00:00,E1169
HD-34804,J-2025-03624,30,quality,2025-07-17 06:50:00,2025-07-18 00:03:00,E1174
HD-34805,J-2025-03980,10,material,2025-07-17 08:49:00,2025-07-21 20:47:00,E1169
HD-34806,J-2025-03986,40,quality,2025-07-17 16:39:00,2025-07-18 09:22:00,E1166
HD-34807,J-2025-04032,10,material,2025-07-18 06:02:00,2025-07-29 10:00:00,E1164
HD-34808,J-2025-04034,10,material,2025-07-18 06:05:00,2025-07-24 10:00:00,E1169
HD-34809,J-2025-04027,10,material,2025-07-18 06:05:00,2025-07-18 10:00:00,E1172
HD-34810,J-2025-04026,10,tooling,2025-07-18 06:07:00,2025-07-21 10:00:00,E1164
HD-34811,J-2025-04038,30,quality,2025-07-18 13:12:00,2025-07-22 00:21:00,E1175
HD-34812,J-2025-04031,20,customer,2025-07-18 19:53:00,2025-07-23 22:15:00,E1166
HD-34813,J-2025-04045,10,material,2025-07-21 06:05:00,2025-07-22 10:00:00,E1169
HD-34814,J-2025-04048,10,material,2025-07-21 06:14:00,2025-08-01 10:00:00,E1164
HD-34815,J-2025-04049,10,material,2025-07-21 06:19:00,2025-07-21 10:00:00,E1164
HD-34816,J-2025-03975,50,tooling,2025-07-21 12:42:00,2025-07-22 11:41:00,E1175
HD-34817,J-2025-03965,30,quality,2025-07-21 22:01:00,2025-07-22 10:28:00,E1174
HD-34818,J-2025-03822,30,quality,2025-07-22 00:58:00,2025-07-22 15:41:00,E1164
HD-34819,J-2025-04074,10,material,2025-07-22 06:12:00,2025-07-30 10:00:00,E1166
HD-34820,J-2025-04064,10,quality,2025-07-22 06:14:00,2025-07-22 10:00:00,E1164
HD-34821,J-2025-04059,10,material,2025-07-22 06:17:00,2025-07-31 10:00:00,E1174
HD-34822,J-2025-04094,10,material,2025-07-22 06:20:00,2025-07-22 10:00:00,E1174
HD-34823,J-2025-04078,20,other,2025-07-22 10:11:00,2025-07-23 07:16:00,E1169
HD-34824,J-2025-03970,30,customer,2025-07-22 13:00:00,2025-07-24 23:23:00,E1164
HD-34825,J-2025-03849,60,other,2025-07-22 13:26:00,2025-07-25 03:38:00,E1175
HD-34826,J-2025-03804,20,quality,2025-07-22 16:24:00,2025-07-23 05:38:00,E1174
HD-34827,J-2025-04023,30,other,2025-07-22 19:52:00,2025-07-23 16:26:00,E1175
HD-34828,J-2025-04110,10,material,2025-07-23 06:12:00,2025-07-24 10:00:00,E1172
HD-34829,J-2025-04104,10,material,2025-07-23 06:15:00,2025-07-23 10:00:00,E1174
HD-34830,J-2025-04102,10,material,2025-07-23 06:17:00,2025-07-23 10:00:00,E1175
HD-34831,J-2025-03951,40,quality,2025-07-23 06:59:00,2025-07-24 01:50:00,E1175
HD-34832,J-2025-04042,50,material,2025-07-23 10:00:00,2025-07-23 23:11:00,E1169
HD-34833,J-2025-03920,40,quality,2025-07-23 10:01:00,2025-07-24 19:06:00,E1166
HD-34834,J-2025-03787,40,customer,2025-07-23 12:45:00,2025-07-24 16:16:00,E1175
HD-34835,J-2025-03980,40,quality,2025-07-23 13:21:00,2025-07-24 20:19:00,E1166
HD-34836,J-2025-04132,10,material,2025-07-24 06:01:00,2025-07-24 10:00:00,E1174
HD-34837,J-2025-04123,10,material,2025-07-24 06:11:00,2025-07-24 10:00:00,E1169
HD-34838,J-2025-03881,40,quality,2025-07-24 07:30:00,2025-07-24 20:04:00,E1164
HD-34839,J-2025-04086,40,engineering,2025-07-24 10:11:00,2025-07-28 02:59:00,E1175
HD-34840,J-2025-04084,20,engineering,2025-07-24 10:13:00,2025-07-25 17:14:00,E1174
HD-34841,J-2025-03955,40,quality,2025-07-24 12:28:00,2025-07-28 06:16:00,E1164
HD-34842,J-2025-03951,50,quality,2025-07-24 16:20:00,2025-07-25 05:46:00,E1175
HD-34843,J-2025-03821,20,quality,2025-07-24 16:32:00,2025-07-25 02:18:00,E1169
HD-34844,J-2025-04140,10,material,2025-07-25 06:07:00,2025-07-25 10:00:00,E1175
HD-34845,J-2025-04139,10,material,2025-07-25 06:26:00,2025-07-28 10:00:00,E1169
HD-34846,J-2025-04103,40,quality,2025-07-25 10:09:00,2025-07-28 12:57:00,E1169
HD-34847,J-2025-04094,40,material,2025-07-25 13:05:00,2025-07-29 05:00:00,E1175
HD-34848,J-2025-04128,20,quality,2025-07-28 01:14:00,2025-07-28 08:32:00,E1164
HD-34849,J-2025-04154,10,material,2025-07-28 06:25:00,2025-07-29 10:00:00,E1175
HD-34850,J-2025-03825,80,material,2025-07-28 13:16:00,2025-07-29 06:46:00,E1175
HD-34851,J-2025-04157,30,quality,2025-07-28 20:03:00,2025-07-29 11:03:00,E1175
HD-34852,J-2025-04166,10,material,2025-07-29 06:02:00,2025-07-31 10:00:00,E1169
HD-34853,J-2025-04191,10,material,2025-07-29 06:02:00,2025-07-31 10:00:00,E1174
HD-34854,J-2025-04209,10,material,2025-07-29 06:07:00,2025-07-30 10:00:00,E1169
HD-34855,J-2025-04202,10,customer,2025-07-29 06:08:00,2025-07-30 10:00:00,E1169
HD-34856,J-2025-04178,10,material,2025-07-29 06:10:00,2025-08-06 10:00:00,E1174
HD-34857,J-2025-04203,10,material,2025-07-29 06:15:00,2025-07-29 10:00:00,E1172
HD-34858,J-2025-04161,10,material,2025-07-29 06:27:00,2025-07-30 10:00:00,E1169
HD-34859,J-2025-04181,20,tooling,2025-07-29 13:25:00,2025-07-30 10:55:00,E1166
HD-34860,J-2025-04177,30,quality,2025-07-29 16:38:00,2025-07-31 02:10:00,E1164
HD-34861,J-2025-04212,10,material,2025-07-30 06:18:00,2025-08-04 10:00:00,E1169
HD-34862,J-2025-04118,10,quality,2025-07-30 07:18:00,2025-07-31 21:08:00,E1175
HD-34863,J-2025-04158,50,engineering,2025-07-30 07:25:00,2025-07-30 20:54:00,E1175
HD-34864,J-2025-04200,30,customer,2025-07-30 10:18:00,2025-08-04 02:18:00,E1166
HD-34865,J-2025-04154,40,customer,2025-07-30 16:15:00,2025-08-04 22:28:00,E1175
HD-34866,J-2025-04251,10,engineering,2025-07-31 06:13:00,2025-08-04 02:58:00,E1169
HD-34867,J-2025-04054,80,customer,2025-07-31 09:46:00,2025-08-05 11:19:00,E1169
HD-34868,J-2025-04151,60,tooling,2025-07-31 13:26:00,2025-08-01 00:39:00,E1169
HD-34869,J-2025-04262,10,material,2025-08-01 06:00:00,2025-08-01 10:00:00,E1164
HD-34870,J-2025-03981,50,quality,2025-08-01 06:17:00,2025-08-01 19:52:00,E1174
HD-34871,J-2025-04254,10,material,2025-08-01 06:21:00,2025-08-01 10:00:00,E1172
HD-34872,J-2025-04084,40,tooling,2025-08-01 07:18:00,2025-08-01 18:20:00,E1172
HD-34873,J-2025-04264,20,engineering,2025-08-01 10:21:00,2025-08-05 09:30:00,E1175
HD-34874,J-2025-04208,30,quality,2025-08-01 12:42:00,2025-08-04 21:36:00,E1175
HD-34875,J-2025-04201,40,material,2025-08-01 12:56:00,2025-08-04 01:46:00,E1172
HD-34876,J-2025-04232,40,other,2025-08-01 13:19:00,2025-08-01 21:47:00,E1164
HD-34877,J-2025-04237,30,other,2025-08-01 13:23:00,2025-08-05 08:25:00,E1175
HD-34878,J-2025-03981,50,quality,2025-08-01 19:52:00,2025-08-04 08:34:00,E1172
HD-34879,J-2025-04288,10,material,2025-08-04 06:03:00,2025-08-04 10:00:00,E1172
HD-34880,J-2025-04285,10,customer,2025-08-04 06:24:00,2025-08-06 21:52:00,E1175
HD-34881,J-2025-04166,40,customer,2025-08-04 13:16:00,2025-08-08 08:04:00,E1164
HD-34882,J-2025-04212,20,engineering,2025-08-04 19:57:00,2025-08-05 08:04:00,E1174
HD-34883,J-2025-04345,10,material,2025-08-05 06:05:00,2025-08-08 10:00:00,E1172
HD-34884,J-2025-04315,10,material,2025-08-05 06:05:00,2025-08-06 10:00:00,E1174
HD-34885,J-2025-04320,10,other,2025-08-05 06:09:00,2025-08-05 10:00:00,E1172
HD-34886,J-2025-04318,10,tooling,2025-08-05 06:16:00,2025-08-05 16:21:00,E1166
HD-34887,J-2025-04301,10,material,2025-08-05 06:19:00,2025-08-06 10:00:00,E1175
HD-34888,J-2025-04307,10,material,2025-08-05 06:22:00,2025-08-07 10:00:00,E1166
HD-34889,J-2025-04308,10,other,2025-08-05 06:26:00,2025-08-07 10:00:00,E1175
HD-34890,J-2025-04341,10,other,2025-08-05 06:26:00,2025-08-08 10:00:00,E1175
HD-34891,J-2025-04048,50,engineering,2025-08-05 09:49:00,2025-08-06 08:11:00,E1174
HD-34892,J-2025-04159,70,quality,2025-08-05 13:18:00,2025-08-05 19:41:00,E1174
HD-34893,J-2025-04264,30,quality,2025-08-05 15:00:00,2025-08-06 13:29:00,E1169
HD-34894,J-2025-04368,10,material,2025-08-06 06:08:00,2025-08-07 10:00:00,E1172
HD-34895,J-2025-04357,10,material,2025-08-06 06:12:00,2025-08-08 10:00:00,E1166
HD-34896,J-2025-04366,10,engineering,2025-08-06 06:12:00,2025-08-07 13:50:00,E1175
HD-34897,J-2025-04363,10,material,2025-08-06 06:18:00,2025-08-06 10:00:00,E1166
HD-34898,J-2025-04387,10,material,2025-08-07 06:00:00,2025-08-07 10:00:00,E1172
HD-34899,J-2025-04379,10,material,2025-08-07 06:15:00,2025-08-18 10:00:00,E1175
HD-34900,J-2025-04203,90,engineering,2025-08-07 10:17:00,2025-08-07 22:39:00,E1164
HD-34901,J-2025-04332,40,quality,2025-08-07 11:21:00,2025-08-08 09:01:00,E1172
HD-34902,J-2025-04244,60,other,2025-08-07 13:25:00,2025-08-08 02:35:00,E1172
HD-34903,J-2025-04366,10,customer,2025-08-07 13:50:00,2025-08-11 00:32:00,E1166
HD-34904,J-2025-04142,70,other,2025-08-07 16:31:00,2025-08-08 08:30:00,E1169
HD-34905,J-2025-04415,10,material,2025-08-08 06:12:00,2025-08-14 10:00:00,E1172
HD-34906,J-2025-04414,10,material,2025-08-08 06:13:00,2025-08-08 10:00:00,E1169
HD-34907,J-2025-04413,10,engineering,2025-08-08 06:20:00,2025-08-11 03:28:00,E1172
HD-34908,J-2025-04403,10,material,2025-08-08 06:22:00,2025-08-11 10:00:00,E1172
HD-34909,J-2025-04391,10,material,2025-08-08 06:30:00,2025-08-11 10:00:00,E1174
HD-34910,J-2025-04355,40,quality,2025-08-08 07:47:00,2025-08-11 08:49:00,E1175
HD-34911,J-2025-04332,40,quality,2025-08-08 09:01:00,2025-08-13 03:09:00,E1175
HD-34912,J-2025-04170,40,other,2025-08-08 09:54:00,2025-08-11 00:44:00,E1172
HD-34913,J-2025-04013,70,other,2025-08-08 13:25:00,2025-08-11 06:16:00,E1175
HD-34914,J-2025-04424,10,engineering,2025-08-11 06:11:00,2025-08-12 09:04:00,E1164
HD-34915,J-2025-04426,10,other,2025-08-11 06:17:00,2025-08-14 10:00:00,E1166
HD-34916,J-2025-04433,10,material,2025-08-11 06:22:00,2025-08-13 10:00:00,E1175
HD-34917,J-2025-04277,60,other,2025-08-11 10:24:00,2025-08-11 21:23:00,E1175
HD-34918,J-2025-04482,10,other,2025-08-12 06:00:00,2025-08-12 10:00:00,E1172
HD-34919,J-2025-04447,10,quality,2025-08-12 06:05:00,2025-08-12 10:00:00,E1169
HD-34920,J-2025-04456,10,material,2025-08-12 06:06:00,2025-08-12 10:00:00,E1174
HD-34921,J-2025-04445,10,material,2025-08-12 06:12:00,2025-08-13 10:00:00,E1169
HD-34922,J-2025-04469,10,engineering,2025-08-12 06:16:00,2025-08-13 08:13:00,E1172
HD-34923,J-2025-04479,10,material,2025-08-12 06:21:00,2025-08-13 10:00:00,E1175
HD-34924,J-2025-04298,90,tooling,2025-08-12 09:42:00,2025-08-12 23:48:00,E1169
HD-34925,J-2025-04276,10,quality,2025-08-12 11:55:00,2025-08-13 09:32:00,E1169
HD-34926,J-2025-04265,20,engineering,2025-08-12 13:00:00,2025-08-13 18:40:00,E1166
HD-34927,J-2025-04276,10,material,2025-08-13 09:32:00,2025-08-15 21:14:00,E1164
HD-34928,J-2025-04345,50,engineering,2025-08-13 09:43:00,2025-08-14 11:36:00,E1164
HD-34929,J-2025-04369,40,quality,2025-08-13 10:05:00,2025-08-14 21:39:00,E1164
HD-34930,J-2025-04293,10,quality,2025-08-13 14:31:00,2025-08-14 07:10:00,E1169
HD-34931,J-2025-04436,10,quality,2025-08-13 20:46:00,2025-08-15 14:10:00,E1164
HD-34932,J-2025-04518,10,material,2025-08-14 06:19:00,2025-08-15 10:00:00,E1174
HD-34933,J-2025-04293,10,quality,2025-08-14 07:10:00,2025-08-18 13:40:00,E1175
HD-34934,J-2025-04389,30,quality,2025-08-14 08:20:00,2025-08-14 23:59:00,E1166
HD-34935,J-2025-04363,50,tooling,2025-08-14 16:31:00,2025-08-15 13:52:00,E1174
HD-34936,J-2025-04468,40,other,2025-08-14 16:46:00,2025-08-15 08:35:00,E1174
HD-34937,J-2025-04397,40,quality,2025-08-14 20:02:00,2025-08-15 13:48:00,E1174
HD-34938,J-2025-04369,40,quality,2025-08-14 21:39:00,2025-08-18 18:16:00,E1169
HD-34939,J-2025-04527,10,material,2025-08-15 06:04:00,2025-08-15 10:00:00,E1164
HD-34940,J-2025-04382,40,quality,2025-08-15 07:17:00,2025-08-19 01:51:00,E1172
HD-34941,J-2025-04436,10,quality,2025-08-15 14:10:00,2025-08-19 19:42:00,E1169
HD-34942,J-2025-04356,40,engineering,2025-08-15 16:52:00,2025-08-19 10:02:00,E1164
HD-34943,J-2025-04318,20,material,2025-08-15 18:33:00,2025-08-18 19:21:00,E1166
HD-34944,J-2025-04553,10,material,2025-08-18 06:02:00,2025-08-18 10:00:00,E1174
HD-34945,J-2025-04547,10,engineering,2025-08-18 06:02:00,2025-08-19 09:19:00,E1166
HD-34946,J-2025-04568,10,material,2025-08-18 06:20:00,2025-08-19 10:00:00,E1175
HD-34947,J-2025-04481,30,quality,2025-08-18 06:47:00,2025-08-19 12:25:00,E1172
HD-34948,J-2025-04444,20,other,2025-08-18 07:14:00,2025-08-19 00:55:00,E1169
HD-34949,J-2025-04318,20,quality,2025-08-18 19:21:00,2025-08-20 02:19:00,E1174
HD-34950,J-2025-04367,20,customer,2025-08-18 19:42:00,2025-08-22 18:51:00,E1174
HD-34951,J-2025-04541,20,quality,2025-08-19 00:25:00,2025-08-19 10:11:00,E1164
HD-34952,J-2025-04590,10,material,2025-08-19 06:01:00,2025-08-19 10:00:00,E1175
HD-34953,J-2025-04594,10,material,2025-08-19 06:01:00,2025-08-27 10:00:00,E1164
HD-34954,J-2025-04614,10,material,2025-08-19 06:04:00,2025-08-26 10:00:00,E1174
HD-34955,J-2025-04584,10,engineering,2025-08-19 06:19:00,2025-08-20 12:55:00,E1175
HD-34956,J-2025-04597,10,material,2025-08-19 06:21:00,2025-09-02 10:00:00,E1169
HD-34957,J-2025-04589,10,customer,2025-08-19 06:23:00,2025-08-21 18:53:00,E1169
HD-34958,J-2025-04604,10,material,2025-08-19 06:25:00,2025-08-21 10:00:00,E1169
HD-34959,J-2025-04492,50,quality,2025-08-19 07:51:00,2025-08-20 16:01:00,E1164
HD-34960,J-2025-04546,30,customer,2025-08-19 10:02:00,2025-08-21 14:45:00,E1169
HD-34961,J-2025-04283,50,tooling,2025-08-19 10:14:00,2025-08-20 04:29:00,E1166
HD-34962,J-2025-04593,30,tooling,2025-08-19 13:04:00,2025-08-19 21:13:00,E1166
HD-34963,J-2025-04609,20,quality,2025-08-19 13:33:00,2025-08-20 01:43:00,E1166
HD-34964,J-2025-04572,40,quality,2025-08-19 20:12:00,2025-08-20 17:32:00,E1175
HD-34965,J-2025-04609,20,quality,2025-08-20 01:43:00,2025-08-21 02:44:00,E1166
HD-34966,J-2025-04622,10,material,2025-08-20 06:09:00,2025-08-20 10:00:00,E1172
HD-34967,J-2025-04637,10,engineering,2025-08-20 06:12:00,2025-08-20 10:00:00,E1174
HD-34968,J-2025-04619,10,material,2025-08-20 06:27:00,2025-08-22 10:00:00,E1169
HD-34969,J-2025-04616,20,engineering,2025-08-20 10:00:00,2025-08-21 20:13:00,E1164
HD-34970,J-2025-04579,30,engineering,2025-08-20 12:56:00,2025-08-21 21:55:00,E1175
HD-34971,J-2025-04492,50,quality,2025-08-20 16:01:00,2025-08-25 04:48:00,E1169
HD-34972,J-2025-04610,40,quality,2025-08-20 20:12:00,2025-08-21 09:13:00,E1172
HD-34973,J-2025-04657,10,material,2025-08-21 06:05:00,2025-08-21 10:00:00,E1169
HD-34974,J-2025-04663,10,engineering,2025-08-21 06:13:00,2025-08-22 23:20:00,E1164
HD-34975,J-2025-04593,40,quality,2025-08-21 06:17:00,2025-08-22 02:10:00,E1172
HD-34976,J-2025-04648,10,material,2025-08-21 06:26:00,2025-08-29 10:00:00,E1175
HD-34977,J-2025-04632,30,engineering,2025-08-21 10:09:00,2025-08-22 19:55:00,E1174
HD-34978,J-2025-04541,60,other,2025-08-21 10:16:00,2025-08-27 05:35:00,E1164
HD-34979,J-2025-04622,20,other,2025-08-21 16:41:00,2025-08-21 22:56:00,E1174
HD-34980,J-2025-04593,40,quality,2025-08-22 02:10:00,2025-08-25 14:16:00,E1174
HD-34981,J-2025-04679,10,other,2025-08-22 06:00:00,2025-08-22 20:49:00,E1172
HD-34982,J-2025-04685,10,material,2025-08-22 06:06:00,2025-08-22 10:00:00,E1172
HD-34983,J-2025-04671,10,material,2025-08-22 06:22:00,2025-09-04 10:00:00,E1166
HD-34984,J-2025-04669,10,material,2025-08-22 06:27:00,2025-09-05 10:00:00,E1166
HD-34985,J-2025-04368,30,quality,2025-08-22 07:05:00,2025-08-25 14:22:00,E1164
HD-34986,J-2025-04595,40,quality,2025-08-22 08:51:00,2025-08-25 11:02:00,E1166
HD-34987,J-2025-04471,40,engineering,2025-08-22 09:52:00,2025-08-25 00:23:00,E1172
HD-34988,J-2025-04653,40,other,2025-08-22 10:19:00,2025-08-22 20:32:00,E1174
HD-34989,J-2025-04599,50,quality,2025-08-22 12:40:00,2025-08-26 02:48:00,E1169
HD-34990,J-2025-04383,20,material,2025-08-22 12:45:00,2025-08-22 20:21:00,E1166
HD-34991,J-2025-04623,40,other,2025-08-22 16:43:00,2025-08-25 08:11:00,E1166
HD-34992,J-2025-04706,10,material,2025-08-25 06:11:00,2025-08-25 23:04:00,E1174
HD-34993,J-2025-04691,10,material,2025-08-25 06:18:00,2025-08-25 10:00:00,E1166
HD-34994,J-2025-04682,30,tooling,2025-08-25 09:55:00,2025-08-25 16:49:00,E1175
HD-34995,J-2025-04707,20,other,2025-08-25 10:01:00,2025-08-26 09:21:00,E1175
HD-34996,J-2025-04556,30,quality,2025-08-25 10:13:00,2025-08-27 03:26:00,E1166
HD-34997,J-2025-04595,40,quality,2025-08-25 11:02:00,2025-08-27 18:52:00,E1172
HD-34998,J-2025-04752,10,engineering,2025-08-26 06:01:00,2025-08-27 11:01:00,E1172
HD-34999,J-2025-04753,10,material,2025-08-26 06:03:00,2025-08-26 10:00:00,E1169
HD-35000,J-2025-04758,10,material,2025-08-26 06:04:00,2025-09-02 10:00:00,E1175
HD-35001,J-2025-04710,10,material,2025-08-26 06:18:00,2025-08-26 10:00:00,E1164
HD-35002,J-2025-04739,10,material,2025-08-26 06:18:00,2025-09-05 10:00:00,E1169
HD-35003,J-2025-04764,10,engineering,2025-08-26 06:20:00,2025-08-27 18:20:00,E1172
HD-35004,J-2025-04743,10,material,2025-08-26 06:23:00,2025-08-27 10:00:00,E1172
HD-35005,J-2025-04750,10,material,2025-08-26 06:26:00,2025-09-08 10:00:00,E1175
HD-35006,J-2025-04734,10,material,2025-08-26 06:27:00,2025-08-27 10:00:00,E1172
HD-35007,J-2025-04383,40,quality,2025-08-26 06:33:00,2025-08-27 05:12:00,E1169
HD-35008,J-2025-04682,40,quality,2025-08-26 09:45:00,2025-08-27 19:16:00,E1169
HD-35009,J-2025-04694,30,quality,2025-08-26 10:05:00,2025-08-28 09:33:00,E1166
HD-35010,J-2025-04699,40,quality,2025-08-26 16:37:00,2025-08-27 07:00:00,E1174
HD-35011,J-2025-04723,10,material,2025-08-27 02:32:00,2025-08-28 10:00:00,E1169
HD-35012,J-2025-04383,40,quality,2025-08-27 05:12:00,2025-08-29 01:36:00,E1166
HD-35013,J-2025-04215,40,tooling,2025-08-27 06:08:00,2025-08-28 09:03:00,E1169
HD-35014,J-2025-04794,10,material,2025-08-27 06:10:00,2025-09-05 10:00:00,E1166
HD-35015,J-2025-04776,10,material,2025-08-27 06:16:00,2025-08-27 10:00:00,E1166
HD-35016,J-2025-04788,10,material,2025-08-27 06:26:00,2025-08-27 10:00:00,E1166
HD-35017,J-2025-04696,40,quality,2025-08-27 09:19:00,2025-08-29 05:51:00,E1164
HD-35018,J-2025-04395,50,customer,2025-08-27 13:25:00,2025-08-29 21:23:00,E1166
HD-35019,J-2025-04764,10,quality,2025-08-27 18:20:00,2025-09-09 10:00:00,E1166
HD-35020,J-2025-04807,10,quality,2025-08-28 06:00:00,2025-09-02 10:00:00,E1172
HD-35021,J-2025-04803,10,material,2025-08-28 06:08:00,2025-09-05 10:00:00,E1175
HD-35022,J-2025-04773,40,quality,2025-08-28 07:12:00,2025-08-29 10:19:00,E1172
HD-35023,J-2025-04532,30,customer,2025-08-28 07:17:00,2025-09-03 19:39:00,E1164
HD-35024,J-2025-04215,40,quality,2025-08-28 09:03:00,2025-08-29 01:44:00,E1172
HD-35025,J-2025-04694,30,quality,2025-08-28 09:33:00,2025-08-29 22:43:00,E1175
HD-35026,J-2025-04820,20,quality,2025-08-28 09:54:00,2025-09-02 02:55:00,E1169
HD-35027,J-2025-04734,30,other,2025-08-28 10:12:00,2025-08-28 21:55:00,E1172
HD-35028,J-2025-04685,20,tooling,2025-08-28 10:24:00,2025-08-29 08:23:00,E1175
HD-35029,J-2025-04833,10,other,2025-08-29 06:06:00,2025-09-04 10:00:00,E1164
HD-35030,J-2025-04831,10,material,2025-08-29 06:13:00,2025-08-29 10:00:00,E1166
HD-35031,J-2025-04836,10,material,2025-08-29 06:19:00,2025-08-29 10:00:00,E1174
HD-35032,J-2025-04862,10,material,2025-08-29 06:19:00,2025-09-12 10:00:00,E1175
HD-35033,J-2025-04790,50,engineering,2025-08-29 10:03:00,2025-09-02 02:05:00,E1174
HD-35034,J-2025-04773,40,quality,2025-08-29 10:19:00,2025-09-03 07:07:00,E1164
HD-35035,J-2025-04715,60,engineering,2025-08-29 10:22:00,2025-09-02 16:46:00,E1174
HD-35036,J-2025-04723,40,quality,2025-08-29 19:56:00,2025-09-03 03:09:00,E1172
HD-35037,J-2025-04820,20,quality,2025-09-02 02:55:00,2025-09-02 14:06:00,E1166
HD-35038,J-2025-04688,40,quality,2025-09-02 08:15:00,2025-09-03 03:48:00,E1164
HD-35039,J-2025-04474,70,customer,2025-09-02 10:15:00,2025-09-02 21:42:00,E1174
HD-35040,J-2025-04779,20,quality,2025-09-02 11:02:00,2025-09-03 02:24:00,E1174
HD-35041,J-2025-04808,40,quality,2025-09-02 12:42:00,2025-09-03 00:57:00,E1164
HD-35042,J-2025-04816,40,quality,2025-09-02 13:21:00,2025-09-03 12:30:00,E1175
HD-35043,J-2025-04879,10,quality,2025-09-03 08:45:00,2025-09-04 00:27:00,E1166
HD-35044,J-2025-04648,30,quality,2025-09-03 11:24:00,2025-09-04 02:33:00,E1169
HD-35045,J-2025-04728,40,quality,2025-09-03 12:52:00,2025-09-04 20:44:00,E1172
HD-35046,J-2025-04899,30,customer,2025-09-03 13:03:00,2025-09-05 18:42:00,E1169
HD-35047,J-2025-04744,40,quality,2025-09-03 13:53:00,2025-09-05 23:57:00,E1172
HD-35048,J-2025-04652,60,other,2025-09-03 16:34:00,2025-09-04 18:41:00,E1174
HD-35049,J-2025-04648,30,quality,2025-09-04 02:33:00,2025-09-04 10:36:00,E1169
HD-35050,J-2025-04952,10,quality,2025-09-04 06:25:00,2025-09-05 10:00:00,E1166
HD-35051,J-2025-04957,10,material,2025-09-04 06:27:00,2025-09-04 10:00:00,E1175
HD-35052,J-2025-04955,10,material,2025-09-04 06:28:00,2025-09-04 10:00:00,E1169
HD-35053,J-2025-04818,30,quality,2025-09-04 07:12:00,2025-09-04 12:12:00,E1164
HD-35054,J-2025-04931,20,quality,2025-09-04 08:18:00,2025-09-04 22:10:00,E1164
HD-35055,J-2025-04947,10,quality,2025-09-04 08:48:00,2025-09-08 02:58:00,E1172
HD-35056,J-2025-04914,10,quality,2025-09-04 10:01:00,2025-09-05 16:34:00,E1164
HD-35057,J-2025-04942,20,other,2025-09-04 10:03:00,2025-09-05 07:59:00,E1164
HD-35058,J-2025-04477,50,tooling,2025-09-04 13:09:00,2025-09-04 19:45:00,E1164
HD-35059,J-2025-04833,20,engineering,2025-09-04 20:25:00,2025-09-05 18:23:00,E1169
HD-35060,J-2025-04978,10,material,2025-09-05 06:10:00,2025-09-05 10:00:00,E1172
HD-35061,J-2025-04967,10,material,2025-09-05 06:14:00,2025-09-05 10:00:00,E1175
HD-35062,J-2025-04970,10,material,2025-09-05 06:14:00,2025-09-05 10:00:00,E1169
HD-35063,J-2025-04984,10,material,2025-09-05 06:17:00,2025-09-09 10:00:00,E1174
HD-35064,J-2025-04975,10,material,2025-09-05 06:20:00,2025-09-09 10:00:00,E1172
HD-35065,J-2025-04968,10,customer,2025-09-05 06:26:00,2025-09-10 10:49:00,E1164
HD-35066,J-2025-04938,30,tooling,2025-09-05 07:28:00,2025-09-08 04:27:00,E1175
HD-35067,J-2025-04906,50,tooling,2025-09-05 10:15:00,2025-09-10 02:28:00,E1175
HD-35068,J-2025-04884,20,other,2025-09-05 10:20:00,2025-09-08 05:04:00,E1164
HD-35069,J-2025-04905,40,quality,2025-09-05 10:24:00,2025-09-08 01:53:00,E1174
HD-35070,J-2025-04955,30,engineering,2025-09-05 13:21:00,2025-09-08 10:32:00,E1169
HD-35071,J-2025-04914,10,quality,2025-09-05 16:34:00,2025-09-09 07:25:00,E1166
HD-35072,J-2025-04931,40,quality,2025-09-05 19:58:00,2025-09-08 20:33:00,E1174
HD-35073,J-2025-04947,10,quality,2025-09-08 02:58:00,2025-09-08 18:15:00,E1175
HD-35074,J-2025-05005,10,material,2025-09-08 06:03:00,2025-09-17 10:00:00,E1174
HD-35075,J-2025-05011,10,material,2025-09-08 06:17:00,2025-09-16 10:00:00,E1172
HD-35076,J-2025-04934,20,other,2025-09-08 06:54:00,2025-09-09 04:57:00,E1175
HD-35077,J-2025-04985,50,engineering,2025-09-08 07:17:00,2025-09-09 12:52:00,E1164
HD-35078,J-2025-04942,30,quality,2025-09-08 07:23:00,2025-09-10 05:40:00,E1169
HD-35079,J-2025-04821,30,quality,2025-09-08 10:02:00,2025-09-09 08:11:00,E1175
HD-35080,J-2025-04898,30,other,2025-09-08 13:28:00,2025-09-09 12:50:00,E1166
HD-35081,J-2025-04794,40,customer,2025-09-08 16:19:00,2025-09-12 14:57:00,E1172
HD-35082,J-2025-04321,40,other,2025-09-08 16:28:00,2025-09-09 02:53:00,E1172
HD-35083,J-2025-05065,10,material,2025-09-09 06:04:00,2025-09-11 10:00:00,E1174
HD-35084,J-2025-05023,10,material,2025-09-09 06:04:00,2025-09-12 10:00:00,E1175
HD-35085,J-2025-05056,10,material,2025-09-09 06:13:00,2025-09-12 10:00:00,E1164
HD-35086,J-2025-05020,10,engineering,2025-09-09 06:15:00,2025-09-11 03:20:00,E1174
HD-35087,J-2025-05070,10,material,2025-09-09 06:24:00,2025-09-09 10:00:00,E1164
HD-35088,J-2025-05058,10,material,2025-09-09 06:25:00,2025-09-17 10:00:00,E1164
HD-35089,J-2025-05067,10,material,2025-09-09 06:30:00,2025-09-12 10:00:00,E1166
HD-35090,J-2025-04886,60,customer,2025-09-09 07:28:00,2025-09-10 15:17:00,E1175
HD-35091,J-2025-04914,20,engineering,2025-09-09 09:48:00,2025-09-11 09:12:00,E1166
HD-35092,J-2025-04930,40,tooling,2025-09-09 13:19:00,2025-09-10 11:54:00,E1172
HD-35093,J-2025-05042,20,engineering,2025-09-09 20:21:00,2025-09-10 08:35:00,E1166
HD-35094,J-2025-04942,30,quality,2025-09-10 05:40:00,2025-09-11 00:12:00,E1175
HD-35095,J-2025-05087,10,engineering,2025-09-10 06:07:00,2025-09-11 20:53:00,E1175
HD-35096,J-2025-05089,10,material,2025-09-10 06:14:00,2025-09-15 10:00:00,E1166
HD-35097,J-2025-05077,10,material,2025-09-10 06:14:00,2025-09-10 10:00:00,E1175
HD-35098,J-2025-05093,10,material,2025-09-10 06:20:00,2025-09-17 10:00:00,E1166
HD-35099,J-2025-05095,10,tooling,2025-09-10 06:26:00,2025-09-10 10:00:00,E1164
HD-35100,J-2025-04988,40,engineering,2025-09-10 10:17:00,2025-09-11 13:25:00,E1164
HD-35101,J-2025-05048,20,engineering,2025-09-10 12:43:00,2025-09-11 06:33:00,E1169
HD-35102,J-2025-04898,40,quality,2025-09-10 16:14:00,2025-09-11 08:02:00,E1175
HD-35103,J-2025-05096,20,other,2025-09-10 16:22:00,2025-09-11 07:00:00,E1175
HD-35104,J-2025-04924,40,quality,2025-09-10 16:26:00,2025-09-11 21:19:00,E1175
HD-35105,J-2025-05039,30,quality,2025-09-10 19:50:00,2025-09-11 22:17:00,E1172
HD-35106,J-2025-05100,10,material,2025-09-11 06:06:00,2025-09-15 10:00:00,E1172
HD-35107,J-2025-05103,10,material,2025-09-11 06:10:00,2025-09-11 10:00:00,E1174
HD-35108,J-2025-05117,10,material,2025-09-11 06:21:00,2025-09-11 10:00:00,E1166
HD-35109,J-2025-05111,10,material,2025-09-11 06:26:00,2025-09-11 10:00:00,E1174
HD-35110,J-2025-05113,40,quality,2025-09-11 19:46:00,2025-09-12 08:01:00,E1169
HD-35111,J-2025-05039,30,customer,2025-09-11 22:17:00,2025-09-15 16:22:00,E1172
HD-35112,J-2025-05149,10,material,2025-09-12 06:01:00,2025-09-15 10:00:00,E1175
HD-35113,J-2025-05154,10,material,2025-09-12 06:02:00,2025-09-22 10:00:00,E1175
HD-35114,J-2025-05153,10,tooling,2025-09-12 06:08:00,2025-09-12 15:36:00,E1164
HD-35115,J-2025-05123,10,material,2025-09-12 06:16:00,2025-09-12 10:00:00,E1169
HD-35116,J-2025-05135,10,material,2025-09-12 06:16:00,2025-09-15 10:00:00,E1172
HD-35117,J-2025-05144,10,engineering,2025-09-12 06:26:00,2025-09-15 13:23:00,E1174
HD-35118,J-2025-04884,50,customer,2025-09-12 06:55:00,2025-09-18 06:21:00,E1175
HD-35119,J-2025-05079,30,other,2025-09-12 13:17:00,2025-09-15 02:07:00,E1172
HD-35120,J-2025-05018,70,engineering,2025-09-12 13:24:00,2025-09-15 10:13:00,E1175
HD-35121,J-2025-05050,30,quality,2025-09-12 13:25:00,2025-09-15 23:02:00,E1169
HD-35122,J-2025-05161,10,quality,2025-09-15 06:09:00,2025-09-17 10:00:00,E1164
HD-35123,J-2025-05172,10,material,2025-09-15 06:10:00,2025-09-16 10:00:00,E1174
HD-35124,J-2025-05175,10,material,2025-09-15 06:14:00,2025-09-17 10:00:00,E1174
HD-35125,J-2025-05171,10,material,2025-09-15 06:17:00,2025-09-15 10:00:00,E1169
HD-35126,J-2025-05174,10,material,2025-09-15 06:24:00,2025-09-15 10:00:00,E1172
HD-35127,J-2025-05033,20,material,2025-09-15 09:45:00,2025-09-16 02:00:00,E1164
HD-35128,J-2025-05165,20,engineering,2025-09-15 10:01:00,2025-09-16 20:06:00,E1169
HD-35129,J-2025-05017,40,quality,2025-09-15 13:04:00,2025-09-16 03:42:00,E1164
HD-35130,J-2025-05131,20,quality,2025-09-15 13:53:00,2025-09-16 14:17:00,E1166
HD-35131,J-2025-05117,30,quality,2025-09-15 20:09:00,2025-09-17 04:30:00,E1166
HD-35132,J-2025-05205,10,material,2025-09-16 06:01:00,2025-09-17 10:00:00,E1169
HD-35133,J-2025-05222,10,material,2025-09-16 06:15:00,2025-09-16 10:00:00,E1164
HD-35134,J-2025-05220,10,material,2025-09-16 06:25:00,2025-09-19 10:00:00,E1175
HD-35135,J-2025-05191,10,engineering,2025-09-16 06:25:00,2025-09-16 19:13:00,E1174
HD-35136,J-2025-05143,40,other,2025-09-16 07:24:00,2025-09-17 05:52:00,E1175
HD-35137,J-2025-05147,20,quality,2025-09-16 09:52:00,2025-09-16 17:04:00,E1174
HD-35138,J-2025-05181,20,engineering,2025-09-16 13:17:00,2025-09-18 04:57:00,E1166
HD-35139,J-2025-05168,50,tooling,2025-09-16 13:22:00,2025-09-17 02:04:00,E1166
HD-35140,J-2025-05250,10,material,2025-09-17 06:12:00,2025-09-17 10:00:00,E1164
HD-35141,J-2025-05261,10,engineering,2025-09-17 06:23:00,2025-09-17 10:00:00,E1166
HD-35142,J-2025-05025,50,other,2025-09-17 10:12:00,2025-09-17 22:01:00,E1166
HD-35143,J-2025-05039,60,engineering,2025-09-17 10:23:00,2025-09-18 17:57:00,E1169
HD-35144,J-2025-05093,10,quality,2025-09-17 11:38:00,2025-09-18 12:21:00,E1166
HD-35145,J-2025-05165,30,quality,2025-09-17 12:53:00,2025-09-18 04:55:00,E1166
HD-35146,J-2025-04850,70,other,2025-09-17 13:18:00,2025-09-17 20:32:00,E1164
HD-35147,J-2025-05033,40,other,2025-09-17 16:24:00,2025-09-18 10:40:00,E1166
HD-35148,J-2025-05074,50,customer,2025-09-17 16:51:00,2025-09-22 13:47:00,E1174
HD-35149,J-2025-05278,10,material,2025-09-18 06:27:00,2025-09-18 10:00:00,E1166
HD-35150,J-2025-05058,20,quality,2025-09-18 06:47:00,2025-09-19 09:25:00,E1166
HD-35151,J-2025-05159,50,other,2025-09-18 10:08:00,2025-09-19 09:23:00,E1172
HD-35152,J-2025-05258,30,other,2025-09-18 10:11:00,2025-09-19 07:24:00,E1174
HD-35153,J-2025-05269,20,engineering,2025-09-18 10:26:00,2025-09-19 12:08:00,E1174
HD-35154,J-2025-05093,10,quality,2025-09-18 12:21:00,2025-09-22 14:50:00,E1175
HD-35155,J-2025-05304,10,other,2025-09-19 06:17:00,2025-09-19 10:00:00,E1169
HD-35156,J-2025-05058,20,quality,2025-09-19 09:25:00,2025-09-22 23:27:00,E1164
HD-35157,J-2025-05013,40,engineering,2025-09-19 09:51:00,2025-09-22 14:47:00,E1174
HD-35158,J-2025-05123,50,customer,2025-09-19 10:15:00,2025-09-23 15:13:00,E1164
HD-35159,J-2025-05194,40,engineering,2025-09-19 13:06:00,2025-09-23 03:16:00,E1166
HD-35160,J-2025-05318,10,material,2025-09-22 06:02:00,2025-09-30 10:00:00,E1164
HD-35161,J-2025-05315,10,material,2025-09-22 06:06:00,2025-09-29 10:00:00,E1169
HD-35162,J-2025-05316,10,material,2025-09-22 06:09:00,2025-09-23 10:00:00,E1172
HD-35163,J-2025-05333,10,material,2025-09-22 06:12:00,2025-10-02 10:00:00,E1166
HD-35164,J-2025-05322,10,material,2025-09-22 06:17:00,2025-09-22 10:00:00,E1164
HD-35165,J-2025-05309,10,quality,2025-09-22 06:25:00,2025-09-22 10:00:00,E1172
HD-35166,J-2025-05005,50,quality,2025-09-22 09:29:00,2025-09-23 18:19:00,E1164
HD-35167,J-2025-04908,60,other,2025-09-22 10:19:00,2025-09-23 04:29:00,E1172
HD-35168,J-2025-04877,70,tooling,2025-09-22 12:51:00,2025-09-23 06:25:00,E1166
HD-35169,J-2025-05228,20,customer,2025-09-22 13:18:00,2025-09-23 09:30:00,E1174
HD-35170,J-2025-05117,30,quality,2025-09-23 02:02:00,2025-09-24 20:22:00,E1164
HD-35171,J-2025-05383,10,material,2025-09-23 06:01:00,2025-09-23 10:00:00,E1172
HD-35172,J-2025-05387,10,material,2025-09-23 06:06:00,2025-09-25 10:00:00,E1169
HD-35173,J-2025-05360,10,material,2025-09-23 06:07:00,2025-09-26 10:00:00,E1175
HD-35174,J-2025-05368,10,engineering,2025-09-23 06:11:00,2025-09-24 02:48:00,E1166
HD-35175,J-2025-05391,10,material,2025-09-23 06:17:00,2025-09-24 10:00:00,E1166
HD-35176,J-2025-05353,10,material,2025-09-23 06:25:00,2025-09-23 10:00:00,E1164
HD-35177,J-2025-05367,20,customer,2025-09-23 10:10:00,2025-09-24 14:44:00,E1172
HD-35178,J-2025-05058,40,quality,2025-09-23 10:29:00,2025-09-24 02:45:00,E1166
HD-35179,J-2025-05187,30,tooling,2025-09-23 12:53:00,2025-09-24 09:43:00,E1172
HD-35180,J-2025-05346,20,engineering,2025-09-23 13:24:00,2025-09-25 00:07:00,E1164
HD-35181,J-2025-05320,40,customer,2025-09-23 16:42:00,2025-09-25 10:03:00,E1166
HD-35182,J-2025-05005,50,quality,2025-09-23 18:19:00,2025-09-24 05:45:00,E1172
HD-35183,J-2025-05420,10,material,2025-09-24 06:14:00,2025-09-25 10:00:00,E1169
HD-35184,J-2025-05392,40,tooling,2025-09-24 06:55:00,2025-09-25 04:16:00,E1166
HD-35185,J-2025-05384,50,engineering,2025-09-24 10:00:00,2025-09-25 07:34:00,E1164
HD-35186,J-2025-05266,60,engineering,2025-09-24 13:02:00,2025-09-25 22:48:00,E1169
HD-35187,J-2025-05275,30,customer,2025-09-24 13:20:00,2025-09-25 14:12:00,E1172
HD-35188,J-2025-05300,40,customer,2025-09-24 20:05:00,2025-09-26 00:52:00,E1169
HD-35189,J-2025-05442,10,other,2025-09-25 06:28:00,2025-09-25 13:01:00,E1174
HD-35190,J-2025-05447,10,material,2025-09-25 06:29:00,2025-09-30 10:00:00,E1164
HD-35191,J-2025-05383,50,other,2025-09-25 10:11:00,2025-09-25 22:12:00,E1166
HD-35192,J-2025-05440,20,material,2025-09-25 16:51:00,2025-09-26 13:33:00,E1174
HD-35193,J-2025-05474,10,customer,2025-09-26 06:11:00,2025-09-29 14:22:00,E1174
HD-35194,J-2025-05485,10,material,2025-09-26 06:23:00,2025-09-29 10:00:00,E1175
HD-35195,J-2025-05455,10,quality,2025-09-26 06:28:00,2025-09-30 10:00:00,E1166
HD-35196,J-2025-05467,10,material,2025-09-26 06:29:00,2025-09-29 10:00:00,E1169
HD-35197,J-2025-05320,50,tooling,2025-09-26 10:09:00,2025-09-26 19:09:00,E1172
HD-35198,J-2025-05228,40,quality,2025-09-26 10:29:00,2025-09-30 09:35:00,E1174
HD-35199,J-2025-05368,40,tooling,2025-09-26 13:00:00,2025-09-29 03:55:00,E1166
HD-35200,J-2025-05461,10,quality,2025-09-26 15:11:00,2025-09-29 11:05:00,E1169
HD-35201,J-2025-05486,10,material,2025-09-29 06:27:00,2025-09-29 10:00:00,E1172
HD-35202,J-2025-05513,10,material,2025-09-29 06:27:00,2025-09-30 10:00:00,E1174
HD-35203,J-2025-05505,10,material,2025-09-29 06:28:00,2025-10-01 10:00:00,E1175
HD-35204,J-2025-05305,40,quality,2025-09-29 07:07:00,2025-09-30 20:23:00,E1174
HD-35205,J-2025-05461,10,quality,2025-09-29 11:05:00,2025-09-30 14:21:00,E1175
HD-35206,J-2025-05444,20,quality,2025-09-29 12:16:00,2025-10-01 18:11:00,E1164
HD-35207,J-2025-05406,50,customer,2025-09-29 13:09:00,2025-10-03 04:26:00,E1174
HD-35208,J-2025-05411,40,quality,2025-09-29 20:05:00,2025-09-30 22:51:00,E1175
HD-35209,J-2025-05536,10,material,2025-09-30 06:02:00,2025-09-30 10:00:00,E1172
HD-35210,J-2025-05538,10,tooling,2025-09-30 06:02:00,2025-10-01 04:26:00,E1164
HD-35211,J-2025-05554,10,material,2025-09-30 06:03:00,2025-10-10 10:00:00,E1174
HD-35212,J-2025-05548,10,material,2025-09-30 06:03:00,2025-09-30 10:00:00,E1164
HD-35213,J-2025-05520,10,material,2025-09-30 06:04:00,2025-09-30 10:00:00,E1175
HD-35214,J-2025-05524,10,material,2025-09-30 06:06:00,2025-09-30 10:00:00,E1172
HD-35215,J-2025-05574,10,material,2025-09-30 06:11:00,2025-09-30 10:00:00,E1169
HD-35216,J-2025-05546,10,quality,2025-09-30 06:17:00,2025-09-30 10:00:00,E1174
HD-35217,J-2025-05580,10,engineering,2025-09-30 06:23:00,2025-09-30 10:00:00,E1169
HD-35218,J-2025-04990,80,material,2025-09-30 07:14:00,2025-09-30 14:58:00,E1175
HD-35219,J-2025-05398,60,tooling,2025-09-30 10:09:00,2025-10-01 02:12:00,E1175
HD-35220,J-2025-05305,40,quality,2025-09-30 20:23:00,2025-10-01 10:35:00,E1166
HD-35221,J-2025-05597,10,engineering,2025-10-01 06:17:00,2025-10-03 03:26:00,E1169
HD-35222,J-2025-05599,10,customer,2025-10-01 06:25:00,2025-10-06 10:00:00,E1166
HD-35223,J-2025-05601,10,tooling,2025-10-01 06:27:00,2025-10-02 01:12:00,E1175
HD-35224,J-2025-05354,40,quality,2025-10-01 08:15:00,2025-10-02 01:28:00,E1164
HD-35225,J-2025-05347,60,engineering,2025-10-01 09:48:00,2025-10-02 19:11:00,E1172
HD-35226,J-2025-05536,30,customer,2025-10-01 12:58:00,2025-10-03 14:41:00,E1164
HD-35227,J-2025-05498,30,quality,2025-10-01 13:28:00,2025-10-02 14:58:00,E1164
HD-35228,J-2025-05191,40,quality,2025-10-02 05:10:00,2025-10-06 04:01:00,E1174
HD-35229,J-2025-05622,10,material,2025-10-02 06:14:00,2025-10-06 10:00:00,E1175
HD-35230,J-2025-05625,10,material,2025-10-02 06:15:00,2025-10-09 10:00:00,E1175
HD-35231,J-2025-05606,10,material,2025-10-02 06:18:00,2025-10-13 10:00:00,E1175
HD-35232,J-2025-05189,40,engineering,2025-10-02 07:16:00,2025-10-03 14:07:00,E1175
HD-35233,J-2025-05602,30,other,2025-10-02 10:24:00,2025-10-02 18:45:00,E1169
HD-35234,J-2025-05506,40,customer,2025-10-02 13:04:00,2025-10-06 23:05:00,E1174
HD-35235,J-2025-05526,70,engineering,2025-10-02 16:34:00,2025-10-06 10:18:00,E1169
HD-35236,J-2025-05534,50,engineering,2025-10-02 20:25:00,2025-10-03 22:59:00,E1174
HD-35237,J-2025-05569,50,quality,2025-10-02 23:38:00,2025-10-06 23:19:00,E1174
HD-35238,J-2025-05646,10,material,2025-10-03 06:12:00,2025-10-03 10:00:00,E1169
HD-35239,J-2025-05649,10,material,2025-10-03 06:28:00,2025-10-07 10:00:00,E1166
HD-35240,J-2025-05608,40,quality,2025-10-03 07:11:00,2025-10-06 00:04:00,E1164
HD-35241,J-2025-05360,40,quality,2025-10-03 07:50:00,2025-10-06 07:35:00,E1169
HD-35242,J-2025-05404,50,customer,2025-10-03 09:44:00,2025-10-06 17:58:00,E1164
HD-35243,J-2025-05557,30,quality,2025-10-03 09:54:00,2025-10-06 17:32:00,E1172
HD-35244,J-2025-05607,30,customer,2025-10-03 10:12:00,2025-10-09 01:39:00,E1164
HD-35245,J-2025-05527,30,quality,2025-10-03 12:28:00,2025-10-03 21:21:00,E1169
HD-35246,J-2025-05626,40,other,2025-10-03 20:06:00,2025-10-06 05:27:00,E1172
HD-35247,J-2025-05682,10,customer,2025-10-06 06:01:00,2025-10-07 11:41:00,E1169
HD-35248,J-2025-05643,20,engineering,2025-10-06 07:00:00,2025-10-07 13:52:00,E1172
HD-35249,J-2025-05457,30,quality,2025-10-06 07:24:00,2025-10-07 21:21:00,E1174
HD-35250,J-2025-05360,40,customer,2025-10-06 07:35:00,2025-10-06 13:59:00,E1172
HD-35251,J-2025-05533,50,quality,2025-10-06 07:48:00,2025-10-07 06:12:00,E1174
HD-35252,J-2025-05675,20,customer,2025-10-06 09:43:00,2025-10-08 19:56:00,E1172
HD-35253,J-2025-05481,30,engineering,2025-10-06 09:48:00,2025-10-07 05:22:00,E1174
HD-35254,J-2025-05474,30,engineering,2025-10-06 10:12:00,2025-10-07 22:14:00,E1175
HD-35255,J-2025-05613,30,quality,2025-10-06 12:24:00,2025-10-08 09:53:00,E1164
HD-35256,J-2025-05508,20,other,2025-10-06 12:56:00,2025-10-07 04:43:00,E1166
HD-35257,J-2025-05445,40,engineering,2025-10-06 13:16:00,2025-10-08 08:03:00,E1175
HD-35258,J-2025-05644,30,customer,2025-10-06 13:19:00,2025-10-08 03:35:00,E1174
HD-35259,J-2025-05728,10,material,2025-10-07 06:09:00,2025-10-07 10:00:00,E1172
HD-35260,J-2025-05533,50,quality,2025-10-07 06:12:00,2025-10-09 09:11:00,E1172
HD-35261,J-2025-05736,10,material,2025-10-07 06:16:00,2025-10-08 10:00:00,E1174
HD-35262,J-2025-05703,10,quality,2025-10-07 06:19:00,2025-10-08 21:52:00,E1174
HD-35263,J-2025-05646,40,tooling,2025-10-07 07:19:00,2025-10-07 16:45:00,E1164
HD-35264,J-2025-05604,30,engineering,2025-10-07 07:30:00,2025-10-08 06:43:00,E1172
HD-35265,J-2025-05636,40,tooling,2025-10-07 10:08:00,2025-10-08 01:18:00,E1169
HD-35266,J-2025-05683,30,engineering,2025-10-07 16:33:00,2025-10-09 11:21:00,E1169
HD-35267,J-2025-05755,10,material,2025-10-08 06:00:00,2025-10-13 10:00:00,E1169
HD-35268,J-2025-05758,10,engineering,2025-10-08 06:13:00,2025-10-09 16:13:00,E1166
HD-35269,J-2025-05738,10,material,2025-10-08 06:14:00,2025-10-08 10:00:00,E1166
HD-35270,J-2025-05661,40,quality,2025-10-08 06:37:00,2025-10-09 01:26:00,E1164
HD-35271,J-2025-05613,30,quality,2025-10-08 09:53:00,2025-10-10 11:41:00,E1164
HD-35272,J-2025-05392,60,quality,2025-10-08 10:34:00,2025-10-09 00:05:00,E1175
HD-35273,J-2025-05685,20,quality,2025-10-08 18:27:00,2025-10-09 21:03:00,E1175
HD-35274,J-2025-05716,30,customer,2025-10-08 21:46:00,2025-10-10 21:17:00,E1172
HD-35275,J-2025-05777,10,material,2025-10-09 06:09:00,2025-10-09 10:00:00,E1175
HD-35276,J-2025-05779,10,material,2025-10-09 06:17:00,2025-10-09 10:00:00,E1164
HD-35277,J-2025-05292,80,customer,2025-10-09 09:56:00,2025-10-14 09:28:00,E1174
HD-35278,J-2025-05760,10,engineering,2025-10-09 11:16:00,2025-10-10 10:00:00,E1175
HD-35279,J-2025-05683,30,tooling,2025-10-09 11:21:00,2025-10-10 04:15:00,E1169
HD-35280,J-2025-05781,20,tooling,2025-10-09 12:45:00,2025-10-10 11:22:00,E1169
HD-35281,J-2025-05780,30,other,2025-10-09 13:12:00,2025-10-10 12:59:00,E1175
HD-35282,J-2025-05736,40,customer,2025-10-09 16:18:00,2025-10-13 19:08:00,E1169
HD-35283,J-2025-05777,20,engineering,2025-10-09 16:25:00,2025-10-13 02:04:00,E1174
HD-35284,J-2025-05362,30,engineering,2025-10-09 16:26:00,2025-10-10 12:15:00,E1172
HD-35285,J-2025-05683,30,quality,2025-10-10 04:15:00,2025-10-10 20:47:00,E1175
HD-35286,J-2025-05801,10,material,2025-10-10 06:18:00,2025-10-14 10:00:00,E1169
HD-35287,J-2025-05810,10,material,2025-10-10 06:20:00,2025-10-22 10:00:00,E1166
HD-35288,J-2025-05812,10,other,2025-10-10 06:25:00,2025-10-10 10:00:00,E1172
HD-35289,J-2025-05483,30,engineering,2025-10-10 06:53:00,2025-10-13 17:49:00,E1172
HD-35290,J-2025-05804,20,engineering,2025-10-10 09:57:00,2025-10-13 13:06:00,E1175
HD-35291,J-2025-05238,40,tooling,2025-10-10 10:22:00,2025-10-10 19:38:00,E1164
HD-35292,J-2025-05381,30,quality,2025-10-10 13:39:00,2025-10-13 02:05:00,E1164
HD-35293,J-2025-05716,30,quality,2025-10-10 21:17:00,2025-10-15 21:10:00,E1164
HD-35294,J-2025-05381,30,quality,2025-10-13 02:05:00,2025-10-14 11:26:00,E1166
HD-35295,J-2025-05826,10,quality,2025-10-13 06:05:00,2025-10-15 10:00:00,E1164
HD-35296,J-2025-05820,10,material,2025-10-13 06:15:00,2025-10-14 10:00:00,E1164
HD-35297,J-2025-05563,50,tooling,2025-10-13 06:47:00,2025-10-14 01:43:00,E1169
HD-35298,J-2025-05794,30,engineering,2025-10-13 10:09:00,2025-10-13 21:00:00,E1172
HD-35299,J-2025-05749,40,quality,2025-10-13 12:27:00,2025-10-14 07:39:00,E1166
HD-35300,J-2025-05755,20,customer,2025-10-13 19:49:00,2025-10-17 13:58:00,E1169
HD-35301,J-2025-05842,10,customer,2025-10-14 06:07:00,2025-10-16 21:05:00,E1164
HD-35302,J-2025-05884,10,material,2025-10-14 06:08:00,2025-10-14 10:00:00,E1169
HD-35303,J-2025-05854,10,material,2025-10-14 06:09:00,2025-10-16 10:00:00,E1164
HD-35304,J-2025-05833,10,material,2025-10-14 06:11:00,2025-10-14 10:00:00,E1166
HD-35305,J-2025-05879,10,material,2025-10-14 06:11:00,2025-10-23 10:00:00,E1174
HD-35306,J-2025-05867,10,material,2025-10-14 06:12:00,2025-10-15 10:00:00,E1172
HD-35307,J-2025-05841,10,quality,2025-10-14 06:14:00,2025-10-27 10:00:00,E1172
HD-35308,J-2025-05882,10,engineering,2025-10-14 06:24:00,2025-10-14 10:00:00,E1172
HD-35309,J-2025-05889,10,material,2025-10-14 06:30:00,2025-10-14 10:00:00,E1174
HD-35310,J-2025-05727,30,other,2025-10-14 07:07:00,2025-10-15 00:42:00,E1175
HD-35311,J-2025-05630,40,other,2025-10-14 12:48:00,2025-10-15 05:28:00,E1169
HD-35312,J-2025-05500,40,quality,2025-10-14 16:44:00,2025-10-16 02:40:00,E1164
HD-35313,J-2025-05904,10,material,2025-10-15 06:04:00,2025-10-27 10:00:00,E1169
HD-35314,J-2025-05926,10,material,2025-10-15 06:06:00,2025-10-15 10:00:00,E1172
HD-35315,J-2025-05912,10,material,2025-10-15 06:10:00,2025-10-17 10:00:00,E1166
HD-35316,J-2025-05923,10,material,2025-10-15 06:11:00,2025-10-16 10:00:00,E1164
HD-35317,J-2025-05930,10,material,2025-10-15 06:15:00,2025-10-20 10:00:00,E1174
HD-35318,J-2025-05887,30,tooling,2025-10-15 09:48:00,2025-10-16 07:06:00,E1174
HD-35319,J-2025-05772,40,engineering,2025-10-15 09:52:00,2025-10-15 22:38:00,E1164
HD-35320,J-2025-05350,40,customer,2025-10-15 10:00:00,2025-10-17 07:31:00,E1164
HD-35321,J-2025-05715,40,tooling,2025-10-15 10:23:00,2025-10-16 00:10:00,E1175
HD-35322,J-2025-05774,30,tooling,2025-10-15 13:19:00,2025-10-16 09:11:00,E1169
HD-35323,J-2025-05835,30,other,2025-10-15 13:26:00,2025-10-16 08:28:00,E1175
HD-35324,J-2025-05675,30,engineering,2025-10-15 15:11:00,2025-10-15 21:45:00,E1164
HD-35325,J-2025-05863,10,other,2025-10-16 05:38:00,2025-10-16 18:02:00,E1174
HD-35326,J-2025-05914,30,quality,2025-10-16 07:03:00,2025-10-17 12:09:00,E1164
HD-35327,J-2025-05509,30,quality,2025-10-16 08:47:00,2025-10-20 01:58:00,E1175
HD-35328,J-2025-05807,50,quality,2025-10-16 08:53:00,2025-10-17 02:53:00,E1174
HD-35329,J-2025-05896,30,quality,2025-10-16 09:44:00,2025-10-20 18:54:00,E1166
HD-35330,J-2025-05889,30,other,2025-10-16 09:56:00,2025-10-17 20:33:00,E1172
HD-35331,J-2025-05779,50,other,2025-10-16 10:21:00,2025-10-16 19:05:00,E1169
HD-35332,J-2025-05967,10,customer,2025-10-17 06:17:00,2025-10-22 01:09:00,E1175
HD-35333,J-2025-05774,40,quality,2025-10-17 06:34:00,2025-10-20 12:19:00,E1175
HD-35334,J-2025-05839,30,quality,2025-10-17 06:56:00,2025-10-20 14:58:00,E1164
HD-35335,J-2025-05892,30,quality,2025-10-17 08:34:00,2025-10-20 16:16:00,E1172
HD-35336,J-2025-05934,40,engineering,2025-10-17 16:28:00,2025-10-21 16:12:00,E1174
HD-35337,J-2025-05928,20,quality,2025-10-17 19:56:00,2025-10-20 10:00:00,E1174
HD-35338,J-2025-05509,30,quality,2025-10-20 01:58:00,2025-10-22 08:45:00,E1169
HD-35339,J-2025-05991,10,material,2025-10-20 06:23:00,2025-10-27 10:00:00,E1164
HD-35340,J-2025-05988,10,material,2025-10-20 06:30:00,2025-10-20 10:00:00,E1169
HD-35341,J-2025-05477,40,quality,2025-10-20 08:43:00,2025-10-21 08:07:00,E1172
HD-35342,J-2025-05971,30,engineering,2025-10-20 10:01:00,2025-10-22 03:32:00,E1172
HD-35343,J-2025-05792,40,quality,2025-10-20 16:29:00,2025-10-21 08:15:00,E1166
HD-35344,J-2025-05466,40,engineering,2025-10-20 16:46:00,2025-10-22 04:17:00,E1164
HD-35345,J-2025-05928,40,engineering,2025-10-20 16:50:00,2025-10-22 11:31:00,E1174
HD-35346,J-2025-06052,10,material,2025-10-21 06:01:00,2025-10-21 10:00:00,E1175
HD-35347,J-2025-06050,10,material,2025-10-21 06:04:00,2025-10-21 10:00:00,E1172
HD-35348,J-2025-06008,10,material,2025-10-21 06:07:00,2025-10-21 10:00:00,E1164
HD-35349,J-2025-06020,10,material,2025-10-21 06:13:00,2025-10-22 10:00:00,E1164
HD-35350,J-2025-06039,10,engineering,2025-10-21 06:18:00,2025-10-23 06:05:00,E1166
HD-35351,J-2025-06027,10,customer,2025-10-21 06:22:00,2025-10-23 18:15:00,E1175
HD-35352,J-2025-06029,10,material,2025-10-21 06:23:00,2025-10-23 10:00:00,E1175
HD-35353,J-2025-06038,10,material,2025-10-21 06:29:00,2025-11-03 10:00:00,E1166
HD-35354,J-2025-05896,50,engineering,2025-10-21 07:20:00,2025-10-22 21:02:00,E1166
HD-35355,J-2025-05477,40,quality,2025-10-21 08:07:00,2025-10-23 04:09:00,E1172
HD-35356,J-2025-05918,40,quality,2025-10-21 13:01:00,2025-10-22 13:48:00,E1166
HD-35357,J-2025-05939,60,customer,2025-10-21 13:20:00,2025-10-23 11:16:00,E1172
HD-35358,J-2025-05763,30,quality,2025-10-22 04:37:00,2025-10-22 10:04:00,E1172
HD-35359,J-2025-06079,10,material,2025-10-22 06:01:00,2025-10-22 10:00:00,E1164
HD-35360,J-2025-06067,10,material,2025-10-22 06:04:00,2025-10-31 10:00:00,E1169
HD-35361,J-2025-06074,10,material,2025-10-22 06:18:00,2025-10-22 10:00:00,E1172
HD-35362,J-2025-05581,80,tooling,2025-10-22 09:54:00,2025-10-23 01:16:00,E1164
HD-35363,J-2025-05851,50,engineering,2025-10-22 13:04:00,2025-10-23 04:59:00,E1174
HD-35364,J-2025-05901,40,engineering,2025-10-22 13:06:00,2025-10-23 04:14:00,E1174
HD-35365,J-2025-06112,10,tooling,2025-10-23 06:02:00,2025-10-23 17:07:00,E1164
HD-35366,J-2025-06039,10,other,2025-10-23 06:05:00,2025-10-24 03:31:00,E1166
HD-35367,J-2025-06106,10,material,2025-10-23 06:08:00,2025-10-23 10:00:00,E1174
HD-35368,J-2025-06097,10,customer,2025-10-23 06:16:00,2025-10-23 14:57:00,E1175
HD-35369,J-2025-06108,10,material,2025-10-23 06:27:00,2025-10-28 10:00:00,E1174
HD-35370,J-2025-06097,10,material,2025-10-23 14:57:00,2025-10-31 10:00:00,E1166
HD-35371,J-2025-06112,10,material,2025-10-23 17:07:00,2025-10-30 10:00:00,E1172
HD-35372,J-2025-06065,50,other,2025-10-23 19:50:00,2025-10-24 05:48:00,E1174
HD-35373,J-2025-06042,40,quality,2025-10-23 20:29:00,2025-10-24 09:44:00,E1164
HD-35374,J-2025-06123,10,material,2025-10-24 06:04:00,2025-10-24 10:00:00,E1166
HD-35375,J-2025-06118,10,engineering,2025-10-24 06:11:00,2025-10-27 23:59:00,E1164
HD-35376,J-2025-06128,10,material,2025-10-24 06:21:00,2025-10-27 10:00:00,E1175
HD-35377,J-2025-06020,40,tooling,2025-10-24 07:26:00,2025-10-24 18:16:00,E1174
HD-35378,J-2025-05967,10,quality,2025-10-24 08:19:00,2025-10-29 07:01:00,E1174
HD-35379,J-2025-06036,40,other,2025-10-24 09:57:00,2025-10-27 02:04:00,E1166
HD-35380,J-2025-06120,20,customer,2025-10-24 10:23:00,2025-10-27 17:54:00,E1174
HD-35381,J-2025-06089,20,quality,2025-10-24 10:42:00,2025-10-27 04:22:00,E1175
HD-35382,J-2025-06081,50,customer,2025-10-24 12:54:00,2025-10-28 01:23:00,E1169
HD-35383,J-2025-05518,80,engineering,2025-10-24 13:02:00,2025-10-27 21:12:00,E1166
HD-35384,J-2025-06008,70,customer,2025-10-24 13:08:00,2025-10-29 07:19:00,E1164
HD-35385,J-2025-06089,20,quality,2025-10-27 04:22:00,2025-10-27 17:43:00,E1172
HD-35386,J-2025-06160,10,material,2025-10-27 06:06:00,2025-11-04 10:00:00,E1174
HD-35387,J-2025-06153,20,engineering,2025-10-27 10:13:00,2025-10-29 01:17:00,E1175
HD-35388,J-2025-06039,40,customer,2025-10-27 16:55:00,2025-10-29 05:06:00,E1164
HD-35389,J-2025-06149,20,engineering,2025-10-27 19:58:00,2025-10-29 13:04:00,E1164
HD-35390,J-2025-06177,10,material,2025-10-28 06:02:00,2025-10-28 10:00:00,E1164
HD-35391,J-2025-06195,10,material,2025-10-28 06:09:00,2025-10-29 10:00:00,E1175
HD-35392,J-2025-06206,10,material,2025-10-28 06:11:00,2025-11-07 10:00:00,E1169
HD-35393,J-2025-06176,10,material,2025-10-28 06:19:00,2025-10-28 10:00:00,E1174
HD-35394,J-2025-06120,30,other,2025-10-28 06:59:00,2025-10-28 23:21:00,E1164
HD-35395,J-2025-06199,10,quality,2025-10-28 11:04:00,2025-10-30 12:50:00,E1169
HD-35396,J-2025-06219,10,material,2025-10-29 06:11:00,2025-10-29 10:00:00,E1175
HD-35397,J-2025-06231,10,material,2025-10-29 06:15:00,2025-10-29 10:00:00,E1174
HD-35398,J-2025-06216,10,material,2025-10-29 06:28:00,2025-11-03 10:00:00,E1174
HD-35399,J-2025-06108,20,quality,2025-10-29 06:49:00,2025-10-29 18:23:00,E1164
HD-35400,J-2025-06181,20,customer,2025-10-29 10:01:00,2025-10-31 01:57:00,E1172
HD-35401,J-2025-06156,60,tooling,2025-10-29 10:06:00,2025-10-30 10:01:00,E1166
HD-35402,J-2025-06135,40,customer,2025-10-29 10:23:00,2025-11-04 07:24:00,E1174
HD-35403,J-2025-06066,40,engineering,2025-10-29 13:03:00,2025-10-31 14:15:00,E1175
HD-35404,J-2025-06183,30,quality,2025-10-29 13:38:00,2025-10-29 18:54:00,E1164
HD-35405,J-2025-06193,40,quality,2025-10-29 20:11:00,2025-10-30 05:43:00,E1172
HD-35406,J-2025-06184,20,engineering,2025-10-29 20:19:00,2025-10-31 08:57:00,E1172
HD-35407,J-2025-06259,10,material,2025-10-30 06:01:00,2025-10-31 10:00:00,E1172
HD-35408,J-2025-06241,10,material,2025-10-30 06:07:00,2025-11-03 10:00:00,E1172
HD-35409,J-2025-06239,10,material,2025-10-30 06:13:00,2025-10-30 10:00:00,E1174
HD-35410,J-2025-06253,10,material,2025-10-30 06:16:00,2025-10-30 10:00:00,E1172
HD-35411,J-2025-06243,10,quality,2025-10-30 10:47:00,2025-10-30 23:56:00,E1172
HD-35412,J-2025-06128,60,customer,2025-10-30 12:52:00,2025-11-04 22:52:00,E1166
HD-35413,J-2025-05965,70,tooling,2025-10-30 13:23:00,2025-10-31 09:43:00,E1172
HD-35414,J-2025-06138,70,customer,2025-10-30 13:29:00,2025-10-31 22:31:00,E1175
HD-35415,J-2025-06222,40,other,2025-10-30 16:51:00,2025-10-31 14:40:00,E1166
HD-35416,J-2025-05879,30,other,2025-10-30 19:20:00,2025-11-04 07:02:00,E1175
HD-35417,J-2025-06278,10,material,2025-10-31 06:13:00,2025-11-03 10:00:00,E1174
HD-35418,J-2025-06277,10,customer,2025-10-31 06:23:00,2025-11-04 10:56:00,E1166
HD-35419,J-2025-06265,10,quality,2025-10-31 07:34:00,2025-11-03 02:23:00,E1166
HD-35420,J-2025-06207,50,tooling,2025-10-31 09:55:00,2025-11-03 06:49:00,E1174
HD-35421,J-2025-06285,20,quality,2025-10-31 10:37:00,2025-11-04 11:39:00,E1172
HD-35422,J-2025-06249,30,tooling,2025-10-31 13:02:00,2025-11-03 01:05:00,E1175
HD-35423,J-2025-06265,10,other,2025-11-03 02:23:00,2025-11-05 06:49:00,E1174
HD-35424,J-2025-06299,10,customer,2025-11-03 06:09:00,2025-11-06 10:00:00,E1169
HD-35425,J-2025-06297,10,material,2025-11-03 06:26:00,2025-11-03 10:00:00,E1172
HD-35426,J-2025-06272,50,engineering,2025-11-03 07:15:00,2025-11-03 23:31:00,E1169
HD-35427,J-2025-06279,30,quality,2025-11-03 07:50:00,2025-11-04 17:51:00,E1169
HD-35428,J-2025-06330,20,tooling,2025-11-03 10:15:00,2025-11-04 00:19:00,E1164
HD-35429,J-2025-06281,40,quality,2025-11-03 12:47:00,2025-11-04 14:49:00,E1172
HD-35430,J-2025-06288,40,customer,2025-11-03 12:49:00,2025-11-04 08:09:00,E1169
HD-35431,J-2025-06270,30,customer,2025-11-03 13:25:00,2025-11-04 14:02:00,E1169
HD-35432,J-2025-06172,20,quality,2025-11-03 15:29:00,2025-11-05 23:40:00,E1175
HD-35433,J-2025-06385,10,material,2025-11-04 06:01:00,2025-11-04 10:00:00,E1169
HD-35434,J-2025-06342,10,material,2025-11-04 06:03:00,2025-11-04 10:00:00,E1174
HD-35435,J-2025-06349,10,tooling,2025-11-04 06:06:00,2025-11-04 20:44:00,E1172
HD-35436,J-2025-06378,10,material,2025-11-04 06:14:00,2025-11-04 10:00:00,E1172
HD-35437,J-2025-06336,10,material,2025-11-04 06:15:00,2025-11-04 10:00:00,E1175
HD-35438,J-2025-06387,10,material,2025-11-04 06:27:00,2025-11-06 10:00:00,E1166
HD-35439,J-2025-06361,10,engineering,2025-11-04 06:28:00,2025-11-05 18:25:00,E1166
HD-35440,J-2025-06354,20,other,2025-11-04 10:18:00,2025-11-04 19:53:00,E1172
HD-35441,J-2025-06277,10,material,2025-11-04 10:56:00,2025-11-12 10:00:00,E1174
HD-35442,J-2025-06241,30,engineering,2025-11-04 13:21:00,2025-11-06 09:21:00,E1175
HD-35443,J-2025-06279,30,quality,2025-11-04 17:51:00,2025-11-05 06:21:00,E1166
HD-35444,J-2025-06349,10,material,2025-11-04 20:44:00,2025-11-05 10:00:00,E1169
HD-35445,J-2025-06408,10,tooling,2025-11-05 06:05:00,2025-11-06 21:44:00,E1175
HD-35446,J-2025-06396,10,material,2025-11-05 06:11:00,2025-11-07 10:00:00,E1174
HD-35447,J-2025-06411,10,material,2025-11-05 06:21:00,2025-11-12 10:00:00,E1166
HD-35448,J-2025-06301,40,quality,2025-11-05 09:21:00,2025-11-07 01:06:00,E1169
HD-35449,J-2025-06385,40,engineering,2025-11-05 10:12:00,2025-11-06 22:13:00,E1174
HD-35450,J-2025-06208,30,engineering,2025-11-05 10:13:00,2025-11-06 18:01:00,E1174
HD-35451,J-2025-06255,50,engineering,2025-11-05 12:49:00,2025-11-06 00:59:00,E1174
HD-35452,J-2025-06278,40,quality,2025-11-05 12:54:00,2025-11-06 23:26:00,E1172
HD-35453,J-2025-06395,20,quality,2025-11-05 13:30:00,2025-11-06 20:35:00,E1164
HD-35454,J-2025-06181,40,quality,2025-11-05 16:59:00,2025-11-06 08:50:00,E1169
HD-35455,J-2025-06432,10,material,2025-11-06 06:01:00,2025-11-06 10:00:00,E1174
HD-35456,J-2025-06427,10,material,2025-11-06 06:08:00,2025-11-06 10:00:00,E1174
HD-35457,J-2025-06421,10,engineering,2025-11-06 06:20:00,2025-11-07 19:11:00,E1175
HD-35458,J-2025-06435,10,material,2025-11-06 06:25:00,2025-11-13 10:00:00,E1174
HD-35459,J-2025-06378,30,quality,2025-11-06 06:44:00,2025-11-07 05:12:00,E1164
HD-35460,J-2025-06393,30,quality,2025-11-06 07:41:00,2025-11-10 01:45:00,E1164
HD-35461,J-2025-06440,20,customer,2025-11-06 12:51:00,2025-11-11 05:52:00,E1166
HD-35462,J-2025-06444,10,customer,2025-11-07 06:01:00,2025-11-14 10:00:00,E1172
HD-35463,J-2025-06450,10,material,2025-11-07 06:08:00,2025-11-07 10:00:00,E1175
HD-35464,J-2025-06461,10,quality,2025-11-07 06:15:00,2025-11-07 10:00:00,E1164
HD-35465,J-2025-06466,10,engineering,2025-11-07 06:22:00,2025-11-10 11:02:00,E1166
HD-35466,J-2025-06422,40,tooling,2025-11-07 10:17:00,2025-11-10 06:00:00,E1174
HD-35467,J-2025-06373,60,engineering,2025-11-07 10:28:00,2025-11-07 23:40:00,E1172
HD-35468,J-2025-06342,50,other,2025-11-07 13:03:00,2025-11-07 21:48:00,E1175
HD-35469,J-2025-06393,30,engineering,2025-11-10 01:45:00,2025-11-12 22:26:00,E1169
HD-35470,J-2025-06340,10,quality,2025-11-10 05:27:00,2025-11-10 20:43:00,E1175
HD-35471,J-2025-06474,10,material,2025-11-10 06:00:00,2025-11-10 10:00:00,E1172
HD-35472,J-2025-06481,10,material,2025-11-10 06:01:00,2025-11-10 10:00:00,E1164
HD-35473,J-2025-06487,10,material,2025-11-10 06:06:00,2025-11-11 10:00:00,E1164
HD-35474,J-2025-06471,10,material,2025-11-10 06:07:00,2025-11-12 10:00:00,E1172
HD-35475,J-2025-06480,10,engineering,2025-11-10 06:17:00,2025-11-11 19:15:00,E1175
HD-35476,J-2025-06356,80,tooling,2025-11-10 07:02:00,2025-11-11 00:02:00,E1174
HD-35477,J-2025-06326,40,tooling,2025-11-10 07:29:00,2025-11-11 15:54:00,E1166
HD-35478,J-2025-06463,20,quality,2025-11-10 09:08:00,2025-11-13 05:02:00,E1172
HD-35479,J-2025-06396,30,other,2025-11-10 10:21:00,2025-11-10 22:57:00,E1174
HD-35480,J-2025-06359,50,other,2025-11-10 10:23:00,2025-11-10 18:24:00,E1172
HD-35481,J-2025-06405,30,material,2025-11-10 10:30:00,2025-11-12 10:44:00,E1166
HD-35482,J-2025-06476,30,engineering,2025-11-10 13:00:00,2025-11-11 21:43:00,E1172
HD-35483,J-2025-06212,20,customer,2025-11-10 13:06:00,2025-11-14 06:24:00,E1175
HD-35484,J-2025-06478,20,other,2025-11-10 13:12:00,2025-11-11 01:42:00,E1169
HD-35485,J-2025-06347,40,quality,2025-11-10 19:56:00,2025-11-12 03:54:00,E1166
HD-35486,J-2025-06537,10,customer,2025-11-11 06:04:00,2025-11-13 01:00:00,E1175
HD-35487,J-2025-06508,10,material,2025-11-11 06:06:00,2025-11-11 10:00:00,E1175
HD-35488,J-2025-06504,10,material,2025-11-11 06:08:00,2025-11-13 10:00:00,E1166
HD-35489,J-2025-06512,10,material,2025-11-11 06:10:00,2025-11-11 10:00:00,E1172
HD-35490,J-2025-06494,10,material,2025-11-11 06:26:00,2025-11-12 10:00:00,E1164
HD-35491,J-2025-06468,50,other,2025-11-11 10:23:00,2025-11-11 19:50:00,E1172
HD-35492,J-2025-06290,60,engineering,2025-11-11 12:46:00,2025-11-12 00:51:00,E1169
HD-35493,J-2025-06511,30,customer,2025-11-11 13:17:00,2025-11-14 00:30:00,E1164
HD-35494,J-2025-06251,40,engineering,2025-11-11 13:27:00,2025-11-12 17:38:00,E1169
HD-35495,J-2025-06326,40,quality,2025-11-11 15:54:00,2025-11-12 19:19:00,E1174
HD-35496,J-2025-06480,10,material,2025-11-11 19:15:00,2025-11-14 10:00:00,E1166
HD-35497,J-2025-06477,20,other,2025-11-11 20:13:00,2025-11-12 03:58:00,E1172
HD-35498,J-2025-06569,10,material,2025-11-12 06:16:00,2025-11-12 10:00:00,E1172
HD-35499,J-2025-06563,10,material,2025-11-12 06:27:00,2025-11-17 10:00:00,E1169
HD-35500,J-2025-06553,20,tooling,2025-11-12 10:23:00,2025-11-13 05:49:00,E1172
HD-35501,J-2025-06396,50,tooling,2025-11-12 13:22:00,2025-11-13 02:04:00,E1174
HD-35502,J-2025-06586,10,material,2025-11-13 06:28:00,2025-11-18 10:00:00,E1169
HD-35503,J-2025-06498,40,quality,2025-11-13 06:28:00,2025-11-14 19:21:00,E1175
HD-35504,J-2025-06575,10,material,2025-11-13 06:29:00,2025-11-13 10:00:00,E1175
HD-35505,J-2025-06366,40,quality,2025-11-13 07:29:00,2025-11-14 18:36:00,E1174
HD-35506,J-2025-06496,20,quality,2025-11-13 10:09:00,2025-11-14 16:05:00,E1174
HD-35507,J-2025-06598,20,tooling,2025-11-13 10:10:00,2025-11-14 02:26:00,E1172
HD-35508,J-2025-06251,40,quality,2025-11-13 10:22:00,2025-11-14 23:02:00,E1172
HD-35509,J-2025-06627,10,material,2025-11-14 06:03:00,2025-11-21 10:00:00,E1174
HD-35510,J-2025-06619,10,material,2025-11-14 06:11:00,2025-11-14 10:00:00,E1164
HD-35511,J-2025-06624,10,engineering,2025-11-14 06:24:00,2025-11-14 10:00:00,E1175
HD-35512,J-2025-06622,10,material,2025-11-14 06:25:00,2025-11-21 10:00:00,E1172
HD-35513,J-2025-06605,10,material,2025-11-14 06:28:00,2025-11-14 10:00:00,E1169
HD-35514,J-2025-06592,40,quality,2025-11-14 10:18:00,2025-11-17 16:01:00,E1175
HD-35515,J-2025-06556,30,other,2025-11-14 12:57:00,2025-11-17 02:39:00,E1164
HD-35516,J-2025-06366,40,quality,2025-11-14 18:36:00,2025-11-17 06:51:00,E1172
HD-35517,J-2025-06498,40,quality,2025-11-14 19:21:00,2025-11-17 11:02:00,E1166
HD-35518,J-2025-06501,40,quality,2025-11-14 22:08:00,2025-11-19 05:13:00,E1166
HD-35519,J-2025-06251,40,quality,2025-11-14 23:02:00,2025-11-18 13:09:00,E1169
HD-35520,J-2025-06657,10,other,2025-11-17 06:06:00,2025-12-04 10:00:00,E1175
HD-35521,J-2025-06277,50,engineering,2025-11-17 07:12:00,2025-11-17 20:56:00,E1175
HD-35522,J-2025-06697,10,tooling,2025-11-18 06:12:00,2025-11-21 10:00:00,E1174
HD-35523,J-2025-06700,10,quality,2025-11-18 06:17:00,2025-11-18 10:00:00,E1172
HD-35524,J-2025-06684,10,engineering,2025-11-18 06:18:00,2025-11-21 10:00:00,E1174
HD-35525,J-2025-06720,10,material,2025-11-18 06:22:00,2025-11-19 10:00:00,E1172
HD-35526,J-2025-06712,10,customer,2025-11-18 06:22:00,2025-11-20 05:16:00,E1174
HD-35527,J-2025-06668,10,material,2025-11-18 06:27:00,2025-11-20 10:00:00,E1166
HD-35528,J-2025-06680,10,material,2025-11-18 06:27:00,2025-12-02 10:00:00,E1169
HD-35529,J-2025-06715,10,material,2025-11-18 06:28:00,2025-11-19 10:00:00,E1172
HD-35530,J-2025-06666,10,quality,2025-11-18 07:07:00,2025-11-20 17:27:00,E1174
HD-35531,J-2025-06490,40,quality,2025-11-18 09:31:00,2025-11-19 19:48:00,E1174
HD-35532,J-2025-06747,10,material,2025-11-19 06:03:00,2025-11-19 10:00:00,E1174
HD-35533,J-2025-06739,10,customer,2025-11-19 06:06:00,2025-11-24 10:00:00,E1172
HD-35534,J-2025-06733,10,material,2025-11-19 06:12:00,2025-12-01 10:00:00,E1172
HD-35535,J-2025-06740,10,material,2025-11-19 06:13:00,2025-11-21 10:00:00,E1175
HD-35536,J-2025-06754,10,quality,2025-11-19 06:22:00,2025-12-04 10:00:00,E1172
HD-35537,J-2025-06730,10,material,2025-11-19 06:24:00,2025-12-03 10:00:00,E1175
HD-35538,J-2025-06632,40,other,2025-11-19 06:39:00,2025-11-20 06:17:00,E1175
HD-35539,J-2025-06551,40,quality,2025-11-19 07:05:00,2025-11-20 22:25:00,E1174
HD-35540,J-2025-06571,40,quality,2025-11-19 07:44:00,2025-11-20 02:57:00,E1166
HD-35541,J-2025-06675,30,engineering,2025-11-19 10:04:00,2025-11-20 10:06:00,E1169
HD-35542,J-2025-06751,10,quality,2025-11-19 12:44:00,2025-11-20 04:50:00,E1169
HD-35543,J-2025-06706,30,customer,2025-11-19 16:23:00,2025-11-24 01:14:00,E1174
HD-35544,J-2025-06678,50,customer,2025-11-19 16:28:00,2025-11-20 23:46:00,E1166
HD-35545,J-2025-06571,40,quality,2025-11-20 02:57:00,2025-11-24 03:46:00,E1166
HD-35546,J-2025-06776,10,material,2025-11-20 06:01:00,2025-11-20 10:00:00,E1175
HD-35547,J-2025-06758,10,material,2025-11-20 06:10:00,2025-11-21 10:00:00,E1164
HD-35548,J-2025-06762,10,material,2025-11-20 06:12:00,2025-11-26 10:00:00,E1175
HD-35549,J-2025-06778,10,material,2025-11-20 06:19:00,2025-11-24 10:00:00,E1175
HD-35550,J-2025-06780,10,material,2025-11-20 06:25:00,2025-11-21 10:00:00,E1169
HD-35551,J-2025-06742,40,quality,2025-11-20 08:51:00,2025-11-21 21:48:00,E1166
HD-35552,J-2025-06114,90,other,2025-11-20 12:52:00,2025-11-20 20:22:00,E1174
HD-35553,J-2025-06749,50,quality,2025-11-20 13:30:00,2025-11-21 15:57:00,E1174
HD-35554,J-2025-06705,40,other,2025-11-20 16:54:00,2025-11-24 03:05:00,E1174
HD-35555,J-2025-06788,10,material,2025-11-21 06:11:00,2025-12-02 10:00:00,E1175
HD-35556,J-2025-06792,10,engineering,2025-11-21 06:21:00,2025-11-21 20:49:00,E1164
HD-35557,J-2025-06787,10,material,2025-11-21 06:24:00,2025-11-24 10:00:00,E1175
HD-35558,J-2025-06655,40,quality,2025-11-21 07:24:00,2025-11-21 21:25:00,E1174
HD-35559,J-2025-06643,40,quality,2025-11-21 09:00:00,2025-11-25 20:58:00,E1166
HD-35560,J-2025-06664,40,engineering,2025-11-21 10:10:00,2025-11-24 22:44:00,E1174
HD-35561,J-2025-06600,40,engineering,2025-11-21 10:12:00,2025-11-25 04:44:00,E1172
HD-35562,J-2025-06749,50,quality,2025-11-21 15:57:00,2025-11-21 22:33:00,E1169
HD-35563,J-2025-06742,40,quality,2025-11-21 21:48:00,2025-11-26 07:38:00,E1164
HD-35564,J-2025-06756,20,quality,2025-11-21 22:47:00,2025-11-24 14:47:00,E1174
HD-35565,J-2025-06816,10,material,2025-11-24 06:30:00,2025-11-25 10:00:00,E1164
HD-35566,J-2025-06630,50,quality,2025-11-24 06:33:00,2025-11-25 07:51:00,E1172
HD-35567,J-2025-06704,40,quality,2025-11-24 10:33:00,2025-11-25 03:24:00,E1172
HD-35568,J-2025-06800,30,customer,2025-11-24 12:50:00,2025-11-26 05:26:00,E1164
HD-35569,J-2025-06570,40,quality,2025-11-24 12:51:00,2025-11-25 02:07:00,E1169
HD-35570,J-2025-06716,40,engineering,2025-11-24 13:13:00,2025-11-25 04:17:00,E1166
HD-35571,J-2025-06705,50,tooling,2025-11-24 13:19:00,2025-11-25 06:43:00,E1166
HD-35572,J-2025-06882,10,material,2025-11-25 06:04:00,2025-11-26 10:00:00,E1164
HD-35573,J-2025-06895,10,material,2025-11-25 06:04:00,2025-12-09 10:00:00,E1166
HD-35574,J-2025-06897,10,material,2025-11-25 06:10:00,2025-11-25 10:00:00,E1166
HD-35575,J-2025-06872,10,material,2025-11-25 06:18:00,2025-11-25 10:00:00,E1166
HD-35576,J-2025-06918,10,material,2025-11-25 06:18:00,2025-11-26 10:00:00,E1172
HD-35577,J-2025-06891,10,material,2025-11-25 06:19:00,2025-11-26 10:00:00,E1164
HD-35578,J-2025-06845,10,customer,2025-11-25 06:21:00,2025-12-02 11:27:00,E1174
HD-35579,J-2025-06846,10,material,2025-11-25 06:23:00,2025-11-25 10:00:00,E1166
HD-35580,J-2025-06841,30,quality,2025-11-25 09:48:00,2025-11-26 10:03:00,E1169
HD-35581,J-2025-06554,30,engineering,2025-11-25 09:59:00,2025-12-01 05:43:00,E1169
HD-35582,J-2025-06662,40,quality,2025-11-25 10:41:00,2025-11-26 06:15:00,E1164
HD-35583,J-2025-06870,20,quality,2025-11-25 17:22:00,2025-12-01 17:03:00,E1166
HD-35584,J-2025-06899,10,quality,2025-11-25 20:31:00,2025-12-01 15:55:00,E1172
HD-35585,J-2025-06936,10,tooling,2025-11-26 06:03:00,2025-11-26 10:00:00,E1175
HD-35586,J-2025-06933,10,tooling,2025-11-26 06:09:00,2025-12-01 10:00:00,E1166
HD-35587,J-2025-06662,40,quality,2025-11-26 06:15:00,2025-12-01 14:10:00,E1172
HD-35588,J-2025-06932,10,tooling,2025-11-26 06:23:00,2025-12-01 12:24:00,E1169
HD-35589,J-2025-06966,10,engineering,2025-11-26 06:24:00,2025-12-02 10:00:00,E1172
HD-35590,J-2025-06785,40,quality,2025-11-26 08:28:00,2025-12-03 02:00:00,E1164
HD-35591,J-2025-06806,40,quality,2025-11-26 10:17:00,2025-12-01 11:17:00,E1174
HD-35592,J-2025-06965,20,tooling,2025-11-26 12:56:00,2025-12-01 08:49:00,E1164
HD-35593,J-2025-06742,60,tooling,2025-11-26 12:57:00,2025-12-04 04:52:00,E1166
HD-35594,J-2025-06822,30,engineering,2025-11-26 13:12:00,2025-12-02 07:39:00,E1174
HD-35595,J-2025-06973,10,material,2025-12-01 06:02:00,2025-12-05 10:00:00,E1174
HD-35596,J-2025-06799,30,customer,2025-12-01 07:09:00,2025-12-01 15:15:00,E1172
HD-35597,J-2025-06762,30,customer,2025-12-01 10:08:00,2025-12-01 19:35:00,E1175
HD-35598,J-2025-06899,10,quality,2025-12-01 15:55:00,2025-12-02 06:07:00,E1169
HD-35599,J-2025-06870,20,quality,2025-12-01 17:03:00,2025-12-02 07:40:00,E1174
HD-35600,J-2025-07027,10,other,2025-12-02 06:04:00,2025-12-02 13:28:00,E1174
HD-35601,J-2025-07019,10,material,2025-12-02 06:07:00,2025-12-10 10:00:00,E1169
HD-35602,J-2025-07051,10,material,2025-12-02 06:07:00,2025-12-02 10:00:00,E1169
HD-35603,J-2025-07041,10,material,2025-12-02 06:20:00,2025-12-09 10:00:00,E1164
HD-35604,J-2025-07057,10,material,2025-12-02 06:21:00,2025-12-02 10:00:00,E1169
HD-35605,J-2025-06810,50,quality,2025-12-02 06:23:00,2025-12-03 23:08:00,E1172
HD-35606,J-2025-07063,10,material,2025-12-02 06:28:00,2025-12-03 10:00:00,E1175
HD-35607,J-2025-07045,10,quality,2025-12-02 08:16:00,2025-12-04 06:06:00,E1174
HD-35608,J-2025-06952,30,customer,2025-12-02 09:54:00,2025-12-04 17:48:00,E1169
HD-35609,J-2025-06831,40,customer,2025-12-02 10:09:00,2025-12-04 15:41:00,E1169
HD-35610,J-2025-06845,10,quality,2025-12-02 11:27:00,2025-12-02 19:14:00,E1166
HD-35611,J-2025-06868,30,quality,2025-12-02 12:57:00,2025-12-03 17:32:00,E1164
HD-35612,J-2025-06942,60,engineering,2025-12-03 10:03:00,2025-12-04 16:31:00,E1175
HD-35613,J-2025-06814,40,quality,2025-12-03 12:53:00,2025-12-04 11:58:00,E1166
HD-35614,J-2025-06918,30,other,2025-12-03 13:23:00,2025-12-04 07:46:00,E1169
HD-35615,J-2025-07051,50,customer,2025-12-03 13:25:00,2025-12-05 16:56:00,E1172
HD-35616,J-2025-06929,30,material,2025-12-03 16:56:00,2025-12-09 01:56:00,E1169
HD-35617,J-2025-06954,20,other,2025-12-03 20:21:00,2025-12-04 13:24:00,E1172
HD-35618,J-2025-07096,10,material,2025-12-04 06:05:00,2025-12-04 10:00:00,E1174
HD-35619,J-2025-07045,10,quality,2025-12-04 06:06:00,2025-12-05 14:29:00,E1166
HD-35620,J-2025-07101,10,material,2025-12-04 06:21:00,2025-12-04 10:00:00,E1175
HD-35621,J-2025-06999,40,customer,2025-12-04 06:59:00,2025-12-05 20:11:00,E1164
HD-35622,J-2025-06868,30,quality,2025-12-04 07:17:00,2025-12-05 09:28:00,E1175
HD-35623,J-2025-06712,50,other,2025-12-04 09:44:00,2025-12-05 07:31:00,E1174
HD-35624,J-2025-06824,30,quality,2025-12-04 09:53:00,2025-12-05 06:39:00,E1166
HD-35625,J-2025-06784,30,quality,2025-12-04 22:55:00,2025-12-05 23:51:00,E1172
HD-35626,J-2025-07117,10,material,2025-12-05 06:02:00,2025-12-08 10:00:00,E1169
HD-35627,J-2025-06984,50,quality,2025-12-05 07:55:00,2025-12-05 23:52:00,E1166
HD-35628,J-2025-06936,40,quality,2025-12-05 09:30:00,2025-12-05 22:59:00,E1169
HD-35629,J-2025-07119,20,other,2025-12-05 10:24:00,2025-12-08 01:39:00,E1164
HD-35630,J-2025-06856,40,customer,2025-12-05 12:53:00,2025-12-06 22:03:00,E1169
HD-35631,J-2025-06754,40,quality,2025-12-05 13:00:00,2025-12-06 18:33:00,E1166
HD-35632,J-2025-06881,40,quality,2025-12-05 20:04:00,2025-12-06 23:25:00,E1172
HD-35633,J-2025-06984,50,quality,2025-12-05 23:52:00,2025-12-08 16:58:00,E1172
HD-35634,J-2025-07123,10,customer,2025-12-08 06:03:00,2025-12-09 18:04:00,E1169
HD-35635,J-2025-07140,10,customer,2025-12-08 06:18:00,2025-12-09 07:38:00,E1166
HD-35636,J-2025-07139,10,other,2025-12-08 06:22:00,2025-12-08 19:13:00,E1174
HD-35637,J-2025-06991,10,quality,2025-12-08 07:15:00,2025-12-08 14:57:00,E1175
HD-35638,J-2025-06999,50,quality,2025-12-08 10:04:00,2025-12-09 07:25:00,E1174
HD-35639,J-2025-06795,40,quality,2025-12-08 13:05:00,2025-12-09 16:13:00,E1166
HD-35640,J-2025-06966,50,tooling,2025-12-08 13:05:00,2025-12-09 09:14:00,E1174
HD-35641,J-2025-06919,70,tooling,2025-12-08 13:11:00,2025-12-09 06:51:00,E1174
HD-35642,J-2025-07032,20,engineering,2025-12-08 13:15:00,2025-12-10 04:44:00,E1166
HD-35643,J-2025-06906,40,customer,2025-12-08 13:26:00,2025-12-11 12:59:00,E1174
HD-35644,J-2025-06933,40,engineering,2025-12-08 16:26:00,2025-12-10 04:00:00,E1174
HD-35645,J-2025-07126,20,quality,2025-12-08 17:11:00,2025-12-09 08:47:00,E1172
HD-35646,J-2025-07191,10,material,2025-12-09 06:00:00,2025-12-09 10:00:00,E1169
HD-35647,J-2025-07183,10,material,2025-12-09 06:02:00,2025-12-11 10:00:00,E1172
HD-35648,J-2025-07174,10,material,2025-12-09 06:03:00,2025-12-09 10:00:00,E1174
HD-35649,J-2025-07147,10,material,2025-12-09 06:07:00,2025-12-12 10:00:00,E1166
HD-35650,J-2025-07176,10,material,2025-12-09 06:10:00,2025-12-10 10:00:00,E1164
HD-35651,J-2025-07178,10,material,2025-12-09 06:11:00,2025-12-09 10:00:00,E1175
HD-35652,J-2025-07161,10,material,2025-12-09 06:16:00,2025-12-09 10:00:00,E1174
HD-35653,J-2025-07144,10,material,2025-12-09 06:17:00,2025-12-10 10:00:00,E1169
HD-35654,J-2025-07157,10,material,2025-12-09 06:25:00,2025-12-11 10:00:00,E1164
HD-35655,J-2025-06999,50,quality,2025-12-09 07:25:00,2025-12-12 05:49:00,E1174
HD-35656,J-2025-06912,30,tooling,2025-12-09 10:22:00,2025-12-10 07:30:00,E1174
HD-35657,J-2025-06770,40,customer,2025-12-09 12:49:00,2025-12-10 11:41:00,E1172
HD-35658,J-2025-07179,30,quality,2025-12-09 13:15:00,2025-12-10 13:27:00,E1175
HD-35659,J-2025-06776,60,tooling,2025-12-09 13:24:00,2025-12-10 12:06:00,E1174
HD-35660,J-2025-07202,10,material,2025-12-10 06:18:00,2025-12-10 10:00:00,E1164
HD-35661,J-2025-07199,10,material,2025-12-10 06:21:00,2025-12-10 10:00:00,E1174
HD-35662,J-2025-07198,10,material,2025-12-10 06:23:00,2025-12-10 10:00:00,E1166
HD-35663,J-2025-07123,10,quality,2025-12-10 07:07:00,2025-12-12 02:54:00,E1164
HD-35664,J-2025-07072,30,quality,2025-12-10 09:57:00,2025-12-11 03:27:00,E1172
HD-35665,J-2025-07197,20,customer,2025-12-10 19:54:00,2025-12-15 07:57:00,E1174
HD-35666,J-2025-07077,40,quality,2025-12-10 20:29:00,2025-12-12 05:41:00,E1174
HD-35667,J-2025-06988,50,quality,2025-12-11 04:32:00,2025-12-15 03:38:00,E1164
HD-35668,J-2025-07220,10,material,2025-12-11 06:07:00,2025-12-11 10:00:00,E1174
HD-35669,J-2025-07230,10,material,2025-12-11 06:27:00,2025-12-11 10:00:00,E1169
HD-35670,J-2025-06932,30,quality,2025-12-11 07:17:00,2025-12-11 19:50:00,E1172
HD-35671,J-2025-07173,40,tooling,2025-12-11 10:24:00,2025-12-11 23:58:00,E1166
HD-35672,J-2025-07008,40,quality,2025-12-11 10:50:00,2025-12-12 08:29:00,E1164
HD-35673,J-2025-06989,40,quality,2025-12-11 11:22:00,2025-12-15 04:03:00,E1175
HD-35674,J-2025-07088,40,customer,2025-12-11 13:14:00,2025-12-16 22:51:00,E1164
HD-35675,J-2025-07123,10,quality,2025-12-12 02:54:00,2025-12-15 12:31:00,E1174
HD-35676,J-2025-07260,10,material,2025-12-12 06:07:00,2025-12-12 10:00:00,E1164
HD-35677,J-2025-07263,10,tooling,2025-12-12 06:07:00,2025-12-15 03:39:00,E1174
HD-35678,J-2025-07247,10,customer,2025-12-12 06:15:00,2025-12-16 10:00:00,E1174
HD-35679,J-2025-07238,10,material,2025-12-12 06:22:00,2025-12-12 10:00:00,E1175
HD-35680,J-2025-07261,10,quality,2025-12-12 06:46:00,2025-12-15 04:04:00,E1174
HD-35681,J-2025-07008,40,quality,2025-12-12 08:29:00,2025-12-12 20:02:00,E1174
HD-35682,J-2025-07188,40,quality,2025-12-12 09:57:00,2025-12-15 02:33:00,E1164
HD-35683,J-2025-07077,50,material,2025-12-12 10:01:00,2025-12-15 18:31:00,E1172
HD-35684,J-2025-06906,50,customer,2025-12-12 10:17:00,2025-12-15 03:04:00,E1175
HD-35685,J-2025-07182,40,other,2025-12-12 12:53:00,2025-12-15 19:03:00,E1164
HD-35686,J-2025-07027,50,material,2025-12-12 13:30:00,2025-12-15 04:43:00,E1172
HD-35687,J-2025-06989,40,quality,2025-12-15 04:03:00,2025-12-15 12:51:00,E1175
HD-35688,J-2025-07261,10,quality,2025-12-15 04:04:00,2025-12-15 15:26:00,E1174
HD-35689,J-2025-07276,10,material,2025-12-15 06:13:00,2025-12-15 10:00:00,E1175
HD-35690,J-2025-07074,30,quality,2025-12-15 10:14:00,2025-12-16 21:03:00,E1169
HD-35691,J-2025-07253,30,quality,2025-12-15 10:26:00,2025-12-16 06:10:00,E1172
HD-35692,J-2025-07053,30,other,2025-12-15 12:10:00,2025-12-17 08:50:00,E1174
HD-35693,J-2025-07197,40,engineering,2025-12-15 16:46:00,2025-12-16 06:40:00,E1166
HD-35694,J-2025-07308,10,material,2025-12-16 06:08:00,2025-12-16 10:00:00,E1175
HD-35695,J-2025-07312,10,material,2025-12-16 06:09:00,2025-12-17 10:00:00,E1166
HD-35696,J-2025-07297,10,material,2025-12-16 06:17:00,2025-12-19 10:00:00,E1169
HD-35697,J-2025-07354,10,material,2025-12-16 06:18:00,,E1164
HD-35698,J-2025-07294,10,material,2025-12-16 06:24:00,2025-12-22 10:00:00,E1164
HD-35699,J-2025-07343,10,material,2025-12-16 06:25:00,2025-12-16 10:00:00,E1164
HD-35700,J-2025-07357,10,material,2025-12-16 06:28:00,2025-12-16 10:00:00,E1164
HD-35701,J-2025-07307,10,material,2025-12-16 06:28:00,2025-12-16 10:00:00,E1172
HD-35702,J-2025-07023,60,tooling,2025-12-16 10:10:00,2025-12-17 01:07:00,E1164
HD-35703,J-2025-07359,20,tooling,2025-12-16 13:16:00,2025-12-17 03:53:00,E1164
HD-35704,J-2025-07372,10,material,2025-12-17 06:09:00,,E1169
HD-35705,J-2025-07373,10,material,2025-12-17 06:30:00,2025-12-17 10:00:00,E1164
HD-35706,J-2025-07093,50,other,2025-12-17 08:24:00,2025-12-19 04:54:00,E1174
HD-35707,J-2025-07053,30,quality,2025-12-17 08:50:00,2025-12-18 02:54:00,E1164
HD-35708,J-2025-07287,20,other,2025-12-17 10:11:00,2025-12-17 22:48:00,E1169
HD-35709,J-2025-07337,30,other,2025-12-17 13:22:00,2025-12-17 20:36:00,E1172
HD-35710,J-2025-07115,40,quality,2025-12-17 20:00:00,2025-12-18 16:21:00,E1169
HD-35711,J-2025-07433,10,tooling,2025-12-18 06:03:00,2025-12-18 20:22:00,E1169
HD-35712,J-2025-07425,10,other,2025-12-18 06:10:00,2025-12-18 15:52:00,E1166
HD-35713,J-2025-07440,10,material,2025-12-18 06:16:00,2025-12-18 10:00:00,E1169
HD-35714,J-2025-07435,10,material,2025-12-18 06:18:00,2025-12-23 10:00:00,E1166
HD-35715,J-2025-07225,40,quality,2025-12-18 06:48:00,2025-12-18 23:09:00,E1164
HD-35716,J-2025-07098,40,quality,2025-12-18 06:54:00,2025-12-19 00:53:00,E1169
HD-35717,J-2025-07280,10,quality,2025-12-18 10:58:00,2025-12-19 03:38:00,E1172
HD-35718,J-2025-07280,10,quality,2025-12-19 03:38:00,2025-12-19 10:50:00,E1164
HD-35719,J-2025-07093,50,quality,2025-12-19 04:54:00,2025-12-19 13:26:00,E1174
HD-35720,J-2025-07207,20,quality,2025-12-19 12:38:00,2025-12-20 20:25:00,E1164
HD-35721,J-2025-07102,60,engineering,2025-12-19 13:24:00,2025-12-22 11:08:00,E1172
HD-35722,J-2025-07343,40,tooling,2025-12-19 16:18:00,2025-12-20 10:37:00,E1174
HD-35723,J-2025-07337,40,customer,2025-12-19 16:30:00,,E1172
HD-35724,J-2025-07444,40,quality,2025-12-19 16:54:00,2025-12-20 11:09:00,E1172
HD-35725,J-2025-07011,30,quality,2025-12-19 20:24:00,2025-12-20 23:52:00,E1174
HD-35726,J-2025-07503,10,tooling,2025-12-22 06:16:00,2025-12-22 15:03:00,E1175
HD-35727,J-2025-07496,10,tooling,2025-12-22 06:25:00,2025-12-22 14:32:00,E1172
HD-35728,J-2025-07498,10,material,2025-12-22 06:25:00,,E1166
HD-35729,J-2025-07497,10,material,2025-12-22 06:27:00,2025-12-22 10:00:00,E1174
HD-35730,J-2025-07162,40,quality,2025-12-22 07:00:00,2025-12-23 09:27:00,E1175
HD-35731,J-2025-07444,50,tooling,2025-12-22 10:17:00,2025-12-23 08:13:00,E1164
HD-35732,J-2025-07429,40,quality,2025-12-22 10:49:00,2025-12-23 08:47:00,E1175
HD-35733,J-2025-07406,20,customer,2025-12-22 13:18:00,,E1175
HD-35734,J-2025-07401,40,quality,2025-12-22 13:30:00,2025-12-23 05:28:00,E1172
HD-35735,J-2025-07307,40,quality,2025-12-23 05:14:00,,E1166
HD-35736,J-2025-07584,10,material,2025-12-23 06:05:00,,E1169
HD-35737,J-2025-07542,10,material,2025-12-23 06:06:00,,E1164
HD-35738,J-2025-07582,10,customer,2025-12-23 06:12:00,,E1172
HD-35739,J-2025-07598,10,engineering,2025-12-23 06:18:00,2025-12-23 10:00:00,E1172
HD-35740,J-2025-07556,10,material,2025-12-23 06:18:00,2025-12-23 10:00:00,E1169
HD-35741,J-2025-07615,10,material,2025-12-23 06:18:00,,E1166
HD-35742,J-2025-07516,10,material,2025-12-23 06:19:00,2025-12-23 10:00:00,E1169
HD-35743,J-2025-07546,10,material,2025-12-23 06:19:00,,E1172
HD-35744,J-2025-07589,10,tooling,2025-12-23 06:22:00,,E1164
HD-35745,J-2025-07484,30,customer,2025-12-23 09:49:00,,E1172
HD-35746,J-2025-07597,20,engineering,2025-12-23 09:54:00,,E1172
HD-35747,J-2025-07207,40,engineering,2025-12-23 10:16:00,,E1166
HD-35748,J-2025-07191,50,customer,2025-12-23 10:29:00,,E1169
HD-35749,J-2025-07133,40,quality,2025-12-23 12:34:00,,E1164
HD-35750,J-2025-07506,60,other,2025-12-23 16:15:00,,E1166
HD-35751,J-2025-07564,40,quality,2025-12-23 16:33:00,,E1175
