job_id,check_date,result,short_item,short_qty
J-2025-05202,2025-09-25,complete,,
J-2023-01199,2023-03-13,short,JS-40039,9.0
J-2023-03145,2023-07-20,complete,,
J-2024-06597,2024-12-09,short,JS-46513,18.0
J-2024-01781,2024-05-20,complete,,
J-2024-03169,2024-07-02,complete,,
J-2023-00905,2023-03-09,complete,,
J-2025-01163,2025-02-26,short,JS-48312,26.0
J-2024-05967,2024-12-03,complete,,
J-2025-01946,2025-04-25,complete,,
J-2025-03537,2025-06-27,complete,,
J-2024-02510,2024-05-24,complete,,
J-2023-02677,2023-06-26,complete,,
J-2023-00657,2023-02-08,short,JS-49188,42.0
J-2024-00040,2024-01-17,complete,,
J-2023-06038,2023-12-08,short,JS-45145,30.0
J-2025-05020,2025-09-12,complete,,
J-2023-03715,2023-08-10,short,JS-47885,22.0
J-2025-00030,2025-01-06,short,JS-42465,48.0
J-2024-03707,2024-08-05,complete,,
J-2025-04750,2025-09-04,short,JS-42111,57.0
J-2023-05200,2023-11-08,complete,,
J-2025-01466,2025-03-20,complete,,
J-2023-02906,2023-06-29,complete,,
J-2025-02903,2025-06-03,complete,,
J-2024-02071,2024-04-26,short,JS-41811,45.0
J-2024-02280,2024-05-08,short,JS-45854,3.0
J-2025-00298,2025-01-20,short,JS-41046,5.0
J-2025-05182,2025-09-22,complete,,
J-2023-00493,2023-02-08,complete,,
J-2025-03984,2025-07-24,complete,,
J-2025-06480,2025-11-17,complete,,
J-2025-07629,2026-01-12,complete,,
J-2023-06272,2023-12-18,short,JS-41463,24.0
J-2023-00612,2023-02-14,complete,,
J-2025-02819,2025-07-08,complete,,
J-2023-01731,2023-04-17,complete,,
J-2023-03014,2023-06-27,short,JS-47239,41.0
J-2024-04036,2024-09-03,complete,,
J-2025-00337,2025-01-28,complete,,
J-2025-07294,2025-12-17,short,JS-48416,37.0
J-2025-04170,2025-08-15,complete,,
J-2023-05425,2023-11-15,short,JS-40115,10.0
J-2024-02581,2024-05-28,complete,,
J-2025-02323,2025-05-13,complete,,
J-2023-01154,2023-03-10,short,JS-49755,24.0
J-2025-04957,2025-09-05,complete,,
J-2025-04360,2025-08-18,complete,,
J-2025-00417,2025-02-03,complete,,
J-2024-06920,2025-01-21,complete,,
J-2023-02391,2023-05-30,short,JS-43157,39.0
J-2023-00259,2023-02-01,complete,,
J-2025-02432,2025-05-08,complete,,
J-2025-03375,2025-06-27,complete,,
J-2023-05265,2023-10-31,short,JS-48331,39.0
J-2025-06037,2025-10-21,complete,,
J-2025-04031,2025-07-21,complete,,
J-2025-03518,2025-07-01,complete,,
J-2024-01469,2024-03-29,complete,,
J-2025-06239,2025-10-29,short,JS-43183,47.0
J-2023-00604,2023-02-13,short,JS-45261,33.0
J-2024-00568,2024-02-08,short,JS-44267,50.0
J-2023-03018,2023-07-07,complete,,
J-2024-05376,2024-10-17,short,JS-45697,34.0
J-2025-00602,2025-02-03,short,JS-41904,18.0
J-2024-06193,2024-11-21,short,JS-49083,24.0
J-2025-05546,2025-09-29,short,JS-44364,6.0
J-2023-05217,2023-11-01,short,JS-49459,27.0
J-2025-02336,2025-05-07,short,JS-40222,21.0
J-2023-06037,2023-12-14,complete,,
J-2024-06386,2024-12-04,complete,,
J-2022-03078,2023-01-13,complete,,
J-2025-00032,2025-01-14,complete,,
J-2024-03799,2024-07-29,short,JS-40992,17.0
J-2023-00179,2023-01-17,complete,,
J-2024-05707,2024-11-08,short,JS-46545,33.0
J-2024-03536,2024-07-11,short,JS-49020,21.0
J-2025-05667,2025-10-13,complete,,
J-2024-03106,2024-06-27,complete,,
J-2023-03041,2023-07-25,complete,,
J-2023-05705,2023-12-12,complete,,
J-2024-01536,2024-03-26,short,JS-43816,24.0
J-2025-03465,2025-06-19,complete,,
J-2022-02916,2023-01-03,complete,,
J-2024-04319,2024-08-28,short,JS-48112,29.0
J-2025-02627,2025-05-19,complete,,
J-2025-00735,2025-02-19,complete,,
J-2023-01128,2023-03-10,complete,,
J-2025-03602,2025-06-25,short,JS-47402,39.0
J-2023-03181,2023-07-20,complete,,
J-2024-03030,2024-06-24,short,JS-48979,40.0
J-2025-05618,2025-10-16,complete,,
J-2025-06561,2025-11-14,complete,,
J-2025-03438,2025-06-26,short,JS-40377,27.0
J-2024-06076,2024-12-02,complete,,
J-2024-02916,2024-06-12,complete,,
J-2025-03419,2025-06-20,complete,,
J-2025-04200,2025-07-28,short,JS-46319,48.0
J-2025-03733,2025-07-11,complete,,
J-2025-01948,2025-04-15,complete,,
J-2023-05158,2023-11-09,complete,,
J-2024-04937,2024-10-07,complete,,
J-2025-06936,2025-12-01,complete,,
J-2023-06179,2023-12-19,short,JS-49386,12.0
J-2023-03927,2023-08-31,short,JS-42297,8.0
J-2024-02795,2024-06-13,complete,,
J-2025-05316,2025-09-25,complete,,
J-2025-06933,2025-12-08,complete,,
J-2023-00710,2023-02-22,complete,,
J-2025-01804,2025-04-07,short,JS-42046,45.0
J-2025-00675,2025-02-13,complete,,
J-2025-02572,2025-05-12,complete,,
J-2024-02871,2024-06-07,short,JS-45047,50.0
J-2023-01642,2023-04-24,complete,,
J-2025-05777,2025-10-23,complete,,
J-2025-02038,2025-04-22,complete,,
J-2025-06283,2025-11-03,complete,,
J-2023-00845,2023-03-06,complete,,
J-2023-00850,2023-03-07,complete,,
J-2023-04010,2023-09-12,complete,,
J-2025-07181,2025-12-12,short,JS-47967,27.0
J-2024-04554,2024-09-09,short,JS-45461,44.0
J-2023-03635,2023-08-02,short,JS-44196,49.0
J-2024-01250,2024-03-20,complete,,
J-2023-03491,2023-09-12,complete,,
J-2023-01440,2023-03-29,short,JS-42307,26.0
J-2024-02260,2024-05-06,short,JS-46583,56.0
J-2025-06091,2025-11-06,complete,,
J-2024-05203,2024-10-24,complete,,
J-2024-01859,2024-04-24,complete,,
J-2025-07305,2025-12-23,complete,,
J-2024-06370,2024-12-10,complete,,
J-2025-07155,2025-12-17,complete,,
J-2025-01281,2025-03-12,complete,,
J-2024-00940,2024-03-07,complete,,
J-2024-06507,2024-12-04,short,JS-43021,48.0
J-2024-01613,2024-04-01,short,JS-44022,32.0
J-2025-01693,2025-04-04,complete,,
J-2024-01154,2024-03-07,short,JS-40107,37.0
J-2024-06422,2025-01-09,complete,,
J-2025-00916,2025-02-27,short,JS-48617,7.0
J-2025-07276,2025-12-12,short,JS-42529,21.0
J-2024-02304,2024-05-22,complete,,
J-2023-01779,2023-04-24,complete,,
J-2025-00584,2025-02-05,complete,,
J-2023-02862,2023-06-27,complete,,
J-2024-01069,2024-03-07,complete,,
J-2023-00566,2023-02-24,complete,,
J-2025-03868,2025-07-14,complete,,
J-2025-03373,2025-06-24,complete,,
J-2025-04676,2025-09-02,complete,,
J-2025-04744,2025-08-25,short,JS-43197,30.0
J-2023-03571,2023-07-31,short,JS-49865,35.0
J-2024-05001,2024-10-14,complete,,
J-2023-05752,2023-12-08,complete,,
J-2025-04669,2025-09-08,complete,,
J-2025-04978,2025-09-05,complete,,
J-2023-02305,2023-05-30,short,JS-48182,36.0
J-2023-01881,2023-04-24,short,JS-48308,47.0
J-2024-05171,2024-10-08,short,JS-47274,45.0
J-2025-02650,2025-06-02,complete,,
J-2024-05973,2024-11-13,short,JS-43217,27.0
J-2023-05500,2023-11-22,complete,,
J-2023-01854,2023-05-12,complete,,
J-2024-02322,2024-05-13,complete,,
J-2025-03832,2025-07-07,short,JS-42247,16.0
J-2025-03846,2025-07-07,short,JS-48314,57.0
J-2023-04727,2023-10-18,complete,,
J-2024-02124,2024-04-29,short,JS-44884,43.0
J-2023-02878,2023-06-27,short,JS-49073,41.0
J-2023-01435,2023-03-29,short,JS-49818,48.0
J-2025-06342,2025-11-05,complete,,
J-2025-06622,2025-11-13,short,JS-44015,10.0
J-2024-01875,2024-04-26,short,JS-46399,18.0
J-2023-03258,2023-07-12,short,JS-40835,52.0
J-2025-06278,2025-11-07,complete,,
J-2024-05765,2024-11-14,short,JS-49936,27.0
J-2023-03154,2023-07-20,complete,,
J-2024-01330,2024-03-22,complete,,
J-2024-02201,2024-05-07,complete,,
J-2025-00390,2025-01-28,complete,,
J-2023-02334,2023-06-05,complete,,
J-2024-05043,2024-10-02,short,JS-42600,55.0
J-2025-07570,2026-01-12,complete,,
J-2025-06932,2025-12-03,short,JS-41804,41.0
J-2024-05914,2024-12-05,complete,,
J-2025-01511,2025-03-21,complete,,
J-2023-06345,2024-02-05,complete,,
J-2024-06550,2024-12-10,short,JS-46653,46.0
J-2025-05222,2025-10-06,complete,,
J-2024-03837,2024-08-08,complete,,
J-2024-06108,2024-12-09,complete,,
J-2025-06740,2025-12-04,complete,,
J-2023-05792,2023-12-08,complete,,
J-2023-01615,2023-04-12,complete,,
J-2025-00359,2025-01-22,short,JS-48993,15.0
J-2024-03810,2024-08-08,complete,,
J-2024-06367,2024-11-27,short,JS-45046,39.0
J-2024-06795,2024-12-20,short,JS-49098,6.0
J-2023-00131,2023-01-19,complete,,
J-2024-01633,2024-04-17,complete,,
J-2023-02456,2023-06-14,complete,,
J-2024-02328,2024-05-10,short,JS-46290,26.0
J-2024-05422,2024-11-08,complete,,
J-2025-06210,2025-11-05,complete,,
J-2023-03912,2023-08-25,complete,,
J-2025-06402,2025-11-19,complete,,
J-2023-01957,2023-05-02,short,JS-45308,25.0
J-2024-01539,2024-03-28,short,JS-46154,17.0
J-2025-04144,2025-07-24,short,JS-49116,14.0
J-2025-00472,2025-01-31,complete,,
J-2023-06253,2023-12-18,short,JS-42005,6.0
J-2025-02929,2025-06-03,complete,,
J-2023-01283,2023-04-07,complete,,
J-2023-04273,2023-09-14,short,JS-47636,58.0
J-2023-01735,2023-04-18,short,JS-46144,48.0
J-2025-01237,2025-03-03,complete,,
J-2025-02720,2025-05-15,short,JS-43819,14.0
J-2023-05327,2023-11-10,complete,,
J-2024-03649,2024-07-19,short,JS-45043,1.0
J-2025-01100,2025-03-13,complete,,
J-2024-00100,2024-01-11,complete,,
J-2023-04247,2023-09-25,complete,,
J-2025-02357,2025-05-08,short,JS-42472,24.0
J-2025-05096,2025-09-30,complete,,
J-2025-06470,2025-11-14,complete,,
J-2025-00918,2025-02-17,short,JS-47180,50.0
J-2024-05634,2024-11-12,complete,,
J-2024-02401,2024-05-14,short,JS-47298,27.0
J-2024-05242,2024-10-16,complete,,
J-2023-02701,2023-06-14,short,JS-44103,40.0
J-2024-01448,2024-04-01,complete,,
J-2025-00439,2025-02-06,complete,,
J-2024-06891,2024-12-23,complete,,
J-2024-01797,2024-04-24,complete,,
J-2024-01080,2024-03-13,complete,,
J-2025-01937,2025-04-14,complete,,
J-2024-02697,2024-05-30,short,JS-41214,41.0
J-2024-00649,2024-02-16,complete,,
J-2023-02003,2023-05-03,short,JS-47671,41.0
J-2023-03094,2023-06-29,short,JS-49926,16.0
J-2025-00302,2025-01-20,short,JS-42183,50.0
J-2023-00806,2023-03-07,complete,,
J-2025-01004,2025-02-27,complete,,
J-2023-01047,2023-03-06,short,JS-48365,40.0
J-2024-00253,2024-01-17,short,JS-45083,25.0
J-2025-00773,2025-02-18,short,JS-41318,9.0
J-2022-03286,2023-01-04,short,JS-46801,48.0
J-2024-03941,2024-08-26,complete,,
J-2023-05375,2023-11-20,complete,,
J-2024-02267,2024-05-30,complete,,
J-2023-05845,2023-12-20,complete,,
J-2025-02448,2025-05-07,short,JS-47473,34.0
J-2023-05927,2023-12-14,complete,,
J-2024-06860,2025-01-03,complete,,
J-2023-03442,2023-08-25,complete,,
J-2024-00600,2024-02-15,complete,,
J-2025-03953,2025-07-21,short,JS-48104,15.0
J-2023-04283,2023-09-25,complete,,
J-2023-04918,2023-10-16,short,JS-48853,57.0
J-2024-01744,2024-04-10,complete,,
J-2025-01979,2025-04-08,short,JS-41220,43.0
J-2024-07061,2025-01-03,complete,,
J-2023-03294,2023-07-18,complete,,
J-2024-05281,2024-10-28,complete,,
J-2022-02903,2023-01-03,complete,,
J-2023-02836,2023-07-03,complete,,
J-2025-07009,2025-12-11,complete,,
J-2025-04441,2025-09-04,complete,,
J-2024-00729,2024-02-14,short,JS-41193,48.0
J-2025-07626,2026-01-12,complete,,
J-2024-05740,2024-11-11,complete,,
J-2023-02522,2023-05-26,short,JS-43135,39.0
J-2024-06208,2024-12-11,complete,,
J-2023-02935,2023-07-12,complete,,
J-2024-05615,2024-11-21,complete,,
J-2023-01373,2023-04-13,complete,,
J-2025-05882,2025-10-22,complete,,
J-2024-03781,2024-08-07,complete,,
J-2025-00087,2025-01-23,complete,,
J-2025-00339,2025-01-21,short,JS-40634,2.0
J-2023-01949,2023-04-24,short,JS-42621,9.0
J-2025-05381,2025-09-29,complete,,
J-2024-04053,2024-08-14,short,JS-40361,11.0
J-2023-06195,2024-01-04,complete,,
J-2023-03365,2023-07-19,short,JS-42507,40.0
J-2025-06754,2025-11-24,short,JS-44395,4.0
J-2023-06304,2024-01-08,complete,,
J-2023-05118,2023-10-25,short,JS-40126,3.0
J-2023-04365,2023-09-18,short,JS-41049,35.0
J-2023-03822,2023-09-05,complete,,
J-2025-00310,2025-01-21,short,JS-48022,55.0
J-2024-06122,2024-11-26,complete,,
J-2023-04492,2023-09-28,short,JS-45845,56.0
J-2025-03267,2025-06-10,complete,,
J-2025-06989,2025-12-11,complete,,
J-2023-04971,2023-10-18,short,JS-46240,38.0
J-2023-06054,2023-12-22,complete,,
J-2024-00974,2024-02-27,short,JS-43412,6.0
J-2023-05036,2023-10-23,short,JS-47369,34.0
J-2025-02813,2025-05-16,short,JS-46215,1.0
J-2025-02555,2025-05-14,complete,,
J-2023-03611,2023-08-01,short,JS-41166,18.0
J-2023-03458,2023-08-02,complete,,
J-2025-04876,2025-09-15,complete,,
J-2025-00836,2025-02-14,short,JS-42950,47.0
J-2023-00431,2023-01-30,complete,,
J-2025-02943,2025-06-02,complete,,
J-2024-05445,2024-10-30,complete,,
J-2023-02869,2023-06-22,complete,,
J-2025-00558,2025-02-03,short,JS-41901,54.0
J-2025-02723,2025-06-05,complete,,
J-2023-01874,2023-04-27,complete,,
J-2023-03183,2023-07-17,complete,,
J-2023-05337,2023-11-21,complete,,
J-2023-04877,2023-10-24,complete,,
J-2023-04453,2023-09-28,short,JS-47076,51.0
J-2025-01018,2025-02-20,short,JS-42405,48.0
J-2023-03028,2023-07-12,complete,,
J-2024-03793,2024-08-06,complete,,
J-2025-06504,2025-11-25,complete,,
J-2025-04764,2025-09-05,short,JS-46284,22.0
J-2024-01502,2024-03-25,short,JS-43461,51.0
J-2025-03076,2025-05-30,short,JS-45735,11.0
J-2025-06573,2025-12-01,complete,,
J-2024-04116,2024-09-06,complete,,
J-2024-02750,2024-06-13,complete,,
J-2023-00067,2023-01-09,short,JS-49865,22.0
J-2024-06870,2025-01-03,complete,,
J-2025-04795,2025-08-26,short,JS-43119,49.0
J-2025-02122,2025-05-09,complete,,
J-2025-03938,2025-07-14,short,JS-49906,46.0
J-2023-03725,2023-08-23,complete,,
J-2025-06214,2025-10-28,short,JS-48643,45.0
J-2023-03987,2023-09-18,complete,,
J-2023-04099,2023-09-13,complete,,
J-2024-05474,2024-10-31,complete,,
J-2025-00495,2025-02-27,complete,,
J-2024-00526,2024-02-12,complete,,
J-2023-05394,2023-11-08,complete,,
J-2023-01037,2023-03-20,complete,,
J-2024-06495,2024-12-11,complete,,
J-2024-04968,2024-10-03,complete,,
J-2025-04462,2025-08-27,complete,,
J-2024-02459,2024-05-29,complete,,
J-2025-03835,2025-07-07,short,JS-49832,32.0
J-2025-03193,2025-06-19,complete,,
J-2023-00400,2023-01-30,complete,,
J-2022-03022,2023-01-18,complete,,
J-2024-05288,2024-10-24,complete,,
J-2025-00659,2025-02-21,complete,,
J-2023-01575,2023-04-05,short,JS-42795,38.0
J-2024-06263,2024-12-12,complete,,
J-2025-04314,2025-08-04,short,JS-45837,33.0
J-2023-06149,2023-12-13,short,JS-40040,6.0
J-2025-01306,2025-03-04,short,JS-42722,9.0
J-2023-00700,2023-02-13,complete,,
J-2025-03330,2025-07-02,complete,,
J-2024-01438,2024-04-04,complete,,
J-2024-06821,2025-01-06,complete,,
J-2023-02242,2023-05-10,short,JS-41268,23.0
J-2024-02009,2024-05-07,complete,,
J-2024-06546,2024-12-13,complete,,
J-2025-02919,2025-05-29,complete,,
J-2024-06793,2024-12-23,complete,,
J-2024-06403,2024-12-05,complete,,
J-2025-04984,2025-09-11,complete,,
J-2023-02574,2023-06-02,complete,,
J-2023-04121,2023-09-25,complete,,
J-2025-01630,2025-03-20,short,JS-44130,43.0
J-2023-05992,2023-12-18,complete,,
J-2024-03406,2024-07-16,complete,,
J-2025-05002,2025-10-02,complete,,
J-2024-04039,2024-08-28,complete,,
J-2024-04377,2024-09-25,complete,,
J-2025-06895,2025-12-12,complete,,
J-2025-07430,2025-12-18,short,JS-43502,57.0
J-2024-03609,2024-07-24,complete,,
J-2025-05691,2025-10-06,short,JS-41032,48.0
J-2025-03810,2025-07-15,complete,,
J-2023-01569,2023-04-14,short,JS-48759,53.0
J-2025-07270,2025-12-19,complete,,
J-2025-03644,2025-06-26,short,JS-43600,39.0
J-2024-00263,2024-01-17,short,JS-45790,34.0
J-2025-03189,2025-06-05,short,JS-48925,9.0
J-2024-04465,2024-09-04,short,JS-47580,54.0
J-2024-06493,2025-01-14,complete,,
J-2024-05825,2024-11-08,short,JS-41189,58.0
J-2025-03440,2025-06-26,complete,,
J-2024-04051,2024-08-14,complete,,
J-2025-02520,2025-05-12,complete,,
J-2024-03537,2024-07-11,short,JS-49427,27.0
J-2025-07331,2025-12-23,complete,,
J-2022-03207,2023-01-03,complete,,
J-2023-01545,2023-04-19,complete,,
J-2024-00143,2024-01-11,short,JS-44174,3.0
J-2025-06478,2025-11-10,complete,,
J-2024-03260,2024-07-03,complete,,
J-2024-02291,2024-05-15,complete,,
J-2024-02343,2024-05-13,complete,,
J-2025-03049,2025-06-18,complete,,
J-2025-05095,2025-09-09,short,JS-47315,43.0
J-2023-02405,2023-05-22,short,JS-48339,52.0
J-2023-06461,2024-01-04,complete,,
J-2023-02938,2023-06-27,short,JS-48208,22.0
J-2023-02261,2023-05-30,complete,,
J-2023-04392,2023-09-27,complete,,
J-2025-04130,2025-07-28,complete,,
J-2025-00683,2025-02-14,complete,,
J-2023-03989,2023-08-30,short,JS-49593,52.0
J-2024-03499,2024-07-31,complete,,
J-2023-02195,2023-05-17,complete,,
J-2025-05368,2025-09-22,short,JS-41681,25.0
J-2023-02540,2023-06-02,complete,,
J-2025-00517,2025-02-11,complete,,
J-2023-05059,2023-10-31,short,JS-45212,14.0
J-2024-05069,2024-10-10,complete,,
J-2025-07534,2025-12-22,short,JS-43026,34.0
J-2023-04097,2023-09-06,short,JS-49631,33.0
J-2023-00235,2023-01-24,complete,,
J-2024-04993,2024-10-15,complete,,
J-2025-04671,2025-09-02,short,JS-46312,18.0
J-2025-06762,2025-11-24,short,JS-46270,51.0
J-2025-07555,2026-01-19,complete,,
J-2024-04314,2024-09-03,complete,,
J-2025-02761,2025-05-16,complete,,
J-2024-05298,2024-10-14,short,JS-49387,5.0
J-2025-03208,2025-06-23,complete,,
J-2024-06348,2024-12-02,complete,,
J-2025-04706,2025-08-26,complete,,
J-2025-00860,2025-03-06,complete,,
J-2024-06246,2024-11-25,short,JS-49067,18.0
J-2023-02275,2023-05-23,complete,,
J-2024-04923,2024-09-27,complete,,
J-2024-00790,2024-02-29,complete,,
J-2025-01122,2025-03-06,complete,,
J-2024-03735,2024-08-22,complete,,
J-2024-04090,2024-08-27,complete,,
J-2024-05960,2024-12-03,complete,,
J-2024-04837,2024-09-23,short,JS-40006,30.0
J-2025-04262,2025-07-31,short,JS-40306,20.0
J-2025-01728,2025-04-03,complete,,
J-2024-03845,2024-07-30,short,JS-43665,10.0
J-2023-03497,2023-07-26,short,JS-45892,46.0
J-2024-04891,2024-09-25,complete,,
J-2025-05115,2025-09-22,short,JS-48948,36.0
J-2025-01794,2025-03-31,complete,,
J-2024-00532,2024-02-12,complete,,
J-2024-06905,2024-12-18,short,JS-40992,27.0
J-2024-04980,2024-10-10,complete,,
J-2025-06865,2025-12-03,complete,,
J-2025-03069,2025-06-03,complete,,
J-2025-07096,2025-12-09,complete,,
J-2024-02062,2024-05-06,complete,,
J-2024-05045,2024-10-15,complete,,
J-2024-00422,2024-02-12,complete,,
J-2023-01868,2023-04-27,complete,,
J-2024-06562,2024-12-06,short,JS-45533,55.0
J-2024-03148,2024-06-25,complete,,
J-2023-02966,2023-07-07,complete,,
J-2023-04725,2023-11-07,complete,,
J-2025-01472,2025-03-21,complete,,
J-2023-05524,2023-11-27,complete,,
J-2023-05643,2023-12-06,complete,,
J-2025-05224,2025-09-24,complete,,
J-2024-01965,2024-05-01,complete,,
J-2025-07070,2025-12-17,complete,,
J-2024-01855,2024-04-17,complete,,
J-2024-05324,2024-10-15,short,JS-48655,23.0
J-2023-00787,2023-02-16,short,JS-43013,6.0
J-2024-01619,2024-04-01,short,JS-46697,36.0
J-2023-05811,2023-11-30,short,JS-48354,45.0
J-2024-00911,2024-03-07,short,JS-43118,3.0
J-2023-05203,2023-11-16,complete,,
J-2025-02315,2025-05-08,complete,,
J-2024-01562,2024-03-27,short,JS-48282,13.0
J-2023-01840,2023-05-09,complete,,
J-2024-01396,2024-04-01,complete,,
J-2023-01448,2023-04-10,complete,,
J-2025-03242,2025-06-09,short,JS-48303,20.0
J-2025-03317,2025-06-11,short,JS-46496,30.0
J-2024-01189,2024-03-14,complete,,
J-2023-06207,2024-01-04,complete,,
J-2023-03737,2023-08-15,complete,,
J-2025-06758,2025-12-02,complete,,
J-2025-02162,2025-04-23,short,JS-43710,54.0
J-2023-00585,2023-02-07,complete,,
J-2023-00253,2023-02-07,complete,,
J-2023-03546,2023-07-28,short,JS-43317,42.0
J-2023-00562,2023-02-17,complete,,
J-2024-06223,2024-11-22,short,JS-48119,17.0
J-2025-03860,2025-07-22,complete,,
J-2025-03702,2025-06-30,short,JS-46211,6.0
J-2025-01041,2025-02-21,short,JS-43196,2.0
J-2024-05323,2024-10-17,short,JS-42460,52.0
J-2024-06839,2025-01-02,complete,,
J-2024-06372,2024-11-27,short,JS-40004,18.0
J-2025-02562,2025-05-12,complete,,
J-2023-02412,2023-06-02,short,JS-47222,4.0
J-2024-06834,2025-01-09,complete,,
J-2025-03217,2025-06-18,complete,,
J-2025-00266,2025-01-27,complete,,
J-2023-06292,2024-01-02,complete,,
J-2023-04567,2023-09-29,complete,,
J-2024-02970,2024-06-11,short,JS-40889,42.0
J-2025-06967,2025-11-26,complete,,
J-2023-01975,2023-05-12,complete,,
J-2024-04908,2024-10-02,complete,,
J-2025-07598,2025-12-22,short,JS-47324,22.0
J-2025-01475,2025-03-14,short,JS-43490,10.0
J-2025-02712,2025-05-21,complete,,
J-2024-06133,2024-12-02,complete,,
J-2023-03277,2023-07-28,complete,,
J-2025-00226,2025-01-24,complete,,
J-2024-04341,2024-09-10,complete,,
J-2023-03844,2023-08-22,complete,,
J-2024-04599,2024-10-01,complete,,
J-2025-05172,2025-09-19,complete,,
J-2024-04372,2024-09-05,complete,,
J-2025-03804,2025-07-16,short,JS-40543,39.0
J-2023-00173,2023-01-30,complete,,
J-2023-02141,2023-05-15,complete,,
J-2023-01114,2023-03-10,short,JS-42284,57.0
J-2024-02540,2024-06-03,complete,,
J-2025-01316,2025-03-10,complete,,
J-2024-01641,2024-04-25,complete,,
J-2024-04498,2024-09-13,complete,,
J-2024-07088,2024-12-23,short,JS-43815,15.0
J-2024-00338,2024-01-22,short,JS-47037,16.0
J-2024-02739,2024-06-14,complete,,
J-2025-04212,2025-08-07,complete,,
J-2023-05376,2023-12-05,complete,,
J-2023-00048,2023-01-16,complete,,
J-2024-03067,2024-06-25,complete,,
J-2025-00975,2025-03-03,complete,,
J-2023-00884,2023-02-21,short,JS-42590,27.0
J-2023-05554,2023-11-14,short,JS-42884,19.0
J-2025-03695,2025-07-07,complete,,
J-2024-04205,2024-08-26,complete,,
J-2023-04333,2023-09-25,complete,,
J-2025-02230,2025-04-28,short,JS-48023,21.0
J-2025-01573,2025-03-18,short,JS-47500,7.0
J-2025-00309,2025-01-23,short,JS-45245,54.0
J-2023-04303,2023-09-27,complete,,
J-2023-04057,2023-09-08,short,JS-41202,4.0
J-2025-06517,2025-11-17,complete,,
J-2023-01380,2023-03-24,short,JS-44306,32.0
J-2024-02268,2024-05-08,complete,,
J-2025-05087,2025-09-30,complete,,
J-2024-01733,2024-04-08,short,JS-42356,56.0
J-2025-02765,2025-05-13,short,JS-45871,17.0
J-2025-06627,2025-11-14,short,JS-43053,40.0
J-2025-02398,2025-05-15,complete,,
J-2023-05400,2023-11-06,short,JS-49264,13.0
J-2022-03081,2023-01-10,complete,,
J-2025-06160,2025-11-13,complete,,
J-2024-01975,2024-05-14,complete,,
J-2025-03372,2025-06-30,complete,,
J-2023-02933,2023-07-03,complete,,
J-2023-05294,2023-11-09,complete,,
J-2025-03741,2025-07-11,complete,,
J-2025-05297,2025-09-18,short,JS-49369,29.0
J-2023-02639,2023-06-05,short,JS-42027,8.0
J-2024-03398,2024-07-02,complete,,
J-2024-03788,2024-08-01,short,JS-44962,48.0
J-2024-05458,2024-10-24,complete,,
J-2024-01571,2024-04-09,short,JS-40840,30.0
J-2024-06156,2024-11-22,short,JS-49128,23.0
J-2024-01651,2024-04-18,complete,,
J-2024-02152,2024-05-10,complete,,
J-2023-00842,2023-02-20,short,JS-47740,33.0
J-2024-06948,2024-12-20,complete,,
J-2025-02879,2025-05-22,complete,,
J-2025-01401,2025-03-21,complete,,
J-2023-04647,2023-10-06,complete,,
J-2025-01531,2025-03-25,complete,,
J-2024-02085,2024-04-26,short,JS-42691,33.0
J-2023-00394,2023-02-10,complete,,
J-2024-02421,2024-05-15,short,JS-43590,22.0
J-2025-01341,2025-03-06,short,JS-43910,15.0
J-2024-06625,2024-12-16,complete,,
J-2023-01150,2023-03-10,short,JS-45322,20.0
J-2024-00130,2024-01-16,complete,,
J-2025-05810,2025-10-09,short,JS-46721,37.0
J-2024-00056,2024-01-19,complete,,
J-2024-00630,2024-02-08,short,JS-43452,8.0
J-2024-00773,2024-02-29,complete,,
J-2023-00946,2023-03-14,complete,,
J-2025-00862,2025-03-06,complete,,
J-2024-05886,2024-11-21,complete,,
J-2024-00430,2024-02-19,complete,,
J-2024-04138,2024-08-19,short,JS-46259,25.0
J-2025-00943,2025-03-18,complete,,
J-2025-00859,2025-02-13,short,JS-47647,51.0
J-2024-06884,2025-01-20,complete,,
J-2025-04027,2025-07-17,short,JS-47810,1.0
J-2024-02174,2024-05-01,short,JS-42473,28.0
J-2025-02460,2025-05-08,complete,,
J-2024-05037,2024-10-08,short,JS-44810,44.0
J-2023-00876,2023-03-02,complete,,
J-2023-01831,2023-04-24,complete,,
J-2024-00124,2024-02-13,complete,,
J-2024-05625,2024-10-30,short,JS-44396,47.0
J-2023-03691,2023-08-17,complete,,
J-2025-02834,2025-06-06,complete,,
J-2025-05135,2025-09-25,complete,,
J-2024-04806,2024-09-27,complete,,
J-2023-02678,2023-06-13,complete,,
J-2023-03957,2023-09-07,complete,,
J-2023-05138,2023-11-02,complete,,
J-2024-03711,2024-08-12,complete,,
J-2025-03848,2025-07-25,complete,,
J-2025-05868,2025-11-07,complete,,
J-2025-01615,2025-04-08,complete,,
J-2024-00001,2024-01-02,short,JS-43405,26.0
J-2025-05580,2025-10-07,complete,,
J-2023-05058,2023-11-02,complete,,
J-2025-02309,2025-05-08,complete,,
J-2024-03386,2024-07-10,complete,,
J-2025-02921,2025-05-28,complete,,
J-2023-03506,2023-08-02,short,JS-43807,30.0
J-2023-02365,2023-05-30,complete,,
J-2024-03860,2024-08-02,complete,,
J-2024-05834,2024-12-06,complete,,
J-2025-03840,2025-07-07,short,JS-48389,7.0
J-2024-00903,2024-03-04,complete,,
J-2023-01625,2023-04-20,complete,,
J-2024-00985,2024-02-28,short,JS-49481,29.0
J-2025-06538,2025-11-10,short,JS-47862,11.0
J-2024-05194,2024-10-17,complete,,
J-2025-06570,2025-11-24,complete,,
J-2023-03205,2023-07-18,short,JS-43379,4.0
J-2025-00003,2025-01-13,complete,,
J-2025-02174,2025-04-16,short,JS-42727,58.0
J-2025-02948,2025-07-07,complete,,
J-2023-03219,2023-07-10,short,JS-45563,52.0
J-2024-06540,2024-12-17,complete,,
J-2023-00627,2023-02-16,complete,,
J-2023-05454,2023-11-27,complete,,
J-2022-03183,2023-01-06,complete,,
J-2023-04017,2023-09-13,short,JS-40127,21.0
J-2023-00455,2023-02-01,complete,,
J-2025-02153,2025-04-18,complete,,
J-2025-01592,2025-03-20,complete,,
J-2024-03038,2024-06-24,complete,,
J-2024-02230,2024-05-10,complete,,
J-2025-05304,2025-09-18,short,JS-41520,13.0
J-2023-00838,2023-02-28,complete,,
J-2025-03303,2025-06-20,complete,,
J-2025-03504,2025-06-19,short,JS-43887,23.0
J-2025-06764,2025-12-04,complete,,
J-2024-02240,2024-05-06,short,JS-46474,32.0
J-2023-04334,2023-09-28,complete,,
J-2023-04895,2023-11-08,complete,,
J-2024-00235,2024-01-16,short,JS-46827,42.0
J-2024-03720,2024-07-29,short,JS-41034,4.0
J-2025-04114,2025-08-04,complete,,
J-2024-02030,2024-05-10,complete,,
J-2023-00770,2023-02-28,complete,,
J-2025-03333,2025-07-08,complete,,
J-2023-05076,2023-10-24,complete,,
J-2024-01603,2024-04-09,complete,,
J-2025-00838,2025-02-19,complete,,
J-2023-05283,2023-11-01,short,JS-48490,15.0
J-2023-00824,2023-02-17,short,JS-47536,11.0
J-2023-01922,2023-05-02,short,JS-44749,22.0
J-2024-05475,2024-11-05,short,JS-42417,40.0
J-2025-07431,2026-01-23,complete,,
J-2023-05990,2023-12-19,complete,,
J-2024-01541,2024-04-08,complete,,
J-2024-03402,2024-07-16,complete,,
J-2024-05210,2024-10-09,short,JS-46854,39.0
J-2024-05926,2024-11-14,complete,,
J-2025-01890,2025-04-04,complete,,
J-2023-03953,2023-08-28,short,JS-40651,32.0
J-2025-02768,2025-05-22,complete,,
J-2024-03269,2024-07-09,complete,,
J-2024-05447,2024-10-21,short,JS-42691,54.0
J-2023-01804,2023-04-18,complete,,
J-2023-05016,2023-11-02,complete,,
J-2023-03369,2023-08-10,complete,,
J-2025-05228,2025-10-09,complete,,
J-2023-04469,2023-09-25,short,JS-45980,50.0
J-2025-04788,2025-08-28,complete,,
J-2025-06543,2025-11-21,complete,,
J-2025-00572,2025-02-03,short,JS-48245,8.0
J-2023-00629,2023-02-09,short,JS-42254,59.0
J-2023-00750,2023-03-02,complete,,
J-2025-02150,2025-04-21,complete,,
J-2023-01547,2023-04-24,complete,,
J-2025-00547,2025-02-10,complete,,
J-2023-05680,2023-12-04,complete,,
J-2024-04402,2024-09-03,short,JS-48279,59.0
J-2025-05819,2025-10-16,complete,,
J-2024-00377,2024-02-02,complete,,
J-2025-07203,2025-12-18,complete,,
J-2025-05093,2025-09-15,short,JS-44913,47.0
J-2024-04333,2024-09-10,complete,,
J-2023-06031,2024-01-11,complete,,
J-2023-04315,2023-09-25,complete,,
J-2024-01266,2024-03-12,short,JS-42482,20.0
J-2023-01864,2023-04-20,complete,,
J-2023-01844,2023-04-21,complete,,
J-2023-04836,2023-10-20,complete,,
J-2023-04570,2023-10-02,short,JS-47276,57.0
J-2023-01212,2023-04-06,complete,,
J-2024-02258,2024-05-22,complete,,
J-2024-03043,2024-07-01,complete,,
J-2023-02569,2023-06-02,complete,,
J-2023-03451,2023-08-02,complete,,
J-2023-02913,2023-07-05,complete,,
J-2024-01283,2024-03-19,complete,,
J-2024-02190,2024-05-10,short,JS-42957,17.0
J-2023-01042,2023-03-03,short,JS-47477,18.0
J-2023-04869,2023-10-13,complete,,
J-2023-03656,2023-08-14,short,JS-43692,31.0
J-2025-02002,2025-04-18,complete,,
J-2024-00716,2024-03-15,complete,,
J-2025-00253,2025-01-23,complete,,
J-2025-03075,2025-06-06,short,JS-46686,24.0
J-2025-00403,2025-02-06,complete,,
J-2024-01954,2024-04-22,short,JS-41236,26.0
J-2025-06700,2025-11-17,short,JS-49023,3.0
J-2023-04349,2023-09-29,complete,,
J-2023-00212,2023-01-19,complete,,
J-2024-02186,2024-05-10,complete,,
J-2025-00453,2025-01-30,complete,,
J-2024-06519,2024-12-04,short,JS-48032,11.0
J-2024-01441,2024-03-28,complete,,
J-2024-00508,2024-02-01,short,JS-42897,38.0
J-2023-05403,2023-11-16,complete,,
J-2023-04910,2023-10-26,complete,,
J-2024-01909,2024-04-25,complete,,
J-2024-04556,2024-09-10,short,JS-48869,15.0
J-2024-06723,2024-12-20,complete,,
J-2025-06389,2025-11-13,complete,,
J-2023-04012,2023-09-01,complete,,
J-2024-05875,2024-11-26,complete,,
J-2025-00096,2025-01-22,complete,,
J-2023-00250,2023-02-03,complete,,
J-2025-05050,2025-09-26,complete,,
J-2024-01526,2024-04-05,complete,,
J-2025-07680,2026-01-08,complete,,
J-2023-06087,2023-12-11,short,JS-49606,10.0
J-2025-06853,2025-12-03,short,JS-48237,6.0
J-2025-00387,2025-02-12,complete,,
J-2024-04491,2024-09-23,complete,,
J-2024-01588,2024-04-02,complete,,
J-2025-05343,2025-09-30,short,JS-49643,14.0
J-2023-00474,2023-02-03,complete,,
J-2023-03633,2023-08-03,complete,,
J-2024-02211,2024-05-23,complete,,
J-2025-06231,2025-10-28,short,JS-44393,59.0
J-2024-01369,2024-03-28,complete,,
J-2023-05723,2023-12-04,complete,,
J-2025-00287,2025-01-20,short,JS-42586,18.0
J-2024-04897,2024-10-17,complete,,
J-2024-05838,2024-11-14,short,JS-40686,8.0
J-2024-01669,2024-04-15,complete,,
J-2025-07041,2025-12-11,complete,,
J-2023-01982,2023-05-11,complete,,
J-2024-03423,2024-07-16,complete,,
J-2025-07147,2025-12-08,short,JS-45637,32.0
J-2025-05355,2025-10-16,complete,,
J-2023-05096,2023-11-01,complete,,
J-2024-02105,2024-05-06,complete,,
J-2023-05648,2023-11-20,short,JS-40973,59.0
J-2024-00960,2024-02-27,complete,,
J-2023-05741,2023-12-06,complete,,
J-2024-05748,2024-11-13,complete,,
J-2025-04604,2025-08-25,complete,,
J-2023-02230,2023-05-09,short,JS-40878,18.0
J-2024-01734,2024-04-11,complete,,
J-2023-01224,2023-03-23,short,JS-48791,20.0
J-2024-05480,2024-10-28,complete,,
J-2023-03503,2023-08-03,complete,,
J-2023-03285,2023-07-21,complete,,
J-2025-00066,2025-01-16,complete,,
J-2024-07104,2025-01-13,short,JS-46469,1.0
J-2025-01715,2025-03-26,short,JS-46981,47.0
J-2023-02630,2023-06-16,complete,,
J-2025-02281,2025-04-23,short,JS-49630,19.0
J-2023-06452,2024-01-18,complete,,
J-2025-01478,2025-03-12,short,JS-49978,40.0
J-2024-01055,2024-03-07,short,JS-45115,47.0
J-2025-01131,2025-02-24,short,JS-44879,16.0
J-2024-00019,2024-01-23,complete,,
J-2025-03244,2025-06-09,short,JS-42575,29.0
J-2025-01858,2025-04-23,complete,,
J-2023-02248,2023-06-05,complete,,
J-2024-03595,2024-08-02,complete,,
J-2024-01736,2024-04-16,complete,,
J-2023-00900,2023-03-06,complete,,
J-2023-03107,2023-06-30,short,JS-40247,18.0
J-2024-00879,2024-02-23,complete,,
J-2025-06778,2025-12-04,complete,,
J-2024-02801,2024-06-17,complete,,
J-2023-01383,2023-04-05,short,JS-40854,10.0
J-2023-04398,2023-09-20,complete,,
J-2024-05492,2024-11-01,short,JS-48876,30.0
J-2023-02161,2023-06-09,complete,,
J-2025-03862,2025-07-10,complete,,
J-2023-04565,2023-09-27,short,JS-44690,38.0
J-2023-03335,2023-07-21,short,JS-49853,40.0
J-2024-02275,2024-06-13,complete,,
J-2024-05816,2024-12-11,complete,,
J-2024-00418,2024-01-26,short,JS-49390,6.0
J-2024-05122,2024-10-09,complete,,
J-2024-02654,2024-05-29,short,JS-49307,28.0
J-2023-03904,2023-08-24,short,JS-44178,49.0
J-2023-04272,2023-09-26,complete,,
J-2025-07163,2025-12-16,complete,,
J-2024-03063,2024-06-25,complete,,
J-2024-06894,2025-01-09,complete,,
J-2024-05406,2024-10-24,short,JS-40531,17.0
J-2025-01083,2025-02-24,short,JS-41239,54.0
J-2023-01305,2023-04-06,complete,,
J-2024-01897,2024-04-17,short,JS-44850,34.0
J-2024-03232,2024-06-25,complete,,
J-2025-03738,2025-07-01,complete,,
J-2025-04967,2025-09-12,complete,,
J-2024-02702,2024-06-12,complete,,
J-2023-03621,2023-08-16,complete,,
J-2025-06644,2025-12-01,complete,,
J-2023-02240,2023-05-18,complete,,
J-2023-04840,2023-10-23,complete,,
J-2024-03139,2024-06-25,complete,,
J-2023-04983,2023-11-01,complete,,
J-2025-03615,2025-07-10,complete,,
J-2024-07092,2025-01-07,complete,,
J-2024-03662,2024-07-30,complete,,
J-2024-05734,2024-11-04,short,JS-47974,8.0
J-2022-03130,2023-01-04,complete,,
J-2024-02404,2024-05-17,complete,,
J-2025-01107,2025-03-04,complete,,
J-2023-00639,2023-02-20,complete,,
J-2023-04841,2023-10-16,complete,,
J-2024-05085,2024-10-15,complete,,
J-2023-06223,2023-12-15,short,JS-47020,58.0
J-2023-02308,2023-05-26,complete,,
J-2023-04806,2023-10-17,complete,,
J-2024-02141,2024-05-08,complete,,
J-2025-05831,2025-10-21,complete,,
J-2023-02220,2023-05-16,complete,,
J-2024-05060,2024-11-05,complete,,
J-2025-05841,2025-10-24,short,JS-42386,36.0
J-2024-02253,2024-05-17,complete,,
J-2023-03315,2023-08-04,complete,,
J-2023-02987,2023-07-14,complete,,
J-2023-02586,2023-06-09,complete,,
J-2024-03520,2024-07-10,short,JS-47208,55.0
J-2025-06743,2025-12-12,complete,,
J-2023-05916,2023-12-05,short,JS-42166,31.0
J-2023-02039,2023-05-12,complete,,
J-2024-05582,2024-11-04,complete,,
J-2024-01015,2024-03-13,complete,,
J-2024-05956,2024-11-14,complete,,
J-2023-01851,2023-04-25,complete,,
J-2023-02373,2023-05-19,complete,,
J-2024-04336,2024-09-12,complete,,
J-2025-01652,2025-04-14,complete,,
J-2025-05523,2025-10-02,complete,,
J-2023-00630,2023-02-14,short,JS-41364,5.0
J-2024-01184,2024-03-15,short,JS-42375,35.0
J-2024-04200,2024-08-26,complete,,
J-2023-05049,2023-11-15,complete,,
J-2024-03852,2024-08-12,short,JS-49795,55.0
J-2025-04590,2025-08-20,complete,,
J-2025-01381,2025-03-12,short,JS-46480,14.0
J-2024-00210,2024-01-15,short,JS-41417,49.0
J-2025-05508,2025-10-01,complete,,
J-2023-04391,2023-09-26,complete,,
J-2024-03132,2024-07-15,complete,,
J-2023-00992,2023-02-28,short,JS-41248,58.0
J-2024-04956,2024-09-27,short,JS-46948,15.0
J-2023-00922,2023-02-27,complete,,
J-2025-01695,2025-03-26,complete,,
J-2025-03353,2025-06-20,complete,,
J-2023-06294,2024-01-05,complete,,
J-2025-01777,2025-03-28,short,JS-47503,23.0
J-2025-02313,2025-05-02,complete,,
J-2024-05305,2024-10-14,short,JS-49809,31.0
J-2023-00702,2023-02-15,complete,,
J-2025-00105,2025-01-10,short,JS-42882,4.0
J-2024-03673,2024-07-22,short,JS-47064,25.0
J-2025-06956,2025-12-08,short,JS-49870,28.0
J-2025-00483,2025-01-28,short,JS-49149,39.0
J-2025-05272,2025-09-29,complete,,
J-2024-01858,2024-04-19,complete,,
J-2025-03610,2025-07-08,complete,,
J-2023-03667,2023-08-09,short,JS-46648,49.0
J-2023-06245,2024-01-05,complete,,
J-2023-03234,2023-07-11,short,JS-47115,11.0
J-2024-03782,2024-08-07,complete,,
J-2025-04648,2025-08-25,short,JS-45388,4.0
J-2025-07620,2026-01-06,complete,,
J-2024-01872,2024-04-24,complete,,
J-2024-05657,2024-11-20,complete,,
J-2024-00667,2024-02-22,complete,,
J-2023-04470,2023-09-25,short,JS-49066,32.0
J-2025-06349,2025-11-10,complete,,
J-2024-04713,2024-09-30,complete,,
J-2025-03361,2025-07-03,complete,,
J-2025-05826,2025-10-20,complete,,
J-2025-00963,2025-03-03,complete,,
J-2025-00780,2025-02-14,complete,,
J-2024-06375,2024-11-27,short,JS-47796,57.0
J-2025-06581,2025-11-19,complete,,
J-2023-05943,2023-12-05,short,JS-40592,41.0
J-2025-01922,2025-04-10,complete,,
J-2025-04890,2025-09-08,short,JS-46013,28.0
J-2024-04635,2024-09-20,complete,,
J-2025-01372,2025-03-07,short,JS-48326,48.0
J-2024-03387,2024-07-01,short,JS-42045,49.0
J-2023-02723,2023-06-26,complete,,
J-2025-06834,2025-11-26,short,JS-45621,42.0
J-2024-04924,2024-10-08,complete,,
J-2023-00482,2023-02-17,complete,,
J-2024-06768,2024-12-23,complete,,
J-2025-01252,2025-03-21,complete,,
J-2023-04534,2023-10-12,complete,,
J-2025-02978,2025-05-28,complete,,
J-2024-00657,2024-02-12,short,JS-45183,6.0
J-2023-04175,2023-09-20,complete,,
J-2023-04835,2023-10-18,short,JS-45550,58.0
J-2025-02589,2025-05-05,short,JS-41618,31.0
J-2025-01585,2025-03-26,complete,,
J-2023-01827,2023-04-27,complete,,
J-2025-02730,2025-05-29,complete,,
J-2024-04219,2024-08-22,short,JS-49512,40.0
J-2024-04246,2024-08-26,short,JS-44559,18.0
J-2024-02782,2024-06-13,complete,,
J-2025-01829,2025-03-31,short,JS-49016,8.0
J-2025-04565,2025-08-28,complete,,
J-2025-01699,2025-03-24,short,JS-47782,39.0
J-2025-01618,2025-03-31,complete,,
J-2024-05702,2024-11-04,short,JS-47569,13.0
J-2023-02814,2023-07-03,complete,,
J-2025-02675,2025-05-22,complete,,
J-2025-03211,2025-06-17,complete,,
J-2023-03389,2023-08-02,complete,,
J-2024-01148,2024-03-11,complete,,
J-2025-05377,2025-09-22,short,JS-41979,14.0
J-2025-07399,2026-01-05,complete,,
J-2023-05488,2023-11-10,short,JS-43351,11.0
J-2025-05144,2025-09-25,complete,,
J-2024-03212,2024-07-03,complete,,
J-2025-07247,2025-12-22,complete,,
J-2024-04139,2024-08-22,complete,,
J-2024-06586,2024-12-09,short,JS-49937,50.0
J-2023-05354,2023-11-15,complete,,
J-2022-02926,2023-01-06,complete,,
J-2025-04752,2025-08-25,short,JS-43213,45.0
J-2024-02052,2024-05-24,complete,,
J-2023-00388,2023-01-25,short,JS-42928,3.0
J-2025-04482,2025-08-12,complete,,
J-2024-06687,2024-12-13,short,JS-46195,39.0
J-2024-01225,2024-03-15,complete,,
J-2023-02950,2023-06-22,short,JS-40446,56.0
J-2024-05645,2024-11-07,complete,,
J-2023-03317,2023-07-21,complete,,
J-2024-02387,2024-05-22,complete,,
J-2023-03937,2023-09-07,complete,,
J-2025-01399,2025-03-12,complete,,
J-2025-07514,2025-12-23,complete,,
J-2023-05051,2023-11-02,complete,,
J-2025-04836,2025-09-05,complete,,
J-2024-02641,2024-05-31,complete,,
J-2023-00733,2023-02-16,short,JS-45630,9.0
J-2025-04433,2025-08-21,complete,,
J-2024-05283,2024-10-29,complete,,
J-2023-04606,2023-10-03,complete,,
J-2025-02608,2025-05-16,complete,,
J-2025-03337,2025-06-12,short,JS-41526,13.0
J-2023-05938,2023-12-20,complete,,
J-2025-07435,2025-12-22,short,JS-49661,35.0
J-2025-02381,2025-05-15,complete,,
J-2024-05266,2024-10-14,short,JS-42110,15.0
J-2024-00257,2024-01-19,complete,,
J-2025-00977,2025-02-19,complete,,
J-2025-03318,2025-06-19,complete,,
J-2023-04949,2023-10-17,short,JS-46957,7.0
J-2025-02984,2025-05-29,complete,,
J-2022-03152,2023-01-04,complete,,
J-2024-05814,2024-11-12,complete,,
J-2025-06315,2025-11-12,complete,,
J-2025-06787,2025-12-11,complete,,
J-2025-03924,2025-07-25,complete,,
J-2024-00840,2024-02-27,complete,,
J-2024-03590,2024-07-18,complete,,
J-2024-03790,2024-08-07,complete,,
J-2025-01313,2025-03-25,complete,,
J-2025-03856,2025-07-15,complete,,
J-2025-02436,2025-05-05,complete,,
J-2023-02937,2023-06-29,complete,,
J-2024-02593,2024-06-06,complete,,
J-2023-01060,2023-03-30,complete,,
J-2024-02616,2024-05-30,complete,,
J-2025-06299,2025-11-05,short,JS-40450,30.0
J-2023-00836,2023-02-20,short,JS-47187,15.0
J-2023-03919,2023-08-25,short,JS-44777,55.0
J-2023-04441,2023-09-25,complete,,
J-2024-00843,2024-02-29,complete,,
J-2025-00796,2025-02-11,short,JS-45167,39.0
J-2023-02616,2023-06-22,complete,,
J-2023-01427,2023-04-06,complete,,
J-2024-03762,2024-08-21,complete,,
J-2024-04459,2024-09-11,complete,,
J-2024-03806,2024-07-29,short,JS-46139,28.0
J-2025-03687,2025-07-02,short,JS-48773,14.0
J-2022-03134,2023-01-12,complete,,
J-2024-06782,2024-12-19,short,JS-43151,5.0
J-2024-05690,2024-11-01,short,JS-47295,38.0
J-2023-03658,2023-08-14,short,JS-41449,51.0
J-2025-03770,2025-07-01,short,JS-44600,33.0
J-2025-05524,2025-09-29,short,JS-41968,13.0
J-2023-03790,2023-08-16,short,JS-48043,2.0
J-2024-03535,2024-07-19,complete,,
J-2025-04998,2025-09-05,short,JS-40956,49.0
J-2023-01461,2023-04-04,short,JS-41149,25.0
J-2025-05488,2025-10-07,short,JS-43523,58.0
J-2023-04796,2023-10-13,complete,,
J-2025-01576,2025-04-08,complete,,
J-2025-05854,2025-10-29,complete,,
J-2023-04584,2023-10-06,complete,,
J-2023-01692,2023-04-20,complete,,
J-2025-01371,2025-03-11,complete,,
J-2025-06413,2025-11-06,complete,,
J-2025-06378,2025-11-05,complete,,
J-2025-00914,2025-02-17,short,JS-40224,58.0
J-2024-00751,2024-02-22,complete,,
J-2025-00175,2025-01-20,complete,,
J-2025-04766,2025-08-28,complete,,
J-2024-02810,2024-06-05,short,JS-49307,49.0
J-2024-04859,2024-10-03,short,JS-41608,59.0
J-2025-03447,2025-07-07,complete,,
J-2023-05783,2023-12-01,complete,,
J-2023-05046,2023-10-31,short,JS-49375,23.0
J-2023-02650,2023-06-09,complete,,
J-2024-05065,2024-10-31,complete,,
J-2024-00178,2024-01-15,short,JS-49288,28.0
J-2025-05886,2025-10-13,short,JS-46243,6.0
J-2023-05979,2023-12-20,complete,,
J-2023-01890,2023-04-25,complete,,
J-2025-02214,2025-04-29,short,JS-48735,5.0
J-2023-00645,2023-02-07,short,JS-48434,20.0
J-2024-02729,2024-06-06,complete,,
J-2023-02215,2023-05-24,complete,,
J-2025-02623,2025-05-19,complete,,
J-2025-01246,2025-03-04,complete,,
J-2023-03643,2023-08-21,complete,,
J-2023-01637,2023-04-20,complete,,
J-2024-02125,2024-04-29,short,JS-46038,9.0
J-2023-03846,2023-08-21,short,JS-45672,12.0
J-2024-05792,2024-11-22,complete,,
J-2025-02557,2025-05-14,complete,,
J-2024-02272,2024-06-19,complete,,
J-2024-01462,2024-04-10,complete,,
J-2025-04743,2025-09-08,complete,,
J-2024-02512,2024-05-28,short,JS-44422,24.0
J-2024-02176,2024-05-09,complete,,
J-2023-04623,2023-10-02,short,JS-45033,12.0
J-2024-00126,2024-01-11,short,JS-48363,27.0
J-2025-06271,2025-11-05,complete,,
J-2023-02491,2023-06-12,complete,,
J-2024-06899,2024-12-18,short,JS-41250,57.0
J-2023-01796,2023-04-17,short,JS-47108,52.0
J-2025-06358,2025-11-07,complete,,
J-2024-00888,2024-03-07,complete,,
J-2025-04898,2025-09-09,complete,,
J-2023-03345,2023-07-18,short,JS-44115,21.0
J-2023-05962,2023-12-18,complete,,
J-2023-02439,2023-06-01,complete,,
J-2024-07028,2024-12-23,short,JS-47011,20.0
J-2025-03881,2025-07-25,complete,,
J-2023-04307,2023-09-15,short,JS-45424,29.0
J-2024-06241,2024-11-22,short,JS-46881,27.0
J-2023-04069,2023-09-05,short,JS-40932,28.0
J-2025-01442,2025-03-27,complete,,
J-2024-03203,2024-06-28,complete,,
J-2025-06176,2025-11-14,complete,,
J-2025-04288,2025-08-05,complete,,
J-2024-02823,2024-06-06,short,JS-44990,49.0
J-2024-04237,2024-09-09,complete,,
J-2023-06191,2023-12-14,short,JS-42653,30.0
J-2023-02137,2023-05-04,short,JS-49924,9.0
J-2023-06302,2024-01-08,complete,,
J-2025-06079,2025-11-06,complete,,
J-2025-04102,2025-07-22,short,JS-40839,13.0
J-2024-05301,2024-10-16,short,JS-44544,18.0
J-2024-06166,2024-11-20,short,JS-41789,49.0
J-2025-00312,2025-01-29,complete,,
J-2025-01060,2025-03-07,complete,,
J-2023-05837,2023-12-01,short,JS-47699,54.0
J-2024-03778,2024-07-26,short,JS-44020,32.0
J-2023-03724,2023-08-10,short,JS-41369,22.0
J-2024-01397,2024-04-01,complete,,
J-2023-05391,2023-11-07,complete,,
J-2023-05411,2023-11-13,complete,,
J-2023-05167,2023-11-07,complete,,
J-2023-00572,2023-02-14,complete,,
J-2024-04310,2024-09-19,complete,,
J-2023-00286,2023-01-20,short,JS-40781,27.0
J-2024-05327,2024-10-22,complete,,
J-2023-01714,2023-04-24,complete,,
J-2023-03313,2023-07-27,complete,,
J-2022-03082,2023-01-03,complete,,
J-2023-06331,2024-01-08,complete,,
J-2023-01487,2023-04-04,short,JS-42578,25.0
J-2023-02872,2023-06-30,complete,,
J-2024-03919,2024-08-05,short,JS-49861,29.0
J-2025-04720,2025-08-29,complete,,
J-2023-01220,2023-03-23,complete,,
J-2024-06181,2024-11-20,short,JS-46014,49.0
J-2023-02726,2023-06-26,complete,,
J-2023-04052,2023-09-27,complete,,
J-2023-01872,2023-04-20,short,JS-42509,54.0
J-2024-02960,2024-06-21,complete,,
J-2024-06706,2024-12-11,short,JS-40808,26.0
J-2025-04881,2025-09-02,complete,,
J-2024-03032,2024-06-24,complete,,
J-2025-02550,2025-05-05,short,JS-40680,17.0
J-2023-03932,2023-09-07,short,JS-48727,50.0
J-2023-03592,2023-08-07,short,JS-48273,3.0
J-2025-01627,2025-03-28,complete,,
J-2024-06629,2025-01-17,complete,,
J-2025-00770,2025-02-12,complete,,
J-2024-00596,2024-02-08,complete,,
J-2024-04453,2024-09-05,short,JS-41497,55.0
J-2025-05123,2025-09-15,complete,,
J-2023-01278,2023-03-22,complete,,
J-2024-00589,2024-02-20,complete,,
J-2024-05035,2024-10-14,complete,,
J-2025-01414,2025-03-14,complete,,
J-2025-04196,2025-08-06,short,JS-49880,16.0
J-2023-05287,2023-11-21,complete,,
J-2025-00019,2025-01-09,complete,,
J-2025-00982,2025-03-07,complete,,
J-2023-01350,2023-03-29,complete,,
J-2025-07131,2025-12-22,complete,,
J-2023-04197,2023-10-02,complete,,
J-2025-05067,2025-09-16,complete,,
J-2025-05449,2025-09-26,short,JS-49969,3.0
J-2024-05610,2024-10-29,short,JS-46113,51.0
J-2024-04735,2024-09-26,complete,,
J-2025-06899,2025-11-25,complete,,
J-2025-00322,2025-01-29,complete,,
J-2025-01822,2025-04-10,complete,,
J-2023-04721,2023-10-10,complete,,
J-2024-04836,2024-09-23,short,JS-47180,13.0
J-2025-01817,2025-04-02,complete,,
J-2025-05732,2025-10-14,complete,,
J-2025-03896,2025-07-14,complete,,
J-2025-04363,2025-08-06,complete,,
J-2023-04948,2023-10-24,complete,,
J-2023-05065,2023-10-23,short,JS-41160,45.0
J-2024-02530,2024-05-30,complete,,
J-2023-01331,2023-03-27,complete,,
J-2025-05906,2025-10-27,complete,,
J-2025-03114,2025-06-09,complete,,
J-2023-05365,2023-11-15,complete,,
J-2024-01226,2024-03-22,complete,,
J-2024-05828,2024-11-08,short,JS-43444,29.0
J-2025-05950,2025-10-24,short,JS-45353,11.0
J-2024-04882,2024-10-09,complete,,
J-2023-01167,2023-03-14,complete,,
J-2023-05272,2023-11-10,complete,,
J-2025-04547,2025-08-29,complete,,
J-2023-02320,2023-05-17,complete,,
J-2024-05811,2024-11-11,complete,,
J-2025-03119,2025-06-02,short,JS-44057,54.0
J-2024-01311,2024-03-22,complete,,
J-2024-01817,2024-04-23,complete,,
J-2025-05070,2025-09-16,complete,,
J-2024-06989,2025-01-23,complete,,
J-2023-03602,2023-08-10,complete,,
J-2023-02521,2023-06-06,short,JS-41578,45.0
J-2023-05788,2024-01-09,complete,,
J-2024-04988,2024-10-02,complete,,
J-2024-05247,2024-10-24,complete,,
J-2023-00305,2023-01-23,short,JS-49025,17.0
J-2024-07036,2024-12-23,short,JS-46383,52.0
J-2025-04045,2025-07-24,complete,,
J-2025-06038,2025-10-31,short,JS-46565,26.0
J-2023-03719,2023-08-10,short,JS-40608,34.0
J-2025-00031,2025-01-21,complete,,
J-2024-04443,2024-09-03,short,JS-49625,30.0
J-2025-01043,2025-03-14,complete,,
J-2023-02402,2023-05-24,complete,,
J-2023-03918,2023-09-06,short,JS-42583,59.0
J-2025-00209,2025-01-22,complete,,
J-2025-04461,2025-08-19,complete,,
J-2023-04851,2023-10-19,short,JS-45889,59.0
J-2025-02073,2025-05-05,complete,,
J-2025-04532,2025-08-14,short,JS-48099,19.0
J-2024-00728,2024-02-28,complete,,
J-2025-06701,2025-11-18,complete,,
J-2024-00947,2024-03-07,short,JS-47887,12.0
J-2025-03312,2025-06-25,complete,,
J-2024-01833,2024-04-15,short,JS-42957,46.0
J-2023-06425,2024-01-10,short,JS-45694,40.0
J-2024-05382,2024-10-25,complete,,
J-2025-00620,2025-02-06,complete,,
J-2023-00071,2023-01-17,complete,,
J-2023-02385,2023-05-26,complete,,
J-2023-00020,2023-01-13,complete,,
J-2025-01085,2025-02-26,short,JS-43407,16.0
J-2023-03530,2023-07-27,short,JS-47815,59.0
J-2023-04361,2023-09-22,complete,,
J-2023-01075,2023-03-07,short,JS-48590,48.0
J-2023-06435,2023-12-22,short,JS-41221,16.0
J-2024-05699,2024-11-04,short,JS-40063,12.0
J-2024-02225,2024-05-17,complete,,
J-2025-06665,2025-11-19,complete,,
J-2024-03196,2024-07-01,short,JS-42389,42.0
J-2024-03505,2024-07-16,short,JS-41469,59.0
J-2025-07701,2026-01-09,complete,,
J-2023-03267,2023-07-21,complete,,
J-2025-05194,2025-09-26,complete,,
J-2024-03115,2024-06-17,short,JS-40685,30.0
J-2023-03864,2023-08-22,short,JS-46329,55.0
J-2024-06183,2025-01-03,complete,,
J-2025-02889,2025-06-10,complete,,
J-2025-04265,2025-08-07,short,JS-44017,50.0
J-2025-01046,2025-03-04,complete,,
J-2025-05544,2025-10-07,complete,,
J-2025-03701,2025-07-01,complete,,
J-2024-05320,2024-10-17,complete,,
J-2025-00599,2025-02-11,complete,,
J-2024-01593,2024-04-01,complete,,
J-2024-03504,2024-07-09,short,JS-44965,20.0
J-2023-02705,2023-06-19,complete,,
J-2025-00779,2025-03-19,complete,,
J-2025-05500,2025-10-06,short,JS-42536,53.0
J-2025-00357,2025-02-12,complete,,
J-2024-01870,2024-04-25,complete,,
J-2025-00684,2025-02-20,complete,,
J-2024-01784,2024-04-10,short,JS-48923,42.0
J-2025-01337,2025-03-11,complete,,
J-2025-07122,2025-12-17,complete,,
J-2024-06302,2024-12-19,complete,,
J-2025-02390,2025-05-05,complete,,
J-2023-03965,2023-09-20,complete,,
J-2025-00182,2025-01-14,short,JS-40880,46.0
J-2025-06774,2025-11-19,short,JS-40333,54.0
J-2024-06801,2025-01-03,complete,,
J-2023-00949,2023-03-28,complete,,
J-2025-01870,2025-04-11,complete,,
J-2024-04058,2024-08-22,complete,,
J-2024-02603,2024-06-03,complete,,
J-2025-01142,2025-03-07,complete,,
J-2024-00275,2024-01-24,complete,,
J-2025-03356,2025-06-20,complete,,
J-2023-02077,2023-05-11,complete,,
J-2024-03389,2024-07-01,short,JS-44741,2.0
J-2023-02173,2023-05-18,complete,,
J-2023-05592,2023-11-16,short,JS-42047,16.0
J-2025-06211,2025-10-27,short,JS-48339,9.0
J-2023-06049,2023-12-12,short,JS-40716,47.0
J-2023-04596,2023-10-17,complete,,
J-2023-04086,2023-09-13,complete,,
J-2025-01912,2025-04-18,complete,,
J-2025-02963,2025-06-03,complete,,
J-2024-00704,2024-02-13,short,JS-49921,7.0
J-2024-03893,2024-08-01,short,JS-47720,35.0
J-2024-00013,2024-01-18,complete,,
J-2023-02659,2023-06-05,short,JS-43760,10.0
J-2023-03975,2023-09-27,complete,,
J-2025-05063,2025-09-08,short,JS-49550,37.0
J-2025-04826,2025-09-05,short,JS-42812,57.0
J-2025-07497,2026-01-09,complete,,
J-2024-02728,2024-06-11,short,JS-46354,38.0
J-2023-02971,2023-06-23,short,JS-40747,37.0
J-2025-03553,2025-07-01,short,JS-42515,48.0
J-2025-04594,2025-08-18,short,JS-46722,26.0
J-2025-00516,2025-02-12,complete,,
J-2024-03418,2024-07-11,complete,,
J-2024-01697,2024-04-23,complete,,
J-2023-02541,2023-06-08,complete,,
J-2024-00928,2024-03-06,complete,,
J-2024-05924,2024-11-12,complete,,
J-2025-03597,2025-06-24,short,JS-40244,21.0
J-2024-01213,2024-03-18,complete,,
J-2024-00991,2024-03-08,complete,,
J-2024-02933,2024-06-17,complete,,
J-2024-00318,2024-01-25,complete,,
J-2024-02048,2024-04-25,short,JS-47947,39.0
J-2024-02675,2024-06-07,complete,,
J-2023-03756,2023-08-30,complete,,
J-2024-06273,2024-12-11,complete,,
J-2024-00777,2024-02-16,short,JS-49534,26.0
J-2023-04123,2023-09-12,complete,,
J-2024-00224,2024-01-19,complete,,
J-2023-03059,2023-06-28,short,JS-49972,4.0
J-2025-07144,2025-12-19,complete,,
J-2024-00391,2024-02-08,complete,,
J-2023-05874,2023-12-22,complete,,
J-2025-01262,2025-03-25,complete,,
J-2023-02350,2023-05-26,short,JS-44870,19.0
J-2025-05276,2025-09-22,complete,,
J-2023-06124,2023-12-20,complete,,
J-2024-04451,2024-09-09,complete,,
J-2024-02695,2024-06-05,complete,,
J-2025-00098,2025-01-15,short,JS-46661,19.0
J-2025-01655,2025-04-01,complete,,
J-2025-01464,2025-03-11,short,JS-45754,23.0
J-2024-00518,2024-02-12,complete,,
J-2023-03346,2023-07-20,short,JS-42626,17.0
J-2023-02299,2023-05-30,complete,,
J-2023-03012,2023-07-07,complete,,
J-2025-01617,2025-03-31,complete,,
J-2024-06962,2025-01-06,complete,,
J-2025-07098,2025-12-04,short,JS-45156,56.0
J-2025-03839,2025-07-24,complete,,
J-2023-05090,2023-10-27,short,JS-42222,38.0
J-2023-05281,2023-10-31,short,JS-44630,22.0
J-2024-06430,2024-12-05,complete,,
J-2025-03346,2025-06-20,short,JS-48470,59.0
J-2023-00397,2023-02-13,complete,,
J-2025-06560,2025-11-12,short,JS-41917,19.0
J-2025-02047,2025-04-11,complete,,
J-2025-02404,2025-05-06,complete,,
J-2024-06250,2024-12-04,short,JS-41027,53.0
J-2025-03818,2025-07-15,complete,,
J-2024-05535,2024-11-18,complete,,
J-2025-03751,2025-07-14,complete,,
J-2024-03410,2024-07-08,short,JS-49667,51.0
J-2025-00218,2025-01-28,complete,,
J-2024-00579,2024-02-05,short,JS-43354,5.0
J-2024-06973,2025-01-20,complete,,
J-2024-00389,2024-02-01,short,JS-44251,44.0
J-2024-04170,2024-09-06,complete,,
J-2024-00136,2024-01-29,complete,,
J-2025-07613,2026-01-06,short,JS-45396,6.0
J-2025-05994,2025-10-31,complete,,
J-2024-06864,2024-12-17,short,JS-42252,32.0
J-2024-04509,2024-09-06,short,JS-49890,59.0
J-2025-03905,2025-07-10,short,JS-42258,8.0
J-2025-01751,2025-03-27,short,JS-40405,26.0
J-2025-07255,2025-12-17,complete,,
J-2024-00858,2024-03-05,complete,,
J-2023-03198,2023-07-27,complete,,
J-2025-04619,2025-08-19,short,JS-42083,12.0
J-2023-05688,2023-12-01,complete,,
J-2023-00121,2023-01-16,short,JS-47068,37.0
J-2025-03225,2025-06-19,complete,,
J-2025-01169,2025-02-26,short,JS-43583,18.0
J-2023-04950,2023-10-25,complete,,
J-2023-03347,2023-07-24,complete,,
J-2024-04481,2024-09-06,complete,,
J-2024-06663,2024-12-10,short,JS-47070,26.0
J-2025-01650,2025-04-07,complete,,
J-2023-04050,2023-09-01,short,JS-48097,32.0
J-2022-03325,2023-01-06,short,JS-46314,34.0
J-2023-00261,2023-02-01,complete,,
J-2024-02544,2024-05-21,short,JS-41891,4.0
J-2023-05169,2023-10-30,complete,,
J-2025-06776,2026-01-09,complete,,
J-2024-01939,2024-05-15,complete,,
J-2023-05186,2023-11-06,complete,,
J-2023-01445,2023-04-06,complete,,
J-2023-05731,2023-12-01,complete,,
J-2024-00035,2024-01-26,complete,,
J-2023-02544,2023-05-26,short,JS-47952,20.0
J-2024-04928,2024-09-26,short,JS-41158,58.0
J-2025-02270,2025-04-23,short,JS-43042,55.0
J-2024-00841,2024-03-06,complete,,
J-2023-01665,2023-06-07,complete,,
J-2024-04747,2024-09-20,complete,,
J-2025-06906,2025-12-03,short,JS-48829,11.0
J-2024-01150,2024-03-14,short,JS-45718,56.0
J-2024-00547,2024-02-14,short,JS-42986,45.0
J-2025-02628,2025-05-12,complete,,
J-2023-02771,2023-06-20,complete,,
J-2024-02959,2024-06-18,complete,,
J-2025-01328,2025-04-09,complete,,
J-2023-05840,2023-12-06,complete,,
J-2023-05658,2023-12-06,complete,,
J-2025-04701,2025-08-28,complete,,
J-2024-00517,2024-02-01,short,JS-41233,56.0
J-2025-02078,2025-05-22,complete,,
J-2025-02080,2025-05-08,complete,,
J-2025-02920,2025-06-02,complete,,
J-2025-03423,2025-06-16,short,JS-47443,46.0
J-2025-04790,2025-09-04,complete,,
J-2024-00059,2024-01-18,complete,,
J-2024-02081,2024-05-01,complete,,
J-2023-01833,2023-04-26,complete,,
J-2024-05512,2024-10-28,complete,,
J-2025-03930,2025-07-30,complete,,
J-2024-05867,2024-11-22,complete,,
J-2024-03413,2024-07-11,short,JS-42352,26.0
J-2024-04309,2024-09-03,complete,,
J-2024-03246,2024-06-24,short,JS-43585,46.0
J-2024-04568,2024-09-24,complete,,
J-2023-03182,2023-07-28,complete,,
J-2025-06104,2025-10-29,complete,,
J-2024-00721,2024-02-15,complete,,
J-2023-03939,2023-09-12,complete,,
J-2023-00768,2023-02-23,complete,,
J-2024-00590,2024-02-06,short,JS-47697,12.0
J-2024-06778,2025-01-07,complete,,
J-2024-02166,2024-05-01,short,JS-40545,20.0
J-2023-00829,2023-02-27,complete,,
J-2025-07343,2025-12-18,complete,,
J-2023-05754,2023-11-30,complete,,
J-2025-03369,2025-06-25,complete,,
J-2023-05482,2023-11-22,complete,,
J-2024-04742,2024-09-18,short,JS-49671,53.0
J-2023-03619,2023-08-04,complete,,
J-2023-01841,2023-05-03,complete,,
J-2023-03945,2023-08-28,short,JS-43536,11.0
J-2025-00760,2025-02-26,complete,,
J-2023-00878,2023-03-03,complete,,
J-2024-05821,2024-11-12,complete,,
J-2025-02790,2025-05-23,complete,,
J-2024-01019,2024-03-06,complete,,
J-2023-05631,2023-11-27,complete,,
J-2024-03426,2024-07-15,complete,,
J-2023-06007,2023-12-13,complete,,
J-2025-03982,2025-07-22,complete,,
J-2025-03827,2025-07-21,complete,,
J-2025-03564,2025-06-24,short,JS-48036,34.0
J-2024-01404,2024-04-03,complete,,
J-2023-01382,2023-03-29,complete,,
J-2024-04709,2024-10-03,complete,,
J-2023-05520,2023-11-13,short,JS-41069,57.0
J-2024-05622,2024-11-06,complete,,
J-2023-02727,2023-06-09,short,JS-44100,6.0
J-2024-00367,2024-01-23,short,JS-40031,1.0
J-2023-05137,2023-11-03,complete,,
J-2022-03255,2023-01-20,complete,,
J-2023-01496,2023-04-21,complete,,
J-2024-03436,2024-07-31,complete,,
J-2025-01609,2025-03-21,complete,,
J-2023-05798,2023-12-06,complete,,
J-2024-00206,2024-01-23,complete,,
J-2025-01760,2025-04-01,complete,,
J-2023-02731,2023-06-15,short,JS-40600,5.0
J-2024-05257,2024-10-17,complete,,
J-2025-01657,2025-04-11,complete,,
J-2025-03821,2025-07-28,complete,,
J-2025-00913,2025-03-13,complete,,
J-2023-04990,2023-10-25,complete,,
J-2023-04489,2023-10-02,complete,,
J-2024-03709,2024-07-26,complete,,
J-2025-03280,2025-06-18,complete,,
J-2025-01108,2025-03-07,complete,,
J-2025-00085,2025-01-30,complete,,
J-2025-06383,2025-11-03,short,JS-46568,49.0
J-2025-03515,2025-06-25,complete,,
J-2025-00697,2025-03-04,complete,,
J-2023-00203,2023-01-16,short,JS-46874,36.0
J-2025-05396,2025-10-24,complete,,
J-2025-03253,2025-06-09,short,JS-40278,47.0
J-2025-04612,2025-08-29,complete,,
J-2025-02876,2025-06-26,complete,,
J-2025-00141,2025-01-31,complete,,
J-2025-06882,2025-12-19,complete,,
J-2025-06066,2025-12-01,complete,,
J-2025-05117,2025-09-17,complete,,
J-2023-02101,2023-05-02,short,JS-48127,29.0
J-2023-03275,2023-07-21,short,JS-45640,34.0
J-2025-01986,2025-04-10,short,JS-43603,4.0
J-2023-03519,2023-08-21,complete,,
J-2024-04264,2024-09-30,complete,,
J-2023-05636,2023-12-15,complete,,
J-2024-03807,2024-08-23,complete,,
J-2025-01332,2025-04-14,complete,,
J-2025-04471,2025-08-15,complete,,
J-2023-00672,2023-02-24,complete,,
J-2023-02721,2023-06-09,complete,,
J-2024-03644,2024-07-31,short,JS-48821,36.0
J-2025-00575,2025-02-13,short,JS-44831,51.0
J-2025-03126,2025-06-05,complete,,
J-2025-04851,2025-09-19,complete,,
J-2025-07109,2025-12-15,complete,,
J-2025-07633,2026-01-14,complete,,
J-2025-01969,2025-04-18,complete,,
J-2025-04723,2025-09-02,complete,,
J-2025-04034,2025-07-21,short,JS-46042,5.0
J-2023-04369,2023-09-28,complete,,
J-2025-05447,2025-10-15,complete,,
J-2023-04655,2023-10-02,short,JS-45209,50.0
J-2024-01544,2024-03-27,short,JS-46014,21.0
J-2024-03690,2024-07-26,complete,,
J-2025-00976,2025-02-27,complete,,
J-2024-02096,2024-05-08,complete,,
J-2023-02328,2023-06-07,complete,,
J-2024-04140,2024-08-19,short,JS-47577,35.0
J-2023-04905,2023-10-18,short,JS-45776,49.0
J-2023-02587,2023-06-12,complete,,
J-2023-04906,2023-10-30,complete,,
J-2024-04129,2024-08-16,short,JS-46941,35.0
J-2025-07057,2025-12-04,complete,,
J-2025-00706,2025-02-07,short,JS-40568,25.0
J-2023-00376,2023-01-25,short,JS-42639,30.0
J-2024-01729,2024-04-15,short,JS-44862,17.0
J-2023-03093,2023-06-29,short,JS-41000,47.0
J-2023-01226,2023-03-31,complete,,
J-2024-02298,2024-05-29,complete,,
J-2025-05812,2025-10-09,short,JS-45659,24.0
J-2023-05912,2023-12-12,short,JS-43744,19.0
J-2025-04955,2025-09-08,complete,,
J-2023-01198,2023-03-13,short,JS-43010,27.0
J-2023-04275,2023-09-22,complete,,
J-2025-01646,2025-03-27,complete,,
J-2024-00762,2024-03-11,complete,,
J-2024-01576,2024-04-10,complete,,
J-2024-04864,2024-10-03,complete,,
J-2025-03271,2025-06-26,complete,,
J-2024-00805,2024-02-29,complete,,
J-2025-02508,2025-05-09,complete,,
J-2025-01057,2025-02-21,short,JS-42987,43.0
J-2024-00341,2024-02-09,complete,,
J-2023-06396,2024-01-04,complete,,
J-2024-04973,2024-09-30,short,JS-42975,17.0
J-2023-02346,2023-05-17,short,JS-44088,39.0
J-2024-00306,2024-01-24,complete,,
J-2025-03996,2025-07-22,complete,,
J-2024-01370,2024-04-10,complete,,
J-2025-01494,2025-03-19,complete,,
J-2025-02684,2025-05-09,short,JS-43839,20.0
J-2025-00286,2025-01-20,short,JS-44260,45.0
J-2024-06987,2025-01-16,complete,,
J-2023-01578,2023-04-11,complete,,
J-2025-04064,2025-07-31,complete,,
J-2023-00858,2023-02-24,complete,,
J-2025-02072,2025-04-21,complete,,
J-2024-02600,2024-05-28,short,JS-42811,33.0
J-2024-05332,2024-10-15,short,JS-46273,20.0
J-2023-03088,2023-07-03,complete,,
J-2024-01120,2024-03-28,complete,,
J-2024-01231,2024-03-18,complete,,
J-2023-05561,2023-12-04,complete,,
J-2025-05391,2025-10-15,complete,,
J-2024-01568,2024-04-17,complete,,
J-2023-05606,2023-11-28,complete,,
J-2025-05664,2025-10-10,complete,,
J-2023-05246,2023-11-07,complete,,
J-2025-03601,2025-06-24,short,JS-41139,18.0
J-2024-02340,2024-05-15,short,JS-45746,13.0
J-2025-00191,2025-01-30,complete,,
J-2023-01121,2023-03-27,complete,,
J-2023-02960,2023-07-11,complete,,
J-2025-07567,2026-01-06,complete,,
J-2024-05521,2024-10-25,short,JS-44051,48.0
J-2023-01471,2023-04-05,short,JS-47833,42.0
J-2023-01182,2023-03-22,complete,,
J-2025-04036,2025-07-28,complete,,
J-2024-03981,2024-09-18,complete,,
J-2025-05991,2025-10-17,short,JS-44691,24.0
J-2025-06040,2025-10-22,short,JS-42897,1.0
J-2023-05621,2023-11-30,complete,,
J-2025-06203,2025-11-13,complete,,
J-2023-03124,2023-07-27,complete,,
J-2025-06313,2025-11-03,complete,,
J-2024-00831,2024-02-20,short,JS-47976,19.0
J-2024-06144,2024-12-18,complete,,
J-2023-04198,2023-09-15,complete,,
J-2025-00316,2025-02-11,complete,,
J-2023-03007,2023-07-19,complete,,
J-2023-04582,2023-09-28,short,JS-44403,35.0
J-2025-06112,2025-11-04,complete,,
J-2025-04770,2025-09-17,complete,,
J-2023-00745,2023-02-23,short,JS-43789,17.0
J-2024-01646,2024-04-09,complete,,
J-2024-06381,2025-01-21,complete,,
J-2024-02032,2024-05-14,complete,,
J-2024-06047,2024-11-26,complete,,
J-2023-00903,2023-03-08,complete,,
J-2023-02483,2023-06-07,complete,,
J-2023-05641,2023-11-20,short,JS-48856,31.0
J-2025-01134,2025-02-25,short,JS-48179,4.0
J-2024-02560,2024-05-30,short,JS-48530,38.0
J-2025-07423,2025-12-17,short,JS-44865,3.0
J-2023-05576,2023-11-22,complete,,
J-2024-06974,2025-01-09,complete,,
J-2025-01626,2025-04-03,complete,,
J-2025-05728,2025-10-06,short,JS-49967,45.0
J-2023-02200,2023-05-11,complete,,
J-2023-01951,2023-04-24,short,JS-49912,20.0
J-2024-00214,2024-01-25,complete,,
J-2024-00470,2024-02-08,complete,,
J-2025-04301,2025-08-08,complete,,
J-2025-02084,2025-04-14,short,JS-47184,57.0
J-2025-04015,2025-07-21,short,JS-48378,19.0
J-2025-07073,2025-12-08,short,JS-42641,18.0
J-2025-02644,2025-05-13,short,JS-44005,17.0
J-2025-04698,2025-09-05,complete,,
J-2025-02789,2025-05-30,complete,,
J-2023-01100,2023-03-13,short,JS-47867,55.0
J-2024-06584,2024-12-17,short,JS-40007,10.0
J-2023-06099,2023-12-14,complete,,
J-2023-06156,2023-12-20,complete,,
J-2024-00264,2024-01-17,short,JS-40928,32.0
J-2023-05277,2023-11-10,complete,,
J-2023-05363,2023-11-13,short,JS-45723,22.0
J-2025-02046,2025-04-18,complete,,
J-2024-00647,2024-02-20,short,JS-44819,11.0
J-2023-05241,2023-11-16,complete,,
J-2025-06965,2025-11-25,short,JS-44407,5.0
J-2023-04023,2023-09-12,short,JS-46710,45.0
J-2024-00350,2024-01-30,short,JS-40827,51.0
J-2025-04315,2025-08-13,complete,,
J-2024-03848,2024-08-23,complete,,
J-2025-05698,2025-11-04,complete,,
J-2025-06097,2025-11-07,complete,,
J-2024-02577,2024-06-05,complete,,
J-2023-04281,2023-09-28,complete,,
J-2025-06739,2025-11-25,complete,,
J-2023-05384,2023-11-17,complete,,
J-2025-00023,2025-01-16,complete,,
J-2024-03263,2024-06-26,complete,,
J-2024-03137,2024-06-24,complete,,
J-2025-05149,2025-09-24,complete,,
J-2025-02100,2025-05-14,complete,,
J-2023-01160,2023-03-16,complete,,
J-2023-00246,2023-02-13,complete,,
J-2025-00110,2025-01-20,complete,,
J-2023-01767,2023-05-10,complete,,
J-2023-03150,2023-07-03,short,JS-46961,47.0
J-2024-05251,2024-10-25,complete,,
J-2024-02814,2024-06-12,complete,,
J-2025-07220,2026-01-07,complete,,
J-2024-05232,2024-10-18,complete,,
J-2025-00965,2025-02-27,complete,,
J-2023-02772,2023-06-16,short,JS-48095,42.0
J-2024-00742,2024-02-26,complete,,
J-2024-03288,2024-07-09,complete,,
J-2023-00219,2023-01-19,complete,,
J-2023-02249,2023-05-10,short,JS-44290,54.0
J-2024-00061,2024-01-10,complete,,
J-2023-01149,2023-03-10,short,JS-40771,11.0
J-2023-02454,2023-06-02,short,JS-47740,36.0
J-2023-01623,2023-04-10,short,JS-42642,26.0
J-2023-04162,2023-09-22,complete,,
J-2023-02570,2023-06-06,complete,,
J-2024-03342,2024-07-05,complete,,
J-2025-01825,2025-03-31,short,JS-48824,7.0
J-2024-05786,2024-12-03,complete,,
J-2023-05734,2023-12-06,short,JS-44482,43.0
J-2024-03682,2024-07-31,short,JS-47650,59.0
J-2023-04088,2023-09-07,short,JS-40356,3.0
J-2025-06024,2025-10-29,complete,,
J-2024-02587,2024-05-28,complete,,
J-2024-03732,2024-07-24,short,JS-43200,53.0
J-2023-06346,2023-12-21,short,JS-41480,35.0
J-2023-05794,2023-11-28,short,JS-47737,51.0
J-2025-00574,2025-02-20,complete,,
J-2024-02139,2024-04-30,short,JS-43976,43.0
J-2024-00901,2024-03-05,complete,,
J-2025-04818,2025-08-27,short,JS-49409,5.0
J-2025-04758,2025-08-27,short,JS-42566,4.0
J-2024-06827,2024-12-16,short,JS-48843,33.0
J-2023-04508,2023-09-26,short,JS-45403,21.0
J-2025-00926,2025-03-03,complete,,
J-2025-01918,2025-04-25,complete,,
J-2024-00849,2024-03-11,complete,,
J-2025-01318,2025-03-06,short,JS-41330,55.0
J-2024-01245,2024-03-14,complete,,
J-2024-06810,2025-01-09,complete,,
J-2024-00550,2024-02-14,complete,,
J-2024-00619,2024-02-08,short,JS-45665,21.0
J-2023-01169,2023-03-13,short,JS-49021,4.0
J-2024-01234,2024-03-14,complete,,
J-2025-01038,2025-02-24,complete,,
J-2025-02235,2025-05-02,complete,,
J-2024-03630,2024-07-30,complete,,
J-2023-05586,2023-12-04,complete,,
J-2022-03200,2023-01-17,complete,,
J-2025-05077,2025-09-22,complete,,
J-2023-03605,2023-08-14,complete,,
J-2023-03152,2023-07-07,short,JS-45076,16.0
J-2024-05315,2024-10-17,short,JS-49605,38.0
J-2025-00881,2025-03-04,complete,,
J-2025-00478,2025-01-30,complete,,
J-2024-06819,2024-12-20,complete,,
J-2025-05912,2025-10-29,complete,,
J-2025-05881,2025-11-07,complete,,
J-2025-02652,2025-05-09,complete,,
J-2024-03966,2024-08-09,complete,,
J-2023-03424,2023-07-24,short,JS-46044,11.0
J-2024-06746,2024-12-12,short,JS-49737,24.0
J-2024-03667,2024-07-31,complete,,
J-2023-00583,2023-02-03,short,JS-46105,24.0
J-2023-02025,2023-05-19,complete,,
J-2024-03856,2024-08-20,complete,,
J-2025-03866,2025-07-18,complete,,
J-2025-06417,2025-11-05,short,JS-40116,16.0
J-2023-00089,2023-01-10,short,JS-46689,13.0
J-2024-02504,2024-06-05,complete,,
J-2024-03446,2024-07-15,complete,,
J-2024-03615,2024-07-31,complete,,
J-2025-07637,2026-01-13,complete,,
J-2023-01541,2023-04-12,complete,,
J-2025-02055,2025-04-11,complete,,
J-2025-07651,2026-01-09,complete,,
J-2025-01801,2025-04-21,complete,,
J-2025-01648,2025-03-21,short,JS-43401,45.0
J-2025-05346,2025-09-23,complete,,
J-2023-01270,2023-03-30,complete,,
J-2023-00835,2023-03-01,complete,,
J-2023-01434,2023-04-06,complete,,
J-2023-05900,2023-12-04,short,JS-44382,11.0
J-2025-04094,2025-07-30,complete,,
J-2025-02526,2025-05-02,short,JS-43935,5.0
J-2023-01032,2023-03-07,complete,,
J-2024-01117,2024-03-28,complete,,
J-2023-01856,2023-04-19,short,JS-48891,12.0
J-2023-01991,2023-05-04,complete,,
J-2025-00265,2025-01-20,short,JS-45772,7.0
J-2023-02922,2023-07-05,short,JS-42934,26.0
J-2023-03714,2023-09-05,complete,,
J-2024-05519,2024-11-19,complete,,
J-2023-01654,2023-04-12,short,JS-45302,55.0
J-2023-00574,2023-02-07,short,JS-45795,14.0
J-2025-00832,2025-02-13,short,JS-47717,50.0
J-2023-05405,2023-11-20,complete,,
J-2023-06073,2023-12-11,short,JS-46173,46.0
J-2025-04254,2025-08-01,complete,,
J-2025-04807,2025-09-08,complete,,
J-2022-03343,2023-01-25,complete,,
J-2024-03588,2024-08-05,complete,,
J-2024-02057,2024-04-25,short,JS-49879,8.0
J-2023-02750,2023-06-13,short,JS-42932,40.0
J-2023-02441,2023-05-23,short,JS-48823,21.0
J-2024-03415,2024-07-02,short,JS-49710,20.0
J-2025-05315,2025-09-23,short,JS-48602,5.0
J-2024-01778,2024-04-19,complete,,
J-2023-01700,2023-04-12,short,JS-40722,40.0
J-2024-00247,2024-01-17,complete,,
J-2023-04687,2023-10-12,complete,,
J-2024-01436,2024-04-05,complete,,
J-2024-05307,2024-10-14,short,JS-47435,25.0
J-2024-00457,2024-01-31,complete,,
J-2023-03762,2023-08-14,short,JS-49956,54.0
J-2023-05072,2023-10-23,short,JS-42584,35.0
J-2024-01632,2024-04-10,complete,,
J-2024-02953,2024-06-27,complete,,
J-2025-07297,2026-01-02,complete,,
J-2023-05818,2023-12-05,complete,,
J-2025-06411,2025-11-04,short,JS-41859,17.0
J-2023-01315,2023-04-12,complete,,
J-2023-06141,2023-12-19,short,JS-41020,11.0
J-2024-02888,2024-06-17,complete,,
J-2024-04944,2024-09-27,short,JS-46469,54.0
J-2025-00527,2025-02-03,complete,,
J-2025-00956,2025-03-05,complete,,
J-2025-05089,2025-09-15,complete,,
J-2024-02637,2024-05-28,short,JS-42778,8.0
J-2025-04391,2025-08-22,complete,,
J-2025-05011,2025-09-10,short,JS-46430,55.0
J-2024-03563,2024-07-18,complete,,
J-2024-00417,2024-02-01,complete,,
J-2023-06140,2023-12-15,complete,,
J-2024-06698,2025-01-16,complete,,
J-2025-02629,2025-05-07,short,JS-46201,26.0
J-2023-03068,2023-07-25,complete,,
J-2024-05274,2024-10-15,complete,,
J-2024-04431,2024-09-18,complete,,
J-2025-06690,2025-11-25,complete,,
J-2024-01081,2024-03-13,short,JS-46917,20.0
J-2024-06428,2024-12-16,short,JS-42950,43.0
J-2025-02735,2025-05-15,complete,,
J-2024-06972,2025-01-09,complete,,
J-2024-03453,2024-07-18,short,JS-45883,54.0
J-2025-05037,2025-09-18,complete,,
J-2024-03629,2024-08-01,complete,,
J-2023-06355,2023-12-21,short,JS-47228,11.0
J-2024-00120,2024-01-22,complete,,
J-2024-05398,2024-10-29,complete,,
J-2025-06253,2025-10-29,short,JS-43222,34.0
J-2023-00104,2023-01-11,short,JS-43620,13.0
J-2025-07208,2025-12-11,complete,,
J-2024-02407,2024-05-14,short,JS-40547,50.0
J-2023-06237,2023-12-18,short,JS-45068,3.0
J-2023-05083,2023-11-08,complete,,
J-2024-00240,2024-01-16,short,JS-42981,32.0
J-2023-03453,2023-07-27,complete,,
J-2024-01395,2024-03-21,complete,,
J-2025-04112,2025-08-13,complete,,
J-2024-05691,2024-11-11,short,JS-47355,4.0
J-2025-05065,2025-09-15,complete,,
J-2025-06563,2025-12-01,complete,,
J-2023-01324,2023-03-27,complete,,
J-2025-03277,2025-06-16,complete,,
J-2025-05059,2025-09-08,short,JS-42741,22.0
J-2025-03261,2025-07-01,complete,,
J-2023-02379,2023-06-12,complete,,
J-2024-03220,2024-07-09,complete,,
J-2025-01924,2025-04-25,complete,,
J-2025-02502,2025-05-07,complete,,
J-2024-03159,2024-06-28,complete,,
J-2024-02919,2024-06-18,complete,,
J-2025-00124,2025-01-22,complete,,
J-2025-04227,2025-08-18,complete,,
J-2024-03160,2024-07-02,complete,,
J-2023-05635,2023-12-08,complete,,
J-2025-05904,2025-11-04,complete,,
J-2024-00445,2024-01-29,short,JS-48047,40.0
J-2025-05606,2025-10-28,complete,,
J-2024-06534,2024-12-23,complete,,
J-2023-05834,2023-12-20,complete,,
J-2023-00353,2023-01-23,short,JS-44732,5.0
J-2023-04066,2023-09-14,complete,,
J-2025-04379,2025-08-22,complete,,
J-2023-02416,2023-05-22,short,JS-43777,32.0
J-2023-03534,2023-08-03,complete,,
J-2025-00406,2025-02-05,complete,,
J-2025-01589,2025-04-04,complete,,
J-2024-06680,2024-12-23,complete,,
J-2023-02229,2023-05-15,complete,,
J-2023-02662,2023-06-05,short,JS-43957,55.0
J-2025-04001,2025-07-24,complete,,
J-2025-04013,2025-07-16,short,JS-49171,5.0
J-2025-05278,2025-09-29,complete,,
J-2025-04831,2025-09-08,complete,,
J-2025-01830,2025-03-31,short,JS-42452,17.0
J-2024-06155,2024-12-04,complete,,
J-2023-04778,2023-11-10,complete,,
J-2025-06565,2025-11-13,complete,,
J-2025-02607,2025-05-16,complete,,
J-2024-06965,2025-01-10,complete,,
J-2025-02241,2025-04-21,short,JS-48625,1.0
J-2025-03367,2025-06-13,short,JS-46926,27.0
J-2025-03815,2025-07-17,complete,,
J-2023-01789,2023-04-26,complete,,
J-2023-00414,2023-01-27,short,JS-40440,4.0
J-2024-04541,2024-09-18,complete,,
J-2024-06165,2024-12-02,short,JS-45379,16.0
J-2024-05783,2024-11-20,complete,,
J-2023-05434,2023-11-13,complete,,
J-2024-03911,2024-08-21,complete,,
J-2024-02041,2024-05-17,complete,,
J-2023-06393,2024-01-09,complete,,
J-2024-02918,2024-07-03,complete,,
J-2024-06055,2024-11-19,complete,,
J-2024-00337,2024-02-02,complete,,
J-2023-03805,2023-09-19,complete,,
J-2025-06279,2025-10-30,short,JS-47858,10.0
J-2025-05005,2025-09-05,short,JS-47630,30.0
J-2023-00223,2023-01-18,short,JS-49273,3.0
J-2023-05659,2023-11-28,short,JS-44932,52.0
J-2025-00329,2025-01-24,complete,,
J-2024-01907,2024-04-26,complete,,
J-2023-03396,2023-07-31,complete,,
J-2025-05235,2025-09-25,complete,,
J-2024-04700,2024-09-24,complete,,
J-2024-04511,2024-09-06,short,JS-49592,1.0
J-2024-05051,2024-10-04,complete,,
J-2023-01147,2023-03-16,complete,,
J-2025-00274,2025-01-20,short,JS-40556,56.0
J-2024-03435,2024-07-08,complete,,
J-2024-05614,2024-11-04,short,JS-45340,14.0
J-2023-06208,2024-01-02,short,JS-44741,17.0
J-2023-01134,2023-03-09,short,JS-46297,32.0
J-2024-05003,2024-10-15,complete,,
J-2024-04883,2024-10-01,complete,,
J-2025-01218,2025-03-20,complete,,
J-2024-03303,2024-07-10,complete,,
J-2025-05220,2025-10-15,complete,,
J-2025-06461,2025-11-06,short,JS-46938,39.0
J-2023-04364,2023-09-19,complete,,
J-2025-07407,2026-01-14,complete,,
J-2024-03099,2024-06-20,complete,,
J-2023-03734,2023-08-14,complete,,
J-2024-06468,2024-12-05,short,JS-43035,11.0
J-2024-06573,2024-12-18,complete,,
J-2024-00298,2024-01-19,short,JS-42246,59.0
J-2023-02075,2023-06-02,complete,,
J-2025-07047,2026-01-12,complete,,
J-2024-04773,2024-09-26,complete,,
J-2024-07111,2025-01-09,complete,,
J-2025-02233,2025-04-30,complete,,
J-2024-00138,2024-01-11,short,JS-48034,53.0
J-2024-02361,2024-05-24,complete,,
J-2024-01515,2024-04-17,complete,,
J-2025-03822,2025-07-16,complete,,
J-2025-00586,2025-02-27,complete,,
J-2023-01584,2023-04-07,short,JS-40027,17.0
J-2023-02689,2023-06-19,complete,,
J-2025-01289,2025-03-05,complete,,
J-2025-03566,2025-06-24,short,JS-49304,42.0
J-2024-03449,2024-07-11,short,JS-46818,33.0
J-2023-04783,2023-10-17,complete,,
J-2025-06715,2025-11-25,complete,,
J-2025-00694,2025-02-12,complete,,
J-2025-06014,2025-10-20,short,JS-40652,34.0
J-2024-05891,2024-12-04,complete,,
J-2025-03103,2025-06-02,short,JS-40629,14.0
J-2023-03409,2023-08-09,complete,,
J-2023-04888,2023-10-24,complete,,
J-2025-01750,2025-03-27,short,JS-44262,38.0
J-2025-06336,2025-11-03,short,JS-43609,37.0
J-2024-02181,2024-05-01,short,JS-42674,13.0
J-2025-01883,2025-04-15,complete,,
J-2024-06754,2025-01-14,complete,,
J-2025-05108,2025-09-22,complete,,
J-2025-03407,2025-06-17,complete,,
J-2025-03061,2025-06-16,complete,,
J-2023-01741,2023-04-14,short,JS-42341,39.0
J-2024-04230,2024-09-10,complete,,
J-2025-00872,2025-03-17,complete,,
J-2024-02312,2024-05-22,complete,,
J-2025-00422,2025-02-05,complete,,
J-2024-03257,2024-07-05,complete,,
J-2025-02248,2025-04-22,short,JS-49912,44.0
J-2024-04392,2024-09-12,complete,,
J-2023-04456,2023-09-25,short,JS-45922,34.0
J-2024-06440,2024-12-12,complete,,
J-2023-05618,2023-11-30,short,JS-48693,54.0
J-2023-04003,2023-09-21,complete,,
J-2024-06259,2024-12-03,complete,,
J-2025-05389,2025-09-22,short,JS-43382,22.0
J-2025-01807,2025-04-23,complete,,
J-2023-05516,2023-11-13,short,JS-44331,35.0
J-2024-05942,2024-11-18,complete,,
J-2023-05947,2023-12-05,short,JS-45052,25.0
J-2025-05428,2025-10-02,short,JS-48778,26.0
J-2023-03760,2023-09-20,complete,,
J-2025-02028,2025-04-14,complete,,
J-2024-04274,2024-09-10,complete,,
J-2025-00402,2025-02-06,complete,,
J-2025-04020,2025-07-25,complete,,
J-2025-06106,2025-10-22,short,JS-44252,21.0
J-2024-06649,2025-01-03,complete,,
J-2023-05504,2023-11-21,complete,,
J-2024-00799,2024-02-29,complete,,
J-2025-00352,2025-02-18,complete,,
J-2023-02290,2023-05-23,complete,,
J-2025-01370,2025-03-18,complete,,
J-2025-04355,2025-08-04,short,JS-43276,51.0
J-2025-02513,2025-05-08,complete,,
J-2025-04747,2025-08-29,complete,,
J-2025-05080,2025-09-17,complete,,
J-2025-00079,2025-01-09,complete,,
J-2025-04794,2025-08-26,short,JS-47332,26.0
J-2025-04975,2025-09-16,complete,,
J-2024-00660,2024-02-15,short,JS-48217,19.0
J-2023-05268,2023-11-02,complete,,
J-2023-04413,2023-09-28,complete,,
J-2023-04125,2023-09-13,complete,,
J-2024-05408,2024-10-29,complete,,
J-2025-04602,2025-08-18,short,JS-43845,48.0
J-2023-02397,2023-05-22,short,JS-45677,55.0
J-2024-02932,2024-06-19,complete,,
J-2023-02287,2023-05-26,complete,,
J-2025-07085,2025-12-05,complete,,
J-2024-04841,2024-10-10,complete,,
J-2023-03056,2023-07-06,complete,,
J-2024-00308,2024-01-26,complete,,
J-2024-01676,2024-04-03,short,JS-48319,57.0
J-2023-03405,2023-08-10,complete,,
J-2024-01598,2024-04-17,complete,,
J-2025-00091,2025-01-10,complete,,
J-2024-05746,2024-11-12,short,JS-47216,2.0
J-2024-01592,2024-04-01,complete,,
J-2025-04561,2025-08-15,short,JS-48018,32.0
J-2024-06136,2024-11-21,complete,,
J-2024-03613,2024-07-18,short,JS-42184,12.0
J-2023-00113,2023-01-24,complete,,
J-2024-05479,2024-10-23,short,JS-40156,57.0
J-2023-03860,2023-08-31,complete,,
J-2023-02549,2023-06-08,complete,,
J-2023-05568,2023-11-29,complete,,
J-2024-00277,2024-01-23,short,JS-46040,10.0
J-2025-05287,2025-09-26,complete,,
J-2025-01409,2025-03-12,complete,,
J-2024-06526,2024-12-12,complete,,
J-2025-02186,2025-04-30,complete,,
J-2023-04200,2023-09-22,short,JS-49162,35.0
J-2024-03597,2024-07-16,short,JS-47210,52.0
J-2025-06554,2025-12-04,complete,,
J-2023-02752,2023-07-03,complete,,
J-2022-03342,2023-01-05,complete,,
J-2025-05239,2025-10-07,complete,,
J-2025-06973,2025-12-09,complete,,
J-2023-06194,2023-12-22,short,JS-43108,27.0
J-2025-05649,2025-10-13,complete,,
J-2024-06713,2024-12-11,short,JS-45786,16.0
J-2023-03070,2023-06-28,short,JS-49777,41.0
J-2023-03214,2023-08-04,complete,,
J-2024-04044,2024-08-12,short,JS-49791,27.0
J-2023-04446,2023-09-29,complete,,
J-2024-04214,2024-08-22,short,JS-44924,28.0
J-2025-01691,2025-03-24,short,JS-47803,25.0
J-2023-00429,2023-01-27,short,JS-46344,4.0
J-2024-06840,2025-01-02,complete,,
J-2025-03305,2025-07-14,complete,,
J-2022-03280,2023-01-12,complete,,
J-2023-05034,2023-11-02,complete,,
J-2025-07503,2026-01-02,complete,,
J-2023-02243,2023-05-15,short,JS-43691,25.0
J-2025-03022,2025-06-03,complete,,
J-2023-06282,2023-12-18,short,JS-46043,43.0
J-2025-07176,2025-12-18,complete,,
J-2024-03245,2024-07-02,complete,,
J-2025-07145,2025-12-15,short,JS-42335,17.0
J-2023-02449,2023-06-07,complete,,
J-2023-01196,2023-03-20,short,JS-40736,15.0
J-2024-05388,2024-10-30,complete,,
J-2023-05356,2023-11-13,short,JS-40438,56.0
J-2024-01923,2024-04-18,short,JS-46505,28.0
J-2023-01522,2023-04-06,short,JS-42774,52.0
J-2024-06221,2024-12-05,complete,,
J-2024-01390,2024-03-22,complete,,
J-2023-05800,2023-12-08,complete,,
J-2023-04328,2023-10-11,complete,,
J-2025-06805,2025-12-03,complete,,
J-2023-00743,2023-02-13,short,JS-41085,30.0
J-2025-01002,2025-03-11,complete,,
J-2024-05992,2024-11-22,short,JS-48406,40.0
J-2023-04286,2023-09-22,short,JS-42880,13.0
J-2025-07672,2026-01-08,short,JS-42975,35.0
J-2024-06357,2024-12-10,complete,,
J-2024-05454,2024-11-06,complete,,
J-2025-04422,2025-08-20,short,JS-48014,41.0
J-2025-02204,2025-04-18,short,JS-48172,24.0
J-2023-05967,2023-12-14,complete,,
J-2025-05959,2025-10-15,short,JS-47032,19.0
J-2024-03567,2024-07-17,complete,,
J-2025-03094,2025-06-16,complete,,
J-2024-01109,2024-03-05,short,JS-45098,43.0
J-2025-05329,2025-09-29,complete,,
J-2024-06537,2024-12-11,complete,,
J-2023-03818,2023-08-31,complete,,
J-2024-02800,2024-06-07,short,JS-40005,33.0
J-2023-00066,2023-01-26,complete,,
J-2023-03508,2023-07-26,short,JS-41327,56.0
J-2024-06682,2025-01-14,complete,,
J-2025-07665,2026-01-09,complete,,
J-2025-06067,2025-10-21,short,JS-44494,58.0
J-2024-03000,2024-06-24,complete,,
J-2023-01781,2023-04-17,short,JS-48749,46.0
J-2025-06847,2026-01-09,complete,,
J-2025-04345,2025-08-07,short,JS-45125,22.0
J-2025-06293,2025-11-18,complete,,
J-2025-03828,2025-07-30,complete,,
J-2024-06608,2025-01-03,complete,,
J-2024-03850,2024-07-30,short,JS-43575,5.0
J-2025-04447,2025-08-13,complete,,
J-2023-00527,2023-02-08,short,JS-45480,28.0
J-2024-06025,2024-11-19,short,JS-44961,35.0
J-2024-05146,2024-10-07,short,JS-41080,36.0
J-2025-02613,2025-05-14,complete,,
J-2023-03584,2023-08-08,complete,,
J-2023-00140,2023-01-18,complete,,
J-2025-06896,2025-11-24,short,JS-46121,11.0
J-2023-05614,2023-12-01,complete,,
J-2024-05815,2024-11-15,short,JS-41764,18.0
J-2023-04880,2023-10-20,complete,,
J-2024-06292,2024-12-04,complete,,
J-2023-04156,2023-09-25,complete,,
J-2024-05363,2024-10-18,short,JS-44833,23.0
J-2022-02954,2023-01-09,complete,,
J-2024-05925,2024-11-11,short,JS-47213,31.0
J-2025-03977,2025-07-31,complete,,
J-2024-06354,2024-12-05,complete,,
J-2023-04976,2023-11-02,complete,,
J-2023-02032,2023-05-11,complete,,
J-2023-03256,2023-07-21,complete,,
J-2025-00117,2025-01-14,complete,,
J-2025-00945,2025-02-27,complete,,
J-2023-03594,2023-08-01,complete,,
J-2024-02571,2024-06-04,complete,,
J-2023-01213,2023-03-30,complete,,
J-2024-00672,2024-02-12,short,JS-42680,3.0
J-2024-06423,2024-12-04,complete,,
J-2025-02279,2025-05-05,complete,,
J-2025-06081,2025-10-23,complete,,
J-2024-05199,2024-10-28,complete,,
J-2023-05205,2023-10-31,short,JS-48677,18.0
J-2025-03745,2025-07-11,complete,,
J-2025-00680,2025-02-06,short,JS-48935,8.0
J-2025-02770,2025-05-22,complete,,
J-2024-05954,2024-11-21,complete,,
J-2024-03723,2024-08-06,complete,,
J-2025-01999,2025-04-10,short,JS-46931,5.0
J-2025-05190,2025-09-22,short,JS-49008,54.0
J-2024-04857,2024-10-08,complete,,
J-2025-04710,2025-08-26,complete,,
J-2023-02285,2023-05-24,complete,,
J-2023-04278,2023-09-14,short,JS-48908,50.0
J-2025-06396,2025-11-13,complete,,
J-2025-03463,2025-06-24,short,JS-48262,50.0
J-2023-00409,2023-01-26,short,JS-43436,41.0
J-2024-04543,2024-09-11,short,JS-46753,30.0
J-2024-04872,2024-10-07,complete,,
J-2025-00410,2025-02-14,complete,,
J-2025-01673,2025-04-16,complete,,
J-2024-06384,2024-12-10,complete,,
J-2024-06587,2024-12-18,complete,,
J-2025-02071,2025-04-17,short,JS-47061,46.0
J-2025-03889,2025-07-17,short,JS-46929,8.0
J-2025-05247,2025-09-16,short,JS-46271,43.0
J-2023-04992,2023-10-20,complete,,
J-2023-00794,2023-02-23,complete,,
J-2023-04148,2023-09-28,complete,,
J-2025-07486,2025-12-19,short,JS-46517,4.0
J-2025-04833,2025-09-09,complete,,
J-2023-01880,2023-05-04,complete,,
J-2025-03472,2025-06-27,complete,,
J-2023-01857,2023-05-03,complete,,
J-2023-04723,2023-10-25,complete,,
J-2023-01123,2023-03-09,short,JS-48968,16.0
J-2024-00420,2024-02-19,complete,,
J-2024-01280,2024-03-20,short,JS-40101,25.0
J-2024-02575,2024-06-10,complete,,
J-2024-01642,2024-04-02,short,JS-49715,28.0
J-2025-06219,2025-10-28,short,JS-48028,7.0
J-2023-04324,2023-09-28,complete,,
J-2025-02710,2025-05-22,complete,,
J-2024-00354,2024-01-30,complete,,
J-2025-01844,2025-05-01,complete,,
J-2025-06541,2025-11-11,short,JS-43578,3.0
J-2025-03254,2025-06-18,complete,,
J-2023-05662,2023-11-30,complete,,
J-2024-02588,2024-05-23,short,JS-44339,17.0
J-2025-03704,2025-07-07,short,JS-43992,14.0
J-2023-05179,2023-11-03,complete,,
J-2025-02342,2025-05-09,complete,,
J-2025-06437,2025-11-13,complete,,
J-2025-03230,2025-06-17,complete,,
J-2024-02310,2024-05-20,complete,,
J-2024-03018,2024-06-20,complete,,
J-2025-00714,2025-02-18,complete,,
J-2024-06248,2024-11-25,short,JS-44175,16.0
J-2024-01770,2024-04-12,complete,,
J-2025-03019,2025-05-27,short,JS-46198,14.0
J-2024-02381,2024-05-23,complete,,
J-2023-02526,2023-05-31,complete,,
J-2025-02220,2025-05-05,complete,,
J-2025-06512,2025-11-12,complete,,
J-2025-06788,2025-11-20,short,JS-48980,20.0
J-2024-00402,2024-01-25,short,JS-47720,22.0
J-2023-04927,2023-10-23,complete,,
J-2023-04025,2023-09-11,complete,,
J-2024-04986,2024-09-30,short,JS-46782,21.0
J-2025-04203,2025-08-07,complete,,
J-2025-04477,2025-08-21,short,JS-49300,33.0
J-2024-01138,2024-03-06,short,JS-40368,40.0
J-2025-00625,2025-02-04,short,JS-41842,25.0
J-2025-02334,2025-04-25,short,JS-49077,59.0
J-2025-07006,2025-12-09,complete,,
J-2024-06911,2025-01-03,complete,,
J-2024-04703,2024-09-24,complete,,
J-2023-03340,2023-07-25,complete,,
J-2024-03076,2024-06-17,short,JS-45097,20.0
J-2023-02807,2023-06-23,complete,,
J-2025-00510,2025-01-29,short,JS-43936,36.0
J-2025-05205,2025-09-23,complete,,
J-2024-04595,2024-09-20,short,JS-48648,56.0
J-2023-06123,2023-12-21,short,JS-47379,46.0
J-2025-06427,2025-11-05,short,JS-42239,3.0
J-2023-06063,2023-12-20,complete,,
J-2024-02744,2024-06-19,complete,,
J-2025-07646,2025-12-23,short,JS-41334,35.0
J-2024-05587,2024-11-05,short,JS-49447,44.0
J-2024-05343,2024-10-24,complete,,
J-2024-07053,2025-01-10,short,JS-40626,17.0
J-2025-03105,2025-06-09,complete,,
J-2025-04415,2025-08-13,short,JS-41227,20.0
J-2025-02085,2025-04-14,short,JS-49718,42.0
J-2025-04872,2025-09-11,complete,,
J-2023-05262,2023-11-20,complete,,
J-2023-03473,2023-07-28,short,JS-46208,2.0
J-2024-05667,2024-11-07,short,JS-41709,24.0
J-2023-02629,2023-06-16,complete,,
J-2024-02282,2024-05-20,complete,,
J-2024-04442,2024-09-06,complete,,
J-2025-05053,2025-09-12,complete,,
J-2023-06033,2023-12-20,complete,,
J-2024-04352,2024-09-03,complete,,
J-2024-02537,2024-05-22,complete,,
J-2025-04180,2025-07-29,complete,,
J-2024-02072,2024-05-01,complete,,
J-2023-05988,2023-12-20,complete,,
J-2025-06226,2025-10-30,complete,,
J-2025-02868,2025-05-30,complete,,
J-2025-05268,2025-09-26,complete,,
J-2023-02473,2023-05-30,short,JS-47414,34.0
J-2024-04238,2024-09-05,complete,,
J-2024-00938,2024-02-26,short,JS-49963,23.0
J-2024-06319,2024-12-06,complete,,
J-2023-01244,2023-03-22,complete,,
J-2025-05833,2025-10-14,complete,,
J-2025-07322,2026-01-05,complete,,
J-2024-03463,2024-07-08,short,JS-45799,52.0
J-2024-03458,2024-07-05,short,JS-42999,48.0
J-2024-01746,2024-04-18,complete,,
J-2025-04272,2025-08-12,complete,,
J-2023-04864,2023-10-12,short,JS-42865,34.0
J-2025-06390,2025-11-07,complete,,
J-2023-02693,2023-06-07,short,JS-48333,52.0
J-2024-02500,2024-05-30,complete,,
J-2025-01698,2025-03-25,complete,,
J-2024-02438,2024-05-29,complete,,
J-2025-05128,2025-09-11,short,JS-41817,49.0
J-2025-04059,2025-07-21,short,JS-43569,23.0
J-2024-03569,2024-07-18,complete,,
J-2023-02742,2023-06-19,complete,,
J-2023-00744,2023-02-13,short,JS-48626,33.0
J-2023-03420,2023-07-28,complete,,
J-2025-04416,2025-08-18,complete,,
J-2024-03215,2024-07-08,short,JS-42151,37.0
J-2023-04740,2023-10-27,complete,,
J-2024-00042,2024-01-12,complete,,
J-2023-03147,2023-07-10,complete,,
J-2025-03287,2025-06-24,complete,,
J-2025-04440,2025-08-12,complete,,
J-2025-06505,2025-11-21,complete,,
J-2023-01429,2023-04-06,complete,,
J-2023-00439,2023-02-07,complete,,
J-2025-07419,2025-12-19,short,JS-43706,21.0
J-2023-00936,2023-03-07,complete,,
J-2025-05446,2025-09-29,complete,,
J-2024-02667,2024-06-12,complete,,
J-2025-03136,2025-06-06,complete,,
J-2023-05267,2023-11-01,complete,,
J-2023-04112,2023-09-19,complete,,
J-2023-02231,2023-05-09,short,JS-46492,17.0
J-2025-03112,2025-06-02,short,JS-41741,49.0
J-2025-01275,2025-03-03,short,JS-46429,25.0
J-2024-03688,2024-08-20,complete,,
J-2024-05066,2024-10-03,short,JS-47079,39.0
J-2024-02683,2024-05-30,short,JS-49072,58.0
J-2025-05587,2025-10-24,complete,,
J-2024-03664,2024-07-24,complete,,
J-2025-02539,2025-05-13,complete,,
J-2024-01727,2024-04-19,complete,,
J-2024-01600,2024-04-18,complete,,
J-2023-00273,2023-01-20,complete,,
J-2025-05767,2025-10-08,short,JS-46752,9.0
J-2024-03181,2024-07-03,complete,,
J-2023-04179,2023-09-11,short,JS-46354,47.0
J-2024-04343,2024-08-28,short,JS-42308,51.0
J-2023-00607,2023-02-10,short,JS-45069,45.0
J-2024-01543,2024-04-08,complete,,
J-2023-05146,2023-11-10,complete,,
J-2025-01855,2025-04-07,complete,,
J-2025-00666,2025-02-05,short,JS-45128,27.0
J-2023-00558,2023-02-15,complete,,
J-2023-05371,2023-11-13,complete,,
J-2023-03771,2023-08-24,complete,,
J-2023-02614,2023-06-19,complete,,
J-2025-00382,2025-02-14,complete,,
J-2025-02187,2025-04-17,short,JS-48186,31.0
J-2025-01185,2025-02-27,short,JS-40372,46.0
J-2025-06455,2025-11-11,complete,,
J-2024-05975,2024-11-13,short,JS-47970,57.0
J-2025-01267,2025-03-06,short,JS-47637,22.0
J-2025-04456,2025-08-11,short,JS-46762,52.0
J-2025-06611,2025-11-17,complete,,
J-2023-02996,2023-07-07,complete,,
J-2024-01347,2024-03-20,complete,,
J-2024-00153,2024-01-17,complete,,
J-2024-01944,2024-04-29,complete,,
J-2024-04571,2024-09-23,complete,,
J-2023-02794,2023-06-13,short,JS-46443,32.0
J-2024-00212,2024-01-31,complete,,
J-2022-03299,2023-01-17,complete,,
J-2023-01124,2023-03-16,complete,,
J-2023-05191,2023-11-02,complete,,
J-2024-02101,2024-05-24,complete,,
J-2024-05155,2024-11-04,complete,,
J-2023-04987,2023-10-19,short,JS-44170,42.0
J-2024-01958,2024-05-01,complete,,
J-2023-04464,2023-10-13,complete,,
J-2025-02029,2025-04-10,short,JS-40090,41.0
J-2025-02219,2025-05-01,complete,,
J-2023-06056,2023-12-20,complete,,
J-2023-05382,2023-11-08,complete,,
J-2024-03353,2024-07-18,complete,,
J-2023-03316,2023-08-28,complete,,
J-2024-06180,2024-11-20,short,JS-48893,30.0
J-2025-04330,2025-08-08,complete,,
J-2024-04206,2024-09-05,complete,,
J-2024-05970,2024-11-21,complete,,
J-2025-02049,2025-04-10,short,JS-41592,8.0
J-2025-03536,2025-07-14,complete,,
J-2025-00137,2025-01-13,short,JS-41560,35.0
J-2025-04033,2025-07-31,complete,,
J-2024-04824,2024-09-23,short,JS-47182,31.0
J-2024-00496,2024-02-27,complete,,
J-2024-04982,2024-09-30,short,JS-49470,27.0
J-2025-03899,2025-07-28,complete,,
J-2023-03250,2023-07-21,complete,,
J-2025-06008,2025-10-22,complete,,
J-2025-04722,2025-09-04,short,JS-41711,55.0
J-2024-05652,2024-11-06,complete,,
J-2024-05117,2024-11-05,complete,,
J-2024-00229,2024-01-16,short,JS-47672,13.0
J-2024-01400,2024-03-29,complete,,
J-2023-02685,2023-06-08,complete,,
J-2024-04505,2024-09-18,complete,,
J-2024-06668,2024-12-10,short,JS-40518,53.0
J-2024-02915,2024-06-17,complete,,
J-2024-03524,2024-07-22,complete,,
J-2023-02588,2023-06-22,complete,,
J-2023-02324,2023-05-25,complete,,
J-2025-06908,2025-12-05,complete,,
J-2025-07683,2026-01-12,complete,,
J-2025-05465,2025-09-30,complete,,
J-2023-05810,2023-12-04,complete,,
J-2025-02509,2025-05-07,complete,,
J-2023-03729,2023-08-15,short,JS-41987,4.0
J-2024-05566,2024-11-05,complete,,
J-2023-03779,2023-08-22,short,JS-49932,17.0
J-2024-02011,2024-04-25,complete,,
J-2023-01353,2023-03-24,complete,,
J-2025-03584,2025-06-24,short,JS-42953,55.0
J-2024-06093,2024-12-10,complete,,
J-2024-02485,2024-05-20,short,JS-49600,54.0
J-2024-00807,2024-02-21,complete,,
J-2023-04666,2023-10-11,complete,,
J-2022-03291,2023-01-17,complete,,
J-2024-04161,2024-08-19,short,JS-45666,48.0
J-2024-04915,2024-10-02,complete,,
J-2024-01884,2024-04-16,short,JS-40394,43.0
J-2024-00400,2024-02-06,complete,,
J-2025-02113,2025-04-23,complete,,
J-2023-06469,2024-01-10,complete,,
J-2025-01208,2025-02-27,short,JS-45026,39.0
J-2024-04943,2024-10-23,complete,,
J-2023-05352,2023-11-27,complete,,
J-2025-07406,2026-01-05,complete,,
J-2024-01219,2024-04-12,complete,,
J-2023-01238,2023-03-15,short,JS-49990,34.0
J-2024-02400,2024-05-16,complete,,
J-2023-00310,2023-02-02,complete,,
J-2023-06232,2024-01-02,complete,,
J-2024-03367,2024-07-01,short,JS-46527,32.0
J-2025-03825,2025-07-07,short,JS-40363,3.0
J-2024-06938,2024-12-19,short,JS-49714,35.0
J-2025-02163,2025-04-28,complete,,
J-2025-00479,2025-02-10,complete,,
J-2023-01622,2023-04-14,complete,,
J-2024-04950,2024-10-01,complete,,
J-2025-01389,2025-03-10,short,JS-46791,19.0
J-2025-06088,2025-11-03,complete,,
J-2023-02849,2023-06-26,short,JS-47597,6.0
J-2025-05712,2025-10-14,complete,,
J-2024-07034,2024-12-23,short,JS-41820,21.0
J-2025-07544,2026-01-20,complete,,
J-2024-07083,2025-01-16,complete,,
J-2024-05177,2024-10-08,short,JS-47284,49.0
J-2024-01644,2024-04-15,complete,,
J-2025-07236,2025-12-10,short,JS-47866,13.0
J-2023-03615,2023-08-21,complete,,
J-2024-05140,2024-10-07,short,JS-48643,26.0
J-2024-01457,2024-04-02,complete,,
J-2025-01314,2025-03-05,short,JS-44827,4.0
J-2024-06084,2024-11-27,complete,,
J-2025-05737,2025-10-20,complete,,
J-2024-02313,2024-05-21,complete,,
J-2023-00079,2023-01-24,complete,,
J-2024-00290,2024-02-06,complete,,
J-2025-03888,2025-07-31,complete,,
J-2025-04982,2025-09-16,complete,,
J-2025-01770,2025-03-28,short,JS-42791,41.0
J-2024-06669,2024-12-12,complete,,
J-2024-01335,2024-03-18,short,JS-44917,1.0
J-2024-00836,2024-02-29,complete,,
J-2023-06089,2023-12-11,short,JS-44057,22.0
J-2025-01774,2025-04-09,complete,,
J-2024-04722,2024-09-17,short,JS-41003,40.0
J-2024-04680,2024-09-27,complete,,
J-2024-00057,2024-01-08,short,JS-43389,45.0
J-2025-00343,2025-02-12,complete,,
J-2025-02610,2025-05-22,complete,,
J-2024-00983,2024-03-11,short,JS-48941,3.0
J-2023-02374,2023-05-26,complete,,
J-2025-03196,2025-06-05,short,JS-47882,20.0
J-2023-01308,2023-03-30,complete,,
J-2022-03251,2023-01-12,complete,,
J-2024-05072,2024-10-08,complete,,
J-2025-01360,2025-03-11,complete,,
J-2025-04183,2025-07-31,complete,,
J-2024-00479,2024-02-02,complete,,
J-2022-03298,2023-01-03,complete,,
J-2025-01456,2025-03-25,complete,,
J-2023-02208,2023-05-22,complete,,
J-2023-01354,2023-03-31,complete,,
J-2023-01333,2023-04-06,complete,,
J-2024-03497,2024-07-24,complete,,
J-2024-04970,2024-09-30,short,JS-48324,37.0
J-2025-04308,2025-08-19,complete,,
J-2025-02833,2025-05-30,complete,,
J-2024-00113,2024-01-12,short,JS-44088,32.0
J-2025-03141,2025-06-10,complete,,
J-2025-04357,2025-08-06,short,JS-45293,28.0
J-2025-01159,2025-03-07,complete,,
J-2024-06446,2024-12-12,complete,,
J-2024-02572,2024-05-22,short,JS-47384,23.0
J-2023-06045,2023-12-11,short,JS-40616,56.0
J-2025-02121,2025-04-17,short,JS-42680,1.0
J-2025-01651,2025-03-28,complete,,
J-2025-06646,2025-11-14,short,JS-49888,25.0
J-2023-03415,2023-07-28,complete,,
J-2024-03126,2024-06-25,complete,,
J-2024-02284,2024-05-13,complete,,
J-2023-03320,2023-07-19,complete,,
J-2023-01978,2023-05-02,complete,,
J-2024-05744,2024-11-19,complete,,
J-2025-06649,2025-11-19,complete,,
J-2024-06153,2024-12-11,complete,,
J-2025-01596,2025-03-31,complete,,
J-2024-05990,2024-11-13,short,JS-45565,1.0
J-2025-00896,2025-03-03,complete,,
J-2024-00270,2024-01-26,complete,,
J-2025-06826,2025-12-03,short,JS-49454,56.0
J-2023-04921,2023-11-06,complete,,
J-2024-02721,2024-05-31,short,JS-48269,52.0
J-2024-05937,2024-11-27,complete,,
J-2024-04299,2024-09-05,complete,,
J-2025-04583,2025-08-19,complete,,
J-2025-07088,2025-12-05,short,JS-42872,4.0
J-2023-05388,2023-11-09,complete,,
J-2024-01717,2024-04-05,short,JS-44545,26.0
J-2023-05891,2023-12-19,complete,,
J-2023-00541,2023-02-10,complete,,
J-2023-04595,2023-10-17,complete,,
J-2023-03186,2023-07-24,complete,,
J-2025-02370,2025-05-13,complete,,
J-2023-03231,2023-07-25,complete,,
J-2023-04984,2023-10-31,complete,,
J-2022-03232,2023-01-03,complete,,
J-2024-00194,2024-02-02,complete,,
J-2023-02618,2023-06-12,complete,,
J-2024-00484,2024-01-30,short,JS-48828,52.0
J-2024-00987,2024-03-13,complete,,
J-2025-00631,2025-02-10,complete,,
J-2023-01808,2023-04-17,short,JS-47593,36.0
J-2023-06374,2024-01-09,complete,,
J-2025-00829,2025-02-12,short,JS-49343,45.0
J-2024-00950,2024-03-19,complete,,
J-2024-01403,2024-03-25,complete,,
J-2025-04866,2025-09-08,complete,,
J-2025-05772,2025-10-15,complete,,
J-2024-03003,2024-06-13,short,JS-44129,12.0
J-2024-02121,2024-05-02,complete,,
J-2024-04225,2024-08-27,short,JS-45331,21.0
J-2025-07480,2026-01-06,complete,,
J-2025-05175,2025-09-26,complete,,
J-2024-04359,2024-08-29,short,JS-46413,41.0
J-2023-01895,2023-05-04,complete,,
J-2023-03705,2023-08-31,complete,,
J-2023-04140,2023-09-20,complete,,
J-2024-05204,2024-10-09,short,JS-47437,37.0
J-2025-05738,2025-10-20,complete,,
J-2025-06820,2025-11-24,complete,,
J-2023-01810,2023-05-01,complete,,
J-2023-01981,2023-05-04,complete,,
J-2024-02129,2024-04-29,short,JS-47468,11.0
J-2025-05249,2025-09-19,complete,,
J-2024-04629,2024-09-19,complete,,
J-2024-04156,2024-08-27,short,JS-44180,50.0
J-2023-02238,2023-05-10,short,JS-45701,26.0
J-2024-03973,2024-08-07,short,JS-44905,59.0
J-2023-05080,2023-10-23,short,JS-40281,22.0
J-2023-02019,2023-04-27,short,JS-49569,16.0
J-2024-03933,2024-08-14,short,JS-44399,52.0
J-2024-04379,2024-08-30,complete,,
J-2025-02748,2025-05-21,complete,,
J-2024-01093,2024-03-06,complete,,
J-2025-02928,2025-06-13,complete,,
J-2024-05024,2024-10-18,complete,,
J-2024-04813,2024-10-08,complete,,
J-2024-00944,2024-02-26,short,JS-40039,12.0
J-2023-03100,2023-08-08,complete,,
J-2023-03130,2023-07-10,complete,,
J-2023-04572,2023-10-10,short,JS-43241,21.0
J-2025-05513,2025-10-09,complete,,
J-2024-03424,2024-07-11,complete,,
J-2023-03462,2023-07-25,short,JS-42658,28.0
J-2023-01966,2023-04-25,short,JS-40888,26.0
J-2024-01124,2024-03-05,short,JS-45918,40.0
J-2024-00702,2024-03-14,complete,,
J-2024-02040,2024-05-21,complete,,
J-2023-02398,2023-06-06,complete,,
J-2023-02035,2023-04-28,short,JS-44122,46.0
J-2024-04004,2024-08-08,short,JS-42489,25.0
J-2025-06141,2025-11-05,complete,,
J-2023-03441,2023-07-24,short,JS-41741,40.0
J-2023-00600,2023-02-08,complete,,
J-2024-05276,2024-10-29,complete,,
J-2023-01863,2023-04-27,complete,,
J-2025-03970,2025-08-07,complete,,
J-2023-00819,2023-02-24,short,JS-47339,15.0
J-2023-01267,2023-04-10,complete,,
J-2025-02612,2025-05-13,complete,,
J-2023-04650,2023-10-03,complete,,
J-2024-04003,2024-08-08,short,JS-47148,14.0
J-2025-01512,2025-03-24,short,JS-41238,34.0
J-2025-05485,2025-10-06,complete,,
J-2025-01758,2025-04-04,complete,,
J-2024-03372,2024-07-03,short,JS-47664,18.0
J-2023-03704,2023-08-15,complete,,
J-2024-01239,2024-03-19,short,JS-45353,35.0
J-2023-01901,2023-04-21,short,JS-40743,11.0
J-2024-02159,2024-05-08,complete,,
J-2025-01643,2025-03-21,short,JS-42842,55.0
J-2025-05801,2025-11-03,complete,,
J-2024-02773,2024-06-10,complete,,
J-2024-06975,2024-12-20,short,JS-45065,22.0
J-2024-07045,2025-01-24,complete,,
J-2023-00433,2023-01-27,short,JS-44059,1.0
J-2025-06829,2025-12-10,complete,,
J-2025-04383,2025-08-22,complete,,
J-2024-01814,2024-04-24,short,JS-41211,49.0
J-2024-03016,2024-06-26,complete,,
J-2023-06005,2023-12-14,complete,,
J-2024-01542,2024-03-27,short,JS-42089,11.0
J-2025-04403,2025-08-27,complete,,
J-2024-04766,2024-10-14,complete,,
J-2025-04726,2025-09-03,complete,,
J-2025-01569,2025-04-07,complete,,
J-2024-00640,2024-02-09,short,JS-44670,33.0
J-2025-07384,2025-12-22,complete,,
J-2023-05933,2024-01-08,complete,,
J-2025-00145,2025-01-13,short,JS-48650,35.0
J-2023-00683,2023-02-27,complete,,
J-2025-03364,2025-06-13,short,JS-49230,50.0
J-2025-03534,2025-07-03,short,JS-48061,51.0
J-2023-05132,2023-11-14,complete,,
J-2024-01336,2024-03-22,complete,,
J-2025-03510,2025-07-07,complete,,
J-2024-06594,2024-12-17,complete,,
J-2024-04114,2024-08-16,short,JS-44206,54.0
J-2024-06820,2024-12-17,complete,,
J-2023-03938,2023-09-07,short,JS-48400,41.0
J-2024-06851,2025-01-03,short,JS-46130,34.0
J-2025-00991,2025-02-18,short,JS-49787,11.0
J-2023-04612,2023-10-12,complete,,
J-2025-05930,2025-10-14,short,JS-48635,59.0
J-2024-03024,2024-06-20,short,JS-46226,3.0
J-2023-05007,2023-10-23,complete,,
J-2024-04734,2024-09-19,complete,,
J-2025-06693,2025-11-17,short,JS-44753,19.0
J-2025-05574,2025-09-29,short,JS-42137,58.0
J-2025-03949,2025-07-23,complete,,
J-2023-06385,2024-01-09,complete,,
J-2023-03323,2023-07-27,complete,,
J-2025-01482,2025-03-25,complete,,
J-2023-04172,2023-09-29,complete,,
J-2024-06580,2024-12-09,short,JS-45710,57.0
J-2024-04591,2024-09-19,complete,,
J-2024-05596,2024-10-30,complete,,
J-2024-04018,2024-08-16,short,JS-49199,34.0
J-2024-06960,2025-01-07,complete,,
J-2025-04307,2025-08-15,complete,,
J-2025-07576,2026-01-15,complete,,
J-2024-02130,2024-05-03,complete,,
J-2023-00891,2023-03-06,complete,,
J-2024-04082,2024-08-23,complete,,
J-2025-00396,2025-02-05,complete,,
J-2023-01084,2023-03-06,short,JS-41881,23.0
J-2024-03666,2024-07-26,complete,,
J-2023-02592,2023-06-20,complete,,
J-2025-02998,2025-06-06,complete,,
J-2025-06927,2025-12-19,complete,,
J-2023-03783,2023-08-15,short,JS-47719,58.0
J-2022-03309,2023-01-12,complete,,
J-2023-02598,2023-06-01,short,JS-48634,20.0
J-2024-00616,2024-02-13,complete,,
J-2023-01249,2023-03-20,complete,,
J-2024-01113,2024-03-05,short,JS-44059,16.0
J-2024-00499,2024-02-12,complete,,
J-2025-02604,2025-06-06,complete,,
J-2025-03728,2025-07-07,complete,,
J-2023-04245,2023-09-20,complete,,
J-2023-02114,2023-05-09,complete,,
J-2024-05438,2024-11-01,complete,,
J-2024-02906,2024-06-10,short,JS-48338,34.0
J-2024-03190,2024-06-21,short,JS-45516,52.0
J-2024-05678,2024-11-15,complete,,
J-2025-05657,2025-10-03,short,JS-43173,33.0
J-2025-06996,2026-01-06,complete,,
J-2025-07563,2026-01-08,short,JS-40015,53.0
J-2025-06158,2025-10-28,complete,,
J-2023-00804,2023-03-06,complete,,
J-2024-00145,2024-01-15,complete,,
J-2023-05228,2023-11-09,complete,,
J-2023-01921,2023-05-12,complete,,
J-2025-06809,2025-12-01,short,JS-45177,20.0
J-2025-01424,2025-04-01,complete,,
J-2025-03446,2025-07-02,complete,,
J-2023-02812,2023-06-14,short,JS-47922,4.0
J-2025-07260,2025-12-17,complete,,
J-2024-01027,2024-03-06,complete,,
J-2023-00016,2023-01-16,short,JS-45407,27.0
J-2025-00592,2025-02-17,complete,,
J-2023-02406,2023-06-05,complete,,
J-2024-04201,2024-08-28,complete,,
J-2023-03281,2023-07-13,short,JS-40720,34.0
J-2024-04990,2024-10-17,complete,,
J-2023-06174,2023-12-22,complete,,
J-2025-07230,2025-12-10,short,JS-48038,33.0
J-2024-01125,2024-03-18,complete,,
J-2024-00073,2024-01-15,complete,,
J-2025-06259,2025-12-11,complete,,
J-2024-06249,2024-12-02,short,JS-49565,19.0
J-2023-03727,2023-08-10,short,JS-47066,49.0
J-2025-04600,2025-08-27,complete,,
J-2023-01026,2023-03-07,complete,,
J-2024-02716,2024-05-31,short,JS-42328,39.0
J-2023-05976,2023-12-22,complete,,
J-2024-05922,2024-12-17,complete,,
J-2025-02704,2025-05-23,complete,,
J-2024-00435,2024-01-29,short,JS-41872,40.0
J-2024-01177,2024-04-18,complete,,
J-2023-04766,2023-10-24,complete,,
J-2025-03739,2025-07-14,complete,,
J-2023-00516,2023-02-01,short,JS-43142,17.0
J-2023-05666,2024-01-11,complete,,
J-2023-05030,2023-12-01,complete,,
J-2023-00659,2023-02-16,complete,,
J-2025-03335,2025-06-12,short,JS-45666,18.0
J-2024-06044,2024-11-25,complete,,
J-2023-00569,2023-02-03,short,JS-43942,16.0
J-2025-03210,2025-06-16,complete,,
J-2024-03824,2024-08-05,complete,,
J-2023-01280,2023-03-20,short,JS-45185,12.0
J-2025-06697,2025-11-18,short,JS-47754,34.0
J-2025-05665,2025-10-24,complete,,
J-2023-00229,2023-01-31,complete,,
J-2024-06420,2024-12-18,complete,,
J-2025-03599,2025-07-09,complete,,
J-2024-01476,2024-03-29,complete,,
J-2025-07702,2026-01-29,complete,,
J-2024-01625,2024-04-01,short,JS-41724,45.0
J-2024-03007,2024-06-13,short,JS-45916,28.0
J-2024-03230,2024-07-02,complete,,
J-2024-00770,2024-02-20,complete,,
J-2025-02005,2025-04-11,complete,,
J-2024-03183,2024-06-28,complete,,
J-2025-03758,2025-07-22,complete,,
J-2025-06172,2025-11-10,complete,,
J-2025-03915,2025-07-11,short,JS-42335,51.0
J-2024-06340,2024-12-04,complete,,
J-2023-01892,2023-05-01,complete,,
J-2025-01747,2025-04-15,complete,,
J-2023-03589,2023-08-10,complete,,
J-2024-02612,2024-06-06,short,JS-49795,23.0
J-2023-00265,2023-01-19,short,JS-47256,52.0
J-2024-04726,2024-09-23,complete,,
J-2025-04527,2025-08-25,complete,,
J-2025-06257,2025-11-06,complete,,
J-2023-02327,2023-05-18,complete,,
J-2025-05796,2025-10-17,complete,,
J-2023-02623,2023-06-05,short,JS-40742,14.0
J-2025-02440,2025-04-30,short,JS-41082,3.0
J-2023-03166,2023-07-20,complete,,
J-2024-06861,2025-01-02,complete,,
J-2023-03104,2023-06-30,short,JS-48598,27.0
J-2025-04622,2025-08-21,complete,,
J-2022-03094,2023-01-20,complete,,
J-2023-02718,2023-06-16,complete,,
J-2024-03974,2024-08-13,complete,,
J-2024-03986,2024-08-22,complete,,
J-2023-01525,2023-04-07,short,JS-49727,6.0
J-2023-00214,2023-01-27,complete,,
J-2024-06141,2024-12-04,complete,,
J-2025-02985,2025-06-03,complete,,
J-2023-00741,2023-03-15,complete,,
J-2025-03649,2025-07-23,complete,,
J-2024-00434,2024-02-09,complete,,
J-2023-04711,2023-10-04,short,JS-46808,30.0
J-2024-05044,2024-10-14,complete,,
J-2024-04736,2024-10-08,complete,,
J-2024-05322,2024-10-24,short,JS-45584,37.0
J-2024-02132,2024-05-07,short,JS-49729,37.0
J-2023-01186,2023-03-21,complete,,
J-2023-03259,2023-07-20,complete,,
J-2024-05345,2024-10-25,complete,,
J-2024-01775,2024-04-09,short,JS-43266,15.0
J-2023-04968,2023-10-18,short,JS-47570,17.0
J-2025-01277,2025-03-13,complete,,
J-2025-07712,2025-12-23,short,JS-42234,46.0
J-2024-00833,2024-02-28,complete,,
J-2023-03828,2023-08-30,short,JS-44106,39.0
J-2025-02199,2025-04-18,short,JS-42912,9.0
J-2023-04131,2023-09-15,complete,,
J-2024-05751,2024-11-07,complete,,
J-2025-07124,2026-01-05,complete,,
J-2024-04342,2024-08-28,short,JS-47723,29.0
J-2025-01358,2025-03-17,complete,,
J-2024-02991,2024-06-13,complete,,
J-2023-00867,2023-03-03,short,JS-41452,46.0
J-2024-00475,2024-01-31,complete,,
J-2025-07612,2026-01-15,complete,,
J-2023-04980,2023-10-18,short,JS-46253,29.0
J-2024-04822,2024-09-23,short,JS-44418,24.0
J-2023-03558,2023-08-17,complete,,
J-2025-03830,2025-07-07,short,JS-42864,44.0
J-2025-01907,2025-04-15,complete,,
J-2023-05852,2023-12-04,short,JS-45473,33.0
J-2025-05879,2025-11-05,complete,,
J-2023-01847,2023-04-28,complete,,
J-2024-04500,2024-09-05,short,JS-42358,36.0
J-2025-01710,2025-04-11,complete,,
J-2025-01938,2025-04-17,complete,,
J-2025-00708,2025-02-28,complete,,
J-2023-05839,2023-12-01,short,JS-48761,46.0
J-2025-04809,2025-09-09,complete,,
J-2025-01717,2025-04-09,complete,,
J-2025-07470,2026-01-06,complete,,
J-2023-00885,2023-02-28,complete,,
J-2023-05128,2023-11-20,complete,,
J-2025-03791,2025-08-05,complete,,
J-2022-03242,2023-01-06,complete,,
J-2023-05009,2023-11-01,complete,,
J-2025-00088,2025-01-08,short,JS-47040,4.0
J-2025-06277,2025-10-30,short,JS-43299,3.0
J-2024-07003,2024-12-20,short,JS-43454,57.0
J-2025-06552,2025-11-19,complete,,
J-2024-05869,2024-11-11,short,JS-42057,2.0
J-2024-03408,2024-07-03,complete,,
J-2023-01613,2023-04-20,complete,,
J-2024-03249,2024-07-15,complete,,
J-2024-04190,2024-08-20,short,JS-44647,32.0
J-2025-01129,2025-03-04,complete,,
J-2024-04925,2024-09-27,short,JS-46732,42.0
J-2024-00524,2024-02-05,complete,,
J-2025-01233,2025-02-28,short,JS-40346,2.0
J-2025-01400,2025-03-10,short,JS-46097,14.0
J-2023-04030,2023-09-12,complete,,
J-2024-01382,2024-03-27,complete,,
J-2025-05031,2025-09-19,complete,,
J-2023-02706,2023-06-08,short,JS-41544,37.0
J-2024-05245,2024-11-01,complete,,
J-2023-03324,2023-07-17,short,JS-48144,32.0
J-2023-01680,2023-04-11,short,JS-42613,46.0
J-2023-04698,2023-10-03,short,JS-47384,7.0
J-2024-04487,2024-09-20,complete,,
J-2024-01212,2024-03-11,short,JS-47195,56.0
J-2023-04077,2023-09-07,complete,,
J-2023-00782,2023-02-23,short,JS-47127,25.0
J-2023-01920,2023-05-08,complete,,
J-2024-03648,2024-07-23,complete,,
J-2025-01286,2025-03-03,short,JS-49518,18.0
J-2025-04154,2025-08-11,complete,,
J-2024-00636,2024-03-01,complete,,
J-2025-06145,2025-10-27,short,JS-48968,39.0
J-2023-03718,2023-09-05,complete,,
J-2025-00054,2025-01-27,complete,,
J-2024-02620,2024-05-24,short,JS-49220,47.0
J-2023-00300,2023-01-25,complete,,
J-2024-03489,2024-07-15,complete,,
J-2024-04906,2024-09-25,short,JS-40182,36.0
J-2023-06266,2024-01-02,complete,,
J-2024-05641,2024-11-08,complete,,
J-2025-00954,2025-03-11,complete,,
J-2023-03194,2023-07-26,complete,,
J-2023-02884,2023-06-19,short,JS-46695,28.0
J-2025-01788,2025-04-02,short,JS-46607,11.0
J-2023-05214,2023-12-05,complete,,
J-2024-02535,2024-05-21,short,JS-49030,25.0
J-2025-04243,2025-08-01,complete,,
J-2025-06034,2025-10-27,short,JS-45279,25.0
J-2024-03915,2024-08-19,complete,,
J-2024-01636,2024-04-01,short,JS-40238,1.0
J-2024-03808,2024-08-14,complete,,
J-2024-05616,2024-10-30,short,JS-45300,58.0
J-2024-01693,2024-04-15,complete,,
J-2022-03206,2023-01-03,complete,,
J-2024-03949,2024-08-15,complete,,
J-2024-02391,2024-05-24,complete,,
J-2023-05737,2023-12-08,complete,,
J-2025-02869,2025-05-19,short,JS-43736,13.0
J-2023-02357,2023-05-30,short,JS-42815,36.0
J-2025-00615,2025-02-19,complete,,
J-2025-01104,2025-03-05,complete,,
J-2024-00094,2024-01-26,complete,,
J-2024-01003,2024-02-28,short,JS-44557,39.0
J-2025-04446,2025-08-11,short,JS-45791,9.0
J-2024-05695,2024-11-08,short,JS-40148,38.0
J-2025-06471,2025-11-17,complete,,
J-2024-03839,2024-07-31,short,JS-44385,9.0
J-2025-05669,2025-10-07,complete,,
J-2023-05565,2023-11-21,short,JS-49440,3.0
J-2024-04112,2024-08-23,complete,,
J-2024-04663,2024-09-19,complete,,
J-2025-03417,2025-06-16,short,JS-45160,40.0
J-2025-00257,2025-01-27,complete,,
J-2023-04556,2023-10-02,complete,,
J-2025-04830,2025-09-10,complete,,
J-2024-01442,2024-03-22,short,JS-41045,48.0
J-2024-00111,2024-01-09,short,JS-40890,6.0
J-2024-02321,2024-06-18,complete,,
J-2024-04817,2024-09-25,complete,,
J-2024-06642,2024-12-09,short,JS-43628,37.0
J-2024-00935,2024-03-01,short,JS-48093,41.0
J-2024-01365,2024-03-25,complete,,
J-2025-07133,2025-12-12,complete,,
J-2024-01270,2024-03-19,complete,,
J-2025-05820,2025-10-17,complete,,
J-2023-00488,2023-02-15,complete,,
J-2025-04642,2025-09-02,complete,,
J-2024-05965,2024-11-21,complete,,
J-2023-03331,2023-07-24,complete,,
J-2024-05285,2024-10-25,complete,,
J-2025-01503,2025-03-25,complete,,
J-2023-00969,2023-03-17,complete,,
J-2024-02147,2024-04-30,short,JS-41487,12.0
J-2025-05755,2025-10-16,complete,,
J-2025-06586,2025-11-24,complete,,
J-2023-00779,2023-02-16,complete,,
J-2024-04199,2024-09-05,complete,,
J-2024-06567,2024-12-20,complete,,
J-2024-05801,2024-11-14,short,JS-41828,37.0
J-2023-05335,2023-11-03,short,JS-47835,45.0
J-2023-03423,2023-07-24,short,JS-41372,41.0
J-2025-03945,2025-07-17,complete,,
J-2025-00258,2025-02-06,complete,,
J-2024-05989,2024-11-22,complete,,
J-2024-01811,2024-05-08,complete,,
J-2023-03509,2023-08-23,complete,,
J-2024-02662,2024-06-04,complete,,
J-2025-03160,2025-06-13,complete,,
J-2023-05237,2023-11-07,complete,,
J-2023-05940,2023-12-12,complete,,
J-2023-06150,2023-12-22,complete,,
J-2024-04684,2024-09-25,complete,,
J-2025-06508,2025-11-12,complete,,
J-2024-03575,2024-07-30,complete,,
J-2024-03935,2024-08-13,complete,,
J-2024-06639,2024-12-09,short,JS-45849,20.0
J-2025-04516,2025-08-13,short,JS-46929,3.0
J-2023-01689,2023-04-25,complete,,
J-2024-00407,2024-02-05,complete,,
J-2023-03321,2023-07-26,complete,,
J-2025-02318,2025-05-09,complete,,
J-2025-05469,2025-10-07,complete,,
J-2024-04961,2024-09-27,short,JS-45759,6.0
J-2023-04195,2023-09-11,short,JS-45645,8.0
J-2025-04339,2025-09-12,complete,,
J-2024-02854,2024-06-07,complete,,
J-2025-06052,2025-10-20,short,JS-46013,6.0
J-2025-05486,2025-09-26,short,JS-40116,38.0
J-2024-05224,2024-10-29,complete,,
J-2023-04919,2023-11-08,complete,,
J-2023-01110,2023-04-05,complete,,
J-2023-03466,2023-08-01,complete,,
J-2023-04314,2023-10-09,complete,,
J-2024-00753,2024-02-16,short,JS-40530,43.0
J-2023-03027,2023-07-05,short,JS-40810,44.0
J-2024-01112,2024-03-14,complete,,
J-2025-03616,2025-06-25,short,JS-44841,49.0
J-2024-06477,2024-12-11,complete,,
J-2025-00355,2025-02-03,complete,,
J-2025-01782,2025-03-28,short,JS-40584,55.0
J-2023-00216,2023-01-23,complete,,
J-2023-00545,2023-02-20,complete,,
J-2025-00996,2025-02-21,short,JS-46588,50.0
J-2025-01942,2025-04-08,complete,,
J-2023-00950,2023-03-09,complete,,
J-2023-04801,2023-11-02,complete,,
J-2024-05384,2024-10-31,complete,,
J-2023-01932,2023-04-24,short,JS-42042,57.0
J-2023-02171,2023-05-19,complete,,
J-2025-02552,2025-05-06,complete,,
J-2025-03755,2025-07-11,complete,,
J-2024-01006,2024-03-01,complete,,
J-2025-02923,2025-05-22,complete,,
J-2025-02308,2025-05-02,complete,,
J-2023-02046,2023-05-01,short,JS-48760,51.0
J-2024-06215,2024-12-17,complete,,
J-2025-03686,2025-06-27,short,JS-44595,29.0
J-2024-03191,2024-06-25,complete,,
J-2024-00601,2024-02-16,complete,,
J-2024-04756,2024-09-26,complete,,
J-2023-05971,2023-12-19,complete,,
J-2025-02514,2025-05-08,short,JS-45060,31.0
J-2022-03160,2023-01-12,complete,,
J-2025-03028,2025-06-06,complete,,
J-2024-06239,2024-12-18,complete,,
J-2024-00954,2024-03-05,complete,,
J-2024-01519,2024-04-02,complete,,
J-2024-02080,2024-05-06,complete,,
J-2025-05362,2025-10-08,complete,,
J-2024-00023,2024-01-16,complete,,
J-2023-05593,2023-12-01,complete,,
J-2024-02119,2024-05-22,complete,,
J-2024-04448,2024-09-13,complete,,
J-2025-05103,2025-09-17,complete,,
J-2025-00324,2025-01-30,short,JS-41063,39.0
J-2025-05965,2025-10-30,complete,,
J-2023-05681,2023-12-01,complete,,
J-2023-01923,2023-04-27,complete,,
J-2023-02911,2023-06-27,complete,,
J-2025-00408,2025-02-05,complete,,
J-2023-05452,2023-11-08,short,JS-43807,24.0
J-2024-06075,2024-12-10,complete,,
J-2025-05429,2025-10-24,complete,,
J-2025-06216,2025-11-05,complete,,
J-2024-06881,2025-01-06,complete,,
J-2023-02422,2023-05-22,short,JS-46961,15.0
J-2024-01300,2024-04-04,complete,,
J-2024-05546,2024-11-12,complete,,
J-2025-04753,2025-09-10,complete,,
J-2023-05640,2023-12-04,complete,,
J-2025-05445,2025-10-08,complete,,
J-2023-04127,2023-09-19,complete,,
J-2025-06382,2025-11-11,short,JS-47930,13.0
J-2024-01466,2024-04-04,complete,,
J-2024-05090,2024-10-16,complete,,
J-2023-03700,2023-08-18,short,JS-45797,38.0
J-2023-01155,2023-03-14,short,JS-42275,36.0
J-2023-02183,2023-05-09,complete,,
J-2025-06031,2025-10-23,short,JS-40987,14.0
J-2024-03737,2024-08-23,complete,,
J-2023-04480,2023-09-25,short,JS-45756,55.0
J-2025-00738,2025-02-13,short,JS-41290,22.0
J-2023-01491,2023-04-04,complete,,
J-2024-00274,2024-01-25,complete,,
J-2025-00202,2025-01-24,complete,,
J-2025-05655,2025-10-10,short,JS-43942,47.0
J-2025-03108,2025-06-11,short,JS-48685,54.0
J-2024-01991,2024-05-06,complete,,
J-2023-04524,2023-09-27,complete,,
J-2025-05385,2025-09-22,short,JS-47846,33.0
J-2022-03245,2023-01-12,complete,,
J-2023-03184,2023-07-26,complete,,
J-2024-05720,2024-11-14,complete,,
J-2024-05349,2024-10-21,complete,,
J-2025-07521,2026-01-12,short,JS-49557,57.0
J-2024-05577,2024-11-06,short,JS-47678,31.0
J-2024-05879,2024-11-11,short,JS-49133,2.0
J-2024-06194,2024-11-21,short,JS-44121,29.0
J-2024-04907,2024-09-25,short,JS-40241,52.0
J-2025-00967,2025-02-21,complete,,
J-2024-01721,2024-04-16,complete,,
J-2023-01537,2023-04-04,short,JS-45377,51.0
J-2025-06614,2025-11-25,short,JS-40656,3.0
J-2023-03079,2023-06-29,short,JS-45872,22.0
J-2023-06380,2024-01-15,complete,,
J-2024-03327,2024-06-27,short,JS-44755,58.0
J-2024-00876,2024-02-23,complete,,
J-2025-03338,2025-07-02,complete,,
J-2022-03029,2023-01-27,complete,,
J-2024-03376,2024-07-23,complete,,
J-2024-07051,2025-01-07,complete,,
J-2023-02824,2023-07-10,complete,,
J-2023-04251,2023-10-04,complete,,
J-2025-03634,2025-07-03,complete,,
J-2024-01043,2024-03-01,short,JS-43753,31.0
J-2024-01016,2024-03-12,complete,,
J-2024-04412,2024-09-09,complete,,
J-2024-04444,2024-09-03,short,JS-43583,2.0
J-2025-05589,2025-10-16,complete,,
J-2025-05171,2025-09-12,short,JS-47515,5.0
J-2025-03555,2025-06-23,short,JS-40306,45.0
J-2023-02725,2023-06-09,short,JS-42599,39.0
J-2024-00095,2024-01-17,complete,,
J-2025-06248,2025-10-29,short,JS-43118,6.0
J-2025-03129,2025-06-17,short,JS-45187,8.0
J-2025-06241,2025-11-10,complete,,
J-2024-03891,2024-08-01,short,JS-46716,16.0
J-2025-04575,2025-08-22,complete,,
J-2024-04374,2024-09-06,complete,,
J-2023-04482,2023-10-11,complete,,
J-2025-01499,2025-03-13,short,JS-40774,49.0
J-2025-03384,2025-06-16,short,JS-49258,45.0
J-2024-00440,2024-02-06,complete,,
J-2025-06993,2025-12-09,complete,,
J-2024-01036,2024-03-20,complete,,
J-2025-06668,2025-12-10,complete,,
J-2025-03181,2025-06-18,complete,,
J-2023-02754,2023-06-16,short,JS-45575,49.0
J-2024-03957,2024-08-06,short,JS-42008,4.0
J-2025-00134,2025-01-15,short,JS-47643,16.0
J-2024-01998,2024-04-30,complete,,
J-2024-06135,2024-11-27,complete,,
J-2024-06529,2024-12-06,complete,,
J-2024-05681,2024-11-13,short,JS-49735,55.0
J-2024-06256,2024-12-03,complete,,
J-2024-02318,2024-05-17,complete,,
J-2023-00035,2023-01-06,short,JS-41419,5.0
J-2023-06107,2023-12-12,short,JS-49890,38.0
J-2025-02445,2025-04-30,short,JS-42242,24.0
J-2024-02664,2024-06-07,complete,,
J-2023-05848,2023-12-20,complete,,
J-2024-03228,2024-07-05,complete,,
J-2023-02668,2023-06-08,complete,,
J-2025-04231,2025-07-29,short,JS-46263,12.0
J-2025-06669,2025-11-17,short,JS-45443,41.0
J-2023-01105,2023-03-08,short,JS-43079,37.0
J-2024-01375,2024-03-21,complete,,
J-2024-00816,2024-02-22,complete,,
J-2023-03690,2023-08-16,complete,,
J-2023-01562,2023-04-14,complete,,
J-2024-05173,2024-10-08,short,JS-47192,9.0
J-2024-00662,2024-02-22,complete,,
J-2023-01065,2023-03-29,complete,,
J-2023-01631,2023-04-26,complete,,
J-2024-01187,2024-03-11,complete,,
J-2024-05998,2024-11-14,short,JS-47432,36.0
J-2025-03466,2025-06-26,complete,,
J-2023-01985,2023-05-08,complete,,
J-2024-04185,2024-08-20,short,JS-43637,35.0
J-2025-01642,2025-03-28,complete,,
J-2024-06138,2024-12-04,complete,,
J-2025-06303,2025-11-03,complete,,
J-2025-07342,2025-12-19,complete,,
J-2023-04310,2023-10-04,complete,,
J-2025-07302,2026-01-07,complete,,
J-2025-00241,2025-01-29,complete,,
J-2023-03694,2023-08-08,short,JS-46184,46.0
J-2023-00655,2023-02-17,complete,,
J-2025-02530,2025-05-16,complete,,
J-2023-06096,2023-12-21,complete,,
J-2025-01295,2025-03-11,complete,,
J-2023-03638,2023-08-09,complete,,
J-2024-01086,2024-03-15,complete,,
J-2024-00859,2024-02-21,short,JS-43889,15.0
J-2024-05618,2024-10-30,short,JS-47434,22.0
J-2023-01802,2023-04-17,short,JS-45717,32.0
J-2024-01301,2024-03-28,complete,,
J-2024-02887,2024-07-12,complete,,
J-2024-03428,2024-07-16,complete,,
J-2025-06444,2025-11-07,short,JS-49649,26.0
J-2023-02146,2023-05-16,complete,,
J-2024-04364,2024-09-05,short,JS-41690,10.0
J-2023-04714,2023-10-05,short,JS-40907,29.0
J-2025-03482,2025-06-26,complete,,
J-2024-05055,2024-10-10,complete,,
J-2025-05174,2025-09-12,short,JS-41426,57.0
J-2024-00480,2024-02-13,complete,,
J-2025-06361,2025-11-07,complete,,
J-2024-02688,2024-06-04,complete,,
J-2024-07099,2025-01-09,short,JS-41238,32.0
J-2024-03069,2024-06-18,short,JS-42199,38.0
J-2023-00565,2023-02-08,complete,,
J-2025-02498,2025-05-01,short,JS-47594,53.0
J-2024-06991,2024-12-23,complete,,
J-2025-03029,2025-06-04,complete,,
J-2024-06005,2024-11-15,complete,,
J-2024-04800,2024-10-15,complete,,
J-2024-05295,2024-10-24,short,JS-43759,47.0
J-2025-07543,2026-01-19,complete,,
J-2023-05349,2023-11-08,complete,,
J-2024-06592,2024-12-09,short,JS-44177,30.0
J-2025-07319,2026-01-21,complete,,
J-2024-02609,2024-05-28,short,JS-41307,51.0
J-2025-07354,2025-12-15,short,JS-47130,11.0
J-2024-04439,2024-09-03,short,JS-46528,34.0
J-2024-03646,2024-08-22,complete,,
J-2024-00098,2024-01-29,complete,,
J-2025-05107,2025-09-10,short,JS-42205,13.0
J-2025-06918,2025-12-11,complete,,
J-2024-02711,2024-06-10,short,JS-48690,27.0
J-2025-07488,2026-01-09,complete,,
J-2023-01426,2023-04-03,complete,,
J-2024-03048,2024-06-18,complete,,
J-2023-02553,2023-06-09,complete,,
J-2022-03228,2023-01-04,complete,,
J-2024-07113,2024-12-23,short,JS-49957,14.0
J-2023-01912,2023-05-02,complete,,
J-2023-03999,2023-09-13,complete,,
J-2024-01041,2024-03-11,complete,,
J-2025-07233,2025-12-22,complete,,
J-2025-07440,2026-01-07,complete,,
J-2023-06332,2024-01-09,complete,,
J-2024-06728,2024-12-16,short,JS-44219,59.0
J-2024-01165,2024-03-18,complete,,
J-2025-04321,2025-09-03,complete,,
J-2025-05707,2025-10-21,complete,,
J-2024-00150,2024-01-12,short,JS-48870,27.0
J-2025-00431,2025-01-31,complete,,
J-2025-03248,2025-06-12,complete,,
J-2023-03159,2023-07-20,complete,,
J-2023-03796,2023-08-21,complete,,
J-2025-07199,2025-12-17,complete,,
J-2024-02035,2024-05-21,complete,,
J-2023-00534,2023-02-21,complete,,
J-2025-00849,2025-03-04,complete,,
J-2025-04737,2025-09-11,complete,,
J-2024-03205,2024-06-27,complete,,
J-2022-03331,2023-01-10,short,JS-48295,51.0
J-2025-07660,2026-02-16,complete,,
J-2025-01509,2025-03-25,complete,,
J-2025-00721,2025-02-14,complete,,
J-2023-00368,2023-02-03,short,JS-42928,5.0
J-2023-01272,2023-03-23,complete,,
J-2025-02651,2025-05-09,complete,,
J-2025-05440,2025-09-29,complete,,
J-2023-02380,2023-05-26,complete,,
J-2025-04571,2025-08-15,short,JS-40913,5.0
J-2025-00612,2025-02-21,complete,,
J-2023-00280,2023-01-26,complete,,
J-2024-06967,2025-01-08,complete,,
J-2023-02273,2023-05-25,complete,,
J-2024-02864,2024-06-17,complete,,
J-2023-04609,2023-09-29,short,JS-42467,30.0
J-2025-01732,2025-04-03,complete,,
J-2025-02008,2025-04-16,complete,,
J-2025-07516,2025-12-23,complete,,
J-2025-02635,2025-05-14,complete,,
J-2025-07616,2026-01-12,complete,,
J-2024-03416,2024-07-11,complete,,
J-2023-01117,2023-03-08,short,JS-41067,15.0
J-2023-04573,2023-10-06,complete,,
J-2024-03306,2024-07-25,complete,,
J-2023-00695,2023-02-13,complete,,
J-2024-06120,2024-11-19,complete,,
J-2023-01122,2023-03-15,complete,,
J-2025-03698,2025-07-16,short,JS-42794,45.0
J-2023-01550,2023-04-20,complete,,
J-2024-03444,2024-07-10,complete,,
J-2024-03507,2024-07-11,complete,,
J-2024-02337,2024-06-13,complete,,
J-2025-01227,2025-02-28,short,JS-43518,56.0
J-2024-03889,2024-08-13,complete,,
J-2023-00027,2023-01-09,short,JS-44116,46.0
J-2025-00983,2025-02-25,short,JS-42365,10.0
J-2024-04483,2024-09-06,complete,,
J-2025-00332,2025-01-29,complete,,
J-2025-00235,2025-01-30,complete,,
J-2023-02973,2023-07-03,complete,,
J-2024-01627,2024-04-05,complete,,
J-2025-01148,2025-02-25,short,JS-45728,32.0
J-2023-00843,2023-02-21,complete,,
J-2023-06289,2023-12-21,complete,,
J-2023-03403,2023-08-17,complete,,
J-2025-01524,2025-03-27,complete,,
J-2023-01675,2023-05-12,complete,,
J-2025-06450,2025-11-19,complete,,
J-2025-04445,2025-09-08,complete,,
J-2023-04683,2023-10-03,short,JS-47761,56.0
J-2025-02864,2025-05-23,short,JS-42245,40.0
J-2024-02468,2024-05-17,short,JS-48395,20.0
J-2024-06983,2025-01-13,short,JS-46364,54.0
J-2025-03506,2025-06-27,complete,,
J-2023-01527,2023-04-11,complete,,
J-2025-03988,2025-07-21,short,JS-40630,7.0
J-2025-01579,2025-03-21,complete,,
J-2025-05909,2025-10-21,complete,,
J-2025-04637,2025-08-21,complete,,
J-2024-01761,2024-04-19,complete,,
J-2023-04558,2023-10-09,complete,,
J-2025-02752,2025-05-27,complete,,
J-2024-01815,2024-04-24,complete,,
J-2023-05993,2023-12-13,complete,,
J-2025-06385,2025-11-03,short,JS-44225,33.0
J-2025-05536,2025-09-29,short,JS-45441,42.0
J-2025-02328,2025-05-12,complete,,
J-2025-04191,2025-08-05,complete,,
J-2025-04049,2025-07-18,short,JS-42777,17.0
J-2023-03597,2023-08-09,complete,,
J-2023-02043,2023-04-28,short,JS-43888,39.0
J-2023-06176,2024-01-04,complete,,
J-2024-04010,2024-08-21,complete,,
J-2025-02523,2025-05-28,complete,,
J-2024-02180,2024-05-13,complete,,
J-2024-03265,2024-07-16,complete,,
J-2024-01869,2024-05-28,complete,,
J-2025-06858,2025-12-09,complete,,
J-2024-01942,2024-04-29,complete,,
J-2023-00636,2023-02-22,complete,,
J-2023-01179,2023-04-05,complete,,
J-2023-01376,2023-03-24,short,JS-41790,41.0
J-2025-00730,2025-02-10,short,JS-43859,31.0
J-2025-03963,2025-07-14,short,JS-45317,48.0
J-2025-01345,2025-03-06,short,JS-49761,36.0
J-2025-01343,2025-04-09,complete,,
J-2024-00874,2024-02-23,complete,,
J-2025-00857,2025-02-17,complete,,
J-2023-01684,2023-04-11,short,JS-41830,11.0
J-2025-02609,2025-05-07,complete,,
J-2023-05109,2023-11-03,complete,,
J-2024-05602,2024-10-29,short,JS-45826,46.0
J-2023-03696,2023-08-16,complete,,
J-2025-07137,2025-12-11,complete,,
J-2024-03002,2024-06-13,short,JS-40421,15.0
J-2024-01133,2024-03-06,short,JS-49787,31.0
J-2023-01398,2023-04-07,complete,,
J-2023-01495,2023-04-12,short,JS-46079,31.0
J-2023-04483,2023-10-13,complete,,
J-2023-02566,2023-06-05,complete,,
J-2025-05760,2025-10-13,complete,,
J-2025-02556,2025-05-07,complete,,
J-2023-06076,2023-12-20,complete,,
J-2025-01364,2025-03-12,complete,,
J-2025-07308,2026-01-02,complete,,
J-2023-01295,2023-04-03,complete,,
J-2024-03039,2024-07-01,complete,,
J-2024-04666,2024-09-26,short,JS-46676,25.0
J-2025-04568,2025-09-02,complete,,
J-2025-01746,2025-04-15,complete,,
J-2023-02051,2023-05-01,short,JS-40939,5.0
J-2025-04123,2025-07-23,short,JS-40050,54.0
J-2025-07036,2025-12-15,complete,,
J-2025-05725,2025-10-07,short,JS-47749,25.0
J-2024-01434,2024-03-25,short,JS-47932,41.0
J-2023-05830,2023-12-08,complete,,
J-2023-00989,2023-03-15,complete,,
J-2025-06020,2025-11-05,complete,,
J-2024-05393,2024-10-29,complete,,
J-2025-01086,2025-02-26,short,JS-41773,1.0
J-2025-05646,2025-10-06,complete,,
J-2023-04855,2023-10-23,complete,,
J-2025-01966,2025-04-07,short,JS-46594,4.0
J-2025-02388,2025-05-05,short,JS-41042,42.0
J-2024-04632,2024-10-08,complete,,
J-2024-05518,2024-11-01,complete,,
J-2023-04292,2023-09-25,complete,,
J-2024-03493,2024-07-08,short,JS-42890,1.0
J-2023-01974,2023-04-27,complete,,
J-2023-00478,2023-02-10,complete,,
J-2023-04944,2023-10-17,short,JS-41389,41.0
J-2024-02562,2024-06-27,complete,,
J-2025-01680,2025-04-14,complete,,
J-2023-05164,2023-11-06,complete,,
J-2023-03095,2023-06-29,short,JS-48690,3.0
J-2025-04060,2025-07-21,short,JS-48777,28.0
J-2025-05548,2025-09-30,complete,,
J-2023-03544,2023-08-11,complete,,
J-2023-00602,2023-02-14,complete,,
J-2024-00818,2024-03-01,short,JS-47651,12.0
J-2024-05145,2024-10-15,short,JS-49854,14.0
J-2024-05016,2024-10-17,complete,,
J-2025-07546,2026-01-06,complete,,
J-2023-02957,2023-06-23,short,JS-45574,58.0
J-2024-01068,2024-03-07,complete,,
J-2024-00603,2024-03-04,complete,,
J-2025-06423,2025-11-17,complete,,
J-2023-06080,2023-12-12,complete,,
J-2024-05231,2024-10-14,short,JS-46586,56.0
J-2023-01245,2023-04-03,complete,,
J-2023-03900,2023-09-13,complete,,
J-2024-04560,2024-09-12,complete,,
J-2024-03363,2024-07-15,complete,,
J-2023-02400,2023-05-23,complete,,
J-2024-05396,2024-10-30,complete,,
J-2023-01325,2023-03-21,short,JS-40051,47.0
J-2025-05056,2025-09-16,complete,,
J-2025-06657,2025-11-24,short,JS-48766,4.0
J-2023-03284,2023-08-04,complete,,
J-2025-04868,2025-09-04,short,JS-43406,43.0
J-2025-05663,2025-10-08,complete,,
J-2025-00481,2025-02-04,short,JS-42491,41.0
J-2025-01147,2025-03-04,complete,,
J-2025-07372,2025-12-23,short,JS-43785,53.0
J-2024-01776,2024-04-22,complete,,
J-2024-03322,2024-07-05,short,JS-44502,49.0
J-2025-01064,2025-03-05,complete,,
J-2023-05291,2023-12-15,complete,,
J-2023-05092,2023-11-06,complete,,
J-2024-03931,2024-08-16,complete,,
J-2025-00739,2025-02-26,complete,,
J-2024-03545,2024-07-17,complete,,
J-2024-05543,2024-11-12,complete,,
J-2024-00112,2024-01-10,complete,,
J-2025-07054,2025-12-05,short,JS-45577,35.0
J-2025-06966,2025-12-05,complete,,
J-2024-00989,2024-03-13,complete,,
J-2024-01096,2024-03-12,complete,,
J-2025-01976,2025-04-14,complete,,
J-2024-00260,2024-01-24,complete,,
J-2023-03628,2023-08-07,complete,,
J-2025-04567,2025-08-15,short,JS-48123,50.0
J-2024-03548,2024-07-12,short,JS-48216,55.0
J-2024-01928,2024-05-15,complete,,
J-2025-04688,2025-08-22,short,JS-40891,21.0
J-2024-02227,2024-05-07,complete,,
J-2024-03953,2024-08-21,complete,,
J-2022-03324,2023-01-06,complete,,
J-2025-04388,2025-08-06,short,JS-44459,18.0
J-2025-01722,2025-04-04,short,JS-48353,7.0
J-2023-06291,2024-01-15,complete,,
J-2025-00326,2025-01-29,complete,,
J-2023-05366,2023-11-13,short,JS-43647,10.0
J-2025-03064,2025-05-29,short,JS-45112,7.0
J-2025-04097,2025-07-31,complete,,
J-2023-02463,2023-05-30,complete,,
J-2024-01534,2024-04-03,complete,,
J-2025-03483,2025-07-02,complete,,
J-2023-06215,2023-12-22,complete,,
J-2024-00569,2024-02-07,complete,,
J-2024-03459,2024-07-16,short,JS-47932,53.0
J-2023-00705,2023-02-13,short,JS-47201,6.0
J-2025-03485,2025-06-27,complete,,
J-2024-04900,2024-09-26,complete,,
J-2023-02690,2023-06-16,complete,,
J-2024-01782,2024-04-16,complete,,
J-2023-06135,2023-12-22,complete,,
J-2023-03382,2023-07-20,short,JS-47451,53.0
J-2024-01091,2024-03-15,short,JS-46285,22.0
J-2025-00989,2025-03-11,complete,,
J-2023-03431,2023-07-27,short,JS-48010,31.0
J-2025-01815,2025-04-09,short,JS-47231,20.0
J-2024-01893,2024-04-23,short,JS-43716,27.0
J-2023-05748,2023-12-08,complete,,
J-2025-03377,2025-06-19,complete,,
J-2024-00300,2024-02-01,complete,,
J-2024-04786,2024-09-30,complete,,
J-2023-02037,2023-04-28,short,JS-45843,59.0
J-2024-04576,2024-09-26,complete,,
J-2025-02867,2025-06-02,complete,,
J-2024-04235,2024-09-04,complete,,
J-2023-00055,2023-01-16,short,JS-47256,24.0
J-2023-05861,2024-01-05,complete,,
J-2024-04320,2024-09-17,complete,,
J-2025-01867,2025-04-17,complete,,
J-2025-00480,2025-01-28,short,JS-45211,11.0
J-2024-03080,2024-06-25,complete,,
J-2023-01099,2023-04-06,complete,,
J-2024-03365,2024-07-01,short,JS-46096,27.0
J-2024-01278,2024-03-21,complete,,
J-2025-01063,2025-02-21,short,JS-43018,22.0
J-2023-00263,2023-01-19,short,JS-44204,11.0
J-2025-02332,2025-05-13,complete,,
J-2025-02576,2025-05-14,complete,,
J-2023-02910,2023-06-29,complete,,
J-2025-00424,2025-02-06,complete,,
J-2025-02772,2025-05-19,complete,,
J-2024-07039,2025-01-08,complete,,
J-2025-03340,2025-06-18,complete,,
J-2022-03155,2023-01-16,complete,,
J-2024-00592,2024-02-09,complete,,
J-2025-00268,2025-01-29,complete,,
J-2023-00348,2023-01-23,short,JS-49810,22.0
J-2023-00748,2023-02-23,complete,,
J-2023-01914,2023-04-21,short,JS-48962,50.0
J-2023-04692,2023-10-11,complete,,
J-2025-06355,2025-11-03,short,JS-44053,36.0
J-2023-05685,2023-11-21,short,JS-42212,53.0
J-2025-00674,2025-02-18,short,JS-49033,21.0
J-2025-07697,2026-01-02,complete,,
J-2025-00014,2025-01-13,short,JS-48412,17.0
J-2023-01633,2023-04-12,short,JS-48125,31.0
J-2025-00273,2025-02-18,complete,,
J-2025-05397,2025-10-13,complete,,
J-2025-04166,2025-08-27,complete,,
J-2025-06092,2025-11-04,complete,,
J-2024-05991,2024-11-20,complete,,
J-2025-01453,2025-03-20,complete,,
J-2024-01481,2024-04-05,complete,,
J-2023-05212,2023-11-09,complete,,
J-2023-02907,2023-06-26,short,JS-45754,38.0
J-2024-06733,2024-12-17,complete,,
J-2024-03277,2024-06-25,short,JS-43120,14.0
J-2023-04159,2023-09-25,complete,,
J-2023-03890,2023-08-24,complete,,
J-2024-04876,2024-09-24,short,JS-40388,46.0
J-2025-04253,2025-07-31,short,JS-44682,24.0
J-2023-03099,2023-08-01,complete,,
J-2023-04418,2023-10-09,complete,,
J-2024-01657,2024-04-16,complete,,
J-2024-00937,2024-02-26,short,JS-42943,16.0
J-2025-04202,2025-08-12,complete,,
J-2025-03435,2025-06-25,complete,,
J-2024-01194,2024-03-11,short,JS-44635,59.0
J-2024-02214,2024-05-07,complete,,
J-2025-01880,2025-04-04,short,JS-41070,31.0
J-2024-03304,2024-07-01,complete,,
J-2025-02200,2025-04-18,short,JS-43187,25.0
J-2024-02137,2024-05-06,complete,,
J-2023-06340,2024-01-11,complete,,
J-2023-03071,2023-06-28,short,JS-43682,41.0
J-2024-03951,2024-08-27,complete,,
J-2023-01878,2023-05-19,complete,,
J-2024-06377,2024-12-06,complete,,
J-2025-03015,2025-06-06,complete,,
J-2025-02912,2025-06-05,complete,,
J-2025-03987,2025-07-22,complete,,
J-2025-03011,2025-06-12,complete,,
J-2024-04468,2024-09-05,complete,,
J-2024-07022,2025-01-16,complete,,
J-2025-03891,2025-07-09,short,JS-42969,21.0
J-2023-04902,2023-10-19,complete,,
J-2023-03299,2023-07-19,complete,,
J-2024-00487,2024-02-08,complete,,
J-2024-00243,2024-01-24,complete,,
J-2024-02566,2024-05-22,short,JS-49600,53.0
J-2025-01349,2025-03-26,complete,,
J-2025-06474,2025-11-18,complete,,
J-2024-02552,2024-05-21,short,JS-46901,16.0
J-2025-03381,2025-06-20,short,JS-44076,13.0
J-2023-05436,2023-12-06,complete,,
J-2023-00769,2023-02-22,complete,,
J-2024-00069,2024-01-15,complete,,
J-2025-02441,2025-06-18,complete,,
J-2024-04174,2024-08-20,short,JS-46687,23.0
J-2024-01673,2024-04-08,short,JS-45892,12.0
J-2025-06208,2025-11-04,complete,,
J-2025-06387,2025-11-20,complete,,
J-2023-02176,2023-05-26,complete,,
J-2024-05331,2024-10-30,complete,,
J-2025-02911,2025-05-27,complete,,
J-2024-02326,2024-05-21,complete,,
J-2024-05196,2024-10-21,short,JS-46934,7.0
J-2024-01638,2024-04-01,short,JS-47565,2.0
J-2025-05984,2025-11-03,complete,,
J-2023-02393,2023-06-08,complete,,
J-2024-06177,2024-12-10,complete,,
J-2023-02796,2023-06-22,complete,,
J-2024-01147,2024-03-25,complete,,
J-2025-01685,2025-04-03,complete,,
J-2023-04827,2023-10-10,short,JS-40272,10.0
J-2023-02708,2023-06-22,complete,,
J-2023-04682,2023-10-18,complete,,
J-2025-01398,2025-03-20,complete,,
J-2023-01771,2023-05-03,complete,,
J-2024-07067,2025-01-17,complete,,
J-2025-04885,2025-09-10,complete,,
J-2025-02749,2025-05-15,complete,,
J-2025-05084,2025-10-10,complete,,
J-2025-06255,2025-11-12,complete,,
J-2023-04229,2023-09-20,short,JS-42043,6.0
J-2025-07025,2025-12-01,short,JS-47283,10.0
J-2024-04204,2024-09-03,complete,,
J-2025-06435,2025-11-18,complete,,
J-2025-06206,2025-11-12,complete,,
J-2023-01416,2023-03-29,complete,,
J-2025-01944,2025-04-28,complete,,
J-2025-02371,2025-05-14,complete,,
J-2023-00536,2023-02-07,complete,,
J-2023-05630,2023-11-28,complete,,
J-2024-04628,2024-09-26,complete,,
J-2024-05249,2024-10-22,complete,,
J-2025-07401,2025-12-18,complete,,
J-2024-05359,2024-10-31,complete,,
J-2025-00386,2025-02-05,complete,,
J-2024-06501,2024-12-16,complete,,
J-2023-06105,2024-01-09,complete,,
J-2024-02216,2024-05-03,short,JS-42298,3.0
J-2025-00707,2025-02-19,complete,,
J-2024-02618,2024-05-24,short,JS-45646,21.0
J-2025-03209,2025-06-06,short,JS-45324,20.0
J-2023-05766,2024-01-08,complete,,
J-2025-01784,2025-03-31,short,JS-41497,5.0
J-2025-04518,2025-08-22,complete,,
J-2024-06489,2025-01-03,complete,,
J-2025-06352,2025-11-04,complete,,
J-2024-05978,2024-11-19,short,JS-43792,4.0
J-2024-04266,2024-09-06,complete,,
J-2025-06902,2025-11-26,short,JS-44199,51.0
J-2025-07042,2025-12-11,complete,,
J-2023-01870,2023-04-20,short,JS-42965,9.0
J-2025-05025,2025-09-08,short,JS-40480,55.0
J-2025-04657,2025-09-03,complete,,
J-2024-06509,2024-12-16,complete,,
J-2025-05923,2025-11-06,complete,,
J-2025-02093,2025-04-25,complete,,
J-2023-01214,2023-03-27,complete,,
J-2023-05037,2023-10-27,complete,,
J-2024-00477,2024-02-09,complete,,
J-2023-05194,2023-11-08,complete,,
J-2023-04135,2023-09-18,short,JS-47520,54.0
J-2025-05459,2025-10-03,complete,,
J-2023-02282,2023-05-17,complete,,
J-2025-05563,2025-10-07,short,JS-49731,27.0
J-2025-04679,2025-08-25,complete,,
J-2025-03789,2025-07-17,complete,,
J-2025-00143,2025-01-23,complete,,
J-2023-01177,2023-03-13,short,JS-49897,7.0
J-2024-01564,2024-04-03,complete,,
J-2024-07018,2025-01-09,complete,,
J-2023-04311,2023-09-20,complete,,
J-2025-00765,2025-02-25,complete,,
J-2025-05383,2025-09-23,complete,,
J-2023-05116,2023-11-09,complete,,
J-2023-05709,2023-12-05,complete,,
J-2024-02182,2024-05-08,complete,,
J-2024-05130,2024-10-07,short,JS-44983,56.0
J-2025-03794,2025-07-10,complete,,
J-2024-01309,2024-03-14,short,JS-46008,24.0
J-2025-05290,2025-09-25,complete,,
J-2024-04071,2024-08-23,complete,,
J-2023-04232,2023-09-13,short,JS-47248,41.0
J-2025-07307,2025-12-15,short,JS-40939,2.0
J-2023-01614,2023-04-07,short,JS-44611,9.0
J-2023-03766,2023-08-25,complete,,
J-2024-06525,2025-01-02,complete,,
J-2025-01929,2025-04-09,complete,,
J-2025-02678,2025-06-03,complete,,
J-2025-07498,2026-01-07,complete,,
J-2025-06569,2025-11-11,short,JS-40366,32.0
J-2024-03370,2024-07-03,short,JS-46020,33.0
J-2025-03817,2025-07-22,complete,,
J-2025-06195,2025-11-04,complete,,
J-2024-01063,2024-03-12,complete,,
J-2025-04364,2025-08-06,complete,,
J-2024-06338,2024-12-06,short,JS-42326,10.0
J-2024-02482,2024-06-27,complete,,
J-2023-03116,2023-07-31,complete,,
J-2025-07635,2026-01-15,complete,,
J-2025-05520,2025-10-10,complete,,
J-2024-02238,2024-05-20,complete,,
J-2024-01947,2024-05-01,complete,,
J-2023-05652,2023-11-20,short,JS-43409,14.0
J-2025-07288,2025-12-22,complete,,
J-2024-06985,2025-01-09,complete,,
J-2025-00951,2025-02-17,short,JS-47960,40.0
J-2025-00412,2025-02-06,complete,,
J-2024-05782,2024-11-06,short,JS-41386,22.0
J-2025-01488,2025-03-26,short,JS-45148,36.0
J-2025-05455,2025-10-07,complete,,
J-2025-02737,2025-05-21,complete,,
J-2025-07589,2026-01-16,complete,,
J-2023-01418,2023-04-03,short,JS-49778,23.0
J-2023-00979,2023-03-03,complete,,
J-2023-04956,2023-10-19,complete,,
J-2023-00931,2023-03-03,complete,,
J-2025-06481,2025-11-07,short,JS-49642,28.0
J-2023-01601,2023-04-24,complete,,
J-2025-07584,2026-01-09,complete,,
J-2025-05867,2025-10-16,complete,,
J-2023-02860,2023-07-24,complete,,
J-2023-03663,2023-08-16,complete,,
J-2024-02607,2024-06-14,complete,,
J-2024-05421,2024-10-31,complete,,
J-2025-02007,2025-04-21,complete,,
J-2024-01853,2024-04-15,short,JS-40313,52.0
J-2023-03830,2023-08-30,complete,,
J-2023-01726,2023-04-13,short,JS-46878,36.0
J-2025-05581,2025-10-03,short,JS-43088,48.0
J-2025-06432,2025-12-16,complete,,
J-2024-03256,2024-07-09,complete,,
J-2024-04231,2024-08-23,short,JS-41550,36.0
J-2024-07060,2025-01-10,complete,,
J-2024-04926,2024-10-07,complete,,
J-2025-01498,2025-03-20,complete,,
J-2025-02902,2025-05-20,short,JS-41305,24.0
J-2025-07074,2025-12-15,complete,,
J-2023-01143,2023-03-10,short,JS-48007,39.0
J-2025-07055,2025-12-10,complete,,
J-2024-05523,2024-11-05,short,JS-45757,39.0
J-2024-04804,2024-10-01,complete,,
J-2025-02861,2025-05-19,short,JS-46112,48.0
J-2024-06455,2024-12-03,short,JS-49142,30.0
J-2023-03512,2023-08-03,complete,,
J-2025-07157,2025-12-19,complete,,
J-2025-01723,2025-03-26,short,JS-44141,41.0
J-2025-02259,2025-04-29,complete,,
J-2023-03272,2023-07-13,short,JS-40336,16.0
J-2025-04082,2025-08-18,complete,,
J-2024-00303,2024-01-29,short,JS-46309,5.0
J-2025-01567,2025-04-22,complete,,
J-2025-02329,2025-05-29,complete,,
J-2023-05421,2023-11-10,short,JS-47092,11.0
J-2023-04637,2023-10-20,complete,,
J-2025-00639,2025-02-13,complete,,
J-2024-04793,2024-10-08,complete,,
J-2025-05601,2025-10-21,complete,,
J-2024-03051,2024-06-21,complete,,
J-2023-03731,2023-08-16,complete,,
J-2025-03159,2025-06-17,complete,,
J-2024-04759,2024-09-19,short,JS-41001,14.0
J-2023-03207,2023-07-18,complete,,
J-2023-04227,2023-09-21,short,JS-44276,19.0
J-2025-00205,2025-01-27,short,JS-41169,40.0
J-2025-00927,2025-03-04,complete,,
J-2023-04309,2023-10-30,complete,,
J-2025-02147,2025-04-28,complete,,
J-2023-05101,2023-11-01,complete,,
J-2025-05505,2025-10-09,complete,,
J-2024-03320,2024-07-24,complete,,
J-2024-06718,2024-12-11,short,JS-49742,59.0
J-2025-00187,2025-01-16,complete,,
J-2023-01271,2023-04-13,complete,,
J-2023-03374,2023-07-31,complete,,
J-2024-03476,2024-07-17,complete,,
J-2024-04732,2024-09-25,complete,,
J-2023-05926,2023-12-05,short,JS-48733,11.0
J-2024-05949,2024-11-12,short,JS-44775,49.0
J-2023-03395,2023-07-26,short,JS-46815,51.0
J-2025-04886,2025-08-29,short,JS-45062,27.0
J-2025-04011,2025-07-16,short,JS-49717,43.0
J-2023-03249,2023-07-12,short,JS-43192,15.0
J-2025-06780,2025-12-02,complete,,
J-2024-03674,2024-07-29,complete,,
J-2024-05259,2024-10-14,short,JS-42362,17.0
J-2023-05457,2023-11-21,complete,,
J-2023-03221,2023-07-10,short,JS-41919,47.0
J-2023-02975,2023-06-28,complete,,
J-2023-05440,2023-11-08,short,JS-44211,36.0
J-2024-01062,2024-04-03,complete,,
J-2025-07185,2025-12-08,short,JS-44855,50.0
J-2024-05428,2024-10-23,short,JS-47495,13.0
J-2023-05226,2023-10-31,complete,,
J-2023-03179,2023-08-02,complete,,
J-2024-04659,2024-09-25,complete,,
J-2023-05535,2023-11-28,complete,,
J-2023-05318,2023-11-14,complete,,
J-2025-02387,2025-05-01,complete,,
J-2025-06466,2025-11-13,complete,,
J-2024-00714,2024-02-23,complete,,
J-2023-04184,2023-09-21,short,JS-46814,33.0
J-2024-03109,2024-06-21,complete,,
J-2025-01849,2025-04-08,complete,,
J-2024-04165,2024-08-27,complete,,
J-2023-03966,2023-09-06,complete,,
J-2024-00273,2024-02-21,complete,,
J-2023-03352,2023-07-25,complete,,
J-2025-07210,2025-12-09,short,JS-43322,19.0
J-2025-03591,2025-07-09,complete,,
J-2024-01030,2024-03-07,complete,,
J-2023-04626,2023-10-12,complete,,
J-2024-05760,2024-11-05,short,JS-45056,58.0
J-2024-05423,2024-10-21,short,JS-43310,59.0
J-2024-02605,2024-05-31,complete,,
J-2024-04307,2024-09-10,complete,,
J-2025-06846,2025-11-24,short,JS-48807,46.0
J-2023-05023,2023-11-07,complete,,
J-2025-02746,2025-05-21,complete,,
J-2024-01566,2024-04-03,complete,,
J-2024-00030,2024-01-08,complete,,
J-2024-01474,2024-04-02,short,JS-45327,35.0
J-2024-00256,2024-01-24,complete,,
J-2023-05903,2023-12-07,complete,,
J-2025-03624,2025-06-25,short,JS-40568,52.0
J-2023-04929,2023-11-03,complete,,
J-2023-05612,2023-11-30,complete,,
J-2024-03261,2024-06-24,short,JS-42895,58.0
J-2025-06519,2025-11-17,short,JS-45468,51.0
J-2023-04789,2023-10-09,short,JS-44646,2.0
J-2023-00395,2023-02-01,complete,,
J-2024-02410,2024-05-22,complete,,
J-2023-03665,2023-08-16,complete,,
J-2025-03218,2025-06-12,short,JS-41460,29.0
J-2025-07536,2026-01-07,complete,,
J-2023-00421,2023-02-08,complete,,
J-2023-00910,2023-03-17,complete,,
J-2025-02990,2025-05-23,short,JS-43832,36.0
J-2025-07274,2025-12-12,short,JS-49191,24.0
J-2024-05661,2024-10-31,short,JS-40900,4.0
J-2025-01861,2025-04-11,complete,,
J-2025-03272,2025-06-26,complete,,
J-2024-04197,2024-08-27,complete,,
J-2024-03968,2024-08-12,complete,,
J-2024-02699,2024-06-07,complete,,
J-2024-00733,2024-02-28,complete,,
J-2025-00600,2025-02-03,short,JS-49522,14.0
J-2025-05338,2025-09-29,complete,,
J-2024-06021,2024-11-20,short,JS-47574,59.0
J-2024-06399,2024-12-11,complete,,
J-2024-02098,2024-05-02,short,JS-44030,59.0
J-2023-03372,2023-08-08,complete,,
J-2024-03258,2024-06-27,complete,,
J-2024-06616,2024-12-11,short,JS-44118,44.0
J-2023-01299,2023-04-06,complete,,
J-2025-01832,2025-04-08,complete,,
J-2025-07707,2026-01-13,complete,,
J-2025-03186,2025-06-18,complete,,
J-2023-04400,2023-10-06,complete,,
J-2023-04545,2023-10-12,complete,,
J-2024-01422,2024-03-26,complete,,
J-2024-06369,2024-12-10,complete,,
J-2025-00429,2025-01-27,short,JS-43849,47.0
J-2025-01514,2025-03-31,complete,,
J-2025-00722,2025-02-18,complete,,
J-2025-06122,2025-10-23,short,JS-40242,30.0
J-2025-02236,2025-04-25,complete,,
J-2025-04140,2025-07-30,complete,,
J-2025-06166,2025-11-03,complete,,
J-2023-01929,2023-05-03,complete,,
J-2024-07013,2024-12-23,short,JS-47368,25.0
J-2024-06237,2025-01-07,complete,,
J-2025-04479,2025-08-21,complete,,
J-2025-07542,2025-12-22,short,JS-47595,7.0
J-2024-01866,2024-04-29,complete,,
J-2024-02316,2024-05-09,short,JS-47956,15.0
J-2024-00497,2024-02-15,complete,,
J-2023-05973,2023-12-07,short,JS-40414,7.0
J-2024-01789,2024-04-11,complete,,
J-2024-05277,2024-10-22,complete,,
J-2023-00595,2023-02-09,short,JS-49528,12.0
J-2025-06338,2025-11-12,complete,,
J-2024-05403,2024-10-25,complete,,
J-2024-01316,2024-04-05,complete,,
J-2023-00018,2023-01-16,complete,,
J-2025-00831,2025-02-27,complete,,
J-2024-06842,2025-01-07,complete,,
J-2023-02150,2023-05-12,complete,,
J-2023-00177,2023-02-08,complete,,
J-2025-06921,2025-12-02,complete,,
J-2024-05372,2024-10-17,short,JS-46500,30.0
J-2025-05357,2025-10-01,complete,,
J-2023-03146,2023-07-19,complete,,
J-2025-06605,2025-11-25,complete,,
J-2025-00454,2025-01-27,short,JS-42926,59.0
J-2023-00387,2023-01-31,complete,,
J-2023-02087,2023-05-11,complete,,
J-2024-00231,2024-01-19,complete,,
J-2024-06413,2024-12-04,short,JS-40302,55.0
J-2024-04723,2024-09-30,complete,,
J-2025-05395,2025-09-23,complete,,
J-2025-02172,2025-04-24,complete,,
J-2025-07232,2025-12-17,complete,,
J-2025-05792,2025-10-24,complete,,
J-2023-04644,2023-10-13,short,JS-45478,51.0
J-2023-01925,2023-05-01,short,JS-45915,40.0
J-2024-02175,2024-05-06,complete,,
J-2024-04930,2024-09-30,complete,,
J-2025-03934,2025-08-05,complete,,
J-2024-06092,2024-11-18,short,JS-49284,22.0
J-2025-00221,2025-01-24,complete,,
J-2023-01510,2023-04-03,short,JS-47105,40.0
J-2025-00729,2025-02-10,short,JS-41501,43.0
J-2024-05143,2024-10-07,short,JS-47697,7.0
J-2024-02731,2024-06-06,complete,,
J-2024-00346,2024-01-22,short,JS-40549,1.0
J-2023-04249,2023-09-27,complete,,
J-2024-00037,2024-01-05,short,JS-43926,12.0
J-2024-02669,2024-05-30,short,JS-40115,55.0
J-2025-00188,2025-01-17,complete,,
J-2023-05876,2023-12-04,short,JS-42202,23.0
J-2024-02689,2024-06-07,complete,,
J-2023-05033,2023-11-03,complete,,
J-2025-02258,2025-04-24,complete,,
J-2025-07231,2026-01-08,complete,,
J-2024-01022,2024-03-04,short,JS-44067,40.0
J-2023-01814,2023-04-17,short,JS-42002,52.0
J-2023-04068,2023-09-08,short,JS-43299,49.0
J-2024-03573,2024-07-15,short,JS-47947,18.0
J-2025-07664,2026-01-20,complete,,
J-2024-05430,2024-10-31,complete,,
J-2024-02827,2024-06-17,complete,,
J-2024-02558,2024-06-03,complete,,
J-2025-06619,2025-11-19,complete,,
J-2024-01008,2024-02-29,short,JS-46102,8.0
J-2025-03692,2025-06-27,short,JS-48857,11.0
J-2023-02099,2023-05-02,short,JS-45241,13.0
J-2025-01526,2025-03-26,short,JS-42670,25.0
J-2024-01938,2024-04-23,short,JS-45661,19.0
J-2025-06489,2025-11-25,complete,,
J-2025-06056,2025-11-06,complete,,
J-2025-02265,2025-04-30,short,JS-40269,44.0
J-2025-04797,2025-09-05,short,JS-46802,17.0
J-2024-01268,2024-04-02,complete,,
J-2024-03872,2024-08-01,complete,,
J-2024-03795,2024-08-07,complete,,
J-2023-06252,2023-12-18,short,JS-43376,51.0
J-2025-07101,2025-12-03,short,JS-49084,48.0
J-2024-02626,2024-07-01,complete,,
J-2025-00022,2025-01-15,complete,,
J-2025-00292,2025-01-30,complete,,
J-2023-03448,2023-08-11,complete,,
J-2025-00380,2025-01-23,short,JS-47324,8.0
J-2024-07090,2025-01-09,complete,,
J-2024-05884,2024-11-15,complete,,
J-2025-06261,2025-11-03,short,JS-42173,28.0
J-2024-06503,2024-12-11,short,JS-48091,57.0
J-2025-02877,2025-06-03,complete,,
J-2023-06356,2024-01-09,complete,,
J-2023-03128,2023-07-28,complete,,
J-2025-04387,2025-08-11,complete,,
J-2023-01865,2023-05-11,complete,,
J-2025-07289,2025-12-12,short,JS-43262,42.0
J-2024-05110,2024-11-14,complete,,
J-2024-00855,2024-03-12,complete,,
J-2024-00919,2024-03-01,complete,,
J-2025-00197,2025-01-30,complete,,
J-2025-01223,2025-02-28,short,JS-46321,40.0
J-2025-07051,2025-12-01,short,JS-46226,29.0
J-2025-04341,2025-08-22,complete,,
J-2024-01682,2024-04-25,complete,,
J-2023-03712,2023-08-28,complete,,
J-2023-04860,2023-10-23,complete,,
J-2025-02971,2025-05-29,complete,,
J-2023-03560,2023-08-25,complete,,
J-2023-00650,2023-02-10,complete,,
J-2024-00643,2024-02-16,complete,,
J-2024-06588,2024-12-16,complete,,
J-2025-03427,2025-07-03,complete,,
J-2025-01153,2025-03-12,complete,,
J-2025-04153,2025-08-12,complete,,
J-2025-05947,2025-10-28,complete,,
J-2025-03067,2025-06-03,complete,,
J-2023-00911,2023-04-06,complete,,
J-2025-04777,2025-09-08,complete,,
J-2024-03728,2024-08-05,complete,,
J-2024-03225,2024-07-08,complete,,
J-2023-03363,2023-07-26,complete,,
J-2024-00133,2024-01-15,complete,,
J-2024-02222,2024-05-21,complete,,
J-2024-00880,2024-03-05,complete,,
J-2025-03262,2025-06-09,short,JS-41420,59.0
J-2024-05895,2024-11-11,short,JS-43484,19.0
J-2023-01839,2023-04-25,complete,,
J-2023-06224,2024-01-03,short,JS-49836,35.0
J-2024-03689,2024-07-30,complete,,
J-2025-06212,2025-11-03,short,JS-43321,31.0
J-2024-00459,2024-02-05,short,JS-42865,22.0
J-2025-01935,2025-04-28,complete,,
J-2025-06816,2025-12-12,complete,,
J-2025-05954,2025-10-27,complete,,
J-2024-01259,2024-03-14,complete,,
J-2025-01323,2025-03-20,complete,,
J-2024-06438,2024-12-12,complete,,
J-2024-02095,2024-05-16,complete,,
J-2023-05112,2023-10-30,short,JS-45556,8.0
J-2024-06940,2025-01-10,complete,,
J-2023-01215,2023-03-24,complete,,
J-2025-07350,2026-01-02,complete,,
J-2025-04862,2025-09-08,short,JS-40623,17.0
J-2023-00138,2023-01-19,complete,,
J-2024-06063,2024-11-18,short,JS-47472,22.0
J-2024-04844,2024-09-27,complete,,
J-2025-00056,2025-01-07,short,JS-45956,33.0
J-2023-04794,2023-10-13,complete,,
J-2023-01998,2023-05-03,short,JS-49195,38.0
J-2024-04326,2024-08-28,short,JS-46287,43.0
J-2023-02944,2023-07-05,complete,,
J-2025-06733,2025-11-25,short,JS-43006,28.0
J-2025-00724,2025-02-19,complete,,
J-2025-05435,2025-10-01,complete,,
J-2023-00784,2023-02-21,short,JS-40790,23.0
J-2024-04302,2024-09-06,short,JS-43470,1.0
J-2022-02922,2023-01-10,complete,,
J-2023-01242,2023-03-15,short,JS-46660,37.0
J-2025-01551,2025-03-21,complete,,
J-2025-03090,2025-05-30,short,JS-48295,38.0
J-2024-01044,2024-03-18,complete,,
J-2025-02934,2025-06-12,complete,,
J-2023-04153,2023-10-02,complete,,
J-2024-03300,2024-07-10,complete,,
J-2023-01947,2023-04-27,complete,,
J-2025-04856,2025-08-28,short,JS-44691,57.0
J-2024-03015,2024-06-26,short,JS-42701,7.0
J-2023-02110,2023-05-15,complete,,
J-2023-03833,2023-09-13,complete,,
J-2024-00645,2024-02-26,complete,,
J-2023-01549,2023-04-04,short,JS-48818,42.0
J-2025-00499,2025-01-29,short,JS-48656,45.0
J-2025-00699,2025-02-19,short,JS-46959,36.0
J-2024-06998,2024-12-20,short,JS-44390,20.0
J-2025-00646,2025-02-05,short,JS-43997,40.0
J-2023-02381,2023-06-07,complete,,
J-2025-06094,2025-10-29,complete,,
J-2023-03220,2023-07-17,complete,,
J-2022-03187,2023-01-03,complete,,
J-2023-00820,2023-02-20,complete,,
J-2024-03509,2024-07-22,complete,,
J-2022-03349,2023-01-11,complete,,
J-2024-05187,2024-10-29,complete,,
J-2023-02735,2023-06-21,complete,,
J-2025-07592,2026-01-06,complete,,
J-2025-04006,2025-07-22,complete,,
J-2025-01796,2025-04-02,short,JS-47228,43.0
J-2025-05622,2025-10-14,complete,,
J-2024-05443,2024-11-13,complete,,
J-2024-05121,2024-10-10,complete,,
J-2024-05209,2024-10-10,complete,,
J-2025-04681,2025-08-29,complete,,
J-2025-01956,2025-04-08,complete,,
J-2025-00824,2025-02-20,complete,,
J-2024-00745,2024-02-15,short,JS-41185,37.0
J-2024-01892,2024-04-30,complete,,
J-2025-06745,2025-12-01,complete,,
J-2025-04132,2025-07-28,complete,,
J-2025-06680,2025-11-19,short,JS-43186,54.0
J-2024-01514,2024-04-02,complete,,
J-2025-00685,2025-02-12,complete,,
J-2025-01111,2025-03-05,complete,,
J-2023-05700,2023-12-11,complete,,
J-2024-06955,2025-01-22,complete,,
J-2025-04460,2025-08-11,short,JS-49936,29.0
J-2023-01778,2023-04-21,complete,,
J-2025-03864,2025-07-17,complete,,
J-2023-05521,2023-11-13,short,JS-49557,42.0
J-2023-04958,2023-10-27,complete,,
J-2024-04167,2024-08-28,complete,,
J-2025-01113,2025-02-27,complete,,
J-2024-01617,2024-04-08,short,JS-41309,41.0
J-2023-03899,2023-08-24,short,JS-48836,54.0
J-2025-05324,2025-09-19,short,JS-45231,3.0
J-2024-06799,2025-01-06,complete,,
J-2025-03202,2025-06-30,complete,,
J-2023-00186,2023-01-16,short,JS-45906,12.0
J-2023-05513,2023-11-28,complete,,
J-2024-05139,2024-10-08,complete,,
J-2024-01507,2024-04-03,complete,,
J-2024-01011,2024-02-29,short,JS-40468,8.0
J-2024-04809,2024-10-03,complete,,
J-2025-04178,2025-07-28,short,JS-44782,2.0
J-2023-01678,2023-04-17,short,JS-48819,6.0
J-2024-01178,2024-03-08,short,JS-47228,52.0
J-2025-01198,2025-02-27,short,JS-46710,57.0
J-2024-01780,2024-04-15,complete,,
J-2023-02407,2023-05-31,complete,,
J-2025-06664,2025-11-20,complete,,
J-2025-03651,2025-07-10,complete,,
J-2025-04799,2025-09-03,complete,,
J-2023-01456,2023-04-07,complete,,
J-2023-06129,2024-01-03,complete,,
J-2023-01973,2023-05-10,complete,,
J-2025-05132,2025-09-11,short,JS-48880,40.0
J-2024-04351,2024-09-13,complete,,
J-2023-03487,2023-07-26,short,JS-44391,57.0
J-2023-02600,2023-06-09,complete,,
J-2023-02617,2023-06-16,complete,,
J-2025-03326,2025-07-11,complete,,
J-2023-04367,2023-10-24,complete,,
J-2024-02457,2024-05-17,short,JS-41788,25.0
J-2025-03036,2025-06-19,complete,,
J-2023-00064,2023-01-19,short,JS-46771,16.0
J-2024-02157,2024-05-17,complete,,
J-2023-05626,2023-12-06,complete,,
J-2024-05410,2024-11-04,complete,,
J-2025-04394,2025-08-21,complete,,
J-2025-07080,2025-12-02,short,JS-44875,16.0
J-2024-05985,2024-11-25,complete,,
J-2022-03075,2023-01-04,complete,,
J-2024-02064,2024-04-26,short,JS-43422,8.0
J-2024-02087,2024-04-26,short,JS-45708,36.0
J-2024-00314,2024-01-25,complete,,
J-2024-06577,2024-12-20,complete,,
J-2025-05404,2025-10-02,complete,,
J-2023-04764,2023-10-09,short,JS-49061,59.0
J-2025-01901,2025-04-17,complete,,
J-2025-00073,2025-01-08,short,JS-42514,27.0
J-2024-02162,2024-05-01,short,JS-42036,43.0
J-2024-02538,2024-05-29,complete,,
J-2023-03428,2023-08-10,complete,,
J-2023-03607,2023-08-15,complete,,
J-2025-00404,2025-02-05,complete,,
J-2024-02299,2024-05-15,complete,,
J-2025-03697,2025-07-11,complete,,
J-2023-01363,2023-03-29,complete,,
J-2025-03793,2025-07-02,short,JS-41710,54.0
J-2025-03967,2025-07-28,complete,,
J-2025-02266,2025-04-22,short,JS-47715,46.0
J-2024-03577,2024-07-31,complete,,
J-2025-01486,2025-03-28,complete,,
J-2023-03920,2023-09-08,complete,,
J-2024-05476,2024-10-29,complete,,
J-2025-01376,2025-04-02,complete,,
J-2025-03173,2025-06-13,complete,,
J-2024-06179,2024-11-27,short,JS-41757,23.0
J-2024-03908,2024-08-09,complete,,
J-2025-04597,2025-08-25,short,JS-40786,51.0
J-2024-03528,2024-07-31,complete,,
J-2024-01483,2024-04-02,short,JS-48881,48.0
J-2025-07312,2025-12-19,complete,,
J-2024-04062,2024-08-22,short,JS-42237,5.0
J-2023-05963,2023-12-12,short,JS-40430,10.0
J-2023-02367,2023-06-07,complete,,
J-2025-03386,2025-06-25,short,JS-47460,39.0
J-2023-04054,2023-09-13,short,JS-40929,12.0
J-2025-03731,2025-07-09,short,JS-43534,39.0
J-2025-04217,2025-07-29,short,JS-47220,46.0
J-2024-03729,2024-08-02,complete,,
J-2024-04149,2024-08-19,short,JS-44964,45.0
J-2025-06395,2025-11-05,complete,,
J-2025-01058,2025-03-05,short,JS-41061,28.0
J-2025-02438,2025-05-15,complete,,
J-2025-00153,2025-01-20,complete,,
J-2023-02673,2023-06-19,complete,,
J-2025-00885,2025-02-17,short,JS-46083,35.0
J-2024-01757,2024-04-16,complete,,
J-2024-05855,2024-11-18,complete,,
J-2025-00626,2025-02-10,short,JS-40402,13.0
J-2023-00102,2023-01-12,complete,,
J-2025-04209,2025-08-07,complete,,
J-2022-03233,2023-01-13,complete,,
J-2024-03066,2024-06-21,short,JS-43397,47.0
J-2025-06192,2025-10-29,complete,,
J-2025-05554,2025-09-29,short,JS-45186,6.0
J-2025-02711,2025-05-12,short,JS-47958,55.0
J-2023-06399,2023-12-21,short,JS-47955,1.0
J-2022-03315,2023-01-04,complete,,
J-2025-03659,2025-08-21,complete,,
J-2023-04124,2023-10-04,complete,,
J-2023-03986,2023-08-30,short,JS-45492,46.0
J-2025-00036,2025-01-22,complete,,
J-2025-00430,2025-01-27,short,JS-40623,18.0
J-2024-06409,2024-12-04,short,JS-41147,12.0
J-2024-06277,2024-12-18,complete,,
J-2025-03354,2025-06-13,short,JS-42810,41.0
J-2023-04857,2023-10-11,short,JS-45030,31.0
J-2023-00314,2023-01-23,short,JS-43047,12.0
J-2025-04189,2025-07-28,short,JS-43197,7.0
J-2025-03767,2025-07-17,complete,,
J-2022-03340,2023-01-13,complete,,
J-2023-04090,2023-09-14,complete,,
J-2024-00735,2024-02-23,complete,,
J-2023-00225,2023-01-24,short,JS-44465,15.0
J-2025-05713,2025-10-21,complete,,
J-2025-05926,2025-10-30,complete,,
J-2023-06250,2024-01-24,complete,,
J-2025-00320,2025-01-21,short,JS-49031,39.0
J-2024-06593,2024-12-13,short,JS-47119,19.0
J-2024-06618,2024-12-10,complete,,
J-2024-06764,2025-01-10,complete,,
J-2023-03991,2023-09-20,complete,,
J-2025-03761,2025-07-01,short,JS-41850,42.0
J-2023-01251,2023-03-22,complete,,
J-2024-05932,2024-11-22,complete,,
J-2025-07178,2025-12-10,complete,,
J-2025-00678,2025-02-14,complete,,
J-2024-05767,2024-11-06,complete,,
J-2024-01842,2024-05-02,complete,,
J-2024-04620,2024-09-18,complete,,
J-2023-00461,2023-02-14,complete,,
J-2023-03454,2023-07-26,complete,,
J-2024-02204,2024-05-03,short,JS-45123,31.0
J-2025-01795,2025-04-11,complete,,
J-2023-05733,2023-12-07,complete,,
J-2022-03225,2023-01-09,complete,,
J-2023-02595,2023-06-15,short,JS-46815,30.0
J-2025-05161,2025-09-24,complete,,
J-2024-05537,2024-11-04,complete,,
J-2024-04933,2024-09-26,short,JS-48577,54.0
J-2024-00701,2024-02-28,complete,,
J-2023-05398,2023-12-19,complete,,
J-2024-07085,2025-01-10,complete,,
J-2023-02319,2023-05-22,complete,,
J-2025-00192,2025-01-16,complete,,
J-2024-02069,2024-04-26,short,JS-40689,12.0
J-2024-02945,2024-06-10,short,JS-46974,23.0
J-2023-00126,2023-02-09,complete,,
J-2024-03208,2024-07-05,complete,,
J-2024-04107,2024-08-23,short,JS-46051,51.0
J-2024-03611,2024-07-30,complete,,
J-2023-05808,2023-12-13,short,JS-40888,35.0
J-2023-00200,2023-01-20,complete,,
J-2023-00367,2023-01-26,complete,,
J-2024-07069,2025-01-10,complete,,
J-2023-06285,2023-12-21,complete,,
J-2023-05174,2023-10-31,complete,,
J-2024-05402,2024-10-21,short,JS-40380,6.0
J-2023-00070,2023-01-16,complete,,
J-2025-06074,2025-10-22,complete,,
J-2022-03161,2023-01-24,complete,,
J-2024-04133,2024-08-26,complete,,
J-2025-05598,2025-09-30,short,JS-45920,33.0
J-2025-05058,2025-09-17,complete,,
J-2024-03958,2024-08-09,short,JS-41884,45.0
J-2024-04021,2024-08-14,complete,,
J-2024-00099,2024-01-15,complete,,
J-2025-01814,2025-04-08,complete,,
J-2025-02463,2025-05-07,complete,,
J-2025-06251,2025-11-07,short,JS-42720,56.0
J-2025-07063,2025-12-09,complete,,
J-2025-03310,2025-07-10,complete,,
J-2023-00887,2023-02-22,short,JS-46934,27.0
J-2024-04821,2024-10-03,complete,,
J-2023-05771,2023-12-04,short,JS-40328,8.0
J-2024-03658,2024-07-24,complete,,
J-2023-04900,2023-10-17,short,JS-41296,57.0
J-2024-04540,2024-09-09,short,JS-40904,49.0
J-2025-02840,2025-05-23,complete,,
J-2025-00504,2025-02-11,complete,,
J-2024-03912,2024-08-06,complete,,
J-2024-05738,2024-11-18,complete,,
J-2024-00357,2024-01-24,complete,,
J-2024-01046,2024-03-12,complete,,
J-2023-01336,2023-04-03,complete,,
J-2025-06747,2025-11-18,short,JS-45942,5.0
J-2023-02687,2023-06-27,complete,,
J-2024-06769,2025-01-06,complete,,
J-2024-00370,2024-02-01,complete,,
J-2024-04917,2024-09-30,short,JS-49132,6.0
J-2025-06879,2025-12-17,complete,,
J-2025-06720,2025-11-20,complete,,
J-2024-00321,2024-01-23,complete,,
J-2024-06056,2024-12-03,complete,,
J-2023-00457,2023-02-02,complete,,
J-2023-00435,2023-01-31,complete,,
J-2023-00303,2023-02-01,complete,,
J-2024-05903,2024-11-19,complete,,
J-2025-02763,2025-05-13,short,JS-42385,28.0
J-2024-06365,2024-12-11,complete,,
J-2025-05043,2025-09-15,complete,,
J-2023-02636,2023-06-19,complete,,
J-2024-06760,2025-01-03,complete,,
J-2024-00439,2024-01-31,short,JS-44106,37.0
J-2023-04802,2023-10-24,complete,,
J-2023-04438,2023-09-22,short,JS-40045,44.0
J-2024-04519,2024-09-19,complete,,
J-2025-07459,2025-12-18,short,JS-41582,33.0
J-2024-00852,2024-02-21,short,JS-46511,10.0
J-2024-01851,2024-04-25,complete,,
J-2025-05534,2025-09-30,complete,,
J-2023-04560,2023-10-09,short,JS-42477,53.0
J-2025-05333,2025-09-19,short,JS-43514,28.0
J-2025-06638,2025-11-19,complete,,
J-2024-04637,2024-09-12,short,JS-48819,37.0
J-2025-05889,2025-10-20,complete,,
J-2023-03824,2023-08-18,short,JS-47943,49.0
J-2024-02108,2024-05-03,short,JS-41483,41.0
J-2023-05714,2023-12-11,complete,,
J-2023-00609,2023-02-15,complete,,
J-2023-05835,2023-12-18,complete,,
J-2025-05901,2025-10-31,complete,,
J-2024-04073,2024-08-28,complete,,
J-2025-03051,2025-06-05,complete,,
J-2023-00508,2023-01-31,short,JS-40144,36.0
J-2023-02537,2023-06-05,complete,,
J-2023-04914,2023-10-23,complete,,
J-2023-00024,2023-01-05,short,JS-49569,57.0
J-2023-02446,2023-05-30,complete,,
J-2023-03749,2023-08-31,complete,,
J-2024-05757,2024-11-05,short,JS-46019,6.0
J-2025-00521,2025-01-30,short,JS-41452,14.0
J-2025-04039,2025-07-28,complete,,
J-2025-04485,2025-08-18,complete,,
J-2025-04450,2025-08-25,complete,,
J-2024-01533,2024-04-11,complete,,
J-2025-06496,2025-11-25,complete,,
J-2025-04368,2025-09-04,complete,,
J-2025-06108,2025-10-27,short,JS-45390,32.0
J-2023-01523,2023-04-10,complete,,
J-2024-05558,2024-10-28,short,JS-41968,29.0
J-2023-05094,2023-11-06,complete,,
J-2025-04382,2025-08-14,complete,,
J-2025-04066,2025-07-31,complete,,
J-2024-05124,2024-10-10,complete,,
J-2025-05839,2025-10-22,complete,,
J-2023-06307,2023-12-20,short,JS-49139,53.0
J-2023-02976,2023-07-06,short,JS-43291,40.0
J-2025-00953,2025-02-28,complete,,
J-2023-03958,2023-09-13,complete,,
J-2023-04106,2023-09-07,short,JS-40924,42.0
J-2025-02970,2025-05-28,short,JS-42110,28.0
J-2024-06512,2024-12-09,complete,,
J-2023-03060,2023-07-31,complete,,
J-2025-05736,2025-11-05,complete,,
J-2025-02521,2025-06-09,complete,,
J-2025-02745,2025-06-02,complete,,
J-2023-01968,2023-05-11,complete,,
J-2023-03043,2023-07-10,complete,,
J-2025-00237,2025-01-16,short,JS-46595,39.0
J-2025-07303,2025-12-19,complete,,
J-2024-05644,2024-11-04,complete,,
J-2024-04953,2024-10-11,complete,,
J-2024-06085,2024-11-18,short,JS-45907,58.0
J-2024-00473,2024-02-02,complete,,
J-2024-01765,2024-05-03,complete,,
J-2023-03794,2023-08-16,short,JS-40753,27.0
J-2023-01667,2023-04-17,complete,,
J-2024-01424,2024-03-26,complete,,
J-2024-07081,2025-01-09,complete,,
J-2025-00537,2025-02-14,complete,,
J-2023-01596,2023-04-21,complete,,
J-2023-05469,2023-11-09,short,JS-42477,6.0
J-2025-02548,2025-05-06,complete,,
J-2024-01241,2024-03-25,complete,,
J-2023-00973,2023-03-14,complete,,
J-2025-00898,2025-02-18,complete,,
J-2024-02805,2024-06-27,complete,,
J-2024-05936,2024-11-12,short,JS-48556,35.0
J-2025-07049,2025-12-12,complete,,
J-2024-01899,2024-04-29,short,JS-46083,22.0
J-2025-07198,2025-12-19,complete,,
J-2023-05801,2023-11-29,short,JS-44500,32.0
J-2025-06168,2025-11-04,complete,,
J-2023-02703,2023-06-19,complete,,
J-2024-05609,2024-10-29,short,JS-41894,12.0
J-2024-01272,2024-03-13,complete,,
J-2024-01525,2024-04-12,complete,,
J-2024-05340,2024-10-15,short,JS-49340,17.0
J-2023-02089,2023-05-15,complete,,
J-2024-04413,2024-09-04,complete,,
J-2024-01477,2024-03-25,short,JS-41218,20.0
J-2024-03792,2024-08-28,complete,,
J-2025-05048,2025-09-22,complete,,
J-2024-03880,2024-08-09,complete,,
J-2025-00052,2025-01-09,short,JS-41369,48.0
J-2023-04376,2023-09-29,complete,,
J-2025-07256,2025-12-17,short,JS-47588,17.0
J-2023-06132,2023-12-12,short,JS-47731,41.0
J-2025-00745,2025-02-21,complete,,
J-2024-04209,2024-08-21,short,JS-40900,28.0
J-2023-06136,2023-12-12,short,JS-41416,13.0
J-2025-05583,2025-10-15,complete,,
J-2023-06367,2024-01-03,complete,,
J-2025-07556,2025-12-22,short,JS-49420,17.0
J-2024-06061,2024-11-21,complete,,
J-2024-06679,2025-01-02,complete,,
J-2023-03550,2023-07-28,short,JS-43671,32.0
J-2025-00457,2025-02-06,complete,,
J-2024-01167,2024-03-08,short,JS-45055,12.0
J-2025-04110,2025-07-30,complete,,
J-2025-01959,2025-04-22,complete,,
J-2023-06421,2024-01-19,complete,,
J-2022-03139,2023-01-04,complete,,
J-2025-02198,2025-04-23,complete,,
J-2023-00864,2023-03-15,complete,,
J-2025-05476,2025-10-03,complete,,
J-2023-01918,2023-05-08,complete,,
J-2024-01840,2024-04-16,complete,,
J-2023-00977,2023-03-06,complete,,
J-2023-03262,2023-07-12,short,JS-46135,19.0
J-2024-04191,2024-09-05,complete,,
J-2025-07357,2026-01-12,complete,,
J-2025-02809,2025-05-16,complete,,
J-2024-05719,2024-11-04,short,JS-46634,8.0
J-2023-01484,2023-04-03,complete,,
J-2024-03369,2024-07-02,complete,,
J-2024-05432,2024-11-07,complete,,
J-2025-04756,2025-08-25,short,JS-45536,38.0
J-2023-04937,2023-10-26,complete,,
J-2025-03495,2025-06-26,short,JS-47736,23.0
J-2024-04293,2024-09-05,short,JS-41317,41.0
J-2023-05862,2023-12-11,complete,,
J-2025-02743,2025-05-12,short,JS-44847,1.0
J-2025-05467,2025-10-01,complete,,
J-2023-05108,2023-11-09,complete,,
J-2025-00081,2025-01-21,complete,,
J-2023-05951,2023-12-15,complete,,
J-2025-02031,2025-04-18,complete,,
J-2023-00486,2023-02-08,complete,,
J-2025-00563,2025-02-17,complete,,
J-2023-00818,2023-03-20,complete,,
J-2024-06298,2024-12-03,complete,,
J-2025-03974,2025-07-17,short,JS-44265,1.0
J-2025-06533,2025-11-12,complete,,
J-2023-01795,2023-05-08,complete,,
J-2025-00204,2025-01-27,complete,,
J-2024-05600,2024-11-07,complete,,
J-2023-05717,2023-12-04,complete,,
J-2023-03067,2023-06-29,complete,,
J-2024-01846,2024-04-25,complete,,
J-2025-03054,2025-06-10,complete,,
J-2024-01334,2024-03-29,complete,,
J-2024-05611,2024-10-29,short,JS-42644,30.0
J-2023-01504,2023-04-12,complete,,
J-2023-03741,2023-09-07,complete,,
J-2024-01922,2024-04-29,short,JS-47175,31.0
J-2024-05551,2024-11-07,complete,,
J-2024-02765,2024-06-12,complete,,
J-2025-01518,2025-03-28,complete,,
J-2024-00362,2024-01-23,short,JS-40707,29.0
J-2023-02970,2023-07-07,complete,,
J-2024-05073,2024-10-08,complete,,
J-2024-02666,2024-06-07,complete,,
J-2024-02673,2024-06-04,short,JS-47505,42.0
J-2023-05304,2023-11-14,complete,,
J-2025-05599,2025-09-30,short,JS-44690,21.0
J-2025-03575,2025-07-03,complete,,
J-2025-02759,2025-05-22,complete,,
J-2025-03547,2025-07-03,complete,,
J-2023-06405,2024-01-04,complete,,
J-2024-01282,2024-03-18,complete,,
J-2023-05219,2023-11-08,complete,,
J-2023-00302,2023-01-23,short,JS-49875,9.0
J-2023-01873,2023-04-26,short,JS-42260,5.0
J-2025-05481,2025-10-08,complete,,
J-2024-06709,2024-12-16,short,JS-40114,12.0
J-2024-04013,2024-08-16,complete,,
J-2024-02427,2024-05-22,short,JS-44373,7.0
J-2024-03356,2024-08-05,complete,,
J-2024-06988,2024-12-20,short,JS-46831,1.0
J-2023-04263,2023-10-02,complete,,
J-2023-01021,2023-03-08,short,JS-45953,44.0
J-2024-00359,2024-02-07,complete,,
J-2023-01609,2023-04-20,complete,,
J-2024-04588,2024-09-24,complete,,
J-2025-00282,2025-01-23,complete,,
J-2023-03129,2023-07-03,short,JS-46253,7.0
J-2024-06889,2025-01-02,complete,,
J-2024-03180,2024-07-10,complete,,
J-2023-03392,2023-07-20,short,JS-48107,12.0
J-2023-04394,2023-10-02,complete,,
J-2024-03990,2024-08-21,complete,,
J-2025-07161,2026-01-09,complete,,
J-2025-05387,2025-10-03,complete,,
J-2024-01650,2024-04-11,short,JS-49839,54.0
J-2023-02144,2023-05-12,complete,,
J-2025-03631,2025-06-26,complete,,
J-2022-03167,2023-01-11,short,JS-47062,41.0
J-2024-05444,2024-10-21,short,JS-47551,51.0
J-2025-05369,2025-09-25,complete,,
J-2025-03586,2025-06-24,short,JS-47749,39.0
J-2024-00964,2024-02-26,short,JS-43673,37.0
J-2025-06897,2026-01-08,complete,,
J-2024-01822,2024-04-23,complete,,
J-2025-06698,2025-11-25,complete,,
J-2023-01784,2023-05-09,complete,,
J-2024-05588,2024-10-28,short,JS-46946,32.0
J-2024-07001,2025-01-07,complete,,
J-2025-02758,2025-05-21,complete,,
J-2023-00940,2023-03-02,complete,,
J-2024-03236,2024-07-01,short,JS-46256,7.0
J-2024-06269,2024-12-06,complete,,
J-2025-02516,2025-05-06,short,JS-48477,37.0
J-2023-05470,2023-12-05,complete,,
J-2023-04511,2023-09-26,short,JS-46018,4.0
J-2024-04267,2024-09-12,complete,,
J-2025-00807,2025-02-21,complete,,
J-2024-03348,2024-07-10,complete,,
J-2024-07101,2025-01-13,short,JS-49014,51.0
J-2023-03877,2023-09-06,complete,,
J-2024-05386,2024-10-22,short,JS-43426,55.0
J-2024-00405,2024-02-27,complete,,
J-2025-05630,2025-10-08,short,JS-42212,30.0
J-2024-06042,2024-12-03,complete,,
J-2025-02734,2025-05-14,short,JS-47577,33.0
J-2023-01385,2023-04-25,complete,,
J-2025-01757,2025-03-27,short,JS-43892,35.0
J-2025-07366,2025-12-16,short,JS-46090,40.0
J-2024-02724,2024-06-19,complete,,
J-2024-02426,2024-05-28,short,JS-43877,38.0
J-2024-03465,2024-07-22,complete,,
J-2025-02428,2025-05-08,complete,,
J-2025-07001,2026-01-06,complete,,
J-2024-02700,2024-06-14,complete,,
J-2023-03852,2023-08-21,short,JS-43717,4.0
J-2024-06511,2024-12-04,short,JS-44622,12.0
J-2025-02188,2025-04-22,short,JS-46119,18.0
J-2024-02762,2024-06-10,complete,,
J-2023-03301,2023-07-19,complete,,
J-2025-02680,2025-05-13,complete,,
J-2023-00494,2023-02-08,complete,,
J-2024-05963,2024-11-20,complete,,
J-2025-07107,2025-12-12,complete,,
J-2024-02371,2024-05-16,complete,,
J-2023-03170,2023-07-17,short,JS-49916,12.0
J-2024-00610,2024-03-11,complete,,
J-2023-04540,2023-10-09,complete,,
J-2023-03888,2023-09-12,complete,,
J-2023-06236,2024-01-04,complete,,
J-2024-02224,2024-05-13,complete,,
J-2025-04838,2025-09-05,complete,,
J-2023-02818,2023-07-06,complete,,
J-2025-00007,2025-01-08,complete,,
J-2025-00665,2025-02-14,complete,,
J-2023-00729,2023-03-07,complete,,
J-2023-01910,2023-05-18,complete,,
J-2023-04454,2023-09-25,short,JS-40705,33.0
J-2025-06177,2025-10-30,complete,,
J-2025-06872,2025-11-26,complete,,
J-2024-01297,2024-03-13,short,JS-42577,11.0
J-2024-00259,2024-01-29,complete,,
J-2023-02205,2023-05-16,complete,,
J-2024-05590,2024-11-19,complete,,
J-2025-01926,2025-04-16,complete,,
J-2023-00897,2023-03-07,complete,,
J-2023-05905,2023-12-07,complete,,
J-2024-05758,2024-11-05,short,JS-45428,37.0
J-2025-04735,2025-08-28,complete,,
J-2025-01433,2025-03-21,complete,,
J-2024-04218,2024-08-28,complete,,
J-2023-04165,2023-09-28,complete,,
J-2024-04721,2024-10-17,complete,,
J-2025-07110,2025-12-23,complete,,
J-2023-03253,2023-07-14,complete,,
J-2023-05557,2023-12-08,complete,,
J-2023-06262,2024-01-02,complete,,
J-2024-02363,2024-05-15,complete,,
J-2025-02540,2025-05-06,complete,,
J-2024-02164,2024-05-13,short,JS-42700,18.0
J-2025-00118,2025-01-20,complete,,
J-2024-01070,2024-03-14,complete,,
J-2025-03877,2025-07-18,complete,,
J-2024-01110,2024-03-12,complete,,
J-2025-00398,2025-02-25,complete,,
J-2025-02475,2025-05-13,complete,,
J-2024-02720,2024-06-10,complete,,
J-2024-05278,2024-10-14,short,JS-40067,34.0
J-2023-05126,2023-11-15,complete,,
J-2023-00258,2023-01-31,complete,,
J-2023-04546,2023-10-06,complete,,
J-2025-03038,2025-05-28,short,JS-41699,27.0
J-2024-05470,2024-11-08,complete,,
J-2023-03400,2023-07-21,short,JS-49428,39.0
J-2024-05235,2024-10-17,complete,,
J-2025-06652,2025-12-15,complete,,
J-2023-05546,2023-11-28,complete,,
J-2024-03676,2024-07-22,short,JS-44172,34.0
J-2023-04354,2023-09-18,short,JS-45322,4.0
J-2022-03162,2023-01-12,complete,,
J-2024-06205,2024-12-12,complete,,
J-2023-05762,2023-12-01,complete,,
J-2025-05166,2025-09-18,short,JS-41026,33.0
J-2025-00194,2025-01-21,complete,,
J-2023-01443,2023-04-07,complete,,
J-2024-03141,2024-06-18,short,JS-49858,32.0
J-2024-04151,2024-08-19,short,JS-42813,56.0
J-2023-05633,2023-11-20,complete,,
J-2024-03750,2024-07-26,complete,,
J-2023-00255,2023-01-26,complete,,
J-2024-03669,2024-08-05,complete,,
J-2024-00282,2024-01-18,short,JS-40224,54.0
J-2024-04903,2024-10-07,complete,,
J-2025-02452,2025-05-02,complete,,
J-2023-05299,2023-11-13,complete,,
J-2023-04611,2023-10-04,complete,,
J-2025-00894,2025-02-21,complete,,
J-2025-00774,2025-02-18,short,JS-45522,40.0
J-2025-03006,2025-05-28,complete,,
J-2023-05139,2023-11-03,complete,,
J-2025-01738,2025-04-02,complete,,
J-2025-00361,2025-02-05,complete,,
J-2022-02997,2023-01-24,complete,,
J-2025-02099,2025-04-18,short,JS-44550,19.0
J-2025-02345,2025-04-28,short,JS-44724,30.0
J-2024-03470,2024-07-18,complete,,
J-2025-04074,2025-07-31,complete,,
J-2024-01161,2024-03-07,short,JS-46155,52.0
J-2023-00669,2023-02-17,complete,,
J-2025-04614,2025-09-04,complete,,
J-2025-00393,2025-02-03,complete,,
J-2023-04129,2023-09-18,complete,,
J-2023-05566,2023-11-29,complete,,
J-2024-06756,2024-12-13,complete,,
J-2024-01700,2024-04-16,complete,,
J-2025-05433,2025-09-29,complete,,
J-2025-07615,2026-01-15,complete,,
J-2024-00021,2024-01-30,complete,,
J-2025-02238,2025-04-21,short,JS-49203,15.0
J-2024-04420,2024-09-06,complete,,
J-2025-07218,2025-12-09,short,JS-43507,32.0
J-2024-04354,2024-09-06,complete,,
J-2025-01190,2025-03-11,complete,,
J-2025-01868,2025-04-01,short,JS-41858,36.0
J-2024-06178,2024-12-04,complete,,
J-2023-01773,2023-04-24,short,JS-41345,17.0
J-2024-01523,2024-04-03,complete,,
J-2024-03862,2024-08-19,complete,,
J-2024-02892,2024-06-13,complete,,
J-2024-00809,2024-03-04,complete,,
J-2025-04555,2025-09-05,complete,,
J-2025-03283,2025-06-19,short,JS-49203,9.0
J-2025-05624,2025-10-01,short,JS-40896,4.0
J-2023-02899,2023-06-22,short,JS-44595,2.0
J-2025-02784,2025-05-27,complete,,
J-2024-03041,2024-06-14,short,JS-41356,53.0
J-2025-01972,2025-04-14,complete,,
J-2025-04129,2025-08-25,complete,,
J-2024-06484,2024-12-04,short,JS-43149,45.0
J-2025-03708,2025-07-10,complete,,
J-2025-00542,2025-02-03,complete,,
J-2025-03819,2025-07-09,short,JS-48882,20.0
J-2023-03357,2023-07-31,short,JS-49737,3.0
J-2025-02034,2025-04-10,short,JS-40003,46.0
J-2023-05931,2023-12-07,short,JS-46259,26.0
J-2025-06686,2025-11-26,complete,,
J-2023-05442,2023-11-10,complete,,
J-2024-05723,2024-11-18,complete,,
J-2024-07058,2025-01-09,complete,,
J-2025-00909,2025-03-10,complete,,
J-2025-00718,2025-02-18,complete,,
J-2023-02359,2023-05-17,short,JS-47788,2.0
J-2025-01167,2025-03-12,complete,,
J-2024-01433,2024-03-27,complete,,
J-2024-05237,2024-10-16,short,JS-43084,44.0
J-2025-00068,2025-01-31,complete,,
J-2023-00013,2023-01-09,complete,,
J-2025-03293,2025-06-11,short,JS-42301,7.0
J-2023-05041,2023-10-26,complete,,
J-2025-02413,2025-04-29,short,JS-49827,51.0
J-2025-00576,2025-02-14,complete,,
J-2024-03619,2024-07-25,complete,,
J-2023-04422,2023-10-05,short,JS-48915,33.0
J-2024-00465,2024-02-12,complete,,
J-2023-04554,2023-09-27,short,JS-44568,57.0
J-2023-00942,2023-03-10,complete,,
J-2024-06324,2024-11-26,short,JS-43289,40.0
J-2023-01258,2023-03-17,complete,,
J-2024-06773,2025-01-06,complete,,
J-2024-03518,2024-07-10,short,JS-41392,2.0
J-2023-05343,2023-11-08,complete,,
J-2025-02417,2025-05-01,short,JS-46934,59.0
J-2025-05322,2025-09-19,short,JS-41700,52.0
J-2023-04408,2023-09-20,short,JS-41332,8.0
J-2024-04689,2024-09-25,complete,,
J-2025-05252,2025-09-22,complete,,
J-2025-04181,2025-07-28,short,JS-43562,31.0
J-2024-00622,2024-02-19,complete,,
J-2023-01488,2023-03-31,short,JS-47767,45.0
J-2024-02212,2024-05-03,short,JS-47196,19.0
J-2025-01668,2025-04-11,complete,,
J-2024-00431,2024-02-14,complete,,
J-2024-01957,2024-05-03,complete,,
J-2025-04397,2025-08-18,complete,,
J-2023-04145,2023-09-11,complete,,
J-2025-05515,2025-09-30,complete,,
J-2024-06454,2024-12-02,short,JS-46530,43.0
J-2024-00909,2024-03-07,complete,,
J-2024-04331,2024-09-12,complete,,
J-2025-07135,2025-12-05,short,JS-43962,15.0
J-2024-01763,2024-04-22,complete,,
J-2023-02342,2023-05-25,short,JS-45770,29.0
J-2025-00971,2025-03-06,complete,,
J-2025-03724,2025-07-18,complete,,
J-2025-02925,2025-06-02,complete,,
J-2025-02127,2025-04-22,complete,,
J-2023-04529,2023-10-17,complete,,
J-2025-05498,2025-10-03,complete,,
J-2024-01440,2024-03-25,complete,,
J-2023-05914,2024-01-25,complete,,
J-2025-03787,2025-07-28,complete,,
J-2023-00155,2023-01-25,complete,,
J-2023-06387,2024-01-11,complete,,
J-2024-06737,2025-01-03,complete,,
J-2023-04510,2023-09-26,short,JS-48184,56.0
J-2024-02895,2024-07-02,complete,,
J-2025-04776,2025-08-26,short,JS-40731,23.0
J-2024-01626,2024-04-22,complete,,
J-2025-06684,2025-12-05,complete,,
J-2025-05311,2025-10-02,complete,,
J-2024-04106,2024-08-22,complete,,
J-2023-01542,2023-04-19,complete,,
J-2025-02385,2025-05-16,complete,,
J-2025-04371,2025-08-27,complete,,
J-2024-03930,2024-08-15,complete,,
J-2024-00409,2024-02-08,complete,,
J-2024-03295,2024-07-12,complete,,
J-2024-02382,2024-05-30,complete,,
J-2025-05261,2025-09-19,complete,,
J-2024-01934,2024-05-02,complete,,
J-2024-05425,2024-10-28,short,JS-40298,19.0
J-2023-02338,2023-05-17,short,JS-49136,54.0
J-2025-04120,2025-07-28,complete,,
J-2023-00727,2023-03-02,complete,,
J-2024-04832,2024-10-11,complete,,
J-2024-06150,2024-11-19,short,JS-45008,14.0
J-2025-01786,2025-04-01,complete,,
J-2024-00429,2024-02-08,complete,,
J-2023-01774,2023-04-26,complete,,
J-2023-01293,2023-03-28,complete,,
J-2025-01666,2025-03-27,complete,,
J-2023-04703,2023-10-12,complete,,
J-2023-01058,2023-03-13,complete,,
J-2024-05047,2024-10-02,short,JS-45371,28.0
J-2024-00087,2024-01-17,complete,,
J-2023-00110,2023-01-11,short,JS-42416,3.0
J-2025-07309,2025-12-22,complete,,
J-2025-05461,2025-10-08,complete,,
J-2025-07191,2025-12-11,complete,,
J-2025-02392,2025-05-09,complete,,
J-2025-04685,2025-09-11,complete,,
J-2023-05417,2023-11-07,short,JS-45306,16.0
J-2025-02135,2025-04-18,complete,,
J-2025-05541,2025-09-30,short,JS-46248,53.0
J-2025-01395,2025-03-10,short,JS-49394,55.0
J-2025-05989,2025-10-23,short,JS-44959,26.0
J-2023-00088,2023-01-30,complete,,
J-2023-00944,2023-03-07,complete,,
J-2022-02927,2023-01-09,complete,,
J-2025-06266,2025-11-03,short,JS-41938,41.0
J-2025-02327,2025-05-09,complete,,
J-2023-02119,2023-05-04,short,JS-41330,13.0
J-2024-03481,2024-07-19,complete,,
J-2023-03603,2023-08-08,complete,,
J-2024-00482,2024-02-05,complete,,
J-2025-07541,2026-01-16,complete,,
J-2025-01445,2025-03-18,short,JS-40965,2.0
J-2025-01641,2025-03-27,complete,,
J-2025-07183,2025-12-09,short,JS-49921,42.0
J-2025-04556,2025-09-18,complete,,
J-2025-03092,2025-06-23,complete,,
J-2023-01538,2023-04-04,short,JS-49354,37.0
J-2024-02462,2024-05-29,short,JS-42076,28.0
J-2024-05151,2024-10-15,complete,,
J-2025-02953,2025-06-06,complete,,
J-2023-03361,2023-08-11,complete,,
J-2025-05884,2025-10-13,short,JS-42800,5.0
J-2023-02745,2023-06-19,short,JS-43602,58.0
J-2023-01512,2023-04-13,complete,,
J-2025-05692,2025-10-06,short,JS-41688,49.0
J-2024-03791,2024-07-31,complete,,
J-2025-01016,2025-02-20,short,JS-43411,30.0
J-2024-06694,2025-01-06,complete,,
J-2023-06091,2023-12-14,short,JS-49328,23.0
J-2024-00706,2024-02-26,short,JS-47666,4.0
J-2023-04208,2023-09-22,complete,,
J-2024-06602,2024-12-09,short,JS-49589,19.0
J-2025-04148,2025-07-30,complete,,
J-2025-06150,2025-11-10,complete,,
J-2024-06850,2024-12-16,short,JS-49655,51.0
J-2025-07174,2025-12-10,complete,,
J-2024-02748,2024-06-12,complete,,
J-2024-00268,2024-01-17,short,JS-43513,59.0
J-2024-04008,2024-08-13,short,JS-44964,35.0
J-2022-03057,2023-01-12,complete,,
J-2025-05579,2025-10-08,complete,,
J-2024-04649,2024-09-16,short,JS-40225,31.0
J-2024-06033,2024-12-02,complete,,
J-2025-01101,2025-03-04,complete,,
J-2024-02757,2024-06-03,short,JS-45758,31.0
J-2025-05988,2025-10-22,complete,,
J-2025-06587,2025-11-12,short,JS-45222,47.0
J-2023-00938,2023-03-08,complete,,
J-2023-06199,2024-01-12,complete,,
J-2025-05029,2025-09-17,complete,,
J-2023-04295,2023-09-28,complete,,
J-2025-06746,2025-11-25,complete,,
J-2023-06065,2024-01-09,complete,,
J-2025-02786,2025-05-21,short,JS-49414,38.0
J-2025-01186,2025-03-13,complete,,
J-2024-00433,2024-02-02,complete,,
J-2024-03769,2024-07-29,complete,,
J-2023-03562,2023-08-17,complete,,
J-2024-04396,2024-09-11,short,JS-46309,42.0
J-2023-06160,2023-12-18,complete,,
J-2024-05836,2024-11-19,complete,,
J-2025-01284,2025-03-12,complete,,
J-2024-03223,2024-07-16,complete,,
J-2024-05982,2024-11-20,complete,,
J-2024-03929,2024-08-05,short,JS-40921,41.0
J-2023-04433,2023-09-25,complete,,
J-2023-03449,2023-07-31,complete,,
J-2023-01185,2023-03-31,complete,,
J-2025-04481,2025-08-20,complete,,
J-2024-06622,2024-12-10,complete,,
J-2023-02162,2023-05-24,complete,,
J-2023-05872,2023-12-13,complete,,
J-2022-03272,2023-01-13,complete,,
J-2024-01705,2024-04-10,complete,,
J-2024-02203,2024-05-14,complete,,
J-2025-05625,2025-10-13,complete,,
J-2023-00662,2023-02-20,complete,,
J-2023-04451,2023-09-28,complete,,
J-2023-00590,2023-02-14,complete,,
J-2024-01891,2024-05-06,complete,,
J-2025-05360,2025-10-03,complete,,
J-2025-05154,2025-09-11,short,JS-40131,44.0
J-2025-00179,2025-01-23,complete,,
J-2024-00666,2024-02-19,complete,,
J-2023-00961,2023-03-02,complete,,
J-2025-06334,2025-11-03,short,JS-45658,37.0
J-2025-00474,2025-02-04,complete,,
J-2024-00618,2024-02-19,complete,,
J-2023-00176,2023-01-16,short,JS-44676,29.0
J-2024-00893,2024-03-05,complete,,
J-2025-02915,2025-05-21,short,JS-48574,48.0
J-2024-02324,2024-05-14,short,JS-49669,59.0
J-2025-04436,2025-08-20,complete,,
J-2025-07034,2025-12-09,complete,,
J-2024-00291,2024-02-02,complete,,
J-2023-02925,2023-07-11,complete,,
J-2024-00172,2024-02-01,complete,,
J-2024-02492,2024-05-31,complete,,
J-2024-05027,2024-10-03,short,JS-45129,5.0
J-2024-02896,2024-06-28,complete,,
J-2025-05472,2025-09-26,short,JS-43131,39.0
J-2024-05271,2024-10-18,complete,,
J-2024-03201,2024-07-11,complete,,
J-2025-00594,2025-02-03,short,JS-41967,49.0
J-2024-03656,2024-07-22,short,JS-43257,26.0
J-2024-02242,2024-05-08,complete,,
J-2025-03990,2025-07-18,short,JS-49593,12.0
J-2025-04483,2025-08-11,short,JS-41298,43.0
J-2025-01450,2025-03-12,complete,,
J-2024-03546,2024-08-02,complete,,
J-2024-02217,2024-05-15,complete,,
J-2024-00343,2024-02-01,complete,,
J-2025-01726,2025-04-15,complete,,
J-2025-03502,2025-07-07,complete,,
J-2024-03250,2024-07-08,complete,,
J-2024-02271,2024-05-07,short,JS-46153,24.0
J-2025-05100,2025-09-16,complete,,
J-2025-06934,2025-12-10,complete,,
J-2024-03513,2024-07-10,short,JS-49969,31.0
J-2025-06881,2025-12-05,complete,,
J-2024-06585,2024-12-19,complete,,
J-2023-01190,2023-03-30,complete,,
J-2025-00903,2025-02-19,complete,,
J-2023-01303,2023-04-11,complete,,
J-2025-03500,2025-06-19,short,JS-46461,16.0
J-2023-04215,2023-09-20,short,JS-43370,36.0
J-2024-06376,2024-12-09,complete,,
J-2024-05638,2024-11-04,short,JS-41668,21.0
J-2023-00606,2023-02-16,complete,,
J-2024-07042,2025-01-09,complete,,
J-2024-06684,2025-01-10,complete,,
J-2025-04691,2025-09-10,complete,,
J-2025-04104,2025-07-28,complete,,
J-2024-03979,2024-08-20,short,JS-41581,36.0
J-2023-01003,2023-03-10,complete,,
J-2025-01014,2025-02-24,complete,,
J-2025-07377,2026-01-05,complete,,
J-2023-05573,2023-11-30,complete,,
J-2025-00582,2025-02-03,short,JS-45595,58.0
J-2025-00657,2025-02-26,complete,,
J-2025-04207,2025-07-28,short,JS-44556,37.0
J-2023-03304,2023-08-03,complete,,
J-2025-03994,2025-07-21,complete,,
J-2023-05816,2023-11-30,short,JS-44578,39.0
J-2024-04137,2024-08-22,complete,,
J-2024-00045,2024-01-08,short,JS-42274,11.0
J-2025-03619,2025-07-08,complete,,
J-2024-07076,2025-01-07,complete,,
J-2025-05955,2025-10-29,complete,,
J-2025-05353,2025-09-22,short,JS-46782,29.0
J-2023-06023,2023-12-08,short,JS-42701,46.0
J-2025-04639,2025-08-27,short,JS-40528,52.0
J-2024-01356,2024-04-08,complete,,
J-2024-07073,2025-01-09,complete,,
J-2025-03573,2025-07-07,complete,,
J-2024-00285,2024-01-26,complete,,
J-2025-03979,2025-07-29,complete,,
J-2024-00976,2024-02-27,short,JS-45885,51.0
J-2025-04286,2025-08-19,complete,,
J-2025-05301,2025-09-18,short,JS-47348,53.0
J-2024-02060,2024-05-07,complete,,
J-2024-00717,2024-03-13,complete,,
J-2025-05254,2025-09-30,complete,,
J-2023-04813,2023-10-10,short,JS-49245,15.0
J-2025-07373,2026-01-09,complete,,
J-2023-01030,2023-03-13,complete,,
J-2023-04613,2023-10-09,complete,,
J-2024-01656,2024-04-05,complete,,
J-2025-06060,2025-10-20,short,JS-43371,2.0
J-2025-01555,2025-03-25,complete,,
J-2024-04055,2024-08-26,complete,,
J-2025-01346,2025-03-18,complete,,
J-2023-04032,2023-09-01,short,JS-42514,10.0
J-2023-03755,2023-08-23,complete,,
J-2023-00532,2023-02-15,complete,,
J-2025-00758,2025-02-18,complete,,
J-2023-00345,2023-01-27,complete,,
J-2024-05092,2024-10-14,complete,,
J-2025-01098,2025-02-24,short,JS-47373,45.0
J-2025-02497,2025-05-07,complete,,
J-2023-03716,2023-08-16,complete,,
J-2023-03333,2023-07-20,complete,,
J-2023-05322,2023-11-02,short,JS-45549,26.0
J-2024-01836,2024-04-18,complete,,
J-2023-00111,2023-01-27,complete,,
J-2025-06613,2025-11-26,complete,,
J-2025-06305,2025-11-11,complete,,
J-2024-03044,2024-06-14,short,JS-42101,5.0
J-2024-03057,2024-06-17,short,JS-43444,48.0
J-2025-04760,2025-09-04,complete,,
J-2024-05415,2024-11-20,complete,,
J-2025-02386,2025-05-01,complete,,
J-2023-01697,2023-04-19,complete,,
J-2023-01519,2023-04-17,complete,,
J-2025-03551,2025-06-30,complete,,
J-2023-06433,2023-12-22,short,JS-46956,34.0
J-2025-01430,2025-03-12,short,JS-46804,44.0
J-2024-06794,2024-12-16,short,JS-46832,28.0
J-2024-00065,2024-01-24,complete,,
J-2025-00076,2025-01-29,complete,,
J-2023-03811,2023-09-18,complete,,
J-2025-06123,2025-10-23,short,JS-40279,31.0
J-2025-04139,2025-08-11,complete,,
J-2024-01291,2024-03-22,complete,,
J-2024-06426,2024-12-05,short,JS-41624,32.0
J-2025-05280,2025-09-19,complete,,
J-2025-03680,2025-07-14,complete,,
J-2024-02015,2024-04-29,short,JS-43560,32.0
J-2025-00987,2025-02-28,complete,,
J-2025-04553,2025-08-21,complete,,
J-2025-06575,2025-11-17,complete,,
J-2024-01555,2024-04-02,short,JS-40800,30.0
J-2025-01712,2025-03-25,short,JS-47996,44.0
J-2025-05023,2025-09-16,complete,,
J-2025-01533,2025-03-20,complete,,
J-2025-07140,2025-12-17,complete,,
J-2023-06027,2023-12-19,short,JS-42400,10.0
J-2024-02978,2024-06-12,short,JS-45766,38.0
J-2025-07346,2026-01-20,complete,,
J-2023-05722,2023-12-07,complete,,
J-2023-04331,2023-09-22,complete,,
J-2024-04631,2024-09-16,short,JS-44168,5.0
J-2023-02580,2023-06-09,complete,,
J-2024-03758,2024-08-02,short,JS-49579,4.0
J-2024-02920,2024-06-10,short,JS-41034,56.0
J-2025-03548,2025-06-27,complete,,
J-2024-05700,2024-11-04,short,JS-45870,45.0
J-2023-02117,2023-05-19,complete,,
J-2024-02027,2024-05-09,complete,,
J-2024-06825,2025-01-06,complete,,
J-2025-06712,2025-11-25,short,JS-48936,58.0
J-2024-06023,2024-11-20,complete,,
J-2024-06405,2024-12-13,complete,,
J-2025-05969,2025-10-16,short,JS-41045,31.0
J-2023-03913,2023-08-28,complete,,
J-2024-04002,2024-08-19,complete,,
J-2025-02469,2025-04-30,short,JS-42095,20.0
J-2025-03669,2025-06-27,short,JS-48291,20.0
J-2024-01722,2024-04-09,short,JS-42052,26.0
J-2024-04043,2024-08-30,complete,,
J-2024-06099,2024-11-19,complete,,
J-2024-06879,2025-01-13,complete,,
J-2023-02609,2023-06-16,complete,,
J-2025-01444,2025-03-18,short,JS-41309,29.0
J-2024-02378,2024-05-21,complete,,
J-2025-04717,2025-08-25,short,JS-41012,48.0
J-2023-02761,2023-06-22,complete,,
J-2023-02194,2023-05-08,short,JS-42595,41.0
J-2023-01119,2023-03-08,short,JS-40822,7.0
J-2025-06567,2025-11-11,short,JS-47594,47.0
J-2023-00737,2023-02-22,complete,,
J-2024-02833,2024-06-11,short,JS-49559,10.0
J-2024-03841,2024-08-29,complete,,
J-2023-04308,2023-09-26,complete,,
J-2023-04371,2023-09-27,complete,,
J-2023-04875,2023-10-31,complete,,
J-2024-03501,2024-07-29,complete,,
J-2024-02392,2024-05-14,short,JS-45355,9.0
J-2023-04999,2023-10-30,complete,,
J-2023-05582,2023-11-16,complete,,
J-2023-04363,2023-09-27,short,JS-40141,45.0
J-2024-05542,2024-11-06,complete,,
J-2023-03401,2023-07-21,short,JS-49567,7.0
J-2025-00655,2025-02-05,short,JS-48731,39.0
J-2025-01755,2025-03-27,short,JS-49324,11.0
J-2023-05910,2023-12-05,complete,,
J-2023-06327,2023-12-22,complete,,
J-2025-07238,2025-12-12,complete,,
J-2024-05219,2024-10-25,complete,,
J-2023-06016,2024-01-02,complete,,
J-2024-03140,2024-06-25,complete,,
J-2024-00984,2024-03-18,complete,,
J-2025-05234,2025-09-25,complete,,
J-2023-00002,2023-01-16,complete,,
J-2023-03815,2023-09-05,complete,,
J-2024-00068,2024-01-16,short,JS-48189,3.0
J-2024-04282,2024-09-04,complete,,
J-2025-01705,2025-03-28,complete,,
J-2023-03228,2023-07-31,complete,,
J-2023-02069,2023-05-11,complete,,
J-2025-05250,2025-09-16,short,JS-49381,10.0
J-2024-06539,2024-12-13,complete,,
J-2023-04940,2023-10-30,complete,,
J-2025-04161,2025-08-27,complete,,
J-2024-04193,2024-09-10,complete,,
J-2024-05221,2024-10-09,short,JS-45842,42.0
J-2024-04417,2024-09-12,complete,,
J-2025-06590,2025-11-21,complete,,
J-2023-02582,2023-05-31,short,JS-45457,8.0
J-2025-04032,2025-07-17,short,JS-47775,33.0
J-2025-03609,2025-06-25,short,JS-46317,46.0
J-2023-06467,2024-01-04,complete,,
J-2023-00633,2023-02-07,short,JS-49524,57.0
J-2024-05848,2024-12-02,complete,,
J-2023-04387,2023-09-29,complete,,
J-2023-02122,2023-05-08,complete,,
J-2023-02369,2023-05-24,complete,,
J-2025-02274,2025-05-09,complete,,
J-2024-02879,2024-06-19,complete,,
J-2023-03631,2023-08-03,short,JS-45940,47.0
J-2023-01265,2023-03-20,complete,,
J-2024-06007,2024-11-22,complete,,
J-2024-04889,2024-10-10,complete,,
J-2025-02582,2025-05-12,short,JS-44639,37.0
J-2025-00327,2025-01-23,short,JS-41693,56.0
J-2024-01631,2024-04-01,short,JS-44956,51.0
J-2025-02252,2025-05-05,short,JS-47914,5.0
J-2025-05318,2025-10-01,complete,,
J-2025-02605,2025-05-08,complete,,
J-2023-05095,2023-10-26,complete,,
J-2024-03694,2024-07-23,short,JS-47548,48.0
J-2025-05747,2025-10-07,short,JS-44151,19.0
J-2024-01306,2024-04-02,complete,,
J-2025-02692,2025-05-16,complete,,
J-2025-01426,2025-03-10,short,JS-42489,52.0
J-2023-05494,2023-12-12,complete,,
J-2025-03275,2025-06-17,short,JS-46164,19.0
J-2022-03010,2023-01-09,complete,,
J-2025-02169,2025-04-17,complete,,
J-2023-01301,2023-05-23,complete,,
J-2025-02583,2025-05-19,complete,,
J-2025-01268,2025-03-18,complete,,
J-2025-03115,2025-06-25,complete,,
J-2024-01516,2024-03-25,short,JS-40307,48.0
J-2023-05485,2023-11-14,complete,,
J-2025-04933,2025-09-05,short,JS-44698,41.0
J-2023-02798,2023-06-21,short,JS-41205,51.0
J-2025-03047,2025-06-16,complete,,
J-2023-02059,2023-05-05,complete,,
J-2024-00925,2024-02-26,short,JS-45306,15.0
J-2023-02889,2023-07-18,complete,,
J-2023-05672,2023-11-29,complete,,
J-2022-02967,2023-01-10,complete,,
J-2024-01175,2024-03-08,short,JS-46681,8.0
J-2024-04126,2024-09-04,complete,,
J-2024-04547,2024-09-09,short,JS-49420,56.0
J-2023-05014,2023-10-25,complete,,
J-2024-05453,2024-12-04,complete,,
J-2024-05907,2024-11-15,short,JS-47842,47.0
J-2025-00526,2025-02-14,complete,,
J-2025-01470,2025-03-25,complete,,
J-2025-06128,2025-10-31,complete,,
J-2023-01405,2023-04-03,short,JS-43778,6.0
J-2025-03940,2025-07-22,complete,,
J-2023-05292,2023-11-06,complete,,
J-2025-02719,2025-05-12,short,JS-49881,44.0
J-2024-03034,2024-06-24,complete,,
J-2024-04077,2024-09-09,complete,,
J-2025-07425,2026-01-12,complete,,
J-2023-01192,2023-03-14,complete,,
J-2025-04256,2025-08-05,complete,,
J-2023-04226,2023-09-19,complete,,
J-2025-05111,2025-09-10,short,JS-48220,54.0
J-2023-02313,2023-05-18,complete,,
J-2023-03892,2023-08-31,complete,,
J-2024-04582,2024-09-17,complete,,
J-2024-00118,2024-01-10,short,JS-48960,50.0
J-2025-04081,2025-08-05,complete,,
J-2024-03104,2024-06-27,complete,,
J-2023-00495,2023-02-07,complete,,
J-2025-02822,2025-05-29,complete,,
J-2025-04816,2025-09-12,complete,,
J-2024-04867,2024-10-24,complete,,
J-2025-03127,2025-06-02,short,JS-43175,48.0
J-2024-01807,2024-04-23,complete,,
J-2023-06276,2024-01-02,short,JS-44079,53.0
J-2024-03634,2024-08-05,complete,,
J-2024-04531,2024-09-09,short,JS-47150,1.0
J-2025-07627,2026-01-05,complete,,
J-2025-03138,2025-06-12,complete,,
J-2025-00791,2025-02-21,complete,,
J-2025-03796,2025-07-11,complete,,
J-2024-01804,2024-04-15,complete,,
J-2024-00279,2024-01-18,short,JS-48469,4.0
J-2023-04299,2023-10-06,complete,,
J-2025-00924,2025-02-24,short,JS-45666,55.0
J-2023-04629,2023-10-02,short,JS-48694,21.0
J-2025-03089,2025-06-05,complete,,
J-2025-07202,2025-12-19,complete,,
J-2023-04466,2023-10-11,complete,,
J-2024-05469,2024-11-05,complete,,
J-2023-00983,2023-03-03,complete,,
J-2025-06029,2025-10-29,complete,,
J-2025-07611,2026-01-12,complete,,
J-2023-05407,2023-11-07,short,JS-41864,20.0
J-2024-01429,2024-04-22,complete,,
J-2025-04574,2025-08-22,short,JS-49391,25.0
J-2025-03405,2025-06-20,complete,,
J-2025-01927,2025-04-08,short,JS-49119,17.0
J-2025-07117,2025-12-18,complete,,
J-2023-02108,2023-05-02,short,JS-47142,54.0
J-2025-06494,2025-11-18,complete,,
J-2023-03767,2023-08-18,complete,,
J-2024-03776,2024-08-05,short,JS-46253,29.0
J-2024-02655,2024-06-03,short,JS-41110,12.0
J-2024-05013,2024-10-21,complete,,
J-2025-04414,2025-08-07,short,JS-49763,14.0
J-2023-02834,2023-06-28,complete,,
J-2024-01092,2024-03-07,complete,,
J-2023-05780,2023-12-06,complete,,
J-2025-05420,2025-10-03,complete,,
J-2025-07684,2026-01-13,short,JS-45960,23.0
J-2024-00299,2024-01-26,complete,,
J-2023-03777,2023-08-23,complete,,
J-2023-04380,2023-09-21,complete,,
J-2025-06487,2025-11-19,complete,,
J-2023-03744,2023-08-21,complete,,
J-2025-05309,2025-09-19,short,JS-41749,27.0
J-2024-04868,2024-10-10,complete,,
J-2023-03485,2023-07-25,short,JS-48430,40.0
J-2024-03151,2024-06-19,short,JS-41306,24.0
J-2023-01441,2023-04-11,complete,,
J-2024-02111,2024-04-29,short,JS-47628,30.0
J-2025-05779,2025-10-16,complete,,
J-2024-01286,2024-03-21,complete,,
J-2025-00812,2025-02-12,short,JS-42094,18.0
J-2024-04188,2024-08-20,short,JS-43629,46.0
J-2025-03726,2025-07-11,complete,,
J-2025-02568,2025-05-15,complete,,
J-2024-03716,2024-08-05,complete,,
J-2024-01986,2024-05-02,complete,,
J-2025-05621,2025-10-03,complete,,
J-2023-01374,2023-04-11,complete,,
J-2025-03020,2025-05-27,short,JS-49572,24.0
J-2025-06286,2025-11-11,complete,,
J-2024-02595,2024-06-24,complete,,
J-2024-00310,2024-01-31,short,JS-45995,50.0
J-2024-01850,2024-04-23,complete,,
J-2023-02648,2023-06-15,complete,,
J-2025-00463,2025-01-27,short,JS-48429,50.0
J-2023-00679,2023-02-22,short,JS-49226,52.0
J-2024-07098,2025-01-02,complete,,
J-2023-04199,2023-09-18,short,JS-46857,11.0
J-2023-02875,2023-06-26,complete,,
J-2023-04113,2023-09-07,short,JS-49254,1.0
J-2023-06273,2024-01-03,complete,,
J-2024-01709,2024-04-15,complete,,
J-2024-03873,2024-08-01,short,JS-45090,15.0
J-2025-03349,2025-06-30,complete,,
J-2024-03643,2024-07-22,short,JS-42187,44.0
J-2025-03811,2025-07-15,complete,,
J-2023-04472,2023-10-10,complete,,
J-2025-06730,2025-11-18,short,JS-48444,36.0
J-2024-01275,2024-03-21,short,JS-48015,27.0
J-2024-00304,2024-02-08,complete,,
J-2023-00340,2023-01-26,complete,,
J-2023-04526,2023-09-27,complete,,
J-2025-02253,2025-05-23,complete,,
J-2023-05769,2023-11-27,short,JS-46382,50.0
J-2024-02650,2024-07-02,complete,,
J-2024-04373,2024-09-09,complete,,
J-2024-00757,2024-03-04,complete,,
J-2025-00465,2025-01-27,short,JS-47464,10.0
J-2025-01761,2025-04-21,complete,,
J-2023-00080,2023-01-10,short,JS-41874,33.0
J-2025-03679,2025-07-08,complete,,
J-2025-06624,2025-11-13,short,JS-42196,27.0
J-2024-07047,2024-12-23,short,JS-44631,29.0
J-2023-02253,2023-05-23,complete,,
J-2025-03227,2025-06-10,short,JS-40938,25.0
J-2023-06311,2024-01-05,complete,,
J-2025-06891,2025-12-09,complete,,
J-2023-04415,2023-09-29,complete,,
J-2023-05386,2023-11-14,complete,,
J-2025-05803,2025-10-13,complete,,
J-2025-06782,2025-12-08,complete,,
J-2025-07299,2026-01-02,complete,,
J-2025-06867,2025-11-24,short,JS-40136,54.0
J-2025-03508,2025-06-25,short,JS-48685,3.0
J-2025-03873,2025-07-17,complete,,
J-2025-00515,2025-02-07,complete,,
J-2023-06428,2024-01-11,complete,,
J-2024-06032,2024-12-02,complete,,
J-2024-01772,2024-04-09,short,JS-40748,53.0
J-2023-02309,2023-05-15,short,JS-43344,25.0
J-2024-01053,2024-03-06,complete,,
J-2024-05063,2024-10-09,complete,,
J-2023-00143,2023-01-23,short,JS-46751,50.0
J-2024-06029,2024-12-11,complete,,
J-2023-04585,2023-09-28,short,JS-42771,51.0
J-2024-00767,2024-02-29,complete,,
J-2025-07699,2026-01-16,complete,,
J-2025-00317,2025-01-30,complete,,
J-2025-01900,2025-04-17,complete,,
J-2024-00356,2024-01-25,complete,,
J-2025-01557,2025-04-14,complete,,
J-2025-00365,2025-01-28,short,JS-47442,40.0
J-2025-06405,2025-11-05,complete,,
J-2025-00543,2025-02-21,complete,,
J-2024-02998,2024-06-13,short,JS-47036,8.0
J-2025-04486,2025-08-21,complete,,
J-2025-06297,2025-11-04,complete,,
J-2024-05507,2024-11-04,complete,,
J-2025-03523,2025-06-27,complete,,
J-2023-05860,2023-12-04,short,JS-44393,1.0
J-2024-01228,2024-03-19,complete,,
J-2025-02901,2025-05-20,short,JS-45602,15.0
J-2023-00467,2023-01-30,short,JS-46711,1.0
J-2024-02668,2024-05-30,short,JS-46568,27.0
J-2023-06388,2024-01-04,short,JS-47332,57.0
J-2024-06506,2024-12-09,complete,,
J-2024-00853,2024-02-27,complete,,
J-2023-04481,2023-10-03,short,JS-45364,49.0
J-2025-07280,2025-12-23,complete,,
J-2023-03785,2023-08-25,complete,,
J-2025-07460,2025-12-18,short,JS-44834,24.0
J-2024-04729,2024-10-09,complete,,
J-2025-06904,2025-12-09,complete,,
J-2025-06047,2025-10-30,complete,,
J-2025-04359,2025-08-19,complete,,
J-2025-01467,2025-03-14,complete,,
J-2024-02403,2024-05-29,complete,,
J-2024-06658,2024-12-18,short,JS-44994,43.0
J-2024-03385,2024-07-12,complete,,
J-2023-05597,2023-12-01,complete,,
J-2024-01824,2024-04-25,complete,,
J-2022-02913,2023-01-06,complete,,
J-2025-02957,2025-05-29,complete,,
J-2025-04026,2025-07-24,complete,,
J-2025-07019,2026-01-02,complete,,
J-2025-04426,2025-08-27,complete,,
J-2025-00876,2025-02-17,complete,,
J-2023-03599,2023-07-31,short,JS-40224,19.0
J-2025-06773,2025-11-19,short,JS-44163,46.0
J-2024-07005,2025-01-08,short,JS-48439,3.0
J-2024-00664,2024-02-15,complete,,
J-2025-00315,2025-02-11,complete,,
J-2025-07710,2026-01-12,complete,,
J-2023-04335,2023-09-26,short,JS-45115,59.0
J-2024-01659,2024-04-24,complete,,
J-2024-03352,2024-07-12,complete,,
J-2023-00722,2023-02-23,complete,,
J-2025-06770,2025-12-09,complete,,
J-2024-03022,2024-06-17,complete,,
J-2025-01089,2025-03-06,complete,,
J-2025-05931,2025-10-17,complete,,
J-2023-00756,2023-02-27,complete,,
J-2025-04320,2025-08-04,short,JS-41544,54.0
J-2023-01082,2023-03-16,complete,,
J-2023-03978,2023-09-05,complete,,
J-2025-03590,2025-07-15,complete,,
J-2023-03108,2023-06-30,short,JS-47081,15.0
J-2024-03943,2024-08-14,complete,,
J-2025-05526,2025-09-29,short,JS-47683,25.0
J-2025-02941,2025-05-28,complete,,
J-2023-05764,2023-12-21,complete,,
J-2024-03280,2024-06-27,complete,,
J-2023-04988,2023-10-19,short,JS-46171,31.0
J-2025-04734,2025-08-29,complete,,
J-2025-05857,2025-10-30,complete,,
J-2023-01621,2023-04-07,short,JS-45827,13.0
J-2023-00953,2023-03-27,complete,,
J-2024-06280,2024-12-05,complete,,
J-2025-01620,2025-03-19,short,JS-46852,39.0
J-2024-06876,2025-01-09,complete,,
J-2024-00102,2024-01-16,complete,,
J-2023-01786,2023-05-30,complete,,
J-2024-06081,2024-12-11,complete,,
J-2025-02487,2025-05-01,short,JS-47524,42.0
J-2025-04048,2025-08-04,complete,,
J-2025-02815,2025-05-21,complete,,
J-2023-06050,2023-12-08,short,JS-46913,27.0
J-2025-03556,2025-06-26,complete,,
J-2024-05039,2024-10-02,short,JS-43575,40.0
J-2024-02967,2024-06-14,short,JS-44170,5.0
J-2023-00571,2023-02-13,complete,,
J-2023-04340,2023-09-29,complete,,
J-2023-02267,2023-05-31,complete,,
J-2025-06050,2025-10-20,short,JS-48107,35.0
J-2025-02852,2025-06-02,complete,,
J-2025-02646,2025-06-02,complete,,
J-2025-00344,2025-01-22,short,JS-41403,15.0
