downtime_id,machine_id,work_center,start,end,cause
DT-9000,I2,inspection_pack,2023-01-03 06:24:00,2023-01-03 08:56:00,PM
DT-9001,P1,punch,2023-01-03 10:20:00,2023-01-03 11:42:00,waiting for program
DT-9002,L3,laser,2023-01-03 12:29:00,2023-01-03 14:00:00,breakdown
DT-9003,W5,weld,2023-01-04 07:04:00,2023-01-04 08:55:00,breakdown
DT-9004,W3,weld,2023-01-04 08:15:00,2023-01-04 11:01:00,breakdown
DT-9005,W4,weld,2023-01-04 10:55:00,2023-01-04 12:54:00,waiting for program
DT-9006,B3,press_brake,2023-01-04 12:53:00,2023-01-04 14:00:00,breakdown
DT-9007,R1,robotic_weld,2023-01-04 13:04:00,2023-01-04 14:00:00,no operator
DT-9008,L1,laser,2023-01-05 07:58:00,2023-01-05 09:30:00,waiting for program
DT-9009,B2,press_brake,2023-01-05 09:05:00,2023-01-05 10:15:00,breakdown
DT-9010,I2,inspection_pack,2023-01-05 09:19:00,2023-01-05 13:16:00,PM
DT-9011,B4,press_brake,2023-01-05 11:21:00,2023-01-05 12:11:00,breakdown
DT-9012,W5,weld,2023-01-05 12:29:00,2023-01-05 14:00:00,waiting for program
DT-9013,L1,laser,2023-01-06 11:21:00,2023-01-06 14:00:00,PM
DT-9014,W2,weld,2023-01-06 12:08:00,2023-01-06 13:09:00,breakdown
DT-9015,W1,weld,2023-01-09 07:03:00,2023-01-09 10:35:00,breakdown
DT-9016,B1,press_brake,2023-01-09 13:11:00,2023-01-09 14:00:00,no operator
DT-9017,L3,laser,2023-01-09 18:49:00,2023-01-09 20:31:00,waiting for program
DT-9018,B3,press_brake,2023-01-09 20:04:00,2023-01-09 21:37:00,breakdown
DT-9019,H1,hardware,2023-01-10 09:20:00,2023-01-10 13:11:00,PM
DT-9020,H1,hardware,2023-01-10 13:00:00,2023-01-10 13:58:00,waiting for program
DT-9021,B3,press_brake,2023-01-10 20:14:00,2023-01-10 21:12:00,waiting for program
DT-9022,B2,press_brake,2023-01-11 07:49:00,2023-01-11 09:48:00,breakdown
DT-9023,W2,weld,2023-01-11 09:26:00,2023-01-11 12:20:00,PM
DT-9024,B2,press_brake,2023-01-11 18:13:00,2023-01-11 19:28:00,breakdown
DT-9025,L2,laser,2023-01-11 20:58:00,2023-01-11 22:30:00,breakdown
DT-9026,W1,weld,2023-01-12 07:31:00,2023-01-12 10:13:00,PM
DT-9027,G2,grind_deburr,2023-01-12 07:37:00,2023-01-12 09:27:00,breakdown
DT-9028,L1,laser,2023-01-12 12:19:00,2023-01-12 14:00:00,breakdown
DT-9029,L3,laser,2023-01-12 19:30:00,2023-01-12 21:25:00,no operator
DT-9030,B1,press_brake,2023-01-12 21:16:00,2023-01-12 22:30:00,breakdown
DT-9031,B4,press_brake,2023-01-13 07:57:00,2023-01-13 10:55:00,no operator
DT-9032,B5,press_brake,2023-01-13 11:36:00,2023-01-13 14:00:00,PM
DT-9033,L2,laser,2023-01-13 16:36:00,2023-01-13 19:04:00,PM
DT-9034,W3,weld,2023-01-16 10:51:00,2023-01-16 12:31:00,no operator
DT-9035,I1,inspection_pack,2023-01-17 06:39:00,2023-01-17 09:08:00,no operator
DT-9036,PC1,powder_coat,2023-01-17 09:20:00,2023-01-17 12:36:00,PM
DT-9037,W3,weld,2023-01-17 11:38:00,2023-01-17 13:36:00,no operator
DT-9038,W6,weld,2023-01-17 12:14:00,2023-01-17 14:00:00,PM
DT-9039,B2,press_brake,2023-01-18 19:24:00,2023-01-18 22:08:00,breakdown
DT-9040,G2,grind_deburr,2023-01-19 11:32:00,2023-01-19 12:55:00,breakdown
DT-9041,B5,press_brake,2023-01-20 13:00:00,2023-01-20 14:00:00,breakdown
DT-9042,B1,press_brake,2023-01-20 13:08:00,2023-01-20 14:00:00,breakdown
DT-9043,B4,press_brake,2023-01-20 19:48:00,2023-01-20 21:16:00,breakdown
DT-9044,A2,assembly,2023-01-24 08:27:00,2023-01-24 11:41:00,breakdown
DT-9045,G2,grind_deburr,2023-01-24 10:44:00,2023-01-24 14:00:00,breakdown
DT-9046,B4,press_brake,2023-01-24 13:19:00,2023-01-24 14:00:00,no operator
DT-9047,A2,assembly,2023-01-25 09:28:00,2023-01-25 12:42:00,PM
DT-9048,I1,inspection_pack,2023-01-25 12:57:00,2023-01-25 14:00:00,no operator
DT-9049,W2,weld,2023-01-26 09:13:00,2023-01-26 10:29:00,breakdown
DT-9050,G1,grind_deburr,2023-01-26 10:38:00,2023-01-26 13:33:00,no operator
DT-9051,B3,press_brake,2023-01-26 20:27:00,2023-01-26 22:30:00,breakdown
DT-9052,L1,laser,2023-01-27 12:30:00,2023-01-27 14:00:00,no operator
DT-9053,P1,punch,2023-01-30 06:40:00,2023-01-30 10:12:00,PM
DT-9054,B2,press_brake,2023-01-30 06:47:00,2023-01-30 09:30:00,breakdown
DT-9055,I2,inspection_pack,2023-01-30 08:10:00,2023-01-30 10:35:00,breakdown
DT-9056,W2,weld,2023-01-30 10:27:00,2023-01-30 12:46:00,PM
DT-9057,L3,laser,2023-01-30 15:40:00,2023-01-30 16:20:00,breakdown
DT-9058,B1,press_brake,2023-01-30 21:40:00,2023-01-30 22:30:00,waiting for program
DT-9059,W4,weld,2023-02-01 13:07:00,2023-02-01 14:00:00,PM
DT-9060,L3,laser,2023-02-02 10:03:00,2023-02-02 11:56:00,breakdown
DT-9061,W6,weld,2023-02-02 12:20:00,2023-02-02 14:00:00,no operator
DT-9062,L3,laser,2023-02-02 19:33:00,2023-02-02 20:18:00,breakdown
DT-9063,L3,laser,2023-02-03 06:49:00,2023-02-03 09:27:00,breakdown
DT-9064,B4,press_brake,2023-02-03 20:30:00,2023-02-03 22:05:00,no operator
DT-9065,B3,press_brake,2023-02-06 10:48:00,2023-02-06 12:50:00,breakdown
DT-9066,W1,weld,2023-02-06 12:47:00,2023-02-06 14:00:00,PM
DT-9067,PC1,powder_coat,2023-02-06 12:54:00,2023-02-06 13:27:00,breakdown
DT-9068,B5,press_brake,2023-02-06 12:58:00,2023-02-06 14:00:00,breakdown
DT-9069,L2,laser,2023-02-06 14:52:00,2023-02-06 17:55:00,breakdown
DT-9070,L1,laser,2023-02-07 07:17:00,2023-02-07 09:13:00,breakdown
DT-9071,L3,laser,2023-02-07 21:58:00,2023-02-07 22:30:00,breakdown
DT-9072,B1,press_brake,2023-02-08 07:19:00,2023-02-08 09:43:00,no operator
DT-9073,A2,assembly,2023-02-08 08:01:00,2023-02-08 11:47:00,PM
DT-9074,W2,weld,2023-02-08 08:50:00,2023-02-08 10:46:00,breakdown
DT-9075,B3,press_brake,2023-02-08 09:49:00,2023-02-08 11:17:00,no operator
DT-9076,I2,inspection_pack,2023-02-09 07:22:00,2023-02-09 09:56:00,PM
DT-9077,I2,inspection_pack,2023-02-09 07:39:00,2023-02-09 09:24:00,no operator
DT-9078,W3,weld,2023-02-09 07:50:00,2023-02-09 10:54:00,PM
DT-9079,A2,assembly,2023-02-09 11:19:00,2023-02-09 12:32:00,breakdown
DT-9080,PC1,powder_coat,2023-02-09 12:23:00,2023-02-09 14:00:00,breakdown
DT-9081,B3,press_brake,2023-02-09 15:10:00,2023-02-09 18:04:00,PM
DT-9082,B2,press_brake,2023-02-09 18:19:00,2023-02-09 21:25:00,breakdown
DT-9083,B1,press_brake,2023-02-09 18:19:00,2023-02-09 21:27:00,breakdown
DT-9084,PC1,powder_coat,2023-02-10 06:40:00,2023-02-10 10:31:00,PM
DT-9085,W6,weld,2023-02-10 07:30:00,2023-02-10 08:13:00,breakdown
DT-9086,L2,laser,2023-02-10 08:23:00,2023-02-10 09:41:00,no operator
DT-9087,L1,laser,2023-02-10 09:07:00,2023-02-10 12:32:00,breakdown
DT-9088,B3,press_brake,2023-02-13 07:05:00,2023-02-13 08:15:00,breakdown
DT-9089,L1,laser,2023-02-13 09:28:00,2023-02-13 12:11:00,PM
DT-9090,R1,robotic_weld,2023-02-13 10:50:00,2023-02-13 13:05:00,breakdown
DT-9091,B1,press_brake,2023-02-13 15:08:00,2023-02-13 18:04:00,no operator
DT-9092,A2,assembly,2023-02-14 06:45:00,2023-02-14 09:04:00,no operator
DT-9093,W4,weld,2023-02-14 06:47:00,2023-02-14 08:59:00,breakdown
DT-9094,W6,weld,2023-02-14 10:44:00,2023-02-14 13:22:00,no operator
DT-9095,B5,press_brake,2023-02-14 11:05:00,2023-02-14 14:00:00,PM
DT-9096,A1,assembly,2023-02-14 12:52:00,2023-02-14 14:00:00,PM
DT-9097,B3,press_brake,2023-02-14 20:36:00,2023-02-14 22:21:00,breakdown
DT-9098,B4,press_brake,2023-02-14 21:18:00,2023-02-14 22:08:00,breakdown
DT-9099,I1,inspection_pack,2023-02-15 10:50:00,2023-02-15 13:05:00,PM
DT-9100,L2,laser,2023-02-15 14:53:00,2023-02-15 15:51:00,waiting for program
DT-9101,L2,laser,2023-02-16 06:45:00,2023-02-16 09:36:00,PM
DT-9102,H1,hardware,2023-02-16 09:42:00,2023-02-16 11:43:00,PM
DT-9103,L1,laser,2023-02-16 09:56:00,2023-02-16 11:08:00,no operator
DT-9104,B4,press_brake,2023-02-17 06:16:00,2023-02-17 09:42:00,PM
DT-9105,W4,weld,2023-02-17 10:40:00,2023-02-17 12:02:00,breakdown
DT-9106,B2,press_brake,2023-02-17 17:45:00,2023-02-17 20:27:00,no operator
DT-9107,W3,weld,2023-02-20 06:15:00,2023-02-20 06:49:00,breakdown
DT-9108,I1,inspection_pack,2023-02-20 12:00:00,2023-02-20 14:00:00,no operator
DT-9109,L1,laser,2023-02-20 12:52:00,2023-02-20 13:59:00,no operator
DT-9110,B2,press_brake,2023-02-20 13:16:00,2023-02-20 14:00:00,breakdown
DT-9111,W4,weld,2023-02-21 07:08:00,2023-02-21 10:28:00,breakdown
DT-9112,W6,weld,2023-02-21 08:04:00,2023-02-21 11:52:00,breakdown
DT-9113,PC1,powder_coat,2023-02-21 09:06:00,2023-02-21 12:32:00,PM
DT-9114,B1,press_brake,2023-02-21 11:37:00,2023-02-21 14:00:00,breakdown
DT-9115,L3,laser,2023-02-21 16:28:00,2023-02-21 19:25:00,PM
DT-9116,I2,inspection_pack,2023-02-22 06:29:00,2023-02-22 09:02:00,no operator
DT-9117,L2,laser,2023-02-22 06:31:00,2023-02-22 07:11:00,waiting for program
DT-9118,PC1,powder_coat,2023-02-22 07:54:00,2023-02-22 11:54:00,breakdown
DT-9119,A1,assembly,2023-02-22 11:59:00,2023-02-22 13:21:00,breakdown
DT-9120,B2,press_brake,2023-02-22 15:41:00,2023-02-22 17:45:00,breakdown
DT-9121,B3,press_brake,2023-02-22 18:24:00,2023-02-22 22:17:00,PM
DT-9122,G1,grind_deburr,2023-02-23 06:22:00,2023-02-23 08:27:00,breakdown
DT-9123,L2,laser,2023-02-23 08:23:00,2023-02-23 11:50:00,PM
DT-9124,L2,laser,2023-02-23 11:12:00,2023-02-23 13:47:00,no operator
DT-9125,L3,laser,2023-02-23 11:41:00,2023-02-23 14:00:00,breakdown
DT-9126,B1,press_brake,2023-02-24 10:16:00,2023-02-24 10:57:00,breakdown
DT-9127,R1,robotic_weld,2023-02-24 11:46:00,2023-02-24 14:00:00,breakdown
DT-9128,L3,laser,2023-02-24 20:38:00,2023-02-24 21:45:00,waiting for program
DT-9129,A1,assembly,2023-02-27 08:18:00,2023-02-27 09:31:00,waiting for program
DT-9130,W6,weld,2023-02-27 09:03:00,2023-02-27 10:30:00,waiting for program
DT-9131,B2,press_brake,2023-02-27 09:44:00,2023-02-27 12:16:00,no operator
DT-9132,L1,laser,2023-02-28 06:13:00,2023-02-28 09:09:00,breakdown
DT-9133,W3,weld,2023-02-28 07:47:00,2023-02-28 09:01:00,breakdown
DT-9134,L3,laser,2023-02-28 09:05:00,2023-02-28 11:06:00,PM
DT-9135,G1,grind_deburr,2023-02-28 10:49:00,2023-02-28 13:17:00,PM
DT-9136,PC1,powder_coat,2023-03-01 08:12:00,2023-03-01 09:01:00,waiting for program
DT-9137,B5,press_brake,2023-03-01 08:59:00,2023-03-01 10:06:00,breakdown
DT-9138,H1,hardware,2023-03-01 11:15:00,2023-03-01 14:00:00,PM
DT-9139,G1,grind_deburr,2023-03-01 12:34:00,2023-03-01 13:17:00,waiting for program
DT-9140,B1,press_brake,2023-03-01 17:21:00,2023-03-01 20:20:00,breakdown
DT-9141,R1,robotic_weld,2023-03-02 07:24:00,2023-03-02 09:05:00,no operator
DT-9142,W5,weld,2023-03-02 10:48:00,2023-03-02 11:20:00,breakdown
DT-9143,A2,assembly,2023-03-02 11:16:00,2023-03-02 12:53:00,breakdown
DT-9144,B4,press_brake,2023-03-02 17:29:00,2023-03-02 18:42:00,no operator
DT-9145,L3,laser,2023-03-03 06:21:00,2023-03-03 09:06:00,PM
DT-9146,P1,punch,2023-03-03 11:49:00,2023-03-03 14:00:00,breakdown
DT-9147,B2,press_brake,2023-03-03 12:02:00,2023-03-03 14:00:00,breakdown
DT-9148,W4,weld,2023-03-03 12:38:00,2023-03-03 14:00:00,PM
DT-9149,B1,press_brake,2023-03-03 17:06:00,2023-03-03 18:51:00,breakdown
DT-9150,W5,weld,2023-03-06 07:33:00,2023-03-06 08:59:00,waiting for program
DT-9151,G1,grind_deburr,2023-03-06 07:55:00,2023-03-06 09:26:00,no operator
DT-9152,A2,assembly,2023-03-06 09:30:00,2023-03-06 11:11:00,waiting for program
DT-9153,G1,grind_deburr,2023-03-07 09:54:00,2023-03-07 13:26:00,PM
DT-9154,P1,punch,2023-03-09 06:30:00,2023-03-09 08:35:00,breakdown
DT-9155,W4,weld,2023-03-09 09:56:00,2023-03-09 11:00:00,breakdown
DT-9156,L1,laser,2023-03-10 10:55:00,2023-03-10 13:34:00,breakdown
DT-9157,L3,laser,2023-03-10 15:55:00,2023-03-10 18:41:00,breakdown
DT-9158,B4,press_brake,2023-03-13 09:20:00,2023-03-13 11:49:00,breakdown
DT-9159,B4,press_brake,2023-03-13 15:32:00,2023-03-13 16:54:00,no operator
DT-9160,L2,laser,2023-03-14 06:58:00,2023-03-14 09:56:00,breakdown
DT-9161,P1,punch,2023-03-14 12:09:00,2023-03-14 14:00:00,breakdown
DT-9162,G2,grind_deburr,2023-03-14 12:23:00,2023-03-14 14:00:00,breakdown
DT-9163,B5,press_brake,2023-03-14 12:57:00,2023-03-14 14:00:00,PM
DT-9164,L2,laser,2023-03-14 14:35:00,2023-03-14 15:44:00,waiting for program
DT-9165,B3,press_brake,2023-03-15 08:00:00,2023-03-15 09:21:00,breakdown
DT-9166,H1,hardware,2023-03-15 11:17:00,2023-03-15 13:04:00,waiting for program
DT-9167,W5,weld,2023-03-15 13:18:00,2023-03-15 14:00:00,no operator
DT-9168,B3,press_brake,2023-03-15 15:05:00,2023-03-15 16:27:00,breakdown
DT-9169,H1,hardware,2023-03-16 08:33:00,2023-03-16 09:09:00,waiting for program
DT-9170,H2,hardware,2023-03-16 09:37:00,2023-03-16 13:20:00,breakdown
DT-9171,B3,press_brake,2023-03-16 13:15:00,2023-03-16 14:00:00,no operator
DT-9172,I1,inspection_pack,2023-03-17 13:02:00,2023-03-17 13:48:00,breakdown
DT-9173,B1,press_brake,2023-03-17 20:53:00,2023-03-17 22:30:00,breakdown
DT-9174,B1,press_brake,2023-03-20 07:50:00,2023-03-20 11:07:00,breakdown
DT-9175,W6,weld,2023-03-20 11:38:00,2023-03-20 14:00:00,PM
DT-9176,W6,weld,2023-03-21 06:24:00,2023-03-21 07:06:00,waiting for program
DT-9177,H2,hardware,2023-03-22 06:54:00,2023-03-22 10:10:00,PM
DT-9178,L1,laser,2023-03-22 10:43:00,2023-03-22 12:26:00,waiting for program
DT-9179,W3,weld,2023-03-22 10:55:00,2023-03-22 12:48:00,breakdown
DT-9180,I1,inspection_pack,2023-03-22 12:53:00,2023-03-22 14:00:00,breakdown
DT-9181,B5,press_brake,2023-03-23 10:47:00,2023-03-23 13:16:00,breakdown
DT-9182,B5,press_brake,2023-03-23 12:32:00,2023-03-23 13:06:00,breakdown
DT-9183,B4,press_brake,2023-03-23 18:08:00,2023-03-23 18:59:00,waiting for program
DT-9184,B1,press_brake,2023-03-24 07:30:00,2023-03-24 08:20:00,waiting for program
DT-9185,B1,press_brake,2023-03-24 11:49:00,2023-03-24 14:00:00,PM
DT-9186,W3,weld,2023-03-24 11:52:00,2023-03-24 14:00:00,breakdown
DT-9187,PC1,powder_coat,2023-03-27 09:39:00,2023-03-27 13:05:00,breakdown
DT-9188,W6,weld,2023-03-27 11:06:00,2023-03-27 14:00:00,PM
DT-9189,H1,hardware,2023-03-27 12:43:00,2023-03-27 14:00:00,no operator
DT-9190,I2,inspection_pack,2023-03-27 13:16:00,2023-03-27 14:00:00,PM
DT-9191,B3,press_brake,2023-03-27 17:24:00,2023-03-27 21:11:00,breakdown
DT-9192,L3,laser,2023-03-27 19:50:00,2023-03-27 21:47:00,waiting for program
DT-9193,L2,laser,2023-03-28 06:44:00,2023-03-28 07:58:00,waiting for program
DT-9194,W3,weld,2023-03-28 12:09:00,2023-03-28 14:00:00,PM
DT-9195,L1,laser,2023-03-28 13:28:00,2023-03-28 14:00:00,breakdown
DT-9196,H1,hardware,2023-03-29 06:47:00,2023-03-29 07:34:00,breakdown
DT-9197,W1,weld,2023-03-29 07:14:00,2023-03-29 10:41:00,breakdown
DT-9198,P1,punch,2023-03-29 08:13:00,2023-03-29 08:50:00,breakdown
DT-9199,W2,weld,2023-03-29 08:28:00,2023-03-29 09:59:00,breakdown
DT-9200,W1,weld,2023-03-30 06:32:00,2023-03-30 08:15:00,no operator
DT-9201,A2,assembly,2023-03-30 07:29:00,2023-03-30 10:03:00,no operator
DT-9202,A1,assembly,2023-03-30 10:50:00,2023-03-30 12:36:00,breakdown
DT-9203,B2,press_brake,2023-03-30 17:24:00,2023-03-30 19:19:00,no operator
DT-9204,W6,weld,2023-03-31 08:26:00,2023-03-31 12:08:00,PM
DT-9205,I1,inspection_pack,2023-03-31 11:20:00,2023-03-31 13:25:00,PM
DT-9206,B3,press_brake,2023-03-31 11:21:00,2023-03-31 14:00:00,breakdown
DT-9207,G1,grind_deburr,2023-04-03 06:36:00,2023-04-03 07:40:00,breakdown
DT-9208,A1,assembly,2023-04-03 09:42:00,2023-04-03 11:04:00,breakdown
DT-9209,H1,hardware,2023-04-03 10:26:00,2023-04-03 13:50:00,breakdown
DT-9210,R1,robotic_weld,2023-04-03 11:19:00,2023-04-03 13:03:00,waiting for program
DT-9211,B2,press_brake,2023-04-03 12:02:00,2023-04-03 14:00:00,breakdown
DT-9212,W2,weld,2023-04-03 13:24:00,2023-04-03 14:00:00,breakdown
DT-9213,R1,robotic_weld,2023-04-04 07:02:00,2023-04-04 10:55:00,PM
DT-9214,W1,weld,2023-04-04 09:52:00,2023-04-04 12:54:00,breakdown
DT-9215,G1,grind_deburr,2023-04-04 12:21:00,2023-04-04 14:00:00,PM
DT-9216,A2,assembly,2023-04-04 12:24:00,2023-04-04 14:00:00,breakdown
DT-9217,B2,press_brake,2023-04-04 12:28:00,2023-04-04 14:00:00,PM
DT-9218,W5,weld,2023-04-05 07:54:00,2023-04-05 08:50:00,breakdown
DT-9219,A1,assembly,2023-04-05 10:50:00,2023-04-05 13:30:00,PM
DT-9220,I2,inspection_pack,2023-04-05 11:33:00,2023-04-05 12:48:00,waiting for program
DT-9221,R1,robotic_weld,2023-04-05 12:56:00,2023-04-05 13:40:00,waiting for program
DT-9222,H1,hardware,2023-04-05 13:24:00,2023-04-05 14:00:00,no operator
DT-9223,B3,press_brake,2023-04-05 14:59:00,2023-04-05 16:33:00,no operator
DT-9224,W4,weld,2023-04-06 10:43:00,2023-04-06 12:54:00,PM
DT-9225,H1,hardware,2023-04-06 11:47:00,2023-04-06 12:37:00,breakdown
DT-9226,L3,laser,2023-04-06 12:04:00,2023-04-06 13:17:00,no operator
DT-9227,L3,laser,2023-04-06 12:57:00,2023-04-06 14:00:00,no operator
DT-9228,L1,laser,2023-04-07 10:45:00,2023-04-07 12:45:00,breakdown
DT-9229,G2,grind_deburr,2023-04-10 09:00:00,2023-04-10 11:54:00,no operator
DT-9230,W3,weld,2023-04-10 09:54:00,2023-04-10 12:06:00,no operator
DT-9231,W2,weld,2023-04-10 10:06:00,2023-04-10 12:24:00,breakdown
DT-9232,L1,laser,2023-04-10 12:51:00,2023-04-10 14:00:00,no operator
DT-9233,L3,laser,2023-04-10 21:39:00,2023-04-10 22:30:00,no operator
DT-9234,B2,press_brake,2023-04-11 06:14:00,2023-04-11 07:59:00,waiting for program
DT-9235,R1,robotic_weld,2023-04-11 09:08:00,2023-04-11 11:51:00,breakdown
DT-9236,H2,hardware,2023-04-11 10:03:00,2023-04-11 11:45:00,breakdown
DT-9237,A1,assembly,2023-04-11 10:20:00,2023-04-11 12:01:00,waiting for program
DT-9238,L3,laser,2023-04-11 12:13:00,2023-04-11 14:00:00,PM
DT-9239,R1,robotic_weld,2023-04-12 07:14:00,2023-04-12 08:52:00,no operator
DT-9240,W1,weld,2023-04-12 07:56:00,2023-04-12 11:21:00,breakdown
DT-9241,W6,weld,2023-04-13 07:51:00,2023-04-13 09:03:00,waiting for program
DT-9242,L3,laser,2023-04-13 11:21:00,2023-04-13 14:00:00,breakdown
DT-9243,G1,grind_deburr,2023-04-13 12:38:00,2023-04-13 14:00:00,PM
DT-9244,P1,punch,2023-04-14 09:00:00,2023-04-14 10:49:00,breakdown
DT-9245,R1,robotic_weld,2023-04-14 11:02:00,2023-04-14 14:00:00,PM
DT-9246,A1,assembly,2023-04-18 08:34:00,2023-04-18 11:51:00,PM
DT-9247,R1,robotic_weld,2023-04-18 10:20:00,2023-04-18 12:41:00,PM
DT-9248,P1,punch,2023-04-18 11:14:00,2023-04-18 11:53:00,breakdown
DT-9249,W3,weld,2023-04-18 12:15:00,2023-04-18 13:01:00,waiting for program
DT-9250,W3,weld,2023-04-18 12:57:00,2023-04-18 14:00:00,breakdown
DT-9251,W3,weld,2023-04-19 09:30:00,2023-04-19 10:48:00,breakdown
DT-9252,H2,hardware,2023-04-19 12:26:00,2023-04-19 14:00:00,breakdown
DT-9253,W5,weld,2023-04-19 13:10:00,2023-04-19 14:00:00,PM
DT-9254,B2,press_brake,2023-04-19 14:39:00,2023-04-19 18:12:00,PM
DT-9255,P1,punch,2023-04-20 07:19:00,2023-04-20 08:42:00,no operator
DT-9256,W6,weld,2023-04-20 09:48:00,2023-04-20 12:37:00,PM
DT-9257,L3,laser,2023-04-21 14:57:00,2023-04-21 17:45:00,PM
DT-9258,B4,press_brake,2023-04-21 18:55:00,2023-04-21 20:16:00,no operator
DT-9259,B3,press_brake,2023-04-24 06:45:00,2023-04-24 07:57:00,waiting for program
DT-9260,PC1,powder_coat,2023-04-24 09:43:00,2023-04-24 11:40:00,waiting for program
DT-9261,G2,grind_deburr,2023-04-24 09:45:00,2023-04-24 11:34:00,breakdown
DT-9262,R1,robotic_weld,2023-04-24 10:48:00,2023-04-24 11:49:00,waiting for program
DT-9263,A2,assembly,2023-04-25 07:51:00,2023-04-25 11:17:00,breakdown
DT-9264,A1,assembly,2023-04-25 09:29:00,2023-04-25 11:17:00,breakdown
DT-9265,PC1,powder_coat,2023-04-25 12:39:00,2023-04-25 13:37:00,breakdown
DT-9266,L1,laser,2023-04-25 12:41:00,2023-04-25 14:00:00,PM
DT-9267,A2,assembly,2023-04-26 06:08:00,2023-04-26 08:12:00,PM
DT-9268,W2,weld,2023-04-26 08:04:00,2023-04-26 11:53:00,PM
DT-9269,W4,weld,2023-04-26 09:54:00,2023-04-26 13:22:00,PM
DT-9270,B2,press_brake,2023-04-26 14:34:00,2023-04-26 15:07:00,breakdown
DT-9271,H2,hardware,2023-04-27 09:10:00,2023-04-27 10:36:00,waiting for program
DT-9272,G2,grind_deburr,2023-04-27 09:43:00,2023-04-27 11:41:00,waiting for program
DT-9273,G2,grind_deburr,2023-04-27 12:55:00,2023-04-27 14:00:00,PM
DT-9274,B1,press_brake,2023-04-27 15:20:00,2023-04-27 18:18:00,breakdown
DT-9275,W5,weld,2023-04-28 08:56:00,2023-04-28 11:49:00,breakdown
DT-9276,I2,inspection_pack,2023-04-28 12:56:00,2023-04-28 14:00:00,breakdown
DT-9277,L2,laser,2023-04-28 15:10:00,2023-04-28 16:12:00,waiting for program
DT-9278,B5,press_brake,2023-05-01 07:26:00,2023-05-01 11:25:00,PM
DT-9279,L1,laser,2023-05-01 08:56:00,2023-05-01 12:30:00,breakdown
DT-9280,L3,laser,2023-05-01 12:11:00,2023-05-01 14:00:00,breakdown
DT-9281,B2,press_brake,2023-05-01 13:08:00,2023-05-01 14:00:00,no operator
DT-9282,B1,press_brake,2023-05-02 06:41:00,2023-05-02 09:38:00,breakdown
DT-9283,L2,laser,2023-05-02 07:05:00,2023-05-02 10:07:00,breakdown
DT-9284,G1,grind_deburr,2023-05-02 12:15:00,2023-05-02 14:00:00,breakdown
DT-9285,B5,press_brake,2023-05-02 12:54:00,2023-05-02 14:00:00,PM
DT-9286,A1,assembly,2023-05-02 12:57:00,2023-05-02 14:00:00,breakdown
DT-9287,L1,laser,2023-05-03 09:32:00,2023-05-03 10:34:00,waiting for program
DT-9288,A2,assembly,2023-05-03 12:02:00,2023-05-03 13:02:00,breakdown
DT-9289,I2,inspection_pack,2023-05-04 06:56:00,2023-05-04 09:55:00,breakdown
DT-9290,W4,weld,2023-05-04 07:33:00,2023-05-04 11:24:00,PM
DT-9291,B3,press_brake,2023-05-04 08:44:00,2023-05-04 12:05:00,breakdown
DT-9292,R1,robotic_weld,2023-05-04 10:38:00,2023-05-04 11:09:00,breakdown
DT-9293,P1,punch,2023-05-05 08:26:00,2023-05-05 12:08:00,breakdown
DT-9294,P1,punch,2023-05-05 09:37:00,2023-05-05 10:58:00,waiting for program
DT-9295,A2,assembly,2023-05-05 12:49:00,2023-05-05 14:00:00,PM
DT-9296,PC1,powder_coat,2023-05-05 13:27:00,2023-05-05 14:00:00,breakdown
DT-9297,W4,weld,2023-05-08 07:52:00,2023-05-08 08:30:00,waiting for program
DT-9298,I2,inspection_pack,2023-05-08 10:37:00,2023-05-08 11:10:00,breakdown
DT-9299,P1,punch,2023-05-08 13:21:00,2023-05-08 14:00:00,waiting for program
DT-9300,L3,laser,2023-05-08 18:13:00,2023-05-08 21:42:00,breakdown
DT-9301,L2,laser,2023-05-09 08:20:00,2023-05-09 12:01:00,PM
DT-9302,B4,press_brake,2023-05-09 19:23:00,2023-05-09 20:52:00,breakdown
DT-9303,W4,weld,2023-05-10 08:56:00,2023-05-10 12:27:00,breakdown
DT-9304,L2,laser,2023-05-10 10:06:00,2023-05-10 11:29:00,waiting for program
DT-9305,I1,inspection_pack,2023-05-11 07:26:00,2023-05-11 10:40:00,breakdown
DT-9306,L3,laser,2023-05-11 16:13:00,2023-05-11 18:47:00,breakdown
DT-9307,W5,weld,2023-05-12 13:01:00,2023-05-12 14:00:00,breakdown
DT-9308,A2,assembly,2023-05-15 11:32:00,2023-05-15 14:00:00,breakdown
DT-9309,W5,weld,2023-05-15 11:36:00,2023-05-15 14:00:00,PM
DT-9310,H2,hardware,2023-05-15 12:29:00,2023-05-15 14:00:00,PM
DT-9311,B2,press_brake,2023-05-15 20:23:00,2023-05-15 21:51:00,breakdown
DT-9312,B4,press_brake,2023-05-15 21:26:00,2023-05-15 22:01:00,waiting for program
DT-9313,G1,grind_deburr,2023-05-16 06:59:00,2023-05-16 10:55:00,breakdown
DT-9314,L1,laser,2023-05-16 08:39:00,2023-05-16 12:11:00,breakdown
DT-9315,I1,inspection_pack,2023-05-16 10:26:00,2023-05-16 12:02:00,breakdown
DT-9316,L2,laser,2023-05-16 15:54:00,2023-05-16 17:43:00,breakdown
DT-9317,B3,press_brake,2023-05-16 20:43:00,2023-05-16 22:30:00,PM
DT-9318,G1,grind_deburr,2023-05-17 10:04:00,2023-05-17 12:52:00,breakdown
DT-9319,B4,press_brake,2023-05-17 11:58:00,2023-05-17 14:00:00,no operator
DT-9320,H2,hardware,2023-05-17 13:27:00,2023-05-17 14:00:00,breakdown
DT-9321,L2,laser,2023-05-17 18:44:00,2023-05-17 19:24:00,waiting for program
DT-9322,B3,press_brake,2023-05-18 07:26:00,2023-05-18 08:06:00,waiting for program
DT-9323,A1,assembly,2023-05-18 08:55:00,2023-05-18 11:13:00,PM
DT-9324,B3,press_brake,2023-05-18 08:59:00,2023-05-18 10:48:00,no operator
DT-9325,R1,robotic_weld,2023-05-19 11:38:00,2023-05-19 13:00:00,waiting for program
DT-9326,L3,laser,2023-05-19 17:29:00,2023-05-19 19:27:00,waiting for program
DT-9327,PC1,powder_coat,2023-05-22 07:40:00,2023-05-22 09:39:00,no operator
DT-9328,R1,robotic_weld,2023-05-22 10:08:00,2023-05-22 13:34:00,breakdown
DT-9329,B5,press_brake,2023-05-23 07:26:00,2023-05-23 10:40:00,PM
DT-9330,P1,punch,2023-05-23 08:14:00,2023-05-23 11:55:00,breakdown
DT-9331,G1,grind_deburr,2023-05-23 10:12:00,2023-05-23 11:44:00,breakdown
DT-9332,L2,laser,2023-05-23 15:38:00,2023-05-23 18:42:00,PM
DT-9333,G1,grind_deburr,2023-05-24 06:54:00,2023-05-24 08:02:00,breakdown
DT-9334,B5,press_brake,2023-05-24 10:57:00,2023-05-24 12:14:00,breakdown
DT-9335,B2,press_brake,2023-05-24 17:58:00,2023-05-24 20:32:00,no operator
DT-9336,G1,grind_deburr,2023-05-25 07:55:00,2023-05-25 09:46:00,waiting for program
DT-9337,L2,laser,2023-05-25 08:04:00,2023-05-25 09:18:00,breakdown
DT-9338,W1,weld,2023-05-25 08:54:00,2023-05-25 11:44:00,breakdown
DT-9339,G2,grind_deburr,2023-05-25 09:28:00,2023-05-25 11:02:00,breakdown
DT-9340,B5,press_brake,2023-05-25 09:34:00,2023-05-25 12:57:00,PM
DT-9341,B2,press_brake,2023-05-25 11:59:00,2023-05-25 12:40:00,breakdown
DT-9342,L3,laser,2023-05-25 12:27:00,2023-05-25 14:00:00,breakdown
DT-9343,L3,laser,2023-05-26 07:10:00,2023-05-26 10:47:00,PM
DT-9344,W1,weld,2023-05-26 07:11:00,2023-05-26 09:46:00,PM
DT-9345,H2,hardware,2023-05-26 08:07:00,2023-05-26 12:00:00,PM
DT-9346,A2,assembly,2023-05-26 09:08:00,2023-05-26 10:35:00,no operator
DT-9347,G2,grind_deburr,2023-05-26 12:45:00,2023-05-26 14:00:00,PM
DT-9348,L1,laser,2023-05-30 10:08:00,2023-05-30 10:43:00,breakdown
DT-9349,I1,inspection_pack,2023-05-30 12:04:00,2023-05-30 14:00:00,PM
DT-9350,B2,press_brake,2023-05-30 19:43:00,2023-05-30 22:12:00,no operator
DT-9351,L1,laser,2023-05-31 12:08:00,2023-05-31 14:00:00,breakdown
DT-9352,W5,weld,2023-05-31 12:48:00,2023-05-31 13:44:00,breakdown
DT-9353,L2,laser,2023-06-01 07:13:00,2023-06-01 09:50:00,breakdown
DT-9354,W5,weld,2023-06-01 07:32:00,2023-06-01 10:01:00,PM
DT-9355,W2,weld,2023-06-01 07:32:00,2023-06-01 10:24:00,PM
DT-9356,B3,press_brake,2023-06-02 07:38:00,2023-06-02 09:22:00,waiting for program
DT-9357,PC1,powder_coat,2023-06-02 09:37:00,2023-06-02 12:04:00,PM
DT-9358,G1,grind_deburr,2023-06-02 12:00:00,2023-06-02 14:00:00,breakdown
DT-9359,W1,weld,2023-06-02 13:09:00,2023-06-02 13:56:00,breakdown
DT-9360,W4,weld,2023-06-05 07:51:00,2023-06-05 09:23:00,breakdown
DT-9361,H1,hardware,2023-06-05 10:37:00,2023-06-05 13:15:00,breakdown
DT-9362,W6,weld,2023-06-05 12:52:00,2023-06-05 14:00:00,no operator
DT-9363,L3,laser,2023-06-06 06:17:00,2023-06-06 07:59:00,breakdown
DT-9364,I1,inspection_pack,2023-06-06 07:06:00,2023-06-06 10:11:00,breakdown
DT-9365,A2,assembly,2023-06-06 07:52:00,2023-06-06 10:47:00,breakdown
DT-9366,L1,laser,2023-06-06 12:58:00,2023-06-06 14:00:00,breakdown
DT-9367,L2,laser,2023-06-07 07:15:00,2023-06-07 09:26:00,no operator
DT-9368,I2,inspection_pack,2023-06-07 07:20:00,2023-06-07 07:52:00,waiting for program
DT-9369,A2,assembly,2023-06-07 10:58:00,2023-06-07 12:02:00,waiting for program
DT-9370,H1,hardware,2023-06-07 12:05:00,2023-06-07 14:00:00,breakdown
DT-9371,A2,assembly,2023-06-07 12:49:00,2023-06-07 14:00:00,no operator
DT-9372,B1,press_brake,2023-06-07 18:27:00,2023-06-07 22:25:00,breakdown
DT-9373,L1,laser,2023-06-08 12:13:00,2023-06-08 14:00:00,breakdown
DT-9374,B4,press_brake,2023-06-08 12:54:00,2023-06-08 14:00:00,waiting for program
DT-9375,W2,weld,2023-06-09 06:43:00,2023-06-09 08:39:00,waiting for program
DT-9376,L2,laser,2023-06-09 07:09:00,2023-06-09 10:02:00,breakdown
DT-9377,W3,weld,2023-06-09 08:03:00,2023-06-09 10:03:00,PM
DT-9378,G1,grind_deburr,2023-06-09 08:33:00,2023-06-09 12:29:00,PM
DT-9379,L1,laser,2023-06-09 10:04:00,2023-06-09 11:12:00,no operator
DT-9380,W5,weld,2023-06-09 10:16:00,2023-06-09 14:00:00,PM
DT-9381,PC1,powder_coat,2023-06-09 11:12:00,2023-06-09 12:14:00,breakdown
DT-9382,G1,grind_deburr,2023-06-09 12:27:00,2023-06-09 14:00:00,waiting for program
DT-9383,B1,press_brake,2023-06-09 19:51:00,2023-06-09 22:30:00,breakdown
DT-9384,W4,weld,2023-06-12 07:26:00,2023-06-12 08:46:00,waiting for program
DT-9385,B3,press_brake,2023-06-12 10:57:00,2023-06-12 11:47:00,breakdown
DT-9386,B1,press_brake,2023-06-12 12:55:00,2023-06-12 14:00:00,breakdown
DT-9387,B1,press_brake,2023-06-12 19:28:00,2023-06-12 20:51:00,breakdown
DT-9388,L1,laser,2023-06-13 06:16:00,2023-06-13 06:53:00,breakdown
DT-9389,W6,weld,2023-06-13 06:18:00,2023-06-13 08:32:00,breakdown
DT-9390,R1,robotic_weld,2023-06-13 08:35:00,2023-06-13 12:18:00,PM
DT-9391,L1,laser,2023-06-13 10:30:00,2023-06-13 13:11:00,no operator
DT-9392,L2,laser,2023-06-13 11:53:00,2023-06-13 14:00:00,breakdown
DT-9393,B1,press_brake,2023-06-13 14:45:00,2023-06-13 16:15:00,breakdown
DT-9394,A2,assembly,2023-06-14 07:35:00,2023-06-14 09:56:00,breakdown
DT-9395,G2,grind_deburr,2023-06-14 09:34:00,2023-06-14 12:37:00,breakdown
DT-9396,I1,inspection_pack,2023-06-14 10:33:00,2023-06-14 12:38:00,breakdown
DT-9397,P1,punch,2023-06-14 11:38:00,2023-06-14 14:00:00,PM
DT-9398,PC1,powder_coat,2023-06-15 07:55:00,2023-06-15 08:56:00,no operator
DT-9399,L3,laser,2023-06-15 09:23:00,2023-06-15 12:37:00,breakdown
DT-9400,G1,grind_deburr,2023-06-15 09:55:00,2023-06-15 12:54:00,breakdown
DT-9401,I2,inspection_pack,2023-06-15 10:19:00,2023-06-15 11:44:00,breakdown
DT-9402,B1,press_brake,2023-06-15 17:19:00,2023-06-15 18:10:00,breakdown
DT-9403,L3,laser,2023-06-15 19:41:00,2023-06-15 22:30:00,PM
DT-9404,B4,press_brake,2023-06-16 07:07:00,2023-06-16 09:50:00,breakdown
DT-9405,L1,laser,2023-06-16 08:30:00,2023-06-16 09:40:00,no operator
DT-9406,I2,inspection_pack,2023-06-16 09:51:00,2023-06-16 10:41:00,breakdown
DT-9407,P1,punch,2023-06-16 11:45:00,2023-06-16 14:00:00,PM
DT-9408,W2,weld,2023-06-19 06:12:00,2023-06-19 08:18:00,breakdown
DT-9409,P1,punch,2023-06-19 06:24:00,2023-06-19 10:22:00,PM
DT-9410,L1,laser,2023-06-19 06:34:00,2023-06-19 10:04:00,breakdown
DT-9411,H1,hardware,2023-06-19 10:41:00,2023-06-19 14:00:00,PM
DT-9412,B1,press_brake,2023-06-19 19:32:00,2023-06-19 20:27:00,breakdown
DT-9413,L1,laser,2023-06-20 06:51:00,2023-06-20 10:08:00,breakdown
DT-9414,L2,laser,2023-06-20 07:10:00,2023-06-20 10:25:00,breakdown
DT-9415,W4,weld,2023-06-20 11:43:00,2023-06-20 13:38:00,waiting for program
DT-9416,L2,laser,2023-06-20 20:08:00,2023-06-20 20:58:00,waiting for program
DT-9417,G1,grind_deburr,2023-06-21 07:49:00,2023-06-21 09:10:00,breakdown
DT-9418,G1,grind_deburr,2023-06-21 10:00:00,2023-06-21 13:13:00,PM
DT-9419,W1,weld,2023-06-21 12:12:00,2023-06-21 14:00:00,breakdown
DT-9420,L1,laser,2023-06-21 12:16:00,2023-06-21 14:00:00,PM
DT-9421,H1,hardware,2023-06-21 12:19:00,2023-06-21 14:00:00,breakdown
DT-9422,G2,grind_deburr,2023-06-21 12:28:00,2023-06-21 13:15:00,breakdown
DT-9423,L3,laser,2023-06-21 14:33:00,2023-06-21 17:03:00,PM
DT-9424,B3,press_brake,2023-06-21 17:35:00,2023-06-21 21:13:00,PM
DT-9425,B4,press_brake,2023-06-22 10:39:00,2023-06-22 13:17:00,PM
DT-9426,B1,press_brake,2023-06-22 18:27:00,2023-06-22 19:35:00,breakdown
DT-9427,W4,weld,2023-06-23 12:43:00,2023-06-23 14:00:00,PM
DT-9428,R1,robotic_weld,2023-06-23 12:50:00,2023-06-23 14:00:00,no operator
DT-9429,L2,laser,2023-06-23 13:28:00,2023-06-23 14:00:00,PM
DT-9430,B3,press_brake,2023-06-23 20:11:00,2023-06-23 22:30:00,PM
DT-9431,L3,laser,2023-06-26 06:56:00,2023-06-26 09:40:00,breakdown
DT-9432,R1,robotic_weld,2023-06-26 08:08:00,2023-06-26 10:38:00,PM
DT-9433,I1,inspection_pack,2023-06-26 09:10:00,2023-06-26 11:25:00,no operator
DT-9434,B2,press_brake,2023-06-26 09:11:00,2023-06-26 11:19:00,breakdown
DT-9435,W2,weld,2023-06-26 11:34:00,2023-06-26 12:16:00,waiting for program
DT-9436,B3,press_brake,2023-06-26 16:33:00,2023-06-26 19:31:00,no operator
DT-9437,B3,press_brake,2023-06-26 18:29:00,2023-06-26 21:19:00,no operator
DT-9438,PC1,powder_coat,2023-06-27 07:16:00,2023-06-27 09:26:00,breakdown
DT-9439,B1,press_brake,2023-06-27 08:25:00,2023-06-27 12:02:00,breakdown
DT-9440,B2,press_brake,2023-06-27 10:50:00,2023-06-27 14:00:00,PM
DT-9441,W2,weld,2023-06-27 11:40:00,2023-06-27 14:00:00,breakdown
DT-9442,L3,laser,2023-06-27 13:13:00,2023-06-27 14:00:00,breakdown
DT-9443,W1,weld,2023-06-28 11:24:00,2023-06-28 12:29:00,waiting for program
DT-9444,B5,press_brake,2023-06-28 12:55:00,2023-06-28 13:55:00,breakdown
DT-9445,PC1,powder_coat,2023-06-28 13:10:00,2023-06-28 14:00:00,PM
DT-9446,B2,press_brake,2023-06-28 21:01:00,2023-06-28 22:30:00,no operator
DT-9447,I2,inspection_pack,2023-06-29 06:30:00,2023-06-29 08:30:00,breakdown
DT-9448,A2,assembly,2023-06-29 07:19:00,2023-06-29 10:45:00,PM
DT-9449,PC1,powder_coat,2023-06-29 09:12:00,2023-06-29 11:46:00,PM
DT-9450,H2,hardware,2023-06-29 12:12:00,2023-06-29 14:00:00,no operator
DT-9451,W1,weld,2023-06-29 13:14:00,2023-06-29 14:00:00,breakdown
DT-9452,L2,laser,2023-06-29 15:12:00,2023-06-29 19:08:00,PM
DT-9453,L2,laser,2023-06-29 21:03:00,2023-06-29 22:14:00,no operator
DT-9454,P1,punch,2023-06-30 06:35:00,2023-06-30 09:43:00,PM
DT-9455,B1,press_brake,2023-06-30 17:09:00,2023-06-30 19:42:00,PM
DT-9456,B2,press_brake,2023-06-30 21:36:00,2023-06-30 22:30:00,PM
DT-9457,I1,inspection_pack,2023-07-03 08:11:00,2023-07-03 10:52:00,breakdown
DT-9458,H1,hardware,2023-07-03 09:34:00,2023-07-03 12:40:00,PM
DT-9459,W6,weld,2023-07-03 12:26:00,2023-07-03 13:32:00,waiting for program
DT-9460,W3,weld,2023-07-03 12:59:00,2023-07-03 14:00:00,breakdown
DT-9461,B1,press_brake,2023-07-05 11:58:00,2023-07-05 14:00:00,PM
DT-9462,B3,press_brake,2023-07-05 16:07:00,2023-07-05 18:52:00,no operator
DT-9463,L3,laser,2023-07-05 20:31:00,2023-07-05 22:30:00,PM
DT-9464,L1,laser,2023-07-06 08:25:00,2023-07-06 09:28:00,no operator
DT-9465,B1,press_brake,2023-07-06 09:12:00,2023-07-06 11:45:00,breakdown
DT-9466,B2,press_brake,2023-07-06 16:03:00,2023-07-06 17:49:00,no operator
DT-9467,B2,press_brake,2023-07-06 19:19:00,2023-07-06 20:38:00,no operator
DT-9468,B3,press_brake,2023-07-07 07:30:00,2023-07-07 10:50:00,PM
DT-9469,B1,press_brake,2023-07-07 09:00:00,2023-07-07 10:35:00,no operator
DT-9470,W6,weld,2023-07-10 06:38:00,2023-07-10 09:33:00,no operator
DT-9471,B3,press_brake,2023-07-10 10:29:00,2023-07-10 11:05:00,waiting for program
DT-9472,L1,laser,2023-07-10 12:18:00,2023-07-10 13:33:00,waiting for program
DT-9473,L2,laser,2023-07-10 15:05:00,2023-07-10 17:02:00,no operator
DT-9474,L2,laser,2023-07-10 19:57:00,2023-07-10 21:46:00,no operator
DT-9475,B4,press_brake,2023-07-10 21:23:00,2023-07-10 22:30:00,PM
DT-9476,W5,weld,2023-07-11 06:28:00,2023-07-11 09:34:00,PM
DT-9477,B5,press_brake,2023-07-11 11:39:00,2023-07-11 14:00:00,no operator
DT-9478,B2,press_brake,2023-07-11 12:50:00,2023-07-11 14:00:00,PM
DT-9479,I2,inspection_pack,2023-07-12 12:53:00,2023-07-12 14:00:00,breakdown
DT-9480,L1,laser,2023-07-12 13:18:00,2023-07-12 14:00:00,no operator
DT-9481,B2,press_brake,2023-07-12 15:02:00,2023-07-12 17:59:00,no operator
DT-9482,B3,press_brake,2023-07-12 21:50:00,2023-07-12 22:30:00,waiting for program
DT-9483,G2,grind_deburr,2023-07-13 08:21:00,2023-07-13 11:01:00,no operator
DT-9484,A1,assembly,2023-07-13 10:19:00,2023-07-13 12:39:00,breakdown
DT-9485,W6,weld,2023-07-13 10:51:00,2023-07-13 12:39:00,no operator
DT-9486,B1,press_brake,2023-07-13 14:32:00,2023-07-13 16:58:00,breakdown
DT-9487,I1,inspection_pack,2023-07-14 07:55:00,2023-07-14 10:29:00,PM
DT-9488,W6,weld,2023-07-17 06:20:00,2023-07-17 10:18:00,PM
DT-9489,PC1,powder_coat,2023-07-17 08:00:00,2023-07-17 11:43:00,PM
DT-9490,G1,grind_deburr,2023-07-17 12:07:00,2023-07-17 14:00:00,waiting for program
DT-9491,W3,weld,2023-07-18 09:35:00,2023-07-18 10:54:00,breakdown
DT-9492,A2,assembly,2023-07-18 10:00:00,2023-07-18 11:29:00,breakdown
DT-9493,PC1,powder_coat,2023-07-19 08:23:00,2023-07-19 11:48:00,PM
DT-9494,L3,laser,2023-07-19 15:56:00,2023-07-19 18:24:00,PM
DT-9495,W4,weld,2023-07-20 12:13:00,2023-07-20 14:00:00,PM
DT-9496,L1,laser,2023-07-20 13:15:00,2023-07-20 14:00:00,no operator
DT-9497,H2,hardware,2023-07-21 07:48:00,2023-07-21 09:54:00,PM
DT-9498,B5,press_brake,2023-07-21 11:03:00,2023-07-21 13:41:00,no operator
DT-9499,R1,robotic_weld,2023-07-21 11:18:00,2023-07-21 14:00:00,PM
DT-9500,B2,press_brake,2023-07-21 15:27:00,2023-07-21 18:26:00,PM
DT-9501,L3,laser,2023-07-21 15:27:00,2023-07-21 17:45:00,breakdown
DT-9502,B1,press_brake,2023-07-21 18:13:00,2023-07-21 18:46:00,breakdown
DT-9503,H2,hardware,2023-07-24 08:14:00,2023-07-24 10:49:00,breakdown
DT-9504,W3,weld,2023-07-24 12:33:00,2023-07-24 14:00:00,breakdown
DT-9505,B2,press_brake,2023-07-24 16:39:00,2023-07-24 18:49:00,no operator
DT-9506,B1,press_brake,2023-07-24 19:39:00,2023-07-24 22:17:00,breakdown
DT-9507,P1,punch,2023-07-25 07:24:00,2023-07-25 10:07:00,PM
DT-9508,B4,press_brake,2023-07-25 10:06:00,2023-07-25 12:18:00,breakdown
DT-9509,A1,assembly,2023-07-25 11:05:00,2023-07-25 13:13:00,breakdown
DT-9510,L1,laser,2023-07-25 11:54:00,2023-07-25 14:00:00,no operator
DT-9511,W3,weld,2023-07-25 12:59:00,2023-07-25 14:00:00,no operator
DT-9512,L1,laser,2023-07-25 13:26:00,2023-07-25 14:00:00,waiting for program
DT-9513,A1,assembly,2023-07-26 07:15:00,2023-07-26 08:00:00,breakdown
DT-9514,L1,laser,2023-07-26 09:00:00,2023-07-26 11:59:00,breakdown
DT-9515,I1,inspection_pack,2023-07-26 10:52:00,2023-07-26 13:40:00,no operator
DT-9516,I2,inspection_pack,2023-07-28 07:02:00,2023-07-28 09:46:00,PM
DT-9517,B3,press_brake,2023-07-28 08:09:00,2023-07-28 08:40:00,breakdown
DT-9518,L2,laser,2023-07-28 09:05:00,2023-07-28 10:11:00,no operator
DT-9519,B4,press_brake,2023-07-28 09:46:00,2023-07-28 13:34:00,PM
DT-9520,G2,grind_deburr,2023-07-28 11:55:00,2023-07-28 13:44:00,breakdown
DT-9521,I1,inspection_pack,2023-07-28 12:17:00,2023-07-28 14:00:00,breakdown
DT-9522,W5,weld,2023-07-28 13:08:00,2023-07-28 14:00:00,breakdown
DT-9523,L2,laser,2023-07-28 17:26:00,2023-07-28 18:51:00,no operator
DT-9524,B2,press_brake,2023-07-31 10:14:00,2023-07-31 12:06:00,no operator
DT-9525,B5,press_brake,2023-07-31 11:34:00,2023-07-31 14:00:00,no operator
DT-9526,B1,press_brake,2023-07-31 19:54:00,2023-07-31 22:30:00,breakdown
DT-9527,I1,inspection_pack,2023-08-01 07:29:00,2023-08-01 08:17:00,breakdown
DT-9528,W3,weld,2023-08-01 08:12:00,2023-08-01 09:54:00,breakdown
DT-9529,L1,laser,2023-08-01 11:23:00,2023-08-01 14:00:00,breakdown
DT-9530,PC1,powder_coat,2023-08-02 06:47:00,2023-08-02 07:55:00,no operator
DT-9531,L3,laser,2023-08-02 08:19:00,2023-08-02 11:59:00,breakdown
DT-9532,H1,hardware,2023-08-02 08:52:00,2023-08-02 12:01:00,breakdown
DT-9533,W1,weld,2023-08-02 09:54:00,2023-08-02 13:34:00,PM
DT-9534,W5,weld,2023-08-02 09:59:00,2023-08-02 11:02:00,waiting for program
DT-9535,L1,laser,2023-08-02 11:51:00,2023-08-02 14:00:00,breakdown
DT-9536,B3,press_brake,2023-08-02 12:22:00,2023-08-02 13:42:00,breakdown
DT-9537,B3,press_brake,2023-08-02 13:08:00,2023-08-02 14:00:00,breakdown
DT-9538,W2,weld,2023-08-02 13:09:00,2023-08-02 14:00:00,waiting for program
DT-9539,B2,press_brake,2023-08-02 16:17:00,2023-08-02 19:19:00,breakdown
DT-9540,H1,hardware,2023-08-03 06:52:00,2023-08-03 09:33:00,breakdown
DT-9541,A1,assembly,2023-08-03 08:27:00,2023-08-03 09:17:00,breakdown
DT-9542,B1,press_brake,2023-08-03 17:47:00,2023-08-03 20:49:00,PM
DT-9543,B1,press_brake,2023-08-03 20:04:00,2023-08-03 22:30:00,no operator
DT-9544,L2,laser,2023-08-04 08:39:00,2023-08-04 12:21:00,PM
DT-9545,PC1,powder_coat,2023-08-04 11:30:00,2023-08-04 13:42:00,no operator
DT-9546,I2,inspection_pack,2023-08-07 06:23:00,2023-08-07 08:20:00,breakdown
DT-9547,L1,laser,2023-08-07 07:40:00,2023-08-07 09:11:00,no operator
DT-9548,L2,laser,2023-08-07 08:35:00,2023-08-07 10:22:00,breakdown
DT-9549,I2,inspection_pack,2023-08-07 11:36:00,2023-08-07 14:00:00,breakdown
DT-9550,W2,weld,2023-08-08 07:58:00,2023-08-08 10:08:00,breakdown
DT-9551,I1,inspection_pack,2023-08-08 09:11:00,2023-08-08 12:22:00,breakdown
DT-9552,L1,laser,2023-08-08 10:18:00,2023-08-08 11:35:00,waiting for program
DT-9553,L2,laser,2023-08-08 11:48:00,2023-08-08 14:00:00,no operator
DT-9554,B5,press_brake,2023-08-08 12:05:00,2023-08-08 14:00:00,no operator
DT-9555,B4,press_brake,2023-08-08 17:50:00,2023-08-08 20:51:00,PM
DT-9556,L1,laser,2023-08-09 11:03:00,2023-08-09 13:29:00,breakdown
DT-9557,A2,assembly,2023-08-09 11:23:00,2023-08-09 14:00:00,PM
DT-9558,H2,hardware,2023-08-09 11:30:00,2023-08-09 13:42:00,breakdown
DT-9559,L1,laser,2023-08-10 07:54:00,2023-08-10 08:48:00,breakdown
DT-9560,A2,assembly,2023-08-10 08:54:00,2023-08-10 10:49:00,waiting for program
DT-9561,B4,press_brake,2023-08-10 11:38:00,2023-08-10 14:00:00,breakdown
DT-9562,H2,hardware,2023-08-10 11:50:00,2023-08-10 14:00:00,PM
DT-9563,B4,press_brake,2023-08-10 16:16:00,2023-08-10 20:08:00,PM
DT-9564,W6,weld,2023-08-11 07:48:00,2023-08-11 09:34:00,breakdown
DT-9565,W1,weld,2023-08-11 09:34:00,2023-08-11 13:18:00,breakdown
DT-9566,B4,press_brake,2023-08-11 17:40:00,2023-08-11 19:00:00,no operator
DT-9567,B2,press_brake,2023-08-14 15:16:00,2023-08-14 17:14:00,breakdown
DT-9568,R1,robotic_weld,2023-08-15 06:12:00,2023-08-15 08:08:00,waiting for program
DT-9569,B2,press_brake,2023-08-15 09:22:00,2023-08-15 11:58:00,breakdown
DT-9570,B3,press_brake,2023-08-15 11:18:00,2023-08-15 12:22:00,no operator
DT-9571,W4,weld,2023-08-15 12:32:00,2023-08-15 14:00:00,breakdown
DT-9572,L3,laser,2023-08-15 15:26:00,2023-08-15 16:41:00,no operator
DT-9573,A2,assembly,2023-08-16 06:18:00,2023-08-16 06:48:00,breakdown
DT-9574,L3,laser,2023-08-16 09:29:00,2023-08-16 12:01:00,PM
DT-9575,L3,laser,2023-08-16 13:00:00,2023-08-16 14:00:00,breakdown
DT-9576,L1,laser,2023-08-17 08:23:00,2023-08-17 09:13:00,breakdown
DT-9577,H2,hardware,2023-08-17 10:17:00,2023-08-17 12:14:00,no operator
DT-9578,B2,press_brake,2023-08-17 19:28:00,2023-08-17 22:30:00,PM
DT-9579,R1,robotic_weld,2023-08-18 10:22:00,2023-08-18 14:00:00,PM
DT-9580,B1,press_brake,2023-08-18 17:19:00,2023-08-18 21:01:00,breakdown
DT-9581,L2,laser,2023-08-18 20:56:00,2023-08-18 21:56:00,waiting for program
DT-9582,B4,press_brake,2023-08-21 06:07:00,2023-08-21 08:52:00,PM
DT-9583,PC1,powder_coat,2023-08-21 06:14:00,2023-08-21 06:47:00,breakdown
DT-9584,G2,grind_deburr,2023-08-21 07:18:00,2023-08-21 10:51:00,PM
DT-9585,L2,laser,2023-08-21 09:03:00,2023-08-21 12:29:00,PM
DT-9586,R1,robotic_weld,2023-08-21 10:35:00,2023-08-21 11:29:00,breakdown
DT-9587,A1,assembly,2023-08-21 10:55:00,2023-08-21 14:00:00,PM
DT-9588,B3,press_brake,2023-08-21 20:29:00,2023-08-21 22:30:00,PM
DT-9589,B4,press_brake,2023-08-22 06:21:00,2023-08-22 10:05:00,PM
DT-9590,W2,weld,2023-08-22 10:13:00,2023-08-22 11:56:00,waiting for program
DT-9591,B2,press_brake,2023-08-23 07:25:00,2023-08-23 10:14:00,no operator
DT-9592,H2,hardware,2023-08-23 10:12:00,2023-08-23 11:20:00,waiting for program
DT-9593,W1,weld,2023-08-23 10:16:00,2023-08-23 12:43:00,breakdown
DT-9594,PC1,powder_coat,2023-08-23 11:07:00,2023-08-23 14:00:00,PM
DT-9595,W1,weld,2023-08-23 12:38:00,2023-08-23 14:00:00,breakdown
DT-9596,L3,laser,2023-08-23 13:05:00,2023-08-23 14:00:00,breakdown
DT-9597,B2,press_brake,2023-08-24 12:01:00,2023-08-24 14:00:00,no operator
DT-9598,W4,weld,2023-08-25 12:07:00,2023-08-25 12:58:00,waiting for program
DT-9599,R1,robotic_weld,2023-08-25 12:21:00,2023-08-25 14:00:00,breakdown
DT-9600,B3,press_brake,2023-08-25 20:30:00,2023-08-25 22:30:00,PM
DT-9601,L2,laser,2023-08-28 09:18:00,2023-08-28 11:18:00,PM
DT-9602,R1,robotic_weld,2023-08-28 12:59:00,2023-08-28 14:00:00,breakdown
DT-9603,B4,press_brake,2023-08-28 21:22:00,2023-08-28 22:10:00,breakdown
DT-9604,B1,press_brake,2023-08-29 11:42:00,2023-08-29 14:00:00,PM
DT-9605,L2,laser,2023-08-31 09:06:00,2023-08-31 11:32:00,no operator
DT-9606,H2,hardware,2023-08-31 10:12:00,2023-08-31 11:43:00,no operator
DT-9607,W2,weld,2023-08-31 12:19:00,2023-08-31 13:24:00,breakdown
DT-9608,P1,punch,2023-09-01 06:57:00,2023-09-01 10:21:00,PM
DT-9609,W2,weld,2023-09-01 13:20:00,2023-09-01 14:00:00,breakdown
DT-9610,A1,assembly,2023-09-05 06:42:00,2023-09-05 08:48:00,PM
DT-9611,B3,press_brake,2023-09-05 11:13:00,2023-09-05 12:37:00,breakdown
DT-9612,B3,press_brake,2023-09-06 19:47:00,2023-09-06 22:30:00,PM
DT-9613,L2,laser,2023-09-07 21:47:00,2023-09-07 22:30:00,breakdown
DT-9614,L1,laser,2023-09-08 08:16:00,2023-09-08 10:43:00,no operator
DT-9615,G1,grind_deburr,2023-09-08 12:35:00,2023-09-08 14:00:00,PM
DT-9616,B4,press_brake,2023-09-08 17:20:00,2023-09-08 19:37:00,PM
DT-9617,B3,press_brake,2023-09-11 08:22:00,2023-09-11 11:34:00,breakdown
DT-9618,L3,laser,2023-09-11 11:44:00,2023-09-11 14:00:00,breakdown
DT-9619,B1,press_brake,2023-09-11 11:46:00,2023-09-11 13:44:00,no operator
DT-9620,I2,inspection_pack,2023-09-11 11:50:00,2023-09-11 14:00:00,PM
DT-9621,G1,grind_deburr,2023-09-11 13:12:00,2023-09-11 14:00:00,no operator
DT-9622,B2,press_brake,2023-09-11 20:49:00,2023-09-11 22:30:00,PM
DT-9623,B4,press_brake,2023-09-12 10:17:00,2023-09-12 10:47:00,waiting for program
DT-9624,B4,press_brake,2023-09-12 15:22:00,2023-09-12 18:12:00,breakdown
DT-9625,B3,press_brake,2023-09-12 20:23:00,2023-09-12 22:16:00,no operator
DT-9626,A2,assembly,2023-09-13 07:47:00,2023-09-13 09:01:00,breakdown
DT-9627,I2,inspection_pack,2023-09-13 09:10:00,2023-09-13 12:08:00,PM
DT-9628,G2,grind_deburr,2023-09-13 11:36:00,2023-09-13 12:43:00,no operator
DT-9629,B2,press_brake,2023-09-13 12:32:00,2023-09-13 13:23:00,waiting for program
DT-9630,B5,press_brake,2023-09-14 09:22:00,2023-09-14 12:00:00,PM
DT-9631,W4,weld,2023-09-14 10:02:00,2023-09-14 11:23:00,breakdown
DT-9632,I1,inspection_pack,2023-09-14 10:26:00,2023-09-14 14:00:00,PM
DT-9633,W6,weld,2023-09-14 10:51:00,2023-09-14 13:15:00,PM
DT-9634,L3,laser,2023-09-14 19:03:00,2023-09-14 20:21:00,breakdown
DT-9635,A1,assembly,2023-09-15 06:50:00,2023-09-15 07:35:00,breakdown
DT-9636,B1,press_brake,2023-09-15 10:26:00,2023-09-15 13:15:00,breakdown
DT-9637,W3,weld,2023-09-18 07:37:00,2023-09-18 08:32:00,breakdown
DT-9638,W6,weld,2023-09-18 09:52:00,2023-09-18 12:47:00,breakdown
DT-9639,W4,weld,2023-09-18 11:46:00,2023-09-18 12:44:00,waiting for program
DT-9640,W3,weld,2023-09-19 07:33:00,2023-09-19 10:17:00,breakdown
DT-9641,B5,press_brake,2023-09-19 09:51:00,2023-09-19 13:01:00,PM
DT-9642,W2,weld,2023-09-19 10:43:00,2023-09-19 11:57:00,breakdown
DT-9643,W5,weld,2023-09-19 13:24:00,2023-09-19 14:00:00,PM
DT-9644,B3,press_brake,2023-09-19 17:23:00,2023-09-19 19:19:00,breakdown
DT-9645,B3,press_brake,2023-09-19 21:36:00,2023-09-19 22:30:00,breakdown
DT-9646,A2,assembly,2023-09-20 06:40:00,2023-09-20 10:37:00,breakdown
DT-9647,W3,weld,2023-09-20 10:15:00,2023-09-20 12:30:00,PM
DT-9648,I2,inspection_pack,2023-09-21 07:12:00,2023-09-21 09:48:00,PM
DT-9649,L2,laser,2023-09-21 11:34:00,2023-09-21 13:20:00,waiting for program
DT-9650,B2,press_brake,2023-09-21 18:21:00,2023-09-21 19:09:00,waiting for program
DT-9651,A1,assembly,2023-09-22 07:23:00,2023-09-22 08:36:00,breakdown
DT-9652,W2,weld,2023-09-22 11:14:00,2023-09-22 14:00:00,breakdown
DT-9653,A2,assembly,2023-09-22 13:27:00,2023-09-22 14:00:00,PM
DT-9654,A2,assembly,2023-09-25 07:01:00,2023-09-25 09:50:00,no operator
DT-9655,R1,robotic_weld,2023-09-25 09:34:00,2023-09-25 12:55:00,breakdown
DT-9656,G2,grind_deburr,2023-09-25 13:09:00,2023-09-25 14:00:00,waiting for program
DT-9657,B4,press_brake,2023-09-25 19:09:00,2023-09-25 22:30:00,PM
DT-9658,H2,hardware,2023-09-26 08:18:00,2023-09-26 11:57:00,PM
DT-9659,W2,weld,2023-09-26 09:59:00,2023-09-26 13:11:00,breakdown
DT-9660,P1,punch,2023-09-27 11:47:00,2023-09-27 14:00:00,breakdown
DT-9661,A1,assembly,2023-09-28 10:09:00,2023-09-28 10:46:00,waiting for program
DT-9662,B4,press_brake,2023-09-28 21:50:00,2023-09-28 22:30:00,PM
DT-9663,W5,weld,2023-09-29 06:01:00,2023-09-29 08:05:00,PM
DT-9664,W2,weld,2023-09-29 07:00:00,2023-09-29 10:52:00,breakdown
DT-9665,H1,hardware,2023-09-29 08:39:00,2023-09-29 11:22:00,PM
DT-9666,G1,grind_deburr,2023-09-29 10:27:00,2023-09-29 11:43:00,breakdown
DT-9667,W2,weld,2023-09-29 11:42:00,2023-09-29 14:00:00,breakdown
DT-9668,B1,press_brake,2023-09-29 16:38:00,2023-09-29 20:05:00,PM
DT-9669,H2,hardware,2023-10-02 08:39:00,2023-10-02 12:31:00,PM
DT-9670,A2,assembly,2023-10-02 09:03:00,2023-10-02 09:57:00,waiting for program
DT-9671,W1,weld,2023-10-02 11:36:00,2023-10-02 14:00:00,breakdown
DT-9672,B1,press_brake,2023-10-02 16:04:00,2023-10-02 17:27:00,waiting for program
DT-9673,W3,weld,2023-10-03 06:56:00,2023-10-03 09:43:00,breakdown
DT-9674,L3,laser,2023-10-03 17:28:00,2023-10-03 19:37:00,PM
DT-9675,B3,press_brake,2023-10-03 18:30:00,2023-10-03 20:36:00,no operator
DT-9676,W4,weld,2023-10-04 06:42:00,2023-10-04 09:06:00,PM
DT-9677,I2,inspection_pack,2023-10-04 07:32:00,2023-10-04 08:45:00,breakdown
DT-9678,L1,laser,2023-10-04 09:53:00,2023-10-04 12:42:00,PM
DT-9679,I2,inspection_pack,2023-10-04 10:04:00,2023-10-04 13:06:00,breakdown
DT-9680,L1,laser,2023-10-04 12:04:00,2023-10-04 14:00:00,waiting for program
DT-9681,B4,press_brake,2023-10-04 21:42:00,2023-10-04 22:30:00,breakdown
DT-9682,A2,assembly,2023-10-05 13:18:00,2023-10-05 14:00:00,PM
DT-9683,B2,press_brake,2023-10-05 21:21:00,2023-10-05 22:30:00,waiting for program
DT-9684,W3,weld,2023-10-06 07:10:00,2023-10-06 09:23:00,breakdown
DT-9685,W3,weld,2023-10-06 07:59:00,2023-10-06 11:19:00,PM
DT-9686,W5,weld,2023-10-06 08:00:00,2023-10-06 11:03:00,breakdown
DT-9687,H1,hardware,2023-10-06 09:54:00,2023-10-06 10:37:00,breakdown
DT-9688,G2,grind_deburr,2023-10-06 11:51:00,2023-10-06 12:39:00,waiting for program
DT-9689,W2,weld,2023-10-06 13:17:00,2023-10-06 14:00:00,breakdown
DT-9690,G2,grind_deburr,2023-10-09 11:32:00,2023-10-09 13:32:00,no operator
DT-9691,A2,assembly,2023-10-09 12:18:00,2023-10-09 14:00:00,PM
DT-9692,B1,press_brake,2023-10-10 06:05:00,2023-10-10 07:58:00,breakdown
DT-9693,G2,grind_deburr,2023-10-10 06:45:00,2023-10-10 09:15:00,PM
DT-9694,B2,press_brake,2023-10-10 16:46:00,2023-10-10 19:07:00,breakdown
DT-9695,L1,laser,2023-10-11 11:26:00,2023-10-11 12:32:00,no operator
DT-9696,A2,assembly,2023-10-11 12:44:00,2023-10-11 14:00:00,no operator
DT-9697,W3,weld,2023-10-11 12:58:00,2023-10-11 14:00:00,PM
DT-9698,B2,press_brake,2023-10-11 13:22:00,2023-10-11 14:00:00,breakdown
DT-9699,PC1,powder_coat,2023-10-12 08:05:00,2023-10-12 11:33:00,breakdown
DT-9700,W4,weld,2023-10-12 08:38:00,2023-10-12 12:00:00,breakdown
DT-9701,I2,inspection_pack,2023-10-12 08:43:00,2023-10-12 11:21:00,PM
DT-9702,I1,inspection_pack,2023-10-12 10:58:00,2023-10-12 14:00:00,breakdown
DT-9703,W6,weld,2023-10-12 11:22:00,2023-10-12 14:00:00,PM
DT-9704,L3,laser,2023-10-12 16:46:00,2023-10-12 18:28:00,waiting for program
DT-9705,B1,press_brake,2023-10-13 19:47:00,2023-10-13 20:40:00,breakdown
DT-9706,B1,press_brake,2023-10-17 06:48:00,2023-10-17 10:08:00,breakdown
DT-9707,B1,press_brake,2023-10-17 07:17:00,2023-10-17 08:58:00,waiting for program
DT-9708,I1,inspection_pack,2023-10-17 09:03:00,2023-10-17 12:00:00,PM
DT-9709,I2,inspection_pack,2023-10-17 09:33:00,2023-10-17 10:39:00,breakdown
DT-9710,R1,robotic_weld,2023-10-17 12:16:00,2023-10-17 12:52:00,waiting for program
DT-9711,L2,laser,2023-10-18 06:31:00,2023-10-18 09:42:00,breakdown
DT-9712,W5,weld,2023-10-19 06:57:00,2023-10-19 09:08:00,no operator
DT-9713,W6,weld,2023-10-19 07:13:00,2023-10-19 08:23:00,no operator
DT-9714,I2,inspection_pack,2023-10-19 10:25:00,2023-10-19 13:34:00,breakdown
DT-9715,B3,press_brake,2023-10-19 20:30:00,2023-10-19 22:30:00,PM
DT-9716,W3,weld,2023-10-20 08:43:00,2023-10-20 10:22:00,waiting for program
DT-9717,A2,assembly,2023-10-20 08:56:00,2023-10-20 10:16:00,breakdown
DT-9718,H2,hardware,2023-10-20 09:21:00,2023-10-20 11:01:00,no operator
DT-9719,W3,weld,2023-10-20 10:09:00,2023-10-20 12:27:00,PM
DT-9720,L1,laser,2023-10-20 10:56:00,2023-10-20 12:33:00,breakdown
DT-9721,L3,laser,2023-10-20 11:27:00,2023-10-20 14:00:00,breakdown
DT-9722,H1,hardware,2023-10-20 11:38:00,2023-10-20 14:00:00,no operator
DT-9723,L3,laser,2023-10-20 19:19:00,2023-10-20 22:10:00,PM
DT-9724,B3,press_brake,2023-10-23 07:17:00,2023-10-23 09:49:00,PM
DT-9725,B2,press_brake,2023-10-23 09:16:00,2023-10-23 10:41:00,no operator
DT-9726,L1,laser,2023-10-23 11:09:00,2023-10-23 12:55:00,breakdown
DT-9727,B3,press_brake,2023-10-23 16:14:00,2023-10-23 18:56:00,PM
DT-9728,B3,press_brake,2023-10-23 17:48:00,2023-10-23 20:01:00,PM
DT-9729,L1,laser,2023-10-24 10:24:00,2023-10-24 12:48:00,breakdown
DT-9730,B2,press_brake,2023-10-24 12:09:00,2023-10-24 14:00:00,no operator
DT-9731,G2,grind_deburr,2023-10-24 13:23:00,2023-10-24 14:00:00,breakdown
DT-9732,L2,laser,2023-10-24 15:17:00,2023-10-24 17:51:00,breakdown
DT-9733,A1,assembly,2023-10-25 07:01:00,2023-10-25 08:44:00,breakdown
DT-9734,L1,laser,2023-10-26 09:46:00,2023-10-26 13:22:00,breakdown
DT-9735,B3,press_brake,2023-10-26 09:49:00,2023-10-26 10:36:00,breakdown
DT-9736,B1,press_brake,2023-10-27 09:20:00,2023-10-27 10:27:00,breakdown
DT-9737,W5,weld,2023-10-27 10:01:00,2023-10-27 11:44:00,waiting for program
DT-9738,W6,weld,2023-10-27 13:25:00,2023-10-27 14:00:00,breakdown
DT-9739,B4,press_brake,2023-10-27 15:42:00,2023-10-27 17:17:00,no operator
DT-9740,H1,hardware,2023-10-30 06:38:00,2023-10-30 08:42:00,breakdown
DT-9741,B3,press_brake,2023-10-30 07:11:00,2023-10-30 09:23:00,PM
DT-9742,L2,laser,2023-10-30 07:36:00,2023-10-30 08:41:00,waiting for program
DT-9743,W5,weld,2023-10-30 10:40:00,2023-10-30 11:18:00,breakdown
DT-9744,B1,press_brake,2023-10-30 14:38:00,2023-10-30 18:24:00,PM
DT-9745,W3,weld,2023-10-31 11:09:00,2023-10-31 13:56:00,no operator
DT-9746,L3,laser,2023-10-31 18:04:00,2023-10-31 21:53:00,PM
DT-9747,W6,weld,2023-11-01 06:02:00,2023-11-01 08:52:00,no operator
DT-9748,B4,press_brake,2023-11-01 07:40:00,2023-11-01 10:14:00,PM
DT-9749,L1,laser,2023-11-01 09:23:00,2023-11-01 11:10:00,breakdown
DT-9750,A2,assembly,2023-11-01 10:21:00,2023-11-01 11:06:00,waiting for program
DT-9751,B5,press_brake,2023-11-01 12:03:00,2023-11-01 14:00:00,PM
DT-9752,L1,laser,2023-11-02 06:18:00,2023-11-02 10:17:00,breakdown
DT-9753,L3,laser,2023-11-02 08:03:00,2023-11-02 09:34:00,waiting for program
DT-9754,B4,press_brake,2023-11-02 08:49:00,2023-11-02 10:54:00,no operator
DT-9755,H2,hardware,2023-11-02 12:02:00,2023-11-02 14:00:00,PM
DT-9756,W5,weld,2023-11-02 12:08:00,2023-11-02 14:00:00,PM
DT-9757,L1,laser,2023-11-02 13:26:00,2023-11-02 14:00:00,breakdown
DT-9758,B2,press_brake,2023-11-03 06:17:00,2023-11-03 08:38:00,PM
DT-9759,L1,laser,2023-11-03 07:23:00,2023-11-03 08:46:00,breakdown
DT-9760,W3,weld,2023-11-03 09:52:00,2023-11-03 13:22:00,PM
DT-9761,W1,weld,2023-11-06 06:04:00,2023-11-06 09:21:00,PM
DT-9762,G2,grind_deburr,2023-11-06 11:57:00,2023-11-06 12:28:00,breakdown
DT-9763,G1,grind_deburr,2023-11-06 12:40:00,2023-11-06 13:40:00,breakdown
DT-9764,B2,press_brake,2023-11-06 20:53:00,2023-11-06 22:30:00,breakdown
DT-9765,H2,hardware,2023-11-07 09:40:00,2023-11-07 13:05:00,PM
DT-9766,B3,press_brake,2023-11-08 11:24:00,2023-11-08 14:00:00,PM
DT-9767,W3,weld,2023-11-08 11:38:00,2023-11-08 14:00:00,breakdown
DT-9768,I2,inspection_pack,2023-11-08 12:17:00,2023-11-08 14:00:00,waiting for program
DT-9769,W6,weld,2023-11-08 12:31:00,2023-11-08 14:00:00,breakdown
DT-9770,B2,press_brake,2023-11-08 14:39:00,2023-11-08 15:49:00,breakdown
DT-9771,B4,press_brake,2023-11-09 06:11:00,2023-11-09 08:35:00,PM
DT-9772,B2,press_brake,2023-11-09 06:43:00,2023-11-09 09:07:00,breakdown
DT-9773,L3,laser,2023-11-09 12:55:00,2023-11-09 13:35:00,breakdown
DT-9774,H1,hardware,2023-11-09 13:30:00,2023-11-09 14:00:00,breakdown
DT-9775,W1,weld,2023-11-10 06:21:00,2023-11-10 08:27:00,breakdown
DT-9776,P1,punch,2023-11-10 07:11:00,2023-11-10 08:44:00,breakdown
DT-9777,L2,laser,2023-11-10 08:09:00,2023-11-10 10:34:00,no operator
DT-9778,P1,punch,2023-11-10 08:23:00,2023-11-10 09:31:00,breakdown
DT-9779,P1,punch,2023-11-10 08:41:00,2023-11-10 11:27:00,breakdown
DT-9780,P1,punch,2023-11-10 09:07:00,2023-11-10 12:59:00,PM
DT-9781,W6,weld,2023-11-10 09:26:00,2023-11-10 10:28:00,waiting for program
DT-9782,G1,grind_deburr,2023-11-10 12:08:00,2023-11-10 14:00:00,breakdown
DT-9783,B1,press_brake,2023-11-10 16:20:00,2023-11-10 20:19:00,breakdown
DT-9784,H2,hardware,2023-11-13 06:02:00,2023-11-13 07:32:00,breakdown
DT-9785,L1,laser,2023-11-13 06:09:00,2023-11-13 09:56:00,breakdown
DT-9786,A2,assembly,2023-11-13 12:33:00,2023-11-13 13:08:00,breakdown
DT-9787,L2,laser,2023-11-13 18:08:00,2023-11-13 19:13:00,breakdown
DT-9788,W2,weld,2023-11-14 06:02:00,2023-11-14 08:54:00,PM
DT-9789,W3,weld,2023-11-14 09:49:00,2023-11-14 12:50:00,PM
DT-9790,L1,laser,2023-11-14 10:05:00,2023-11-14 10:44:00,breakdown
DT-9791,W4,weld,2023-11-14 11:09:00,2023-11-14 12:26:00,no operator
DT-9792,R1,robotic_weld,2023-11-14 11:19:00,2023-11-14 12:34:00,breakdown
DT-9793,W6,weld,2023-11-14 12:59:00,2023-11-14 14:00:00,breakdown
DT-9794,L1,laser,2023-11-14 13:24:00,2023-11-14 14:00:00,waiting for program
DT-9795,B1,press_brake,2023-11-14 16:04:00,2023-11-14 17:03:00,waiting for program
DT-9796,W1,weld,2023-11-15 07:35:00,2023-11-15 10:28:00,breakdown
DT-9797,L2,laser,2023-11-15 08:42:00,2023-11-15 10:21:00,no operator
DT-9798,P1,punch,2023-11-15 12:15:00,2023-11-15 13:27:00,no operator
DT-9799,W2,weld,2023-11-16 07:13:00,2023-11-16 08:36:00,breakdown
DT-9800,B1,press_brake,2023-11-16 07:42:00,2023-11-16 09:32:00,waiting for program
DT-9801,B1,press_brake,2023-11-16 15:13:00,2023-11-16 17:14:00,PM
DT-9802,L3,laser,2023-11-16 18:58:00,2023-11-16 20:51:00,breakdown
DT-9803,B2,press_brake,2023-11-16 21:50:00,2023-11-16 22:30:00,PM
DT-9804,H2,hardware,2023-11-17 10:00:00,2023-11-17 11:55:00,breakdown
DT-9805,B2,press_brake,2023-11-17 16:44:00,2023-11-17 18:37:00,waiting for program
DT-9806,L3,laser,2023-11-17 18:45:00,2023-11-17 20:01:00,breakdown
DT-9807,G2,grind_deburr,2023-11-20 06:34:00,2023-11-20 08:08:00,waiting for program
DT-9808,G2,grind_deburr,2023-11-20 06:47:00,2023-11-20 09:14:00,PM
DT-9809,L1,laser,2023-11-20 09:42:00,2023-11-20 12:44:00,breakdown
DT-9810,B3,press_brake,2023-11-20 20:59:00,2023-11-20 22:30:00,breakdown
DT-9811,W6,weld,2023-11-21 13:25:00,2023-11-21 14:00:00,no operator
DT-9812,L3,laser,2023-11-22 07:05:00,2023-11-22 08:24:00,no operator
DT-9813,P1,punch,2023-11-22 09:49:00,2023-11-22 13:33:00,PM
DT-9814,H1,hardware,2023-11-22 10:53:00,2023-11-22 12:38:00,waiting for program
DT-9815,G1,grind_deburr,2023-11-22 10:55:00,2023-11-22 13:53:00,breakdown
DT-9816,I1,inspection_pack,2023-11-22 11:20:00,2023-11-22 13:33:00,PM
DT-9817,H1,hardware,2023-11-22 11:33:00,2023-11-22 13:18:00,breakdown
DT-9818,I1,inspection_pack,2023-11-22 12:46:00,2023-11-22 13:40:00,waiting for program
DT-9819,W2,weld,2023-11-27 06:53:00,2023-11-27 09:17:00,no operator
DT-9820,B5,press_brake,2023-11-27 11:10:00,2023-11-27 11:44:00,waiting for program
DT-9821,W6,weld,2023-11-27 13:09:00,2023-11-27 14:00:00,waiting for program
DT-9822,B1,press_brake,2023-11-28 06:05:00,2023-11-28 10:04:00,breakdown
DT-9823,G1,grind_deburr,2023-11-28 07:11:00,2023-11-28 10:58:00,PM
DT-9824,W6,weld,2023-11-28 07:29:00,2023-11-28 08:58:00,waiting for program
DT-9825,L3,laser,2023-11-28 07:58:00,2023-11-28 11:29:00,PM
DT-9826,W2,weld,2023-11-28 10:22:00,2023-11-28 13:57:00,PM
DT-9827,W4,weld,2023-11-30 09:19:00,2023-11-30 12:06:00,PM
DT-9828,P1,punch,2023-12-01 08:28:00,2023-12-01 11:28:00,no operator
DT-9829,P1,punch,2023-12-01 09:22:00,2023-12-01 11:42:00,breakdown
DT-9830,W6,weld,2023-12-01 11:27:00,2023-12-01 14:00:00,breakdown
DT-9831,W4,weld,2023-12-01 11:34:00,2023-12-01 14:00:00,breakdown
DT-9832,B4,press_brake,2023-12-01 18:31:00,2023-12-01 20:17:00,waiting for program
DT-9833,L2,laser,2023-12-01 19:13:00,2023-12-01 21:15:00,PM
DT-9834,B2,press_brake,2023-12-01 20:57:00,2023-12-01 22:16:00,no operator
DT-9835,B3,press_brake,2023-12-01 21:12:00,2023-12-01 22:30:00,breakdown
DT-9836,W4,weld,2023-12-04 06:37:00,2023-12-04 08:56:00,breakdown
DT-9837,A1,assembly,2023-12-05 09:46:00,2023-12-05 12:23:00,no operator
DT-9838,A2,assembly,2023-12-05 13:11:00,2023-12-05 14:00:00,waiting for program
DT-9839,L1,laser,2023-12-06 06:39:00,2023-12-06 09:35:00,breakdown
DT-9840,G1,grind_deburr,2023-12-06 11:57:00,2023-12-06 14:00:00,PM
DT-9841,B1,press_brake,2023-12-06 11:57:00,2023-12-06 13:25:00,waiting for program
DT-9842,B4,press_brake,2023-12-07 08:18:00,2023-12-07 09:46:00,breakdown
DT-9843,B3,press_brake,2023-12-07 21:07:00,2023-12-07 22:30:00,waiting for program
DT-9844,G2,grind_deburr,2023-12-08 07:50:00,2023-12-08 11:20:00,breakdown
DT-9845,I1,inspection_pack,2023-12-08 09:01:00,2023-12-08 11:50:00,breakdown
DT-9846,L2,laser,2023-12-08 11:42:00,2023-12-08 14:00:00,PM
DT-9847,R1,robotic_weld,2023-12-08 13:09:00,2023-12-08 14:00:00,breakdown
DT-9848,L2,laser,2023-12-08 18:40:00,2023-12-08 22:30:00,breakdown
DT-9849,H1,hardware,2023-12-11 08:34:00,2023-12-11 11:00:00,no operator
DT-9850,B1,press_brake,2023-12-11 08:55:00,2023-12-11 11:29:00,PM
DT-9851,B3,press_brake,2023-12-11 11:00:00,2023-12-11 14:00:00,PM
DT-9852,L2,laser,2023-12-11 12:47:00,2023-12-11 13:29:00,breakdown
DT-9853,B3,press_brake,2023-12-12 20:37:00,2023-12-12 21:12:00,waiting for program
DT-9854,L1,laser,2023-12-13 06:44:00,2023-12-13 08:46:00,no operator
DT-9855,W1,weld,2023-12-13 06:45:00,2023-12-13 10:41:00,breakdown
DT-9856,W2,weld,2023-12-13 07:25:00,2023-12-13 08:13:00,waiting for program
DT-9857,W3,weld,2023-12-13 11:44:00,2023-12-13 14:00:00,PM
DT-9858,B3,press_brake,2023-12-13 15:46:00,2023-12-13 17:49:00,breakdown
DT-9859,L3,laser,2023-12-13 18:39:00,2023-12-13 21:50:00,breakdown
DT-9860,L3,laser,2023-12-14 06:01:00,2023-12-14 07:28:00,breakdown
DT-9861,L3,laser,2023-12-14 07:01:00,2023-12-14 10:16:00,PM
DT-9862,B1,press_brake,2023-12-14 11:15:00,2023-12-14 14:00:00,breakdown
DT-9863,G1,grind_deburr,2023-12-14 11:33:00,2023-12-14 14:00:00,PM
DT-9864,G1,grind_deburr,2023-12-14 13:26:00,2023-12-14 14:00:00,waiting for program
DT-9865,B4,press_brake,2023-12-14 15:05:00,2023-12-14 16:31:00,waiting for program
DT-9866,A2,assembly,2023-12-15 11:07:00,2023-12-15 13:37:00,breakdown
DT-9867,W6,weld,2023-12-15 11:35:00,2023-12-15 13:22:00,breakdown
DT-9868,L3,laser,2023-12-18 07:45:00,2023-12-18 09:25:00,breakdown
DT-9869,H2,hardware,2023-12-18 08:14:00,2023-12-18 11:35:00,breakdown
DT-9870,W5,weld,2023-12-18 09:58:00,2023-12-18 12:47:00,PM
DT-9871,B3,press_brake,2023-12-18 19:25:00,2023-12-18 20:46:00,no operator
DT-9872,B5,press_brake,2023-12-19 07:42:00,2023-12-19 10:24:00,breakdown
DT-9873,I2,inspection_pack,2023-12-19 12:34:00,2023-12-19 14:00:00,breakdown
DT-9874,W1,weld,2023-12-20 10:26:00,2023-12-20 13:35:00,PM
DT-9875,W6,weld,2023-12-20 12:32:00,2023-12-20 14:00:00,breakdown
DT-9876,B4,press_brake,2023-12-20 12:48:00,2023-12-20 14:00:00,breakdown
DT-9877,L1,laser,2023-12-21 06:02:00,2023-12-21 08:36:00,breakdown
DT-9878,B2,press_brake,2023-12-21 06:19:00,2023-12-21 08:45:00,PM
DT-9879,B2,press_brake,2023-12-21 19:03:00,2023-12-21 20:48:00,no operator
DT-9880,L3,laser,2023-12-22 20:59:00,2023-12-22 22:30:00,breakdown
DT-9881,W6,weld,2024-01-02 09:24:00,2024-01-02 10:31:00,breakdown
DT-9882,W1,weld,2024-01-03 06:17:00,2024-01-03 08:40:00,PM
DT-9883,H1,hardware,2024-01-03 12:03:00,2024-01-03 14:00:00,no operator
DT-9884,B4,press_brake,2024-01-03 18:02:00,2024-01-03 21:07:00,breakdown
DT-9885,W6,weld,2024-01-04 07:54:00,2024-01-04 10:11:00,PM
DT-9886,L3,laser,2024-01-04 14:48:00,2024-01-04 18:23:00,PM
DT-9887,L2,laser,2024-01-04 19:58:00,2024-01-04 21:56:00,no operator
DT-9888,B2,press_brake,2024-01-05 07:24:00,2024-01-05 11:08:00,PM
DT-9889,B4,press_brake,2024-01-05 07:36:00,2024-01-05 08:32:00,waiting for program
DT-9890,W3,weld,2024-01-05 09:18:00,2024-01-05 09:58:00,breakdown
DT-9891,H1,hardware,2024-01-05 10:25:00,2024-01-05 13:11:00,no operator
DT-9892,B2,press_brake,2024-01-08 18:52:00,2024-01-08 22:30:00,breakdown
DT-9893,B1,press_brake,2024-01-09 08:13:00,2024-01-09 11:55:00,breakdown
DT-9894,P1,punch,2024-01-09 08:36:00,2024-01-09 12:33:00,PM
DT-9895,H2,hardware,2024-01-09 09:01:00,2024-01-09 11:59:00,breakdown
DT-9896,A2,assembly,2024-01-09 11:58:00,2024-01-09 14:00:00,PM
DT-9897,A2,assembly,2024-01-09 12:17:00,2024-01-09 14:00:00,waiting for program
DT-9898,B2,press_brake,2024-01-09 18:13:00,2024-01-09 21:54:00,PM
DT-9899,B1,press_brake,2024-01-09 21:30:00,2024-01-09 22:30:00,breakdown
DT-9900,I1,inspection_pack,2024-01-10 07:35:00,2024-01-10 09:50:00,PM
DT-9901,B5,press_brake,2024-01-10 11:53:00,2024-01-10 13:57:00,no operator
DT-9902,L3,laser,2024-01-10 20:39:00,2024-01-10 22:30:00,PM
DT-9903,B3,press_brake,2024-01-10 21:39:00,2024-01-10 22:30:00,no operator
DT-9904,A2,assembly,2024-01-11 06:03:00,2024-01-11 06:43:00,breakdown
DT-9905,W5,weld,2024-01-11 07:06:00,2024-01-11 09:52:00,breakdown
DT-9906,P1,punch,2024-01-11 09:11:00,2024-01-11 12:44:00,breakdown
DT-9907,A2,assembly,2024-01-11 11:10:00,2024-01-11 13:06:00,breakdown
DT-9908,A1,assembly,2024-01-11 12:08:00,2024-01-11 13:56:00,breakdown
DT-9909,G1,grind_deburr,2024-01-12 06:45:00,2024-01-12 09:42:00,breakdown
DT-9910,W1,weld,2024-01-12 09:44:00,2024-01-12 10:45:00,breakdown
DT-9911,H2,hardware,2024-01-12 10:38:00,2024-01-12 11:59:00,waiting for program
DT-9912,W6,weld,2024-01-15 08:40:00,2024-01-15 09:48:00,no operator
DT-9913,L1,laser,2024-01-15 09:21:00,2024-01-15 10:30:00,no operator
DT-9914,H1,hardware,2024-01-15 11:30:00,2024-01-15 14:00:00,PM
DT-9915,B1,press_brake,2024-01-15 20:42:00,2024-01-15 22:30:00,PM
DT-9916,W3,weld,2024-01-16 07:09:00,2024-01-16 09:31:00,breakdown
DT-9917,B2,press_brake,2024-01-16 08:05:00,2024-01-16 09:17:00,no operator
DT-9918,PC1,powder_coat,2024-01-16 08:51:00,2024-01-16 11:37:00,no operator
DT-9919,G2,grind_deburr,2024-01-16 10:54:00,2024-01-16 12:32:00,breakdown
DT-9920,A2,assembly,2024-01-16 11:00:00,2024-01-16 13:00:00,waiting for program
DT-9921,L3,laser,2024-01-17 06:37:00,2024-01-17 07:09:00,breakdown
DT-9922,H1,hardware,2024-01-17 09:30:00,2024-01-17 12:30:00,PM
DT-9923,G1,grind_deburr,2024-01-17 10:11:00,2024-01-17 14:00:00,PM
DT-9924,B1,press_brake,2024-01-17 12:47:00,2024-01-17 14:00:00,breakdown
DT-9925,G2,grind_deburr,2024-01-17 12:53:00,2024-01-17 14:00:00,PM
DT-9926,P1,punch,2024-01-18 06:08:00,2024-01-18 08:38:00,PM
DT-9927,R1,robotic_weld,2024-01-18 06:22:00,2024-01-18 07:59:00,no operator
DT-9928,H1,hardware,2024-01-18 08:28:00,2024-01-18 09:13:00,breakdown
DT-9929,W6,weld,2024-01-18 10:26:00,2024-01-18 13:45:00,breakdown
DT-9930,H2,hardware,2024-01-18 11:26:00,2024-01-18 14:00:00,breakdown
DT-9931,B3,press_brake,2024-01-22 08:46:00,2024-01-22 10:41:00,no operator
DT-9932,P1,punch,2024-01-22 09:16:00,2024-01-22 10:16:00,waiting for program
DT-9933,W1,weld,2024-01-22 12:03:00,2024-01-22 14:00:00,breakdown
DT-9934,H1,hardware,2024-01-22 12:23:00,2024-01-22 13:30:00,breakdown
DT-9935,B3,press_brake,2024-01-22 18:37:00,2024-01-22 21:23:00,breakdown
DT-9936,W4,weld,2024-01-23 08:30:00,2024-01-23 11:21:00,breakdown
DT-9937,L3,laser,2024-01-23 09:43:00,2024-01-23 12:07:00,breakdown
DT-9938,PC1,powder_coat,2024-01-23 11:03:00,2024-01-23 13:17:00,breakdown
DT-9939,L1,laser,2024-01-23 13:10:00,2024-01-23 14:00:00,waiting for program
DT-9940,I1,inspection_pack,2024-01-24 06:19:00,2024-01-24 08:12:00,no operator
DT-9941,G1,grind_deburr,2024-01-24 08:34:00,2024-01-24 09:58:00,breakdown
DT-9942,G1,grind_deburr,2024-01-24 10:45:00,2024-01-24 12:48:00,no operator
DT-9943,L1,laser,2024-01-24 12:31:00,2024-01-24 13:50:00,breakdown
DT-9944,PC1,powder_coat,2024-01-25 07:01:00,2024-01-25 10:38:00,breakdown
DT-9945,B3,press_brake,2024-01-25 08:30:00,2024-01-25 10:33:00,breakdown
DT-9946,L1,laser,2024-01-25 08:51:00,2024-01-25 09:50:00,breakdown
DT-9947,B4,press_brake,2024-01-25 13:19:00,2024-01-25 14:00:00,PM
DT-9948,B3,press_brake,2024-01-25 17:44:00,2024-01-25 18:48:00,no operator
DT-9949,W4,weld,2024-01-26 06:13:00,2024-01-26 09:03:00,PM
DT-9950,H2,hardware,2024-01-26 10:02:00,2024-01-26 12:06:00,breakdown
DT-9951,W6,weld,2024-01-26 12:30:00,2024-01-26 13:42:00,breakdown
DT-9952,B1,press_brake,2024-01-26 16:17:00,2024-01-26 17:26:00,no operator
DT-9953,W1,weld,2024-01-29 09:30:00,2024-01-29 13:21:00,PM
DT-9954,B2,press_brake,2024-01-29 17:17:00,2024-01-29 20:37:00,PM
DT-9955,B4,press_brake,2024-01-29 19:23:00,2024-01-29 22:08:00,PM
DT-9956,B1,press_brake,2024-01-29 20:33:00,2024-01-29 22:30:00,PM
DT-9957,W6,weld,2024-01-30 08:12:00,2024-01-30 09:25:00,no operator
DT-9958,W2,weld,2024-01-30 09:58:00,2024-01-30 13:49:00,breakdown
DT-9959,B4,press_brake,2024-01-31 07:06:00,2024-01-31 09:52:00,PM
DT-9960,B1,press_brake,2024-01-31 19:14:00,2024-01-31 19:57:00,waiting for program
DT-9961,B3,press_brake,2024-01-31 21:46:00,2024-01-31 22:30:00,PM
DT-9962,W3,weld,2024-02-01 08:02:00,2024-02-01 10:39:00,no operator
DT-9963,PC1,powder_coat,2024-02-01 08:14:00,2024-02-01 12:06:00,breakdown
DT-9964,PC1,powder_coat,2024-02-01 08:34:00,2024-02-01 10:19:00,breakdown
DT-9965,B5,press_brake,2024-02-01 09:49:00,2024-02-01 10:41:00,waiting for program
DT-9966,I1,inspection_pack,2024-02-01 13:08:00,2024-02-01 14:00:00,breakdown
DT-9967,G2,grind_deburr,2024-02-02 07:37:00,2024-02-02 08:11:00,waiting for program
DT-9968,L1,laser,2024-02-02 10:15:00,2024-02-02 13:18:00,breakdown
DT-9969,L1,laser,2024-02-02 12:45:00,2024-02-02 14:00:00,PM
DT-9970,B3,press_brake,2024-02-02 14:59:00,2024-02-02 16:25:00,no operator
DT-9971,L2,laser,2024-02-02 17:00:00,2024-02-02 19:59:00,PM
DT-9972,L1,laser,2024-02-05 09:19:00,2024-02-05 09:58:00,breakdown
DT-9973,W1,weld,2024-02-05 09:34:00,2024-02-05 11:49:00,PM
DT-9974,G1,grind_deburr,2024-02-06 06:48:00,2024-02-06 09:42:00,no operator
DT-9975,B2,press_brake,2024-02-06 10:00:00,2024-02-06 10:55:00,breakdown
DT-9976,H2,hardware,2024-02-06 11:48:00,2024-02-06 14:00:00,PM
DT-9977,B3,press_brake,2024-02-06 16:36:00,2024-02-06 19:23:00,breakdown
DT-9978,I2,inspection_pack,2024-02-07 06:04:00,2024-02-07 07:21:00,breakdown
DT-9979,B1,press_brake,2024-02-07 14:44:00,2024-02-07 15:42:00,breakdown
DT-9980,L2,laser,2024-02-08 11:29:00,2024-02-08 14:00:00,breakdown
DT-9981,L3,laser,2024-02-09 07:02:00,2024-02-09 10:58:00,breakdown
DT-9982,W6,weld,2024-02-09 07:47:00,2024-02-09 11:11:00,breakdown
DT-9983,W4,weld,2024-02-09 08:52:00,2024-02-09 10:19:00,breakdown
DT-9984,W4,weld,2024-02-09 10:15:00,2024-02-09 12:35:00,no operator
DT-9985,I1,inspection_pack,2024-02-09 11:23:00,2024-02-09 14:00:00,breakdown
DT-9986,L1,laser,2024-02-09 12:46:00,2024-02-09 14:00:00,breakdown
DT-9987,L2,laser,2024-02-09 17:47:00,2024-02-09 20:13:00,breakdown
DT-9988,B1,press_brake,2024-02-09 19:03:00,2024-02-09 20:56:00,breakdown
DT-9989,G1,grind_deburr,2024-02-12 06:23:00,2024-02-12 08:14:00,breakdown
DT-9990,G2,grind_deburr,2024-02-12 11:53:00,2024-02-12 12:30:00,waiting for program
DT-9991,W4,weld,2024-02-12 11:57:00,2024-02-12 13:23:00,waiting for program
DT-9992,L2,laser,2024-02-12 12:00:00,2024-02-12 12:41:00,breakdown
DT-9993,W6,weld,2024-02-12 12:34:00,2024-02-12 14:00:00,no operator
DT-9994,B4,press_brake,2024-02-12 18:54:00,2024-02-12 22:05:00,breakdown
DT-9995,L2,laser,2024-02-12 20:43:00,2024-02-12 21:27:00,waiting for program
DT-9996,B2,press_brake,2024-02-13 06:24:00,2024-02-13 08:07:00,breakdown
DT-9997,W1,weld,2024-02-13 08:20:00,2024-02-13 08:52:00,waiting for program
DT-9998,W5,weld,2024-02-14 07:03:00,2024-02-14 09:07:00,breakdown
DT-9999,B5,press_brake,2024-02-14 07:09:00,2024-02-14 09:42:00,PM
DT-10000,B5,press_brake,2024-02-14 11:03:00,2024-02-14 11:34:00,waiting for program
DT-10001,L1,laser,2024-02-14 11:23:00,2024-02-14 12:54:00,breakdown
DT-10002,G1,grind_deburr,2024-02-15 06:21:00,2024-02-15 07:54:00,breakdown
DT-10003,B4,press_brake,2024-02-15 11:27:00,2024-02-15 14:00:00,PM
DT-10004,B3,press_brake,2024-02-15 16:07:00,2024-02-15 20:04:00,breakdown
DT-10005,G2,grind_deburr,2024-02-16 07:27:00,2024-02-16 08:34:00,waiting for program
DT-10006,B3,press_brake,2024-02-16 13:29:00,2024-02-16 14:00:00,breakdown
DT-10007,I1,inspection_pack,2024-02-19 06:44:00,2024-02-19 09:21:00,PM
DT-10008,P1,punch,2024-02-19 09:33:00,2024-02-19 12:23:00,breakdown
DT-10009,L3,laser,2024-02-19 09:44:00,2024-02-19 11:28:00,breakdown
DT-10010,B5,press_brake,2024-02-20 09:19:00,2024-02-20 10:46:00,waiting for program
DT-10011,G2,grind_deburr,2024-02-20 09:23:00,2024-02-20 11:49:00,PM
DT-10012,L2,laser,2024-02-20 11:52:00,2024-02-20 14:00:00,breakdown
DT-10013,B2,press_brake,2024-02-20 13:07:00,2024-02-20 14:00:00,breakdown
DT-10014,B3,press_brake,2024-02-20 13:11:00,2024-02-20 14:00:00,waiting for program
DT-10015,B3,press_brake,2024-02-20 20:32:00,2024-02-20 22:30:00,breakdown
DT-10016,B2,press_brake,2024-02-20 20:42:00,2024-02-20 22:30:00,PM
DT-10017,PC1,powder_coat,2024-02-21 08:48:00,2024-02-21 11:09:00,no operator
DT-10018,L3,laser,2024-02-21 16:40:00,2024-02-21 19:09:00,breakdown
DT-10019,B5,press_brake,2024-02-22 06:17:00,2024-02-22 08:04:00,waiting for program
DT-10020,PC1,powder_coat,2024-02-22 09:14:00,2024-02-22 10:26:00,no operator
DT-10021,G1,grind_deburr,2024-02-23 09:28:00,2024-02-23 10:53:00,breakdown
DT-10022,B2,press_brake,2024-02-23 11:11:00,2024-02-23 14:00:00,breakdown
DT-10023,B2,press_brake,2024-02-23 16:09:00,2024-02-23 19:24:00,PM
DT-10024,B3,press_brake,2024-02-23 18:15:00,2024-02-23 21:58:00,PM
DT-10025,W3,weld,2024-02-26 06:25:00,2024-02-26 08:59:00,breakdown
DT-10026,L1,laser,2024-02-26 07:40:00,2024-02-26 09:48:00,no operator
DT-10027,L1,laser,2024-02-26 08:35:00,2024-02-26 09:10:00,waiting for program
DT-10028,W1,weld,2024-02-26 11:58:00,2024-02-26 13:52:00,breakdown
DT-10029,B4,press_brake,2024-02-26 12:07:00,2024-02-26 13:39:00,waiting for program
DT-10030,G2,grind_deburr,2024-02-26 12:57:00,2024-02-26 14:00:00,breakdown
DT-10031,B4,press_brake,2024-02-26 17:28:00,2024-02-26 18:45:00,breakdown
DT-10032,B3,press_brake,2024-02-27 06:51:00,2024-02-27 10:35:00,breakdown
DT-10033,B2,press_brake,2024-02-27 11:40:00,2024-02-27 14:00:00,PM
DT-10034,PC1,powder_coat,2024-02-28 08:35:00,2024-02-28 12:15:00,PM
DT-10035,G1,grind_deburr,2024-02-28 11:15:00,2024-02-28 13:25:00,PM
DT-10036,B1,press_brake,2024-02-28 16:27:00,2024-02-28 19:14:00,PM
DT-10037,PC1,powder_coat,2024-02-29 06:25:00,2024-02-29 08:27:00,PM
DT-10038,A2,assembly,2024-02-29 07:14:00,2024-02-29 08:22:00,waiting for program
DT-10039,L1,laser,2024-02-29 08:38:00,2024-02-29 09:43:00,breakdown
DT-10040,H1,hardware,2024-03-01 06:52:00,2024-03-01 08:38:00,waiting for program
DT-10041,B1,press_brake,2024-03-01 09:23:00,2024-03-01 10:28:00,breakdown
DT-10042,W3,weld,2024-03-01 09:37:00,2024-03-01 13:29:00,PM
DT-10043,L1,laser,2024-03-01 09:59:00,2024-03-01 13:21:00,breakdown
DT-10044,L3,laser,2024-03-01 14:32:00,2024-03-01 16:13:00,breakdown
DT-10045,L3,laser,2024-03-01 21:23:00,2024-03-01 22:30:00,PM
DT-10046,W5,weld,2024-03-04 06:06:00,2024-03-04 07:51:00,breakdown
DT-10047,R1,robotic_weld,2024-03-04 06:38:00,2024-03-04 07:40:00,no operator
DT-10048,G2,grind_deburr,2024-03-05 12:42:00,2024-03-05 14:00:00,no operator
DT-10049,A1,assembly,2024-03-05 13:19:00,2024-03-05 14:00:00,PM
DT-10050,A2,assembly,2024-03-06 09:18:00,2024-03-06 12:10:00,no operator
DT-10051,B3,press_brake,2024-03-06 12:41:00,2024-03-06 14:00:00,no operator
DT-10052,B3,press_brake,2024-03-07 06:10:00,2024-03-07 09:04:00,breakdown
DT-10053,B5,press_brake,2024-03-07 06:23:00,2024-03-07 09:27:00,breakdown
DT-10054,B2,press_brake,2024-03-07 10:07:00,2024-03-07 10:50:00,waiting for program
DT-10055,B4,press_brake,2024-03-07 17:49:00,2024-03-07 21:33:00,breakdown
DT-10056,G2,grind_deburr,2024-03-08 06:04:00,2024-03-08 08:03:00,breakdown
DT-10057,G1,grind_deburr,2024-03-08 06:11:00,2024-03-08 08:41:00,PM
DT-10058,I2,inspection_pack,2024-03-11 07:39:00,2024-03-11 10:12:00,PM
DT-10059,A2,assembly,2024-03-11 09:21:00,2024-03-11 10:01:00,breakdown
DT-10060,W3,weld,2024-03-11 11:32:00,2024-03-11 13:04:00,breakdown
DT-10061,W1,weld,2024-03-11 11:48:00,2024-03-11 13:11:00,breakdown
DT-10062,W3,weld,2024-03-13 07:49:00,2024-03-13 09:51:00,no operator
DT-10063,R1,robotic_weld,2024-03-13 10:09:00,2024-03-13 13:42:00,PM
DT-10064,W2,weld,2024-03-13 11:48:00,2024-03-13 14:00:00,PM
DT-10065,W4,weld,2024-03-13 12:38:00,2024-03-13 14:00:00,breakdown
DT-10066,R1,robotic_weld,2024-03-14 06:07:00,2024-03-14 07:25:00,waiting for program
DT-10067,L1,laser,2024-03-14 06:58:00,2024-03-14 10:36:00,breakdown
DT-10068,L2,laser,2024-03-14 10:18:00,2024-03-14 10:52:00,waiting for program
DT-10069,B4,press_brake,2024-03-14 10:47:00,2024-03-14 12:49:00,breakdown
DT-10070,W2,weld,2024-03-14 11:15:00,2024-03-14 13:40:00,breakdown
DT-10071,L2,laser,2024-03-14 13:05:00,2024-03-14 14:00:00,waiting for program
DT-10072,L1,laser,2024-03-18 08:36:00,2024-03-18 11:49:00,breakdown
DT-10073,B2,press_brake,2024-03-18 10:23:00,2024-03-18 12:33:00,no operator
DT-10074,B2,press_brake,2024-03-18 11:00:00,2024-03-18 14:00:00,breakdown
DT-10075,B5,press_brake,2024-03-18 11:39:00,2024-03-18 14:00:00,PM
DT-10076,L3,laser,2024-03-18 16:59:00,2024-03-18 20:13:00,breakdown
DT-10077,B1,press_brake,2024-03-18 18:18:00,2024-03-18 21:39:00,PM
DT-10078,W1,weld,2024-03-19 06:23:00,2024-03-19 07:36:00,breakdown
DT-10079,W2,weld,2024-03-19 08:12:00,2024-03-19 11:10:00,breakdown
DT-10080,I1,inspection_pack,2024-03-20 10:49:00,2024-03-20 14:00:00,breakdown
DT-10081,I1,inspection_pack,2024-03-21 06:56:00,2024-03-21 08:41:00,waiting for program
DT-10082,L2,laser,2024-03-21 11:38:00,2024-03-21 14:00:00,breakdown
DT-10083,L3,laser,2024-03-21 12:25:00,2024-03-21 14:00:00,waiting for program
DT-10084,B3,press_brake,2024-03-21 19:05:00,2024-03-21 21:37:00,PM
DT-10085,B3,press_brake,2024-03-22 06:03:00,2024-03-22 08:38:00,PM
DT-10086,W6,weld,2024-03-22 06:48:00,2024-03-22 07:42:00,breakdown
DT-10087,L2,laser,2024-03-22 13:23:00,2024-03-22 13:54:00,breakdown
DT-10088,W1,weld,2024-03-22 13:26:00,2024-03-22 14:00:00,waiting for program
DT-10089,B3,press_brake,2024-03-25 08:19:00,2024-03-25 08:54:00,breakdown
DT-10090,B1,press_brake,2024-03-26 08:52:00,2024-03-26 10:39:00,no operator
DT-10091,L1,laser,2024-03-26 09:48:00,2024-03-26 10:35:00,breakdown
DT-10092,G1,grind_deburr,2024-03-26 11:04:00,2024-03-26 14:00:00,breakdown
DT-10093,L1,laser,2024-03-26 11:57:00,2024-03-26 14:00:00,breakdown
DT-10094,PC1,powder_coat,2024-03-27 07:19:00,2024-03-27 10:08:00,breakdown
DT-10095,W4,weld,2024-03-27 11:27:00,2024-03-27 14:00:00,PM
DT-10096,L3,laser,2024-03-27 13:25:00,2024-03-27 14:00:00,waiting for program
DT-10097,B2,press_brake,2024-03-27 19:51:00,2024-03-27 22:30:00,breakdown
DT-10098,W5,weld,2024-03-28 08:17:00,2024-03-28 10:36:00,PM
DT-10099,B2,press_brake,2024-03-28 12:42:00,2024-03-28 14:00:00,breakdown
DT-10100,L3,laser,2024-03-28 18:05:00,2024-03-28 21:19:00,PM
DT-10101,B4,press_brake,2024-03-29 06:53:00,2024-03-29 10:18:00,breakdown
DT-10102,A2,assembly,2024-03-29 07:22:00,2024-03-29 09:30:00,breakdown
DT-10103,L2,laser,2024-03-29 08:26:00,2024-03-29 11:21:00,PM
DT-10104,W1,weld,2024-03-29 08:40:00,2024-03-29 11:16:00,breakdown
DT-10105,A2,assembly,2024-03-29 10:18:00,2024-03-29 14:00:00,breakdown
DT-10106,I1,inspection_pack,2024-03-29 12:28:00,2024-03-29 14:00:00,breakdown
DT-10107,B3,press_brake,2024-03-29 16:35:00,2024-03-29 18:06:00,no operator
DT-10108,A2,assembly,2024-04-01 07:56:00,2024-04-01 08:32:00,breakdown
DT-10109,R1,robotic_weld,2024-04-01 08:25:00,2024-04-01 11:42:00,breakdown
DT-10110,W2,weld,2024-04-01 08:26:00,2024-04-01 10:37:00,breakdown
DT-10111,PC1,powder_coat,2024-04-02 06:40:00,2024-04-02 08:58:00,PM
DT-10112,L2,laser,2024-04-02 06:59:00,2024-04-02 10:36:00,breakdown
DT-10113,P1,punch,2024-04-02 08:48:00,2024-04-02 10:10:00,no operator
DT-10114,L2,laser,2024-04-02 09:30:00,2024-04-02 11:42:00,PM
DT-10115,B2,press_brake,2024-04-02 11:00:00,2024-04-02 14:00:00,PM
DT-10116,B4,press_brake,2024-04-02 19:56:00,2024-04-02 20:47:00,breakdown
DT-10117,B1,press_brake,2024-04-02 21:07:00,2024-04-02 22:30:00,breakdown
DT-10118,B4,press_brake,2024-04-03 06:40:00,2024-04-03 07:57:00,no operator
DT-10119,G2,grind_deburr,2024-04-05 10:58:00,2024-04-05 13:38:00,no operator
DT-10120,L3,laser,2024-04-08 07:11:00,2024-04-08 09:11:00,waiting for program
DT-10121,A1,assembly,2024-04-08 09:33:00,2024-04-08 11:26:00,no operator
DT-10122,B3,press_brake,2024-04-08 11:37:00,2024-04-08 12:15:00,breakdown
DT-10123,B2,press_brake,2024-04-08 14:42:00,2024-04-08 16:55:00,no operator
DT-10124,B1,press_brake,2024-04-08 16:31:00,2024-04-08 17:07:00,breakdown
DT-10125,B1,press_brake,2024-04-08 20:41:00,2024-04-08 22:30:00,PM
DT-10126,B5,press_brake,2024-04-09 06:23:00,2024-04-09 07:32:00,waiting for program
DT-10127,H2,hardware,2024-04-09 10:59:00,2024-04-09 14:00:00,PM
DT-10128,L3,laser,2024-04-09 19:08:00,2024-04-09 21:01:00,breakdown
DT-10129,B1,press_brake,2024-04-10 09:08:00,2024-04-10 12:06:00,PM
DT-10130,L1,laser,2024-04-10 09:09:00,2024-04-10 11:35:00,breakdown
DT-10131,G1,grind_deburr,2024-04-10 11:24:00,2024-04-10 13:13:00,waiting for program
DT-10132,W6,weld,2024-04-10 11:56:00,2024-04-10 14:00:00,no operator
DT-10133,B5,press_brake,2024-04-11 06:17:00,2024-04-11 08:23:00,PM
DT-10134,G2,grind_deburr,2024-04-11 08:33:00,2024-04-11 10:34:00,no operator
DT-10135,W5,weld,2024-04-11 13:12:00,2024-04-11 14:00:00,breakdown
DT-10136,B3,press_brake,2024-04-11 16:48:00,2024-04-11 19:01:00,breakdown
DT-10137,L3,laser,2024-04-12 14:38:00,2024-04-12 15:17:00,breakdown
DT-10138,L2,laser,2024-04-12 20:54:00,2024-04-12 22:04:00,no operator
DT-10139,I2,inspection_pack,2024-04-15 10:16:00,2024-04-15 11:26:00,waiting for program
DT-10140,G2,grind_deburr,2024-04-15 12:03:00,2024-04-15 14:00:00,breakdown
DT-10141,B2,press_brake,2024-04-15 21:51:00,2024-04-15 22:30:00,breakdown
DT-10142,G2,grind_deburr,2024-04-16 08:00:00,2024-04-16 09:59:00,breakdown
DT-10143,L1,laser,2024-04-17 08:36:00,2024-04-17 11:26:00,breakdown
DT-10144,G2,grind_deburr,2024-04-17 10:51:00,2024-04-17 13:02:00,PM
DT-10145,L1,laser,2024-04-17 12:02:00,2024-04-17 14:00:00,no operator
DT-10146,L1,laser,2024-04-18 11:15:00,2024-04-18 12:34:00,waiting for program
DT-10147,I2,inspection_pack,2024-04-18 12:06:00,2024-04-18 13:04:00,breakdown
DT-10148,B5,press_brake,2024-04-18 13:09:00,2024-04-18 14:00:00,breakdown
DT-10149,L1,laser,2024-04-19 06:43:00,2024-04-19 08:44:00,breakdown
DT-10150,PC1,powder_coat,2024-04-19 10:03:00,2024-04-19 12:09:00,PM
DT-10151,G1,grind_deburr,2024-04-19 12:19:00,2024-04-19 14:00:00,waiting for program
DT-10152,P1,punch,2024-04-22 09:54:00,2024-04-22 10:59:00,no operator
DT-10153,L1,laser,2024-04-22 10:08:00,2024-04-22 11:36:00,waiting for program
DT-10154,L1,laser,2024-04-22 12:03:00,2024-04-22 14:00:00,breakdown
DT-10155,B1,press_brake,2024-04-22 18:25:00,2024-04-22 20:16:00,waiting for program
DT-10156,B3,press_brake,2024-04-23 10:07:00,2024-04-23 12:29:00,breakdown
DT-10157,W2,weld,2024-04-23 10:42:00,2024-04-23 13:21:00,breakdown
DT-10158,B5,press_brake,2024-04-23 10:45:00,2024-04-23 12:12:00,no operator
DT-10159,B4,press_brake,2024-04-23 16:12:00,2024-04-23 17:18:00,waiting for program
DT-10160,L2,laser,2024-04-23 16:33:00,2024-04-23 18:01:00,waiting for program
DT-10161,B3,press_brake,2024-04-24 11:37:00,2024-04-24 14:00:00,breakdown
DT-10162,L1,laser,2024-04-24 13:20:00,2024-04-24 14:00:00,breakdown
DT-10163,L2,laser,2024-04-24 17:24:00,2024-04-24 21:20:00,breakdown
DT-10164,W4,weld,2024-04-25 07:52:00,2024-04-25 08:57:00,no operator
DT-10165,W3,weld,2024-04-25 08:13:00,2024-04-25 09:23:00,no operator
DT-10166,I1,inspection_pack,2024-04-25 11:26:00,2024-04-25 14:00:00,breakdown
DT-10167,W1,weld,2024-04-25 13:08:00,2024-04-25 14:00:00,no operator
DT-10168,I1,inspection_pack,2024-04-26 07:49:00,2024-04-26 11:33:00,breakdown
DT-10169,W1,weld,2024-04-26 09:31:00,2024-04-26 11:25:00,breakdown
DT-10170,L1,laser,2024-04-26 12:04:00,2024-04-26 14:00:00,waiting for program
DT-10171,L3,laser,2024-04-26 12:05:00,2024-04-26 14:00:00,breakdown
DT-10172,A1,assembly,2024-04-26 12:34:00,2024-04-26 13:25:00,breakdown
DT-10173,G2,grind_deburr,2024-04-26 12:44:00,2024-04-26 14:00:00,waiting for program
DT-10174,B3,press_brake,2024-04-26 17:31:00,2024-04-26 21:03:00,PM
DT-10175,R1,robotic_weld,2024-04-29 08:35:00,2024-04-29 12:15:00,breakdown
DT-10176,B5,press_brake,2024-04-30 10:47:00,2024-04-30 14:00:00,breakdown
DT-10177,H2,hardware,2024-04-30 11:06:00,2024-04-30 13:52:00,PM
DT-10178,W3,weld,2024-05-01 06:57:00,2024-05-01 09:46:00,PM
DT-10179,B5,press_brake,2024-05-01 07:58:00,2024-05-01 09:32:00,breakdown
DT-10180,H2,hardware,2024-05-01 08:43:00,2024-05-01 10:37:00,breakdown
DT-10181,L1,laser,2024-05-01 10:22:00,2024-05-01 12:17:00,breakdown
DT-10182,I2,inspection_pack,2024-05-02 06:56:00,2024-05-02 09:25:00,breakdown
DT-10183,G1,grind_deburr,2024-05-02 09:53:00,2024-05-02 10:27:00,breakdown
DT-10184,R1,robotic_weld,2024-05-02 11:52:00,2024-05-02 13:22:00,no operator
DT-10185,B4,press_brake,2024-05-02 21:03:00,2024-05-02 22:30:00,PM
DT-10186,B1,press_brake,2024-05-06 07:20:00,2024-05-06 11:06:00,breakdown
DT-10187,W4,weld,2024-05-06 08:29:00,2024-05-06 10:33:00,PM
DT-10188,L1,laser,2024-05-06 11:00:00,2024-05-06 12:10:00,breakdown
DT-10189,B5,press_brake,2024-05-06 11:10:00,2024-05-06 12:16:00,breakdown
DT-10190,L2,laser,2024-05-06 16:53:00,2024-05-06 20:47:00,breakdown
DT-10191,B2,press_brake,2024-05-07 13:19:00,2024-05-07 14:00:00,breakdown
DT-10192,B1,press_brake,2024-05-07 17:04:00,2024-05-07 20:01:00,PM
DT-10193,W6,weld,2024-05-09 06:18:00,2024-05-09 07:04:00,breakdown
DT-10194,B5,press_brake,2024-05-09 09:09:00,2024-05-09 11:37:00,no operator
DT-10195,B3,press_brake,2024-05-09 09:22:00,2024-05-09 11:23:00,breakdown
DT-10196,W5,weld,2024-05-09 12:04:00,2024-05-09 14:00:00,PM
DT-10197,L1,laser,2024-05-09 13:24:00,2024-05-09 14:00:00,PM
DT-10198,B3,press_brake,2024-05-09 14:42:00,2024-05-09 17:56:00,breakdown
DT-10199,B4,press_brake,2024-05-09 20:14:00,2024-05-09 22:30:00,breakdown
DT-10200,W4,weld,2024-05-10 07:23:00,2024-05-10 10:22:00,no operator
DT-10201,W2,weld,2024-05-10 09:33:00,2024-05-10 12:54:00,PM
DT-10202,B3,press_brake,2024-05-10 21:54:00,2024-05-10 22:30:00,breakdown
DT-10203,I1,inspection_pack,2024-05-13 06:20:00,2024-05-13 06:53:00,waiting for program
DT-10204,L2,laser,2024-05-13 08:38:00,2024-05-13 11:05:00,breakdown
DT-10205,W3,weld,2024-05-13 09:04:00,2024-05-13 12:42:00,PM
DT-10206,A2,assembly,2024-05-13 10:35:00,2024-05-13 12:49:00,PM
DT-10207,L1,laser,2024-05-13 11:58:00,2024-05-13 13:17:00,waiting for program
DT-10208,B1,press_brake,2024-05-13 12:20:00,2024-05-13 14:00:00,breakdown
DT-10209,I2,inspection_pack,2024-05-13 13:01:00,2024-05-13 14:00:00,no operator
DT-10210,L2,laser,2024-05-13 17:15:00,2024-05-13 20:03:00,breakdown
DT-10211,G2,grind_deburr,2024-05-14 06:03:00,2024-05-14 08:51:00,no operator
DT-10212,I2,inspection_pack,2024-05-14 10:08:00,2024-05-14 12:21:00,breakdown
DT-10213,W2,weld,2024-05-15 06:12:00,2024-05-15 07:04:00,breakdown
DT-10214,H1,hardware,2024-05-15 07:04:00,2024-05-15 09:12:00,PM
DT-10215,PC1,powder_coat,2024-05-16 06:52:00,2024-05-16 09:45:00,breakdown
DT-10216,I1,inspection_pack,2024-05-16 07:34:00,2024-05-16 09:13:00,waiting for program
DT-10217,I1,inspection_pack,2024-05-16 10:27:00,2024-05-16 13:40:00,breakdown
DT-10218,B4,press_brake,2024-05-16 10:31:00,2024-05-16 12:37:00,breakdown
DT-10219,B2,press_brake,2024-05-16 19:25:00,2024-05-16 20:33:00,no operator
DT-10220,A1,assembly,2024-05-17 07:16:00,2024-05-17 08:54:00,no operator
DT-10221,W1,weld,2024-05-17 09:46:00,2024-05-17 10:53:00,no operator
DT-10222,W3,weld,2024-05-17 10:08:00,2024-05-17 14:00:00,breakdown
DT-10223,L1,laser,2024-05-17 11:37:00,2024-05-17 12:56:00,no operator
DT-10224,L3,laser,2024-05-17 12:12:00,2024-05-17 14:00:00,breakdown
DT-10225,B1,press_brake,2024-05-17 13:22:00,2024-05-17 14:00:00,breakdown
DT-10226,L3,laser,2024-05-20 07:05:00,2024-05-20 10:57:00,breakdown
DT-10227,W3,weld,2024-05-20 07:20:00,2024-05-20 11:00:00,breakdown
DT-10228,W4,weld,2024-05-20 12:16:00,2024-05-20 13:19:00,no operator
DT-10229,I2,inspection_pack,2024-05-20 12:45:00,2024-05-20 14:00:00,no operator
DT-10230,L3,laser,2024-05-20 20:26:00,2024-05-20 21:54:00,breakdown
DT-10231,P1,punch,2024-05-21 07:47:00,2024-05-21 10:49:00,PM
DT-10232,B2,press_brake,2024-05-21 17:18:00,2024-05-21 19:10:00,breakdown
DT-10233,B4,press_brake,2024-05-22 07:12:00,2024-05-22 11:00:00,PM
DT-10234,A1,assembly,2024-05-22 08:30:00,2024-05-22 11:26:00,PM
DT-10235,I2,inspection_pack,2024-05-22 10:48:00,2024-05-22 12:56:00,no operator
DT-10236,B5,press_brake,2024-05-22 11:00:00,2024-05-22 12:15:00,breakdown
DT-10237,B1,press_brake,2024-05-22 11:38:00,2024-05-22 14:00:00,breakdown
DT-10238,B2,press_brake,2024-05-22 18:18:00,2024-05-22 18:56:00,waiting for program
DT-10239,R1,robotic_weld,2024-05-23 06:05:00,2024-05-23 09:39:00,breakdown
DT-10240,B1,press_brake,2024-05-23 06:34:00,2024-05-23 07:44:00,waiting for program
DT-10241,A1,assembly,2024-05-23 08:33:00,2024-05-23 10:46:00,no operator
DT-10242,I2,inspection_pack,2024-05-23 09:22:00,2024-05-23 13:00:00,PM
DT-10243,B1,press_brake,2024-05-23 09:50:00,2024-05-23 11:25:00,breakdown
DT-10244,B1,press_brake,2024-05-23 13:19:00,2024-05-23 14:00:00,breakdown
DT-10245,W4,weld,2024-05-24 10:05:00,2024-05-24 12:26:00,breakdown
DT-10246,B5,press_brake,2024-05-24 12:19:00,2024-05-24 13:15:00,breakdown
DT-10247,L3,laser,2024-05-24 15:36:00,2024-05-24 18:45:00,breakdown
DT-10248,B2,press_brake,2024-05-24 20:16:00,2024-05-24 21:54:00,no operator
DT-10249,PC1,powder_coat,2024-05-28 10:50:00,2024-05-28 12:35:00,no operator
DT-10250,G2,grind_deburr,2024-05-28 12:46:00,2024-05-28 13:39:00,breakdown
DT-10251,W5,weld,2024-05-29 08:03:00,2024-05-29 11:48:00,breakdown
DT-10252,L3,laser,2024-05-29 21:41:00,2024-05-29 22:30:00,breakdown
DT-10253,P1,punch,2024-05-30 07:57:00,2024-05-30 10:07:00,PM
DT-10254,A1,assembly,2024-05-31 06:55:00,2024-05-31 09:16:00,breakdown
DT-10255,B4,press_brake,2024-05-31 09:11:00,2024-05-31 12:51:00,breakdown
DT-10256,L1,laser,2024-05-31 11:06:00,2024-05-31 12:47:00,breakdown
DT-10257,I2,inspection_pack,2024-05-31 11:58:00,2024-05-31 14:00:00,breakdown
DT-10258,L1,laser,2024-05-31 13:09:00,2024-05-31 14:00:00,PM
DT-10259,PC1,powder_coat,2024-06-03 07:02:00,2024-06-03 09:42:00,breakdown
DT-10260,G1,grind_deburr,2024-06-03 11:05:00,2024-06-03 13:14:00,PM
DT-10261,B1,press_brake,2024-06-03 18:46:00,2024-06-03 21:14:00,PM
DT-10262,B1,press_brake,2024-06-03 18:54:00,2024-06-03 21:09:00,PM
DT-10263,A2,assembly,2024-06-04 06:22:00,2024-06-04 09:44:00,breakdown
DT-10264,B4,press_brake,2024-06-04 06:45:00,2024-06-04 09:16:00,PM
DT-10265,L1,laser,2024-06-04 07:08:00,2024-06-04 07:41:00,waiting for program
DT-10266,L1,laser,2024-06-04 07:10:00,2024-06-04 07:55:00,breakdown
DT-10267,R1,robotic_weld,2024-06-04 09:51:00,2024-06-04 12:25:00,no operator
DT-10268,L1,laser,2024-06-05 10:21:00,2024-06-05 11:29:00,waiting for program
DT-10269,B4,press_brake,2024-06-06 07:10:00,2024-06-06 09:12:00,PM
DT-10270,B4,press_brake,2024-06-06 07:33:00,2024-06-06 09:30:00,breakdown
DT-10271,B1,press_brake,2024-06-06 18:02:00,2024-06-06 20:34:00,PM
DT-10272,W5,weld,2024-06-07 07:05:00,2024-06-07 07:38:00,breakdown
DT-10273,I1,inspection_pack,2024-06-07 07:25:00,2024-06-07 09:43:00,PM
DT-10274,W3,weld,2024-06-07 11:03:00,2024-06-07 12:59:00,no operator
DT-10275,B4,press_brake,2024-06-07 18:51:00,2024-06-07 20:00:00,no operator
DT-10276,B1,press_brake,2024-06-07 20:06:00,2024-06-07 22:02:00,waiting for program
DT-10277,W6,weld,2024-06-10 06:41:00,2024-06-10 07:51:00,breakdown
DT-10278,P1,punch,2024-06-10 08:27:00,2024-06-10 09:54:00,breakdown
DT-10279,G2,grind_deburr,2024-06-10 10:39:00,2024-06-10 13:23:00,breakdown
DT-10280,B1,press_brake,2024-06-10 19:38:00,2024-06-10 22:30:00,breakdown
DT-10281,B3,press_brake,2024-06-10 19:52:00,2024-06-10 22:15:00,PM
DT-10282,B4,press_brake,2024-06-10 20:22:00,2024-06-10 21:35:00,waiting for program
DT-10283,G1,grind_deburr,2024-06-12 07:00:00,2024-06-12 08:59:00,waiting for program
DT-10284,L2,laser,2024-06-12 09:27:00,2024-06-12 12:38:00,PM
DT-10285,G1,grind_deburr,2024-06-12 09:47:00,2024-06-12 12:15:00,no operator
DT-10286,B1,press_brake,2024-06-12 18:06:00,2024-06-12 21:34:00,PM
DT-10287,B4,press_brake,2024-06-12 19:09:00,2024-06-12 19:52:00,waiting for program
DT-10288,W2,weld,2024-06-13 08:27:00,2024-06-13 09:49:00,waiting for program
DT-10289,W4,weld,2024-06-13 10:42:00,2024-06-13 11:18:00,waiting for program
DT-10290,W6,weld,2024-06-13 12:39:00,2024-06-13 14:00:00,breakdown
DT-10291,I2,inspection_pack,2024-06-14 09:42:00,2024-06-14 10:54:00,waiting for program
DT-10292,P1,punch,2024-06-17 06:58:00,2024-06-17 09:10:00,breakdown
DT-10293,L1,laser,2024-06-17 09:30:00,2024-06-17 12:15:00,no operator
DT-10294,G1,grind_deburr,2024-06-17 11:32:00,2024-06-17 12:30:00,breakdown
DT-10295,L1,laser,2024-06-17 11:50:00,2024-06-17 12:24:00,breakdown
DT-10296,W4,weld,2024-06-17 13:07:00,2024-06-17 14:00:00,breakdown
DT-10297,B1,press_brake,2024-06-17 18:34:00,2024-06-17 21:48:00,PM
DT-10298,L1,laser,2024-06-18 06:19:00,2024-06-18 10:01:00,breakdown
DT-10299,H1,hardware,2024-06-18 08:58:00,2024-06-18 10:40:00,breakdown
DT-10300,W6,weld,2024-06-18 09:02:00,2024-06-18 11:44:00,no operator
DT-10301,W3,weld,2024-06-18 09:21:00,2024-06-18 12:13:00,PM
DT-10302,I1,inspection_pack,2024-06-19 08:24:00,2024-06-19 12:20:00,PM
DT-10303,A1,assembly,2024-06-19 09:15:00,2024-06-19 12:56:00,PM
DT-10304,A2,assembly,2024-06-19 13:02:00,2024-06-19 14:00:00,breakdown
DT-10305,A2,assembly,2024-06-20 08:07:00,2024-06-20 11:09:00,breakdown
DT-10306,B3,press_brake,2024-06-20 18:57:00,2024-06-20 21:47:00,breakdown
DT-10307,G2,grind_deburr,2024-06-21 09:50:00,2024-06-21 13:05:00,breakdown
DT-10308,W3,weld,2024-06-24 07:20:00,2024-06-24 09:50:00,PM
DT-10309,B3,press_brake,2024-06-24 11:40:00,2024-06-24 14:00:00,breakdown
DT-10310,L2,laser,2024-06-24 20:06:00,2024-06-24 22:30:00,PM
DT-10311,W4,weld,2024-06-25 06:05:00,2024-06-25 07:28:00,no operator
DT-10312,B2,press_brake,2024-06-25 09:55:00,2024-06-25 12:13:00,PM
DT-10313,B2,press_brake,2024-06-25 17:34:00,2024-06-25 18:39:00,breakdown
DT-10314,A2,assembly,2024-06-26 07:04:00,2024-06-26 08:05:00,breakdown
DT-10315,B2,press_brake,2024-06-26 09:39:00,2024-06-26 11:31:00,waiting for program
DT-10316,B3,press_brake,2024-06-26 09:59:00,2024-06-26 13:17:00,breakdown
DT-10317,L2,laser,2024-06-26 10:00:00,2024-06-26 11:06:00,breakdown
DT-10318,B4,press_brake,2024-06-26 15:05:00,2024-06-26 16:30:00,waiting for program
DT-10319,B2,press_brake,2024-06-27 06:20:00,2024-06-27 08:49:00,breakdown
DT-10320,B5,press_brake,2024-06-27 07:46:00,2024-06-27 11:14:00,breakdown
DT-10321,B1,press_brake,2024-06-28 09:16:00,2024-06-28 11:06:00,breakdown
DT-10322,I2,inspection_pack,2024-06-28 09:39:00,2024-06-28 12:42:00,breakdown
DT-10323,L2,laser,2024-06-28 11:00:00,2024-06-28 13:19:00,breakdown
DT-10324,L2,laser,2024-06-28 11:15:00,2024-06-28 12:33:00,breakdown
DT-10325,R1,robotic_weld,2024-07-02 10:32:00,2024-07-02 14:00:00,PM
DT-10326,H2,hardware,2024-07-02 11:17:00,2024-07-02 12:00:00,breakdown
DT-10327,B2,press_brake,2024-07-02 18:09:00,2024-07-02 20:31:00,no operator
DT-10328,L1,laser,2024-07-03 09:20:00,2024-07-03 13:14:00,breakdown
DT-10329,B3,press_brake,2024-07-05 07:58:00,2024-07-05 09:58:00,breakdown
DT-10330,H2,hardware,2024-07-08 08:58:00,2024-07-08 11:04:00,PM
DT-10331,W1,weld,2024-07-08 09:39:00,2024-07-08 12:25:00,breakdown
DT-10332,I1,inspection_pack,2024-07-08 09:43:00,2024-07-08 10:29:00,breakdown
DT-10333,B5,press_brake,2024-07-08 11:13:00,2024-07-08 13:14:00,breakdown
DT-10334,L3,laser,2024-07-08 16:16:00,2024-07-08 19:22:00,PM
DT-10335,P1,punch,2024-07-10 06:08:00,2024-07-10 08:51:00,no operator
DT-10336,W4,weld,2024-07-10 07:13:00,2024-07-10 11:10:00,breakdown
DT-10337,W1,weld,2024-07-10 09:39:00,2024-07-10 12:13:00,PM
DT-10338,A2,assembly,2024-07-11 08:50:00,2024-07-11 12:40:00,breakdown
DT-10339,W5,weld,2024-07-11 10:26:00,2024-07-11 13:03:00,PM
DT-10340,L1,laser,2024-07-11 13:16:00,2024-07-11 14:00:00,breakdown
DT-10341,B5,press_brake,2024-07-11 13:28:00,2024-07-11 14:00:00,no operator
DT-10342,B4,press_brake,2024-07-11 18:20:00,2024-07-11 20:30:00,breakdown
DT-10343,I2,inspection_pack,2024-07-12 09:36:00,2024-07-12 11:48:00,PM
DT-10344,B1,press_brake,2024-07-12 17:38:00,2024-07-12 18:21:00,waiting for program
DT-10345,B2,press_brake,2024-07-12 20:26:00,2024-07-12 22:30:00,PM
DT-10346,R1,robotic_weld,2024-07-15 08:02:00,2024-07-15 08:40:00,waiting for program
DT-10347,L3,laser,2024-07-15 09:11:00,2024-07-15 12:12:00,breakdown
DT-10348,B4,press_brake,2024-07-15 09:41:00,2024-07-15 13:33:00,PM
DT-10349,B1,press_brake,2024-07-15 15:15:00,2024-07-15 18:42:00,PM
DT-10350,L2,laser,2024-07-16 16:23:00,2024-07-16 20:07:00,breakdown
DT-10351,B1,press_brake,2024-07-16 21:28:00,2024-07-16 22:30:00,PM
DT-10352,G1,grind_deburr,2024-07-17 07:02:00,2024-07-17 09:31:00,PM
DT-10353,H1,hardware,2024-07-17 07:26:00,2024-07-17 10:07:00,breakdown
DT-10354,L2,laser,2024-07-17 16:27:00,2024-07-17 18:32:00,PM
DT-10355,L3,laser,2024-07-17 18:20:00,2024-07-17 22:06:00,PM
DT-10356,P1,punch,2024-07-18 06:27:00,2024-07-18 08:26:00,no operator
DT-10357,W5,weld,2024-07-18 06:32:00,2024-07-18 09:11:00,breakdown
DT-10358,L1,laser,2024-07-18 08:34:00,2024-07-18 10:03:00,no operator
DT-10359,H2,hardware,2024-07-18 09:12:00,2024-07-18 11:11:00,waiting for program
DT-10360,I2,inspection_pack,2024-07-18 12:26:00,2024-07-18 14:00:00,PM
DT-10361,L3,laser,2024-07-18 12:39:00,2024-07-18 14:00:00,PM
DT-10362,W5,weld,2024-07-18 12:50:00,2024-07-18 14:00:00,PM
DT-10363,L1,laser,2024-07-18 13:04:00,2024-07-18 14:00:00,waiting for program
DT-10364,A2,assembly,2024-07-19 07:12:00,2024-07-19 10:21:00,PM
DT-10365,L2,laser,2024-07-19 12:58:00,2024-07-19 14:00:00,waiting for program
DT-10366,W3,weld,2024-07-22 06:44:00,2024-07-22 08:50:00,breakdown
DT-10367,A2,assembly,2024-07-22 07:22:00,2024-07-22 09:34:00,no operator
DT-10368,W2,weld,2024-07-22 10:18:00,2024-07-22 11:56:00,breakdown
DT-10369,L2,laser,2024-07-22 17:11:00,2024-07-22 18:51:00,breakdown
DT-10370,L1,laser,2024-07-23 10:45:00,2024-07-23 13:18:00,breakdown
DT-10371,W1,weld,2024-07-23 10:57:00,2024-07-23 13:53:00,PM
DT-10372,L1,laser,2024-07-23 12:21:00,2024-07-23 14:00:00,PM
DT-10373,A2,assembly,2024-07-24 07:42:00,2024-07-24 09:52:00,breakdown
DT-10374,L1,laser,2024-07-24 08:56:00,2024-07-24 10:07:00,breakdown
DT-10375,L3,laser,2024-07-24 15:34:00,2024-07-24 16:42:00,breakdown
DT-10376,R1,robotic_weld,2024-07-25 08:01:00,2024-07-25 08:48:00,breakdown
DT-10377,H1,hardware,2024-07-25 10:15:00,2024-07-25 11:29:00,breakdown
DT-10378,L1,laser,2024-07-25 13:28:00,2024-07-25 14:00:00,waiting for program
DT-10379,W4,weld,2024-07-26 07:49:00,2024-07-26 09:30:00,breakdown
DT-10380,A1,assembly,2024-07-26 08:47:00,2024-07-26 09:36:00,breakdown
DT-10381,L1,laser,2024-07-29 11:08:00,2024-07-29 12:57:00,breakdown
DT-10382,W2,weld,2024-07-29 13:04:00,2024-07-29 14:00:00,breakdown
DT-10383,B1,press_brake,2024-07-29 13:22:00,2024-07-29 14:00:00,PM
DT-10384,W2,weld,2024-07-31 06:44:00,2024-07-31 09:59:00,breakdown
DT-10385,P1,punch,2024-07-31 10:15:00,2024-07-31 12:37:00,breakdown
DT-10386,PC1,powder_coat,2024-07-31 10:59:00,2024-07-31 13:58:00,PM
DT-10387,L1,laser,2024-08-01 06:23:00,2024-08-01 08:26:00,breakdown
DT-10388,B2,press_brake,2024-08-01 07:52:00,2024-08-01 11:52:00,breakdown
DT-10389,A1,assembly,2024-08-01 08:12:00,2024-08-01 10:25:00,breakdown
DT-10390,W1,weld,2024-08-01 09:21:00,2024-08-01 11:14:00,waiting for program
DT-10391,L3,laser,2024-08-02 06:13:00,2024-08-02 07:29:00,breakdown
DT-10392,W1,weld,2024-08-02 09:00:00,2024-08-02 10:00:00,breakdown
DT-10393,R1,robotic_weld,2024-08-02 10:22:00,2024-08-02 12:46:00,PM
DT-10394,B2,press_brake,2024-08-02 14:49:00,2024-08-02 16:31:00,breakdown
DT-10395,B2,press_brake,2024-08-02 17:03:00,2024-08-02 20:48:00,PM
DT-10396,G2,grind_deburr,2024-08-05 06:05:00,2024-08-05 09:19:00,breakdown
DT-10397,A1,assembly,2024-08-06 06:39:00,2024-08-06 08:09:00,waiting for program
DT-10398,W3,weld,2024-08-06 07:15:00,2024-08-06 09:59:00,breakdown
DT-10399,G2,grind_deburr,2024-08-06 11:38:00,2024-08-06 14:00:00,breakdown
DT-10400,B2,press_brake,2024-08-06 12:09:00,2024-08-06 13:32:00,breakdown
DT-10401,G2,grind_deburr,2024-08-06 12:44:00,2024-08-06 13:56:00,waiting for program
DT-10402,L1,laser,2024-08-07 09:33:00,2024-08-07 13:15:00,PM
DT-10403,L1,laser,2024-08-07 09:47:00,2024-08-07 11:08:00,no operator
DT-10404,B1,press_brake,2024-08-07 10:35:00,2024-08-07 13:39:00,breakdown
DT-10405,B5,press_brake,2024-08-08 06:52:00,2024-08-08 08:35:00,no operator
DT-10406,H1,hardware,2024-08-08 06:56:00,2024-08-08 10:28:00,breakdown
DT-10407,A1,assembly,2024-08-08 07:01:00,2024-08-08 10:51:00,breakdown
DT-10408,B1,press_brake,2024-08-08 12:20:00,2024-08-08 14:00:00,PM
DT-10409,B4,press_brake,2024-08-09 06:40:00,2024-08-09 07:39:00,breakdown
DT-10410,L3,laser,2024-08-09 06:56:00,2024-08-09 07:32:00,breakdown
DT-10411,W1,weld,2024-08-09 07:04:00,2024-08-09 09:04:00,breakdown
DT-10412,P1,punch,2024-08-09 11:15:00,2024-08-09 14:00:00,breakdown
DT-10413,L1,laser,2024-08-09 12:20:00,2024-08-09 14:00:00,breakdown
DT-10414,B4,press_brake,2024-08-12 07:41:00,2024-08-12 09:07:00,breakdown
DT-10415,W4,weld,2024-08-12 10:25:00,2024-08-12 11:21:00,breakdown
DT-10416,I2,inspection_pack,2024-08-12 11:47:00,2024-08-12 13:24:00,breakdown
DT-10417,I1,inspection_pack,2024-08-13 08:10:00,2024-08-13 11:42:00,breakdown
DT-10418,W1,weld,2024-08-13 08:57:00,2024-08-13 10:45:00,breakdown
DT-10419,P1,punch,2024-08-13 10:49:00,2024-08-13 12:36:00,breakdown
DT-10420,G2,grind_deburr,2024-08-13 13:29:00,2024-08-13 14:00:00,breakdown
DT-10421,A2,assembly,2024-08-14 09:28:00,2024-08-14 10:47:00,waiting for program
DT-10422,B3,press_brake,2024-08-14 11:16:00,2024-08-14 12:58:00,breakdown
DT-10423,L1,laser,2024-08-15 07:04:00,2024-08-15 08:06:00,no operator
DT-10424,B4,press_brake,2024-08-15 07:51:00,2024-08-15 09:48:00,breakdown
DT-10425,L3,laser,2024-08-15 08:19:00,2024-08-15 11:24:00,breakdown
DT-10426,L2,laser,2024-08-15 08:58:00,2024-08-15 12:23:00,breakdown
DT-10427,W3,weld,2024-08-15 11:37:00,2024-08-15 13:11:00,waiting for program
DT-10428,W5,weld,2024-08-16 10:08:00,2024-08-16 10:50:00,waiting for program
DT-10429,B2,press_brake,2024-08-19 07:39:00,2024-08-19 10:12:00,breakdown
DT-10430,W5,weld,2024-08-19 09:39:00,2024-08-19 10:13:00,breakdown
DT-10431,I2,inspection_pack,2024-08-20 06:57:00,2024-08-20 10:51:00,PM
DT-10432,B1,press_brake,2024-08-20 11:57:00,2024-08-20 14:00:00,PM
DT-10433,B3,press_brake,2024-08-20 20:04:00,2024-08-20 22:30:00,breakdown
DT-10434,L3,laser,2024-08-20 20:11:00,2024-08-20 22:30:00,PM
DT-10435,L3,laser,2024-08-21 08:46:00,2024-08-21 09:17:00,waiting for program
DT-10436,L3,laser,2024-08-21 09:03:00,2024-08-21 11:22:00,breakdown
DT-10437,H1,hardware,2024-08-21 09:36:00,2024-08-21 12:20:00,PM
DT-10438,H1,hardware,2024-08-21 11:15:00,2024-08-21 14:00:00,breakdown
DT-10439,A2,assembly,2024-08-21 12:30:00,2024-08-21 14:00:00,PM
DT-10440,H2,hardware,2024-08-21 13:13:00,2024-08-21 14:00:00,PM
DT-10441,B3,press_brake,2024-08-22 07:26:00,2024-08-22 08:42:00,no operator
DT-10442,B3,press_brake,2024-08-22 12:38:00,2024-08-22 14:00:00,breakdown
DT-10443,L1,laser,2024-08-22 13:17:00,2024-08-22 14:00:00,PM
DT-10444,P1,punch,2024-08-23 10:28:00,2024-08-23 11:38:00,breakdown
DT-10445,I2,inspection_pack,2024-08-23 12:29:00,2024-08-23 14:00:00,breakdown
DT-10446,W5,weld,2024-08-26 10:30:00,2024-08-26 12:44:00,PM
DT-10447,W3,weld,2024-08-26 10:47:00,2024-08-26 11:59:00,breakdown
DT-10448,B5,press_brake,2024-08-27 10:16:00,2024-08-27 12:18:00,no operator
DT-10449,P1,punch,2024-08-27 13:29:00,2024-08-27 14:00:00,no operator
DT-10450,I2,inspection_pack,2024-08-28 10:36:00,2024-08-28 13:46:00,breakdown
DT-10451,B1,press_brake,2024-08-28 11:22:00,2024-08-28 12:15:00,breakdown
DT-10452,W2,weld,2024-08-28 12:11:00,2024-08-28 14:00:00,breakdown
DT-10453,A2,assembly,2024-08-28 13:00:00,2024-08-28 14:00:00,no operator
DT-10454,B4,press_brake,2024-08-29 07:21:00,2024-08-29 08:40:00,breakdown
DT-10455,B1,press_brake,2024-08-29 12:54:00,2024-08-29 14:00:00,PM
DT-10456,B2,press_brake,2024-08-29 17:59:00,2024-08-29 20:24:00,PM
DT-10457,L3,laser,2024-08-29 18:14:00,2024-08-29 20:24:00,breakdown
DT-10458,H1,hardware,2024-08-30 12:11:00,2024-08-30 14:00:00,breakdown
DT-10459,B1,press_brake,2024-08-30 17:59:00,2024-08-30 21:44:00,PM
DT-10460,L1,laser,2024-09-03 07:43:00,2024-09-03 09:10:00,breakdown
DT-10461,L1,laser,2024-09-03 12:26:00,2024-09-03 14:00:00,no operator
DT-10462,B4,press_brake,2024-09-03 15:24:00,2024-09-03 17:54:00,no operator
DT-10463,A2,assembly,2024-09-04 06:03:00,2024-09-04 09:01:00,PM
DT-10464,P1,punch,2024-09-04 07:01:00,2024-09-04 08:46:00,breakdown
DT-10465,G1,grind_deburr,2024-09-05 07:44:00,2024-09-05 10:44:00,PM
DT-10466,B2,press_brake,2024-09-05 08:55:00,2024-09-05 12:02:00,breakdown
DT-10467,H1,hardware,2024-09-05 10:51:00,2024-09-05 14:00:00,breakdown
DT-10468,G2,grind_deburr,2024-09-05 11:39:00,2024-09-05 13:31:00,waiting for program
DT-10469,B2,press_brake,2024-09-06 11:29:00,2024-09-06 14:00:00,breakdown
DT-10470,B5,press_brake,2024-09-09 13:17:00,2024-09-09 14:00:00,no operator
DT-10471,P1,punch,2024-09-10 08:22:00,2024-09-10 08:52:00,waiting for program
DT-10472,B2,press_brake,2024-09-10 09:04:00,2024-09-10 12:35:00,PM
DT-10473,I1,inspection_pack,2024-09-10 13:11:00,2024-09-10 14:00:00,PM
DT-10474,L3,laser,2024-09-11 06:42:00,2024-09-11 10:01:00,PM
DT-10475,B5,press_brake,2024-09-11 09:24:00,2024-09-11 10:30:00,no operator
DT-10476,H1,hardware,2024-09-11 11:09:00,2024-09-11 12:51:00,no operator
DT-10477,W5,weld,2024-09-11 11:13:00,2024-09-11 14:00:00,PM
DT-10478,L3,laser,2024-09-11 11:49:00,2024-09-11 13:24:00,waiting for program
DT-10479,W1,weld,2024-09-12 08:48:00,2024-09-12 11:29:00,PM
DT-10480,P1,punch,2024-09-12 11:57:00,2024-09-12 14:00:00,PM
DT-10481,L2,laser,2024-09-12 12:39:00,2024-09-12 13:11:00,waiting for program
DT-10482,W1,weld,2024-09-13 08:30:00,2024-09-13 10:02:00,breakdown
DT-10483,I1,inspection_pack,2024-09-13 08:55:00,2024-09-13 12:07:00,breakdown
DT-10484,I2,inspection_pack,2024-09-13 13:20:00,2024-09-13 14:00:00,PM
DT-10485,B4,press_brake,2024-09-13 18:04:00,2024-09-13 21:01:00,breakdown
DT-10486,L2,laser,2024-09-13 21:02:00,2024-09-13 22:30:00,PM
DT-10487,B5,press_brake,2024-09-16 06:26:00,2024-09-16 08:11:00,no operator
DT-10488,L1,laser,2024-09-16 08:44:00,2024-09-16 09:37:00,breakdown
DT-10489,L1,laser,2024-09-17 06:09:00,2024-09-17 08:19:00,no operator
DT-10490,I1,inspection_pack,2024-09-17 08:09:00,2024-09-17 12:04:00,PM
DT-10491,W3,weld,2024-09-17 12:29:00,2024-09-17 14:00:00,PM
DT-10492,L2,laser,2024-09-17 18:12:00,2024-09-17 22:00:00,breakdown
DT-10493,B1,press_brake,2024-09-18 06:30:00,2024-09-18 09:49:00,PM
DT-10494,W3,weld,2024-09-18 07:39:00,2024-09-18 11:26:00,PM
DT-10495,I2,inspection_pack,2024-09-18 08:29:00,2024-09-18 09:00:00,waiting for program
DT-10496,W2,weld,2024-09-18 12:29:00,2024-09-18 13:48:00,breakdown
DT-10497,B2,press_brake,2024-09-18 16:42:00,2024-09-18 20:07:00,PM
DT-10498,L2,laser,2024-09-18 17:56:00,2024-09-18 20:30:00,breakdown
DT-10499,L3,laser,2024-09-18 20:01:00,2024-09-18 22:30:00,breakdown
DT-10500,B2,press_brake,2024-09-19 16:02:00,2024-09-19 17:15:00,no operator
DT-10501,B4,press_brake,2024-09-19 17:08:00,2024-09-19 19:31:00,PM
DT-10502,B1,press_brake,2024-09-19 20:01:00,2024-09-19 22:19:00,PM
DT-10503,B1,press_brake,2024-09-19 20:32:00,2024-09-19 21:52:00,waiting for program
DT-10504,I2,inspection_pack,2024-09-20 06:11:00,2024-09-20 07:45:00,no operator
DT-10505,P1,punch,2024-09-20 06:39:00,2024-09-20 08:29:00,waiting for program
DT-10506,B2,press_brake,2024-09-20 06:42:00,2024-09-20 07:19:00,waiting for program
DT-10507,H1,hardware,2024-09-20 08:43:00,2024-09-20 12:06:00,PM
DT-10508,L1,laser,2024-09-20 09:56:00,2024-09-20 13:11:00,breakdown
DT-10509,W4,weld,2024-09-20 11:15:00,2024-09-20 14:00:00,PM
DT-10510,B3,press_brake,2024-09-20 11:39:00,2024-09-20 14:00:00,PM
DT-10511,B5,press_brake,2024-09-23 06:11:00,2024-09-23 07:09:00,breakdown
DT-10512,G1,grind_deburr,2024-09-23 11:26:00,2024-09-23 12:28:00,waiting for program
DT-10513,B5,press_brake,2024-09-23 11:50:00,2024-09-23 13:05:00,no operator
DT-10514,L2,laser,2024-09-23 12:16:00,2024-09-23 13:24:00,breakdown
DT-10515,L1,laser,2024-09-24 06:38:00,2024-09-24 08:30:00,waiting for program
DT-10516,A1,assembly,2024-09-24 07:51:00,2024-09-24 09:43:00,breakdown
DT-10517,R1,robotic_weld,2024-09-24 12:18:00,2024-09-24 14:00:00,breakdown
DT-10518,H1,hardware,2024-09-24 13:14:00,2024-09-24 14:00:00,no operator
DT-10519,A2,assembly,2024-09-25 07:20:00,2024-09-25 10:43:00,breakdown
DT-10520,W3,weld,2024-09-25 08:31:00,2024-09-25 11:18:00,PM
DT-10521,H1,hardware,2024-09-25 10:04:00,2024-09-25 13:25:00,breakdown
DT-10522,B2,press_brake,2024-09-25 10:39:00,2024-09-25 11:55:00,no operator
DT-10523,L2,laser,2024-09-25 11:41:00,2024-09-25 13:59:00,no operator
DT-10524,A2,assembly,2024-09-25 13:27:00,2024-09-25 14:00:00,waiting for program
DT-10525,B1,press_brake,2024-09-25 17:27:00,2024-09-25 18:08:00,waiting for program
DT-10526,L1,laser,2024-09-26 06:41:00,2024-09-26 08:14:00,breakdown
DT-10527,L2,laser,2024-09-26 07:24:00,2024-09-26 09:31:00,breakdown
DT-10528,L3,laser,2024-09-26 09:39:00,2024-09-26 11:23:00,waiting for program
DT-10529,B1,press_brake,2024-09-26 10:20:00,2024-09-26 10:55:00,breakdown
DT-10530,H1,hardware,2024-09-26 12:57:00,2024-09-26 13:38:00,breakdown
DT-10531,B1,press_brake,2024-09-26 18:02:00,2024-09-26 20:21:00,no operator
DT-10532,B1,press_brake,2024-09-26 20:32:00,2024-09-26 22:30:00,PM
DT-10533,B1,press_brake,2024-09-26 20:48:00,2024-09-26 21:26:00,waiting for program
DT-10534,B5,press_brake,2024-09-27 06:07:00,2024-09-27 08:22:00,PM
DT-10535,H1,hardware,2024-09-27 08:10:00,2024-09-27 11:58:00,breakdown
DT-10536,L3,laser,2024-09-27 09:23:00,2024-09-27 11:39:00,PM
DT-10537,A1,assembly,2024-09-27 13:21:00,2024-09-27 14:00:00,breakdown
DT-10538,B3,press_brake,2024-09-27 15:41:00,2024-09-27 18:25:00,PM
DT-10539,B2,press_brake,2024-09-30 08:03:00,2024-09-30 10:07:00,no operator
DT-10540,W6,weld,2024-09-30 08:27:00,2024-09-30 10:21:00,waiting for program
DT-10541,W4,weld,2024-09-30 09:28:00,2024-09-30 10:41:00,waiting for program
DT-10542,B5,press_brake,2024-09-30 11:14:00,2024-09-30 12:52:00,waiting for program
DT-10543,B2,press_brake,2024-09-30 11:25:00,2024-09-30 14:00:00,breakdown
DT-10544,B2,press_brake,2024-09-30 12:52:00,2024-09-30 14:00:00,no operator
DT-10545,G2,grind_deburr,2024-09-30 13:24:00,2024-09-30 14:00:00,PM
DT-10546,G2,grind_deburr,2024-10-01 10:08:00,2024-10-01 11:31:00,no operator
DT-10547,B2,press_brake,2024-10-01 20:12:00,2024-10-01 21:09:00,waiting for program
DT-10548,L1,laser,2024-10-02 07:39:00,2024-10-02 09:40:00,breakdown
DT-10549,G1,grind_deburr,2024-10-02 08:46:00,2024-10-02 11:13:00,breakdown
DT-10550,H1,hardware,2024-10-03 09:43:00,2024-10-03 12:58:00,PM
DT-10551,L3,laser,2024-10-03 10:18:00,2024-10-03 12:01:00,no operator
DT-10552,R1,robotic_weld,2024-10-03 12:10:00,2024-10-03 13:16:00,waiting for program
DT-10553,A2,assembly,2024-10-03 12:40:00,2024-10-03 14:00:00,no operator
DT-10554,L1,laser,2024-10-04 06:19:00,2024-10-04 07:02:00,breakdown
DT-10555,W4,weld,2024-10-04 06:34:00,2024-10-04 10:31:00,breakdown
DT-10556,PC1,powder_coat,2024-10-04 08:34:00,2024-10-04 11:48:00,PM
DT-10557,L3,laser,2024-10-04 09:54:00,2024-10-04 13:25:00,PM
DT-10558,G1,grind_deburr,2024-10-07 12:47:00,2024-10-07 14:00:00,breakdown
DT-10559,W5,weld,2024-10-08 06:57:00,2024-10-08 09:20:00,PM
DT-10560,W2,weld,2024-10-09 09:50:00,2024-10-09 12:51:00,breakdown
DT-10561,W4,weld,2024-10-09 11:24:00,2024-10-09 12:35:00,breakdown
DT-10562,B4,press_brake,2024-10-09 14:38:00,2024-10-09 16:42:00,breakdown
DT-10563,B1,press_brake,2024-10-09 15:09:00,2024-10-09 17:57:00,breakdown
DT-10564,B4,press_brake,2024-10-09 20:13:00,2024-10-09 21:16:00,waiting for program
DT-10565,I1,inspection_pack,2024-10-10 13:00:00,2024-10-10 14:00:00,breakdown
DT-10566,L1,laser,2024-10-11 06:27:00,2024-10-11 10:07:00,breakdown
DT-10567,R1,robotic_weld,2024-10-11 08:19:00,2024-10-11 12:06:00,breakdown
DT-10568,B1,press_brake,2024-10-11 11:09:00,2024-10-11 13:53:00,breakdown
DT-10569,W1,weld,2024-10-11 11:58:00,2024-10-11 14:00:00,PM
DT-10570,I1,inspection_pack,2024-10-11 12:54:00,2024-10-11 13:55:00,breakdown
DT-10571,L3,laser,2024-10-11 16:02:00,2024-10-11 19:49:00,PM
DT-10572,B3,press_brake,2024-10-11 16:12:00,2024-10-11 19:18:00,PM
DT-10573,B2,press_brake,2024-10-11 18:41:00,2024-10-11 21:36:00,no operator
DT-10574,B2,press_brake,2024-10-11 21:07:00,2024-10-11 22:23:00,breakdown
DT-10575,G1,grind_deburr,2024-10-14 06:53:00,2024-10-14 07:45:00,breakdown
DT-10576,I1,inspection_pack,2024-10-14 06:58:00,2024-10-14 09:03:00,no operator
DT-10577,B4,press_brake,2024-10-14 07:12:00,2024-10-14 08:22:00,breakdown
DT-10578,H2,hardware,2024-10-14 07:24:00,2024-10-14 11:16:00,breakdown
DT-10579,W3,weld,2024-10-15 09:24:00,2024-10-15 11:42:00,no operator
DT-10580,W5,weld,2024-10-15 11:38:00,2024-10-15 14:00:00,PM
DT-10581,A2,assembly,2024-10-16 07:00:00,2024-10-16 08:06:00,breakdown
DT-10582,W6,weld,2024-10-16 11:10:00,2024-10-16 14:00:00,PM
DT-10583,W1,weld,2024-10-16 12:04:00,2024-10-16 14:00:00,breakdown
DT-10584,B3,press_brake,2024-10-16 12:28:00,2024-10-16 14:00:00,PM
DT-10585,H2,hardware,2024-10-17 06:36:00,2024-10-17 08:47:00,no operator
DT-10586,L3,laser,2024-10-17 11:02:00,2024-10-17 13:55:00,PM
DT-10587,A1,assembly,2024-10-18 06:07:00,2024-10-18 07:15:00,no operator
DT-10588,L3,laser,2024-10-18 08:02:00,2024-10-18 11:10:00,breakdown
DT-10589,G1,grind_deburr,2024-10-21 07:48:00,2024-10-21 10:00:00,PM
DT-10590,W2,weld,2024-10-21 12:01:00,2024-10-21 14:00:00,breakdown
DT-10591,A1,assembly,2024-10-21 13:24:00,2024-10-21 14:00:00,breakdown
DT-10592,G1,grind_deburr,2024-10-22 07:39:00,2024-10-22 10:31:00,breakdown
DT-10593,H2,hardware,2024-10-22 09:34:00,2024-10-22 11:23:00,no operator
DT-10594,P1,punch,2024-10-22 10:12:00,2024-10-22 14:00:00,PM
DT-10595,I1,inspection_pack,2024-10-22 12:05:00,2024-10-22 14:00:00,PM
DT-10596,B1,press_brake,2024-10-22 14:52:00,2024-10-22 18:39:00,PM
DT-10597,B2,press_brake,2024-10-23 11:10:00,2024-10-23 14:00:00,PM
DT-10598,W3,weld,2024-10-24 08:03:00,2024-10-24 10:34:00,PM
DT-10599,L1,laser,2024-10-24 10:42:00,2024-10-24 12:59:00,breakdown
DT-10600,B1,press_brake,2024-10-24 19:16:00,2024-10-24 21:22:00,no operator
DT-10601,H2,hardware,2024-10-25 07:20:00,2024-10-25 08:12:00,breakdown
DT-10602,L1,laser,2024-10-25 10:30:00,2024-10-25 12:32:00,breakdown
DT-10603,L2,laser,2024-10-25 12:17:00,2024-10-25 14:00:00,no operator
DT-10604,L2,laser,2024-10-25 14:57:00,2024-10-25 18:14:00,PM
DT-10605,B4,press_brake,2024-10-25 21:42:00,2024-10-25 22:30:00,PM
DT-10606,W2,weld,2024-10-28 08:28:00,2024-10-28 10:52:00,no operator
DT-10607,L1,laser,2024-10-28 09:07:00,2024-10-28 10:23:00,breakdown
DT-10608,H2,hardware,2024-10-28 09:30:00,2024-10-28 11:36:00,PM
DT-10609,B1,press_brake,2024-10-28 21:36:00,2024-10-28 22:30:00,PM
DT-10610,R1,robotic_weld,2024-10-29 06:46:00,2024-10-29 07:48:00,breakdown
DT-10611,L1,laser,2024-10-29 11:33:00,2024-10-29 12:50:00,no operator
DT-10612,W2,weld,2024-10-29 12:10:00,2024-10-29 14:00:00,breakdown
DT-10613,B4,press_brake,2024-10-29 15:32:00,2024-10-29 17:07:00,waiting for program
DT-10614,B3,press_brake,2024-10-29 16:37:00,2024-10-29 17:55:00,breakdown
DT-10615,I2,inspection_pack,2024-10-30 11:32:00,2024-10-30 13:31:00,breakdown
DT-10616,PC1,powder_coat,2024-10-30 11:44:00,2024-10-30 14:00:00,PM
DT-10617,W6,weld,2024-10-30 13:00:00,2024-10-30 14:00:00,PM
DT-10618,R1,robotic_weld,2024-11-01 11:38:00,2024-11-01 12:15:00,breakdown
DT-10619,H1,hardware,2024-11-04 07:25:00,2024-11-04 08:38:00,breakdown
DT-10620,B4,press_brake,2024-11-04 08:45:00,2024-11-04 10:05:00,no operator
DT-10621,I1,inspection_pack,2024-11-04 10:13:00,2024-11-04 12:32:00,breakdown
DT-10622,L2,laser,2024-11-05 09:14:00,2024-11-05 11:11:00,no operator
DT-10623,G2,grind_deburr,2024-11-05 09:37:00,2024-11-05 11:41:00,no operator
DT-10624,I1,inspection_pack,2024-11-05 10:12:00,2024-11-05 13:32:00,PM
DT-10625,L1,laser,2024-11-06 11:36:00,2024-11-06 13:22:00,waiting for program
DT-10626,W2,weld,2024-11-06 11:55:00,2024-11-06 14:00:00,no operator
DT-10627,B1,press_brake,2024-11-06 19:10:00,2024-11-06 22:11:00,PM
DT-10628,A1,assembly,2024-11-07 06:35:00,2024-11-07 09:15:00,breakdown
DT-10629,B2,press_brake,2024-11-07 11:38:00,2024-11-07 13:56:00,no operator
DT-10630,L3,laser,2024-11-07 12:04:00,2024-11-07 14:00:00,PM
DT-10631,L2,laser,2024-11-07 13:12:00,2024-11-07 14:00:00,no operator
DT-10632,L3,laser,2024-11-08 07:38:00,2024-11-08 11:22:00,PM
DT-10633,B1,press_brake,2024-11-08 08:56:00,2024-11-08 11:59:00,PM
DT-10634,W5,weld,2024-11-08 10:37:00,2024-11-08 11:36:00,breakdown
DT-10635,L2,laser,2024-11-11 08:53:00,2024-11-11 11:32:00,breakdown
DT-10636,G1,grind_deburr,2024-11-11 12:11:00,2024-11-11 14:00:00,PM
DT-10637,B2,press_brake,2024-11-11 21:34:00,2024-11-11 22:30:00,no operator
DT-10638,W1,weld,2024-11-12 06:19:00,2024-11-12 07:20:00,waiting for program
DT-10639,B5,press_brake,2024-11-12 06:43:00,2024-11-12 08:44:00,PM
DT-10640,L2,laser,2024-11-12 07:32:00,2024-11-12 10:44:00,breakdown
DT-10641,L1,laser,2024-11-13 06:29:00,2024-11-13 09:26:00,breakdown
DT-10642,H1,hardware,2024-11-14 09:42:00,2024-11-14 13:25:00,PM
DT-10643,B1,press_brake,2024-11-14 12:58:00,2024-11-14 14:00:00,no operator
DT-10644,B4,press_brake,2024-11-14 18:38:00,2024-11-14 21:21:00,no operator
DT-10645,L2,laser,2024-11-14 19:32:00,2024-11-14 21:46:00,no operator
DT-10646,L2,laser,2024-11-14 20:43:00,2024-11-14 21:14:00,breakdown
DT-10647,B2,press_brake,2024-11-14 20:49:00,2024-11-14 22:30:00,PM
DT-10648,W2,weld,2024-11-15 12:37:00,2024-11-15 14:00:00,breakdown
DT-10649,A1,assembly,2024-11-18 08:33:00,2024-11-18 10:55:00,PM
DT-10650,I2,inspection_pack,2024-11-18 10:29:00,2024-11-18 13:47:00,breakdown
DT-10651,L1,laser,2024-11-19 06:03:00,2024-11-19 07:19:00,waiting for program
DT-10652,H2,hardware,2024-11-19 07:55:00,2024-11-19 09:58:00,PM
DT-10653,B1,press_brake,2024-11-19 15:01:00,2024-11-19 16:26:00,no operator
DT-10654,B2,press_brake,2024-11-19 19:11:00,2024-11-19 22:25:00,breakdown
DT-10655,W1,weld,2024-11-20 09:48:00,2024-11-20 11:17:00,waiting for program
DT-10656,G2,grind_deburr,2024-11-21 06:10:00,2024-11-21 07:29:00,no operator
DT-10657,W3,weld,2024-11-21 08:01:00,2024-11-21 11:24:00,breakdown
DT-10658,R1,robotic_weld,2024-11-21 13:00:00,2024-11-21 14:00:00,no operator
DT-10659,B3,press_brake,2024-11-21 17:45:00,2024-11-21 18:57:00,no operator
DT-10660,PC1,powder_coat,2024-11-22 06:15:00,2024-11-22 06:57:00,breakdown
DT-10661,B2,press_brake,2024-11-22 08:50:00,2024-11-22 09:52:00,breakdown
DT-10662,W2,weld,2024-11-22 09:35:00,2024-11-22 11:55:00,breakdown
DT-10663,G1,grind_deburr,2024-11-22 11:19:00,2024-11-22 14:00:00,breakdown
DT-10664,L1,laser,2024-11-25 10:36:00,2024-11-25 12:16:00,no operator
DT-10665,G2,grind_deburr,2024-11-25 11:15:00,2024-11-25 14:00:00,breakdown
DT-10666,R1,robotic_weld,2024-11-25 13:17:00,2024-11-25 14:00:00,waiting for program
DT-10667,W6,weld,2024-11-26 07:04:00,2024-11-26 08:21:00,breakdown
DT-10668,B4,press_brake,2024-11-26 12:35:00,2024-11-26 14:00:00,breakdown
DT-10669,W6,weld,2024-11-27 07:05:00,2024-11-27 07:59:00,breakdown
DT-10670,P1,punch,2024-11-27 09:30:00,2024-11-27 11:23:00,waiting for program
DT-10671,H1,hardware,2024-11-27 11:37:00,2024-11-27 13:47:00,PM
DT-10672,A2,assembly,2024-11-27 11:52:00,2024-11-27 13:58:00,breakdown
DT-10673,H1,hardware,2024-12-02 11:45:00,2024-12-02 12:16:00,breakdown
DT-10674,H1,hardware,2024-12-03 06:56:00,2024-12-03 09:13:00,breakdown
DT-10675,I2,inspection_pack,2024-12-03 07:16:00,2024-12-03 07:58:00,breakdown
DT-10676,H2,hardware,2024-12-03 10:06:00,2024-12-03 12:23:00,breakdown
DT-10677,W1,weld,2024-12-03 11:14:00,2024-12-03 12:38:00,breakdown
DT-10678,W6,weld,2024-12-04 11:13:00,2024-12-04 14:00:00,breakdown
DT-10679,B4,press_brake,2024-12-04 12:01:00,2024-12-04 13:21:00,no operator
DT-10680,B3,press_brake,2024-12-04 15:45:00,2024-12-04 19:00:00,PM
DT-10681,B3,press_brake,2024-12-04 16:24:00,2024-12-04 18:53:00,PM
DT-10682,W3,weld,2024-12-05 09:52:00,2024-12-05 11:05:00,no operator
DT-10683,P1,punch,2024-12-05 11:34:00,2024-12-05 13:28:00,no operator
DT-10684,I2,inspection_pack,2024-12-05 12:00:00,2024-12-05 14:00:00,PM
DT-10685,PC1,powder_coat,2024-12-05 13:14:00,2024-12-05 14:00:00,no operator
DT-10686,L3,laser,2024-12-05 15:20:00,2024-12-05 17:57:00,breakdown
DT-10687,B3,press_brake,2024-12-05 16:07:00,2024-12-05 18:05:00,breakdown
DT-10688,B4,press_brake,2024-12-05 16:18:00,2024-12-05 18:30:00,no operator
DT-10689,W6,weld,2024-12-06 06:37:00,2024-12-06 09:10:00,PM
DT-10690,I2,inspection_pack,2024-12-06 06:52:00,2024-12-06 10:11:00,PM
DT-10691,G2,grind_deburr,2024-12-06 08:24:00,2024-12-06 11:06:00,PM
DT-10692,B2,press_brake,2024-12-06 15:35:00,2024-12-06 16:51:00,breakdown
DT-10693,B4,press_brake,2024-12-06 16:23:00,2024-12-06 19:18:00,breakdown
DT-10694,PC1,powder_coat,2024-12-09 10:04:00,2024-12-09 11:11:00,waiting for program
DT-10695,L1,laser,2024-12-10 07:56:00,2024-12-10 10:04:00,breakdown
DT-10696,L2,laser,2024-12-10 18:12:00,2024-12-10 19:34:00,no operator
DT-10697,B4,press_brake,2024-12-10 21:31:00,2024-12-10 22:30:00,breakdown
DT-10698,W6,weld,2024-12-11 06:09:00,2024-12-11 09:28:00,PM
DT-10699,P1,punch,2024-12-12 07:05:00,2024-12-12 08:50:00,no operator
DT-10700,B3,press_brake,2024-12-12 07:41:00,2024-12-12 10:38:00,PM
DT-10701,B4,press_brake,2024-12-12 08:35:00,2024-12-12 11:05:00,PM
DT-10702,I1,inspection_pack,2024-12-12 12:14:00,2024-12-12 13:56:00,no operator
DT-10703,L2,laser,2024-12-13 06:07:00,2024-12-13 08:04:00,waiting for program
DT-10704,W6,weld,2024-12-13 06:33:00,2024-12-13 09:29:00,breakdown
DT-10705,I1,inspection_pack,2024-12-13 06:48:00,2024-12-13 10:29:00,breakdown
DT-10706,L1,laser,2024-12-13 09:41:00,2024-12-13 10:55:00,waiting for program
DT-10707,W6,weld,2024-12-13 10:42:00,2024-12-13 13:32:00,PM
DT-10708,W2,weld,2024-12-16 10:01:00,2024-12-16 12:56:00,no operator
DT-10709,G1,grind_deburr,2024-12-16 10:23:00,2024-12-16 13:56:00,PM
DT-10710,W6,weld,2024-12-16 12:40:00,2024-12-16 14:00:00,PM
DT-10711,B4,press_brake,2024-12-16 19:51:00,2024-12-16 22:10:00,breakdown
DT-10712,L2,laser,2024-12-16 20:08:00,2024-12-16 22:29:00,breakdown
DT-10713,I1,inspection_pack,2024-12-17 10:36:00,2024-12-17 14:00:00,PM
DT-10714,H2,hardware,2024-12-17 12:27:00,2024-12-17 13:41:00,no operator
DT-10715,I1,inspection_pack,2024-12-17 12:52:00,2024-12-17 14:00:00,breakdown
DT-10716,B4,press_brake,2024-12-17 14:51:00,2024-12-17 15:34:00,breakdown
DT-10717,B2,press_brake,2024-12-18 15:23:00,2024-12-18 17:58:00,no operator
DT-10718,L2,laser,2024-12-18 16:40:00,2024-12-18 20:26:00,PM
DT-10719,W3,weld,2024-12-19 11:41:00,2024-12-19 12:24:00,waiting for program
DT-10720,W2,weld,2024-12-20 06:29:00,2024-12-20 08:00:00,no operator
DT-10721,W6,weld,2024-12-20 11:31:00,2024-12-20 12:05:00,breakdown
DT-10722,B1,press_brake,2024-12-23 09:07:00,2024-12-23 11:02:00,breakdown
DT-10723,G2,grind_deburr,2024-12-23 10:56:00,2024-12-23 14:00:00,breakdown
DT-10724,I1,inspection_pack,2024-12-23 11:52:00,2024-12-23 14:00:00,PM
DT-10725,R1,robotic_weld,2024-12-23 12:47:00,2024-12-23 13:23:00,waiting for program
DT-10726,A1,assembly,2025-01-03 07:30:00,2025-01-03 08:35:00,breakdown
DT-10727,W3,weld,2025-01-03 08:06:00,2025-01-03 09:17:00,no operator
DT-10728,G2,grind_deburr,2025-01-03 08:46:00,2025-01-03 11:12:00,no operator
DT-10729,L3,laser,2025-01-06 09:29:00,2025-01-06 12:28:00,breakdown
DT-10730,G2,grind_deburr,2025-01-06 09:42:00,2025-01-06 11:34:00,waiting for program
DT-10731,L2,laser,2025-01-06 10:08:00,2025-01-06 12:06:00,waiting for program
DT-10732,W5,weld,2025-01-06 11:21:00,2025-01-06 13:05:00,breakdown
DT-10733,B4,press_brake,2025-01-06 14:32:00,2025-01-06 15:21:00,breakdown
DT-10734,W1,weld,2025-01-07 08:56:00,2025-01-07 10:29:00,no operator
DT-10735,W6,weld,2025-01-07 09:32:00,2025-01-07 11:31:00,no operator
DT-10736,W2,weld,2025-01-07 10:16:00,2025-01-07 13:14:00,PM
DT-10737,B4,press_brake,2025-01-07 12:44:00,2025-01-07 14:00:00,PM
DT-10738,L2,laser,2025-01-07 17:00:00,2025-01-07 20:27:00,PM
DT-10739,B1,press_brake,2025-01-07 21:26:00,2025-01-07 22:30:00,breakdown
DT-10740,B1,press_brake,2025-01-08 06:05:00,2025-01-08 08:52:00,no operator
DT-10741,B2,press_brake,2025-01-08 07:57:00,2025-01-08 09:25:00,breakdown
DT-10742,B1,press_brake,2025-01-08 09:47:00,2025-01-08 13:24:00,PM
DT-10743,W1,weld,2025-01-08 11:48:00,2025-01-08 12:24:00,breakdown
DT-10744,B4,press_brake,2025-01-08 17:12:00,2025-01-08 19:58:00,breakdown
DT-10745,PC1,powder_coat,2025-01-09 07:21:00,2025-01-09 10:35:00,breakdown
DT-10746,L3,laser,2025-01-09 08:36:00,2025-01-09 11:02:00,no operator
DT-10747,L1,laser,2025-01-09 12:38:00,2025-01-09 14:00:00,waiting for program
DT-10748,H1,hardware,2025-01-10 08:04:00,2025-01-10 11:18:00,PM
DT-10749,I1,inspection_pack,2025-01-10 08:34:00,2025-01-10 11:57:00,PM
DT-10750,W2,weld,2025-01-10 08:53:00,2025-01-10 11:01:00,breakdown
DT-10751,B1,press_brake,2025-01-10 09:53:00,2025-01-10 12:03:00,no operator
DT-10752,W1,weld,2025-01-10 11:30:00,2025-01-10 13:19:00,waiting for program
DT-10753,R1,robotic_weld,2025-01-13 10:01:00,2025-01-13 10:44:00,breakdown
DT-10754,B5,press_brake,2025-01-13 10:38:00,2025-01-13 12:51:00,PM
DT-10755,B3,press_brake,2025-01-13 21:41:00,2025-01-13 22:19:00,waiting for program
DT-10756,W2,weld,2025-01-14 10:46:00,2025-01-14 13:52:00,breakdown
DT-10757,A1,assembly,2025-01-14 10:51:00,2025-01-14 12:44:00,no operator
DT-10758,P1,punch,2025-01-14 13:03:00,2025-01-14 14:00:00,breakdown
DT-10759,B4,press_brake,2025-01-14 15:52:00,2025-01-14 17:47:00,breakdown
DT-10760,L2,laser,2025-01-14 18:40:00,2025-01-14 20:40:00,breakdown
DT-10761,G1,grind_deburr,2025-01-15 09:38:00,2025-01-15 11:24:00,breakdown
DT-10762,R1,robotic_weld,2025-01-15 09:57:00,2025-01-15 11:11:00,no operator
DT-10763,W4,weld,2025-01-15 10:26:00,2025-01-15 11:59:00,breakdown
DT-10764,G1,grind_deburr,2025-01-15 11:06:00,2025-01-15 11:56:00,breakdown
DT-10765,B5,press_brake,2025-01-15 12:56:00,2025-01-15 14:00:00,PM
DT-10766,L1,laser,2025-01-16 10:38:00,2025-01-16 11:36:00,breakdown
DT-10767,B4,press_brake,2025-01-16 15:51:00,2025-01-16 18:07:00,no operator
DT-10768,W4,weld,2025-01-17 06:27:00,2025-01-17 09:56:00,breakdown
DT-10769,H1,hardware,2025-01-17 09:34:00,2025-01-17 11:40:00,no operator
DT-10770,B1,press_brake,2025-01-17 19:11:00,2025-01-17 19:45:00,waiting for program
DT-10771,I2,inspection_pack,2025-01-20 06:11:00,2025-01-20 08:36:00,breakdown
DT-10772,I2,inspection_pack,2025-01-20 06:41:00,2025-01-20 09:26:00,PM
DT-10773,B2,press_brake,2025-01-20 08:44:00,2025-01-20 11:18:00,breakdown
DT-10774,W3,weld,2025-01-20 13:15:00,2025-01-20 14:00:00,no operator
DT-10775,B2,press_brake,2025-01-20 21:41:00,2025-01-20 22:24:00,breakdown
DT-10776,L1,laser,2025-01-21 06:34:00,2025-01-21 07:47:00,breakdown
DT-10777,P1,punch,2025-01-21 10:20:00,2025-01-21 13:04:00,breakdown
DT-10778,W4,weld,2025-01-21 10:50:00,2025-01-21 13:02:00,breakdown
DT-10779,B1,press_brake,2025-01-21 11:50:00,2025-01-21 14:00:00,breakdown
DT-10780,L3,laser,2025-01-21 17:18:00,2025-01-21 20:11:00,breakdown
DT-10781,G2,grind_deburr,2025-01-22 11:55:00,2025-01-22 14:00:00,breakdown
DT-10782,W6,weld,2025-01-22 12:26:00,2025-01-22 13:55:00,breakdown
DT-10783,I1,inspection_pack,2025-01-22 12:56:00,2025-01-22 14:00:00,PM
DT-10784,W3,weld,2025-01-23 08:46:00,2025-01-23 11:16:00,breakdown
DT-10785,I2,inspection_pack,2025-01-23 12:54:00,2025-01-23 14:00:00,PM
DT-10786,B5,press_brake,2025-01-23 13:21:00,2025-01-23 14:00:00,PM
DT-10787,W4,weld,2025-01-24 07:28:00,2025-01-24 08:44:00,waiting for program
DT-10788,I1,inspection_pack,2025-01-24 08:13:00,2025-01-24 12:06:00,breakdown
DT-10789,L3,laser,2025-01-24 09:55:00,2025-01-24 12:52:00,PM
DT-10790,I2,inspection_pack,2025-01-24 10:29:00,2025-01-24 11:48:00,breakdown
DT-10791,I2,inspection_pack,2025-01-24 11:29:00,2025-01-24 13:43:00,breakdown
DT-10792,G1,grind_deburr,2025-01-24 13:21:00,2025-01-24 14:00:00,breakdown
DT-10793,L1,laser,2025-01-27 08:06:00,2025-01-27 11:50:00,breakdown
DT-10794,A2,assembly,2025-01-27 12:43:00,2025-01-27 14:00:00,PM
DT-10795,W2,weld,2025-01-28 08:03:00,2025-01-28 09:29:00,waiting for program
DT-10796,I2,inspection_pack,2025-01-28 09:56:00,2025-01-28 12:39:00,no operator
DT-10797,A2,assembly,2025-01-28 12:11:00,2025-01-28 14:00:00,no operator
DT-10798,L1,laser,2025-01-29 08:14:00,2025-01-29 10:58:00,breakdown
DT-10799,R1,robotic_weld,2025-01-29 08:32:00,2025-01-29 09:37:00,no operator
DT-10800,I2,inspection_pack,2025-01-29 13:00:00,2025-01-29 14:00:00,PM
DT-10801,B4,press_brake,2025-01-29 15:40:00,2025-01-29 16:47:00,waiting for program
DT-10802,G2,grind_deburr,2025-01-30 06:11:00,2025-01-30 08:33:00,breakdown
DT-10803,B4,press_brake,2025-01-30 09:54:00,2025-01-30 11:09:00,breakdown
DT-10804,R1,robotic_weld,2025-01-31 06:33:00,2025-01-31 07:06:00,waiting for program
DT-10805,L3,laser,2025-01-31 10:59:00,2025-01-31 11:58:00,breakdown
DT-10806,L2,laser,2025-01-31 18:14:00,2025-01-31 20:21:00,breakdown
DT-10807,A2,assembly,2025-02-03 11:24:00,2025-02-03 14:00:00,PM
DT-10808,B3,press_brake,2025-02-03 11:38:00,2025-02-03 14:00:00,PM
DT-10809,A2,assembly,2025-02-03 13:12:00,2025-02-03 14:00:00,no operator
DT-10810,L3,laser,2025-02-03 14:49:00,2025-02-03 15:22:00,breakdown
DT-10811,L2,laser,2025-02-03 17:09:00,2025-02-03 19:25:00,PM
DT-10812,B4,press_brake,2025-02-04 09:06:00,2025-02-04 12:16:00,PM
DT-10813,W5,weld,2025-02-04 10:16:00,2025-02-04 11:25:00,no operator
DT-10814,R1,robotic_weld,2025-02-04 12:09:00,2025-02-04 14:00:00,breakdown
DT-10815,B4,press_brake,2025-02-04 17:27:00,2025-02-04 18:15:00,waiting for program
DT-10816,PC1,powder_coat,2025-02-05 07:13:00,2025-02-05 10:12:00,PM
DT-10817,B4,press_brake,2025-02-05 08:01:00,2025-02-05 09:37:00,waiting for program
DT-10818,B5,press_brake,2025-02-05 08:40:00,2025-02-05 12:04:00,PM
DT-10819,L1,laser,2025-02-06 06:06:00,2025-02-06 06:54:00,waiting for program
DT-10820,G2,grind_deburr,2025-02-07 10:24:00,2025-02-07 12:50:00,no operator
DT-10821,B2,press_brake,2025-02-07 12:07:00,2025-02-07 14:00:00,PM
DT-10822,L3,laser,2025-02-07 21:23:00,2025-02-07 22:30:00,breakdown
DT-10823,B4,press_brake,2025-02-07 21:28:00,2025-02-07 22:30:00,PM
DT-10824,L1,laser,2025-02-10 06:09:00,2025-02-10 08:41:00,breakdown
DT-10825,A1,assembly,2025-02-10 11:20:00,2025-02-10 14:00:00,breakdown
DT-10826,B4,press_brake,2025-02-10 15:20:00,2025-02-10 18:21:00,PM
DT-10827,B4,press_brake,2025-02-10 18:49:00,2025-02-10 19:51:00,breakdown
DT-10828,B4,press_brake,2025-02-10 21:10:00,2025-02-10 22:30:00,PM
DT-10829,I1,inspection_pack,2025-02-11 06:00:00,2025-02-11 07:04:00,breakdown
DT-10830,I2,inspection_pack,2025-02-11 06:56:00,2025-02-11 09:26:00,breakdown
DT-10831,R1,robotic_weld,2025-02-11 06:58:00,2025-02-11 09:36:00,no operator
DT-10832,L2,laser,2025-02-12 07:23:00,2025-02-12 10:22:00,PM
DT-10833,PC1,powder_coat,2025-02-12 07:53:00,2025-02-12 09:46:00,no operator
DT-10834,R1,robotic_weld,2025-02-12 11:39:00,2025-02-12 13:17:00,no operator
DT-10835,L1,laser,2025-02-12 11:45:00,2025-02-12 12:56:00,breakdown
DT-10836,L1,laser,2025-02-13 06:10:00,2025-02-13 06:57:00,waiting for program
DT-10837,W3,weld,2025-02-13 09:06:00,2025-02-13 10:42:00,breakdown
DT-10838,H1,hardware,2025-02-13 09:59:00,2025-02-13 13:10:00,breakdown
DT-10839,R1,robotic_weld,2025-02-13 10:15:00,2025-02-13 12:08:00,breakdown
DT-10840,A1,assembly,2025-02-13 11:18:00,2025-02-13 13:41:00,breakdown
DT-10841,L1,laser,2025-02-13 11:50:00,2025-02-13 13:47:00,breakdown
DT-10842,I2,inspection_pack,2025-02-14 06:02:00,2025-02-14 09:52:00,PM
DT-10843,W4,weld,2025-02-14 07:09:00,2025-02-14 10:41:00,breakdown
DT-10844,W2,weld,2025-02-14 08:29:00,2025-02-14 11:39:00,PM
DT-10845,PC1,powder_coat,2025-02-17 10:44:00,2025-02-17 13:43:00,PM
DT-10846,W1,weld,2025-02-18 11:03:00,2025-02-18 14:00:00,PM
DT-10847,B3,press_brake,2025-02-18 20:06:00,2025-02-18 22:26:00,no operator
DT-10848,B4,press_brake,2025-02-18 21:17:00,2025-02-18 21:58:00,breakdown
DT-10849,W5,weld,2025-02-19 11:39:00,2025-02-19 12:21:00,breakdown
DT-10850,L1,laser,2025-02-19 13:01:00,2025-02-19 14:00:00,breakdown
DT-10851,B1,press_brake,2025-02-19 19:13:00,2025-02-19 20:49:00,breakdown
DT-10852,PC1,powder_coat,2025-02-20 07:28:00,2025-02-20 09:07:00,waiting for program
DT-10853,B5,press_brake,2025-02-20 07:43:00,2025-02-20 09:13:00,no operator
DT-10854,L2,laser,2025-02-20 08:15:00,2025-02-20 09:29:00,no operator
DT-10855,L3,laser,2025-02-20 13:18:00,2025-02-20 14:00:00,PM
DT-10856,B2,press_brake,2025-02-20 16:57:00,2025-02-20 19:33:00,breakdown
DT-10857,L2,laser,2025-02-20 18:14:00,2025-02-20 21:41:00,breakdown
DT-10858,L1,laser,2025-02-21 06:20:00,2025-02-21 10:07:00,breakdown
DT-10859,B5,press_brake,2025-02-21 08:10:00,2025-02-21 10:06:00,no operator
DT-10860,L1,laser,2025-02-21 09:50:00,2025-02-21 10:25:00,breakdown
DT-10861,L2,laser,2025-02-21 21:40:00,2025-02-21 22:30:00,breakdown
DT-10862,A2,assembly,2025-02-24 06:52:00,2025-02-24 10:20:00,PM
DT-10863,B5,press_brake,2025-02-24 11:59:00,2025-02-24 13:54:00,no operator
DT-10864,H2,hardware,2025-02-24 12:51:00,2025-02-24 14:00:00,PM
DT-10865,L3,laser,2025-02-25 14:34:00,2025-02-25 15:05:00,breakdown
DT-10866,G2,grind_deburr,2025-02-26 09:50:00,2025-02-26 13:20:00,breakdown
DT-10867,PC1,powder_coat,2025-02-26 10:58:00,2025-02-26 13:27:00,no operator
DT-10868,W3,weld,2025-02-26 12:11:00,2025-02-26 13:50:00,breakdown
DT-10869,G2,grind_deburr,2025-02-26 12:14:00,2025-02-26 12:51:00,breakdown
DT-10870,B1,press_brake,2025-02-26 18:39:00,2025-02-26 21:04:00,PM
DT-10871,B3,press_brake,2025-02-26 19:24:00,2025-02-26 20:34:00,breakdown
DT-10872,W2,weld,2025-02-27 08:42:00,2025-02-27 09:42:00,waiting for program
DT-10873,I1,inspection_pack,2025-02-27 11:04:00,2025-02-27 13:47:00,no operator
DT-10874,B2,press_brake,2025-02-27 13:16:00,2025-02-27 14:00:00,breakdown
DT-10875,L2,laser,2025-02-27 19:22:00,2025-02-27 21:35:00,PM
DT-10876,L3,laser,2025-02-27 21:17:00,2025-02-27 22:30:00,PM
DT-10877,W4,weld,2025-02-28 07:54:00,2025-02-28 09:52:00,waiting for program
DT-10878,W2,weld,2025-02-28 10:15:00,2025-02-28 11:26:00,waiting for program
DT-10879,L2,laser,2025-02-28 12:36:00,2025-02-28 14:00:00,breakdown
DT-10880,W1,weld,2025-03-03 06:26:00,2025-03-03 08:40:00,no operator
DT-10881,P1,punch,2025-03-03 08:37:00,2025-03-03 10:09:00,breakdown
DT-10882,L1,laser,2025-03-03 09:36:00,2025-03-03 10:14:00,breakdown
DT-10883,B1,press_brake,2025-03-03 20:37:00,2025-03-03 21:19:00,breakdown
DT-10884,B1,press_brake,2025-03-04 12:21:00,2025-03-04 14:00:00,PM
DT-10885,W1,weld,2025-03-04 13:19:00,2025-03-04 13:49:00,waiting for program
DT-10886,L3,laser,2025-03-04 21:32:00,2025-03-04 22:30:00,breakdown
DT-10887,A1,assembly,2025-03-05 08:21:00,2025-03-05 10:33:00,breakdown
DT-10888,B1,press_brake,2025-03-05 08:34:00,2025-03-05 09:44:00,no operator
DT-10889,I1,inspection_pack,2025-03-05 09:12:00,2025-03-05 12:26:00,breakdown
DT-10890,B5,press_brake,2025-03-05 09:32:00,2025-03-05 11:58:00,breakdown
DT-10891,L1,laser,2025-03-05 09:51:00,2025-03-05 13:26:00,PM
DT-10892,W3,weld,2025-03-05 09:54:00,2025-03-05 10:54:00,waiting for program
DT-10893,B2,press_brake,2025-03-06 12:27:00,2025-03-06 13:56:00,breakdown
DT-10894,B3,press_brake,2025-03-07 19:59:00,2025-03-07 22:12:00,breakdown
DT-10895,G2,grind_deburr,2025-03-10 10:53:00,2025-03-10 13:50:00,breakdown
DT-10896,L3,laser,2025-03-10 20:02:00,2025-03-10 22:30:00,breakdown
DT-10897,A2,assembly,2025-03-11 07:39:00,2025-03-11 10:56:00,breakdown
DT-10898,P1,punch,2025-03-11 08:34:00,2025-03-11 09:24:00,breakdown
DT-10899,W1,weld,2025-03-11 08:59:00,2025-03-11 09:42:00,waiting for program
DT-10900,B5,press_brake,2025-03-11 09:37:00,2025-03-11 11:05:00,breakdown
DT-10901,H1,hardware,2025-03-11 11:15:00,2025-03-11 14:00:00,no operator
DT-10902,B2,press_brake,2025-03-11 21:47:00,2025-03-11 22:30:00,breakdown
DT-10903,B2,press_brake,2025-03-12 06:36:00,2025-03-12 07:29:00,breakdown
DT-10904,W1,weld,2025-03-12 09:36:00,2025-03-12 11:45:00,PM
DT-10905,PC1,powder_coat,2025-03-12 11:58:00,2025-03-12 14:00:00,PM
DT-10906,P1,punch,2025-03-12 12:29:00,2025-03-12 14:00:00,breakdown
DT-10907,L3,laser,2025-03-12 17:28:00,2025-03-12 18:16:00,breakdown
DT-10908,P1,punch,2025-03-13 07:33:00,2025-03-13 09:24:00,waiting for program
DT-10909,L2,laser,2025-03-13 11:44:00,2025-03-13 14:00:00,PM
DT-10910,B3,press_brake,2025-03-13 12:47:00,2025-03-13 14:00:00,PM
DT-10911,W5,weld,2025-03-14 13:15:00,2025-03-14 14:00:00,breakdown
DT-10912,B1,press_brake,2025-03-17 12:04:00,2025-03-17 14:00:00,PM
DT-10913,B4,press_brake,2025-03-17 13:18:00,2025-03-17 14:00:00,breakdown
DT-10914,L1,laser,2025-03-18 10:50:00,2025-03-18 11:24:00,breakdown
DT-10915,W3,weld,2025-03-18 13:16:00,2025-03-18 14:00:00,breakdown
DT-10916,W4,weld,2025-03-18 13:30:00,2025-03-18 14:00:00,PM
DT-10917,L2,laser,2025-03-19 10:27:00,2025-03-19 12:05:00,waiting for program
DT-10918,H1,hardware,2025-03-19 12:15:00,2025-03-19 14:00:00,no operator
DT-10919,L2,laser,2025-03-19 21:14:00,2025-03-19 22:30:00,breakdown
DT-10920,H1,hardware,2025-03-20 06:37:00,2025-03-20 09:30:00,breakdown
DT-10921,G1,grind_deburr,2025-03-20 07:05:00,2025-03-20 10:45:00,breakdown
DT-10922,H2,hardware,2025-03-20 08:55:00,2025-03-20 10:53:00,no operator
DT-10923,L1,laser,2025-03-20 09:02:00,2025-03-20 09:56:00,waiting for program
DT-10924,L1,laser,2025-03-20 12:16:00,2025-03-20 14:00:00,breakdown
DT-10925,W6,weld,2025-03-20 12:51:00,2025-03-20 14:00:00,breakdown
DT-10926,B2,press_brake,2025-03-20 18:49:00,2025-03-20 22:13:00,breakdown
DT-10927,W6,weld,2025-03-24 09:42:00,2025-03-24 10:57:00,waiting for program
DT-10928,B4,press_brake,2025-03-24 18:32:00,2025-03-24 19:31:00,waiting for program
DT-10929,PC1,powder_coat,2025-03-25 13:28:00,2025-03-25 14:00:00,no operator
DT-10930,L2,laser,2025-03-25 16:25:00,2025-03-25 18:08:00,waiting for program
DT-10931,L3,laser,2025-03-25 21:57:00,2025-03-25 22:30:00,breakdown
DT-10932,B4,press_brake,2025-03-26 08:51:00,2025-03-26 12:30:00,breakdown
DT-10933,L3,laser,2025-03-26 21:57:00,2025-03-26 22:30:00,breakdown
DT-10934,W6,weld,2025-03-27 09:12:00,2025-03-27 11:44:00,no operator
DT-10935,L3,laser,2025-03-28 07:14:00,2025-03-28 08:24:00,no operator
DT-10936,P1,punch,2025-03-28 07:29:00,2025-03-28 10:52:00,PM
DT-10937,R1,robotic_weld,2025-03-28 07:47:00,2025-03-28 11:28:00,PM
DT-10938,W2,weld,2025-03-31 08:21:00,2025-03-31 11:11:00,no operator
DT-10939,B4,press_brake,2025-03-31 08:24:00,2025-03-31 11:14:00,breakdown
DT-10940,B3,press_brake,2025-03-31 09:34:00,2025-03-31 11:13:00,breakdown
DT-10941,B5,press_brake,2025-03-31 10:47:00,2025-03-31 12:40:00,waiting for program
DT-10942,B2,press_brake,2025-03-31 16:04:00,2025-03-31 16:38:00,waiting for program
DT-10943,B3,press_brake,2025-04-01 06:43:00,2025-04-01 09:33:00,no operator
DT-10944,B1,press_brake,2025-04-01 11:25:00,2025-04-01 14:00:00,breakdown
DT-10945,L2,laser,2025-04-01 11:57:00,2025-04-01 12:35:00,waiting for program
DT-10946,R1,robotic_weld,2025-04-01 12:10:00,2025-04-01 13:25:00,breakdown
DT-10947,L2,laser,2025-04-02 09:08:00,2025-04-02 11:31:00,breakdown
DT-10948,L3,laser,2025-04-03 07:34:00,2025-04-03 10:32:00,breakdown
DT-10949,B2,press_brake,2025-04-03 09:19:00,2025-04-03 11:46:00,breakdown
DT-10950,R1,robotic_weld,2025-04-03 10:14:00,2025-04-03 13:18:00,breakdown
DT-10951,B3,press_brake,2025-04-03 10:21:00,2025-04-03 11:47:00,breakdown
DT-10952,L1,laser,2025-04-04 06:12:00,2025-04-04 07:52:00,no operator
DT-10953,L3,laser,2025-04-04 08:31:00,2025-04-04 10:56:00,PM
DT-10954,PC1,powder_coat,2025-04-04 12:43:00,2025-04-04 13:37:00,breakdown
DT-10955,B4,press_brake,2025-04-04 15:30:00,2025-04-04 16:52:00,breakdown
DT-10956,L2,laser,2025-04-04 18:41:00,2025-04-04 21:14:00,breakdown
DT-10957,L2,laser,2025-04-07 06:46:00,2025-04-07 09:32:00,breakdown
DT-10958,W2,weld,2025-04-07 07:07:00,2025-04-07 08:09:00,no operator
DT-10959,I1,inspection_pack,2025-04-07 07:09:00,2025-04-07 10:23:00,PM
DT-10960,B2,press_brake,2025-04-07 12:14:00,2025-04-07 13:20:00,no operator
DT-10961,B3,press_brake,2025-04-07 17:31:00,2025-04-07 21:20:00,PM
DT-10962,B1,press_brake,2025-04-07 20:12:00,2025-04-07 22:30:00,breakdown
DT-10963,A2,assembly,2025-04-08 06:06:00,2025-04-08 07:48:00,breakdown
DT-10964,L1,laser,2025-04-08 06:21:00,2025-04-08 06:58:00,breakdown
DT-10965,G2,grind_deburr,2025-04-08 08:33:00,2025-04-08 10:25:00,breakdown
DT-10966,L2,laser,2025-04-08 12:41:00,2025-04-08 14:00:00,PM
DT-10967,B2,press_brake,2025-04-08 15:16:00,2025-04-08 17:00:00,breakdown
DT-10968,B1,press_brake,2025-04-08 15:30:00,2025-04-08 16:39:00,no operator
DT-10969,W3,weld,2025-04-09 06:10:00,2025-04-09 08:06:00,breakdown
DT-10970,PC1,powder_coat,2025-04-09 09:03:00,2025-04-09 10:25:00,breakdown
DT-10971,W6,weld,2025-04-09 09:40:00,2025-04-09 12:19:00,PM
DT-10972,I1,inspection_pack,2025-04-09 12:56:00,2025-04-09 13:30:00,breakdown
DT-10973,L3,laser,2025-04-10 17:32:00,2025-04-10 19:15:00,waiting for program
DT-10974,I1,inspection_pack,2025-04-11 08:01:00,2025-04-11 09:22:00,waiting for program
DT-10975,I2,inspection_pack,2025-04-11 08:11:00,2025-04-11 10:40:00,PM
DT-10976,B2,press_brake,2025-04-11 10:10:00,2025-04-11 11:56:00,breakdown
DT-10977,W2,weld,2025-04-11 11:30:00,2025-04-11 13:07:00,breakdown
DT-10978,L1,laser,2025-04-11 12:27:00,2025-04-11 14:00:00,PM
DT-10979,L3,laser,2025-04-11 18:21:00,2025-04-11 21:01:00,breakdown
DT-10980,L2,laser,2025-04-11 18:31:00,2025-04-11 19:59:00,breakdown
DT-10981,A1,assembly,2025-04-14 07:42:00,2025-04-14 08:42:00,breakdown
DT-10982,W2,weld,2025-04-14 09:23:00,2025-04-14 11:06:00,waiting for program
DT-10983,G2,grind_deburr,2025-04-14 09:37:00,2025-04-14 11:49:00,breakdown
DT-10984,W5,weld,2025-04-14 10:23:00,2025-04-14 11:25:00,waiting for program
DT-10985,W6,weld,2025-04-14 13:23:00,2025-04-14 14:00:00,breakdown
DT-10986,W5,weld,2025-04-15 08:00:00,2025-04-15 11:16:00,PM
DT-10987,A2,assembly,2025-04-15 09:39:00,2025-04-15 11:07:00,breakdown
DT-10988,W5,weld,2025-04-15 11:00:00,2025-04-15 11:33:00,breakdown
DT-10989,B1,press_brake,2025-04-15 20:07:00,2025-04-15 21:35:00,waiting for program
DT-10990,H1,hardware,2025-04-16 11:31:00,2025-04-16 13:34:00,PM
DT-10991,B4,press_brake,2025-04-16 12:04:00,2025-04-16 14:00:00,no operator
DT-10992,B4,press_brake,2025-04-16 12:38:00,2025-04-16 14:00:00,PM
DT-10993,H2,hardware,2025-04-17 07:43:00,2025-04-17 08:17:00,waiting for program
DT-10994,W3,weld,2025-04-17 08:10:00,2025-04-17 10:10:00,PM
DT-10995,L3,laser,2025-04-17 08:17:00,2025-04-17 10:03:00,waiting for program
DT-10996,G2,grind_deburr,2025-04-17 10:24:00,2025-04-17 11:57:00,breakdown
DT-10997,B2,press_brake,2025-04-17 12:23:00,2025-04-17 14:00:00,PM
DT-10998,L2,laser,2025-04-17 16:17:00,2025-04-17 20:14:00,breakdown
DT-10999,H1,hardware,2025-04-18 08:29:00,2025-04-18 11:46:00,PM
DT-11000,B5,press_brake,2025-04-18 08:45:00,2025-04-18 09:40:00,breakdown
DT-11001,H1,hardware,2025-04-18 11:32:00,2025-04-18 13:32:00,no operator
DT-11002,L3,laser,2025-04-18 18:46:00,2025-04-18 20:47:00,no operator
DT-11003,B3,press_brake,2025-04-21 08:54:00,2025-04-21 10:59:00,breakdown
DT-11004,R1,robotic_weld,2025-04-21 12:18:00,2025-04-21 14:00:00,breakdown
DT-11005,W2,weld,2025-04-22 06:13:00,2025-04-22 07:55:00,waiting for program
DT-11006,B1,press_brake,2025-04-22 08:35:00,2025-04-22 10:57:00,breakdown
DT-11007,G1,grind_deburr,2025-04-22 09:34:00,2025-04-22 10:29:00,waiting for program
DT-11008,P1,punch,2025-04-22 10:59:00,2025-04-22 13:40:00,no operator
DT-11009,L1,laser,2025-04-23 10:33:00,2025-04-23 12:19:00,waiting for program
DT-11010,L1,laser,2025-04-23 11:35:00,2025-04-23 12:47:00,no operator
DT-11011,L3,laser,2025-04-23 18:08:00,2025-04-23 21:14:00,breakdown
DT-11012,A2,assembly,2025-04-24 06:42:00,2025-04-24 09:15:00,breakdown
DT-11013,L1,laser,2025-04-24 07:34:00,2025-04-24 10:15:00,no operator
DT-11014,B5,press_brake,2025-04-24 09:08:00,2025-04-24 13:02:00,PM
DT-11015,L2,laser,2025-04-24 11:02:00,2025-04-24 14:00:00,breakdown
DT-11016,L2,laser,2025-04-24 15:33:00,2025-04-24 17:48:00,no operator
DT-11017,P1,punch,2025-04-25 10:18:00,2025-04-25 12:46:00,no operator
DT-11018,B1,press_brake,2025-04-28 15:32:00,2025-04-28 18:03:00,PM
DT-11019,B4,press_brake,2025-04-28 15:33:00,2025-04-28 18:42:00,breakdown
DT-11020,W5,weld,2025-04-29 08:47:00,2025-04-29 10:12:00,breakdown
DT-11021,I1,inspection_pack,2025-04-29 09:11:00,2025-04-29 12:26:00,breakdown
DT-11022,B3,press_brake,2025-04-29 16:01:00,2025-04-29 17:34:00,breakdown
DT-11023,B4,press_brake,2025-04-30 07:26:00,2025-04-30 10:27:00,breakdown
DT-11024,I1,inspection_pack,2025-04-30 10:06:00,2025-04-30 12:47:00,PM
DT-11025,PC1,powder_coat,2025-04-30 10:58:00,2025-04-30 12:50:00,breakdown
DT-11026,W4,weld,2025-04-30 11:33:00,2025-04-30 14:00:00,breakdown
DT-11027,B4,press_brake,2025-05-01 06:09:00,2025-05-01 08:15:00,PM
DT-11028,W5,weld,2025-05-01 07:02:00,2025-05-01 07:42:00,breakdown
DT-11029,G2,grind_deburr,2025-05-01 09:49:00,2025-05-01 11:01:00,no operator
DT-11030,H1,hardware,2025-05-01 11:27:00,2025-05-01 14:00:00,no operator
DT-11031,B4,press_brake,2025-05-01 16:10:00,2025-05-01 17:46:00,breakdown
DT-11032,B1,press_brake,2025-05-01 18:22:00,2025-05-01 20:44:00,PM
DT-11033,L3,laser,2025-05-01 18:42:00,2025-05-01 20:06:00,no operator
DT-11034,L2,laser,2025-05-01 19:46:00,2025-05-01 21:25:00,waiting for program
DT-11035,L1,laser,2025-05-02 07:20:00,2025-05-02 09:03:00,breakdown
DT-11036,I2,inspection_pack,2025-05-02 11:30:00,2025-05-02 14:00:00,breakdown
DT-11037,W5,weld,2025-05-02 12:35:00,2025-05-02 14:00:00,waiting for program
DT-11038,W3,weld,2025-05-02 12:44:00,2025-05-02 14:00:00,PM
DT-11039,L2,laser,2025-05-02 21:15:00,2025-05-02 22:30:00,PM
DT-11040,G1,grind_deburr,2025-05-05 06:04:00,2025-05-05 08:38:00,PM
DT-11041,B3,press_brake,2025-05-05 06:23:00,2025-05-05 08:52:00,no operator
DT-11042,B1,press_brake,2025-05-05 14:38:00,2025-05-05 17:21:00,breakdown
DT-11043,W4,weld,2025-05-06 06:44:00,2025-05-06 07:57:00,breakdown
DT-11044,L1,laser,2025-05-07 12:03:00,2025-05-07 14:00:00,breakdown
DT-11045,I1,inspection_pack,2025-05-08 06:13:00,2025-05-08 09:18:00,breakdown
DT-11046,G2,grind_deburr,2025-05-08 06:31:00,2025-05-08 10:24:00,PM
DT-11047,B5,press_brake,2025-05-08 06:55:00,2025-05-08 09:31:00,no operator
DT-11048,R1,robotic_weld,2025-05-08 06:59:00,2025-05-08 09:04:00,PM
DT-11049,W2,weld,2025-05-08 09:06:00,2025-05-08 10:08:00,no operator
DT-11050,W3,weld,2025-05-08 12:52:00,2025-05-08 14:00:00,waiting for program
DT-11051,B1,press_brake,2025-05-08 20:50:00,2025-05-08 22:30:00,PM
DT-11052,L2,laser,2025-05-08 20:53:00,2025-05-08 22:17:00,waiting for program
DT-11053,W5,weld,2025-05-09 11:35:00,2025-05-09 13:24:00,waiting for program
DT-11054,L3,laser,2025-05-09 19:41:00,2025-05-09 22:30:00,PM
DT-11055,B4,press_brake,2025-05-12 11:53:00,2025-05-12 14:00:00,breakdown
DT-11056,L2,laser,2025-05-13 06:02:00,2025-05-13 09:33:00,breakdown
DT-11057,B4,press_brake,2025-05-13 07:55:00,2025-05-13 11:01:00,breakdown
DT-11058,A1,assembly,2025-05-13 10:12:00,2025-05-13 11:24:00,no operator
DT-11059,B2,press_brake,2025-05-13 17:35:00,2025-05-13 19:18:00,no operator
DT-11060,L3,laser,2025-05-13 17:51:00,2025-05-13 21:42:00,breakdown
DT-11061,G2,grind_deburr,2025-05-14 07:29:00,2025-05-14 10:36:00,breakdown
DT-11062,B2,press_brake,2025-05-14 08:34:00,2025-05-14 12:06:00,PM
DT-11063,L3,laser,2025-05-14 13:13:00,2025-05-14 14:00:00,breakdown
DT-11064,P1,punch,2025-05-15 07:18:00,2025-05-15 08:26:00,waiting for program
DT-11065,B2,press_brake,2025-05-15 07:38:00,2025-05-15 10:42:00,PM
DT-11066,L3,laser,2025-05-15 08:50:00,2025-05-15 11:08:00,no operator
DT-11067,A2,assembly,2025-05-15 11:30:00,2025-05-15 12:33:00,breakdown
DT-11068,B5,press_brake,2025-05-15 13:21:00,2025-05-15 14:00:00,PM
DT-11069,L1,laser,2025-05-16 06:03:00,2025-05-16 07:38:00,breakdown
DT-11070,A2,assembly,2025-05-16 07:41:00,2025-05-16 09:47:00,PM
DT-11071,I2,inspection_pack,2025-05-19 11:36:00,2025-05-19 14:00:00,PM
DT-11072,B4,press_brake,2025-05-19 14:58:00,2025-05-19 16:57:00,no operator
DT-11073,B1,press_brake,2025-05-19 18:35:00,2025-05-19 19:48:00,no operator
DT-11074,B2,press_brake,2025-05-20 11:37:00,2025-05-20 13:08:00,breakdown
DT-11075,B2,press_brake,2025-05-20 17:58:00,2025-05-20 19:32:00,no operator
DT-11076,L2,laser,2025-05-21 06:02:00,2025-05-21 07:10:00,waiting for program
DT-11077,L2,laser,2025-05-21 06:17:00,2025-05-21 07:22:00,waiting for program
DT-11078,W1,weld,2025-05-21 08:52:00,2025-05-21 12:10:00,PM
DT-11079,W5,weld,2025-05-21 09:40:00,2025-05-21 12:34:00,PM
DT-11080,B4,press_brake,2025-05-21 20:08:00,2025-05-21 21:51:00,breakdown
DT-11081,L1,laser,2025-05-22 08:05:00,2025-05-22 09:04:00,breakdown
DT-11082,W4,weld,2025-05-22 10:04:00,2025-05-22 13:02:00,breakdown
DT-11083,L3,laser,2025-05-22 16:11:00,2025-05-22 19:56:00,breakdown
DT-11084,B1,press_brake,2025-05-22 18:57:00,2025-05-22 21:59:00,breakdown
DT-11085,B1,press_brake,2025-05-22 19:14:00,2025-05-22 21:32:00,PM
DT-11086,W1,weld,2025-05-23 07:08:00,2025-05-23 10:50:00,breakdown
DT-11087,B1,press_brake,2025-05-23 11:33:00,2025-05-23 12:42:00,waiting for program
DT-11088,B2,press_brake,2025-05-23 11:59:00,2025-05-23 14:00:00,PM
DT-11089,B4,press_brake,2025-05-23 14:55:00,2025-05-23 16:01:00,breakdown
DT-11090,B1,press_brake,2025-05-23 20:28:00,2025-05-23 22:14:00,breakdown
DT-11091,I2,inspection_pack,2025-05-27 06:39:00,2025-05-27 08:33:00,breakdown
DT-11092,B1,press_brake,2025-05-27 07:02:00,2025-05-27 10:00:00,breakdown
DT-11093,W2,weld,2025-05-27 11:40:00,2025-05-27 13:20:00,breakdown
DT-11094,G2,grind_deburr,2025-05-27 13:08:00,2025-05-27 14:00:00,breakdown
DT-11095,B5,press_brake,2025-05-27 13:15:00,2025-05-27 13:52:00,breakdown
DT-11096,B3,press_brake,2025-05-27 20:41:00,2025-05-27 21:19:00,waiting for program
DT-11097,W5,weld,2025-05-28 09:12:00,2025-05-28 12:42:00,PM
DT-11098,B2,press_brake,2025-05-28 11:30:00,2025-05-28 14:00:00,PM
DT-11099,B1,press_brake,2025-05-29 08:59:00,2025-05-29 11:30:00,PM
DT-11100,B3,press_brake,2025-05-29 11:54:00,2025-05-29 14:00:00,breakdown
DT-11101,L3,laser,2025-05-29 15:16:00,2025-05-29 15:59:00,breakdown
DT-11102,H1,hardware,2025-05-30 08:33:00,2025-05-30 11:30:00,no operator
DT-11103,L1,laser,2025-05-30 10:15:00,2025-05-30 12:30:00,PM
DT-11104,W1,weld,2025-06-02 08:02:00,2025-06-02 10:21:00,breakdown
DT-11105,B4,press_brake,2025-06-02 15:07:00,2025-06-02 17:38:00,breakdown
DT-11106,B4,press_brake,2025-06-02 17:05:00,2025-06-02 18:07:00,breakdown
DT-11107,I1,inspection_pack,2025-06-03 06:59:00,2025-06-03 10:50:00,breakdown
DT-11108,W5,weld,2025-06-03 11:50:00,2025-06-03 14:00:00,PM
DT-11109,L2,laser,2025-06-04 11:18:00,2025-06-04 12:12:00,breakdown
DT-11110,W1,weld,2025-06-05 10:05:00,2025-06-05 13:48:00,breakdown
DT-11111,B3,press_brake,2025-06-05 12:21:00,2025-06-05 14:00:00,PM
DT-11112,G2,grind_deburr,2025-06-05 12:53:00,2025-06-05 14:00:00,breakdown
DT-11113,L1,laser,2025-06-06 11:43:00,2025-06-06 12:29:00,breakdown
DT-11114,B4,press_brake,2025-06-09 08:16:00,2025-06-09 12:01:00,breakdown
DT-11115,B1,press_brake,2025-06-09 15:55:00,2025-06-09 16:52:00,breakdown
DT-11116,B3,press_brake,2025-06-10 08:27:00,2025-06-10 10:21:00,breakdown
DT-11117,G1,grind_deburr,2025-06-10 12:14:00,2025-06-10 13:44:00,no operator
DT-11118,P1,punch,2025-06-10 12:45:00,2025-06-10 14:00:00,breakdown
DT-11119,W2,weld,2025-06-11 07:26:00,2025-06-11 09:18:00,waiting for program
DT-11120,B1,press_brake,2025-06-11 09:14:00,2025-06-11 11:37:00,breakdown
DT-11121,A1,assembly,2025-06-11 10:21:00,2025-06-11 11:16:00,waiting for program
DT-11122,L1,laser,2025-06-11 10:43:00,2025-06-11 11:58:00,breakdown
DT-11123,I1,inspection_pack,2025-06-11 11:07:00,2025-06-11 14:00:00,breakdown
DT-11124,W4,weld,2025-06-11 12:06:00,2025-06-11 12:59:00,breakdown
DT-11125,B3,press_brake,2025-06-11 21:34:00,2025-06-11 22:30:00,PM
DT-11126,P1,punch,2025-06-12 07:51:00,2025-06-12 11:27:00,PM
DT-11127,W1,weld,2025-06-12 08:54:00,2025-06-12 12:04:00,breakdown
DT-11128,W3,weld,2025-06-12 10:19:00,2025-06-12 12:52:00,no operator
DT-11129,H1,hardware,2025-06-12 10:21:00,2025-06-12 14:00:00,breakdown
DT-11130,P1,punch,2025-06-12 11:12:00,2025-06-12 14:00:00,breakdown
DT-11131,W3,weld,2025-06-13 07:47:00,2025-06-13 10:06:00,no operator
DT-11132,L1,laser,2025-06-16 08:14:00,2025-06-16 09:24:00,waiting for program
DT-11133,L3,laser,2025-06-16 10:00:00,2025-06-16 13:00:00,PM
DT-11134,H2,hardware,2025-06-17 07:18:00,2025-06-17 11:12:00,PM
DT-11135,W6,weld,2025-06-17 07:26:00,2025-06-17 09:23:00,no operator
DT-11136,W5,weld,2025-06-17 10:30:00,2025-06-17 12:26:00,breakdown
DT-11137,A2,assembly,2025-06-17 11:23:00,2025-06-17 14:00:00,breakdown
DT-11138,L3,laser,2025-06-17 16:11:00,2025-06-17 16:46:00,waiting for program
DT-11139,W5,weld,2025-06-18 07:02:00,2025-06-18 10:14:00,PM
DT-11140,W6,weld,2025-06-18 08:25:00,2025-06-18 09:24:00,breakdown
DT-11141,R1,robotic_weld,2025-06-18 11:03:00,2025-06-18 12:14:00,waiting for program
DT-11142,I2,inspection_pack,2025-06-18 13:19:00,2025-06-18 14:00:00,breakdown
DT-11143,P1,punch,2025-06-19 06:49:00,2025-06-19 10:47:00,PM
DT-11144,R1,robotic_weld,2025-06-19 08:20:00,2025-06-19 09:37:00,waiting for program
DT-11145,L1,laser,2025-06-19 09:33:00,2025-06-19 10:10:00,breakdown
DT-11146,I2,inspection_pack,2025-06-19 10:06:00,2025-06-19 13:06:00,breakdown
DT-11147,B2,press_brake,2025-06-19 21:36:00,2025-06-19 22:30:00,PM
DT-11148,B5,press_brake,2025-06-20 06:04:00,2025-06-20 08:15:00,PM
DT-11149,G2,grind_deburr,2025-06-20 06:12:00,2025-06-20 07:31:00,breakdown
DT-11150,W4,weld,2025-06-20 12:32:00,2025-06-20 13:33:00,breakdown
DT-11151,W2,weld,2025-06-23 06:33:00,2025-06-23 07:13:00,breakdown
DT-11152,H1,hardware,2025-06-23 09:33:00,2025-06-23 12:23:00,no operator
DT-11153,L2,laser,2025-06-23 11:51:00,2025-06-23 14:00:00,PM
DT-11154,R1,robotic_weld,2025-06-24 08:52:00,2025-06-24 09:58:00,no operator
DT-11155,PC1,powder_coat,2025-06-24 10:42:00,2025-06-24 11:52:00,no operator
DT-11156,R1,robotic_weld,2025-06-24 12:36:00,2025-06-24 13:51:00,breakdown
DT-11157,B1,press_brake,2025-06-25 07:37:00,2025-06-25 09:20:00,breakdown
DT-11158,P1,punch,2025-06-25 08:36:00,2025-06-25 10:48:00,breakdown
DT-11159,W3,weld,2025-06-25 09:10:00,2025-06-25 12:50:00,breakdown
DT-11160,B1,press_brake,2025-06-25 11:26:00,2025-06-25 12:14:00,waiting for program
DT-11161,P1,punch,2025-06-25 11:39:00,2025-06-25 12:34:00,breakdown
DT-11162,B4,press_brake,2025-06-25 21:30:00,2025-06-25 22:30:00,PM
DT-11163,A1,assembly,2025-06-26 07:02:00,2025-06-26 08:19:00,breakdown
DT-11164,W1,weld,2025-06-26 07:43:00,2025-06-26 11:30:00,breakdown
DT-11165,A2,assembly,2025-06-26 08:11:00,2025-06-26 11:04:00,breakdown
DT-11166,A1,assembly,2025-06-26 11:38:00,2025-06-26 13:49:00,breakdown
DT-11167,L2,laser,2025-06-26 20:50:00,2025-06-26 21:22:00,waiting for program
DT-11168,H1,hardware,2025-06-27 06:05:00,2025-06-27 07:32:00,no operator
DT-11169,B5,press_brake,2025-06-27 08:02:00,2025-06-27 09:39:00,breakdown
DT-11170,PC1,powder_coat,2025-06-27 09:23:00,2025-06-27 13:03:00,breakdown
DT-11171,PC1,powder_coat,2025-07-01 10:48:00,2025-07-01 13:24:00,PM
DT-11172,B5,press_brake,2025-07-02 06:07:00,2025-07-02 09:31:00,PM
DT-11173,L1,laser,2025-07-02 07:10:00,2025-07-02 07:45:00,breakdown
DT-11174,W2,weld,2025-07-02 11:27:00,2025-07-02 14:00:00,breakdown
DT-11175,B2,press_brake,2025-07-02 12:31:00,2025-07-02 14:00:00,no operator
DT-11176,B2,press_brake,2025-07-02 16:16:00,2025-07-02 17:06:00,breakdown
DT-11177,W3,weld,2025-07-03 07:48:00,2025-07-03 08:42:00,breakdown
DT-11178,L2,laser,2025-07-07 06:33:00,2025-07-07 07:07:00,breakdown
DT-11179,R1,robotic_weld,2025-07-07 09:11:00,2025-07-07 11:41:00,breakdown
DT-11180,PC1,powder_coat,2025-07-07 09:49:00,2025-07-07 10:50:00,breakdown
DT-11181,B5,press_brake,2025-07-07 13:28:00,2025-07-07 14:00:00,breakdown
DT-11182,I2,inspection_pack,2025-07-08 06:55:00,2025-07-08 07:59:00,breakdown
DT-11183,R1,robotic_weld,2025-07-08 08:50:00,2025-07-08 12:49:00,PM
DT-11184,B2,press_brake,2025-07-10 13:10:00,2025-07-10 14:00:00,no operator
DT-11185,L1,laser,2025-07-11 07:59:00,2025-07-11 09:30:00,breakdown
DT-11186,I2,inspection_pack,2025-07-11 08:43:00,2025-07-11 09:25:00,breakdown
DT-11187,I1,inspection_pack,2025-07-11 09:02:00,2025-07-11 11:23:00,PM
DT-11188,W3,weld,2025-07-11 09:38:00,2025-07-11 12:00:00,no operator
DT-11189,W3,weld,2025-07-11 10:30:00,2025-07-11 13:00:00,breakdown
DT-11190,W5,weld,2025-07-14 06:16:00,2025-07-14 09:54:00,breakdown
DT-11191,L2,laser,2025-07-14 06:59:00,2025-07-14 08:19:00,waiting for program
DT-11192,I2,inspection_pack,2025-07-14 07:15:00,2025-07-14 09:36:00,PM
DT-11193,B4,press_brake,2025-07-14 09:29:00,2025-07-14 10:41:00,no operator
DT-11194,W2,weld,2025-07-14 09:52:00,2025-07-14 11:50:00,waiting for program
DT-11195,W5,weld,2025-07-14 10:13:00,2025-07-14 12:11:00,waiting for program
DT-11196,B2,press_brake,2025-07-14 10:24:00,2025-07-14 11:51:00,waiting for program
DT-11197,B1,press_brake,2025-07-14 11:34:00,2025-07-14 14:00:00,PM
DT-11198,B3,press_brake,2025-07-14 15:17:00,2025-07-14 18:49:00,PM
DT-11199,PC1,powder_coat,2025-07-15 06:22:00,2025-07-15 08:00:00,waiting for program
DT-11200,W1,weld,2025-07-16 07:47:00,2025-07-16 10:15:00,no operator
DT-11201,W3,weld,2025-07-16 07:57:00,2025-07-16 11:03:00,breakdown
DT-11202,L2,laser,2025-07-16 10:08:00,2025-07-16 11:40:00,breakdown
DT-11203,L1,laser,2025-07-16 11:05:00,2025-07-16 14:00:00,breakdown
DT-11204,R1,robotic_weld,2025-07-16 11:18:00,2025-07-16 12:18:00,breakdown
DT-11205,L2,laser,2025-07-16 12:02:00,2025-07-16 14:00:00,breakdown
DT-11206,H2,hardware,2025-07-16 12:32:00,2025-07-16 14:00:00,breakdown
DT-11207,L2,laser,2025-07-16 12:52:00,2025-07-16 14:00:00,breakdown
DT-11208,H2,hardware,2025-07-16 13:26:00,2025-07-16 14:00:00,PM
DT-11209,B4,press_brake,2025-07-17 06:56:00,2025-07-17 10:04:00,breakdown
DT-11210,I1,inspection_pack,2025-07-17 07:53:00,2025-07-17 09:43:00,no operator
DT-11211,W5,weld,2025-07-17 12:44:00,2025-07-17 14:00:00,breakdown
DT-11212,I2,inspection_pack,2025-07-18 07:05:00,2025-07-18 07:35:00,breakdown
DT-11213,I2,inspection_pack,2025-07-18 09:16:00,2025-07-18 11:29:00,breakdown
DT-11214,A2,assembly,2025-07-18 09:56:00,2025-07-18 11:15:00,breakdown
DT-11215,W3,weld,2025-07-21 06:54:00,2025-07-21 09:31:00,PM
DT-11216,B2,press_brake,2025-07-21 07:16:00,2025-07-21 10:29:00,breakdown
DT-11217,PC1,powder_coat,2025-07-21 08:35:00,2025-07-21 11:30:00,no operator
DT-11218,B1,press_brake,2025-07-21 14:33:00,2025-07-21 16:02:00,waiting for program
DT-11219,B1,press_brake,2025-07-21 21:50:00,2025-07-21 22:30:00,breakdown
DT-11220,B5,press_brake,2025-07-22 06:11:00,2025-07-22 07:14:00,waiting for program
DT-11221,W4,weld,2025-07-22 07:03:00,2025-07-22 09:03:00,waiting for program
DT-11222,W1,weld,2025-07-22 07:24:00,2025-07-22 10:54:00,PM
DT-11223,H2,hardware,2025-07-22 08:03:00,2025-07-22 10:44:00,no operator
DT-11224,I2,inspection_pack,2025-07-23 07:21:00,2025-07-23 10:51:00,PM
DT-11225,B4,press_brake,2025-07-23 09:21:00,2025-07-23 13:05:00,breakdown
DT-11226,B2,press_brake,2025-07-23 10:15:00,2025-07-23 11:06:00,waiting for program
DT-11227,B2,press_brake,2025-07-23 12:13:00,2025-07-23 13:33:00,waiting for program
DT-11228,W2,weld,2025-07-24 12:34:00,2025-07-24 14:00:00,PM
DT-11229,B2,press_brake,2025-07-24 16:51:00,2025-07-24 17:53:00,waiting for program
DT-11230,W6,weld,2025-07-25 07:44:00,2025-07-25 09:40:00,breakdown
DT-11231,W6,weld,2025-07-25 11:25:00,2025-07-25 13:25:00,PM
DT-11232,B2,press_brake,2025-07-25 19:27:00,2025-07-25 20:22:00,waiting for program
DT-11233,A1,assembly,2025-07-28 07:10:00,2025-07-28 09:31:00,no operator
DT-11234,G2,grind_deburr,2025-07-28 07:22:00,2025-07-28 08:01:00,waiting for program
DT-11235,B1,press_brake,2025-07-28 11:59:00,2025-07-28 14:00:00,breakdown
DT-11236,W4,weld,2025-07-29 09:58:00,2025-07-29 12:59:00,PM
DT-11237,W2,weld,2025-07-29 11:16:00,2025-07-29 14:00:00,breakdown
DT-11238,A1,assembly,2025-07-30 08:19:00,2025-07-30 09:32:00,waiting for program
DT-11239,L3,laser,2025-07-30 09:15:00,2025-07-30 09:59:00,waiting for program
DT-11240,W3,weld,2025-07-31 09:42:00,2025-07-31 11:57:00,breakdown
DT-11241,G1,grind_deburr,2025-07-31 09:58:00,2025-07-31 12:38:00,PM
DT-11242,L1,laser,2025-07-31 12:52:00,2025-07-31 14:00:00,breakdown
DT-11243,W1,weld,2025-08-01 12:24:00,2025-08-01 13:18:00,breakdown
DT-11244,B3,press_brake,2025-08-01 18:34:00,2025-08-01 19:28:00,waiting for program
DT-11245,B2,press_brake,2025-08-04 07:34:00,2025-08-04 08:08:00,breakdown
DT-11246,L1,laser,2025-08-04 09:08:00,2025-08-04 12:36:00,breakdown
DT-11247,G2,grind_deburr,2025-08-04 09:48:00,2025-08-04 11:00:00,breakdown
DT-11248,W2,weld,2025-08-04 10:48:00,2025-08-04 11:25:00,breakdown
DT-11249,W6,weld,2025-08-05 07:41:00,2025-08-05 10:05:00,PM
DT-11250,I2,inspection_pack,2025-08-05 09:08:00,2025-08-05 11:41:00,PM
DT-11251,L1,laser,2025-08-05 09:42:00,2025-08-05 12:28:00,breakdown
DT-11252,B5,press_brake,2025-08-05 13:29:00,2025-08-05 14:00:00,no operator
DT-11253,G2,grind_deburr,2025-08-06 08:25:00,2025-08-06 11:29:00,PM
DT-11254,G2,grind_deburr,2025-08-06 11:11:00,2025-08-06 12:51:00,breakdown
DT-11255,W3,weld,2025-08-06 13:23:00,2025-08-06 14:00:00,breakdown
DT-11256,B2,press_brake,2025-08-06 20:22:00,2025-08-06 21:02:00,waiting for program
DT-11257,L1,laser,2025-08-07 06:04:00,2025-08-07 08:59:00,breakdown
DT-11258,H1,hardware,2025-08-07 07:55:00,2025-08-07 11:28:00,breakdown
DT-11259,B4,press_brake,2025-08-07 09:04:00,2025-08-07 10:31:00,breakdown
DT-11260,B2,press_brake,2025-08-07 09:21:00,2025-08-07 10:53:00,breakdown
DT-11261,PC1,powder_coat,2025-08-07 12:12:00,2025-08-07 13:16:00,breakdown
DT-11262,B3,press_brake,2025-08-07 16:12:00,2025-08-07 17:28:00,no operator
DT-11263,B3,press_brake,2025-08-07 17:10:00,2025-08-07 19:35:00,PM
DT-11264,B3,press_brake,2025-08-07 18:03:00,2025-08-07 21:46:00,PM
DT-11265,R1,robotic_weld,2025-08-08 08:55:00,2025-08-08 10:38:00,breakdown
DT-11266,L3,laser,2025-08-08 08:59:00,2025-08-08 11:28:00,breakdown
DT-11267,H2,hardware,2025-08-08 10:21:00,2025-08-08 13:08:00,breakdown
DT-11268,B4,press_brake,2025-08-12 08:08:00,2025-08-12 10:52:00,PM
DT-11269,L2,laser,2025-08-12 09:55:00,2025-08-12 11:29:00,waiting for program
DT-11270,W5,weld,2025-08-12 10:08:00,2025-08-12 14:00:00,breakdown
DT-11271,L2,laser,2025-08-13 12:41:00,2025-08-13 14:00:00,breakdown
DT-11272,B3,press_brake,2025-08-13 19:18:00,2025-08-13 21:28:00,no operator
DT-11273,L2,laser,2025-08-14 07:45:00,2025-08-14 11:45:00,breakdown
DT-11274,L1,laser,2025-08-14 08:33:00,2025-08-14 09:57:00,breakdown
DT-11275,B1,press_brake,2025-08-14 09:33:00,2025-08-14 10:50:00,no operator
DT-11276,L1,laser,2025-08-14 11:07:00,2025-08-14 12:12:00,breakdown
DT-11277,B3,press_brake,2025-08-14 17:47:00,2025-08-14 18:19:00,waiting for program
DT-11278,R1,robotic_weld,2025-08-15 08:50:00,2025-08-15 11:19:00,breakdown
DT-11279,B1,press_brake,2025-08-15 20:53:00,2025-08-15 22:30:00,breakdown
DT-11280,L2,laser,2025-08-18 06:44:00,2025-08-18 08:12:00,waiting for program
DT-11281,I2,inspection_pack,2025-08-18 09:56:00,2025-08-18 10:40:00,breakdown
DT-11282,L1,laser,2025-08-18 11:26:00,2025-08-18 13:18:00,breakdown
DT-11283,W3,weld,2025-08-18 12:13:00,2025-08-18 14:00:00,breakdown
DT-11284,B3,press_brake,2025-08-19 07:50:00,2025-08-19 11:04:00,breakdown
DT-11285,R1,robotic_weld,2025-08-19 08:59:00,2025-08-19 09:38:00,breakdown
DT-11286,L2,laser,2025-08-19 09:10:00,2025-08-19 12:16:00,PM
DT-11287,W5,weld,2025-08-19 13:12:00,2025-08-19 14:00:00,waiting for program
DT-11288,B3,press_brake,2025-08-19 17:50:00,2025-08-19 21:14:00,PM
DT-11289,B3,press_brake,2025-08-20 07:49:00,2025-08-20 11:17:00,PM
DT-11290,H1,hardware,2025-08-20 08:43:00,2025-08-20 12:31:00,breakdown
DT-11291,W6,weld,2025-08-20 10:22:00,2025-08-20 13:19:00,PM
DT-11292,P1,punch,2025-08-21 06:06:00,2025-08-21 07:46:00,waiting for program
DT-11293,A1,assembly,2025-08-21 08:19:00,2025-08-21 11:05:00,PM
DT-11294,H1,hardware,2025-08-21 12:45:00,2025-08-21 14:00:00,PM
DT-11295,L2,laser,2025-08-21 15:02:00,2025-08-21 15:37:00,breakdown
DT-11296,B1,press_brake,2025-08-21 17:53:00,2025-08-21 19:01:00,waiting for program
DT-11297,L1,laser,2025-08-22 09:17:00,2025-08-22 10:15:00,breakdown
DT-11298,W5,weld,2025-08-25 08:48:00,2025-08-25 10:04:00,waiting for program
DT-11299,B1,press_brake,2025-08-25 15:21:00,2025-08-25 18:04:00,PM
DT-11300,W4,weld,2025-08-26 12:01:00,2025-08-26 14:00:00,breakdown
DT-11301,L2,laser,2025-08-26 12:04:00,2025-08-26 13:42:00,no operator
DT-11302,B2,press_brake,2025-08-26 21:01:00,2025-08-26 22:30:00,PM
DT-11303,G1,grind_deburr,2025-08-27 06:46:00,2025-08-27 08:11:00,breakdown
DT-11304,B5,press_brake,2025-08-27 10:58:00,2025-08-27 13:32:00,PM
DT-11305,B3,press_brake,2025-08-27 11:08:00,2025-08-27 12:51:00,waiting for program
DT-11306,B1,press_brake,2025-08-27 12:18:00,2025-08-27 13:47:00,waiting for program
DT-11307,W3,weld,2025-08-27 12:58:00,2025-08-27 14:00:00,breakdown
DT-11308,W3,weld,2025-08-28 09:59:00,2025-08-28 12:51:00,PM
DT-11309,L3,laser,2025-08-28 13:16:00,2025-08-28 14:00:00,breakdown
DT-11310,B2,press_brake,2025-08-29 06:28:00,2025-08-29 10:08:00,PM
DT-11311,B2,press_brake,2025-08-29 06:59:00,2025-08-29 10:35:00,breakdown
DT-11312,H2,hardware,2025-08-29 08:23:00,2025-08-29 11:09:00,breakdown
DT-11313,B1,press_brake,2025-08-29 17:42:00,2025-08-29 19:36:00,breakdown
DT-11314,W4,weld,2025-09-02 09:38:00,2025-09-02 13:11:00,breakdown
DT-11315,G2,grind_deburr,2025-09-02 10:48:00,2025-09-02 12:04:00,breakdown
DT-11316,A1,assembly,2025-09-02 12:54:00,2025-09-02 14:00:00,PM
DT-11317,B2,press_brake,2025-09-03 10:56:00,2025-09-03 11:59:00,no operator
DT-11318,B3,press_brake,2025-09-03 15:08:00,2025-09-03 16:21:00,no operator
DT-11319,A2,assembly,2025-09-04 08:31:00,2025-09-04 10:12:00,breakdown
DT-11320,I2,inspection_pack,2025-09-05 08:08:00,2025-09-05 10:11:00,breakdown
DT-11321,PC1,powder_coat,2025-09-05 12:04:00,2025-09-05 13:28:00,breakdown
DT-11322,B3,press_brake,2025-09-08 10:52:00,2025-09-08 14:00:00,breakdown
DT-11323,B3,press_brake,2025-09-08 12:27:00,2025-09-08 14:00:00,breakdown
DT-11324,W1,weld,2025-09-08 13:30:00,2025-09-08 14:00:00,no operator
DT-11325,B3,press_brake,2025-09-09 08:00:00,2025-09-09 08:48:00,breakdown
DT-11326,W2,weld,2025-09-09 09:10:00,2025-09-09 11:17:00,breakdown
DT-11327,A2,assembly,2025-09-09 10:37:00,2025-09-09 14:00:00,PM
DT-11328,B2,press_brake,2025-09-09 16:29:00,2025-09-09 19:46:00,PM
DT-11329,L1,laser,2025-09-10 07:02:00,2025-09-10 08:59:00,breakdown
DT-11330,A1,assembly,2025-09-10 07:43:00,2025-09-10 09:01:00,waiting for program
DT-11331,B2,press_brake,2025-09-10 09:35:00,2025-09-10 12:15:00,no operator
DT-11332,L1,laser,2025-09-10 09:52:00,2025-09-10 12:50:00,no operator
DT-11333,G1,grind_deburr,2025-09-11 12:33:00,2025-09-11 14:00:00,no operator
DT-11334,W5,weld,2025-09-12 06:22:00,2025-09-12 06:56:00,waiting for program
DT-11335,PC1,powder_coat,2025-09-12 06:23:00,2025-09-12 07:31:00,waiting for program
DT-11336,W3,weld,2025-09-12 07:28:00,2025-09-12 09:34:00,breakdown
DT-11337,B2,press_brake,2025-09-12 07:43:00,2025-09-12 11:13:00,PM
DT-11338,I1,inspection_pack,2025-09-12 11:22:00,2025-09-12 14:00:00,breakdown
DT-11339,W1,weld,2025-09-15 09:46:00,2025-09-15 12:47:00,PM
DT-11340,H2,hardware,2025-09-15 11:41:00,2025-09-15 14:00:00,breakdown
DT-11341,G2,grind_deburr,2025-09-16 06:22:00,2025-09-16 09:25:00,breakdown
DT-11342,P1,punch,2025-09-16 07:53:00,2025-09-16 10:44:00,PM
DT-11343,B1,press_brake,2025-09-16 10:17:00,2025-09-16 12:12:00,waiting for program
DT-11344,G1,grind_deburr,2025-09-16 10:19:00,2025-09-16 13:54:00,PM
DT-11345,B1,press_brake,2025-09-16 20:47:00,2025-09-16 21:51:00,breakdown
DT-11346,L1,laser,2025-09-17 06:30:00,2025-09-17 07:42:00,breakdown
DT-11347,W4,weld,2025-09-17 07:43:00,2025-09-17 09:35:00,breakdown
DT-11348,A2,assembly,2025-09-17 07:55:00,2025-09-17 11:43:00,PM
DT-11349,B3,press_brake,2025-09-17 10:31:00,2025-09-17 12:18:00,no operator
DT-11350,W6,weld,2025-09-17 11:21:00,2025-09-17 13:48:00,breakdown
DT-11351,P1,punch,2025-09-17 12:09:00,2025-09-17 14:00:00,breakdown
DT-11352,W6,weld,2025-09-18 07:11:00,2025-09-18 08:54:00,waiting for program
DT-11353,L3,laser,2025-09-18 09:02:00,2025-09-18 12:13:00,breakdown
DT-11354,L1,laser,2025-09-19 08:46:00,2025-09-19 09:52:00,no operator
DT-11355,L1,laser,2025-09-19 09:10:00,2025-09-19 11:02:00,no operator
DT-11356,B2,press_brake,2025-09-19 10:32:00,2025-09-19 11:59:00,waiting for program
DT-11357,A2,assembly,2025-09-19 11:10:00,2025-09-19 13:53:00,PM
DT-11358,L1,laser,2025-09-22 06:20:00,2025-09-22 08:14:00,breakdown
DT-11359,B2,press_brake,2025-09-22 07:07:00,2025-09-22 10:01:00,breakdown
DT-11360,I1,inspection_pack,2025-09-22 07:54:00,2025-09-22 11:06:00,PM
DT-11361,A1,assembly,2025-09-22 08:57:00,2025-09-22 12:08:00,breakdown
DT-11362,B4,press_brake,2025-09-22 09:11:00,2025-09-22 10:46:00,breakdown
DT-11363,W6,weld,2025-09-22 09:28:00,2025-09-22 12:57:00,breakdown
DT-11364,W3,weld,2025-09-22 10:58:00,2025-09-22 14:00:00,breakdown
DT-11365,L2,laser,2025-09-23 17:47:00,2025-09-23 21:09:00,breakdown
DT-11366,L1,laser,2025-09-24 07:49:00,2025-09-24 11:35:00,PM
DT-11367,B1,press_brake,2025-09-25 07:39:00,2025-09-25 10:45:00,breakdown
DT-11368,I1,inspection_pack,2025-09-25 11:41:00,2025-09-25 14:00:00,PM
DT-11369,W2,weld,2025-09-25 13:12:00,2025-09-25 14:00:00,PM
DT-11370,B3,press_brake,2025-09-25 20:42:00,2025-09-25 22:30:00,PM
DT-11371,G2,grind_deburr,2025-09-26 07:46:00,2025-09-26 11:40:00,breakdown
DT-11372,R1,robotic_weld,2025-09-26 09:25:00,2025-09-26 10:27:00,breakdown
DT-11373,L3,laser,2025-09-26 10:26:00,2025-09-26 12:59:00,PM
DT-11374,A2,assembly,2025-09-26 11:03:00,2025-09-26 13:19:00,no operator
DT-11375,B2,press_brake,2025-09-26 12:39:00,2025-09-26 14:00:00,waiting for program
DT-11376,A1,assembly,2025-09-29 10:56:00,2025-09-29 11:41:00,waiting for program
DT-11377,A1,assembly,2025-09-30 09:07:00,2025-09-30 11:03:00,breakdown
DT-11378,B1,press_brake,2025-09-30 16:43:00,2025-09-30 17:29:00,waiting for program
DT-11379,B3,press_brake,2025-09-30 18:54:00,2025-09-30 22:30:00,breakdown
DT-11380,W3,weld,2025-10-01 06:31:00,2025-10-01 10:26:00,PM
DT-11381,B1,press_brake,2025-10-01 06:36:00,2025-10-01 10:24:00,breakdown
DT-11382,PC1,powder_coat,2025-10-01 08:25:00,2025-10-01 11:00:00,no operator
DT-11383,L3,laser,2025-10-01 09:40:00,2025-10-01 10:52:00,breakdown
DT-11384,R1,robotic_weld,2025-10-01 10:35:00,2025-10-01 11:42:00,no operator
DT-11385,L3,laser,2025-10-01 15:14:00,2025-10-01 19:07:00,PM
DT-11386,L3,laser,2025-10-02 06:19:00,2025-10-02 10:01:00,breakdown
DT-11387,W5,weld,2025-10-03 09:57:00,2025-10-03 12:46:00,breakdown
DT-11388,L2,laser,2025-10-03 12:46:00,2025-10-03 14:00:00,PM
DT-11389,I2,inspection_pack,2025-10-06 12:12:00,2025-10-06 14:00:00,breakdown
DT-11390,L1,laser,2025-10-06 12:32:00,2025-10-06 14:00:00,PM
DT-11391,B2,press_brake,2025-10-06 16:02:00,2025-10-06 18:25:00,PM
DT-11392,L3,laser,2025-10-06 21:35:00,2025-10-06 22:30:00,breakdown
DT-11393,R1,robotic_weld,2025-10-07 06:42:00,2025-10-07 10:40:00,breakdown
DT-11394,W1,weld,2025-10-07 08:51:00,2025-10-07 11:20:00,breakdown
DT-11395,I2,inspection_pack,2025-10-07 09:40:00,2025-10-07 13:16:00,PM
DT-11396,W3,weld,2025-10-07 12:42:00,2025-10-07 14:00:00,no operator
DT-11397,A2,assembly,2025-10-08 11:15:00,2025-10-08 13:25:00,PM
DT-11398,L2,laser,2025-10-08 12:11:00,2025-10-08 13:37:00,breakdown
DT-11399,L1,laser,2025-10-08 12:27:00,2025-10-08 14:00:00,no operator
DT-11400,P1,punch,2025-10-09 06:05:00,2025-10-09 08:48:00,no operator
DT-11401,A1,assembly,2025-10-09 09:10:00,2025-10-09 12:57:00,breakdown
DT-11402,H1,hardware,2025-10-09 13:30:00,2025-10-09 14:00:00,breakdown
DT-11403,W6,weld,2025-10-10 09:46:00,2025-10-10 11:58:00,no operator
DT-11404,B2,press_brake,2025-10-10 16:59:00,2025-10-10 20:41:00,breakdown
DT-11405,L1,laser,2025-10-13 09:21:00,2025-10-13 12:36:00,PM
DT-11406,A1,assembly,2025-10-13 10:04:00,2025-10-13 13:02:00,breakdown
DT-11407,B2,press_brake,2025-10-13 10:11:00,2025-10-13 11:47:00,breakdown
DT-11408,B4,press_brake,2025-10-13 16:05:00,2025-10-13 17:37:00,breakdown
DT-11409,B5,press_brake,2025-10-14 12:55:00,2025-10-14 13:54:00,breakdown
DT-11410,B3,press_brake,2025-10-14 17:08:00,2025-10-14 18:29:00,waiting for program
DT-11411,I2,inspection_pack,2025-10-15 06:53:00,2025-10-15 10:02:00,PM
DT-11412,B4,press_brake,2025-10-15 08:48:00,2025-10-15 11:52:00,PM
DT-11413,B3,press_brake,2025-10-15 10:11:00,2025-10-15 14:00:00,breakdown
DT-11414,B1,press_brake,2025-10-15 18:07:00,2025-10-15 20:26:00,breakdown
DT-11415,B3,press_brake,2025-10-16 11:22:00,2025-10-16 14:00:00,PM
DT-11416,R1,robotic_weld,2025-10-16 13:02:00,2025-10-16 14:00:00,no operator
DT-11417,W3,weld,2025-10-17 06:23:00,2025-10-17 08:43:00,PM
DT-11418,B3,press_brake,2025-10-17 06:38:00,2025-10-17 09:35:00,breakdown
DT-11419,W2,weld,2025-10-17 06:44:00,2025-10-17 07:21:00,breakdown
DT-11420,W4,weld,2025-10-17 10:02:00,2025-10-17 13:36:00,PM
DT-11421,B3,press_brake,2025-10-17 11:40:00,2025-10-17 12:39:00,breakdown
DT-11422,I1,inspection_pack,2025-10-20 08:30:00,2025-10-20 11:54:00,breakdown
DT-11423,W3,weld,2025-10-22 06:08:00,2025-10-22 08:59:00,no operator
DT-11424,B4,press_brake,2025-10-22 08:29:00,2025-10-22 12:02:00,PM
DT-11425,I2,inspection_pack,2025-10-22 08:37:00,2025-10-22 10:16:00,waiting for program
DT-11426,G2,grind_deburr,2025-10-22 10:19:00,2025-10-22 14:00:00,PM
DT-11427,W2,weld,2025-10-22 11:11:00,2025-10-22 13:58:00,PM
DT-11428,L2,laser,2025-10-23 06:39:00,2025-10-23 07:31:00,breakdown
DT-11429,L1,laser,2025-10-23 08:55:00,2025-10-23 11:59:00,breakdown
DT-11430,H1,hardware,2025-10-24 06:20:00,2025-10-24 07:25:00,breakdown
DT-11431,W4,weld,2025-10-24 10:36:00,2025-10-24 14:00:00,breakdown
DT-11432,A1,assembly,2025-10-24 13:08:00,2025-10-24 14:00:00,breakdown
DT-11433,L1,laser,2025-10-24 13:29:00,2025-10-24 14:00:00,breakdown
DT-11434,W4,weld,2025-10-27 06:11:00,2025-10-27 07:32:00,breakdown
DT-11435,L2,laser,2025-10-27 07:49:00,2025-10-27 08:43:00,breakdown
DT-11436,L2,laser,2025-10-27 19:13:00,2025-10-27 20:46:00,breakdown
DT-11437,B2,press_brake,2025-10-28 07:04:00,2025-10-28 10:11:00,PM
DT-11438,W3,weld,2025-10-28 11:11:00,2025-10-28 14:00:00,PM
DT-11439,A2,assembly,2025-10-28 11:17:00,2025-10-28 12:48:00,waiting for program
DT-11440,B4,press_brake,2025-10-28 15:11:00,2025-10-28 17:51:00,no operator
DT-11441,B3,press_brake,2025-10-29 11:00:00,2025-10-29 12:57:00,breakdown
DT-11442,R1,robotic_weld,2025-10-30 07:23:00,2025-10-30 08:30:00,breakdown
DT-11443,PC1,powder_coat,2025-10-30 09:10:00,2025-10-30 10:47:00,breakdown
DT-11444,W1,weld,2025-10-30 13:20:00,2025-10-30 14:00:00,PM
DT-11445,G1,grind_deburr,2025-10-31 07:37:00,2025-10-31 10:34:00,no operator
DT-11446,G2,grind_deburr,2025-10-31 09:11:00,2025-10-31 09:50:00,waiting for program
DT-11447,B4,press_brake,2025-10-31 15:01:00,2025-10-31 17:01:00,no operator
DT-11448,B4,press_brake,2025-11-03 14:30:00,2025-11-03 15:17:00,breakdown
DT-11449,G2,grind_deburr,2025-11-04 06:52:00,2025-11-04 09:23:00,PM
DT-11450,G1,grind_deburr,2025-11-04 07:02:00,2025-11-04 10:40:00,PM
DT-11451,B4,press_brake,2025-11-04 08:21:00,2025-11-04 10:46:00,PM
DT-11452,I1,inspection_pack,2025-11-04 08:52:00,2025-11-04 11:36:00,breakdown
DT-11453,B3,press_brake,2025-11-04 09:50:00,2025-11-04 11:13:00,waiting for program
DT-11454,B3,press_brake,2025-11-04 12:24:00,2025-11-04 14:00:00,PM
DT-11455,G1,grind_deburr,2025-11-04 12:31:00,2025-11-04 14:00:00,PM
DT-11456,G1,grind_deburr,2025-11-05 07:40:00,2025-11-05 10:10:00,no operator
DT-11457,W6,weld,2025-11-05 09:44:00,2025-11-05 11:55:00,PM
DT-11458,L2,laser,2025-11-05 20:25:00,2025-11-05 22:30:00,breakdown
DT-11459,B3,press_brake,2025-11-06 06:36:00,2025-11-06 08:02:00,breakdown
DT-11460,I2,inspection_pack,2025-11-06 07:57:00,2025-11-06 11:56:00,PM
DT-11461,PC1,powder_coat,2025-11-06 08:31:00,2025-11-06 10:17:00,breakdown
DT-11462,A1,assembly,2025-11-07 07:57:00,2025-11-07 10:23:00,breakdown
DT-11463,W5,weld,2025-11-07 09:29:00,2025-11-07 12:16:00,PM
DT-11464,A2,assembly,2025-11-07 10:02:00,2025-11-07 11:20:00,breakdown
DT-11465,B2,press_brake,2025-11-07 10:05:00,2025-11-07 11:14:00,breakdown
DT-11466,H2,hardware,2025-11-07 11:06:00,2025-11-07 14:00:00,breakdown
DT-11467,B2,press_brake,2025-11-10 06:46:00,2025-11-10 09:47:00,PM
DT-11468,PC1,powder_coat,2025-11-10 07:25:00,2025-11-10 11:03:00,breakdown
DT-11469,B4,press_brake,2025-11-10 08:26:00,2025-11-10 11:26:00,PM
DT-11470,R1,robotic_weld,2025-11-10 13:26:00,2025-11-10 14:00:00,breakdown
DT-11471,W2,weld,2025-11-11 09:25:00,2025-11-11 10:13:00,waiting for program
DT-11472,W1,weld,2025-11-11 10:46:00,2025-11-11 14:00:00,breakdown
DT-11473,H2,hardware,2025-11-11 11:01:00,2025-11-11 14:00:00,PM
DT-11474,W4,weld,2025-11-11 11:33:00,2025-11-11 14:00:00,breakdown
DT-11475,L1,laser,2025-11-11 13:30:00,2025-11-11 14:00:00,breakdown
DT-11476,B1,press_brake,2025-11-11 16:51:00,2025-11-11 20:45:00,breakdown
DT-11477,P1,punch,2025-11-12 06:36:00,2025-11-12 08:55:00,breakdown
DT-11478,I2,inspection_pack,2025-11-12 07:23:00,2025-11-12 08:23:00,breakdown
DT-11479,H2,hardware,2025-11-12 10:43:00,2025-11-12 11:54:00,breakdown
DT-11480,W1,weld,2025-11-12 10:45:00,2025-11-12 14:00:00,breakdown
DT-11481,L1,laser,2025-11-12 10:59:00,2025-11-12 14:00:00,breakdown
DT-11482,P1,punch,2025-11-12 11:10:00,2025-11-12 13:32:00,PM
DT-11483,W6,weld,2025-11-12 12:33:00,2025-11-12 13:41:00,breakdown
DT-11484,W4,weld,2025-11-13 06:42:00,2025-11-13 09:14:00,PM
DT-11485,G1,grind_deburr,2025-11-13 08:19:00,2025-11-13 10:00:00,breakdown
DT-11486,W3,weld,2025-11-14 06:56:00,2025-11-14 08:57:00,breakdown
DT-11487,W4,weld,2025-11-14 07:42:00,2025-11-14 08:20:00,breakdown
DT-11488,G2,grind_deburr,2025-11-14 11:09:00,2025-11-14 11:49:00,waiting for program
DT-11489,B3,press_brake,2025-11-14 14:31:00,2025-11-14 17:14:00,PM
DT-11490,G1,grind_deburr,2025-11-17 06:47:00,2025-11-17 10:43:00,PM
DT-11491,W1,weld,2025-11-17 07:02:00,2025-11-17 08:22:00,no operator
DT-11492,H1,hardware,2025-11-17 10:04:00,2025-11-17 12:22:00,breakdown
DT-11493,G2,grind_deburr,2025-11-17 11:10:00,2025-11-17 13:31:00,PM
DT-11494,G1,grind_deburr,2025-11-18 06:06:00,2025-11-18 09:18:00,breakdown
DT-11495,I2,inspection_pack,2025-11-18 06:28:00,2025-11-18 08:15:00,no operator
DT-11496,W1,weld,2025-11-18 08:02:00,2025-11-18 09:57:00,no operator
DT-11497,L1,laser,2025-11-18 08:22:00,2025-11-18 11:38:00,PM
DT-11498,W4,weld,2025-11-19 06:35:00,2025-11-19 07:06:00,waiting for program
DT-11499,L1,laser,2025-11-19 09:16:00,2025-11-19 11:58:00,breakdown
DT-11500,L1,laser,2025-11-19 12:33:00,2025-11-19 13:25:00,breakdown
DT-11501,P1,punch,2025-11-20 09:06:00,2025-11-20 10:31:00,no operator
DT-11502,B4,press_brake,2025-11-20 18:55:00,2025-11-20 21:54:00,breakdown
DT-11503,L1,laser,2025-11-21 06:52:00,2025-11-21 08:14:00,no operator
DT-11504,W3,weld,2025-11-21 08:02:00,2025-11-21 09:17:00,no operator
DT-11505,W1,weld,2025-11-21 10:42:00,2025-11-21 13:17:00,breakdown
DT-11506,W6,weld,2025-11-21 11:32:00,2025-11-21 14:00:00,breakdown
DT-11507,W3,weld,2025-11-21 11:48:00,2025-11-21 14:00:00,breakdown
DT-11508,G1,grind_deburr,2025-11-24 06:03:00,2025-11-24 08:46:00,breakdown
DT-11509,R1,robotic_weld,2025-11-24 10:47:00,2025-11-24 13:26:00,breakdown
DT-11510,R1,robotic_weld,2025-11-24 12:41:00,2025-11-24 14:00:00,breakdown
DT-11511,I1,inspection_pack,2025-11-25 07:55:00,2025-11-25 11:38:00,PM
DT-11512,L1,laser,2025-11-25 09:06:00,2025-11-25 10:45:00,no operator
DT-11513,B5,press_brake,2025-11-25 11:12:00,2025-11-25 14:00:00,PM
DT-11514,L1,laser,2025-11-25 12:37:00,2025-11-25 14:00:00,breakdown
DT-11515,B2,press_brake,2025-11-26 18:25:00,2025-11-26 22:20:00,breakdown
DT-11516,I1,inspection_pack,2025-12-01 07:42:00,2025-12-01 09:57:00,breakdown
DT-11517,B4,press_brake,2025-12-01 10:17:00,2025-12-01 12:29:00,breakdown
DT-11518,L3,laser,2025-12-01 19:58:00,2025-12-01 22:15:00,no operator
DT-11519,L1,laser,2025-12-02 06:06:00,2025-12-02 10:04:00,breakdown
DT-11520,W2,weld,2025-12-02 07:14:00,2025-12-02 11:06:00,PM
DT-11521,L2,laser,2025-12-02 08:33:00,2025-12-02 10:19:00,breakdown
DT-11522,B1,press_brake,2025-12-02 13:13:00,2025-12-02 14:00:00,breakdown
DT-11523,W5,weld,2025-12-03 06:15:00,2025-12-03 07:56:00,breakdown
DT-11524,I2,inspection_pack,2025-12-03 09:27:00,2025-12-03 11:55:00,PM
DT-11525,L1,laser,2025-12-03 10:57:00,2025-12-03 12:13:00,waiting for program
DT-11526,G2,grind_deburr,2025-12-03 11:11:00,2025-12-03 12:41:00,no operator
DT-11527,L3,laser,2025-12-03 20:19:00,2025-12-03 22:30:00,PM
DT-11528,A2,assembly,2025-12-04 08:12:00,2025-12-04 10:19:00,breakdown
DT-11529,I2,inspection_pack,2025-12-04 09:08:00,2025-12-04 12:12:00,breakdown
DT-11530,W4,weld,2025-12-04 12:03:00,2025-12-04 14:00:00,PM
DT-11531,I1,inspection_pack,2025-12-05 07:13:00,2025-12-05 09:53:00,breakdown
DT-11532,L2,laser,2025-12-05 07:55:00,2025-12-05 08:27:00,breakdown
DT-11533,B1,press_brake,2025-12-05 08:59:00,2025-12-05 12:48:00,breakdown
DT-11534,W4,weld,2025-12-05 09:15:00,2025-12-05 10:48:00,waiting for program
DT-11535,L1,laser,2025-12-05 10:19:00,2025-12-05 11:47:00,breakdown
DT-11536,H1,hardware,2025-12-05 13:04:00,2025-12-05 14:00:00,PM
DT-11537,L2,laser,2025-12-05 19:29:00,2025-12-05 22:30:00,breakdown
DT-11538,L2,laser,2025-12-05 21:46:00,2025-12-05 22:30:00,breakdown
DT-11539,G2,grind_deburr,2025-12-09 07:07:00,2025-12-09 10:16:00,breakdown
DT-11540,W6,weld,2025-12-09 07:57:00,2025-12-09 10:36:00,PM
DT-11541,W3,weld,2025-12-09 08:22:00,2025-12-09 09:29:00,breakdown
DT-11542,W1,weld,2025-12-10 06:57:00,2025-12-10 08:40:00,waiting for program
DT-11543,I2,inspection_pack,2025-12-10 08:41:00,2025-12-10 12:14:00,breakdown
DT-11544,L1,laser,2025-12-10 09:19:00,2025-12-10 11:13:00,waiting for program
DT-11545,L1,laser,2025-12-10 12:33:00,2025-12-10 13:43:00,breakdown
DT-11546,B4,press_brake,2025-12-10 12:44:00,2025-12-10 14:00:00,breakdown
DT-11547,L1,laser,2025-12-10 13:09:00,2025-12-10 14:00:00,PM
DT-11548,A2,assembly,2025-12-11 06:12:00,2025-12-11 07:04:00,waiting for program
DT-11549,W4,weld,2025-12-11 07:05:00,2025-12-11 10:33:00,PM
DT-11550,I1,inspection_pack,2025-12-11 07:22:00,2025-12-11 08:03:00,breakdown
DT-11551,L3,laser,2025-12-11 08:39:00,2025-12-11 11:07:00,breakdown
DT-11552,H1,hardware,2025-12-11 09:43:00,2025-12-11 11:03:00,breakdown
DT-11553,A1,assembly,2025-12-11 10:36:00,2025-12-11 14:00:00,PM
DT-11554,B2,press_brake,2025-12-11 10:57:00,2025-12-11 12:53:00,no operator
DT-11555,L3,laser,2025-12-11 15:27:00,2025-12-11 18:19:00,breakdown
DT-11556,L2,laser,2025-12-11 18:40:00,2025-12-11 22:09:00,PM
DT-11557,L3,laser,2025-12-12 06:36:00,2025-12-12 09:21:00,PM
DT-11558,W1,weld,2025-12-12 07:41:00,2025-12-12 11:30:00,PM
DT-11559,B2,press_brake,2025-12-12 08:41:00,2025-12-12 09:16:00,breakdown
DT-11560,W4,weld,2025-12-12 10:12:00,2025-12-12 13:24:00,PM
DT-11561,W2,weld,2025-12-12 10:27:00,2025-12-12 12:21:00,breakdown
DT-11562,W4,weld,2025-12-12 10:45:00,2025-12-12 12:12:00,breakdown
DT-11563,A2,assembly,2025-12-15 08:46:00,2025-12-15 12:43:00,breakdown
DT-11564,G1,grind_deburr,2025-12-15 10:22:00,2025-12-15 14:00:00,PM
DT-11565,R1,robotic_weld,2025-12-15 10:36:00,2025-12-15 14:00:00,breakdown
DT-11566,B1,press_brake,2025-12-15 15:26:00,2025-12-15 18:49:00,breakdown
DT-11567,B3,press_brake,2025-12-15 21:18:00,2025-12-15 22:30:00,breakdown
DT-11568,I1,inspection_pack,2025-12-16 09:17:00,2025-12-16 13:06:00,breakdown
DT-11569,PC1,powder_coat,2025-12-16 12:22:00,2025-12-16 14:00:00,PM
DT-11570,W6,weld,2025-12-16 12:37:00,2025-12-16 13:56:00,breakdown
DT-11571,B3,press_brake,2025-12-16 12:42:00,2025-12-16 14:00:00,PM
DT-11572,B2,press_brake,2025-12-16 14:41:00,2025-12-16 16:05:00,waiting for program
DT-11573,L3,laser,2025-12-16 16:03:00,2025-12-16 18:39:00,breakdown
DT-11574,L3,laser,2025-12-16 17:56:00,2025-12-16 20:39:00,PM
DT-11575,W4,weld,2025-12-17 06:35:00,2025-12-17 08:59:00,breakdown
DT-11576,B3,press_brake,2025-12-17 06:45:00,2025-12-17 08:35:00,waiting for program
DT-11577,H1,hardware,2025-12-17 07:14:00,2025-12-17 10:08:00,breakdown
DT-11578,PC1,powder_coat,2025-12-17 10:44:00,2025-12-17 13:35:00,PM
DT-11579,B2,press_brake,2025-12-17 16:01:00,2025-12-17 17:24:00,breakdown
DT-11580,G2,grind_deburr,2025-12-18 06:33:00,2025-12-18 09:00:00,breakdown
DT-11581,A1,assembly,2025-12-18 10:03:00,2025-12-18 10:49:00,breakdown
DT-11582,R1,robotic_weld,2025-12-18 10:32:00,2025-12-18 11:18:00,breakdown
DT-11583,H2,hardware,2025-12-18 11:28:00,2025-12-18 12:53:00,no operator
DT-11584,B4,press_brake,2025-12-18 16:58:00,2025-12-18 19:33:00,no operator
DT-11585,B1,press_brake,2025-12-19 07:28:00,2025-12-19 09:55:00,PM
DT-11586,B2,press_brake,2025-12-19 08:39:00,2025-12-19 10:53:00,breakdown
DT-11587,W2,weld,2025-12-19 10:55:00,2025-12-19 12:06:00,no operator
DT-11588,W2,weld,2025-12-19 12:16:00,2025-12-19 14:00:00,no operator
DT-11589,L2,laser,2025-12-19 15:49:00,2025-12-19 17:59:00,PM
DT-11590,I2,inspection_pack,2025-12-22 06:23:00,2025-12-22 07:35:00,breakdown
DT-11591,G1,grind_deburr,2025-12-22 06:37:00,2025-12-22 07:42:00,waiting for program
DT-11592,B2,press_brake,2025-12-22 07:45:00,2025-12-22 09:48:00,breakdown
DT-11593,B3,press_brake,2025-12-22 09:58:00,2025-12-22 11:36:00,breakdown
DT-11594,B1,press_brake,2025-12-22 11:56:00,2025-12-22 14:00:00,PM
DT-11595,L3,laser,2025-12-22 15:49:00,2025-12-22 18:18:00,no operator
DT-11596,W3,weld,2025-12-23 11:47:00,2025-12-23 14:00:00,PM
DT-11597,B1,press_brake,2025-12-23 20:28:00,2025-12-23 22:30:00,breakdown
